updated_at,bim360_account_id,bim360_project_id,id,template_id,layout_uid
2025-06-26 10:15:19.99477,bf996092-8d66-408a-8d8e-5065ca3330c2,967e785d-d83c-490b-8d6a-2ed926c956ac,00b769dc-0f8a-4a4d-96f8-076948813965,,3e81f264-b859-4a12-88a8-647c6b08cac0
2025-04-30 06:42:35.030213,bf996092-8d66-408a-8d8e-5065ca3330c2,967e785d-d83c-490b-8d6a-2ed926c956ac,00c67f22-ec99-4095-8cce-e910cce390ae,,644427ab-1996-401a-9c99-27fca9f640ed
2025-04-30 07:22:49.372331,bf996092-8d66-408a-8d8e-5065ca3330c2,967e785d-d83c-490b-8d6a-2ed926c956ac,015df4e7-1e9d-4b4f-be6b-6a0470974b43,,f5aa1acd-e81c-4b35-b634-f05652434cb6
2025-04-30 06:46:22.750452,bf996092-8d66-408a-8d8e-5065ca3330c2,967e785d-d83c-490b-8d6a-2ed926c956ac,04bccaf9-acac-4a87-9a8a-6ca2376f8e57,,7110c38b-02be-475c-8dc1-801ff202285a
2025-08-05 10:32:00.706285,bf996092-8d66-408a-8d8e-5065ca3330c2,967e785d-d83c-490b-8d6a-2ed926c956ac,053d29e8-def8-4d66-908a-67de5ae1ad45,6666eff2-5c57-4cd2-a1cb-8474337fd6a7,
2025-04-30 07:41:18.805061,bf996092-8d66-408a-8d8e-5065ca3330c2,967e785d-d83c-490b-8d6a-2ed926c956ac,0577cbc0-6d29-4789-b22a-e0ffdecf8e0a,,2ae72d79-9066-4157-94bf-1456414c2b9d
2025-05-08 04:46:41.045527,bf996092-8d66-408a-8d8e-5065ca3330c2,967e785d-d83c-490b-8d6a-2ed926c956ac,05c25713-dafb-4ce4-8b27-476ae1dbc6ba,bc997948-dfe1-40bf-88c3-4c581ed640f7,
2025-05-12 12:05:36.076635,bf996092-8d66-408a-8d8e-5065ca3330c2,967e785d-d83c-490b-8d6a-2ed926c956ac,0676ccee-192f-4468-a4e0-e9145b384e9b,735819f8-0efe-4360-b6d3-55540171698d,
2025-05-16 09:49:08.50473,bf996092-8d66-408a-8d8e-5065ca3330c2,967e785d-d83c-490b-8d6a-2ed926c956ac,0926ccbd-8520-471f-a05b-8d5d6e0145f4,735819f8-0efe-4360-b6d3-55540171698d,
2025-04-30 06:46:14.358741,bf996092-8d66-408a-8d8e-5065ca3330c2,967e785d-d83c-490b-8d6a-2ed926c956ac,0a0204e5-dcf4-407f-98c3-01f19301c141,,2304d675-4500-49dc-b44c-62b239560e93
2025-06-26 10:04:13.209976,bf996092-8d66-408a-8d8e-5065ca3330c2,967e785d-d83c-490b-8d6a-2ed926c956ac,0a45caf4-21c6-4edd-918d-b36bae5865fa,,553ef784-c050-4ad6-8828-5b1ae41cdeb2
2025-08-05 05:11:01.552848,bf996092-8d66-408a-8d8e-5065ca3330c2,967e785d-d83c-490b-8d6a-2ed926c956ac,0a7634ec-0c1a-4921-a086-3298b2f7c231,6666eff2-5c57-4cd2-a1cb-8474337fd6a7,
2025-08-12 15:48:57.325712,bf996092-8d66-408a-8d8e-5065ca3330c2,967e785d-d83c-490b-8d6a-2ed926c956ac,0abd2855-256a-4936-8c7b-42e9abf39a9d,6666eff2-5c57-4cd2-a1cb-8474337fd6a7,
2025-07-19 13:29:36.952288,bf996092-8d66-408a-8d8e-5065ca3330c2,967e785d-d83c-490b-8d6a-2ed926c956ac,0ec9a507-974a-4bdf-8d1f-0add873fe4ea,6666eff2-5c57-4cd2-a1cb-8474337fd6a7,
2025-05-16 07:35:04.97561,bf996092-8d66-408a-8d8e-5065ca3330c2,967e785d-d83c-490b-8d6a-2ed926c956ac,0f8dcc02-dea3-4fc7-ad7e-b531d655a5b9,,aa849998-bfc0-4254-88bc-a70d2976d3bc
2025-05-06 06:24:04.858476,bf996092-8d66-408a-8d8e-5065ca3330c2,967e785d-d83c-490b-8d6a-2ed926c956ac,10bc25d4-9e1d-4768-ac7b-e85ee21275e8,617e087f-bf5a-40e3-9a3c-f0eab279cf3e,
2025-07-03 14:07:08.690184,bf996092-8d66-408a-8d8e-5065ca3330c2,967e785d-d83c-490b-8d6a-2ed926c956ac,11152e0f-d6c8-46d0-9d76-20ddc9d3915f,6666eff2-5c57-4cd2-a1cb-8474337fd6a7,
2025-06-26 10:06:17.073701,bf996092-8d66-408a-8d8e-5065ca3330c2,967e785d-d83c-490b-8d6a-2ed926c956ac,115c7b6f-2d21-4e1e-b6a8-35e896c58441,,c80911e1-1def-4fdf-8fbb-3e9de072fdb0
2025-06-26 14:54:10.577061,bf996092-8d66-408a-8d8e-5065ca3330c2,967e785d-d83c-490b-8d6a-2ed926c956ac,116dc1b0-11bc-4468-871a-36e435e35e39,6997a185-b392-4827-acef-479a9171f42f,
2025-06-04 04:44:41.426713,bf996092-8d66-408a-8d8e-5065ca3330c2,967e785d-d83c-490b-8d6a-2ed926c956ac,1172a23b-5691-4c30-b640-ad4cd74fc91b,0f8dcc02-dea3-4fc7-ad7e-b531d655a5b9,
2025-04-30 07:13:50.602294,bf996092-8d66-408a-8d8e-5065ca3330c2,967e785d-d83c-490b-8d6a-2ed926c956ac,11f9d664-b6a0-4fe4-bdcc-02387e9c0b0f,,64ca2f92-11c9-4996-8ef1-1c20d204e33e
2025-08-23 13:05:10.494803,bf996092-8d66-408a-8d8e-5065ca3330c2,967e785d-d83c-490b-8d6a-2ed926c956ac,12773392-fee5-4bf4-9a3d-bf0c5fc6dd3e,6666eff2-5c57-4cd2-a1cb-8474337fd6a7,
2025-06-18 11:59:07.224352,bf996092-8d66-408a-8d8e-5065ca3330c2,967e785d-d83c-490b-8d6a-2ed926c956ac,12934943-bffc-496b-ac2e-7cd14b79d205,735819f8-0efe-4360-b6d3-55540171698d,
2025-06-26 09:45:45.225085,bf996092-8d66-408a-8d8e-5065ca3330c2,967e785d-d83c-490b-8d6a-2ed926c956ac,13068c86-1e47-4a0b-93cc-ed02ca0ead2f,,ca49374a-80e9-48c2-9bcd-bc75ec2586d3
2025-06-24 17:34:52.866039,bf996092-8d66-408a-8d8e-5065ca3330c2,967e785d-d83c-490b-8d6a-2ed926c956ac,13c93430-eca8-4baf-bc12-4ef1565d7f9a,0f8dcc02-dea3-4fc7-ad7e-b531d655a5b9,
2025-05-13 12:30:28.083986,bf996092-8d66-408a-8d8e-5065ca3330c2,967e785d-d83c-490b-8d6a-2ed926c956ac,14db14a5-4ddf-4a8d-973d-9ea1c7c8f226,29619dc5-36b5-43f3-afc5-83ccc38f2121,
2025-06-16 13:12:09.974468,bf996092-8d66-408a-8d8e-5065ca3330c2,967e785d-d83c-490b-8d6a-2ed926c956ac,15814595-953a-4f0d-8e29-7a2f6f1a0b4d,0f8dcc02-dea3-4fc7-ad7e-b531d655a5b9,
2025-06-03 15:28:06.595728,bf996092-8d66-408a-8d8e-5065ca3330c2,967e785d-d83c-490b-8d6a-2ed926c956ac,15d13c4a-1f04-41ca-87f1-fa7f4c366dbf,735819f8-0efe-4360-b6d3-55540171698d,
2025-05-06 07:33:17.739479,bf996092-8d66-408a-8d8e-5065ca3330c2,967e785d-d83c-490b-8d6a-2ed926c956ac,161c4b8a-53de-4c73-b2e1-1bf3fe998339,ae1c6d9b-6875-4d96-bbc7-6a1209f83278,
2025-05-30 03:33:15.559668,bf996092-8d66-408a-8d8e-5065ca3330c2,967e785d-d83c-490b-8d6a-2ed926c956ac,1763050b-64ff-45d9-9e73-4b518db9eb67,11f9d664-b6a0-4fe4-bdcc-02387e9c0b0f,
2025-08-07 13:30:09.442181,bf996092-8d66-408a-8d8e-5065ca3330c2,967e785d-d83c-490b-8d6a-2ed926c956ac,19e0fa4b-18d7-4ee8-a48c-30dbb8bb752e,6666eff2-5c57-4cd2-a1cb-8474337fd6a7,
2025-06-26 09:04:03.930839,bf996092-8d66-408a-8d8e-5065ca3330c2,967e785d-d83c-490b-8d6a-2ed926c956ac,19efa60c-0061-4b6e-8da5-ba391b25c1a6,,7fec3fed-f6c7-48e9-80fa-8c2a576c0145
2025-06-11 06:14:16.99049,bf996092-8d66-408a-8d8e-5065ca3330c2,967e785d-d83c-490b-8d6a-2ed926c956ac,1a55344c-af7c-4155-a731-022ba9457018,0f8dcc02-dea3-4fc7-ad7e-b531d655a5b9,
2025-06-26 09:15:46.387497,bf996092-8d66-408a-8d8e-5065ca3330c2,967e785d-d83c-490b-8d6a-2ed926c956ac,1b8ab1f3-e060-48a0-96f6-c3f5f5a5fcbc,,493e3f59-f18f-4010-a0a3-4e72a1b41937
2025-05-10 11:00:35.650167,bf996092-8d66-408a-8d8e-5065ca3330c2,967e785d-d83c-490b-8d6a-2ed926c956ac,1d09e310-80ab-4399-8a81-3ea9c096a5b5,bc997948-dfe1-40bf-88c3-4c581ed640f7,
2025-08-18 12:57:28.679924,bf996092-8d66-408a-8d8e-5065ca3330c2,967e785d-d83c-490b-8d6a-2ed926c956ac,1d2494eb-24fe-415f-a943-54d577b8dfbb,6666eff2-5c57-4cd2-a1cb-8474337fd6a7,
2025-05-06 11:23:01.896474,bf996092-8d66-408a-8d8e-5065ca3330c2,967e785d-d83c-490b-8d6a-2ed926c956ac,1d98b842-2a8a-4071-b2e8-4540d20118ae,735819f8-0efe-4360-b6d3-55540171698d,
2025-07-25 06:57:32.054203,bf996092-8d66-408a-8d8e-5065ca3330c2,967e785d-d83c-490b-8d6a-2ed926c956ac,1e6934f8-157c-4c8d-afd6-33826331ad44,6666eff2-5c57-4cd2-a1cb-8474337fd6a7,
2025-06-26 10:21:32.574554,bf996092-8d66-408a-8d8e-5065ca3330c2,967e785d-d83c-490b-8d6a-2ed926c956ac,21a36de6-5f12-46a9-af8d-a887fcdab535,,f6ad430b-83f7-4f27-9328-9e12fc214a4a
2025-04-30 07:46:20.044617,bf996092-8d66-408a-8d8e-5065ca3330c2,967e785d-d83c-490b-8d6a-2ed926c956ac,22032146-b328-4daf-b7ae-14710186aceb,,9ffadb35-876a-48cb-912d-df0c6d624bc1
2025-06-12 14:47:24.007238,bf996092-8d66-408a-8d8e-5065ca3330c2,967e785d-d83c-490b-8d6a-2ed926c956ac,2236a905-f109-4cad-9189-0d9861d20dcd,0f8dcc02-dea3-4fc7-ad7e-b531d655a5b9,
2025-08-20 11:41:27.018876,bf996092-8d66-408a-8d8e-5065ca3330c2,967e785d-d83c-490b-8d6a-2ed926c956ac,2390f803-9fa0-4c51-9d52-e1638f0d338f,6666eff2-5c57-4cd2-a1cb-8474337fd6a7,
2025-06-26 09:30:48.534032,bf996092-8d66-408a-8d8e-5065ca3330c2,967e785d-d83c-490b-8d6a-2ed926c956ac,2482fa7a-d278-4778-b8df-5e4f99022b34,,a88b0a18-b530-4eaf-99d4-bf46492c6ef9
2025-07-14 11:53:38.835194,bf996092-8d66-408a-8d8e-5065ca3330c2,967e785d-d83c-490b-8d6a-2ed926c956ac,248c8b05-3020-43d5-a3e3-eec1c8860175,6666eff2-5c57-4cd2-a1cb-8474337fd6a7,
2025-05-27 08:58:37.368443,bf996092-8d66-408a-8d8e-5065ca3330c2,967e785d-d83c-490b-8d6a-2ed926c956ac,254eef1a-3d91-4eaf-ba36-6cd814d615ff,0f8dcc02-dea3-4fc7-ad7e-b531d655a5b9,
2025-05-23 03:53:36.3276,bf996092-8d66-408a-8d8e-5065ca3330c2,967e785d-d83c-490b-8d6a-2ed926c956ac,25f4402b-a1ea-4392-ade8-48b8a426943d,0f8dcc02-dea3-4fc7-ad7e-b531d655a5b9,
2025-04-30 06:46:21.141294,bf996092-8d66-408a-8d8e-5065ca3330c2,967e785d-d83c-490b-8d6a-2ed926c956ac,264c39be-2436-4ada-96f2-addf011bd0fd,,e0235809-6342-498c-b8c9-18f0f0b83125
2025-06-24 03:38:37.967928,bf996092-8d66-408a-8d8e-5065ca3330c2,967e785d-d83c-490b-8d6a-2ed926c956ac,26778b34-6356-4ff2-9bb4-e1282a5db761,0f8dcc02-dea3-4fc7-ad7e-b531d655a5b9,
2025-04-30 06:45:12.436229,bf996092-8d66-408a-8d8e-5065ca3330c2,967e785d-d83c-490b-8d6a-2ed926c956ac,268b5523-7613-4fd3-8eb7-b90339131ac9,,9e1ddfda-9974-425a-9e9b-f9cf59688257
2025-06-26 09:43:44.082519,bf996092-8d66-408a-8d8e-5065ca3330c2,967e785d-d83c-490b-8d6a-2ed926c956ac,26c03565-e258-4172-a306-95e7210bb740,,a8be962f-2595-4050-a7b0-bfb5ec760d88
2025-06-18 09:29:56.985377,bf996092-8d66-408a-8d8e-5065ca3330c2,967e785d-d83c-490b-8d6a-2ed926c956ac,26cdebf3-8e18-4934-83b3-3f2ee52d0f9e,0f8dcc02-dea3-4fc7-ad7e-b531d655a5b9,
2025-07-04 12:33:08.30015,bf996092-8d66-408a-8d8e-5065ca3330c2,967e785d-d83c-490b-8d6a-2ed926c956ac,27934d60-e499-47f2-bc23-27e0c2af4eac,6666eff2-5c57-4cd2-a1cb-8474337fd6a7,
2025-06-11 14:21:08.23618,bf996092-8d66-408a-8d8e-5065ca3330c2,967e785d-d83c-490b-8d6a-2ed926c956ac,27d1c91f-4c0b-4b37-8810-8bf9652b8385,0f8dcc02-dea3-4fc7-ad7e-b531d655a5b9,
2025-06-26 09:31:31.907386,bf996092-8d66-408a-8d8e-5065ca3330c2,967e785d-d83c-490b-8d6a-2ed926c956ac,28d0545e-0c32-452a-80da-cd785849fa89,,9c28b1c0-a99a-4adb-a713-d8d04109d8d2
2025-06-26 10:00:56.822428,bf996092-8d66-408a-8d8e-5065ca3330c2,967e785d-d83c-490b-8d6a-2ed926c956ac,2953b630-482e-4ab2-933b-1ccdbbf33504,,ae0c962b-f1a7-4f75-9676-7d7a76885483
2025-04-30 07:51:16.273376,bf996092-8d66-408a-8d8e-5065ca3330c2,967e785d-d83c-490b-8d6a-2ed926c956ac,29619dc5-36b5-43f3-afc5-83ccc38f2121,,c2bb15cc-2ac6-47c7-9c2c-e679f5900263
2025-06-26 10:28:24.835725,bf996092-8d66-408a-8d8e-5065ca3330c2,967e785d-d83c-490b-8d6a-2ed926c956ac,29f1a6e7-1641-4b9c-b084-ea3aa9c75c2f,,3b774e3c-29c7-4cdd-8793-9f55982095dc
2025-06-14 05:19:20.641252,bf996092-8d66-408a-8d8e-5065ca3330c2,967e785d-d83c-490b-8d6a-2ed926c956ac,2aa4a619-e389-4848-971f-bef82b39a62f,735819f8-0efe-4360-b6d3-55540171698d,
2025-07-26 10:22:07.573509,bf996092-8d66-408a-8d8e-5065ca3330c2,967e785d-d83c-490b-8d6a-2ed926c956ac,2b945932-56b5-4c42-9905-2c51d58a5115,6666eff2-5c57-4cd2-a1cb-8474337fd6a7,
2025-05-18 09:57:11.921195,bf996092-8d66-408a-8d8e-5065ca3330c2,967e785d-d83c-490b-8d6a-2ed926c956ac,2d827a2e-c419-40a9-b3c7-9ae68d6d02e6,735819f8-0efe-4360-b6d3-55540171698d,
2025-06-26 09:54:13.043716,bf996092-8d66-408a-8d8e-5065ca3330c2,967e785d-d83c-490b-8d6a-2ed926c956ac,2df81f72-c7c9-4352-b1e7-c622a5f36d11,,8b80d034-c197-4a81-9542-bf30a5d62638
2025-04-30 07:23:16.632348,bf996092-8d66-408a-8d8e-5065ca3330c2,967e785d-d83c-490b-8d6a-2ed926c956ac,2e9f75c1-fa7c-4762-b9f3-8d4d4fea4b2d,,06402750-40eb-4911-b94f-fb4f83e08057
2025-08-24 14:35:38.048215,bf996092-8d66-408a-8d8e-5065ca3330c2,967e785d-d83c-490b-8d6a-2ed926c956ac,2ebffce3-2d0b-4975-9538-84b4d1b3b0c1,6666eff2-5c57-4cd2-a1cb-8474337fd6a7,
2025-04-30 06:42:28.446959,bf996092-8d66-408a-8d8e-5065ca3330c2,967e785d-d83c-490b-8d6a-2ed926c956ac,2f03415e-7109-41e9-91ba-df8159ed0753,,db262386-9618-46f3-b1e4-239b3216b57f
2025-05-24 09:03:24.648552,bf996092-8d66-408a-8d8e-5065ca3330c2,967e785d-d83c-490b-8d6a-2ed926c956ac,2f85c1c0-9e1a-4ed2-a87d-69302d80bfad,11f9d664-b6a0-4fe4-bdcc-02387e9c0b0f,
2025-04-30 07:47:44.55694,bf996092-8d66-408a-8d8e-5065ca3330c2,967e785d-d83c-490b-8d6a-2ed926c956ac,308ad239-eb39-4949-b2ac-1b6f7908907e,,8b911902-46df-449e-aaff-a67c4eb2ab52
2025-06-14 11:19:25.330672,bf996092-8d66-408a-8d8e-5065ca3330c2,967e785d-d83c-490b-8d6a-2ed926c956ac,30c6289a-6f90-43d2-8bd7-b531028d8c81,0f8dcc02-dea3-4fc7-ad7e-b531d655a5b9,
2025-04-30 06:42:26.122121,bf996092-8d66-408a-8d8e-5065ca3330c2,967e785d-d83c-490b-8d6a-2ed926c956ac,3103b56b-32c2-4d90-be0e-d1c75faf40ec,,93e16b41-48b7-4605-b91b-bfd5c48eedba
2025-05-20 23:16:58.429029,bf996092-8d66-408a-8d8e-5065ca3330c2,967e785d-d83c-490b-8d6a-2ed926c956ac,3191a54a-9b1e-48f1-9aa1-b8644a8cc233,0f8dcc02-dea3-4fc7-ad7e-b531d655a5b9,
2025-06-26 09:56:27.74229,bf996092-8d66-408a-8d8e-5065ca3330c2,967e785d-d83c-490b-8d6a-2ed926c956ac,31a03cc0-f917-41fb-85ab-b527a2faaad4,,36ab871a-1047-46fe-b237-c4316a330672
2025-07-12 07:21:02.429254,bf996092-8d66-408a-8d8e-5065ca3330c2,967e785d-d83c-490b-8d6a-2ed926c956ac,31c81cc0-165d-49f3-a88c-5be61e4173f9,6666eff2-5c57-4cd2-a1cb-8474337fd6a7,
2025-04-30 06:43:20.945555,bf996092-8d66-408a-8d8e-5065ca3330c2,967e785d-d83c-490b-8d6a-2ed926c956ac,32fa2de0-3774-4ae4-a9c6-bfe7108ab92d,,9ffcfd18-73f9-4cae-bf67-3314384faa67
2025-07-04 05:18:50.692568,bf996092-8d66-408a-8d8e-5065ca3330c2,967e785d-d83c-490b-8d6a-2ed926c956ac,348a0cd2-f7c2-4f26-829d-9a2df6b3caae,6666eff2-5c57-4cd2-a1cb-8474337fd6a7,
2025-06-18 05:20:44.144055,bf996092-8d66-408a-8d8e-5065ca3330c2,967e785d-d83c-490b-8d6a-2ed926c956ac,34b2f8ee-b8f0-4b3d-b4b2-94600adc6a87,0f8dcc02-dea3-4fc7-ad7e-b531d655a5b9,
2025-08-13 13:30:36.02859,bf996092-8d66-408a-8d8e-5065ca3330c2,967e785d-d83c-490b-8d6a-2ed926c956ac,34c05d82-65bb-46c8-9360-be1db17da159,6666eff2-5c57-4cd2-a1cb-8474337fd6a7,
2025-04-30 06:42:27.406283,bf996092-8d66-408a-8d8e-5065ca3330c2,967e785d-d83c-490b-8d6a-2ed926c956ac,350414e6-91f8-40d3-ab9d-ae92c2f1f5c5,,4be45f79-5ff2-471c-9ff7-ea9da2d20e3f
2025-06-26 10:14:11.117701,bf996092-8d66-408a-8d8e-5065ca3330c2,967e785d-d83c-490b-8d6a-2ed926c956ac,36c75f8e-144e-4e0c-b3ad-57c6f12a8be3,,79fc585a-66eb-45ef-aa24-bb2feb4093d7
2025-07-22 12:07:37.724617,bf996092-8d66-408a-8d8e-5065ca3330c2,967e785d-d83c-490b-8d6a-2ed926c956ac,376330bc-8eee-445a-8dbb-d7f3a3058b0a,6666eff2-5c57-4cd2-a1cb-8474337fd6a7,
2025-06-03 11:41:16.145192,bf996092-8d66-408a-8d8e-5065ca3330c2,967e785d-d83c-490b-8d6a-2ed926c956ac,37879acf-d267-4615-8302-b4caece0d3c0,0f8dcc02-dea3-4fc7-ad7e-b531d655a5b9,
2025-06-26 09:33:37.580537,bf996092-8d66-408a-8d8e-5065ca3330c2,967e785d-d83c-490b-8d6a-2ed926c956ac,38000f2b-db10-4745-81b9-7c93f0b25f11,,60ab3dc5-354f-46f1-b42f-04d1ac6ab61b
2025-04-30 07:16:24.346897,bf996092-8d66-408a-8d8e-5065ca3330c2,967e785d-d83c-490b-8d6a-2ed926c956ac,3929d957-ac50-4315-9b4a-242c96a09abe,,89666d95-3ff6-46f3-a1c1-f8221c5898d5
2025-06-26 10:03:23.479621,bf996092-8d66-408a-8d8e-5065ca3330c2,967e785d-d83c-490b-8d6a-2ed926c956ac,39543121-1a10-45d5-ad0d-fcb54f2b7c7e,,acef2234-be01-4e47-86b5-56aebfe7795c
2025-05-20 05:51:07.145012,bf996092-8d66-408a-8d8e-5065ca3330c2,967e785d-d83c-490b-8d6a-2ed926c956ac,3abf2f3f-b465-4889-b8ee-8a00fbd72f0c,11f9d664-b6a0-4fe4-bdcc-02387e9c0b0f,
2025-04-30 06:42:21.312392,bf996092-8d66-408a-8d8e-5065ca3330c2,967e785d-d83c-490b-8d6a-2ed926c956ac,3bdf5c11-be59-426c-8f90-ac8c0d2ffd4c,,8658af66-eb2f-42a1-81b1-5c78b67a21a2
2025-06-08 11:29:58.011983,bf996092-8d66-408a-8d8e-5065ca3330c2,967e785d-d83c-490b-8d6a-2ed926c956ac,3c275df4-82c8-4444-9225-9f2bbd7126dd,0f8dcc02-dea3-4fc7-ad7e-b531d655a5b9,
2025-04-30 07:51:06.007387,bf996092-8d66-408a-8d8e-5065ca3330c2,967e785d-d83c-490b-8d6a-2ed926c956ac,3c38d514-d838-45e1-9e37-f2a099976a3d,,1eb4166f-70a4-4872-bd79-f71f0bd9bdfb
2025-08-27 13:43:43.763077,bf996092-8d66-408a-8d8e-5065ca3330c2,967e785d-d83c-490b-8d6a-2ed926c956ac,3d1bfaf8-9d27-42dc-9d00-a625916edef5,6666eff2-5c57-4cd2-a1cb-8474337fd6a7,
2025-07-24 13:15:47.781238,bf996092-8d66-408a-8d8e-5065ca3330c2,967e785d-d83c-490b-8d6a-2ed926c956ac,3d575358-cfb0-4bbc-a0ca-a8322fbbfccf,6666eff2-5c57-4cd2-a1cb-8474337fd6a7,
2025-04-30 06:42:25.483442,bf996092-8d66-408a-8d8e-5065ca3330c2,967e785d-d83c-490b-8d6a-2ed926c956ac,3d65032d-8172-48d3-b39e-04a7ce6f5a0d,,7334dc4b-7c42-4e64-b8ff-1335b2b28a13
2025-06-26 10:31:51.808194,bf996092-8d66-408a-8d8e-5065ca3330c2,967e785d-d83c-490b-8d6a-2ed926c956ac,3de769e5-748d-42fa-a4d1-7c00efabd0ff,,62781387-ae7e-4e26-8861-719edd3ab652
2025-04-30 06:46:17.793069,bf996092-8d66-408a-8d8e-5065ca3330c2,967e785d-d83c-490b-8d6a-2ed926c956ac,3dfced3c-85c7-4ed8-a626-a054c6b38739,,a5898ba4-3e22-4c60-b119-33bd8e764b58
2025-06-26 09:26:09.093922,bf996092-8d66-408a-8d8e-5065ca3330c2,967e785d-d83c-490b-8d6a-2ed926c956ac,3e59d0f5-f9bb-430e-b9da-b06ce5a57012,,00622b9e-506c-4eb7-b28d-759005fce15a
2025-04-30 06:42:23.436635,bf996092-8d66-408a-8d8e-5065ca3330c2,967e785d-d83c-490b-8d6a-2ed926c956ac,3f1ff911-f0c7-4e9f-ac17-ae5c2c28b5aa,,f7c44884-63c0-4a69-ae83-4b7d1812fa9e
2025-04-30 06:42:29.87843,bf996092-8d66-408a-8d8e-5065ca3330c2,967e785d-d83c-490b-8d6a-2ed926c956ac,40de8950-41c2-4bfc-94d6-5599335e73bd,,208e95c1-51cd-4a2c-ba3d-5932a6b9407b
2025-06-18 12:06:10.055071,bf996092-8d66-408a-8d8e-5065ca3330c2,967e785d-d83c-490b-8d6a-2ed926c956ac,41597325-a541-4dde-8ca9-aaacf396b100,0f8dcc02-dea3-4fc7-ad7e-b531d655a5b9,
2025-04-30 06:42:23.791502,bf996092-8d66-408a-8d8e-5065ca3330c2,967e785d-d83c-490b-8d6a-2ed926c956ac,41739b7a-a576-4118-94b5-f79154169fcd,,a30892b4-e73b-4332-a2a9-d6e867b78f2c
2025-06-11 14:20:57.268258,bf996092-8d66-408a-8d8e-5065ca3330c2,967e785d-d83c-490b-8d6a-2ed926c956ac,41c0765a-7e9e-4633-b22e-1ac07a8d4b20,0f8dcc02-dea3-4fc7-ad7e-b531d655a5b9,
2025-04-30 06:42:31.749476,bf996092-8d66-408a-8d8e-5065ca3330c2,967e785d-d83c-490b-8d6a-2ed926c956ac,4229435c-b2ca-48d8-b828-b92a5e295770,,781837d9-1c0c-4c28-9d2a-18e7666a87a7
2025-06-26 10:02:32.461377,bf996092-8d66-408a-8d8e-5065ca3330c2,967e785d-d83c-490b-8d6a-2ed926c956ac,446d4c3b-ac84-407f-96c3-872decfb25e7,,53097260-e790-433f-8f88-57cd8f883392
2025-06-25 11:51:29.770607,bf996092-8d66-408a-8d8e-5065ca3330c2,967e785d-d83c-490b-8d6a-2ed926c956ac,44f40a76-099f-4c5e-b642-2b29ebd7af32,0f8dcc02-dea3-4fc7-ad7e-b531d655a5b9,
2025-04-30 06:43:21.997423,bf996092-8d66-408a-8d8e-5065ca3330c2,967e785d-d83c-490b-8d6a-2ed926c956ac,45261f92-6506-467e-9690-3a7f5984efbf,,31845bea-32d8-405c-9b73-4fed5f0cc756
2025-05-09 04:02:18.225259,bf996092-8d66-408a-8d8e-5065ca3330c2,967e785d-d83c-490b-8d6a-2ed926c956ac,45e6da6f-6e7e-40c3-b6e3-a3d0ed9676c1,bc997948-dfe1-40bf-88c3-4c581ed640f7,
2025-06-07 13:26:53.498023,bf996092-8d66-408a-8d8e-5065ca3330c2,967e785d-d83c-490b-8d6a-2ed926c956ac,45ee9ddd-ab84-4ea5-bbed-025a64a872c4,0f8dcc02-dea3-4fc7-ad7e-b531d655a5b9,
2025-04-30 07:17:42.364546,bf996092-8d66-408a-8d8e-5065ca3330c2,967e785d-d83c-490b-8d6a-2ed926c956ac,46e541fe-d2a7-4fda-b9ab-62ac4d7d42a6,,a568b5b4-bf35-40a5-90f5-57b28fba9345
2025-04-30 06:46:21.270766,bf996092-8d66-408a-8d8e-5065ca3330c2,967e785d-d83c-490b-8d6a-2ed926c956ac,4701be15-4a93-4e66-b81d-a92ccc3a5491,,bb05402f-6f53-4a96-8afa-4ab1c736c612
2025-05-12 11:54:46.366795,bf996092-8d66-408a-8d8e-5065ca3330c2,967e785d-d83c-490b-8d6a-2ed926c956ac,49443c36-a803-4ad4-ada9-5c46e2159b76,11f9d664-b6a0-4fe4-bdcc-02387e9c0b0f,
2025-04-30 07:19:02.804241,bf996092-8d66-408a-8d8e-5065ca3330c2,967e785d-d83c-490b-8d6a-2ed926c956ac,4b63e814-c5b4-4488-91fe-7c3c4f8951a9,,4df164da-c3f2-46c4-9d37-647d0873b375
2025-04-30 07:18:15.628453,bf996092-8d66-408a-8d8e-5065ca3330c2,967e785d-d83c-490b-8d6a-2ed926c956ac,4c7266b7-72b7-4906-b20f-f35b916f8b5f,,58c8d8aa-a3a0-4e89-ae43-84f7264094cb
2025-05-22 08:16:50.900245,bf996092-8d66-408a-8d8e-5065ca3330c2,967e785d-d83c-490b-8d6a-2ed926c956ac,4d18e9b8-590d-464d-91f6-d322e6b25cc1,0f8dcc02-dea3-4fc7-ad7e-b531d655a5b9,
2025-06-26 09:41:40.443868,bf996092-8d66-408a-8d8e-5065ca3330c2,967e785d-d83c-490b-8d6a-2ed926c956ac,4d7fb14c-90ad-47b1-8877-de99d407751b,,079bbc32-3b72-4d13-9df7-97f524777781
2025-05-08 04:07:39.361741,bf996092-8d66-408a-8d8e-5065ca3330c2,967e785d-d83c-490b-8d6a-2ed926c956ac,4d8ce775-9472-4d0d-aee9-8244b91f7bfe,ae1c6d9b-6875-4d96-bbc7-6a1209f83278,
2025-06-26 10:20:16.996296,bf996092-8d66-408a-8d8e-5065ca3330c2,967e785d-d83c-490b-8d6a-2ed926c956ac,4d9e78b4-b8d8-4226-9898-9af12f3abe95,,38da65a7-a8f7-4f4c-96cb-3dc4d932a149
2025-06-26 09:34:08.982337,bf996092-8d66-408a-8d8e-5065ca3330c2,967e785d-d83c-490b-8d6a-2ed926c956ac,4de281e8-c041-425f-99f5-1e6600afda40,,ccd8fa93-421c-4778-8772-994883908890
2025-05-26 14:06:46.404244,bf996092-8d66-408a-8d8e-5065ca3330c2,967e785d-d83c-490b-8d6a-2ed926c956ac,4e15bac8-660a-441d-9d49-bd2afebe6a43,735819f8-0efe-4360-b6d3-55540171698d,
2025-04-30 06:46:16.838948,bf996092-8d66-408a-8d8e-5065ca3330c2,967e785d-d83c-490b-8d6a-2ed926c956ac,4f13e698-412a-4b25-b9a3-3ce4df55e368,,3b60a080-cdc6-4d89-bdef-8c85e11a39e0
2025-07-18 14:29:16.546378,bf996092-8d66-408a-8d8e-5065ca3330c2,967e785d-d83c-490b-8d6a-2ed926c956ac,4f608375-f3f2-4702-87d1-269773fef981,6997a185-b392-4827-acef-479a9171f42f,
2025-04-30 06:45:11.286887,bf996092-8d66-408a-8d8e-5065ca3330c2,967e785d-d83c-490b-8d6a-2ed926c956ac,50f64913-c46e-40a7-b2bd-6ef97990afba,,6a46333a-157c-41a3-9ef3-ef7799bab737
2025-07-01 12:13:04.811393,bf996092-8d66-408a-8d8e-5065ca3330c2,967e785d-d83c-490b-8d6a-2ed926c956ac,5228d047-ed91-415d-b52c-954fcb481d6d,,0b2a22a3-5397-4263-a76a-45bd440132f6
2025-07-29 08:32:27.015323,bf996092-8d66-408a-8d8e-5065ca3330c2,967e785d-d83c-490b-8d6a-2ed926c956ac,52406b3f-4031-4062-8dfc-d92fa491ec8c,6666eff2-5c57-4cd2-a1cb-8474337fd6a7,
2025-07-01 09:46:52.051694,bf996092-8d66-408a-8d8e-5065ca3330c2,967e785d-d83c-490b-8d6a-2ed926c956ac,53698a02-f890-447b-bebe-df1ddb851d80,,18579867-002c-4e66-9a7f-435964f228a1
2025-04-30 07:20:22.725437,bf996092-8d66-408a-8d8e-5065ca3330c2,967e785d-d83c-490b-8d6a-2ed926c956ac,547b9c03-1812-457f-aa2a-e719cfbe8702,,c933ed2e-569a-4c7c-a54c-d87f109ac24d
2025-04-30 07:41:50.533649,bf996092-8d66-408a-8d8e-5065ca3330c2,967e785d-d83c-490b-8d6a-2ed926c956ac,550dd584-a561-4603-9f5b-7921a31e29b4,,92e92eff-2ad3-4593-87e6-4b7938adfd7b
2025-07-10 13:48:28.025199,bf996092-8d66-408a-8d8e-5065ca3330c2,967e785d-d83c-490b-8d6a-2ed926c956ac,553cc4b0-5e24-4d1c-b1ef-e4f6faceb3cf,6666eff2-5c57-4cd2-a1cb-8474337fd6a7,
2025-05-18 10:27:00.76616,bf996092-8d66-408a-8d8e-5065ca3330c2,967e785d-d83c-490b-8d6a-2ed926c956ac,5546ca34-6e89-4837-8a0f-7c98fa16795a,0f8dcc02-dea3-4fc7-ad7e-b531d655a5b9,
2025-06-26 09:28:17.978785,bf996092-8d66-408a-8d8e-5065ca3330c2,967e785d-d83c-490b-8d6a-2ed926c956ac,55ec33b0-bc03-47ed-8afd-64a04986e24d,,2b026282-852a-437b-a424-37d19ab55957
2025-04-30 06:42:30.509844,bf996092-8d66-408a-8d8e-5065ca3330c2,967e785d-d83c-490b-8d6a-2ed926c956ac,575b378a-01b0-4e58-8de8-ab1cbff6a82b,,3085eea5-66d6-43a3-ae30-1bfb9f3e477c
2025-08-14 06:57:36.739961,bf996092-8d66-408a-8d8e-5065ca3330c2,967e785d-d83c-490b-8d6a-2ed926c956ac,586d9b4c-79fe-481c-ae1e-2bde8d3d21ff,6666eff2-5c57-4cd2-a1cb-8474337fd6a7,
2025-06-16 13:08:38.768821,bf996092-8d66-408a-8d8e-5065ca3330c2,967e785d-d83c-490b-8d6a-2ed926c956ac,589afc17-dacb-4abb-a2cb-8d3f68709b01,0f8dcc02-dea3-4fc7-ad7e-b531d655a5b9,
2025-06-26 09:38:58.513606,bf996092-8d66-408a-8d8e-5065ca3330c2,967e785d-d83c-490b-8d6a-2ed926c956ac,5945556e-82d9-4f79-9197-246b4c60c11f,,23641ee3-6c44-44a1-9623-a0d2367192c8
2025-07-09 03:46:36.054417,bf996092-8d66-408a-8d8e-5065ca3330c2,967e785d-d83c-490b-8d6a-2ed926c956ac,59945540-0615-4fd4-a3fe-be1dbcb47313,6666eff2-5c57-4cd2-a1cb-8474337fd6a7,
2025-05-28 12:44:09.393284,bf996092-8d66-408a-8d8e-5065ca3330c2,967e785d-d83c-490b-8d6a-2ed926c956ac,5a65773c-a7ac-4f14-851f-e34903c114c2,0f8dcc02-dea3-4fc7-ad7e-b531d655a5b9,
2025-06-26 10:00:20.027026,bf996092-8d66-408a-8d8e-5065ca3330c2,967e785d-d83c-490b-8d6a-2ed926c956ac,5a6d34a6-7698-4c5c-b07d-08adfebcb5ed,,d7d8e7d0-0b4a-40dc-9633-eb9fb071ab9d
2025-06-26 09:06:15.275501,bf996092-8d66-408a-8d8e-5065ca3330c2,967e785d-d83c-490b-8d6a-2ed926c956ac,5aa8f83c-c9b5-46fe-9460-740fb1a3203e,,05778b1d-fcb6-4e0e-a72f-33e2649e0eb9
2025-06-06 13:25:32.942467,bf996092-8d66-408a-8d8e-5065ca3330c2,967e785d-d83c-490b-8d6a-2ed926c956ac,5be899cf-12f2-4d8d-a953-8aeafd062358,0f8dcc02-dea3-4fc7-ad7e-b531d655a5b9,
2025-08-21 15:33:30.218921,bf996092-8d66-408a-8d8e-5065ca3330c2,967e785d-d83c-490b-8d6a-2ed926c956ac,5cead0a4-ee4f-4069-8357-5c34cd6de4b0,6666eff2-5c57-4cd2-a1cb-8474337fd6a7,
2025-07-02 10:28:02.364008,bf996092-8d66-408a-8d8e-5065ca3330c2,967e785d-d83c-490b-8d6a-2ed926c956ac,5d7d15fe-51c4-41cd-acfa-e607d098fe4d,6666eff2-5c57-4cd2-a1cb-8474337fd6a7,
2025-04-30 06:42:31.853885,bf996092-8d66-408a-8d8e-5065ca3330c2,967e785d-d83c-490b-8d6a-2ed926c956ac,5e3fdb45-c9c1-4abc-8bb9-a4515b4da31e,,66e48b6e-c31a-4ffe-b0ea-f4ecb11688d2
2025-05-06 07:04:02.09021,bf996092-8d66-408a-8d8e-5065ca3330c2,967e785d-d83c-490b-8d6a-2ed926c956ac,5ee00b70-d522-465a-bc5a-8649d030aa74,d057bfab-348c-4b0b-95cd-0c556e707e3c,
2025-07-07 11:55:47.795744,bf996092-8d66-408a-8d8e-5065ca3330c2,967e785d-d83c-490b-8d6a-2ed926c956ac,5f66f434-7aea-416c-b764-8b0635f01948,6666eff2-5c57-4cd2-a1cb-8474337fd6a7,
2025-06-26 09:34:51.114041,bf996092-8d66-408a-8d8e-5065ca3330c2,967e785d-d83c-490b-8d6a-2ed926c956ac,60ed615a-35bb-4031-91ae-5a5a5ebf8db5,,243ddc52-895a-43ff-b4d2-7aea665d88cb
2025-04-30 07:14:50.810755,bf996092-8d66-408a-8d8e-5065ca3330c2,967e785d-d83c-490b-8d6a-2ed926c956ac,617e087f-bf5a-40e3-9a3c-f0eab279cf3e,,443f8363-6806-46f4-808d-63404da7eb78
2025-04-30 06:46:12.920195,bf996092-8d66-408a-8d8e-5065ca3330c2,967e785d-d83c-490b-8d6a-2ed926c956ac,61ce6df3-c758-4b34-bf5e-eb13613adea0,,2b2021af-65af-4845-a267-e8b2946afaba
2025-08-05 13:37:57.15943,bf996092-8d66-408a-8d8e-5065ca3330c2,967e785d-d83c-490b-8d6a-2ed926c956ac,62505f66-22e5-4cef-bc6e-4f4ceab40a8c,6666eff2-5c57-4cd2-a1cb-8474337fd6a7,
2025-06-21 10:54:17.966635,bf996092-8d66-408a-8d8e-5065ca3330c2,967e785d-d83c-490b-8d6a-2ed926c956ac,638ba474-6ad1-4aca-a793-9796c42bfce3,0f8dcc02-dea3-4fc7-ad7e-b531d655a5b9,
2025-05-06 15:26:17.272089,bf996092-8d66-408a-8d8e-5065ca3330c2,967e785d-d83c-490b-8d6a-2ed926c956ac,6413329c-cb34-4123-a477-47d6189065fb,bc997948-dfe1-40bf-88c3-4c581ed640f7,
2025-06-11 14:20:06.247505,bf996092-8d66-408a-8d8e-5065ca3330c2,967e785d-d83c-490b-8d6a-2ed926c956ac,64148963-e15d-4e78-8835-3e289e78d45a,735819f8-0efe-4360-b6d3-55540171698d,
2025-06-06 12:50:45.144719,bf996092-8d66-408a-8d8e-5065ca3330c2,967e785d-d83c-490b-8d6a-2ed926c956ac,642ac465-035d-4623-85f8-14f16e671f64,0f8dcc02-dea3-4fc7-ad7e-b531d655a5b9,
2025-06-16 13:59:00.188296,bf996092-8d66-408a-8d8e-5065ca3330c2,967e785d-d83c-490b-8d6a-2ed926c956ac,65f0b423-a56c-4cfb-9cb3-3253c7087593,0f8dcc02-dea3-4fc7-ad7e-b531d655a5b9,
2025-06-26 09:19:57.385133,bf996092-8d66-408a-8d8e-5065ca3330c2,967e785d-d83c-490b-8d6a-2ed926c956ac,6666eff2-5c57-4cd2-a1cb-8474337fd6a7,,58e92d26-3989-45ef-b6f9-e72a864a4640
2025-05-31 15:00:04.526452,bf996092-8d66-408a-8d8e-5065ca3330c2,967e785d-d83c-490b-8d6a-2ed926c956ac,675ed91a-08e2-4d35-88e1-fa8dfec03694,0f8dcc02-dea3-4fc7-ad7e-b531d655a5b9,
2025-04-30 06:43:23.457636,bf996092-8d66-408a-8d8e-5065ca3330c2,967e785d-d83c-490b-8d6a-2ed926c956ac,68d821a4-cda0-48ed-a5eb-358cceb16f21,,1a68388e-fede-4998-b768-c6851e9a056b
2025-06-26 10:21:12.064862,bf996092-8d66-408a-8d8e-5065ca3330c2,967e785d-d83c-490b-8d6a-2ed926c956ac,692a400d-efff-4bc3-aa73-6befd9a4e313,,2ec404ad-1b39-4def-ab94-67a86d079313
2025-07-12 13:39:30.51324,bf996092-8d66-408a-8d8e-5065ca3330c2,967e785d-d83c-490b-8d6a-2ed926c956ac,695fd3cb-b580-482a-a0c1-398eaf7b6ac5,6997a185-b392-4827-acef-479a9171f42f,
2025-06-26 10:04:46.134049,bf996092-8d66-408a-8d8e-5065ca3330c2,967e785d-d83c-490b-8d6a-2ed926c956ac,6997a185-b392-4827-acef-479a9171f42f,,96e8b914-7f99-45af-bb68-c08123cd47e1
2025-05-01 09:03:08.152614,bf996092-8d66-408a-8d8e-5065ca3330c2,967e785d-d83c-490b-8d6a-2ed926c956ac,6a812c41-e62e-48b4-8160-3c2f13d2d9ba,,d51f6dfb-c153-4f07-a805-6b2597c8c6a6
2025-08-26 15:20:59.713634,bf996092-8d66-408a-8d8e-5065ca3330c2,967e785d-d83c-490b-8d6a-2ed926c956ac,6b29fa63-b79f-4308-acdb-379b1cee683b,6666eff2-5c57-4cd2-a1cb-8474337fd6a7,
2025-05-13 10:22:20.015968,bf996092-8d66-408a-8d8e-5065ca3330c2,967e785d-d83c-490b-8d6a-2ed926c956ac,6b51b7d6-0fac-493f-8b7a-19de0e5d27e7,bc997948-dfe1-40bf-88c3-4c581ed640f7,
2025-06-06 12:09:16.795546,bf996092-8d66-408a-8d8e-5065ca3330c2,967e785d-d83c-490b-8d6a-2ed926c956ac,6bb052e5-befc-4fac-bfc3-b363ddfe6ff1,0f8dcc02-dea3-4fc7-ad7e-b531d655a5b9,
2025-05-08 08:09:26.190408,bf996092-8d66-408a-8d8e-5065ca3330c2,967e785d-d83c-490b-8d6a-2ed926c956ac,6cd8e924-c3c6-46ca-adec-b6bdf5b059bf,ae1c6d9b-6875-4d96-bbc7-6a1209f83278,
2025-07-02 11:18:18.117115,bf996092-8d66-408a-8d8e-5065ca3330c2,967e785d-d83c-490b-8d6a-2ed926c956ac,6d485d59-ab74-47bb-b7ca-8680626fe899,6997a185-b392-4827-acef-479a9171f42f,
2025-06-26 10:27:30.948459,bf996092-8d66-408a-8d8e-5065ca3330c2,967e785d-d83c-490b-8d6a-2ed926c956ac,6dabafdb-6917-43c5-ad91-0b002746cc46,,42966c59-4685-4a00-ba5e-581dcfcc6e0e
2025-07-02 11:20:53.487452,bf996092-8d66-408a-8d8e-5065ca3330c2,967e785d-d83c-490b-8d6a-2ed926c956ac,6ef0df2e-7819-45a7-8ee0-7b4685b896bb,6666eff2-5c57-4cd2-a1cb-8474337fd6a7,
2025-07-15 13:24:57.08681,bf996092-8d66-408a-8d8e-5065ca3330c2,967e785d-d83c-490b-8d6a-2ed926c956ac,707ebefe-78d6-4913-a6e8-6b22be586da4,6666eff2-5c57-4cd2-a1cb-8474337fd6a7,
2025-04-30 07:11:13.983645,bf996092-8d66-408a-8d8e-5065ca3330c2,967e785d-d83c-490b-8d6a-2ed926c956ac,735819f8-0efe-4360-b6d3-55540171698d,,f076b55e-df87-46dd-a904-de6cc76e0e17
2025-07-25 07:07:28.032957,bf996092-8d66-408a-8d8e-5065ca3330c2,967e785d-d83c-490b-8d6a-2ed926c956ac,73c182a1-0402-46cc-9d0c-7b398a729b6b,6666eff2-5c57-4cd2-a1cb-8474337fd6a7,
2025-04-30 10:03:35.936594,bf996092-8d66-408a-8d8e-5065ca3330c2,967e785d-d83c-490b-8d6a-2ed926c956ac,73c9b1d1-5ef4-426c-86df-aa0d2f4f6673,a533e0ee-70a0-4938-9616-71c40212a40d,
2025-07-06 07:35:32.188599,bf996092-8d66-408a-8d8e-5065ca3330c2,967e785d-d83c-490b-8d6a-2ed926c956ac,753318f6-aa1c-45e1-b4de-effb8553c2ef,6666eff2-5c57-4cd2-a1cb-8474337fd6a7,
2025-04-30 07:52:16.256064,bf996092-8d66-408a-8d8e-5065ca3330c2,967e785d-d83c-490b-8d6a-2ed926c956ac,76cb1aad-2fd9-4d42-ac0c-cef2debf5ec1,,5de5be0e-3625-4588-98e7-cceaad83f9f2
2025-04-30 07:20:46.551765,bf996092-8d66-408a-8d8e-5065ca3330c2,967e785d-d83c-490b-8d6a-2ed926c956ac,7807d863-3d4f-4911-890d-3665d6115c21,,068a9ebe-a3e9-4220-8d1f-ace82357f2cd
2025-07-05 13:39:59.243936,bf996092-8d66-408a-8d8e-5065ca3330c2,967e785d-d83c-490b-8d6a-2ed926c956ac,7865084e-0895-4a3f-b0f6-70a51f2b0f75,6666eff2-5c57-4cd2-a1cb-8474337fd6a7,
2025-04-30 07:53:11.479708,bf996092-8d66-408a-8d8e-5065ca3330c2,967e785d-d83c-490b-8d6a-2ed926c956ac,790580cc-7069-49b8-9df0-d32acfcc9931,,bf8eda88-3d99-43a1-8be9-70df9d98db8f
2025-07-07 11:41:22.982656,bf996092-8d66-408a-8d8e-5065ca3330c2,967e785d-d83c-490b-8d6a-2ed926c956ac,7983d8b5-e8f3-44ad-a59d-56531bef40f7,6666eff2-5c57-4cd2-a1cb-8474337fd6a7,
2025-06-27 11:52:45.497506,bf996092-8d66-408a-8d8e-5065ca3330c2,967e785d-d83c-490b-8d6a-2ed926c956ac,7a957625-421f-4e89-a5b2-d6fbf7bfac85,6666eff2-5c57-4cd2-a1cb-8474337fd6a7,
2025-05-16 17:26:00.143434,bf996092-8d66-408a-8d8e-5065ca3330c2,967e785d-d83c-490b-8d6a-2ed926c956ac,7ad81145-4b11-4e57-8ab9-00090207a8c9,0f8dcc02-dea3-4fc7-ad7e-b531d655a5b9,
2025-06-06 13:44:51.457017,bf996092-8d66-408a-8d8e-5065ca3330c2,967e785d-d83c-490b-8d6a-2ed926c956ac,7bb67131-4857-4f56-971a-de100068a4c3,0f8dcc02-dea3-4fc7-ad7e-b531d655a5b9,
2025-04-30 07:45:21.934811,bf996092-8d66-408a-8d8e-5065ca3330c2,967e785d-d83c-490b-8d6a-2ed926c956ac,7d22b17a-ef3f-47c9-93a0-bc6e1d238db3,,ab8e2b10-e74e-44fd-9c11-1a88aed4bfd5
2025-06-26 09:25:09.419603,bf996092-8d66-408a-8d8e-5065ca3330c2,967e785d-d83c-490b-8d6a-2ed926c956ac,7d49e2d6-4f0c-482c-8c84-3260cb6f49d7,,6a927c30-7b9d-4971-8ccc-e25f8a469f4d
2025-05-16 11:33:09.627621,bf996092-8d66-408a-8d8e-5065ca3330c2,967e785d-d83c-490b-8d6a-2ed926c956ac,7dfa0526-e52a-4bdb-aad8-3061bb53dbf1,0f8dcc02-dea3-4fc7-ad7e-b531d655a5b9,
2025-06-26 10:18:02.764899,bf996092-8d66-408a-8d8e-5065ca3330c2,967e785d-d83c-490b-8d6a-2ed926c956ac,7e02aaed-add8-44ec-a24c-be3d3fd6d800,,627781f4-f2e3-4265-b01e-1b46d64a0357
2025-04-30 06:43:20.981259,bf996092-8d66-408a-8d8e-5065ca3330c2,967e785d-d83c-490b-8d6a-2ed926c956ac,7f012a61-6602-44e0-a44b-65cf5208e3d3,,51a372d3-74c7-4c1b-a87f-0e4c18a089b2
2025-04-30 06:46:16.275975,bf996092-8d66-408a-8d8e-5065ca3330c2,967e785d-d83c-490b-8d6a-2ed926c956ac,7f43073c-5dc9-4e31-ad3e-13ba26ed6d34,,2dbaf98b-5dd1-44c8-a6a0-faab43b34a2d
2025-04-30 07:52:43.310496,bf996092-8d66-408a-8d8e-5065ca3330c2,967e785d-d83c-490b-8d6a-2ed926c956ac,7fa75e5e-b484-4a3d-8ebd-140ef9185988,,96ea3f5d-78ac-4fa4-9fda-3ef404173293
2025-04-30 07:52:32.323157,bf996092-8d66-408a-8d8e-5065ca3330c2,967e785d-d83c-490b-8d6a-2ed926c956ac,7fcc903c-fc5b-45b1-b6ab-30f328208f2a,,60145c58-75cb-4935-905f-8c01fdece3df
2025-06-16 13:59:00.870809,bf996092-8d66-408a-8d8e-5065ca3330c2,967e785d-d83c-490b-8d6a-2ed926c956ac,7fd895fa-7b35-46b2-9d48-7fbd08b784ba,0f8dcc02-dea3-4fc7-ad7e-b531d655a5b9,
2025-05-14 16:28:54.861905,bf996092-8d66-408a-8d8e-5065ca3330c2,967e785d-d83c-490b-8d6a-2ed926c956ac,812b38f4-105a-45c4-ba58-b0806a43758c,bc997948-dfe1-40bf-88c3-4c581ed640f7,
2025-04-30 07:42:29.809339,bf996092-8d66-408a-8d8e-5065ca3330c2,967e785d-d83c-490b-8d6a-2ed926c956ac,82673047-db3d-4315-a659-ef366c1344f0,,811a3838-7a9b-4ef3-9462-c7b753764fe2
2025-05-30 13:30:28.750125,bf996092-8d66-408a-8d8e-5065ca3330c2,967e785d-d83c-490b-8d6a-2ed926c956ac,82ed7a3e-ecad-4d68-84a4-734b5a660615,0f8dcc02-dea3-4fc7-ad7e-b531d655a5b9,
2025-05-11 15:19:53.408814,bf996092-8d66-408a-8d8e-5065ca3330c2,967e785d-d83c-490b-8d6a-2ed926c956ac,83ff39e0-1d61-4341-bbc7-ad6fd29952b5,bc997948-dfe1-40bf-88c3-4c581ed640f7,
2025-04-30 06:43:22.566898,bf996092-8d66-408a-8d8e-5065ca3330c2,967e785d-d83c-490b-8d6a-2ed926c956ac,84683e56-c455-4b90-bbc5-4f4d83e7fd39,,27668fd6-3166-4eb0-a90c-a30f70f06230
2025-08-23 12:50:47.72845,bf996092-8d66-408a-8d8e-5065ca3330c2,967e785d-d83c-490b-8d6a-2ed926c956ac,85576082-15b2-4f32-bd51-ae2b7b1568f5,6666eff2-5c57-4cd2-a1cb-8474337fd6a7,
2025-06-26 10:01:48.840405,bf996092-8d66-408a-8d8e-5065ca3330c2,967e785d-d83c-490b-8d6a-2ed926c956ac,85a70a18-6a93-4546-b1f0-d7b96ff45da5,,1263c4ad-fae4-4403-ab80-22b0361698dc
2025-07-17 11:53:35.566105,bf996092-8d66-408a-8d8e-5065ca3330c2,967e785d-d83c-490b-8d6a-2ed926c956ac,868f186b-6027-4698-bacd-be97ec2bb9f6,6666eff2-5c57-4cd2-a1cb-8474337fd6a7,
2025-07-06 13:12:11.771622,bf996092-8d66-408a-8d8e-5065ca3330c2,967e785d-d83c-490b-8d6a-2ed926c956ac,871e941b-1b35-4be8-835c-4fffdac69fc4,6997a185-b392-4827-acef-479a9171f42f,
2025-07-30 11:52:05.755399,bf996092-8d66-408a-8d8e-5065ca3330c2,967e785d-d83c-490b-8d6a-2ed926c956ac,87e2926a-1129-4789-8b9f-bc78441e4d08,6666eff2-5c57-4cd2-a1cb-8474337fd6a7,
2025-06-26 14:59:56.372101,bf996092-8d66-408a-8d8e-5065ca3330c2,967e785d-d83c-490b-8d6a-2ed926c956ac,882c7316-509f-4c8e-b340-6d9aad753f63,6666eff2-5c57-4cd2-a1cb-8474337fd6a7,
2025-05-29 15:23:13.356912,bf996092-8d66-408a-8d8e-5065ca3330c2,967e785d-d83c-490b-8d6a-2ed926c956ac,89ba2490-2d1b-4949-8def-08b6ffdbbab9,0f8dcc02-dea3-4fc7-ad7e-b531d655a5b9,
2025-04-30 06:42:24.759949,bf996092-8d66-408a-8d8e-5065ca3330c2,967e785d-d83c-490b-8d6a-2ed926c956ac,8cfe668a-1c8d-4218-8773-1cd9f8b446d6,,bfe21d04-5c39-4785-8e98-105d78aad937
2025-06-26 10:18:57.57986,bf996092-8d66-408a-8d8e-5065ca3330c2,967e785d-d83c-490b-8d6a-2ed926c956ac,8d1afb7e-f1ae-4595-ad81-05334ed44cb8,,b5cfd0ab-89bd-4dbb-af3f-9aa2e3d5110a
2025-06-26 10:25:07.837876,bf996092-8d66-408a-8d8e-5065ca3330c2,967e785d-d83c-490b-8d6a-2ed926c956ac,8df19a50-5ea4-45bd-8658-51f8a536f137,,918ee863-6428-4729-b473-af08c0bd9106
2025-06-26 09:44:46.19379,bf996092-8d66-408a-8d8e-5065ca3330c2,967e785d-d83c-490b-8d6a-2ed926c956ac,8eb686e9-0b01-48e6-9e69-0b7eef8e63a5,,acbea3d0-5ef9-40a4-bd9e-4a9ad78d9094
2025-06-12 06:00:02.260803,bf996092-8d66-408a-8d8e-5065ca3330c2,967e785d-d83c-490b-8d6a-2ed926c956ac,8f94c3d7-67aa-4502-ab20-b6eaf58b453e,0f8dcc02-dea3-4fc7-ad7e-b531d655a5b9,
2025-06-05 14:08:35.743694,bf996092-8d66-408a-8d8e-5065ca3330c2,967e785d-d83c-490b-8d6a-2ed926c956ac,906d5ceb-6712-4a2c-9149-7bb594bab9e1,0f8dcc02-dea3-4fc7-ad7e-b531d655a5b9,
2025-04-30 07:14:13.076912,bf996092-8d66-408a-8d8e-5065ca3330c2,967e785d-d83c-490b-8d6a-2ed926c956ac,917519e2-681c-412d-81ea-a35373e93564,,e8281d41-5454-4408-8ebb-8e4ce48bc8d2
2025-05-16 09:59:39.912556,bf996092-8d66-408a-8d8e-5065ca3330c2,967e785d-d83c-490b-8d6a-2ed926c956ac,92b3de9b-e557-457a-90a4-d5e772eb758e,0f8dcc02-dea3-4fc7-ad7e-b531d655a5b9,
2025-04-30 07:24:49.245215,bf996092-8d66-408a-8d8e-5065ca3330c2,967e785d-d83c-490b-8d6a-2ed926c956ac,93b1c545-d81d-47ab-ba6f-36332d064296,,aad45ada-c239-4a01-a9f5-37738c71da30
2025-05-13 09:07:02.850721,bf996092-8d66-408a-8d8e-5065ca3330c2,967e785d-d83c-490b-8d6a-2ed926c956ac,93d2f77f-5e76-476d-8aa2-e02a31eecace,735819f8-0efe-4360-b6d3-55540171698d,
2025-05-06 11:41:04.486119,bf996092-8d66-408a-8d8e-5065ca3330c2,967e785d-d83c-490b-8d6a-2ed926c956ac,940bdd4f-b4f7-4ced-95fc-18e9ad021f55,29619dc5-36b5-43f3-afc5-83ccc38f2121,
2025-05-26 04:57:45.277922,bf996092-8d66-408a-8d8e-5065ca3330c2,967e785d-d83c-490b-8d6a-2ed926c956ac,948dd48b-e657-4de7-a3e4-b3f5fb75e2d7,0f8dcc02-dea3-4fc7-ad7e-b531d655a5b9,
2025-04-30 07:44:50.254017,bf996092-8d66-408a-8d8e-5065ca3330c2,967e785d-d83c-490b-8d6a-2ed926c956ac,94fed6c5-ccbc-4cb5-bcfd-7bb9410619fb,,17cb9d48-dfd1-45cc-8d3a-29ae54a76854
2025-06-11 06:15:54.657013,bf996092-8d66-408a-8d8e-5065ca3330c2,967e785d-d83c-490b-8d6a-2ed926c956ac,9566fee3-41e6-4f4c-9f62-1f93f1cd9c94,0f8dcc02-dea3-4fc7-ad7e-b531d655a5b9,
2025-06-30 13:22:24.98619,bf996092-8d66-408a-8d8e-5065ca3330c2,967e785d-d83c-490b-8d6a-2ed926c956ac,96f0ffc6-5b67-4ab5-8cff-68b431b5ea31,6997a185-b392-4827-acef-479a9171f42f,
2025-05-06 09:44:19.538069,bf996092-8d66-408a-8d8e-5065ca3330c2,967e785d-d83c-490b-8d6a-2ed926c956ac,97481019-5e2f-4dff-b544-4be89a3a83be,bc997948-dfe1-40bf-88c3-4c581ed640f7,
2025-04-30 06:43:23.769434,bf996092-8d66-408a-8d8e-5065ca3330c2,967e785d-d83c-490b-8d6a-2ed926c956ac,97eb8ee6-aa4b-4692-88df-49b1169e5a34,,789b12d3-3e08-481b-ad9b-0fb32da9006f
2025-08-28 14:29:22.92376,bf996092-8d66-408a-8d8e-5065ca3330c2,967e785d-d83c-490b-8d6a-2ed926c956ac,98484c9f-28cf-44c5-ab9b-a886b34cb2d6,6666eff2-5c57-4cd2-a1cb-8474337fd6a7,
2025-06-18 12:17:22.739826,bf996092-8d66-408a-8d8e-5065ca3330c2,967e785d-d83c-490b-8d6a-2ed926c956ac,996c0ae8-9d6b-4ffc-94ff-acf37de249e1,0f8dcc02-dea3-4fc7-ad7e-b531d655a5b9,
2025-06-30 13:16:35.68261,bf996092-8d66-408a-8d8e-5065ca3330c2,967e785d-d83c-490b-8d6a-2ed926c956ac,9ce1fd10-0b81-4a9d-8d79-f1294823027d,6666eff2-5c57-4cd2-a1cb-8474337fd6a7,
2025-04-30 07:51:53.587555,bf996092-8d66-408a-8d8e-5065ca3330c2,967e785d-d83c-490b-8d6a-2ed926c956ac,9e224541-eccb-4e2a-a7bf-51d4923c1714,,fe5316a3-3b05-49a2-b0eb-64f77e240e8d
2025-05-07 09:52:16.613379,bf996092-8d66-408a-8d8e-5065ca3330c2,967e785d-d83c-490b-8d6a-2ed926c956ac,9ece0165-1fda-49b6-beae-41d0061e4422,29619dc5-36b5-43f3-afc5-83ccc38f2121,
2025-05-11 08:52:16.157065,bf996092-8d66-408a-8d8e-5065ca3330c2,967e785d-d83c-490b-8d6a-2ed926c956ac,9f24735e-6027-4a54-b350-9dc7bc0f37de,bc997948-dfe1-40bf-88c3-4c581ed640f7,
2025-05-24 09:06:42.169179,bf996092-8d66-408a-8d8e-5065ca3330c2,967e785d-d83c-490b-8d6a-2ed926c956ac,a10f7d82-988e-462f-b5be-feb0ed17da21,735819f8-0efe-4360-b6d3-55540171698d,
2025-04-30 06:42:31.197651,bf996092-8d66-408a-8d8e-5065ca3330c2,967e785d-d83c-490b-8d6a-2ed926c956ac,a1107a5e-9bf7-48ca-8098-4a5e6148d1c1,,88f99ace-45bb-4160-b041-91cfcaf8a60a
2025-05-06 10:51:59.408861,bf996092-8d66-408a-8d8e-5065ca3330c2,967e785d-d83c-490b-8d6a-2ed926c956ac,a26e0407-7f9b-45f0-b568-a1f5dbb3e8f3,bc997948-dfe1-40bf-88c3-4c581ed640f7,
2025-04-30 06:42:35.496019,bf996092-8d66-408a-8d8e-5065ca3330c2,967e785d-d83c-490b-8d6a-2ed926c956ac,a29075e5-70cd-4fc9-afdd-c4b47938e7b4,,e978da22-d26c-4183-a3b8-6fe9980917e0
2025-07-03 09:08:13.40304,bf996092-8d66-408a-8d8e-5065ca3330c2,967e785d-d83c-490b-8d6a-2ed926c956ac,a2a4688f-8284-4ba2-afd7-c5fe09cab9bb,6666eff2-5c57-4cd2-a1cb-8474337fd6a7,
2025-06-26 09:59:44.501354,bf996092-8d66-408a-8d8e-5065ca3330c2,967e785d-d83c-490b-8d6a-2ed926c956ac,a387c864-e807-4506-916d-2b629b577494,,80ec1b2b-57fa-4ea7-ab03-e68b34cfd9b7
2025-06-16 13:10:01.870219,bf996092-8d66-408a-8d8e-5065ca3330c2,967e785d-d83c-490b-8d6a-2ed926c956ac,a3918d8b-eb13-4a12-9ce4-42c46b68b0c6,0f8dcc02-dea3-4fc7-ad7e-b531d655a5b9,
2025-06-05 09:05:37.185593,bf996092-8d66-408a-8d8e-5065ca3330c2,967e785d-d83c-490b-8d6a-2ed926c956ac,a3dfa68d-d587-4406-8660-c3fa578459e7,735819f8-0efe-4360-b6d3-55540171698d,
2025-06-14 10:34:04.902318,bf996092-8d66-408a-8d8e-5065ca3330c2,967e785d-d83c-490b-8d6a-2ed926c956ac,a50a26f7-6a47-4401-ab21-43444c561dc0,0f8dcc02-dea3-4fc7-ad7e-b531d655a5b9,
2025-04-30 07:09:50.961195,bf996092-8d66-408a-8d8e-5065ca3330c2,967e785d-d83c-490b-8d6a-2ed926c956ac,a533e0ee-70a0-4938-9616-71c40212a40d,,0659b177-cc8c-4054-b2af-99570149dfef
2025-04-30 06:46:15.57445,bf996092-8d66-408a-8d8e-5065ca3330c2,967e785d-d83c-490b-8d6a-2ed926c956ac,a5896acd-de3a-4f83-8ffc-279f788f76cf,,f137dce8-317a-469c-b032-78e9d468e67e
2025-05-08 03:35:24.680483,bf996092-8d66-408a-8d8e-5065ca3330c2,967e785d-d83c-490b-8d6a-2ed926c956ac,a5be07b2-d0fd-453d-8bee-214b973fa67c,9e224541-eccb-4e2a-a7bf-51d4923c1714,
2025-05-08 11:39:19.413811,bf996092-8d66-408a-8d8e-5065ca3330c2,967e785d-d83c-490b-8d6a-2ed926c956ac,a67c28ca-0eb0-46e4-9ce3-14110641d20c,29619dc5-36b5-43f3-afc5-83ccc38f2121,
2025-06-12 07:20:59.034881,bf996092-8d66-408a-8d8e-5065ca3330c2,967e785d-d83c-490b-8d6a-2ed926c956ac,a6b24fd2-b045-4a7b-983d-0f6d2f3a717f,0f8dcc02-dea3-4fc7-ad7e-b531d655a5b9,
2025-08-23 13:24:09.651205,bf996092-8d66-408a-8d8e-5065ca3330c2,967e785d-d83c-490b-8d6a-2ed926c956ac,a6e7f9aa-ad28-4cca-9133-b84ac28175cd,6666eff2-5c57-4cd2-a1cb-8474337fd6a7,
2025-04-30 07:50:43.095543,bf996092-8d66-408a-8d8e-5065ca3330c2,967e785d-d83c-490b-8d6a-2ed926c956ac,a6ebb584-4134-4d8f-9f40-5306e95c29ac,,d64beabc-c1f3-4577-a485-f98183c009ec
2025-04-30 07:49:20.203154,bf996092-8d66-408a-8d8e-5065ca3330c2,967e785d-d83c-490b-8d6a-2ed926c956ac,a8a71577-a09d-4f47-b361-f043c969698c,,4cfdceb9-9c12-428f-a70a-18dc011ec98c
2025-07-06 13:20:54.898357,bf996092-8d66-408a-8d8e-5065ca3330c2,967e785d-d83c-490b-8d6a-2ed926c956ac,aa614e72-dc7d-4e0b-b4be-cf9e57a6e130,6666eff2-5c57-4cd2-a1cb-8474337fd6a7,
2025-06-26 10:25:52.597164,bf996092-8d66-408a-8d8e-5065ca3330c2,967e785d-d83c-490b-8d6a-2ed926c956ac,aab911ec-ca09-4a43-a0fa-e1121c6f4066,,fefd4664-dd91-46f9-82d3-036b3a1b428b
2025-04-30 07:11:43.726954,bf996092-8d66-408a-8d8e-5065ca3330c2,967e785d-d83c-490b-8d6a-2ed926c956ac,ab9850a6-5ba2-4050-bd4b-f6b01f04fded,,1cc1b3b6-ec36-4454-b76f-de1de66c786a
2025-04-30 06:43:22.341582,bf996092-8d66-408a-8d8e-5065ca3330c2,967e785d-d83c-490b-8d6a-2ed926c956ac,ace76917-22e5-4d06-b3b4-883d21e0004f,,dd7ebb55-2a83-415b-af78-c2c5eedb5c6e
2025-04-30 06:42:21.259424,bf996092-8d66-408a-8d8e-5065ca3330c2,967e785d-d83c-490b-8d6a-2ed926c956ac,acf0a192-22dc-4a41-85fe-26382fa9f7fb,,01081e7b-d8a7-4801-adde-41cde4a79501
2025-04-30 07:50:35.11149,bf996092-8d66-408a-8d8e-5065ca3330c2,967e785d-d83c-490b-8d6a-2ed926c956ac,ae1c6d9b-6875-4d96-bbc7-6a1209f83278,,71fab02d-a0f6-4c3f-8a48-cfc907e68826
2025-05-08 03:50:58.876534,bf996092-8d66-408a-8d8e-5065ca3330c2,967e785d-d83c-490b-8d6a-2ed926c956ac,ae9afb74-4f56-4705-8cdc-d5b788435416,c1239e16-01e5-4038-92f4-e34195bf38b0,
2025-04-30 06:45:10.89139,bf996092-8d66-408a-8d8e-5065ca3330c2,967e785d-d83c-490b-8d6a-2ed926c956ac,afa89fff-d6a2-4a86-bcb8-aa6d794ebc07,,faafcacc-314c-4c6e-82fe-552c53e8d2e9
2025-06-30 11:00:16.194257,bf996092-8d66-408a-8d8e-5065ca3330c2,967e785d-d83c-490b-8d6a-2ed926c956ac,b11eec13-aa66-40c1-9307-98c83f3bfbde,6666eff2-5c57-4cd2-a1cb-8474337fd6a7,
2025-06-03 12:16:27.550249,bf996092-8d66-408a-8d8e-5065ca3330c2,967e785d-d83c-490b-8d6a-2ed926c956ac,b14a97a2-f130-4beb-ace4-615109c12550,0f8dcc02-dea3-4fc7-ad7e-b531d655a5b9,
2025-06-30 08:51:02.022405,bf996092-8d66-408a-8d8e-5065ca3330c2,967e785d-d83c-490b-8d6a-2ed926c956ac,b1c9d52b-062e-4cb4-afb7-541a1e2a8057,6666eff2-5c57-4cd2-a1cb-8474337fd6a7,
2025-06-26 10:22:10.055698,bf996092-8d66-408a-8d8e-5065ca3330c2,967e785d-d83c-490b-8d6a-2ed926c956ac,b22ce729-1b2a-4cc7-affc-fae821650ceb,,98cac404-1b87-46e2-82d7-88ef14bb6016
2025-05-06 11:10:52.884775,bf996092-8d66-408a-8d8e-5065ca3330c2,967e785d-d83c-490b-8d6a-2ed926c956ac,b28aa814-0e92-46b8-adb0-f2573e135306,29619dc5-36b5-43f3-afc5-83ccc38f2121,
2025-04-30 07:49:18.652086,bf996092-8d66-408a-8d8e-5065ca3330c2,967e785d-d83c-490b-8d6a-2ed926c956ac,b4b1bacd-8384-4f5b-b14d-ae8708580d85,,aa0ca140-b23b-4ff4-ac32-46ca49db93e2
2025-05-19 10:11:00.751093,bf996092-8d66-408a-8d8e-5065ca3330c2,967e785d-d83c-490b-8d6a-2ed926c956ac,b4d20984-7835-4880-8836-04860fa15c60,735819f8-0efe-4360-b6d3-55540171698d,
2025-04-30 07:44:09.197821,bf996092-8d66-408a-8d8e-5065ca3330c2,967e785d-d83c-490b-8d6a-2ed926c956ac,b5061b26-a464-4a0d-b54a-633bd7214996,,32427940-09f8-4843-9170-40c83977a358
2025-07-17 12:11:04.662584,bf996092-8d66-408a-8d8e-5065ca3330c2,967e785d-d83c-490b-8d6a-2ed926c956ac,b6255efb-73d8-424d-82da-1361bc474a36,6666eff2-5c57-4cd2-a1cb-8474337fd6a7,
2025-04-30 07:22:03.328693,bf996092-8d66-408a-8d8e-5065ca3330c2,967e785d-d83c-490b-8d6a-2ed926c956ac,b6598495-5717-4369-ab63-722cddae7bb7,,689ebf62-5ba3-4667-baef-664aef371815
2025-06-26 09:32:15.040156,bf996092-8d66-408a-8d8e-5065ca3330c2,967e785d-d83c-490b-8d6a-2ed926c956ac,b67aaa23-4963-43cd-9197-aa001419c421,,eac4bd3f-2b4a-4bad-ae39-eeb34b66bc28
2025-06-16 13:07:20.137914,bf996092-8d66-408a-8d8e-5065ca3330c2,967e785d-d83c-490b-8d6a-2ed926c956ac,b6844928-490d-48b1-a725-7a8fa5d52de4,0f8dcc02-dea3-4fc7-ad7e-b531d655a5b9,
2025-08-27 14:09:29.405471,bf996092-8d66-408a-8d8e-5065ca3330c2,967e785d-d83c-490b-8d6a-2ed926c956ac,b6af4115-5d83-4557-adfe-b914c3589b36,6666eff2-5c57-4cd2-a1cb-8474337fd6a7,
2025-04-30 06:46:11.113349,bf996092-8d66-408a-8d8e-5065ca3330c2,967e785d-d83c-490b-8d6a-2ed926c956ac,b796c2c5-984a-428a-9902-4321f2a127dc,,14fe8788-ef33-468e-9983-63a76f779a9a
2025-07-09 03:44:32.179769,bf996092-8d66-408a-8d8e-5065ca3330c2,967e785d-d83c-490b-8d6a-2ed926c956ac,b87c6a4c-4214-41dd-a39e-675d31bf59d0,6997a185-b392-4827-acef-479a9171f42f,
2025-05-30 16:25:16.154801,bf996092-8d66-408a-8d8e-5065ca3330c2,967e785d-d83c-490b-8d6a-2ed926c956ac,b941d2ef-1449-4789-9ece-f4c97efa8246,0f8dcc02-dea3-4fc7-ad7e-b531d655a5b9,
2025-06-26 09:55:06.037244,bf996092-8d66-408a-8d8e-5065ca3330c2,967e785d-d83c-490b-8d6a-2ed926c956ac,b9f0602a-b3be-4c9e-b545-c1ec55e4cdfd,,d2308b46-1dac-497d-9dd5-d1665e4c700f
2025-04-30 06:42:26.642652,bf996092-8d66-408a-8d8e-5065ca3330c2,967e785d-d83c-490b-8d6a-2ed926c956ac,ba6b4db0-8ad2-4ea6-a71d-ca722fd5b9f6,,65585d2d-6e91-4488-a7b6-09bae568e3eb
2025-05-18 10:12:05.183371,bf996092-8d66-408a-8d8e-5065ca3330c2,967e785d-d83c-490b-8d6a-2ed926c956ac,baed9055-370b-4abb-a3b8-32811544d7e7,11f9d664-b6a0-4fe4-bdcc-02387e9c0b0f,
2025-04-30 07:46:05.103268,bf996092-8d66-408a-8d8e-5065ca3330c2,967e785d-d83c-490b-8d6a-2ed926c956ac,bc997948-dfe1-40bf-88c3-4c581ed640f7,,42d21c60-1c89-4097-8f9d-e5302523b24c
2025-07-12 13:43:28.369308,bf996092-8d66-408a-8d8e-5065ca3330c2,967e785d-d83c-490b-8d6a-2ed926c956ac,bd3ce63e-1a74-4edf-a7cb-30bbe085dcbd,6666eff2-5c57-4cd2-a1cb-8474337fd6a7,
2025-04-30 07:43:10.334478,bf996092-8d66-408a-8d8e-5065ca3330c2,967e785d-d83c-490b-8d6a-2ed926c956ac,bee3998e-66e1-4293-b87f-0c674accde12,,543b7c1d-1a1a-4123-96e0-04f908c0f4ec
2025-06-30 12:41:31.27192,bf996092-8d66-408a-8d8e-5065ca3330c2,967e785d-d83c-490b-8d6a-2ed926c956ac,bf280f0a-676c-444a-9ca0-0315e0661aa1,6666eff2-5c57-4cd2-a1cb-8474337fd6a7,
2025-04-30 06:46:22.315057,bf996092-8d66-408a-8d8e-5065ca3330c2,967e785d-d83c-490b-8d6a-2ed926c956ac,bf331b1d-211f-4c1c-908d-de01bcd5b0cf,,81f0f575-fc3b-493d-8a2e-5c266c5ca598
2025-07-18 14:21:49.72128,bf996092-8d66-408a-8d8e-5065ca3330c2,967e785d-d83c-490b-8d6a-2ed926c956ac,bf9036d5-9cd5-4c36-8158-8847e979f9e2,6666eff2-5c57-4cd2-a1cb-8474337fd6a7,
2025-06-26 09:29:45.640507,bf996092-8d66-408a-8d8e-5065ca3330c2,967e785d-d83c-490b-8d6a-2ed926c956ac,bfe06354-7725-4837-b7fc-821ec52199a5,,8e9536c2-3c3a-4994-b1a8-fc39e890c082
2025-04-30 06:42:28.094001,bf996092-8d66-408a-8d8e-5065ca3330c2,967e785d-d83c-490b-8d6a-2ed926c956ac,bff0f396-6b68-4c2b-8585-b0c9fff630d4,,4226ff57-5a9a-473c-b722-61bf8d38d738
2025-06-26 09:58:47.907782,bf996092-8d66-408a-8d8e-5065ca3330c2,967e785d-d83c-490b-8d6a-2ed926c956ac,c1057252-a5eb-40f4-81b7-a1ce3023e928,,0b527d75-acb4-42bd-9c24-603568c9f04a
2025-04-30 07:48:33.723546,bf996092-8d66-408a-8d8e-5065ca3330c2,967e785d-d83c-490b-8d6a-2ed926c956ac,c1239e16-01e5-4038-92f4-e34195bf38b0,,077ad44e-5ebf-48bd-952c-e837fe42a445
2025-06-03 15:24:23.647469,bf996092-8d66-408a-8d8e-5065ca3330c2,967e785d-d83c-490b-8d6a-2ed926c956ac,c129e19c-3e52-4f6e-8d7b-9f0ec8abc82e,0f8dcc02-dea3-4fc7-ad7e-b531d655a5b9,
2025-08-26 14:29:21.455392,bf996092-8d66-408a-8d8e-5065ca3330c2,967e785d-d83c-490b-8d6a-2ed926c956ac,c1542018-d07f-484d-9091-a51e0966ac67,6666eff2-5c57-4cd2-a1cb-8474337fd6a7,
2025-04-30 07:13:00.518868,bf996092-8d66-408a-8d8e-5065ca3330c2,967e785d-d83c-490b-8d6a-2ed926c956ac,c1821d11-57a2-45b4-b0f2-5d9d92ea2784,,d43d9e0e-9e49-4eff-b045-2c7e5bee9628
2025-05-10 08:49:20.804731,bf996092-8d66-408a-8d8e-5065ca3330c2,967e785d-d83c-490b-8d6a-2ed926c956ac,c1e79a91-0188-4d89-8f77-881b335d3512,bc997948-dfe1-40bf-88c3-4c581ed640f7,
2025-05-12 12:54:19.706202,bf996092-8d66-408a-8d8e-5065ca3330c2,967e785d-d83c-490b-8d6a-2ed926c956ac,c27bc302-0d3c-4155-8cbb-10a340827586,bc997948-dfe1-40bf-88c3-4c581ed640f7,
2025-04-30 06:46:19.238585,bf996092-8d66-408a-8d8e-5065ca3330c2,967e785d-d83c-490b-8d6a-2ed926c956ac,c28f690e-f538-4d9c-81d6-e1eaaa2c1aef,,636f862b-734a-4995-a79e-12d9c744fca3
2025-05-13 12:29:57.784209,bf996092-8d66-408a-8d8e-5065ca3330c2,967e785d-d83c-490b-8d6a-2ed926c956ac,c2a508a5-ef3c-4d83-b969-ed2b7334927a,7fcc903c-fc5b-45b1-b6ab-30f328208f2a,
2025-04-30 07:45:50.612869,bf996092-8d66-408a-8d8e-5065ca3330c2,967e785d-d83c-490b-8d6a-2ed926c956ac,c2c5148c-0286-4322-90d9-fd2236099f22,,f447e873-08c3-4ef0-a5e7-76836971688c
2025-05-10 10:58:04.52203,bf996092-8d66-408a-8d8e-5065ca3330c2,967e785d-d83c-490b-8d6a-2ed926c956ac,c379dfff-8769-44ce-9460-3c414dd5eb77,bc997948-dfe1-40bf-88c3-4c581ed640f7,
2025-05-18 09:17:13.881865,bf996092-8d66-408a-8d8e-5065ca3330c2,967e785d-d83c-490b-8d6a-2ed926c956ac,c3e39b66-e0e0-4c9c-b311-00acc201f878,0f8dcc02-dea3-4fc7-ad7e-b531d655a5b9,
2025-05-25 09:14:05.646611,bf996092-8d66-408a-8d8e-5065ca3330c2,967e785d-d83c-490b-8d6a-2ed926c956ac,c3eb01b2-c982-4bce-be60-a967c15a9c10,0f8dcc02-dea3-4fc7-ad7e-b531d655a5b9,
2025-04-30 07:13:24.446404,bf996092-8d66-408a-8d8e-5065ca3330c2,967e785d-d83c-490b-8d6a-2ed926c956ac,c422cf55-7cc0-4d08-8c99-92f75134433c,,d472d2b3-7a59-4296-8ee2-4a67a8029f8d
2025-04-30 07:12:10.591171,bf996092-8d66-408a-8d8e-5065ca3330c2,967e785d-d83c-490b-8d6a-2ed926c956ac,c481ae70-a49f-4509-a69a-862f6b956347,,2007a6e5-8868-489a-af61-7c40c6ddc1d1
2025-06-02 03:31:00.680819,bf996092-8d66-408a-8d8e-5065ca3330c2,967e785d-d83c-490b-8d6a-2ed926c956ac,c4a64b13-4bc2-4e3f-b948-974c89a83fa2,0f8dcc02-dea3-4fc7-ad7e-b531d655a5b9,
2025-04-30 06:43:23.255111,bf996092-8d66-408a-8d8e-5065ca3330c2,967e785d-d83c-490b-8d6a-2ed926c956ac,c4b2035e-63c2-4708-a485-8b067a9c7371,,d8c4947a-2c48-469d-8588-59a1bdcc564b
2025-06-26 09:47:10.548154,bf996092-8d66-408a-8d8e-5065ca3330c2,967e785d-d83c-490b-8d6a-2ed926c956ac,c54d1f78-5bff-4504-8636-979fc9dc71fa,,6b3eec30-69fa-4f5f-a65a-451487dc09c1
2025-06-30 12:24:22.414734,bf996092-8d66-408a-8d8e-5065ca3330c2,967e785d-d83c-490b-8d6a-2ed926c956ac,c55e5099-2701-4dfb-9b9d-409bd4300095,6666eff2-5c57-4cd2-a1cb-8474337fd6a7,
2025-06-30 12:25:52.169043,bf996092-8d66-408a-8d8e-5065ca3330c2,967e785d-d83c-490b-8d6a-2ed926c956ac,c6cc278f-a19b-4b84-afd9-e6a7e676998a,6997a185-b392-4827-acef-479a9171f42f,
2025-05-10 15:01:19.079602,bf996092-8d66-408a-8d8e-5065ca3330c2,967e785d-d83c-490b-8d6a-2ed926c956ac,c7a1c08e-cb70-4257-9b3f-6770c6f7fd69,bc997948-dfe1-40bf-88c3-4c581ed640f7,
2025-06-07 12:41:01.55292,bf996092-8d66-408a-8d8e-5065ca3330c2,967e785d-d83c-490b-8d6a-2ed926c956ac,c8e7e30f-e65e-461a-9c3f-15f80721c307,0f8dcc02-dea3-4fc7-ad7e-b531d655a5b9,
2025-07-17 12:09:13.599657,bf996092-8d66-408a-8d8e-5065ca3330c2,967e785d-d83c-490b-8d6a-2ed926c956ac,c972aa47-c193-4a33-bff3-93c3c8195667,6997a185-b392-4827-acef-479a9171f42f,
2025-06-26 10:31:05.236697,bf996092-8d66-408a-8d8e-5065ca3330c2,967e785d-d83c-490b-8d6a-2ed926c956ac,c9e99357-36da-4e79-96ae-255dca3eb1da,,85b3ee29-98e5-4bac-a746-3e2f00049ca7
2025-06-26 09:40:14.886237,bf996092-8d66-408a-8d8e-5065ca3330c2,967e785d-d83c-490b-8d6a-2ed926c956ac,cab497e9-fa1f-4913-b3e4-781027f5ca3d,,a1cc13c6-cd6d-4320-95c3-00b0b542ed64
2025-06-26 09:27:39.809817,bf996092-8d66-408a-8d8e-5065ca3330c2,967e785d-d83c-490b-8d6a-2ed926c956ac,cab7cad2-9fe8-4955-870e-1ccf9890ced2,,858a401e-5417-4ec2-8576-7d36aae8f6d0
2025-06-06 12:45:17.201688,bf996092-8d66-408a-8d8e-5065ca3330c2,967e785d-d83c-490b-8d6a-2ed926c956ac,cac24c4b-d4d4-49f5-9d2c-94e9e2a5af71,0f8dcc02-dea3-4fc7-ad7e-b531d655a5b9,
2025-08-01 05:49:21.20937,bf996092-8d66-408a-8d8e-5065ca3330c2,967e785d-d83c-490b-8d6a-2ed926c956ac,caeab420-bffa-4776-9292-75312ff2ef99,6666eff2-5c57-4cd2-a1cb-8474337fd6a7,
2025-05-13 16:08:20.859042,bf996092-8d66-408a-8d8e-5065ca3330c2,967e785d-d83c-490b-8d6a-2ed926c956ac,cb4f9daf-a420-433b-bafe-86680a20fb65,bc997948-dfe1-40bf-88c3-4c581ed640f7,
2025-08-06 16:36:45.231463,bf996092-8d66-408a-8d8e-5065ca3330c2,967e785d-d83c-490b-8d6a-2ed926c956ac,cb5b0ba7-5e2d-43f0-acac-3136f7e62f99,6666eff2-5c57-4cd2-a1cb-8474337fd6a7,
2025-04-30 06:46:11.113843,bf996092-8d66-408a-8d8e-5065ca3330c2,967e785d-d83c-490b-8d6a-2ed926c956ac,cc0f895b-3dea-4f5d-878e-5c770d3387e0,,f65c24a3-7ebf-4b12-b6dd-be035b57f86a
2025-06-18 11:58:40.244237,bf996092-8d66-408a-8d8e-5065ca3330c2,967e785d-d83c-490b-8d6a-2ed926c956ac,cd43be84-1a97-4865-9387-f30094aa5e06,0f8dcc02-dea3-4fc7-ad7e-b531d655a5b9,
2025-05-19 16:31:31.105132,bf996092-8d66-408a-8d8e-5065ca3330c2,967e785d-d83c-490b-8d6a-2ed926c956ac,cdf8d0e5-6094-4690-8b50-37b075af17bb,0f8dcc02-dea3-4fc7-ad7e-b531d655a5b9,
2025-04-30 07:17:10.786294,bf996092-8d66-408a-8d8e-5065ca3330c2,967e785d-d83c-490b-8d6a-2ed926c956ac,ced9ba76-fb0c-4b32-b535-155287861458,,6ead1c9f-d30b-4d2c-abfd-77ac05a09558
2025-07-09 02:40:32.2103,bf996092-8d66-408a-8d8e-5065ca3330c2,967e785d-d83c-490b-8d6a-2ed926c956ac,ceebe607-f5c2-4f84-9aa4-5cf3c4863a83,6666eff2-5c57-4cd2-a1cb-8474337fd6a7,
2025-04-30 07:51:33.804529,bf996092-8d66-408a-8d8e-5065ca3330c2,967e785d-d83c-490b-8d6a-2ed926c956ac,d057bfab-348c-4b0b-95cd-0c556e707e3c,,304943cb-7224-4b31-925c-5ce55fbdbcde
2025-06-16 13:03:25.249167,bf996092-8d66-408a-8d8e-5065ca3330c2,967e785d-d83c-490b-8d6a-2ed926c956ac,d13d40a8-bfcf-4627-af3d-a70cdae28d13,0f8dcc02-dea3-4fc7-ad7e-b531d655a5b9,
2025-04-30 06:46:19.540087,bf996092-8d66-408a-8d8e-5065ca3330c2,967e785d-d83c-490b-8d6a-2ed926c956ac,d183fdd4-d68e-4e8c-8101-ee9377c00376,,4dd23b17-c32d-4268-8dbe-ecbc85e097f6
2025-06-26 10:19:31.180178,bf996092-8d66-408a-8d8e-5065ca3330c2,967e785d-d83c-490b-8d6a-2ed926c956ac,d1dfcfb7-e6eb-43e8-a555-97e2996005aa,,029e3491-4f68-452d-a220-517d9957c78c
2025-05-06 10:41:39.920277,bf996092-8d66-408a-8d8e-5065ca3330c2,967e785d-d83c-490b-8d6a-2ed926c956ac,d23fbb53-76eb-403e-88bb-9c22578f85e7,c1821d11-57a2-45b4-b0f2-5d9d92ea2784,
2025-08-06 09:30:52.506247,bf996092-8d66-408a-8d8e-5065ca3330c2,967e785d-d83c-490b-8d6a-2ed926c956ac,d2a7085c-0e07-4823-bfce-4e0b68b3b103,6666eff2-5c57-4cd2-a1cb-8474337fd6a7,
2025-06-26 09:52:54.781393,bf996092-8d66-408a-8d8e-5065ca3330c2,967e785d-d83c-490b-8d6a-2ed926c956ac,d4149a14-fdbe-4e1c-bf24-efd8aecca3ce,,4c68809e-b01b-484f-b5ce-af99e1c844ad
2025-05-10 09:19:25.449891,bf996092-8d66-408a-8d8e-5065ca3330c2,967e785d-d83c-490b-8d6a-2ed926c956ac,d53baf3e-c1d9-4c08-8f81-81fa91ba07d2,bc997948-dfe1-40bf-88c3-4c581ed640f7,
2025-05-12 11:54:29.189758,bf996092-8d66-408a-8d8e-5065ca3330c2,967e785d-d83c-490b-8d6a-2ed926c956ac,d5610fdb-ac4a-4db3-94a1-aba491204e8e,735819f8-0efe-4360-b6d3-55540171698d,
2025-07-31 15:05:01.676879,bf996092-8d66-408a-8d8e-5065ca3330c2,967e785d-d83c-490b-8d6a-2ed926c956ac,d5678b4a-6fcf-4c3b-bc53-cd2deb894e39,6666eff2-5c57-4cd2-a1cb-8474337fd6a7,
2025-07-21 03:12:36.404214,bf996092-8d66-408a-8d8e-5065ca3330c2,967e785d-d83c-490b-8d6a-2ed926c956ac,d5d397a3-d384-48b6-8397-783ffa422f11,6666eff2-5c57-4cd2-a1cb-8474337fd6a7,
2025-04-30 07:21:19.174382,bf996092-8d66-408a-8d8e-5065ca3330c2,967e785d-d83c-490b-8d6a-2ed926c956ac,d64752a2-660c-4988-9223-b1f74f9e1b58,,6db2355a-982a-45f3-90f1-bf28500191df
2025-06-26 09:28:55.956758,bf996092-8d66-408a-8d8e-5065ca3330c2,967e785d-d83c-490b-8d6a-2ed926c956ac,d692fc39-375e-41e3-8e57-09c987bcecee,,1d5b425b-dc4a-4708-b66c-c28cc7fef7e5
2025-07-31 14:28:38.501186,bf996092-8d66-408a-8d8e-5065ca3330c2,967e785d-d83c-490b-8d6a-2ed926c956ac,d6a1ebc7-ae58-4cf5-b8f0-cd57c28809e9,6666eff2-5c57-4cd2-a1cb-8474337fd6a7,
2025-05-16 05:30:50.493916,bf996092-8d66-408a-8d8e-5065ca3330c2,967e785d-d83c-490b-8d6a-2ed926c956ac,d7ab0374-a14e-40b9-b5fb-b87c754ddcb4,bc997948-dfe1-40bf-88c3-4c581ed640f7,
2025-06-26 10:29:57.19154,bf996092-8d66-408a-8d8e-5065ca3330c2,967e785d-d83c-490b-8d6a-2ed926c956ac,d8ae1450-373f-47d1-87a6-f48419535478,,51d99d8d-0fc4-428f-abf4-f056d9807a06
2025-04-30 07:53:10.19953,bf996092-8d66-408a-8d8e-5065ca3330c2,967e785d-d83c-490b-8d6a-2ed926c956ac,d8e07245-b18f-430d-ab57-113aee70b8bf,,203fc035-a9a0-4220-81e4-aefeb34df088
2025-04-30 07:43:39.883495,bf996092-8d66-408a-8d8e-5065ca3330c2,967e785d-d83c-490b-8d6a-2ed926c956ac,dc338894-86e2-479d-92ce-4e6bba6ff0b8,,7423fd74-09ac-421d-8619-dc13c041240b
2025-06-26 09:36:16.842643,bf996092-8d66-408a-8d8e-5065ca3330c2,967e785d-d83c-490b-8d6a-2ed926c956ac,dd53f8b8-9d9d-4be0-bea8-6efc2d4df200,,63d00f55-e96c-4274-ba4f-7f8aa1c89ff2
2025-04-30 07:24:10.827712,bf996092-8d66-408a-8d8e-5065ca3330c2,967e785d-d83c-490b-8d6a-2ed926c956ac,dd6e940a-fa78-40eb-a8fc-d6cb7700faf9,,b5046437-2e03-46fb-a12d-3a2ed6c7d13e
2025-08-07 07:36:53.480317,bf996092-8d66-408a-8d8e-5065ca3330c2,967e785d-d83c-490b-8d6a-2ed926c956ac,de18f9bf-f4d6-453f-b883-0505fdd9c4ba,6666eff2-5c57-4cd2-a1cb-8474337fd6a7,
2025-05-13 11:20:09.464325,bf996092-8d66-408a-8d8e-5065ca3330c2,967e785d-d83c-490b-8d6a-2ed926c956ac,de694401-d451-4fe9-90ff-549bfebacd86,bc997948-dfe1-40bf-88c3-4c581ed640f7,
2025-06-05 15:07:54.722267,bf996092-8d66-408a-8d8e-5065ca3330c2,967e785d-d83c-490b-8d6a-2ed926c956ac,deadd4d8-336e-421e-89b7-553ce5b2f64d,735819f8-0efe-4360-b6d3-55540171698d,
2025-04-30 06:43:24.748933,bf996092-8d66-408a-8d8e-5065ca3330c2,967e785d-d83c-490b-8d6a-2ed926c956ac,deb0fb1e-5781-4dba-bb4d-fdf72e8147db,,a613c46e-0561-4cf5-a176-d9770d28b66b
2025-05-24 08:42:42.035422,bf996092-8d66-408a-8d8e-5065ca3330c2,967e785d-d83c-490b-8d6a-2ed926c956ac,dee401bb-7033-4bb3-a373-d4f827406fcb,0f8dcc02-dea3-4fc7-ad7e-b531d655a5b9,
2025-06-04 13:27:58.130473,bf996092-8d66-408a-8d8e-5065ca3330c2,967e785d-d83c-490b-8d6a-2ed926c956ac,dfba7ca5-fdfc-4ef7-abf9-6d0ca42a4f6c,0f8dcc02-dea3-4fc7-ad7e-b531d655a5b9,
2025-07-12 13:18:52.664142,bf996092-8d66-408a-8d8e-5065ca3330c2,967e785d-d83c-490b-8d6a-2ed926c956ac,e00471ac-11dd-45c4-866f-1bc2aa40a04b,6666eff2-5c57-4cd2-a1cb-8474337fd6a7,
2025-05-06 07:01:14.774375,bf996092-8d66-408a-8d8e-5065ca3330c2,967e785d-d83c-490b-8d6a-2ed926c956ac,e0630576-1549-4c50-ba78-60bbcc7238c5,ed7fd756-de5d-4b13-9ec3-0b85c935250b,
2025-08-19 17:19:45.884185,bf996092-8d66-408a-8d8e-5065ca3330c2,967e785d-d83c-490b-8d6a-2ed926c956ac,e0655db0-d16e-40f5-8ad0-b70cb721a131,6666eff2-5c57-4cd2-a1cb-8474337fd6a7,
2025-04-30 07:47:13.804911,bf996092-8d66-408a-8d8e-5065ca3330c2,967e785d-d83c-490b-8d6a-2ed926c956ac,e067ebfa-b878-4109-bf47-362429c1986a,,5c16fb06-91e8-485a-9ba6-c2671a7667f3
2025-03-21 06:44:55.329516,bf996092-8d66-408a-8d8e-5065ca3330c2,967e785d-d83c-490b-8d6a-2ed926c956ac,e24da633-29d3-4cbf-bce2-9b5755ac2073,,54ad80ba-1466-4416-9d7d-c6c2142095ec
2025-06-04 13:22:14.637495,bf996092-8d66-408a-8d8e-5065ca3330c2,967e785d-d83c-490b-8d6a-2ed926c956ac,e281c588-f052-46ea-9c64-cc2481706083,735819f8-0efe-4360-b6d3-55540171698d,
2025-04-30 06:46:23.586723,bf996092-8d66-408a-8d8e-5065ca3330c2,967e785d-d83c-490b-8d6a-2ed926c956ac,e2d4f983-a129-4d8e-9727-333ac2059876,,b614726c-96c1-4460-9bc3-ea29fc312d37
2025-06-26 09:42:43.335347,bf996092-8d66-408a-8d8e-5065ca3330c2,967e785d-d83c-490b-8d6a-2ed926c956ac,e31f1a2c-c803-4b9f-a4c2-85421be1b585,,fdd5a1fa-42ea-4ed3-8d88-6168ae8d914c
2025-04-30 07:50:18.662415,bf996092-8d66-408a-8d8e-5065ca3330c2,967e785d-d83c-490b-8d6a-2ed926c956ac,e3db66e1-fc7c-450c-b27b-ba98cb615c71,,52334dfc-b14e-42bf-94af-8c4639dd4b81
2025-06-26 10:26:49.075592,bf996092-8d66-408a-8d8e-5065ca3330c2,967e785d-d83c-490b-8d6a-2ed926c956ac,e456a23e-3104-4c43-99b8-5ba858ae6089,,9221eba5-71d8-4446-aa9c-ed88891e26fa
2025-05-06 06:00:30.221712,bf996092-8d66-408a-8d8e-5065ca3330c2,967e785d-d83c-490b-8d6a-2ed926c956ac,e72ed928-cce9-4372-8ec1-8aa84934e820,c1821d11-57a2-45b4-b0f2-5d9d92ea2784,
2025-06-10 13:54:47.133032,bf996092-8d66-408a-8d8e-5065ca3330c2,967e785d-d83c-490b-8d6a-2ed926c956ac,e77f7083-c608-43e0-8c9c-7c5ad2523769,0f8dcc02-dea3-4fc7-ad7e-b531d655a5b9,
2025-04-30 06:46:12.90441,bf996092-8d66-408a-8d8e-5065ca3330c2,967e785d-d83c-490b-8d6a-2ed926c956ac,e78829e2-dbbc-4ce5-a7b2-a85f930540dd,,1be5924b-a619-4388-a44f-773d829bd9a2
2025-04-30 06:42:22.556539,bf996092-8d66-408a-8d8e-5065ca3330c2,967e785d-d83c-490b-8d6a-2ed926c956ac,e939103e-7ced-4418-89dd-5437607ff995,,4cc27888-a464-458d-9f97-0c6fa94b464d
2025-07-11 08:14:56.785014,bf996092-8d66-408a-8d8e-5065ca3330c2,967e785d-d83c-490b-8d6a-2ed926c956ac,e9cd2fbf-316d-415e-bc14-656d57046879,6666eff2-5c57-4cd2-a1cb-8474337fd6a7,
2025-05-06 07:22:53.011187,bf996092-8d66-408a-8d8e-5065ca3330c2,967e785d-d83c-490b-8d6a-2ed926c956ac,e9fb95b9-c643-4e9e-8ac7-7b423267a988,ae1c6d9b-6875-4d96-bbc7-6a1209f83278,
2025-06-26 09:37:47.09395,bf996092-8d66-408a-8d8e-5065ca3330c2,967e785d-d83c-490b-8d6a-2ed926c956ac,ea0369fc-91f3-47bb-9d43-aad4d104a766,,c3d5581b-4cd7-46cf-aeb8-49f17c8c0401
2025-04-30 06:42:33.938593,bf996092-8d66-408a-8d8e-5065ca3330c2,967e785d-d83c-490b-8d6a-2ed926c956ac,eb81428f-9dc2-44e4-a991-2179d54e7fad,,96350284-3569-4ce4-a3e1-cef028dbe59b
2025-06-11 11:36:21.754677,bf996092-8d66-408a-8d8e-5065ca3330c2,967e785d-d83c-490b-8d6a-2ed926c956ac,ec02d21d-a7e5-4633-b1a9-29592db62b6f,0f8dcc02-dea3-4fc7-ad7e-b531d655a5b9,
2025-06-26 10:12:43.840973,bf996092-8d66-408a-8d8e-5065ca3330c2,967e785d-d83c-490b-8d6a-2ed926c956ac,ed51c7e1-869c-42e7-84d0-4e0968ab87aa,,68a55f33-58a9-4e3d-b346-cea8ae5126d9
2025-06-08 12:05:54.671546,bf996092-8d66-408a-8d8e-5065ca3330c2,967e785d-d83c-490b-8d6a-2ed926c956ac,ed5a5ecc-f311-484f-bf0a-759cc47d054d,735819f8-0efe-4360-b6d3-55540171698d,
2025-04-30 07:47:12.073044,bf996092-8d66-408a-8d8e-5065ca3330c2,967e785d-d83c-490b-8d6a-2ed926c956ac,ed7fd756-de5d-4b13-9ec3-0b85c935250b,,6d575600-93eb-460c-a9d8-f0e0dd01b7fd
2025-06-26 09:57:46.180415,bf996092-8d66-408a-8d8e-5065ca3330c2,967e785d-d83c-490b-8d6a-2ed926c956ac,ed9bc4a1-8c04-4d23-832d-454a21dcb501,,8c5e793d-8a72-4eb5-bd8d-bbd5e432f85b
2025-06-26 10:32:52.314254,bf996092-8d66-408a-8d8e-5065ca3330c2,967e785d-d83c-490b-8d6a-2ed926c956ac,ee11a736-e283-4cd3-bc82-2552dcc49c61,,277729eb-3d49-48cf-9c42-15b47b675215
2025-04-30 06:46:18.295225,bf996092-8d66-408a-8d8e-5065ca3330c2,967e785d-d83c-490b-8d6a-2ed926c956ac,ef4dd6cc-642c-4945-b9e8-4028c8bcc393,,9133f3af-d0f3-4734-b06c-730847d6a82d
2025-04-30 06:42:25.268436,bf996092-8d66-408a-8d8e-5065ca3330c2,967e785d-d83c-490b-8d6a-2ed926c956ac,f09ef81d-51e5-4cff-894b-bbb3557cd364,,4d810582-f194-4bfb-b4ac-1b1bda7f5d4b
2025-06-26 09:45:13.910243,bf996092-8d66-408a-8d8e-5065ca3330c2,967e785d-d83c-490b-8d6a-2ed926c956ac,f14499c8-7073-4aa3-8210-1e41adfae3b9,,21b093b1-97f4-473c-ad26-79b561365c50
2025-04-30 07:48:09.093287,bf996092-8d66-408a-8d8e-5065ca3330c2,967e785d-d83c-490b-8d6a-2ed926c956ac,f38d5061-2055-4329-ad84-9850fa4689d7,,affa8a14-ded4-4e32-bef9-aac6c17ba11d
2025-07-13 12:23:45.079079,bf996092-8d66-408a-8d8e-5065ca3330c2,967e785d-d83c-490b-8d6a-2ed926c956ac,f4c3a9e2-5432-4e4f-82f6-fb7101fef9a0,6666eff2-5c57-4cd2-a1cb-8474337fd6a7,
2025-04-30 06:43:20.958217,bf996092-8d66-408a-8d8e-5065ca3330c2,967e785d-d83c-490b-8d6a-2ed926c956ac,f4dacc79-6f02-4fa2-9ef2-513a8b4fb830,,cc03741a-bf13-464f-bc23-cf741d934aec
2025-06-26 09:29:27.922586,bf996092-8d66-408a-8d8e-5065ca3330c2,967e785d-d83c-490b-8d6a-2ed926c956ac,f4f4a3f4-2149-4ad9-b069-3d18710ec558,,a6487830-bcdf-452f-b18a-3148c7e709b6
2025-07-04 04:47:56.276742,bf996092-8d66-408a-8d8e-5065ca3330c2,967e785d-d83c-490b-8d6a-2ed926c956ac,f5c3bc7f-06f8-418a-84e0-e8155c9ad9c6,6666eff2-5c57-4cd2-a1cb-8474337fd6a7,
2025-05-07 11:08:37.274856,bf996092-8d66-408a-8d8e-5065ca3330c2,967e785d-d83c-490b-8d6a-2ed926c956ac,f5d89e42-3096-44e6-a05e-694609b44953,bc997948-dfe1-40bf-88c3-4c581ed640f7,
2025-05-08 04:16:01.436973,bf996092-8d66-408a-8d8e-5065ca3330c2,967e785d-d83c-490b-8d6a-2ed926c956ac,f5da067e-0857-4243-8433-647b93bc3199,735819f8-0efe-4360-b6d3-55540171698d,
2025-04-30 06:42:20.930137,bf996092-8d66-408a-8d8e-5065ca3330c2,967e785d-d83c-490b-8d6a-2ed926c956ac,f69b928e-e8ea-4b55-b704-bfa92d1f6985,,7abbb4be-8ff1-4a9a-a9ed-5f2ed9b0d6f5
2025-06-09 14:05:59.770568,bf996092-8d66-408a-8d8e-5065ca3330c2,967e785d-d83c-490b-8d6a-2ed926c956ac,f8870d7b-6245-4ffc-a0aa-55025aed4c5e,0f8dcc02-dea3-4fc7-ad7e-b531d655a5b9,
2025-05-06 07:03:39.545284,bf996092-8d66-408a-8d8e-5065ca3330c2,967e785d-d83c-490b-8d6a-2ed926c956ac,f8b12434-60f0-4e87-bee1-04c65d2d9c56,b4b1bacd-8384-4f5b-b14d-ae8708580d85,
2025-04-30 07:15:40.214037,bf996092-8d66-408a-8d8e-5065ca3330c2,967e785d-d83c-490b-8d6a-2ed926c956ac,f9898878-59df-4e85-8add-46bc44ae1d2d,,89244b32-c4c9-49c7-aed7-eec17b076c6e
2025-07-06 13:09:11.046886,bf996092-8d66-408a-8d8e-5065ca3330c2,967e785d-d83c-490b-8d6a-2ed926c956ac,fa26a5b5-f5b6-4510-9ce6-73464cb276a4,2953b630-482e-4ab2-933b-1ccdbbf33504,
2025-04-30 06:42:32.74936,bf996092-8d66-408a-8d8e-5065ca3330c2,967e785d-d83c-490b-8d6a-2ed926c956ac,fb8fdfba-141a-407d-b487-1fbe9a1d1e13,,21414b75-0903-479a-8582-22029922bf8d
2025-06-26 10:03:51.986333,bf996092-8d66-408a-8d8e-5065ca3330c2,967e785d-d83c-490b-8d6a-2ed926c956ac,fdf68456-e070-4459-86eb-7df843d34ba5,,1194be25-7926-4402-b823-a8a4cb29f3ab
2025-04-30 06:42:32.989852,bf996092-8d66-408a-8d8e-5065ca3330c2,967e785d-d83c-490b-8d6a-2ed926c956ac,feafd30d-684a-453a-a29e-4ea7cc920474,,83781303-0746-42ea-8f50-9fed12d9259c
2025-07-05 08:50:14.655974,bf996092-8d66-408a-8d8e-5065ca3330c2,967e785d-d83c-490b-8d6a-2ed926c956ac,ff358730-74fc-4ba6-9f2f-1f830f6774f9,6666eff2-5c57-4cd2-a1cb-8474337fd6a7,
2025-04-30 07:19:50.284194,bf996092-8d66-408a-8d8e-5065ca3330c2,967e785d-d83c-490b-8d6a-2ed926c956ac,ff3fb695-23b7-42e2-8185-b4e9a19a4656,,9057be57-a298-40ab-9ae3-201e412cca3e
2025-05-31 06:56:51.723631,bf996092-8d66-408a-8d8e-5065ca3330c2,e9b596f2-48ee-419b-a199-da304b38c398,06327b5c-c8d6-4077-a28e-28f1994783e8,,62bde098-2975-49a3-b9cb-67f963e9e22a
2025-05-31 06:55:47.468146,bf996092-8d66-408a-8d8e-5065ca3330c2,e9b596f2-48ee-419b-a199-da304b38c398,0b2e8e80-9c7c-42c7-b9bb-abe06093fc52,,6331c21e-3b6d-4be9-a779-64108af7a138
2025-05-31 06:55:15.1115,bf996092-8d66-408a-8d8e-5065ca3330c2,e9b596f2-48ee-419b-a199-da304b38c398,0b83b832-5851-4c26-8507-e18763d97fc8,,dd3a5f9c-4789-410c-abfc-03ebe804f503
2025-05-31 06:55:41.151879,bf996092-8d66-408a-8d8e-5065ca3330c2,e9b596f2-48ee-419b-a199-da304b38c398,0cdf274f-a76b-46ea-90bb-c1dc22be194b,,64ff57bf-5614-46c6-a5cc-9eafeeebc44c
2025-05-31 06:57:11.177272,bf996092-8d66-408a-8d8e-5065ca3330c2,e9b596f2-48ee-419b-a199-da304b38c398,109e6f7a-bda8-400a-9a00-6cd1afddf6a7,,50e04342-5167-4ccb-8bd5-c97646fa16ad
2025-05-31 06:56:14.10439,bf996092-8d66-408a-8d8e-5065ca3330c2,e9b596f2-48ee-419b-a199-da304b38c398,14955ff7-fe17-404e-ba5f-839dd839abad,,26aaa1bb-6f8c-4471-a389-2dab84742540
2025-05-31 06:55:27.529319,bf996092-8d66-408a-8d8e-5065ca3330c2,e9b596f2-48ee-419b-a199-da304b38c398,14a2adcb-2fc1-447f-8524-3c43dc9cf6da,,ec6e26f9-5a4d-4975-9665-f3aec89a90d9
2025-05-31 06:57:09.590334,bf996092-8d66-408a-8d8e-5065ca3330c2,e9b596f2-48ee-419b-a199-da304b38c398,18418606-dade-48ef-b288-36aaa6d2f753,,c4538b13-676f-4966-8b3f-d923822b3bc6
2025-05-31 06:56:06.815756,bf996092-8d66-408a-8d8e-5065ca3330c2,e9b596f2-48ee-419b-a199-da304b38c398,188c762a-46b6-4b94-a72c-254698034769,,edc713fd-6ce5-4006-9e26-81b2e7caab3c
2025-05-31 06:55:25.077261,bf996092-8d66-408a-8d8e-5065ca3330c2,e9b596f2-48ee-419b-a199-da304b38c398,19b70a2b-07c2-4e87-b825-fe31f9b1cd06,,e1f11f6c-15de-4a97-9b7c-c83cc0523e35
2025-05-31 06:56:08.175566,bf996092-8d66-408a-8d8e-5065ca3330c2,e9b596f2-48ee-419b-a199-da304b38c398,1c80b315-245a-4dfc-9719-ccd80ac5805b,,0b3d2c60-3055-4249-80e6-3c6cc1ea9c0f
2025-05-31 06:56:39.748544,bf996092-8d66-408a-8d8e-5065ca3330c2,e9b596f2-48ee-419b-a199-da304b38c398,234fcfb9-f98d-43e9-ab95-f02d487fb40e,,67187c87-cdff-460b-b863-c03e61f7c066
2025-05-31 06:56:53.081962,bf996092-8d66-408a-8d8e-5065ca3330c2,e9b596f2-48ee-419b-a199-da304b38c398,2722a0c3-85c5-41d2-b087-b5782c11b9ac,,5b8e7abc-5f36-4427-bbe2-f7da066d9a4e
2025-05-31 06:55:20.443424,bf996092-8d66-408a-8d8e-5065ca3330c2,e9b596f2-48ee-419b-a199-da304b38c398,2d473a35-4493-4f0c-b2e7-31c82ac62673,,db7c83db-ba88-4ef6-8f28-a17d98d9fc67
2025-05-31 06:57:07.358601,bf996092-8d66-408a-8d8e-5065ca3330c2,e9b596f2-48ee-419b-a199-da304b38c398,39dad2bd-1b7b-4c06-82a2-8f5547394636,,a00aed07-2f61-44d8-902f-b5a2c28fbf3d
2025-05-31 06:56:17.248201,bf996092-8d66-408a-8d8e-5065ca3330c2,e9b596f2-48ee-419b-a199-da304b38c398,3ac96de5-be22-4f60-9256-83d006983c7c,,fe5f458b-aa2f-4ed4-9f22-5e8eb60e6410
2025-05-31 06:55:11.039208,bf996092-8d66-408a-8d8e-5065ca3330c2,e9b596f2-48ee-419b-a199-da304b38c398,3ebf8b2a-553a-4e55-ae10-a6c0bea7a9a5,,d74a2445-763d-4354-bf6d-44114ccc680e
2025-05-31 06:55:52.600975,bf996092-8d66-408a-8d8e-5065ca3330c2,e9b596f2-48ee-419b-a199-da304b38c398,425ca8e3-69ab-442d-8aef-27591d9f1fb9,,1c440171-383a-4e00-91ed-c2ace09e07b7
2025-05-31 06:56:22.118323,bf996092-8d66-408a-8d8e-5065ca3330c2,e9b596f2-48ee-419b-a199-da304b38c398,43aac86e-3e61-4ab3-9852-2d357d54aa94,,9e76f722-f153-4357-aac8-625edb81877e
2025-05-31 06:55:12.78957,bf996092-8d66-408a-8d8e-5065ca3330c2,e9b596f2-48ee-419b-a199-da304b38c398,46869a17-aa2e-446a-81b7-fac6697788ba,,2489ab82-b953-42f1-9444-13914ae32320
2025-05-31 06:55:32.718638,bf996092-8d66-408a-8d8e-5065ca3330c2,e9b596f2-48ee-419b-a199-da304b38c398,4aa3a778-0fd8-46d9-aeee-55346aea8ac8,,274cfdd4-6bba-4ad2-982a-205865955343
2025-05-31 06:56:37.968239,bf996092-8d66-408a-8d8e-5065ca3330c2,e9b596f2-48ee-419b-a199-da304b38c398,4bc63838-f7c5-47fe-af4c-e1cb3d13f6c7,,3115bd3b-de34-4236-97a2-de2aa5c32613
2025-05-31 06:57:00.818811,bf996092-8d66-408a-8d8e-5065ca3330c2,e9b596f2-48ee-419b-a199-da304b38c398,4c1550fa-a2cb-47a5-9231-3840d7ec5065,,e26a37d5-e9cf-42c5-a51c-0b469d8b6452
2025-05-31 06:56:36.33722,bf996092-8d66-408a-8d8e-5065ca3330c2,e9b596f2-48ee-419b-a199-da304b38c398,4ea7bfb5-784f-4fca-961d-88ea5edb2746,,5ac5e69e-b950-4914-9d8c-71d90ee8dfda
2025-05-31 06:55:29.137826,bf996092-8d66-408a-8d8e-5065ca3330c2,e9b596f2-48ee-419b-a199-da304b38c398,550710d2-1140-4b37-84dd-7aa95308f6d1,,b258955a-c6b9-4f9f-ae5d-0afe72d859b4
2025-05-31 06:56:09.817411,bf996092-8d66-408a-8d8e-5065ca3330c2,e9b596f2-48ee-419b-a199-da304b38c398,5fed4b28-f8ea-4208-8138-84825207c67d,,c8f2fb52-bfa6-4f58-bd63-4e60503fa95a
2025-05-31 06:55:43.793232,bf996092-8d66-408a-8d8e-5065ca3330c2,e9b596f2-48ee-419b-a199-da304b38c398,6c7c8b76-3231-40fb-a971-14ec45f2760b,,0d203a63-eb6e-4783-8332-55f29e18df15
2025-05-31 06:55:59.493023,bf996092-8d66-408a-8d8e-5065ca3330c2,e9b596f2-48ee-419b-a199-da304b38c398,6f6e92f9-36f7-44ab-8e4b-d3e4fa7894ba,,0e5f864a-2630-49c9-af86-6be6858482db
2025-05-31 06:56:42.734518,bf996092-8d66-408a-8d8e-5065ca3330c2,e9b596f2-48ee-419b-a199-da304b38c398,7b57af4a-f01c-449d-92e9-4a7e4e25e3a9,,eb152b7f-89fe-4b73-9911-f0d37f983aae
2025-05-31 06:57:12.04893,bf996092-8d66-408a-8d8e-5065ca3330c2,e9b596f2-48ee-419b-a199-da304b38c398,7da37bd6-7157-429c-9f95-e4b4ddf198ca,,c9c64293-3ce0-4471-9b2a-c9b565801024
2025-05-31 06:56:02.278225,bf996092-8d66-408a-8d8e-5065ca3330c2,e9b596f2-48ee-419b-a199-da304b38c398,8b74cc4c-5006-46e0-b621-8316528c4d3c,,0b4c4de7-83eb-46b2-a6bc-941c080f4959
2025-05-31 06:56:48.242687,bf996092-8d66-408a-8d8e-5065ca3330c2,e9b596f2-48ee-419b-a199-da304b38c398,8d20c783-eb4d-4f30-ad56-5fd1f29a4ec3,,940cceb8-aa06-4fa6-a718-bd4433d0bb92
2025-05-31 06:56:41.402726,bf996092-8d66-408a-8d8e-5065ca3330c2,e9b596f2-48ee-419b-a199-da304b38c398,8ea4437d-a6c2-4c42-af2b-e5eac1f62c7d,,a095f64c-39a6-429d-a5fb-5e376edf12e8
2025-05-31 06:55:19.032044,bf996092-8d66-408a-8d8e-5065ca3330c2,e9b596f2-48ee-419b-a199-da304b38c398,95f69544-ccdc-43ab-9e68-03ef7933076f,,972e0963-7425-4551-b60e-c7cf088ecc46
2025-05-31 06:55:17.583403,bf996092-8d66-408a-8d8e-5065ca3330c2,e9b596f2-48ee-419b-a199-da304b38c398,972f7695-09b3-455a-84c1-7dd4c6f3c339,,986491c8-76a3-4746-88a2-710448219092
2025-05-31 06:55:48.900134,bf996092-8d66-408a-8d8e-5065ca3330c2,e9b596f2-48ee-419b-a199-da304b38c398,9967ea58-e4fc-4a63-9c75-11714972780b,,5cbc0ce6-35a7-4797-8e84-e93a9efb866d
2025-05-31 06:56:23.868312,bf996092-8d66-408a-8d8e-5065ca3330c2,e9b596f2-48ee-419b-a199-da304b38c398,9ae7f78c-f43d-4a49-8597-2cfd7b93d243,,1db894a3-bf26-4b5f-8c1f-6ab4189f4356
2025-05-31 06:55:54.829961,bf996092-8d66-408a-8d8e-5065ca3330c2,e9b596f2-48ee-419b-a199-da304b38c398,9b1595c0-55ba-4897-b22a-e8ca83951e6f,,57bd980f-4e99-4097-9ed6-77e838915d2f
2025-05-31 06:56:16.53548,bf996092-8d66-408a-8d8e-5065ca3330c2,e9b596f2-48ee-419b-a199-da304b38c398,a23df71a-dfb9-4be8-8489-0bfee9432b79,,320e01bf-0eb9-492c-b60c-10e26513665e
2025-05-31 06:56:31.202875,bf996092-8d66-408a-8d8e-5065ca3330c2,e9b596f2-48ee-419b-a199-da304b38c398,a296a792-f260-49ba-9362-50bab014cff2,,418c165b-5006-4f6b-89b0-6397f743c46c
2025-05-31 06:55:42.363043,bf996092-8d66-408a-8d8e-5065ca3330c2,e9b596f2-48ee-419b-a199-da304b38c398,a8a3d261-8df8-42d9-bac3-46379f19f097,,21a1c2d1-da95-4e0c-9a65-785b899072aa
2025-05-31 06:56:05.569834,bf996092-8d66-408a-8d8e-5065ca3330c2,e9b596f2-48ee-419b-a199-da304b38c398,aa40552a-0551-4ad6-bad2-c8f3ab9902ab,,62ea6f84-04d1-4572-bf78-356520667117
2025-05-31 06:56:03.574115,bf996092-8d66-408a-8d8e-5065ca3330c2,e9b596f2-48ee-419b-a199-da304b38c398,af00334a-b035-4175-87cf-c9553232dc2c,,06ae0d4b-7185-4c9f-a3f3-ae1b7705a45c
2025-05-31 06:57:05.689989,bf996092-8d66-408a-8d8e-5065ca3330c2,e9b596f2-48ee-419b-a199-da304b38c398,b29ccb5c-7167-44be-af2a-ecf2afe2fd41,,05370eb0-2712-4c8f-ad5d-1cfe5d094738
2025-05-31 06:56:59.493846,bf996092-8d66-408a-8d8e-5065ca3330c2,e9b596f2-48ee-419b-a199-da304b38c398,c68c7a0f-3701-4603-9d92-a4a352f6b20d,,8ed96485-48cd-458d-bd9c-e92f105213cc
2025-05-31 06:55:56.813836,bf996092-8d66-408a-8d8e-5065ca3330c2,e9b596f2-48ee-419b-a199-da304b38c398,ca3b64db-1913-4f70-997a-79321a6f74c0,,5ae2741a-33b7-4da3-9e2d-e621c6b4953e
2025-05-31 06:56:25.056915,bf996092-8d66-408a-8d8e-5065ca3330c2,e9b596f2-48ee-419b-a199-da304b38c398,d0096db8-bdc5-4421-be79-56c2ce446eb4,,0f937bf6-cff5-4897-ab53-fc9d7354fc31
2025-05-31 06:56:20.839932,bf996092-8d66-408a-8d8e-5065ca3330c2,e9b596f2-48ee-419b-a199-da304b38c398,d6fba510-415c-4b60-b58a-031306fae6f9,,d6b8b7aa-f5e3-4935-a9d6-d571589a093c
2025-05-31 06:56:18.839244,bf996092-8d66-408a-8d8e-5065ca3330c2,e9b596f2-48ee-419b-a199-da304b38c398,d9e5411c-92e5-4b27-8b9a-fa94bf0ace86,,4412db4f-b187-4d04-98eb-6e1f66215032
2025-05-31 06:57:02.442352,bf996092-8d66-408a-8d8e-5065ca3330c2,e9b596f2-48ee-419b-a199-da304b38c398,de167336-1b9a-4be5-bcd2-608312514325,,eb23b65a-3fe2-4719-a603-a13e82eb8ebf
2025-05-31 06:56:28.810306,bf996092-8d66-408a-8d8e-5065ca3330c2,e9b596f2-48ee-419b-a199-da304b38c398,e7ab538e-c612-4ab2-898e-111cf04e88cf,,d24bd4ed-60a5-4fc6-a0b9-858b4f3206fe
2025-05-31 06:56:49.939185,bf996092-8d66-408a-8d8e-5065ca3330c2,e9b596f2-48ee-419b-a199-da304b38c398,f586506b-7593-46e6-84db-bd561d087c69,,be66f79d-d6b9-4412-8772-5d61e6cb9fde
2025-05-31 06:56:32.577215,bf996092-8d66-408a-8d8e-5065ca3330c2,e9b596f2-48ee-419b-a199-da304b38c398,fa38df12-8870-44af-a9d7-a8489849312d,,32f4d73e-1bfe-4eca-82d9-162b9eeaa334
2025-05-31 06:57:03.511597,bf996092-8d66-408a-8d8e-5065ca3330c2,e9b596f2-48ee-419b-a199-da304b38c398,fc6ac9bf-e80b-4bc6-acd4-353f274b108e,,34707a1e-5a94-420c-a011-3f824d99ac66
2025-05-21 10:39:39.837363,bf996092-8d66-408a-8d8e-5065ca3330c2,b8edcd70-28bb-4319-af76-e8f8c0a1cd67,0402a93c-0996-4ad9-bf42-5c72897d669a,,794f6d34-6c77-4fe9-9689-445c2afcd1e3
2025-05-21 10:39:35.514209,bf996092-8d66-408a-8d8e-5065ca3330c2,b8edcd70-28bb-4319-af76-e8f8c0a1cd67,046a9dd3-5f5b-4cf0-b2c5-6ea7667a55d8,,11f00fe4-623a-416f-8a78-4e6d70eba5ca
2025-05-21 10:39:34.79224,bf996092-8d66-408a-8d8e-5065ca3330c2,b8edcd70-28bb-4319-af76-e8f8c0a1cd67,0b81da7d-2eed-45fb-a66c-c94683747cfb,,fd411e02-2529-433b-8d9f-cf710f16a3ab
2025-05-21 10:39:38.348476,bf996092-8d66-408a-8d8e-5065ca3330c2,b8edcd70-28bb-4319-af76-e8f8c0a1cd67,10b098da-839e-4aac-a047-4af7345c6a4d,,624d1e72-333b-4c1d-8b0d-d4aca4757f52
2025-05-21 10:40:07.558933,bf996092-8d66-408a-8d8e-5065ca3330c2,b8edcd70-28bb-4319-af76-e8f8c0a1cd67,18d67e47-e18b-4d48-b693-0910d8f6295a,,28f5cbb8-d3e1-4279-b5cb-df5426cc2d98
2025-05-21 10:39:47.038616,bf996092-8d66-408a-8d8e-5065ca3330c2,b8edcd70-28bb-4319-af76-e8f8c0a1cd67,1c557253-f948-406f-b069-da25044bfc2b,,414c1c2e-d022-4e35-8f32-725268a9b5df
2025-05-21 10:39:34.441929,bf996092-8d66-408a-8d8e-5065ca3330c2,b8edcd70-28bb-4319-af76-e8f8c0a1cd67,290c7bfb-3a1f-42ee-b4af-87521e134d0f,,563563a0-ee5b-48c5-8a7e-d8ee461dad25
2025-05-21 10:39:20.844977,bf996092-8d66-408a-8d8e-5065ca3330c2,b8edcd70-28bb-4319-af76-e8f8c0a1cd67,2d2e0112-ebc1-4324-aa10-67936b9c5b98,,0eed647f-a284-4828-aa23-e4e868ea4508
2025-05-21 10:39:40.994092,bf996092-8d66-408a-8d8e-5065ca3330c2,b8edcd70-28bb-4319-af76-e8f8c0a1cd67,2dba8ae3-2342-40b3-8285-eb12264aa0ec,,6d0baf6a-40af-4c73-9d4c-d609ccb35a25
2025-05-21 10:39:56.809248,bf996092-8d66-408a-8d8e-5065ca3330c2,b8edcd70-28bb-4319-af76-e8f8c0a1cd67,31c14abe-ac97-4004-8957-2b28f8a8b731,,b65c0eab-c88c-46db-84dc-6b3239a8f1c4
2025-05-21 10:39:41.401009,bf996092-8d66-408a-8d8e-5065ca3330c2,b8edcd70-28bb-4319-af76-e8f8c0a1cd67,326789a3-e688-4223-936f-ecfd19a807da,,58d76d99-de9c-47b4-a1a3-e256c806da62
2025-05-21 10:39:40.137222,bf996092-8d66-408a-8d8e-5065ca3330c2,b8edcd70-28bb-4319-af76-e8f8c0a1cd67,36535b2f-eb39-45ec-8b9a-94799b61eaac,,6b9a0f83-e655-4d84-8e08-2ff614bc9c25
2025-05-21 10:39:51.622538,bf996092-8d66-408a-8d8e-5065ca3330c2,b8edcd70-28bb-4319-af76-e8f8c0a1cd67,39bfb974-dae6-4d0b-99bd-3877849f6c82,,1e0aeed8-bb1e-4f7d-a391-2a4be72bb9e7
2025-05-21 10:39:42.572576,bf996092-8d66-408a-8d8e-5065ca3330c2,b8edcd70-28bb-4319-af76-e8f8c0a1cd67,3cec9ec4-dc1a-4398-805c-201e8d53c017,,bb8c3874-8601-4f29-85bc-5b27f6576880
2025-05-21 10:39:49.11674,bf996092-8d66-408a-8d8e-5065ca3330c2,b8edcd70-28bb-4319-af76-e8f8c0a1cd67,43f19d86-4589-42e6-aa12-ce8cad3dc59a,,f7df7d2a-eb5a-4adf-b475-cd7a477ec790
2025-05-21 10:40:00.844541,bf996092-8d66-408a-8d8e-5065ca3330c2,b8edcd70-28bb-4319-af76-e8f8c0a1cd67,45efd2bd-d9b5-4bd2-ac3b-20a1588951b9,,5e3b2a43-2d46-4389-8843-6e19bae34c15
2025-05-21 10:39:35.997685,bf996092-8d66-408a-8d8e-5065ca3330c2,b8edcd70-28bb-4319-af76-e8f8c0a1cd67,59cb9985-e9c1-43cb-9c55-ca819416ae6f,,ef984578-f087-4d2f-82fd-690cdab1600c
2025-05-21 10:39:29.469662,bf996092-8d66-408a-8d8e-5065ca3330c2,b8edcd70-28bb-4319-af76-e8f8c0a1cd67,5cb41509-c5a9-45a0-9386-450d690c678f,,bc9d0af5-231a-4a3e-ae3b-0d197279aec9
2025-05-21 10:39:26.436765,bf996092-8d66-408a-8d8e-5065ca3330c2,b8edcd70-28bb-4319-af76-e8f8c0a1cd67,7349aa1d-db9e-43e0-a3cd-c68743e891eb,,3a9c878d-9801-43b1-bd4f-3641adf774f9
2025-05-21 10:39:45.775314,bf996092-8d66-408a-8d8e-5065ca3330c2,b8edcd70-28bb-4319-af76-e8f8c0a1cd67,74d5dc79-a3eb-46dd-ace0-27d00b962638,,5c355724-088a-49e3-9118-b90ddc9da5b9
2025-05-21 10:39:14.494603,bf996092-8d66-408a-8d8e-5065ca3330c2,b8edcd70-28bb-4319-af76-e8f8c0a1cd67,79343494-e880-4366-9472-3378ccabd104,,a1b6d225-cf36-43d1-99cd-94d3c3e26e01
2025-05-21 10:39:17.511086,bf996092-8d66-408a-8d8e-5065ca3330c2,b8edcd70-28bb-4319-af76-e8f8c0a1cd67,7bddbb1e-3bb7-483c-af61-c28ba2e8a775,,fee185fe-0f29-432e-a42f-e65995fc5ae2
2025-05-21 10:40:16.476533,bf996092-8d66-408a-8d8e-5065ca3330c2,b8edcd70-28bb-4319-af76-e8f8c0a1cd67,84928b33-35ec-4c7f-a6ea-96a4552c91c3,,3bc09295-7db4-4380-9a9a-fb6ee6a75592
2025-05-21 10:39:33.953573,bf996092-8d66-408a-8d8e-5065ca3330c2,b8edcd70-28bb-4319-af76-e8f8c0a1cd67,854dcc3a-ebb7-4251-86d1-7e6f4962da2d,,b4afeffb-7bd8-4bb4-93be-825570ba1603
2025-05-21 10:39:51.370571,bf996092-8d66-408a-8d8e-5065ca3330c2,b8edcd70-28bb-4319-af76-e8f8c0a1cd67,882d5774-2353-423e-a7a3-2af55f7406ed,,4126cdbe-45c0-43f8-b536-5ff85944c929
2025-05-21 10:39:38.006283,bf996092-8d66-408a-8d8e-5065ca3330c2,b8edcd70-28bb-4319-af76-e8f8c0a1cd67,8c017f33-bf5a-4870-a078-cb6b9c2fc43c,,e4f4e204-ed78-446c-9625-9a9f51922445
2025-05-21 10:39:37.559713,bf996092-8d66-408a-8d8e-5065ca3330c2,b8edcd70-28bb-4319-af76-e8f8c0a1cd67,8dd2caef-18e8-4ad0-912c-3dd0a9368452,,0f240a58-af84-44dc-87de-516d532e9472
2025-05-21 10:39:48.949604,bf996092-8d66-408a-8d8e-5065ca3330c2,b8edcd70-28bb-4319-af76-e8f8c0a1cd67,8f439fe3-a7b8-413c-ba65-49f9a33de6a0,,56700dbb-eddc-4e22-a1e9-74f392c15ccd
2025-05-21 10:39:21.936973,bf996092-8d66-408a-8d8e-5065ca3330c2,b8edcd70-28bb-4319-af76-e8f8c0a1cd67,92be2626-d505-44f6-bae6-e10cc8441535,,dce7e460-727b-4dfa-958a-50995247b451
2025-05-21 10:39:14.468159,bf996092-8d66-408a-8d8e-5065ca3330c2,b8edcd70-28bb-4319-af76-e8f8c0a1cd67,94d1be1b-d88a-426c-8305-c410b8bd6e80,,2dc1aeb3-1176-4848-a19a-f3757d8b192a
2025-05-21 10:39:52.721742,bf996092-8d66-408a-8d8e-5065ca3330c2,b8edcd70-28bb-4319-af76-e8f8c0a1cd67,99251054-ed60-44a2-b777-9463344ac283,,7c74193b-3d03-4ddd-a385-35b52082ffba
2025-05-21 10:39:59.446681,bf996092-8d66-408a-8d8e-5065ca3330c2,b8edcd70-28bb-4319-af76-e8f8c0a1cd67,9942787f-ee92-4b2b-bcfd-ae5e9a3a77a5,,6d0cf60d-7594-4a7d-99a2-acd1f337b5c3
2025-05-21 10:39:15.01472,bf996092-8d66-408a-8d8e-5065ca3330c2,b8edcd70-28bb-4319-af76-e8f8c0a1cd67,a0239129-851a-421a-bbe8-2cdac51af69f,,c0a63482-2496-426f-b40f-d703879e2534
2025-05-21 10:39:56.301324,bf996092-8d66-408a-8d8e-5065ca3330c2,b8edcd70-28bb-4319-af76-e8f8c0a1cd67,a7d76e06-de32-444f-9a2b-be20cd8f0a50,,2bc610d3-5151-43b4-b4ec-0def24be5cf8
2025-05-21 10:39:24.851542,bf996092-8d66-408a-8d8e-5065ca3330c2,b8edcd70-28bb-4319-af76-e8f8c0a1cd67,a97d742e-94ca-4b38-9954-87f5c4c429ed,,1e7f64c2-1a47-4dab-84a4-f9e3d633058c
2025-05-21 10:39:28.150021,bf996092-8d66-408a-8d8e-5065ca3330c2,b8edcd70-28bb-4319-af76-e8f8c0a1cd67,ae7a4008-56d8-4851-af89-d05f312e3a6d,,811a0a90-4e08-4be9-9259-69b08bc8c382
2025-05-21 10:39:44.226879,bf996092-8d66-408a-8d8e-5065ca3330c2,b8edcd70-28bb-4319-af76-e8f8c0a1cd67,b3ad04cb-80ef-485e-841d-9305370b552e,,207a41d2-2e80-4b48-834a-75e0cce841bd
2025-05-21 10:39:23.990591,bf996092-8d66-408a-8d8e-5065ca3330c2,b8edcd70-28bb-4319-af76-e8f8c0a1cd67,b4702d0b-5877-4d71-8336-bca77a55af61,,1d131c04-8ec2-484b-93b1-0883a1c0ecab
2025-05-21 10:39:54.210177,bf996092-8d66-408a-8d8e-5065ca3330c2,b8edcd70-28bb-4319-af76-e8f8c0a1cd67,c5047e24-083d-45e6-93de-83a6b110f7c7,,624995c1-a47e-470c-a613-52f4bc70d935
2025-05-21 10:39:39.912412,bf996092-8d66-408a-8d8e-5065ca3330c2,b8edcd70-28bb-4319-af76-e8f8c0a1cd67,c6335243-e1ed-496e-b815-f715f8b59b0a,,b73962c8-bc4a-4623-b4b9-1e15afa8c746
2025-05-21 10:39:32.441665,bf996092-8d66-408a-8d8e-5065ca3330c2,b8edcd70-28bb-4319-af76-e8f8c0a1cd67,c660d64e-a06d-46e7-b0ec-7170a0ad1311,,7b135a55-a8ff-4ab8-9623-cb0fb970927f
2025-05-21 10:39:44.08346,bf996092-8d66-408a-8d8e-5065ca3330c2,b8edcd70-28bb-4319-af76-e8f8c0a1cd67,c765b610-3082-4cf4-a4cf-ab34276d92ed,,d7cdf10f-0a58-4826-ac83-f4416296c701
2025-05-21 10:39:40.647804,bf996092-8d66-408a-8d8e-5065ca3330c2,b8edcd70-28bb-4319-af76-e8f8c0a1cd67,c8aae455-dabb-4397-bb1a-988b3ad4388b,,b097d64e-c4a3-4bf6-ba52-67eefbb699bf
2025-05-21 10:40:03.626277,bf996092-8d66-408a-8d8e-5065ca3330c2,b8edcd70-28bb-4319-af76-e8f8c0a1cd67,cfdf307e-01ad-4bd2-8d9b-9941b94ce78e,,5287ec77-0763-47fe-b406-3ebc7e692f86
2025-05-21 10:39:33.093677,bf996092-8d66-408a-8d8e-5065ca3330c2,b8edcd70-28bb-4319-af76-e8f8c0a1cd67,d19a7b21-62cb-4c49-b47b-711dbeeeb094,,d2b2326e-a2e6-4f8a-836d-56e530c9f3ef
2025-05-21 10:40:09.296616,bf996092-8d66-408a-8d8e-5065ca3330c2,b8edcd70-28bb-4319-af76-e8f8c0a1cd67,d95ef69c-467d-4cce-9eb8-f091c8c7b542,,7931f1cb-55e8-4b52-932e-e8840042d258
2025-05-21 10:39:43.311833,bf996092-8d66-408a-8d8e-5065ca3330c2,b8edcd70-28bb-4319-af76-e8f8c0a1cd67,e3441a87-39bb-4b83-9367-f9611944f257,,3cb2287d-521b-4f00-ae40-5d9ce8476f1a
2025-05-21 10:39:43.190755,bf996092-8d66-408a-8d8e-5065ca3330c2,b8edcd70-28bb-4319-af76-e8f8c0a1cd67,e3c56b78-a5ac-4999-9663-79a0cb5bf560,,1bf221e6-f291-48a9-afa3-82402aa3fdfd
2025-05-21 10:39:48.497327,bf996092-8d66-408a-8d8e-5065ca3330c2,b8edcd70-28bb-4319-af76-e8f8c0a1cd67,e6da010c-1941-4bc7-9881-b28e60886277,,9fab124b-a069-4e4e-8fa7-79d24cd64920
2025-05-21 10:39:26.147088,bf996092-8d66-408a-8d8e-5065ca3330c2,b8edcd70-28bb-4319-af76-e8f8c0a1cd67,e80c3822-e37f-4e07-8792-27176ce37ad3,,c5829784-dc85-4295-8989-d236f4d1fb6b
2025-05-21 10:40:08.275275,bf996092-8d66-408a-8d8e-5065ca3330c2,b8edcd70-28bb-4319-af76-e8f8c0a1cd67,ede83aa6-fb91-45c2-adb3-ae0c24458f98,,02ebd9da-44c1-4619-b3fa-8a0aaf3680c4
2025-05-21 10:39:19.494548,bf996092-8d66-408a-8d8e-5065ca3330c2,b8edcd70-28bb-4319-af76-e8f8c0a1cd67,f2b9f898-b41f-4758-99ff-8432f8f3927a,,56aecef7-ad18-4d18-819b-a4c2a229553f
2025-05-21 10:39:19.852356,bf996092-8d66-408a-8d8e-5065ca3330c2,b8edcd70-28bb-4319-af76-e8f8c0a1cd67,f5f33232-9967-4ebc-a507-2980a0a1d9f7,,fd20acb9-bd46-4aec-88ed-748378863577
2025-05-21 10:39:44.607025,bf996092-8d66-408a-8d8e-5065ca3330c2,b8edcd70-28bb-4319-af76-e8f8c0a1cd67,f88e4d08-86fd-4b3e-8864-1a06ba9548ae,,0eda0fce-142a-4f52-8710-6aa8c8cf10b3
2025-03-21 06:33:15.533855,bf996092-8d66-408a-8d8e-5065ca3330c2,1087faa2-780e-45f2-a023-368facf7cc30,a3259db3-f576-463e-abaf-6de4da16510f,,470921ba-f697-4894-8948-97463857062d
2025-06-09 07:21:52.31556,bf996092-8d66-408a-8d8e-5065ca3330c2,5f478d4c-bbba-42cf-9532-4c830f687b31,de310bd1-32e5-4bd6-ac1f-393021a5297b,,039568c5-cd8d-45ac-981a-18c62f653db2
2025-06-09 07:21:52.148212,bf996092-8d66-408a-8d8e-5065ca3330c2,5f478d4c-bbba-42cf-9532-4c830f687b31,eedf87ae-0cd9-4b59-9603-71f7ff814b45,,90ea04a1-5c90-435e-83e4-58736249044e
2025-02-10 11:53:11.825505,bf996092-8d66-408a-8d8e-5065ca3330c2,1b9ab417-1b67-460b-a854-2e443d5b6f4f,b6ac6afb-e7bb-463f-94b1-ddfeb9d2d484,,9a8001d0-1f1d-4d3b-b39b-a01991768ae0
2025-02-21 13:16:35.951828,bf996092-8d66-408a-8d8e-5065ca3330c2,d3e63b56-0fd8-48c4-a595-b59dec992cd7,49261c12-8331-4b43-b880-6acf1655dd12,,027263f8-4543-41ca-8c77-ce9c50422ddf
2025-02-18 04:41:59.823085,bf996092-8d66-408a-8d8e-5065ca3330c2,85aceded-1588-4f99-bfba-6fe212b8cb9a,158f9e29-205d-4ea8-972b-055b8203c785,,7e0e10cd-1626-4921-870f-ae7437abdf79
2025-02-01 04:02:21.268449,bf996092-8d66-408a-8d8e-5065ca3330c2,3473261e-0400-4f3f-881d-b12012018bee,49371585-5f03-4447-89a0-6bda3556a658,,34a5a5b3-7d6d-4b49-9490-04920b1360d8
2025-02-01 04:01:59.593764,bf996092-8d66-408a-8d8e-5065ca3330c2,3473261e-0400-4f3f-881d-b12012018bee,e72a2121-2dbc-4a29-a0ac-f1fd9c43ebc1,,f1356ae8-126b-43dc-8cb5-1edaad707eef
2025-05-21 11:29:32.775761,bf996092-8d66-408a-8d8e-5065ca3330c2,2407fb98-b0ae-4470-944d-73b14ccc6347,b69f54b3-b10c-4584-9320-c7a0be5dd9e6,,ba42db37-8f13-43b4-98c3-0c1fc1fa92d9
2025-05-21 10:51:54.770548,bf996092-8d66-408a-8d8e-5065ca3330c2,f6ab14eb-1a66-4ea5-8a0f-0afbda444403,0031ca04-ba3e-4798-a9cf-f7076ea22109,,3ed6f065-0aaa-4c62-a4f4-7e5e3d1ef052
2025-05-21 10:51:54.351909,bf996092-8d66-408a-8d8e-5065ca3330c2,f6ab14eb-1a66-4ea5-8a0f-0afbda444403,034334e8-c43d-4a5e-b0cf-9444d8099bff,,b10308f3-cc55-458d-b3fc-8c87126f821c
2025-06-13 10:03:57.648746,bf996092-8d66-408a-8d8e-5065ca3330c2,f6ab14eb-1a66-4ea5-8a0f-0afbda444403,059be22b-4966-4817-804c-fd63ba6a4902,,972c96b6-8313-4761-a2f8-34e0c3a47a50
2025-05-21 10:52:11.098809,bf996092-8d66-408a-8d8e-5065ca3330c2,f6ab14eb-1a66-4ea5-8a0f-0afbda444403,089ea4f3-058d-4568-a09e-00926e505efb,,2f1b147c-e44f-4647-a95d-f4325b104922
2025-06-13 09:51:19.954624,bf996092-8d66-408a-8d8e-5065ca3330c2,f6ab14eb-1a66-4ea5-8a0f-0afbda444403,09c0a8d7-e741-4cbb-818a-4753ac304a00,,24c5f8aa-05b3-4d68-ac3d-9703e1356009
2025-06-13 09:49:12.115781,bf996092-8d66-408a-8d8e-5065ca3330c2,f6ab14eb-1a66-4ea5-8a0f-0afbda444403,0ab693b4-f08d-48ae-a77b-6acfd8ff497e,,3690abfb-62b7-442b-bed2-584b4f14f0e2
2025-05-21 10:51:54.166801,bf996092-8d66-408a-8d8e-5065ca3330c2,f6ab14eb-1a66-4ea5-8a0f-0afbda444403,0bf5052d-450e-4a25-b377-2c8f75795876,,dba89eca-f5fd-4126-bb66-fc27d76f08b6
2025-05-21 10:52:05.311208,bf996092-8d66-408a-8d8e-5065ca3330c2,f6ab14eb-1a66-4ea5-8a0f-0afbda444403,0f2da1ef-cbb0-482b-ae09-2a44befde158,,f8a636d2-b96f-4a33-a73f-2aa5a6e4d57d
2025-05-21 10:52:02.66346,bf996092-8d66-408a-8d8e-5065ca3330c2,f6ab14eb-1a66-4ea5-8a0f-0afbda444403,119f437e-10a0-47b1-ac73-32e6b5d5eb9f,,9e641825-ab6e-4db9-9b96-0bdab845a6be
2025-06-13 10:02:04.851954,bf996092-8d66-408a-8d8e-5065ca3330c2,f6ab14eb-1a66-4ea5-8a0f-0afbda444403,12f62ae2-27e4-444e-8ccd-bb49289b60ef,,6ee204db-4f8a-429a-92b0-805e817f1333
2025-05-21 10:52:10.129383,bf996092-8d66-408a-8d8e-5065ca3330c2,f6ab14eb-1a66-4ea5-8a0f-0afbda444403,13009e49-4d96-48a4-8af6-7c92e5eb6fe8,,e4675416-1d7f-4427-8796-78622322abe7
2025-05-21 10:51:56.024922,bf996092-8d66-408a-8d8e-5065ca3330c2,f6ab14eb-1a66-4ea5-8a0f-0afbda444403,1666062c-17d9-4f69-9fe4-9dd6a237881b,,028d7b42-1877-40fd-84e4-45694c216d1a
2025-06-27 06:12:30.862242,bf996092-8d66-408a-8d8e-5065ca3330c2,f6ab14eb-1a66-4ea5-8a0f-0afbda444403,17c75f6e-b200-4709-9f1e-b53199dbf76e,,e7d0d9d7-7905-48c9-94a5-b5d2c38db107
2025-06-13 09:46:30.605928,bf996092-8d66-408a-8d8e-5065ca3330c2,f6ab14eb-1a66-4ea5-8a0f-0afbda444403,1a77ddec-8314-4503-9ca0-8e72cc51911d,,ada3ff28-cfe6-4ca7-a7e7-429dd6e95267
2025-05-21 10:52:01.280586,bf996092-8d66-408a-8d8e-5065ca3330c2,f6ab14eb-1a66-4ea5-8a0f-0afbda444403,1a990924-068e-4866-8007-06d5e4cc6d87,,c288c389-5ad7-4000-9c94-5bc2b0339053
2025-05-21 10:52:00.144645,bf996092-8d66-408a-8d8e-5065ca3330c2,f6ab14eb-1a66-4ea5-8a0f-0afbda444403,1b13604d-33b3-4995-aeb8-a60412b752c4,,626b0489-f12b-4341-92ae-3bc888a3d4d4
2025-06-13 09:57:29.073607,bf996092-8d66-408a-8d8e-5065ca3330c2,f6ab14eb-1a66-4ea5-8a0f-0afbda444403,1cca2510-823c-44f1-9a5c-148393181701,,fb046e34-05d9-401f-8b81-3177cfdaac03
2025-06-13 10:16:43.474561,bf996092-8d66-408a-8d8e-5065ca3330c2,f6ab14eb-1a66-4ea5-8a0f-0afbda444403,1d6b00b8-8465-4071-866a-ceb8ce0079a3,,55bc390a-fbc0-42c8-8f56-45446ef850b6
2025-06-13 09:47:18.113416,bf996092-8d66-408a-8d8e-5065ca3330c2,f6ab14eb-1a66-4ea5-8a0f-0afbda444403,1e292ed5-5f5d-4d49-b386-f5c4c92b223a,,129abd0d-a0dd-4cfc-9896-5e57d33dde4e
2025-06-27 05:43:57.070159,bf996092-8d66-408a-8d8e-5065ca3330c2,f6ab14eb-1a66-4ea5-8a0f-0afbda444403,1e3da65a-8c7e-4cd6-96f8-e4dd22b91d89,,d45f079b-689f-4642-bd8e-da6aa7437a8e
2025-06-27 05:28:41.946429,bf996092-8d66-408a-8d8e-5065ca3330c2,f6ab14eb-1a66-4ea5-8a0f-0afbda444403,203987fe-0ec8-4c27-abbf-df4e05d54f94,,46000f7b-06d2-4eba-9c9e-a968445d08a7
2025-05-21 10:51:53.918614,bf996092-8d66-408a-8d8e-5065ca3330c2,f6ab14eb-1a66-4ea5-8a0f-0afbda444403,21db7f8f-774e-48d6-a7f2-e177de440472,,e369feff-72bb-4506-9356-89016c8cc15e
2025-05-21 10:52:09.358501,bf996092-8d66-408a-8d8e-5065ca3330c2,f6ab14eb-1a66-4ea5-8a0f-0afbda444403,250187e2-e39a-4f3d-be84-59cbe24fcafa,,374a37b9-a936-4f5c-8cec-9217014896b5
2025-07-21 04:48:42.820433,bf996092-8d66-408a-8d8e-5065ca3330c2,f6ab14eb-1a66-4ea5-8a0f-0afbda444403,25448f78-65a6-483a-ae28-55b23ea3adb6,81399fbb-418d-41a7-be50-5aa65464a5fb,
2025-06-27 05:17:47.310161,bf996092-8d66-408a-8d8e-5065ca3330c2,f6ab14eb-1a66-4ea5-8a0f-0afbda444403,2668f1a9-962d-4b12-a890-590758d76843,,35bfad3d-e7a1-4780-9bf6-c6eff4e89b2b
2025-06-27 06:15:42.696095,bf996092-8d66-408a-8d8e-5065ca3330c2,f6ab14eb-1a66-4ea5-8a0f-0afbda444403,2775f108-ec6f-423c-aa9d-ac20f7a4f096,,c2393220-f4f2-47f4-abfa-a3fdcf669f7f
2025-06-27 05:58:37.894351,bf996092-8d66-408a-8d8e-5065ca3330c2,f6ab14eb-1a66-4ea5-8a0f-0afbda444403,29749fbf-fdbc-48a2-958f-5c1b168d39c0,,d2c6dbc4-b32d-4494-b76f-59aed4812603
2025-06-13 10:07:07.016923,bf996092-8d66-408a-8d8e-5065ca3330c2,f6ab14eb-1a66-4ea5-8a0f-0afbda444403,2a192646-34bd-4fea-942c-89239e3bbdde,,79bc53ee-4243-4569-8d53-08ef45168559
2025-06-27 06:08:12.647204,bf996092-8d66-408a-8d8e-5065ca3330c2,f6ab14eb-1a66-4ea5-8a0f-0afbda444403,2b1b8cd5-9cea-4269-a81b-97571667071e,,41ddebcc-8010-483a-bafe-e58f21dfc1bb
2025-06-27 06:11:39.47381,bf996092-8d66-408a-8d8e-5065ca3330c2,f6ab14eb-1a66-4ea5-8a0f-0afbda444403,2cf9e9ef-0857-4c65-b20e-d9b4d0fc4e25,,421f7194-d66c-4ab8-8f32-0ab5e61a215a
2025-06-27 05:40:58.166854,bf996092-8d66-408a-8d8e-5065ca3330c2,f6ab14eb-1a66-4ea5-8a0f-0afbda444403,2ea9d7fc-91fe-4036-b6b5-63f4ca2baffc,,ab32181f-e0bf-445b-8302-000d0c905aa7
2025-06-27 05:36:35.632154,bf996092-8d66-408a-8d8e-5065ca3330c2,f6ab14eb-1a66-4ea5-8a0f-0afbda444403,2f104139-759e-4413-956b-717a46181267,,df271325-d6bb-4f90-b152-d5ade6a47b92
2025-06-27 05:07:57.059848,bf996092-8d66-408a-8d8e-5065ca3330c2,f6ab14eb-1a66-4ea5-8a0f-0afbda444403,2fef5e9f-a9e8-4f06-ae36-5bc7242c8d7d,,e40375ef-d436-44be-a240-8a8fe67de003
2025-05-21 10:52:04.170034,bf996092-8d66-408a-8d8e-5065ca3330c2,f6ab14eb-1a66-4ea5-8a0f-0afbda444403,34756022-840a-44cd-aa3f-8781a30e04d2,,ee8f0f0e-9d46-4901-903d-5c137e12b44e
2025-06-27 05:20:37.631744,bf996092-8d66-408a-8d8e-5065ca3330c2,f6ab14eb-1a66-4ea5-8a0f-0afbda444403,351b2625-686e-4601-aefa-04e75bc41d99,,5609e63f-a49b-4120-9dbe-7a61c0dd2b61
2025-06-13 09:43:36.419074,bf996092-8d66-408a-8d8e-5065ca3330c2,f6ab14eb-1a66-4ea5-8a0f-0afbda444403,364fb40b-9601-4acf-b6e6-f366d2a66a9a,,24588aa3-bb4a-4ac7-8908-cfd2ad02fdc8
2025-08-13 10:22:07.717201,bf996092-8d66-408a-8d8e-5065ca3330c2,f6ab14eb-1a66-4ea5-8a0f-0afbda444403,369516b2-394f-4f8f-9cef-4a18fbb964c5,731c65ff-a88f-46d2-b85e-8f034be62e16,
2025-06-13 10:09:31.76452,bf996092-8d66-408a-8d8e-5065ca3330c2,f6ab14eb-1a66-4ea5-8a0f-0afbda444403,3695df43-c4db-4831-9078-aca5b717ab85,,8534e14e-a090-4e7c-9d34-fcc3122a8ab3
2025-05-21 10:52:04.526029,bf996092-8d66-408a-8d8e-5065ca3330c2,f6ab14eb-1a66-4ea5-8a0f-0afbda444403,3e2ebfdf-54db-4141-aae4-97d40b030c20,,83cb79b8-b2fe-4fa6-957a-1c0b7a7e52d3
2025-06-13 09:54:17.032394,bf996092-8d66-408a-8d8e-5065ca3330c2,f6ab14eb-1a66-4ea5-8a0f-0afbda444403,3fc5fcc9-6556-482d-81e4-c51bcb4f7770,,fbf3f209-44fa-4e15-8367-6c5892d3e6e5
2025-06-13 10:09:05.161066,bf996092-8d66-408a-8d8e-5065ca3330c2,f6ab14eb-1a66-4ea5-8a0f-0afbda444403,4181618b-ae0a-4da8-9806-a0e24dbfb4cc,,ccf567ee-63f7-4ad3-a529-fe6369a1c8af
2025-06-27 05:12:23.224852,bf996092-8d66-408a-8d8e-5065ca3330c2,f6ab14eb-1a66-4ea5-8a0f-0afbda444403,45acec2c-8f44-4157-9cfb-87c7da2b757c,,cf4d4005-b38e-4c21-8691-b4ef08cf67e7
2025-05-21 10:52:11.157187,bf996092-8d66-408a-8d8e-5065ca3330c2,f6ab14eb-1a66-4ea5-8a0f-0afbda444403,4c1831b3-fba9-446d-ac7c-1c6c1ecf5d24,,399707a9-90de-4e05-8776-60a232516777
2025-06-13 10:15:12.975701,bf996092-8d66-408a-8d8e-5065ca3330c2,f6ab14eb-1a66-4ea5-8a0f-0afbda444403,527bae70-68be-4d64-ae28-4c0dee167cfb,,77360310-61fd-4be9-9bda-f3b958b6e659
2025-05-21 10:51:52.501351,bf996092-8d66-408a-8d8e-5065ca3330c2,f6ab14eb-1a66-4ea5-8a0f-0afbda444403,5570a126-6eeb-4e9b-9429-ad0f3c704f23,,9b945289-6854-45b7-9682-e6b5c5c35f09
2025-07-28 10:15:10.153214,bf996092-8d66-408a-8d8e-5065ca3330c2,f6ab14eb-1a66-4ea5-8a0f-0afbda444403,55f22abf-496d-403a-83d8-942ccd576279,203987fe-0ec8-4c27-abbf-df4e05d54f94,
2025-06-13 10:15:41.736599,bf996092-8d66-408a-8d8e-5065ca3330c2,f6ab14eb-1a66-4ea5-8a0f-0afbda444403,5630c696-60f0-4405-8bd2-904c400266ae,,8d071901-9826-4e99-b03e-83272c957a11
2025-06-27 06:09:36.067975,bf996092-8d66-408a-8d8e-5065ca3330c2,f6ab14eb-1a66-4ea5-8a0f-0afbda444403,56e6b2a8-84f4-4d4a-a16c-36ed52b9bfcd,,f1d65924-389c-4407-8897-1b3497998295
2025-06-27 06:01:24.203659,bf996092-8d66-408a-8d8e-5065ca3330c2,f6ab14eb-1a66-4ea5-8a0f-0afbda444403,5ad24b81-1bb0-4c1a-ac43-4e62c93aaa20,,fe5d2a0b-b13e-4323-972a-2eaebd3fc0cb
2025-05-21 10:52:02.626641,bf996092-8d66-408a-8d8e-5065ca3330c2,f6ab14eb-1a66-4ea5-8a0f-0afbda444403,5fb0a55d-2b68-4650-9621-9509a94f4c0d,,80c6969e-f322-4322-a8d0-32bc06ccc4fd
2025-06-27 06:13:56.141063,bf996092-8d66-408a-8d8e-5065ca3330c2,f6ab14eb-1a66-4ea5-8a0f-0afbda444403,6197e49c-2ade-4b29-8d9f-4e7db0b8979b,,ed7c9955-86c8-40c1-9e3c-f9917db5ee8d
2025-05-21 10:51:52.540933,bf996092-8d66-408a-8d8e-5065ca3330c2,f6ab14eb-1a66-4ea5-8a0f-0afbda444403,61facafb-6d09-4efd-8f21-e6580a9c0d5a,,88482f60-268c-46c8-92a4-32c32fb71a2c
2025-06-27 06:15:14.934029,bf996092-8d66-408a-8d8e-5065ca3330c2,f6ab14eb-1a66-4ea5-8a0f-0afbda444403,6218e067-afae-4a3c-a418-f7cf7f1f16e7,,b83bd2b8-bcbb-4ad1-9ddd-9b4324de7d2c
2025-06-13 10:05:56.841325,bf996092-8d66-408a-8d8e-5065ca3330c2,f6ab14eb-1a66-4ea5-8a0f-0afbda444403,63a14794-7c14-4782-8fab-e923588c2e66,,368d4ae7-51aa-42b5-939d-f6c1039252ca
2025-05-21 10:52:09.568,bf996092-8d66-408a-8d8e-5065ca3330c2,f6ab14eb-1a66-4ea5-8a0f-0afbda444403,655facf1-536c-4130-aa01-732280ee438b,,473ae08b-7d5d-4cb6-bc81-64511c2c2c10
2025-05-21 10:51:59.229309,bf996092-8d66-408a-8d8e-5065ca3330c2,f6ab14eb-1a66-4ea5-8a0f-0afbda444403,65f4783c-0856-4038-834e-4709e4308b90,,c1b4c373-1064-4203-becb-4f9653ee1b6d
2025-05-21 10:51:58.303387,bf996092-8d66-408a-8d8e-5065ca3330c2,f6ab14eb-1a66-4ea5-8a0f-0afbda444403,65f71624-301f-4bd5-bcb4-066538d78454,,d39374ca-d818-4dda-a87e-57ee3895aace
2025-06-13 10:05:28.843395,bf996092-8d66-408a-8d8e-5065ca3330c2,f6ab14eb-1a66-4ea5-8a0f-0afbda444403,6666439f-a7f5-4d12-ae34-eaa173776196,,34ef8711-0805-4059-acda-29064c73facf
2025-05-21 10:51:56.423735,bf996092-8d66-408a-8d8e-5065ca3330c2,f6ab14eb-1a66-4ea5-8a0f-0afbda444403,69195ac8-aba2-42ff-b7cd-32896e676650,,3d7de5ee-68f0-4eeb-b696-183890cfcaa1
2025-06-13 09:38:08.950032,bf996092-8d66-408a-8d8e-5065ca3330c2,f6ab14eb-1a66-4ea5-8a0f-0afbda444403,69688d90-b77f-4d4f-83e7-353ce527c712,,08aa370a-5f76-4df5-936f-b5c162afdbcf
2025-05-21 10:51:52.574361,bf996092-8d66-408a-8d8e-5065ca3330c2,f6ab14eb-1a66-4ea5-8a0f-0afbda444403,6a06f9b3-6898-472a-81a9-118dd5bb4a39,,71c7281f-c076-401f-8ec9-a32e01b38760
2025-06-27 05:32:20.51811,bf996092-8d66-408a-8d8e-5065ca3330c2,f6ab14eb-1a66-4ea5-8a0f-0afbda444403,6a90bb46-a70e-4742-b7a5-b6fcb738c4a0,,ac8c6812-55d7-4602-8b9b-08666ecc11c3
2025-06-27 06:10:38.850661,bf996092-8d66-408a-8d8e-5065ca3330c2,f6ab14eb-1a66-4ea5-8a0f-0afbda444403,6b3527cf-89c0-4ad2-bdb3-43cbdf7228d2,,64abdb1b-1fc4-4d88-a8d3-429dacb894e7
2025-05-21 10:51:56.278752,bf996092-8d66-408a-8d8e-5065ca3330c2,f6ab14eb-1a66-4ea5-8a0f-0afbda444403,6ce5fabc-7b1a-4166-b599-1de388fec2f0,,6e379782-758c-440c-8482-10703ad57ee7
2025-06-13 10:01:32.624095,bf996092-8d66-408a-8d8e-5065ca3330c2,f6ab14eb-1a66-4ea5-8a0f-0afbda444403,6e3c0eea-d0e9-43f6-acae-45f5d3305bf5,,9c844491-1776-40ed-b36d-00bb4681aa54
2025-06-13 09:59:20.058026,bf996092-8d66-408a-8d8e-5065ca3330c2,f6ab14eb-1a66-4ea5-8a0f-0afbda444403,6e4d5282-9be9-4df6-b9ec-d3238097f23d,,5231c4f6-1bec-4180-b913-d7322fd86b8e
2025-05-21 10:52:09.788531,bf996092-8d66-408a-8d8e-5065ca3330c2,f6ab14eb-1a66-4ea5-8a0f-0afbda444403,6e4e9fb0-9f18-4b9a-b041-8f5f134836ee,,8760a0b3-c3b7-4671-8d5f-0085e5ced68e
2025-07-22 11:37:53.95237,bf996092-8d66-408a-8d8e-5065ca3330c2,f6ab14eb-1a66-4ea5-8a0f-0afbda444403,728164a6-4896-415b-9035-487287012d48,e8598a5a-0d18-403d-a38d-87d744c59523,
2025-06-27 05:37:35.244731,bf996092-8d66-408a-8d8e-5065ca3330c2,f6ab14eb-1a66-4ea5-8a0f-0afbda444403,7283f3d5-cbf5-4fda-abfb-82db95a62de5,,6a05a2d6-80c0-45a1-80c0-4180e251edef
2025-06-27 05:38:19.928923,bf996092-8d66-408a-8d8e-5065ca3330c2,f6ab14eb-1a66-4ea5-8a0f-0afbda444403,731c65ff-a88f-46d2-b85e-8f034be62e16,,51233504-06eb-4966-b586-2c16c5ddbbb7
2025-06-27 05:16:59.102918,bf996092-8d66-408a-8d8e-5065ca3330c2,f6ab14eb-1a66-4ea5-8a0f-0afbda444403,74d0baf5-5d50-40d5-94f8-e7335d0a0228,,69e0f4aa-8147-48d1-8879-b1870ac81bc7
2025-05-21 10:51:52.540132,bf996092-8d66-408a-8d8e-5065ca3330c2,f6ab14eb-1a66-4ea5-8a0f-0afbda444403,74f4f0bc-f40c-4a79-80a0-7d8a8186976b,,253a08fd-202b-4fa3-93ce-0ee98f5c88ce
2025-06-26 07:04:57.174362,bf996092-8d66-408a-8d8e-5065ca3330c2,f6ab14eb-1a66-4ea5-8a0f-0afbda444403,756df97d-5462-46ed-b3a7-10ca70ba9319,96641e49-f0ce-4e83-ba6b-96c3951b3e96,
2025-05-21 10:51:58.297272,bf996092-8d66-408a-8d8e-5065ca3330c2,f6ab14eb-1a66-4ea5-8a0f-0afbda444403,75da29b3-e3ad-4b0b-9569-94472018d32c,,a67f165a-9f11-497a-9955-1bbe35457ecf
2025-06-13 10:04:56.774884,bf996092-8d66-408a-8d8e-5065ca3330c2,f6ab14eb-1a66-4ea5-8a0f-0afbda444403,7666edb9-5995-4b1c-b824-93166233612b,,9d31c4e8-17db-4e65-8689-1315944f5db6
2025-06-13 10:14:44.135134,bf996092-8d66-408a-8d8e-5065ca3330c2,f6ab14eb-1a66-4ea5-8a0f-0afbda444403,7c7412fe-ec53-4552-bd3e-4155667c3147,,88a6ebd6-9a77-41fb-b3a2-7f6daee7a476
2025-06-13 10:02:59.407275,bf996092-8d66-408a-8d8e-5065ca3330c2,f6ab14eb-1a66-4ea5-8a0f-0afbda444403,7d2aa2c5-f0a4-421a-89ad-217123c3ccb9,,333f98c2-1642-40bc-8ca5-6cf8aae3f47f
2025-06-27 05:42:31.039835,bf996092-8d66-408a-8d8e-5065ca3330c2,f6ab14eb-1a66-4ea5-8a0f-0afbda444403,7d3cb15f-6197-4bdf-a059-bb5065ae82f3,,e2d78def-7ace-4477-a910-773dd5cfd04f
2025-06-27 05:16:14.703483,bf996092-8d66-408a-8d8e-5065ca3330c2,f6ab14eb-1a66-4ea5-8a0f-0afbda444403,7fac1fbe-75d2-4bd5-bea8-197a9ee16cd2,,0bcdef1c-46fd-4a79-862c-e5d12c6ef2f3
2025-06-27 05:39:43.341494,bf996092-8d66-408a-8d8e-5065ca3330c2,f6ab14eb-1a66-4ea5-8a0f-0afbda444403,804a779e-6e19-4cea-9bb9-a204f0015761,,5c716d17-1e3e-4762-a811-fb91ce3e0ffb
2025-06-27 06:16:20.799363,bf996092-8d66-408a-8d8e-5065ca3330c2,f6ab14eb-1a66-4ea5-8a0f-0afbda444403,81399fbb-418d-41a7-be50-5aa65464a5fb,,d5e87da5-72ab-44b8-809c-bc597778070b
2025-05-21 10:52:02.706663,bf996092-8d66-408a-8d8e-5065ca3330c2,f6ab14eb-1a66-4ea5-8a0f-0afbda444403,828f011e-a3b3-4fa9-a154-a90ef7635a55,,7789d05f-c2ee-42e4-b358-753bb77a27d0
2025-05-21 10:51:52.870493,bf996092-8d66-408a-8d8e-5065ca3330c2,f6ab14eb-1a66-4ea5-8a0f-0afbda444403,83be3b16-9c68-4d94-8884-b157f545155b,,fd4dfeb6-f8fa-4137-8a10-c0189fabf166
2025-05-21 10:52:03.197256,bf996092-8d66-408a-8d8e-5065ca3330c2,f6ab14eb-1a66-4ea5-8a0f-0afbda444403,86e7af56-202b-4b8f-ac66-4bb48713ec8b,,7346f095-1930-487d-b4fe-bd69e539831d
2025-06-13 10:20:10.076262,bf996092-8d66-408a-8d8e-5065ca3330c2,f6ab14eb-1a66-4ea5-8a0f-0afbda444403,87a05344-60d9-4d30-b155-639ecadd6f30,,e46586f3-1f94-4e96-91cd-fc628900bdee
2025-07-07 13:14:43.772297,bf996092-8d66-408a-8d8e-5065ca3330c2,f6ab14eb-1a66-4ea5-8a0f-0afbda444403,88eb4b7d-6475-408e-9836-9a75b7192447,203987fe-0ec8-4c27-abbf-df4e05d54f94,
2025-06-27 06:05:00.679831,bf996092-8d66-408a-8d8e-5065ca3330c2,f6ab14eb-1a66-4ea5-8a0f-0afbda444403,89815679-f000-450c-ac34-afcef72c60f1,,230e1d28-dfda-4c51-997f-495d68039dde
2025-06-13 10:21:00.191185,bf996092-8d66-408a-8d8e-5065ca3330c2,f6ab14eb-1a66-4ea5-8a0f-0afbda444403,89e8e122-df67-4903-970c-69fde8b6690e,,720cd01f-dbb9-47fb-b7f9-731be17b2863
2025-08-04 03:42:35.887432,bf996092-8d66-408a-8d8e-5065ca3330c2,f6ab14eb-1a66-4ea5-8a0f-0afbda444403,8a16bebc-7af3-47bd-b402-beeed9591a9b,81399fbb-418d-41a7-be50-5aa65464a5fb,
2025-06-27 06:04:10.764777,bf996092-8d66-408a-8d8e-5065ca3330c2,f6ab14eb-1a66-4ea5-8a0f-0afbda444403,8b3c680c-224e-489e-b175-b151e852c870,,b427d707-6a9c-4c34-8153-92edb1fbb253
2025-06-13 09:44:51.95661,bf996092-8d66-408a-8d8e-5065ca3330c2,f6ab14eb-1a66-4ea5-8a0f-0afbda444403,8d944bc6-1a24-4780-a3b9-7311a19cd271,,e02106d9-5cb6-4197-b73f-e890516d32f1
2025-05-21 10:52:02.046631,bf996092-8d66-408a-8d8e-5065ca3330c2,f6ab14eb-1a66-4ea5-8a0f-0afbda444403,8e06ee9e-19ec-447e-aeec-23cdb71cc5f6,,5f263396-74c6-4fce-bd3b-f58d8f8b30eb
2025-06-27 05:38:58.874409,bf996092-8d66-408a-8d8e-5065ca3330c2,f6ab14eb-1a66-4ea5-8a0f-0afbda444403,90baa880-a8b2-4f14-a991-b3d47f6104d9,,c3354808-4a4a-4a7c-b8c6-b5c7745531ac
2025-07-22 11:37:16.655238,bf996092-8d66-408a-8d8e-5065ca3330c2,f6ab14eb-1a66-4ea5-8a0f-0afbda444403,91f4f71f-845e-48a3-a9eb-ecb028e4bf4b,ff5cef72-7a18-4a17-bd60-6f6a6750943d,
2025-05-21 10:51:55.017318,bf996092-8d66-408a-8d8e-5065ca3330c2,f6ab14eb-1a66-4ea5-8a0f-0afbda444403,93490321-d0db-4d4c-a330-237f19c12f9d,,00b079fc-fe23-4720-8250-684699a04b28
2025-06-27 05:34:40.202989,bf996092-8d66-408a-8d8e-5065ca3330c2,f6ab14eb-1a66-4ea5-8a0f-0afbda444403,940561fe-5e45-4eb4-861f-920607117e16,,04c428bd-a1fc-4323-ad92-dd158062f887
2025-06-19 04:49:28.261087,bf996092-8d66-408a-8d8e-5065ca3330c2,f6ab14eb-1a66-4ea5-8a0f-0afbda444403,96641e49-f0ce-4e83-ba6b-96c3951b3e96,,c3353aaa-83b6-4f62-944d-08e2b95d4c91
2025-06-27 05:21:18.868293,bf996092-8d66-408a-8d8e-5065ca3330c2,f6ab14eb-1a66-4ea5-8a0f-0afbda444403,96694df8-61b4-4714-b121-18becda865e1,,bbe448b1-de98-40b2-9bd3-3a7ed2bbdd4e
2025-06-27 05:22:02.659833,bf996092-8d66-408a-8d8e-5065ca3330c2,f6ab14eb-1a66-4ea5-8a0f-0afbda444403,98e77fef-6ab8-41eb-a0b9-4cdeae692d1b,,30fc7081-3dbf-4e01-98d2-99ab57f2a040
2025-06-27 05:09:21.319335,bf996092-8d66-408a-8d8e-5065ca3330c2,f6ab14eb-1a66-4ea5-8a0f-0afbda444403,9972133e-f3cc-4499-9d92-8d047eb2def6,,4462662a-0e78-492c-8cf1-c585d3251cfa
2025-05-21 10:52:08.272934,bf996092-8d66-408a-8d8e-5065ca3330c2,f6ab14eb-1a66-4ea5-8a0f-0afbda444403,9fe9719c-3def-44b7-a9c5-e917dcc534de,,21142a34-fb7f-43fb-8b37-20ef662ed1a2
2025-05-21 10:52:09.841378,bf996092-8d66-408a-8d8e-5065ca3330c2,f6ab14eb-1a66-4ea5-8a0f-0afbda444403,a207e387-0e4b-4eb4-91dd-e9e7a99c7e1a,,1e87433b-fbab-4721-90a5-1db794935c9f
2025-06-13 09:42:50.185682,bf996092-8d66-408a-8d8e-5065ca3330c2,f6ab14eb-1a66-4ea5-8a0f-0afbda444403,a25d995c-b554-4aac-99b0-777a15d00b01,,c0ddd3a9-0bea-4ad2-812d-ffe9133533cc
2025-05-21 10:52:01.308856,bf996092-8d66-408a-8d8e-5065ca3330c2,f6ab14eb-1a66-4ea5-8a0f-0afbda444403,a2b41c78-8709-4f77-9c72-8c9ce6dfffd5,,67759486-f2de-454e-8738-a5dc34ef05dc
2025-06-13 10:18:45.694423,bf996092-8d66-408a-8d8e-5065ca3330c2,f6ab14eb-1a66-4ea5-8a0f-0afbda444403,a3924c8c-3fdd-40b5-99a4-636597c08126,,4940e6f9-907a-4d94-b298-e184657e7d5e
2025-06-27 05:08:36.080681,bf996092-8d66-408a-8d8e-5065ca3330c2,f6ab14eb-1a66-4ea5-8a0f-0afbda444403,a4251dec-bfdd-4475-862b-d2f590cce4e9,,d7733082-8450-4ea0-aa90-ebebbdc31c84
2025-06-27 05:11:41.428482,bf996092-8d66-408a-8d8e-5065ca3330c2,f6ab14eb-1a66-4ea5-8a0f-0afbda444403,a4409805-8f72-4952-b58b-404c35e1095a,,ba6d6214-9980-43c7-9a8d-8b60c507c40f
2025-06-27 05:51:54.839412,bf996092-8d66-408a-8d8e-5065ca3330c2,f6ab14eb-1a66-4ea5-8a0f-0afbda444403,a46d10a5-c55e-4d3f-af0c-9f0ddf2c1fd5,,b636cb96-19ee-4dae-a0b4-a41c1dcebd2f
2025-06-13 10:10:58.59288,bf996092-8d66-408a-8d8e-5065ca3330c2,f6ab14eb-1a66-4ea5-8a0f-0afbda444403,a4fd9d41-b6f3-4cef-96ba-06fac9d2fa9e,,cc80bedd-b7ad-4319-a02b-45f68744eeba
2025-05-21 10:51:54.998221,bf996092-8d66-408a-8d8e-5065ca3330c2,f6ab14eb-1a66-4ea5-8a0f-0afbda444403,a647aded-a31e-491b-a18f-cb2bf08a8043,,636d082e-7856-4aa8-86d9-a1eba03eb6b9
2025-08-03 11:31:18.371622,bf996092-8d66-408a-8d8e-5065ca3330c2,f6ab14eb-1a66-4ea5-8a0f-0afbda444403,a672830b-7919-4722-ad53-826c3d8865e6,a46d10a5-c55e-4d3f-af0c-9f0ddf2c1fd5,
2025-05-21 10:52:00.152667,bf996092-8d66-408a-8d8e-5065ca3330c2,f6ab14eb-1a66-4ea5-8a0f-0afbda444403,a6d55e48-382b-487f-b5c4-50ee3b2966aa,,72c73b4c-1b27-4f39-bdd1-54e3e0536cc4
2025-06-13 09:52:28.397934,bf996092-8d66-408a-8d8e-5065ca3330c2,f6ab14eb-1a66-4ea5-8a0f-0afbda444403,a768d907-e5a4-4451-b92e-77bb901d2738,,c214f2dd-6975-48b0-ba9f-e15740675a31
2025-06-13 10:17:56.669905,bf996092-8d66-408a-8d8e-5065ca3330c2,f6ab14eb-1a66-4ea5-8a0f-0afbda444403,a7a60cad-444d-4fc7-8476-13d284561d12,,f1b11030-eb6b-4c4b-8391-25b6777a6bb3
2025-06-13 10:17:06.158825,bf996092-8d66-408a-8d8e-5065ca3330c2,f6ab14eb-1a66-4ea5-8a0f-0afbda444403,ab1234b5-5615-47c7-8488-338bb791ab8a,,24cbad8a-2891-4b20-8f43-3932fbd238bb
2025-05-21 10:51:53.779089,bf996092-8d66-408a-8d8e-5065ca3330c2,f6ab14eb-1a66-4ea5-8a0f-0afbda444403,ab8bfdce-3758-4325-ab60-a369e8f804f4,,50d3281e-ba74-431f-866d-796662d9dd1d
2025-06-13 09:50:15.915103,bf996092-8d66-408a-8d8e-5065ca3330c2,f6ab14eb-1a66-4ea5-8a0f-0afbda444403,ac72231b-56a2-48f0-a96f-c35ee5a9b39e,,3c296456-7400-4087-b78e-d15fa2c2e493
2025-06-13 09:56:42.057527,bf996092-8d66-408a-8d8e-5065ca3330c2,f6ab14eb-1a66-4ea5-8a0f-0afbda444403,ad333bb1-68f3-4daa-afdd-aff0c09e558d,,e979e635-f501-4b53-8064-fc7b90e9b429
2025-05-21 10:51:57.350291,bf996092-8d66-408a-8d8e-5065ca3330c2,f6ab14eb-1a66-4ea5-8a0f-0afbda444403,ae2dd8d7-edce-4040-abe2-1b705505f921,,f2fb759d-ecbb-4c1f-ba47-9d403aff9c87
2025-05-21 10:51:56.615428,bf996092-8d66-408a-8d8e-5065ca3330c2,f6ab14eb-1a66-4ea5-8a0f-0afbda444403,af583f2b-3ed6-4ac6-8517-6df13e9a9207,,d58a0c39-0999-4bd7-80cf-793571d68d70
2025-06-27 05:40:22.963125,bf996092-8d66-408a-8d8e-5065ca3330c2,f6ab14eb-1a66-4ea5-8a0f-0afbda444403,b2512f11-f327-4110-9a6d-04ecb46eae6d,,ea1da4cf-92f4-4acb-90f0-57d39bb88b43
2025-05-21 10:51:56.916784,bf996092-8d66-408a-8d8e-5065ca3330c2,f6ab14eb-1a66-4ea5-8a0f-0afbda444403,b44f5561-01ce-4f3a-8917-ce23294de3f6,,a4cf9499-c105-4e3a-8681-ba838f06b1a4
2025-06-27 05:46:31.545475,bf996092-8d66-408a-8d8e-5065ca3330c2,f6ab14eb-1a66-4ea5-8a0f-0afbda444403,b533a179-e963-472e-994f-b3dfb29143c3,,4fe7c37e-b205-479d-900a-1440287dd909
2025-06-13 09:45:44.393138,bf996092-8d66-408a-8d8e-5065ca3330c2,f6ab14eb-1a66-4ea5-8a0f-0afbda444403,b5436236-ec79-4ce2-99a1-858f448e72b3,,d25a5f62-1aa1-4473-88b8-85633d93d309
2025-06-27 06:13:08.036702,bf996092-8d66-408a-8d8e-5065ca3330c2,f6ab14eb-1a66-4ea5-8a0f-0afbda444403,b58d6ebd-dd1f-439d-a9f9-26e7f5468b0d,,9e8a73bb-2224-44c1-93e2-0a1929a94d5b
2025-05-21 10:51:59.327609,bf996092-8d66-408a-8d8e-5065ca3330c2,f6ab14eb-1a66-4ea5-8a0f-0afbda444403,b74070e6-f5ff-4022-a17a-697ed8c1a1e1,,041fd340-63bf-4e70-a751-0df71f0a16f9
2025-06-13 10:07:40.080167,bf996092-8d66-408a-8d8e-5065ca3330c2,f6ab14eb-1a66-4ea5-8a0f-0afbda444403,bb3456a5-c9c0-4c13-84fc-e5a77977f9c9,,274e5a2a-6673-4d3d-8b16-a342d276e2d4
2025-05-21 10:52:06.998209,bf996092-8d66-408a-8d8e-5065ca3330c2,f6ab14eb-1a66-4ea5-8a0f-0afbda444403,bd178d13-d8de-4bd4-9191-068217a0c31c,,88ef602e-646e-423b-bfa4-b585aa997203
2025-06-13 10:14:03.018988,bf996092-8d66-408a-8d8e-5065ca3330c2,f6ab14eb-1a66-4ea5-8a0f-0afbda444403,c35e7d0a-00ee-4263-997b-b1cd3bf9784e,,cd33b956-6051-4844-9c92-c9e7fe44af44
2025-06-27 05:59:27.061201,bf996092-8d66-408a-8d8e-5065ca3330c2,f6ab14eb-1a66-4ea5-8a0f-0afbda444403,c3647ddd-dda4-481e-822e-3cb19bf5010a,,d755be91-dd1c-4f9d-b64d-243f8c909d45
2025-06-13 10:10:03.240991,bf996092-8d66-408a-8d8e-5065ca3330c2,f6ab14eb-1a66-4ea5-8a0f-0afbda444403,c3a17d3a-d295-4539-8284-0f08d2ba25ef,,a00c1332-3986-44c8-89c1-822b704f8b3c
2025-06-13 10:10:24.556752,bf996092-8d66-408a-8d8e-5065ca3330c2,f6ab14eb-1a66-4ea5-8a0f-0afbda444403,c62f4fa3-6a1d-4723-9f1f-728e5b984658,,45b4e1a4-ddf1-4e41-86d9-327ffb0dd0e9
2025-06-27 05:15:35.263852,bf996092-8d66-408a-8d8e-5065ca3330c2,f6ab14eb-1a66-4ea5-8a0f-0afbda444403,c6e16125-76c5-4b55-b0d7-839151cfbdfe,,e66c9c81-fa6b-4dd0-9bc3-537896901266
2025-06-27 05:18:32.243934,bf996092-8d66-408a-8d8e-5065ca3330c2,f6ab14eb-1a66-4ea5-8a0f-0afbda444403,c6e380e4-9768-42ee-bda3-2f63f5a8a811,,cbe104c8-f738-46ed-8e9c-5e5a881891b5
2025-06-13 09:55:32.700046,bf996092-8d66-408a-8d8e-5065ca3330c2,f6ab14eb-1a66-4ea5-8a0f-0afbda444403,c74696a6-2aa3-4d08-bf49-34a9d0ef9efe,,fec70f3c-081f-468a-ba6f-6d835026b136
2025-06-13 10:18:18.630398,bf996092-8d66-408a-8d8e-5065ca3330c2,f6ab14eb-1a66-4ea5-8a0f-0afbda444403,ca258d20-5e32-4668-8aa8-35c5a722d573,,9fd1e7aa-ad0a-468e-8583-b77a3ef553c8
2025-06-27 05:49:14.801482,bf996092-8d66-408a-8d8e-5065ca3330c2,f6ab14eb-1a66-4ea5-8a0f-0afbda444403,ca8179a0-bae3-469b-81aa-acb910d861cb,,c95d49c3-383e-413a-983f-39bc4f563131
2025-06-27 05:19:40.614583,bf996092-8d66-408a-8d8e-5065ca3330c2,f6ab14eb-1a66-4ea5-8a0f-0afbda444403,d13beac8-7b9e-44ab-aece-a62a36123712,,e5424b19-32c7-491f-8211-f991d585a30c
2025-06-13 09:41:14.280361,bf996092-8d66-408a-8d8e-5065ca3330c2,f6ab14eb-1a66-4ea5-8a0f-0afbda444403,d1b830f9-fa3d-490a-83b3-b30876f4c992,,05dbbeea-94a8-4e83-af2e-d56e963942c0
2025-05-21 10:52:07.512527,bf996092-8d66-408a-8d8e-5065ca3330c2,f6ab14eb-1a66-4ea5-8a0f-0afbda444403,d4004a35-8574-48c5-98a4-7802f33fcbcb,,c84ff89e-5007-47da-9a13-1534bb14f53a
2025-06-13 09:58:08.174138,bf996092-8d66-408a-8d8e-5065ca3330c2,f6ab14eb-1a66-4ea5-8a0f-0afbda444403,d53504e2-029c-435c-80ca-666c2ff9bad3,,1d5aad11-afc2-4964-b169-dac3e79dcd78
2025-06-27 05:06:55.070196,bf996092-8d66-408a-8d8e-5065ca3330c2,f6ab14eb-1a66-4ea5-8a0f-0afbda444403,d6f77a89-6551-4984-9f0b-7abf42cfb184,,2f5d4adb-2674-46f0-afb9-62a72d0e1e19
2025-06-27 05:35:54.366853,bf996092-8d66-408a-8d8e-5065ca3330c2,f6ab14eb-1a66-4ea5-8a0f-0afbda444403,d705d7c6-9639-4517-96f0-933585fcb5b2,,e4fc5535-ad2c-42c1-9e25-68271d2d708e
2025-06-27 05:33:07.035175,bf996092-8d66-408a-8d8e-5065ca3330c2,f6ab14eb-1a66-4ea5-8a0f-0afbda444403,d7bcf80d-3146-4aaf-8a74-d8b376de0e94,,4886aeac-e99f-4d8e-8973-4c62dcf3de23
2025-05-21 10:51:55.0486,bf996092-8d66-408a-8d8e-5065ca3330c2,f6ab14eb-1a66-4ea5-8a0f-0afbda444403,d7d6fd48-7a69-4664-a8a3-7a57e5d48c43,,a92cbafd-6bba-48b4-a435-7b30b3d679c8
2025-05-21 10:51:52.451308,bf996092-8d66-408a-8d8e-5065ca3330c2,f6ab14eb-1a66-4ea5-8a0f-0afbda444403,d7ec0d19-5499-4038-845d-8f4fad49d680,,5a8a0ea8-7e8e-4528-b123-a7660f91b33a
2025-06-19 09:34:21.822573,bf996092-8d66-408a-8d8e-5065ca3330c2,f6ab14eb-1a66-4ea5-8a0f-0afbda444403,d998273d-129b-423e-a68b-f44ccb5ae209,8d944bc6-1a24-4780-a3b9-7311a19cd271,
2025-06-19 04:56:18.067978,bf996092-8d66-408a-8d8e-5065ca3330c2,f6ab14eb-1a66-4ea5-8a0f-0afbda444403,ddfb49bb-cd4d-4a4f-9ded-3a84182b2854,,03ca5633-f138-40e8-bab5-7d84b5d8678c
2025-06-13 10:00:36.818356,bf996092-8d66-408a-8d8e-5065ca3330c2,f6ab14eb-1a66-4ea5-8a0f-0afbda444403,deef2a09-6d55-4fbd-96b6-3076cbdb4e74,,2d7d28da-86c6-43a4-b4dd-e4ced3d001ef
2025-05-21 10:52:06.830051,bf996092-8d66-408a-8d8e-5065ca3330c2,f6ab14eb-1a66-4ea5-8a0f-0afbda444403,e13d4e40-bcf1-4c9c-935a-c150968ffdf9,,e508d082-2be2-4da2-b228-39404aafa855
2025-06-27 05:35:16.13096,bf996092-8d66-408a-8d8e-5065ca3330c2,f6ab14eb-1a66-4ea5-8a0f-0afbda444403,e1d5f8a0-06ba-445c-945e-562d14144d23,,655b6de5-3ddb-4250-a4d2-047556c7dcfb
2025-05-21 10:52:01.634563,bf996092-8d66-408a-8d8e-5065ca3330c2,f6ab14eb-1a66-4ea5-8a0f-0afbda444403,e40f0ff6-1567-43c5-8cd4-db4fe387666d,,fe32e43c-5c7b-4148-9ddb-768a6fd4e99d
2025-06-13 09:53:29.52901,bf996092-8d66-408a-8d8e-5065ca3330c2,f6ab14eb-1a66-4ea5-8a0f-0afbda444403,e4ffcf10-8438-46c3-ad17-c09fa68cc928,,24835514-3678-4a1e-8a8c-43f62078f10d
2025-05-21 10:52:08.193902,bf996092-8d66-408a-8d8e-5065ca3330c2,f6ab14eb-1a66-4ea5-8a0f-0afbda444403,e5486f3b-fb68-48c9-8b9a-e3ffd73edcf8,,a47e5f3b-1838-442e-b51e-c31192be9931
2025-06-27 06:17:57.010446,bf996092-8d66-408a-8d8e-5065ca3330c2,f6ab14eb-1a66-4ea5-8a0f-0afbda444403,e67cfc78-8489-4323-bdeb-e3c5bca5a8a0,,8d7beecf-9603-4645-b4e0-19f7446bfbc0
2025-06-27 06:17:31.689057,bf996092-8d66-408a-8d8e-5065ca3330c2,f6ab14eb-1a66-4ea5-8a0f-0afbda444403,e8598a5a-0d18-403d-a38d-87d744c59523,,fb430e26-a77b-4682-b250-b1398c0a627b
2025-06-27 05:10:53.879478,bf996092-8d66-408a-8d8e-5065ca3330c2,f6ab14eb-1a66-4ea5-8a0f-0afbda444403,e915a20c-a8ca-4a01-8d7a-ec8a4069446d,,3b1002b4-07fc-4095-b95d-f3ee32656de2
2025-05-21 10:52:11.19356,bf996092-8d66-408a-8d8e-5065ca3330c2,f6ab14eb-1a66-4ea5-8a0f-0afbda444403,ea681595-ab20-4825-95b9-975ef59f9aad,,fe474d2f-4bf2-489f-b8ee-8ddf2071eee7
2025-06-27 05:44:49.668071,bf996092-8d66-408a-8d8e-5065ca3330c2,f6ab14eb-1a66-4ea5-8a0f-0afbda444403,ed914d2c-5e64-4466-b73d-e654c63ae717,,855c9462-ac68-4dd0-86de-c50685e1213c
2025-05-21 10:52:08.441959,bf996092-8d66-408a-8d8e-5065ca3330c2,f6ab14eb-1a66-4ea5-8a0f-0afbda444403,f0a6e217-d5bc-4ef9-9bda-b721b7eb34f1,,69b45c55-c104-4c4c-8638-00f6d734e75b
2025-06-13 10:19:19.465713,bf996092-8d66-408a-8d8e-5065ca3330c2,f6ab14eb-1a66-4ea5-8a0f-0afbda444403,f0aa70c7-d36d-45b7-bfa6-18e50c121c99,,76a9b0f5-fbd0-4b10-9d74-7f319f86de20
2025-06-27 05:10:06.24661,bf996092-8d66-408a-8d8e-5065ca3330c2,f6ab14eb-1a66-4ea5-8a0f-0afbda444403,f0eac6b6-b73f-4803-896b-ddd1a185f0a0,,7f8bb650-0d2b-47c5-98b1-e7e95115d66e
2025-05-21 10:51:54.772094,bf996092-8d66-408a-8d8e-5065ca3330c2,f6ab14eb-1a66-4ea5-8a0f-0afbda444403,f260f574-15b6-4235-8ae9-da2c76e02b0f,,856564bc-6a4a-4d27-afb6-6fe323a0986c
2025-06-27 06:03:10.042965,bf996092-8d66-408a-8d8e-5065ca3330c2,f6ab14eb-1a66-4ea5-8a0f-0afbda444403,f400920c-8e17-4b1a-8253-d1af990a0883,,43a0a2ba-3018-432d-8428-ada8c1923de1
2025-08-16 08:50:08.562056,bf996092-8d66-408a-8d8e-5065ca3330c2,f6ab14eb-1a66-4ea5-8a0f-0afbda444403,f73b0ce0-2ca8-46ea-99b7-1caa5c6cafb7,2f104139-759e-4413-956b-717a46181267,
2025-05-21 10:51:56.163998,bf996092-8d66-408a-8d8e-5065ca3330c2,f6ab14eb-1a66-4ea5-8a0f-0afbda444403,f788b780-977b-4c72-af33-3cf4031cc0ec,,f770255b-3a0b-4b7f-aa20-d88697a7e3d2
2025-05-21 10:51:52.560354,bf996092-8d66-408a-8d8e-5065ca3330c2,f6ab14eb-1a66-4ea5-8a0f-0afbda444403,f910882f-dd90-44a3-85db-6b3946520e96,,ee83496b-e798-454f-bcd0-9f43b0708d0a
2025-06-13 10:16:18.906405,bf996092-8d66-408a-8d8e-5065ca3330c2,f6ab14eb-1a66-4ea5-8a0f-0afbda444403,fc01751e-d856-4924-a962-c8e9b76192f0,,286f66de-111f-4648-951f-c40a6c353556
2025-06-27 06:14:38.363915,bf996092-8d66-408a-8d8e-5065ca3330c2,f6ab14eb-1a66-4ea5-8a0f-0afbda444403,ff5cef72-7a18-4a17-bd60-6f6a6750943d,,9abbad3d-de7a-4a09-a993-fdf4e4c575ab
2025-05-30 11:50:13.713106,bf996092-8d66-408a-8d8e-5065ca3330c2,94e46603-a987-42b3-b038-c708d5b5044f,dea45f36-42b3-4826-b8fb-7623fe1b872f,,d8f32f77-618a-46f1-9635-e86437d48e7a
2025-05-30 11:50:13.735301,bf996092-8d66-408a-8d8e-5065ca3330c2,94e46603-a987-42b3-b038-c708d5b5044f,fc1d46fd-bd0b-40fe-afb3-afe3aedd2957,,d57459a2-809d-4b15-afe9-cc7a6495120d
2025-04-30 08:03:46.239486,bf996092-8d66-408a-8d8e-5065ca3330c2,f679f4cf-c089-4a2b-9b84-b14129630601,03251873-f91f-4143-ab69-9f3e2e65339f,,4debb086-6c52-43b2-95cc-db0590ace143
2025-05-19 05:05:53.514494,bf996092-8d66-408a-8d8e-5065ca3330c2,f679f4cf-c089-4a2b-9b84-b14129630601,03acc72b-bb1f-40dd-a87d-1ee64675c1bc,,75dc9f14-8938-44f0-9f19-5b14dedcc83e
2025-06-26 11:40:29.602812,bf996092-8d66-408a-8d8e-5065ca3330c2,f679f4cf-c089-4a2b-9b84-b14129630601,03c5364b-5da2-4475-9e43-06178986c74c,,9e989133-2098-4350-a356-5a382dfc3f77
2025-06-26 12:28:02.776668,bf996092-8d66-408a-8d8e-5065ca3330c2,f679f4cf-c089-4a2b-9b84-b14129630601,05666d7a-35bc-416e-ba7d-f9e4274b4ae9,,bb6f2221-15f5-420b-b5d1-da9d815a212b
2025-06-26 12:36:24.407996,bf996092-8d66-408a-8d8e-5065ca3330c2,f679f4cf-c089-4a2b-9b84-b14129630601,06f09aef-1e8b-4e27-bb2c-ca768d242267,,8b622e27-6245-4bc5-b542-96970333643a
2025-04-30 08:00:19.45848,bf996092-8d66-408a-8d8e-5065ca3330c2,f679f4cf-c089-4a2b-9b84-b14129630601,07290c20-7db6-42bb-8be4-a51ccf8556fd,,74ed6c14-8eb7-4f82-9de4-c2be68a96d9f
2025-06-26 11:18:08.886982,bf996092-8d66-408a-8d8e-5065ca3330c2,f679f4cf-c089-4a2b-9b84-b14129630601,088d7e6b-d736-4821-8f8c-fcb5094e23af,,adf3936c-a97f-4f2e-9812-f1c540b3da86
2025-04-30 06:54:03.631553,bf996092-8d66-408a-8d8e-5065ca3330c2,f679f4cf-c089-4a2b-9b84-b14129630601,08bf5dd9-b151-4ae6-9ab7-6b204394a982,,182c3dff-5be9-4aab-8099-56e5af9bde67
2025-05-19 05:07:28.044122,bf996092-8d66-408a-8d8e-5065ca3330c2,f679f4cf-c089-4a2b-9b84-b14129630601,09ceb2e5-7c26-46b4-98ee-15ccd8033f87,,da96b07a-aa55-4107-b4fb-b2ba3d4a09e3
2025-04-30 08:02:05.435752,bf996092-8d66-408a-8d8e-5065ca3330c2,f679f4cf-c089-4a2b-9b84-b14129630601,09e5756e-5cbb-4de3-aebd-d9004841ad8d,,3ef72cbf-609d-48c8-afd5-862441d8e8a4
2025-04-30 06:55:01.396388,bf996092-8d66-408a-8d8e-5065ca3330c2,f679f4cf-c089-4a2b-9b84-b14129630601,0c192d6b-0498-4cc3-a2e6-5d11dd834d78,,9a903b95-4aae-4f39-8622-ec7d31aa4875
2025-06-02 06:06:29.029943,bf996092-8d66-408a-8d8e-5065ca3330c2,f679f4cf-c089-4a2b-9b84-b14129630601,0cf103c7-23b3-46f5-b827-92469a969e66,d42d60f3-4b2a-4b0c-be70-5332c669ac18,
2025-04-30 06:50:58.690951,bf996092-8d66-408a-8d8e-5065ca3330c2,f679f4cf-c089-4a2b-9b84-b14129630601,0df60eb1-65b2-4437-b3f8-7a6633e3d291,,d4f4895b-40bb-4023-9c74-bbb792f11db2
2025-04-30 06:52:39.367798,bf996092-8d66-408a-8d8e-5065ca3330c2,f679f4cf-c089-4a2b-9b84-b14129630601,0e2b1dbe-7f09-4099-819a-f4455b8ea25b,,52ea7b11-aa09-43fa-a31e-b467cccd7d2e
2025-04-30 08:15:27.932705,bf996092-8d66-408a-8d8e-5065ca3330c2,f679f4cf-c089-4a2b-9b84-b14129630601,10285d13-63cc-43f3-9d79-42fd15a31596,,33512d4e-b0b4-4cd0-b1ea-5c3769166f94
2025-04-30 06:53:17.442491,bf996092-8d66-408a-8d8e-5065ca3330c2,f679f4cf-c089-4a2b-9b84-b14129630601,1186ee0c-9c44-420a-a990-d5ba5fc42da1,,e2bb7500-d7d8-4bbb-902c-19989bbc5108
2025-07-28 05:13:51.56874,bf996092-8d66-408a-8d8e-5065ca3330c2,f679f4cf-c089-4a2b-9b84-b14129630601,12853379-ae91-4e9c-a7ad-5263e81b55d4,b7ce20ae-b8b7-4027-9de6-e9ddc6988274,
2025-04-30 06:50:43.032833,bf996092-8d66-408a-8d8e-5065ca3330c2,f679f4cf-c089-4a2b-9b84-b14129630601,151f63a1-48a7-4078-b402-7de526865acf,,b58d7220-e194-4a3d-a83b-8b6fc638e906
2025-06-26 12:18:59.172277,bf996092-8d66-408a-8d8e-5065ca3330c2,f679f4cf-c089-4a2b-9b84-b14129630601,15518011-1990-458e-97f1-0287f82da104,,6c77f2d3-abf1-4f25-8e7f-28ae8743a797
2025-04-30 06:54:18.316004,bf996092-8d66-408a-8d8e-5065ca3330c2,f679f4cf-c089-4a2b-9b84-b14129630601,15aebc58-0234-44e8-90b1-55f70953376b,,87f94209-19b7-4d31-b900-6036f82779c3
2025-04-30 06:52:34.752337,bf996092-8d66-408a-8d8e-5065ca3330c2,f679f4cf-c089-4a2b-9b84-b14129630601,16606b3d-e006-46fd-841f-d2d44cd93bd6,,01cc129d-8d68-4426-9fa7-6be74d9a7dc7
2025-04-30 08:02:58.358927,bf996092-8d66-408a-8d8e-5065ca3330c2,f679f4cf-c089-4a2b-9b84-b14129630601,16bb4f15-fdf2-497b-b2c5-95ef67acf1df,,bb4753d3-0a07-4559-91a8-4ae08873748d
2025-04-30 06:52:42.492781,bf996092-8d66-408a-8d8e-5065ca3330c2,f679f4cf-c089-4a2b-9b84-b14129630601,16c64519-c7ab-4f58-8ffc-4853339e8d15,,2aa5ccf7-e70b-405b-8501-2e07e9c14afa
2025-07-14 03:04:38.480139,bf996092-8d66-408a-8d8e-5065ca3330c2,f679f4cf-c089-4a2b-9b84-b14129630601,1ab647ab-b20c-4bc7-a0d8-94589d09d765,22473326-7385-41fc-9b86-8bced58a4e2f,
2025-04-30 07:58:58.342009,bf996092-8d66-408a-8d8e-5065ca3330c2,f679f4cf-c089-4a2b-9b84-b14129630601,1adbf4c4-04ae-4f9a-91e2-d9a831e7bf75,,7e80208d-728a-4e20-abd5-ab7f7a496b65
2025-04-30 06:50:41.632174,bf996092-8d66-408a-8d8e-5065ca3330c2,f679f4cf-c089-4a2b-9b84-b14129630601,1e348077-7ecf-4f51-aa10-6a2d9e2bc281,,959242af-44b0-4f52-a986-a091956e8c66
2025-04-30 07:56:24.441065,bf996092-8d66-408a-8d8e-5065ca3330c2,f679f4cf-c089-4a2b-9b84-b14129630601,1f2a8422-de34-4e9d-a08f-78dbee366878,,a6860cb6-3ecf-4b94-baf6-b5c63da8028b
2025-04-30 08:09:57.013405,bf996092-8d66-408a-8d8e-5065ca3330c2,f679f4cf-c089-4a2b-9b84-b14129630601,20487a6d-9283-412e-ad4c-ac5a6edbbefa,,3d5ed85d-4baa-413d-9246-d6804840a8e9
2025-06-26 10:48:12.788536,bf996092-8d66-408a-8d8e-5065ca3330c2,f679f4cf-c089-4a2b-9b84-b14129630601,22473326-7385-41fc-9b86-8bced58a4e2f,,898d1d02-cdde-4232-8017-e36c25c2d793
2025-04-30 06:50:53.154938,bf996092-8d66-408a-8d8e-5065ca3330c2,f679f4cf-c089-4a2b-9b84-b14129630601,22f938f5-46b7-49ac-9d25-9aa16fd7c16a,,4e24139b-7956-4c62-b0f2-6db6699c3a09
2025-07-28 05:14:08.437765,bf996092-8d66-408a-8d8e-5065ca3330c2,f679f4cf-c089-4a2b-9b84-b14129630601,231dda06-ad95-452f-9685-eebc05c8b99b,22473326-7385-41fc-9b86-8bced58a4e2f,
2025-04-30 08:07:00.722938,bf996092-8d66-408a-8d8e-5065ca3330c2,f679f4cf-c089-4a2b-9b84-b14129630601,26a9cc3a-37c0-4f05-adff-e3eb83ea4bb1,,7bb95184-99b3-4b1d-9913-86bbbece5b78
2025-05-28 05:02:42.60382,bf996092-8d66-408a-8d8e-5065ca3330c2,f679f4cf-c089-4a2b-9b84-b14129630601,288f6a4e-bf27-40cb-b01b-554d5e182246,c303dfb3-5951-4caa-b746-8a5a004443ab,
2025-04-30 06:52:50.152541,bf996092-8d66-408a-8d8e-5065ca3330c2,f679f4cf-c089-4a2b-9b84-b14129630601,29464628-9a03-4886-9996-2a4e3f944323,,88aedeb8-e828-41f8-a95d-0b2d030a91a1
2025-06-26 11:19:55.315373,bf996092-8d66-408a-8d8e-5065ca3330c2,f679f4cf-c089-4a2b-9b84-b14129630601,2c80948e-63ce-45f1-b193-49c5b5b65d77,,dd1110da-1bf5-4d7a-89af-919af0fc4f8b
2025-04-30 08:12:50.863288,bf996092-8d66-408a-8d8e-5065ca3330c2,f679f4cf-c089-4a2b-9b84-b14129630601,2ca82bff-c5ce-4db2-b48d-f42a536ebbd2,,8867a0dc-88f9-488f-8e09-4bbf659b78f0
2025-04-30 06:52:54.597337,bf996092-8d66-408a-8d8e-5065ca3330c2,f679f4cf-c089-4a2b-9b84-b14129630601,2d30e7c1-6609-404f-9b9e-c44551038517,,0c380ced-01f7-43e0-be1f-64e47df9bdc2
2025-04-30 06:54:10.060139,bf996092-8d66-408a-8d8e-5065ca3330c2,f679f4cf-c089-4a2b-9b84-b14129630601,2dde8459-ffb9-421f-b85e-1e618da868c9,,58590aa6-2ec2-4e28-8615-8c8aac5e8c0b
2025-04-30 08:08:25.113373,bf996092-8d66-408a-8d8e-5065ca3330c2,f679f4cf-c089-4a2b-9b84-b14129630601,2f426b06-16e1-4140-b2ef-4c4d30bbb923,,6a060c6c-c8c7-481c-9799-7859a0a08556
2025-04-30 06:52:43.919955,bf996092-8d66-408a-8d8e-5065ca3330c2,f679f4cf-c089-4a2b-9b84-b14129630601,317cd794-6f32-422e-ab64-f03716861789,,91786a12-a9f8-41ff-8ee6-deb738250e8c
2025-06-26 12:11:32.08984,bf996092-8d66-408a-8d8e-5065ca3330c2,f679f4cf-c089-4a2b-9b84-b14129630601,34b73ee3-c8ef-4e5d-8a33-30dd587caa4d,,cf548881-b30c-4986-8ce4-7654c1d2b6b8
2025-06-26 10:52:45.120731,bf996092-8d66-408a-8d8e-5065ca3330c2,f679f4cf-c089-4a2b-9b84-b14129630601,34fdd527-0d2d-4184-8001-db8e8e88f997,,6f6bde56-6bc4-402e-a5b4-12f5a1b2c169
2025-06-26 11:36:47.808694,bf996092-8d66-408a-8d8e-5065ca3330c2,f679f4cf-c089-4a2b-9b84-b14129630601,355bb3ca-f8ec-4882-acbf-7b954fe2779a,,f104ae02-83a1-4d98-a0a7-581fb804adae
2025-04-30 06:53:03.996147,bf996092-8d66-408a-8d8e-5065ca3330c2,f679f4cf-c089-4a2b-9b84-b14129630601,3620cce1-667c-4b72-a645-5127532d73c4,,23aee646-0a64-4a14-8b35-0cce04d5c59c
2025-04-30 07:59:22.547235,bf996092-8d66-408a-8d8e-5065ca3330c2,f679f4cf-c089-4a2b-9b84-b14129630601,37444e07-6885-496a-940f-540ca26f3b8e,,d06994ed-743a-47dc-b77b-94f547d1a299
2025-04-30 06:50:56.872013,bf996092-8d66-408a-8d8e-5065ca3330c2,f679f4cf-c089-4a2b-9b84-b14129630601,380a570a-b368-4332-b187-e77a5adac5fa,,4b8b0537-5010-4195-aa5d-a20e623bb961
2025-04-30 08:09:06.619738,bf996092-8d66-408a-8d8e-5065ca3330c2,f679f4cf-c089-4a2b-9b84-b14129630601,3ab56d86-1a0a-4a75-9bb4-40490cba9f09,,457ed7ba-98ee-4a8c-ad84-47501e134e82
2025-06-26 12:15:34.197945,bf996092-8d66-408a-8d8e-5065ca3330c2,f679f4cf-c089-4a2b-9b84-b14129630601,3defd78f-8966-4a0c-839c-4d8a130fb75f,,7b55ccb4-656b-46b7-b4fe-6202cd22123f
2025-06-26 12:25:01.779897,bf996092-8d66-408a-8d8e-5065ca3330c2,f679f4cf-c089-4a2b-9b84-b14129630601,4244e367-d8d4-44d2-832d-a083a7efdb85,,1f750208-417c-49dd-95a4-00e5b70979ed
2025-06-26 11:32:38.652314,bf996092-8d66-408a-8d8e-5065ca3330c2,f679f4cf-c089-4a2b-9b84-b14129630601,42fa4d31-400a-4e5f-87d7-4010792196d0,,e4bfd15f-98e3-42f3-9ef0-0e7f54dcc65c
2025-04-30 06:50:35.314643,bf996092-8d66-408a-8d8e-5065ca3330c2,f679f4cf-c089-4a2b-9b84-b14129630601,45a6d821-849b-48a4-b96e-1e36bed88edc,,e9e01027-eeaf-48e7-bad0-47acc0ecd780
2025-04-30 06:50:31.225982,bf996092-8d66-408a-8d8e-5065ca3330c2,f679f4cf-c089-4a2b-9b84-b14129630601,46d87fe9-def5-437d-b07e-a23f28f529a9,,ed5d5cde-4c6b-4ee2-a16b-dc3fb0872dd6
2025-04-30 06:54:08.268775,bf996092-8d66-408a-8d8e-5065ca3330c2,f679f4cf-c089-4a2b-9b84-b14129630601,475cf21e-0b0f-4f78-9490-a6b7282802a6,,5a228626-96a7-4392-b908-94baa1984b50
2025-04-30 08:09:05.616777,bf996092-8d66-408a-8d8e-5065ca3330c2,f679f4cf-c089-4a2b-9b84-b14129630601,48637893-053c-4385-ad10-69e26e9edc88,,712c3996-380f-4edb-8420-c844ac27f26c
2025-06-26 11:30:35.539843,bf996092-8d66-408a-8d8e-5065ca3330c2,f679f4cf-c089-4a2b-9b84-b14129630601,48cc5ef1-83f7-4e70-82d4-951c5d5f89cd,,dd7f635d-4b5b-4475-b490-1391b48fa8bc
2025-04-30 07:57:31.543576,bf996092-8d66-408a-8d8e-5065ca3330c2,f679f4cf-c089-4a2b-9b84-b14129630601,4a3a4fb8-4eab-4b2b-9a93-555d663bb968,,3afd154d-4da8-40dd-86b5-902874ff2ea9
2025-04-30 06:53:06.036312,bf996092-8d66-408a-8d8e-5065ca3330c2,f679f4cf-c089-4a2b-9b84-b14129630601,4b7fdf5a-4f2d-46c6-a4bd-e58831bdfdbb,,1aa0c9aa-11b8-47d3-bc77-0bb1d22764c1
2025-04-30 08:14:57.304694,bf996092-8d66-408a-8d8e-5065ca3330c2,f679f4cf-c089-4a2b-9b84-b14129630601,4dc0cf1f-7cd1-4a64-85e7-06c9306c2d58,,5e47086a-1dad-42eb-9c91-10749c377714
2025-06-26 11:17:26.367174,bf996092-8d66-408a-8d8e-5065ca3330c2,f679f4cf-c089-4a2b-9b84-b14129630601,4e3779c9-be08-4fb9-bb12-a3ca954f73ba,,165bd586-e778-4034-826c-be65e04a1337
2025-04-30 06:52:56.876948,bf996092-8d66-408a-8d8e-5065ca3330c2,f679f4cf-c089-4a2b-9b84-b14129630601,4edf6e48-b795-4405-91db-710e5277b315,,cb0ef4d9-c5ff-48ef-887e-b466c5728575
2025-06-26 12:19:52.995006,bf996092-8d66-408a-8d8e-5065ca3330c2,f679f4cf-c089-4a2b-9b84-b14129630601,4ff82d02-7adf-4b1d-889c-ecb367aaca73,,d0370f4a-c70b-4945-a6e9-1f56935c2098
2025-06-26 12:30:55.748492,bf996092-8d66-408a-8d8e-5065ca3330c2,f679f4cf-c089-4a2b-9b84-b14129630601,53b2583b-1427-4a16-a653-4479fc08d678,,41aad2b7-b01d-464e-9f79-769be12debcf
2025-04-30 06:52:32.814756,bf996092-8d66-408a-8d8e-5065ca3330c2,f679f4cf-c089-4a2b-9b84-b14129630601,53e752c5-3e84-4327-b123-1a024f8bd8dc,,192c4cab-8cf8-4e2a-a251-c49a0cbbb82c
2025-04-30 08:13:37.765211,bf996092-8d66-408a-8d8e-5065ca3330c2,f679f4cf-c089-4a2b-9b84-b14129630601,54dd6715-a159-4e64-8d0f-369be387499b,,8bce40af-f89a-4001-be46-48d2fa6826f9
2025-04-30 08:01:00.096479,bf996092-8d66-408a-8d8e-5065ca3330c2,f679f4cf-c089-4a2b-9b84-b14129630601,556051d2-2577-465f-9d3b-68bd169838b0,,c15e53ba-82c6-4758-93a8-57434d022ed9
2025-04-30 08:01:33.714236,bf996092-8d66-408a-8d8e-5065ca3330c2,f679f4cf-c089-4a2b-9b84-b14129630601,575fd248-ba1c-4cb8-ba61-1baec3874adc,,49143d97-a6c7-4136-ac6c-f8f16c0d9702
2025-06-15 12:59:21.398241,bf996092-8d66-408a-8d8e-5065ca3330c2,f679f4cf-c089-4a2b-9b84-b14129630601,58738ceb-9e4d-47af-82a0-a2c347dd0ad2,d42d60f3-4b2a-4b0c-be70-5332c669ac18,
2025-06-26 12:10:39.865461,bf996092-8d66-408a-8d8e-5065ca3330c2,f679f4cf-c089-4a2b-9b84-b14129630601,59aa0067-c3d4-46d5-b29d-e33fc9683e21,,b5ab1c1f-29e0-42c5-8663-9d419e6cbf43
2025-06-26 11:21:17.098245,bf996092-8d66-408a-8d8e-5065ca3330c2,f679f4cf-c089-4a2b-9b84-b14129630601,5b085cdb-0145-4b63-b00d-0c1cadb28587,,2fdac710-30b8-433a-a94e-3afe0cc200b4
2025-04-30 06:50:52.02556,bf996092-8d66-408a-8d8e-5065ca3330c2,f679f4cf-c089-4a2b-9b84-b14129630601,5b6f5010-42f7-418e-823f-0131e290dd34,,7ea16aab-aaa2-4e1f-89ea-4c384a8b7f06
2025-04-30 06:50:44.876623,bf996092-8d66-408a-8d8e-5065ca3330c2,f679f4cf-c089-4a2b-9b84-b14129630601,5c03e8c1-4e62-4f54-a66d-1b6269f6b367,,6d4a0835-1b56-4335-b130-081823e4234b
2025-05-19 05:01:04.546029,bf996092-8d66-408a-8d8e-5065ca3330c2,f679f4cf-c089-4a2b-9b84-b14129630601,5cd56cb7-5845-44d6-b9c6-c8089aede019,,782e1ae7-3381-4dd1-ab36-751372ba296f
2025-04-30 08:06:38.622996,bf996092-8d66-408a-8d8e-5065ca3330c2,f679f4cf-c089-4a2b-9b84-b14129630601,5cdde36a-becc-4632-901b-2bd9714cdb37,,502fc3b5-8b46-4173-9a34-136a927c7ba2
2025-06-26 11:41:51.075593,bf996092-8d66-408a-8d8e-5065ca3330c2,f679f4cf-c089-4a2b-9b84-b14129630601,5fcc2fa6-f93d-493f-a542-7eadfb89e21a,,39ebbee8-6a0d-416d-bf93-dc09401fb942
2025-04-30 06:52:48.02159,bf996092-8d66-408a-8d8e-5065ca3330c2,f679f4cf-c089-4a2b-9b84-b14129630601,6235e027-fe10-4988-84a8-0191fbb6f190,,0473f5b3-d563-4d62-91c6-8930730abee4
2025-06-26 11:43:56.111837,bf996092-8d66-408a-8d8e-5065ca3330c2,f679f4cf-c089-4a2b-9b84-b14129630601,640912ff-03a8-452a-bac0-381ae6601f14,,4a871c35-567c-485c-bb93-47fa79691bcb
2025-04-30 06:50:38.640121,bf996092-8d66-408a-8d8e-5065ca3330c2,f679f4cf-c089-4a2b-9b84-b14129630601,68dd9d17-4307-48ba-82ec-cdbb37ef373d,,6f4f285d-1b42-4ca6-9ede-18384ab26fa6
2025-05-30 07:30:12.192036,bf996092-8d66-408a-8d8e-5065ca3330c2,f679f4cf-c089-4a2b-9b84-b14129630601,6b20e1fa-8be5-41ed-8885-7226f5395008,bf940c7f-7676-413e-929c-617611b1b71b,
2025-04-30 06:53:15.593781,bf996092-8d66-408a-8d8e-5065ca3330c2,f679f4cf-c089-4a2b-9b84-b14129630601,6c819df6-47ff-43f1-bf78-53fa948883fd,,eae0c0d5-6372-4d92-b276-23071c421869
2025-04-30 06:54:15.306587,bf996092-8d66-408a-8d8e-5065ca3330c2,f679f4cf-c089-4a2b-9b84-b14129630601,6cebb804-e663-490c-8c50-16a54be6b49a,,5663adfd-7d46-43b4-ac01-f05fee1e9486
2025-06-26 11:23:20.356792,bf996092-8d66-408a-8d8e-5065ca3330c2,f679f4cf-c089-4a2b-9b84-b14129630601,6da9ae11-9a0e-49b3-af13-b2366f75d0d8,,38aaa4ce-770d-409a-b243-9906631e912d
2025-04-30 08:16:59.435399,bf996092-8d66-408a-8d8e-5065ca3330c2,f679f4cf-c089-4a2b-9b84-b14129630601,6dcefe89-fdbb-4398-bc40-dc3f1317d5c5,,7ad7e404-c284-4ddb-ba2d-498679b95eb6
2025-05-19 06:15:21.442973,bf996092-8d66-408a-8d8e-5065ca3330c2,f679f4cf-c089-4a2b-9b84-b14129630601,6e6b3acf-aeb5-4d86-8396-6aaf24b1a17e,,d7d07eec-5ee3-42a6-b92a-94d57cfc37ba
2025-04-30 06:50:32.517389,bf996092-8d66-408a-8d8e-5065ca3330c2,f679f4cf-c089-4a2b-9b84-b14129630601,6ffba7ca-ccfc-4540-b118-d6667aff7c62,,a5ae6025-08ae-4ace-84fe-674b38f4d1e7
2025-04-30 06:54:13.564535,bf996092-8d66-408a-8d8e-5065ca3330c2,f679f4cf-c089-4a2b-9b84-b14129630601,716c9f90-0c6d-48c3-a5c7-c0930d465398,,1eb4fc23-5ef4-48c6-b5df-1e46db5493f9
2025-04-30 06:52:38.007165,bf996092-8d66-408a-8d8e-5065ca3330c2,f679f4cf-c089-4a2b-9b84-b14129630601,73bb22cd-a013-4636-9227-6b2e5b025513,,e7c7b354-7de4-49e9-97d8-a23a47b532e3
2025-04-30 08:10:22.440374,bf996092-8d66-408a-8d8e-5065ca3330c2,f679f4cf-c089-4a2b-9b84-b14129630601,7486c169-1624-4076-916f-d0411d312679,,caa3c691-19d5-469b-ab4a-e7f16fbb16b8
2025-04-30 09:32:50.992813,bf996092-8d66-408a-8d8e-5065ca3330c2,f679f4cf-c089-4a2b-9b84-b14129630601,75ba5d4d-d5f4-4bc1-bbbe-676bd120f5fd,98f7391d-3b17-44c7-9eb9-121f5d506446,
2025-04-30 08:05:14.956886,bf996092-8d66-408a-8d8e-5065ca3330c2,f679f4cf-c089-4a2b-9b84-b14129630601,7649527b-699f-4ace-933b-729948e3bb29,,24552abc-9a3b-4bb8-9f96-1e7c7cc5ccf9
2025-03-21 09:13:20.676648,bf996092-8d66-408a-8d8e-5065ca3330c2,f679f4cf-c089-4a2b-9b84-b14129630601,791389b1-8b28-4ed5-badf-5ef1d5cddd01,,1f255c27-4316-461a-b872-b3f5fdcaf6e1
2025-04-30 06:54:04.725318,bf996092-8d66-408a-8d8e-5065ca3330c2,f679f4cf-c089-4a2b-9b84-b14129630601,7969902c-368c-4082-8466-0901f70aef57,,af91d36b-767d-4445-90a2-f5f3cce3babc
2025-06-26 12:34:46.033103,bf996092-8d66-408a-8d8e-5065ca3330c2,f679f4cf-c089-4a2b-9b84-b14129630601,7a4eeaa1-85aa-44e8-9090-cb9da489fbda,,89bdffef-a730-4a20-9d83-a521a0e19b36
2025-04-30 07:57:07.839838,bf996092-8d66-408a-8d8e-5065ca3330c2,f679f4cf-c089-4a2b-9b84-b14129630601,7b7e3bda-b7e4-4c58-9584-9d699eff13c7,,df61490c-8603-474b-a353-dff6a0d45c67
2025-04-30 06:53:01.140414,bf996092-8d66-408a-8d8e-5065ca3330c2,f679f4cf-c089-4a2b-9b84-b14129630601,7d62262e-5e13-46bf-80ec-d6977386bb66,,b38ce7eb-3af9-4f70-bf12-c9dd865f7236
2025-04-30 06:55:11.215686,bf996092-8d66-408a-8d8e-5065ca3330c2,f679f4cf-c089-4a2b-9b84-b14129630601,8154d52b-ec35-4f2e-a3f7-1286f4739547,,7ec3bb2b-487d-485c-9c77-9e7b7f5dc1b5
2025-06-26 11:39:05.937672,bf996092-8d66-408a-8d8e-5065ca3330c2,f679f4cf-c089-4a2b-9b84-b14129630601,81b3d63a-5b47-4eaa-85c8-658c52014544,,67d6c58e-933a-45be-87fb-0b3a8fbdfe3d
2025-05-19 05:01:22.264342,bf996092-8d66-408a-8d8e-5065ca3330c2,f679f4cf-c089-4a2b-9b84-b14129630601,830bd58e-db75-43e5-956d-e99e1f207bb3,,2388a56f-0911-482f-940e-b44d78e56630
2025-07-27 11:31:02.254384,bf996092-8d66-408a-8d8e-5065ca3330c2,f679f4cf-c089-4a2b-9b84-b14129630601,864ba4bc-3a90-4f06-b41c-3b40c41a2831,22473326-7385-41fc-9b86-8bced58a4e2f,
2025-07-21 07:51:13.714727,bf996092-8d66-408a-8d8e-5065ca3330c2,f679f4cf-c089-4a2b-9b84-b14129630601,88dca160-0ff9-4b68-bfa6-0d63e3ad1eba,22473326-7385-41fc-9b86-8bced58a4e2f,
2025-04-30 08:05:58.702514,bf996092-8d66-408a-8d8e-5065ca3330c2,f679f4cf-c089-4a2b-9b84-b14129630601,8a1b9590-8197-41b1-86c4-e9ce55cb844b,,bfc6d329-cb7f-4549-acd3-e658c6f81c3f
2025-06-26 11:33:54.623463,bf996092-8d66-408a-8d8e-5065ca3330c2,f679f4cf-c089-4a2b-9b84-b14129630601,8b2b7f87-93d7-4074-9f4d-b5d925e7376d,,ac7f03cc-0740-46e1-a9e6-b154aa5deaa9
2025-06-26 11:29:08.889431,bf996092-8d66-408a-8d8e-5065ca3330c2,f679f4cf-c089-4a2b-9b84-b14129630601,8cbeedbb-fc7b-402f-b667-146ea0469c4d,,42784a2a-458f-430d-a9df-925b7a23d3d5
2025-06-26 12:29:32.150694,bf996092-8d66-408a-8d8e-5065ca3330c2,f679f4cf-c089-4a2b-9b84-b14129630601,8ed9a91c-4170-4c56-9e62-5fb1d212a753,,e09a6a16-db25-4824-8892-93122e4598b8
2025-04-30 08:16:23.5611,bf996092-8d66-408a-8d8e-5065ca3330c2,f679f4cf-c089-4a2b-9b84-b14129630601,8f286820-24d4-4e4b-bfca-d0a3b9de7cf8,,37a536ae-fbdc-4ada-a205-9c7a8b058b2d
2025-07-10 10:08:35.093745,bf996092-8d66-408a-8d8e-5065ca3330c2,f679f4cf-c089-4a2b-9b84-b14129630601,8fdbbdf1-3460-48b3-9797-abf45509f3a1,22473326-7385-41fc-9b86-8bced58a4e2f,
2025-04-30 06:52:52.573464,bf996092-8d66-408a-8d8e-5065ca3330c2,f679f4cf-c089-4a2b-9b84-b14129630601,900d62a1-6f9e-48a5-8462-bb9285f82d96,,616d4047-831f-4bd3-95b1-d7218f32c477
2025-04-30 08:09:40.06088,bf996092-8d66-408a-8d8e-5065ca3330c2,f679f4cf-c089-4a2b-9b84-b14129630601,91179920-43c8-4edb-9957-7279c0c932dd,,9b404bb2-58d4-4731-a0ef-6eb0e023431a
2025-06-26 11:22:18.675868,bf996092-8d66-408a-8d8e-5065ca3330c2,f679f4cf-c089-4a2b-9b84-b14129630601,9183211c-0a65-4f39-bc08-0e206068b6b1,,2baa9415-2afc-41ce-aa38-b60649625570
2025-04-30 06:52:31.179802,bf996092-8d66-408a-8d8e-5065ca3330c2,f679f4cf-c089-4a2b-9b84-b14129630601,91a48666-0b3d-4631-b0a4-ca7df1c66322,,f66940f1-7cdc-416e-afeb-32f7ff0809b8
2025-06-26 12:35:39.522006,bf996092-8d66-408a-8d8e-5065ca3330c2,f679f4cf-c089-4a2b-9b84-b14129630601,9201c059-92de-4603-906b-1bd3e9f94a32,,ac8fd7cd-4c74-451e-b8dc-5643680d23f8
2025-04-30 08:10:37.325079,bf996092-8d66-408a-8d8e-5065ca3330c2,f679f4cf-c089-4a2b-9b84-b14129630601,92a26b79-8ae6-4696-8efc-d33de758cc59,,83d55290-4b67-4589-b5cf-6a318ea31ef9
2025-04-30 08:14:44.987589,bf996092-8d66-408a-8d8e-5065ca3330c2,f679f4cf-c089-4a2b-9b84-b14129630601,9496c7d6-3786-475d-ae66-0b26b810798a,,76882f43-ca7b-413e-bda4-e13b051530a4
2025-08-05 07:18:01.946391,bf996092-8d66-408a-8d8e-5065ca3330c2,f679f4cf-c089-4a2b-9b84-b14129630601,95ef4339-b549-4238-b9bf-b93ed081fcb2,22473326-7385-41fc-9b86-8bced58a4e2f,
2025-04-30 07:57:25.06,bf996092-8d66-408a-8d8e-5065ca3330c2,f679f4cf-c089-4a2b-9b84-b14129630601,9648f640-959d-4568-b492-aa84dae303ee,,67386c38-c2ab-4e46-a259-c2a3a29cbd82
2025-04-30 08:05:49.669937,bf996092-8d66-408a-8d8e-5065ca3330c2,f679f4cf-c089-4a2b-9b84-b14129630601,98f7391d-3b17-44c7-9eb9-121f5d506446,,1ab75fd3-633b-4d0b-8e1e-723591590011
2025-04-30 08:08:44.833401,bf996092-8d66-408a-8d8e-5065ca3330c2,f679f4cf-c089-4a2b-9b84-b14129630601,99755b32-d47a-4235-b323-494e609ec6ce,,72df1444-ad3d-41dd-8fdb-63ce07b2b1c8
2025-04-30 07:56:54.425418,bf996092-8d66-408a-8d8e-5065ca3330c2,f679f4cf-c089-4a2b-9b84-b14129630601,9a8797df-e058-47d1-a99a-9ef0c705b662,,2b97e629-3019-4978-ab3b-f0e2cf5a0413
2025-04-30 06:54:06.322865,bf996092-8d66-408a-8d8e-5065ca3330c2,f679f4cf-c089-4a2b-9b84-b14129630601,9b55e8ae-9854-47d6-bd3c-0309c6ae6ced,,6272c13b-1129-45bb-9654-dd1678c08fa6
2025-06-26 11:44:31.820616,bf996092-8d66-408a-8d8e-5065ca3330c2,f679f4cf-c089-4a2b-9b84-b14129630601,9df52748-d0d8-4533-bd90-bff2fb00bf1a,,4b2ee3f2-ee2b-4fe2-ae7e-7b709904b4d7
2025-04-30 06:50:50.538287,bf996092-8d66-408a-8d8e-5065ca3330c2,f679f4cf-c089-4a2b-9b84-b14129630601,a06600af-da2a-4489-b8c5-f4fe3c3aac8f,,05a061c1-7db5-467e-9cee-1e232fd2b00a
2025-04-30 06:54:01.508015,bf996092-8d66-408a-8d8e-5065ca3330c2,f679f4cf-c089-4a2b-9b84-b14129630601,a132746d-7ee8-4ff1-8890-6d75b1ca28c1,,c2f44aa0-5e1b-403d-9486-f3b8d0017ded
2025-04-30 08:07:29.915989,bf996092-8d66-408a-8d8e-5065ca3330c2,f679f4cf-c089-4a2b-9b84-b14129630601,a6fe1915-4a22-4c34-b9de-2f8393537765,,0994b43a-d6b0-49a5-ac56-b30a44867a9c
2025-05-19 05:38:47.842608,bf996092-8d66-408a-8d8e-5065ca3330c2,f679f4cf-c089-4a2b-9b84-b14129630601,a98e088c-f24b-4beb-96c8-b2a3fd7b09de,bf940c7f-7676-413e-929c-617611b1b71b,
2025-06-26 11:18:51.442501,bf996092-8d66-408a-8d8e-5065ca3330c2,f679f4cf-c089-4a2b-9b84-b14129630601,aa1f7acb-182f-42b0-874a-779514015698,,8d085b2d-2b90-4521-b7ce-d6284dba5205
2025-04-30 08:08:19.837495,bf996092-8d66-408a-8d8e-5065ca3330c2,f679f4cf-c089-4a2b-9b84-b14129630601,af52164f-9607-4320-b556-038c4bbe0437,,0e3bfdcc-185c-4783-85f7-2ccd46b5b425
2025-06-21 03:16:11.519196,bf996092-8d66-408a-8d8e-5065ca3330c2,f679f4cf-c089-4a2b-9b84-b14129630601,afa92895-3e80-4ff8-85cf-d5e8bdaef2fa,d42d60f3-4b2a-4b0c-be70-5332c669ac18,
2025-06-26 11:35:22.121172,bf996092-8d66-408a-8d8e-5065ca3330c2,f679f4cf-c089-4a2b-9b84-b14129630601,b06e9ccd-7fb1-42f1-9505-2278003bd08c,,0a2a91d9-6f5f-48f6-bea7-4b351dc47f1b
2025-04-30 06:53:11.320726,bf996092-8d66-408a-8d8e-5065ca3330c2,f679f4cf-c089-4a2b-9b84-b14129630601,b21a6e30-6fbf-4cc2-9f83-f66ca68d49da,,8cb64941-c514-46f1-8083-400d542dcfbe
2025-04-30 08:14:16.956944,bf996092-8d66-408a-8d8e-5065ca3330c2,f679f4cf-c089-4a2b-9b84-b14129630601,b40dd43e-e41e-4329-87d9-ac3a7a4a7634,,66fc9a2c-3c24-4825-ae79-3360462418a5
2025-05-25 04:09:01.620157,bf996092-8d66-408a-8d8e-5065ca3330c2,f679f4cf-c089-4a2b-9b84-b14129630601,b5051b2a-af62-459f-9afb-9cc659e992db,d42d60f3-4b2a-4b0c-be70-5332c669ac18,
2025-06-26 12:25:54.834285,bf996092-8d66-408a-8d8e-5065ca3330c2,f679f4cf-c089-4a2b-9b84-b14129630601,b5814dcb-5b64-4812-b079-e2ff61efc782,,cdcb4a33-59d3-4f44-913a-6eacd423f2ef
2025-05-19 05:01:32.071054,bf996092-8d66-408a-8d8e-5065ca3330c2,f679f4cf-c089-4a2b-9b84-b14129630601,b5ef5045-ccca-4f7b-8691-e90becc6d217,,68e6c0cd-003e-4f05-b72e-3affbb58b391
2025-04-30 06:52:35.836972,bf996092-8d66-408a-8d8e-5065ca3330c2,f679f4cf-c089-4a2b-9b84-b14129630601,b74bb713-f971-4a38-ac21-834ce118512f,,e08c573d-097b-4135-ab27-be5bd1f517e0
2025-04-30 08:14:32.446958,bf996092-8d66-408a-8d8e-5065ca3330c2,f679f4cf-c089-4a2b-9b84-b14129630601,b7c7feef-1e2e-4ff1-af21-cd69078f5909,,d5026ce4-0cbd-4c61-9bb2-c77d8125375b
2025-06-26 12:17:06.530144,bf996092-8d66-408a-8d8e-5065ca3330c2,f679f4cf-c089-4a2b-9b84-b14129630601,b7ce20ae-b8b7-4027-9de6-e9ddc6988274,,f6e9b8bb-bbd7-443d-9660-215534a7df85
2025-04-30 06:53:09.17808,bf996092-8d66-408a-8d8e-5065ca3330c2,f679f4cf-c089-4a2b-9b84-b14129630601,b7e14527-57d5-409c-a93e-7cd199d02759,,40f278dd-d2a9-4ab6-87cd-7aabb41f1de8
2025-06-26 12:30:11.243533,bf996092-8d66-408a-8d8e-5065ca3330c2,f679f4cf-c089-4a2b-9b84-b14129630601,b82036a9-1d5d-444e-8049-6fef42713dbd,,506d03ed-1616-458f-a136-1eb3a195c023
2025-04-30 06:53:12.872056,bf996092-8d66-408a-8d8e-5065ca3330c2,f679f4cf-c089-4a2b-9b84-b14129630601,ba3225d6-03f4-467f-a936-22103ce179a9,,f25338fd-fb72-48c9-9206-1f5572434fad
2025-06-26 12:16:23.231348,bf996092-8d66-408a-8d8e-5065ca3330c2,f679f4cf-c089-4a2b-9b84-b14129630601,bcae139f-e1cb-4cf9-9dfa-5056d417b1d4,,5049e68c-bc34-4776-88c4-6211b6edaca2
2025-04-30 06:54:16.923119,bf996092-8d66-408a-8d8e-5065ca3330c2,f679f4cf-c089-4a2b-9b84-b14129630601,bd999a14-2551-4bdd-abe4-a7b9b904c42c,,15c78f9e-bc03-4775-bf6e-271ae0c8e2ef
2025-06-26 12:28:53.261288,bf996092-8d66-408a-8d8e-5065ca3330c2,f679f4cf-c089-4a2b-9b84-b14129630601,bdbb58cd-a60e-4088-9444-c56107bfee68,,a7a79b3b-a820-4d51-9f79-1a03fa832074
2025-04-30 07:58:50.26339,bf996092-8d66-408a-8d8e-5065ca3330c2,f679f4cf-c089-4a2b-9b84-b14129630601,bf940c7f-7676-413e-929c-617611b1b71b,,dc4c4394-dff8-4e38-ab8d-794874a902f5
2025-04-30 07:58:13.307046,bf996092-8d66-408a-8d8e-5065ca3330c2,f679f4cf-c089-4a2b-9b84-b14129630601,bfc4fb5a-c2cd-4637-94cd-7338f24727a2,,433d9545-a958-432c-bac0-26c2d5193c3e
2025-04-30 08:17:33.118299,bf996092-8d66-408a-8d8e-5065ca3330c2,f679f4cf-c089-4a2b-9b84-b14129630601,c07bdeb0-f990-4cb7-bfb1-f02cb763ea26,,be62c66e-2c5d-4f30-9642-0fdf6f05fea3
2025-06-26 11:42:58.454268,bf996092-8d66-408a-8d8e-5065ca3330c2,f679f4cf-c089-4a2b-9b84-b14129630601,c2f260f1-b7e3-48c8-adc8-25cc1f47b336,,f5de50fb-940d-4408-b7f7-25f8b330d914
2025-04-30 08:04:35.063048,bf996092-8d66-408a-8d8e-5065ca3330c2,f679f4cf-c089-4a2b-9b84-b14129630601,c303dfb3-5951-4caa-b746-8a5a004443ab,,5eb670e6-2f7e-4726-806a-c63d037c7481
2025-04-30 08:07:48.216071,bf996092-8d66-408a-8d8e-5065ca3330c2,f679f4cf-c089-4a2b-9b84-b14129630601,c68bac89-50b8-4088-8c87-185d5fb4c5a6,,4cb37424-4348-4a49-85f1-833cc7ce7af2
2025-04-30 06:50:39.961689,bf996092-8d66-408a-8d8e-5065ca3330c2,f679f4cf-c089-4a2b-9b84-b14129630601,c7fc729e-9a5c-43ed-af87-c80954818a81,,f19af0a2-f438-47c0-8536-23cfa19d567c
2025-05-19 11:14:28.482176,bf996092-8d66-408a-8d8e-5065ca3330c2,f679f4cf-c089-4a2b-9b84-b14129630601,ca2a3199-0e93-4f6d-9119-9dae779347e4,d42d60f3-4b2a-4b0c-be70-5332c669ac18,
2025-06-26 12:32:05.262816,bf996092-8d66-408a-8d8e-5065ca3330c2,f679f4cf-c089-4a2b-9b84-b14129630601,cd4d5cf9-58c8-4364-9f06-402665819455,,5c735116-84b1-412f-8ecf-9c896b449faa
2025-04-30 06:50:34.162296,bf996092-8d66-408a-8d8e-5065ca3330c2,f679f4cf-c089-4a2b-9b84-b14129630601,ce2f8553-200e-48e9-861b-6ec8f51b482b,,6daed9bc-d8a3-4c9f-a654-c3dce4c6544e
2025-06-26 11:31:32.328996,bf996092-8d66-408a-8d8e-5065ca3330c2,f679f4cf-c089-4a2b-9b84-b14129630601,d19bac87-ebe7-4688-9b2c-c1a8f1884803,,ed4b2c9c-5df9-4674-bc95-422917c1bf93
2025-06-26 10:50:56.939965,bf996092-8d66-408a-8d8e-5065ca3330c2,f679f4cf-c089-4a2b-9b84-b14129630601,d33244a3-80fd-4587-a2eb-38f728057b7d,,dbcd0df8-68b8-46bf-b7e8-e70c6b186124
2025-05-19 05:09:36.720059,bf996092-8d66-408a-8d8e-5065ca3330c2,f679f4cf-c089-4a2b-9b84-b14129630601,d42d60f3-4b2a-4b0c-be70-5332c669ac18,,a0588dea-5ffa-4c2f-af87-3a431c4f899f
2025-04-30 07:57:56.085758,bf996092-8d66-408a-8d8e-5065ca3330c2,f679f4cf-c089-4a2b-9b84-b14129630601,d4bf835d-405f-465d-9ed9-e2a992d9c44c,,eecd586c-69de-4a6c-b26a-6dfe893c151f
2025-04-30 06:50:47.628644,bf996092-8d66-408a-8d8e-5065ca3330c2,f679f4cf-c089-4a2b-9b84-b14129630601,d51cb54b-9182-4923-a787-56008006178b,,fdc6a400-fe12-488b-866c-4aee27358a0a
2025-04-30 08:01:01.045007,bf996092-8d66-408a-8d8e-5065ca3330c2,f679f4cf-c089-4a2b-9b84-b14129630601,d61cd039-8425-43d9-8ee8-877480f6d8cf,,63eca975-19f5-45fc-a5c5-fb5935798228
2025-06-24 07:29:56.674763,bf996092-8d66-408a-8d8e-5065ca3330c2,f679f4cf-c089-4a2b-9b84-b14129630601,da36bb06-0c64-4959-988d-2068722fb600,d42d60f3-4b2a-4b0c-be70-5332c669ac18,
2025-04-30 06:53:07.515208,bf996092-8d66-408a-8d8e-5065ca3330c2,f679f4cf-c089-4a2b-9b84-b14129630601,db7fa480-1efc-4729-b59b-de8a838b1661,,f8b3d239-115d-413f-aa35-ad2b2a869d6e
2025-06-26 10:51:43.482245,bf996092-8d66-408a-8d8e-5065ca3330c2,f679f4cf-c089-4a2b-9b84-b14129630601,dc7bcadc-4859-4580-aeb7-5672ee616951,,7b3af86e-7594-4379-87f0-37ce4a108322
2025-06-26 12:21:00.544333,bf996092-8d66-408a-8d8e-5065ca3330c2,f679f4cf-c089-4a2b-9b84-b14129630601,dca7cec1-baf6-42fd-8f85-091eb6f89929,,fa5ae833-460d-4b6b-9f80-88aa5f25307b
2025-06-26 11:20:39.180454,bf996092-8d66-408a-8d8e-5065ca3330c2,f679f4cf-c089-4a2b-9b84-b14129630601,defeaef8-8d8e-4c65-a4b2-516dde375c9f,,1f2d3342-c177-485e-8196-c8d5a138eca8
2025-07-09 02:57:07.90969,bf996092-8d66-408a-8d8e-5065ca3330c2,f679f4cf-c089-4a2b-9b84-b14129630601,df3bbc8e-6446-460f-89ff-da877f007979,22473326-7385-41fc-9b86-8bced58a4e2f,
2025-04-30 08:11:25.682727,bf996092-8d66-408a-8d8e-5065ca3330c2,f679f4cf-c089-4a2b-9b84-b14129630601,e18acfa7-a08c-4879-8c65-14961b8f00ac,,291a10e6-4d84-48a0-a041-e03e66348fa4
2025-04-30 08:15:11.873074,bf996092-8d66-408a-8d8e-5065ca3330c2,f679f4cf-c089-4a2b-9b84-b14129630601,e18feb7d-457e-4bec-8327-13fa9e42e792,,7f34ee66-7d7e-4fb0-9f39-b4355f71bede
2025-04-30 08:00:01.864295,bf996092-8d66-408a-8d8e-5065ca3330c2,f679f4cf-c089-4a2b-9b84-b14129630601,e22cabe1-06bf-46a9-b60b-9bb550bd6d12,,caaccedc-d378-4116-bf77-e38fecc5726d
2025-05-19 09:35:40.510563,bf996092-8d66-408a-8d8e-5065ca3330c2,f679f4cf-c089-4a2b-9b84-b14129630601,e26d3552-25c6-47e8-8d77-917f359bdc39,d42d60f3-4b2a-4b0c-be70-5332c669ac18,
2025-06-26 11:37:56.156932,bf996092-8d66-408a-8d8e-5065ca3330c2,f679f4cf-c089-4a2b-9b84-b14129630601,e2ed7b8b-f80e-42b5-bd85-aeb1fcb2adf8,,e7fccf6d-b190-49a8-a640-f3a4ad772241
2025-06-26 12:17:39.499819,bf996092-8d66-408a-8d8e-5065ca3330c2,f679f4cf-c089-4a2b-9b84-b14129630601,e329a53d-95b2-4c32-8da6-0c813747e944,,6fd0d141-c62b-4cff-ac67-5d85f1734f57
2025-04-30 06:50:36.715881,bf996092-8d66-408a-8d8e-5065ca3330c2,f679f4cf-c089-4a2b-9b84-b14129630601,e3f0cef9-fb7e-479b-a40b-1f8e621a5164,,f5c90f25-726a-48d1-b7e8-008175620da3
2025-06-26 12:26:49.957324,bf996092-8d66-408a-8d8e-5065ca3330c2,f679f4cf-c089-4a2b-9b84-b14129630601,e5663ff7-d802-4e43-ab0a-9e1ad33b4f87,,9f86557d-bd1d-4052-959e-35fa5e9c957c
2025-06-26 12:31:31.300185,bf996092-8d66-408a-8d8e-5065ca3330c2,f679f4cf-c089-4a2b-9b84-b14129630601,e7d4cc59-2309-4865-a46e-19b6d82ef633,,2b9ae260-38e3-4cc1-8850-69a7a9073484
2025-04-30 06:55:07.02012,bf996092-8d66-408a-8d8e-5065ca3330c2,f679f4cf-c089-4a2b-9b84-b14129630601,e7f8617e-9d2b-475a-90ea-fa1c2b93a60a,,df110c7b-304d-4bdc-becf-d3096cc372a2
2025-08-02 05:25:11.623315,bf996092-8d66-408a-8d8e-5065ca3330c2,f679f4cf-c089-4a2b-9b84-b14129630601,e828c79e-9fab-4ea1-b8b9-dc0382148128,22473326-7385-41fc-9b86-8bced58a4e2f,
2025-06-26 11:24:38.026896,bf996092-8d66-408a-8d8e-5065ca3330c2,f679f4cf-c089-4a2b-9b84-b14129630601,ea22bde4-f9ce-4a7f-8082-ab5a67880f72,,ddd6c406-fc62-49a5-a504-59e6b558ace9
2025-04-30 08:17:05.278317,bf996092-8d66-408a-8d8e-5065ca3330c2,f679f4cf-c089-4a2b-9b84-b14129630601,eb68c497-aed0-403d-97a3-f26717254449,,175030f3-3ea5-4687-81ac-5d4f3c65c75d
2025-04-30 08:16:11.893598,bf996092-8d66-408a-8d8e-5065ca3330c2,f679f4cf-c089-4a2b-9b84-b14129630601,ec89fbc1-af0f-436b-a81f-2700a4b430d5,,8f0934d9-c523-4286-bb99-a0c0e75f7609
2025-07-03 06:48:28.500704,bf996092-8d66-408a-8d8e-5065ca3330c2,f679f4cf-c089-4a2b-9b84-b14129630601,ee3508b6-ab1e-43ed-878b-f692af3de7ff,22473326-7385-41fc-9b86-8bced58a4e2f,
2025-06-26 11:27:48.33177,bf996092-8d66-408a-8d8e-5065ca3330c2,f679f4cf-c089-4a2b-9b84-b14129630601,f06902d5-62fc-4e78-92c7-b418e46475e5,,2ab9a033-92af-42fd-b356-f5568ad525bd
2025-04-30 06:52:41.625177,bf996092-8d66-408a-8d8e-5065ca3330c2,f679f4cf-c089-4a2b-9b84-b14129630601,f17d5d5d-f306-455f-9ac6-1159d4ee3acc,,e0305281-1ee7-444f-8f52-9b51ba4b2bbd
2025-04-30 07:58:27.697974,bf996092-8d66-408a-8d8e-5065ca3330c2,f679f4cf-c089-4a2b-9b84-b14129630601,f1cf623f-8462-47e2-9bf1-8d9cf4ef9997,,c863be89-e720-4252-8f1b-b5e5924ea3c4
2025-04-30 08:11:57.503091,bf996092-8d66-408a-8d8e-5065ca3330c2,f679f4cf-c089-4a2b-9b84-b14129630601,f21c424d-d91c-427d-94ab-cc3dead5a200,,1adc361d-d639-4c74-bb4d-5107331d01b6
2025-04-30 08:01:59.404676,bf996092-8d66-408a-8d8e-5065ca3330c2,f679f4cf-c089-4a2b-9b84-b14129630601,f6ee2bcf-aba4-4401-9b40-e5b707dfcc7a,,3b0117ef-01f4-4f75-b1f0-1384c1b716ea
2025-04-30 06:50:49.215667,bf996092-8d66-408a-8d8e-5065ca3330c2,f679f4cf-c089-4a2b-9b84-b14129630601,f95c2f3f-38ba-4634-ad21-8c548aa54ec0,,efc12a0c-6b69-431d-a114-d7240c01ea1f
2025-06-26 11:22:48.0655,bf996092-8d66-408a-8d8e-5065ca3330c2,f679f4cf-c089-4a2b-9b84-b14129630601,fa96d902-a7be-4d90-b77c-27538a019bb5,,121ebfb2-cf7d-4cac-a78f-8fecb922e6f6
2025-06-26 12:34:07.779289,bf996092-8d66-408a-8d8e-5065ca3330c2,f679f4cf-c089-4a2b-9b84-b14129630601,fd214df8-4cdb-4a4f-8bb2-64a8ff7c84a2,,fa86d5c0-7e65-481e-8c09-837ad0c58fca
2025-06-26 11:26:41.021992,bf996092-8d66-408a-8d8e-5065ca3330c2,f679f4cf-c089-4a2b-9b84-b14129630601,fd3f190a-0e95-447c-9b77-c361e265c06a,,b2056ac0-91af-4e39-b7ca-b4aa8f3a8c66
2025-04-30 08:00:33.670465,bf996092-8d66-408a-8d8e-5065ca3330c2,f679f4cf-c089-4a2b-9b84-b14129630601,fd8dd436-303f-4aba-9b5c-29d42b99ebcc,,13090ecc-c294-4730-a1f2-ac370a0a0ee7
2025-04-30 06:52:46.256076,bf996092-8d66-408a-8d8e-5065ca3330c2,f679f4cf-c089-4a2b-9b84-b14129630601,ff0336bf-a7b9-4933-861f-70ea8d179c22,,77db4f51-445b-468f-85ff-6fa3f5653b63
2025-06-26 11:45:15.878474,bf996092-8d66-408a-8d8e-5065ca3330c2,f679f4cf-c089-4a2b-9b84-b14129630601,ff23b952-3a4e-4a93-b085-fc094da594c4,,021700d4-696d-4fd9-9a3b-477abded71a1
2025-04-30 06:09:18.641011,bf996092-8d66-408a-8d8e-5065ca3330c2,23142979-9fb6-4fd3-bd82-62d7e0add75f,00d12358-4fd5-4417-bb43-a7c280c50046,,1593673f-0328-4530-8892-cabe44709ca9
2025-04-30 05:41:42.69556,bf996092-8d66-408a-8d8e-5065ca3330c2,23142979-9fb6-4fd3-bd82-62d7e0add75f,049a7a4e-aa54-456e-8f3a-5a2dbe44bb12,,291bf6d5-a0d6-4b77-9690-9f2415edef7f
2025-04-30 06:21:25.457131,bf996092-8d66-408a-8d8e-5065ca3330c2,23142979-9fb6-4fd3-bd82-62d7e0add75f,08de1bac-ee9f-4ae1-93db-526a68737324,,98432bf0-e208-4b19-8c62-6d34d249624c
2025-06-27 06:32:22.08882,bf996092-8d66-408a-8d8e-5065ca3330c2,23142979-9fb6-4fd3-bd82-62d7e0add75f,08e77f14-6753-4670-9f52-5c16a074c624,,d2c156a0-0f04-4493-b388-588b472e7079
2025-06-27 06:33:05.610842,bf996092-8d66-408a-8d8e-5065ca3330c2,23142979-9fb6-4fd3-bd82-62d7e0add75f,099d20d5-6a45-4a46-a92f-0626ba328d19,,92772a1b-66a6-47d2-816e-80d1f5680284
2025-04-30 06:02:35.137506,bf996092-8d66-408a-8d8e-5065ca3330c2,23142979-9fb6-4fd3-bd82-62d7e0add75f,0a338933-fd57-4a78-a020-c688745c00d0,,c5134c1f-f00d-4bb1-af15-f907b8d2f80a
2025-04-30 05:58:34.563987,bf996092-8d66-408a-8d8e-5065ca3330c2,23142979-9fb6-4fd3-bd82-62d7e0add75f,0d389189-65d7-4bce-bf46-4e1d1407cefa,,e8dc54e3-b871-4d1e-adb2-049d3a87fb58
2025-06-27 06:49:39.263995,bf996092-8d66-408a-8d8e-5065ca3330c2,23142979-9fb6-4fd3-bd82-62d7e0add75f,0d98d7ad-956d-4411-9d97-718ae9a3604b,,8a0a63aa-5256-4cf5-9002-c5a400ce3d7f
2025-06-27 06:53:15.162142,bf996092-8d66-408a-8d8e-5065ca3330c2,23142979-9fb6-4fd3-bd82-62d7e0add75f,0ddd4e87-486a-4daa-a0a7-693a464ecef0,,475b648e-29aa-4b4a-8354-873f5131c4b3
2025-06-27 06:52:26.708348,bf996092-8d66-408a-8d8e-5065ca3330c2,23142979-9fb6-4fd3-bd82-62d7e0add75f,0ef403d2-c150-40fd-bce6-058ea282adbe,,ff0f9a66-8273-4152-a86f-f81df28b1add
2025-06-27 07:35:27.265669,bf996092-8d66-408a-8d8e-5065ca3330c2,23142979-9fb6-4fd3-bd82-62d7e0add75f,0f1409d0-101b-4d88-89cf-1509c9479f78,,e17f67e4-9298-4e28-8d59-27fa6c5674ca
2025-06-27 07:10:38.670748,bf996092-8d66-408a-8d8e-5065ca3330c2,23142979-9fb6-4fd3-bd82-62d7e0add75f,12406a04-3436-4cd6-af4b-f97c12a4cafe,,5b792f1e-be16-44a4-ab1b-e4ef4867e34e
2025-04-30 06:13:36.384458,bf996092-8d66-408a-8d8e-5065ca3330c2,23142979-9fb6-4fd3-bd82-62d7e0add75f,12e5002f-cc36-4d75-b2bd-18f71df45e2d,,5d9f2dbf-ea05-417f-bfe3-114734f1e112
2025-04-30 08:28:41.999826,bf996092-8d66-408a-8d8e-5065ca3330c2,23142979-9fb6-4fd3-bd82-62d7e0add75f,1366d445-52b8-4797-a587-2e65c88a739b,604d927a-2def-4015-bf5e-3f7a86ff221c,
2025-04-30 06:16:11.505177,bf996092-8d66-408a-8d8e-5065ca3330c2,23142979-9fb6-4fd3-bd82-62d7e0add75f,13d09a75-75f1-4153-af47-4cf48dfc87a1,,51c3315e-3535-4b45-aa04-3282a669db8c
2025-06-27 07:08:43.043478,bf996092-8d66-408a-8d8e-5065ca3330c2,23142979-9fb6-4fd3-bd82-62d7e0add75f,14805ec6-4ec0-4f10-a4b2-ca87658b364b,,9081f460-dc19-4cdc-a657-fe28ec4016d7
2025-04-30 05:36:53.79499,bf996092-8d66-408a-8d8e-5065ca3330c2,23142979-9fb6-4fd3-bd82-62d7e0add75f,157a7d1f-ed94-4567-b95e-2b8d28ce1078,,ba61accd-620f-41b8-97ed-2bb23631c82c
2025-04-30 06:03:38.201372,bf996092-8d66-408a-8d8e-5065ca3330c2,23142979-9fb6-4fd3-bd82-62d7e0add75f,19b11322-87cb-4cf9-a9a5-082d82fc1395,,0a09d981-a8d2-47c9-894e-405c0440a982
2025-04-30 06:13:32.327552,bf996092-8d66-408a-8d8e-5065ca3330c2,23142979-9fb6-4fd3-bd82-62d7e0add75f,1c09ed7d-2230-4064-889a-dc1211734dd1,,f805af5d-bce3-4a79-9a5f-fe5d1f6bbe5c
2025-04-30 06:17:25.154715,bf996092-8d66-408a-8d8e-5065ca3330c2,23142979-9fb6-4fd3-bd82-62d7e0add75f,1c59502f-814a-487a-a92b-b72e4fa8f63b,,4cdfd169-1ee7-4037-9eca-8c0b6d1cec47
2025-04-30 05:37:01.834038,bf996092-8d66-408a-8d8e-5065ca3330c2,23142979-9fb6-4fd3-bd82-62d7e0add75f,1d108803-9952-4879-ba65-bfd330b70db6,,770df3bf-a674-4132-b9a1-ea7b50ec9069
2025-04-30 05:58:24.033172,bf996092-8d66-408a-8d8e-5065ca3330c2,23142979-9fb6-4fd3-bd82-62d7e0add75f,1fb6db9e-4284-44a3-85c2-a11b34399c80,,68257d41-7d92-4da3-805b-41c296c52a99
2025-06-27 07:31:21.587461,bf996092-8d66-408a-8d8e-5065ca3330c2,23142979-9fb6-4fd3-bd82-62d7e0add75f,20898d27-a6e7-4a67-8bb1-93d98659f58a,,662897ca-70a1-4b1a-bca6-5bcf042a44d7
2025-04-30 06:12:36.265467,bf996092-8d66-408a-8d8e-5065ca3330c2,23142979-9fb6-4fd3-bd82-62d7e0add75f,218ec9ac-c46a-482f-bf9e-0a7d9f912323,,9aa8713a-b4eb-450d-9307-f65800dbcf92
2025-04-30 05:36:51.53578,bf996092-8d66-408a-8d8e-5065ca3330c2,23142979-9fb6-4fd3-bd82-62d7e0add75f,21b5b93d-189f-4028-8253-8026ea6758f4,,e16e8d1b-00fe-405b-a8ac-9e01c55254b2
2025-04-30 06:08:07.578544,bf996092-8d66-408a-8d8e-5065ca3330c2,23142979-9fb6-4fd3-bd82-62d7e0add75f,222ef301-4a60-4495-9c11-acc476d2f0ca,,c4e0bbe2-397d-40d4-816a-35fba6a8539c
2025-04-30 05:56:43.075997,bf996092-8d66-408a-8d8e-5065ca3330c2,23142979-9fb6-4fd3-bd82-62d7e0add75f,27d475fe-70e2-4c41-8dc1-6b23acb6d334,,befb525f-dd77-452c-a41f-a42814389c00
2025-04-08 05:50:21.783059,bf996092-8d66-408a-8d8e-5065ca3330c2,23142979-9fb6-4fd3-bd82-62d7e0add75f,286038c6-08b6-4351-9a3c-74c3157a021b,,f79ff941-ecaa-4f75-a706-af0d0cee77cc
2025-06-27 07:19:13.878326,bf996092-8d66-408a-8d8e-5065ca3330c2,23142979-9fb6-4fd3-bd82-62d7e0add75f,29fcb0d8-7ccc-417f-a638-b85689a4ffd5,,0b236848-5047-42f3-a07f-424c798ebda0
2025-06-27 07:29:55.00523,bf996092-8d66-408a-8d8e-5065ca3330c2,23142979-9fb6-4fd3-bd82-62d7e0add75f,2aefdc1c-037e-4f42-82ec-88517e9f9713,,2e7d0a92-905e-4e2c-82da-7e7cfa2bc0b5
2025-06-27 06:31:31.096284,bf996092-8d66-408a-8d8e-5065ca3330c2,23142979-9fb6-4fd3-bd82-62d7e0add75f,2b302221-3d79-4045-8527-2fd1e1f51eff,,05fc93f7-f865-4ff8-a56b-34ec4e2551e6
2025-06-27 06:37:25.390068,bf996092-8d66-408a-8d8e-5065ca3330c2,23142979-9fb6-4fd3-bd82-62d7e0add75f,2b9cd822-ccbc-4365-94cd-f7219abafc5e,,034144d8-48a6-465d-aeb2-5f0bfddfc88a
2025-03-07 10:08:42.299664,bf996092-8d66-408a-8d8e-5065ca3330c2,23142979-9fb6-4fd3-bd82-62d7e0add75f,2ca8b4f0-7814-4eb1-ae08-5b88f0125842,,cff95695-2d7b-4953-8034-0d11c86dc3fd
2025-04-30 05:58:40.6911,bf996092-8d66-408a-8d8e-5065ca3330c2,23142979-9fb6-4fd3-bd82-62d7e0add75f,312d9bcd-791d-4da1-8784-9e0f2cdf4024,,457f2bad-25f9-406b-9802-4b05931fe873
2025-04-30 06:04:32.728095,bf996092-8d66-408a-8d8e-5065ca3330c2,23142979-9fb6-4fd3-bd82-62d7e0add75f,371f3507-8bee-4e82-93d7-58d70de2f85f,,73ce389b-19c8-47e5-8862-aa85f8417219
2025-04-30 06:06:40.641641,bf996092-8d66-408a-8d8e-5065ca3330c2,23142979-9fb6-4fd3-bd82-62d7e0add75f,37590c21-ea96-457c-a3c5-aa3b398fee49,,1fab7a0a-c7cd-441a-ba4a-c58d2b511853
2025-05-16 07:33:49.398423,bf996092-8d66-408a-8d8e-5065ca3330c2,23142979-9fb6-4fd3-bd82-62d7e0add75f,39145266-b346-4386-bd6b-dcab622ea288,,184deee0-47e0-454b-98be-58e1649e3d3b
2025-06-27 06:38:05.567148,bf996092-8d66-408a-8d8e-5065ca3330c2,23142979-9fb6-4fd3-bd82-62d7e0add75f,3a43d7af-ab63-405e-abaa-c6a788e2ae63,,0281e774-6754-45b2-94e5-654031415ded
2025-04-30 05:41:52.333223,bf996092-8d66-408a-8d8e-5065ca3330c2,23142979-9fb6-4fd3-bd82-62d7e0add75f,3a6b32f5-7407-4617-b22c-da4e2abdf9b5,,6a89cb4b-42d8-4629-901f-fed2d563a43e
2025-04-30 05:52:53.836679,bf996092-8d66-408a-8d8e-5065ca3330c2,23142979-9fb6-4fd3-bd82-62d7e0add75f,3af6705c-492e-4a53-8176-e564e1855238,,ca64206b-8e3f-447b-886d-f7e18ffb3b7f
2025-04-30 06:05:05.487136,bf996092-8d66-408a-8d8e-5065ca3330c2,23142979-9fb6-4fd3-bd82-62d7e0add75f,3cd464f7-77dd-48e0-be0c-cc86a2270e85,,bd30b4df-d9ba-4728-85ec-6dcc79d2b33b
2025-04-30 05:36:50.796397,bf996092-8d66-408a-8d8e-5065ca3330c2,23142979-9fb6-4fd3-bd82-62d7e0add75f,3e174dee-6c29-49b6-8120-88323e8f5eb1,,a901e76e-7079-4643-b882-bb2e6f5454ff
2025-04-30 06:17:48.243792,bf996092-8d66-408a-8d8e-5065ca3330c2,23142979-9fb6-4fd3-bd82-62d7e0add75f,3f7ab688-1668-454e-84be-19a8def7eeaf,,596fb766-b89d-4849-906c-594aec8cae29
2025-05-07 06:04:16.015017,bf996092-8d66-408a-8d8e-5065ca3330c2,23142979-9fb6-4fd3-bd82-62d7e0add75f,3ff9891b-d8c0-44e2-8649-f70c64cb74e2,,f42679c2-7153-4d34-a439-3c2be7f6be67
2025-04-30 06:00:36.348289,bf996092-8d66-408a-8d8e-5065ca3330c2,23142979-9fb6-4fd3-bd82-62d7e0add75f,4009a2af-6053-4c69-ac87-eac128d97706,,5f6fe821-07cb-4054-9946-5930c1fa004a
2025-04-30 05:37:00.861812,bf996092-8d66-408a-8d8e-5065ca3330c2,23142979-9fb6-4fd3-bd82-62d7e0add75f,4080896d-52a2-44b0-9591-96ef0efb1ad8,,cc166897-7009-4dd7-aef8-f91177c2b5d1
2025-04-30 05:58:33.573904,bf996092-8d66-408a-8d8e-5065ca3330c2,23142979-9fb6-4fd3-bd82-62d7e0add75f,42816b33-8ccd-4b3d-a9df-fdffb0121573,,d3e72897-768c-4ac6-b7c3-f8550decdacd
2025-06-27 07:24:19.817804,bf996092-8d66-408a-8d8e-5065ca3330c2,23142979-9fb6-4fd3-bd82-62d7e0add75f,44f3c1ed-2276-4724-95ab-76c6f52ae001,,b47e5f06-f5d7-4903-b709-526e160714db
2025-04-30 05:58:41.890808,bf996092-8d66-408a-8d8e-5065ca3330c2,23142979-9fb6-4fd3-bd82-62d7e0add75f,450c2e21-5428-42c0-b469-0559a577c395,,9f99a0fb-f61b-462b-9d7c-2c0c93917739
2025-04-30 05:58:31.864377,bf996092-8d66-408a-8d8e-5065ca3330c2,23142979-9fb6-4fd3-bd82-62d7e0add75f,4605eb72-4027-4bb8-955d-5af34b3536a5,,bc8b4e26-24a8-4cbd-93cb-4b57e4529bf5
2025-06-27 06:51:15.467456,bf996092-8d66-408a-8d8e-5065ca3330c2,23142979-9fb6-4fd3-bd82-62d7e0add75f,48a49d5e-08a8-4031-8737-7932192760da,,0419a314-6564-4032-835e-902d3eb5c1a3
2025-06-27 07:27:46.177787,bf996092-8d66-408a-8d8e-5065ca3330c2,23142979-9fb6-4fd3-bd82-62d7e0add75f,49c450cb-44ff-49e8-be04-93644f6c8fa9,,0b4f6904-a388-4d22-b9de-9a0cce73d9c0
2025-04-30 05:36:44.953776,bf996092-8d66-408a-8d8e-5065ca3330c2,23142979-9fb6-4fd3-bd82-62d7e0add75f,49de04f8-ad22-45b8-bc73-ae5284450830,,8abc2689-d66a-428f-b2a9-aa72e7ee3737
2025-04-30 06:00:21.232969,bf996092-8d66-408a-8d8e-5065ca3330c2,23142979-9fb6-4fd3-bd82-62d7e0add75f,4b9abdf1-ad0d-48d0-84ad-dde43a320d19,,6f6a9748-a5d6-4806-83ca-e8712037f76f
2025-05-07 06:04:24.460369,bf996092-8d66-408a-8d8e-5065ca3330c2,23142979-9fb6-4fd3-bd82-62d7e0add75f,4da25895-be43-4be7-8d31-1c70eafcdce6,,cb5ed942-c55c-48fe-ada8-c5bf6aadebc3
2025-06-27 06:38:49.360231,bf996092-8d66-408a-8d8e-5065ca3330c2,23142979-9fb6-4fd3-bd82-62d7e0add75f,4de21bc1-b42e-4496-ba7b-a3c45581a3c1,,e9a90563-6cb4-439f-82f5-1abf3f16f4f2
2025-06-27 07:06:11.922994,bf996092-8d66-408a-8d8e-5065ca3330c2,23142979-9fb6-4fd3-bd82-62d7e0add75f,4e3d3817-c064-4f30-9182-9ed3d5942e6a,,0fa2d963-2dfc-4d2c-838c-06a7fee6e160
2025-06-27 07:30:43.786151,bf996092-8d66-408a-8d8e-5065ca3330c2,23142979-9fb6-4fd3-bd82-62d7e0add75f,4eaf9265-fbcf-448a-bd27-71733a98f82e,,f3309d73-72f6-42a5-b3bb-11a877a1618b
2025-04-30 06:10:22.012551,bf996092-8d66-408a-8d8e-5065ca3330c2,23142979-9fb6-4fd3-bd82-62d7e0add75f,4f0a60a3-142f-4548-a6e1-0c33618a2561,,d2968c9e-14ac-42a4-8e35-f0c85d563b58
2025-04-30 06:06:17.615594,bf996092-8d66-408a-8d8e-5065ca3330c2,23142979-9fb6-4fd3-bd82-62d7e0add75f,53976c64-e2b1-466d-9cae-c738470f53ac,,e9dac900-4bae-4ab4-bf4f-5b46aab975ab
2025-04-30 05:36:41.048534,bf996092-8d66-408a-8d8e-5065ca3330c2,23142979-9fb6-4fd3-bd82-62d7e0add75f,559bf853-7214-4395-99d7-dc2d00da2856,,5f6d139e-7ea6-4f5d-a4c4-be2d73f84489
2025-04-30 05:53:05.618047,bf996092-8d66-408a-8d8e-5065ca3330c2,23142979-9fb6-4fd3-bd82-62d7e0add75f,565190f2-a736-4af4-9624-ffb95817c56d,,c404d35f-e92f-4f31-8de1-a764136f45a3
2025-06-27 07:11:56.988629,bf996092-8d66-408a-8d8e-5065ca3330c2,23142979-9fb6-4fd3-bd82-62d7e0add75f,58e196f3-2ae3-45c5-b76d-1132f428af32,,4a670754-4313-48c4-a303-7d58ad321be6
2025-06-27 07:13:14.546254,bf996092-8d66-408a-8d8e-5065ca3330c2,23142979-9fb6-4fd3-bd82-62d7e0add75f,58f62bd1-111c-42e5-9998-f5b2fa8e29fb,,bd235099-2d15-43f3-94ab-c1822413ee05
2025-04-30 05:36:47.431473,bf996092-8d66-408a-8d8e-5065ca3330c2,23142979-9fb6-4fd3-bd82-62d7e0add75f,5adb36b0-6638-4859-aaff-73847e7efe42,,e5485635-3c76-4914-803c-912dd32b6d10
2025-04-30 05:36:43.195062,bf996092-8d66-408a-8d8e-5065ca3330c2,23142979-9fb6-4fd3-bd82-62d7e0add75f,5b04223a-3580-4db3-b8f3-232fcc7cd229,,0238773d-b81e-429d-8cdf-88fe8c62831d
2025-04-30 06:16:33.96328,bf996092-8d66-408a-8d8e-5065ca3330c2,23142979-9fb6-4fd3-bd82-62d7e0add75f,5cac826a-2a5a-4c9c-8d57-1bf6b47e4f73,,b407c4e5-b3a6-453e-adba-35242ad13d9f
2025-04-30 05:41:51.249769,bf996092-8d66-408a-8d8e-5065ca3330c2,23142979-9fb6-4fd3-bd82-62d7e0add75f,5d321625-5ace-48fb-8b98-2ecf97b11d96,,aa128335-26f8-45ef-aa87-52f519b9ea47
2025-06-27 07:32:36.455971,bf996092-8d66-408a-8d8e-5065ca3330c2,23142979-9fb6-4fd3-bd82-62d7e0add75f,5dfc5387-2cdb-4692-a189-9cda5b0a481a,,11f235c4-c705-4402-a1a6-bf0dc0646049
2025-04-30 05:58:29.056671,bf996092-8d66-408a-8d8e-5065ca3330c2,23142979-9fb6-4fd3-bd82-62d7e0add75f,5e99afe5-bdb9-44a4-9a34-1256d061cd13,,98902635-f2bf-4fca-82fc-a629e0e12c3e
2025-04-30 05:59:37.717299,bf996092-8d66-408a-8d8e-5065ca3330c2,23142979-9fb6-4fd3-bd82-62d7e0add75f,604d927a-2def-4015-bf5e-3f7a86ff221c,,3e1b0a23-f9e1-4095-b3e5-d1c5728718b1
2025-04-30 06:07:18.757079,bf996092-8d66-408a-8d8e-5065ca3330c2,23142979-9fb6-4fd3-bd82-62d7e0add75f,60c36c2d-5df5-47cd-946a-7427de445669,,2341010c-5997-4606-a776-4e474bca84dd
2025-04-30 06:09:42.390877,bf996092-8d66-408a-8d8e-5065ca3330c2,23142979-9fb6-4fd3-bd82-62d7e0add75f,659edc61-dd25-428a-9bda-34e02db46a38,,686c1e93-6ef9-44df-baf0-633bbfcb7a6e
2025-04-30 06:00:06.995749,bf996092-8d66-408a-8d8e-5065ca3330c2,23142979-9fb6-4fd3-bd82-62d7e0add75f,679a114f-47fd-41c5-8d31-1990122922c0,,c5ee1886-b188-432e-a4bb-05499edefa90
2025-04-30 05:58:37.626808,bf996092-8d66-408a-8d8e-5065ca3330c2,23142979-9fb6-4fd3-bd82-62d7e0add75f,69cbfc22-7da3-4180-923d-b2f0c481571d,,e7f49209-184b-48fc-b5e7-2af0a76d2eb8
2025-06-27 06:46:31.333372,bf996092-8d66-408a-8d8e-5065ca3330c2,23142979-9fb6-4fd3-bd82-62d7e0add75f,6b31ad6e-ea9c-4fbb-8762-ba91502c9b1b,,0f8484fa-165e-4651-8121-56682876d06d
2025-04-30 06:18:16.444589,bf996092-8d66-408a-8d8e-5065ca3330c2,23142979-9fb6-4fd3-bd82-62d7e0add75f,6b55df8d-0fbf-4785-804f-464db28a9737,,adc2ccb9-307d-483c-af86-e4218eee2e0e
2025-04-30 05:58:39.023974,bf996092-8d66-408a-8d8e-5065ca3330c2,23142979-9fb6-4fd3-bd82-62d7e0add75f,6e002965-28c6-4698-8ddc-af67b97b0a17,,0590104f-bb2a-4b32-885d-9ebc9d5b5ddf
2025-04-30 06:18:47.459395,bf996092-8d66-408a-8d8e-5065ca3330c2,23142979-9fb6-4fd3-bd82-62d7e0add75f,6f1ed2c2-a044-4181-ac3f-88234ba6bdb7,,91645cff-f546-47f4-a452-8d9cc0365c66
2025-04-30 05:36:59.731511,bf996092-8d66-408a-8d8e-5065ca3330c2,23142979-9fb6-4fd3-bd82-62d7e0add75f,71f7eebb-3774-4133-8ac1-e67dede739b7,,2e5780b0-dd61-4e58-9d92-f895c0d8fc2f
2025-04-30 06:01:55.816487,bf996092-8d66-408a-8d8e-5065ca3330c2,23142979-9fb6-4fd3-bd82-62d7e0add75f,767b6f36-98ce-4c1d-9798-7f8b55bf195b,,d50633cb-d99e-4943-b95d-6b31651ebade
2025-06-27 07:32:06.214017,bf996092-8d66-408a-8d8e-5065ca3330c2,23142979-9fb6-4fd3-bd82-62d7e0add75f,7a2de8dc-d8d6-467a-ac36-4539c4474bad,,8803f7d6-cc3d-4c5a-a885-62a58203d065
2025-06-27 06:34:15.056204,bf996092-8d66-408a-8d8e-5065ca3330c2,23142979-9fb6-4fd3-bd82-62d7e0add75f,7b2bd3a9-6585-42f5-91b8-864efb114391,,d73d8f5d-ec85-4656-a005-b18e3c040ade
2025-06-27 06:30:48.154647,bf996092-8d66-408a-8d8e-5065ca3330c2,23142979-9fb6-4fd3-bd82-62d7e0add75f,7c02582b-59a2-4c83-b37d-80df0d1533fa,,ed99807e-3b54-41c6-a3ab-3e4c20b0cc0b
2025-04-30 05:56:36.609476,bf996092-8d66-408a-8d8e-5065ca3330c2,23142979-9fb6-4fd3-bd82-62d7e0add75f,7c2836b1-795a-4051-b74b-189886e5ca65,,1dfb3702-2bf7-49b1-a1ea-d5f2f2fdee31
2025-04-30 05:51:07.153899,bf996092-8d66-408a-8d8e-5065ca3330c2,23142979-9fb6-4fd3-bd82-62d7e0add75f,7c3e5fb5-5335-49f9-bcba-7000179e6bb6,,81d5b328-86a8-4175-a66e-3ce2eb89da80
2025-04-30 05:37:05.407662,bf996092-8d66-408a-8d8e-5065ca3330c2,23142979-9fb6-4fd3-bd82-62d7e0add75f,7cb36510-d8e7-4b9e-8fc2-7fe245a34de1,,91f1ee09-935d-4200-b397-de25e3e33c66
2025-04-30 05:41:44.24943,bf996092-8d66-408a-8d8e-5065ca3330c2,23142979-9fb6-4fd3-bd82-62d7e0add75f,7fb519ef-5751-4fcb-a66e-0e4beb1a736a,,97ea0a55-af65-4733-9334-0d27d424b37f
2025-04-30 05:41:46.952265,bf996092-8d66-408a-8d8e-5065ca3330c2,23142979-9fb6-4fd3-bd82-62d7e0add75f,805baf0c-7d73-4cd2-a4bb-5d46bc332b8a,,abf2bd9c-84a4-4546-a021-33f8d404b85c
2025-06-27 07:29:15.918987,bf996092-8d66-408a-8d8e-5065ca3330c2,23142979-9fb6-4fd3-bd82-62d7e0add75f,8254b66e-5369-480c-a940-b6b9ad7d2d1e,,cf163f3d-2f43-431d-b8a8-206fbc1955e1
2025-04-30 05:36:45.61815,bf996092-8d66-408a-8d8e-5065ca3330c2,23142979-9fb6-4fd3-bd82-62d7e0add75f,83198bcb-3317-40ef-9122-55990e82aaae,,fd398743-9e88-4f4d-9cba-711774de7ccc
2025-04-30 06:13:06.657865,bf996092-8d66-408a-8d8e-5065ca3330c2,23142979-9fb6-4fd3-bd82-62d7e0add75f,835a5004-e50b-422e-ad62-d26532220d13,,f3475cb5-faa6-4259-bb3c-f82a6a0a6faa
2025-04-30 06:05:46.086044,bf996092-8d66-408a-8d8e-5065ca3330c2,23142979-9fb6-4fd3-bd82-62d7e0add75f,83fcc288-3466-4453-b224-aeb282dbba90,,a3dedd5d-cb46-4184-ab73-eee8e2aa9ab0
2025-04-30 05:41:41.109437,bf996092-8d66-408a-8d8e-5065ca3330c2,23142979-9fb6-4fd3-bd82-62d7e0add75f,84a9490f-33ef-4b89-95c0-5a9e4f9bc360,,78fb9682-2a71-4783-87bc-adde35edf28e
2025-04-30 06:08:25.185933,bf996092-8d66-408a-8d8e-5065ca3330c2,23142979-9fb6-4fd3-bd82-62d7e0add75f,8798c90d-b7db-4fe9-a7d8-e59b6a0d5fa2,,5f7f4e5f-37b7-4bd5-800f-9b3790ab7db6
2025-04-30 05:58:36.083465,bf996092-8d66-408a-8d8e-5065ca3330c2,23142979-9fb6-4fd3-bd82-62d7e0add75f,87ef7861-e4bb-46e1-997c-4ccab94e7bb4,,16711e2a-9087-42e0-a1d8-6d5e39602ecf
2025-04-30 05:59:49.545325,bf996092-8d66-408a-8d8e-5065ca3330c2,23142979-9fb6-4fd3-bd82-62d7e0add75f,8960af98-7549-4581-b0b4-2dbc6e427451,,86d6eb98-87a8-4f72-9964-c9418213133f
2025-06-27 07:28:34.954351,bf996092-8d66-408a-8d8e-5065ca3330c2,23142979-9fb6-4fd3-bd82-62d7e0add75f,89b30fa1-cb81-4459-8ad8-ceeaf9af4f2e,,23fc8ed1-1f27-4237-82d6-14e7c1cb9b8d
2025-04-30 05:49:20.841634,bf996092-8d66-408a-8d8e-5065ca3330c2,23142979-9fb6-4fd3-bd82-62d7e0add75f,89ea3609-ff98-460d-a5a0-1d5cbec129e1,,02dcc81c-1a97-4c9c-a6e2-302f89fdf318
2025-06-27 06:50:34.390016,bf996092-8d66-408a-8d8e-5065ca3330c2,23142979-9fb6-4fd3-bd82-62d7e0add75f,8b10559e-bdaf-47f8-9907-fec955339d27,,0e770251-4ddd-4a5a-ba28-ca23a2c30929
2025-04-30 05:36:56.971212,bf996092-8d66-408a-8d8e-5065ca3330c2,23142979-9fb6-4fd3-bd82-62d7e0add75f,8f0fff05-6b31-460f-ba7d-430101d95779,,f95b9cd5-e16a-44dd-8306-fd597d8384b9
2025-04-30 05:36:56.638843,bf996092-8d66-408a-8d8e-5065ca3330c2,23142979-9fb6-4fd3-bd82-62d7e0add75f,8f1854e2-2a22-445b-8a91-ecd52983cbee,,c3250045-67fa-42b0-b64c-52b86fbce0ad
2025-04-30 06:01:51.082306,bf996092-8d66-408a-8d8e-5065ca3330c2,23142979-9fb6-4fd3-bd82-62d7e0add75f,9200a7b3-5e71-43bf-9788-25957de1c91d,,db872dad-b423-470d-9dee-93956fbd5f1f
2025-04-30 06:20:00.102458,bf996092-8d66-408a-8d8e-5065ca3330c2,23142979-9fb6-4fd3-bd82-62d7e0add75f,97bc1967-2e52-487c-aa47-db64d2eb82fe,,80919106-ebc2-43b5-9fcc-6e670c5703cc
2025-06-27 06:43:07.120954,bf996092-8d66-408a-8d8e-5065ca3330c2,23142979-9fb6-4fd3-bd82-62d7e0add75f,9d964ffb-e953-42d5-b9f4-1999b013215a,,446ca8af-eaba-4519-9c71-f7426d4c3bcb
2025-04-30 06:20:51.490956,bf996092-8d66-408a-8d8e-5065ca3330c2,23142979-9fb6-4fd3-bd82-62d7e0add75f,9ec80fce-c970-423b-83a6-80e2925f73bb,,23804739-dde8-4d85-84ef-0e24a7be3f2e
2025-06-27 08:34:23.28669,bf996092-8d66-408a-8d8e-5065ca3330c2,23142979-9fb6-4fd3-bd82-62d7e0add75f,9ecf4eaa-95c6-4fb2-9d9d-3ba78431128b,,6ab52247-a220-4141-ada0-635b1cfa90e9
2025-06-27 06:39:46.973295,bf996092-8d66-408a-8d8e-5065ca3330c2,23142979-9fb6-4fd3-bd82-62d7e0add75f,9f2aaf4b-97ee-48e3-80e5-5d57a2a72fe1,,74033fe1-3a55-457f-8a30-ba55d329fc9b
2025-04-30 06:21:47.93497,bf996092-8d66-408a-8d8e-5065ca3330c2,23142979-9fb6-4fd3-bd82-62d7e0add75f,9fb974aa-1dc5-47c7-8cb3-31e68c8851eb,,74f727c7-8e96-4391-be21-be58d1c7a2c0
2025-06-27 06:54:29.066279,bf996092-8d66-408a-8d8e-5065ca3330c2,23142979-9fb6-4fd3-bd82-62d7e0add75f,a04cbe47-7e1c-4fa6-867f-ebff9dbede52,,74f87cbc-5b56-4e43-af8c-d461d42ec825
2025-04-30 06:07:26.859588,bf996092-8d66-408a-8d8e-5065ca3330c2,23142979-9fb6-4fd3-bd82-62d7e0add75f,a18512ae-1137-4725-8562-2840e6b49450,,ab3a9d50-9717-4449-af6b-58128d93c7fe
2025-04-30 05:56:39.824263,bf996092-8d66-408a-8d8e-5065ca3330c2,23142979-9fb6-4fd3-bd82-62d7e0add75f,a23bda38-7faf-4fe4-9719-81b851a6ccc3,,6924d1ac-c5e4-4316-85cf-969d5879bee1
2025-04-30 06:09:45.835823,bf996092-8d66-408a-8d8e-5065ca3330c2,23142979-9fb6-4fd3-bd82-62d7e0add75f,a4bf7310-5a12-4004-8b61-acac2df4c8ba,,57439ffc-7559-44a1-97d6-47652637b0b9
2025-04-30 05:41:45.452609,bf996092-8d66-408a-8d8e-5065ca3330c2,23142979-9fb6-4fd3-bd82-62d7e0add75f,a540ac00-5fe1-4b05-92af-0df37b7ef899,,9b9b7ff9-8644-40c6-85f1-b3f1f83faf05
2025-04-30 05:36:49.324263,bf996092-8d66-408a-8d8e-5065ca3330c2,23142979-9fb6-4fd3-bd82-62d7e0add75f,a79f34c2-aabc-4d63-92c7-2fd905be2900,,42adf2fc-7d10-4a2b-948a-828a9ded02e4
2025-06-27 06:49:05.129821,bf996092-8d66-408a-8d8e-5065ca3330c2,23142979-9fb6-4fd3-bd82-62d7e0add75f,aaf7299a-97ab-4ae9-83c9-439e88ae0cb5,,85737129-4613-4b85-9586-2392c1e0d704
2025-04-30 06:10:35.939214,bf996092-8d66-408a-8d8e-5065ca3330c2,23142979-9fb6-4fd3-bd82-62d7e0add75f,abe5564d-2b20-4d97-9823-939d7a2aa502,,6930c074-ea41-4df0-ad5e-8c0530d88e07
2025-04-30 05:36:47.409113,bf996092-8d66-408a-8d8e-5065ca3330c2,23142979-9fb6-4fd3-bd82-62d7e0add75f,ac9dcf4d-3216-46b9-bf88-8001796a1001,,957f5387-daf9-49d1-bed5-8fbf60ea52a3
2025-04-30 06:20:24.460314,bf996092-8d66-408a-8d8e-5065ca3330c2,23142979-9fb6-4fd3-bd82-62d7e0add75f,ae2eae44-29ca-4687-a3dd-f6139f757231,,c0701e18-8ab3-45f1-930b-addc948684bc
2025-06-27 07:25:39.794327,bf996092-8d66-408a-8d8e-5065ca3330c2,23142979-9fb6-4fd3-bd82-62d7e0add75f,b268246f-c44f-40ec-a6c8-5bc9c2aca29e,,d27722e0-331b-411d-a1d8-56c0e20d4ea5
2025-04-30 05:56:41.239948,bf996092-8d66-408a-8d8e-5065ca3330c2,23142979-9fb6-4fd3-bd82-62d7e0add75f,b52fed4f-cd10-4165-a85c-80e6e3f9934f,,71e67e60-8afd-4d93-86ed-5a4e23e86108
2025-04-30 05:36:42.586613,bf996092-8d66-408a-8d8e-5065ca3330c2,23142979-9fb6-4fd3-bd82-62d7e0add75f,b61f0d38-49fa-406b-a439-f852a979178b,,29947184-6b1b-4ac2-8fcb-2a75aae948d5
2025-04-30 06:02:25.506729,bf996092-8d66-408a-8d8e-5065ca3330c2,23142979-9fb6-4fd3-bd82-62d7e0add75f,b6a16bf8-f0b9-40a3-ad05-f89fbd30ba1f,,454fc17d-2ac8-4985-9683-a0fc62b7db4a
2025-04-30 06:05:40.435289,bf996092-8d66-408a-8d8e-5065ca3330c2,23142979-9fb6-4fd3-bd82-62d7e0add75f,b6e56d8e-f2d8-414f-b981-8115911aad3f,,421a0797-0fd0-4cf0-b36b-77f98b74b172
2025-06-27 07:26:46.010366,bf996092-8d66-408a-8d8e-5065ca3330c2,23142979-9fb6-4fd3-bd82-62d7e0add75f,b94982bd-88ef-4da4-8ccc-30e0175f3150,,d7ee1798-1511-43c4-9f22-161b4d82fc95
2025-06-27 06:33:41.210139,bf996092-8d66-408a-8d8e-5065ca3330c2,23142979-9fb6-4fd3-bd82-62d7e0add75f,b99c3ad3-5a62-46f1-a9c5-9762b0da1732,,97a82fba-4b9d-49ba-a22f-267ac73bcb51
2025-04-30 06:14:04.212492,bf996092-8d66-408a-8d8e-5065ca3330c2,23142979-9fb6-4fd3-bd82-62d7e0add75f,b9c40e66-b8e5-4db1-9153-d6be5d45a353,,5575dbc8-6329-4a35-bf7b-42c2061dae37
2025-04-30 05:58:30.359102,bf996092-8d66-408a-8d8e-5065ca3330c2,23142979-9fb6-4fd3-bd82-62d7e0add75f,bafedcbb-fb72-4b48-8ef3-656d2321b10c,,c1f4419a-98ba-4b8b-bd45-d0987f5ae83f
2025-06-27 06:59:02.433174,bf996092-8d66-408a-8d8e-5065ca3330c2,23142979-9fb6-4fd3-bd82-62d7e0add75f,c06e20dd-ecba-414f-a0a1-07fd0bff6ffd,,7e29c6af-1491-4745-948d-1bfe763647aa
2025-04-30 06:15:51.307341,bf996092-8d66-408a-8d8e-5065ca3330c2,23142979-9fb6-4fd3-bd82-62d7e0add75f,c083f425-1490-42db-bf92-6109f57e877b,,61fc315d-4b5d-4986-9372-e73525cc8b5b
2025-06-27 07:07:50.464566,bf996092-8d66-408a-8d8e-5065ca3330c2,23142979-9fb6-4fd3-bd82-62d7e0add75f,c08f63c7-653c-4bb5-a653-c40528890e62,,698e2fa0-09bc-496b-8174-ae059d9d1027
2025-06-27 06:55:54.559162,bf996092-8d66-408a-8d8e-5065ca3330c2,23142979-9fb6-4fd3-bd82-62d7e0add75f,c290b156-9bdb-4a0f-9448-1855fbf3434f,,4b7527a9-d7c2-491c-83fe-f1f1e3773d7e
2025-04-30 05:58:27.415935,bf996092-8d66-408a-8d8e-5065ca3330c2,23142979-9fb6-4fd3-bd82-62d7e0add75f,c2f94d2c-4e40-41c2-b682-dd874453e479,,789e1f2f-5a78-4017-aed1-b9c7ae199eec
2025-04-30 10:05:19.103709,bf996092-8d66-408a-8d8e-5065ca3330c2,23142979-9fb6-4fd3-bd82-62d7e0add75f,c49e1b65-9a2b-4ed8-bd37-d1f428d3c86f,d9a21398-c77f-4a74-862f-23cc1e884e49,
2025-06-27 07:03:14.919365,bf996092-8d66-408a-8d8e-5065ca3330c2,23142979-9fb6-4fd3-bd82-62d7e0add75f,c7d8a59f-46e0-4372-a120-cad0f18f9a75,,0a99aeb8-60d3-4b8e-89df-1609371c8845
2025-04-30 05:36:53.015674,bf996092-8d66-408a-8d8e-5065ca3330c2,23142979-9fb6-4fd3-bd82-62d7e0add75f,c81efc2b-87b1-460b-b2eb-3f26af72e399,,a2b9c181-8fb1-47df-92b2-be5906272c7b
2025-06-27 06:36:52.30492,bf996092-8d66-408a-8d8e-5065ca3330c2,23142979-9fb6-4fd3-bd82-62d7e0add75f,cd7f354d-e320-4212-b8b7-ae81aaa043e9,,42be99f0-cea4-479f-9fbc-aad069ade066
2025-04-30 05:41:54.760546,bf996092-8d66-408a-8d8e-5065ca3330c2,23142979-9fb6-4fd3-bd82-62d7e0add75f,cdc12c55-97fc-41fe-9761-0cd6edbc7bce,,919ac73d-a4fc-4073-94c8-3b3723c636fc
2025-04-30 06:12:21.870677,bf996092-8d66-408a-8d8e-5065ca3330c2,23142979-9fb6-4fd3-bd82-62d7e0add75f,ce7ce0c8-9abe-4edb-97b2-f85c19d79474,,6a50c63f-7cf2-4e91-82c2-6e7281900909
2025-04-30 05:58:22.345079,bf996092-8d66-408a-8d8e-5065ca3330c2,23142979-9fb6-4fd3-bd82-62d7e0add75f,ce89777d-2c0b-4004-841c-68ddaa914c2a,,a4e26e58-8aea-4984-a5b8-07c1c20e2920
2025-05-07 06:04:20.16807,bf996092-8d66-408a-8d8e-5065ca3330c2,23142979-9fb6-4fd3-bd82-62d7e0add75f,d0d99f84-597e-4da1-9da1-c53665659a0c,,f7969d49-017e-467e-a55d-5268e713b800
2025-04-30 05:36:40.634083,bf996092-8d66-408a-8d8e-5065ca3330c2,23142979-9fb6-4fd3-bd82-62d7e0add75f,d14eacc0-564b-4844-a163-bfc1442c8c64,,927c18b8-6eb9-49fa-8e5e-f4231beb3094
2025-04-30 05:50:19.146022,bf996092-8d66-408a-8d8e-5065ca3330c2,23142979-9fb6-4fd3-bd82-62d7e0add75f,d15b8d0e-222c-418d-b6d4-55de7f82bae5,,ee976227-5417-46aa-8e30-a01fb41e816e
2025-06-27 07:34:43.185365,bf996092-8d66-408a-8d8e-5065ca3330c2,23142979-9fb6-4fd3-bd82-62d7e0add75f,d44ab899-e1c3-435f-b3db-8a937a413e5f,,4eb39bc9-3157-495d-b8c5-239c8c64fa0f
2025-04-30 05:43:02.150851,bf996092-8d66-408a-8d8e-5065ca3330c2,23142979-9fb6-4fd3-bd82-62d7e0add75f,d5a896ef-c736-4754-babc-473f165e0480,,139cb480-9664-4d6c-94a9-56c3a20a8b62
2025-06-27 06:42:21.986527,bf996092-8d66-408a-8d8e-5065ca3330c2,23142979-9fb6-4fd3-bd82-62d7e0add75f,d6bf68ec-58ea-4ed6-b911-06b070a15df6,,545f6688-e9ee-4a99-b1bf-f8326f5a2da2
2025-06-27 06:41:32.788737,bf996092-8d66-408a-8d8e-5065ca3330c2,23142979-9fb6-4fd3-bd82-62d7e0add75f,d7586bfb-207c-4c3c-8183-74c51076cbcc,,2b5e1b33-bfc4-4c91-9479-893e3ad86239
2025-06-27 06:40:44.655375,bf996092-8d66-408a-8d8e-5065ca3330c2,23142979-9fb6-4fd3-bd82-62d7e0add75f,d9701ec9-550a-4792-8e88-19eed33d8653,,6ce4bed0-7a1b-4559-8235-73aba659fe6d
2025-04-30 06:01:07.113434,bf996092-8d66-408a-8d8e-5065ca3330c2,23142979-9fb6-4fd3-bd82-62d7e0add75f,d9a21398-c77f-4a74-862f-23cc1e884e49,,1c2c7971-39bb-408e-9467-b499e2664cd8
2025-06-27 07:33:08.036093,bf996092-8d66-408a-8d8e-5065ca3330c2,23142979-9fb6-4fd3-bd82-62d7e0add75f,dc905115-a983-4472-86b4-8555b791fc07,,cdeb46d3-0bbe-452a-9e64-ef02144eaf09
2025-04-30 06:08:47.756053,bf996092-8d66-408a-8d8e-5065ca3330c2,23142979-9fb6-4fd3-bd82-62d7e0add75f,dc9a0405-c45c-4936-80c8-1a3f34becf96,,fe71a9d2-1222-4d71-99ed-365bbd143527
2025-04-30 05:36:49.62188,bf996092-8d66-408a-8d8e-5065ca3330c2,23142979-9fb6-4fd3-bd82-62d7e0add75f,e10de156-6a4c-4d41-84e2-4de924bac433,,9ef80c76-859d-4381-8269-7cf43cf1bda6
2025-06-27 07:09:43.223894,bf996092-8d66-408a-8d8e-5065ca3330c2,23142979-9fb6-4fd3-bd82-62d7e0add75f,e33d6774-07a1-4741-9466-0e9c703a4bd8,,a4ff527d-0707-4482-b0c7-f3753248ef97
2025-04-30 05:37:02.856659,bf996092-8d66-408a-8d8e-5065ca3330c2,23142979-9fb6-4fd3-bd82-62d7e0add75f,e38fe527-21e3-4ada-a216-820d65d483c2,,865ce4ef-1509-43b5-a6a1-60ed5c20b24c
2025-04-30 05:36:58.490583,bf996092-8d66-408a-8d8e-5065ca3330c2,23142979-9fb6-4fd3-bd82-62d7e0add75f,e45e1525-9293-48d9-8f06-70f3b6ab6672,,3db5f681-69e4-4940-ac19-1d94a1fb66c1
2025-06-27 06:30:06.471662,bf996092-8d66-408a-8d8e-5065ca3330c2,23142979-9fb6-4fd3-bd82-62d7e0add75f,e8c7705c-486d-47c8-bc80-c6bfd4abf3d6,,e08b6e6a-0b29-4704-a7b3-dd2b0ac7f983
2025-06-27 06:51:42.622557,bf996092-8d66-408a-8d8e-5065ca3330c2,23142979-9fb6-4fd3-bd82-62d7e0add75f,e9bad311-a760-4d96-a3ea-ab58bc335edf,,d6cacba8-5b1b-4193-8909-a6c29d50d82d
2025-06-27 06:57:49.804112,bf996092-8d66-408a-8d8e-5065ca3330c2,23142979-9fb6-4fd3-bd82-62d7e0add75f,ea76c320-0070-4123-a656-ab08c52223a6,,f27124d6-1db3-4743-a0ae-d5dc71967bec
2025-06-27 06:29:20.239336,bf996092-8d66-408a-8d8e-5065ca3330c2,23142979-9fb6-4fd3-bd82-62d7e0add75f,eb1e9d6e-9a00-4a66-9e2e-7e9e384afdbf,,028c3f6a-522c-4cbf-be2b-cba2d88b2dee
2025-04-30 06:14:43.190858,bf996092-8d66-408a-8d8e-5065ca3330c2,23142979-9fb6-4fd3-bd82-62d7e0add75f,eb217aff-468d-4eff-8809-5b528d52003f,,a1f90075-e2c9-4a06-b7b5-159e2e00214d
2025-04-30 05:52:51.04514,bf996092-8d66-408a-8d8e-5065ca3330c2,23142979-9fb6-4fd3-bd82-62d7e0add75f,eea3ca0b-5cf9-4cbb-8431-a8cac2bd6ce6,,74216d20-efb5-44d5-89b6-52f3f6124308
2025-04-30 05:36:55.501335,bf996092-8d66-408a-8d8e-5065ca3330c2,23142979-9fb6-4fd3-bd82-62d7e0add75f,f06833cd-e1e4-4f41-87fd-a18228b5a90f,,8068f486-a2e5-407c-86cd-cbe1ca611e23
2025-06-27 06:53:55.373114,bf996092-8d66-408a-8d8e-5065ca3330c2,23142979-9fb6-4fd3-bd82-62d7e0add75f,f204ac3b-e988-480d-ad43-d7a34810f54b,,3d7305ef-6306-4aeb-ba87-8de49613904d
2025-04-30 05:56:34.657766,bf996092-8d66-408a-8d8e-5065ca3330c2,23142979-9fb6-4fd3-bd82-62d7e0add75f,f3675552-fc0c-4ce4-b103-48399e28302c,,a152af5f-45a5-4d2e-89c5-8439653b888e
2025-04-30 05:41:49.880767,bf996092-8d66-408a-8d8e-5065ca3330c2,23142979-9fb6-4fd3-bd82-62d7e0add75f,f622dde5-e0ca-4ba9-b9d7-45c21f45d80e,,88ac955f-7162-4e8a-9332-f12f78278509
2025-04-30 05:41:48.39268,bf996092-8d66-408a-8d8e-5065ca3330c2,23142979-9fb6-4fd3-bd82-62d7e0add75f,f6ddb133-0fa4-4b78-b5fa-d6a6757f7743,,4dcd09e2-da66-429c-bd90-c29919a37df4
2025-04-30 06:21:14.625444,bf996092-8d66-408a-8d8e-5065ca3330c2,23142979-9fb6-4fd3-bd82-62d7e0add75f,f7b5bf88-9ded-42e6-ba3b-59e59589ac71,,14dd598a-1f50-4c61-9f6e-20ab95ba8a98
2025-04-30 06:01:03.147196,bf996092-8d66-408a-8d8e-5065ca3330c2,23142979-9fb6-4fd3-bd82-62d7e0add75f,f94fb1e1-1248-4692-9825-cf30f3cd85ad,,1f13a708-4eef-4c0e-8cc0-4c819e3c17f7
2025-04-30 06:04:25.055487,bf996092-8d66-408a-8d8e-5065ca3330c2,23142979-9fb6-4fd3-bd82-62d7e0add75f,f9d8078e-e4ba-44ec-991a-53082a953b1d,,618fd07f-c1d6-4eec-b85a-928e5bf420d3
2025-06-27 06:55:08.355942,bf996092-8d66-408a-8d8e-5065ca3330c2,23142979-9fb6-4fd3-bd82-62d7e0add75f,fbcae13e-c83a-49bb-8b0e-cc95ab74f331,,0cfe6181-31af-4ce9-997e-d45995e4958c
2025-04-30 05:36:54.866195,bf996092-8d66-408a-8d8e-5065ca3330c2,23142979-9fb6-4fd3-bd82-62d7e0add75f,fc88d584-c612-4725-9b5b-b6cb5eb747d7,,69c29e5e-bf50-4f77-be30-9e1d20095ad3
2025-06-27 06:56:28.28001,bf996092-8d66-408a-8d8e-5065ca3330c2,23142979-9fb6-4fd3-bd82-62d7e0add75f,fe3bfc52-cf05-428d-82dc-bf9f1e316254,,63adf850-9206-4552-bd12-b1cda3387e0b
2025-06-27 08:49:07.81642,bf996092-8d66-408a-8d8e-5065ca3330c2,77d5fb8c-5d83-4fa8-8c81-169306f7a8f7,01360ba6-295c-4c66-820f-4b39bfc27eec,,49fd0e62-3643-4a7f-adce-67fa938e40ae
2025-04-30 06:36:05.157133,bf996092-8d66-408a-8d8e-5065ca3330c2,77d5fb8c-5d83-4fa8-8c81-169306f7a8f7,03501a58-0b54-42c1-8969-a226b9e4fb43,,5ba7490e-50f8-47e4-b0b4-ff73f575a78a
2025-04-30 06:47:25.7302,bf996092-8d66-408a-8d8e-5065ca3330c2,77d5fb8c-5d83-4fa8-8c81-169306f7a8f7,05636808-df20-4a64-93f5-17d296ffd0dc,,d488bdbc-c5aa-40ad-a04d-ee6409e885b3
2025-04-30 06:48:02.878969,bf996092-8d66-408a-8d8e-5065ca3330c2,77d5fb8c-5d83-4fa8-8c81-169306f7a8f7,06a8ea58-8ced-4ba4-81b3-0dfe0f3f100d,,358bf6a0-573a-4560-8299-3881c66b53c5
2025-04-30 06:54:15.929692,bf996092-8d66-408a-8d8e-5065ca3330c2,77d5fb8c-5d83-4fa8-8c81-169306f7a8f7,06bf2f8d-b984-4803-86ce-4e89a2c108fe,,168dd337-d90d-4119-925c-a0c81a578366
2025-04-30 07:02:01.442781,bf996092-8d66-408a-8d8e-5065ca3330c2,77d5fb8c-5d83-4fa8-8c81-169306f7a8f7,07a1c5ae-378c-426e-abcc-9dc0a7cbf497,,aeb014ff-d287-45f5-b1cc-a644dcda0275
2025-06-27 09:01:00.644728,bf996092-8d66-408a-8d8e-5065ca3330c2,77d5fb8c-5d83-4fa8-8c81-169306f7a8f7,07b3db74-25cf-4b08-853a-f68083f64b2e,,059caac1-6274-4e50-87d1-e91c7251f3bc
2025-06-27 09:44:22.599677,bf996092-8d66-408a-8d8e-5065ca3330c2,77d5fb8c-5d83-4fa8-8c81-169306f7a8f7,0a22ce71-8027-472e-aa1a-73fda3f791f8,,6470eaeb-55e1-4c08-bf2c-d378162e3eef
2025-04-30 06:55:42.816433,bf996092-8d66-408a-8d8e-5065ca3330c2,77d5fb8c-5d83-4fa8-8c81-169306f7a8f7,0b2941ef-142d-4ad4-87a0-4e8f802593dd,,e77200ff-2e9c-4de5-b7ed-6eb30a850b44
2025-05-12 10:38:00.631199,bf996092-8d66-408a-8d8e-5065ca3330c2,77d5fb8c-5d83-4fa8-8c81-169306f7a8f7,0da08c6c-c123-4809-85ef-2d4eae679032,,955ef544-8d22-4f7e-a538-c757982a9ae1
2025-04-30 06:46:41.701272,bf996092-8d66-408a-8d8e-5065ca3330c2,77d5fb8c-5d83-4fa8-8c81-169306f7a8f7,0dc2d90c-03f6-47ed-bdc7-c0211419295c,,12c2d2fc-5381-492e-8a17-b7d74e53dc24
2025-04-30 06:50:37.467725,bf996092-8d66-408a-8d8e-5065ca3330c2,77d5fb8c-5d83-4fa8-8c81-169306f7a8f7,0e9a3e9b-feb9-4628-ad9d-9c0d3a5c2a0e,,6bab54f6-4949-4298-84e3-38eb47565973
2025-04-30 06:37:53.285933,bf996092-8d66-408a-8d8e-5065ca3330c2,77d5fb8c-5d83-4fa8-8c81-169306f7a8f7,0ec4ae16-52ce-43b3-9d6c-9ef125bbeb02,,73f5b5cc-628a-4fc0-a93a-4b3e277a60b4
2025-04-30 07:40:10.927183,bf996092-8d66-408a-8d8e-5065ca3330c2,77d5fb8c-5d83-4fa8-8c81-169306f7a8f7,0f258295-f7f4-4bc7-a4f0-5c9d7108305d,,2bc0a9db-f379-412a-8530-4a0378baa330
2025-04-30 06:40:25.387778,bf996092-8d66-408a-8d8e-5065ca3330c2,77d5fb8c-5d83-4fa8-8c81-169306f7a8f7,1031e8cd-623e-43d4-b670-aee93220a6c7,,023986a9-21ea-48b6-be71-f5e3c6689d58
2025-04-30 07:34:14.41343,bf996092-8d66-408a-8d8e-5065ca3330c2,77d5fb8c-5d83-4fa8-8c81-169306f7a8f7,1040587f-8d86-4b2f-b874-4ab50e433d35,,60631130-ebd8-4fb5-8729-de0c9700235f
2025-04-30 06:36:10.846822,bf996092-8d66-408a-8d8e-5065ca3330c2,77d5fb8c-5d83-4fa8-8c81-169306f7a8f7,137dba63-f83f-49d5-b792-d949912d96fd,,b1b5507d-49b4-4af3-bec6-8cdd1bb5eae4
2025-04-30 06:38:06.41575,bf996092-8d66-408a-8d8e-5065ca3330c2,77d5fb8c-5d83-4fa8-8c81-169306f7a8f7,1790e8b3-9e10-40c7-a2a4-dd1d92a4a08f,,ae5a1131-a366-4293-b454-b060933b49e6
2025-04-30 06:54:58.567304,bf996092-8d66-408a-8d8e-5065ca3330c2,77d5fb8c-5d83-4fa8-8c81-169306f7a8f7,18ed7257-4666-409b-b4c4-dd1767889e4e,,ce271244-ffa4-457e-965c-c495b9615078
2025-04-30 06:39:18.800032,bf996092-8d66-408a-8d8e-5065ca3330c2,77d5fb8c-5d83-4fa8-8c81-169306f7a8f7,1a72d427-499f-4095-a58c-ca9aec527e55,,805a2d55-db97-4593-b24b-3e1e757dc80c
2025-04-30 07:03:30.64678,bf996092-8d66-408a-8d8e-5065ca3330c2,77d5fb8c-5d83-4fa8-8c81-169306f7a8f7,1afde0ad-6b9b-4ef2-8f2a-19f526762d41,,e3d1bf9d-c9ad-4d39-912f-32e0dbc3d5d9
2025-04-30 06:57:04.203907,bf996092-8d66-408a-8d8e-5065ca3330c2,77d5fb8c-5d83-4fa8-8c81-169306f7a8f7,1c5184c3-b2bd-4e79-93a8-9ae520b97718,,367d8b53-2f3c-4d38-83b8-033324b63118
2025-04-30 06:50:18.092869,bf996092-8d66-408a-8d8e-5065ca3330c2,77d5fb8c-5d83-4fa8-8c81-169306f7a8f7,1cd55523-2430-4a85-9f43-6cf81b1a85e6,,9dd3703a-3082-4590-ae8d-a48633a4f447
2025-06-27 08:52:30.948149,bf996092-8d66-408a-8d8e-5065ca3330c2,77d5fb8c-5d83-4fa8-8c81-169306f7a8f7,1e05ef99-7196-4d50-8d64-7baf7c5aa231,,50a97c7f-c142-4614-8b25-86893b79d34a
2025-06-27 09:01:34.493065,bf996092-8d66-408a-8d8e-5065ca3330c2,77d5fb8c-5d83-4fa8-8c81-169306f7a8f7,220c0475-6c47-4028-a303-85d17d3e58e7,,577678ff-0bfa-4a0e-8953-e416f82173c3
2025-04-30 07:05:40.694811,bf996092-8d66-408a-8d8e-5065ca3330c2,77d5fb8c-5d83-4fa8-8c81-169306f7a8f7,24a7cfd5-f2a1-439f-923b-cc0405646b59,,a434f269-ee24-41e2-9267-585afffa603f
2025-04-30 06:48:22.728941,bf996092-8d66-408a-8d8e-5065ca3330c2,77d5fb8c-5d83-4fa8-8c81-169306f7a8f7,2bfee051-e88f-4752-bc83-fca4640755cf,,2f61e399-96e9-4dd4-b47c-25be467bcc74
2025-04-30 07:38:35.796181,bf996092-8d66-408a-8d8e-5065ca3330c2,77d5fb8c-5d83-4fa8-8c81-169306f7a8f7,2ce66b53-c07b-43cd-bd76-c02668553aa8,,170b275b-4f41-433d-a407-56af22bc08a2
2025-06-27 08:59:25.680145,bf996092-8d66-408a-8d8e-5065ca3330c2,77d5fb8c-5d83-4fa8-8c81-169306f7a8f7,2cfc9240-d78d-482d-b62a-81c8f51817e3,,984f46b1-3b2d-4187-99de-7bcae42a6777
2025-06-27 09:19:01.994014,bf996092-8d66-408a-8d8e-5065ca3330c2,77d5fb8c-5d83-4fa8-8c81-169306f7a8f7,2e218094-eddd-4339-8ddd-cfcc5556968e,,1d6c2217-c77c-431e-a83b-1ae05206b472
2025-04-30 06:37:46.128391,bf996092-8d66-408a-8d8e-5065ca3330c2,77d5fb8c-5d83-4fa8-8c81-169306f7a8f7,2fb6307b-6b1a-4466-a1a6-2f502e5ce45c,,f4109278-5d43-4074-887b-63a5291b05c7
2025-04-30 07:04:14.338916,bf996092-8d66-408a-8d8e-5065ca3330c2,77d5fb8c-5d83-4fa8-8c81-169306f7a8f7,30c42cd4-6603-4aed-a9cc-07ca10063198,,84b8b06a-f5bf-47a6-8cde-71545904b855
2025-04-30 07:05:29.761278,bf996092-8d66-408a-8d8e-5065ca3330c2,77d5fb8c-5d83-4fa8-8c81-169306f7a8f7,31a6619e-9879-48e7-8136-1c1c85dfe515,,ecc444ca-f0de-4752-bd80-8e3a9aff15c5
2025-06-27 09:42:35.328755,bf996092-8d66-408a-8d8e-5065ca3330c2,77d5fb8c-5d83-4fa8-8c81-169306f7a8f7,31c9a684-c018-4ae0-b540-576392a074a6,,6a0bcf26-0ba5-4d8a-900e-287b64d3d643
2025-04-30 06:37:35.415756,bf996092-8d66-408a-8d8e-5065ca3330c2,77d5fb8c-5d83-4fa8-8c81-169306f7a8f7,33fde35c-3bb4-49ef-b021-8503097ab1be,,8afd4cea-5ea2-469a-80a1-b4d901391e8a
2025-04-30 06:49:32.655544,bf996092-8d66-408a-8d8e-5065ca3330c2,77d5fb8c-5d83-4fa8-8c81-169306f7a8f7,34f7e460-bcef-44ad-948c-972fc19d7bf7,,a2af9b51-10f0-4d83-bc60-d283ce1b1427
2025-04-30 06:39:16.21544,bf996092-8d66-408a-8d8e-5065ca3330c2,77d5fb8c-5d83-4fa8-8c81-169306f7a8f7,36d247e1-ad6b-4708-b276-31dec5d3857b,,fc099aa5-d8e9-4150-8bc9-7bea55b87658
2025-04-30 06:37:57.228677,bf996092-8d66-408a-8d8e-5065ca3330c2,77d5fb8c-5d83-4fa8-8c81-169306f7a8f7,37cc0ac3-5be8-48f2-a113-a12136213331,,f36e4b6c-eb11-463b-8cb2-4e925eedb7fd
2025-04-30 06:46:34.980431,bf996092-8d66-408a-8d8e-5065ca3330c2,77d5fb8c-5d83-4fa8-8c81-169306f7a8f7,3a805df0-5851-4214-aeb7-df6861a2cfcb,,f9cfc042-881d-45bd-af7a-616f9ad8a8c9
2025-06-27 09:04:33.486926,bf996092-8d66-408a-8d8e-5065ca3330c2,77d5fb8c-5d83-4fa8-8c81-169306f7a8f7,3b4c50a8-23fa-4e59-934f-0db4eda9e2d6,,5dbe115d-01d3-4852-af18-afdbcf6df576
2025-05-12 10:38:00.788985,bf996092-8d66-408a-8d8e-5065ca3330c2,77d5fb8c-5d83-4fa8-8c81-169306f7a8f7,3bb55ab8-1d6b-440c-868f-aafde3e3ea8f,,e886acca-54cb-42aa-b239-7082898ac104
2025-06-27 09:43:23.035482,bf996092-8d66-408a-8d8e-5065ca3330c2,77d5fb8c-5d83-4fa8-8c81-169306f7a8f7,3d686c6d-2fca-40bc-b050-fd8860a61fcd,,e26b2122-6727-4d6f-bd0a-b3c8f76cc96d
2025-04-30 06:50:44.448894,bf996092-8d66-408a-8d8e-5065ca3330c2,77d5fb8c-5d83-4fa8-8c81-169306f7a8f7,42c26c7b-57f9-46ad-bb27-9f03f9cdb8c4,,9e480a97-9efd-46e6-a200-d68ace3fbfd7
2025-04-30 07:35:09.820642,bf996092-8d66-408a-8d8e-5065ca3330c2,77d5fb8c-5d83-4fa8-8c81-169306f7a8f7,4707b9c0-4dc1-4f80-8de3-44cdc786ab01,,b0fbaccd-b0c7-4a2f-8831-480e54da528c
2025-04-30 07:00:38.560338,bf996092-8d66-408a-8d8e-5065ca3330c2,77d5fb8c-5d83-4fa8-8c81-169306f7a8f7,48e6e7bb-221d-4aa6-ab06-61d7d0bec0c0,,6a41717a-6704-475d-819c-680fe5932785
2025-06-27 09:37:31.790193,bf996092-8d66-408a-8d8e-5065ca3330c2,77d5fb8c-5d83-4fa8-8c81-169306f7a8f7,48e97f09-341d-467e-9e9f-94fe9afe175a,,c11a13f4-07e3-45f2-ac32-7000dfa543e8
2025-06-27 09:11:59.621187,bf996092-8d66-408a-8d8e-5065ca3330c2,77d5fb8c-5d83-4fa8-8c81-169306f7a8f7,493843c6-7a26-4d72-9cef-543714b02b10,,324d6508-b060-4603-bcb8-087cd792c60e
2025-04-30 06:57:33.104119,bf996092-8d66-408a-8d8e-5065ca3330c2,77d5fb8c-5d83-4fa8-8c81-169306f7a8f7,493bf181-4bcb-4ead-80b3-fcc3ae6b0e74,,dbc9b7b2-8aa8-4419-9a89-3fe8c2a02e36
2025-06-27 09:02:09.404475,bf996092-8d66-408a-8d8e-5065ca3330c2,77d5fb8c-5d83-4fa8-8c81-169306f7a8f7,4d533588-422f-430a-8c63-ed4270f722bf,,6f73dd2b-bbaf-40c6-9077-3f472906f517
2025-06-27 09:24:46.705229,bf996092-8d66-408a-8d8e-5065ca3330c2,77d5fb8c-5d83-4fa8-8c81-169306f7a8f7,51979845-b3b2-4878-9a82-8b23dce6530f,,deb86b20-3be0-4224-95d1-8d92884e1be5
2025-04-30 06:39:19.725387,bf996092-8d66-408a-8d8e-5065ca3330c2,77d5fb8c-5d83-4fa8-8c81-169306f7a8f7,5964d78a-6bae-4500-9fa4-cfcfc4420db7,,b354c5c5-90ee-432e-97f4-4ea6d8aa07a7
2025-06-27 08:38:01.759362,bf996092-8d66-408a-8d8e-5065ca3330c2,77d5fb8c-5d83-4fa8-8c81-169306f7a8f7,5a39e1ab-e4c4-4896-8ef5-a62859b94e1d,,355f5658-ad1e-4120-9881-345acad81ae0
2025-04-30 07:01:29.008763,bf996092-8d66-408a-8d8e-5065ca3330c2,77d5fb8c-5d83-4fa8-8c81-169306f7a8f7,5bb28e06-ff08-4691-b60a-8f3d5f92559c,,781a4d49-1bbc-43d5-810e-f8017e7148af
2025-04-30 07:02:35.539744,bf996092-8d66-408a-8d8e-5065ca3330c2,77d5fb8c-5d83-4fa8-8c81-169306f7a8f7,5ed6856a-6071-4d8e-ae3d-986413cdd602,,3d691b8b-6998-4785-8e1e-da2b9adf7668
2025-04-30 06:56:46.169881,bf996092-8d66-408a-8d8e-5065ca3330c2,77d5fb8c-5d83-4fa8-8c81-169306f7a8f7,5fe56f34-4e1c-4e1c-9187-c5d74a2e5bae,,d23a2351-3505-4df1-a9c4-a78b18b34f37
2025-04-30 06:39:18.03013,bf996092-8d66-408a-8d8e-5065ca3330c2,77d5fb8c-5d83-4fa8-8c81-169306f7a8f7,6305e997-4531-4b55-85f6-82b7294de997,,a050bade-b57c-4b9c-ade8-244eedb7a74e
2025-04-30 06:47:46.913718,bf996092-8d66-408a-8d8e-5065ca3330c2,77d5fb8c-5d83-4fa8-8c81-169306f7a8f7,633b7af1-e5d0-419b-a348-c20166f9b9e7,,077539f9-d981-4efe-8ee5-03fda7795d6c
2025-04-30 06:36:09.422486,bf996092-8d66-408a-8d8e-5065ca3330c2,77d5fb8c-5d83-4fa8-8c81-169306f7a8f7,63b79a3d-607d-4796-85a8-22abddd2b911,,dde81605-3ad3-482b-b0c8-c5906d3e8102
2025-04-30 07:02:13.232076,bf996092-8d66-408a-8d8e-5065ca3330c2,77d5fb8c-5d83-4fa8-8c81-169306f7a8f7,643d978e-ddce-402b-8f14-fb58adc66783,,10216b59-d76e-475d-ac2a-2be3f68fb830
2025-06-27 09:20:03.855689,bf996092-8d66-408a-8d8e-5065ca3330c2,77d5fb8c-5d83-4fa8-8c81-169306f7a8f7,657fc2a7-030e-47d3-bbdf-5af0614450a0,,0bfcb7b8-5d64-4efc-be59-de9caac166ca
2025-04-30 06:35:52.162063,bf996092-8d66-408a-8d8e-5065ca3330c2,77d5fb8c-5d83-4fa8-8c81-169306f7a8f7,6640b0d7-c4ab-483f-8e9e-1f79e128c13e,,df3ac683-8028-45b8-bea3-313b43fc7557
2025-06-27 09:05:46.889798,bf996092-8d66-408a-8d8e-5065ca3330c2,77d5fb8c-5d83-4fa8-8c81-169306f7a8f7,67280b9c-e1ce-442d-b68f-e8b0498751c5,,5f3c89b2-18af-49a3-a22b-81d336304b17
2025-04-30 06:37:33.759446,bf996092-8d66-408a-8d8e-5065ca3330c2,77d5fb8c-5d83-4fa8-8c81-169306f7a8f7,67449540-dc1f-4f32-8ad2-f9baca216191,,3e93b0b8-3658-42be-827e-c80ce0818db5
2025-06-27 09:36:00.077248,bf996092-8d66-408a-8d8e-5065ca3330c2,77d5fb8c-5d83-4fa8-8c81-169306f7a8f7,675e3152-b156-4488-a40c-c4cdedfee151,,be4e7c9a-2047-4bd3-8f05-20551fd9e55f
2025-04-30 07:37:24.181378,bf996092-8d66-408a-8d8e-5065ca3330c2,77d5fb8c-5d83-4fa8-8c81-169306f7a8f7,68195747-b01a-4f9d-aeff-2deba858d1fb,,da0f7768-ad7a-4384-bd14-e3dd6c5873b6
2025-04-30 07:39:21.305379,bf996092-8d66-408a-8d8e-5065ca3330c2,77d5fb8c-5d83-4fa8-8c81-169306f7a8f7,695b3b2d-3e0c-4352-a65e-d940604efcfa,,4fd9dc3a-4264-432a-9ada-fd19dd34af2d
2025-04-30 06:53:19.747719,bf996092-8d66-408a-8d8e-5065ca3330c2,77d5fb8c-5d83-4fa8-8c81-169306f7a8f7,6ab625cf-d885-475d-95a8-6f449b39f4c8,,364a3b05-3232-4973-bf75-285bc44d2c8d
2025-04-30 07:40:40.228031,bf996092-8d66-408a-8d8e-5065ca3330c2,77d5fb8c-5d83-4fa8-8c81-169306f7a8f7,70b63dbc-d384-41ca-a8c7-bd80ea10c3e5,,18c4dfaf-7a7f-4f74-b19a-2703ab42ebb5
2025-04-30 06:37:37.215328,bf996092-8d66-408a-8d8e-5065ca3330c2,77d5fb8c-5d83-4fa8-8c81-169306f7a8f7,7169c78c-536f-4ad2-b06d-685d41a14bb0,,e6181522-131e-4e7b-a15a-a703e473df82
2025-06-27 08:51:45.312739,bf996092-8d66-408a-8d8e-5065ca3330c2,77d5fb8c-5d83-4fa8-8c81-169306f7a8f7,75e6328f-5994-4110-b787-dec5f7a329c2,,6c04cb85-8565-4c54-9b62-33108c85b251
2025-06-27 09:22:03.692951,bf996092-8d66-408a-8d8e-5065ca3330c2,77d5fb8c-5d83-4fa8-8c81-169306f7a8f7,7659f0d9-4601-43ec-bdcb-40d2c8345854,,d20d4076-c3da-4553-8d41-71e0c883a6c1
2025-04-30 06:36:00.856358,bf996092-8d66-408a-8d8e-5065ca3330c2,77d5fb8c-5d83-4fa8-8c81-169306f7a8f7,77a51a13-5b8e-43c8-97db-c3acfd0ba750,,40426ff2-1526-4204-ae27-fc4d0e7fef53
2025-06-27 09:40:07.226125,bf996092-8d66-408a-8d8e-5065ca3330c2,77d5fb8c-5d83-4fa8-8c81-169306f7a8f7,7a4434b0-84f0-4e37-9e7b-ab14ffccd079,,140ce79b-4849-4468-997b-f870ab89aad0
2025-06-27 09:41:50.017209,bf996092-8d66-408a-8d8e-5065ca3330c2,77d5fb8c-5d83-4fa8-8c81-169306f7a8f7,7a8417fe-4e2b-4453-aa8d-d08c9a2fb7f1,,a9f5ea6e-8481-4c9b-82a7-0042d59ae615
2025-04-30 06:48:34.311666,bf996092-8d66-408a-8d8e-5065ca3330c2,77d5fb8c-5d83-4fa8-8c81-169306f7a8f7,7b20ad2f-3330-4877-859f-48dc1b838986,,17147d68-55b7-46f3-960b-aa966d551c51
2025-06-27 09:02:58.214878,bf996092-8d66-408a-8d8e-5065ca3330c2,77d5fb8c-5d83-4fa8-8c81-169306f7a8f7,7ce12490-b6ae-4a42-b74f-449a71d420eb,,3e17e914-a6b4-48f5-9297-bbc35f8e235d
2025-04-30 06:37:44.37441,bf996092-8d66-408a-8d8e-5065ca3330c2,77d5fb8c-5d83-4fa8-8c81-169306f7a8f7,80c6f474-5a35-4a65-ae75-10c20ab1a386,,04a30257-fa59-4d8c-b704-c43f8e08967d
2025-04-30 06:38:16.120043,bf996092-8d66-408a-8d8e-5065ca3330c2,77d5fb8c-5d83-4fa8-8c81-169306f7a8f7,81689c6e-b27d-41bd-894b-3b8587203bdf,,f21e0f31-425c-4b95-8129-4723e70e00e4
2025-04-30 06:39:14.533298,bf996092-8d66-408a-8d8e-5065ca3330c2,77d5fb8c-5d83-4fa8-8c81-169306f7a8f7,8284f56d-c045-41d0-85bb-550364c237bd,,9dd96215-387e-4583-b53f-02e0b813c80a
2025-04-30 07:38:08.14275,bf996092-8d66-408a-8d8e-5065ca3330c2,77d5fb8c-5d83-4fa8-8c81-169306f7a8f7,84395bd9-4d76-4f6f-9520-faa4e3ee1311,,f668e76a-8d86-46cc-89be-0b40b9d6e1d4
2025-04-30 06:35:54.301398,bf996092-8d66-408a-8d8e-5065ca3330c2,77d5fb8c-5d83-4fa8-8c81-169306f7a8f7,84722266-85f8-4157-818a-8fcd84aea627,,eedfec81-557f-4f57-8eac-8b454551756c
2025-06-27 09:27:04.56704,bf996092-8d66-408a-8d8e-5065ca3330c2,77d5fb8c-5d83-4fa8-8c81-169306f7a8f7,86962754-7364-4e89-9ade-9c8dc092626f,,f913efe2-5dfb-4bdc-8b81-0634256a277d
2025-06-27 09:26:06.203883,bf996092-8d66-408a-8d8e-5065ca3330c2,77d5fb8c-5d83-4fa8-8c81-169306f7a8f7,899f4400-d37a-4b65-ad60-675eb7d20f5a,,a96373a9-7ebb-40cd-9070-9eb8fc7b0885
2025-06-27 09:43:49.933221,bf996092-8d66-408a-8d8e-5065ca3330c2,77d5fb8c-5d83-4fa8-8c81-169306f7a8f7,8ae6ab37-bb99-4e35-8487-be28c00c1461,,bf3148d4-a17f-4f69-8949-9e8cfe5497db
2025-05-16 07:10:27.770087,bf996092-8d66-408a-8d8e-5065ca3330c2,77d5fb8c-5d83-4fa8-8c81-169306f7a8f7,8cefc448-f693-4164-a78d-bf4a574f4f20,,f7bfde3c-f237-4553-ac20-a8f3a10d87cb
2025-04-30 06:49:01.077511,bf996092-8d66-408a-8d8e-5065ca3330c2,77d5fb8c-5d83-4fa8-8c81-169306f7a8f7,90909310-6b77-45de-adec-2adca36ce464,,8d87a792-f136-44d8-9760-0963a772b2b7
2025-06-27 08:50:02.983064,bf996092-8d66-408a-8d8e-5065ca3330c2,77d5fb8c-5d83-4fa8-8c81-169306f7a8f7,90a2f14a-84dc-4238-ba71-d0b5cd092258,,a4f29af4-398a-4373-96ea-4e9077a5b05f
2025-04-30 06:36:12.481221,bf996092-8d66-408a-8d8e-5065ca3330c2,77d5fb8c-5d83-4fa8-8c81-169306f7a8f7,91561985-b17a-4939-adce-a79d163608da,,808384ef-6374-4617-a6ab-973b708d76a8
2025-04-30 06:35:55.744957,bf996092-8d66-408a-8d8e-5065ca3330c2,77d5fb8c-5d83-4fa8-8c81-169306f7a8f7,9362b20f-2d63-4741-98f9-1b50eb843d72,,ebfbc847-e7f7-4112-bc35-3331441c6a51
2025-04-30 06:47:05.305036,bf996092-8d66-408a-8d8e-5065ca3330c2,77d5fb8c-5d83-4fa8-8c81-169306f7a8f7,9656ce17-856c-4f1a-8da4-d5490337544b,,e63db9c5-093f-4abe-8cfe-4a4670e26deb
2025-06-27 08:38:41.814226,bf996092-8d66-408a-8d8e-5065ca3330c2,77d5fb8c-5d83-4fa8-8c81-169306f7a8f7,97390e5a-10bd-4446-9e45-1edae2137e36,,7931d963-011f-478b-9fe2-74d09018c134
2025-04-30 06:38:00.634677,bf996092-8d66-408a-8d8e-5065ca3330c2,77d5fb8c-5d83-4fa8-8c81-169306f7a8f7,98c6d941-fc5f-4c1a-8382-60b8955da0b2,,81e6b137-8465-40d3-a181-dda295e8dbaa
2025-04-30 06:49:07.725917,bf996092-8d66-408a-8d8e-5065ca3330c2,77d5fb8c-5d83-4fa8-8c81-169306f7a8f7,99c22306-6fe0-4a01-890f-c66dd4645d2e,,a7c9d3ce-08c4-472b-8411-bceb2940c165
2025-04-30 06:47:14.848613,bf996092-8d66-408a-8d8e-5065ca3330c2,77d5fb8c-5d83-4fa8-8c81-169306f7a8f7,99ed80d5-8ef3-4335-9ae9-4fc428e823aa,,5b5f48eb-003b-4b09-8a90-b0cdb9418e66
2025-06-27 08:44:50.256672,bf996092-8d66-408a-8d8e-5065ca3330c2,77d5fb8c-5d83-4fa8-8c81-169306f7a8f7,9a0005ee-63bc-4b4b-9f74-24bd65b42714,,5df8ad56-9195-40fb-a2ad-5bde1669db74
2025-04-30 07:00:44.54237,bf996092-8d66-408a-8d8e-5065ca3330c2,77d5fb8c-5d83-4fa8-8c81-169306f7a8f7,9a2e5abc-6e73-4b29-adf8-6147b323468c,,c3a4204a-824d-43f0-93f2-2953ba572003
2025-04-30 06:49:50.343719,bf996092-8d66-408a-8d8e-5065ca3330c2,77d5fb8c-5d83-4fa8-8c81-169306f7a8f7,9ab9e79b-fcad-4dcf-be10-3e077c373344,,1624eabd-51b2-4fee-94fa-af2d3f7cab08
2025-04-30 06:49:29.892426,bf996092-8d66-408a-8d8e-5065ca3330c2,77d5fb8c-5d83-4fa8-8c81-169306f7a8f7,9b73d763-1b2e-48da-be25-3bdc9b3a8c6a,,fa88ec45-fa9b-4715-b56f-fb5ebc078d14
2025-04-30 06:40:24.409309,bf996092-8d66-408a-8d8e-5065ca3330c2,77d5fb8c-5d83-4fa8-8c81-169306f7a8f7,9d4e5eb3-aa78-4a38-992c-aaff337151d5,,6c7bab1b-be84-4207-8404-d44f4e3af704
2025-04-30 06:37:51.390078,bf996092-8d66-408a-8d8e-5065ca3330c2,77d5fb8c-5d83-4fa8-8c81-169306f7a8f7,9e4645fc-e053-41cd-a9bb-4d65711b9126,,9841c071-457f-4d9b-96c7-f39fc33ff424
2025-06-27 08:40:12.862103,bf996092-8d66-408a-8d8e-5065ca3330c2,77d5fb8c-5d83-4fa8-8c81-169306f7a8f7,a17618e9-0baf-438c-ab40-f5cc807e9c90,,9817f517-e8d9-4775-b0f5-36a2a95f50f4
2025-06-27 09:06:46.538537,bf996092-8d66-408a-8d8e-5065ca3330c2,77d5fb8c-5d83-4fa8-8c81-169306f7a8f7,a4aad768-7a97-43dd-9df8-c4312baeca86,,72f6e80e-e878-4eef-8037-2a343c852d6a
2025-04-30 07:36:52.225417,bf996092-8d66-408a-8d8e-5065ca3330c2,77d5fb8c-5d83-4fa8-8c81-169306f7a8f7,a4d1f6bb-5577-45c9-9b19-8b3cab38f3a7,,2aa37733-6250-4df1-86fe-542a44b6c6e2
2025-04-30 06:37:39.501451,bf996092-8d66-408a-8d8e-5065ca3330c2,77d5fb8c-5d83-4fa8-8c81-169306f7a8f7,a4d7e7a4-2bc7-4c30-aefd-584f801453fa,,ff320137-cd1d-48d3-9a1e-665d766abb55
2025-04-30 06:35:59.440938,bf996092-8d66-408a-8d8e-5065ca3330c2,77d5fb8c-5d83-4fa8-8c81-169306f7a8f7,a599ab90-0c30-47dd-8f98-3051b57bbc14,,3b6db296-175e-4d93-adf6-4cd7e40703f2
2025-06-27 09:03:59.294828,bf996092-8d66-408a-8d8e-5065ca3330c2,77d5fb8c-5d83-4fa8-8c81-169306f7a8f7,a5ee5bf5-eb1c-45fb-b0d2-da635132b2b4,,2de36ed2-66dc-4ee3-a8e3-dda90e6ee8fc
2025-04-30 06:48:04.995931,bf996092-8d66-408a-8d8e-5065ca3330c2,77d5fb8c-5d83-4fa8-8c81-169306f7a8f7,a60a5055-fbed-4c56-9070-2e091708034b,,8ed4ded8-c993-4c14-81aa-18786f18a47d
2025-04-30 06:37:58.155865,bf996092-8d66-408a-8d8e-5065ca3330c2,77d5fb8c-5d83-4fa8-8c81-169306f7a8f7,a64a4c2e-3979-48b3-b1a2-73288878fc42,,33b6b758-946b-409d-bfdb-860e3d828497
2025-04-30 06:38:03.882763,bf996092-8d66-408a-8d8e-5065ca3330c2,77d5fb8c-5d83-4fa8-8c81-169306f7a8f7,a6aa4d25-6b62-48ef-8059-e8ff421f39c9,,ebd8ebda-ead4-40a9-899d-52b6287d58b8
2025-06-27 09:29:13.414127,bf996092-8d66-408a-8d8e-5065ca3330c2,77d5fb8c-5d83-4fa8-8c81-169306f7a8f7,a6fd4e95-8da4-4227-8b62-57161b64a06b,,1ad563a5-63db-4ce4-8eca-6e4890dc524a
2025-04-30 07:01:50.517363,bf996092-8d66-408a-8d8e-5065ca3330c2,77d5fb8c-5d83-4fa8-8c81-169306f7a8f7,a8f63038-9ff3-467c-9787-c39b5ea7eddb,,7e5123b5-12a0-404e-9a8c-6c6894d4dac2
2025-04-30 06:39:18.257293,bf996092-8d66-408a-8d8e-5065ca3330c2,77d5fb8c-5d83-4fa8-8c81-169306f7a8f7,ac72cc8d-0443-4a80-8a9f-2be818b60234,,c2cc76fa-4fae-400b-9dc1-4b6ff107814f
2025-06-27 08:45:27.685537,bf996092-8d66-408a-8d8e-5065ca3330c2,77d5fb8c-5d83-4fa8-8c81-169306f7a8f7,ad2b2f22-583d-404b-8617-4ede560d5bf8,,d8f08fe4-cdb6-4287-bcf5-32441a05d987
2025-04-30 06:36:02.523647,bf996092-8d66-408a-8d8e-5065ca3330c2,77d5fb8c-5d83-4fa8-8c81-169306f7a8f7,ad51282f-0087-49be-924c-6b7098665e1a,,b8874585-c6f4-462e-8a95-8a325c88acd8
2025-06-27 08:41:33.528282,bf996092-8d66-408a-8d8e-5065ca3330c2,77d5fb8c-5d83-4fa8-8c81-169306f7a8f7,aea12a69-f476-4215-b2da-ec435d20b030,,f1d54529-bdbe-4302-93df-fb4567a91f50
2025-04-30 06:39:16.861136,bf996092-8d66-408a-8d8e-5065ca3330c2,77d5fb8c-5d83-4fa8-8c81-169306f7a8f7,b009ad4b-be55-4ecf-afca-5fe58e3a2c99,,a401abf8-5790-4dc0-8b0e-14c4dd356a02
2025-06-27 08:42:10.770427,bf996092-8d66-408a-8d8e-5065ca3330c2,77d5fb8c-5d83-4fa8-8c81-169306f7a8f7,b464df81-9630-41b6-8d3b-9be0c740c649,,b028d656-7720-4334-89ff-b5a241cba211
2025-03-10 07:10:42.046229,bf996092-8d66-408a-8d8e-5065ca3330c2,77d5fb8c-5d83-4fa8-8c81-169306f7a8f7,b4af2091-2568-47fa-aee7-e436a50cc1f0,,8e8c0b3c-0941-4bc9-806b-7e878e0b3a02
2025-05-12 10:38:01.04363,bf996092-8d66-408a-8d8e-5065ca3330c2,77d5fb8c-5d83-4fa8-8c81-169306f7a8f7,b67ac239-3556-4ec6-84c2-dff6beaac0fe,,1385c85e-e8d5-4021-8b34-b5e03e959ecb
2025-06-27 08:42:48.233349,bf996092-8d66-408a-8d8e-5065ca3330c2,77d5fb8c-5d83-4fa8-8c81-169306f7a8f7,b6e6c23a-1d19-48a5-ac0e-adceb0bf02e0,,43c740e3-775c-4757-bca0-b9cbf4ef5ae8
2025-04-30 06:36:17.719085,bf996092-8d66-408a-8d8e-5065ca3330c2,77d5fb8c-5d83-4fa8-8c81-169306f7a8f7,b7573fc9-da6c-41d9-8bc0-5b6e30481691,,e86bd960-fef6-4280-92aa-b21c47686cd4
2025-04-30 07:01:01.602628,bf996092-8d66-408a-8d8e-5065ca3330c2,77d5fb8c-5d83-4fa8-8c81-169306f7a8f7,bc80efc8-605f-4b26-9f0a-890e4baf0d9e,,e4b2a6be-66b9-4371-8d42-67222b8e704a
2025-04-30 06:59:19.201653,bf996092-8d66-408a-8d8e-5065ca3330c2,77d5fb8c-5d83-4fa8-8c81-169306f7a8f7,bd3da416-4929-400b-a6d0-4495075b29c0,,d1c052ba-1f8f-442e-8759-7bfd13f4c372
2025-06-27 09:12:57.364748,bf996092-8d66-408a-8d8e-5065ca3330c2,77d5fb8c-5d83-4fa8-8c81-169306f7a8f7,bf2ed30a-5090-42c3-974c-7e11a97f43cc,,4368e0a5-6e98-4505-957a-b4a3221bbcb7
2025-04-30 06:37:31.287969,bf996092-8d66-408a-8d8e-5065ca3330c2,77d5fb8c-5d83-4fa8-8c81-169306f7a8f7,bf5dd024-748c-49ac-a5ee-74d6371f0c66,,dc92db24-1eda-4216-9f25-e36294895b25
2025-06-27 08:46:45.308447,bf996092-8d66-408a-8d8e-5065ca3330c2,77d5fb8c-5d83-4fa8-8c81-169306f7a8f7,c0ae1a62-2af5-417a-859c-040b18813fd8,,c8d495d5-df9a-43df-a865-945f0352abbe
2025-04-30 07:41:00.329354,bf996092-8d66-408a-8d8e-5065ca3330c2,77d5fb8c-5d83-4fa8-8c81-169306f7a8f7,c47cdc56-7e60-4416-bb5e-3a14551d6148,,23679309-60fd-4ae5-8f71-b491a764dfe1
2025-04-30 06:39:12.635231,bf996092-8d66-408a-8d8e-5065ca3330c2,77d5fb8c-5d83-4fa8-8c81-169306f7a8f7,c7a52131-d605-489c-a5de-0576b9c53040,,932e7152-4d79-454c-ae92-2e3f39a6e607
2025-04-30 06:38:13.134603,bf996092-8d66-408a-8d8e-5065ca3330c2,77d5fb8c-5d83-4fa8-8c81-169306f7a8f7,c9416ec7-ad30-412a-82a1-8e5dd81b273b,,203d0c1f-7393-45ab-b4c1-59221fe633e3
2025-04-30 06:36:16.335225,bf996092-8d66-408a-8d8e-5065ca3330c2,77d5fb8c-5d83-4fa8-8c81-169306f7a8f7,c9dce790-e833-4248-a2b9-e60ccf6d1a35,,7fa0a48f-eb38-411c-873e-81dd85cae4a1
2025-06-27 08:58:23.787702,bf996092-8d66-408a-8d8e-5065ca3330c2,77d5fb8c-5d83-4fa8-8c81-169306f7a8f7,ca4f412a-221f-4353-b25d-3224ad2e3a57,,af3884de-c04f-4164-af18-3573ca980b75
2025-04-30 06:39:13.395631,bf996092-8d66-408a-8d8e-5065ca3330c2,77d5fb8c-5d83-4fa8-8c81-169306f7a8f7,cb281c59-1c5d-41b3-84a6-f0e7a16eeffc,,bda3ea8e-d887-4f7a-ac49-4dd942f72489
2025-06-27 09:32:58.493542,bf996092-8d66-408a-8d8e-5065ca3330c2,77d5fb8c-5d83-4fa8-8c81-169306f7a8f7,cb846fff-18ca-446f-978c-957d81f0e8d2,,2689f0b5-f812-442b-b47b-2528a1973eaa
2025-04-30 06:35:50.727985,bf996092-8d66-408a-8d8e-5065ca3330c2,77d5fb8c-5d83-4fa8-8c81-169306f7a8f7,cfb35657-047e-4ed3-920c-93251a86b841,,a911068c-99b0-4bf9-ae3b-e8f2f91c2f86
2025-04-30 06:38:10.163898,bf996092-8d66-408a-8d8e-5065ca3330c2,77d5fb8c-5d83-4fa8-8c81-169306f7a8f7,cfed9897-99ef-4654-9714-06b18ddd6327,,00715a5e-0343-4000-8267-32e3298da023
2025-04-30 06:52:28.616506,bf996092-8d66-408a-8d8e-5065ca3330c2,77d5fb8c-5d83-4fa8-8c81-169306f7a8f7,d10ef45c-1b07-4cfd-ba62-d39f7593106a,,74eacd87-9605-447b-bc38-9722c7de3dcc
2025-06-27 08:50:59.513321,bf996092-8d66-408a-8d8e-5065ca3330c2,77d5fb8c-5d83-4fa8-8c81-169306f7a8f7,d14a627e-f6ea-44d7-9b08-bd02e902aadf,,257f9ee7-48ae-4662-8115-ed7f45f3d936
2025-06-27 09:40:51.841069,bf996092-8d66-408a-8d8e-5065ca3330c2,77d5fb8c-5d83-4fa8-8c81-169306f7a8f7,d2dd5f4b-b843-4191-b77b-0b4674a6b8af,,6058d813-43af-4727-876c-f5aca2e2d330
2025-04-30 06:36:06.560581,bf996092-8d66-408a-8d8e-5065ca3330c2,77d5fb8c-5d83-4fa8-8c81-169306f7a8f7,d300eaa8-db38-4b31-9f2d-db9b885c41d7,,3cafd9d3-50fd-4e93-9aaa-bde61f56a7d1
2025-06-27 09:46:05.013091,bf996092-8d66-408a-8d8e-5065ca3330c2,77d5fb8c-5d83-4fa8-8c81-169306f7a8f7,d4a92e75-a21a-4720-a8b2-9c7aa0ed7a0d,,28dcdd18-a47c-4d5d-850b-85f7eaaefea3
2025-04-30 07:03:19.70909,bf996092-8d66-408a-8d8e-5065ca3330c2,77d5fb8c-5d83-4fa8-8c81-169306f7a8f7,d58ce2f9-b754-41e4-9a42-15d3dfb2328c,,52dcfafd-de79-478f-a4a3-e8e5ec82f573
2025-06-27 08:37:06.813563,bf996092-8d66-408a-8d8e-5065ca3330c2,77d5fb8c-5d83-4fa8-8c81-169306f7a8f7,d8b237cb-231d-4872-a421-40d4c5bbda78,,7eac2401-f451-48d7-b460-9cf2d84ed72a
2025-04-30 07:03:52.067789,bf996092-8d66-408a-8d8e-5065ca3330c2,77d5fb8c-5d83-4fa8-8c81-169306f7a8f7,d989d9b8-78e5-4ae1-9829-85918e929009,,6451c3da-ed84-4f4b-8c23-1daceb85bc58
2025-04-30 07:03:01.521744,bf996092-8d66-408a-8d8e-5065ca3330c2,77d5fb8c-5d83-4fa8-8c81-169306f7a8f7,db7bf6dd-c457-4e25-afc0-c47fc56083f5,,d49419b6-d66f-4f86-b643-5651e35a4bc6
2025-06-27 09:23:01.168093,bf996092-8d66-408a-8d8e-5065ca3330c2,77d5fb8c-5d83-4fa8-8c81-169306f7a8f7,dca9764f-3d55-417d-8c3c-78b9830a9716,,4e1ef519-9db3-4edf-8699-bc43ff97e571
2025-04-30 06:37:55.660185,bf996092-8d66-408a-8d8e-5065ca3330c2,77d5fb8c-5d83-4fa8-8c81-169306f7a8f7,e069b7c5-6511-4788-a183-817f2d965ba3,,3e62633f-3b53-4909-9874-459ca1d3c4fa
2025-06-27 09:10:35.997891,bf996092-8d66-408a-8d8e-5065ca3330c2,77d5fb8c-5d83-4fa8-8c81-169306f7a8f7,e077bb3c-2db0-4a97-959b-4ca48563d2ca,,18ddd1d8-d6e6-4b45-82de-c84209cb2e06
2025-04-30 07:04:38.90696,bf996092-8d66-408a-8d8e-5065ca3330c2,77d5fb8c-5d83-4fa8-8c81-169306f7a8f7,e3414c8b-6531-413c-af44-eee54092f07c,,51544961-6732-4339-9021-95b935ea86ba
2025-06-27 08:39:20.75068,bf996092-8d66-408a-8d8e-5065ca3330c2,77d5fb8c-5d83-4fa8-8c81-169306f7a8f7,e3d39876-bd0f-4b1b-85b4-6bb82ceba88d,,e0819190-4b84-4c20-a835-0b7bbd1c12ef
2025-06-27 09:07:27.598046,bf996092-8d66-408a-8d8e-5065ca3330c2,77d5fb8c-5d83-4fa8-8c81-169306f7a8f7,e4c9672c-b8be-417f-91a0-db2c701117a4,,f3aa4a79-db77-48d9-a604-c0199298c2a3
2025-04-30 06:36:15.049854,bf996092-8d66-408a-8d8e-5065ca3330c2,77d5fb8c-5d83-4fa8-8c81-169306f7a8f7,e685354f-2a8e-4d13-82d8-bf21698982d7,,4ab29967-8208-4cca-a41e-2ed9d13f6a8a
2025-04-30 07:05:02.71537,bf996092-8d66-408a-8d8e-5065ca3330c2,77d5fb8c-5d83-4fa8-8c81-169306f7a8f7,e75bb632-ed79-4f65-a320-2113f2823f30,,2df94384-5f3b-444c-a279-6ab733bbfa35
2025-06-27 08:46:08.723575,bf996092-8d66-408a-8d8e-5065ca3330c2,77d5fb8c-5d83-4fa8-8c81-169306f7a8f7,e801d6e2-a98a-4a6a-b821-3f653277c9dc,,6e0f0ddb-3b38-41f3-b22b-ccaa42b19ea5
2025-06-27 08:56:02.200044,bf996092-8d66-408a-8d8e-5065ca3330c2,77d5fb8c-5d83-4fa8-8c81-169306f7a8f7,e826a31f-5a53-47ed-844a-465af4dee026,,66bc18af-c36b-4cef-9770-90d8ca2f2590
2025-04-30 06:37:47.459824,bf996092-8d66-408a-8d8e-5065ca3330c2,77d5fb8c-5d83-4fa8-8c81-169306f7a8f7,eb4c0b23-1e39-4d13-ba15-9935b530aa5f,,6db33cf7-69ab-4cda-87d9-9d0b69b2a2d4
2025-04-30 06:36:13.514594,bf996092-8d66-408a-8d8e-5065ca3330c2,77d5fb8c-5d83-4fa8-8c81-169306f7a8f7,eb6a78ea-5cba-4738-acc5-f8b7e75c32b9,,2486178d-a538-4e2c-a433-fba09091e5aa
2025-04-30 06:37:49.936198,bf996092-8d66-408a-8d8e-5065ca3330c2,77d5fb8c-5d83-4fa8-8c81-169306f7a8f7,ed9a7975-45ea-4a2b-8c5e-fef7a08d25fb,,a078beb1-9c16-4172-a127-5c59b9f71faf
2025-06-27 09:17:34.359367,bf996092-8d66-408a-8d8e-5065ca3330c2,77d5fb8c-5d83-4fa8-8c81-169306f7a8f7,efab0104-dbbf-4f6e-a024-e971e0f8f142,,b0495fb0-7156-4008-9908-fe81c8797cdf
2025-04-30 06:38:17.771272,bf996092-8d66-408a-8d8e-5065ca3330c2,77d5fb8c-5d83-4fa8-8c81-169306f7a8f7,f0c47b2c-0cda-403f-8173-9c64b0ab7dbf,,55b30299-a898-448b-857b-a496e7e4be7f
2025-04-30 07:31:59.43723,bf996092-8d66-408a-8d8e-5065ca3330c2,77d5fb8c-5d83-4fa8-8c81-169306f7a8f7,f1a6fc93-0062-4eae-8288-9895ed4ef880,,21d8c049-e378-40f4-bcae-2394c55863ec
2025-04-30 07:35:35.347939,bf996092-8d66-408a-8d8e-5065ca3330c2,77d5fb8c-5d83-4fa8-8c81-169306f7a8f7,f22eac66-56ec-417c-b1bb-03b2fea3c6bf,,e233a786-70e6-48bc-8279-3f570ef20698
2025-04-30 06:51:42.765808,bf996092-8d66-408a-8d8e-5065ca3330c2,77d5fb8c-5d83-4fa8-8c81-169306f7a8f7,f42ef643-9ac5-41b3-9e0c-b7a4b5aa6e18,,d9036c2e-4199-4f44-a291-8351d3b5b846
2025-04-30 06:36:07.964725,bf996092-8d66-408a-8d8e-5065ca3330c2,77d5fb8c-5d83-4fa8-8c81-169306f7a8f7,f453487a-ee26-4132-8250-7285702413ee,,1cc19a0e-ff36-4584-9580-f8022979412c
2025-04-30 06:40:21.411254,bf996092-8d66-408a-8d8e-5065ca3330c2,77d5fb8c-5d83-4fa8-8c81-169306f7a8f7,f58c4d7f-e0dc-4c57-b97f-b74755431331,,67a762d2-8016-4296-9331-f1ea203893df
2025-06-27 09:00:23.291073,bf996092-8d66-408a-8d8e-5065ca3330c2,77d5fb8c-5d83-4fa8-8c81-169306f7a8f7,f62b2643-4b23-4bdf-af29-73ab88b8dfc4,,7444f0dc-24b1-4a74-b8f1-e47fb1305cef
2025-04-30 06:39:15.369264,bf996092-8d66-408a-8d8e-5065ca3330c2,77d5fb8c-5d83-4fa8-8c81-169306f7a8f7,f6b30302-f161-4b12-845c-3b28b7262e9f,,028312f5-6a1a-4281-8549-c4d0ef4a27d5
2025-04-30 06:38:20.262195,bf996092-8d66-408a-8d8e-5065ca3330c2,77d5fb8c-5d83-4fa8-8c81-169306f7a8f7,f7088502-6530-44a4-85b2-abec6645399f,,fc266e39-0bec-47d3-86d2-529523d3dc3a
2025-04-30 07:00:18.19952,bf996092-8d66-408a-8d8e-5065ca3330c2,77d5fb8c-5d83-4fa8-8c81-169306f7a8f7,f7951360-3c24-419b-9cd5-16660228ddb9,,910402dd-26e2-4a2e-abd2-dcd973e34d31
2025-04-30 06:38:08.772213,bf996092-8d66-408a-8d8e-5065ca3330c2,77d5fb8c-5d83-4fa8-8c81-169306f7a8f7,f8cac621-65e8-49be-a65d-48a9357b30c1,,29c83f3f-910b-47b8-a6cb-64832217f1ad
2025-06-27 09:27:57.70146,bf996092-8d66-408a-8d8e-5065ca3330c2,77d5fb8c-5d83-4fa8-8c81-169306f7a8f7,fa75d3c4-5e72-469d-b6c9-3b8188e3e59d,,743d61dd-a6a4-4f4c-b3e5-eeb5d180a90d
2025-04-30 06:37:42.300762,bf996092-8d66-408a-8d8e-5065ca3330c2,77d5fb8c-5d83-4fa8-8c81-169306f7a8f7,fc40c702-5d84-4305-86f0-59145b796be0,,2acc5500-bb16-4c34-9471-b98763482dad
2025-04-30 06:48:42.435187,bf996092-8d66-408a-8d8e-5065ca3330c2,77d5fb8c-5d83-4fa8-8c81-169306f7a8f7,fcc12268-9ac6-4ad6-b856-3f040a1f17c5,,75ec0393-9f6c-4fa1-80e2-ae124d920e7c
2025-04-30 06:50:01.012947,bf996092-8d66-408a-8d8e-5065ca3330c2,77d5fb8c-5d83-4fa8-8c81-169306f7a8f7,fdacb927-e10b-4d73-9e35-03e7b8b8f86c,,1411b522-ce7c-4e72-9eab-d622b1e34ee5
2025-04-30 06:08:57.441083,bf996092-8d66-408a-8d8e-5065ca3330c2,2f551e7d-05e6-4bfc-8ee1-0ef3a8487c11,0141c9d5-3f8e-4c32-b79f-b229feb51d28,,3f2f9ab4-6168-443c-a39c-af055442ba0a
2025-04-30 06:08:52.259776,bf996092-8d66-408a-8d8e-5065ca3330c2,2f551e7d-05e6-4bfc-8ee1-0ef3a8487c11,0252b810-1b0c-4ebd-9a90-f69b67af2ed3,,9a8977f6-98de-4597-8e89-01f81edf5278
2025-03-10 07:06:21.378251,bf996092-8d66-408a-8d8e-5065ca3330c2,2f551e7d-05e6-4bfc-8ee1-0ef3a8487c11,0527ebae-1651-424a-85ae-5ffeb34ff769,,63a3aacf-9628-4ab2-9864-2ab81b6e0c31
2025-04-30 06:10:34.479667,bf996092-8d66-408a-8d8e-5065ca3330c2,2f551e7d-05e6-4bfc-8ee1-0ef3a8487c11,07a46406-138c-445b-8c88-fce5f513a765,,7c51a5b6-b090-4969-adda-6d1761cf0d54
2025-04-30 06:10:41.318826,bf996092-8d66-408a-8d8e-5065ca3330c2,2f551e7d-05e6-4bfc-8ee1-0ef3a8487c11,07b08522-c4e3-405a-b34e-c909ad47a63b,,2002f934-23fd-4629-a996-8add45cf3690
2025-06-28 05:05:15.369672,bf996092-8d66-408a-8d8e-5065ca3330c2,2f551e7d-05e6-4bfc-8ee1-0ef3a8487c11,083ddb3b-63af-4361-9e2e-da18fab41607,,7fc35000-c0a6-439b-923e-61ddff0a0afb
2025-04-30 06:29:12.311182,bf996092-8d66-408a-8d8e-5065ca3330c2,2f551e7d-05e6-4bfc-8ee1-0ef3a8487c11,0876f4b9-2bc0-42cf-8c16-e92bbf5ae843,,0855612a-cd0c-49df-a18c-e3dc114f3bc2
2025-04-30 06:10:32.700648,bf996092-8d66-408a-8d8e-5065ca3330c2,2f551e7d-05e6-4bfc-8ee1-0ef3a8487c11,08774bb7-fbcd-467b-9924-f17e8dd720a9,,7303af62-b373-40d4-9e28-c6083ec50c7e
2025-04-30 06:31:02.310238,bf996092-8d66-408a-8d8e-5065ca3330c2,2f551e7d-05e6-4bfc-8ee1-0ef3a8487c11,08d8511e-79f5-420e-b409-6ac5e2039dac,,884c10d3-b807-45df-bce8-0cf1823373ee
2025-04-30 06:40:16.840273,bf996092-8d66-408a-8d8e-5065ca3330c2,2f551e7d-05e6-4bfc-8ee1-0ef3a8487c11,09b2523c-4bbc-460b-930f-bddb2897ff0e,,7f7d42b5-fef4-4973-a553-8eeacee55882
2025-06-28 05:14:43.300149,bf996092-8d66-408a-8d8e-5065ca3330c2,2f551e7d-05e6-4bfc-8ee1-0ef3a8487c11,0d5eeaf8-d12d-4188-9f1b-46af8d43c0c9,,27068438-dcaa-43ac-8257-f4a36996b368
2025-06-28 05:40:42.036898,bf996092-8d66-408a-8d8e-5065ca3330c2,2f551e7d-05e6-4bfc-8ee1-0ef3a8487c11,0ec31182-d35f-4458-9238-ccf2b856ee9b,,bb932b57-9786-41da-9a64-7517f3ad16ec
2025-05-12 10:39:41.235622,bf996092-8d66-408a-8d8e-5065ca3330c2,2f551e7d-05e6-4bfc-8ee1-0ef3a8487c11,0f2c1462-cda0-4330-ba27-91b62a6693fa,,09440312-2f70-441d-93c2-078dcf2b55d1
2025-04-30 06:39:53.879392,bf996092-8d66-408a-8d8e-5065ca3330c2,2f551e7d-05e6-4bfc-8ee1-0ef3a8487c11,165c6e1d-fec0-4c21-8ce8-43e0d907abd1,,c9eca805-363b-4ad4-a869-e8f3040c33bd
2025-04-30 06:33:34.288364,bf996092-8d66-408a-8d8e-5065ca3330c2,2f551e7d-05e6-4bfc-8ee1-0ef3a8487c11,1938362e-cef8-4323-a312-900483adf6e6,,470a47e5-5826-409e-84bc-c43a9b6ba265
2025-04-30 06:25:56.222101,bf996092-8d66-408a-8d8e-5065ca3330c2,2f551e7d-05e6-4bfc-8ee1-0ef3a8487c11,1be25a37-2abd-43a3-af18-88ecd6cbf112,,b02226e2-e4c5-42a4-bc93-03eeed687860
2025-04-30 06:10:37.955523,bf996092-8d66-408a-8d8e-5065ca3330c2,2f551e7d-05e6-4bfc-8ee1-0ef3a8487c11,1da927f2-4c12-463e-8928-3fc99cb52829,,e4ad0801-1ce3-41e9-be2e-1ceea49aa20a
2025-04-30 06:07:21.584248,bf996092-8d66-408a-8d8e-5065ca3330c2,2f551e7d-05e6-4bfc-8ee1-0ef3a8487c11,245ee0c0-6a69-412d-8575-bfbc2d16dc9d,,06a1c981-5148-4d2f-b2a9-34bd789152fd
2025-04-30 06:32:02.915992,bf996092-8d66-408a-8d8e-5065ca3330c2,2f551e7d-05e6-4bfc-8ee1-0ef3a8487c11,255108e3-80ea-4721-9213-069db7fb667b,,8d001fb7-b665-4921-aba2-861858eb4de6
2025-05-12 10:39:43.622838,bf996092-8d66-408a-8d8e-5065ca3330c2,2f551e7d-05e6-4bfc-8ee1-0ef3a8487c11,2667c3b0-48ad-4a79-803a-8782f49ee1a4,,c0aa0d92-7dd1-4305-8bf3-2fe5ad57f814
2025-04-30 06:10:43.87156,bf996092-8d66-408a-8d8e-5065ca3330c2,2f551e7d-05e6-4bfc-8ee1-0ef3a8487c11,267b50ac-1ad7-4fc9-9d9a-1c253bb74fb0,,787f8c94-28c4-4540-81fa-1ce3f5ae357a
2025-04-30 06:28:38.457234,bf996092-8d66-408a-8d8e-5065ca3330c2,2f551e7d-05e6-4bfc-8ee1-0ef3a8487c11,26d1eca0-9024-4d7d-942c-a4f767d33d3f,,d29bc0f6-8dd2-468e-9b01-8d7d7d96d24b
2025-04-30 06:10:39.763566,bf996092-8d66-408a-8d8e-5065ca3330c2,2f551e7d-05e6-4bfc-8ee1-0ef3a8487c11,272659b3-d0db-4594-a70a-c4be1f40575f,,91cc6c27-a5bd-42b8-9ea7-7a1ee1193eb6
2025-06-28 05:01:18.776168,bf996092-8d66-408a-8d8e-5065ca3330c2,2f551e7d-05e6-4bfc-8ee1-0ef3a8487c11,29b97031-f35f-4778-83af-cc1fe1b9531d,,9b2e3161-ff38-4cbc-9396-871fa8c96901
2025-06-28 05:21:19.281223,bf996092-8d66-408a-8d8e-5065ca3330c2,2f551e7d-05e6-4bfc-8ee1-0ef3a8487c11,29bbebe0-07ad-425a-b2e2-4d8ffc00470f,,fa2a13a3-fce0-44a0-9803-9feaf96bc659
2025-04-30 06:13:10.400975,bf996092-8d66-408a-8d8e-5065ca3330c2,2f551e7d-05e6-4bfc-8ee1-0ef3a8487c11,2b403ced-7edd-4395-ae79-62dfc27f5184,,86650f62-5f73-4a07-a4ab-e1b97e6b43aa
2025-04-30 06:10:25.478971,bf996092-8d66-408a-8d8e-5065ca3330c2,2f551e7d-05e6-4bfc-8ee1-0ef3a8487c11,2b70b025-ddc6-4ea8-b8a7-d77edca701fd,,d3b21509-ab1a-4d51-aef2-e760e81d4bd0
2025-04-30 06:30:35.381595,bf996092-8d66-408a-8d8e-5065ca3330c2,2f551e7d-05e6-4bfc-8ee1-0ef3a8487c11,2f57a4cc-5ac7-4451-a3c3-9002b36dbde2,,fcb68b8e-913f-4179-82a7-832ad801bad6
2025-04-30 06:45:06.405694,bf996092-8d66-408a-8d8e-5065ca3330c2,2f551e7d-05e6-4bfc-8ee1-0ef3a8487c11,340c59e8-01e4-46fc-a4d3-b4d9ac155a0d,,8bfde815-d866-404b-877b-cdba801e7601
2025-04-30 06:07:12.383562,bf996092-8d66-408a-8d8e-5065ca3330c2,2f551e7d-05e6-4bfc-8ee1-0ef3a8487c11,3550acc5-3d00-4ab8-b184-ba867b8a1494,,355cf001-56fc-4a85-97b8-1efaa4958f43
2025-06-28 05:36:23.768805,bf996092-8d66-408a-8d8e-5065ca3330c2,2f551e7d-05e6-4bfc-8ee1-0ef3a8487c11,380dde6b-57b1-43d2-a31e-0c179fd8b058,,b097f01f-fb30-4161-b9c1-54689cba7260
2025-06-28 05:09:43.961239,bf996092-8d66-408a-8d8e-5065ca3330c2,2f551e7d-05e6-4bfc-8ee1-0ef3a8487c11,396cd1fa-b60b-4baa-9d66-df47c8f260a5,,a95008a1-96b3-4823-b5fd-ad32a4d78e84
2025-06-28 04:31:51.43129,bf996092-8d66-408a-8d8e-5065ca3330c2,2f551e7d-05e6-4bfc-8ee1-0ef3a8487c11,39b18642-2fe0-42fb-9663-86f6d6e1f490,,09b208f9-c67e-4068-bacb-a15458797074
2025-04-30 06:29:10.862596,bf996092-8d66-408a-8d8e-5065ca3330c2,2f551e7d-05e6-4bfc-8ee1-0ef3a8487c11,3a09b8e5-cc51-4827-be70-c57921576b4b,,0a622b92-43e4-4ae8-9028-be4ec769dc9f
2025-06-28 05:03:59.032779,bf996092-8d66-408a-8d8e-5065ca3330c2,2f551e7d-05e6-4bfc-8ee1-0ef3a8487c11,3a6719d8-4923-47cf-8783-fcd548a0b74b,,7ba0deba-9d76-44e0-8a25-e7401b0d0a75
2025-04-30 06:10:28.742049,bf996092-8d66-408a-8d8e-5065ca3330c2,2f551e7d-05e6-4bfc-8ee1-0ef3a8487c11,3c690ba3-123d-43d7-b0ed-6ccc0baf4c8c,,7c7a09a5-c699-43bb-90c2-ba5dbdcff7a0
2025-04-30 06:10:38.671677,bf996092-8d66-408a-8d8e-5065ca3330c2,2f551e7d-05e6-4bfc-8ee1-0ef3a8487c11,3d752b4b-96ae-4c17-be92-44bfad38bc76,,2bc66a78-a0da-43e5-bbd1-44e7b6283da7
2025-05-12 10:39:42.875994,bf996092-8d66-408a-8d8e-5065ca3330c2,2f551e7d-05e6-4bfc-8ee1-0ef3a8487c11,4270e504-4d2b-4aa4-a215-e60f8e589c1a,,6344c2a7-1574-4ba6-b1af-c3910b5c8a87
2025-04-30 06:32:36.828456,bf996092-8d66-408a-8d8e-5065ca3330c2,2f551e7d-05e6-4bfc-8ee1-0ef3a8487c11,441242cc-74ae-481d-b670-98cafa039e8e,,431197bc-09c3-4c51-a896-c24235c32c45
2025-04-30 06:13:13.270821,bf996092-8d66-408a-8d8e-5065ca3330c2,2f551e7d-05e6-4bfc-8ee1-0ef3a8487c11,47cf1dbf-6ac5-4c80-bd16-84a51b1dabd9,,e1815ab8-a227-432a-beec-fe35831cf1ba
2025-06-28 05:02:48.308317,bf996092-8d66-408a-8d8e-5065ca3330c2,2f551e7d-05e6-4bfc-8ee1-0ef3a8487c11,4991fcf4-a4d5-41c7-a6ff-c28dda717437,,dc6bcacd-da94-45ac-9848-10d537e59923
2025-06-28 04:42:45.218576,bf996092-8d66-408a-8d8e-5065ca3330c2,2f551e7d-05e6-4bfc-8ee1-0ef3a8487c11,4c18d398-50dd-4d9e-874d-43071a3d1dc2,,9b2b5cd9-c1d0-4eff-98cd-692f8f840462
2025-04-30 06:42:43.018655,bf996092-8d66-408a-8d8e-5065ca3330c2,2f551e7d-05e6-4bfc-8ee1-0ef3a8487c11,4de56613-b78b-4f61-a815-36f73ea0a1dd,,22e43ed3-42bc-4029-a469-917863644b18
2025-06-28 05:08:20.260723,bf996092-8d66-408a-8d8e-5065ca3330c2,2f551e7d-05e6-4bfc-8ee1-0ef3a8487c11,4de5e697-1606-45a6-83e3-f5e44d548a24,,68bffd64-a45f-45a3-a714-542dea8e5e25
2025-06-28 04:49:38.01397,bf996092-8d66-408a-8d8e-5065ca3330c2,2f551e7d-05e6-4bfc-8ee1-0ef3a8487c11,4e1de2b2-fd05-4196-82ee-d177e9a84ba0,,ccf4fc96-d226-4d51-be8d-decfedbfa920
2025-06-28 04:51:40.230708,bf996092-8d66-408a-8d8e-5065ca3330c2,2f551e7d-05e6-4bfc-8ee1-0ef3a8487c11,4f08cf74-7a45-4add-b702-56c2461052bf,,5306f330-9b4c-4629-93a9-8cb4bbed9da9
2025-04-30 06:07:13.484486,bf996092-8d66-408a-8d8e-5065ca3330c2,2f551e7d-05e6-4bfc-8ee1-0ef3a8487c11,4f78e1cf-4036-4370-b5d5-f197cc198a40,,8619db8f-ec1c-4f27-a191-47d2d2a6c371
2025-06-28 05:18:48.877323,bf996092-8d66-408a-8d8e-5065ca3330c2,2f551e7d-05e6-4bfc-8ee1-0ef3a8487c11,51be993f-7156-4246-baff-e92a54f63da0,,c480bf60-19a5-48a4-a157-ac3d82f1474f
2025-04-30 06:27:23.894197,bf996092-8d66-408a-8d8e-5065ca3330c2,2f551e7d-05e6-4bfc-8ee1-0ef3a8487c11,5277824e-b5ab-4d4c-8e2b-2495d55b2b42,,278c5ad7-4362-4605-a3a2-696961f171f6
2025-04-30 06:11:51.965045,bf996092-8d66-408a-8d8e-5065ca3330c2,2f551e7d-05e6-4bfc-8ee1-0ef3a8487c11,53909697-4475-4bde-bb93-7c85675d4159,,572dfe6d-1081-46cc-af64-7cb221387e38
2025-04-30 06:33:34.365486,bf996092-8d66-408a-8d8e-5065ca3330c2,2f551e7d-05e6-4bfc-8ee1-0ef3a8487c11,53e715ae-22b0-4df8-8c2d-362cc4567657,,5e1bb736-6c09-4ab5-9eef-16346bea6285
2025-04-30 06:44:54.6662,bf996092-8d66-408a-8d8e-5065ca3330c2,2f551e7d-05e6-4bfc-8ee1-0ef3a8487c11,548e2540-8896-44ec-94c6-076d2a1c2e54,,d7f7d133-1151-4f7d-a18d-6b673b25f020
2025-06-28 05:00:18.095754,bf996092-8d66-408a-8d8e-5065ca3330c2,2f551e7d-05e6-4bfc-8ee1-0ef3a8487c11,55784d5f-7c8e-492f-91d9-80a71385940e,,4c1a7364-b993-4eb5-99f5-5f26693154a6
2025-06-28 05:06:55.688561,bf996092-8d66-408a-8d8e-5065ca3330c2,2f551e7d-05e6-4bfc-8ee1-0ef3a8487c11,55f64abe-1e58-41c0-8ac9-508ecfc4a156,,d3e7a415-a4ad-4b56-a8e2-800c555085ae
2025-04-30 06:35:01.732568,bf996092-8d66-408a-8d8e-5065ca3330c2,2f551e7d-05e6-4bfc-8ee1-0ef3a8487c11,579f6717-a480-4ae0-8d64-26ed2a18adb4,,993be4e0-b292-4238-bb7f-23ca8ca4a271
2025-04-30 06:26:55.823501,bf996092-8d66-408a-8d8e-5065ca3330c2,2f551e7d-05e6-4bfc-8ee1-0ef3a8487c11,5a2a2509-58b5-4e03-b71e-5972ab7b59d0,,dedd9b98-c541-45fb-b9aa-49963faa0fc6
2025-04-30 06:37:02.413365,bf996092-8d66-408a-8d8e-5065ca3330c2,2f551e7d-05e6-4bfc-8ee1-0ef3a8487c11,5f4e5fc9-3c71-4575-9e52-d4d356c014b4,,0c8d9688-839e-4d76-a726-314b97c805f0
2025-04-30 06:11:50.362358,bf996092-8d66-408a-8d8e-5065ca3330c2,2f551e7d-05e6-4bfc-8ee1-0ef3a8487c11,5fe5cc40-07ef-4fbd-a446-3b129e247496,,e2d35dd9-e679-4dd5-8c06-4ad31049a9fa
2025-06-28 05:26:45.994475,bf996092-8d66-408a-8d8e-5065ca3330c2,2f551e7d-05e6-4bfc-8ee1-0ef3a8487c11,60a4a50f-4eef-40f4-92f7-9a9694b4c492,,331a6ac9-406c-43e0-a927-602283df3333
2025-06-28 04:32:39.38875,bf996092-8d66-408a-8d8e-5065ca3330c2,2f551e7d-05e6-4bfc-8ee1-0ef3a8487c11,60b663af-0195-4f1c-9ad7-ef4d73c0c383,,94cc3cab-d79f-46b9-b204-614aa59a80f5
2025-04-30 06:10:24.25976,bf996092-8d66-408a-8d8e-5065ca3330c2,2f551e7d-05e6-4bfc-8ee1-0ef3a8487c11,623a7b68-885c-407a-9c6d-b878d6bc1383,,a6ae4748-c4f7-4c31-9d9d-7ddf798638cb
2025-04-30 06:35:39.643305,bf996092-8d66-408a-8d8e-5065ca3330c2,2f551e7d-05e6-4bfc-8ee1-0ef3a8487c11,638b9afb-e069-4014-ad07-a7634499df3f,,6f70c7f8-0dab-45ed-b497-cb4527879f0f
2025-04-30 06:41:56.560367,bf996092-8d66-408a-8d8e-5065ca3330c2,2f551e7d-05e6-4bfc-8ee1-0ef3a8487c11,642781d7-d1e7-4452-831b-bf2c1a94deab,,6dde918f-ed6e-435c-b582-132d857a7006
2025-06-28 05:20:01.184795,bf996092-8d66-408a-8d8e-5065ca3330c2,2f551e7d-05e6-4bfc-8ee1-0ef3a8487c11,6540963f-dc33-48fe-8cab-0cc248444245,,f1502049-1199-4924-9415-8bf7e652b63a
2025-04-30 06:29:43.291432,bf996092-8d66-408a-8d8e-5065ca3330c2,2f551e7d-05e6-4bfc-8ee1-0ef3a8487c11,6699fbd6-ca6a-4528-83e1-6e460f0ce3e0,,68cd1569-3a54-4c14-aa22-b0ea433970d0
2025-06-28 04:41:14.854291,bf996092-8d66-408a-8d8e-5065ca3330c2,2f551e7d-05e6-4bfc-8ee1-0ef3a8487c11,673b069a-5c2b-4b2f-9482-7451ac483ee8,,b900bf66-dbc8-4bef-a4d3-97cfd6170d82
2025-06-28 05:22:35.096105,bf996092-8d66-408a-8d8e-5065ca3330c2,2f551e7d-05e6-4bfc-8ee1-0ef3a8487c11,6813f5a2-4675-4210-8cdf-3699cadb949c,,85948e57-2fe9-4489-a557-bf891e9a9b22
2025-06-28 04:35:10.972855,bf996092-8d66-408a-8d8e-5065ca3330c2,2f551e7d-05e6-4bfc-8ee1-0ef3a8487c11,6930415f-83a9-45e2-a5c4-453d9ca34f48,,13cf4ee6-70b3-4e29-ac0d-f0b64ad0348f
2025-06-28 05:38:29.924754,bf996092-8d66-408a-8d8e-5065ca3330c2,2f551e7d-05e6-4bfc-8ee1-0ef3a8487c11,6e2f7fe3-3aa4-402c-aae6-2881518b98c0,,5369ddab-2012-42a6-b40c-f81ee95c2ca9
2025-04-30 06:10:20.854237,bf996092-8d66-408a-8d8e-5065ca3330c2,2f551e7d-05e6-4bfc-8ee1-0ef3a8487c11,6e4cc663-54c9-41bc-a610-28ba5f1ed624,,d9c68f36-f065-400e-adb7-0c9c3b3682ea
2025-04-30 06:10:40.546659,bf996092-8d66-408a-8d8e-5065ca3330c2,2f551e7d-05e6-4bfc-8ee1-0ef3a8487c11,722db1f4-6696-4802-a548-54159a4066fd,,6a43499b-d297-4878-b7fe-07d57f9d1ffb
2025-04-30 06:37:54.30113,bf996092-8d66-408a-8d8e-5065ca3330c2,2f551e7d-05e6-4bfc-8ee1-0ef3a8487c11,738da66b-aca6-4f7c-8119-8244ae64c3e7,,0d12055b-dc30-4bb9-92a1-8915bcfa1685
2025-04-30 06:07:08.22023,bf996092-8d66-408a-8d8e-5065ca3330c2,2f551e7d-05e6-4bfc-8ee1-0ef3a8487c11,74caf6b5-24dc-452f-be40-67e6fd8b5cfc,,ee1f7a99-1bc5-4a5e-84ee-7bb38aee0798
2025-04-30 06:43:09.523516,bf996092-8d66-408a-8d8e-5065ca3330c2,2f551e7d-05e6-4bfc-8ee1-0ef3a8487c11,7601bd58-0e4b-4046-bde1-54515eac6ffc,,e9921e96-a779-4d97-bc20-e281a2784c21
2025-04-30 06:10:44.192947,bf996092-8d66-408a-8d8e-5065ca3330c2,2f551e7d-05e6-4bfc-8ee1-0ef3a8487c11,763829d4-67c6-4736-bea2-5904e25acc55,,d4aa1a0d-af1f-42df-837e-7599e4d2802e
2025-04-30 06:43:59.658919,bf996092-8d66-408a-8d8e-5065ca3330c2,2f551e7d-05e6-4bfc-8ee1-0ef3a8487c11,771ad98f-f685-4d2e-8579-f69180f3b9c9,,f14f123a-eae6-42f3-9c44-5734503635bc
2025-04-30 06:28:14.963126,bf996092-8d66-408a-8d8e-5065ca3330c2,2f551e7d-05e6-4bfc-8ee1-0ef3a8487c11,7782291b-0c68-4422-8bf7-a9e5c7ba99f9,,84da5729-40c2-45dd-8786-cb41044d36a0
2025-06-28 04:59:15.854336,bf996092-8d66-408a-8d8e-5065ca3330c2,2f551e7d-05e6-4bfc-8ee1-0ef3a8487c11,78f3cbcb-7895-400f-a4c4-503c03165c02,,df21f024-6b59-48d1-a1ef-31ed33ec5627
2025-04-30 06:08:50.441804,bf996092-8d66-408a-8d8e-5065ca3330c2,2f551e7d-05e6-4bfc-8ee1-0ef3a8487c11,79b3b948-cd46-4ea8-b850-7cb69988bcc8,,03d0113a-fa75-4fd9-ae4e-9709fa3d9d7c
2025-04-30 06:13:14.513085,bf996092-8d66-408a-8d8e-5065ca3330c2,2f551e7d-05e6-4bfc-8ee1-0ef3a8487c11,79c09bd3-18bd-49d8-85b8-b9fda1622bea,,72ee93b9-86d1-4178-9c59-585ce29f2f07
2025-06-28 04:36:24.854872,bf996092-8d66-408a-8d8e-5065ca3330c2,2f551e7d-05e6-4bfc-8ee1-0ef3a8487c11,7a963ebb-b461-4052-95a0-fa960b4b91fa,,db595a05-0818-4587-ada2-ba8e55867439
2025-04-30 06:26:24.614511,bf996092-8d66-408a-8d8e-5065ca3330c2,2f551e7d-05e6-4bfc-8ee1-0ef3a8487c11,7b2ea23a-49ee-4f7c-a662-50543c7c9631,,c38bd85a-6e41-4486-9ffb-8dd29f845855
2025-04-30 06:29:47.821866,bf996092-8d66-408a-8d8e-5065ca3330c2,2f551e7d-05e6-4bfc-8ee1-0ef3a8487c11,7b8cde9f-e2a2-4359-a4f7-e3ff9adc5a02,,1e6d404d-b61f-445a-b98f-d3fc174a199d
2025-04-30 06:10:33.821411,bf996092-8d66-408a-8d8e-5065ca3330c2,2f551e7d-05e6-4bfc-8ee1-0ef3a8487c11,7cd823c6-6a5e-4d4f-83b7-526b57b8526f,,f4fb7060-c6b5-493e-b04f-ff5f0a87a9fe
2025-06-28 04:33:54.887451,bf996092-8d66-408a-8d8e-5065ca3330c2,2f551e7d-05e6-4bfc-8ee1-0ef3a8487c11,7d87e78a-a286-4c20-8f92-676ebdee09bc,,dd682242-a5fd-4ea7-9efc-85bca3a929ac
2025-06-28 05:16:29.797576,bf996092-8d66-408a-8d8e-5065ca3330c2,2f551e7d-05e6-4bfc-8ee1-0ef3a8487c11,82485c2b-3507-4e30-a6cf-18bc420e5913,,cb314ec3-36eb-4747-bbc3-e5c68989ac18
2025-04-30 06:39:09.777215,bf996092-8d66-408a-8d8e-5065ca3330c2,2f551e7d-05e6-4bfc-8ee1-0ef3a8487c11,826ee24c-7005-4bb6-82de-1762a6682491,,11564179-54a5-4b32-9b05-f55cb807d68e
2025-04-30 06:39:25.112479,bf996092-8d66-408a-8d8e-5065ca3330c2,2f551e7d-05e6-4bfc-8ee1-0ef3a8487c11,828e064e-c23f-48f3-8f33-acddf2ed13fe,,29e1d5ec-9aa0-4912-9c3f-f3f2aca60295
2025-06-28 05:13:36.638203,bf996092-8d66-408a-8d8e-5065ca3330c2,2f551e7d-05e6-4bfc-8ee1-0ef3a8487c11,83062cc4-5558-452d-aaee-980d36d00844,,15dcd50f-1c96-4ccc-a2cb-3492dd906c4b
2025-04-30 06:13:10.41943,bf996092-8d66-408a-8d8e-5065ca3330c2,2f551e7d-05e6-4bfc-8ee1-0ef3a8487c11,8361c585-93f9-404a-bbc8-fd61c8fb6422,,6e80ccdb-58e5-47ee-9e46-4179d1737fe8
2025-06-28 05:37:54.520906,bf996092-8d66-408a-8d8e-5065ca3330c2,2f551e7d-05e6-4bfc-8ee1-0ef3a8487c11,8526cedf-28aa-4ec5-bf62-26eee5e68e9d,,3e09f1d3-e0e6-4595-b03c-3771a55c30af
2025-04-30 06:38:20.367176,bf996092-8d66-408a-8d8e-5065ca3330c2,2f551e7d-05e6-4bfc-8ee1-0ef3a8487c11,86598eae-72c8-4a1b-990c-bd9a4aa06c2e,,2357bf21-db6a-42a6-b438-f069628e85b1
2025-04-30 06:10:28.28748,bf996092-8d66-408a-8d8e-5065ca3330c2,2f551e7d-05e6-4bfc-8ee1-0ef3a8487c11,868bd8e6-2f11-4837-8c9c-fb2f2a89ef25,,861fc8f7-1fb7-47c7-9e81-bb348eb803a9
2025-06-28 05:37:02.156658,bf996092-8d66-408a-8d8e-5065ca3330c2,2f551e7d-05e6-4bfc-8ee1-0ef3a8487c11,877cfb0a-0122-4dad-b091-106294d16c0d,,251719d7-4ca2-4c6a-9a69-9ad46676526f
2025-04-30 06:25:40.505252,bf996092-8d66-408a-8d8e-5065ca3330c2,2f551e7d-05e6-4bfc-8ee1-0ef3a8487c11,883612f1-3c69-41c6-a11c-9d29fec213e2,,387600af-90f3-4ff2-95ac-cf0b44bfdc17
2025-06-28 05:12:12.718375,bf996092-8d66-408a-8d8e-5065ca3330c2,2f551e7d-05e6-4bfc-8ee1-0ef3a8487c11,89f3a57e-f4e5-461f-9b1c-fe1b8bf8f582,,56763e2f-f30e-4ab1-85e8-de597fd75c28
2025-06-28 05:10:46.272897,bf996092-8d66-408a-8d8e-5065ca3330c2,2f551e7d-05e6-4bfc-8ee1-0ef3a8487c11,8efd1d42-1918-47f6-98d6-a87d970401d8,,0b95d653-1d8f-4282-82dd-c371b9eb40f4
2025-04-30 06:44:26.147856,bf996092-8d66-408a-8d8e-5065ca3330c2,2f551e7d-05e6-4bfc-8ee1-0ef3a8487c11,903ed132-60c0-4f9f-bb71-d40312cf16c3,,9efd9068-f418-4f4d-9710-f0646843739b
2025-04-30 06:10:22.102875,bf996092-8d66-408a-8d8e-5065ca3330c2,2f551e7d-05e6-4bfc-8ee1-0ef3a8487c11,90fe7302-8c0c-405c-891c-24cfc19f8e66,,ffe5a752-5ae9-47d1-8c48-0019a0193da0
2025-04-30 06:13:12.093926,bf996092-8d66-408a-8d8e-5065ca3330c2,2f551e7d-05e6-4bfc-8ee1-0ef3a8487c11,910c513f-006e-45b4-a1fc-24885d363f3c,,a78ee935-2ca5-4611-936a-edf3eaad6880
2025-04-30 06:11:52.899208,bf996092-8d66-408a-8d8e-5065ca3330c2,2f551e7d-05e6-4bfc-8ee1-0ef3a8487c11,927ac933-2ec9-4a34-9f55-f2b4a8cb8f92,,abdae2d3-85ca-4e54-a596-01690b219cbd
2025-04-30 06:07:06.443205,bf996092-8d66-408a-8d8e-5065ca3330c2,2f551e7d-05e6-4bfc-8ee1-0ef3a8487c11,959932d4-7e31-4ef1-8371-31f4a398ed46,,c434770d-7d00-4524-8f61-5382062a7664
2025-04-30 06:08:53.343907,bf996092-8d66-408a-8d8e-5065ca3330c2,2f551e7d-05e6-4bfc-8ee1-0ef3a8487c11,965b648a-6a34-4ddb-9d3d-d4d332de4c77,,35a761e3-c5e6-484c-8398-7d0a89ce76d2
2025-04-30 06:13:15.499436,bf996092-8d66-408a-8d8e-5065ca3330c2,2f551e7d-05e6-4bfc-8ee1-0ef3a8487c11,9661d853-6459-475f-b100-2c199d72d957,,bf7e0cc7-53cc-4d13-8d07-78a3fee99196
2025-06-28 05:00:51.13417,bf996092-8d66-408a-8d8e-5065ca3330c2,2f551e7d-05e6-4bfc-8ee1-0ef3a8487c11,981c3974-4b3f-470d-9b94-5f68233a6a25,,36ab9bbf-3b61-4de8-ae53-52cea8a07231
2025-04-30 06:28:39.502453,bf996092-8d66-408a-8d8e-5065ca3330c2,2f551e7d-05e6-4bfc-8ee1-0ef3a8487c11,9877b708-1604-4cde-b3e8-59f14fd13d04,,37ede043-87e6-426a-a23d-06a035ed59ff
2025-04-30 06:13:13.193448,bf996092-8d66-408a-8d8e-5065ca3330c2,2f551e7d-05e6-4bfc-8ee1-0ef3a8487c11,98d821c5-f524-43f8-aa46-e9eef4801dca,,0b8098b5-134a-4693-a935-f1713dddc0dd
2025-04-30 06:25:25.51312,bf996092-8d66-408a-8d8e-5065ca3330c2,2f551e7d-05e6-4bfc-8ee1-0ef3a8487c11,9c395ab8-8e0b-4104-ab58-577e09614e36,,6195b56b-c7e8-451e-8086-94e74ae8cbd5
2025-06-28 05:35:24.520691,bf996092-8d66-408a-8d8e-5065ca3330c2,2f551e7d-05e6-4bfc-8ee1-0ef3a8487c11,9d191e2f-720b-488c-a2fc-56fea3639fac,,225e473e-6f61-4d79-a5b2-03e9f207bcec
2025-04-30 06:32:06.467625,bf996092-8d66-408a-8d8e-5065ca3330c2,2f551e7d-05e6-4bfc-8ee1-0ef3a8487c11,9f7f7b88-1857-4b8c-b61f-5adb8a32721e,,b1fc383c-8013-4ac0-94ba-76590178878d
2025-04-30 06:10:36.203884,bf996092-8d66-408a-8d8e-5065ca3330c2,2f551e7d-05e6-4bfc-8ee1-0ef3a8487c11,a002c5b4-7dd6-4e81-ba7b-61873cba5b10,,7ea0fa25-81ba-49e9-9820-302a36e6b105
2025-04-30 06:07:01.245365,bf996092-8d66-408a-8d8e-5065ca3330c2,2f551e7d-05e6-4bfc-8ee1-0ef3a8487c11,a03090bf-0255-4008-8fab-27549203a4c2,,b859c2b0-aa2d-4c91-ab46-2df8ad6e5874
2025-04-30 06:43:31.925829,bf996092-8d66-408a-8d8e-5065ca3330c2,2f551e7d-05e6-4bfc-8ee1-0ef3a8487c11,a1d354d5-b9e9-40f7-9062-9e8f915757fa,,f0673dcc-2904-40f5-a961-a4c107346ac4
2025-06-28 05:38:59.631486,bf996092-8d66-408a-8d8e-5065ca3330c2,2f551e7d-05e6-4bfc-8ee1-0ef3a8487c11,a495d934-0c60-410e-a655-8189e957c7d4,,b9639722-19db-4e66-8be0-6e32b94f9267
2025-06-28 04:50:45.083664,bf996092-8d66-408a-8d8e-5065ca3330c2,2f551e7d-05e6-4bfc-8ee1-0ef3a8487c11,a5f76fcb-0c5e-4dcc-ab8f-12a3c23168a6,,b40ccbc6-550c-4424-adb4-6667a2983da3
2025-06-28 04:26:35.746083,bf996092-8d66-408a-8d8e-5065ca3330c2,2f551e7d-05e6-4bfc-8ee1-0ef3a8487c11,a8fd810a-ab07-49f4-b472-7112435b2a67,,13d7ce83-5c73-4c34-8e21-f2c09f5b1fb2
2025-04-30 06:07:10.822777,bf996092-8d66-408a-8d8e-5065ca3330c2,2f551e7d-05e6-4bfc-8ee1-0ef3a8487c11,a9ce089f-671d-414e-92f2-e9e3a535283f,,54403697-3d98-4397-984b-24c8f618104c
2025-04-30 06:07:04.951157,bf996092-8d66-408a-8d8e-5065ca3330c2,2f551e7d-05e6-4bfc-8ee1-0ef3a8487c11,aa882247-e455-489c-b4e6-96303f6b2385,,d2ea20dc-9480-4511-b0c4-f2e2c059fa16
2025-04-30 06:35:26.642751,bf996092-8d66-408a-8d8e-5065ca3330c2,2f551e7d-05e6-4bfc-8ee1-0ef3a8487c11,ac926911-7695-45de-8829-72cbc2cb63c0,,de971533-2c38-4abd-9092-2568a1923b50
2025-04-30 06:10:31.772648,bf996092-8d66-408a-8d8e-5065ca3330c2,2f551e7d-05e6-4bfc-8ee1-0ef3a8487c11,aeac058c-5cf1-4f01-ba15-20c453badfa9,,b6118589-8c19-447e-83ff-abcf7983d7c5
2025-04-30 06:10:30.994869,bf996092-8d66-408a-8d8e-5065ca3330c2,2f551e7d-05e6-4bfc-8ee1-0ef3a8487c11,af4fcd5c-e91d-4d72-9a1b-b2307619af80,,51b7373d-df83-42d1-84ba-b181a9d20dbc
2025-04-30 06:13:15.883244,bf996092-8d66-408a-8d8e-5065ca3330c2,2f551e7d-05e6-4bfc-8ee1-0ef3a8487c11,b27f388a-0fa7-4304-99c9-a3b194d4b622,,6288e838-9f91-4cda-af25-08de2046a038
2025-04-30 06:40:40.328227,bf996092-8d66-408a-8d8e-5065ca3330c2,2f551e7d-05e6-4bfc-8ee1-0ef3a8487c11,b283a821-18d0-4b3d-8c73-5d8f1d3eaa90,,c8fd83ef-7733-4ffa-9cb5-3898c35f7d92
2025-04-30 06:13:14.47428,bf996092-8d66-408a-8d8e-5065ca3330c2,2f551e7d-05e6-4bfc-8ee1-0ef3a8487c11,b7363e9e-627b-4a3b-b0c2-db549cbacc11,,ed2cc8f3-ba44-4d63-8f10-4299d3db924e
2025-04-30 06:10:22.92114,bf996092-8d66-408a-8d8e-5065ca3330c2,2f551e7d-05e6-4bfc-8ee1-0ef3a8487c11,bb545f36-ca78-4195-a6d2-4134a2151b64,,6e0273c8-054c-4957-b4cf-091c7fd8c45f
2025-04-30 06:13:12.032911,bf996092-8d66-408a-8d8e-5065ca3330c2,2f551e7d-05e6-4bfc-8ee1-0ef3a8487c11,c416e367-fe0b-4fc6-ae9c-f04c6dde2f15,,e55aad58-e883-4aa5-b550-b9dbe0a97278
2025-06-28 04:46:29.183355,bf996092-8d66-408a-8d8e-5065ca3330c2,2f551e7d-05e6-4bfc-8ee1-0ef3a8487c11,c4adbe43-b40a-4397-b529-c79165e522b9,,2df6c77b-8f40-4261-b6f9-bc57e3e0cdb4
2025-04-30 06:26:31.203566,bf996092-8d66-408a-8d8e-5065ca3330c2,2f551e7d-05e6-4bfc-8ee1-0ef3a8487c11,c782ad0b-c22d-44a7-877e-bc919e6e0d2c,,d0504bf4-97c8-496b-aab0-b16aa9c10439
2025-04-30 06:34:23.326979,bf996092-8d66-408a-8d8e-5065ca3330c2,2f551e7d-05e6-4bfc-8ee1-0ef3a8487c11,c80425a6-9ca5-4330-8e48-5c16fc61a1b4,,3edc08fd-516e-4697-a320-4355acb35afc
2025-06-28 04:43:26.761668,bf996092-8d66-408a-8d8e-5065ca3330c2,2f551e7d-05e6-4bfc-8ee1-0ef3a8487c11,c866b301-a4a3-4d9c-866b-66dea047bfae,,b66074f4-ca8a-46c5-9061-9632c57fc824
2025-04-30 06:28:01.703186,bf996092-8d66-408a-8d8e-5065ca3330c2,2f551e7d-05e6-4bfc-8ee1-0ef3a8487c11,ca416ba1-c685-4d02-8394-3bfa93b4ac51,,cd1d4252-1d9f-4131-97c5-2a751569a00f
2025-04-30 06:37:28.244513,bf996092-8d66-408a-8d8e-5065ca3330c2,2f551e7d-05e6-4bfc-8ee1-0ef3a8487c11,cb154104-657c-4599-a58e-aa86c23075bf,,605267ba-553e-49ab-9373-7b75592cd21e
2025-06-28 05:34:31.422372,bf996092-8d66-408a-8d8e-5065ca3330c2,2f551e7d-05e6-4bfc-8ee1-0ef3a8487c11,ce1f19bc-6f48-41d8-9058-dea1b57bf791,,4727050b-c9ca-48ca-aef2-49a12208406f
2025-06-28 04:58:35.618312,bf996092-8d66-408a-8d8e-5065ca3330c2,2f551e7d-05e6-4bfc-8ee1-0ef3a8487c11,ce8a9ab5-f2ab-4859-9390-6dc81ab00756,,e21f7fbb-497c-4119-b8cb-93830eb5c5da
2025-06-28 05:33:16.149849,bf996092-8d66-408a-8d8e-5065ca3330c2,2f551e7d-05e6-4bfc-8ee1-0ef3a8487c11,d10dbc29-c5bf-4aef-acba-0903fcfba68e,,273a6d92-5df0-435d-91e8-6fe4642925fa
2025-04-30 06:10:21.052395,bf996092-8d66-408a-8d8e-5065ca3330c2,2f551e7d-05e6-4bfc-8ee1-0ef3a8487c11,d1633719-aaae-4d1a-96ca-cd791fe8bca7,,10ed0454-eedc-45a2-9bfd-d69092f02743
2025-04-30 06:31:27.429175,bf996092-8d66-408a-8d8e-5065ca3330c2,2f551e7d-05e6-4bfc-8ee1-0ef3a8487c11,d1b72bf2-483d-4f29-a6ea-085d31c0ddf2,,24a8c0b5-a8e7-4d63-863c-288254d25619
2025-04-30 06:10:30.246323,bf996092-8d66-408a-8d8e-5065ca3330c2,2f551e7d-05e6-4bfc-8ee1-0ef3a8487c11,d228f154-cb7f-468b-b638-5ce98b517f74,,dee3917c-1c19-46b3-8118-ad78906ba5e4
2025-04-30 06:10:35.554391,bf996092-8d66-408a-8d8e-5065ca3330c2,2f551e7d-05e6-4bfc-8ee1-0ef3a8487c11,d404bd1e-8a37-4c5b-b85f-a4db1c3e39b4,,8cab3d10-8783-4e71-b074-c59ca3537c0f
2025-06-28 05:24:35.79487,bf996092-8d66-408a-8d8e-5065ca3330c2,2f551e7d-05e6-4bfc-8ee1-0ef3a8487c11,d609ecc9-7087-4acc-84a3-c21ac5d5309e,,7790c40c-e5e2-4df7-8aac-c198c7bd31b5
2025-06-28 05:27:48.530014,bf996092-8d66-408a-8d8e-5065ca3330c2,2f551e7d-05e6-4bfc-8ee1-0ef3a8487c11,d77db3d0-2b6e-4c81-853e-39973bcac2be,,8acbd3ea-e402-4703-a42e-70feed3f7953
2025-06-28 05:17:22.774609,bf996092-8d66-408a-8d8e-5065ca3330c2,2f551e7d-05e6-4bfc-8ee1-0ef3a8487c11,d911a14b-0473-423b-b4d3-e290610c1bc8,,99fc3e12-33ad-426e-b45b-4781fcfd092a
2025-04-30 06:27:33.941246,bf996092-8d66-408a-8d8e-5065ca3330c2,2f551e7d-05e6-4bfc-8ee1-0ef3a8487c11,d9b8be3e-8ac4-455e-9c26-78ca679d4f4f,,79f09df2-6db3-475c-84f1-99b269f6b008
2025-04-30 06:27:50.327442,bf996092-8d66-408a-8d8e-5065ca3330c2,2f551e7d-05e6-4bfc-8ee1-0ef3a8487c11,e1a8950b-5b10-4de9-9687-79d3cb39b0f3,,20758eb7-6458-49a7-8ca8-fad48108e53a
2025-04-30 06:10:26.326515,bf996092-8d66-408a-8d8e-5065ca3330c2,2f551e7d-05e6-4bfc-8ee1-0ef3a8487c11,e2ab06fd-81f5-4ad8-9f2a-44c1f6b07f21,,3c032b8f-1360-4d79-8e9b-5ada43e779ad
2025-06-28 05:03:23.509984,bf996092-8d66-408a-8d8e-5065ca3330c2,2f551e7d-05e6-4bfc-8ee1-0ef3a8487c11,e39538fa-e629-4c26-890a-bfa0dc49f916,,40e53483-991f-4877-8865-e759664313d0
2025-04-30 06:07:22.582486,bf996092-8d66-408a-8d8e-5065ca3330c2,2f551e7d-05e6-4bfc-8ee1-0ef3a8487c11,e3e21c74-3fdb-4f1c-ae06-dd05493986ca,,499ff159-1476-46aa-a38a-399209a7e93f
2025-04-30 06:32:40.152408,bf996092-8d66-408a-8d8e-5065ca3330c2,2f551e7d-05e6-4bfc-8ee1-0ef3a8487c11,e60f3778-161f-471d-aff0-c6606fba26b2,,fb7f5a2f-241b-4a3b-8fa1-6fc8267f01ea
2025-04-30 06:08:55.232333,bf996092-8d66-408a-8d8e-5065ca3330c2,2f551e7d-05e6-4bfc-8ee1-0ef3a8487c11,e6606dfd-1b12-40a7-ba66-f8b643a71d0a,,b2984c69-bf3c-4771-9654-040ccd451734
2025-04-30 06:36:51.066387,bf996092-8d66-408a-8d8e-5065ca3330c2,2f551e7d-05e6-4bfc-8ee1-0ef3a8487c11,e8cea004-7565-4bcf-b441-e063499f1d6c,,ce806a5f-32cc-47ab-a9f9-461e09de0272
2025-04-30 06:41:30.163823,bf996092-8d66-408a-8d8e-5065ca3330c2,2f551e7d-05e6-4bfc-8ee1-0ef3a8487c11,ebd66d19-8ddf-4118-bcfa-2905c6ddbb68,,51569275-bf09-4572-a97d-2625ff813e0c
2025-06-28 04:27:25.86279,bf996092-8d66-408a-8d8e-5065ca3330c2,2f551e7d-05e6-4bfc-8ee1-0ef3a8487c11,ebfda4db-9b54-44d4-93ac-be856f3f1a12,,89366321-8497-461d-9ad2-750182115643
2025-06-28 05:04:48.347957,bf996092-8d66-408a-8d8e-5065ca3330c2,2f551e7d-05e6-4bfc-8ee1-0ef3a8487c11,ec167da6-aa20-4dba-92b8-bbb838aa1f12,,70d1a00b-c62b-4d0c-b889-cdc859df3269
2025-06-28 04:44:10.167904,bf996092-8d66-408a-8d8e-5065ca3330c2,2f551e7d-05e6-4bfc-8ee1-0ef3a8487c11,ed19f778-0a9d-4dc0-9f3e-ab82be87027c,,059ba02c-62c6-42f5-84bc-8879cf9715ac
2025-04-30 06:07:24.122063,bf996092-8d66-408a-8d8e-5065ca3330c2,2f551e7d-05e6-4bfc-8ee1-0ef3a8487c11,ed87f998-bde2-47a3-bfe5-551583b6aaf6,,911eb59f-66b4-439c-a2c7-72223ccb48a7
2025-04-30 06:07:19.423502,bf996092-8d66-408a-8d8e-5065ca3330c2,2f551e7d-05e6-4bfc-8ee1-0ef3a8487c11,ee97d6a9-8dab-4224-888f-5530fe2bdb4c,,4bfa9859-6355-44d2-a557-1bf91f6c05a3
2025-04-30 06:38:19.275288,bf996092-8d66-408a-8d8e-5065ca3330c2,2f551e7d-05e6-4bfc-8ee1-0ef3a8487c11,ef72a7b2-44c8-4c17-be0e-7c2d6e82bd5a,,734e90a1-afae-4d61-a33c-d0c70c69e19e
2025-06-28 04:41:59.317076,bf996092-8d66-408a-8d8e-5065ca3330c2,2f551e7d-05e6-4bfc-8ee1-0ef3a8487c11,efe1e7be-73dc-4dfe-a1f3-d16dea0ddf7b,,7ae7d15c-402a-48dc-b826-6842e386dc44
2025-04-30 06:07:14.854515,bf996092-8d66-408a-8d8e-5065ca3330c2,2f551e7d-05e6-4bfc-8ee1-0ef3a8487c11,f02f950e-9cb7-46d4-b854-494b44f4915d,,993b8f04-6dc6-4435-807b-fe5c7c49cceb
2025-06-28 04:35:47.790224,bf996092-8d66-408a-8d8e-5065ca3330c2,2f551e7d-05e6-4bfc-8ee1-0ef3a8487c11,f2fbc93f-dcbf-4fd0-b72e-6f4842f2a158,,05468e29-ad93-4e72-a00f-b4056b4db0ed
2025-04-30 06:26:55.182905,bf996092-8d66-408a-8d8e-5065ca3330c2,2f551e7d-05e6-4bfc-8ee1-0ef3a8487c11,f46044b8-1ee5-488a-b18f-b8a5d7875fbd,,ff9dd112-509a-4611-ac88-87a21b46f62a
2025-06-28 05:02:01.898265,bf996092-8d66-408a-8d8e-5065ca3330c2,2f551e7d-05e6-4bfc-8ee1-0ef3a8487c11,f674ddaf-ba5f-41be-8520-82f79faa418f,,0960e734-a562-4f0a-b96d-b33a32de1320
2025-05-16 07:31:03.053164,bf996092-8d66-408a-8d8e-5065ca3330c2,2f551e7d-05e6-4bfc-8ee1-0ef3a8487c11,f7c610a6-0f7b-4146-8c29-40a41ea0defc,,40f44d71-cb14-45c9-88d9-82ec7c962b52
2025-04-30 06:30:12.675864,bf996092-8d66-408a-8d8e-5065ca3330c2,2f551e7d-05e6-4bfc-8ee1-0ef3a8487c11,facd7698-3b81-43f4-938e-b37b88046982,,d35a4eb6-b4a7-49d6-8779-211d2a6715e9
2025-06-28 04:56:15.542973,bf996092-8d66-408a-8d8e-5065ca3330c2,2f551e7d-05e6-4bfc-8ee1-0ef3a8487c11,fb488dbd-06a6-4aa7-b954-d360586a89d2,,12cafec0-3fd9-4290-8082-9ce2c6d64518
2025-04-30 06:42:17.871603,bf996092-8d66-408a-8d8e-5065ca3330c2,2f551e7d-05e6-4bfc-8ee1-0ef3a8487c11,fc900c8e-08e2-4b03-a26f-fde0cedd4ac3,,90e9ee8d-2920-4dd2-895b-052c76fe2f4c
2025-04-30 06:34:25.659425,bf996092-8d66-408a-8d8e-5065ca3330c2,2f551e7d-05e6-4bfc-8ee1-0ef3a8487c11,fce44aca-cb7d-4fb3-8ee1-c1ce1af4816f,,16f94d49-d74c-4baf-b3d4-c956473f3afc
2025-04-30 06:26:06.613662,bf996092-8d66-408a-8d8e-5065ca3330c2,2f551e7d-05e6-4bfc-8ee1-0ef3a8487c11,fefdb503-bc73-4978-b9fd-d44e440310bc,,50671b2f-3edb-4d9a-b524-41b5a2e43454
2025-04-18 08:37:02.762663,bf996092-8d66-408a-8d8e-5065ca3330c2,ada6015d-9fce-4f2c-b20f-fc9122d2face,0257911d-e1f8-4197-8675-b102d269a941,,43ac8b82-0870-4564-834e-749d67df14ec
2025-04-17 11:41:01.160891,bf996092-8d66-408a-8d8e-5065ca3330c2,ada6015d-9fce-4f2c-b20f-fc9122d2face,026da1cc-6c67-404a-8cc9-9962219aa67e,,3165ed1e-b87c-44cf-95a0-8c5d9d227337
2025-04-16 10:25:15.68569,bf996092-8d66-408a-8d8e-5065ca3330c2,ada6015d-9fce-4f2c-b20f-fc9122d2face,02754b22-e1ba-42ba-86fd-432d748a40b3,,737e0dbb-bd46-4d28-b3a1-8b95f418f17f
2025-04-28 11:23:41.36265,bf996092-8d66-408a-8d8e-5065ca3330c2,ada6015d-9fce-4f2c-b20f-fc9122d2face,02f544e7-dd62-4ecb-8a36-5516482cbe42,,49e83645-ff16-4165-9060-23dafeb26160
2025-04-26 13:19:19.875466,bf996092-8d66-408a-8d8e-5065ca3330c2,ada6015d-9fce-4f2c-b20f-fc9122d2face,02f7b695-c203-4d71-9891-26e8fefa78d7,,02055fa3-697c-41c7-98ae-7a15e056358f
2025-04-18 09:48:12.512885,bf996092-8d66-408a-8d8e-5065ca3330c2,ada6015d-9fce-4f2c-b20f-fc9122d2face,03252463-63be-48ca-8b9f-79cbdb3bc178,,2f5218e1-bacc-4444-bcda-9e3ecb6534b2
2025-04-07 12:58:03.632981,bf996092-8d66-408a-8d8e-5065ca3330c2,ada6015d-9fce-4f2c-b20f-fc9122d2face,0356db9e-a178-4788-9cda-8687e4b73a9e,,10b64ce3-8ab0-4315-bc20-22e77cf780fb
2025-04-28 11:13:35.785003,bf996092-8d66-408a-8d8e-5065ca3330c2,ada6015d-9fce-4f2c-b20f-fc9122d2face,03d130fe-f227-49c3-99f3-8aa3d147f79c,,3ab66374-3ba9-4346-8675-863ec4af227d
2025-04-16 10:29:31.488882,bf996092-8d66-408a-8d8e-5065ca3330c2,ada6015d-9fce-4f2c-b20f-fc9122d2face,047ca16f-6719-4922-9298-16b7d5b327ba,,2c2bbeed-e411-41ef-bd82-0375fbd26f53
2025-04-18 10:01:06.761285,bf996092-8d66-408a-8d8e-5065ca3330c2,ada6015d-9fce-4f2c-b20f-fc9122d2face,04bcf6ae-311d-484f-b860-7ebca1652266,,89521471-43c1-4010-b616-b7d30fcee8a6
2025-07-07 05:02:49.00189,bf996092-8d66-408a-8d8e-5065ca3330c2,ada6015d-9fce-4f2c-b20f-fc9122d2face,064c672b-3592-46d8-b71a-c00681faad24,8ac10c86-4de8-48aa-ad6e-7a64ceda4a02,
2025-06-17 06:58:26.520009,bf996092-8d66-408a-8d8e-5065ca3330c2,ada6015d-9fce-4f2c-b20f-fc9122d2face,067c66c7-109a-4c03-aa06-e047f2e2adcb,61cfa35c-3cf9-4911-bb1a-69da325bc51a,
2025-04-18 09:55:42.444523,bf996092-8d66-408a-8d8e-5065ca3330c2,ada6015d-9fce-4f2c-b20f-fc9122d2face,08af32fe-cc2f-4c3b-a5d0-f78f851d5e6e,,5e1bff83-9d4b-4a6b-b3e5-55770e3e84b8
2025-04-26 13:18:59.508706,bf996092-8d66-408a-8d8e-5065ca3330c2,ada6015d-9fce-4f2c-b20f-fc9122d2face,0a0d45df-2998-4cb7-b31f-efe993f5e84e,,a3709641-dc4a-498e-98e4-e7cb1cf1cd63
2025-04-26 12:54:56.832505,bf996092-8d66-408a-8d8e-5065ca3330c2,ada6015d-9fce-4f2c-b20f-fc9122d2face,0bcf5022-d405-46dd-ac23-11f2c9043019,,b4eee0b1-6dcc-48c2-8333-078c65f2ec3e
2025-04-15 06:59:41.52397,bf996092-8d66-408a-8d8e-5065ca3330c2,ada6015d-9fce-4f2c-b20f-fc9122d2face,0c1722ba-03d0-4155-b48e-2164a5c7c054,,887082f4-5bbc-4f07-835e-072d1b8497fc
2025-04-26 12:44:53.3171,bf996092-8d66-408a-8d8e-5065ca3330c2,ada6015d-9fce-4f2c-b20f-fc9122d2face,0c2a912d-68c1-4cad-9da0-87acd00b6512,,96daad87-099d-497f-87cd-fbd37e657e01
2025-04-15 08:16:37.766099,bf996092-8d66-408a-8d8e-5065ca3330c2,ada6015d-9fce-4f2c-b20f-fc9122d2face,0c34f106-4074-4c84-a8c7-38a985d4e583,,ebe12e38-4f96-49a0-b149-f4163f8c307c
2025-04-18 09:55:43.483139,bf996092-8d66-408a-8d8e-5065ca3330c2,ada6015d-9fce-4f2c-b20f-fc9122d2face,0df68c8a-168b-40e7-95a4-f5b48a09f855,,35eef1af-d68e-4567-b012-653eb61e9e6e
2025-07-31 05:31:30.40284,bf996092-8d66-408a-8d8e-5065ca3330c2,ada6015d-9fce-4f2c-b20f-fc9122d2face,0eb7713b-0c98-4b06-ae20-82e3a2b2d33f,61cfa35c-3cf9-4911-bb1a-69da325bc51a,
2025-04-22 09:31:48.945119,bf996092-8d66-408a-8d8e-5065ca3330c2,ada6015d-9fce-4f2c-b20f-fc9122d2face,0ec9e759-756c-45a7-abfd-49e4fd9ef297,71a292de-5dff-439a-bae0-e9b84d2ef6f5,
2025-04-26 13:17:49.681166,bf996092-8d66-408a-8d8e-5065ca3330c2,ada6015d-9fce-4f2c-b20f-fc9122d2face,0f0a3219-3c99-4ca8-abf4-6edf7cbe1e43,,3f56f3cc-1308-463b-8391-11b075ba0b96
2025-04-21 12:25:00.811138,bf996092-8d66-408a-8d8e-5065ca3330c2,ada6015d-9fce-4f2c-b20f-fc9122d2face,0fcdff79-8ed8-4c84-b15d-a97dcba9822f,,538424d2-1f17-440e-8b9d-10b5644db8b6
2025-04-28 10:21:05.04959,bf996092-8d66-408a-8d8e-5065ca3330c2,ada6015d-9fce-4f2c-b20f-fc9122d2face,10ad5501-0208-4491-98eb-4e0d775e0747,,c3225ae4-1278-4567-af8d-e28e63838c10
2025-04-26 13:17:22.286591,bf996092-8d66-408a-8d8e-5065ca3330c2,ada6015d-9fce-4f2c-b20f-fc9122d2face,11001008-2d15-4c90-8bd7-afb04b51d789,,630b5fb9-1a67-4e5e-8082-61c911366e17
2025-04-18 09:43:40.99705,bf996092-8d66-408a-8d8e-5065ca3330c2,ada6015d-9fce-4f2c-b20f-fc9122d2face,1109f0ca-4134-49cb-b43f-aae08ab31ac5,,9ca9f059-47eb-481b-87a6-d319e4a94abe
2025-07-31 07:09:30.312896,bf996092-8d66-408a-8d8e-5065ca3330c2,ada6015d-9fce-4f2c-b20f-fc9122d2face,111c686c-ea5e-43ed-a0b1-ab53cb10760c,ea7713f3-66ab-45c8-9340-86c8385bd515,
2025-04-21 12:27:10.834714,bf996092-8d66-408a-8d8e-5065ca3330c2,ada6015d-9fce-4f2c-b20f-fc9122d2face,117b90fb-328c-4423-b58f-82a484c39f1d,,ff87fb62-86b3-4dba-ae44-492c6c62fe26
2025-04-18 10:51:29.541623,bf996092-8d66-408a-8d8e-5065ca3330c2,ada6015d-9fce-4f2c-b20f-fc9122d2face,11a44641-954b-4a81-a598-7159fd5d1c2a,cf1ecf8f-706f-428a-8f86-6d5652c0de9e,
2025-04-29 11:11:40.645519,bf996092-8d66-408a-8d8e-5065ca3330c2,ada6015d-9fce-4f2c-b20f-fc9122d2face,13cf84dc-9250-4dc3-ac3a-16714244d6df,,d9ba5fb6-d6e0-474e-84f6-c1f7aa51d811
2025-04-16 11:40:25.410109,bf996092-8d66-408a-8d8e-5065ca3330c2,ada6015d-9fce-4f2c-b20f-fc9122d2face,14851388-2db9-46a0-811b-401ecff452bd,,276ed946-2c3f-4c2f-8db5-7163ec08bced
2025-04-26 12:44:51.913348,bf996092-8d66-408a-8d8e-5065ca3330c2,ada6015d-9fce-4f2c-b20f-fc9122d2face,148bb6b5-9a3e-45f2-8624-f70ea5efcdde,,7d78c0c2-072c-4ba3-8313-2ce652a2e273
2025-04-16 11:27:50.719507,bf996092-8d66-408a-8d8e-5065ca3330c2,ada6015d-9fce-4f2c-b20f-fc9122d2face,155e1f13-a291-458e-a9bb-e1b67690e731,,f5b66155-f92e-4172-bcab-9957b474ae39
2025-06-19 11:30:32.010309,bf996092-8d66-408a-8d8e-5065ca3330c2,ada6015d-9fce-4f2c-b20f-fc9122d2face,15a7bba8-e1e7-4506-8ce4-a80c990e0b4c,e0e21e65-d458-4bae-beae-4e4b23cd8f90,
2025-04-28 12:30:48.106972,bf996092-8d66-408a-8d8e-5065ca3330c2,ada6015d-9fce-4f2c-b20f-fc9122d2face,17eb4ea9-877a-47e3-b93e-6f9162d0a13b,,21b69409-7ac3-4688-992e-53d2db888176
2025-05-07 06:36:20.56664,bf996092-8d66-408a-8d8e-5065ca3330c2,ada6015d-9fce-4f2c-b20f-fc9122d2face,181d78c5-1a4a-4b0a-baa9-c2fca2f95ceb,,d71538ee-788d-4446-b836-2aa47fc9287b
2025-04-28 13:04:33.204127,bf996092-8d66-408a-8d8e-5065ca3330c2,ada6015d-9fce-4f2c-b20f-fc9122d2face,183c35b5-763a-4361-afb3-765c272bb493,,1238146d-e929-48fd-9710-e82a45713660
2025-04-28 07:36:31.00709,bf996092-8d66-408a-8d8e-5065ca3330c2,ada6015d-9fce-4f2c-b20f-fc9122d2face,1920c6d6-0417-4ec1-9bab-998b2f59fd0e,,94783a85-cf45-4575-acbe-f0a17700a64c
2025-05-12 11:17:37.478545,bf996092-8d66-408a-8d8e-5065ca3330c2,ada6015d-9fce-4f2c-b20f-fc9122d2face,1a1a805f-0ee6-4159-9095-2bcd0dc93b23,6ef400e1-1ac0-44fb-b069-145924c0a842,
2025-04-26 11:17:04.852381,bf996092-8d66-408a-8d8e-5065ca3330c2,ada6015d-9fce-4f2c-b20f-fc9122d2face,1aa35413-a0f3-48ca-bb3b-821652a54a72,,c7fdcd8c-d747-4bc9-a47e-1b80933f0dc1
2025-04-08 05:03:36.260232,bf996092-8d66-408a-8d8e-5065ca3330c2,ada6015d-9fce-4f2c-b20f-fc9122d2face,1aaa0088-9e16-4f7f-8dea-a07c21507a1f,,7e0379af-ce52-490f-a35c-2f02bd2674eb
2025-04-08 08:02:00.872733,bf996092-8d66-408a-8d8e-5065ca3330c2,ada6015d-9fce-4f2c-b20f-fc9122d2face,1b1962f3-69aa-4eb9-bc52-c0af1a73a3bc,,54a6ec2b-7de8-428e-8df6-9557ddd68abe
2025-04-22 05:31:20.349473,bf996092-8d66-408a-8d8e-5065ca3330c2,ada6015d-9fce-4f2c-b20f-fc9122d2face,1bf273d2-592b-47c3-8ed7-2f5a2496b017,,2fbab7f4-bd99-4f1b-b21a-f588a0796579
2025-04-28 10:50:05.004482,bf996092-8d66-408a-8d8e-5065ca3330c2,ada6015d-9fce-4f2c-b20f-fc9122d2face,1c48bc99-d39a-425a-9e3a-8d9cb0947a8a,,67cbfc99-0726-4d85-a4f3-78baee1e1332
2025-04-26 12:44:54.512422,bf996092-8d66-408a-8d8e-5065ca3330c2,ada6015d-9fce-4f2c-b20f-fc9122d2face,1cd06823-db6c-4b61-a0b5-a9431d661ece,,188d1bca-bd13-423f-8906-45561b219826
2025-04-15 08:17:26.584306,bf996092-8d66-408a-8d8e-5065ca3330c2,ada6015d-9fce-4f2c-b20f-fc9122d2face,1d00d4ac-a9a1-4ce9-8f5d-39af2abbc096,0c34f106-4074-4c84-a8c7-38a985d4e583,
2025-04-26 13:26:29.258544,bf996092-8d66-408a-8d8e-5065ca3330c2,ada6015d-9fce-4f2c-b20f-fc9122d2face,1e2eeec1-5263-4411-95ca-252b8157a10d,,1b37a7fb-650d-452c-9db1-d564c3899226
2025-04-26 09:53:04.674433,bf996092-8d66-408a-8d8e-5065ca3330c2,ada6015d-9fce-4f2c-b20f-fc9122d2face,1e66f06d-e9d8-4f98-9180-ac8bd0fdd339,,8a359522-2652-4c97-be96-949fa398f80a
2025-04-28 06:36:12.896243,bf996092-8d66-408a-8d8e-5065ca3330c2,ada6015d-9fce-4f2c-b20f-fc9122d2face,1eabfae7-b21b-40ea-afff-73f76ee03860,,8658c879-fba1-443e-a33b-dcc3eb1caa64
2025-04-30 05:45:26.07184,bf996092-8d66-408a-8d8e-5065ca3330c2,ada6015d-9fce-4f2c-b20f-fc9122d2face,1ffd9552-d1fb-4f2a-9222-aa8c88747276,,8595cb66-9bb2-4ece-acfe-3ea3c1a9a931
2025-05-02 10:36:19.947956,bf996092-8d66-408a-8d8e-5065ca3330c2,ada6015d-9fce-4f2c-b20f-fc9122d2face,205ec1a8-ff0d-4026-87a5-738bb2cc8c11,e0e21e65-d458-4bae-beae-4e4b23cd8f90,
2025-04-18 10:04:37.487882,bf996092-8d66-408a-8d8e-5065ca3330c2,ada6015d-9fce-4f2c-b20f-fc9122d2face,21382464-d4ec-41d1-9f54-b0a2a5c24d58,,3b2e88e2-aa72-4044-9a24-f61e0fab999c
2025-04-17 10:18:59.282649,bf996092-8d66-408a-8d8e-5065ca3330c2,ada6015d-9fce-4f2c-b20f-fc9122d2face,2209942d-9326-4f6f-955a-dbdb1a6b3536,42b88b46-f859-496b-a2d5-b92bf6472127,
2025-04-28 06:32:36.684272,bf996092-8d66-408a-8d8e-5065ca3330c2,ada6015d-9fce-4f2c-b20f-fc9122d2face,232d1f8f-86c2-407d-8e12-969bf37e25f4,,777fb55c-24ab-4cbe-ba4b-3ae3e0b60ea1
2025-04-25 10:38:11.864629,bf996092-8d66-408a-8d8e-5065ca3330c2,ada6015d-9fce-4f2c-b20f-fc9122d2face,260fb36d-9cbb-481b-b8c7-e3162d6f3822,,b0712321-7d38-4dbb-8cd1-6e16715a5e9b
2025-04-16 07:14:21.094531,bf996092-8d66-408a-8d8e-5065ca3330c2,ada6015d-9fce-4f2c-b20f-fc9122d2face,2a6ee136-3a71-4c24-af13-aee21a0115b0,,a1944f57-2aac-4d5f-a6ce-7ce5372e5131
2025-04-18 09:54:20.719936,bf996092-8d66-408a-8d8e-5065ca3330c2,ada6015d-9fce-4f2c-b20f-fc9122d2face,2c2b7e77-e25f-4f49-9787-677bceb48e0a,,4bae0265-011a-4759-8034-39a8cd610dfc
2025-04-18 09:55:12.187284,bf996092-8d66-408a-8d8e-5065ca3330c2,ada6015d-9fce-4f2c-b20f-fc9122d2face,2c91a871-1ff0-48e2-a37e-12fef481c920,,aea78a05-9279-48a8-a328-4fb2bad78ac9
2025-04-17 08:14:21.939507,bf996092-8d66-408a-8d8e-5065ca3330c2,ada6015d-9fce-4f2c-b20f-fc9122d2face,2d754259-c451-4e7c-88ad-cb89d8aba30e,,62e3b7b1-4cdc-45f1-b82d-41e3fe9b5fa1
2025-04-28 11:18:31.794608,bf996092-8d66-408a-8d8e-5065ca3330c2,ada6015d-9fce-4f2c-b20f-fc9122d2face,2d7bdfbb-f182-4bd7-b023-a5989d93f5f5,,ca970433-fdca-41c6-bd1a-98c3c339e534
2025-04-08 05:02:51.974482,bf996092-8d66-408a-8d8e-5065ca3330c2,ada6015d-9fce-4f2c-b20f-fc9122d2face,2f2caf08-0199-4934-a1ac-85081fedc2d1,,e117ff3e-0215-4c39-a6a7-72517a9a576d
2025-04-17 12:34:19.563307,bf996092-8d66-408a-8d8e-5065ca3330c2,ada6015d-9fce-4f2c-b20f-fc9122d2face,2f96f6a7-689b-4810-a220-55aecc54994e,cf1ecf8f-706f-428a-8f86-6d5652c0de9e,
2025-04-21 11:36:26.831308,bf996092-8d66-408a-8d8e-5065ca3330c2,ada6015d-9fce-4f2c-b20f-fc9122d2face,30bf155e-bd0d-450d-af8b-a546c70fe08c,,dba42b98-e9d2-4feb-9cf0-9cfd2b476ba5
2025-04-18 09:55:11.182617,bf996092-8d66-408a-8d8e-5065ca3330c2,ada6015d-9fce-4f2c-b20f-fc9122d2face,30d384a6-3093-422d-884c-f50b8cd3f87e,,0834e8b3-0c5b-4d60-a300-75088e284dfa
2025-04-11 09:36:03.885696,bf996092-8d66-408a-8d8e-5065ca3330c2,ada6015d-9fce-4f2c-b20f-fc9122d2face,319f22fb-9066-4341-b54e-55e38098196c,d7907f9b-7fa8-4f2a-bfaa-1075d553124a,
2025-04-28 12:52:12.214343,bf996092-8d66-408a-8d8e-5065ca3330c2,ada6015d-9fce-4f2c-b20f-fc9122d2face,31e08ff7-998f-4c2e-945f-80503a8f1314,,3f372a14-0ab6-4f65-bea2-98752662806e
2025-04-28 10:34:43.60591,bf996092-8d66-408a-8d8e-5065ca3330c2,ada6015d-9fce-4f2c-b20f-fc9122d2face,31e70bf6-1b3e-4c6f-beca-248bfb54bd11,,2a7a5195-8500-4cec-9d5b-da238f9074eb
2025-07-17 06:12:40.732212,bf996092-8d66-408a-8d8e-5065ca3330c2,ada6015d-9fce-4f2c-b20f-fc9122d2face,327b5f1f-4b48-4930-b7a8-9576eb46bd06,,f98b7fb3-23e5-4921-bde3-4b375ea7fccc
2025-04-16 11:43:10.928925,bf996092-8d66-408a-8d8e-5065ca3330c2,ada6015d-9fce-4f2c-b20f-fc9122d2face,351d7530-68ea-44c7-9370-01ea4b1fe1d1,,a9765d02-7d04-45e6-a129-cd21e1a89e5b
2025-05-08 05:30:14.975798,bf996092-8d66-408a-8d8e-5065ca3330c2,ada6015d-9fce-4f2c-b20f-fc9122d2face,354014a1-f744-4028-a39e-937961556d5e,6ef400e1-1ac0-44fb-b069-145924c0a842,
2025-04-28 11:27:23.850054,bf996092-8d66-408a-8d8e-5065ca3330c2,ada6015d-9fce-4f2c-b20f-fc9122d2face,35c0300c-be7e-48bc-bf08-8e2c73fec3d6,,9848c2ea-a9d2-4cb1-a0ea-8a950764fa03
2025-04-18 10:11:15.698985,bf996092-8d66-408a-8d8e-5065ca3330c2,ada6015d-9fce-4f2c-b20f-fc9122d2face,36810473-8f89-4161-96db-ec44e56f6162,,49f15da0-51b4-4f99-a1e8-daac00814fb6
2025-04-28 11:22:03.264249,bf996092-8d66-408a-8d8e-5065ca3330c2,ada6015d-9fce-4f2c-b20f-fc9122d2face,37f0335a-57a0-4956-aa56-2dff97e8427e,,8db88f53-aaf9-43cb-8d61-d1d5c84c9672
2025-04-28 11:01:09.830386,bf996092-8d66-408a-8d8e-5065ca3330c2,ada6015d-9fce-4f2c-b20f-fc9122d2face,39559319-1ba7-41e0-be0c-00d952476de1,,6d63dfb2-93e3-4211-be37-97c1478f1d04
2025-04-26 11:32:08.742114,bf996092-8d66-408a-8d8e-5065ca3330c2,ada6015d-9fce-4f2c-b20f-fc9122d2face,397a8f90-5f71-4ca5-b321-9ad208afba07,,83929017-243a-4fb2-ac20-fd2a2696c40e
2025-04-29 09:42:59.38198,bf996092-8d66-408a-8d8e-5065ca3330c2,ada6015d-9fce-4f2c-b20f-fc9122d2face,3b6f2fe1-48b1-411f-8694-e0e0599347e9,,e6e86fae-ff94-4c68-b877-87e4eab81bb5
2025-04-28 12:39:55.375634,bf996092-8d66-408a-8d8e-5065ca3330c2,ada6015d-9fce-4f2c-b20f-fc9122d2face,3d45077d-ad4e-45ea-b72d-87096ab1378d,,30c84a14-7e0e-4102-883c-fd59649d4b40
2025-04-28 10:34:08.383269,bf996092-8d66-408a-8d8e-5065ca3330c2,ada6015d-9fce-4f2c-b20f-fc9122d2face,3e3b3440-54d9-4945-8172-d1b5226d6573,,3dd9c03c-c91d-41b2-a922-4ad784c9dc5a
2025-04-29 06:34:09.391803,bf996092-8d66-408a-8d8e-5065ca3330c2,ada6015d-9fce-4f2c-b20f-fc9122d2face,3e5ba9ce-0ecf-474a-8848-9eb1fda9da7f,,b9dcd43c-6b7a-494b-a54e-9f77497456a4
2025-05-07 07:38:15.605797,bf996092-8d66-408a-8d8e-5065ca3330c2,ada6015d-9fce-4f2c-b20f-fc9122d2face,3e5c33ee-a4c8-43a6-a6e1-43c3b44bf9c1,6ef400e1-1ac0-44fb-b069-145924c0a842,
2025-05-19 05:20:49.568531,bf996092-8d66-408a-8d8e-5065ca3330c2,ada6015d-9fce-4f2c-b20f-fc9122d2face,3ecab9a7-91e7-4fdd-9ace-c41e3280c9b9,,4e170ae0-1e4f-4568-95d5-27247d5fb684
2025-04-18 09:37:40.648889,bf996092-8d66-408a-8d8e-5065ca3330c2,ada6015d-9fce-4f2c-b20f-fc9122d2face,3eccd1a1-aa35-4d5b-aba4-e81acb46f36d,,95d1b1fa-8c1f-4079-9c4c-845092609b55
2025-04-22 05:41:59.397939,bf996092-8d66-408a-8d8e-5065ca3330c2,ada6015d-9fce-4f2c-b20f-fc9122d2face,41260641-4990-4e3c-9def-d5dae31e6c41,,8a18a892-5305-41ea-9946-b73ea9d4065b
2025-04-18 10:32:56.141236,bf996092-8d66-408a-8d8e-5065ca3330c2,ada6015d-9fce-4f2c-b20f-fc9122d2face,417d2d73-dd23-4acf-bc50-e42329ffe8bc,,6fd3e098-252a-4095-9648-0ea9bedb52c6
2025-04-11 09:51:07.846921,bf996092-8d66-408a-8d8e-5065ca3330c2,ada6015d-9fce-4f2c-b20f-fc9122d2face,420e5333-4988-4cb4-87cf-de9f22e6267f,dc9fd074-f596-4e7d-973a-705d19f3befa,
2025-04-17 09:59:36.884621,bf996092-8d66-408a-8d8e-5065ca3330c2,ada6015d-9fce-4f2c-b20f-fc9122d2face,42b88b46-f859-496b-a2d5-b92bf6472127,,5f1243de-af2d-4481-97f3-ff0726156aa2
2025-04-28 12:56:07.567434,bf996092-8d66-408a-8d8e-5065ca3330c2,ada6015d-9fce-4f2c-b20f-fc9122d2face,43b8e828-914d-4005-8397-4949fdc5c7eb,,086ac490-a7a2-4f89-b658-6e84a295ff58
2025-06-19 09:35:18.019848,bf996092-8d66-408a-8d8e-5065ca3330c2,ada6015d-9fce-4f2c-b20f-fc9122d2face,43fdb16b-3751-4b15-8970-98a18bd2b868,ea7713f3-66ab-45c8-9340-86c8385bd515,
2025-04-28 12:16:05.553508,bf996092-8d66-408a-8d8e-5065ca3330c2,ada6015d-9fce-4f2c-b20f-fc9122d2face,45afeefb-584f-4b85-89eb-7c822b3d3f78,,401d9789-a6a6-4996-9f3a-c3aef5ecb74b
2025-04-08 05:04:09.148225,bf996092-8d66-408a-8d8e-5065ca3330c2,ada6015d-9fce-4f2c-b20f-fc9122d2face,45cb253d-644a-48b7-8950-c7b8a14f91b1,,376e9b3b-55c2-407c-94f2-d89a0a6c97f6
2025-04-26 11:08:01.577138,bf996092-8d66-408a-8d8e-5065ca3330c2,ada6015d-9fce-4f2c-b20f-fc9122d2face,47229410-1834-4285-99d7-981f88716f5b,,024290c5-13b0-4fd1-b382-80bf45dc2ef6
2025-04-25 10:41:24.726807,bf996092-8d66-408a-8d8e-5065ca3330c2,ada6015d-9fce-4f2c-b20f-fc9122d2face,472ffb20-8d8a-49c4-9088-58d552c25eac,,de38ad3b-d6a9-40da-9de9-460e6fce50cc
2025-04-28 11:26:06.350764,bf996092-8d66-408a-8d8e-5065ca3330c2,ada6015d-9fce-4f2c-b20f-fc9122d2face,49ad03cd-557a-458e-b725-eb1896d3c278,,0034ffae-4ae5-4afb-8d35-e3c288d05be2
2025-04-28 10:40:57.553168,bf996092-8d66-408a-8d8e-5065ca3330c2,ada6015d-9fce-4f2c-b20f-fc9122d2face,4ac9fb75-b223-4603-94d8-2a2458a9d194,,360356a6-d853-492a-b47a-6abca813bb4f
2025-04-29 11:15:53.107237,bf996092-8d66-408a-8d8e-5065ca3330c2,ada6015d-9fce-4f2c-b20f-fc9122d2face,4b385316-e99e-4030-bd72-d8fa55ac3246,,d7c747c0-591b-46ee-a1f6-0ce2efeb4b66
2025-04-28 12:09:51.528101,bf996092-8d66-408a-8d8e-5065ca3330c2,ada6015d-9fce-4f2c-b20f-fc9122d2face,4b7a1a41-129b-4ef8-a702-176878d65739,,790a89c6-2ce0-428b-b7ab-0c17547f823e
2025-04-26 13:33:24.58651,bf996092-8d66-408a-8d8e-5065ca3330c2,ada6015d-9fce-4f2c-b20f-fc9122d2face,4c310bae-bc48-44a7-8e80-6123075cc402,,d01718a9-c714-44a0-8a62-5f70f7e2c6a5
2025-06-03 10:58:29.829657,bf996092-8d66-408a-8d8e-5065ca3330c2,ada6015d-9fce-4f2c-b20f-fc9122d2face,4c987990-a26c-4f7e-9d1f-ac032f548156,61cfa35c-3cf9-4911-bb1a-69da325bc51a,
2025-04-28 11:24:11.08204,bf996092-8d66-408a-8d8e-5065ca3330c2,ada6015d-9fce-4f2c-b20f-fc9122d2face,55130654-c359-402a-9a9c-3b867bff46c5,,5b0a0a06-f38e-4464-859e-ae15a55ad078
2025-04-08 04:59:29.834354,bf996092-8d66-408a-8d8e-5065ca3330c2,ada6015d-9fce-4f2c-b20f-fc9122d2face,56d88f60-1464-49ac-9e8b-4cb21d63bfe3,,3ab1592e-690e-4465-a313-d535a8339175
2025-04-28 12:05:35.611877,bf996092-8d66-408a-8d8e-5065ca3330c2,ada6015d-9fce-4f2c-b20f-fc9122d2face,56fd6129-0b53-4b28-b463-1c67f79ccf54,,14e3d72d-0e39-478c-9faf-4636fe42e84e
2025-06-24 04:58:27.579934,bf996092-8d66-408a-8d8e-5065ca3330c2,ada6015d-9fce-4f2c-b20f-fc9122d2face,57b3d642-29ac-467d-94a2-934a5a191760,b2fe3a8b-e4dc-4b12-913d-673c7378df7c,
2025-04-28 11:32:28.820672,bf996092-8d66-408a-8d8e-5065ca3330c2,ada6015d-9fce-4f2c-b20f-fc9122d2face,59035175-7252-4de7-a62b-a3474c47a64e,,03acf5cb-4427-420d-b8bd-096ebf40eb6f
2025-04-16 07:41:59.631036,bf996092-8d66-408a-8d8e-5065ca3330c2,ada6015d-9fce-4f2c-b20f-fc9122d2face,593c716e-2bbd-4509-9d25-63d86e760b75,,bded4044-2c78-4ff4-91e0-8817c45ec477
2025-04-16 09:04:37.121667,bf996092-8d66-408a-8d8e-5065ca3330c2,ada6015d-9fce-4f2c-b20f-fc9122d2face,59b54d0e-ec31-4227-b7d6-67e3ff7e9290,,a3ca6727-85ba-409f-adb7-3c6b95c81547
2025-04-26 12:20:52.329166,bf996092-8d66-408a-8d8e-5065ca3330c2,ada6015d-9fce-4f2c-b20f-fc9122d2face,59cdcd9b-2056-4bef-8c29-8d56e8c29c77,,31b16b36-c774-48b2-bec7-7ca91ea7dfd1
2025-04-29 09:39:36.976728,bf996092-8d66-408a-8d8e-5065ca3330c2,ada6015d-9fce-4f2c-b20f-fc9122d2face,59e179fb-81f2-43e0-9d8f-0cd91e471cdd,,f2707be1-521f-4853-814c-10ce1cf7f91e
2025-04-16 12:53:36.345565,bf996092-8d66-408a-8d8e-5065ca3330c2,ada6015d-9fce-4f2c-b20f-fc9122d2face,5a2d174c-9028-46af-928b-2d70a7da8435,,47667dfe-ec36-47c0-aae3-847df52337d0
2025-05-07 06:46:38.732972,bf996092-8d66-408a-8d8e-5065ca3330c2,ada6015d-9fce-4f2c-b20f-fc9122d2face,5a637c42-801e-416a-bf4e-663b0a20dc8c,6ef400e1-1ac0-44fb-b069-145924c0a842,
2025-04-21 12:21:39.05689,bf996092-8d66-408a-8d8e-5065ca3330c2,ada6015d-9fce-4f2c-b20f-fc9122d2face,5ac9d5b8-2e66-40fa-9a12-97f3c1a2f6df,,a96444c9-69e3-410b-8217-38cbbf5cd523
2025-06-11 09:53:38.808864,bf996092-8d66-408a-8d8e-5065ca3330c2,ada6015d-9fce-4f2c-b20f-fc9122d2face,5c2615a3-dbd3-4b0a-9736-d17f50580893,f77759d6-e7b3-40e3-a516-52fd06cfd62d,
2025-04-16 07:41:58.638188,bf996092-8d66-408a-8d8e-5065ca3330c2,ada6015d-9fce-4f2c-b20f-fc9122d2face,5dc3a05a-a21d-4c00-82c4-730ebeaaa362,,a9c7c935-f971-4d2d-8e46-6c54766743fc
2025-04-26 09:53:07.780411,bf996092-8d66-408a-8d8e-5065ca3330c2,ada6015d-9fce-4f2c-b20f-fc9122d2face,5fe2445d-cd4c-47f5-9318-7bb7a0db4c45,,7b23c006-db98-4330-b9ce-41fa55bc8bec
2025-07-17 06:17:22.033129,bf996092-8d66-408a-8d8e-5065ca3330c2,ada6015d-9fce-4f2c-b20f-fc9122d2face,60c4af12-c491-4eef-8509-93afdc1557fe,,57776e0c-6575-44bf-b30a-55e8d4b7a116
2025-04-28 06:35:50.606422,bf996092-8d66-408a-8d8e-5065ca3330c2,ada6015d-9fce-4f2c-b20f-fc9122d2face,60f7e6a8-d574-4007-bb93-cda339477e89,,7946b07e-3f2e-4763-850e-0c37f15e161b
2025-05-19 05:21:39.12435,bf996092-8d66-408a-8d8e-5065ca3330c2,ada6015d-9fce-4f2c-b20f-fc9122d2face,61cfa35c-3cf9-4911-bb1a-69da325bc51a,,9d4ecfdd-5432-4167-9d78-17dcd89db105
2025-04-28 10:47:03.442871,bf996092-8d66-408a-8d8e-5065ca3330c2,ada6015d-9fce-4f2c-b20f-fc9122d2face,61fcada0-ed06-4389-8ee6-77c40fc84d0e,,44a0f8be-1b17-4aee-9ce4-2466cdb172b1
2025-04-29 05:42:18.061866,bf996092-8d66-408a-8d8e-5065ca3330c2,ada6015d-9fce-4f2c-b20f-fc9122d2face,626cb440-c606-495c-9117-840a27501e0b,,f647fb82-7665-46e4-aa3e-999cf066e130
2025-04-16 10:36:14.32508,bf996092-8d66-408a-8d8e-5065ca3330c2,ada6015d-9fce-4f2c-b20f-fc9122d2face,63d47298-ca93-4c95-9785-f5ced87f4a3b,,19aeebed-a998-48c3-a137-12fac582916b
2025-04-28 07:22:14.729702,bf996092-8d66-408a-8d8e-5065ca3330c2,ada6015d-9fce-4f2c-b20f-fc9122d2face,63e1fa92-8c5b-47d8-b82f-8ffbcab9d51e,,5b4a3120-70f5-4898-9e88-952174af2c9b
2025-04-18 09:55:40.571144,bf996092-8d66-408a-8d8e-5065ca3330c2,ada6015d-9fce-4f2c-b20f-fc9122d2face,648054ff-a64c-415f-861a-7b990e1eded0,,367d1051-a6e1-4452-adb7-546e9452f9a1
2025-04-22 05:39:56.730473,bf996092-8d66-408a-8d8e-5065ca3330c2,ada6015d-9fce-4f2c-b20f-fc9122d2face,6921ac9f-aeec-49e7-abce-06165d13344f,,342ec6ca-0b62-4ad0-875c-1a493ed48790
2025-04-18 09:50:52.678406,bf996092-8d66-408a-8d8e-5065ca3330c2,ada6015d-9fce-4f2c-b20f-fc9122d2face,692e69db-0182-4680-b9ca-39ab27b60680,,e6d95f19-95cf-43f0-ab44-88fa7ce08f18
2025-07-30 11:53:10.588071,bf996092-8d66-408a-8d8e-5065ca3330c2,ada6015d-9fce-4f2c-b20f-fc9122d2face,6a46ba3f-8eb8-41af-934d-5d4f0f655e98,61cfa35c-3cf9-4911-bb1a-69da325bc51a,
2025-05-19 09:37:19.113133,bf996092-8d66-408a-8d8e-5065ca3330c2,ada6015d-9fce-4f2c-b20f-fc9122d2face,6a7236b4-4ce9-400f-ab39-99eca82258ce,61cfa35c-3cf9-4911-bb1a-69da325bc51a,
2025-04-26 11:17:05.794194,bf996092-8d66-408a-8d8e-5065ca3330c2,ada6015d-9fce-4f2c-b20f-fc9122d2face,6de9918f-852f-45a8-83b6-dada49c50903,,840cce0a-cfdb-438e-8e9e-d1406e5cecbc
2025-04-26 12:27:59.763303,bf996092-8d66-408a-8d8e-5065ca3330c2,ada6015d-9fce-4f2c-b20f-fc9122d2face,6e46b1e1-3967-4eaf-9540-f82324205ca5,,d55066bc-b597-44b0-bcfc-26216be89988
2025-05-19 05:19:21.637072,bf996092-8d66-408a-8d8e-5065ca3330c2,ada6015d-9fce-4f2c-b20f-fc9122d2face,6e5d295b-dacb-466c-9124-38e4d13b34bc,,6f792445-abd2-4267-9c30-20ff24a9793a
2025-05-07 06:45:50.813101,bf996092-8d66-408a-8d8e-5065ca3330c2,ada6015d-9fce-4f2c-b20f-fc9122d2face,6ef400e1-1ac0-44fb-b069-145924c0a842,,8e6f5acc-c819-4f1a-b8fd-9d008eca3d37
2025-06-02 06:05:51.687969,bf996092-8d66-408a-8d8e-5065ca3330c2,ada6015d-9fce-4f2c-b20f-fc9122d2face,6f11d475-a3e5-4f56-9cbc-9efe0ca96123,61cfa35c-3cf9-4911-bb1a-69da325bc51a,
2025-04-22 05:25:28.318447,bf996092-8d66-408a-8d8e-5065ca3330c2,ada6015d-9fce-4f2c-b20f-fc9122d2face,71a292de-5dff-439a-bae0-e9b84d2ef6f5,,afbfe8bd-97b6-4225-9910-b3424172faa7
2025-04-30 08:23:43.018871,bf996092-8d66-408a-8d8e-5065ca3330c2,ada6015d-9fce-4f2c-b20f-fc9122d2face,733de490-c42a-456f-8a35-9df4c2bcf38c,1b1962f3-69aa-4eb9-bc52-c0af1a73a3bc,
2025-04-18 08:36:31.843542,bf996092-8d66-408a-8d8e-5065ca3330c2,ada6015d-9fce-4f2c-b20f-fc9122d2face,743c232d-1e53-49c5-8358-f9b08b30f974,,e56a6579-eb71-49a5-beaf-bf809f0e455a
2025-04-28 12:53:28.849161,bf996092-8d66-408a-8d8e-5065ca3330c2,ada6015d-9fce-4f2c-b20f-fc9122d2face,74be2ca2-e7e9-4384-a8ab-fd74e36991f5,,48b24d01-9cca-4ba5-8139-7fa404de478c
2025-05-28 04:50:04.115032,bf996092-8d66-408a-8d8e-5065ca3330c2,ada6015d-9fce-4f2c-b20f-fc9122d2face,75f57de9-0463-4791-8cb5-5948c6a6d257,61cfa35c-3cf9-4911-bb1a-69da325bc51a,
2025-04-28 07:13:32.343958,bf996092-8d66-408a-8d8e-5065ca3330c2,ada6015d-9fce-4f2c-b20f-fc9122d2face,775b2f19-ac57-4909-b157-beb760c06ecf,,3364cac4-b877-474c-9dd3-5ae9e06f9911
2025-04-28 11:23:16.50514,bf996092-8d66-408a-8d8e-5065ca3330c2,ada6015d-9fce-4f2c-b20f-fc9122d2face,77a6970c-d583-456f-8dd8-5421001cc1ce,,766a66b3-691d-4571-868c-b394d3cbecf4
2025-04-28 09:13:40.954942,bf996092-8d66-408a-8d8e-5065ca3330c2,ada6015d-9fce-4f2c-b20f-fc9122d2face,77da7529-16ef-4629-b7f4-e6bf7bf61ae8,,822044af-3995-4a5e-a9c2-b081c9611d10
2025-04-08 08:02:00.634826,bf996092-8d66-408a-8d8e-5065ca3330c2,ada6015d-9fce-4f2c-b20f-fc9122d2face,78211e33-4e91-4f42-ba87-6513b09b62d2,,6bdbf9c3-37e0-42cf-b9cb-29f8af8b040a
2025-05-07 06:55:16.185433,bf996092-8d66-408a-8d8e-5065ca3330c2,ada6015d-9fce-4f2c-b20f-fc9122d2face,78c8d32a-cb48-48db-bf4c-c645674f5d9c,e0e21e65-d458-4bae-beae-4e4b23cd8f90,
2025-07-17 05:55:20.424924,bf996092-8d66-408a-8d8e-5065ca3330c2,ada6015d-9fce-4f2c-b20f-fc9122d2face,794a070d-8d71-4b54-b591-8f92c08985f9,,145e6a7f-ad5e-4895-a2e8-8f6f816bb3c5
2025-04-26 09:53:01.910045,bf996092-8d66-408a-8d8e-5065ca3330c2,ada6015d-9fce-4f2c-b20f-fc9122d2face,7af2e8e1-77dd-4376-ba95-32168bdbad59,,089b4f5a-5aa3-4ef4-8cd2-a33071e81e20
2025-07-31 05:49:16.961573,bf996092-8d66-408a-8d8e-5065ca3330c2,ada6015d-9fce-4f2c-b20f-fc9122d2face,7b336e4e-6613-481f-a024-5b0fee928502,87a95f4c-49de-46dc-a4c3-2df7e6aa5e5a,
2025-04-16 11:25:11.453556,bf996092-8d66-408a-8d8e-5065ca3330c2,ada6015d-9fce-4f2c-b20f-fc9122d2face,7ccb59cb-40d8-4af6-b6d0-959ef0f21c63,,58ce7bde-57e5-4439-b335-060a138270e9
2025-04-28 10:48:30.984095,bf996092-8d66-408a-8d8e-5065ca3330c2,ada6015d-9fce-4f2c-b20f-fc9122d2face,7e2ec347-eedb-4ec6-83a3-4c87fdaa931a,,e08821f2-50a1-433c-9fbf-d46b0235e79d
2025-04-22 09:00:43.79092,bf996092-8d66-408a-8d8e-5065ca3330c2,ada6015d-9fce-4f2c-b20f-fc9122d2face,7e6421b4-0d17-4a8e-a1da-c8482d808dfb,71a292de-5dff-439a-bae0-e9b84d2ef6f5,
2025-04-16 07:39:36.495842,bf996092-8d66-408a-8d8e-5065ca3330c2,ada6015d-9fce-4f2c-b20f-fc9122d2face,7fc25323-3271-4a46-a95a-38d2690e3360,,901606a8-c543-4e19-a412-ed699384d461
2025-04-21 12:32:19.247527,bf996092-8d66-408a-8d8e-5065ca3330c2,ada6015d-9fce-4f2c-b20f-fc9122d2face,815d1b9c-594e-4583-a568-26d902193ce1,,231af92a-37b6-4672-abb4-7af5c088888b
2025-04-29 05:13:05.607354,bf996092-8d66-408a-8d8e-5065ca3330c2,ada6015d-9fce-4f2c-b20f-fc9122d2face,82861217-40a6-4a0f-bbf8-52f061b829fe,a12e12dd-aa99-4472-baa1-0b0329abf309,
2025-04-28 10:10:40.886993,bf996092-8d66-408a-8d8e-5065ca3330c2,ada6015d-9fce-4f2c-b20f-fc9122d2face,83c8d926-f1e6-4d02-9dee-1146a58822d9,,01d4baf3-05b0-4a4c-b586-e7c551b0cad2
2025-04-17 07:06:07.385451,bf996092-8d66-408a-8d8e-5065ca3330c2,ada6015d-9fce-4f2c-b20f-fc9122d2face,84b1004c-d5d7-4551-852b-b8b7aeaa4aec,,3b584f86-1aff-4fce-9dfd-976abb28842f
2025-07-17 05:55:35.768466,bf996092-8d66-408a-8d8e-5065ca3330c2,ada6015d-9fce-4f2c-b20f-fc9122d2face,8580bd20-e827-48d7-9c30-4f178b752f00,794a070d-8d71-4b54-b591-8f92c08985f9,
2025-04-26 11:17:02.177461,bf996092-8d66-408a-8d8e-5065ca3330c2,ada6015d-9fce-4f2c-b20f-fc9122d2face,86c1c37c-8915-4ef9-82c5-dca68e85f451,,2a8474bb-9882-44b4-b742-fbe8526447c9
2025-04-28 12:50:48.284272,bf996092-8d66-408a-8d8e-5065ca3330c2,ada6015d-9fce-4f2c-b20f-fc9122d2face,87a95f4c-49de-46dc-a4c3-2df7e6aa5e5a,,6d9765b7-038c-433b-b956-2df5ccf12e7e
2025-04-29 09:40:03.116766,bf996092-8d66-408a-8d8e-5065ca3330c2,ada6015d-9fce-4f2c-b20f-fc9122d2face,89d1eeb5-63c1-41af-97a7-4466dc612b86,,163a6dde-9cd0-4cc4-aa46-5d59f1858726
2025-04-26 09:53:05.86981,bf996092-8d66-408a-8d8e-5065ca3330c2,ada6015d-9fce-4f2c-b20f-fc9122d2face,8a2f447a-950d-48ca-b87f-019bf2680bb0,,bf49928d-f6a9-4e13-8270-b9f663fa5b7c
2025-04-26 10:59:11.92328,bf996092-8d66-408a-8d8e-5065ca3330c2,ada6015d-9fce-4f2c-b20f-fc9122d2face,8ac10c86-4de8-48aa-ad6e-7a64ceda4a02,,f8a5a54c-e3b6-48c5-9df2-8f150e0e216e
2025-05-07 06:41:35.42723,bf996092-8d66-408a-8d8e-5065ca3330c2,ada6015d-9fce-4f2c-b20f-fc9122d2face,8b6306a1-2bf3-4609-846a-bf9a18412eb1,f5bd5c53-e0df-464a-97d3-72cd95288847,
2025-04-28 11:22:51.370135,bf996092-8d66-408a-8d8e-5065ca3330c2,ada6015d-9fce-4f2c-b20f-fc9122d2face,92cf7a04-e6cf-4333-8be3-c117981027f3,,60925bbe-f765-415e-b830-b8dc7585defa
2025-04-16 11:12:41.65575,bf996092-8d66-408a-8d8e-5065ca3330c2,ada6015d-9fce-4f2c-b20f-fc9122d2face,940b8d15-d122-46c6-a8b3-a3f034013949,,0fd68eca-3544-4db7-99c7-2a769c3ebe60
2025-04-30 05:29:15.134614,bf996092-8d66-408a-8d8e-5065ca3330c2,ada6015d-9fce-4f2c-b20f-fc9122d2face,941e315c-9b7e-41fc-97c5-ec723ece5c4c,,ae800d74-d07c-4d0c-8043-d5cd7ef3a2a1
2025-04-26 13:17:32.284956,bf996092-8d66-408a-8d8e-5065ca3330c2,ada6015d-9fce-4f2c-b20f-fc9122d2face,95476bd0-e392-4938-a3c2-bbccee0a85dc,,a21e2ae8-b610-4be6-bfeb-97ed5e6f4481
2025-04-15 06:59:41.458617,bf996092-8d66-408a-8d8e-5065ca3330c2,ada6015d-9fce-4f2c-b20f-fc9122d2face,98589f04-4aab-47f7-a5f4-58e8eec16ff0,,d8f24fb1-5367-4322-84f2-74fe3b53f97a
2025-04-16 10:48:50.505558,bf996092-8d66-408a-8d8e-5065ca3330c2,ada6015d-9fce-4f2c-b20f-fc9122d2face,99a62522-11b6-403e-869b-cc6b05da07d4,,889227db-39b1-46d7-b39e-f356ba0df328
2025-04-28 11:45:40.737514,bf996092-8d66-408a-8d8e-5065ca3330c2,ada6015d-9fce-4f2c-b20f-fc9122d2face,9af7c2f3-976b-4be7-809c-a47d321e03be,,a43c1374-0a7f-4b6e-844e-3eef81a9de74
2025-04-17 05:52:20.950856,bf996092-8d66-408a-8d8e-5065ca3330c2,ada6015d-9fce-4f2c-b20f-fc9122d2face,9dbe2806-6fac-473b-8e9a-9a86fe584a16,,3fae4589-a8c2-45f5-834c-f787a1e8d796
2025-04-17 12:32:22.092884,bf996092-8d66-408a-8d8e-5065ca3330c2,ada6015d-9fce-4f2c-b20f-fc9122d2face,9e708354-0d00-4e2e-a8f0-f2c7696925dc,,948a01c2-fd7e-43ef-a874-25370786f6c7
2025-04-26 13:09:29.392266,bf996092-8d66-408a-8d8e-5065ca3330c2,ada6015d-9fce-4f2c-b20f-fc9122d2face,a005ddb5-d615-47da-a2b8-ce44cff0c7c5,,e9088d76-fd4c-4465-88e5-dd29e5ce3190
2025-04-28 11:20:36.020764,bf996092-8d66-408a-8d8e-5065ca3330c2,ada6015d-9fce-4f2c-b20f-fc9122d2face,a01faac5-564a-41f2-96c5-d11e985e5fbf,,026279b3-1ad2-4c79-a5cb-56c3cbae3a52
2025-04-29 05:12:54.375317,bf996092-8d66-408a-8d8e-5065ca3330c2,ada6015d-9fce-4f2c-b20f-fc9122d2face,a12e12dd-aa99-4472-baa1-0b0329abf309,,8d23808f-496c-46a0-9ee5-0bf85f01fdb5
2025-04-16 09:50:55.708526,bf996092-8d66-408a-8d8e-5065ca3330c2,ada6015d-9fce-4f2c-b20f-fc9122d2face,a13999e2-2ca9-46c2-aaa5-c123e9b986d9,,db15233b-5df2-46b5-bd28-259ae342103a
2025-04-26 13:18:16.915915,bf996092-8d66-408a-8d8e-5065ca3330c2,ada6015d-9fce-4f2c-b20f-fc9122d2face,a19e8053-9d86-4231-8903-bad40bd925a0,,05feaf59-2a91-49f8-bb2b-dcc421ffbf63
2025-06-19 09:25:14.340037,bf996092-8d66-408a-8d8e-5065ca3330c2,ada6015d-9fce-4f2c-b20f-fc9122d2face,a2bbac4d-3b0c-4383-8a57-43a1692c1c04,61cfa35c-3cf9-4911-bb1a-69da325bc51a,
2025-02-25 06:04:10.945051,bf996092-8d66-408a-8d8e-5065ca3330c2,ada6015d-9fce-4f2c-b20f-fc9122d2face,a447ddf2-759c-4d0b-85df-280c86bed8e1,,be37613f-2ae6-4301-9239-80b291744ed2
2025-04-16 09:37:53.246343,bf996092-8d66-408a-8d8e-5065ca3330c2,ada6015d-9fce-4f2c-b20f-fc9122d2face,a49776dd-1958-4103-a435-7d61eaab7073,,7a1349a6-8c0c-4825-8b8c-37d7d49bc9f7
2025-07-31 05:18:03.444567,bf996092-8d66-408a-8d8e-5065ca3330c2,ada6015d-9fce-4f2c-b20f-fc9122d2face,a498066e-f04a-43f6-8ada-375409cbc6b0,61cfa35c-3cf9-4911-bb1a-69da325bc51a,
2025-07-17 06:17:20.524625,bf996092-8d66-408a-8d8e-5065ca3330c2,ada6015d-9fce-4f2c-b20f-fc9122d2face,a50a148a-537a-4136-a3d1-35aeb4fb3d50,,3191af00-f861-4644-afb3-31d7a63ed8b8
2025-04-08 05:47:45.396049,bf996092-8d66-408a-8d8e-5065ca3330c2,ada6015d-9fce-4f2c-b20f-fc9122d2face,a7eb43dd-c85f-444b-96b8-419d1b4b5e8f,45cb253d-644a-48b7-8950-c7b8a14f91b1,
2025-04-26 12:44:51.069363,bf996092-8d66-408a-8d8e-5065ca3330c2,ada6015d-9fce-4f2c-b20f-fc9122d2face,a830159f-9b63-417c-82ff-aba49b1f305a,,67c08e1b-139b-4c2e-9df3-d3c6f0d71991
2025-04-22 05:28:30.434181,bf996092-8d66-408a-8d8e-5065ca3330c2,ada6015d-9fce-4f2c-b20f-fc9122d2face,aa0b2766-04b7-418d-9719-cd4d56232175,,d9fcfd53-4e8a-45ad-824f-75c812d1e495
2025-04-22 05:43:29.288636,bf996092-8d66-408a-8d8e-5065ca3330c2,ada6015d-9fce-4f2c-b20f-fc9122d2face,aa7c9d8d-7e3f-4931-a6af-b6080f2c67e1,,c9a89824-e969-42a3-b6d4-b4c2654fb13b
2025-05-07 06:36:24.134009,bf996092-8d66-408a-8d8e-5065ca3330c2,ada6015d-9fce-4f2c-b20f-fc9122d2face,aaf24950-92ac-4b6d-b7eb-46b5b44acd87,,f0c3afaf-a050-4203-a719-7261fd8581d1
2025-04-26 11:14:01.852416,bf996092-8d66-408a-8d8e-5065ca3330c2,ada6015d-9fce-4f2c-b20f-fc9122d2face,ab1e1a71-f2bf-47a1-b866-29b9de0afaa3,,8bab2144-812b-4d65-badf-a11df11081be
2025-04-28 05:04:53.069997,bf996092-8d66-408a-8d8e-5065ca3330c2,ada6015d-9fce-4f2c-b20f-fc9122d2face,ab364053-45da-4df8-9ff7-f1276a9d4989,,7b244268-a098-4cec-b1ff-e3db5455c265
2025-04-29 09:04:30.033123,bf996092-8d66-408a-8d8e-5065ca3330c2,ada6015d-9fce-4f2c-b20f-fc9122d2face,ac10c84b-47dc-4a16-a6f4-59a38cfd8a0a,,25ed49d3-f962-46b2-a240-d027d3c82570
2025-04-18 09:55:41.261097,bf996092-8d66-408a-8d8e-5065ca3330c2,ada6015d-9fce-4f2c-b20f-fc9122d2face,aca23560-cc00-4081-a494-b7039ebf1b6c,,bdfcc911-569a-46cf-89ea-ca00eaa5fd85
2025-04-28 12:54:46.452568,bf996092-8d66-408a-8d8e-5065ca3330c2,ada6015d-9fce-4f2c-b20f-fc9122d2face,acbb827f-7ff3-439a-84c8-a55b20ad6ae8,,a66d5afa-1e89-4f23-a502-21e9b529cd55
2025-04-26 11:17:06.833513,bf996092-8d66-408a-8d8e-5065ca3330c2,ada6015d-9fce-4f2c-b20f-fc9122d2face,ad6e4974-111b-4f1a-9ebe-453ea45db6f7,,2d725f47-8f76-47fc-a8ac-32f15e700d33
2025-04-17 08:30:38.46504,bf996092-8d66-408a-8d8e-5065ca3330c2,ada6015d-9fce-4f2c-b20f-fc9122d2face,ada68bf9-5e8a-41fb-a998-10315175078a,a447ddf2-759c-4d0b-85df-280c86bed8e1,
2025-04-15 06:59:41.638903,bf996092-8d66-408a-8d8e-5065ca3330c2,ada6015d-9fce-4f2c-b20f-fc9122d2face,adf8f4ea-19bf-4b79-8a87-133cbb71029c,,503e0e17-1f4e-4a59-b895-7a758be8ed5b
2025-04-18 09:44:10.71932,bf996092-8d66-408a-8d8e-5065ca3330c2,ada6015d-9fce-4f2c-b20f-fc9122d2face,aee169c9-9d1b-40ca-952b-d10ef6ca07ba,,e6a89154-e4e4-400f-b4c9-d4531d428b71
2025-04-17 06:57:30.977424,bf996092-8d66-408a-8d8e-5065ca3330c2,ada6015d-9fce-4f2c-b20f-fc9122d2face,b2560f10-3e19-4f98-b6c4-e5f3d1005d67,,3a8a0b0e-f51c-4297-b788-8f82ada78a19
2025-04-28 12:55:28.245619,bf996092-8d66-408a-8d8e-5065ca3330c2,ada6015d-9fce-4f2c-b20f-fc9122d2face,b262f594-a285-4729-8ba6-10ed8ee40076,,c1b90b78-c94a-44ae-9397-e321a56ca3d4
2025-04-18 09:42:10.006433,bf996092-8d66-408a-8d8e-5065ca3330c2,ada6015d-9fce-4f2c-b20f-fc9122d2face,b2fe3a8b-e4dc-4b12-913d-673c7378df7c,,93867e5b-f7c7-4e60-a5e1-acf5e3323a33
2025-04-26 13:08:59.829668,bf996092-8d66-408a-8d8e-5065ca3330c2,ada6015d-9fce-4f2c-b20f-fc9122d2face,b4d9194c-5c74-4962-b2cb-6ee2bc4a1d72,,696e5917-c5b1-471d-857b-4abb0afc3c9e
2025-04-26 12:44:55.198367,bf996092-8d66-408a-8d8e-5065ca3330c2,ada6015d-9fce-4f2c-b20f-fc9122d2face,b6b586a9-ddeb-4397-82f9-b6019370402a,,a015b35a-279d-412c-a1d8-651b75511d4f
2025-04-08 11:54:57.586459,bf996092-8d66-408a-8d8e-5065ca3330c2,ada6015d-9fce-4f2c-b20f-fc9122d2face,b6f13e46-557f-4ccd-b621-cb06dde3bb41,,afb1d300-a81a-4756-9d84-63f621da7fdf
2025-04-18 10:21:57.972944,bf996092-8d66-408a-8d8e-5065ca3330c2,ada6015d-9fce-4f2c-b20f-fc9122d2face,b70a7ab0-560d-45d3-97f0-63c0724898cc,,7bbef15f-c3f9-432a-bfaf-acc33a25cb70
2025-04-26 13:18:04.764302,bf996092-8d66-408a-8d8e-5065ca3330c2,ada6015d-9fce-4f2c-b20f-fc9122d2face,b82db99c-8fae-46c6-bd57-848bde51325b,,944cf1be-e894-4c30-96ea-7cd7b07b8c94
2025-02-27 14:17:32.15041,bf996092-8d66-408a-8d8e-5065ca3330c2,ada6015d-9fce-4f2c-b20f-fc9122d2face,b89c0271-45b0-45d0-a939-64c9d65b985a,a447ddf2-759c-4d0b-85df-280c86bed8e1,
2025-04-21 12:26:13.166058,bf996092-8d66-408a-8d8e-5065ca3330c2,ada6015d-9fce-4f2c-b20f-fc9122d2face,b99639d1-71c8-4901-b99e-7885da374809,,f0074270-1f60-4bb7-b06b-fec2d4fd2843
2025-04-18 07:28:11.602084,bf996092-8d66-408a-8d8e-5065ca3330c2,ada6015d-9fce-4f2c-b20f-fc9122d2face,bbbaa00b-38d8-44e2-a40c-95c86edcb3cf,,3b8b5098-5c93-4a8a-bdd7-760c3e3eaf42
2025-04-28 11:52:39.672193,bf996092-8d66-408a-8d8e-5065ca3330c2,ada6015d-9fce-4f2c-b20f-fc9122d2face,bbfb83ef-309f-4147-b3e1-cb422f6e8310,,00331262-b842-48df-9ea2-cb98a27212ff
2025-04-26 10:21:13.899815,bf996092-8d66-408a-8d8e-5065ca3330c2,ada6015d-9fce-4f2c-b20f-fc9122d2face,bd5dc882-f100-4d7a-a4f7-46c4a0fca774,,edc6404d-a513-4da5-9f2e-2e28f95e941c
2025-04-26 11:40:52.008509,bf996092-8d66-408a-8d8e-5065ca3330c2,ada6015d-9fce-4f2c-b20f-fc9122d2face,c0186a82-39e2-41e3-81e2-d0296898f642,,520a9977-2c03-447b-b848-6ffca9043c5d
2025-04-26 11:11:28.457919,bf996092-8d66-408a-8d8e-5065ca3330c2,ada6015d-9fce-4f2c-b20f-fc9122d2face,c1d06112-327a-497b-85e0-946e655f4f9f,,342599b1-ad87-4343-9bd0-a78c0f2c8f0f
2025-04-16 10:22:46.763146,bf996092-8d66-408a-8d8e-5065ca3330c2,ada6015d-9fce-4f2c-b20f-fc9122d2face,c235931d-b659-407b-8a67-9e93346ac303,,37d20c58-e138-4ae9-a30f-892857aa5a41
2025-04-26 12:40:42.31575,bf996092-8d66-408a-8d8e-5065ca3330c2,ada6015d-9fce-4f2c-b20f-fc9122d2face,c2bf0c86-2afb-47d4-86d8-111a1122479e,,c9182e02-b3ae-4a08-bc43-fd64d4f199e9
2025-04-28 07:11:33.61136,bf996092-8d66-408a-8d8e-5065ca3330c2,ada6015d-9fce-4f2c-b20f-fc9122d2face,c46cd063-9790-4baf-bab7-5efc385366eb,,f84a54ce-5ad1-4eb3-891a-5663b3ff283a
2025-04-22 05:42:43.970627,bf996092-8d66-408a-8d8e-5065ca3330c2,ada6015d-9fce-4f2c-b20f-fc9122d2face,c491a04f-a6e1-41c4-8864-0ae8dff3e3f2,,e614cc5f-7a12-420b-a697-0ef4d192e8a1
2025-04-26 11:48:54.134728,bf996092-8d66-408a-8d8e-5065ca3330c2,ada6015d-9fce-4f2c-b20f-fc9122d2face,c652acd6-c24c-4dd1-861e-94c013e563b4,,0de35fe2-f6de-4e9f-b32d-e80426343fef
2025-07-31 05:24:36.840421,bf996092-8d66-408a-8d8e-5065ca3330c2,ada6015d-9fce-4f2c-b20f-fc9122d2face,c77f56f2-817a-4bc2-a31e-62fc574d7e3e,61cfa35c-3cf9-4911-bb1a-69da325bc51a,
2025-04-26 09:53:06.577125,bf996092-8d66-408a-8d8e-5065ca3330c2,ada6015d-9fce-4f2c-b20f-fc9122d2face,c82aee7f-8a4f-4e8b-823b-0500f10877e9,,b8b56e7e-1282-4235-8d29-cd4120e3ebfe
2025-04-17 05:04:59.174948,bf996092-8d66-408a-8d8e-5065ca3330c2,ada6015d-9fce-4f2c-b20f-fc9122d2face,cd301882-57f3-4286-9942-a855fc439993,,bead76ef-25dc-46e8-b9d5-30cf57ab49c1
2025-04-16 10:40:50.429736,bf996092-8d66-408a-8d8e-5065ca3330c2,ada6015d-9fce-4f2c-b20f-fc9122d2face,cde6ec2e-3290-49c6-9448-3a901b1575e6,,46ec1017-18c7-4d11-a518-0d879a4f37ab
2025-04-30 05:52:20.522222,bf996092-8d66-408a-8d8e-5065ca3330c2,ada6015d-9fce-4f2c-b20f-fc9122d2face,cf1ab0b8-e38b-4bdc-927a-ab65f607e94e,,d89c9ce2-a457-4b88-9ee2-e2d3ceb24b42
2025-04-17 12:33:40.962974,bf996092-8d66-408a-8d8e-5065ca3330c2,ada6015d-9fce-4f2c-b20f-fc9122d2face,cf1ecf8f-706f-428a-8f86-6d5652c0de9e,,226c501f-2a4f-4c3a-86b7-7b8a824c18c6
2025-04-17 09:42:02.750428,bf996092-8d66-408a-8d8e-5065ca3330c2,ada6015d-9fce-4f2c-b20f-fc9122d2face,d2b3ba7c-6114-4a98-ad5a-7e3911de532e,,201db06a-b791-4f87-a646-2b85472d197d
2025-04-28 11:47:58.186257,bf996092-8d66-408a-8d8e-5065ca3330c2,ada6015d-9fce-4f2c-b20f-fc9122d2face,d405f6ad-9f2a-453d-b9cb-b2fd92018fc8,,413fb2ea-ec52-463e-9412-2ab54851cf48
2025-04-28 11:33:16.424535,bf996092-8d66-408a-8d8e-5065ca3330c2,ada6015d-9fce-4f2c-b20f-fc9122d2face,d423d2d3-a7eb-4610-be68-ea94806066a1,,edb0c229-a1e5-4956-b35d-c180055cacc2
2025-04-08 11:05:46.972137,bf996092-8d66-408a-8d8e-5065ca3330c2,ada6015d-9fce-4f2c-b20f-fc9122d2face,d7907f9b-7fa8-4f2a-bfaa-1075d553124a,,43b30bcb-eb23-4456-aac1-d2141c45357a
2025-04-26 12:36:39.53377,bf996092-8d66-408a-8d8e-5065ca3330c2,ada6015d-9fce-4f2c-b20f-fc9122d2face,d9861e71-104e-4ff8-be96-ac7e019788dc,,7b863f39-0789-45fb-97f9-2013de8f4bd2
2025-05-16 10:01:20.803462,bf996092-8d66-408a-8d8e-5065ca3330c2,ada6015d-9fce-4f2c-b20f-fc9122d2face,d9cc4eba-846b-40aa-bb89-2a5b5f03e1ef,6ef400e1-1ac0-44fb-b069-145924c0a842,
2025-04-15 06:59:41.772076,bf996092-8d66-408a-8d8e-5065ca3330c2,ada6015d-9fce-4f2c-b20f-fc9122d2face,db3e0d99-fe67-4199-949e-ea9358457498,,02196c5c-44aa-4373-bcc4-44bac6bd14b3
2025-04-08 08:02:33.405041,bf996092-8d66-408a-8d8e-5065ca3330c2,ada6015d-9fce-4f2c-b20f-fc9122d2face,dc9fd074-f596-4e7d-973a-705d19f3befa,,53b334b5-b874-4969-815f-dca97e8cdc21
2025-04-18 07:22:31.94997,bf996092-8d66-408a-8d8e-5065ca3330c2,ada6015d-9fce-4f2c-b20f-fc9122d2face,dce0fc61-6ae0-47d3-b2e0-69db7cfa3286,,55e52f33-9915-43a7-bf03-833cfb8ee419
2025-04-18 10:27:48.093649,bf996092-8d66-408a-8d8e-5065ca3330c2,ada6015d-9fce-4f2c-b20f-fc9122d2face,e0e21e65-d458-4bae-beae-4e4b23cd8f90,,f9859573-3bbe-4133-b1fe-0e0621f2b2e6
2025-04-26 13:18:39.513758,bf996092-8d66-408a-8d8e-5065ca3330c2,ada6015d-9fce-4f2c-b20f-fc9122d2face,e0fa739e-9cbb-473b-8933-5252aa880a56,,e35b5dfb-ad60-4032-addd-85abb51e5e0e
2025-04-16 07:41:59.812767,bf996092-8d66-408a-8d8e-5065ca3330c2,ada6015d-9fce-4f2c-b20f-fc9122d2face,e188c1d0-3bb3-435d-851c-13b8bfe08dfa,,b570dc86-eee8-4979-88c7-2bd206a52045
2025-04-26 11:17:03.447604,bf996092-8d66-408a-8d8e-5065ca3330c2,ada6015d-9fce-4f2c-b20f-fc9122d2face,e2b10a5c-3915-4552-97a0-2080bd281c6f,,58c08ea5-77cb-4864-b371-2ab7eb9fe96b
2025-04-26 13:16:58.584659,bf996092-8d66-408a-8d8e-5065ca3330c2,ada6015d-9fce-4f2c-b20f-fc9122d2face,e3592a49-ae77-462e-8829-31ddc241dec0,,ed40e416-1c55-4b7d-82cc-ab459753caa0
2025-04-30 08:28:02.315292,bf996092-8d66-408a-8d8e-5065ca3330c2,ada6015d-9fce-4f2c-b20f-fc9122d2face,e3684ab1-3ef4-436f-abab-53d77a1b1dfa,ea7713f3-66ab-45c8-9340-86c8385bd515,
2025-04-16 12:00:11.998162,bf996092-8d66-408a-8d8e-5065ca3330c2,ada6015d-9fce-4f2c-b20f-fc9122d2face,e3995540-289c-4f58-a3b0-d5fa9c8e8135,,0f22f559-f608-4e1a-8c20-a291b938becd
2025-07-17 06:18:56.634123,bf996092-8d66-408a-8d8e-5065ca3330c2,ada6015d-9fce-4f2c-b20f-fc9122d2face,e4f30306-bc98-4b61-a823-93076990c1ca,,cc786259-5cb5-431f-b5ba-0b529551a196
2025-04-16 10:30:05.020892,bf996092-8d66-408a-8d8e-5065ca3330c2,ada6015d-9fce-4f2c-b20f-fc9122d2face,e508a7f1-f71e-4b87-b13f-d2190e249d07,,894cd316-1bcd-4bcd-9e1d-9610fc7cf451
2025-04-08 08:00:18.980506,bf996092-8d66-408a-8d8e-5065ca3330c2,ada6015d-9fce-4f2c-b20f-fc9122d2face,e570e007-9287-4c10-a6e7-64b705cac270,,ef90eced-7592-4543-8a37-229be4002e3f
2025-04-18 09:53:08.105254,bf996092-8d66-408a-8d8e-5065ca3330c2,ada6015d-9fce-4f2c-b20f-fc9122d2face,e5a9c97e-3437-4ec7-8698-ff92774bfd51,,4c6c6f18-2d97-4f82-a4bf-7bd985e08836
2025-05-19 09:34:37.062332,bf996092-8d66-408a-8d8e-5065ca3330c2,ada6015d-9fce-4f2c-b20f-fc9122d2face,e657d5a6-60cd-41c6-9d15-c187c09bb763,61cfa35c-3cf9-4911-bb1a-69da325bc51a,
2025-07-31 05:57:45.701098,bf996092-8d66-408a-8d8e-5065ca3330c2,ada6015d-9fce-4f2c-b20f-fc9122d2face,e7177d4e-821c-4a02-8aa0-dee9f5f1ade2,6e5d295b-dacb-466c-9124-38e4d13b34bc,
2025-04-29 09:03:57.297402,bf996092-8d66-408a-8d8e-5065ca3330c2,ada6015d-9fce-4f2c-b20f-fc9122d2face,e8f38373-915d-477f-b2a4-46cf7cb09d7d,,40bb941e-e406-4c62-8cf5-91c9b68bba11
2025-04-08 12:11:13.493407,bf996092-8d66-408a-8d8e-5065ca3330c2,ada6015d-9fce-4f2c-b20f-fc9122d2face,e93ca9c6-af35-4c9d-bfbe-165b8485b9fd,,6e1f1def-c291-4cea-a8b8-2c741af5643e
2025-04-15 06:59:41.631077,bf996092-8d66-408a-8d8e-5065ca3330c2,ada6015d-9fce-4f2c-b20f-fc9122d2face,e9463dd3-2ae1-4193-a7cb-4306bef4c37d,,5ec9d873-ac51-402f-88ed-d6e7121eeb29
2025-06-11 05:00:31.834876,bf996092-8d66-408a-8d8e-5065ca3330c2,ada6015d-9fce-4f2c-b20f-fc9122d2face,e9b8297a-d36a-4ff4-a627-fb8dc711ab36,ea7713f3-66ab-45c8-9340-86c8385bd515,
2025-04-26 09:53:02.642841,bf996092-8d66-408a-8d8e-5065ca3330c2,ada6015d-9fce-4f2c-b20f-fc9122d2face,ea0d1dcd-d6b6-4845-8c40-8ef58db52bf6,,45f1240f-1d8d-4779-ac8d-c8720eeae944
2025-04-16 10:37:31.451436,bf996092-8d66-408a-8d8e-5065ca3330c2,ada6015d-9fce-4f2c-b20f-fc9122d2face,ea7713f3-66ab-45c8-9340-86c8385bd515,,8a133dd5-3b6e-48cc-9178-0e2032f18584
2025-04-26 11:17:01.348791,bf996092-8d66-408a-8d8e-5065ca3330c2,ada6015d-9fce-4f2c-b20f-fc9122d2face,ebcd3e28-720f-4425-8092-1c4d103df699,,d2868b02-d1b2-4cc5-8501-56e12d54a7d2
2025-04-28 11:21:42.989958,bf996092-8d66-408a-8d8e-5065ca3330c2,ada6015d-9fce-4f2c-b20f-fc9122d2face,ed001461-3707-4b88-90f2-d61a7bde09d2,,76d7b133-4a26-4fec-aedb-5330094266c9
2025-04-16 07:41:58.617027,bf996092-8d66-408a-8d8e-5065ca3330c2,ada6015d-9fce-4f2c-b20f-fc9122d2face,eea61a88-0143-4ac6-9efa-e6abb543ed7f,,eb28b7d1-a2ad-408c-ba4c-6f79a962ce29
2025-04-16 07:41:58.971032,bf996092-8d66-408a-8d8e-5065ca3330c2,ada6015d-9fce-4f2c-b20f-fc9122d2face,eeb7f969-b42d-4ef1-ba9d-3c7926348927,,0651f16a-22da-4abf-b08e-2ff83bf54466
2025-04-18 10:46:29.438385,bf996092-8d66-408a-8d8e-5065ca3330c2,ada6015d-9fce-4f2c-b20f-fc9122d2face,eeb9d591-cd0d-4c2e-90d7-359cc25ddf24,,2f8dcfaf-6050-4462-b152-3f6231226c94
2025-04-16 12:26:37.301092,bf996092-8d66-408a-8d8e-5065ca3330c2,ada6015d-9fce-4f2c-b20f-fc9122d2face,eed4eafd-9493-4e3d-8359-74f9f56558de,,b380399b-1302-48db-b0dd-e8b6a653daa8
2025-04-16 09:40:20.525098,bf996092-8d66-408a-8d8e-5065ca3330c2,ada6015d-9fce-4f2c-b20f-fc9122d2face,ef65bd2e-50be-4903-818f-32ee0ff5b2f0,,d51a77bf-eca2-4a58-a2bb-f7c27c38d3cc
2025-04-28 09:09:48.857171,bf996092-8d66-408a-8d8e-5065ca3330c2,ada6015d-9fce-4f2c-b20f-fc9122d2face,efd9a7ad-d5c3-4940-8626-05fb16007f46,,4d423307-99d2-4b44-b1b8-9341c0b8ccae
2025-05-30 06:48:57.254968,bf996092-8d66-408a-8d8e-5065ca3330c2,ada6015d-9fce-4f2c-b20f-fc9122d2face,eff66c5d-49ce-4458-86a6-df92c04c0fe3,61cfa35c-3cf9-4911-bb1a-69da325bc51a,
2025-04-28 06:22:27.750105,bf996092-8d66-408a-8d8e-5065ca3330c2,ada6015d-9fce-4f2c-b20f-fc9122d2face,f13f9215-e9e2-47d5-9c60-2e77c7a29aa1,,003ee4ce-adcc-4a4e-b32c-0831e6d9f070
2025-04-26 13:15:52.79598,bf996092-8d66-408a-8d8e-5065ca3330c2,ada6015d-9fce-4f2c-b20f-fc9122d2face,f31a41d2-29ca-4314-8085-cafa3b3d6308,,f8a1afae-edfb-4970-bd65-fb49b725a6fb
2025-04-08 12:29:37.556034,bf996092-8d66-408a-8d8e-5065ca3330c2,ada6015d-9fce-4f2c-b20f-fc9122d2face,f408c322-a483-4f7e-a82c-41c2a1c65f63,,1af32754-2035-498e-8f43-1399cac37d9a
2025-04-18 10:39:14.677808,bf996092-8d66-408a-8d8e-5065ca3330c2,ada6015d-9fce-4f2c-b20f-fc9122d2face,f58ed760-53d2-4a57-9b7d-9d13e3081a4c,,586bdd26-96ca-484c-86cf-28a559e277bf
2025-05-07 06:36:31.231719,bf996092-8d66-408a-8d8e-5065ca3330c2,ada6015d-9fce-4f2c-b20f-fc9122d2face,f5bd5c53-e0df-464a-97d3-72cd95288847,,7e955410-caf6-4f60-8ab7-86d82bbb76b4
2025-04-28 11:04:51.413348,bf996092-8d66-408a-8d8e-5065ca3330c2,ada6015d-9fce-4f2c-b20f-fc9122d2face,f719eb55-8af8-4c53-a55c-f1caa853d54a,,e15dbe4f-3643-4386-b5cc-c51e740bf75f
2025-04-16 07:41:58.847064,bf996092-8d66-408a-8d8e-5065ca3330c2,ada6015d-9fce-4f2c-b20f-fc9122d2face,f77759d6-e7b3-40e3-a516-52fd06cfd62d,,701c9148-dcb1-45a2-afae-719d020f2514
2025-07-17 06:11:34.972382,bf996092-8d66-408a-8d8e-5065ca3330c2,ada6015d-9fce-4f2c-b20f-fc9122d2face,f7f26f7c-c58f-4e15-ab4c-319a4501522a,fb962549-c93c-4edb-b4cf-9ad010cc035a,
2025-04-26 12:02:20.823849,bf996092-8d66-408a-8d8e-5065ca3330c2,ada6015d-9fce-4f2c-b20f-fc9122d2face,f7f895c8-3f3d-49f8-ad77-1ac3b77c6b18,,f69d2bed-6eb4-4959-aebe-fbb791838ba3
2025-04-22 05:29:07.976384,bf996092-8d66-408a-8d8e-5065ca3330c2,ada6015d-9fce-4f2c-b20f-fc9122d2face,f8c9f60b-db4c-4396-afb7-61d89b303647,,2c410852-0832-441f-b39c-0b87abca4c5f
2025-04-21 11:37:12.71476,bf996092-8d66-408a-8d8e-5065ca3330c2,ada6015d-9fce-4f2c-b20f-fc9122d2face,f8d97d15-cd65-44d6-bfe4-6dbcc4bd1c86,,ee86bb5d-4e2e-4955-8662-63ecccebe4e3
2025-04-28 11:42:15.22346,bf996092-8d66-408a-8d8e-5065ca3330c2,ada6015d-9fce-4f2c-b20f-fc9122d2face,f90aab15-9c3f-4c85-a022-d6c15bf0fe35,,2e2109c2-2d32-41a6-9ffa-7dedca9bc9cb
2025-05-29 08:45:28.659528,bf996092-8d66-408a-8d8e-5065ca3330c2,ada6015d-9fce-4f2c-b20f-fc9122d2face,f94704e2-6ad4-4962-b473-d29632ef2e81,61cfa35c-3cf9-4911-bb1a-69da325bc51a,
2025-04-15 08:16:53.804631,bf996092-8d66-408a-8d8e-5065ca3330c2,ada6015d-9fce-4f2c-b20f-fc9122d2face,fae33e1f-ee76-407e-9c07-844c7f3bc59a,e93ca9c6-af35-4c9d-bfbe-165b8485b9fd,
2025-04-28 10:55:11.142845,bf996092-8d66-408a-8d8e-5065ca3330c2,ada6015d-9fce-4f2c-b20f-fc9122d2face,fb962549-c93c-4edb-b4cf-9ad010cc035a,,eab67618-9e17-4e2d-baad-f8152e5d1970
2025-07-31 05:58:47.98823,bf996092-8d66-408a-8d8e-5065ca3330c2,ada6015d-9fce-4f2c-b20f-fc9122d2face,fb9725de-e364-431b-b3e4-57d7a52781be,6e5d295b-dacb-466c-9124-38e4d13b34bc,
2025-04-16 07:41:58.65855,bf996092-8d66-408a-8d8e-5065ca3330c2,ada6015d-9fce-4f2c-b20f-fc9122d2face,fce0c2de-26c8-4de6-bdf1-e85a8455f55e,,c88d1053-fe47-43df-aaf3-8fc7c6f6976f
2025-08-01 08:58:21.026693,bf996092-8d66-408a-8d8e-5065ca3330c2,ada6015d-9fce-4f2c-b20f-fc9122d2face,fd1ad526-5867-400b-b03e-9815e4660420,ea7713f3-66ab-45c8-9340-86c8385bd515,
2025-04-26 09:53:03.516872,bf996092-8d66-408a-8d8e-5065ca3330c2,ada6015d-9fce-4f2c-b20f-fc9122d2face,fd549d93-6a4d-4ddb-a611-4663a4b224b8,,28a3d9ed-3f1b-4fbb-9c28-c69ad4e374c0
2025-04-29 09:05:22.117688,bf996092-8d66-408a-8d8e-5065ca3330c2,ada6015d-9fce-4f2c-b20f-fc9122d2face,fdbd54ad-ccdf-4010-9f1c-ba5650fcdabe,,daba152b-d5a1-41ed-a57f-b36f36fd8273
2025-04-26 11:30:30.649606,bf996092-8d66-408a-8d8e-5065ca3330c2,ada6015d-9fce-4f2c-b20f-fc9122d2face,fdcfe80d-c0a9-4f3b-997e-ef1e5b37d4e1,,3eea9099-d921-4e74-80c5-24dade4d4402
2025-04-26 12:44:56.38973,bf996092-8d66-408a-8d8e-5065ca3330c2,ada6015d-9fce-4f2c-b20f-fc9122d2face,fddd4a1f-d460-41b8-a9b8-d852f7bc71c4,,14b1e001-763d-455e-a25b-fe5d045e96aa
2025-04-26 11:16:32.500782,bf996092-8d66-408a-8d8e-5065ca3330c2,ada6015d-9fce-4f2c-b20f-fc9122d2face,fe15fc36-d145-420a-8da7-c3b3cb7830f5,,82c0b967-1fbd-4041-8d0f-6d94efc8f837
2025-04-28 11:24:41.871495,bf996092-8d66-408a-8d8e-5065ca3330c2,ada6015d-9fce-4f2c-b20f-fc9122d2face,fe3764f0-c1c9-4493-a341-012ffb6d8a37,,77a30dcf-3294-412b-aec5-334a9ebd56c7
2025-04-17 06:42:49.635526,bf996092-8d66-408a-8d8e-5065ca3330c2,ada6015d-9fce-4f2c-b20f-fc9122d2face,fed5aaa4-bb64-403c-803d-6c9d9893533c,,0f6d2304-6eb8-475e-861a-13ec93c1c33e
2025-04-18 09:44:11.831724,bf996092-8d66-408a-8d8e-5065ca3330c2,ada6015d-9fce-4f2c-b20f-fc9122d2face,ff4358cf-7fb6-4120-b274-fedc2e1d7182,,ba5fdbd6-8947-4461-8c48-3ca1b08b30fc
2025-04-28 07:01:55.58147,bf996092-8d66-408a-8d8e-5065ca3330c2,ada6015d-9fce-4f2c-b20f-fc9122d2face,ff69adea-7862-421b-a4da-13c0ad3b18f0,,55544ff4-26bc-4f85-9654-e33f8738399d
2025-05-31 06:58:38.632848,bf996092-8d66-408a-8d8e-5065ca3330c2,cbee6c17-cdf8-4f2c-89c3-d6d9d738603e,0e0d2954-8d3b-4cee-829b-a88c8c3059ca,,6c2a92cb-1e4a-4319-9b76-89250ab84f4f
2025-05-31 06:58:40.976078,bf996092-8d66-408a-8d8e-5065ca3330c2,cbee6c17-cdf8-4f2c-89c3-d6d9d738603e,10855eba-cb07-4cf0-9ccd-f3442d2ffb89,,f96a3649-4ff4-4b3e-a97e-3f16923cc398
2025-05-31 06:58:30.809523,bf996092-8d66-408a-8d8e-5065ca3330c2,cbee6c17-cdf8-4f2c-89c3-d6d9d738603e,1c024f27-20a9-4df4-9ad0-767ba9a0cf8b,,fea472dd-6589-49ab-9b13-66bef10d26bc
2025-05-31 06:58:29.474368,bf996092-8d66-408a-8d8e-5065ca3330c2,cbee6c17-cdf8-4f2c-89c3-d6d9d738603e,2348b9e6-e85f-4f2d-836c-765acce1c6e9,,2828d024-cda9-4b65-bc16-8e3ae343d698
2025-05-31 06:58:40.29297,bf996092-8d66-408a-8d8e-5065ca3330c2,cbee6c17-cdf8-4f2c-89c3-d6d9d738603e,2ab767c2-603d-49b1-8327-23afa8a2838d,,7e91922d-65ca-4eb4-8dbe-c705cf34c87a
2025-05-31 06:58:32.954033,bf996092-8d66-408a-8d8e-5065ca3330c2,cbee6c17-cdf8-4f2c-89c3-d6d9d738603e,316e57c8-f103-4254-b766-8fe843604acf,,647277d1-eb56-4305-9750-3cf4c8a3e94f
2025-05-31 06:57:47.751464,bf996092-8d66-408a-8d8e-5065ca3330c2,cbee6c17-cdf8-4f2c-89c3-d6d9d738603e,32861d67-1878-48d3-a913-412749319257,,b2c7f8d9-ea72-4a5f-979f-de7a6891b7c8
2025-05-31 06:58:08.893903,bf996092-8d66-408a-8d8e-5065ca3330c2,cbee6c17-cdf8-4f2c-89c3-d6d9d738603e,41da2dba-3006-4cc3-804e-f65647c42bfe,,4b37e654-d064-4400-8179-837bb7d17b1b
2025-05-31 06:58:50.659021,bf996092-8d66-408a-8d8e-5065ca3330c2,cbee6c17-cdf8-4f2c-89c3-d6d9d738603e,45ac2a37-de3b-4b3e-9179-38b24f64ba35,,07407bc3-9dc4-4533-ae6a-3912c3aa785a
2025-05-31 06:58:25.762755,bf996092-8d66-408a-8d8e-5065ca3330c2,cbee6c17-cdf8-4f2c-89c3-d6d9d738603e,4db39806-a25b-4c5a-bd7b-1126c20bbf64,,4710db85-3b28-4a1f-8bd3-97072e0b2db2
2025-05-31 06:57:37.613424,bf996092-8d66-408a-8d8e-5065ca3330c2,cbee6c17-cdf8-4f2c-89c3-d6d9d738603e,50b82510-c917-4abe-972b-c4fe87ee42ff,,ac5f4205-519c-4fef-8763-002e99838590
2025-05-31 06:57:39.250476,bf996092-8d66-408a-8d8e-5065ca3330c2,cbee6c17-cdf8-4f2c-89c3-d6d9d738603e,520d6454-c0d5-4c91-ba19-1fed084feee7,,b789f616-9e03-4c5c-b150-be032cfd0eb8
2025-05-31 06:58:46.135147,bf996092-8d66-408a-8d8e-5065ca3330c2,cbee6c17-cdf8-4f2c-89c3-d6d9d738603e,548f7503-2bef-4477-bc66-154e9b63f3dc,,f27579df-e6f8-41f1-abc2-c4d7c000f7be
2025-05-31 06:58:20.362338,bf996092-8d66-408a-8d8e-5065ca3330c2,cbee6c17-cdf8-4f2c-89c3-d6d9d738603e,569294a9-9e59-4bcb-ba0b-8434758e21d8,,707516c4-73d5-41b9-9553-f0612ed5cfb1
2025-05-31 06:58:37.806046,bf996092-8d66-408a-8d8e-5065ca3330c2,cbee6c17-cdf8-4f2c-89c3-d6d9d738603e,57e6bf0d-9992-446e-a5d9-3d485274a5de,,f140d75b-8ac8-4a61-be94-12194bfe73cc
2025-05-31 06:59:01.378351,bf996092-8d66-408a-8d8e-5065ca3330c2,cbee6c17-cdf8-4f2c-89c3-d6d9d738603e,5a47e23c-a7d4-4973-9e8e-9db30901ed26,,a41848f0-9fb6-439e-a0de-6da8f2bee1dc
2025-05-31 06:58:39.618719,bf996092-8d66-408a-8d8e-5065ca3330c2,cbee6c17-cdf8-4f2c-89c3-d6d9d738603e,5ac049d3-4a51-41a1-9dbe-ce85d120bb24,,4baba07b-e446-4593-88c6-f9bf71091bb9
2025-05-31 06:58:54.150868,bf996092-8d66-408a-8d8e-5065ca3330c2,cbee6c17-cdf8-4f2c-89c3-d6d9d738603e,5e7792f2-7d06-4600-ba02-78121b4d6856,,af5fafe8-0cb9-45f4-95c0-55d0b8d9c993
2025-05-31 06:57:49.55196,bf996092-8d66-408a-8d8e-5065ca3330c2,cbee6c17-cdf8-4f2c-89c3-d6d9d738603e,63bde4cb-98ce-4465-9b0d-4efc51db63fd,,c6ca34bd-b4ca-4afb-abe8-1b247db79d66
2025-05-31 06:58:43.410343,bf996092-8d66-408a-8d8e-5065ca3330c2,cbee6c17-cdf8-4f2c-89c3-d6d9d738603e,640f2fb3-b454-455f-94d4-ff280e21dc27,,f6184f24-84c4-4716-93f8-9b16c994c209
2025-05-31 06:58:42.702019,bf996092-8d66-408a-8d8e-5065ca3330c2,cbee6c17-cdf8-4f2c-89c3-d6d9d738603e,6a016afe-ce96-447e-862b-f462d3f9d632,,44d76b6e-5787-47dc-bf01-fa37c6cd49bf
2025-05-31 06:57:34.155041,bf996092-8d66-408a-8d8e-5065ca3330c2,cbee6c17-cdf8-4f2c-89c3-d6d9d738603e,6c61f9ed-bbac-4a89-99de-e4653e727434,,568acad0-5336-4c41-adb0-d6a670b7f2bc
2025-05-31 06:57:42.038311,bf996092-8d66-408a-8d8e-5065ca3330c2,cbee6c17-cdf8-4f2c-89c3-d6d9d738603e,704037e5-d93a-4987-978d-27457215868b,,bf7048d7-6fe2-428c-9cde-ae9b85a5aa92
2025-05-31 06:57:57.902351,bf996092-8d66-408a-8d8e-5065ca3330c2,cbee6c17-cdf8-4f2c-89c3-d6d9d738603e,8293c5d3-5beb-4881-8054-cc075cea21fc,,f1dad47e-9f0e-45b4-ace4-d8d6341c4b64
2025-05-31 06:57:30.431801,bf996092-8d66-408a-8d8e-5065ca3330c2,cbee6c17-cdf8-4f2c-89c3-d6d9d738603e,8314d6bc-434d-4d2f-b823-3f9e0d03c9f9,,7bc2040a-c858-42bf-b498-29ff637e9b38
2025-05-31 06:57:56.669367,bf996092-8d66-408a-8d8e-5065ca3330c2,cbee6c17-cdf8-4f2c-89c3-d6d9d738603e,85a35098-5008-42e2-b22d-f24aee948169,,c8815f28-459d-4c9e-aa86-4393fa93f9ae
2025-05-31 06:57:44.036328,bf996092-8d66-408a-8d8e-5065ca3330c2,cbee6c17-cdf8-4f2c-89c3-d6d9d738603e,864d6c69-8cea-4bd1-a2a4-5907c1b34748,,4638620d-b65c-49cd-8984-99acf622c522
2025-05-31 06:58:36.447677,bf996092-8d66-408a-8d8e-5065ca3330c2,cbee6c17-cdf8-4f2c-89c3-d6d9d738603e,88ec4ee9-a24f-4cab-801f-5c167b79549d,,16ac2648-42e2-4b3a-bd52-7022e7d3617e
2025-05-31 06:58:05.451793,bf996092-8d66-408a-8d8e-5065ca3330c2,cbee6c17-cdf8-4f2c-89c3-d6d9d738603e,8a353f86-18c0-42f5-8d71-4974978f80cb,,6070e3b9-703b-4428-a72f-f4bc87d4f93f
2025-05-31 06:57:40.577963,bf996092-8d66-408a-8d8e-5065ca3330c2,cbee6c17-cdf8-4f2c-89c3-d6d9d738603e,8d88e30c-013b-4c4d-87b8-de8596c4f652,,5a5aef78-b0a9-48c2-87ef-406815c82b8c
2025-05-31 06:58:41.309579,bf996092-8d66-408a-8d8e-5065ca3330c2,cbee6c17-cdf8-4f2c-89c3-d6d9d738603e,93ede03c-ee05-4ccc-81bb-94b5df06e88d,,ca1f71c2-bfee-443b-9d21-dd57f3b768fb
2025-05-31 06:57:59.219759,bf996092-8d66-408a-8d8e-5065ca3330c2,cbee6c17-cdf8-4f2c-89c3-d6d9d738603e,9af6b690-5987-474d-bbee-2e130f7e9c4f,,70827bf0-ce06-4f9f-9af1-e4f456cf6353
2025-05-31 06:58:57.592399,bf996092-8d66-408a-8d8e-5065ca3330c2,cbee6c17-cdf8-4f2c-89c3-d6d9d738603e,9b19b384-ce47-4a98-acc1-7f28ed623a3e,,ef2a9335-800f-407e-9205-1b34d62e2c39
2025-05-31 06:58:49.266537,bf996092-8d66-408a-8d8e-5065ca3330c2,cbee6c17-cdf8-4f2c-89c3-d6d9d738603e,9e251281-182b-4e98-8ddc-54dc6d243942,,ef6f9226-0570-4f66-94a9-0deb79d5e5c5
2025-05-31 06:58:24.581465,bf996092-8d66-408a-8d8e-5065ca3330c2,cbee6c17-cdf8-4f2c-89c3-d6d9d738603e,a31bc6d4-bb9c-445d-881a-0bbd72a82575,,ac0833bd-2269-419f-8388-e03b57194a7b
2025-05-31 06:58:42.315501,bf996092-8d66-408a-8d8e-5065ca3330c2,cbee6c17-cdf8-4f2c-89c3-d6d9d738603e,a5bdecc6-4259-4bb6-8adb-f496841e9f9b,,e7e730ce-e47f-46a3-9971-606339097513
2025-05-31 06:58:46.78567,bf996092-8d66-408a-8d8e-5065ca3330c2,cbee6c17-cdf8-4f2c-89c3-d6d9d738603e,a6ad7e4a-8027-4ef4-8fdc-618bf490f3ab,,bce66dff-95c7-40f3-9776-3d3a8da57d3c
2025-05-31 06:58:59.97098,bf996092-8d66-408a-8d8e-5065ca3330c2,cbee6c17-cdf8-4f2c-89c3-d6d9d738603e,ade4566c-ac96-4a5a-8de7-7c0cfa9e306d,,7b7be382-4026-416d-bcc3-8ba0b4df7754
2025-05-31 06:58:50.847318,bf996092-8d66-408a-8d8e-5065ca3330c2,cbee6c17-cdf8-4f2c-89c3-d6d9d738603e,af6b79d5-f802-4f6f-9d7f-e65d52b35c08,,3d5ed049-5024-45fb-a9c2-02757447cb6a
2025-05-31 06:58:52.369096,bf996092-8d66-408a-8d8e-5065ca3330c2,cbee6c17-cdf8-4f2c-89c3-d6d9d738603e,b09ab8dc-d640-41a9-9af9-1caae7c87aa5,,12609196-2430-4de0-9da2-9ccfdba02706
2025-05-31 06:59:00.417592,bf996092-8d66-408a-8d8e-5065ca3330c2,cbee6c17-cdf8-4f2c-89c3-d6d9d738603e,b2792299-330e-42ab-abe2-b1f0bcfb305d,,9f1e769e-02b5-48cb-930f-5c81d4239f89
2025-05-31 06:58:33.871603,bf996092-8d66-408a-8d8e-5065ca3330c2,cbee6c17-cdf8-4f2c-89c3-d6d9d738603e,b7f126c9-b5c6-4c6a-9ccb-5027f838998a,,2ad00063-2a94-45d3-a8d3-e220b3aa414e
2025-05-31 06:58:36.186122,bf996092-8d66-408a-8d8e-5065ca3330c2,cbee6c17-cdf8-4f2c-89c3-d6d9d738603e,c45c3738-a3bb-43be-9225-f5c4d9ef8b5c,,30f4102d-b9f1-46ea-b078-a4f8628404f1
2025-05-31 06:58:45.187515,bf996092-8d66-408a-8d8e-5065ca3330c2,cbee6c17-cdf8-4f2c-89c3-d6d9d738603e,c59f866a-9dc0-487f-8253-6c133d6af9da,,83c78efb-f562-4e96-a7e6-409b9e2bfb14
2025-05-31 06:57:55.05901,bf996092-8d66-408a-8d8e-5065ca3330c2,cbee6c17-cdf8-4f2c-89c3-d6d9d738603e,c793235a-36ab-41b4-8f0b-b904ca0cb571,,7091f5b0-75a6-4e14-bf9a-b8da4e483672
2025-05-31 06:58:56.232178,bf996092-8d66-408a-8d8e-5065ca3330c2,cbee6c17-cdf8-4f2c-89c3-d6d9d738603e,caf7238e-d243-417e-968e-50810cbc0ee2,,b5abd2e8-97b2-442e-a4d2-00c4b059182e
2025-05-31 06:58:47.827355,bf996092-8d66-408a-8d8e-5065ca3330c2,cbee6c17-cdf8-4f2c-89c3-d6d9d738603e,cc200bd7-73e1-43db-8ff8-41f25e032c48,,7a99b77e-19f8-40a2-9f1f-9dd9880444af
2025-05-31 06:57:54.354175,bf996092-8d66-408a-8d8e-5065ca3330c2,cbee6c17-cdf8-4f2c-89c3-d6d9d738603e,d6170c69-c50c-4938-885c-8280b833ea75,,9729758f-6b6a-41ca-91ef-20168bd5b79c
2025-05-31 06:58:32.349058,bf996092-8d66-408a-8d8e-5065ca3330c2,cbee6c17-cdf8-4f2c-89c3-d6d9d738603e,d8b7d6dd-bee9-4d5b-8bce-69c2c23bdca1,,e253c436-6f25-4f8e-b3e9-ed4b852879c1
2025-05-31 06:58:44.637122,bf996092-8d66-408a-8d8e-5065ca3330c2,cbee6c17-cdf8-4f2c-89c3-d6d9d738603e,e8e1014c-df80-424d-b19a-7437c13d0e10,,d822aea0-53fa-4a8f-a70e-399f3e8b9a72
2025-05-31 06:58:06.933537,bf996092-8d66-408a-8d8e-5065ca3330c2,cbee6c17-cdf8-4f2c-89c3-d6d9d738603e,ecedc5f1-a768-477c-884d-8aef79f430dd,,deae7d13-d9a5-4580-a522-ee5181d83601
2025-05-31 06:58:54.847049,bf996092-8d66-408a-8d8e-5065ca3330c2,cbee6c17-cdf8-4f2c-89c3-d6d9d738603e,ed3fb57d-bc76-45c7-ae04-830997371c91,,d500fb1c-a806-4ab8-b0e9-c23ba8ebc467
2025-05-31 06:58:57.829018,bf996092-8d66-408a-8d8e-5065ca3330c2,cbee6c17-cdf8-4f2c-89c3-d6d9d738603e,f669b980-66fa-49e5-9292-4728619bc6a5,,f4d4b221-2020-41a8-88bd-0a75853c4f74
2025-05-31 06:58:12.925718,bf996092-8d66-408a-8d8e-5065ca3330c2,cbee6c17-cdf8-4f2c-89c3-d6d9d738603e,f78bd005-b773-493c-9e99-bbdb721dea79,,ead69cec-00d7-4569-8e84-c928adde14d2
2025-06-10 11:53:55.675297,bf996092-8d66-408a-8d8e-5065ca3330c2,a53412bd-7461-4097-8404-e9dca9bf8ebe,09867de2-73f5-443b-b846-5ac17099ac33,,5496d73e-6942-4061-8b65-b2d37c5f3699
2025-06-10 11:54:16.712421,bf996092-8d66-408a-8d8e-5065ca3330c2,a53412bd-7461-4097-8404-e9dca9bf8ebe,09e23faf-f4ca-4b7e-899e-34730ceef94a,,9e949183-9a0a-42ec-8a29-294c9272b785
2025-06-10 11:54:00.741002,bf996092-8d66-408a-8d8e-5065ca3330c2,a53412bd-7461-4097-8404-e9dca9bf8ebe,0a1ce3e0-e699-4c65-86a2-5a9c40718917,,3cdc38f9-f5c7-43fa-b783-313001bbb59d
2025-06-10 11:54:00.989243,bf996092-8d66-408a-8d8e-5065ca3330c2,a53412bd-7461-4097-8404-e9dca9bf8ebe,0d472c8e-283c-4762-a5d5-d262372092ee,,93b2cdf9-c17c-4c77-a867-94a689c83d58
2025-06-10 11:53:55.197122,bf996092-8d66-408a-8d8e-5065ca3330c2,a53412bd-7461-4097-8404-e9dca9bf8ebe,0db068fe-60ae-4d59-8174-fe8f792502fa,,bf59ca81-396f-45fa-9f2f-29da9f5c0421
2025-06-10 11:54:05.812137,bf996092-8d66-408a-8d8e-5065ca3330c2,a53412bd-7461-4097-8404-e9dca9bf8ebe,0dd0cd7d-1fae-42c8-a578-cdd2c2497f44,,2204664d-33f7-4240-be45-541432f88a52
2025-06-10 11:54:21.663115,bf996092-8d66-408a-8d8e-5065ca3330c2,a53412bd-7461-4097-8404-e9dca9bf8ebe,1689de10-7c0a-4a19-aaf5-4d2c035f044f,,c5040edf-c196-4d8c-a3b0-edfd4592f1da
2025-06-10 11:53:53.111843,bf996092-8d66-408a-8d8e-5065ca3330c2,a53412bd-7461-4097-8404-e9dca9bf8ebe,1d207ef9-9fc2-47b0-a747-1a46492811c8,,84de283a-eddf-47cf-a413-6b155ee4d789
2025-06-10 11:54:02.439264,bf996092-8d66-408a-8d8e-5065ca3330c2,a53412bd-7461-4097-8404-e9dca9bf8ebe,20a9cf4d-0c99-4a09-a8ff-4225cbe7ccba,,15e98ee1-6cef-4bf9-b9b8-6f3bd7d17585
2025-06-10 11:54:02.516309,bf996092-8d66-408a-8d8e-5065ca3330c2,a53412bd-7461-4097-8404-e9dca9bf8ebe,2216141b-382a-4bff-87a5-49914e0c76c1,,7f15e6c2-cb05-47c1-8afd-df1a6006947a
2025-06-10 11:53:57.69151,bf996092-8d66-408a-8d8e-5065ca3330c2,a53412bd-7461-4097-8404-e9dca9bf8ebe,2a5c05d9-447e-48c0-bed4-cadca04ba81d,,0df52903-262a-4dce-8755-800b1d3620e1
2025-06-10 11:53:56.848031,bf996092-8d66-408a-8d8e-5065ca3330c2,a53412bd-7461-4097-8404-e9dca9bf8ebe,332fcc6a-eba3-47c1-a31e-2e7b50d2a86d,,f81ec225-e318-4c1d-831a-d676de163dd3
2025-06-10 11:54:03.412698,bf996092-8d66-408a-8d8e-5065ca3330c2,a53412bd-7461-4097-8404-e9dca9bf8ebe,37cd932a-002d-4dc5-ad3a-00ed08b99b23,,eab8706e-108a-40a4-ada9-4acb450c18e4
2025-06-10 11:54:02.958674,bf996092-8d66-408a-8d8e-5065ca3330c2,a53412bd-7461-4097-8404-e9dca9bf8ebe,46544db8-c546-4b73-83e4-8d569acb1238,,bc99513d-784c-4930-9e95-a572d5d2f485
2025-06-10 11:54:20.314067,bf996092-8d66-408a-8d8e-5065ca3330c2,a53412bd-7461-4097-8404-e9dca9bf8ebe,4787a17f-8541-4783-bdd9-3bfcd609864c,,f5039665-10e3-4493-a0ea-3dea35d25490
2025-06-10 11:54:04.272741,bf996092-8d66-408a-8d8e-5065ca3330c2,a53412bd-7461-4097-8404-e9dca9bf8ebe,47b2f631-4d72-41f6-aa4f-42f9cb2c7373,,25bfcc34-ba96-4aa6-842a-0b5d1a625dee
2025-06-10 11:54:11.852385,bf996092-8d66-408a-8d8e-5065ca3330c2,a53412bd-7461-4097-8404-e9dca9bf8ebe,4a783b8d-33a2-41f0-8ee4-d1c81e212371,,cc563031-8d66-4a71-ab2e-fc7a3ffdf301
2025-06-10 11:53:51.206655,bf996092-8d66-408a-8d8e-5065ca3330c2,a53412bd-7461-4097-8404-e9dca9bf8ebe,4de13125-cf4b-4b8f-8299-e560795e7360,,853ba21f-abb3-4dde-9b95-e54a3c5e3c89
2025-06-10 11:54:01.592658,bf996092-8d66-408a-8d8e-5065ca3330c2,a53412bd-7461-4097-8404-e9dca9bf8ebe,548bd2e3-c2de-4e8f-89cf-56dc2c6bc70c,,0460b94d-6cd9-43e2-b1fa-84c7a2904e6d
2025-06-10 11:54:05.777743,bf996092-8d66-408a-8d8e-5065ca3330c2,a53412bd-7461-4097-8404-e9dca9bf8ebe,55341b2b-d977-4609-88f6-3342cb2e0ee7,,0f908318-d828-4c21-9684-2e1c545dbb0d
2025-06-10 11:53:58.807567,bf996092-8d66-408a-8d8e-5065ca3330c2,a53412bd-7461-4097-8404-e9dca9bf8ebe,599da498-f55a-45df-90ef-de1094d503a2,,5a76e796-8d58-466e-a6fc-b29c31b13af4
2025-06-10 11:53:51.172137,bf996092-8d66-408a-8d8e-5065ca3330c2,a53412bd-7461-4097-8404-e9dca9bf8ebe,5f60ce4b-ccb5-437c-bf18-102e84094c27,,1a4ffc29-e042-442e-982c-fdf4a59751ee
2025-06-10 11:53:59.743463,bf996092-8d66-408a-8d8e-5065ca3330c2,a53412bd-7461-4097-8404-e9dca9bf8ebe,713df8c5-cdb5-432c-851c-3d05b20c59d7,,e1e31ab9-6089-4d9e-8efe-68ee04f64989
2025-06-10 11:54:10.134604,bf996092-8d66-408a-8d8e-5065ca3330c2,a53412bd-7461-4097-8404-e9dca9bf8ebe,7758b27f-9633-40f5-82fd-98e4f2771c64,,d76f4f79-46ad-44d4-877d-62a72411ff0c
2025-06-10 11:53:58.769981,bf996092-8d66-408a-8d8e-5065ca3330c2,a53412bd-7461-4097-8404-e9dca9bf8ebe,782b730b-a0ca-4a8f-8493-7748039282ea,,a40e776a-4c25-4bbc-a36f-7e1253b9bf15
2025-06-10 11:54:13.30795,bf996092-8d66-408a-8d8e-5065ca3330c2,a53412bd-7461-4097-8404-e9dca9bf8ebe,79dd03b5-d702-40eb-aac5-42b4c84f6e3a,,83f1ad75-a80e-4fa1-b90a-47749c39bf3b
2025-06-10 11:54:08.226547,bf996092-8d66-408a-8d8e-5065ca3330c2,a53412bd-7461-4097-8404-e9dca9bf8ebe,7aec9d15-2b52-404d-a5c1-8f961ad655bd,,7782ccc9-63ec-4320-a0a7-57486788f166
2025-06-10 11:54:00.997616,bf996092-8d66-408a-8d8e-5065ca3330c2,a53412bd-7461-4097-8404-e9dca9bf8ebe,817daaaa-39f2-402c-ab81-3f9dd76634f1,,9d8c6bd6-82b0-41b8-9b5b-957344899fb4
2025-06-10 11:54:06.033439,bf996092-8d66-408a-8d8e-5065ca3330c2,a53412bd-7461-4097-8404-e9dca9bf8ebe,88566a53-cbbe-42c4-bf31-25ee0391d423,,d05e0d6a-5ca1-402d-8e1b-fd835363a4ef
2025-06-10 11:53:51.017105,bf996092-8d66-408a-8d8e-5065ca3330c2,a53412bd-7461-4097-8404-e9dca9bf8ebe,8e16788f-1afd-4695-ab1c-cf37ff863049,,099670f1-bcab-4384-9fd6-e0a4e299efba
2025-06-10 11:53:55.69616,bf996092-8d66-408a-8d8e-5065ca3330c2,a53412bd-7461-4097-8404-e9dca9bf8ebe,913bbfa8-094b-4a06-a027-505d5b93fecc,,612f1238-a31e-40ca-b59e-5e52a8a06e2a
2025-06-10 11:54:13.570303,bf996092-8d66-408a-8d8e-5065ca3330c2,a53412bd-7461-4097-8404-e9dca9bf8ebe,935e8323-f80e-4152-8a8e-738d93ee11d2,,cb580b1f-fb19-48af-8205-a8ecdf7efdc9
2025-06-10 11:54:08.704582,bf996092-8d66-408a-8d8e-5065ca3330c2,a53412bd-7461-4097-8404-e9dca9bf8ebe,94e03f3a-7336-428e-9311-29f2219d74dd,,fba0ec3a-ebe7-4d7d-b02c-703e7925ea0e
2025-06-10 11:54:07.138503,bf996092-8d66-408a-8d8e-5065ca3330c2,a53412bd-7461-4097-8404-e9dca9bf8ebe,9694f83a-7bff-4020-acda-3403fe6eeb90,,b132268d-2bd5-4d3f-9dcf-0299af0c5fe6
2025-06-10 11:54:20.591967,bf996092-8d66-408a-8d8e-5065ca3330c2,a53412bd-7461-4097-8404-e9dca9bf8ebe,99868c01-d3c3-4c46-81b0-a87a963fa850,,1d124464-c99c-41bc-b47a-295d4658e7ed
2025-06-10 11:54:08.953163,bf996092-8d66-408a-8d8e-5065ca3330c2,a53412bd-7461-4097-8404-e9dca9bf8ebe,a786c731-abf7-4a30-96d8-140775fbea42,,9bea9670-3102-41ca-9862-6a2516329896
2025-06-10 11:53:53.913039,bf996092-8d66-408a-8d8e-5065ca3330c2,a53412bd-7461-4097-8404-e9dca9bf8ebe,a790ec01-412f-4688-84cd-701e4d9a580c,,650b33e1-2ed0-4281-ae76-7972b8dba2ae
2025-06-10 11:54:07.889492,bf996092-8d66-408a-8d8e-5065ca3330c2,a53412bd-7461-4097-8404-e9dca9bf8ebe,a8b095e1-ee8d-44bd-b969-fb2dc9d6d9b2,,ef2c15e0-325e-402d-a4df-7e42070d5a8a
2025-06-10 11:54:16.644455,bf996092-8d66-408a-8d8e-5065ca3330c2,a53412bd-7461-4097-8404-e9dca9bf8ebe,aedb77fb-a9f0-4c4d-81e9-b13a6fbf2b84,,95da5b46-5491-4e2a-b8ba-9dbdbbe061c7
2025-06-10 11:54:04.53166,bf996092-8d66-408a-8d8e-5065ca3330c2,a53412bd-7461-4097-8404-e9dca9bf8ebe,b4f98639-30a8-4223-915b-ce13cddb9cbb,,b3739d05-d76a-480f-bea6-f642273a8908
2025-06-10 11:54:11.668069,bf996092-8d66-408a-8d8e-5065ca3330c2,a53412bd-7461-4097-8404-e9dca9bf8ebe,b933d1f2-82be-476e-9e0d-060c2115975a,,11adba6c-efd2-49ce-a6c6-d615a4ca5cec
2025-06-10 11:54:04.720531,bf996092-8d66-408a-8d8e-5065ca3330c2,a53412bd-7461-4097-8404-e9dca9bf8ebe,bade9110-e021-4e61-9b08-fe281770e015,,ce5da043-e923-4115-8f55-aa0c2ccde4ed
2025-06-10 11:54:17.959145,bf996092-8d66-408a-8d8e-5065ca3330c2,a53412bd-7461-4097-8404-e9dca9bf8ebe,c9f38f4a-ad05-4b02-ad18-fef6b82fc61a,,d9928b75-c6c3-46e2-b5c4-b945e416b1b5
2025-06-10 11:54:10.525679,bf996092-8d66-408a-8d8e-5065ca3330c2,a53412bd-7461-4097-8404-e9dca9bf8ebe,ca6d38ea-8692-4676-9db5-e2b247406670,,f76ef7f1-3a32-4278-9efa-407db634eaba
2025-06-10 11:54:00.696684,bf996092-8d66-408a-8d8e-5065ca3330c2,a53412bd-7461-4097-8404-e9dca9bf8ebe,d158bb0f-f864-4959-b701-cf4ed3e20527,,4c6456d7-d0cd-4443-ae79-5b36897285a6
2025-06-10 11:54:05.511389,bf996092-8d66-408a-8d8e-5065ca3330c2,a53412bd-7461-4097-8404-e9dca9bf8ebe,e2cda7f2-e6e9-46af-bb80-d8f057ad9a8a,,0d906ac3-ad92-4f6e-9dc4-932890877c42
2025-06-10 11:54:16.257123,bf996092-8d66-408a-8d8e-5065ca3330c2,a53412bd-7461-4097-8404-e9dca9bf8ebe,e5794dc0-e7d9-4943-851b-76ddac770aaa,,dd134fb0-a114-4456-a2f8-13cdaf45a362
2025-06-10 11:53:58.090394,bf996092-8d66-408a-8d8e-5065ca3330c2,a53412bd-7461-4097-8404-e9dca9bf8ebe,e63cc757-32b4-433c-a418-06bb647331de,,bdbb0aee-9e18-4f8a-89c2-04052efedd90
2025-06-10 11:54:10.091618,bf996092-8d66-408a-8d8e-5065ca3330c2,a53412bd-7461-4097-8404-e9dca9bf8ebe,e6bb0297-5dbf-4557-83d2-b4c731470d20,,dcea4fbb-102b-4b71-aeeb-4d014d020c33
2025-06-10 11:53:54.887147,bf996092-8d66-408a-8d8e-5065ca3330c2,a53412bd-7461-4097-8404-e9dca9bf8ebe,e966deaf-e31c-4f3b-a955-3a108b60edcd,,6fc60424-e6d8-457c-acad-9882e6acbb3f
2025-06-10 11:53:51.020409,bf996092-8d66-408a-8d8e-5065ca3330c2,a53412bd-7461-4097-8404-e9dca9bf8ebe,e967aa23-2efd-4474-a561-dea0f982b12a,,9ee1ab0d-e13d-4fc0-9950-74fe1d9d863a
2025-06-10 11:54:22.734436,bf996092-8d66-408a-8d8e-5065ca3330c2,a53412bd-7461-4097-8404-e9dca9bf8ebe,f2cbcb34-8ad3-4793-9495-20e47e971210,,5be2543f-06a8-4004-8c1d-09c5064e0381
2025-06-10 11:53:53.905995,bf996092-8d66-408a-8d8e-5065ca3330c2,a53412bd-7461-4097-8404-e9dca9bf8ebe,f5edf728-f369-450f-8040-e4969d9d4e7f,,424f87c1-6dee-440b-8aea-2309c0ecd21d
2025-06-10 11:53:56.813265,bf996092-8d66-408a-8d8e-5065ca3330c2,a53412bd-7461-4097-8404-e9dca9bf8ebe,f769964e-a5ce-4c41-80a9-ec4ade993c38,,2e50a615-15dd-43e0-88a1-2956da3124bc
2025-07-16 11:22:50.208073,bf996092-8d66-408a-8d8e-5065ca3330c2,61c6206e-6e04-428a-836e-f68959d2a057,49c49b56-9eed-42c8-a45a-dc1973cfdf78,,a054f972-850e-4a73-9b4c-ec3327f0f6b4
2025-07-17 05:53:34.333714,bf996092-8d66-408a-8d8e-5065ca3330c2,61c6206e-6e04-428a-836e-f68959d2a057,cfc61b08-7227-4423-8a3b-e904e2af5c07,,30b04cb9-1b77-4dc8-9105-e00854f3b5a1
