id,bim360_account_id,bim360_project_id,form_id,attachment_id,attachment_type,item_urn,is_deleted,updated_by,created_by,created_at,updated_at
ebc390c9-f9cd-471f-b2ac-7889e22b5f51,bf996092-8d66-408a-8d8e-5065ca3330c2,f6ab14eb-1a66-4ea5-8a0f-0afbda444403,00ab2cfc-8dec-407c-b1d8-6156fa151236,ebc390c9-f9cd-471f-b2ac-7889e22b5f51,form,urn:adsk.wipprod:dm.lineage:LctmoPYbTFKYhyvCaVpJVg,f,BFH2KAVSNP5G463F,BFH2KAVSNP5G463F,2025-08-27 11:26:32,2025-08-27 11:26:32
7cbdffb4-2e47-4f62-bfdb-7909d9bfdce9,bf996092-8d66-408a-8d8e-5065ca3330c2,f6ab14eb-1a66-4ea5-8a0f-0afbda444403,00ab2cfc-8dec-407c-b1d8-6156fa151236,7cbdffb4-2e47-4f62-bfdb-7909d9bfdce9,form,urn:adsk.wipprod:dm.lineage:fE0YE2vxTJiiC06dWVVu3w,f,BFH2KAVSNP5G463F,BFH2KAVSNP5G463F,2025-08-27 11:26:32,2025-08-27 11:26:32
fe8d20b5-8216-48c8-9148-c563ed4def3d,bf996092-8d66-408a-8d8e-5065ca3330c2,f6ab14eb-1a66-4ea5-8a0f-0afbda444403,f340e86e-7ec6-4287-a5de-3c0e3a9a568e,fe8d20b5-8216-48c8-9148-c563ed4def3d,form,urn:adsk.wipprod:dm.lineage:z3Y92omIQLe4_9QpKb1Wbg,t,BFH2KAVSNP5G463F,BFH2KAVSNP5G463F,2025-07-22 15:10:21,2025-07-22 15:10:30
e693203f-5e76-46cf-ad2e-0761b70a1c50,bf996092-8d66-408a-8d8e-5065ca3330c2,f6ab14eb-1a66-4ea5-8a0f-0afbda444403,f340e86e-7ec6-4287-a5de-3c0e3a9a568e,e693203f-5e76-46cf-ad2e-0761b70a1c50,form,urn:adsk.wipprod:dm.lineage:9fVxaFTlQ4GO7W31YJIMJg,f,BFH2KAVSNP5G463F,BFH2KAVSNP5G463F,2025-07-22 15:10:56,2025-07-22 15:10:56
9bc3a256-5ef0-42e1-ae09-49065feab07b,bf996092-8d66-408a-8d8e-5065ca3330c2,f6ab14eb-1a66-4ea5-8a0f-0afbda444403,32f76fb0-9c22-489c-aec2-7609fdd27be4,9bc3a256-5ef0-42e1-ae09-49065feab07b,form,urn:adsk.wipprod:dm.lineage:xpr7wn9FTa297yXFSHAk2A,f,BFH2KAVSNP5G463F,BFH2KAVSNP5G463F,2025-08-27 11:48:09,2025-08-27 11:48:09
cd1f17bd-34d5-4af0-bea5-d7bed5975c14,bf996092-8d66-408a-8d8e-5065ca3330c2,f6ab14eb-1a66-4ea5-8a0f-0afbda444403,32f76fb0-9c22-489c-aec2-7609fdd27be4,cd1f17bd-34d5-4af0-bea5-d7bed5975c14,form,urn:adsk.wipprod:dm.lineage:-JKCpPo1RR6S00NuHC8JPQ,f,BFH2KAVSNP5G463F,BFH2KAVSNP5G463F,2025-08-27 11:48:09,2025-08-27 11:48:09
8dd49d89-e1f7-4d3c-bb7d-8606de6502fe,bf996092-8d66-408a-8d8e-5065ca3330c2,f6ab14eb-1a66-4ea5-8a0f-0afbda444403,a781e4a7-f5ba-4022-8415-f32b9066837a,8dd49d89-e1f7-4d3c-bb7d-8606de6502fe,form,urn:adsk.wipprod:dm.lineage:uMJUWOCCQO2VPPMr5JDXdw,f,BFH2KAVSNP5G463F,BFH2KAVSNP5G463F,2025-08-27 11:56:46,2025-08-27 11:56:46
7d7d03a0-52e0-468f-9a03-93e98db45644,bf996092-8d66-408a-8d8e-5065ca3330c2,f6ab14eb-1a66-4ea5-8a0f-0afbda444403,a781e4a7-f5ba-4022-8415-f32b9066837a,7d7d03a0-52e0-468f-9a03-93e98db45644,form,urn:adsk.wipprod:dm.lineage:pCr7FW1xR7ivKnK_E-3iYQ,f,BFH2KAVSNP5G463F,BFH2KAVSNP5G463F,2025-08-27 11:56:52,2025-08-27 11:56:52
1fa37396-496e-4204-83d0-ca6a4920a430,bf996092-8d66-408a-8d8e-5065ca3330c2,967e785d-d83c-490b-8d6a-2ed926c956ac,1a128180-65ea-48fc-884d-28213f67c5fa,1fa37396-496e-4204-83d0-ca6a4920a430,form,urn:adsk.wipprod:dm.lineage:sjaBp4fRTYGHtV6satMdDQ,f,U8Q2F3P4M3PWWQXF,U8Q2F3P4M3PWWQXF,2025-07-10 04:52:40,2025-07-10 04:52:40
a5e43c15-29b4-4cdd-a0b2-ac307a0f08fe,bf996092-8d66-408a-8d8e-5065ca3330c2,f679f4cf-c089-4a2b-9b84-b14129630601,7a2df4e5-354c-4c8e-bfef-8438ab59d72e,a5e43c15-29b4-4cdd-a0b2-ac307a0f08fe,form,urn:adsk.wipprod:dm.lineage:BrN7PdPOR4aeBu6LpG4WAw,f,3TSJN3BRN9YVX2DX,3TSJN3BRN9YVX2DX,2025-07-23 11:03:00,2025-07-23 11:03:00
e6bf3865-0436-41f7-8881-14859b8d355a,bf996092-8d66-408a-8d8e-5065ca3330c2,f6ab14eb-1a66-4ea5-8a0f-0afbda444403,18674e7e-9b3a-4fda-8be5-50814c0622ca,e6bf3865-0436-41f7-8881-14859b8d355a,form,urn:adsk.wipprod:dm.lineage:afCJnYdLRRuFOsxG6mkMuA,f,BFH2KAVSNP5G463F,BFH2KAVSNP5G463F,2025-08-08 10:05:11,2025-08-08 10:05:11
39f07978-dc18-444c-aaf8-9a7e4dced788,bf996092-8d66-408a-8d8e-5065ca3330c2,f6ab14eb-1a66-4ea5-8a0f-0afbda444403,18674e7e-9b3a-4fda-8be5-50814c0622ca,39f07978-dc18-444c-aaf8-9a7e4dced788,form,urn:adsk.wipprod:dm.lineage:TSAQ7vdsQ26qcLjByh_BTg,f,BFH2KAVSNP5G463F,BFH2KAVSNP5G463F,2025-08-08 10:05:12,2025-08-08 10:05:12
fffcf751-a0ec-4807-9a2c-6a3658d97f87,bf996092-8d66-408a-8d8e-5065ca3330c2,f679f4cf-c089-4a2b-9b84-b14129630601,70850272-0ed9-40a7-985e-bc4ecae33481,fffcf751-a0ec-4807-9a2c-6a3658d97f87,form,urn:adsk.wipprod:dm.lineage:pwCjaYheSS-8Kml60Fwyyw,f,3TSJN3BRN9YVX2DX,3TSJN3BRN9YVX2DX,2025-07-23 11:05:20,2025-07-23 11:05:20
e00a8d73-4bdc-477c-a739-8eeb31d1c999,bf996092-8d66-408a-8d8e-5065ca3330c2,f679f4cf-c089-4a2b-9b84-b14129630601,70850272-0ed9-40a7-985e-bc4ecae33481,e00a8d73-4bdc-477c-a739-8eeb31d1c999,form,urn:adsk.wipprod:dm.lineage:Gpih_3GUT9GNgu16yBZjgw,t,3TSJN3BRN9YVX2DX,3TSJN3BRN9YVX2DX,2025-07-23 11:05:32,2025-07-23 11:05:34
0771abec-fadd-4ab9-a57b-590e8370ffb0,bf996092-8d66-408a-8d8e-5065ca3330c2,f679f4cf-c089-4a2b-9b84-b14129630601,70850272-0ed9-40a7-985e-bc4ecae33481,0771abec-fadd-4ab9-a57b-590e8370ffb0,form,urn:adsk.wipprod:dm.lineage:JnHksR3pQ7W8YB2qRpxOTw,t,3TSJN3BRN9YVX2DX,3TSJN3BRN9YVX2DX,2025-07-23 11:05:26,2025-07-23 11:05:36
9421bc96-a13a-4307-99f6-ec79554ba3c1,bf996092-8d66-408a-8d8e-5065ca3330c2,f679f4cf-c089-4a2b-9b84-b14129630601,70850272-0ed9-40a7-985e-bc4ecae33481,9421bc96-a13a-4307-99f6-ec79554ba3c1,form,urn:adsk.wipprod:dm.lineage:l_JWUQC6RnO0P-Fc5QpNiA,t,3TSJN3BRN9YVX2DX,3TSJN3BRN9YVX2DX,2025-07-23 11:05:12,2025-07-23 11:05:38
28a5aa1e-a04c-42a8-b8be-c5be79719e93,bf996092-8d66-408a-8d8e-5065ca3330c2,f679f4cf-c089-4a2b-9b84-b14129630601,e1ef68e4-6565-434f-bb48-b4bdaa91e82c,28a5aa1e-a04c-42a8-b8be-c5be79719e93,form,urn:adsk.wipprod:dm.lineage:1JEq8glQSnqTxSaHX2IHQQ,f,HJQ2F2PVKF9BT95Z,HJQ2F2PVKF9BT95Z,2025-07-31 05:12:56,2025-07-31 05:12:56
24384ad9-b0eb-48ac-987d-189d1e70d41e,bf996092-8d66-408a-8d8e-5065ca3330c2,f679f4cf-c089-4a2b-9b84-b14129630601,e1ef68e4-6565-434f-bb48-b4bdaa91e82c,24384ad9-b0eb-48ac-987d-189d1e70d41e,form,urn:adsk.wipprod:dm.lineage:OpR6ppeaSpO4hEguJv2XWg,f,HJQ2F2PVKF9BT95Z,HJQ2F2PVKF9BT95Z,2025-07-31 05:13:23,2025-07-31 05:13:23
c64189bc-c128-4373-b198-fab582d7df86,bf996092-8d66-408a-8d8e-5065ca3330c2,f679f4cf-c089-4a2b-9b84-b14129630601,59447d77-e4e1-4975-8aa8-a04f4be620d8,c64189bc-c128-4373-b198-fab582d7df86,form,urn:adsk.wipprod:dm.lineage:r-go2K04ThKtlMyPBaWbsw,f,HJQ2F2PVKF9BT95Z,HJQ2F2PVKF9BT95Z,2025-07-31 05:15:49,2025-07-31 05:15:49
777668a2-3792-4989-9c8e-bb9c0e3f87d6,bf996092-8d66-408a-8d8e-5065ca3330c2,f679f4cf-c089-4a2b-9b84-b14129630601,59447d77-e4e1-4975-8aa8-a04f4be620d8,777668a2-3792-4989-9c8e-bb9c0e3f87d6,form,urn:adsk.wipprod:dm.lineage:lHpJ7KK2RUu-6jYIsei7EA,f,HJQ2F2PVKF9BT95Z,HJQ2F2PVKF9BT95Z,2025-07-31 05:16:08,2025-07-31 05:16:08
d33db651-ffec-4c53-a411-a6aa2120213c,bf996092-8d66-408a-8d8e-5065ca3330c2,f679f4cf-c089-4a2b-9b84-b14129630601,895fa637-5052-407c-acc0-0901ac94bafc,d33db651-ffec-4c53-a411-a6aa2120213c,form,urn:adsk.wipprod:dm.lineage:2V2I4pxZRlm_WwzZaUqJ1w,f,HJQ2F2PVKF9BT95Z,HJQ2F2PVKF9BT95Z,2025-07-31 05:18:04,2025-07-31 05:18:04
e08134dd-e99a-446a-b8de-3310466f7d83,bf996092-8d66-408a-8d8e-5065ca3330c2,ada6015d-9fce-4f2c-b20f-fc9122d2face,9ff86a46-68ac-46ec-8bdd-241da6168fc0,e08134dd-e99a-446a-b8de-3310466f7d83,form,urn:adsk.wipprod:dm.lineage:vMyq6NdBStSPdcq7oGkYVA,f,3NH2Q57QKQWJE37V,3NH2Q57QKQWJE37V,2025-07-31 06:01:31,2025-07-31 06:01:31
f0b5eb9f-314c-4776-ab82-1338050df717,bf996092-8d66-408a-8d8e-5065ca3330c2,f6ab14eb-1a66-4ea5-8a0f-0afbda444403,74a29d77-5232-45a0-9a01-54cd4a99a6b5,f0b5eb9f-314c-4776-ab82-1338050df717,form,urn:adsk.wipprod:dm.lineage:4fXwhI7JTTCUVZIe18aCSg,f,BFH2KAVSNP5G463F,BFH2KAVSNP5G463F,2025-07-17 04:35:31,2025-07-17 04:35:31
c83c50e2-c07c-4857-abd9-045c6ccedb01,bf996092-8d66-408a-8d8e-5065ca3330c2,f6ab14eb-1a66-4ea5-8a0f-0afbda444403,74a29d77-5232-45a0-9a01-54cd4a99a6b5,c83c50e2-c07c-4857-abd9-045c6ccedb01,form,urn:adsk.wipprod:dm.lineage:Q3klmqLrQ8mReiEeUDmaPw,t,BFH2KAVSNP5G463F,BFH2KAVSNP5G463F,2025-07-17 04:35:12,2025-07-17 04:35:33
9e6f6e0a-0031-41f4-9abe-53e6859bcfe9,bf996092-8d66-408a-8d8e-5065ca3330c2,f6ab14eb-1a66-4ea5-8a0f-0afbda444403,76a62575-7228-4854-83e7-358391f8d6a7,9e6f6e0a-0031-41f4-9abe-53e6859bcfe9,form,urn:adsk.wipprod:dm.lineage:cESUHm-PQFajCWTSihjdwA,f,BFH2KAVSNP5G463F,BFH2KAVSNP5G463F,2025-07-17 04:44:05,2025-07-17 04:44:05
f73fdba8-35b3-4d47-a623-1d5fc5d93e3a,bf996092-8d66-408a-8d8e-5065ca3330c2,f6ab14eb-1a66-4ea5-8a0f-0afbda444403,76a62575-7228-4854-83e7-358391f8d6a7,f73fdba8-35b3-4d47-a623-1d5fc5d93e3a,form,urn:adsk.wipprod:dm.lineage:qAJj7-f6R5GiWhvGQfTEeQ,f,BFH2KAVSNP5G463F,BFH2KAVSNP5G463F,2025-07-17 04:44:33,2025-07-17 04:44:33
d4e2f004-e6d8-4eb6-acad-63119c841cef,bf996092-8d66-408a-8d8e-5065ca3330c2,f6ab14eb-1a66-4ea5-8a0f-0afbda444403,76a62575-7228-4854-83e7-358391f8d6a7,d4e2f004-e6d8-4eb6-acad-63119c841cef,form,urn:adsk.wipprod:dm.lineage:NIfDf4PDQgKvJw_KCzZUig,t,BFH2KAVSNP5G463F,BFH2KAVSNP5G463F,2025-07-17 04:44:29,2025-07-17 10:20:25
535eeada-ec0e-48cd-84de-96a9a1620098,bf996092-8d66-408a-8d8e-5065ca3330c2,f6ab14eb-1a66-4ea5-8a0f-0afbda444403,c72c751b-5f47-4f94-945d-b0c140e27564,535eeada-ec0e-48cd-84de-96a9a1620098,form,urn:adsk.wipprod:dm.lineage:kV_KzesgQUCBJhlhqzTLLA,t,BFH2KAVSNP5G463F,BFH2KAVSNP5G463F,2025-07-17 04:51:00,2025-07-17 04:51:02
38da84e8-f218-4d19-97bb-5dca5cb5f306,bf996092-8d66-408a-8d8e-5065ca3330c2,f6ab14eb-1a66-4ea5-8a0f-0afbda444403,c72c751b-5f47-4f94-945d-b0c140e27564,38da84e8-f218-4d19-97bb-5dca5cb5f306,form,urn:adsk.wipprod:dm.lineage:dyyjY4ZQRU-rK0Htte7IVw,f,BFH2KAVSNP5G463F,BFH2KAVSNP5G463F,2025-07-17 04:51:22,2025-07-17 04:51:22
601a9885-2077-468a-9a60-40bc45f38a4e,bf996092-8d66-408a-8d8e-5065ca3330c2,f6ab14eb-1a66-4ea5-8a0f-0afbda444403,c72c751b-5f47-4f94-945d-b0c140e27564,601a9885-2077-468a-9a60-40bc45f38a4e,form,urn:adsk.wipprod:dm.lineage:FsEF0okvRTCi4_M2YUO2Ig,f,BFH2KAVSNP5G463F,BFH2KAVSNP5G463F,2025-07-17 04:51:37,2025-07-17 04:51:37
05a6d08f-e16f-47d7-8107-df00314719f8,bf996092-8d66-408a-8d8e-5065ca3330c2,f6ab14eb-1a66-4ea5-8a0f-0afbda444403,cd78f253-adad-4059-acd3-cbe75def5d89,05a6d08f-e16f-47d7-8107-df00314719f8,form,urn:adsk.wipprod:dm.lineage:VzzoJq65RQuLbUH-rD8JeA,f,BFH2KAVSNP5G463F,BFH2KAVSNP5G463F,2025-07-17 05:26:38,2025-07-17 05:26:38
a3f116f8-6ec8-4338-b477-04f4e9b49b65,bf996092-8d66-408a-8d8e-5065ca3330c2,f6ab14eb-1a66-4ea5-8a0f-0afbda444403,1c544362-2c2b-441b-bbc4-7a1434f45187,a3f116f8-6ec8-4338-b477-04f4e9b49b65,form,urn:adsk.wipprod:dm.lineage:dGBbLBUdRvKXkW9emfVGiw,f,BFH2KAVSNP5G463F,BFH2KAVSNP5G463F,2025-07-17 05:37:19,2025-07-17 05:37:19
ded5ee66-d58c-480f-94d4-b964845af2f1,bf996092-8d66-408a-8d8e-5065ca3330c2,f6ab14eb-1a66-4ea5-8a0f-0afbda444403,601b5fb2-114c-4535-af45-55454fbd1fda,ded5ee66-d58c-480f-94d4-b964845af2f1,form,urn:adsk.wipprod:dm.lineage:y2BPqU1ZTxGCcuDGkl5sAw,f,BFH2KAVSNP5G463F,BFH2KAVSNP5G463F,2025-07-17 09:15:54,2025-07-17 09:15:54
8267126b-2a8b-42ea-959a-6591a2eca883,bf996092-8d66-408a-8d8e-5065ca3330c2,f6ab14eb-1a66-4ea5-8a0f-0afbda444403,27c16ffe-34c2-4563-867f-b51a85844a04,8267126b-2a8b-42ea-959a-6591a2eca883,form,urn:adsk.wipprod:dm.lineage:7k10B3tCQzedAakIEVskSg,f,BFH2KAVSNP5G463F,BFH2KAVSNP5G463F,2025-07-17 09:29:20,2025-07-17 09:29:20
b3c63ea9-2b34-4f15-8d94-9a53b380e504,bf996092-8d66-408a-8d8e-5065ca3330c2,f6ab14eb-1a66-4ea5-8a0f-0afbda444403,ddcb31c2-f450-423f-ac18-0d60587208f9,b3c63ea9-2b34-4f15-8d94-9a53b380e504,form,urn:adsk.wipprod:dm.lineage:UOzUzd9mTD2V1bLM98NQug,f,BFH2KAVSNP5G463F,BFH2KAVSNP5G463F,2025-07-17 09:49:57,2025-07-17 09:49:57
cb71f0d3-a5b3-452c-ba72-9675b9ff5d17,bf996092-8d66-408a-8d8e-5065ca3330c2,f6ab14eb-1a66-4ea5-8a0f-0afbda444403,ddcb31c2-f450-423f-ac18-0d60587208f9,cb71f0d3-a5b3-452c-ba72-9675b9ff5d17,form,urn:adsk.wipprod:dm.lineage:f8_sF2YeQwC_EC5U12ZeEw,f,BFH2KAVSNP5G463F,BFH2KAVSNP5G463F,2025-07-17 09:50:10,2025-07-17 09:50:10
807c52ce-8eeb-450b-b7f2-78e79d78729d,bf996092-8d66-408a-8d8e-5065ca3330c2,f6ab14eb-1a66-4ea5-8a0f-0afbda444403,ddcb31c2-f450-423f-ac18-0d60587208f9,807c52ce-8eeb-450b-b7f2-78e79d78729d,form,urn:adsk.wipprod:dm.lineage:XErN1M2PSdOO0B3B-ujqgQ,f,NXBJU9KZRN2LR6EX,NXBJU9KZRN2LR6EX,2025-07-17 10:05:03,2025-07-17 10:05:03
5ce35947-5c14-4207-934e-7eddf5500d7e,bf996092-8d66-408a-8d8e-5065ca3330c2,f6ab14eb-1a66-4ea5-8a0f-0afbda444403,ddcb31c2-f450-423f-ac18-0d60587208f9,5ce35947-5c14-4207-934e-7eddf5500d7e,form,urn:adsk.wipprod:dm.lineage:rlnnmQ9bQ42BP9O8eEs7pA,f,NXBJU9KZRN2LR6EX,NXBJU9KZRN2LR6EX,2025-07-17 10:05:07,2025-07-17 10:05:07
4b7f0163-c005-4924-8753-04cafb20f6fc,bf996092-8d66-408a-8d8e-5065ca3330c2,f6ab14eb-1a66-4ea5-8a0f-0afbda444403,0faf3ec2-4362-407a-9cab-84add217b8b9,4b7f0163-c005-4924-8753-04cafb20f6fc,form,urn:adsk.wipprod:dm.lineage:KjC3h_C9QbC9Rng-qwufUg,f,BFH2KAVSNP5G463F,BFH2KAVSNP5G463F,2025-07-17 10:15:34,2025-07-17 10:15:34
e66b3a0f-e383-4438-91d9-f53b78109503,bf996092-8d66-408a-8d8e-5065ca3330c2,f6ab14eb-1a66-4ea5-8a0f-0afbda444403,125b2fc5-3ddb-4c27-b12a-35ccf5ead99c,e66b3a0f-e383-4438-91d9-f53b78109503,form,urn:adsk.wipprod:dm.lineage:8bEHtIbhRoaSr7VmFlO9NQ,f,BFH2KAVSNP5G463F,BFH2KAVSNP5G463F,2025-07-18 12:28:12,2025-07-18 12:28:12
34cb3f40-37a6-41ae-94b1-0d07195b15b6,bf996092-8d66-408a-8d8e-5065ca3330c2,f6ab14eb-1a66-4ea5-8a0f-0afbda444403,125b2fc5-3ddb-4c27-b12a-35ccf5ead99c,34cb3f40-37a6-41ae-94b1-0d07195b15b6,form,urn:adsk.wipprod:dm.lineage:WX_WaadPRXmDM2CeoOvPyg,f,BFH2KAVSNP5G463F,BFH2KAVSNP5G463F,2025-07-18 12:28:13,2025-07-18 12:28:13
f59b932a-dbb0-4560-ba4b-5654b14f366b,bf996092-8d66-408a-8d8e-5065ca3330c2,f6ab14eb-1a66-4ea5-8a0f-0afbda444403,be471323-e986-43a6-8206-47bafd0b39c1,f59b932a-dbb0-4560-ba4b-5654b14f366b,form,urn:adsk.wipprod:dm.lineage:4NTlJJnwRautGuAgwI0XNw,f,BFH2KAVSNP5G463F,BFH2KAVSNP5G463F,2025-07-18 12:52:46,2025-07-18 12:52:46
50bf4e0a-4c6d-40ff-aa8e-05c3eaa461af,bf996092-8d66-408a-8d8e-5065ca3330c2,f6ab14eb-1a66-4ea5-8a0f-0afbda444403,be471323-e986-43a6-8206-47bafd0b39c1,50bf4e0a-4c6d-40ff-aa8e-05c3eaa461af,form,urn:adsk.wipprod:dm.lineage:Wo2ItHsETeOMF9-FDFGmnw,f,BFH2KAVSNP5G463F,BFH2KAVSNP5G463F,2025-07-18 12:52:56,2025-07-18 12:52:56
b2c0dc65-1ce7-409e-a9ec-2150c09fd778,bf996092-8d66-408a-8d8e-5065ca3330c2,f6ab14eb-1a66-4ea5-8a0f-0afbda444403,36b4267b-edad-4d40-9c77-c38f835e35a3,b2c0dc65-1ce7-409e-a9ec-2150c09fd778,form,urn:adsk.wipprod:dm.lineage:CBGqm2M1TI2sbnR9C0d0UQ,f,BFH2KAVSNP5G463F,BFH2KAVSNP5G463F,2025-07-18 13:26:20,2025-07-18 13:26:20
d939a985-fb44-4054-8ade-51009b9c6da6,bf996092-8d66-408a-8d8e-5065ca3330c2,f6ab14eb-1a66-4ea5-8a0f-0afbda444403,36b4267b-edad-4d40-9c77-c38f835e35a3,d939a985-fb44-4054-8ade-51009b9c6da6,form,urn:adsk.wipprod:dm.lineage:ewqhCcO_QzKCP23plBDWRw,f,BFH2KAVSNP5G463F,BFH2KAVSNP5G463F,2025-07-18 13:26:30,2025-07-18 13:26:30
30878c2e-7f0f-4e7a-b186-b9199ee18c24,bf996092-8d66-408a-8d8e-5065ca3330c2,f6ab14eb-1a66-4ea5-8a0f-0afbda444403,c0ea3bf9-cbf5-4fa4-aa3c-98399bd989a2,30878c2e-7f0f-4e7a-b186-b9199ee18c24,form,urn:adsk.wipprod:dm.lineage:yRZVlSJtQO-wcRb9F6Ynaw,t,BFH2KAVSNP5G463F,BFH2KAVSNP5G463F,2025-07-18 13:39:12,2025-07-18 13:39:22
e2311bec-7ab3-48d9-b541-3bd76f16b09d,bf996092-8d66-408a-8d8e-5065ca3330c2,f6ab14eb-1a66-4ea5-8a0f-0afbda444403,c0ea3bf9-cbf5-4fa4-aa3c-98399bd989a2,e2311bec-7ab3-48d9-b541-3bd76f16b09d,form,urn:adsk.wipprod:dm.lineage:iqm9OuwbQaCPEGW0Mz-kvQ,t,BFH2KAVSNP5G463F,BFH2KAVSNP5G463F,2025-07-18 13:39:17,2025-07-18 13:39:46
0b38a440-541a-4ea9-9e17-4c824a3f6c59,bf996092-8d66-408a-8d8e-5065ca3330c2,f6ab14eb-1a66-4ea5-8a0f-0afbda444403,c0ea3bf9-cbf5-4fa4-aa3c-98399bd989a2,0b38a440-541a-4ea9-9e17-4c824a3f6c59,form,urn:adsk.wipprod:dm.lineage:K1YogkBZQJOPYTYPSu-iCw,f,BFH2KAVSNP5G463F,BFH2KAVSNP5G463F,2025-07-18 13:39:49,2025-07-18 13:39:49
60eec05f-db77-4b70-b40a-b199deb9c496,bf996092-8d66-408a-8d8e-5065ca3330c2,f6ab14eb-1a66-4ea5-8a0f-0afbda444403,c0ea3bf9-cbf5-4fa4-aa3c-98399bd989a2,60eec05f-db77-4b70-b40a-b199deb9c496,form,urn:adsk.wipprod:dm.lineage:ySk68ZI2S7-f3mHqWkWfWQ,f,BFH2KAVSNP5G463F,BFH2KAVSNP5G463F,2025-07-18 13:40:41,2025-07-18 13:40:41
7b752c85-5f03-478f-866d-b44107d7104e,bf996092-8d66-408a-8d8e-5065ca3330c2,f6ab14eb-1a66-4ea5-8a0f-0afbda444403,e815cbec-ce16-4f50-befd-df338325020c,7b752c85-5f03-478f-866d-b44107d7104e,form,urn:adsk.wipprod:dm.lineage:dMIMasClRpa3hbMupz0Fjg,f,BFH2KAVSNP5G463F,BFH2KAVSNP5G463F,2025-07-18 13:55:44,2025-07-18 13:55:44
f049e967-75eb-41e2-bf7f-a8d0cf028199,bf996092-8d66-408a-8d8e-5065ca3330c2,f6ab14eb-1a66-4ea5-8a0f-0afbda444403,e815cbec-ce16-4f50-befd-df338325020c,f049e967-75eb-41e2-bf7f-a8d0cf028199,form,urn:adsk.wipprod:dm.lineage:4d6wF_i5TQmPhkaRquFbSw,f,BFH2KAVSNP5G463F,BFH2KAVSNP5G463F,2025-07-18 13:55:48,2025-07-18 13:55:48
85093896-ad64-416d-b8f8-df5532f748c1,bf996092-8d66-408a-8d8e-5065ca3330c2,f6ab14eb-1a66-4ea5-8a0f-0afbda444403,d340585c-41c3-49ef-8fcf-e14d46c0023a,85093896-ad64-416d-b8f8-df5532f748c1,form,urn:adsk.wipprod:dm.lineage:NdhuViPeTPed3qiFlvr2HA,f,BFH2KAVSNP5G463F,BFH2KAVSNP5G463F,2025-07-18 14:12:48,2025-07-18 14:12:48
f81582db-9f68-4983-8d8c-1d0dfd45519b,bf996092-8d66-408a-8d8e-5065ca3330c2,f6ab14eb-1a66-4ea5-8a0f-0afbda444403,d340585c-41c3-49ef-8fcf-e14d46c0023a,f81582db-9f68-4983-8d8c-1d0dfd45519b,form,urn:adsk.wipprod:dm.lineage:XTbkOFEmSmGUfTOpdqRxhQ,f,BFH2KAVSNP5G463F,BFH2KAVSNP5G463F,2025-07-18 14:12:54,2025-07-18 14:12:54
a59e42b1-bacc-442a-8373-71b9021ec689,bf996092-8d66-408a-8d8e-5065ca3330c2,f679f4cf-c089-4a2b-9b84-b14129630601,b53e624b-7ecb-4e3d-9b99-13de0b824ed0,a59e42b1-bacc-442a-8373-71b9021ec689,form,urn:adsk.wipprod:dm.lineage:MYIw9wnARo6jU19lP_UOCw,f,3AJ2UBWNPMNWLHCM,3AJ2UBWNPMNWLHCM,2025-07-25 11:20:17,2025-07-25 11:20:17
f0f9adef-d688-416d-943b-399a71ded03e,bf996092-8d66-408a-8d8e-5065ca3330c2,f679f4cf-c089-4a2b-9b84-b14129630601,f8ab9278-dd19-4a44-8273-f0cb7bab7c19,f0f9adef-d688-416d-943b-399a71ded03e,form,urn:adsk.wipprod:dm.lineage:jaWT3kD7QEunCilOEyDBpg,f,HJQ2F2PVKF9BT95Z,HJQ2F2PVKF9BT95Z,2025-07-25 11:34:03,2025-07-25 11:34:03
e2273d87-7071-4b12-80de-de83cc1bb840,bf996092-8d66-408a-8d8e-5065ca3330c2,f679f4cf-c089-4a2b-9b84-b14129630601,db29a7fa-d95d-462f-bafd-05f2c4d20f36,e2273d87-7071-4b12-80de-de83cc1bb840,form,urn:adsk.wipprod:dm.lineage:ne6yiXtpSH-7ASHv1tsJeg,f,HJQ2F2PVKF9BT95Z,HJQ2F2PVKF9BT95Z,2025-07-25 11:36:25,2025-07-25 11:36:25
c6fc36b3-5a10-4110-bccc-758611e66417,bf996092-8d66-408a-8d8e-5065ca3330c2,f679f4cf-c089-4a2b-9b84-b14129630601,db29a7fa-d95d-462f-bafd-05f2c4d20f36,c6fc36b3-5a10-4110-bccc-758611e66417,form,urn:adsk.wipprod:dm.lineage:O8umRBjWR5mx9lzcS3nwyA,f,HJQ2F2PVKF9BT95Z,HJQ2F2PVKF9BT95Z,2025-07-25 11:37:18,2025-07-25 11:37:18
d5968dbf-80fb-44ba-82a4-25300cd2c82c,bf996092-8d66-408a-8d8e-5065ca3330c2,f679f4cf-c089-4a2b-9b84-b14129630601,0e2fb3a9-2a3b-4d74-959e-8c27959150a0,d5968dbf-80fb-44ba-82a4-25300cd2c82c,form,urn:adsk.wipprod:dm.lineage:hvgNhlC1SsKrWiBTQc2M0Q,f,HJQ2F2PVKF9BT95Z,HJQ2F2PVKF9BT95Z,2025-07-25 11:39:23,2025-07-25 11:39:23
2fbc4e12-4e68-4bb0-97f5-1932b9f86199,bf996092-8d66-408a-8d8e-5065ca3330c2,f679f4cf-c089-4a2b-9b84-b14129630601,bf1f5f09-7de0-405c-bee7-99d074cc6cdd,2fbc4e12-4e68-4bb0-97f5-1932b9f86199,form,urn:adsk.wipprod:dm.lineage:E6uyCVztRdan3VQx7qsvAw,f,HJQ2F2PVKF9BT95Z,HJQ2F2PVKF9BT95Z,2025-07-25 11:43:24,2025-07-25 11:43:24
5dcb5ead-8292-41f8-919d-611398e26a44,bf996092-8d66-408a-8d8e-5065ca3330c2,f679f4cf-c089-4a2b-9b84-b14129630601,bf1f5f09-7de0-405c-bee7-99d074cc6cdd,5dcb5ead-8292-41f8-919d-611398e26a44,form,urn:adsk.wipprod:dm.lineage:pp59BH0SQWCPOUMOb8Is1w,f,HJQ2F2PVKF9BT95Z,HJQ2F2PVKF9BT95Z,2025-07-25 11:43:57,2025-07-25 11:43:57
a688f554-b460-4658-982f-6557c14f4df1,bf996092-8d66-408a-8d8e-5065ca3330c2,f6ab14eb-1a66-4ea5-8a0f-0afbda444403,07a87dbf-fa2b-4b99-995a-5809f9279b30,a688f554-b460-4658-982f-6557c14f4df1,form,urn:adsk.wipprod:dm.lineage:WP0XxBfgTLmemnqknGM4Cg,f,BFH2KAVSNP5G463F,BFH2KAVSNP5G463F,2025-08-27 14:00:36,2025-08-27 14:00:36
91274259-32a0-4c25-b4f6-545b2e891dd5,bf996092-8d66-408a-8d8e-5065ca3330c2,f6ab14eb-1a66-4ea5-8a0f-0afbda444403,07a87dbf-fa2b-4b99-995a-5809f9279b30,91274259-32a0-4c25-b4f6-545b2e891dd5,form,urn:adsk.wipprod:dm.lineage:fMFQ2ZezQNG4KyBJYp609g,f,BFH2KAVSNP5G463F,BFH2KAVSNP5G463F,2025-08-27 14:00:35,2025-08-27 14:00:35
2095a29b-4218-43d8-8414-ce41cafd1518,bf996092-8d66-408a-8d8e-5065ca3330c2,f679f4cf-c089-4a2b-9b84-b14129630601,d454a4c8-3b9a-48bf-a223-a5e1bee6227a,2095a29b-4218-43d8-8414-ce41cafd1518,form,urn:adsk.wipprod:dm.lineage:W3M-q_LgQk2uxMp_lP9ATw,f,HJQ2F2PVKF9BT95Z,HJQ2F2PVKF9BT95Z,2025-07-25 11:54:03,2025-07-25 11:54:03
0317f731-615c-499f-b09b-4524035d19e9,bf996092-8d66-408a-8d8e-5065ca3330c2,f679f4cf-c089-4a2b-9b84-b14129630601,d454a4c8-3b9a-48bf-a223-a5e1bee6227a,0317f731-615c-499f-b09b-4524035d19e9,form,urn:adsk.wipprod:dm.lineage:_XeeNCftTQOuPrmD9fvd1A,f,HJQ2F2PVKF9BT95Z,HJQ2F2PVKF9BT95Z,2025-07-25 11:54:23,2025-07-25 11:54:23
aa4da075-34c3-4a59-94a0-8895fb69f2c0,bf996092-8d66-408a-8d8e-5065ca3330c2,967e785d-d83c-490b-8d6a-2ed926c956ac,6bb1313a-4bb9-4d5f-8553-a36de13d83e8,aa4da075-34c3-4a59-94a0-8895fb69f2c0,form,urn:adsk.wipprod:dm.lineage:wd400ujBS4GMtOJACRGlmA,t,U8Q2F3P4M3PWWQXF,U8Q2F3P4M3PWWQXF,2025-07-26 09:43:59,2025-07-26 09:44:18
eab2f067-0f32-4bb5-b72c-4f94b7b47d47,bf996092-8d66-408a-8d8e-5065ca3330c2,f679f4cf-c089-4a2b-9b84-b14129630601,895fa637-5052-407c-acc0-0901ac94bafc,eab2f067-0f32-4bb5-b72c-4f94b7b47d47,form,urn:adsk.wipprod:dm.lineage:aWf0MTZTRo2wUtdW-w5UFg,f,3TSJN3BRN9YVX2DX,3TSJN3BRN9YVX2DX,2025-07-29 12:42:39,2025-07-29 12:42:39
5d0da121-5c2c-432e-9e57-de25033d5d37,bf996092-8d66-408a-8d8e-5065ca3330c2,967e785d-d83c-490b-8d6a-2ed926c956ac,c9a35368-acdf-45e7-b0d5-fdf15d840f46,5d0da121-5c2c-432e-9e57-de25033d5d37,form,urn:adsk.wipprod:dm.lineage:k1Vdvfc9TaKBoSWf7ndttg,f,U8Q2F3P4M3PWWQXF,U8Q2F3P4M3PWWQXF,2025-05-26 06:13:14,2025-05-26 06:13:14
26482909-3db6-4a9b-a1ff-346ac986af4a,bf996092-8d66-408a-8d8e-5065ca3330c2,f679f4cf-c089-4a2b-9b84-b14129630601,71cc3798-8949-4862-ab1f-523af3059713,26482909-3db6-4a9b-a1ff-346ac986af4a,form,urn:adsk.wipprod:dm.lineage:Vdhh4OkXR9KmHhUF4Em36w,f,3TSJN3BRN9YVX2DX,3TSJN3BRN9YVX2DX,2025-07-06 04:57:16,2025-07-06 04:57:16
e6eab845-3526-4d9a-acf4-0c38477d345d,bf996092-8d66-408a-8d8e-5065ca3330c2,f679f4cf-c089-4a2b-9b84-b14129630601,2bd88ec4-3cfd-4ff0-8c06-7bd1ccaefed1,e6eab845-3526-4d9a-acf4-0c38477d345d,form,urn:adsk.wipprod:dm.lineage:xztMyPhAR_SfjlNLw0Ar-Q,f,HJQ2F2PVKF9BT95Z,HJQ2F2PVKF9BT95Z,2025-07-06 04:58:42,2025-07-06 04:58:42
72fe44c2-3772-4ece-aaa7-0907573bacc0,bf996092-8d66-408a-8d8e-5065ca3330c2,f679f4cf-c089-4a2b-9b84-b14129630601,2bd88ec4-3cfd-4ff0-8c06-7bd1ccaefed1,72fe44c2-3772-4ece-aaa7-0907573bacc0,form,urn:adsk.wipprod:dm.lineage:ouUtKLPiTm-HdepU7AFc_g,f,HJQ2F2PVKF9BT95Z,HJQ2F2PVKF9BT95Z,2025-07-06 04:59:16,2025-07-06 04:59:16
cea7d289-040a-4189-bce8-362c7a8bb862,bf996092-8d66-408a-8d8e-5065ca3330c2,f679f4cf-c089-4a2b-9b84-b14129630601,c28f0a07-838a-4554-a71e-b75ea77bdef5,cea7d289-040a-4189-bce8-362c7a8bb862,form,urn:adsk.wipprod:dm.lineage:JdXksOeBQcupcx3lecqFLA,f,HJQ2F2PVKF9BT95Z,HJQ2F2PVKF9BT95Z,2025-07-06 05:05:28,2025-07-06 05:05:28
d4b860b8-a235-4c85-bee9-2aa454607b0c,bf996092-8d66-408a-8d8e-5065ca3330c2,f679f4cf-c089-4a2b-9b84-b14129630601,b51cd042-68df-444a-bb72-79e3e65f6c06,d4b860b8-a235-4c85-bee9-2aa454607b0c,form,urn:adsk.wipprod:dm.lineage:JIz3oS7hSNqDp8RR274yLw,f,3TSJN3BRN9YVX2DX,3TSJN3BRN9YVX2DX,2025-07-06 05:10:17,2025-07-06 05:10:17
a006e5b6-2e24-4b8a-bfa8-e88d72397425,bf996092-8d66-408a-8d8e-5065ca3330c2,f679f4cf-c089-4a2b-9b84-b14129630601,8d62ff4a-2855-4f14-aff9-1a21eff0056a,a006e5b6-2e24-4b8a-bfa8-e88d72397425,form,urn:adsk.wipprod:dm.lineage:A6TQWnymTK-uVfhODTyHbg,f,3TSJN3BRN9YVX2DX,3TSJN3BRN9YVX2DX,2025-07-06 05:12:17,2025-07-06 05:12:17
2acfac84-4c93-48c5-bc9c-54bced12c62f,bf996092-8d66-408a-8d8e-5065ca3330c2,f679f4cf-c089-4a2b-9b84-b14129630601,8d62ff4a-2855-4f14-aff9-1a21eff0056a,2acfac84-4c93-48c5-bc9c-54bced12c62f,form,urn:adsk.wipprod:dm.lineage:OklQk6vgT-SgiewxjQijjw,f,HJQ2F2PVKF9BT95Z,HJQ2F2PVKF9BT95Z,2025-07-07 12:38:51,2025-07-07 12:38:51
a5955d04-087a-4d95-8a9e-753e42aa19cd,bf996092-8d66-408a-8d8e-5065ca3330c2,f679f4cf-c089-4a2b-9b84-b14129630601,8d62ff4a-2855-4f14-aff9-1a21eff0056a,a5955d04-087a-4d95-8a9e-753e42aa19cd,form,urn:adsk.wipprod:dm.lineage:6suRdV3ESQWv5iBeepv7TQ,f,HJQ2F2PVKF9BT95Z,HJQ2F2PVKF9BT95Z,2025-07-07 12:39:10,2025-07-07 12:39:10
544df605-02b6-4943-af18-8520c2396c13,bf996092-8d66-408a-8d8e-5065ca3330c2,f679f4cf-c089-4a2b-9b84-b14129630601,998c3077-d38f-4184-82e7-d04d1b428e04,544df605-02b6-4943-af18-8520c2396c13,form,urn:adsk.wipprod:dm.lineage:bOp7pH5IRF2iksXkxxROyQ,f,HJQ2F2PVKF9BT95Z,HJQ2F2PVKF9BT95Z,2025-07-07 12:43:17,2025-07-07 12:43:17
61927b39-9f9c-4e33-be30-80713e81262f,bf996092-8d66-408a-8d8e-5065ca3330c2,f679f4cf-c089-4a2b-9b84-b14129630601,998c3077-d38f-4184-82e7-d04d1b428e04,61927b39-9f9c-4e33-be30-80713e81262f,form,urn:adsk.wipprod:dm.lineage:O2SxOSt7TKy3vTnn8KfzVg,f,HJQ2F2PVKF9BT95Z,HJQ2F2PVKF9BT95Z,2025-07-07 12:44:21,2025-07-07 12:44:21
c7f53f94-a830-4dd8-8eca-88f4dd2c7dd1,bf996092-8d66-408a-8d8e-5065ca3330c2,f679f4cf-c089-4a2b-9b84-b14129630601,5e2bc869-7ffe-4920-bf93-5f943cbc2a14,c7f53f94-a830-4dd8-8eca-88f4dd2c7dd1,form,urn:adsk.wipprod:dm.lineage:zv4VAtqtRKSvm82JL_iYMg,f,3TSJN3BRN9YVX2DX,3TSJN3BRN9YVX2DX,2025-08-18 13:22:22,2025-08-18 13:22:22
672afc26-d40e-4527-98df-9bde28d149a0,bf996092-8d66-408a-8d8e-5065ca3330c2,f679f4cf-c089-4a2b-9b84-b14129630601,5e2bc869-7ffe-4920-bf93-5f943cbc2a14,672afc26-d40e-4527-98df-9bde28d149a0,form,urn:adsk.wipprod:dm.lineage:20AN3VyAQ2qcwbNaa43PAg,f,3TSJN3BRN9YVX2DX,3TSJN3BRN9YVX2DX,2025-08-18 13:22:28,2025-08-18 13:22:28
138a40e4-f48b-4991-b571-bb684169bf19,bf996092-8d66-408a-8d8e-5065ca3330c2,f6ab14eb-1a66-4ea5-8a0f-0afbda444403,c4e99fde-016a-4eee-b467-bfbd5d533c26,138a40e4-f48b-4991-b571-bb684169bf19,form,urn:adsk.wipprod:dm.lineage:BAn8v81ZTo6gZ6qP3ftQ6Q,f,BFH2KAVSNP5G463F,BFH2KAVSNP5G463F,2025-08-08 07:12:44,2025-08-08 07:12:44
cdcdb563-a11f-4998-be7c-eb7d34e42d46,bf996092-8d66-408a-8d8e-5065ca3330c2,f679f4cf-c089-4a2b-9b84-b14129630601,63b4bcd3-dd38-4755-a6e9-07322a8bab70,cdcdb563-a11f-4998-be7c-eb7d34e42d46,form,urn:adsk.wipprod:dm.lineage:_eoZ0Py3RbCtAM7JmqziBw,f,3TSJN3BRN9YVX2DX,3TSJN3BRN9YVX2DX,2025-07-23 11:16:39,2025-07-23 11:16:39
ac89fc12-0c77-460b-90e0-80b76c9c0d49,bf996092-8d66-408a-8d8e-5065ca3330c2,f679f4cf-c089-4a2b-9b84-b14129630601,9aa75de0-0385-40a0-8ac6-47779095d37f,ac89fc12-0c77-460b-90e0-80b76c9c0d49,form,urn:adsk.wipprod:dm.lineage:B4CtIeenS2KTljGMjEXFJw,f,3TSJN3BRN9YVX2DX,3TSJN3BRN9YVX2DX,2025-07-23 11:29:36,2025-07-23 11:29:36
c00d60c0-583b-4628-acd4-8dea92ecb454,bf996092-8d66-408a-8d8e-5065ca3330c2,f6ab14eb-1a66-4ea5-8a0f-0afbda444403,619d935f-fdcf-498f-a3f1-28d9294693bd,c00d60c0-583b-4628-acd4-8dea92ecb454,form,urn:adsk.wipprod:dm.lineage:QysOvYyrS1-sESxeUXKwPA,f,BFH2KAVSNP5G463F,BFH2KAVSNP5G463F,2025-08-08 10:20:49,2025-08-08 10:20:49
80aff7e2-56da-4b11-9c1b-11917da83e04,bf996092-8d66-408a-8d8e-5065ca3330c2,f6ab14eb-1a66-4ea5-8a0f-0afbda444403,619d935f-fdcf-498f-a3f1-28d9294693bd,80aff7e2-56da-4b11-9c1b-11917da83e04,form,urn:adsk.wipprod:dm.lineage:-9rWpuM5TX-6YIWh-XuC1g,f,BFH2KAVSNP5G463F,BFH2KAVSNP5G463F,2025-08-08 10:20:53,2025-08-08 10:20:53
c8a1f46c-b595-4831-b1b0-93478f307163,bf996092-8d66-408a-8d8e-5065ca3330c2,f679f4cf-c089-4a2b-9b84-b14129630601,205ebad7-76df-4d14-9fed-d7d018ab9418,c8a1f46c-b595-4831-b1b0-93478f307163,form,urn:adsk.wipprod:dm.lineage:G_cBFAWnRZeIteyUzOAYWQ,f,3TSJN3BRN9YVX2DX,3TSJN3BRN9YVX2DX,2025-07-23 11:50:53,2025-07-23 11:50:53
d84cbdb5-104b-4d57-9ad5-0e4a6aea7fe7,bf996092-8d66-408a-8d8e-5065ca3330c2,f679f4cf-c089-4a2b-9b84-b14129630601,e7e3d60b-1977-4e33-a961-1b160cbb17ed,d84cbdb5-104b-4d57-9ad5-0e4a6aea7fe7,form,urn:adsk.wipprod:dm.lineage:YKpQunRNTDOBd_i7IRtlxA,f,3TSJN3BRN9YVX2DX,3TSJN3BRN9YVX2DX,2025-07-23 11:53:08,2025-07-23 11:53:08
8aee1441-6cbe-4ab5-a568-cf598314cc8f,bf996092-8d66-408a-8d8e-5065ca3330c2,f679f4cf-c089-4a2b-9b84-b14129630601,84941586-ba8d-49e1-8a03-89f1d4a5ee96,8aee1441-6cbe-4ab5-a568-cf598314cc8f,form,urn:adsk.wipprod:dm.lineage:DPSItSISSIWO2ogKzP5vLg,f,3TSJN3BRN9YVX2DX,3TSJN3BRN9YVX2DX,2025-07-23 11:58:12,2025-07-23 11:58:12
66775ce6-e0a9-4619-bc41-777a44c4a7de,bf996092-8d66-408a-8d8e-5065ca3330c2,f679f4cf-c089-4a2b-9b84-b14129630601,7f51e8b3-8d37-4a02-ad67-cf2a0389a8e2,66775ce6-e0a9-4619-bc41-777a44c4a7de,form,urn:adsk.wipprod:dm.lineage:qBHMrqICSvqIi2eRilQr5A,f,3TSJN3BRN9YVX2DX,3TSJN3BRN9YVX2DX,2025-07-23 12:02:45,2025-07-23 12:02:45
ca585fdb-6b4a-4958-b064-291ae491d324,bf996092-8d66-408a-8d8e-5065ca3330c2,f6ab14eb-1a66-4ea5-8a0f-0afbda444403,1f3f87d1-246d-4d74-af62-2ace31d849f7,ca585fdb-6b4a-4958-b064-291ae491d324,form,urn:adsk.wipprod:dm.lineage:E-t_sMbiTg6tHfIqhpYziw,f,BFH2KAVSNP5G463F,BFH2KAVSNP5G463F,2025-07-11 10:04:14,2025-07-11 10:04:14
919fd6d8-e60b-4ed4-8be8-d016d1e3b366,bf996092-8d66-408a-8d8e-5065ca3330c2,f6ab14eb-1a66-4ea5-8a0f-0afbda444403,1f3f87d1-246d-4d74-af62-2ace31d849f7,919fd6d8-e60b-4ed4-8be8-d016d1e3b366,form,urn:adsk.wipprod:dm.lineage:H7DuUlPeSPmW1aoW-uGE8w,f,BFH2KAVSNP5G463F,BFH2KAVSNP5G463F,2025-07-11 10:04:14,2025-07-11 10:04:14
de2bd447-ce71-4a67-9a75-e222750e40f5,bf996092-8d66-408a-8d8e-5065ca3330c2,f6ab14eb-1a66-4ea5-8a0f-0afbda444403,2609ba2c-e6d1-4af1-b336-c723b1c28015,de2bd447-ce71-4a67-9a75-e222750e40f5,form,urn:adsk.wipprod:dm.lineage:hRf0XUFNSwSsxkHgWdbB9w,f,BFH2KAVSNP5G463F,BFH2KAVSNP5G463F,2025-07-11 10:14:21,2025-07-11 10:14:21
6f50bcfc-8049-49bd-a7d1-321e6cd839b1,bf996092-8d66-408a-8d8e-5065ca3330c2,f6ab14eb-1a66-4ea5-8a0f-0afbda444403,2609ba2c-e6d1-4af1-b336-c723b1c28015,6f50bcfc-8049-49bd-a7d1-321e6cd839b1,form,urn:adsk.wipprod:dm.lineage:m3gNTUfDRgOsOH7Y01LTXQ,f,BFH2KAVSNP5G463F,BFH2KAVSNP5G463F,2025-07-11 10:14:25,2025-07-11 10:14:25
3b632607-e817-4399-afe4-ba3770dac699,bf996092-8d66-408a-8d8e-5065ca3330c2,f6ab14eb-1a66-4ea5-8a0f-0afbda444403,50f53909-6827-4c7d-8c6a-2821096d0560,3b632607-e817-4399-afe4-ba3770dac699,form,urn:adsk.wipprod:dm.lineage:SuarevVKRYyjajExi2nf_Q,f,BFH2KAVSNP5G463F,BFH2KAVSNP5G463F,2025-07-11 10:21:38,2025-07-11 10:21:38
d0b03ca8-831b-48f8-ad3c-e605c998e881,bf996092-8d66-408a-8d8e-5065ca3330c2,f6ab14eb-1a66-4ea5-8a0f-0afbda444403,50f53909-6827-4c7d-8c6a-2821096d0560,d0b03ca8-831b-48f8-ad3c-e605c998e881,form,urn:adsk.wipprod:dm.lineage:svifEyajSA6ht9Lu0ffUeA,f,BFH2KAVSNP5G463F,BFH2KAVSNP5G463F,2025-07-11 10:21:42,2025-07-11 10:21:42
80a0d6ab-8972-4ef4-a1cb-5b5ca2e39e5a,bf996092-8d66-408a-8d8e-5065ca3330c2,f6ab14eb-1a66-4ea5-8a0f-0afbda444403,47e8a36d-78ef-43ab-852c-2057c87427c3,80a0d6ab-8972-4ef4-a1cb-5b5ca2e39e5a,form,urn:adsk.wipprod:dm.lineage:ZSEP28kYRomKCDi2-SRyBA,f,BFH2KAVSNP5G463F,BFH2KAVSNP5G463F,2025-07-11 11:01:47,2025-07-11 11:01:47
bb72257a-59ff-495d-bd8a-14825e9fc056,bf996092-8d66-408a-8d8e-5065ca3330c2,f6ab14eb-1a66-4ea5-8a0f-0afbda444403,47e8a36d-78ef-43ab-852c-2057c87427c3,bb72257a-59ff-495d-bd8a-14825e9fc056,form,urn:adsk.wipprod:dm.lineage:ZIppzkuFQZeOa80ICPCzSQ,f,BFH2KAVSNP5G463F,BFH2KAVSNP5G463F,2025-07-11 11:01:49,2025-07-11 11:01:49
0f59d1a7-fa46-4b3d-b315-e47021914966,bf996092-8d66-408a-8d8e-5065ca3330c2,f6ab14eb-1a66-4ea5-8a0f-0afbda444403,9892ebf1-4334-4240-8e15-b5093a45c63d,0f59d1a7-fa46-4b3d-b315-e47021914966,form,urn:adsk.wipprod:dm.lineage:obIa8NRuSpW-B0VckRvRfA,f,BFH2KAVSNP5G463F,BFH2KAVSNP5G463F,2025-07-11 11:13:33,2025-07-11 11:13:33
9df2bf8e-e2d8-457e-8bfb-beaead2eb0fe,bf996092-8d66-408a-8d8e-5065ca3330c2,f6ab14eb-1a66-4ea5-8a0f-0afbda444403,9892ebf1-4334-4240-8e15-b5093a45c63d,9df2bf8e-e2d8-457e-8bfb-beaead2eb0fe,form,urn:adsk.wipprod:dm.lineage:jGtwi_VJS1e_C2cVEx-eCA,f,BFH2KAVSNP5G463F,BFH2KAVSNP5G463F,2025-07-11 11:13:35,2025-07-11 11:13:35
645fa556-f90d-4484-b33a-3da3d507335f,bf996092-8d66-408a-8d8e-5065ca3330c2,f6ab14eb-1a66-4ea5-8a0f-0afbda444403,0816b1b6-c895-4f04-bb62-b304af6110f7,645fa556-f90d-4484-b33a-3da3d507335f,form,urn:adsk.wipprod:dm.lineage:CCGgRf7VTuStnOWi4TT4Gw,f,NXBJU9KZRN2LR6EX,NXBJU9KZRN2LR6EX,2025-07-11 11:21:02,2025-07-11 11:21:02
9afa50b2-628b-4234-af12-fc76cdf1007a,bf996092-8d66-408a-8d8e-5065ca3330c2,f6ab14eb-1a66-4ea5-8a0f-0afbda444403,0816b1b6-c895-4f04-bb62-b304af6110f7,9afa50b2-628b-4234-af12-fc76cdf1007a,form,urn:adsk.wipprod:dm.lineage:yXopPMQATQGHBNXlyPq1Vw,f,NXBJU9KZRN2LR6EX,NXBJU9KZRN2LR6EX,2025-07-11 11:21:05,2025-07-11 11:21:05
d9fcae0f-f660-4ee4-995d-97b86b87c2fc,bf996092-8d66-408a-8d8e-5065ca3330c2,f6ab14eb-1a66-4ea5-8a0f-0afbda444403,1f3f87d1-246d-4d74-af62-2ace31d849f7,d9fcae0f-f660-4ee4-995d-97b86b87c2fc,form,urn:adsk.wipprod:dm.lineage:FIVga1JvT0yprf6q4V0gNA,f,NXBJU9KZRN2LR6EX,NXBJU9KZRN2LR6EX,2025-07-11 11:25:02,2025-07-11 11:25:02
ab81937b-6700-4bc9-8b99-ca4c99597459,bf996092-8d66-408a-8d8e-5065ca3330c2,f6ab14eb-1a66-4ea5-8a0f-0afbda444403,1f3f87d1-246d-4d74-af62-2ace31d849f7,ab81937b-6700-4bc9-8b99-ca4c99597459,form,urn:adsk.wipprod:dm.lineage:8qC9AimQR6ejHReqUykM1A,f,NXBJU9KZRN2LR6EX,NXBJU9KZRN2LR6EX,2025-07-11 11:25:07,2025-07-11 11:25:07
c68b4f58-e0d1-4cf0-8bda-65f85bc3feec,bf996092-8d66-408a-8d8e-5065ca3330c2,f6ab14eb-1a66-4ea5-8a0f-0afbda444403,c4e9ecdc-925f-4464-8f9f-ebd4ad9f0daa,c68b4f58-e0d1-4cf0-8bda-65f85bc3feec,form,urn:adsk.wipprod:dm.lineage:4IT_aBDjTA613kA5ZPoC-g,f,BFH2KAVSNP5G463F,BFH2KAVSNP5G463F,2025-07-11 11:31:04,2025-07-11 11:31:04
5038b3ed-92fe-4be2-80dd-bf6cffb3d77a,bf996092-8d66-408a-8d8e-5065ca3330c2,f6ab14eb-1a66-4ea5-8a0f-0afbda444403,c4e9ecdc-925f-4464-8f9f-ebd4ad9f0daa,5038b3ed-92fe-4be2-80dd-bf6cffb3d77a,form,urn:adsk.wipprod:dm.lineage:0F30kVM5QV6uicnkKfPGVg,f,BFH2KAVSNP5G463F,BFH2KAVSNP5G463F,2025-07-11 11:31:04,2025-07-11 11:31:04
7f357b92-e684-4d53-b66f-35a555dd3247,bf996092-8d66-408a-8d8e-5065ca3330c2,f6ab14eb-1a66-4ea5-8a0f-0afbda444403,2609ba2c-e6d1-4af1-b336-c723b1c28015,7f357b92-e684-4d53-b66f-35a555dd3247,form,urn:adsk.wipprod:dm.lineage:YI_pJQgTT7C3TdQQ7QM4vQ,f,NXBJU9KZRN2LR6EX,NXBJU9KZRN2LR6EX,2025-07-11 11:34:11,2025-07-11 11:34:11
13d949b0-5ac2-47ae-9430-77504d889339,bf996092-8d66-408a-8d8e-5065ca3330c2,f6ab14eb-1a66-4ea5-8a0f-0afbda444403,2609ba2c-e6d1-4af1-b336-c723b1c28015,13d949b0-5ac2-47ae-9430-77504d889339,form,urn:adsk.wipprod:dm.lineage:2clpaXVQRDWMpZ3vJmy7xg,f,NXBJU9KZRN2LR6EX,NXBJU9KZRN2LR6EX,2025-07-11 11:34:17,2025-07-11 11:34:17
9838ec0d-90be-4b67-b74c-1bef4109a07f,bf996092-8d66-408a-8d8e-5065ca3330c2,f6ab14eb-1a66-4ea5-8a0f-0afbda444403,47e8a36d-78ef-43ab-852c-2057c87427c3,9838ec0d-90be-4b67-b74c-1bef4109a07f,form,urn:adsk.wipprod:dm.lineage:62OH6_X-ReyavGe9XqjFdw,f,NXBJU9KZRN2LR6EX,NXBJU9KZRN2LR6EX,2025-07-11 11:49:32,2025-07-11 11:49:32
b653e5e3-4f2c-45b6-a1c3-7bfcb4beb368,bf996092-8d66-408a-8d8e-5065ca3330c2,f6ab14eb-1a66-4ea5-8a0f-0afbda444403,47e8a36d-78ef-43ab-852c-2057c87427c3,b653e5e3-4f2c-45b6-a1c3-7bfcb4beb368,form,urn:adsk.wipprod:dm.lineage:slqzSsoCS9KWIj7-MF5adA,f,NXBJU9KZRN2LR6EX,NXBJU9KZRN2LR6EX,2025-07-11 11:49:39,2025-07-11 11:49:39
7f2516c4-3060-4ad7-86c5-bc0e860001c6,bf996092-8d66-408a-8d8e-5065ca3330c2,f6ab14eb-1a66-4ea5-8a0f-0afbda444403,95dcd0f9-082e-4fbc-bfaa-72d4b047e38c,7f2516c4-3060-4ad7-86c5-bc0e860001c6,form,urn:adsk.wipprod:dm.lineage:aFFDkl3lQsa3HVRxqU9hfg,f,BFH2KAVSNP5G463F,BFH2KAVSNP5G463F,2025-07-11 11:50:46,2025-07-11 11:50:46
85a436a8-322a-42ce-be69-9d7568fa4696,bf996092-8d66-408a-8d8e-5065ca3330c2,f6ab14eb-1a66-4ea5-8a0f-0afbda444403,95dcd0f9-082e-4fbc-bfaa-72d4b047e38c,85a436a8-322a-42ce-be69-9d7568fa4696,form,urn:adsk.wipprod:dm.lineage:29wQijweSQ-yX1iEkYlwFg,f,BFH2KAVSNP5G463F,BFH2KAVSNP5G463F,2025-07-11 11:50:53,2025-07-11 11:50:53
62dceefa-1e3b-46ad-8a3d-6dc78ff92751,bf996092-8d66-408a-8d8e-5065ca3330c2,f6ab14eb-1a66-4ea5-8a0f-0afbda444403,c9c3a9fb-d846-49ec-96ca-6c3b7645386d,62dceefa-1e3b-46ad-8a3d-6dc78ff92751,form,urn:adsk.wipprod:dm.lineage:g0OpnBy6TtiE3UTSSwX-qg,t,BFH2KAVSNP5G463F,BFH2KAVSNP5G463F,2025-07-11 12:14:00,2025-07-11 12:42:56
dfcf2ec5-0c4a-45cb-8e07-56b08cb67dfd,bf996092-8d66-408a-8d8e-5065ca3330c2,f6ab14eb-1a66-4ea5-8a0f-0afbda444403,9892ebf1-4334-4240-8e15-b5093a45c63d,dfcf2ec5-0c4a-45cb-8e07-56b08cb67dfd,form,urn:adsk.wipprod:dm.lineage:vVzum6f7TLGLdwdcIHbeQA,f,NXBJU9KZRN2LR6EX,NXBJU9KZRN2LR6EX,2025-07-11 12:17:20,2025-07-11 12:17:20
128d6ae8-c51f-4462-a317-908517c48a92,bf996092-8d66-408a-8d8e-5065ca3330c2,f6ab14eb-1a66-4ea5-8a0f-0afbda444403,c9c3a9fb-d846-49ec-96ca-6c3b7645386d,128d6ae8-c51f-4462-a317-908517c48a92,form,urn:adsk.wipprod:dm.lineage:NvrA-nHdTfqvq6JM16FllA,t,BFH2KAVSNP5G463F,BFH2KAVSNP5G463F,2025-07-11 12:14:13,2025-07-11 12:43:02
06e2a3b0-a573-444d-bca8-528b498b697d,bf996092-8d66-408a-8d8e-5065ca3330c2,f6ab14eb-1a66-4ea5-8a0f-0afbda444403,9892ebf1-4334-4240-8e15-b5093a45c63d,06e2a3b0-a573-444d-bca8-528b498b697d,form,urn:adsk.wipprod:dm.lineage:QMWaoL80Q0-qSM0upgUInQ,f,NXBJU9KZRN2LR6EX,NXBJU9KZRN2LR6EX,2025-07-11 12:17:25,2025-07-11 12:17:25
29ff07fb-7fe4-4452-9caf-63ba5d49de25,bf996092-8d66-408a-8d8e-5065ca3330c2,f6ab14eb-1a66-4ea5-8a0f-0afbda444403,c4e9ecdc-925f-4464-8f9f-ebd4ad9f0daa,29ff07fb-7fe4-4452-9caf-63ba5d49de25,form,urn:adsk.wipprod:dm.lineage:1N-E3UxIQo6vyu867Jbvrw,f,NXBJU9KZRN2LR6EX,NXBJU9KZRN2LR6EX,2025-07-11 12:23:45,2025-07-11 12:23:45
7280db31-e822-4661-abcd-f9858e816565,bf996092-8d66-408a-8d8e-5065ca3330c2,f6ab14eb-1a66-4ea5-8a0f-0afbda444403,c4e9ecdc-925f-4464-8f9f-ebd4ad9f0daa,7280db31-e822-4661-abcd-f9858e816565,form,urn:adsk.wipprod:dm.lineage:q2TtTsNERpm6JiaQbKHaHw,f,NXBJU9KZRN2LR6EX,NXBJU9KZRN2LR6EX,2025-07-11 12:23:49,2025-07-11 12:23:49
413dafa6-26dc-41de-8d9f-233b115931f9,bf996092-8d66-408a-8d8e-5065ca3330c2,f6ab14eb-1a66-4ea5-8a0f-0afbda444403,95dcd0f9-082e-4fbc-bfaa-72d4b047e38c,413dafa6-26dc-41de-8d9f-233b115931f9,form,urn:adsk.wipprod:dm.lineage:IBLHb7CQSQe97Gw-CDHNiQ,f,NXBJU9KZRN2LR6EX,NXBJU9KZRN2LR6EX,2025-07-11 12:31:08,2025-07-11 12:31:08
d0304dbe-a0fe-4629-9623-e7b99fbd826b,bf996092-8d66-408a-8d8e-5065ca3330c2,f6ab14eb-1a66-4ea5-8a0f-0afbda444403,95dcd0f9-082e-4fbc-bfaa-72d4b047e38c,d0304dbe-a0fe-4629-9623-e7b99fbd826b,form,urn:adsk.wipprod:dm.lineage:3NXpVnN8RhSp3pREWh9yOQ,f,NXBJU9KZRN2LR6EX,NXBJU9KZRN2LR6EX,2025-07-11 12:31:11,2025-07-11 12:31:11
e2e2a54d-794a-4e96-8fde-76760a7aabcb,bf996092-8d66-408a-8d8e-5065ca3330c2,f6ab14eb-1a66-4ea5-8a0f-0afbda444403,c9c3a9fb-d846-49ec-96ca-6c3b7645386d,e2e2a54d-794a-4e96-8fde-76760a7aabcb,form,urn:adsk.wipprod:dm.lineage:hSPbBq02SDKdOFIjV-WpMA,f,BFH2KAVSNP5G463F,BFH2KAVSNP5G463F,2025-07-11 12:44:13,2025-07-11 12:44:13
1a1961cf-afb3-4e46-bab8-9119923ba557,bf996092-8d66-408a-8d8e-5065ca3330c2,f6ab14eb-1a66-4ea5-8a0f-0afbda444403,c9c3a9fb-d846-49ec-96ca-6c3b7645386d,1a1961cf-afb3-4e46-bab8-9119923ba557,form,urn:adsk.wipprod:dm.lineage:XLcDp4JhS3q58l-CPr5X4w,f,BFH2KAVSNP5G463F,BFH2KAVSNP5G463F,2025-07-11 12:44:20,2025-07-11 12:44:20
fc2aa82b-358d-454b-9ce2-69221dde9b79,bf996092-8d66-408a-8d8e-5065ca3330c2,f6ab14eb-1a66-4ea5-8a0f-0afbda444403,6a69165e-fa07-4fd0-8cbe-b1ae65b05755,fc2aa82b-358d-454b-9ce2-69221dde9b79,form,urn:adsk.wipprod:dm.lineage:WnrF7huXRXqJfzM7KsfXCg,f,BFH2KAVSNP5G463F,BFH2KAVSNP5G463F,2025-07-11 12:58:55,2025-07-11 12:58:55
e8911ee9-b125-4f6b-aa94-4050e58b8f2f,bf996092-8d66-408a-8d8e-5065ca3330c2,f6ab14eb-1a66-4ea5-8a0f-0afbda444403,6a69165e-fa07-4fd0-8cbe-b1ae65b05755,e8911ee9-b125-4f6b-aa94-4050e58b8f2f,form,urn:adsk.wipprod:dm.lineage:AzNiyMTgTnG_kFDSogWGwQ,f,BFH2KAVSNP5G463F,BFH2KAVSNP5G463F,2025-07-11 12:59:04,2025-07-11 12:59:04
7db38685-5910-4d4a-9a86-fbb8fc21285f,bf996092-8d66-408a-8d8e-5065ca3330c2,f6ab14eb-1a66-4ea5-8a0f-0afbda444403,b3799b97-5b9b-4c61-b24f-562c6fec4209,7db38685-5910-4d4a-9a86-fbb8fc21285f,form,urn:adsk.wipprod:dm.lineage:AO9zGzNITDSlNwEAqPUhNg,f,BFH2KAVSNP5G463F,BFH2KAVSNP5G463F,2025-07-18 14:28:21,2025-07-18 14:28:21
83e42003-705d-4b86-9650-94fef89c25dc,bf996092-8d66-408a-8d8e-5065ca3330c2,f6ab14eb-1a66-4ea5-8a0f-0afbda444403,b3799b97-5b9b-4c61-b24f-562c6fec4209,83e42003-705d-4b86-9650-94fef89c25dc,form,urn:adsk.wipprod:dm.lineage:i6lilbfhR1itmsIPEINiLg,f,BFH2KAVSNP5G463F,BFH2KAVSNP5G463F,2025-07-18 14:28:29,2025-07-18 14:28:29
bc024b0e-19af-4392-b5c2-b9df4441e293,bf996092-8d66-408a-8d8e-5065ca3330c2,f6ab14eb-1a66-4ea5-8a0f-0afbda444403,0d185a6e-fdbe-42b6-a5dc-c0dc6d07f8f4,bc024b0e-19af-4392-b5c2-b9df4441e293,form,urn:adsk.wipprod:dm.lineage:3IaZJc6qTM2FPypQu4kOKA,f,BFH2KAVSNP5G463F,BFH2KAVSNP5G463F,2025-07-20 05:42:06,2025-07-20 05:42:06
e41cd546-23b0-4ee5-8d9d-9d5bb7bd904d,bf996092-8d66-408a-8d8e-5065ca3330c2,f6ab14eb-1a66-4ea5-8a0f-0afbda444403,aa84e8f8-90df-45eb-b397-5a8ded4a11f1,e41cd546-23b0-4ee5-8d9d-9d5bb7bd904d,form,urn:adsk.wipprod:dm.lineage:ilDIs2xyRSaXoCZjWV_E-w,f,BFH2KAVSNP5G463F,BFH2KAVSNP5G463F,2025-07-20 06:09:29,2025-07-20 06:09:29
f114c70e-eb7c-4cd7-84f9-e8d0f60f12b1,bf996092-8d66-408a-8d8e-5065ca3330c2,f6ab14eb-1a66-4ea5-8a0f-0afbda444403,eecec8ee-8067-4183-95d6-b7d662d58cac,f114c70e-eb7c-4cd7-84f9-e8d0f60f12b1,form,urn:adsk.wipprod:dm.lineage:-5chBZIUSX68AEvFWd7IVA,f,BFH2KAVSNP5G463F,BFH2KAVSNP5G463F,2025-07-20 06:21:14,2025-07-20 06:21:14
bd509e05-69be-4435-be44-8458fe8c860a,bf996092-8d66-408a-8d8e-5065ca3330c2,f6ab14eb-1a66-4ea5-8a0f-0afbda444403,a5d57f8c-1a35-4432-9378-49bb33453099,bd509e05-69be-4435-be44-8458fe8c860a,form,urn:adsk.wipprod:dm.lineage:_zHj0ao5Qg2QomyBFnptSw,f,BFH2KAVSNP5G463F,BFH2KAVSNP5G463F,2025-07-20 06:41:10,2025-07-20 06:41:10
67b71aea-4534-4094-a94b-3a5c41520504,bf996092-8d66-408a-8d8e-5065ca3330c2,f6ab14eb-1a66-4ea5-8a0f-0afbda444403,4fe2063b-91c1-4634-8fd8-26e9181e295c,67b71aea-4534-4094-a94b-3a5c41520504,form,urn:adsk.wipprod:dm.lineage:hMaOJvVUSw2EWPx7hdyDwA,f,BFH2KAVSNP5G463F,BFH2KAVSNP5G463F,2025-07-20 07:02:43,2025-07-20 07:02:43
3023e353-4140-409f-9696-3c3daa0b4342,bf996092-8d66-408a-8d8e-5065ca3330c2,f6ab14eb-1a66-4ea5-8a0f-0afbda444403,18706d82-72ee-41a3-baf7-d10c01c872cd,3023e353-4140-409f-9696-3c3daa0b4342,form,urn:adsk.wipprod:dm.lineage:f-8SPmy-RROVDU_hwBaU2Q,f,BFH2KAVSNP5G463F,BFH2KAVSNP5G463F,2025-07-20 07:23:50,2025-07-20 07:23:50
d532bd60-0cef-498e-8681-4668a8b9c65d,bf996092-8d66-408a-8d8e-5065ca3330c2,f6ab14eb-1a66-4ea5-8a0f-0afbda444403,c8623908-d107-4cbd-9990-6c85b9964d72,d532bd60-0cef-498e-8681-4668a8b9c65d,form,urn:adsk.wipprod:dm.lineage:AUCqInIWSAy0LxKfubNfeg,f,BFH2KAVSNP5G463F,BFH2KAVSNP5G463F,2025-07-20 07:37:13,2025-07-20 07:37:13
6ec90b33-2c1d-46ff-9621-449ebf2f6c48,bf996092-8d66-408a-8d8e-5065ca3330c2,f6ab14eb-1a66-4ea5-8a0f-0afbda444403,e67de32f-7983-4651-a530-a76ee83d9c23,6ec90b33-2c1d-46ff-9621-449ebf2f6c48,form,urn:adsk.wipprod:dm.lineage:BXOz_FT0R2e_D5yU_6JTvQ,f,BFH2KAVSNP5G463F,BFH2KAVSNP5G463F,2025-07-20 10:09:47,2025-07-20 10:09:47
dea99203-ed1d-4f3f-aa03-e3cd654b8d6b,bf996092-8d66-408a-8d8e-5065ca3330c2,f6ab14eb-1a66-4ea5-8a0f-0afbda444403,e67de32f-7983-4651-a530-a76ee83d9c23,dea99203-ed1d-4f3f-aa03-e3cd654b8d6b,form,urn:adsk.wipprod:dm.lineage:esaNcknsTfO8yyTKydr7gg,f,BFH2KAVSNP5G463F,BFH2KAVSNP5G463F,2025-07-20 10:09:52,2025-07-20 10:09:52
564ab037-dc7b-40c3-9bcc-71300aece9b5,bf996092-8d66-408a-8d8e-5065ca3330c2,f6ab14eb-1a66-4ea5-8a0f-0afbda444403,b12b197d-5920-4ad5-9c0f-09adc7bf4cbb,564ab037-dc7b-40c3-9bcc-71300aece9b5,form,urn:adsk.wipprod:dm.lineage:JsxOwOEJS-ahiUO3rb6W9w,f,BFH2KAVSNP5G463F,BFH2KAVSNP5G463F,2025-07-20 11:20:12,2025-07-20 11:20:12
a6a556c5-32bd-4dfa-be98-518f3bd1d5f5,bf996092-8d66-408a-8d8e-5065ca3330c2,f6ab14eb-1a66-4ea5-8a0f-0afbda444403,b00c8e77-1251-44db-b7e6-dc70778b8b2a,a6a556c5-32bd-4dfa-be98-518f3bd1d5f5,form,urn:adsk.wipprod:dm.lineage:NXehtoynQ4OPFyWeHieSCA,f,BFH2KAVSNP5G463F,BFH2KAVSNP5G463F,2025-07-20 11:30:08,2025-07-20 11:30:08
580497f6-a9c3-47a2-b945-003373cb53f5,bf996092-8d66-408a-8d8e-5065ca3330c2,f6ab14eb-1a66-4ea5-8a0f-0afbda444403,d39d92f9-4c48-4f1d-8db5-6f784011afb2,580497f6-a9c3-47a2-b945-003373cb53f5,form,urn:adsk.wipprod:dm.lineage:1eOUmyDbT1aiIxEoVnHtwg,f,BFH2KAVSNP5G463F,BFH2KAVSNP5G463F,2025-08-27 13:37:29,2025-08-27 13:37:29
01c46e9c-2289-447a-92ca-7e9cef11a120,bf996092-8d66-408a-8d8e-5065ca3330c2,f6ab14eb-1a66-4ea5-8a0f-0afbda444403,d39d92f9-4c48-4f1d-8db5-6f784011afb2,01c46e9c-2289-447a-92ca-7e9cef11a120,form,urn:adsk.wipprod:dm.lineage:hYw72KkoTl-t_mlbG9YuvQ,f,BFH2KAVSNP5G463F,BFH2KAVSNP5G463F,2025-08-27 13:37:31,2025-08-27 13:37:31
23995896-73bf-4d57-bde5-a7a75cc1f9ca,bf996092-8d66-408a-8d8e-5065ca3330c2,f6ab14eb-1a66-4ea5-8a0f-0afbda444403,d84d9b39-fcb7-4e58-b6f7-2fa8a24b830a,23995896-73bf-4d57-bde5-a7a75cc1f9ca,form,urn:adsk.wipprod:dm.lineage:Lm7Loy0BQCawXUfV39KFaQ,f,BFH2KAVSNP5G463F,BFH2KAVSNP5G463F,2025-07-25 03:50:59,2025-07-25 03:50:59
368fea24-b1be-4d33-8f1d-2c1af9351c2f,bf996092-8d66-408a-8d8e-5065ca3330c2,f6ab14eb-1a66-4ea5-8a0f-0afbda444403,bdc3ab49-374e-4c2a-a83b-2188d6f5a378,368fea24-b1be-4d33-8f1d-2c1af9351c2f,form,urn:adsk.wipprod:dm.lineage:RLu4y30rR_eC-zOlXk06-w,f,BFH2KAVSNP5G463F,BFH2KAVSNP5G463F,2025-08-27 14:14:10,2025-08-27 14:14:10
da29f0e0-e0af-4f1c-9332-5e33999a60e6,bf996092-8d66-408a-8d8e-5065ca3330c2,f6ab14eb-1a66-4ea5-8a0f-0afbda444403,bdc3ab49-374e-4c2a-a83b-2188d6f5a378,da29f0e0-e0af-4f1c-9332-5e33999a60e6,form,urn:adsk.wipprod:dm.lineage:r192lkXKQamW6wYrJNXLzw,f,BFH2KAVSNP5G463F,BFH2KAVSNP5G463F,2025-08-27 14:14:13,2025-08-27 14:14:13
f718f824-534d-458d-879c-a8a58c1b223d,bf996092-8d66-408a-8d8e-5065ca3330c2,f6ab14eb-1a66-4ea5-8a0f-0afbda444403,f26c4241-64f4-4fa7-9ea3-1346a00d4c24,f718f824-534d-458d-879c-a8a58c1b223d,form,urn:adsk.wipprod:dm.lineage:fNgiBb85SS6xx74jzoJTmA,f,BFH2KAVSNP5G463F,BFH2KAVSNP5G463F,2025-07-28 11:10:24,2025-07-28 11:10:24
706175ff-ed6b-48b1-a83c-3202fe7a77ac,bf996092-8d66-408a-8d8e-5065ca3330c2,f6ab14eb-1a66-4ea5-8a0f-0afbda444403,f26c4241-64f4-4fa7-9ea3-1346a00d4c24,706175ff-ed6b-48b1-a83c-3202fe7a77ac,form,urn:adsk.wipprod:dm.lineage:tByr96ulTByNeBri3FvEYw,f,BFH2KAVSNP5G463F,BFH2KAVSNP5G463F,2025-07-28 11:10:37,2025-07-28 11:10:37
bab59396-890d-4c1b-8f48-736900ea1846,bf996092-8d66-408a-8d8e-5065ca3330c2,f6ab14eb-1a66-4ea5-8a0f-0afbda444403,76abe1b4-07b7-45f9-9b2d-fc7953c88c83,bab59396-890d-4c1b-8f48-736900ea1846,form,urn:adsk.wipprod:dm.lineage:KAfSsQDjSRuhAsInx2PmHA,f,NXBJU9KZRN2LR6EX,NXBJU9KZRN2LR6EX,2025-07-29 12:47:07,2025-07-29 12:47:07
b63a22a5-4d6d-4bbc-8cc5-8011043b218f,bf996092-8d66-408a-8d8e-5065ca3330c2,f6ab14eb-1a66-4ea5-8a0f-0afbda444403,76abe1b4-07b7-45f9-9b2d-fc7953c88c83,b63a22a5-4d6d-4bbc-8cc5-8011043b218f,form,urn:adsk.wipprod:dm.lineage:E3iPnl5jRgCNmMMrjBtF6w,f,NXBJU9KZRN2LR6EX,NXBJU9KZRN2LR6EX,2025-07-29 12:47:11,2025-07-29 12:47:11
d87ab4dc-7123-4316-a293-5f7591cec898,bf996092-8d66-408a-8d8e-5065ca3330c2,f6ab14eb-1a66-4ea5-8a0f-0afbda444403,f2c6e15d-85dd-4ff2-840f-1af7bad0c172,d87ab4dc-7123-4316-a293-5f7591cec898,form,urn:adsk.wipprod:dm.lineage:q8MP1rJARxSmDfEsqxOGWw,f,NXBJU9KZRN2LR6EX,NXBJU9KZRN2LR6EX,2025-07-29 12:50:37,2025-07-29 12:50:37
ce501d30-58fc-4907-91d9-316bf42dc040,bf996092-8d66-408a-8d8e-5065ca3330c2,f6ab14eb-1a66-4ea5-8a0f-0afbda444403,f2c6e15d-85dd-4ff2-840f-1af7bad0c172,ce501d30-58fc-4907-91d9-316bf42dc040,form,urn:adsk.wipprod:dm.lineage:9GhgpW5CRKqPa9chLA8iiw,f,NXBJU9KZRN2LR6EX,NXBJU9KZRN2LR6EX,2025-07-29 12:50:40,2025-07-29 12:50:40
a882f00d-1ed7-4f47-abd5-8d1e2bd94df2,bf996092-8d66-408a-8d8e-5065ca3330c2,f6ab14eb-1a66-4ea5-8a0f-0afbda444403,b5705188-2539-4b80-9e83-ef412e6c5cae,a882f00d-1ed7-4f47-abd5-8d1e2bd94df2,form,urn:adsk.wipprod:dm.lineage:3QMFc6KPT52bJ0KxFzsb5A,f,BFH2KAVSNP5G463F,BFH2KAVSNP5G463F,2025-08-10 05:04:58,2025-08-10 05:04:58
1bb760c3-d14f-4ea4-a716-f79a97332935,bf996092-8d66-408a-8d8e-5065ca3330c2,f6ab14eb-1a66-4ea5-8a0f-0afbda444403,b5705188-2539-4b80-9e83-ef412e6c5cae,1bb760c3-d14f-4ea4-a716-f79a97332935,form,urn:adsk.wipprod:dm.lineage:RcwEvTCbQDWVnr69oRmAsQ,f,BFH2KAVSNP5G463F,BFH2KAVSNP5G463F,2025-08-10 05:05:02,2025-08-10 05:05:02
3ae053af-b11d-4123-b1d2-cbd4d16c8fb3,bf996092-8d66-408a-8d8e-5065ca3330c2,f6ab14eb-1a66-4ea5-8a0f-0afbda444403,9e1ef861-b75b-48bf-becc-bfb713078ea7,3ae053af-b11d-4123-b1d2-cbd4d16c8fb3,form,urn:adsk.wipprod:dm.lineage:VuGe9yAQTuyp2Q-p6v4e7A,f,BFH2KAVSNP5G463F,BFH2KAVSNP5G463F,2025-07-29 12:53:43,2025-07-29 12:53:43
e4d02dea-9878-4f4d-8c20-b75e0f5b7e75,bf996092-8d66-408a-8d8e-5065ca3330c2,f6ab14eb-1a66-4ea5-8a0f-0afbda444403,f093d98b-9932-4b06-a4c4-2d4cf1064350,e4d02dea-9878-4f4d-8c20-b75e0f5b7e75,form,urn:adsk.wipprod:dm.lineage:OABZZsmJT9atj0fkxD9qFw,f,NXBJU9KZRN2LR6EX,NXBJU9KZRN2LR6EX,2025-07-29 12:53:45,2025-07-29 12:53:45
a1003499-26f8-417e-b76f-ddbd9c81c1ac,bf996092-8d66-408a-8d8e-5065ca3330c2,f6ab14eb-1a66-4ea5-8a0f-0afbda444403,9e1ef861-b75b-48bf-becc-bfb713078ea7,a1003499-26f8-417e-b76f-ddbd9c81c1ac,form,urn:adsk.wipprod:dm.lineage:iqg0Hd44TsywZee_cCloUg,f,BFH2KAVSNP5G463F,BFH2KAVSNP5G463F,2025-07-29 12:53:46,2025-07-29 12:53:46
434cb608-e046-476b-9a80-120e8028371d,bf996092-8d66-408a-8d8e-5065ca3330c2,f6ab14eb-1a66-4ea5-8a0f-0afbda444403,f093d98b-9932-4b06-a4c4-2d4cf1064350,434cb608-e046-476b-9a80-120e8028371d,form,urn:adsk.wipprod:dm.lineage:pKLiGXuoRqK3FVWdxg8jgQ,f,NXBJU9KZRN2LR6EX,NXBJU9KZRN2LR6EX,2025-07-29 12:53:48,2025-07-29 12:53:48
72f6e4d7-14bf-45d2-bc1c-da891e87c3d9,bf996092-8d66-408a-8d8e-5065ca3330c2,f6ab14eb-1a66-4ea5-8a0f-0afbda444403,b118e1ff-82be-4b0e-b3a7-b9eff7162493,72f6e4d7-14bf-45d2-bc1c-da891e87c3d9,form,urn:adsk.wipprod:dm.lineage:bMafyr6CSOKM7m4Qlg-3Dg,f,BFH2KAVSNP5G463F,BFH2KAVSNP5G463F,2025-08-10 05:14:12,2025-08-10 05:14:12
28940d07-a4c0-408f-b8b2-17ece1bf0a7a,bf996092-8d66-408a-8d8e-5065ca3330c2,f6ab14eb-1a66-4ea5-8a0f-0afbda444403,ccfca50f-6db7-4d80-b76f-aaf932b4f459,28940d07-a4c0-408f-b8b2-17ece1bf0a7a,form,urn:adsk.wipprod:dm.lineage:Xz_NBCG7Sqi9aEuqQ7a4KA,f,NXBJU9KZRN2LR6EX,NXBJU9KZRN2LR6EX,2025-07-29 12:57:10,2025-07-29 12:57:10
6ce2b4e7-72b4-4cda-951b-36d42d85661e,bf996092-8d66-408a-8d8e-5065ca3330c2,f6ab14eb-1a66-4ea5-8a0f-0afbda444403,ccfca50f-6db7-4d80-b76f-aaf932b4f459,6ce2b4e7-72b4-4cda-951b-36d42d85661e,form,urn:adsk.wipprod:dm.lineage:QbHWECFJSD-e4qzKUnsmLg,f,NXBJU9KZRN2LR6EX,NXBJU9KZRN2LR6EX,2025-07-29 12:57:11,2025-07-29 12:57:11
ab27b964-642a-4701-bac2-3bba03f2871c,bf996092-8d66-408a-8d8e-5065ca3330c2,f679f4cf-c089-4a2b-9b84-b14129630601,e1ef68e4-6565-434f-bb48-b4bdaa91e82c,ab27b964-642a-4701-bac2-3bba03f2871c,form,urn:adsk.wipprod:dm.lineage:wvuFwImwR9-jGZHtJ-kxYQ,f,3TSJN3BRN9YVX2DX,3TSJN3BRN9YVX2DX,2025-07-29 13:00:53,2025-07-29 13:00:53
c45b8580-611d-47b2-9d1f-8f5c4ad6a42e,bf996092-8d66-408a-8d8e-5065ca3330c2,f6ab14eb-1a66-4ea5-8a0f-0afbda444403,e6585c96-b6e4-46dd-bebb-8dc4722d43f2,c45b8580-611d-47b2-9d1f-8f5c4ad6a42e,form,urn:adsk.wipprod:dm.lineage:mJUYsOD6S1iIFEQREw8Vlg,f,NXBJU9KZRN2LR6EX,NXBJU9KZRN2LR6EX,2025-07-29 13:08:17,2025-07-29 13:08:17
12d01934-5dc3-48b4-bbc0-1242d51c9011,bf996092-8d66-408a-8d8e-5065ca3330c2,f6ab14eb-1a66-4ea5-8a0f-0afbda444403,e6585c96-b6e4-46dd-bebb-8dc4722d43f2,12d01934-5dc3-48b4-bbc0-1242d51c9011,form,urn:adsk.wipprod:dm.lineage:sqOoSiNJToemdxzT2xAPAA,f,NXBJU9KZRN2LR6EX,NXBJU9KZRN2LR6EX,2025-07-29 13:08:21,2025-07-29 13:08:21
06bf1120-25ae-455f-a326-ca7c71d6839c,bf996092-8d66-408a-8d8e-5065ca3330c2,f6ab14eb-1a66-4ea5-8a0f-0afbda444403,7703e945-04e9-4cf0-8791-ec3c310be19e,06bf1120-25ae-455f-a326-ca7c71d6839c,form,urn:adsk.wipprod:dm.lineage:CmSq09OSTdifE2YL0IyXgQ,f,BFH2KAVSNP5G463F,BFH2KAVSNP5G463F,2025-08-02 13:04:16,2025-08-02 13:04:16
58c98d1a-9f19-45b3-8414-fe1a777765e7,bf996092-8d66-408a-8d8e-5065ca3330c2,f6ab14eb-1a66-4ea5-8a0f-0afbda444403,97363b90-1086-45d1-a3f0-a61806226e44,58c98d1a-9f19-45b3-8414-fe1a777765e7,form,urn:adsk.wipprod:dm.lineage:RNkt9wjqQKqUmqBDvNBKcg,f,BFH2KAVSNP5G463F,BFH2KAVSNP5G463F,2025-08-02 13:14:22,2025-08-02 13:14:22
47c1ba7f-1f26-458d-9297-b6d752bdd8ea,bf996092-8d66-408a-8d8e-5065ca3330c2,f6ab14eb-1a66-4ea5-8a0f-0afbda444403,bf993572-4f10-41d7-bc5e-201d30d5752c,47c1ba7f-1f26-458d-9297-b6d752bdd8ea,form,urn:adsk.wipprod:dm.lineage:TiadTEz1SVmjDzd1M0s2Qw,f,NXBJU9KZRN2LR6EX,NXBJU9KZRN2LR6EX,2025-07-29 13:14:05,2025-07-29 13:14:05
1609641f-53c6-4522-9525-af42648a6e85,bf996092-8d66-408a-8d8e-5065ca3330c2,f6ab14eb-1a66-4ea5-8a0f-0afbda444403,bf993572-4f10-41d7-bc5e-201d30d5752c,1609641f-53c6-4522-9525-af42648a6e85,form,urn:adsk.wipprod:dm.lineage:J_RZiKxcRFOPYZ72y2DRsg,f,NXBJU9KZRN2LR6EX,NXBJU9KZRN2LR6EX,2025-07-29 13:14:08,2025-07-29 13:14:08
a26ca496-3d4a-4aba-bc48-5b95dc0d6ca2,bf996092-8d66-408a-8d8e-5065ca3330c2,f6ab14eb-1a66-4ea5-8a0f-0afbda444403,e9088e65-9168-4fc7-8987-b026bec0f54d,a26ca496-3d4a-4aba-bc48-5b95dc0d6ca2,form,urn:adsk.wipprod:dm.lineage:QTtNEimuTtGsnq3FHNnelA,f,BFH2KAVSNP5G463F,BFH2KAVSNP5G463F,2025-08-02 13:24:40,2025-08-02 13:24:40
db5d7537-7f97-4f1b-8763-698c641e7786,bf996092-8d66-408a-8d8e-5065ca3330c2,f6ab14eb-1a66-4ea5-8a0f-0afbda444403,b16faf46-15b8-4039-91de-b1e1bc02cc79,db5d7537-7f97-4f1b-8763-698c641e7786,form,urn:adsk.wipprod:dm.lineage:6-n0pfnxRx2dsU-5r0MXug,f,BFH2KAVSNP5G463F,BFH2KAVSNP5G463F,2025-08-02 13:33:09,2025-08-02 13:33:09
36551d4b-de66-4f3b-a7c9-6ac918e0a71f,bf996092-8d66-408a-8d8e-5065ca3330c2,f6ab14eb-1a66-4ea5-8a0f-0afbda444403,3fc49984-13a9-44f7-af08-3a48acc90445,36551d4b-de66-4f3b-a7c9-6ac918e0a71f,form,urn:adsk.wipprod:dm.lineage:-j2sBcHlT9-HkYxfoc4ZLQ,f,BFH2KAVSNP5G463F,BFH2KAVSNP5G463F,2025-08-02 13:46:55,2025-08-02 13:46:55
ed38dd69-3a9c-44b1-9def-1a81ac85fc0d,bf996092-8d66-408a-8d8e-5065ca3330c2,f6ab14eb-1a66-4ea5-8a0f-0afbda444403,b058a701-bea6-43f4-9b14-41893f2a8f8c,ed38dd69-3a9c-44b1-9def-1a81ac85fc0d,form,urn:adsk.wipprod:dm.lineage:VFXfUitPSFaY6Z2Cadz-Kg,f,BFH2KAVSNP5G463F,BFH2KAVSNP5G463F,2025-07-29 13:30:58,2025-07-29 13:30:58
06cc44c7-b537-4fcd-b1ad-8e8e28cd58ec,bf996092-8d66-408a-8d8e-5065ca3330c2,f6ab14eb-1a66-4ea5-8a0f-0afbda444403,b058a701-bea6-43f4-9b14-41893f2a8f8c,06cc44c7-b537-4fcd-b1ad-8e8e28cd58ec,form,urn:adsk.wipprod:dm.lineage:6FrmosuKSNiL-mMj5ouJQg,f,BFH2KAVSNP5G463F,BFH2KAVSNP5G463F,2025-07-29 13:31:03,2025-07-29 13:31:03
e073e715-baab-46b2-8b35-b3ed17f9207f,bf996092-8d66-408a-8d8e-5065ca3330c2,f6ab14eb-1a66-4ea5-8a0f-0afbda444403,a6bbbe80-f956-443c-bc56-eee689e6c1d3,e073e715-baab-46b2-8b35-b3ed17f9207f,form,urn:adsk.wipprod:dm.lineage:sXIq6iALQkaXWIxiTJpsMw,t,BFH2KAVSNP5G463F,BFH2KAVSNP5G463F,2025-08-02 13:59:06,2025-08-02 13:59:38
89e64dfc-d124-40ee-852b-69bbc5055600,bf996092-8d66-408a-8d8e-5065ca3330c2,f6ab14eb-1a66-4ea5-8a0f-0afbda444403,a6bbbe80-f956-443c-bc56-eee689e6c1d3,89e64dfc-d124-40ee-852b-69bbc5055600,form,urn:adsk.wipprod:dm.lineage:20KwPKqBTW-IILut26rQqg,t,BFH2KAVSNP5G463F,BFH2KAVSNP5G463F,2025-08-02 13:59:27,2025-08-02 13:59:48
594280c3-ef5e-441d-969c-3fbb537c7c66,bf996092-8d66-408a-8d8e-5065ca3330c2,f6ab14eb-1a66-4ea5-8a0f-0afbda444403,a6bbbe80-f956-443c-bc56-eee689e6c1d3,594280c3-ef5e-441d-969c-3fbb537c7c66,form,urn:adsk.wipprod:dm.lineage:cgz443WmS86Iud5q6jLtQw,f,BFH2KAVSNP5G463F,BFH2KAVSNP5G463F,2025-08-02 14:01:03,2025-08-02 14:01:03
2e3dce29-d5ff-4c64-b7c2-0c772f61befc,bf996092-8d66-408a-8d8e-5065ca3330c2,f6ab14eb-1a66-4ea5-8a0f-0afbda444403,9b455734-684a-4f24-9404-11ba42adc935,2e3dce29-d5ff-4c64-b7c2-0c772f61befc,form,urn:adsk.wipprod:dm.lineage:OPvgtzMbSF26G1ETAXaMbA,f,BFH2KAVSNP5G463F,BFH2KAVSNP5G463F,2025-07-29 13:40:49,2025-07-29 13:40:49
e1c45a3d-ca2c-40a9-b3e8-146666fb7639,bf996092-8d66-408a-8d8e-5065ca3330c2,f6ab14eb-1a66-4ea5-8a0f-0afbda444403,9b455734-684a-4f24-9404-11ba42adc935,e1c45a3d-ca2c-40a9-b3e8-146666fb7639,form,urn:adsk.wipprod:dm.lineage:pJbp3DzhS-CPoKMduvG_eA,f,BFH2KAVSNP5G463F,BFH2KAVSNP5G463F,2025-07-29 13:40:49,2025-07-29 13:40:49
8feff4ab-ddd0-4f98-85c3-738d12077993,bf996092-8d66-408a-8d8e-5065ca3330c2,f6ab14eb-1a66-4ea5-8a0f-0afbda444403,b30c30d0-7367-4df3-b05b-7f79703ed427,8feff4ab-ddd0-4f98-85c3-738d12077993,form,urn:adsk.wipprod:dm.lineage:NaqPtfriSnOmqhkenUKnow,f,BFH2KAVSNP5G463F,BFH2KAVSNP5G463F,2025-07-29 13:51:13,2025-07-29 13:51:13
49186d1a-99c3-46c1-98b1-9911f3db7077,bf996092-8d66-408a-8d8e-5065ca3330c2,f6ab14eb-1a66-4ea5-8a0f-0afbda444403,b30c30d0-7367-4df3-b05b-7f79703ed427,49186d1a-99c3-46c1-98b1-9911f3db7077,form,urn:adsk.wipprod:dm.lineage:l1crDz_MScy0p-lJGOIRPA,f,BFH2KAVSNP5G463F,BFH2KAVSNP5G463F,2025-07-29 13:51:16,2025-07-29 13:51:16
7001e68b-7cc2-4136-8589-fbd8f49e35a5,bf996092-8d66-408a-8d8e-5065ca3330c2,f6ab14eb-1a66-4ea5-8a0f-0afbda444403,c70d5d21-5a5b-478d-bbf0-4d5485811815,7001e68b-7cc2-4136-8589-fbd8f49e35a5,form,urn:adsk.wipprod:dm.lineage:C0UXRuIWS-a9GwmQ1Ki8-A,f,BFH2KAVSNP5G463F,BFH2KAVSNP5G463F,2025-08-10 12:42:20,2025-08-10 12:42:20
265f54aa-bd18-4bed-a1e6-4a0d963f6c57,bf996092-8d66-408a-8d8e-5065ca3330c2,f6ab14eb-1a66-4ea5-8a0f-0afbda444403,c70d5d21-5a5b-478d-bbf0-4d5485811815,265f54aa-bd18-4bed-a1e6-4a0d963f6c57,form,urn:adsk.wipprod:dm.lineage:yC9sT83XR86Wuguo81TFOw,f,BFH2KAVSNP5G463F,BFH2KAVSNP5G463F,2025-08-10 12:42:24,2025-08-10 12:42:24
a29b9fdf-32c0-4661-a5e8-2fdbf29b8278,bf996092-8d66-408a-8d8e-5065ca3330c2,f6ab14eb-1a66-4ea5-8a0f-0afbda444403,1c92c646-c239-4fc3-9288-983cd6e3dd75,a29b9fdf-32c0-4661-a5e8-2fdbf29b8278,form,urn:adsk.wipprod:dm.lineage:OubTOuxmQ0uUn3IhENN42w,f,BFH2KAVSNP5G463F,BFH2KAVSNP5G463F,2025-08-10 12:51:51,2025-08-10 12:51:51
c677fbd3-d11e-4b58-8c2b-b12b8b6f3f44,bf996092-8d66-408a-8d8e-5065ca3330c2,f6ab14eb-1a66-4ea5-8a0f-0afbda444403,cf860163-0b3e-44fd-9e48-b513a58771cc,c677fbd3-d11e-4b58-8c2b-b12b8b6f3f44,form,urn:adsk.wipprod:dm.lineage:a7COKEF-QGafAJ6xg6_-KA,f,BFH2KAVSNP5G463F,BFH2KAVSNP5G463F,2025-07-29 13:59:42,2025-07-29 13:59:42
5ab1ac7d-b796-469a-95e7-4f64f7f08efc,bf996092-8d66-408a-8d8e-5065ca3330c2,f6ab14eb-1a66-4ea5-8a0f-0afbda444403,cf860163-0b3e-44fd-9e48-b513a58771cc,5ab1ac7d-b796-469a-95e7-4f64f7f08efc,form,urn:adsk.wipprod:dm.lineage:QlvRwo0TTi2V5dl1kOegQg,f,BFH2KAVSNP5G463F,BFH2KAVSNP5G463F,2025-07-29 13:59:45,2025-07-29 13:59:45
61f6c495-bb52-4bec-8bb5-2803f0b1fa46,bf996092-8d66-408a-8d8e-5065ca3330c2,f6ab14eb-1a66-4ea5-8a0f-0afbda444403,30eb8df4-2069-49a8-8b5f-61f752f9ac44,61f6c495-bb52-4bec-8bb5-2803f0b1fa46,form,urn:adsk.wipprod:dm.lineage:I1ghriKaSgeaJO58rriAAA,f,BFH2KAVSNP5G463F,BFH2KAVSNP5G463F,2025-07-29 14:13:27,2025-07-29 14:13:27
a3a1149b-c70b-4ae3-824d-261d31b20a5b,bf996092-8d66-408a-8d8e-5065ca3330c2,f6ab14eb-1a66-4ea5-8a0f-0afbda444403,30eb8df4-2069-49a8-8b5f-61f752f9ac44,a3a1149b-c70b-4ae3-824d-261d31b20a5b,form,urn:adsk.wipprod:dm.lineage:m4-tQaV-RdGet0wKZFTnZg,f,BFH2KAVSNP5G463F,BFH2KAVSNP5G463F,2025-07-29 14:13:32,2025-07-29 14:13:32
41187d84-d40c-464e-8500-7f23744d7813,bf996092-8d66-408a-8d8e-5065ca3330c2,f6ab14eb-1a66-4ea5-8a0f-0afbda444403,dac1595f-305b-4cdb-a433-6a2b3acd7c14,41187d84-d40c-464e-8500-7f23744d7813,form,urn:adsk.wipprod:dm.lineage:yFx0QpgdQvC50PZg0MOB9A,f,BFH2KAVSNP5G463F,BFH2KAVSNP5G463F,2025-07-29 14:22:14,2025-07-29 14:22:14
154bbcad-bf08-418f-8461-9434e702d60a,bf996092-8d66-408a-8d8e-5065ca3330c2,967e785d-d83c-490b-8d6a-2ed926c956ac,74f88d2c-717e-4950-bd36-38038535c1bb,154bbcad-bf08-418f-8461-9434e702d60a,form,urn:adsk.wipprod:dm.lineage:W9SVnk8cRh6S9pQi2O3X6g,f,U8Q2F3P4M3PWWQXF,U8Q2F3P4M3PWWQXF,2025-06-03 10:10:33,2025-06-03 10:10:33
3024e5f8-592a-4264-a4f2-a697f33c94ec,bf996092-8d66-408a-8d8e-5065ca3330c2,f6ab14eb-1a66-4ea5-8a0f-0afbda444403,9a02aeca-64aa-4f37-88a2-52c6dbb71e6a,3024e5f8-592a-4264-a4f2-a697f33c94ec,form,urn:adsk.wipprod:dm.lineage:NBI2V5oTSQS3qnhTctw_Aw,f,BFH2KAVSNP5G463F,BFH2KAVSNP5G463F,2025-07-22 14:32:15,2025-07-22 14:32:15
8c20be02-c262-4bfe-adce-ae431f3d2147,bf996092-8d66-408a-8d8e-5065ca3330c2,f679f4cf-c089-4a2b-9b84-b14129630601,fbeacdac-f164-4de2-be1f-4ce0041b130e,8c20be02-c262-4bfe-adce-ae431f3d2147,form,urn:adsk.wipprod:dm.lineage:-Gm66QDAQKuCv7srYmngIA,f,HJQ2F2PVKF9BT95Z,HJQ2F2PVKF9BT95Z,2025-06-24 09:53:21,2025-06-24 09:53:21
74f96f70-6159-4000-876e-db07ccc8e86c,bf996092-8d66-408a-8d8e-5065ca3330c2,f679f4cf-c089-4a2b-9b84-b14129630601,22c60606-6ff5-4206-be11-dcb3df227354,74f96f70-6159-4000-876e-db07ccc8e86c,form,urn:adsk.wipprod:dm.lineage:hcQGBCkzTNy7G4aVIVBX-g,f,HJQ2F2PVKF9BT95Z,HJQ2F2PVKF9BT95Z,2025-06-24 09:57:11,2025-06-24 09:57:11
32cef2fb-e7ba-4925-b801-c20aafe8c03b,bf996092-8d66-408a-8d8e-5065ca3330c2,f679f4cf-c089-4a2b-9b84-b14129630601,22c60606-6ff5-4206-be11-dcb3df227354,32cef2fb-e7ba-4925-b801-c20aafe8c03b,form,urn:adsk.wipprod:dm.lineage:FvmEw0msTE69qKkTP1CnBQ,f,HJQ2F2PVKF9BT95Z,HJQ2F2PVKF9BT95Z,2025-06-24 09:57:18,2025-06-24 09:57:18
2fb5d61a-bd64-4bef-9b64-1957b068076a,bf996092-8d66-408a-8d8e-5065ca3330c2,f679f4cf-c089-4a2b-9b84-b14129630601,aab48de8-2379-4c16-9599-2addb149c6ce,2fb5d61a-bd64-4bef-9b64-1957b068076a,form,urn:adsk.wipprod:dm.lineage:SUIt1VYnQOS96r7_lHl3pw,t,HJQ2F2PVKF9BT95Z,HJQ2F2PVKF9BT95Z,2025-06-24 10:07:07,2025-06-24 10:07:21
9147ee8a-af2b-4017-837f-0e20ceab125e,bf996092-8d66-408a-8d8e-5065ca3330c2,f679f4cf-c089-4a2b-9b84-b14129630601,aab48de8-2379-4c16-9599-2addb149c6ce,9147ee8a-af2b-4017-837f-0e20ceab125e,form,urn:adsk.wipprod:dm.lineage:dEok1OVYR4OZ3E6eTRkJuA,f,HJQ2F2PVKF9BT95Z,HJQ2F2PVKF9BT95Z,2025-06-24 10:07:46,2025-06-24 10:07:46
7952ceaf-4fd7-4484-8c02-d6837dcd836f,bf996092-8d66-408a-8d8e-5065ca3330c2,f679f4cf-c089-4a2b-9b84-b14129630601,aab48de8-2379-4c16-9599-2addb149c6ce,7952ceaf-4fd7-4484-8c02-d6837dcd836f,form,urn:adsk.wipprod:dm.lineage:hOVXrExLR9GRi89ajPn-mg,f,HJQ2F2PVKF9BT95Z,HJQ2F2PVKF9BT95Z,2025-06-24 10:07:59,2025-06-24 10:07:59
cc03d616-6932-48c5-8da4-417e031bfbba,bf996092-8d66-408a-8d8e-5065ca3330c2,f6ab14eb-1a66-4ea5-8a0f-0afbda444403,0206584c-06dc-4d6f-b98f-495582e32353,cc03d616-6932-48c5-8da4-417e031bfbba,form,urn:adsk.wipprod:dm.lineage:s62fmtmTTeSBOcQTwl1xYQ,f,BFH2KAVSNP5G463F,BFH2KAVSNP5G463F,2025-08-08 07:30:06,2025-08-08 07:30:06
c703a731-74dc-4f6e-971b-866b4ae0416a,bf996092-8d66-408a-8d8e-5065ca3330c2,f6ab14eb-1a66-4ea5-8a0f-0afbda444403,1a71364c-fee6-40e1-b7dd-3f5a186ccc05,c703a731-74dc-4f6e-971b-866b4ae0416a,form,urn:adsk.wipprod:dm.lineage:LBsnrr3UTWi3fDWtXIoIMw,f,BFH2KAVSNP5G463F,BFH2KAVSNP5G463F,2025-08-27 12:15:25,2025-08-27 12:15:25
f65ae761-445d-4436-9256-9ffcfc8711bf,bf996092-8d66-408a-8d8e-5065ca3330c2,f6ab14eb-1a66-4ea5-8a0f-0afbda444403,1a71364c-fee6-40e1-b7dd-3f5a186ccc05,f65ae761-445d-4436-9256-9ffcfc8711bf,form,urn:adsk.wipprod:dm.lineage:tPzcB0AZR0CDYVFCfsTX_A,f,BFH2KAVSNP5G463F,BFH2KAVSNP5G463F,2025-08-27 12:15:30,2025-08-27 12:15:30
17aa4131-5559-4676-85e9-ccdac2221479,bf996092-8d66-408a-8d8e-5065ca3330c2,f6ab14eb-1a66-4ea5-8a0f-0afbda444403,3c580b77-5f32-4971-9389-ec6898dafeb9,17aa4131-5559-4676-85e9-ccdac2221479,form,urn:adsk.wipprod:dm.lineage:zUMknlOcS0mvDehV9_q3wg,f,BFH2KAVSNP5G463F,BFH2KAVSNP5G463F,2025-08-08 09:28:12,2025-08-08 09:28:12
bfcff6bf-bc30-4719-ae67-99423e88367d,bf996092-8d66-408a-8d8e-5065ca3330c2,f6ab14eb-1a66-4ea5-8a0f-0afbda444403,3c580b77-5f32-4971-9389-ec6898dafeb9,bfcff6bf-bc30-4719-ae67-99423e88367d,form,urn:adsk.wipprod:dm.lineage:C847e3dwRraQ6isBEmflbw,f,BFH2KAVSNP5G463F,BFH2KAVSNP5G463F,2025-08-08 09:28:18,2025-08-08 09:28:18
675991ee-f1e2-494f-b14f-9dbc1f6b46e0,bf996092-8d66-408a-8d8e-5065ca3330c2,f6ab14eb-1a66-4ea5-8a0f-0afbda444403,5f199661-513d-433d-a818-5dcedebf2617,675991ee-f1e2-494f-b14f-9dbc1f6b46e0,form,urn:adsk.wipprod:dm.lineage:sx-pt0xwQuyitEfoaAixzg,f,BFH2KAVSNP5G463F,BFH2KAVSNP5G463F,2025-08-27 12:17:04,2025-08-27 12:17:04
d23885f9-3f47-4d86-bbae-250ad81ea9ee,bf996092-8d66-408a-8d8e-5065ca3330c2,f6ab14eb-1a66-4ea5-8a0f-0afbda444403,5f199661-513d-433d-a818-5dcedebf2617,d23885f9-3f47-4d86-bbae-250ad81ea9ee,form,urn:adsk.wipprod:dm.lineage:67hzbM_uSvKmLhEChpsEqw,f,BFH2KAVSNP5G463F,BFH2KAVSNP5G463F,2025-08-27 12:17:08,2025-08-27 12:17:08
baa3891e-e5d8-4226-805d-dfc1f946701f,bf996092-8d66-408a-8d8e-5065ca3330c2,f6ab14eb-1a66-4ea5-8a0f-0afbda444403,317dcfdf-c395-47ba-bd01-75226f1a3f87,baa3891e-e5d8-4226-805d-dfc1f946701f,form,urn:adsk.wipprod:dm.lineage:nISQeK2sS4-m08b7H88Tlg,f,BFH2KAVSNP5G463F,BFH2KAVSNP5G463F,2025-08-08 09:46:32,2025-08-08 09:46:32
fef75e2c-6b4b-4e27-b21f-941e065fa853,bf996092-8d66-408a-8d8e-5065ca3330c2,f6ab14eb-1a66-4ea5-8a0f-0afbda444403,317dcfdf-c395-47ba-bd01-75226f1a3f87,fef75e2c-6b4b-4e27-b21f-941e065fa853,form,urn:adsk.wipprod:dm.lineage:FlYDFbnKSfiJyTA14ytk5g,f,BFH2KAVSNP5G463F,BFH2KAVSNP5G463F,2025-08-08 09:46:43,2025-08-08 09:46:43
fa976633-3c94-4d35-b656-db89ba577624,bf996092-8d66-408a-8d8e-5065ca3330c2,f6ab14eb-1a66-4ea5-8a0f-0afbda444403,b55d0f77-ce93-4fab-8760-d9ac6af2bdb7,fa976633-3c94-4d35-b656-db89ba577624,form,urn:adsk.wipprod:dm.lineage:_R-Jf1mrTimqy1HRZ-3Ftg,f,BFH2KAVSNP5G463F,BFH2KAVSNP5G463F,2025-08-27 13:19:52,2025-08-27 13:19:52
3411723c-cf14-48fa-9e5f-cd6ec8d8e206,bf996092-8d66-408a-8d8e-5065ca3330c2,f6ab14eb-1a66-4ea5-8a0f-0afbda444403,b55d0f77-ce93-4fab-8760-d9ac6af2bdb7,3411723c-cf14-48fa-9e5f-cd6ec8d8e206,form,urn:adsk.wipprod:dm.lineage:2ppEwOPNTBi0Hi7ztpNIuw,f,BFH2KAVSNP5G463F,BFH2KAVSNP5G463F,2025-08-27 13:19:57,2025-08-27 13:19:57
20396d85-9ae8-4faa-a646-6a452a6e40f3,bf996092-8d66-408a-8d8e-5065ca3330c2,f6ab14eb-1a66-4ea5-8a0f-0afbda444403,d793f956-4ccc-4d9e-bc02-8d11ea64662e,20396d85-9ae8-4faa-a646-6a452a6e40f3,form,urn:adsk.wipprod:dm.lineage:MghTAs8NROGKJPKdzjX6-g,f,BFH2KAVSNP5G463F,BFH2KAVSNP5G463F,2025-07-19 09:25:25,2025-07-19 09:25:25
d385620b-955f-4589-bc48-1bd7f6cf8724,bf996092-8d66-408a-8d8e-5065ca3330c2,f6ab14eb-1a66-4ea5-8a0f-0afbda444403,aceb1593-84b5-43e2-a327-bb9d5d76686f,d385620b-955f-4589-bc48-1bd7f6cf8724,form,urn:adsk.wipprod:dm.lineage:8nfgTyVPR56dLBA-3_oFvA,f,BFH2KAVSNP5G463F,BFH2KAVSNP5G463F,2025-07-19 11:29:40,2025-07-19 11:29:40
751e4e83-20e4-4c54-b4b8-6757010d041e,bf996092-8d66-408a-8d8e-5065ca3330c2,967e785d-d83c-490b-8d6a-2ed926c956ac,bc747fcd-859a-4166-a206-3361e8ad00ea,751e4e83-20e4-4c54-b4b8-6757010d041e,form,urn:adsk.wipprod:dm.lineage:lbnBROFUQ9yJKx03VhkjkA,f,RQ92XKNVL7KYFP4W,RQ92XKNVL7KYFP4W,2025-07-25 07:00:50,2025-07-25 07:00:50
6dec164c-5af0-4c50-88ea-2abf1d5926ed,bf996092-8d66-408a-8d8e-5065ca3330c2,967e785d-d83c-490b-8d6a-2ed926c956ac,d26a51b8-5c3f-48f0-a49e-f8f548cae320,6dec164c-5af0-4c50-88ea-2abf1d5926ed,form,urn:adsk.wipprod:dm.lineage:Idwtrmv3QTOEBytNHw9JYg,f,RQ92XKNVL7KYFP4W,RQ92XKNVL7KYFP4W,2025-07-25 07:09:10,2025-07-25 07:09:10
4ee1e8b3-1cb4-44e4-87a7-4ae1d0603cd4,bf996092-8d66-408a-8d8e-5065ca3330c2,967e785d-d83c-490b-8d6a-2ed926c956ac,d26a51b8-5c3f-48f0-a49e-f8f548cae320,4ee1e8b3-1cb4-44e4-87a7-4ae1d0603cd4,form,urn:adsk.wipprod:dm.lineage:IzF7r4o-Q9e1DSIlmjG1FA,f,RQ92XKNVL7KYFP4W,RQ92XKNVL7KYFP4W,2025-07-25 07:12:07,2025-07-25 07:12:07
2d453d36-8cbc-437a-81d3-729323f19ddc,bf996092-8d66-408a-8d8e-5065ca3330c2,f6ab14eb-1a66-4ea5-8a0f-0afbda444403,8e6fee8e-b84b-4249-8a9e-00af926d184b,2d453d36-8cbc-437a-81d3-729323f19ddc,form,urn:adsk.wipprod:dm.lineage:XEMZM-TIShi_nj0Zy8mfnQ,f,BFH2KAVSNP5G463F,BFH2KAVSNP5G463F,2025-08-09 05:52:20,2025-08-09 05:52:20
cf982d4e-59e4-4f00-a3a7-f5daec43907d,bf996092-8d66-408a-8d8e-5065ca3330c2,f6ab14eb-1a66-4ea5-8a0f-0afbda444403,8e6fee8e-b84b-4249-8a9e-00af926d184b,cf982d4e-59e4-4f00-a3a7-f5daec43907d,form,urn:adsk.wipprod:dm.lineage:W_Ggz0kYQSejPvwNdeB6Gw,f,BFH2KAVSNP5G463F,BFH2KAVSNP5G463F,2025-08-09 05:52:24,2025-08-09 05:52:24
1535e423-4ae4-4916-9a1f-6ebc55d02d1e,bf996092-8d66-408a-8d8e-5065ca3330c2,f6ab14eb-1a66-4ea5-8a0f-0afbda444403,fb7c0646-2bc8-432a-a0dc-c599e8e64235,1535e423-4ae4-4916-9a1f-6ebc55d02d1e,form,urn:adsk.wipprod:dm.lineage:6PMiPun7RSeUEwBxbm-ifg,f,BFH2KAVSNP5G463F,BFH2KAVSNP5G463F,2025-08-09 06:00:44,2025-08-09 06:00:44
fd998f05-1997-481c-bd17-ee3539daf878,bf996092-8d66-408a-8d8e-5065ca3330c2,f6ab14eb-1a66-4ea5-8a0f-0afbda444403,fb7c0646-2bc8-432a-a0dc-c599e8e64235,fd998f05-1997-481c-bd17-ee3539daf878,form,urn:adsk.wipprod:dm.lineage:0FlaQn7lSp28fcsAgo09LA,f,BFH2KAVSNP5G463F,BFH2KAVSNP5G463F,2025-08-09 06:00:45,2025-08-09 06:00:45
7f992a0f-a52e-4129-8a57-ddbe99bd835c,bf996092-8d66-408a-8d8e-5065ca3330c2,f6ab14eb-1a66-4ea5-8a0f-0afbda444403,e6585c96-b6e4-46dd-bebb-8dc4722d43f2,7f992a0f-a52e-4129-8a57-ddbe99bd835c,form,urn:adsk.wipprod:dm.lineage:PEgSXZNBSOGchS1djNNUNg,f,BFH2KAVSNP5G463F,BFH2KAVSNP5G463F,2025-07-29 08:19:40,2025-07-29 08:19:40
0b6916ed-7583-45ba-b4d9-715a0181631c,bf996092-8d66-408a-8d8e-5065ca3330c2,f6ab14eb-1a66-4ea5-8a0f-0afbda444403,e6585c96-b6e4-46dd-bebb-8dc4722d43f2,0b6916ed-7583-45ba-b4d9-715a0181631c,form,urn:adsk.wipprod:dm.lineage:fje374F9TP-aoOr52o5CZQ,f,BFH2KAVSNP5G463F,BFH2KAVSNP5G463F,2025-07-29 08:19:46,2025-07-29 08:19:46
1ac67cbd-1901-4b93-ab58-72a59178fb77,bf996092-8d66-408a-8d8e-5065ca3330c2,f6ab14eb-1a66-4ea5-8a0f-0afbda444403,f093d98b-9932-4b06-a4c4-2d4cf1064350,1ac67cbd-1901-4b93-ab58-72a59178fb77,form,urn:adsk.wipprod:dm.lineage:kgePx-PJQQeidFZ16N0MmQ,f,BFH2KAVSNP5G463F,BFH2KAVSNP5G463F,2025-07-29 08:45:26,2025-07-29 08:45:26
e207ee96-6e5c-446a-a900-fcaeb364927d,bf996092-8d66-408a-8d8e-5065ca3330c2,f6ab14eb-1a66-4ea5-8a0f-0afbda444403,f093d98b-9932-4b06-a4c4-2d4cf1064350,e207ee96-6e5c-446a-a900-fcaeb364927d,form,urn:adsk.wipprod:dm.lineage:BX_nTx9wTxiiJ6mDktsoyQ,f,BFH2KAVSNP5G463F,BFH2KAVSNP5G463F,2025-07-29 08:45:31,2025-07-29 08:45:31
ac48e652-ec27-438c-ad6f-da0313798a40,bf996092-8d66-408a-8d8e-5065ca3330c2,f6ab14eb-1a66-4ea5-8a0f-0afbda444403,f2c6e15d-85dd-4ff2-840f-1af7bad0c172,ac48e652-ec27-438c-ad6f-da0313798a40,form,urn:adsk.wipprod:dm.lineage:JMDb7mXfSR6VoRxCXPrw2w,f,BFH2KAVSNP5G463F,BFH2KAVSNP5G463F,2025-07-29 09:16:07,2025-07-29 09:16:07
c60bc495-3a08-45d0-b439-57ad6587c8cb,bf996092-8d66-408a-8d8e-5065ca3330c2,f6ab14eb-1a66-4ea5-8a0f-0afbda444403,f2c6e15d-85dd-4ff2-840f-1af7bad0c172,c60bc495-3a08-45d0-b439-57ad6587c8cb,form,urn:adsk.wipprod:dm.lineage:meTRmdWBRTuhjgWf1r3l5Q,f,BFH2KAVSNP5G463F,BFH2KAVSNP5G463F,2025-07-29 09:16:24,2025-07-29 09:16:24
99b49959-c38b-4889-8f18-937921ddd1bb,bf996092-8d66-408a-8d8e-5065ca3330c2,f6ab14eb-1a66-4ea5-8a0f-0afbda444403,76abe1b4-07b7-45f9-9b2d-fc7953c88c83,99b49959-c38b-4889-8f18-937921ddd1bb,form,urn:adsk.wipprod:dm.lineage:d_yrnnDBQjCwltxZrRQdxA,f,BFH2KAVSNP5G463F,BFH2KAVSNP5G463F,2025-07-29 09:34:12,2025-07-29 09:34:12
33728f95-2f99-41f2-83ae-250d519fa7f5,bf996092-8d66-408a-8d8e-5065ca3330c2,f6ab14eb-1a66-4ea5-8a0f-0afbda444403,76abe1b4-07b7-45f9-9b2d-fc7953c88c83,33728f95-2f99-41f2-83ae-250d519fa7f5,form,urn:adsk.wipprod:dm.lineage:QeDbX29JRfuXeNti9BZPrw,f,BFH2KAVSNP5G463F,BFH2KAVSNP5G463F,2025-07-29 09:34:22,2025-07-29 09:34:22
8143f045-5f6b-46c1-8598-b481bf72f3c9,bf996092-8d66-408a-8d8e-5065ca3330c2,f6ab14eb-1a66-4ea5-8a0f-0afbda444403,97b07529-8706-4839-8a20-4b3b193faf13,8143f045-5f6b-46c1-8598-b481bf72f3c9,form,urn:adsk.wipprod:dm.lineage:aB5GeiVYST6EqtfzFJtf5A,f,BFH2KAVSNP5G463F,BFH2KAVSNP5G463F,2025-07-29 09:50:41,2025-07-29 09:50:41
aca9ffe8-893c-4a1a-baed-0cd9911ae5c0,bf996092-8d66-408a-8d8e-5065ca3330c2,f6ab14eb-1a66-4ea5-8a0f-0afbda444403,97b07529-8706-4839-8a20-4b3b193faf13,aca9ffe8-893c-4a1a-baed-0cd9911ae5c0,form,urn:adsk.wipprod:dm.lineage:BxQxldn4T5i7YEJsEABdeA,f,BFH2KAVSNP5G463F,BFH2KAVSNP5G463F,2025-07-29 09:50:47,2025-07-29 09:50:47
f2ef4e4f-b9a5-45b2-8922-1645496ad657,bf996092-8d66-408a-8d8e-5065ca3330c2,f6ab14eb-1a66-4ea5-8a0f-0afbda444403,c7da7795-7687-4bda-a55b-f3f6fc7d23ec,f2ef4e4f-b9a5-45b2-8922-1645496ad657,form,urn:adsk.wipprod:dm.lineage:i4iCJT14THi2OfCT6iIucA,f,BFH2KAVSNP5G463F,BFH2KAVSNP5G463F,2025-07-29 10:04:00,2025-07-29 10:04:00
a09d55b7-8a39-4f30-98bc-68989096e80f,bf996092-8d66-408a-8d8e-5065ca3330c2,f6ab14eb-1a66-4ea5-8a0f-0afbda444403,c7da7795-7687-4bda-a55b-f3f6fc7d23ec,a09d55b7-8a39-4f30-98bc-68989096e80f,form,urn:adsk.wipprod:dm.lineage:-l-VhYJaTkewycdxay-ITA,f,BFH2KAVSNP5G463F,BFH2KAVSNP5G463F,2025-07-29 10:04:04,2025-07-29 10:04:04
c81b87b3-4776-4ece-b627-6ebc0fb5ec6a,bf996092-8d66-408a-8d8e-5065ca3330c2,f6ab14eb-1a66-4ea5-8a0f-0afbda444403,cf56c6e7-10cf-406f-b008-44ec17203c7f,c81b87b3-4776-4ece-b627-6ebc0fb5ec6a,form,urn:adsk.wipprod:dm.lineage:PcpEVtaKQa-JzZqQivpV5w,f,BFH2KAVSNP5G463F,BFH2KAVSNP5G463F,2025-07-29 10:12:39,2025-07-29 10:12:39
b72803bb-fc8d-4ec1-959d-172466945ed1,bf996092-8d66-408a-8d8e-5065ca3330c2,f6ab14eb-1a66-4ea5-8a0f-0afbda444403,cf56c6e7-10cf-406f-b008-44ec17203c7f,b72803bb-fc8d-4ec1-959d-172466945ed1,form,urn:adsk.wipprod:dm.lineage:7jhOEHWdTaKyOZCoQ52jPw,f,BFH2KAVSNP5G463F,BFH2KAVSNP5G463F,2025-07-29 10:12:44,2025-07-29 10:12:44
89b98574-2bbe-4bf0-bf65-d699e29a51a4,bf996092-8d66-408a-8d8e-5065ca3330c2,f6ab14eb-1a66-4ea5-8a0f-0afbda444403,3263b0bd-1e01-4500-9db8-e1079de74d95,89b98574-2bbe-4bf0-bf65-d699e29a51a4,form,urn:adsk.wipprod:dm.lineage:cMmbET43QT6Lv0itYCro8g,f,BFH2KAVSNP5G463F,BFH2KAVSNP5G463F,2025-07-29 10:21:47,2025-07-29 10:21:47
fa77b72b-bacb-406e-bcf6-1eef99d7b8a4,bf996092-8d66-408a-8d8e-5065ca3330c2,f6ab14eb-1a66-4ea5-8a0f-0afbda444403,3263b0bd-1e01-4500-9db8-e1079de74d95,fa77b72b-bacb-406e-bcf6-1eef99d7b8a4,form,urn:adsk.wipprod:dm.lineage:xRyp_LjzRKyyzJbFw2lywQ,f,BFH2KAVSNP5G463F,BFH2KAVSNP5G463F,2025-07-29 10:21:48,2025-07-29 10:21:48
4eb172e6-64cd-41fa-aaed-959f24e1cdca,bf996092-8d66-408a-8d8e-5065ca3330c2,f6ab14eb-1a66-4ea5-8a0f-0afbda444403,97418f81-7704-409f-adc9-4d2cf381574a,4eb172e6-64cd-41fa-aaed-959f24e1cdca,form,urn:adsk.wipprod:dm.lineage:uuASgJ44T2qml2gCOKaowg,f,BFH2KAVSNP5G463F,BFH2KAVSNP5G463F,2025-07-29 10:30:29,2025-07-29 10:30:29
f4f7d96e-65d8-4338-8e9e-e7c5f73c3610,bf996092-8d66-408a-8d8e-5065ca3330c2,f6ab14eb-1a66-4ea5-8a0f-0afbda444403,97418f81-7704-409f-adc9-4d2cf381574a,f4f7d96e-65d8-4338-8e9e-e7c5f73c3610,form,urn:adsk.wipprod:dm.lineage:DzTZfHeOQsGzjf8U7vbX5Q,f,BFH2KAVSNP5G463F,BFH2KAVSNP5G463F,2025-07-29 10:30:32,2025-07-29 10:30:32
f6eaedb3-3745-4416-b4ae-0abe2e7fffd7,bf996092-8d66-408a-8d8e-5065ca3330c2,f6ab14eb-1a66-4ea5-8a0f-0afbda444403,2954321d-5375-4f91-a620-288fbffda398,f6eaedb3-3745-4416-b4ae-0abe2e7fffd7,form,urn:adsk.wipprod:dm.lineage:8C-kvEkNSMe_LrHb_BrNNA,f,BFH2KAVSNP5G463F,BFH2KAVSNP5G463F,2025-07-29 10:43:47,2025-07-29 10:43:47
bff1b14d-6936-4d38-acbd-5021d1344299,bf996092-8d66-408a-8d8e-5065ca3330c2,f6ab14eb-1a66-4ea5-8a0f-0afbda444403,2954321d-5375-4f91-a620-288fbffda398,bff1b14d-6936-4d38-acbd-5021d1344299,form,urn:adsk.wipprod:dm.lineage:xxage5fRT86_jlyQNGWM8Q,f,BFH2KAVSNP5G463F,BFH2KAVSNP5G463F,2025-07-29 10:43:47,2025-07-29 10:43:47
ac169ce2-407b-409e-ba94-961bc878f885,bf996092-8d66-408a-8d8e-5065ca3330c2,f6ab14eb-1a66-4ea5-8a0f-0afbda444403,ac9aca63-5b8b-4ab6-9863-0457bb3789cd,ac169ce2-407b-409e-ba94-961bc878f885,form,urn:adsk.wipprod:dm.lineage:XDQJRBmeSUiTrme_DXb1xQ,f,BFH2KAVSNP5G463F,BFH2KAVSNP5G463F,2025-07-29 11:01:05,2025-07-29 11:01:05
0147ec56-9911-4724-be13-89e76ab8be8c,bf996092-8d66-408a-8d8e-5065ca3330c2,f6ab14eb-1a66-4ea5-8a0f-0afbda444403,ac9aca63-5b8b-4ab6-9863-0457bb3789cd,0147ec56-9911-4724-be13-89e76ab8be8c,form,urn:adsk.wipprod:dm.lineage:qUjsnQ5RSxeFxRWI-uZRkg,f,BFH2KAVSNP5G463F,BFH2KAVSNP5G463F,2025-07-29 11:01:08,2025-07-29 11:01:08
2ab80557-eccb-45f6-9a5c-1772164c6ab2,bf996092-8d66-408a-8d8e-5065ca3330c2,f6ab14eb-1a66-4ea5-8a0f-0afbda444403,1a942ca5-ac1d-41ef-962b-1be10efaa734,2ab80557-eccb-45f6-9a5c-1772164c6ab2,form,urn:adsk.wipprod:dm.lineage:cHVbtm5WQpSYBStsKUtP9w,f,BFH2KAVSNP5G463F,BFH2KAVSNP5G463F,2025-07-29 11:22:42,2025-07-29 11:22:42
1ea508bd-76c6-44eb-aa50-92f7e33d392f,bf996092-8d66-408a-8d8e-5065ca3330c2,f6ab14eb-1a66-4ea5-8a0f-0afbda444403,1a942ca5-ac1d-41ef-962b-1be10efaa734,1ea508bd-76c6-44eb-aa50-92f7e33d392f,form,urn:adsk.wipprod:dm.lineage:IRNME91ARe6zbjf9e1NO2w,f,BFH2KAVSNP5G463F,BFH2KAVSNP5G463F,2025-07-29 11:22:50,2025-07-29 11:22:50
bf1a932c-018f-4984-9af5-4a76bc291379,bf996092-8d66-408a-8d8e-5065ca3330c2,f6ab14eb-1a66-4ea5-8a0f-0afbda444403,59f08d0c-9645-4e80-88cb-4afff8c614ab,bf1a932c-018f-4984-9af5-4a76bc291379,form,urn:adsk.wipprod:dm.lineage:hI58Zje1Rj-Kt6YanT6VkA,t,BFH2KAVSNP5G463F,BFH2KAVSNP5G463F,2025-08-02 07:51:32,2025-08-02 07:51:34
bbdbd316-603c-4a2b-8724-92af6ed82a62,bf996092-8d66-408a-8d8e-5065ca3330c2,f6ab14eb-1a66-4ea5-8a0f-0afbda444403,59f08d0c-9645-4e80-88cb-4afff8c614ab,bbdbd316-603c-4a2b-8724-92af6ed82a62,form,urn:adsk.wipprod:dm.lineage:DpYeV1PUS9uCAkoi-HW2AQ,f,BFH2KAVSNP5G463F,BFH2KAVSNP5G463F,2025-08-02 07:52:11,2025-08-02 07:52:11
034e52d1-fc7e-4566-858c-778d07120992,bf996092-8d66-408a-8d8e-5065ca3330c2,f6ab14eb-1a66-4ea5-8a0f-0afbda444403,d573cab7-9e7e-40b9-bd45-159e7fa76e7a,034e52d1-fc7e-4566-858c-778d07120992,form,urn:adsk.wipprod:dm.lineage:0UCt_EVaSDWTtJtEbMwngA,f,BFH2KAVSNP5G463F,BFH2KAVSNP5G463F,2025-07-29 11:34:58,2025-07-29 11:34:58
e64b31a9-0fda-4847-854c-f7ac25b8ecb5,bf996092-8d66-408a-8d8e-5065ca3330c2,f6ab14eb-1a66-4ea5-8a0f-0afbda444403,d573cab7-9e7e-40b9-bd45-159e7fa76e7a,e64b31a9-0fda-4847-854c-f7ac25b8ecb5,form,urn:adsk.wipprod:dm.lineage:urS-DHEBQReH_Y6JIr7obw,f,BFH2KAVSNP5G463F,BFH2KAVSNP5G463F,2025-07-29 11:34:58,2025-07-29 11:34:58
d6cf0fb5-0ebb-4c9b-abdc-b1ee84753151,bf996092-8d66-408a-8d8e-5065ca3330c2,f6ab14eb-1a66-4ea5-8a0f-0afbda444403,db31a545-e8d6-49cb-b94d-d13ffbef0676,d6cf0fb5-0ebb-4c9b-abdc-b1ee84753151,form,urn:adsk.wipprod:dm.lineage:FyDz03ObT4q2BzNg6LEK6Q,f,BFH2KAVSNP5G463F,BFH2KAVSNP5G463F,2025-08-02 08:25:26,2025-08-02 08:25:26
e8840e67-e75e-48bc-88d9-b4740bb3d756,bf996092-8d66-408a-8d8e-5065ca3330c2,f6ab14eb-1a66-4ea5-8a0f-0afbda444403,3976bd43-4291-4658-8e2f-29f569b675fb,e8840e67-e75e-48bc-88d9-b4740bb3d756,form,urn:adsk.wipprod:dm.lineage:LzgRcPByS26vE2MNIs7raQ,f,BFH2KAVSNP5G463F,BFH2KAVSNP5G463F,2025-08-02 08:43:21,2025-08-02 08:43:21
f4c6fd11-994e-4581-9b28-ea0cc8784740,bf996092-8d66-408a-8d8e-5065ca3330c2,f6ab14eb-1a66-4ea5-8a0f-0afbda444403,3976bd43-4291-4658-8e2f-29f569b675fb,f4c6fd11-994e-4581-9b28-ea0cc8784740,form,urn:adsk.wipprod:dm.lineage:5Qhqxz2FRtCJJrE559BJUA,t,BFH2KAVSNP5G463F,BFH2KAVSNP5G463F,2025-08-02 08:43:00,2025-08-02 08:43:24
f1f88bb3-859a-44e2-8481-1729f7b61c16,bf996092-8d66-408a-8d8e-5065ca3330c2,f6ab14eb-1a66-4ea5-8a0f-0afbda444403,a7e47076-5127-4909-a3c0-82fffb07e9e4,f1f88bb3-859a-44e2-8481-1729f7b61c16,form,urn:adsk.wipprod:dm.lineage:fx94cRC5SV-SI93PegluOA,f,BFH2KAVSNP5G463F,BFH2KAVSNP5G463F,2025-08-02 09:01:03,2025-08-02 09:01:03
b5d6ab0a-b1ce-40ea-bcc4-ec13d8ef0aa0,bf996092-8d66-408a-8d8e-5065ca3330c2,f6ab14eb-1a66-4ea5-8a0f-0afbda444403,acda1536-c649-40f8-8392-5c22fdb81445,b5d6ab0a-b1ce-40ea-bcc4-ec13d8ef0aa0,form,urn:adsk.wipprod:dm.lineage:OCZ7ZffBRaW52EBeQ_ndEw,f,BFH2KAVSNP5G463F,BFH2KAVSNP5G463F,2025-07-29 11:50:03,2025-07-29 11:50:03
35efdabe-898f-4902-b57e-8d1ad2941157,bf996092-8d66-408a-8d8e-5065ca3330c2,f6ab14eb-1a66-4ea5-8a0f-0afbda444403,acda1536-c649-40f8-8392-5c22fdb81445,35efdabe-898f-4902-b57e-8d1ad2941157,form,urn:adsk.wipprod:dm.lineage:VRyRYZk1RxO1mkrUvcQtyQ,f,BFH2KAVSNP5G463F,BFH2KAVSNP5G463F,2025-07-29 11:50:02,2025-07-29 11:50:02
2282a4f9-1eb1-4094-b50f-975045bd11fc,bf996092-8d66-408a-8d8e-5065ca3330c2,f6ab14eb-1a66-4ea5-8a0f-0afbda444403,40addb8f-cf82-4ef8-87ea-7a9f3fe6dc98,2282a4f9-1eb1-4094-b50f-975045bd11fc,form,urn:adsk.wipprod:dm.lineage:pFwy3M4ESBm_QFEDrsBn3g,f,BFH2KAVSNP5G463F,BFH2KAVSNP5G463F,2025-08-02 09:14:25,2025-08-02 09:14:25
ff24328d-f452-44a4-8fbf-35fec54bb95d,bf996092-8d66-408a-8d8e-5065ca3330c2,f6ab14eb-1a66-4ea5-8a0f-0afbda444403,836248f0-c470-4f81-a7e4-70c16c0be683,ff24328d-f452-44a4-8fbf-35fec54bb95d,form,urn:adsk.wipprod:dm.lineage:NY12BHiYTpuXRiULu2G43A,f,BFH2KAVSNP5G463F,BFH2KAVSNP5G463F,2025-07-29 12:05:59,2025-07-29 12:05:59
d85c30ac-c768-4c39-9e8f-ebdfaeeb1321,bf996092-8d66-408a-8d8e-5065ca3330c2,f6ab14eb-1a66-4ea5-8a0f-0afbda444403,836248f0-c470-4f81-a7e4-70c16c0be683,d85c30ac-c768-4c39-9e8f-ebdfaeeb1321,form,urn:adsk.wipprod:dm.lineage:llLaOPGNQq6iVkk9cRI5XQ,f,BFH2KAVSNP5G463F,BFH2KAVSNP5G463F,2025-07-29 12:05:59,2025-07-29 12:05:59
5a814abc-f9d5-4c75-b790-bd918ac1b737,bf996092-8d66-408a-8d8e-5065ca3330c2,f6ab14eb-1a66-4ea5-8a0f-0afbda444403,80e5fabf-3490-4a3b-b1dc-253fa6e59b94,5a814abc-f9d5-4c75-b790-bd918ac1b737,form,urn:adsk.wipprod:dm.lineage:9vYsaxe2QuOAQnAAvtBelQ,f,BFH2KAVSNP5G463F,BFH2KAVSNP5G463F,2025-08-02 09:25:32,2025-08-02 09:25:32
b86423b0-d17b-4daa-ab00-ac3ce23ce7e6,bf996092-8d66-408a-8d8e-5065ca3330c2,f6ab14eb-1a66-4ea5-8a0f-0afbda444403,cf56c6e7-10cf-406f-b008-44ec17203c7f,b86423b0-d17b-4daa-ab00-ac3ce23ce7e6,form,urn:adsk.wipprod:dm.lineage:3pHZ3_ogSgWthvrzdU8q1A,f,NXBJU9KZRN2LR6EX,NXBJU9KZRN2LR6EX,2025-07-29 12:09:48,2025-07-29 12:09:48
2fb1d61d-8d5b-4512-b790-fc0cf344cdb9,bf996092-8d66-408a-8d8e-5065ca3330c2,f6ab14eb-1a66-4ea5-8a0f-0afbda444403,cf56c6e7-10cf-406f-b008-44ec17203c7f,2fb1d61d-8d5b-4512-b790-fc0cf344cdb9,form,urn:adsk.wipprod:dm.lineage:6dO9R-vxSw-0cl7P-XJ2AQ,f,NXBJU9KZRN2LR6EX,NXBJU9KZRN2LR6EX,2025-07-29 12:13:53,2025-07-29 12:13:53
645c68c8-f8d2-409f-959a-b76c2c7c088e,bf996092-8d66-408a-8d8e-5065ca3330c2,f6ab14eb-1a66-4ea5-8a0f-0afbda444403,2e9c5f84-6c23-4dcf-b7d8-1ff902895320,645c68c8-f8d2-409f-959a-b76c2c7c088e,form,urn:adsk.wipprod:dm.lineage:sB9OaTzFRuyJurtk46c8Qg,t,BFH2KAVSNP5G463F,BFH2KAVSNP5G463F,2025-08-02 09:36:29,2025-08-02 09:37:56
619a64f6-5fa8-477f-bfd5-9adaed03fd20,bf996092-8d66-408a-8d8e-5065ca3330c2,f6ab14eb-1a66-4ea5-8a0f-0afbda444403,2e9c5f84-6c23-4dcf-b7d8-1ff902895320,619a64f6-5fa8-477f-bfd5-9adaed03fd20,form,urn:adsk.wipprod:dm.lineage:2U6NFQVCTTeKhKYYayPsyg,f,BFH2KAVSNP5G463F,BFH2KAVSNP5G463F,2025-08-02 09:38:07,2025-08-02 09:38:07
1e49fd09-010a-4311-8522-3cbf559b1c21,bf996092-8d66-408a-8d8e-5065ca3330c2,f6ab14eb-1a66-4ea5-8a0f-0afbda444403,2954321d-5375-4f91-a620-288fbffda398,1e49fd09-010a-4311-8522-3cbf559b1c21,form,urn:adsk.wipprod:dm.lineage:ckS14S4KSEmX13LxUptg1g,f,NXBJU9KZRN2LR6EX,NXBJU9KZRN2LR6EX,2025-07-29 12:22:27,2025-07-29 12:22:27
f0c0a9e8-6bfb-446c-b032-acfdf658d8f0,bf996092-8d66-408a-8d8e-5065ca3330c2,f6ab14eb-1a66-4ea5-8a0f-0afbda444403,2954321d-5375-4f91-a620-288fbffda398,f0c0a9e8-6bfb-446c-b032-acfdf658d8f0,form,urn:adsk.wipprod:dm.lineage:4oUSWtMESKSu8Mgn2FAkZg,f,NXBJU9KZRN2LR6EX,NXBJU9KZRN2LR6EX,2025-07-29 12:22:36,2025-07-29 12:22:36
79c35778-ce22-4f0e-95eb-c8c5ccd481f2,bf996092-8d66-408a-8d8e-5065ca3330c2,f6ab14eb-1a66-4ea5-8a0f-0afbda444403,97418f81-7704-409f-adc9-4d2cf381574a,79c35778-ce22-4f0e-95eb-c8c5ccd481f2,form,urn:adsk.wipprod:dm.lineage:F_hd6k3vTiKY4UXqmayzTA,f,NXBJU9KZRN2LR6EX,NXBJU9KZRN2LR6EX,2025-07-29 12:24:13,2025-07-29 12:24:13
36d23eac-b867-4266-9a3e-d3da2ab6c7aa,bf996092-8d66-408a-8d8e-5065ca3330c2,f6ab14eb-1a66-4ea5-8a0f-0afbda444403,97418f81-7704-409f-adc9-4d2cf381574a,36d23eac-b867-4266-9a3e-d3da2ab6c7aa,form,urn:adsk.wipprod:dm.lineage:CslnoC1AQhejkGhoh-NWHg,f,NXBJU9KZRN2LR6EX,NXBJU9KZRN2LR6EX,2025-07-29 12:24:16,2025-07-29 12:24:16
7cacb069-ae03-4837-b7fb-ba2469f312f0,bf996092-8d66-408a-8d8e-5065ca3330c2,f6ab14eb-1a66-4ea5-8a0f-0afbda444403,c7da7795-7687-4bda-a55b-f3f6fc7d23ec,7cacb069-ae03-4837-b7fb-ba2469f312f0,form,urn:adsk.wipprod:dm.lineage:1xHti-QVSGuoofwK0vZfRA,f,NXBJU9KZRN2LR6EX,NXBJU9KZRN2LR6EX,2025-07-29 12:29:28,2025-07-29 12:29:28
c3933d58-2d84-41cf-87b9-4606fd7c4353,bf996092-8d66-408a-8d8e-5065ca3330c2,f6ab14eb-1a66-4ea5-8a0f-0afbda444403,c7da7795-7687-4bda-a55b-f3f6fc7d23ec,c3933d58-2d84-41cf-87b9-4606fd7c4353,form,urn:adsk.wipprod:dm.lineage:VqSnygU0Rpy-IWtSHA_tjA,f,NXBJU9KZRN2LR6EX,NXBJU9KZRN2LR6EX,2025-07-29 12:29:31,2025-07-29 12:29:31
dc8fbb96-6d0f-4f71-b774-822a2b43da12,bf996092-8d66-408a-8d8e-5065ca3330c2,f6ab14eb-1a66-4ea5-8a0f-0afbda444403,dac1595f-305b-4cdb-a433-6a2b3acd7c14,dc8fbb96-6d0f-4f71-b774-822a2b43da12,form,urn:adsk.wipprod:dm.lineage:25eNoIXARRSK805IfmR1-A,f,BFH2KAVSNP5G463F,BFH2KAVSNP5G463F,2025-07-29 14:22:20,2025-07-29 14:22:20
6381f4a2-b95d-4d22-942a-f17e4529838d,bf996092-8d66-408a-8d8e-5065ca3330c2,f6ab14eb-1a66-4ea5-8a0f-0afbda444403,c5ca0a9c-25d7-4d88-b6e1-4b33f24715c4,6381f4a2-b95d-4d22-942a-f17e4529838d,form,urn:adsk.wipprod:dm.lineage:xzXoQz2hTYuOn-I9q4_KrA,f,BFH2KAVSNP5G463F,BFH2KAVSNP5G463F,2025-07-29 14:30:06,2025-07-29 14:30:06
2013caa1-c74d-4de2-a31c-ccf863ea17c6,bf996092-8d66-408a-8d8e-5065ca3330c2,f6ab14eb-1a66-4ea5-8a0f-0afbda444403,c5ca0a9c-25d7-4d88-b6e1-4b33f24715c4,2013caa1-c74d-4de2-a31c-ccf863ea17c6,form,urn:adsk.wipprod:dm.lineage:95T199Y5QhaWUd4x-otGsw,f,BFH2KAVSNP5G463F,BFH2KAVSNP5G463F,2025-07-29 14:30:11,2025-07-29 14:30:11
5cd922dd-12a9-4046-a539-9a27952df25f,bf996092-8d66-408a-8d8e-5065ca3330c2,f6ab14eb-1a66-4ea5-8a0f-0afbda444403,6c39d4b1-06d3-406b-b4a3-bfc87c17f023,5cd922dd-12a9-4046-a539-9a27952df25f,form,urn:adsk.wipprod:dm.lineage:wJtq59c9QcyxnOR-yrdy5A,f,NXBJU9KZRN2LR6EX,NXBJU9KZRN2LR6EX,2025-08-04 11:42:30,2025-08-04 11:42:30
c0e82aba-25d2-46e4-9c69-0085db34d3e4,bf996092-8d66-408a-8d8e-5065ca3330c2,f6ab14eb-1a66-4ea5-8a0f-0afbda444403,6c39d4b1-06d3-406b-b4a3-bfc87c17f023,c0e82aba-25d2-46e4-9c69-0085db34d3e4,form,urn:adsk.wipprod:dm.lineage:xKDBIq7XT_iwz3ISavXDkg,f,NXBJU9KZRN2LR6EX,NXBJU9KZRN2LR6EX,2025-08-04 11:42:34,2025-08-04 11:42:34
d473f45f-cf57-4118-8e4f-8168678ddb21,bf996092-8d66-408a-8d8e-5065ca3330c2,f6ab14eb-1a66-4ea5-8a0f-0afbda444403,d46faf9e-5ed4-4b04-a16f-c025187c038c,d473f45f-cf57-4118-8e4f-8168678ddb21,form,urn:adsk.wipprod:dm.lineage:GN4drIvFQ3CC47RDuVSN5Q,f,BFH2KAVSNP5G463F,BFH2KAVSNP5G463F,2025-07-30 04:59:17,2025-07-30 04:59:17
4941416f-7574-41e3-831e-700250426651,bf996092-8d66-408a-8d8e-5065ca3330c2,f6ab14eb-1a66-4ea5-8a0f-0afbda444403,d46faf9e-5ed4-4b04-a16f-c025187c038c,4941416f-7574-41e3-831e-700250426651,form,urn:adsk.wipprod:dm.lineage:5j4DJ8d4QYC7nR__91yTcg,f,BFH2KAVSNP5G463F,BFH2KAVSNP5G463F,2025-07-30 04:59:23,2025-07-30 04:59:23
a18061cc-f1b6-46fb-9f50-dd11fd4d56bd,bf996092-8d66-408a-8d8e-5065ca3330c2,f6ab14eb-1a66-4ea5-8a0f-0afbda444403,59fdf5ee-24cf-4b6d-aeed-1e47c058da65,a18061cc-f1b6-46fb-9f50-dd11fd4d56bd,form,urn:adsk.wipprod:dm.lineage:QNlSgSJlQZ6sE1to4ezL4A,f,BFH2KAVSNP5G463F,BFH2KAVSNP5G463F,2025-07-30 05:10:24,2025-07-30 05:10:24
d260dd69-aaca-44d4-8620-026c45d03123,bf996092-8d66-408a-8d8e-5065ca3330c2,f6ab14eb-1a66-4ea5-8a0f-0afbda444403,59fdf5ee-24cf-4b6d-aeed-1e47c058da65,d260dd69-aaca-44d4-8620-026c45d03123,form,urn:adsk.wipprod:dm.lineage:EkpG1VbwSdqGKnDUty4klw,f,BFH2KAVSNP5G463F,BFH2KAVSNP5G463F,2025-07-30 05:10:24,2025-07-30 05:10:24
478e820f-26fe-4909-aae2-0c9e2ff26e15,bf996092-8d66-408a-8d8e-5065ca3330c2,f6ab14eb-1a66-4ea5-8a0f-0afbda444403,4fa19c34-c686-409d-aaa5-cbbd5be276d8,478e820f-26fe-4909-aae2-0c9e2ff26e15,form,urn:adsk.wipprod:dm.lineage:FdPXAja4SeqhMLOmzPBaRA,f,BFH2KAVSNP5G463F,BFH2KAVSNP5G463F,2025-07-30 05:50:21,2025-07-30 05:50:21
82738e0f-6e1a-48c0-84a1-71fd69d50a8f,bf996092-8d66-408a-8d8e-5065ca3330c2,f6ab14eb-1a66-4ea5-8a0f-0afbda444403,4fa19c34-c686-409d-aaa5-cbbd5be276d8,82738e0f-6e1a-48c0-84a1-71fd69d50a8f,form,urn:adsk.wipprod:dm.lineage:xRVuOatGTMieWMr6n9X2GQ,f,BFH2KAVSNP5G463F,BFH2KAVSNP5G463F,2025-07-30 05:50:25,2025-07-30 05:50:25
bbcff044-e9b3-4f8c-897e-860e74548760,bf996092-8d66-408a-8d8e-5065ca3330c2,f6ab14eb-1a66-4ea5-8a0f-0afbda444403,bb3b27b4-c6d0-417b-b212-6f63641f4273,bbcff044-e9b3-4f8c-897e-860e74548760,form,urn:adsk.wipprod:dm.lineage:uJHgP_tCTLqL2P66o_38SA,f,NXBJU9KZRN2LR6EX,NXBJU9KZRN2LR6EX,2025-08-04 11:49:24,2025-08-04 11:49:24
bfa96f0a-e902-49e8-8d24-f6b053e14254,bf996092-8d66-408a-8d8e-5065ca3330c2,f6ab14eb-1a66-4ea5-8a0f-0afbda444403,77ac2fd2-d056-4a8e-8e4c-ed654113b752,bfa96f0a-e902-49e8-8d24-f6b053e14254,form,urn:adsk.wipprod:dm.lineage:kyxeyzEeTWKXfhIB6f8vrQ,f,BFH2KAVSNP5G463F,BFH2KAVSNP5G463F,2025-07-30 06:08:17,2025-07-30 06:08:17
e09e21d5-1a91-432c-bffd-89153e5e73d2,bf996092-8d66-408a-8d8e-5065ca3330c2,f6ab14eb-1a66-4ea5-8a0f-0afbda444403,77ac2fd2-d056-4a8e-8e4c-ed654113b752,e09e21d5-1a91-432c-bffd-89153e5e73d2,form,urn:adsk.wipprod:dm.lineage:Tb0be5-JT92air6LqfgRfg,f,BFH2KAVSNP5G463F,BFH2KAVSNP5G463F,2025-07-30 06:08:21,2025-07-30 06:08:21
bcaf9564-2461-41af-95cf-30910743df15,bf996092-8d66-408a-8d8e-5065ca3330c2,f6ab14eb-1a66-4ea5-8a0f-0afbda444403,f1672930-956a-4bc6-bd0c-bc44dcabae0a,bcaf9564-2461-41af-95cf-30910743df15,form,urn:adsk.wipprod:dm.lineage:FMLG01CTSjuEX-dZv-1A2A,f,BFH2KAVSNP5G463F,BFH2KAVSNP5G463F,2025-07-30 06:23:54,2025-07-30 06:23:54
431a54cd-7e67-46d4-94a3-58a91849afd9,bf996092-8d66-408a-8d8e-5065ca3330c2,f6ab14eb-1a66-4ea5-8a0f-0afbda444403,f1672930-956a-4bc6-bd0c-bc44dcabae0a,431a54cd-7e67-46d4-94a3-58a91849afd9,form,urn:adsk.wipprod:dm.lineage:y7oBhrkwSRyaTkKx1yM_Vw,f,BFH2KAVSNP5G463F,BFH2KAVSNP5G463F,2025-07-30 06:23:54,2025-07-30 06:23:54
ccec2f0a-2760-4d57-bc7e-929389acbcca,bf996092-8d66-408a-8d8e-5065ca3330c2,f6ab14eb-1a66-4ea5-8a0f-0afbda444403,a131d318-2ae3-4236-aec7-acbe644c01c5,ccec2f0a-2760-4d57-bc7e-929389acbcca,form,urn:adsk.wipprod:dm.lineage:q4wP-2-XR9ec0MVwGxjLAg,f,BFH2KAVSNP5G463F,BFH2KAVSNP5G463F,2025-07-30 06:34:31,2025-07-30 06:34:31
e8bcc68c-9d7b-4d66-a8b5-2c61f6cbca05,bf996092-8d66-408a-8d8e-5065ca3330c2,f6ab14eb-1a66-4ea5-8a0f-0afbda444403,a131d318-2ae3-4236-aec7-acbe644c01c5,e8bcc68c-9d7b-4d66-a8b5-2c61f6cbca05,form,urn:adsk.wipprod:dm.lineage:qFkZCzkVSquvggsoD3-LZw,f,BFH2KAVSNP5G463F,BFH2KAVSNP5G463F,2025-07-30 06:34:38,2025-07-30 06:34:38
e41784a5-41b7-40e3-9e9b-4ff00f174399,bf996092-8d66-408a-8d8e-5065ca3330c2,f6ab14eb-1a66-4ea5-8a0f-0afbda444403,34b8fab1-9d61-4a1b-b98c-3a59b6098bbd,e41784a5-41b7-40e3-9e9b-4ff00f174399,form,urn:adsk.wipprod:dm.lineage:omn8aMmnSVKLyU1PpoxYuA,f,BFH2KAVSNP5G463F,BFH2KAVSNP5G463F,2025-07-30 06:48:59,2025-07-30 06:48:59
d4c86aea-05e6-4143-99bd-471d52908de8,bf996092-8d66-408a-8d8e-5065ca3330c2,f6ab14eb-1a66-4ea5-8a0f-0afbda444403,34b8fab1-9d61-4a1b-b98c-3a59b6098bbd,d4c86aea-05e6-4143-99bd-471d52908de8,form,urn:adsk.wipprod:dm.lineage:8bQydT45TYayZIJqsfBKKg,f,BFH2KAVSNP5G463F,BFH2KAVSNP5G463F,2025-07-30 06:49:04,2025-07-30 06:49:04
3c124b0d-87bc-42a8-8059-fa6620af7dd2,bf996092-8d66-408a-8d8e-5065ca3330c2,f6ab14eb-1a66-4ea5-8a0f-0afbda444403,b7a3d1e1-577a-4a9c-a687-a477df7fc50e,3c124b0d-87bc-42a8-8059-fa6620af7dd2,form,urn:adsk.wipprod:dm.lineage:R3NT0BibQWqFWU75KBjJxw,f,NXBJU9KZRN2LR6EX,NXBJU9KZRN2LR6EX,2025-08-04 11:59:03,2025-08-04 11:59:03
9f0fb053-9478-42a1-b84d-fe8bbbc41269,bf996092-8d66-408a-8d8e-5065ca3330c2,f6ab14eb-1a66-4ea5-8a0f-0afbda444403,b7a3d1e1-577a-4a9c-a687-a477df7fc50e,9f0fb053-9478-42a1-b84d-fe8bbbc41269,form,urn:adsk.wipprod:dm.lineage:uTmWOxdJRbW5UAMALGBE6Q,f,NXBJU9KZRN2LR6EX,NXBJU9KZRN2LR6EX,2025-08-04 11:59:06,2025-08-04 11:59:06
019c6bf3-d478-4b0a-93be-14f4abb97283,bf996092-8d66-408a-8d8e-5065ca3330c2,967e785d-d83c-490b-8d6a-2ed926c956ac,4d73213a-abad-42d6-b8f6-19f9b10648c2,019c6bf3-d478-4b0a-93be-14f4abb97283,form,urn:adsk.wipprod:dm.lineage:awQHfbCISni4lSOT-QFYmw,f,U8Q2F3P4M3PWWQXF,U8Q2F3P4M3PWWQXF,2025-08-04 12:03:44,2025-08-04 12:03:44
3262f568-f73e-42b3-9f8e-3ac38ca07d6a,bf996092-8d66-408a-8d8e-5065ca3330c2,f6ab14eb-1a66-4ea5-8a0f-0afbda444403,69c00f1b-623f-49c7-b15c-33ed0bb09c07,3262f568-f73e-42b3-9f8e-3ac38ca07d6a,form,urn:adsk.wipprod:dm.lineage:ODQLxmN6QOe9Hw4tr3cBGA,f,NXBJU9KZRN2LR6EX,NXBJU9KZRN2LR6EX,2025-08-04 12:04:02,2025-08-04 12:04:02
b4a72b93-e818-4301-8e20-41171b0a069e,bf996092-8d66-408a-8d8e-5065ca3330c2,f6ab14eb-1a66-4ea5-8a0f-0afbda444403,69c00f1b-623f-49c7-b15c-33ed0bb09c07,b4a72b93-e818-4301-8e20-41171b0a069e,form,urn:adsk.wipprod:dm.lineage:SLW5QRS-QMy2fDAvEUlRgg,f,NXBJU9KZRN2LR6EX,NXBJU9KZRN2LR6EX,2025-08-04 12:04:18,2025-08-04 12:04:18
99797948-e728-468b-b9a8-48e6a2c8edc1,bf996092-8d66-408a-8d8e-5065ca3330c2,f6ab14eb-1a66-4ea5-8a0f-0afbda444403,0f690ba7-7312-48b9-ab9f-c209b7ea9cad,99797948-e728-468b-b9a8-48e6a2c8edc1,form,urn:adsk.wipprod:dm.lineage:NUjKWEpyRX6xoMziICoxUw,f,NXBJU9KZRN2LR6EX,NXBJU9KZRN2LR6EX,2025-08-04 12:10:18,2025-08-04 12:10:18
1c0df79c-2e16-4331-9491-26c99778de27,bf996092-8d66-408a-8d8e-5065ca3330c2,f6ab14eb-1a66-4ea5-8a0f-0afbda444403,0f690ba7-7312-48b9-ab9f-c209b7ea9cad,1c0df79c-2e16-4331-9491-26c99778de27,form,urn:adsk.wipprod:dm.lineage:2KjbEpgmQp2WXk9aA1h0Jw,f,NXBJU9KZRN2LR6EX,NXBJU9KZRN2LR6EX,2025-08-04 12:10:22,2025-08-04 12:10:22
4f191964-6f0e-4735-b59f-22f0b517643e,bf996092-8d66-408a-8d8e-5065ca3330c2,f6ab14eb-1a66-4ea5-8a0f-0afbda444403,e2040f47-7239-431e-8843-05ff4b3e75c6,4f191964-6f0e-4735-b59f-22f0b517643e,form,urn:adsk.wipprod:dm.lineage:hmBwQj2IR7myc2oTEx9-dA,f,NXBJU9KZRN2LR6EX,NXBJU9KZRN2LR6EX,2025-08-04 12:15:16,2025-08-04 12:15:16
2aa9bd7c-aa37-4aff-8227-0d24ca2f9918,bf996092-8d66-408a-8d8e-5065ca3330c2,f6ab14eb-1a66-4ea5-8a0f-0afbda444403,e2040f47-7239-431e-8843-05ff4b3e75c6,2aa9bd7c-aa37-4aff-8227-0d24ca2f9918,form,urn:adsk.wipprod:dm.lineage:D41YuF5yRsyXX3t9XfZW7A,f,NXBJU9KZRN2LR6EX,NXBJU9KZRN2LR6EX,2025-08-04 12:15:20,2025-08-04 12:15:20
7f7db71a-e229-4c30-9446-bf582c30d782,bf996092-8d66-408a-8d8e-5065ca3330c2,f6ab14eb-1a66-4ea5-8a0f-0afbda444403,7fad3de2-9193-4b76-9a6e-ebc15bd21c7e,7f7db71a-e229-4c30-9446-bf582c30d782,form,urn:adsk.wipprod:dm.lineage:EvX1WOvWTT256ks1W4GozA,f,NXBJU9KZRN2LR6EX,NXBJU9KZRN2LR6EX,2025-08-04 12:18:49,2025-08-04 12:18:49
118b6bfa-550d-4a10-baf1-dd2be0b6b766,bf996092-8d66-408a-8d8e-5065ca3330c2,f6ab14eb-1a66-4ea5-8a0f-0afbda444403,7fad3de2-9193-4b76-9a6e-ebc15bd21c7e,118b6bfa-550d-4a10-baf1-dd2be0b6b766,form,urn:adsk.wipprod:dm.lineage:qRl9vwlnSYORPLFTy2TL5Q,f,NXBJU9KZRN2LR6EX,NXBJU9KZRN2LR6EX,2025-08-04 12:18:51,2025-08-04 12:18:51
d3c86f85-4cf8-4f5c-8d15-a37166959559,bf996092-8d66-408a-8d8e-5065ca3330c2,f6ab14eb-1a66-4ea5-8a0f-0afbda444403,9e1ef861-b75b-48bf-becc-bfb713078ea7,d3c86f85-4cf8-4f5c-8d15-a37166959559,form,urn:adsk.wipprod:dm.lineage:oEI1RQoeTTS_G_FBjQN6VQ,f,NXBJU9KZRN2LR6EX,NXBJU9KZRN2LR6EX,2025-07-30 09:25:49,2025-07-30 09:25:49
0c5078f6-cc7f-4345-8a39-68f915d8c35b,bf996092-8d66-408a-8d8e-5065ca3330c2,f6ab14eb-1a66-4ea5-8a0f-0afbda444403,9e1ef861-b75b-48bf-becc-bfb713078ea7,0c5078f6-cc7f-4345-8a39-68f915d8c35b,form,urn:adsk.wipprod:dm.lineage:M1MPGWqgRVe3rEEt7vzbbA,f,NXBJU9KZRN2LR6EX,NXBJU9KZRN2LR6EX,2025-07-30 09:25:52,2025-07-30 09:25:52
2faf2a5b-2d64-4346-90de-f5f7d13f9c94,bf996092-8d66-408a-8d8e-5065ca3330c2,f6ab14eb-1a66-4ea5-8a0f-0afbda444403,73242485-4963-4f4d-9f63-d4bd4ba10e80,2faf2a5b-2d64-4346-90de-f5f7d13f9c94,form,urn:adsk.wipprod:dm.lineage:nMlci0hiS6e3ya3CWbFx8Q,f,NXBJU9KZRN2LR6EX,NXBJU9KZRN2LR6EX,2025-08-04 12:24:35,2025-08-04 12:24:35
7e158ce8-8474-4811-82cd-ef1307951ca2,bf996092-8d66-408a-8d8e-5065ca3330c2,f6ab14eb-1a66-4ea5-8a0f-0afbda444403,a131d318-2ae3-4236-aec7-acbe644c01c5,7e158ce8-8474-4811-82cd-ef1307951ca2,form,urn:adsk.wipprod:dm.lineage:pvCaTUVjRemzzusyW2Zmjw,f,NXBJU9KZRN2LR6EX,NXBJU9KZRN2LR6EX,2025-07-30 09:35:59,2025-07-30 09:35:59
d0206695-1ad9-4251-b995-3b7fcef9f8a2,bf996092-8d66-408a-8d8e-5065ca3330c2,f6ab14eb-1a66-4ea5-8a0f-0afbda444403,a131d318-2ae3-4236-aec7-acbe644c01c5,d0206695-1ad9-4251-b995-3b7fcef9f8a2,form,urn:adsk.wipprod:dm.lineage:7-E2v9DXQ5yIFJ_r5j5j1g,f,NXBJU9KZRN2LR6EX,NXBJU9KZRN2LR6EX,2025-07-30 09:36:03,2025-07-30 09:36:03
8566ca0d-2cfa-4b46-8775-1df54ae779c3,bf996092-8d66-408a-8d8e-5065ca3330c2,f6ab14eb-1a66-4ea5-8a0f-0afbda444403,f1672930-956a-4bc6-bd0c-bc44dcabae0a,8566ca0d-2cfa-4b46-8775-1df54ae779c3,form,urn:adsk.wipprod:dm.lineage:suPoiUoKTO6ly_94dTRC7A,f,NXBJU9KZRN2LR6EX,NXBJU9KZRN2LR6EX,2025-07-30 09:38:39,2025-07-30 09:38:39
42f963d3-1e8b-450e-b159-ca46eec4cf7e,bf996092-8d66-408a-8d8e-5065ca3330c2,f6ab14eb-1a66-4ea5-8a0f-0afbda444403,f1672930-956a-4bc6-bd0c-bc44dcabae0a,42f963d3-1e8b-450e-b159-ca46eec4cf7e,form,urn:adsk.wipprod:dm.lineage:fTCMzEgcTCi-PzqhqRWCFg,f,NXBJU9KZRN2LR6EX,NXBJU9KZRN2LR6EX,2025-07-30 09:38:41,2025-07-30 09:38:41
d0ef409b-d65d-4660-8091-085cc9c9517e,bf996092-8d66-408a-8d8e-5065ca3330c2,f6ab14eb-1a66-4ea5-8a0f-0afbda444403,77ac2fd2-d056-4a8e-8e4c-ed654113b752,d0ef409b-d65d-4660-8091-085cc9c9517e,form,urn:adsk.wipprod:dm.lineage:sJAQGo85S_-ZCbqiT9uFYQ,f,NXBJU9KZRN2LR6EX,NXBJU9KZRN2LR6EX,2025-07-30 09:40:52,2025-07-30 09:40:52
4c6643c0-5154-4c79-994b-3986fec520c3,bf996092-8d66-408a-8d8e-5065ca3330c2,f6ab14eb-1a66-4ea5-8a0f-0afbda444403,9a02aeca-64aa-4f37-88a2-52c6dbb71e6a,4c6643c0-5154-4c79-994b-3986fec520c3,form,urn:adsk.wipprod:dm.lineage:2UJ4r4vLR6GITE6ZakvTQA,f,BFH2KAVSNP5G463F,BFH2KAVSNP5G463F,2025-07-22 14:33:32,2025-07-22 14:33:32
d2b87abd-a59e-47a9-9017-05bb5a8ddf2d,bf996092-8d66-408a-8d8e-5065ca3330c2,967e785d-d83c-490b-8d6a-2ed926c956ac,20643bf7-e177-4997-8977-b73b2f147d5d,d2b87abd-a59e-47a9-9017-05bb5a8ddf2d,form,urn:adsk.wipprod:dm.lineage:FNvQJhlgTdaXTw8yupWAjA,f,U8Q2F3P4M3PWWQXF,U8Q2F3P4M3PWWQXF,2025-06-06 08:15:37,2025-06-06 08:15:37
cb33659d-ee53-4112-9040-084a5857369b,bf996092-8d66-408a-8d8e-5065ca3330c2,967e785d-d83c-490b-8d6a-2ed926c956ac,20643bf7-e177-4997-8977-b73b2f147d5d,cb33659d-ee53-4112-9040-084a5857369b,form,urn:adsk.wipprod:dm.lineage:j2UXRxy4QrmubRT637jlwQ,f,U8Q2F3P4M3PWWQXF,U8Q2F3P4M3PWWQXF,2025-06-06 08:16:00,2025-06-06 08:16:00
dcd99531-ecc9-4864-b48a-d64bfdb2f154,bf996092-8d66-408a-8d8e-5065ca3330c2,967e785d-d83c-490b-8d6a-2ed926c956ac,20643bf7-e177-4997-8977-b73b2f147d5d,dcd99531-ecc9-4864-b48a-d64bfdb2f154,form,urn:adsk.wipprod:dm.lineage:YrR-1nwwSTOWsZN7l8qtbw,f,U8Q2F3P4M3PWWQXF,U8Q2F3P4M3PWWQXF,2025-06-06 08:16:39,2025-06-06 08:16:39
36186b99-58d4-4f21-a5d0-e3403c1e58bb,bf996092-8d66-408a-8d8e-5065ca3330c2,f679f4cf-c089-4a2b-9b84-b14129630601,f18fbe8f-4809-494a-b43a-3e1c13a8fada,36186b99-58d4-4f21-a5d0-e3403c1e58bb,form,urn:adsk.wipprod:dm.lineage:PsNMbXzsQVSzrMMEdSmiqw,t,HJQ2F2PVKF9BT95Z,HJQ2F2PVKF9BT95Z,2025-06-24 12:02:24,2025-06-24 12:02:26
a158550e-73ac-4f2d-a6d0-1b207605d0e5,bf996092-8d66-408a-8d8e-5065ca3330c2,f679f4cf-c089-4a2b-9b84-b14129630601,f18fbe8f-4809-494a-b43a-3e1c13a8fada,a158550e-73ac-4f2d-a6d0-1b207605d0e5,form,urn:adsk.wipprod:dm.lineage:EYXT51tuTUSzc9FdVf9I6Q,f,HJQ2F2PVKF9BT95Z,HJQ2F2PVKF9BT95Z,2025-06-24 12:04:30,2025-06-24 12:04:30
886a6ffc-2d17-41a6-98bf-52e2f7c4c0bb,bf996092-8d66-408a-8d8e-5065ca3330c2,f6ab14eb-1a66-4ea5-8a0f-0afbda444403,7da23a92-f313-4599-9013-dc89ba7dc478,886a6ffc-2d17-41a6-98bf-52e2f7c4c0bb,form,urn:adsk.wipprod:dm.lineage:YSToOW9sT7ej-FEvkpwRzQ,f,BFH2KAVSNP5G463F,BFH2KAVSNP5G463F,2025-08-27 12:02:22,2025-08-27 12:02:22
d4c58af9-4e60-43a4-9649-104eae29b20c,bf996092-8d66-408a-8d8e-5065ca3330c2,f6ab14eb-1a66-4ea5-8a0f-0afbda444403,7da23a92-f313-4599-9013-dc89ba7dc478,d4c58af9-4e60-43a4-9649-104eae29b20c,form,urn:adsk.wipprod:dm.lineage:U4E9d3bVQHCgFV5M6f3wYw,f,BFH2KAVSNP5G463F,BFH2KAVSNP5G463F,2025-08-27 12:02:27,2025-08-27 12:02:27
18b60d89-771c-4345-ab17-0a81de900eca,bf996092-8d66-408a-8d8e-5065ca3330c2,967e785d-d83c-490b-8d6a-2ed926c956ac,c354a98d-5dda-4101-bb82-498ce56f62c7,18b60d89-771c-4345-ab17-0a81de900eca,form,urn:adsk.wipprod:dm.lineage:Kwzsc4WjTpOvvA9gR2qsPg,t,U8Q2F3P4M3PWWQXF,U8Q2F3P4M3PWWQXF,2025-07-03 03:43:26,2025-07-03 03:44:24
ae150a49-a77f-4bde-8cc4-df5d28040e7d,bf996092-8d66-408a-8d8e-5065ca3330c2,967e785d-d83c-490b-8d6a-2ed926c956ac,c354a98d-5dda-4101-bb82-498ce56f62c7,ae150a49-a77f-4bde-8cc4-df5d28040e7d,form,urn:adsk.wipprod:dm.lineage:cLyMf1dyQ-yG_y4N1abYwA,t,U8Q2F3P4M3PWWQXF,U8Q2F3P4M3PWWQXF,2025-07-03 03:43:46,2025-07-03 03:44:32
0e35ea36-8300-4ee5-857b-3617265bba7c,bf996092-8d66-408a-8d8e-5065ca3330c2,f6ab14eb-1a66-4ea5-8a0f-0afbda444403,c9c10c75-9cc9-405e-963e-89d90ae6d867,0e35ea36-8300-4ee5-857b-3617265bba7c,form,urn:adsk.wipprod:dm.lineage:-lhYKLKPReS4EtNEgZ47tA,f,BFH2KAVSNP5G463F,BFH2KAVSNP5G463F,2025-08-08 10:32:44,2025-08-08 10:32:44
3b470046-a9ed-48be-aa88-7d429f10b8b2,bf996092-8d66-408a-8d8e-5065ca3330c2,f6ab14eb-1a66-4ea5-8a0f-0afbda444403,c9c10c75-9cc9-405e-963e-89d90ae6d867,3b470046-a9ed-48be-aa88-7d429f10b8b2,form,urn:adsk.wipprod:dm.lineage:5ygVhNYZTnyyxNsEFo7Ekg,f,BFH2KAVSNP5G463F,BFH2KAVSNP5G463F,2025-08-08 10:32:45,2025-08-08 10:32:45
eb13b2dc-dc55-4700-b65e-0e9deca249d2,bf996092-8d66-408a-8d8e-5065ca3330c2,f679f4cf-c089-4a2b-9b84-b14129630601,132e4eb0-c5a0-4ae6-84a3-d6584927659b,eb13b2dc-dc55-4700-b65e-0e9deca249d2,form,urn:adsk.wipprod:dm.lineage:FNIM3xSUSMyHoUaNl_3SoA,f,3TSJN3BRN9YVX2DX,3TSJN3BRN9YVX2DX,2025-07-23 12:16:38,2025-07-23 12:16:38
04744862-2abc-47f9-a68e-1c3f1a18b259,bf996092-8d66-408a-8d8e-5065ca3330c2,f679f4cf-c089-4a2b-9b84-b14129630601,132e4eb0-c5a0-4ae6-84a3-d6584927659b,04744862-2abc-47f9-a68e-1c3f1a18b259,form,urn:adsk.wipprod:dm.lineage:A0RYSK4tTbG7391ex4JPvg,f,3TSJN3BRN9YVX2DX,3TSJN3BRN9YVX2DX,2025-07-23 12:16:44,2025-07-23 12:16:44
f2f79132-2f5a-4299-ba01-2753f9a106dd,bf996092-8d66-408a-8d8e-5065ca3330c2,f679f4cf-c089-4a2b-9b84-b14129630601,132e4eb0-c5a0-4ae6-84a3-d6584927659b,f2f79132-2f5a-4299-ba01-2753f9a106dd,form,urn:adsk.wipprod:dm.lineage:bbo1o4QjQiaLvHfpXroXGw,f,3TSJN3BRN9YVX2DX,3TSJN3BRN9YVX2DX,2025-07-23 12:16:52,2025-07-23 12:16:52
5bb1d18c-dda2-467f-9c24-d4df9cbf8ebd,bf996092-8d66-408a-8d8e-5065ca3330c2,f679f4cf-c089-4a2b-9b84-b14129630601,d454a4c8-3b9a-48bf-a223-a5e1bee6227a,5bb1d18c-dda2-467f-9c24-d4df9cbf8ebd,form,urn:adsk.wipprod:dm.lineage:UNOIv1vTT2qvxWVRqW2wZw,f,3TSJN3BRN9YVX2DX,3TSJN3BRN9YVX2DX,2025-07-23 12:22:39,2025-07-23 12:22:39
8190c4d2-06c3-4e84-bef7-dfbdf0a5f707,bf996092-8d66-408a-8d8e-5065ca3330c2,f679f4cf-c089-4a2b-9b84-b14129630601,d454a4c8-3b9a-48bf-a223-a5e1bee6227a,8190c4d2-06c3-4e84-bef7-dfbdf0a5f707,form,urn:adsk.wipprod:dm.lineage:P8vzPRWeR0-3RmHnAsrDvA,f,3TSJN3BRN9YVX2DX,3TSJN3BRN9YVX2DX,2025-07-23 12:22:44,2025-07-23 12:22:44
7bb8225c-77b2-40c0-bbdd-adf25bee764d,bf996092-8d66-408a-8d8e-5065ca3330c2,f679f4cf-c089-4a2b-9b84-b14129630601,d454a4c8-3b9a-48bf-a223-a5e1bee6227a,7bb8225c-77b2-40c0-bbdd-adf25bee764d,form,urn:adsk.wipprod:dm.lineage:HcDa1H6qSmGg8RXlr4sxdw,f,3TSJN3BRN9YVX2DX,3TSJN3BRN9YVX2DX,2025-07-23 12:22:48,2025-07-23 12:22:48
45973d92-5ad6-4450-bbec-3a292c54b516,bf996092-8d66-408a-8d8e-5065ca3330c2,f679f4cf-c089-4a2b-9b84-b14129630601,d454a4c8-3b9a-48bf-a223-a5e1bee6227a,45973d92-5ad6-4450-bbec-3a292c54b516,form,urn:adsk.wipprod:dm.lineage:Jqj8FP02Rs-WTyzgOlsjEQ,f,3TSJN3BRN9YVX2DX,3TSJN3BRN9YVX2DX,2025-07-23 12:22:54,2025-07-23 12:22:54
13794116-959a-44f6-9e99-7eed3416791b,bf996092-8d66-408a-8d8e-5065ca3330c2,f679f4cf-c089-4a2b-9b84-b14129630601,d454a4c8-3b9a-48bf-a223-a5e1bee6227a,13794116-959a-44f6-9e99-7eed3416791b,form,urn:adsk.wipprod:dm.lineage:s2o94jMgQSGwcX-Zmq-EKw,t,3TSJN3BRN9YVX2DX,3TSJN3BRN9YVX2DX,2025-07-23 12:22:33,2025-07-23 12:22:56
9e6e344b-1bcc-4e20-a7cc-d52880dbaae9,bf996092-8d66-408a-8d8e-5065ca3330c2,f679f4cf-c089-4a2b-9b84-b14129630601,ea6f68b9-4c26-4120-873c-64c9eacfed99,9e6e344b-1bcc-4e20-a7cc-d52880dbaae9,form,urn:adsk.wipprod:dm.lineage:6ro-22NQTKimdD4Q8DB_5A,f,3TSJN3BRN9YVX2DX,3TSJN3BRN9YVX2DX,2025-07-23 12:31:12,2025-07-23 12:31:12
01d90d5d-5f85-4808-9b5f-bb4160059939,bf996092-8d66-408a-8d8e-5065ca3330c2,f679f4cf-c089-4a2b-9b84-b14129630601,ea6f68b9-4c26-4120-873c-64c9eacfed99,01d90d5d-5f85-4808-9b5f-bb4160059939,form,urn:adsk.wipprod:dm.lineage:EqZ0a3OuT8ePu_7ZQt4z9Q,f,3TSJN3BRN9YVX2DX,3TSJN3BRN9YVX2DX,2025-07-23 12:31:18,2025-07-23 12:31:18
d9b398ed-854d-4b44-82d1-412d4c0f024f,bf996092-8d66-408a-8d8e-5065ca3330c2,f679f4cf-c089-4a2b-9b84-b14129630601,ea6f68b9-4c26-4120-873c-64c9eacfed99,d9b398ed-854d-4b44-82d1-412d4c0f024f,form,urn:adsk.wipprod:dm.lineage:9gr8UHLVS5SAJhV4rFQMXQ,f,3TSJN3BRN9YVX2DX,3TSJN3BRN9YVX2DX,2025-07-23 12:31:24,2025-07-23 12:31:24
ee4f7349-24af-470c-8774-493144e75d1a,bf996092-8d66-408a-8d8e-5065ca3330c2,f679f4cf-c089-4a2b-9b84-b14129630601,ea6f68b9-4c26-4120-873c-64c9eacfed99,ee4f7349-24af-470c-8774-493144e75d1a,form,urn:adsk.wipprod:dm.lineage:8OnFO4OgQoy9CpYdTw3VIw,f,3TSJN3BRN9YVX2DX,3TSJN3BRN9YVX2DX,2025-07-23 12:31:29,2025-07-23 12:31:29
59efa1a6-0418-44e9-9917-aabd7234d3c2,bf996092-8d66-408a-8d8e-5065ca3330c2,f679f4cf-c089-4a2b-9b84-b14129630601,ea6f68b9-4c26-4120-873c-64c9eacfed99,59efa1a6-0418-44e9-9917-aabd7234d3c2,form,urn:adsk.wipprod:dm.lineage:_jOkDBCCQiO_a7UAWn61uw,f,3TSJN3BRN9YVX2DX,3TSJN3BRN9YVX2DX,2025-07-23 12:31:34,2025-07-23 12:31:34
d50fe2fd-8fba-4687-b163-f2bdec7c1a37,bf996092-8d66-408a-8d8e-5065ca3330c2,f679f4cf-c089-4a2b-9b84-b14129630601,ea6f68b9-4c26-4120-873c-64c9eacfed99,d50fe2fd-8fba-4687-b163-f2bdec7c1a37,form,urn:adsk.wipprod:dm.lineage:qE9Lb6JHR6-Blx7p2_J6JQ,f,3TSJN3BRN9YVX2DX,3TSJN3BRN9YVX2DX,2025-07-23 12:31:40,2025-07-23 12:31:40
dc48b893-2aca-4504-8917-82c5945d6793,bf996092-8d66-408a-8d8e-5065ca3330c2,f6ab14eb-1a66-4ea5-8a0f-0afbda444403,012b62a8-2092-4f7d-a418-634c10edc841,dc48b893-2aca-4504-8917-82c5945d6793,form,urn:adsk.wipprod:dm.lineage:J5o3w2YXTeKMrhL6yRnoTg,f,BFH2KAVSNP5G463F,BFH2KAVSNP5G463F,2025-08-27 12:41:09,2025-08-27 12:41:09
683ffcc9-91a0-4315-b2d0-dc738ba128b5,bf996092-8d66-408a-8d8e-5065ca3330c2,f6ab14eb-1a66-4ea5-8a0f-0afbda444403,012b62a8-2092-4f7d-a418-634c10edc841,683ffcc9-91a0-4315-b2d0-dc738ba128b5,form,urn:adsk.wipprod:dm.lineage:PT-mhf92QS2Hsy_WHKx4eQ,f,BFH2KAVSNP5G463F,BFH2KAVSNP5G463F,2025-08-27 12:41:13,2025-08-27 12:41:13
972345d8-afb2-4298-906e-e135713c8c23,bf996092-8d66-408a-8d8e-5065ca3330c2,f6ab14eb-1a66-4ea5-8a0f-0afbda444403,44592b3e-cf3c-413b-88e6-28cde4e3ccdc,972345d8-afb2-4298-906e-e135713c8c23,form,urn:adsk.wipprod:dm.lineage:w5gzhpIzTh-a1smFmD9-9g,f,BFH2KAVSNP5G463F,BFH2KAVSNP5G463F,2025-07-13 04:45:06,2025-07-13 04:45:06
4e02b775-bbd2-4a50-a1f9-06012473da89,bf996092-8d66-408a-8d8e-5065ca3330c2,f6ab14eb-1a66-4ea5-8a0f-0afbda444403,09087ed0-a08b-4911-8bc4-c8cef1f06411,4e02b775-bbd2-4a50-a1f9-06012473da89,form,urn:adsk.wipprod:dm.lineage:J8oHyz1oRK6-wdbw71_0ug,f,BFH2KAVSNP5G463F,BFH2KAVSNP5G463F,2025-07-13 04:54:02,2025-07-13 04:54:02
a54dee43-6c2f-43ae-b338-867f4846170f,bf996092-8d66-408a-8d8e-5065ca3330c2,f6ab14eb-1a66-4ea5-8a0f-0afbda444403,e5498db7-2bdb-4b80-987b-3cd98bb85b78,a54dee43-6c2f-43ae-b338-867f4846170f,form,urn:adsk.wipprod:dm.lineage:js14wWXfSnuO-otUt9RMsQ,f,BFH2KAVSNP5G463F,BFH2KAVSNP5G463F,2025-07-13 05:01:35,2025-07-13 05:01:35
8af1d861-1aaf-4c4c-8eb3-75bf32e24400,bf996092-8d66-408a-8d8e-5065ca3330c2,f6ab14eb-1a66-4ea5-8a0f-0afbda444403,e28f52bc-62a2-452b-937e-05be4881304b,8af1d861-1aaf-4c4c-8eb3-75bf32e24400,form,urn:adsk.wipprod:dm.lineage:PNULzYGzR2C6YPsnrVAVOA,f,BFH2KAVSNP5G463F,BFH2KAVSNP5G463F,2025-07-13 05:07:11,2025-07-13 05:07:11
0883c14f-9a30-4f2c-95df-c4a5524f3067,bf996092-8d66-408a-8d8e-5065ca3330c2,f6ab14eb-1a66-4ea5-8a0f-0afbda444403,33b23965-122d-4579-ad84-27cead7ecd37,0883c14f-9a30-4f2c-95df-c4a5524f3067,form,urn:adsk.wipprod:dm.lineage:w8sOuCvZRTKOWQDXrpGokQ,f,BFH2KAVSNP5G463F,BFH2KAVSNP5G463F,2025-07-14 06:43:56,2025-07-14 06:43:56
940269f2-2651-4cdf-a6a5-13db3536e2e4,bf996092-8d66-408a-8d8e-5065ca3330c2,f6ab14eb-1a66-4ea5-8a0f-0afbda444403,8df2ab84-eb06-4f33-9b04-7add45aa8613,940269f2-2651-4cdf-a6a5-13db3536e2e4,form,urn:adsk.wipprod:dm.lineage:vpnZE6_1QJWxAlqzllGUMg,f,BFH2KAVSNP5G463F,BFH2KAVSNP5G463F,2025-07-14 06:50:22,2025-07-14 06:50:22
f17dfc60-8ef6-4db3-a579-0b51022b7a02,bf996092-8d66-408a-8d8e-5065ca3330c2,f6ab14eb-1a66-4ea5-8a0f-0afbda444403,e2b80556-7ff4-4992-8cae-9c0bb228bede,f17dfc60-8ef6-4db3-a579-0b51022b7a02,form,urn:adsk.wipprod:dm.lineage:YeUDUiVLSWGTrbnXeB-IMQ,f,BFH2KAVSNP5G463F,BFH2KAVSNP5G463F,2025-08-27 13:31:19,2025-08-27 13:31:19
a5381935-f2de-4802-8ed1-5e48c02fdb82,bf996092-8d66-408a-8d8e-5065ca3330c2,f6ab14eb-1a66-4ea5-8a0f-0afbda444403,e2b80556-7ff4-4992-8cae-9c0bb228bede,a5381935-f2de-4802-8ed1-5e48c02fdb82,form,urn:adsk.wipprod:dm.lineage:SCIemTZHShetrWz1Dp09jQ,f,BFH2KAVSNP5G463F,BFH2KAVSNP5G463F,2025-08-27 13:31:20,2025-08-27 13:31:20
7efe7c94-949d-4712-808e-a863a2a59e7a,bf996092-8d66-408a-8d8e-5065ca3330c2,f6ab14eb-1a66-4ea5-8a0f-0afbda444403,e9276486-1392-433c-a314-80adc9514113,7efe7c94-949d-4712-808e-a863a2a59e7a,form,urn:adsk.wipprod:dm.lineage:8U44xqOgR9e1vh51MMfOlw,f,BFH2KAVSNP5G463F,BFH2KAVSNP5G463F,2025-07-21 14:23:59,2025-07-21 14:23:59
4522c225-8e8b-427e-8b44-d50af4345b88,bf996092-8d66-408a-8d8e-5065ca3330c2,f6ab14eb-1a66-4ea5-8a0f-0afbda444403,e9276486-1392-433c-a314-80adc9514113,4522c225-8e8b-427e-8b44-d50af4345b88,form,urn:adsk.wipprod:dm.lineage:sRDgAVtTTU6-DcnWLcqz0Q,f,BFH2KAVSNP5G463F,BFH2KAVSNP5G463F,2025-07-21 14:24:04,2025-07-21 14:24:04
56bf67d0-8c09-453a-a76d-ef506c843940,bf996092-8d66-408a-8d8e-5065ca3330c2,f6ab14eb-1a66-4ea5-8a0f-0afbda444403,7c09c1a9-8b62-4250-b647-29fb7a7ae171,56bf67d0-8c09-453a-a76d-ef506c843940,form,urn:adsk.wipprod:dm.lineage:MNAggZ-lQ9u7MzrY4kRjCg,f,BFH2KAVSNP5G463F,BFH2KAVSNP5G463F,2025-07-21 14:43:36,2025-07-21 14:43:36
cd582e8a-aa24-4e59-9e94-b82f424fcda0,bf996092-8d66-408a-8d8e-5065ca3330c2,f6ab14eb-1a66-4ea5-8a0f-0afbda444403,7c09c1a9-8b62-4250-b647-29fb7a7ae171,cd582e8a-aa24-4e59-9e94-b82f424fcda0,form,urn:adsk.wipprod:dm.lineage:ft-Coc8KT7CDzESOUwegfA,t,BFH2KAVSNP5G463F,BFH2KAVSNP5G463F,2025-07-21 14:43:28,2025-07-21 14:43:42
2a7bed49-2ddf-4707-b922-7745ce155dd0,bf996092-8d66-408a-8d8e-5065ca3330c2,f6ab14eb-1a66-4ea5-8a0f-0afbda444403,7c09c1a9-8b62-4250-b647-29fb7a7ae171,2a7bed49-2ddf-4707-b922-7745ce155dd0,form,urn:adsk.wipprod:dm.lineage:-CXEheOeQzuUEd11AyNBIg,t,BFH2KAVSNP5G463F,BFH2KAVSNP5G463F,2025-07-21 14:44:01,2025-07-21 14:44:14
20557316-5ed8-49cc-8e2c-1ee8301768a2,bf996092-8d66-408a-8d8e-5065ca3330c2,f679f4cf-c089-4a2b-9b84-b14129630601,0f4c729d-6c5a-4dd4-8123-f694fd60787d,20557316-5ed8-49cc-8e2c-1ee8301768a2,form,urn:adsk.wipprod:dm.lineage:gy7oiGgnTxW4Pg0F74HAKg,f,3AJ2UBWNPMNWLHCM,3AJ2UBWNPMNWLHCM,2025-07-22 11:57:18,2025-07-22 11:57:18
6f30309c-edc3-46a9-bc63-df225fd05f2b,bf996092-8d66-408a-8d8e-5065ca3330c2,f6ab14eb-1a66-4ea5-8a0f-0afbda444403,05bdb70d-7626-41e7-a039-90d3cdd300c6,6f30309c-edc3-46a9-bc63-df225fd05f2b,form,urn:adsk.wipprod:dm.lineage:-HSKkiotQ6mIfwYAwA9n2Q,f,BFH2KAVSNP5G463F,BFH2KAVSNP5G463F,2025-08-03 03:39:32,2025-08-03 03:39:32
31b2ca59-d0f9-40b9-95eb-7ce50e46e0eb,bf996092-8d66-408a-8d8e-5065ca3330c2,f6ab14eb-1a66-4ea5-8a0f-0afbda444403,a9c15d14-6a39-4ff7-8672-fcc40c54c6b1,31b2ca59-d0f9-40b9-95eb-7ce50e46e0eb,form,urn:adsk.wipprod:dm.lineage:RWCKHvTuTGWa_XKl9AY32w,f,BFH2KAVSNP5G463F,BFH2KAVSNP5G463F,2025-08-03 03:46:48,2025-08-03 03:46:48
c5108d00-15e1-4756-ae11-b8cc0e9f329e,bf996092-8d66-408a-8d8e-5065ca3330c2,f6ab14eb-1a66-4ea5-8a0f-0afbda444403,9c15bac3-d699-49f5-8fd9-74600b717e3b,c5108d00-15e1-4756-ae11-b8cc0e9f329e,form,urn:adsk.wipprod:dm.lineage:6Qi9Vi4TR-Scwck289HEgA,f,BFH2KAVSNP5G463F,BFH2KAVSNP5G463F,2025-08-03 04:10:33,2025-08-03 04:10:33
db797857-96da-4f54-8e62-c6696a489014,bf996092-8d66-408a-8d8e-5065ca3330c2,f6ab14eb-1a66-4ea5-8a0f-0afbda444403,9c15bac3-d699-49f5-8fd9-74600b717e3b,db797857-96da-4f54-8e62-c6696a489014,form,urn:adsk.wipprod:dm.lineage:3QDG1vaBQPy7oPytUTimRQ,f,BFH2KAVSNP5G463F,BFH2KAVSNP5G463F,2025-08-03 04:10:33,2025-08-03 04:10:33
a02381cb-7422-4cbf-acc7-f1ac792599b0,bf996092-8d66-408a-8d8e-5065ca3330c2,f6ab14eb-1a66-4ea5-8a0f-0afbda444403,b8f2a286-9b0c-4684-b760-4b71324b4335,a02381cb-7422-4cbf-acc7-f1ac792599b0,form,urn:adsk.wipprod:dm.lineage:NH5anuzGQza-RGrR37Fw3A,f,BFH2KAVSNP5G463F,BFH2KAVSNP5G463F,2025-08-03 04:25:49,2025-08-03 04:25:49
083bbf13-c1f1-4aa4-b37d-f960d750f98d,bf996092-8d66-408a-8d8e-5065ca3330c2,f6ab14eb-1a66-4ea5-8a0f-0afbda444403,b1d01d37-6ddb-487d-a32d-9e4e1e6b0d35,083bbf13-c1f1-4aa4-b37d-f960d750f98d,form,urn:adsk.wipprod:dm.lineage:x05VdrFJQ0ixLxkyZTE-fA,f,BFH2KAVSNP5G463F,BFH2KAVSNP5G463F,2025-08-03 04:45:21,2025-08-03 04:45:21
cd1cb858-341d-43cc-83ab-08467e28cdfd,bf996092-8d66-408a-8d8e-5065ca3330c2,f6ab14eb-1a66-4ea5-8a0f-0afbda444403,0ef55cb6-58cf-4bb9-88fb-9ada031cbe35,cd1cb858-341d-43cc-83ab-08467e28cdfd,form,urn:adsk.wipprod:dm.lineage:F64FlseSQ6K8IdRJOXpSzw,f,BFH2KAVSNP5G463F,BFH2KAVSNP5G463F,2025-08-03 04:53:12,2025-08-03 04:53:12
1997957d-9b30-41d1-9d6f-0a53d811e07d,bf996092-8d66-408a-8d8e-5065ca3330c2,f6ab14eb-1a66-4ea5-8a0f-0afbda444403,1b7d57b0-ee63-4fc9-85d8-90a150a8f95c,1997957d-9b30-41d1-9d6f-0a53d811e07d,form,urn:adsk.wipprod:dm.lineage:HaP75o7XQo2JwRDKfvaEBQ,f,BFH2KAVSNP5G463F,BFH2KAVSNP5G463F,2025-08-03 05:19:27,2025-08-03 05:19:27
5100dd3a-eb03-4012-810d-da48584f9b00,bf996092-8d66-408a-8d8e-5065ca3330c2,f6ab14eb-1a66-4ea5-8a0f-0afbda444403,ccbc8eb0-ea2c-4b8b-afdf-d9a63b906f2a,5100dd3a-eb03-4012-810d-da48584f9b00,form,urn:adsk.wipprod:dm.lineage:HcPQPypRRUKTRJuVRq8Dzw,t,BFH2KAVSNP5G463F,BFH2KAVSNP5G463F,2025-08-03 05:25:29,2025-08-03 05:25:40
d3478513-4fb8-4ac6-9a83-3fde17e5713c,bf996092-8d66-408a-8d8e-5065ca3330c2,f6ab14eb-1a66-4ea5-8a0f-0afbda444403,ccbc8eb0-ea2c-4b8b-afdf-d9a63b906f2a,d3478513-4fb8-4ac6-9a83-3fde17e5713c,form,urn:adsk.wipprod:dm.lineage:u7gEdmq4R2CC0DykqHyfKQ,f,BFH2KAVSNP5G463F,BFH2KAVSNP5G463F,2025-08-03 05:27:08,2025-08-03 05:27:08
044cab6d-ad59-4331-8881-5049f69bd5e4,bf996092-8d66-408a-8d8e-5065ca3330c2,f6ab14eb-1a66-4ea5-8a0f-0afbda444403,6c26154e-4431-4f09-add3-08d8224b923d,044cab6d-ad59-4331-8881-5049f69bd5e4,form,urn:adsk.wipprod:dm.lineage:hj0wgaDXReukREC7BAfkjQ,f,BFH2KAVSNP5G463F,BFH2KAVSNP5G463F,2025-08-03 05:43:53,2025-08-03 05:43:53
b0bd2e34-e41c-465c-b096-0933d883ac76,bf996092-8d66-408a-8d8e-5065ca3330c2,f6ab14eb-1a66-4ea5-8a0f-0afbda444403,8aebe580-1b1f-4a47-9a12-ef2a36a8f5cd,b0bd2e34-e41c-465c-b096-0933d883ac76,form,urn:adsk.wipprod:dm.lineage:OZc1gm_fQyutIuZa_UmeTg,f,BFH2KAVSNP5G463F,BFH2KAVSNP5G463F,2025-08-03 06:01:00,2025-08-03 06:01:00
3c35fe18-f557-4b25-bc4a-fd9c1f96b5d5,bf996092-8d66-408a-8d8e-5065ca3330c2,f6ab14eb-1a66-4ea5-8a0f-0afbda444403,bb3b27b4-c6d0-417b-b212-6f63641f4273,3c35fe18-f557-4b25-bc4a-fd9c1f96b5d5,form,urn:adsk.wipprod:dm.lineage:ptMQdxVUT6Kf5_B2fH5qPw,f,BFH2KAVSNP5G463F,BFH2KAVSNP5G463F,2025-08-03 06:17:54,2025-08-03 06:17:54
8ba81e92-a701-4fbc-b834-bae2f57bc52b,bf996092-8d66-408a-8d8e-5065ca3330c2,f6ab14eb-1a66-4ea5-8a0f-0afbda444403,bb3b27b4-c6d0-417b-b212-6f63641f4273,8ba81e92-a701-4fbc-b834-bae2f57bc52b,form,urn:adsk.wipprod:dm.lineage:jmA15CVDRamCGm8noGErjQ,f,BFH2KAVSNP5G463F,BFH2KAVSNP5G463F,2025-08-03 06:17:58,2025-08-03 06:17:58
d2a83f2e-5cde-447b-af4c-02ee0b23abfb,bf996092-8d66-408a-8d8e-5065ca3330c2,f6ab14eb-1a66-4ea5-8a0f-0afbda444403,15ac1d9e-38b0-4407-833b-c898ae9bc680,d2a83f2e-5cde-447b-af4c-02ee0b23abfb,form,urn:adsk.wipprod:dm.lineage:jjlNB1xgQ8G2gbRvQNJ-Ew,f,BFH2KAVSNP5G463F,BFH2KAVSNP5G463F,2025-08-03 06:36:15,2025-08-03 06:36:15
1149c8a4-66ef-46e5-b4fa-e74f7b3118fe,bf996092-8d66-408a-8d8e-5065ca3330c2,f6ab14eb-1a66-4ea5-8a0f-0afbda444403,6c39d4b1-06d3-406b-b4a3-bfc87c17f023,1149c8a4-66ef-46e5-b4fa-e74f7b3118fe,form,urn:adsk.wipprod:dm.lineage:ifYoRxAaRnaBHwZlqu-vXQ,t,BFH2KAVSNP5G463F,BFH2KAVSNP5G463F,2025-08-03 06:53:52,2025-08-03 06:54:08
039af083-8bbf-4a91-a822-96bc0293bee9,bf996092-8d66-408a-8d8e-5065ca3330c2,f6ab14eb-1a66-4ea5-8a0f-0afbda444403,6c39d4b1-06d3-406b-b4a3-bfc87c17f023,039af083-8bbf-4a91-a822-96bc0293bee9,form,urn:adsk.wipprod:dm.lineage:fwnxYkduToyfg0K-rk4BxQ,f,BFH2KAVSNP5G463F,BFH2KAVSNP5G463F,2025-08-03 06:54:28,2025-08-03 06:54:28
75257f67-86a6-40a6-a761-bbdbd74f50c2,bf996092-8d66-408a-8d8e-5065ca3330c2,f6ab14eb-1a66-4ea5-8a0f-0afbda444403,6c39d4b1-06d3-406b-b4a3-bfc87c17f023,75257f67-86a6-40a6-a761-bbdbd74f50c2,form,urn:adsk.wipprod:dm.lineage:e0vvY6zPTvSG99Afz6KtCw,f,BFH2KAVSNP5G463F,BFH2KAVSNP5G463F,2025-08-03 06:54:38,2025-08-03 06:54:38
898dfd97-67e0-484c-a9d1-d63cee970e9c,bf996092-8d66-408a-8d8e-5065ca3330c2,f6ab14eb-1a66-4ea5-8a0f-0afbda444403,b63f21cc-3a11-4e8a-9d61-188b26eb88c7,898dfd97-67e0-484c-a9d1-d63cee970e9c,form,urn:adsk.wipprod:dm.lineage:AgDlLi7wQCiXK-T95uXwGQ,f,BFH2KAVSNP5G463F,BFH2KAVSNP5G463F,2025-08-03 07:18:53,2025-08-03 07:18:53
521fd6b6-116d-41ce-aea7-1935520e44fd,bf996092-8d66-408a-8d8e-5065ca3330c2,f6ab14eb-1a66-4ea5-8a0f-0afbda444403,b63f21cc-3a11-4e8a-9d61-188b26eb88c7,521fd6b6-116d-41ce-aea7-1935520e44fd,form,urn:adsk.wipprod:dm.lineage:zSq347QjRm2V7m7Ty6l6KA,t,BFH2KAVSNP5G463F,BFH2KAVSNP5G463F,2025-08-03 07:18:58,2025-08-03 07:19:07
3803e644-2820-4ec1-8520-c71acc2e7388,bf996092-8d66-408a-8d8e-5065ca3330c2,f6ab14eb-1a66-4ea5-8a0f-0afbda444403,b63f21cc-3a11-4e8a-9d61-188b26eb88c7,3803e644-2820-4ec1-8520-c71acc2e7388,form,urn:adsk.wipprod:dm.lineage:TBjHBmImRjOpf500A4VeBA,f,BFH2KAVSNP5G463F,BFH2KAVSNP5G463F,2025-08-03 07:19:25,2025-08-03 07:19:25
3526079d-cf24-45af-be89-dd0fa2dcb5c8,bf996092-8d66-408a-8d8e-5065ca3330c2,f6ab14eb-1a66-4ea5-8a0f-0afbda444403,3c580b77-5f32-4971-9389-ec6898dafeb9,3526079d-cf24-45af-be89-dd0fa2dcb5c8,form,urn:adsk.wipprod:dm.lineage:EBx8sokbSBeAP-0nCL3xzA,f,NXBJU9KZRN2LR6EX,NXBJU9KZRN2LR6EX,2025-08-11 10:16:40,2025-08-11 10:16:40
e13a2edf-2490-45d0-8665-4833ff56b605,bf996092-8d66-408a-8d8e-5065ca3330c2,f6ab14eb-1a66-4ea5-8a0f-0afbda444403,3c580b77-5f32-4971-9389-ec6898dafeb9,e13a2edf-2490-45d0-8665-4833ff56b605,form,urn:adsk.wipprod:dm.lineage:q8zw0vTVTdWaWvQAUx0iCw,f,NXBJU9KZRN2LR6EX,NXBJU9KZRN2LR6EX,2025-08-11 10:16:44,2025-08-11 10:16:44
5fc41a40-013b-4db5-9ecb-4771136b9377,bf996092-8d66-408a-8d8e-5065ca3330c2,f6ab14eb-1a66-4ea5-8a0f-0afbda444403,317dcfdf-c395-47ba-bd01-75226f1a3f87,5fc41a40-013b-4db5-9ecb-4771136b9377,form,urn:adsk.wipprod:dm.lineage:kpOYGscfQlKZcozR00EXMQ,f,NXBJU9KZRN2LR6EX,NXBJU9KZRN2LR6EX,2025-08-11 10:20:50,2025-08-11 10:20:50
ce1c5f8a-3b2d-4eb0-a986-9a99989edf25,bf996092-8d66-408a-8d8e-5065ca3330c2,f6ab14eb-1a66-4ea5-8a0f-0afbda444403,317dcfdf-c395-47ba-bd01-75226f1a3f87,ce1c5f8a-3b2d-4eb0-a986-9a99989edf25,form,urn:adsk.wipprod:dm.lineage:VD0wi-nZQauzYJOM6BFZxw,f,NXBJU9KZRN2LR6EX,NXBJU9KZRN2LR6EX,2025-08-11 10:20:53,2025-08-11 10:20:53
831903d0-5c7b-43b9-b24f-c8d0b08bc299,bf996092-8d66-408a-8d8e-5065ca3330c2,f6ab14eb-1a66-4ea5-8a0f-0afbda444403,619d935f-fdcf-498f-a3f1-28d9294693bd,831903d0-5c7b-43b9-b24f-c8d0b08bc299,form,urn:adsk.wipprod:dm.lineage:dPpKb1I9TxGL7PLNstke9Q,f,NXBJU9KZRN2LR6EX,NXBJU9KZRN2LR6EX,2025-08-11 10:32:40,2025-08-11 10:32:40
db3abff1-d128-42a0-93b1-07411a8d851a,bf996092-8d66-408a-8d8e-5065ca3330c2,f6ab14eb-1a66-4ea5-8a0f-0afbda444403,619d935f-fdcf-498f-a3f1-28d9294693bd,db3abff1-d128-42a0-93b1-07411a8d851a,form,urn:adsk.wipprod:dm.lineage:ChK6moalR6qeEzCEckdgmA,f,NXBJU9KZRN2LR6EX,NXBJU9KZRN2LR6EX,2025-08-11 10:32:44,2025-08-11 10:32:44
1794ea01-d71e-4f28-a2e6-1803818c774c,bf996092-8d66-408a-8d8e-5065ca3330c2,f6ab14eb-1a66-4ea5-8a0f-0afbda444403,c9c10c75-9cc9-405e-963e-89d90ae6d867,1794ea01-d71e-4f28-a2e6-1803818c774c,form,urn:adsk.wipprod:dm.lineage:SOkLasCsQfWJevGeAyfuzQ,f,NXBJU9KZRN2LR6EX,NXBJU9KZRN2LR6EX,2025-08-11 10:39:24,2025-08-11 10:39:24
8a21da8b-8abb-46e1-a231-c870c9e1153a,bf996092-8d66-408a-8d8e-5065ca3330c2,f6ab14eb-1a66-4ea5-8a0f-0afbda444403,c9c10c75-9cc9-405e-963e-89d90ae6d867,8a21da8b-8abb-46e1-a231-c870c9e1153a,form,urn:adsk.wipprod:dm.lineage:TMFZYjpKQU-DDr3mvDOMzw,f,NXBJU9KZRN2LR6EX,NXBJU9KZRN2LR6EX,2025-08-11 10:39:27,2025-08-11 10:39:27
41bb1fc5-6ed3-4503-9e52-39b15e06d6d6,bf996092-8d66-408a-8d8e-5065ca3330c2,f6ab14eb-1a66-4ea5-8a0f-0afbda444403,18674e7e-9b3a-4fda-8be5-50814c0622ca,41bb1fc5-6ed3-4503-9e52-39b15e06d6d6,form,urn:adsk.wipprod:dm.lineage:P75IJbZ-Qv6j1teUWP8JSQ,f,NXBJU9KZRN2LR6EX,NXBJU9KZRN2LR6EX,2025-08-11 10:43:51,2025-08-11 10:43:51
8f01102c-2b7a-433d-8375-5b18caf558d8,bf996092-8d66-408a-8d8e-5065ca3330c2,f6ab14eb-1a66-4ea5-8a0f-0afbda444403,18674e7e-9b3a-4fda-8be5-50814c0622ca,8f01102c-2b7a-433d-8375-5b18caf558d8,form,urn:adsk.wipprod:dm.lineage:hKggLzvlTUa5Sbw9luIbWg,f,NXBJU9KZRN2LR6EX,NXBJU9KZRN2LR6EX,2025-08-11 10:43:54,2025-08-11 10:43:54
b11ea1e5-10de-4495-8caa-b1127f6ac6fd,bf996092-8d66-408a-8d8e-5065ca3330c2,f6ab14eb-1a66-4ea5-8a0f-0afbda444403,a88bccc3-c3d8-42af-859f-e57565a2e198,b11ea1e5-10de-4495-8caa-b1127f6ac6fd,form,urn:adsk.wipprod:dm.lineage:UdP2Jmj7QomyvL6Hv78rQw,f,NXBJU9KZRN2LR6EX,NXBJU9KZRN2LR6EX,2025-08-11 10:54:40,2025-08-11 10:54:40
4a4c0f94-fa05-4c73-8898-07de646c3ab9,bf996092-8d66-408a-8d8e-5065ca3330c2,f6ab14eb-1a66-4ea5-8a0f-0afbda444403,a88bccc3-c3d8-42af-859f-e57565a2e198,4a4c0f94-fa05-4c73-8898-07de646c3ab9,form,urn:adsk.wipprod:dm.lineage:9npVkaKoTH2MFwtXmlDNpg,f,NXBJU9KZRN2LR6EX,NXBJU9KZRN2LR6EX,2025-08-11 10:54:43,2025-08-11 10:54:43
05227000-e447-4818-a459-dc20672d87a0,bf996092-8d66-408a-8d8e-5065ca3330c2,f6ab14eb-1a66-4ea5-8a0f-0afbda444403,0d959740-c322-4619-93c7-e407f166f2a8,05227000-e447-4818-a459-dc20672d87a0,form,urn:adsk.wipprod:dm.lineage:yqJl2LRXR9iUlEzpGmcV1Q,f,NXBJU9KZRN2LR6EX,NXBJU9KZRN2LR6EX,2025-08-11 10:58:25,2025-08-11 10:58:25
ec672005-23ee-48dc-9ac2-f4b63cb3d7be,bf996092-8d66-408a-8d8e-5065ca3330c2,f6ab14eb-1a66-4ea5-8a0f-0afbda444403,77ac2fd2-d056-4a8e-8e4c-ed654113b752,ec672005-23ee-48dc-9ac2-f4b63cb3d7be,form,urn:adsk.wipprod:dm.lineage:1phAly7ARAW84RHMGvUWFg,f,NXBJU9KZRN2LR6EX,NXBJU9KZRN2LR6EX,2025-07-30 09:40:56,2025-07-30 09:40:56
172f8382-e59b-48e7-bce3-53135f7056f7,bf996092-8d66-408a-8d8e-5065ca3330c2,f6ab14eb-1a66-4ea5-8a0f-0afbda444403,4fa19c34-c686-409d-aaa5-cbbd5be276d8,172f8382-e59b-48e7-bce3-53135f7056f7,form,urn:adsk.wipprod:dm.lineage:D55aebM0QrKn6MVO02Jxjg,f,NXBJU9KZRN2LR6EX,NXBJU9KZRN2LR6EX,2025-07-30 09:42:51,2025-07-30 09:42:51
f0066440-1bd1-4ff1-8c45-702fadfac38f,bf996092-8d66-408a-8d8e-5065ca3330c2,f6ab14eb-1a66-4ea5-8a0f-0afbda444403,4fa19c34-c686-409d-aaa5-cbbd5be276d8,f0066440-1bd1-4ff1-8c45-702fadfac38f,form,urn:adsk.wipprod:dm.lineage:qa5H3RcPSsSvevNdA7QvJQ,f,NXBJU9KZRN2LR6EX,NXBJU9KZRN2LR6EX,2025-07-30 09:42:54,2025-07-30 09:42:54
5e2660ec-da1b-457a-b121-792ba5b36c71,bf996092-8d66-408a-8d8e-5065ca3330c2,f6ab14eb-1a66-4ea5-8a0f-0afbda444403,59fdf5ee-24cf-4b6d-aeed-1e47c058da65,5e2660ec-da1b-457a-b121-792ba5b36c71,form,urn:adsk.wipprod:dm.lineage:44IhPWAiQvSlD6AGi_7BJA,f,NXBJU9KZRN2LR6EX,NXBJU9KZRN2LR6EX,2025-07-30 09:44:36,2025-07-30 09:44:36
424d8899-c801-4fd2-8e25-d561d17b24ca,bf996092-8d66-408a-8d8e-5065ca3330c2,f6ab14eb-1a66-4ea5-8a0f-0afbda444403,59fdf5ee-24cf-4b6d-aeed-1e47c058da65,424d8899-c801-4fd2-8e25-d561d17b24ca,form,urn:adsk.wipprod:dm.lineage:y6J0Z00qRn2ocLO6001JHQ,f,NXBJU9KZRN2LR6EX,NXBJU9KZRN2LR6EX,2025-07-30 09:44:39,2025-07-30 09:44:39
2402ebb8-a0bd-4089-b7c0-93e66be96f95,bf996092-8d66-408a-8d8e-5065ca3330c2,f6ab14eb-1a66-4ea5-8a0f-0afbda444403,d46faf9e-5ed4-4b04-a16f-c025187c038c,2402ebb8-a0bd-4089-b7c0-93e66be96f95,form,urn:adsk.wipprod:dm.lineage:h6ZnYKUKTwismS-Uk_SFfQ,f,NXBJU9KZRN2LR6EX,NXBJU9KZRN2LR6EX,2025-07-30 09:46:14,2025-07-30 09:46:14
74c28c5a-5ea1-4b5b-ab94-c91d442af437,bf996092-8d66-408a-8d8e-5065ca3330c2,f6ab14eb-1a66-4ea5-8a0f-0afbda444403,d46faf9e-5ed4-4b04-a16f-c025187c038c,74c28c5a-5ea1-4b5b-ab94-c91d442af437,form,urn:adsk.wipprod:dm.lineage:99GEnRRKQb2yVrJFa5qXiA,f,NXBJU9KZRN2LR6EX,NXBJU9KZRN2LR6EX,2025-07-30 09:46:15,2025-07-30 09:46:15
253878ed-0358-46c0-a07b-fbec9c979649,bf996092-8d66-408a-8d8e-5065ca3330c2,f6ab14eb-1a66-4ea5-8a0f-0afbda444403,75554d68-13a0-4d1a-bd21-ca5dff406123,253878ed-0358-46c0-a07b-fbec9c979649,form,urn:adsk.wipprod:dm.lineage:qfqv0F8ARvq_zllqZJbmHw,f,NXBJU9KZRN2LR6EX,NXBJU9KZRN2LR6EX,2025-08-04 12:30:17,2025-08-04 12:30:17
b6912199-da0a-42f3-a3b2-4a44119985eb,bf996092-8d66-408a-8d8e-5065ca3330c2,f6ab14eb-1a66-4ea5-8a0f-0afbda444403,75554d68-13a0-4d1a-bd21-ca5dff406123,b6912199-da0a-42f3-a3b2-4a44119985eb,form,urn:adsk.wipprod:dm.lineage:RtMB8dV3QwO8uzsx2caK_g,f,NXBJU9KZRN2LR6EX,NXBJU9KZRN2LR6EX,2025-08-04 12:30:19,2025-08-04 12:30:19
afd62038-0db7-4c34-8257-9e6a708df723,bf996092-8d66-408a-8d8e-5065ca3330c2,f6ab14eb-1a66-4ea5-8a0f-0afbda444403,c5ca0a9c-25d7-4d88-b6e1-4b33f24715c4,afd62038-0db7-4c34-8257-9e6a708df723,form,urn:adsk.wipprod:dm.lineage:9tyslV5CSZOfZmz69Q_YJQ,f,NXBJU9KZRN2LR6EX,NXBJU9KZRN2LR6EX,2025-07-30 09:48:54,2025-07-30 09:48:54
307c7df3-c620-4acf-8003-7425eda3f36c,bf996092-8d66-408a-8d8e-5065ca3330c2,f6ab14eb-1a66-4ea5-8a0f-0afbda444403,c5ca0a9c-25d7-4d88-b6e1-4b33f24715c4,307c7df3-c620-4acf-8003-7425eda3f36c,form,urn:adsk.wipprod:dm.lineage:-DuLpuI3RbqFIAacXcgvKg,f,NXBJU9KZRN2LR6EX,NXBJU9KZRN2LR6EX,2025-07-30 09:48:59,2025-07-30 09:48:59
6d9d1a75-b5cb-485a-9c4e-be01ad7cff51,bf996092-8d66-408a-8d8e-5065ca3330c2,f6ab14eb-1a66-4ea5-8a0f-0afbda444403,dac1595f-305b-4cdb-a433-6a2b3acd7c14,6d9d1a75-b5cb-485a-9c4e-be01ad7cff51,form,urn:adsk.wipprod:dm.lineage:9dWmlx8ERMyEIvVBu0syUQ,f,NXBJU9KZRN2LR6EX,NXBJU9KZRN2LR6EX,2025-07-30 09:50:29,2025-07-30 09:50:29
5c51a9c9-a4f9-47b3-bb54-642e16238e6a,bf996092-8d66-408a-8d8e-5065ca3330c2,f6ab14eb-1a66-4ea5-8a0f-0afbda444403,dac1595f-305b-4cdb-a433-6a2b3acd7c14,5c51a9c9-a4f9-47b3-bb54-642e16238e6a,form,urn:adsk.wipprod:dm.lineage:ySLdnz-BTfWmWsBAvXHp8A,f,NXBJU9KZRN2LR6EX,NXBJU9KZRN2LR6EX,2025-07-30 09:50:33,2025-07-30 09:50:33
9ab8e6ea-68fe-414a-a302-ec71175ced8f,bf996092-8d66-408a-8d8e-5065ca3330c2,f6ab14eb-1a66-4ea5-8a0f-0afbda444403,30eb8df4-2069-49a8-8b5f-61f752f9ac44,9ab8e6ea-68fe-414a-a302-ec71175ced8f,form,urn:adsk.wipprod:dm.lineage:O8QV-tq2QRygJHL1JL31qw,f,NXBJU9KZRN2LR6EX,NXBJU9KZRN2LR6EX,2025-07-30 09:52:05,2025-07-30 09:52:05
31931d9f-2015-4510-bf85-f47e7da13178,bf996092-8d66-408a-8d8e-5065ca3330c2,f6ab14eb-1a66-4ea5-8a0f-0afbda444403,30eb8df4-2069-49a8-8b5f-61f752f9ac44,31931d9f-2015-4510-bf85-f47e7da13178,form,urn:adsk.wipprod:dm.lineage:plbN_jTyTuSoI0XbXH_5sA,f,NXBJU9KZRN2LR6EX,NXBJU9KZRN2LR6EX,2025-07-30 09:52:10,2025-07-30 09:52:10
c762ec92-1f5c-43a7-9452-0d6c0f427f42,bf996092-8d66-408a-8d8e-5065ca3330c2,f6ab14eb-1a66-4ea5-8a0f-0afbda444403,cf860163-0b3e-44fd-9e48-b513a58771cc,c762ec92-1f5c-43a7-9452-0d6c0f427f42,form,urn:adsk.wipprod:dm.lineage:9aCIbhO2QKuAwYG_yXouMg,f,NXBJU9KZRN2LR6EX,NXBJU9KZRN2LR6EX,2025-07-30 09:53:41,2025-07-30 09:53:41
311679b4-6395-4aac-89dd-d0004ee998a2,bf996092-8d66-408a-8d8e-5065ca3330c2,f6ab14eb-1a66-4ea5-8a0f-0afbda444403,cf860163-0b3e-44fd-9e48-b513a58771cc,311679b4-6395-4aac-89dd-d0004ee998a2,form,urn:adsk.wipprod:dm.lineage:kNKekRsaQiu-acyv4ZUeGg,f,NXBJU9KZRN2LR6EX,NXBJU9KZRN2LR6EX,2025-07-30 09:53:44,2025-07-30 09:53:44
c8d864a8-eab4-4496-aa21-7a9126daa2d2,bf996092-8d66-408a-8d8e-5065ca3330c2,f6ab14eb-1a66-4ea5-8a0f-0afbda444403,b30c30d0-7367-4df3-b05b-7f79703ed427,c8d864a8-eab4-4496-aa21-7a9126daa2d2,form,urn:adsk.wipprod:dm.lineage:QbLdqtEjT3Wf_Idy9rUncg,f,NXBJU9KZRN2LR6EX,NXBJU9KZRN2LR6EX,2025-07-30 09:55:10,2025-07-30 09:55:10
eb30e982-c1c2-4040-9f6a-d31f4c6ea0b5,bf996092-8d66-408a-8d8e-5065ca3330c2,f6ab14eb-1a66-4ea5-8a0f-0afbda444403,b30c30d0-7367-4df3-b05b-7f79703ed427,eb30e982-c1c2-4040-9f6a-d31f4c6ea0b5,form,urn:adsk.wipprod:dm.lineage:_Ab3jVHvRW-bguHn7keMVQ,t,NXBJU9KZRN2LR6EX,NXBJU9KZRN2LR6EX,2025-07-30 09:55:14,2025-07-30 09:55:28
6408cd21-a419-4d76-91ed-ffff185f38a7,bf996092-8d66-408a-8d8e-5065ca3330c2,f6ab14eb-1a66-4ea5-8a0f-0afbda444403,b30c30d0-7367-4df3-b05b-7f79703ed427,6408cd21-a419-4d76-91ed-ffff185f38a7,form,urn:adsk.wipprod:dm.lineage:WW8llkCfQVyuTk3Hkicavg,f,NXBJU9KZRN2LR6EX,NXBJU9KZRN2LR6EX,2025-07-30 09:55:51,2025-07-30 09:55:51
438d5244-0ba3-4ff5-b0d8-3cd63bba87d1,bf996092-8d66-408a-8d8e-5065ca3330c2,f6ab14eb-1a66-4ea5-8a0f-0afbda444403,9b455734-684a-4f24-9404-11ba42adc935,438d5244-0ba3-4ff5-b0d8-3cd63bba87d1,form,urn:adsk.wipprod:dm.lineage:wGyoVP7ISUyKLCTfG_eIEg,f,NXBJU9KZRN2LR6EX,NXBJU9KZRN2LR6EX,2025-07-30 09:59:12,2025-07-30 09:59:12
6439c817-801f-47b4-9273-6bb80d8a9c9a,bf996092-8d66-408a-8d8e-5065ca3330c2,f6ab14eb-1a66-4ea5-8a0f-0afbda444403,9b455734-684a-4f24-9404-11ba42adc935,6439c817-801f-47b4-9273-6bb80d8a9c9a,form,urn:adsk.wipprod:dm.lineage:iaCBNRbPS-2nW86EFM5KkA,f,NXBJU9KZRN2LR6EX,NXBJU9KZRN2LR6EX,2025-07-30 09:59:15,2025-07-30 09:59:15
3816c173-4d99-4b14-ac44-3d65d1274937,bf996092-8d66-408a-8d8e-5065ca3330c2,f6ab14eb-1a66-4ea5-8a0f-0afbda444403,b058a701-bea6-43f4-9b14-41893f2a8f8c,3816c173-4d99-4b14-ac44-3d65d1274937,form,urn:adsk.wipprod:dm.lineage:AHtigRr4SV-rzFTGLynXSQ,f,NXBJU9KZRN2LR6EX,NXBJU9KZRN2LR6EX,2025-07-30 10:02:23,2025-07-30 10:02:23
c9b5b19d-0361-41f7-89d2-36d95ba2e838,bf996092-8d66-408a-8d8e-5065ca3330c2,f6ab14eb-1a66-4ea5-8a0f-0afbda444403,b058a701-bea6-43f4-9b14-41893f2a8f8c,c9b5b19d-0361-41f7-89d2-36d95ba2e838,form,urn:adsk.wipprod:dm.lineage:zbBwhKAFRryig8yPNV2j2g,f,NXBJU9KZRN2LR6EX,NXBJU9KZRN2LR6EX,2025-07-30 10:02:26,2025-07-30 10:02:26
5f5a9a48-727d-4a1b-99ed-2424e0d59f66,bf996092-8d66-408a-8d8e-5065ca3330c2,f6ab14eb-1a66-4ea5-8a0f-0afbda444403,eb2d4a4e-ff10-4500-ab4f-569f1a594341,5f5a9a48-727d-4a1b-99ed-2424e0d59f66,form,urn:adsk.wipprod:dm.lineage:BSugDzQLRrickcNEQgtY3g,f,NXBJU9KZRN2LR6EX,NXBJU9KZRN2LR6EX,2025-07-30 10:04:16,2025-07-30 10:04:16
03cc3de3-e232-4827-bfb1-309ce04984f1,bf996092-8d66-408a-8d8e-5065ca3330c2,f6ab14eb-1a66-4ea5-8a0f-0afbda444403,eb2d4a4e-ff10-4500-ab4f-569f1a594341,03cc3de3-e232-4827-bfb1-309ce04984f1,form,urn:adsk.wipprod:dm.lineage:mA2_25mpR7-8sBcV_rFl6A,f,NXBJU9KZRN2LR6EX,NXBJU9KZRN2LR6EX,2025-07-30 10:04:19,2025-07-30 10:04:19
58e28ffa-3d16-4223-925f-0af2fb146ba8,bf996092-8d66-408a-8d8e-5065ca3330c2,f6ab14eb-1a66-4ea5-8a0f-0afbda444403,836248f0-c470-4f81-a7e4-70c16c0be683,58e28ffa-3d16-4223-925f-0af2fb146ba8,form,urn:adsk.wipprod:dm.lineage:EVLnelUnRsC-E49bKRFvpg,f,NXBJU9KZRN2LR6EX,NXBJU9KZRN2LR6EX,2025-07-30 10:05:54,2025-07-30 10:05:54
a76358f3-4144-4e16-b8e9-122874126a3f,bf996092-8d66-408a-8d8e-5065ca3330c2,f6ab14eb-1a66-4ea5-8a0f-0afbda444403,836248f0-c470-4f81-a7e4-70c16c0be683,a76358f3-4144-4e16-b8e9-122874126a3f,form,urn:adsk.wipprod:dm.lineage:BiTuLBK9R4STMM0paqfh-Q,f,NXBJU9KZRN2LR6EX,NXBJU9KZRN2LR6EX,2025-07-30 10:05:55,2025-07-30 10:05:55
db7f4f12-7de8-492b-b269-d381b0ab0148,bf996092-8d66-408a-8d8e-5065ca3330c2,f6ab14eb-1a66-4ea5-8a0f-0afbda444403,acda1536-c649-40f8-8392-5c22fdb81445,db7f4f12-7de8-492b-b269-d381b0ab0148,form,urn:adsk.wipprod:dm.lineage:Wr6ir4TJQouLd-Bftetj1A,f,NXBJU9KZRN2LR6EX,NXBJU9KZRN2LR6EX,2025-07-30 10:07:51,2025-07-30 10:07:51
798b413d-76a4-4083-8ccf-01e4ff5a6d70,bf996092-8d66-408a-8d8e-5065ca3330c2,f6ab14eb-1a66-4ea5-8a0f-0afbda444403,acda1536-c649-40f8-8392-5c22fdb81445,798b413d-76a4-4083-8ccf-01e4ff5a6d70,form,urn:adsk.wipprod:dm.lineage:JxodiY2KRl6aZWyxhiuPhw,f,NXBJU9KZRN2LR6EX,NXBJU9KZRN2LR6EX,2025-07-30 10:07:54,2025-07-30 10:07:54
6994b116-d021-427f-b7a5-a1603c130901,bf996092-8d66-408a-8d8e-5065ca3330c2,f6ab14eb-1a66-4ea5-8a0f-0afbda444403,d573cab7-9e7e-40b9-bd45-159e7fa76e7a,6994b116-d021-427f-b7a5-a1603c130901,form,urn:adsk.wipprod:dm.lineage:ODXAhyesSwi-Sapb-B4nPQ,f,NXBJU9KZRN2LR6EX,NXBJU9KZRN2LR6EX,2025-07-30 10:12:16,2025-07-30 10:12:16
98467870-7142-4dff-8957-66e53835c7e3,bf996092-8d66-408a-8d8e-5065ca3330c2,f6ab14eb-1a66-4ea5-8a0f-0afbda444403,d573cab7-9e7e-40b9-bd45-159e7fa76e7a,98467870-7142-4dff-8957-66e53835c7e3,form,urn:adsk.wipprod:dm.lineage:lZUEctChQhuoSlrOV6PYlA,f,NXBJU9KZRN2LR6EX,NXBJU9KZRN2LR6EX,2025-07-30 10:12:18,2025-07-30 10:12:18
ec83b808-b11e-430f-a0a4-62c3168e92df,bf996092-8d66-408a-8d8e-5065ca3330c2,f6ab14eb-1a66-4ea5-8a0f-0afbda444403,e924c480-19e8-417f-a648-b54f714540a9,ec83b808-b11e-430f-a0a4-62c3168e92df,form,urn:adsk.wipprod:dm.lineage:AP1gEBVyQx-17eSeTJL-pg,f,NXBJU9KZRN2LR6EX,NXBJU9KZRN2LR6EX,2025-08-04 12:37:41,2025-08-04 12:37:41
0cd058df-435f-48a4-985c-ffbe2410d03a,bf996092-8d66-408a-8d8e-5065ca3330c2,f6ab14eb-1a66-4ea5-8a0f-0afbda444403,e924c480-19e8-417f-a648-b54f714540a9,0cd058df-435f-48a4-985c-ffbe2410d03a,form,urn:adsk.wipprod:dm.lineage:44XQMOtyR62SCKZy_780_w,f,NXBJU9KZRN2LR6EX,NXBJU9KZRN2LR6EX,2025-08-04 12:37:44,2025-08-04 12:37:44
2539eda5-f908-4a98-bbbf-a811553bb211,bf996092-8d66-408a-8d8e-5065ca3330c2,f6ab14eb-1a66-4ea5-8a0f-0afbda444403,f3978ab8-295a-462e-a166-2f24882fb780,2539eda5-f908-4a98-bbbf-a811553bb211,form,urn:adsk.wipprod:dm.lineage:Bw2XY8PNQm6lUK3ZQp6S7A,f,NXBJU9KZRN2LR6EX,NXBJU9KZRN2LR6EX,2025-08-04 12:42:01,2025-08-04 12:42:01
809c10b1-9b72-475d-bc29-4c288ffc57f2,bf996092-8d66-408a-8d8e-5065ca3330c2,f6ab14eb-1a66-4ea5-8a0f-0afbda444403,f3978ab8-295a-462e-a166-2f24882fb780,809c10b1-9b72-475d-bc29-4c288ffc57f2,form,urn:adsk.wipprod:dm.lineage:v3pQuY1hSU-Nk51p9ACKoA,f,NXBJU9KZRN2LR6EX,NXBJU9KZRN2LR6EX,2025-08-04 12:42:04,2025-08-04 12:42:04
1a929167-a97d-497c-a0cc-23ee98f1b570,bf996092-8d66-408a-8d8e-5065ca3330c2,f6ab14eb-1a66-4ea5-8a0f-0afbda444403,f88deddb-dc11-4e41-acd5-036e5eb395e6,1a929167-a97d-497c-a0cc-23ee98f1b570,form,urn:adsk.wipprod:dm.lineage:FQCm4bpPSx2g4U9bBjCUaw,f,NXBJU9KZRN2LR6EX,NXBJU9KZRN2LR6EX,2025-08-04 12:46:23,2025-08-04 12:46:23
678c9097-12f8-4e99-b1ff-dd76187103f1,bf996092-8d66-408a-8d8e-5065ca3330c2,f6ab14eb-1a66-4ea5-8a0f-0afbda444403,f88deddb-dc11-4e41-acd5-036e5eb395e6,678c9097-12f8-4e99-b1ff-dd76187103f1,form,urn:adsk.wipprod:dm.lineage:_GUehjZ8TpOUrIBLJjqpzw,f,NXBJU9KZRN2LR6EX,NXBJU9KZRN2LR6EX,2025-08-04 12:46:27,2025-08-04 12:46:27
6e57a0e5-d18d-4266-837b-f1844e0274b7,bf996092-8d66-408a-8d8e-5065ca3330c2,f6ab14eb-1a66-4ea5-8a0f-0afbda444403,ef38eb8c-a156-4585-805d-98233db05819,6e57a0e5-d18d-4266-837b-f1844e0274b7,form,urn:adsk.wipprod:dm.lineage:i5j-kanjQxqNBmjFKEORqQ,f,NXBJU9KZRN2LR6EX,NXBJU9KZRN2LR6EX,2025-08-04 12:53:55,2025-08-04 12:53:55
45a66f41-0b87-4dc3-8dac-fa1aecfac6c5,bf996092-8d66-408a-8d8e-5065ca3330c2,f6ab14eb-1a66-4ea5-8a0f-0afbda444403,ef38eb8c-a156-4585-805d-98233db05819,45a66f41-0b87-4dc3-8dac-fa1aecfac6c5,form,urn:adsk.wipprod:dm.lineage:M4pyVhIDQiSXbtPG7KBOCg,f,NXBJU9KZRN2LR6EX,NXBJU9KZRN2LR6EX,2025-08-04 12:53:59,2025-08-04 12:53:59
81c2fa1d-f641-49d2-9133-a7aa6ac3140f,bf996092-8d66-408a-8d8e-5065ca3330c2,f6ab14eb-1a66-4ea5-8a0f-0afbda444403,863978c9-e12e-4d76-b7a2-29687737957f,81c2fa1d-f641-49d2-9133-a7aa6ac3140f,form,urn:adsk.wipprod:dm.lineage:HF00cdvLScWHnsCApt19XQ,f,BFH2KAVSNP5G463F,BFH2KAVSNP5G463F,2025-08-19 04:35:28,2025-08-19 04:35:28
112203f2-e8c1-47cb-aedb-f1801766b026,bf996092-8d66-408a-8d8e-5065ca3330c2,f6ab14eb-1a66-4ea5-8a0f-0afbda444403,863978c9-e12e-4d76-b7a2-29687737957f,112203f2-e8c1-47cb-aedb-f1801766b026,form,urn:adsk.wipprod:dm.lineage:greuDZdqQ6WKs5p4Z9fp3g,f,BFH2KAVSNP5G463F,BFH2KAVSNP5G463F,2025-08-19 04:35:33,2025-08-19 04:35:33
1cc1a8a2-6f08-4dda-96e0-62e77522c73e,bf996092-8d66-408a-8d8e-5065ca3330c2,f6ab14eb-1a66-4ea5-8a0f-0afbda444403,5d10604c-2061-40cd-8409-9bfcae092e6b,1cc1a8a2-6f08-4dda-96e0-62e77522c73e,form,urn:adsk.wipprod:dm.lineage:eN5rBpL0QWGiZz_wBP40qg,f,BFH2KAVSNP5G463F,BFH2KAVSNP5G463F,2025-08-19 04:49:47,2025-08-19 04:49:47
8017232f-b14c-4fe6-b77c-ea395632f94b,bf996092-8d66-408a-8d8e-5065ca3330c2,f6ab14eb-1a66-4ea5-8a0f-0afbda444403,5d10604c-2061-40cd-8409-9bfcae092e6b,8017232f-b14c-4fe6-b77c-ea395632f94b,form,urn:adsk.wipprod:dm.lineage:LhdRQSj3TEGM0r-CBJD9cA,f,BFH2KAVSNP5G463F,BFH2KAVSNP5G463F,2025-08-19 04:49:48,2025-08-19 04:49:48
27c93f25-a373-427e-8330-4b5c862d2481,bf996092-8d66-408a-8d8e-5065ca3330c2,f6ab14eb-1a66-4ea5-8a0f-0afbda444403,f79514f9-1fe7-44fe-951d-1534b178193a,27c93f25-a373-427e-8330-4b5c862d2481,form,urn:adsk.wipprod:dm.lineage:F8dvir1vQZmKHfFR70uGzw,f,BFH2KAVSNP5G463F,BFH2KAVSNP5G463F,2025-08-06 14:07:09,2025-08-06 14:07:09
96c5f518-94a6-4086-89a1-dd69ded0f02e,bf996092-8d66-408a-8d8e-5065ca3330c2,f6ab14eb-1a66-4ea5-8a0f-0afbda444403,f79514f9-1fe7-44fe-951d-1534b178193a,96c5f518-94a6-4086-89a1-dd69ded0f02e,form,urn:adsk.wipprod:dm.lineage:YgIv-6XHTr-cORGvr_y9wA,f,BFH2KAVSNP5G463F,BFH2KAVSNP5G463F,2025-08-06 14:07:09,2025-08-06 14:07:09
8cd0065c-882f-4249-bfbb-f7a9782f42f5,bf996092-8d66-408a-8d8e-5065ca3330c2,f6ab14eb-1a66-4ea5-8a0f-0afbda444403,f79514f9-1fe7-44fe-951d-1534b178193a,8cd0065c-882f-4249-bfbb-f7a9782f42f5,form,urn:adsk.wipprod:dm.lineage:MoILp-_FSxmBdykf6L4xjA,f,BFH2KAVSNP5G463F,BFH2KAVSNP5G463F,2025-08-06 14:07:12,2025-08-06 14:07:12
057e334e-446e-4bc6-9587-355e4e879494,bf996092-8d66-408a-8d8e-5065ca3330c2,f6ab14eb-1a66-4ea5-8a0f-0afbda444403,e10d99cb-36a6-484c-a4b1-980031ac6330,057e334e-446e-4bc6-9587-355e4e879494,form,urn:adsk.wipprod:dm.lineage:wXpYdCOORL-NZFSL4Dl2HA,f,BFH2KAVSNP5G463F,BFH2KAVSNP5G463F,2025-08-13 13:53:24,2025-08-13 13:53:24
c9012632-2d7e-4e87-8909-2252f1edc39d,bf996092-8d66-408a-8d8e-5065ca3330c2,f6ab14eb-1a66-4ea5-8a0f-0afbda444403,19322913-ec19-4860-9153-4b7cea724fb6,c9012632-2d7e-4e87-8909-2252f1edc39d,form,urn:adsk.wipprod:dm.lineage:Y0yUGuJgQW63Hw13PlC96g,f,NXBJU9KZRN2LR6EX,NXBJU9KZRN2LR6EX,2025-08-20 13:09:39,2025-08-20 13:09:39
e8ce39e6-9ea4-48cb-a360-e2be7fd92de9,bf996092-8d66-408a-8d8e-5065ca3330c2,967e785d-d83c-490b-8d6a-2ed926c956ac,c9655f19-a71c-454d-ada1-56d326338de8,e8ce39e6-9ea4-48cb-a360-e2be7fd92de9,form,urn:adsk.wipprod:dm.lineage:Y3qaDlKFScusrbYsLQRBcQ,f,U8Q2F3P4M3PWWQXF,U8Q2F3P4M3PWWQXF,2025-05-29 06:16:44,2025-05-29 06:16:44
e3c97299-90f0-42c2-972a-ec67516ed3dc,bf996092-8d66-408a-8d8e-5065ca3330c2,f6ab14eb-1a66-4ea5-8a0f-0afbda444403,f340e86e-7ec6-4287-a5de-3c0e3a9a568e,e3c97299-90f0-42c2-972a-ec67516ed3dc,form,urn:adsk.wipprod:dm.lineage:UVSKrQNrR96PKthaQG9a4w,t,BFH2KAVSNP5G463F,BFH2KAVSNP5G463F,2025-07-22 15:10:51,2025-07-22 15:11:05
c2d54038-a7da-419a-b3bf-1df269c51161,bf996092-8d66-408a-8d8e-5065ca3330c2,f679f4cf-c089-4a2b-9b84-b14129630601,18ed33dc-498b-406b-87c1-0f2e6d606562,c2d54038-a7da-419a-b3bf-1df269c51161,form,urn:adsk.wipprod:dm.lineage:gnRLI3-FS_G8uEJtSWQUdQ,f,7XGJKR7GMJ4QN93J,7XGJKR7GMJ4QN93J,2025-06-21 06:39:54,2025-06-21 06:39:54
c70df180-4936-48d4-aac6-296e9d4e1c43,bf996092-8d66-408a-8d8e-5065ca3330c2,967e785d-d83c-490b-8d6a-2ed926c956ac,13f899d7-ba9f-48b6-8675-9f86da3494bd,c70df180-4936-48d4-aac6-296e9d4e1c43,form,urn:adsk.wipprod:dm.lineage:xt6Z1bQOTBqNwIrksmsuTg,f,U8Q2F3P4M3PWWQXF,U8Q2F3P4M3PWWQXF,2025-06-24 03:50:30,2025-06-24 03:50:30
b4d85c23-9e2c-44c3-ac36-b8c3f6413cf8,bf996092-8d66-408a-8d8e-5065ca3330c2,f679f4cf-c089-4a2b-9b84-b14129630601,e94819f9-3cce-4ee6-9c63-d49cf97c511b,b4d85c23-9e2c-44c3-ac36-b8c3f6413cf8,form,urn:adsk.wipprod:dm.lineage:lAm-ibWVSY2sT6PuRa6XaA,f,HJQ2F2PVKF9BT95Z,HJQ2F2PVKF9BT95Z,2025-06-30 04:13:13,2025-06-30 04:13:13
db672041-beba-4291-b4b7-85bf109bd2bf,bf996092-8d66-408a-8d8e-5065ca3330c2,f679f4cf-c089-4a2b-9b84-b14129630601,e94819f9-3cce-4ee6-9c63-d49cf97c511b,db672041-beba-4291-b4b7-85bf109bd2bf,form,urn:adsk.wipprod:dm.lineage:D0vn_mt9Sua56mwrsLFSpw,t,HJQ2F2PVKF9BT95Z,HJQ2F2PVKF9BT95Z,2025-06-30 04:13:22,2025-06-30 04:13:35
98365ee7-4522-446a-a9da-9dfdb55935e0,bf996092-8d66-408a-8d8e-5065ca3330c2,f679f4cf-c089-4a2b-9b84-b14129630601,e94819f9-3cce-4ee6-9c63-d49cf97c511b,98365ee7-4522-446a-a9da-9dfdb55935e0,form,urn:adsk.wipprod:dm.lineage:ZfbaYXdrTjuZH_Bis94vVQ,f,HJQ2F2PVKF9BT95Z,HJQ2F2PVKF9BT95Z,2025-06-30 04:16:40,2025-06-30 04:16:40
6c76a34f-7d0b-4d4d-af4e-8eed586d423c,bf996092-8d66-408a-8d8e-5065ca3330c2,f679f4cf-c089-4a2b-9b84-b14129630601,03cb2d9d-7c70-4f59-a4c7-f78c9e6a58f6,6c76a34f-7d0b-4d4d-af4e-8eed586d423c,form,urn:adsk.wipprod:dm.lineage:3_Md7S9ZQXy7w9naYJ2Hqw,t,HJQ2F2PVKF9BT95Z,HJQ2F2PVKF9BT95Z,2025-06-30 04:22:26,2025-06-30 04:22:28
cbe8a534-7116-4f05-9c44-1a77fac1997d,bf996092-8d66-408a-8d8e-5065ca3330c2,f679f4cf-c089-4a2b-9b84-b14129630601,03cb2d9d-7c70-4f59-a4c7-f78c9e6a58f6,cbe8a534-7116-4f05-9c44-1a77fac1997d,form,urn:adsk.wipprod:dm.lineage:gxMoQ95yRrKCvlqXH_cfhQ,t,HJQ2F2PVKF9BT95Z,HJQ2F2PVKF9BT95Z,2025-06-30 04:22:52,2025-06-30 04:22:54
8f01df76-7442-44c7-8b24-a8b2b231e365,bf996092-8d66-408a-8d8e-5065ca3330c2,f679f4cf-c089-4a2b-9b84-b14129630601,03cb2d9d-7c70-4f59-a4c7-f78c9e6a58f6,8f01df76-7442-44c7-8b24-a8b2b231e365,form,urn:adsk.wipprod:dm.lineage:s2gbfqqRSf6TeHT-gximKw,f,HJQ2F2PVKF9BT95Z,HJQ2F2PVKF9BT95Z,2025-06-30 04:23:57,2025-06-30 04:23:57
e80ae89b-b072-4898-bf23-94932c97dfea,bf996092-8d66-408a-8d8e-5065ca3330c2,f679f4cf-c089-4a2b-9b84-b14129630601,3b363c13-30c1-4f1e-9502-651ed760e5d6,e80ae89b-b072-4898-bf23-94932c97dfea,form,urn:adsk.wipprod:dm.lineage:BEeMKBevRMKBjtOohdVwYg,f,HJQ2F2PVKF9BT95Z,HJQ2F2PVKF9BT95Z,2025-06-30 04:59:33,2025-06-30 04:59:33
d68206cf-0689-401b-8409-b181631252b1,bf996092-8d66-408a-8d8e-5065ca3330c2,f679f4cf-c089-4a2b-9b84-b14129630601,bf56e498-95b6-4cf3-9471-6be91955773d,d68206cf-0689-401b-8409-b181631252b1,form,urn:adsk.wipprod:dm.lineage:NhqtzeJNQxWSR7vcguSfSg,f,HJQ2F2PVKF9BT95Z,HJQ2F2PVKF9BT95Z,2025-06-30 05:01:25,2025-06-30 05:01:25
c60d8ac2-35da-4050-9745-b346e02878d7,bf996092-8d66-408a-8d8e-5065ca3330c2,f679f4cf-c089-4a2b-9b84-b14129630601,71152942-2283-42a3-bd8d-ad34dfcc47a9,c60d8ac2-35da-4050-9745-b346e02878d7,form,urn:adsk.wipprod:dm.lineage:NmQxCKuKQE-QVO7O1N5kZQ,f,3TSJN3BRN9YVX2DX,3TSJN3BRN9YVX2DX,2025-06-30 05:03:11,2025-06-30 05:03:11
082b93c3-e5b6-4ae2-bcba-89c29efe033c,bf996092-8d66-408a-8d8e-5065ca3330c2,f679f4cf-c089-4a2b-9b84-b14129630601,c3fb8e4e-837e-4cd5-9d98-e4722ca8ea23,082b93c3-e5b6-4ae2-bcba-89c29efe033c,form,urn:adsk.wipprod:dm.lineage:RdugglEISOqDE0mgeBJo5w,f,3TSJN3BRN9YVX2DX,3TSJN3BRN9YVX2DX,2025-06-30 05:04:09,2025-06-30 05:04:09
77f2e1ad-039c-4ce2-9091-43b620b44cd1,bf996092-8d66-408a-8d8e-5065ca3330c2,f679f4cf-c089-4a2b-9b84-b14129630601,c3fb8e4e-837e-4cd5-9d98-e4722ca8ea23,77f2e1ad-039c-4ce2-9091-43b620b44cd1,form,urn:adsk.wipprod:dm.lineage:st8UkvhfS7yPuJCgSYUVcg,t,3TSJN3BRN9YVX2DX,3TSJN3BRN9YVX2DX,2025-06-30 04:58:06,2025-06-30 05:04:11
013a4e1d-efc5-43a9-953e-670a3d01c267,bf996092-8d66-408a-8d8e-5065ca3330c2,f679f4cf-c089-4a2b-9b84-b14129630601,05826b0d-6e88-4f53-b5d0-1f6918bcb1a7,013a4e1d-efc5-43a9-953e-670a3d01c267,form,urn:adsk.wipprod:dm.lineage:16YJiAGGQLyQ1wZCA_a8gQ,f,3TSJN3BRN9YVX2DX,3TSJN3BRN9YVX2DX,2025-06-30 05:10:10,2025-06-30 05:10:10
eaef0c2e-3c5e-42c9-bdab-f587909ad8f0,bf996092-8d66-408a-8d8e-5065ca3330c2,f679f4cf-c089-4a2b-9b84-b14129630601,0a7a4f66-74eb-410c-9e60-2bfeb116c84a,eaef0c2e-3c5e-42c9-bdab-f587909ad8f0,form,urn:adsk.wipprod:dm.lineage:sO8WpnRuQDKcl8lwupR16w,f,3TSJN3BRN9YVX2DX,3TSJN3BRN9YVX2DX,2025-06-30 05:14:04,2025-06-30 05:14:04
6b7eae39-f383-4f5c-b582-c0bd7b6204a7,bf996092-8d66-408a-8d8e-5065ca3330c2,f679f4cf-c089-4a2b-9b84-b14129630601,602db405-99b6-4218-86b9-d2c4834285ce,6b7eae39-f383-4f5c-b582-c0bd7b6204a7,form,urn:adsk.wipprod:dm.lineage:aV671AduSQKy53MNKxlpQA,f,3TSJN3BRN9YVX2DX,3TSJN3BRN9YVX2DX,2025-08-18 13:26:22,2025-08-18 13:26:22
d1f4f9d2-8828-4c10-9cb8-02847cae8b19,bf996092-8d66-408a-8d8e-5065ca3330c2,f6ab14eb-1a66-4ea5-8a0f-0afbda444403,ce280c30-2254-4097-8965-07c2d5a75865,d1f4f9d2-8828-4c10-9cb8-02847cae8b19,form,urn:adsk.wipprod:dm.lineage:l5UNrpJTSRq_lkLfSczqXA,f,BFH2KAVSNP5G463F,BFH2KAVSNP5G463F,2025-07-09 10:11:31,2025-07-09 10:11:31
3c27ed5f-d827-48b2-a63a-7a843760ada5,bf996092-8d66-408a-8d8e-5065ca3330c2,f6ab14eb-1a66-4ea5-8a0f-0afbda444403,ce280c30-2254-4097-8965-07c2d5a75865,3c27ed5f-d827-48b2-a63a-7a843760ada5,form,urn:adsk.wipprod:dm.lineage:ZlZcGrOhRZKo5-zOQfQswA,f,BFH2KAVSNP5G463F,BFH2KAVSNP5G463F,2025-07-09 10:11:57,2025-07-09 10:11:57
80027ff9-9595-4896-a730-00fc74e5b2f9,bf996092-8d66-408a-8d8e-5065ca3330c2,f6ab14eb-1a66-4ea5-8a0f-0afbda444403,a8456f52-6ea0-415f-a76b-9ca948297e8f,80027ff9-9595-4896-a730-00fc74e5b2f9,form,urn:adsk.wipprod:dm.lineage:MOM-LUDLTCykgC3ryEZhJg,f,BFH2KAVSNP5G463F,BFH2KAVSNP5G463F,2025-08-08 09:08:08,2025-08-08 09:08:08
69cc5b30-58de-4331-95e1-6d6c028dc275,bf996092-8d66-408a-8d8e-5065ca3330c2,f6ab14eb-1a66-4ea5-8a0f-0afbda444403,a8456f52-6ea0-415f-a76b-9ca948297e8f,69cc5b30-58de-4331-95e1-6d6c028dc275,form,urn:adsk.wipprod:dm.lineage:r43nAPPYQqyjMSwt2rR9DA,f,BFH2KAVSNP5G463F,BFH2KAVSNP5G463F,2025-08-08 09:08:12,2025-08-08 09:08:12
fa3b184a-a03d-492c-ac0a-ffab7d54c00f,bf996092-8d66-408a-8d8e-5065ca3330c2,f6ab14eb-1a66-4ea5-8a0f-0afbda444403,a88bccc3-c3d8-42af-859f-e57565a2e198,fa3b184a-a03d-492c-ac0a-ffab7d54c00f,form,urn:adsk.wipprod:dm.lineage:5BOVUpgqQHKcRfMk1nZbGg,f,BFH2KAVSNP5G463F,BFH2KAVSNP5G463F,2025-08-08 09:19:20,2025-08-08 09:19:20
e1b30f59-a80c-4251-81fb-f2e0541a058c,bf996092-8d66-408a-8d8e-5065ca3330c2,f6ab14eb-1a66-4ea5-8a0f-0afbda444403,a88bccc3-c3d8-42af-859f-e57565a2e198,e1b30f59-a80c-4251-81fb-f2e0541a058c,form,urn:adsk.wipprod:dm.lineage:lw-qKfKxQPK3DjZuHE7FhA,f,BFH2KAVSNP5G463F,BFH2KAVSNP5G463F,2025-08-08 09:19:29,2025-08-08 09:19:29
5d2b6aaf-786e-4a88-965c-13baa6f93a55,bf996092-8d66-408a-8d8e-5065ca3330c2,f6ab14eb-1a66-4ea5-8a0f-0afbda444403,a978859c-bb0a-4811-ae45-767424707da8,5d2b6aaf-786e-4a88-965c-13baa6f93a55,form,urn:adsk.wipprod:dm.lineage:Qb4215AEQNibeM5mdGp5Iw,f,BFH2KAVSNP5G463F,BFH2KAVSNP5G463F,2025-07-10 17:06:59,2025-07-10 17:06:59
b7ccb46a-5afb-41a8-8d7d-1fb1d0a1c051,bf996092-8d66-408a-8d8e-5065ca3330c2,f679f4cf-c089-4a2b-9b84-b14129630601,bf1f5f09-7de0-405c-bee7-99d074cc6cdd,b7ccb46a-5afb-41a8-8d7d-1fb1d0a1c051,form,urn:adsk.wipprod:dm.lineage:nsXwDX1PQZefP5Q5XPhZxQ,f,3TSJN3BRN9YVX2DX,3TSJN3BRN9YVX2DX,2025-07-23 12:51:11,2025-07-23 12:51:11
6d2f6478-34be-4fff-8f96-ec913c9fd4fc,bf996092-8d66-408a-8d8e-5065ca3330c2,f679f4cf-c089-4a2b-9b84-b14129630601,bf1f5f09-7de0-405c-bee7-99d074cc6cdd,6d2f6478-34be-4fff-8f96-ec913c9fd4fc,form,urn:adsk.wipprod:dm.lineage:l9H81tZiR0CXA84gwgZvuQ,f,3TSJN3BRN9YVX2DX,3TSJN3BRN9YVX2DX,2025-07-23 12:51:17,2025-07-23 12:51:17
9990e788-6a60-44d1-b48b-352a9f53aa9f,bf996092-8d66-408a-8d8e-5065ca3330c2,f679f4cf-c089-4a2b-9b84-b14129630601,db29a7fa-d95d-462f-bafd-05f2c4d20f36,9990e788-6a60-44d1-b48b-352a9f53aa9f,form,urn:adsk.wipprod:dm.lineage:nnCY_J9wSgGHBdywC-20MQ,f,3TSJN3BRN9YVX2DX,3TSJN3BRN9YVX2DX,2025-07-23 12:55:39,2025-07-23 12:55:39
b35d6daa-dd09-4fd8-82a9-53d8450e8461,bf996092-8d66-408a-8d8e-5065ca3330c2,f679f4cf-c089-4a2b-9b84-b14129630601,db29a7fa-d95d-462f-bafd-05f2c4d20f36,b35d6daa-dd09-4fd8-82a9-53d8450e8461,form,urn:adsk.wipprod:dm.lineage:sTOTDgddQ6utlHS5UqwW_Q,f,3TSJN3BRN9YVX2DX,3TSJN3BRN9YVX2DX,2025-07-23 12:55:45,2025-07-23 12:55:45
24131916-3dde-45ad-81a4-b7565d304519,bf996092-8d66-408a-8d8e-5065ca3330c2,f6ab14eb-1a66-4ea5-8a0f-0afbda444403,b6bfcdc2-2a02-4e13-9da9-99c611a39acc,24131916-3dde-45ad-81a4-b7565d304519,form,urn:adsk.wipprod:dm.lineage:ddt8JBtXSqOomTLZ7l5mnw,f,BFH2KAVSNP5G463F,BFH2KAVSNP5G463F,2025-08-08 10:59:35,2025-08-08 10:59:35
7e665d9b-5712-4546-b16d-8352ae2ab6e9,bf996092-8d66-408a-8d8e-5065ca3330c2,f679f4cf-c089-4a2b-9b84-b14129630601,0e2fb3a9-2a3b-4d74-959e-8c27959150a0,7e665d9b-5712-4546-b16d-8352ae2ab6e9,form,urn:adsk.wipprod:dm.lineage:-8K0rQ_BTm6ilqVB1NMWLg,f,3TSJN3BRN9YVX2DX,3TSJN3BRN9YVX2DX,2025-07-23 12:59:51,2025-07-23 12:59:51
6868833e-28f2-40e9-a856-b9d4ebd4f2a3,bf996092-8d66-408a-8d8e-5065ca3330c2,f6ab14eb-1a66-4ea5-8a0f-0afbda444403,b6bfcdc2-2a02-4e13-9da9-99c611a39acc,6868833e-28f2-40e9-a856-b9d4ebd4f2a3,form,urn:adsk.wipprod:dm.lineage:va17qWf5S56e0WIqn0hqcw,f,BFH2KAVSNP5G463F,BFH2KAVSNP5G463F,2025-08-08 10:59:45,2025-08-08 10:59:45
43ccb249-745a-4342-ba1a-ee04e7f5bb2a,bf996092-8d66-408a-8d8e-5065ca3330c2,f679f4cf-c089-4a2b-9b84-b14129630601,411920a4-c48a-4810-bd3b-7d2c1f5cadc1,43ccb249-745a-4342-ba1a-ee04e7f5bb2a,form,urn:adsk.wipprod:dm.lineage:Kt9s5DicQQ6s2ZfInhir1Q,f,3TSJN3BRN9YVX2DX,3TSJN3BRN9YVX2DX,2025-07-23 13:03:18,2025-07-23 13:03:18
f1bb8941-bd67-4d1b-9001-bcf082dbc8bc,bf996092-8d66-408a-8d8e-5065ca3330c2,f679f4cf-c089-4a2b-9b84-b14129630601,f8ab9278-dd19-4a44-8273-f0cb7bab7c19,f1bb8941-bd67-4d1b-9001-bcf082dbc8bc,form,urn:adsk.wipprod:dm.lineage:0blc3dR7S5qiEagHcGLeLg,t,3TSJN3BRN9YVX2DX,3TSJN3BRN9YVX2DX,2025-07-23 13:05:31,2025-07-23 13:05:37
983f18c9-f5a5-4c14-83d6-016e3edd9fe7,bf996092-8d66-408a-8d8e-5065ca3330c2,f679f4cf-c089-4a2b-9b84-b14129630601,f8ab9278-dd19-4a44-8273-f0cb7bab7c19,983f18c9-f5a5-4c14-83d6-016e3edd9fe7,form,urn:adsk.wipprod:dm.lineage:IpEp8palSfKa-zReVlQhQg,f,3TSJN3BRN9YVX2DX,3TSJN3BRN9YVX2DX,2025-07-23 13:06:00,2025-07-23 13:06:00
2ce362f8-438d-4dda-874e-c7eea53291e5,bf996092-8d66-408a-8d8e-5065ca3330c2,f6ab14eb-1a66-4ea5-8a0f-0afbda444403,0acd3d52-86fd-4a49-be0d-9f592fc69d87,2ce362f8-438d-4dda-874e-c7eea53291e5,form,urn:adsk.wipprod:dm.lineage:py9RkgnAQiGsLVDNcXhIOg,f,BFH2KAVSNP5G463F,BFH2KAVSNP5G463F,2025-08-27 12:27:58,2025-08-27 12:27:58
a57b8e4e-fc08-45f8-b306-d5dfe3d5c178,bf996092-8d66-408a-8d8e-5065ca3330c2,f6ab14eb-1a66-4ea5-8a0f-0afbda444403,0acd3d52-86fd-4a49-be0d-9f592fc69d87,a57b8e4e-fc08-45f8-b306-d5dfe3d5c178,form,urn:adsk.wipprod:dm.lineage:ZYCrV6d0R72abBBDWKiTJg,f,BFH2KAVSNP5G463F,BFH2KAVSNP5G463F,2025-08-27 12:27:59,2025-08-27 12:27:59
83f903ac-689b-44e1-8d8b-566e9471424a,bf996092-8d66-408a-8d8e-5065ca3330c2,f6ab14eb-1a66-4ea5-8a0f-0afbda444403,0d959740-c322-4619-93c7-e407f166f2a8,83f903ac-689b-44e1-8d8b-566e9471424a,form,urn:adsk.wipprod:dm.lineage:TzmakFNAQoCj469WtIK3jQ,f,BFH2KAVSNP5G463F,BFH2KAVSNP5G463F,2025-08-08 11:10:17,2025-08-08 11:10:17
b1280eb3-5a0a-45fd-921a-129e498d9207,bf996092-8d66-408a-8d8e-5065ca3330c2,f6ab14eb-1a66-4ea5-8a0f-0afbda444403,0d959740-c322-4619-93c7-e407f166f2a8,b1280eb3-5a0a-45fd-921a-129e498d9207,form,urn:adsk.wipprod:dm.lineage:JOZbipysSyKR6nKMgxMsiw,f,BFH2KAVSNP5G463F,BFH2KAVSNP5G463F,2025-08-08 11:10:21,2025-08-08 11:10:21
30d3b09b-dd97-4e3d-9648-062891fce7c9,bf996092-8d66-408a-8d8e-5065ca3330c2,f6ab14eb-1a66-4ea5-8a0f-0afbda444403,db5adfdc-303d-4f9b-9d1b-6e1d64d68d9d,30d3b09b-dd97-4e3d-9648-062891fce7c9,form,urn:adsk.wipprod:dm.lineage:z9sLPl-RQQ6tQ0OqHPwcqw,f,BFH2KAVSNP5G463F,BFH2KAVSNP5G463F,2025-08-27 13:11:35,2025-08-27 13:11:35
ea0e43f9-31d7-4dca-abbc-d0b07f9dfcf9,bf996092-8d66-408a-8d8e-5065ca3330c2,f6ab14eb-1a66-4ea5-8a0f-0afbda444403,db5adfdc-303d-4f9b-9d1b-6e1d64d68d9d,ea0e43f9-31d7-4dca-abbc-d0b07f9dfcf9,form,urn:adsk.wipprod:dm.lineage:UX_lxMTXSGqJ2ljFft6ZAA,f,BFH2KAVSNP5G463F,BFH2KAVSNP5G463F,2025-08-27 13:11:38,2025-08-27 13:11:38
3c097d82-9b77-44b6-9bd0-99aa40f55142,bf996092-8d66-408a-8d8e-5065ca3330c2,f6ab14eb-1a66-4ea5-8a0f-0afbda444403,dddb80ba-73d9-446d-bf61-43228f3aaeb6,3c097d82-9b77-44b6-9bd0-99aa40f55142,form,urn:adsk.wipprod:dm.lineage:H3dyPA7DRyalBe-Q3ap1xw,f,BFH2KAVSNP5G463F,BFH2KAVSNP5G463F,2025-07-24 06:54:15,2025-07-24 06:54:15
2929ec70-db2f-4e49-84cf-91ab8b59c452,bf996092-8d66-408a-8d8e-5065ca3330c2,f6ab14eb-1a66-4ea5-8a0f-0afbda444403,5cdf62e0-8cf8-4387-95c8-88fefc1bdc36,2929ec70-db2f-4e49-84cf-91ab8b59c452,form,urn:adsk.wipprod:dm.lineage:hklgdcjCQS-mH8rGTO-p6Q,f,BFH2KAVSNP5G463F,BFH2KAVSNP5G463F,2025-07-24 07:02:13,2025-07-24 07:02:13
5ce10e61-9ca2-418c-9795-4518e07ceb74,bf996092-8d66-408a-8d8e-5065ca3330c2,f6ab14eb-1a66-4ea5-8a0f-0afbda444403,7ac175ba-7c1d-4389-b048-b0b0eaa5a534,5ce10e61-9ca2-418c-9795-4518e07ceb74,form,urn:adsk.wipprod:dm.lineage:u6a_pNL0TfubQCM_n0BZvw,f,BFH2KAVSNP5G463F,BFH2KAVSNP5G463F,2025-07-24 07:10:43,2025-07-24 07:10:43
6533b77e-b34e-4aad-b285-0ef7cc4d07bd,bf996092-8d66-408a-8d8e-5065ca3330c2,f6ab14eb-1a66-4ea5-8a0f-0afbda444403,e11db383-e5dd-4e91-ab88-6f2176d6af13,6533b77e-b34e-4aad-b285-0ef7cc4d07bd,form,urn:adsk.wipprod:dm.lineage:qRVMVXuBTQKm_iufiJsRlA,f,BFH2KAVSNP5G463F,BFH2KAVSNP5G463F,2025-08-27 14:42:17,2025-08-27 14:42:17
68ea078a-9a1e-4d71-bfa9-c2dc82b847cc,bf996092-8d66-408a-8d8e-5065ca3330c2,f6ab14eb-1a66-4ea5-8a0f-0afbda444403,e11db383-e5dd-4e91-ab88-6f2176d6af13,68ea078a-9a1e-4d71-bfa9-c2dc82b847cc,form,urn:adsk.wipprod:dm.lineage:Z6YCIyukTa2-hezNfE4v-Q,f,BFH2KAVSNP5G463F,BFH2KAVSNP5G463F,2025-08-27 14:42:22,2025-08-27 14:42:22
a36ce5a2-dea0-47fb-9b08-2660a46a8985,bf996092-8d66-408a-8d8e-5065ca3330c2,f6ab14eb-1a66-4ea5-8a0f-0afbda444403,ef38eb8c-a156-4585-805d-98233db05819,a36ce5a2-dea0-47fb-9b08-2660a46a8985,form,urn:adsk.wipprod:dm.lineage:Hu54_hWhQBmxjxv_82jBsA,f,BFH2KAVSNP5G463F,BFH2KAVSNP5G463F,2025-08-03 12:19:20,2025-08-03 12:19:20
f0ab3c94-a1a4-4d6e-9ba2-1e7492c6065d,bf996092-8d66-408a-8d8e-5065ca3330c2,f6ab14eb-1a66-4ea5-8a0f-0afbda444403,ef38eb8c-a156-4585-805d-98233db05819,f0ab3c94-a1a4-4d6e-9ba2-1e7492c6065d,form,urn:adsk.wipprod:dm.lineage:njFhIfG2SeuRKC33bStxtQ,f,BFH2KAVSNP5G463F,BFH2KAVSNP5G463F,2025-08-03 12:19:25,2025-08-03 12:19:25
43c914fb-6ee2-4570-b2b1-5cacabcdcc42,bf996092-8d66-408a-8d8e-5065ca3330c2,f6ab14eb-1a66-4ea5-8a0f-0afbda444403,f88deddb-dc11-4e41-acd5-036e5eb395e6,43c914fb-6ee2-4570-b2b1-5cacabcdcc42,form,urn:adsk.wipprod:dm.lineage:zLZ_uYEwT7SYZs8s-qj5Eg,f,BFH2KAVSNP5G463F,BFH2KAVSNP5G463F,2025-08-03 12:35:15,2025-08-03 12:35:15
0cc8ebd2-7672-4522-a65b-9afcc2910919,bf996092-8d66-408a-8d8e-5065ca3330c2,f6ab14eb-1a66-4ea5-8a0f-0afbda444403,f88deddb-dc11-4e41-acd5-036e5eb395e6,0cc8ebd2-7672-4522-a65b-9afcc2910919,form,urn:adsk.wipprod:dm.lineage:0qBcYQbwTl-OgaLKF5yXrA,f,BFH2KAVSNP5G463F,BFH2KAVSNP5G463F,2025-08-03 12:35:20,2025-08-03 12:35:20
ac014b53-e84a-4ec8-92f6-cc46e1296138,bf996092-8d66-408a-8d8e-5065ca3330c2,f6ab14eb-1a66-4ea5-8a0f-0afbda444403,f3978ab8-295a-462e-a166-2f24882fb780,ac014b53-e84a-4ec8-92f6-cc46e1296138,form,urn:adsk.wipprod:dm.lineage:QX4t4shGSTanu8ujdiNVow,f,BFH2KAVSNP5G463F,BFH2KAVSNP5G463F,2025-08-03 12:47:21,2025-08-03 12:47:21
2fb83464-dbc0-480e-93c6-c2abdb0ef02e,bf996092-8d66-408a-8d8e-5065ca3330c2,f6ab14eb-1a66-4ea5-8a0f-0afbda444403,f3978ab8-295a-462e-a166-2f24882fb780,2fb83464-dbc0-480e-93c6-c2abdb0ef02e,form,urn:adsk.wipprod:dm.lineage:2w9EPrd8RF6aodaSv0Uc8A,f,BFH2KAVSNP5G463F,BFH2KAVSNP5G463F,2025-08-03 12:47:21,2025-08-03 12:47:21
a9b776fd-b17c-4a62-a735-670927407cab,bf996092-8d66-408a-8d8e-5065ca3330c2,f6ab14eb-1a66-4ea5-8a0f-0afbda444403,e924c480-19e8-417f-a648-b54f714540a9,a9b776fd-b17c-4a62-a735-670927407cab,form,urn:adsk.wipprod:dm.lineage:aSQncDkxTwuj9PmI--5PYA,f,BFH2KAVSNP5G463F,BFH2KAVSNP5G463F,2025-08-03 12:57:35,2025-08-03 12:57:35
0cce0afb-c0b4-4b70-a0cc-559bef70931e,bf996092-8d66-408a-8d8e-5065ca3330c2,f6ab14eb-1a66-4ea5-8a0f-0afbda444403,e924c480-19e8-417f-a648-b54f714540a9,0cce0afb-c0b4-4b70-a0cc-559bef70931e,form,urn:adsk.wipprod:dm.lineage:2rVesofsQEuwuaVBYu5AzQ,f,BFH2KAVSNP5G463F,BFH2KAVSNP5G463F,2025-08-03 12:57:40,2025-08-03 12:57:40
0c5bba8a-d47d-4002-a6a8-799e5da6cdfc,bf996092-8d66-408a-8d8e-5065ca3330c2,f6ab14eb-1a66-4ea5-8a0f-0afbda444403,b7a3d1e1-577a-4a9c-a687-a477df7fc50e,0c5bba8a-d47d-4002-a6a8-799e5da6cdfc,form,urn:adsk.wipprod:dm.lineage:og2wWnbmRKGhunbArSgt5A,f,BFH2KAVSNP5G463F,BFH2KAVSNP5G463F,2025-08-03 13:12:05,2025-08-03 13:12:05
fd57ebb7-cb03-49ac-bc0e-416fec8303ca,bf996092-8d66-408a-8d8e-5065ca3330c2,f6ab14eb-1a66-4ea5-8a0f-0afbda444403,b7a3d1e1-577a-4a9c-a687-a477df7fc50e,fd57ebb7-cb03-49ac-bc0e-416fec8303ca,form,urn:adsk.wipprod:dm.lineage:uwNq6v_TRhmot-MFQAjxbg,f,BFH2KAVSNP5G463F,BFH2KAVSNP5G463F,2025-08-03 13:12:05,2025-08-03 13:12:05
b64095fe-208c-428d-b39c-9e05d794e3ed,bf996092-8d66-408a-8d8e-5065ca3330c2,f6ab14eb-1a66-4ea5-8a0f-0afbda444403,69c00f1b-623f-49c7-b15c-33ed0bb09c07,b64095fe-208c-428d-b39c-9e05d794e3ed,form,urn:adsk.wipprod:dm.lineage:bUPEVylaS76mu3xzcmM1NQ,f,BFH2KAVSNP5G463F,BFH2KAVSNP5G463F,2025-08-03 13:25:24,2025-08-03 13:25:24
2c91dcde-cede-424e-bf46-974e8e8980f6,bf996092-8d66-408a-8d8e-5065ca3330c2,f6ab14eb-1a66-4ea5-8a0f-0afbda444403,69c00f1b-623f-49c7-b15c-33ed0bb09c07,2c91dcde-cede-424e-bf46-974e8e8980f6,form,urn:adsk.wipprod:dm.lineage:-7NRyQKsQpeYntwkuzes9Q,f,BFH2KAVSNP5G463F,BFH2KAVSNP5G463F,2025-08-03 13:25:29,2025-08-03 13:25:29
e4925ae8-ca04-4bd9-9594-25e2ec55dc85,bf996092-8d66-408a-8d8e-5065ca3330c2,f6ab14eb-1a66-4ea5-8a0f-0afbda444403,75554d68-13a0-4d1a-bd21-ca5dff406123,e4925ae8-ca04-4bd9-9594-25e2ec55dc85,form,urn:adsk.wipprod:dm.lineage:1ZMA1s1rSaKrapZtdYf2nA,f,BFH2KAVSNP5G463F,BFH2KAVSNP5G463F,2025-08-03 13:37:20,2025-08-03 13:37:20
2c9f89f3-eb06-4d06-9b37-b644503802af,bf996092-8d66-408a-8d8e-5065ca3330c2,f6ab14eb-1a66-4ea5-8a0f-0afbda444403,75554d68-13a0-4d1a-bd21-ca5dff406123,2c9f89f3-eb06-4d06-9b37-b644503802af,form,urn:adsk.wipprod:dm.lineage:ExoFLs4KRnCsknoZDjCvAA,f,BFH2KAVSNP5G463F,BFH2KAVSNP5G463F,2025-08-03 13:37:26,2025-08-03 13:37:26
4a0c2a6e-ed99-4a5a-8b50-dda01b0077ad,bf996092-8d66-408a-8d8e-5065ca3330c2,f6ab14eb-1a66-4ea5-8a0f-0afbda444403,73242485-4963-4f4d-9f63-d4bd4ba10e80,4a0c2a6e-ed99-4a5a-8b50-dda01b0077ad,form,urn:adsk.wipprod:dm.lineage:sBMPgX7kQzW6TliT5qnuBA,f,BFH2KAVSNP5G463F,BFH2KAVSNP5G463F,2025-08-03 13:52:10,2025-08-03 13:52:10
e966a5ca-24c7-4467-add7-3009f8027a03,bf996092-8d66-408a-8d8e-5065ca3330c2,f6ab14eb-1a66-4ea5-8a0f-0afbda444403,73242485-4963-4f4d-9f63-d4bd4ba10e80,e966a5ca-24c7-4467-add7-3009f8027a03,form,urn:adsk.wipprod:dm.lineage:fDF_PGkHRHOnvLYtTj_xeg,f,BFH2KAVSNP5G463F,BFH2KAVSNP5G463F,2025-08-03 13:52:15,2025-08-03 13:52:15
27d3ee50-927f-488e-aafd-b3a2b2abcf92,bf996092-8d66-408a-8d8e-5065ca3330c2,f6ab14eb-1a66-4ea5-8a0f-0afbda444403,7fad3de2-9193-4b76-9a6e-ebc15bd21c7e,27d3ee50-927f-488e-aafd-b3a2b2abcf92,form,urn:adsk.wipprod:dm.lineage:Rcqmo5svR16GCTzHgBWyqQ,f,BFH2KAVSNP5G463F,BFH2KAVSNP5G463F,2025-08-03 14:04:02,2025-08-03 14:04:02
2ccf4883-abd3-4602-a485-ee514caa77cc,bf996092-8d66-408a-8d8e-5065ca3330c2,f6ab14eb-1a66-4ea5-8a0f-0afbda444403,7fad3de2-9193-4b76-9a6e-ebc15bd21c7e,2ccf4883-abd3-4602-a485-ee514caa77cc,form,urn:adsk.wipprod:dm.lineage:BYrcUC8WQd62nMgeSjE3DA,f,BFH2KAVSNP5G463F,BFH2KAVSNP5G463F,2025-08-03 14:04:07,2025-08-03 14:04:07
ea372b3f-fd6d-464d-83f6-4dd1996f552f,bf996092-8d66-408a-8d8e-5065ca3330c2,f6ab14eb-1a66-4ea5-8a0f-0afbda444403,e2040f47-7239-431e-8843-05ff4b3e75c6,ea372b3f-fd6d-464d-83f6-4dd1996f552f,form,urn:adsk.wipprod:dm.lineage:mRwcg8saQYiUPNk5ZA0Dog,f,BFH2KAVSNP5G463F,BFH2KAVSNP5G463F,2025-08-03 14:14:49,2025-08-03 14:14:49
9e9c6167-04f5-4359-b83a-c4b818311ed9,bf996092-8d66-408a-8d8e-5065ca3330c2,f6ab14eb-1a66-4ea5-8a0f-0afbda444403,e2040f47-7239-431e-8843-05ff4b3e75c6,9e9c6167-04f5-4359-b83a-c4b818311ed9,form,urn:adsk.wipprod:dm.lineage:SOfHCrwkRJ-2P2Nc-our1w,f,BFH2KAVSNP5G463F,BFH2KAVSNP5G463F,2025-08-03 14:14:53,2025-08-03 14:14:53
082c0593-7d94-4ba1-bc87-29d7c1ac4334,bf996092-8d66-408a-8d8e-5065ca3330c2,f6ab14eb-1a66-4ea5-8a0f-0afbda444403,0f690ba7-7312-48b9-ab9f-c209b7ea9cad,082c0593-7d94-4ba1-bc87-29d7c1ac4334,form,urn:adsk.wipprod:dm.lineage:Ciwc2wXGSSecz3EnLP_SNQ,f,BFH2KAVSNP5G463F,BFH2KAVSNP5G463F,2025-08-03 14:25:21,2025-08-03 14:25:21
52af9e1e-f13b-49ae-a7f3-2284ca9f70da,bf996092-8d66-408a-8d8e-5065ca3330c2,f6ab14eb-1a66-4ea5-8a0f-0afbda444403,0f690ba7-7312-48b9-ab9f-c209b7ea9cad,52af9e1e-f13b-49ae-a7f3-2284ca9f70da,form,urn:adsk.wipprod:dm.lineage:bhvF8CiMRXC3Amdj027_Mg,f,BFH2KAVSNP5G463F,BFH2KAVSNP5G463F,2025-08-03 14:25:21,2025-08-03 14:25:21
d816b4d1-a853-4a87-8203-7d377bfa2f7b,bf996092-8d66-408a-8d8e-5065ca3330c2,f6ab14eb-1a66-4ea5-8a0f-0afbda444403,628e370e-c7ca-4113-994b-f7dd5f7ffcf7,d816b4d1-a853-4a87-8203-7d377bfa2f7b,form,urn:adsk.wipprod:dm.lineage:oJHCerE_R8G-tmKwXjILSQ,f,BFH2KAVSNP5G463F,BFH2KAVSNP5G463F,2025-08-03 14:39:32,2025-08-03 14:39:32
8059797a-74a6-4767-bcad-48dbde9acebc,bf996092-8d66-408a-8d8e-5065ca3330c2,f6ab14eb-1a66-4ea5-8a0f-0afbda444403,628e370e-c7ca-4113-994b-f7dd5f7ffcf7,8059797a-74a6-4767-bcad-48dbde9acebc,form,urn:adsk.wipprod:dm.lineage:CF46cRheTkmRRjRgHhZWJA,f,BFH2KAVSNP5G463F,BFH2KAVSNP5G463F,2025-08-03 14:39:38,2025-08-03 14:39:38
821eca68-e7f5-45e3-8277-59dd6b9c398e,bf996092-8d66-408a-8d8e-5065ca3330c2,967e785d-d83c-490b-8d6a-2ed926c956ac,4d73213a-abad-42d6-b8f6-19f9b10648c2,821eca68-e7f5-45e3-8277-59dd6b9c398e,form,urn:adsk.wipprod:dm.lineage:Yu0zcw-hT5-gJkxRt6K--Q,f,RQ92XKNVL7KYFP4W,RQ92XKNVL7KYFP4W,2025-08-05 07:31:37,2025-08-05 07:31:37
d46876ad-2199-4194-83fb-061b2198c78b,bf996092-8d66-408a-8d8e-5065ca3330c2,f6ab14eb-1a66-4ea5-8a0f-0afbda444403,a1792a53-2f65-4ce6-85ef-ab1a0a6ec322,d46876ad-2199-4194-83fb-061b2198c78b,form,urn:adsk.wipprod:dm.lineage:aVFUE8afTzO0bhZdQvzs2Q,f,BFH2KAVSNP5G463F,BFH2KAVSNP5G463F,2025-08-20 05:41:57,2025-08-20 05:41:57
03a3049b-4541-4392-906f-af5f87e436b8,bf996092-8d66-408a-8d8e-5065ca3330c2,f6ab14eb-1a66-4ea5-8a0f-0afbda444403,a1792a53-2f65-4ce6-85ef-ab1a0a6ec322,03a3049b-4541-4392-906f-af5f87e436b8,form,urn:adsk.wipprod:dm.lineage:JAPk8WisTYiT4tIDKl9zMw,f,BFH2KAVSNP5G463F,BFH2KAVSNP5G463F,2025-08-20 05:42:00,2025-08-20 05:42:00
d0c945ad-f01b-461f-8128-6f7e31b1adb6,bf996092-8d66-408a-8d8e-5065ca3330c2,f6ab14eb-1a66-4ea5-8a0f-0afbda444403,e7fd3f00-cffa-4523-ac0f-cb879bbdfa0c,d0c945ad-f01b-461f-8128-6f7e31b1adb6,form,urn:adsk.wipprod:dm.lineage:MnZ_rc4dQ7q5K6snGjHamg,f,BFH2KAVSNP5G463F,BFH2KAVSNP5G463F,2025-08-20 06:23:53,2025-08-20 06:23:53
394b33f6-f4e0-43c9-8055-d7fa10b702a2,bf996092-8d66-408a-8d8e-5065ca3330c2,f6ab14eb-1a66-4ea5-8a0f-0afbda444403,e7fd3f00-cffa-4523-ac0f-cb879bbdfa0c,394b33f6-f4e0-43c9-8055-d7fa10b702a2,form,urn:adsk.wipprod:dm.lineage:55zplB-uTWKZsIpqcF615w,f,BFH2KAVSNP5G463F,BFH2KAVSNP5G463F,2025-08-20 06:23:53,2025-08-20 06:23:53
d76e193e-f2c6-475f-962e-df088d757708,bf996092-8d66-408a-8d8e-5065ca3330c2,f679f4cf-c089-4a2b-9b84-b14129630601,a2cf81ae-a197-412c-be6e-5b04875f4e33,d76e193e-f2c6-475f-962e-df088d757708,form,urn:adsk.wipprod:dm.lineage:5RoAB8n1RryV0_jijPnmdA,f,3TSJN3BRN9YVX2DX,3TSJN3BRN9YVX2DX,2025-08-20 07:27:41,2025-08-20 07:27:41
46fa3afd-a8a4-48b3-81a7-0e0f3af52448,bf996092-8d66-408a-8d8e-5065ca3330c2,f6ab14eb-1a66-4ea5-8a0f-0afbda444403,19322913-ec19-4860-9153-4b7cea724fb6,46fa3afd-a8a4-48b3-81a7-0e0f3af52448,form,urn:adsk.wipprod:dm.lineage:_I6YALCKT46kTDgXnoEV8w,f,NXBJU9KZRN2LR6EX,NXBJU9KZRN2LR6EX,2025-08-20 13:09:46,2025-08-20 13:09:46
b46c7448-00ba-40fe-a684-3ef39fc2aecd,bf996092-8d66-408a-8d8e-5065ca3330c2,f6ab14eb-1a66-4ea5-8a0f-0afbda444403,5b350bd6-4de6-44cf-9800-bb671a5f4913,b46c7448-00ba-40fe-a684-3ef39fc2aecd,form,urn:adsk.wipprod:dm.lineage:oyoN7OeoSqyaKo0oIgUrsA,f,NXBJU9KZRN2LR6EX,NXBJU9KZRN2LR6EX,2025-08-20 13:19:06,2025-08-20 13:19:06
dc90cfff-6a22-42b3-970c-8267accee452,bf996092-8d66-408a-8d8e-5065ca3330c2,f6ab14eb-1a66-4ea5-8a0f-0afbda444403,5b350bd6-4de6-44cf-9800-bb671a5f4913,dc90cfff-6a22-42b3-970c-8267accee452,form,urn:adsk.wipprod:dm.lineage:CxXF-tnUSXKJu0vhl41hTA,f,NXBJU9KZRN2LR6EX,NXBJU9KZRN2LR6EX,2025-08-20 13:19:11,2025-08-20 13:19:11
3e6ced2f-3f90-4a16-b440-91357cc60643,bf996092-8d66-408a-8d8e-5065ca3330c2,f6ab14eb-1a66-4ea5-8a0f-0afbda444403,a6ce9adc-b48f-4885-945c-df78a853c503,3e6ced2f-3f90-4a16-b440-91357cc60643,form,urn:adsk.wipprod:dm.lineage:KbDQZNIRTCqhGoP8Jvv-zA,f,NXBJU9KZRN2LR6EX,NXBJU9KZRN2LR6EX,2025-08-20 13:29:34,2025-08-20 13:29:34
4459b957-37fb-408c-85af-2882cf6d6d04,bf996092-8d66-408a-8d8e-5065ca3330c2,f6ab14eb-1a66-4ea5-8a0f-0afbda444403,a6ce9adc-b48f-4885-945c-df78a853c503,4459b957-37fb-408c-85af-2882cf6d6d04,form,urn:adsk.wipprod:dm.lineage:ndgIV1RUQbqwo2JBhcSdgQ,f,NXBJU9KZRN2LR6EX,NXBJU9KZRN2LR6EX,2025-08-20 13:29:38,2025-08-20 13:29:38
d7f39888-9090-4026-8a03-3a5675abd1cc,bf996092-8d66-408a-8d8e-5065ca3330c2,f6ab14eb-1a66-4ea5-8a0f-0afbda444403,70c90d14-bb50-489a-92d3-e57df6ae6876,d7f39888-9090-4026-8a03-3a5675abd1cc,form,urn:adsk.wipprod:dm.lineage:Uoru5McbTP-C0Lfsyn4egQ,f,NXBJU9KZRN2LR6EX,NXBJU9KZRN2LR6EX,2025-08-20 13:41:01,2025-08-20 13:41:01
c8941033-41ed-457d-9871-8e8ade9d01ee,bf996092-8d66-408a-8d8e-5065ca3330c2,f6ab14eb-1a66-4ea5-8a0f-0afbda444403,70c90d14-bb50-489a-92d3-e57df6ae6876,c8941033-41ed-457d-9871-8e8ade9d01ee,form,urn:adsk.wipprod:dm.lineage:GU1DRUhUQ_W9rJ2hJ0FSNA,f,NXBJU9KZRN2LR6EX,NXBJU9KZRN2LR6EX,2025-08-20 13:41:06,2025-08-20 13:41:06
468ea0bc-caec-43d9-951c-06da57cd88f5,bf996092-8d66-408a-8d8e-5065ca3330c2,f6ab14eb-1a66-4ea5-8a0f-0afbda444403,6e158fd2-f36b-4329-86b0-06b0c1a41983,468ea0bc-caec-43d9-951c-06da57cd88f5,form,urn:adsk.wipprod:dm.lineage:YdtjRs1VRuqwpwKcRXBAhw,f,NXBJU9KZRN2LR6EX,NXBJU9KZRN2LR6EX,2025-08-20 13:44:49,2025-08-20 13:44:49
77355afe-f627-45fe-8e1f-cfe8883ac36f,bf996092-8d66-408a-8d8e-5065ca3330c2,f6ab14eb-1a66-4ea5-8a0f-0afbda444403,6e158fd2-f36b-4329-86b0-06b0c1a41983,77355afe-f627-45fe-8e1f-cfe8883ac36f,form,urn:adsk.wipprod:dm.lineage:yjLx4d5nQfaJGWVnzs986g,f,NXBJU9KZRN2LR6EX,NXBJU9KZRN2LR6EX,2025-08-20 13:44:54,2025-08-20 13:44:54
5eefa758-27c0-4da7-9e9e-bc59d27288bc,bf996092-8d66-408a-8d8e-5065ca3330c2,f6ab14eb-1a66-4ea5-8a0f-0afbda444403,83106874-8d32-453e-a465-890aa50a2029,5eefa758-27c0-4da7-9e9e-bc59d27288bc,form,urn:adsk.wipprod:dm.lineage:JJ99tMNkRLmA7V29rDJUzA,f,BFH2KAVSNP5G463F,BFH2KAVSNP5G463F,2025-08-17 04:45:41,2025-08-17 04:45:41
28f4efa1-5b00-4844-9bde-fbd7b2a8e8fc,bf996092-8d66-408a-8d8e-5065ca3330c2,f6ab14eb-1a66-4ea5-8a0f-0afbda444403,83106874-8d32-453e-a465-890aa50a2029,28f4efa1-5b00-4844-9bde-fbd7b2a8e8fc,form,urn:adsk.wipprod:dm.lineage:hsN2rKP9TFuq_gqeZsLGdQ,f,BFH2KAVSNP5G463F,BFH2KAVSNP5G463F,2025-08-17 04:45:48,2025-08-17 04:45:48
0a085e1a-af35-4f2e-8f70-6bdf76d1681a,bf996092-8d66-408a-8d8e-5065ca3330c2,f6ab14eb-1a66-4ea5-8a0f-0afbda444403,d35ca8fc-3073-4c2d-aadf-71b2af205eee,0a085e1a-af35-4f2e-8f70-6bdf76d1681a,form,urn:adsk.wipprod:dm.lineage:oJ0RCmx6T_OlNwhue820wg,f,BFH2KAVSNP5G463F,BFH2KAVSNP5G463F,2025-08-17 04:58:08,2025-08-17 04:58:08
9d166eb5-64c2-4047-a85c-3a43355d4e7e,bf996092-8d66-408a-8d8e-5065ca3330c2,f6ab14eb-1a66-4ea5-8a0f-0afbda444403,d35ca8fc-3073-4c2d-aadf-71b2af205eee,9d166eb5-64c2-4047-a85c-3a43355d4e7e,form,urn:adsk.wipprod:dm.lineage:qZY971bOT4egpn62_iupQA,f,BFH2KAVSNP5G463F,BFH2KAVSNP5G463F,2025-08-17 04:58:12,2025-08-17 04:58:12
f620994a-45a2-45da-8784-c52010f40993,bf996092-8d66-408a-8d8e-5065ca3330c2,f6ab14eb-1a66-4ea5-8a0f-0afbda444403,6355ae93-9b8b-4fcc-b402-6f0be44e4745,f620994a-45a2-45da-8784-c52010f40993,form,urn:adsk.wipprod:dm.lineage:lmOqbgdhSsGhgwnSBcUj7A,f,BFH2KAVSNP5G463F,BFH2KAVSNP5G463F,2025-08-17 05:14:28,2025-08-17 05:14:28
b51d4a5d-c87d-4bb5-8f10-43a990445861,bf996092-8d66-408a-8d8e-5065ca3330c2,f6ab14eb-1a66-4ea5-8a0f-0afbda444403,6355ae93-9b8b-4fcc-b402-6f0be44e4745,b51d4a5d-c87d-4bb5-8f10-43a990445861,form,urn:adsk.wipprod:dm.lineage:eWkCyRQySQaW64hrZkGBGA,f,BFH2KAVSNP5G463F,BFH2KAVSNP5G463F,2025-08-17 05:14:33,2025-08-17 05:14:33
de5e552e-bc06-4777-8ee3-98a8a560e455,bf996092-8d66-408a-8d8e-5065ca3330c2,f6ab14eb-1a66-4ea5-8a0f-0afbda444403,cc061ed4-82f0-4b5c-af1e-2f994c46c0dc,de5e552e-bc06-4777-8ee3-98a8a560e455,form,urn:adsk.wipprod:dm.lineage:r-NTvXPERKa9Cm_4YP-kTg,f,BFH2KAVSNP5G463F,BFH2KAVSNP5G463F,2025-08-17 05:30:38,2025-08-17 05:30:38
36a6bd66-866c-47ac-8462-6d9f3bc6ebcd,bf996092-8d66-408a-8d8e-5065ca3330c2,f6ab14eb-1a66-4ea5-8a0f-0afbda444403,cc061ed4-82f0-4b5c-af1e-2f994c46c0dc,36a6bd66-866c-47ac-8462-6d9f3bc6ebcd,form,urn:adsk.wipprod:dm.lineage:_W1jjCdAQoCHP0bY2jlJQg,f,BFH2KAVSNP5G463F,BFH2KAVSNP5G463F,2025-08-17 05:30:41,2025-08-17 05:30:41
ba1804bd-0475-4d51-bac0-83c60996a323,bf996092-8d66-408a-8d8e-5065ca3330c2,f6ab14eb-1a66-4ea5-8a0f-0afbda444403,3c7b8108-37fc-4b2e-ba5f-c7b57925064e,ba1804bd-0475-4d51-bac0-83c60996a323,form,urn:adsk.wipprod:dm.lineage:ZPs4desGQ8u8Acdda_R-HA,f,BFH2KAVSNP5G463F,BFH2KAVSNP5G463F,2025-08-17 05:46:51,2025-08-17 05:46:51
d2eb1189-32c6-4b1d-9125-2ead6de21334,bf996092-8d66-408a-8d8e-5065ca3330c2,f6ab14eb-1a66-4ea5-8a0f-0afbda444403,3c7b8108-37fc-4b2e-ba5f-c7b57925064e,d2eb1189-32c6-4b1d-9125-2ead6de21334,form,urn:adsk.wipprod:dm.lineage:qytlBWFJTLGPjR5O3vVy8w,f,BFH2KAVSNP5G463F,BFH2KAVSNP5G463F,2025-08-17 05:46:51,2025-08-17 05:46:51
d41d8b3b-9640-44f1-909f-1e266af4725f,bf996092-8d66-408a-8d8e-5065ca3330c2,f6ab14eb-1a66-4ea5-8a0f-0afbda444403,1bfce240-21ca-4b72-9549-856ed7e0a802,d41d8b3b-9640-44f1-909f-1e266af4725f,form,urn:adsk.wipprod:dm.lineage:Lae1fbwYTAOJnQgrunjGyQ,f,BFH2KAVSNP5G463F,BFH2KAVSNP5G463F,2025-08-17 06:00:23,2025-08-17 06:00:23
7e384e4d-f8c4-4cf6-8c04-6e660665b807,bf996092-8d66-408a-8d8e-5065ca3330c2,f6ab14eb-1a66-4ea5-8a0f-0afbda444403,1bfce240-21ca-4b72-9549-856ed7e0a802,7e384e4d-f8c4-4cf6-8c04-6e660665b807,form,urn:adsk.wipprod:dm.lineage:NwdFJkZOQGizDBteJLNFzQ,f,BFH2KAVSNP5G463F,BFH2KAVSNP5G463F,2025-08-17 06:00:28,2025-08-17 06:00:28
dbc89e8a-6052-4571-bc49-88078dd719d6,bf996092-8d66-408a-8d8e-5065ca3330c2,f6ab14eb-1a66-4ea5-8a0f-0afbda444403,8397b02a-bf78-4f54-a650-bce56987565c,dbc89e8a-6052-4571-bc49-88078dd719d6,form,urn:adsk.wipprod:dm.lineage:2E1E5-Y6TAePcn1kCIwLcA,f,BFH2KAVSNP5G463F,BFH2KAVSNP5G463F,2025-08-17 06:14:48,2025-08-17 06:14:48
bd603c5a-f585-469a-9283-2e16582a2b30,bf996092-8d66-408a-8d8e-5065ca3330c2,f6ab14eb-1a66-4ea5-8a0f-0afbda444403,8397b02a-bf78-4f54-a650-bce56987565c,bd603c5a-f585-469a-9283-2e16582a2b30,form,urn:adsk.wipprod:dm.lineage:RY3o4o5GQxGERQvj1ccaaQ,f,BFH2KAVSNP5G463F,BFH2KAVSNP5G463F,2025-08-17 06:14:54,2025-08-17 06:14:54
24e5bb9e-2336-4d35-98a2-579ae1115b49,bf996092-8d66-408a-8d8e-5065ca3330c2,f6ab14eb-1a66-4ea5-8a0f-0afbda444403,d23fe6a0-5dce-491c-b346-c4e5a850820f,24e5bb9e-2336-4d35-98a2-579ae1115b49,form,urn:adsk.wipprod:dm.lineage:YOsnR_VbT-yK2UfbRmL00A,f,BFH2KAVSNP5G463F,BFH2KAVSNP5G463F,2025-08-17 06:36:54,2025-08-17 06:36:54
11642595-16a6-4005-9e6e-c923f3e5eba9,bf996092-8d66-408a-8d8e-5065ca3330c2,f6ab14eb-1a66-4ea5-8a0f-0afbda444403,d23fe6a0-5dce-491c-b346-c4e5a850820f,11642595-16a6-4005-9e6e-c923f3e5eba9,form,urn:adsk.wipprod:dm.lineage:dGF8gU0eTSulJLQfGdoQjw,f,BFH2KAVSNP5G463F,BFH2KAVSNP5G463F,2025-08-17 06:36:55,2025-08-17 06:36:55
c36ccfee-139a-4614-8e62-ee088a96ddd5,bf996092-8d66-408a-8d8e-5065ca3330c2,f6ab14eb-1a66-4ea5-8a0f-0afbda444403,288ebf5c-ef3d-4d6a-86f4-9cf0a83029fa,c36ccfee-139a-4614-8e62-ee088a96ddd5,form,urn:adsk.wipprod:dm.lineage:OPpe10lxQdmLDe57tsbu4w,f,BFH2KAVSNP5G463F,BFH2KAVSNP5G463F,2025-08-17 06:47:11,2025-08-17 06:47:11
740b9de5-974f-4003-ab34-9313dc4a3881,bf996092-8d66-408a-8d8e-5065ca3330c2,f6ab14eb-1a66-4ea5-8a0f-0afbda444403,288ebf5c-ef3d-4d6a-86f4-9cf0a83029fa,740b9de5-974f-4003-ab34-9313dc4a3881,form,urn:adsk.wipprod:dm.lineage:KK81hnSgQtCUWAneCV8LIg,f,BFH2KAVSNP5G463F,BFH2KAVSNP5G463F,2025-08-17 06:47:15,2025-08-17 06:47:15
454db354-8cee-4d9d-bced-9b474fcd7282,bf996092-8d66-408a-8d8e-5065ca3330c2,f6ab14eb-1a66-4ea5-8a0f-0afbda444403,e2330747-abde-4eb3-99b9-46de570a678f,454db354-8cee-4d9d-bced-9b474fcd7282,form,urn:adsk.wipprod:dm.lineage:emESLqSbQnWcJ2nUVVJeVA,f,BFH2KAVSNP5G463F,BFH2KAVSNP5G463F,2025-08-17 06:57:30,2025-08-17 06:57:30
dc28ba31-f7a0-4e78-90f3-42a4958b6b74,bf996092-8d66-408a-8d8e-5065ca3330c2,f6ab14eb-1a66-4ea5-8a0f-0afbda444403,e2330747-abde-4eb3-99b9-46de570a678f,dc28ba31-f7a0-4e78-90f3-42a4958b6b74,form,urn:adsk.wipprod:dm.lineage:Dq0GCOm-S6eOgDxDVScWPQ,f,BFH2KAVSNP5G463F,BFH2KAVSNP5G463F,2025-08-17 06:57:37,2025-08-17 06:57:37
737d00c4-0c3f-4f91-8a25-372dd07439af,bf996092-8d66-408a-8d8e-5065ca3330c2,f6ab14eb-1a66-4ea5-8a0f-0afbda444403,3dc3297a-8951-4918-a646-a62c6515ddab,737d00c4-0c3f-4f91-8a25-372dd07439af,form,urn:adsk.wipprod:dm.lineage:jmFgdYsySSGU1BdAIa_5VQ,f,BFH2KAVSNP5G463F,BFH2KAVSNP5G463F,2025-08-17 07:09:50,2025-08-17 07:09:50
eb4a76de-ab02-4c9e-9200-6f90d8615d2f,bf996092-8d66-408a-8d8e-5065ca3330c2,f6ab14eb-1a66-4ea5-8a0f-0afbda444403,3dc3297a-8951-4918-a646-a62c6515ddab,eb4a76de-ab02-4c9e-9200-6f90d8615d2f,form,urn:adsk.wipprod:dm.lineage:g4oKtKunQ2CGPVVmYSIgLw,f,BFH2KAVSNP5G463F,BFH2KAVSNP5G463F,2025-08-17 07:09:50,2025-08-17 07:09:50
d9880031-645b-4911-81ed-07419e0b842d,bf996092-8d66-408a-8d8e-5065ca3330c2,f6ab14eb-1a66-4ea5-8a0f-0afbda444403,0381e96e-4121-4313-b9e2-c610bca18a3b,d9880031-645b-4911-81ed-07419e0b842d,form,urn:adsk.wipprod:dm.lineage:7jcfajQpThCjklz9pXyXwg,f,BFH2KAVSNP5G463F,BFH2KAVSNP5G463F,2025-08-17 07:21:00,2025-08-17 07:21:00
63ae9ee6-7672-4722-807a-202d8b5ea1ff,bf996092-8d66-408a-8d8e-5065ca3330c2,f6ab14eb-1a66-4ea5-8a0f-0afbda444403,0381e96e-4121-4313-b9e2-c610bca18a3b,63ae9ee6-7672-4722-807a-202d8b5ea1ff,form,urn:adsk.wipprod:dm.lineage:HlCfFFrnQ063Hf6g-J-0wg,f,BFH2KAVSNP5G463F,BFH2KAVSNP5G463F,2025-08-17 07:21:04,2025-08-17 07:21:04
48a8a5d5-7a04-479a-82b1-bcec4d8d0ac4,bf996092-8d66-408a-8d8e-5065ca3330c2,f6ab14eb-1a66-4ea5-8a0f-0afbda444403,30d44698-7884-4290-a03c-19a945cb4a66,48a8a5d5-7a04-479a-82b1-bcec4d8d0ac4,form,urn:adsk.wipprod:dm.lineage:ITwEWsNJRKusIfmj1IPE2w,f,BFH2KAVSNP5G463F,BFH2KAVSNP5G463F,2025-08-17 09:30:41,2025-08-17 09:30:41
6778f08b-ecaf-42ca-8ead-323e41702cdc,bf996092-8d66-408a-8d8e-5065ca3330c2,f6ab14eb-1a66-4ea5-8a0f-0afbda444403,30d44698-7884-4290-a03c-19a945cb4a66,6778f08b-ecaf-42ca-8ead-323e41702cdc,form,urn:adsk.wipprod:dm.lineage:To_3I97lSVC5vSkniSFAqQ,f,BFH2KAVSNP5G463F,BFH2KAVSNP5G463F,2025-08-17 09:30:41,2025-08-17 09:30:41
216f2717-80fe-43dd-bf16-521f78fd5c6a,bf996092-8d66-408a-8d8e-5065ca3330c2,f6ab14eb-1a66-4ea5-8a0f-0afbda444403,0dfaee83-c23c-46c3-a2b3-939469f35611,216f2717-80fe-43dd-bf16-521f78fd5c6a,form,urn:adsk.wipprod:dm.lineage:JFzMH_iQQHihwgJ7dbftsw,f,BFH2KAVSNP5G463F,BFH2KAVSNP5G463F,2025-08-17 09:42:34,2025-08-17 09:42:34
11438669-4f85-4265-920f-3857a0348945,bf996092-8d66-408a-8d8e-5065ca3330c2,f6ab14eb-1a66-4ea5-8a0f-0afbda444403,0dfaee83-c23c-46c3-a2b3-939469f35611,11438669-4f85-4265-920f-3857a0348945,form,urn:adsk.wipprod:dm.lineage:S--RPXRbQ3iMV_ZMDPpGgw,f,BFH2KAVSNP5G463F,BFH2KAVSNP5G463F,2025-08-17 09:42:34,2025-08-17 09:42:34
5d8ade91-c787-4c37-b724-b84605b55b76,bf996092-8d66-408a-8d8e-5065ca3330c2,f6ab14eb-1a66-4ea5-8a0f-0afbda444403,19322913-ec19-4860-9153-4b7cea724fb6,5d8ade91-c787-4c37-b724-b84605b55b76,form,urn:adsk.wipprod:dm.lineage:fKJWJYBPS5GCRcOUs370SA,f,BFH2KAVSNP5G463F,BFH2KAVSNP5G463F,2025-08-17 09:51:16,2025-08-17 09:51:16
7c9896a1-6fb6-4246-9c08-f87acbc1771b,bf996092-8d66-408a-8d8e-5065ca3330c2,f6ab14eb-1a66-4ea5-8a0f-0afbda444403,19322913-ec19-4860-9153-4b7cea724fb6,7c9896a1-6fb6-4246-9c08-f87acbc1771b,form,urn:adsk.wipprod:dm.lineage:UEi1wMNWScii99nsAltcDQ,f,BFH2KAVSNP5G463F,BFH2KAVSNP5G463F,2025-08-17 09:51:16,2025-08-17 09:51:16
9a104e12-7933-43d4-849b-a90779788369,bf996092-8d66-408a-8d8e-5065ca3330c2,f6ab14eb-1a66-4ea5-8a0f-0afbda444403,e28b345e-850e-4051-9268-cd328414e00f,9a104e12-7933-43d4-849b-a90779788369,form,urn:adsk.wipprod:dm.lineage:D67AqcFlSny2U3G0KDCf6A,f,BFH2KAVSNP5G463F,BFH2KAVSNP5G463F,2025-08-24 03:50:13,2025-08-24 03:50:13
6e1d3096-6392-4777-b1a6-757fa3c26500,bf996092-8d66-408a-8d8e-5065ca3330c2,f6ab14eb-1a66-4ea5-8a0f-0afbda444403,e28b345e-850e-4051-9268-cd328414e00f,6e1d3096-6392-4777-b1a6-757fa3c26500,form,urn:adsk.wipprod:dm.lineage:3COFJ6nOQDugBvREhM6bBg,f,BFH2KAVSNP5G463F,BFH2KAVSNP5G463F,2025-08-24 03:50:19,2025-08-24 03:50:19
0cb6b2bd-dfc3-4c91-bbf7-39c63231019e,bf996092-8d66-408a-8d8e-5065ca3330c2,f6ab14eb-1a66-4ea5-8a0f-0afbda444403,0577540b-0ef3-4508-b65c-382d68dbf8da,0cb6b2bd-dfc3-4c91-bbf7-39c63231019e,form,urn:adsk.wipprod:dm.lineage:VyTooVMPTEmIghlxSk0D8Q,f,BFH2KAVSNP5G463F,BFH2KAVSNP5G463F,2025-08-24 04:01:24,2025-08-24 04:01:24
544e0832-72a6-4cea-8109-9f0559f54f6b,bf996092-8d66-408a-8d8e-5065ca3330c2,f6ab14eb-1a66-4ea5-8a0f-0afbda444403,0577540b-0ef3-4508-b65c-382d68dbf8da,544e0832-72a6-4cea-8109-9f0559f54f6b,form,urn:adsk.wipprod:dm.lineage:IDll2JoPRgaYNlBSaoeVqw,t,BFH2KAVSNP5G463F,BFH2KAVSNP5G463F,2025-08-24 04:01:16,2025-08-24 04:01:37
b51659f3-a53e-4102-8eb3-8f8433994e55,bf996092-8d66-408a-8d8e-5065ca3330c2,f6ab14eb-1a66-4ea5-8a0f-0afbda444403,36527186-bb00-4060-9f35-7af5f28ab776,b51659f3-a53e-4102-8eb3-8f8433994e55,form,urn:adsk.wipprod:dm.lineage:s1CatbJzRNadkRyAdkqX2w,f,BFH2KAVSNP5G463F,BFH2KAVSNP5G463F,2025-08-24 04:13:10,2025-08-24 04:13:10
f5358b61-d9ad-4b11-9650-6971a1e04447,bf996092-8d66-408a-8d8e-5065ca3330c2,f6ab14eb-1a66-4ea5-8a0f-0afbda444403,36527186-bb00-4060-9f35-7af5f28ab776,f5358b61-d9ad-4b11-9650-6971a1e04447,form,urn:adsk.wipprod:dm.lineage:cL51T9MnT3KWNE4-Sq1ePw,f,BFH2KAVSNP5G463F,BFH2KAVSNP5G463F,2025-08-24 04:13:15,2025-08-24 04:13:15
d7881f75-e514-4799-aec0-4c99916e6b79,bf996092-8d66-408a-8d8e-5065ca3330c2,f6ab14eb-1a66-4ea5-8a0f-0afbda444403,bdc410f5-337a-4d40-81c9-12617cb20cec,d7881f75-e514-4799-aec0-4c99916e6b79,form,urn:adsk.wipprod:dm.lineage:ej7umktzSQWRKVqIyeF-hQ,f,BFH2KAVSNP5G463F,BFH2KAVSNP5G463F,2025-08-24 04:23:03,2025-08-24 04:23:03
90282ae5-fb6a-40c7-bd66-1808206d6dcb,bf996092-8d66-408a-8d8e-5065ca3330c2,f6ab14eb-1a66-4ea5-8a0f-0afbda444403,57c9dd76-2e23-4cfd-a239-4a7e3df014ff,90282ae5-fb6a-40c7-bd66-1808206d6dcb,form,urn:adsk.wipprod:dm.lineage:z7kXENInSOi4par93szG5w,f,BFH2KAVSNP5G463F,BFH2KAVSNP5G463F,2025-08-24 04:33:31,2025-08-24 04:33:31
2923c1bf-753d-4ffa-8b64-7cdabf6d62e1,bf996092-8d66-408a-8d8e-5065ca3330c2,f6ab14eb-1a66-4ea5-8a0f-0afbda444403,57c9dd76-2e23-4cfd-a239-4a7e3df014ff,2923c1bf-753d-4ffa-8b64-7cdabf6d62e1,form,urn:adsk.wipprod:dm.lineage:BTS9u5CfQU6JEOG1GtikrA,t,BFH2KAVSNP5G463F,BFH2KAVSNP5G463F,2025-08-24 04:33:25,2025-08-24 04:33:35
5f27ae65-56e1-4f35-8c76-8dd19b4f3a4f,bf996092-8d66-408a-8d8e-5065ca3330c2,f6ab14eb-1a66-4ea5-8a0f-0afbda444403,00f68d7c-03b8-42c4-99e7-84a10090d4a7,5f27ae65-56e1-4f35-8c76-8dd19b4f3a4f,form,urn:adsk.wipprod:dm.lineage:hdLdLNnNRPqfffjCCOUbEg,f,BFH2KAVSNP5G463F,BFH2KAVSNP5G463F,2025-08-24 04:46:59,2025-08-24 04:46:59
a59de98b-9f00-4e17-bb45-fa8a72b5ce6d,bf996092-8d66-408a-8d8e-5065ca3330c2,f6ab14eb-1a66-4ea5-8a0f-0afbda444403,dcb78487-77fc-4ed2-b750-ca18ab1cc7a1,a59de98b-9f00-4e17-bb45-fa8a72b5ce6d,form,urn:adsk.wipprod:dm.lineage:JtSxGGyXQSq7StxAx9nnig,f,BFH2KAVSNP5G463F,BFH2KAVSNP5G463F,2025-08-24 05:01:19,2025-08-24 05:01:19
280e9e95-d228-44d9-8224-f138f26c1531,bf996092-8d66-408a-8d8e-5065ca3330c2,f6ab14eb-1a66-4ea5-8a0f-0afbda444403,dcb78487-77fc-4ed2-b750-ca18ab1cc7a1,280e9e95-d228-44d9-8224-f138f26c1531,form,urn:adsk.wipprod:dm.lineage:pUyRnJoGQsuQ3Abq--9H9A,f,BFH2KAVSNP5G463F,BFH2KAVSNP5G463F,2025-08-24 05:01:22,2025-08-24 05:01:22
23cea1b5-6845-4038-a4cb-ff56b05dd9d8,bf996092-8d66-408a-8d8e-5065ca3330c2,f6ab14eb-1a66-4ea5-8a0f-0afbda444403,e0807623-1eba-43cf-9a38-362c383f256c,23cea1b5-6845-4038-a4cb-ff56b05dd9d8,form,urn:adsk.wipprod:dm.lineage:k-xpRgtxRF2ikjvBFWEpdg,f,BFH2KAVSNP5G463F,BFH2KAVSNP5G463F,2025-08-24 05:14:57,2025-08-24 05:14:57
a6601413-2756-4b16-b4b7-595f9fdef209,bf996092-8d66-408a-8d8e-5065ca3330c2,f6ab14eb-1a66-4ea5-8a0f-0afbda444403,e0807623-1eba-43cf-9a38-362c383f256c,a6601413-2756-4b16-b4b7-595f9fdef209,form,urn:adsk.wipprod:dm.lineage:2uMkonKrSIu940xsl1WAcQ,f,BFH2KAVSNP5G463F,BFH2KAVSNP5G463F,2025-08-24 05:14:58,2025-08-24 05:14:58
5e8ae5b5-079a-4e4b-98c6-1b1a86a9f1eb,bf996092-8d66-408a-8d8e-5065ca3330c2,f6ab14eb-1a66-4ea5-8a0f-0afbda444403,e0807623-1eba-43cf-9a38-362c383f256c,5e8ae5b5-079a-4e4b-98c6-1b1a86a9f1eb,form,urn:adsk.wipprod:dm.lineage:UhYR3Av4TQmlSh181dRhLQ,t,BFH2KAVSNP5G463F,BFH2KAVSNP5G463F,2025-08-24 05:14:58,2025-08-24 05:15:17
f126b281-9738-4730-93da-187f428f871c,bf996092-8d66-408a-8d8e-5065ca3330c2,f679f4cf-c089-4a2b-9b84-b14129630601,ae4d89d8-92dd-4e07-b9a9-091dbcd328ab,f126b281-9738-4730-93da-187f428f871c,form,urn:adsk.wipprod:dm.lineage:AZCHjiYZR2uSHHgmOeTKYQ,f,3TSJN3BRN9YVX2DX,3TSJN3BRN9YVX2DX,2025-08-26 11:48:11,2025-08-26 11:48:11
a685dd1b-8d90-4a9d-b0e8-821b8dcb4118,bf996092-8d66-408a-8d8e-5065ca3330c2,f6ab14eb-1a66-4ea5-8a0f-0afbda444403,12c0e292-38b2-4795-9665-f5d15e0a12d4,a685dd1b-8d90-4a9d-b0e8-821b8dcb4118,form,urn:adsk.wipprod:dm.lineage:4vNvgp3lT_2fftY_ARV5nw,f,BFH2KAVSNP5G463F,BFH2KAVSNP5G463F,2025-08-26 12:30:10,2025-08-26 12:30:10
e4e507e2-d31f-451f-8870-7e2744ea617c,bf996092-8d66-408a-8d8e-5065ca3330c2,f6ab14eb-1a66-4ea5-8a0f-0afbda444403,eb2d4a4e-ff10-4500-ab4f-569f1a594341,e4e507e2-d31f-451f-8870-7e2744ea617c,form,urn:adsk.wipprod:dm.lineage:PCZr1icxSiiCGNzBXUgCCA,f,BFH2KAVSNP5G463F,BFH2KAVSNP5G463F,2025-07-29 12:32:54,2025-07-29 12:32:54
84dc343d-f0fe-4ae1-80a2-03ac29ca3faf,bf996092-8d66-408a-8d8e-5065ca3330c2,f6ab14eb-1a66-4ea5-8a0f-0afbda444403,eb2d4a4e-ff10-4500-ab4f-569f1a594341,84dc343d-f0fe-4ae1-80a2-03ac29ca3faf,form,urn:adsk.wipprod:dm.lineage:AymRtr1PSvia4_YB-_dvcg,f,BFH2KAVSNP5G463F,BFH2KAVSNP5G463F,2025-07-29 12:32:54,2025-07-29 12:32:54
671b7913-fbad-4ad4-9f32-2908a34b0e85,bf996092-8d66-408a-8d8e-5065ca3330c2,f6ab14eb-1a66-4ea5-8a0f-0afbda444403,3263b0bd-1e01-4500-9db8-e1079de74d95,671b7913-fbad-4ad4-9f32-2908a34b0e85,form,urn:adsk.wipprod:dm.lineage:2Q3MlCuPTZazVZJclG-OmQ,f,NXBJU9KZRN2LR6EX,NXBJU9KZRN2LR6EX,2025-07-29 12:32:57,2025-07-29 12:32:57
aaf3b7e8-3547-42e9-bb09-8dd9fa8346ad,bf996092-8d66-408a-8d8e-5065ca3330c2,f6ab14eb-1a66-4ea5-8a0f-0afbda444403,3263b0bd-1e01-4500-9db8-e1079de74d95,aaf3b7e8-3547-42e9-bb09-8dd9fa8346ad,form,urn:adsk.wipprod:dm.lineage:Xzi_bHxDT8qhNSeZG-QKvQ,f,NXBJU9KZRN2LR6EX,NXBJU9KZRN2LR6EX,2025-07-29 12:33:00,2025-07-29 12:33:00
ba425abd-d020-4f7f-9b54-87c04ac65561,bf996092-8d66-408a-8d8e-5065ca3330c2,f6ab14eb-1a66-4ea5-8a0f-0afbda444403,97b07529-8706-4839-8a20-4b3b193faf13,ba425abd-d020-4f7f-9b54-87c04ac65561,form,urn:adsk.wipprod:dm.lineage:3LZ04Nj3SIKy6EbNok_k5w,f,NXBJU9KZRN2LR6EX,NXBJU9KZRN2LR6EX,2025-07-29 12:36:25,2025-07-29 12:36:25
6af10abb-825a-4044-bcd8-0c8aae0f8a55,bf996092-8d66-408a-8d8e-5065ca3330c2,f6ab14eb-1a66-4ea5-8a0f-0afbda444403,97b07529-8706-4839-8a20-4b3b193faf13,6af10abb-825a-4044-bcd8-0c8aae0f8a55,form,urn:adsk.wipprod:dm.lineage:q4BHPqOHQGqt764PV_xMBA,f,NXBJU9KZRN2LR6EX,NXBJU9KZRN2LR6EX,2025-07-29 12:36:28,2025-07-29 12:36:28
87ae8675-00d1-4575-b8da-42ba1a385c9e,bf996092-8d66-408a-8d8e-5065ca3330c2,f6ab14eb-1a66-4ea5-8a0f-0afbda444403,3856da91-a2bb-4a63-afa1-22c8a5a043f9,87ae8675-00d1-4575-b8da-42ba1a385c9e,form,urn:adsk.wipprod:dm.lineage:oBKT6OOKQ0O1jGaFPFDZZA,f,NXBJU9KZRN2LR6EX,NXBJU9KZRN2LR6EX,2025-08-04 09:16:46,2025-08-04 09:16:46
33299743-fd3a-40ae-86a1-47ee78e2c5f1,bf996092-8d66-408a-8d8e-5065ca3330c2,f6ab14eb-1a66-4ea5-8a0f-0afbda444403,3856da91-a2bb-4a63-afa1-22c8a5a043f9,33299743-fd3a-40ae-86a1-47ee78e2c5f1,form,urn:adsk.wipprod:dm.lineage:JBwwwyYJTGyDICUBtznurg,f,NXBJU9KZRN2LR6EX,NXBJU9KZRN2LR6EX,2025-08-04 09:16:51,2025-08-04 09:16:51
ab15d5a7-8fd8-4483-974a-a2549069d066,bf996092-8d66-408a-8d8e-5065ca3330c2,f6ab14eb-1a66-4ea5-8a0f-0afbda444403,03fbf1e4-80eb-4166-b3c7-11c6e06f1acf,ab15d5a7-8fd8-4483-974a-a2549069d066,form,urn:adsk.wipprod:dm.lineage:s7tT-ZnVSO-LS6uPhhhwfA,f,NXBJU9KZRN2LR6EX,NXBJU9KZRN2LR6EX,2025-08-04 09:25:06,2025-08-04 09:25:06
73c6ce17-d7df-49ec-8ed9-0719f620a8fa,bf996092-8d66-408a-8d8e-5065ca3330c2,f6ab14eb-1a66-4ea5-8a0f-0afbda444403,03fbf1e4-80eb-4166-b3c7-11c6e06f1acf,73c6ce17-d7df-49ec-8ed9-0719f620a8fa,form,urn:adsk.wipprod:dm.lineage:ej0bvKAITZ2TCZZ1nRlVRg,f,NXBJU9KZRN2LR6EX,NXBJU9KZRN2LR6EX,2025-08-04 09:25:18,2025-08-04 09:25:18
93d4b51c-32e0-4fc2-8be7-6bb5f2222dd1,bf996092-8d66-408a-8d8e-5065ca3330c2,f6ab14eb-1a66-4ea5-8a0f-0afbda444403,15501360-14ec-47f9-9f56-689164c1b4e7,93d4b51c-32e0-4fc2-8be7-6bb5f2222dd1,form,urn:adsk.wipprod:dm.lineage:KEvsNYYCS-2hDf5A458tDg,f,NXBJU9KZRN2LR6EX,NXBJU9KZRN2LR6EX,2025-08-04 09:32:52,2025-08-04 09:32:52
084e13ad-1520-4f69-ba08-a99859fad4fa,bf996092-8d66-408a-8d8e-5065ca3330c2,f6ab14eb-1a66-4ea5-8a0f-0afbda444403,15501360-14ec-47f9-9f56-689164c1b4e7,084e13ad-1520-4f69-ba08-a99859fad4fa,form,urn:adsk.wipprod:dm.lineage:_bRd1jEhTVOfgxET9UWSFQ,f,NXBJU9KZRN2LR6EX,NXBJU9KZRN2LR6EX,2025-08-04 09:32:59,2025-08-04 09:32:59
56be7925-2262-4128-96cd-2ea1884d91ed,bf996092-8d66-408a-8d8e-5065ca3330c2,f6ab14eb-1a66-4ea5-8a0f-0afbda444403,d3d90218-e70a-49c2-9b82-6df52e42db5b,56be7925-2262-4128-96cd-2ea1884d91ed,form,urn:adsk.wipprod:dm.lineage:27MjkKYPRs2GsGRZ6vIUVA,f,NXBJU9KZRN2LR6EX,NXBJU9KZRN2LR6EX,2025-08-04 09:46:01,2025-08-04 09:46:01
c48c9df6-0ba9-4641-b61d-c7ca493ade7e,bf996092-8d66-408a-8d8e-5065ca3330c2,f6ab14eb-1a66-4ea5-8a0f-0afbda444403,d3d90218-e70a-49c2-9b82-6df52e42db5b,c48c9df6-0ba9-4641-b61d-c7ca493ade7e,form,urn:adsk.wipprod:dm.lineage:8UCJbG1-Sx-ICXx-CuSPNw,f,NXBJU9KZRN2LR6EX,NXBJU9KZRN2LR6EX,2025-08-04 09:46:01,2025-08-04 09:46:01
961e5271-300a-42dc-8b2a-5113198d3406,bf996092-8d66-408a-8d8e-5065ca3330c2,f6ab14eb-1a66-4ea5-8a0f-0afbda444403,26f78f63-fcd2-4b40-badf-95d2e923d821,961e5271-300a-42dc-8b2a-5113198d3406,form,urn:adsk.wipprod:dm.lineage:C52kqS81RzK56mV4Qq-WBA,f,NXBJU9KZRN2LR6EX,NXBJU9KZRN2LR6EX,2025-08-04 09:51:46,2025-08-04 09:51:46
6857d246-5b99-4a31-a50f-9e4ae5b6800c,bf996092-8d66-408a-8d8e-5065ca3330c2,f6ab14eb-1a66-4ea5-8a0f-0afbda444403,26f78f63-fcd2-4b40-badf-95d2e923d821,6857d246-5b99-4a31-a50f-9e4ae5b6800c,form,urn:adsk.wipprod:dm.lineage:c8RcHtQBQYiqkz3X_IWDVw,f,NXBJU9KZRN2LR6EX,NXBJU9KZRN2LR6EX,2025-08-04 09:52:16,2025-08-04 09:52:16
961f8d47-d6f7-43a4-9741-39762ad0ce67,bf996092-8d66-408a-8d8e-5065ca3330c2,f6ab14eb-1a66-4ea5-8a0f-0afbda444403,3af9ac01-b9d6-4b50-ac39-36bafc7d1012,961f8d47-d6f7-43a4-9741-39762ad0ce67,form,urn:adsk.wipprod:dm.lineage:5RWMGlitRXq2QzAP0PLCXw,f,NXBJU9KZRN2LR6EX,NXBJU9KZRN2LR6EX,2025-08-04 09:56:21,2025-08-04 09:56:21
00f0ed61-8a68-46b2-83e5-ef45e5bd44af,bf996092-8d66-408a-8d8e-5065ca3330c2,f6ab14eb-1a66-4ea5-8a0f-0afbda444403,3af9ac01-b9d6-4b50-ac39-36bafc7d1012,00f0ed61-8a68-46b2-83e5-ef45e5bd44af,form,urn:adsk.wipprod:dm.lineage:B1bH_UQCRcG6Gm9Cp0OSXw,f,NXBJU9KZRN2LR6EX,NXBJU9KZRN2LR6EX,2025-08-04 09:56:25,2025-08-04 09:56:25
61c83905-b5df-4961-911f-ad40787755ba,bf996092-8d66-408a-8d8e-5065ca3330c2,f6ab14eb-1a66-4ea5-8a0f-0afbda444403,628e370e-c7ca-4113-994b-f7dd5f7ffcf7,61c83905-b5df-4961-911f-ad40787755ba,form,urn:adsk.wipprod:dm.lineage:d70ZqW1_QL6K8wGe25-6Lg,f,NXBJU9KZRN2LR6EX,NXBJU9KZRN2LR6EX,2025-08-04 10:00:53,2025-08-04 10:00:53
46886057-5a0d-4286-9e36-0e8c1601738d,bf996092-8d66-408a-8d8e-5065ca3330c2,f6ab14eb-1a66-4ea5-8a0f-0afbda444403,628e370e-c7ca-4113-994b-f7dd5f7ffcf7,46886057-5a0d-4286-9e36-0e8c1601738d,form,urn:adsk.wipprod:dm.lineage:GqJ-cOwNQt22kltTuMxvDQ,f,NXBJU9KZRN2LR6EX,NXBJU9KZRN2LR6EX,2025-08-04 10:00:59,2025-08-04 10:00:59
3133c191-4fa5-430d-9a45-95edafd3d59f,bf996092-8d66-408a-8d8e-5065ca3330c2,f6ab14eb-1a66-4ea5-8a0f-0afbda444403,fc329d4b-2e87-4b8b-865e-86e222eb2dcc,3133c191-4fa5-430d-9a45-95edafd3d59f,form,urn:adsk.wipprod:dm.lineage:nqNOzaeXRNuEoRcMc4k4tA,f,NXBJU9KZRN2LR6EX,NXBJU9KZRN2LR6EX,2025-08-19 11:35:12,2025-08-19 11:35:12
93d05a97-bf6f-481e-af7d-f8824c390af7,bf996092-8d66-408a-8d8e-5065ca3330c2,f6ab14eb-1a66-4ea5-8a0f-0afbda444403,fc329d4b-2e87-4b8b-865e-86e222eb2dcc,93d05a97-bf6f-481e-af7d-f8824c390af7,form,urn:adsk.wipprod:dm.lineage:JhLWqHfsSg2sEsmtKBGATA,f,NXBJU9KZRN2LR6EX,NXBJU9KZRN2LR6EX,2025-08-19 11:35:20,2025-08-19 11:35:20
8cefa677-7ff1-4a92-8d03-e3bf88cb7cda,bf996092-8d66-408a-8d8e-5065ca3330c2,f6ab14eb-1a66-4ea5-8a0f-0afbda444403,a8456f52-6ea0-415f-a76b-9ca948297e8f,8cefa677-7ff1-4a92-8d03-e3bf88cb7cda,form,urn:adsk.wipprod:dm.lineage:fbpBg1-pSLWQ6BuwOYtqEw,f,NXBJU9KZRN2LR6EX,NXBJU9KZRN2LR6EX,2025-08-12 09:20:14,2025-08-12 09:20:14
60d9edf6-5ed1-428f-a64c-b68cd45254a2,bf996092-8d66-408a-8d8e-5065ca3330c2,f6ab14eb-1a66-4ea5-8a0f-0afbda444403,a8456f52-6ea0-415f-a76b-9ca948297e8f,60d9edf6-5ed1-428f-a64c-b68cd45254a2,form,urn:adsk.wipprod:dm.lineage:miOVtkPQTvaaPvbyJoJhiQ,f,NXBJU9KZRN2LR6EX,NXBJU9KZRN2LR6EX,2025-08-12 09:20:15,2025-08-12 09:20:15
d7bdac00-dfb6-4dd5-91c0-8135f7bb325c,bf996092-8d66-408a-8d8e-5065ca3330c2,f6ab14eb-1a66-4ea5-8a0f-0afbda444403,a9e8b3f8-0295-4892-b845-cbcb8fba7578,d7bdac00-dfb6-4dd5-91c0-8135f7bb325c,form,urn:adsk.wipprod:dm.lineage:z1llZrpPR7-oVVzZ8-qB3w,f,BFH2KAVSNP5G463F,BFH2KAVSNP5G463F,2025-08-06 13:53:04,2025-08-06 13:53:04
95ac7bd0-9707-4f47-ac92-acabb22c126e,bf996092-8d66-408a-8d8e-5065ca3330c2,f6ab14eb-1a66-4ea5-8a0f-0afbda444403,bb124679-75e5-4b33-94a8-9afb424bafb6,95ac7bd0-9707-4f47-ac92-acabb22c126e,form,urn:adsk.wipprod:dm.lineage:mUxYOUoxQV2q44q5KXpOVA,f,NXBJU9KZRN2LR6EX,NXBJU9KZRN2LR6EX,2025-08-20 09:52:46,2025-08-20 09:52:46
614e8b43-0031-4616-8ac1-1a85c1da2582,bf996092-8d66-408a-8d8e-5065ca3330c2,f6ab14eb-1a66-4ea5-8a0f-0afbda444403,bb124679-75e5-4b33-94a8-9afb424bafb6,614e8b43-0031-4616-8ac1-1a85c1da2582,form,urn:adsk.wipprod:dm.lineage:4dKkTo8DQM6_c4fp4EALOg,f,NXBJU9KZRN2LR6EX,NXBJU9KZRN2LR6EX,2025-08-20 09:52:49,2025-08-20 09:52:49
519dcbe4-c384-411c-b105-129af4cd8344,bf996092-8d66-408a-8d8e-5065ca3330c2,f6ab14eb-1a66-4ea5-8a0f-0afbda444403,79997b86-3f90-47d4-b591-b2588711f1ae,519dcbe4-c384-411c-b105-129af4cd8344,form,urn:adsk.wipprod:dm.lineage:yQoDfN4wTN2VG4e3Dj4frw,f,NXBJU9KZRN2LR6EX,NXBJU9KZRN2LR6EX,2025-08-20 10:05:36,2025-08-20 10:05:36
cb26c339-39c5-43fd-84e1-f31edd6f1788,bf996092-8d66-408a-8d8e-5065ca3330c2,f6ab14eb-1a66-4ea5-8a0f-0afbda444403,79997b86-3f90-47d4-b591-b2588711f1ae,cb26c339-39c5-43fd-84e1-f31edd6f1788,form,urn:adsk.wipprod:dm.lineage:5J0vujdnSJ2dC6WdSCbMjQ,f,NXBJU9KZRN2LR6EX,NXBJU9KZRN2LR6EX,2025-08-20 10:05:39,2025-08-20 10:05:39
fb3d0544-8c8e-449d-aa14-0b5e1892622c,bf996092-8d66-408a-8d8e-5065ca3330c2,f6ab14eb-1a66-4ea5-8a0f-0afbda444403,b1c53e8c-c3c2-4562-93f1-157ef4aa7ce0,fb3d0544-8c8e-449d-aa14-0b5e1892622c,form,urn:adsk.wipprod:dm.lineage:c6DQznufQLCtYxNJO4dWyw,f,NXBJU9KZRN2LR6EX,NXBJU9KZRN2LR6EX,2025-08-20 10:23:36,2025-08-20 10:23:36
54420eeb-1f99-45b4-bbec-f064b27ba47b,bf996092-8d66-408a-8d8e-5065ca3330c2,f6ab14eb-1a66-4ea5-8a0f-0afbda444403,b1c53e8c-c3c2-4562-93f1-157ef4aa7ce0,54420eeb-1f99-45b4-bbec-f064b27ba47b,form,urn:adsk.wipprod:dm.lineage:qVCvpUUaSR6EEWcnvuvdvA,f,NXBJU9KZRN2LR6EX,NXBJU9KZRN2LR6EX,2025-08-20 10:23:39,2025-08-20 10:23:39
f84c9f80-3d9d-4fa3-af2e-aa887ab176fd,bf996092-8d66-408a-8d8e-5065ca3330c2,f6ab14eb-1a66-4ea5-8a0f-0afbda444403,b79d597f-108c-47ff-a7d7-572d7d0c375e,f84c9f80-3d9d-4fa3-af2e-aa887ab176fd,form,urn:adsk.wipprod:dm.lineage:x-wa1OyHT6eDzP8mVVbJYQ,f,NXBJU9KZRN2LR6EX,NXBJU9KZRN2LR6EX,2025-08-20 10:28:49,2025-08-20 10:28:49
970734f0-6551-47fd-a1f2-84e889b6a39b,bf996092-8d66-408a-8d8e-5065ca3330c2,f6ab14eb-1a66-4ea5-8a0f-0afbda444403,b79d597f-108c-47ff-a7d7-572d7d0c375e,970734f0-6551-47fd-a1f2-84e889b6a39b,form,urn:adsk.wipprod:dm.lineage:lKpUbV3tT3SNM5V8TmxqXg,f,NXBJU9KZRN2LR6EX,NXBJU9KZRN2LR6EX,2025-08-20 10:28:54,2025-08-20 10:28:54
6d40aef8-0eec-43d4-a6af-2c55dbc82dc7,bf996092-8d66-408a-8d8e-5065ca3330c2,f6ab14eb-1a66-4ea5-8a0f-0afbda444403,6dd8a77a-7693-4814-81fe-1c1795c2a17b,6d40aef8-0eec-43d4-a6af-2c55dbc82dc7,form,urn:adsk.wipprod:dm.lineage:7nnUFzdFT3e9YQEVC18tFA,f,BFH2KAVSNP5G463F,BFH2KAVSNP5G463F,2025-08-28 12:45:10,2025-08-28 12:45:10
04cc28f1-4d06-40e1-acbc-948e0c429079,bf996092-8d66-408a-8d8e-5065ca3330c2,f6ab14eb-1a66-4ea5-8a0f-0afbda444403,6dd8a77a-7693-4814-81fe-1c1795c2a17b,04cc28f1-4d06-40e1-acbc-948e0c429079,form,urn:adsk.wipprod:dm.lineage:EUpcbnqvRkGzEDLyIVq2Zw,f,BFH2KAVSNP5G463F,BFH2KAVSNP5G463F,2025-08-28 12:45:23,2025-08-28 12:45:23
19e5e0ae-600c-4a5c-85c7-e60ac2665c09,bf996092-8d66-408a-8d8e-5065ca3330c2,f6ab14eb-1a66-4ea5-8a0f-0afbda444403,89e09f6d-84ab-4c4b-b659-9b402b71f7bb,19e5e0ae-600c-4a5c-85c7-e60ac2665c09,form,urn:adsk.wipprod:dm.lineage:orcav3CSRcKlF642bdpH9A,f,BFH2KAVSNP5G463F,BFH2KAVSNP5G463F,2025-08-28 12:45:42,2025-08-28 12:45:42
efb7287f-489c-433f-94a6-1505684c625f,bf996092-8d66-408a-8d8e-5065ca3330c2,f6ab14eb-1a66-4ea5-8a0f-0afbda444403,89e09f6d-84ab-4c4b-b659-9b402b71f7bb,efb7287f-489c-433f-94a6-1505684c625f,form,urn:adsk.wipprod:dm.lineage:7PqQw49uQOyUItk28NvW8Q,f,BFH2KAVSNP5G463F,BFH2KAVSNP5G463F,2025-08-28 12:45:44,2025-08-28 12:45:44
3afa0ca6-8093-4ad8-9681-4ae5d790f2cb,bf996092-8d66-408a-8d8e-5065ca3330c2,f6ab14eb-1a66-4ea5-8a0f-0afbda444403,275cdf87-1c07-47e2-87a5-cda234c24d46,3afa0ca6-8093-4ad8-9681-4ae5d790f2cb,form,urn:adsk.wipprod:dm.lineage:iWikhVQUQb-su5H6WDpUFQ,f,BFH2KAVSNP5G463F,BFH2KAVSNP5G463F,2025-08-28 13:01:00,2025-08-28 13:01:00
790a24a4-ecff-4d8d-b694-21d5c9c1adde,bf996092-8d66-408a-8d8e-5065ca3330c2,f6ab14eb-1a66-4ea5-8a0f-0afbda444403,275cdf87-1c07-47e2-87a5-cda234c24d46,790a24a4-ecff-4d8d-b694-21d5c9c1adde,form,urn:adsk.wipprod:dm.lineage:Dzwk5Ys_QC2VRpFHVKXTcA,f,BFH2KAVSNP5G463F,BFH2KAVSNP5G463F,2025-08-28 13:01:03,2025-08-28 13:01:03
a019c2b8-bae6-4fe4-a31e-38cb41a356be,bf996092-8d66-408a-8d8e-5065ca3330c2,f6ab14eb-1a66-4ea5-8a0f-0afbda444403,1a7b896a-016b-4bed-a046-367b01e34323,a019c2b8-bae6-4fe4-a31e-38cb41a356be,form,urn:adsk.wipprod:dm.lineage:iuNUvx8-TPawjsDzcSbImw,f,BFH2KAVSNP5G463F,BFH2KAVSNP5G463F,2025-08-29 03:28:02,2025-08-29 03:28:02
fb162045-af00-4f19-8fe9-0ab67baeeda8,bf996092-8d66-408a-8d8e-5065ca3330c2,f6ab14eb-1a66-4ea5-8a0f-0afbda444403,1a7b896a-016b-4bed-a046-367b01e34323,fb162045-af00-4f19-8fe9-0ab67baeeda8,form,urn:adsk.wipprod:dm.lineage:ZyCUKkd5TsaXVE-SYqmOCQ,f,BFH2KAVSNP5G463F,BFH2KAVSNP5G463F,2025-08-29 03:28:02,2025-08-29 03:28:02
ef99914f-8e06-4337-acc1-620fe54a8d3e,bf996092-8d66-408a-8d8e-5065ca3330c2,f6ab14eb-1a66-4ea5-8a0f-0afbda444403,085a8640-3acd-4655-a50f-93dfb77a7357,ef99914f-8e06-4337-acc1-620fe54a8d3e,form,urn:adsk.wipprod:dm.lineage:TQc-PDTlR4KFZ7IW3iqZzA,f,BFH2KAVSNP5G463F,BFH2KAVSNP5G463F,2025-08-29 03:32:46,2025-08-29 03:32:46
77c299b6-8505-439f-b23a-4dba23306b49,bf996092-8d66-408a-8d8e-5065ca3330c2,f6ab14eb-1a66-4ea5-8a0f-0afbda444403,085a8640-3acd-4655-a50f-93dfb77a7357,77c299b6-8505-439f-b23a-4dba23306b49,form,urn:adsk.wipprod:dm.lineage:w3MVpTJoTLqlG56bv1V-Tw,f,BFH2KAVSNP5G463F,BFH2KAVSNP5G463F,2025-08-29 03:32:46,2025-08-29 03:32:46
22779f6a-0606-4e25-b34b-1e105772cae7,bf996092-8d66-408a-8d8e-5065ca3330c2,f6ab14eb-1a66-4ea5-8a0f-0afbda444403,96d7ae90-cbf6-4a25-9df5-7e584e822f51,22779f6a-0606-4e25-b34b-1e105772cae7,form,urn:adsk.wipprod:dm.lineage:Qwktzx2lSX2FqrsK-kHvLw,f,BFH2KAVSNP5G463F,BFH2KAVSNP5G463F,2025-08-29 03:57:28,2025-08-29 03:57:28
67ab08f0-5ea3-4e05-bc78-07bfe7da4374,bf996092-8d66-408a-8d8e-5065ca3330c2,f6ab14eb-1a66-4ea5-8a0f-0afbda444403,96d7ae90-cbf6-4a25-9df5-7e584e822f51,67ab08f0-5ea3-4e05-bc78-07bfe7da4374,form,urn:adsk.wipprod:dm.lineage:ZF49H7_FQ_igAAqtVHuiSw,f,BFH2KAVSNP5G463F,BFH2KAVSNP5G463F,2025-08-29 03:57:28,2025-08-29 03:57:28
d85679b2-e042-4ccc-891d-124f374784e8,bf996092-8d66-408a-8d8e-5065ca3330c2,f6ab14eb-1a66-4ea5-8a0f-0afbda444403,79dda63b-7906-4dba-9987-59c47ffe92b8,d85679b2-e042-4ccc-891d-124f374784e8,form,urn:adsk.wipprod:dm.lineage:U5tnWsLKR_uA-b9sbMzoeg,f,NXBJU9KZRN2LR6EX,NXBJU9KZRN2LR6EX,2025-08-22 09:33:37,2025-08-22 09:33:37
807dd480-c505-4019-bfa6-b1b08dc069d9,bf996092-8d66-408a-8d8e-5065ca3330c2,f6ab14eb-1a66-4ea5-8a0f-0afbda444403,79dda63b-7906-4dba-9987-59c47ffe92b8,807dd480-c505-4019-bfa6-b1b08dc069d9,form,urn:adsk.wipprod:dm.lineage:MZV30HNpSw-ma6PNRqwQIA,f,NXBJU9KZRN2LR6EX,NXBJU9KZRN2LR6EX,2025-08-22 09:33:42,2025-08-22 09:33:42
e086a2c7-79fb-4439-8363-196e41e58e6c,bf996092-8d66-408a-8d8e-5065ca3330c2,f6ab14eb-1a66-4ea5-8a0f-0afbda444403,0dfaee83-c23c-46c3-a2b3-939469f35611,e086a2c7-79fb-4439-8363-196e41e58e6c,form,urn:adsk.wipprod:dm.lineage:suvG_YJpRpWzAuWnnoVEpg,f,NXBJU9KZRN2LR6EX,NXBJU9KZRN2LR6EX,2025-08-22 09:43:15,2025-08-22 09:43:15
299569bf-ed3a-457d-a4a9-f851cade7f8b,bf996092-8d66-408a-8d8e-5065ca3330c2,f6ab14eb-1a66-4ea5-8a0f-0afbda444403,0dfaee83-c23c-46c3-a2b3-939469f35611,299569bf-ed3a-457d-a4a9-f851cade7f8b,form,urn:adsk.wipprod:dm.lineage:UHZFx-89SdyFMGNKq9jdAA,f,NXBJU9KZRN2LR6EX,NXBJU9KZRN2LR6EX,2025-08-22 09:43:17,2025-08-22 09:43:17
5c1ee669-05cb-4d59-9f48-d0026892586a,bf996092-8d66-408a-8d8e-5065ca3330c2,f6ab14eb-1a66-4ea5-8a0f-0afbda444403,30d44698-7884-4290-a03c-19a945cb4a66,5c1ee669-05cb-4d59-9f48-d0026892586a,form,urn:adsk.wipprod:dm.lineage:QW0RKlDkS9-2qe0fu6bzBQ,f,NXBJU9KZRN2LR6EX,NXBJU9KZRN2LR6EX,2025-08-22 09:54:03,2025-08-22 09:54:03
7b174ce2-dba8-4705-8c8c-5cafe1e3bc8e,bf996092-8d66-408a-8d8e-5065ca3330c2,f6ab14eb-1a66-4ea5-8a0f-0afbda444403,30d44698-7884-4290-a03c-19a945cb4a66,7b174ce2-dba8-4705-8c8c-5cafe1e3bc8e,form,urn:adsk.wipprod:dm.lineage:7opuEuD-TRG214XifSu3GA,f,NXBJU9KZRN2LR6EX,NXBJU9KZRN2LR6EX,2025-08-22 09:54:07,2025-08-22 09:54:07
a69e2a3d-bf64-46c0-8ad9-77177108d982,bf996092-8d66-408a-8d8e-5065ca3330c2,f6ab14eb-1a66-4ea5-8a0f-0afbda444403,8e513326-b376-4441-808b-7aadd4c03a26,a69e2a3d-bf64-46c0-8ad9-77177108d982,form,urn:adsk.wipprod:dm.lineage:WoGqbEQ5RN6HehemgIcofw,f,NXBJU9KZRN2LR6EX,NXBJU9KZRN2LR6EX,2025-08-22 10:12:22,2025-08-22 10:12:22
feed0875-0cba-432b-888d-5d67eadf412c,bf996092-8d66-408a-8d8e-5065ca3330c2,f6ab14eb-1a66-4ea5-8a0f-0afbda444403,8e513326-b376-4441-808b-7aadd4c03a26,feed0875-0cba-432b-888d-5d67eadf412c,form,urn:adsk.wipprod:dm.lineage:JBdFYjZDQKWDhX7P7pHRuA,f,NXBJU9KZRN2LR6EX,NXBJU9KZRN2LR6EX,2025-08-22 10:12:25,2025-08-22 10:12:25
ba5b6740-f74a-442f-a382-5c88b0d2a4ea,bf996092-8d66-408a-8d8e-5065ca3330c2,f6ab14eb-1a66-4ea5-8a0f-0afbda444403,0381e96e-4121-4313-b9e2-c610bca18a3b,ba5b6740-f74a-442f-a382-5c88b0d2a4ea,form,urn:adsk.wipprod:dm.lineage:YdsaCBRnToqeRRXwW_4JkA,f,NXBJU9KZRN2LR6EX,NXBJU9KZRN2LR6EX,2025-08-22 10:17:56,2025-08-22 10:17:56
d8db1f9c-8062-4a60-a92a-6e445b93f55f,bf996092-8d66-408a-8d8e-5065ca3330c2,f6ab14eb-1a66-4ea5-8a0f-0afbda444403,0381e96e-4121-4313-b9e2-c610bca18a3b,d8db1f9c-8062-4a60-a92a-6e445b93f55f,form,urn:adsk.wipprod:dm.lineage:Vfa_BL9cSwCQnMjFN4Po8A,f,NXBJU9KZRN2LR6EX,NXBJU9KZRN2LR6EX,2025-08-22 10:17:59,2025-08-22 10:17:59
5b971506-9650-44cf-8f1e-aca6fff9531e,bf996092-8d66-408a-8d8e-5065ca3330c2,f6ab14eb-1a66-4ea5-8a0f-0afbda444403,3dc3297a-8951-4918-a646-a62c6515ddab,5b971506-9650-44cf-8f1e-aca6fff9531e,form,urn:adsk.wipprod:dm.lineage:Mu-aqfG1QxqPft4AhOaEWw,f,NXBJU9KZRN2LR6EX,NXBJU9KZRN2LR6EX,2025-08-22 10:35:08,2025-08-22 10:35:08
1d8ee89a-4103-4d8b-aaf7-a7bf10ca0678,bf996092-8d66-408a-8d8e-5065ca3330c2,f6ab14eb-1a66-4ea5-8a0f-0afbda444403,3dc3297a-8951-4918-a646-a62c6515ddab,1d8ee89a-4103-4d8b-aaf7-a7bf10ca0678,form,urn:adsk.wipprod:dm.lineage:k5_BqnFXSbqff8bxQoU3bw,f,NXBJU9KZRN2LR6EX,NXBJU9KZRN2LR6EX,2025-08-22 10:35:13,2025-08-22 10:35:13
e4ee1b58-57ce-4388-9057-b403149acb7e,bf996092-8d66-408a-8d8e-5065ca3330c2,f6ab14eb-1a66-4ea5-8a0f-0afbda444403,e2330747-abde-4eb3-99b9-46de570a678f,e4ee1b58-57ce-4388-9057-b403149acb7e,form,urn:adsk.wipprod:dm.lineage:1lmbc5LUTp2frSs6LEkhHg,f,NXBJU9KZRN2LR6EX,NXBJU9KZRN2LR6EX,2025-08-22 10:42:23,2025-08-22 10:42:23
2a4bbe00-fb69-45b2-9f3e-2a504ed2d464,bf996092-8d66-408a-8d8e-5065ca3330c2,f6ab14eb-1a66-4ea5-8a0f-0afbda444403,e2330747-abde-4eb3-99b9-46de570a678f,2a4bbe00-fb69-45b2-9f3e-2a504ed2d464,form,urn:adsk.wipprod:dm.lineage:206LIwgTRWyoHQPDYCldKA,f,NXBJU9KZRN2LR6EX,NXBJU9KZRN2LR6EX,2025-08-22 10:42:27,2025-08-22 10:42:27
914dd24f-bb51-484f-8383-f7d7bbc8d09c,bf996092-8d66-408a-8d8e-5065ca3330c2,f6ab14eb-1a66-4ea5-8a0f-0afbda444403,288ebf5c-ef3d-4d6a-86f4-9cf0a83029fa,914dd24f-bb51-484f-8383-f7d7bbc8d09c,form,urn:adsk.wipprod:dm.lineage:Ak5bsuEFRFSaHykHx8wNoA,f,NXBJU9KZRN2LR6EX,NXBJU9KZRN2LR6EX,2025-08-22 10:49:35,2025-08-22 10:49:35
1b721d47-0a80-4f5a-8a68-bb7c46a8858a,bf996092-8d66-408a-8d8e-5065ca3330c2,f6ab14eb-1a66-4ea5-8a0f-0afbda444403,288ebf5c-ef3d-4d6a-86f4-9cf0a83029fa,1b721d47-0a80-4f5a-8a68-bb7c46a8858a,form,urn:adsk.wipprod:dm.lineage:E2cFoKZzRheeFMbsDeZ5LA,f,NXBJU9KZRN2LR6EX,NXBJU9KZRN2LR6EX,2025-08-22 10:49:40,2025-08-22 10:49:40
dfc6d405-8a82-48ec-bed4-935f5f460bfb,bf996092-8d66-408a-8d8e-5065ca3330c2,f679f4cf-c089-4a2b-9b84-b14129630601,df1fd03f-1f57-4162-8bfa-caf5a9a59817,dfc6d405-8a82-48ec-bed4-935f5f460bfb,form,urn:adsk.wipprod:dm.lineage:QmbisRcMRfC1lAVBESBjEQ,f,3TSJN3BRN9YVX2DX,3TSJN3BRN9YVX2DX,2025-08-25 09:35:25,2025-08-25 09:35:25
b4920e30-dc7b-4f39-bdfa-55a926bf46a2,bf996092-8d66-408a-8d8e-5065ca3330c2,f679f4cf-c089-4a2b-9b84-b14129630601,09bb92d8-6cb7-4971-9037-77a0f251d3d6,b4920e30-dc7b-4f39-bdfa-55a926bf46a2,form,urn:adsk.wipprod:dm.lineage:8Bq1IaIdRiCvmgCCT7xjzw,f,3TSJN3BRN9YVX2DX,3TSJN3BRN9YVX2DX,2025-08-25 09:46:24,2025-08-25 09:46:24
79443f8e-99ed-49a4-a1fa-836359888a05,bf996092-8d66-408a-8d8e-5065ca3330c2,f679f4cf-c089-4a2b-9b84-b14129630601,f8c8dc42-6d6d-435f-8124-92fa3cecdf48,79443f8e-99ed-49a4-a1fa-836359888a05,form,urn:adsk.wipprod:dm.lineage:r_-4PnXFSaO6u0i3AKFz0Q,f,3TSJN3BRN9YVX2DX,3TSJN3BRN9YVX2DX,2025-08-25 10:06:09,2025-08-25 10:06:09
b6e34903-76b4-47d3-b596-e62561b8c13b,bf996092-8d66-408a-8d8e-5065ca3330c2,f679f4cf-c089-4a2b-9b84-b14129630601,484e7ecd-68aa-4c2a-9e37-a6e811700ad3,b6e34903-76b4-47d3-b596-e62561b8c13b,form,urn:adsk.wipprod:dm.lineage:2IY9pV8TSgiTso9urIi33g,f,3TSJN3BRN9YVX2DX,3TSJN3BRN9YVX2DX,2025-08-25 10:19:37,2025-08-25 10:19:37
0e1ff818-f479-4dad-bb3e-f8696202e0ec,bf996092-8d66-408a-8d8e-5065ca3330c2,f679f4cf-c089-4a2b-9b84-b14129630601,aad318dd-d162-4983-99f5-49cd242c70e2,0e1ff818-f479-4dad-bb3e-f8696202e0ec,form,urn:adsk.wipprod:dm.lineage:7K1OYkskT9OYquTTgd5BDQ,f,3TSJN3BRN9YVX2DX,3TSJN3BRN9YVX2DX,2025-08-25 10:29:16,2025-08-25 10:29:16
eb8fdcc3-fb1d-47bc-a348-0b0ed05ac648,bf996092-8d66-408a-8d8e-5065ca3330c2,f679f4cf-c089-4a2b-9b84-b14129630601,37b8fed2-0c25-420a-8870-c67cdff11050,eb8fdcc3-fb1d-47bc-a348-0b0ed05ac648,form,urn:adsk.wipprod:dm.lineage:DwWZqsa0QimHY9n08Nyu1Q,f,3TSJN3BRN9YVX2DX,3TSJN3BRN9YVX2DX,2025-08-25 10:41:51,2025-08-25 10:41:51
3a962617-6b6e-4f6c-bc2c-4506a0c9d3e2,bf996092-8d66-408a-8d8e-5065ca3330c2,f679f4cf-c089-4a2b-9b84-b14129630601,c7ba4bfa-9c97-421d-9f3e-11ada4599b30,3a962617-6b6e-4f6c-bc2c-4506a0c9d3e2,form,urn:adsk.wipprod:dm.lineage:GwQpitfnQJS3ymvbHD4EXA,f,3TSJN3BRN9YVX2DX,3TSJN3BRN9YVX2DX,2025-08-25 10:58:18,2025-08-25 10:58:18
0e5f9648-8949-4c80-bbf8-875350a89b97,bf996092-8d66-408a-8d8e-5065ca3330c2,f679f4cf-c089-4a2b-9b84-b14129630601,e5c36059-bc1f-4745-90d5-8404b25436bd,0e5f9648-8949-4c80-bbf8-875350a89b97,form,urn:adsk.wipprod:dm.lineage:p9_CH5b2RbS_ckEeEeI6lg,f,3TSJN3BRN9YVX2DX,3TSJN3BRN9YVX2DX,2025-08-25 11:09:27,2025-08-25 11:09:27
790e73df-c323-474d-b0f9-1ebf008316a8,bf996092-8d66-408a-8d8e-5065ca3330c2,f679f4cf-c089-4a2b-9b84-b14129630601,1256c658-dd4d-48b5-a695-027f1f2cfa7b,790e73df-c323-474d-b0f9-1ebf008316a8,form,urn:adsk.wipprod:dm.lineage:Z7dquLX3RMS3LWMWsYVLnA,f,HJQ2F2PVKF9BT95Z,HJQ2F2PVKF9BT95Z,2025-08-25 11:26:07,2025-08-25 11:26:07
ec88fca1-b520-4778-b7e5-1f2ed5136932,bf996092-8d66-408a-8d8e-5065ca3330c2,f679f4cf-c089-4a2b-9b84-b14129630601,0a871339-4538-408f-a84d-110e6c7b208b,ec88fca1-b520-4778-b7e5-1f2ed5136932,form,urn:adsk.wipprod:dm.lineage:ZNlU6JIZRJmx8m5U7pWYrw,f,3TSJN3BRN9YVX2DX,3TSJN3BRN9YVX2DX,2025-08-25 11:27:31,2025-08-25 11:27:31
4402f260-13b7-4018-9e7c-a7ea3bb45874,bf996092-8d66-408a-8d8e-5065ca3330c2,f679f4cf-c089-4a2b-9b84-b14129630601,c53c00f1-3b62-40ac-ae9d-d9a94594f988,4402f260-13b7-4018-9e7c-a7ea3bb45874,form,urn:adsk.wipprod:dm.lineage:bB3Cu-09QxGA8aFWQTa-vw,f,3TSJN3BRN9YVX2DX,3TSJN3BRN9YVX2DX,2025-08-25 12:28:45,2025-08-25 12:28:45
49397bf0-aaf5-42cd-830a-4e8955f0d65e,bf996092-8d66-408a-8d8e-5065ca3330c2,f679f4cf-c089-4a2b-9b84-b14129630601,faf1ba6f-e164-4ec2-b544-b974c01aa448,49397bf0-aaf5-42cd-830a-4e8955f0d65e,form,urn:adsk.wipprod:dm.lineage:B-X8UWRQS6yY_li_oitsoA,f,3TSJN3BRN9YVX2DX,3TSJN3BRN9YVX2DX,2025-08-25 12:48:02,2025-08-25 12:48:02
22517750-acf4-4dcb-a976-338413fcc88f,bf996092-8d66-408a-8d8e-5065ca3330c2,f679f4cf-c089-4a2b-9b84-b14129630601,c8bbad59-9560-4231-a70d-fba7f30a82c3,22517750-acf4-4dcb-a976-338413fcc88f,form,urn:adsk.wipprod:dm.lineage:J_FtD7ZRQfO53CvuWK5BxQ,f,3TSJN3BRN9YVX2DX,3TSJN3BRN9YVX2DX,2025-08-26 04:42:31,2025-08-26 04:42:31
245bddf9-95d9-42eb-947f-8fe7bd8d6ad9,bf996092-8d66-408a-8d8e-5065ca3330c2,f679f4cf-c089-4a2b-9b84-b14129630601,050e9a0e-850f-475b-aeac-46835af34df8,245bddf9-95d9-42eb-947f-8fe7bd8d6ad9,form,urn:adsk.wipprod:dm.lineage:6OH2_kPPRByrKAbhFKqA5w,f,3TSJN3BRN9YVX2DX,3TSJN3BRN9YVX2DX,2025-08-26 05:46:02,2025-08-26 05:46:02
0f154c60-c9bb-4edf-9718-39f8bc4032b5,bf996092-8d66-408a-8d8e-5065ca3330c2,f6ab14eb-1a66-4ea5-8a0f-0afbda444403,ade5e18f-9a02-43fc-a912-e73d6375876d,0f154c60-c9bb-4edf-9718-39f8bc4032b5,form,urn:adsk.wipprod:dm.lineage:gtWleN7gTXe1tgEV1dxaug,f,BFH2KAVSNP5G463F,BFH2KAVSNP5G463F,2025-08-26 07:00:35,2025-08-26 07:00:35
a1cc4a61-5ca4-4b94-a512-74a8b04c3499,bf996092-8d66-408a-8d8e-5065ca3330c2,f6ab14eb-1a66-4ea5-8a0f-0afbda444403,12c0e292-38b2-4795-9665-f5d15e0a12d4,a1cc4a61-5ca4-4b94-a512-74a8b04c3499,form,urn:adsk.wipprod:dm.lineage:YaU9VAFxQ_Se2TGSRM764Q,f,BFH2KAVSNP5G463F,BFH2KAVSNP5G463F,2025-08-26 12:30:10,2025-08-26 12:30:10
c6fd8327-1d2b-4fe9-bdd1-63c244815a9f,bf996092-8d66-408a-8d8e-5065ca3330c2,f679f4cf-c089-4a2b-9b84-b14129630601,be98f3eb-359a-40cb-a30e-6fdce1174498,c6fd8327-1d2b-4fe9-bdd1-63c244815a9f,form,urn:adsk.wipprod:dm.lineage:6r7FiDnDSNK1p9DAKpvjuA,f,3TSJN3BRN9YVX2DX,3TSJN3BRN9YVX2DX,2025-08-26 12:39:45,2025-08-26 12:39:45
15ec5890-3a64-4be1-b132-59de99e456a1,bf996092-8d66-408a-8d8e-5065ca3330c2,f6ab14eb-1a66-4ea5-8a0f-0afbda444403,d97c0a12-e0d5-4ecc-a140-1f3b134bce87,15ec5890-3a64-4be1-b132-59de99e456a1,form,urn:adsk.wipprod:dm.lineage:yjI_ZfuCSiqyhy6sv1HADw,f,BFH2KAVSNP5G463F,BFH2KAVSNP5G463F,2025-08-26 12:42:58,2025-08-26 12:42:58
b04a1164-618d-4915-a636-ce4e0aa9007a,bf996092-8d66-408a-8d8e-5065ca3330c2,f6ab14eb-1a66-4ea5-8a0f-0afbda444403,d97c0a12-e0d5-4ecc-a140-1f3b134bce87,b04a1164-618d-4915-a636-ce4e0aa9007a,form,urn:adsk.wipprod:dm.lineage:V3UmgfDpSFiKL7nQMOc8oA,f,BFH2KAVSNP5G463F,BFH2KAVSNP5G463F,2025-08-26 12:43:03,2025-08-26 12:43:03
2c878cf4-586b-48c2-bd03-e9a9146c7abc,bf996092-8d66-408a-8d8e-5065ca3330c2,f679f4cf-c089-4a2b-9b84-b14129630601,c2e34d58-14db-44f0-9ff7-cad22034bfbb,2c878cf4-586b-48c2-bd03-e9a9146c7abc,form,urn:adsk.wipprod:dm.lineage:4HksZCUYRzG2XzJ8BsOPGw,f,3TSJN3BRN9YVX2DX,3TSJN3BRN9YVX2DX,2025-08-26 12:52:53,2025-08-26 12:52:53
7efe349b-2a27-4ac6-87c8-a80243c6f4f7,bf996092-8d66-408a-8d8e-5065ca3330c2,f679f4cf-c089-4a2b-9b84-b14129630601,c2e34d58-14db-44f0-9ff7-cad22034bfbb,7efe349b-2a27-4ac6-87c8-a80243c6f4f7,form,urn:adsk.wipprod:dm.lineage:XFoOiIovT8Crvegt7sn9EQ,f,3TSJN3BRN9YVX2DX,3TSJN3BRN9YVX2DX,2025-08-26 12:52:59,2025-08-26 12:52:59
65f2f455-3b93-420e-96bd-49127d400470,bf996092-8d66-408a-8d8e-5065ca3330c2,f679f4cf-c089-4a2b-9b84-b14129630601,a2cf81ae-a197-412c-be6e-5b04875f4e33,65f2f455-3b93-420e-96bd-49127d400470,form,urn:adsk.wipprod:dm.lineage:rPeVFwg0RyWqtxt70ZnbmA,t,3TSJN3BRN9YVX2DX,3TSJN3BRN9YVX2DX,2025-08-20 07:27:34,2025-08-20 07:27:44
8c7239d5-e7dc-493e-aa15-a173ee781715,bf996092-8d66-408a-8d8e-5065ca3330c2,f679f4cf-c089-4a2b-9b84-b14129630601,9aaa0bf6-2b34-4d26-a98b-77164c2805cb,8c7239d5-e7dc-493e-aa15-a173ee781715,form,urn:adsk.wipprod:dm.lineage:VGomP4KzRrarUInKt9YyAw,f,3TSJN3BRN9YVX2DX,3TSJN3BRN9YVX2DX,2025-08-20 07:28:26,2025-08-20 07:28:26
00adecc7-cb00-4a3c-bdc7-d09701c278d0,bf996092-8d66-408a-8d8e-5065ca3330c2,f6ab14eb-1a66-4ea5-8a0f-0afbda444403,fc329d4b-2e87-4b8b-865e-86e222eb2dcc,00adecc7-cb00-4a3c-bdc7-d09701c278d0,form,urn:adsk.wipprod:dm.lineage:ubXm_NnDT26GjMLKCe_vxg,f,NXBJU9KZRN2LR6EX,NXBJU9KZRN2LR6EX,2025-08-20 07:28:41,2025-08-20 07:28:41
5475d39f-a731-425f-81da-fdeec4401623,bf996092-8d66-408a-8d8e-5065ca3330c2,f6ab14eb-1a66-4ea5-8a0f-0afbda444403,fc329d4b-2e87-4b8b-865e-86e222eb2dcc,5475d39f-a731-425f-81da-fdeec4401623,form,urn:adsk.wipprod:dm.lineage:j4Rt7_t8Q0SULCgfBC3Zxw,f,NXBJU9KZRN2LR6EX,NXBJU9KZRN2LR6EX,2025-08-20 07:28:44,2025-08-20 07:28:44
ea5f9742-c1eb-4a9c-80a6-bfb409ac8aec,bf996092-8d66-408a-8d8e-5065ca3330c2,f679f4cf-c089-4a2b-9b84-b14129630601,0be10965-e316-4a3a-8b29-33b505249b15,ea5f9742-c1eb-4a9c-80a6-bfb409ac8aec,form,urn:adsk.wipprod:dm.lineage:z9WRMeObTyOsB47LXXz2eQ,f,3TSJN3BRN9YVX2DX,3TSJN3BRN9YVX2DX,2025-08-20 07:31:16,2025-08-20 07:31:16
5056635d-2bd9-4c75-8328-500b1d0a5219,bf996092-8d66-408a-8d8e-5065ca3330c2,f6ab14eb-1a66-4ea5-8a0f-0afbda444403,2e2b5d62-291d-4965-ad37-7000c1991221,5056635d-2bd9-4c75-8328-500b1d0a5219,form,urn:adsk.wipprod:dm.lineage:eBXf7IuXQ5OiF-7TDg9JVw,f,BFH2KAVSNP5G463F,BFH2KAVSNP5G463F,2025-08-28 13:21:34,2025-08-28 13:21:34
07b7b84d-ea86-4740-9175-96c19cd531fa,bf996092-8d66-408a-8d8e-5065ca3330c2,f6ab14eb-1a66-4ea5-8a0f-0afbda444403,2e2b5d62-291d-4965-ad37-7000c1991221,07b7b84d-ea86-4740-9175-96c19cd531fa,form,urn:adsk.wipprod:dm.lineage:5_Iu3FMHQlyVPVBoDH07bQ,f,BFH2KAVSNP5G463F,BFH2KAVSNP5G463F,2025-08-28 13:21:38,2025-08-28 13:21:38
e32b16cd-f333-4860-8a68-8ccaccc78e2b,bf996092-8d66-408a-8d8e-5065ca3330c2,967e785d-d83c-490b-8d6a-2ed926c956ac,3127e6bb-4315-4730-aa76-c3ea11e3ad32,e32b16cd-f333-4860-8a68-8ccaccc78e2b,form,urn:adsk.wipprod:dm.lineage:3d4dxmZ3SvWkKHqSknRINQ,f,KDBLMPH5JM9X,KDBLMPH5JM9X,2025-08-16 05:46:01,2025-08-16 05:46:01
558c4691-f376-418f-aec3-8ad5a61465a7,bf996092-8d66-408a-8d8e-5065ca3330c2,f6ab14eb-1a66-4ea5-8a0f-0afbda444403,bb124679-75e5-4b33-94a8-9afb424bafb6,558c4691-f376-418f-aec3-8ad5a61465a7,form,urn:adsk.wipprod:dm.lineage:0_vTxSLPSLyWMx_V6s7lyQ,f,BFH2KAVSNP5G463F,BFH2KAVSNP5G463F,2025-08-16 07:10:06,2025-08-16 07:10:06
c441add2-c556-43c4-b731-df8cb93a93f7,bf996092-8d66-408a-8d8e-5065ca3330c2,f6ab14eb-1a66-4ea5-8a0f-0afbda444403,bb124679-75e5-4b33-94a8-9afb424bafb6,c441add2-c556-43c4-b731-df8cb93a93f7,form,urn:adsk.wipprod:dm.lineage:6Eo03V2cTgytOvhcqmtgRw,f,BFH2KAVSNP5G463F,BFH2KAVSNP5G463F,2025-08-16 07:10:10,2025-08-16 07:10:10
87eb815a-752a-4bf5-a326-e78b34495e03,bf996092-8d66-408a-8d8e-5065ca3330c2,f6ab14eb-1a66-4ea5-8a0f-0afbda444403,73c6d2fc-00bc-414a-926b-38c8ca2b7bec,87eb815a-752a-4bf5-a326-e78b34495e03,form,urn:adsk.wipprod:dm.lineage:mrp--Yb4RX6nY6uw48KN8A,f,BFH2KAVSNP5G463F,BFH2KAVSNP5G463F,2025-08-16 07:31:34,2025-08-16 07:31:34
13348047-765d-4dfc-a25f-0d17848d7439,bf996092-8d66-408a-8d8e-5065ca3330c2,f6ab14eb-1a66-4ea5-8a0f-0afbda444403,73c6d2fc-00bc-414a-926b-38c8ca2b7bec,13348047-765d-4dfc-a25f-0d17848d7439,form,urn:adsk.wipprod:dm.lineage:AD8XlILbRvmWcZ0b6hEUkA,f,BFH2KAVSNP5G463F,BFH2KAVSNP5G463F,2025-08-16 07:31:37,2025-08-16 07:31:37
21bbfa63-4fbf-47c6-bafd-e68a5047f50c,bf996092-8d66-408a-8d8e-5065ca3330c2,f6ab14eb-1a66-4ea5-8a0f-0afbda444403,fc329d4b-2e87-4b8b-865e-86e222eb2dcc,21bbfa63-4fbf-47c6-bafd-e68a5047f50c,form,urn:adsk.wipprod:dm.lineage:JmMDcm7hSLWoxXF54Cgu_Q,f,BFH2KAVSNP5G463F,BFH2KAVSNP5G463F,2025-08-16 07:43:37,2025-08-16 07:43:37
efb3d641-c2ce-42e0-85a1-3d3e156a6b9e,bf996092-8d66-408a-8d8e-5065ca3330c2,f6ab14eb-1a66-4ea5-8a0f-0afbda444403,fc329d4b-2e87-4b8b-865e-86e222eb2dcc,efb3d641-c2ce-42e0-85a1-3d3e156a6b9e,form,urn:adsk.wipprod:dm.lineage:nJESk_wOStqgQGJ6WTfvrg,f,BFH2KAVSNP5G463F,BFH2KAVSNP5G463F,2025-08-16 07:43:37,2025-08-16 07:43:37
8b340fdd-0b70-445a-b4b2-e85f04794dcc,bf996092-8d66-408a-8d8e-5065ca3330c2,f6ab14eb-1a66-4ea5-8a0f-0afbda444403,79997b86-3f90-47d4-b591-b2588711f1ae,8b340fdd-0b70-445a-b4b2-e85f04794dcc,form,urn:adsk.wipprod:dm.lineage:t0PlHkUlTICKadfWvKh7kA,f,BFH2KAVSNP5G463F,BFH2KAVSNP5G463F,2025-08-16 08:49:04,2025-08-16 08:49:04
641642d8-b3fb-4bcb-9bcb-9238cc5b3977,bf996092-8d66-408a-8d8e-5065ca3330c2,f6ab14eb-1a66-4ea5-8a0f-0afbda444403,79997b86-3f90-47d4-b591-b2588711f1ae,641642d8-b3fb-4bcb-9bcb-9238cc5b3977,form,urn:adsk.wipprod:dm.lineage:k5KYna_ASta86UA7ya9ifQ,f,BFH2KAVSNP5G463F,BFH2KAVSNP5G463F,2025-08-16 08:49:08,2025-08-16 08:49:08
08406139-6141-4ae9-8a46-c150886fc537,bf996092-8d66-408a-8d8e-5065ca3330c2,f6ab14eb-1a66-4ea5-8a0f-0afbda444403,b79d597f-108c-47ff-a7d7-572d7d0c375e,08406139-6141-4ae9-8a46-c150886fc537,form,urn:adsk.wipprod:dm.lineage:yap_9MUnTdugTgIob2A_Gw,f,BFH2KAVSNP5G463F,BFH2KAVSNP5G463F,2025-08-16 09:37:35,2025-08-16 09:37:35
c5c9960d-cf05-4c9f-81cf-0529538f4057,bf996092-8d66-408a-8d8e-5065ca3330c2,f6ab14eb-1a66-4ea5-8a0f-0afbda444403,b79d597f-108c-47ff-a7d7-572d7d0c375e,c5c9960d-cf05-4c9f-81cf-0529538f4057,form,urn:adsk.wipprod:dm.lineage:dqLQlUUISiOT07VzloSMeg,f,BFH2KAVSNP5G463F,BFH2KAVSNP5G463F,2025-08-16 09:37:40,2025-08-16 09:37:40
5d3569a6-893e-4aab-b475-87afe9576fbc,bf996092-8d66-408a-8d8e-5065ca3330c2,f6ab14eb-1a66-4ea5-8a0f-0afbda444403,b1c53e8c-c3c2-4562-93f1-157ef4aa7ce0,5d3569a6-893e-4aab-b475-87afe9576fbc,form,urn:adsk.wipprod:dm.lineage:UyGek9mBRHWssCUpNTqmXQ,f,BFH2KAVSNP5G463F,BFH2KAVSNP5G463F,2025-08-16 09:48:30,2025-08-16 09:48:30
a57e271f-9a67-4186-9694-d66aca57e7db,bf996092-8d66-408a-8d8e-5065ca3330c2,f6ab14eb-1a66-4ea5-8a0f-0afbda444403,b1c53e8c-c3c2-4562-93f1-157ef4aa7ce0,a57e271f-9a67-4186-9694-d66aca57e7db,form,urn:adsk.wipprod:dm.lineage:djL062U6TIiFshmetqyajA,f,BFH2KAVSNP5G463F,BFH2KAVSNP5G463F,2025-08-16 09:48:34,2025-08-16 09:48:34
fa2f2643-53cf-41a1-90de-c6d1ac8fba45,bf996092-8d66-408a-8d8e-5065ca3330c2,f6ab14eb-1a66-4ea5-8a0f-0afbda444403,5b350bd6-4de6-44cf-9800-bb671a5f4913,fa2f2643-53cf-41a1-90de-c6d1ac8fba45,form,urn:adsk.wipprod:dm.lineage:lBWoC7DsQZKgmDorNQb84A,f,BFH2KAVSNP5G463F,BFH2KAVSNP5G463F,2025-08-16 09:57:55,2025-08-16 09:57:55
1d7b08e0-e61b-4f05-b8e4-49d8277cedaf,bf996092-8d66-408a-8d8e-5065ca3330c2,f6ab14eb-1a66-4ea5-8a0f-0afbda444403,5b350bd6-4de6-44cf-9800-bb671a5f4913,1d7b08e0-e61b-4f05-b8e4-49d8277cedaf,form,urn:adsk.wipprod:dm.lineage:03MLBD6eTzGZQSc06r87EQ,f,BFH2KAVSNP5G463F,BFH2KAVSNP5G463F,2025-08-16 09:57:59,2025-08-16 09:57:59
cd6a4e6a-82fa-41ed-8c84-dff90b5221d3,bf996092-8d66-408a-8d8e-5065ca3330c2,f6ab14eb-1a66-4ea5-8a0f-0afbda444403,d23fe6a0-5dce-491c-b346-c4e5a850820f,cd6a4e6a-82fa-41ed-8c84-dff90b5221d3,form,urn:adsk.wipprod:dm.lineage:wbEFlAehTP68vZsoiOr8kA,f,NXBJU9KZRN2LR6EX,NXBJU9KZRN2LR6EX,2025-08-23 04:51:57,2025-08-23 04:51:57
a63c8d74-82e3-44f9-af13-e7d0af867572,bf996092-8d66-408a-8d8e-5065ca3330c2,f6ab14eb-1a66-4ea5-8a0f-0afbda444403,d23fe6a0-5dce-491c-b346-c4e5a850820f,a63c8d74-82e3-44f9-af13-e7d0af867572,form,urn:adsk.wipprod:dm.lineage:TjXwSQtPQIWl45ditVvKxQ,f,NXBJU9KZRN2LR6EX,NXBJU9KZRN2LR6EX,2025-08-23 04:52:00,2025-08-23 04:52:00
48239a4b-33f9-469b-b56e-c6af64d2c177,bf996092-8d66-408a-8d8e-5065ca3330c2,f6ab14eb-1a66-4ea5-8a0f-0afbda444403,8397b02a-bf78-4f54-a650-bce56987565c,48239a4b-33f9-469b-b56e-c6af64d2c177,form,urn:adsk.wipprod:dm.lineage:-FgmEdrWTWeAAV9N1JforQ,f,NXBJU9KZRN2LR6EX,NXBJU9KZRN2LR6EX,2025-08-23 05:01:47,2025-08-23 05:01:47
e88a566d-0568-4dd2-a3f6-2920974131ae,bf996092-8d66-408a-8d8e-5065ca3330c2,f6ab14eb-1a66-4ea5-8a0f-0afbda444403,8397b02a-bf78-4f54-a650-bce56987565c,e88a566d-0568-4dd2-a3f6-2920974131ae,form,urn:adsk.wipprod:dm.lineage:rC81ePw4STqNAESjE-GMKQ,f,NXBJU9KZRN2LR6EX,NXBJU9KZRN2LR6EX,2025-08-23 05:01:50,2025-08-23 05:01:50
d50316fd-afd9-41a2-a2c4-923f9e2c8a26,bf996092-8d66-408a-8d8e-5065ca3330c2,f6ab14eb-1a66-4ea5-8a0f-0afbda444403,1bfce240-21ca-4b72-9549-856ed7e0a802,d50316fd-afd9-41a2-a2c4-923f9e2c8a26,form,urn:adsk.wipprod:dm.lineage:8IulgZFLTWyOZLpMOqBYrw,f,NXBJU9KZRN2LR6EX,NXBJU9KZRN2LR6EX,2025-08-23 05:10:37,2025-08-23 05:10:37
137cee10-a4a4-4dcc-8c40-f81b728d6089,bf996092-8d66-408a-8d8e-5065ca3330c2,f6ab14eb-1a66-4ea5-8a0f-0afbda444403,1bfce240-21ca-4b72-9549-856ed7e0a802,137cee10-a4a4-4dcc-8c40-f81b728d6089,form,urn:adsk.wipprod:dm.lineage:_GiAcdsYQfWRS-TgV_J0RQ,f,NXBJU9KZRN2LR6EX,NXBJU9KZRN2LR6EX,2025-08-23 05:10:40,2025-08-23 05:10:40
95dca3d3-6d54-430e-ac5c-324f6fe6c478,bf996092-8d66-408a-8d8e-5065ca3330c2,f6ab14eb-1a66-4ea5-8a0f-0afbda444403,3c7b8108-37fc-4b2e-ba5f-c7b57925064e,95dca3d3-6d54-430e-ac5c-324f6fe6c478,form,urn:adsk.wipprod:dm.lineage:UiHdkBkFQs6cxqXn1AV19Q,f,NXBJU9KZRN2LR6EX,NXBJU9KZRN2LR6EX,2025-08-23 05:15:07,2025-08-23 05:15:07
499eacd8-43d2-4f22-b798-bbe999049815,bf996092-8d66-408a-8d8e-5065ca3330c2,f6ab14eb-1a66-4ea5-8a0f-0afbda444403,3c7b8108-37fc-4b2e-ba5f-c7b57925064e,499eacd8-43d2-4f22-b798-bbe999049815,form,urn:adsk.wipprod:dm.lineage:-lf0h48hQ4yE9D3ZHqIC-Q,f,NXBJU9KZRN2LR6EX,NXBJU9KZRN2LR6EX,2025-08-23 05:15:12,2025-08-23 05:15:12
73dbee81-8332-4702-a825-c48cee3d968e,bf996092-8d66-408a-8d8e-5065ca3330c2,f6ab14eb-1a66-4ea5-8a0f-0afbda444403,cc061ed4-82f0-4b5c-af1e-2f994c46c0dc,73dbee81-8332-4702-a825-c48cee3d968e,form,urn:adsk.wipprod:dm.lineage:4TTQVaQ1Q-ewUxfFtpFSZA,f,NXBJU9KZRN2LR6EX,NXBJU9KZRN2LR6EX,2025-08-23 08:38:39,2025-08-23 08:38:39
3a5019c7-df60-4137-a532-863687ddcab1,bf996092-8d66-408a-8d8e-5065ca3330c2,f6ab14eb-1a66-4ea5-8a0f-0afbda444403,cc061ed4-82f0-4b5c-af1e-2f994c46c0dc,3a5019c7-df60-4137-a532-863687ddcab1,form,urn:adsk.wipprod:dm.lineage:DaHOtk4ZTfeVtsKCgT4G0Q,f,NXBJU9KZRN2LR6EX,NXBJU9KZRN2LR6EX,2025-08-23 08:38:42,2025-08-23 08:38:42
022fc39a-3daa-408c-86bd-10971caac4b0,bf996092-8d66-408a-8d8e-5065ca3330c2,f6ab14eb-1a66-4ea5-8a0f-0afbda444403,6355ae93-9b8b-4fcc-b402-6f0be44e4745,022fc39a-3daa-408c-86bd-10971caac4b0,form,urn:adsk.wipprod:dm.lineage:QVggh_U9SkKPWQVm9sW4rQ,f,NXBJU9KZRN2LR6EX,NXBJU9KZRN2LR6EX,2025-08-23 08:51:46,2025-08-23 08:51:46
7206eb7e-4e61-47cc-a3c1-adb64e38c046,bf996092-8d66-408a-8d8e-5065ca3330c2,f6ab14eb-1a66-4ea5-8a0f-0afbda444403,6355ae93-9b8b-4fcc-b402-6f0be44e4745,7206eb7e-4e61-47cc-a3c1-adb64e38c046,form,urn:adsk.wipprod:dm.lineage:2q7b1zVgTcCwqq0mUirspw,f,NXBJU9KZRN2LR6EX,NXBJU9KZRN2LR6EX,2025-08-23 08:51:49,2025-08-23 08:51:49
9c57ffbf-8f70-48bb-a01e-ce1731fdd85f,bf996092-8d66-408a-8d8e-5065ca3330c2,f6ab14eb-1a66-4ea5-8a0f-0afbda444403,ca4a0802-a352-4ed1-9896-ffd41798a2b0,9c57ffbf-8f70-48bb-a01e-ce1731fdd85f,form,urn:adsk.wipprod:dm.lineage:TNt38lrkRqipD8IcQgE0kA,f,NXBJU9KZRN2LR6EX,NXBJU9KZRN2LR6EX,2025-08-23 08:56:47,2025-08-23 08:56:47
ea7e7b6a-ff94-48d1-8d6e-60d6a3ce8ce1,bf996092-8d66-408a-8d8e-5065ca3330c2,f6ab14eb-1a66-4ea5-8a0f-0afbda444403,ca4a0802-a352-4ed1-9896-ffd41798a2b0,ea7e7b6a-ff94-48d1-8d6e-60d6a3ce8ce1,form,urn:adsk.wipprod:dm.lineage:qT3Ie-PsQty-Mhpn_Wc_FA,f,NXBJU9KZRN2LR6EX,NXBJU9KZRN2LR6EX,2025-08-23 08:56:50,2025-08-23 08:56:50
b648e75b-c716-498f-a677-4ceb57798eef,bf996092-8d66-408a-8d8e-5065ca3330c2,f6ab14eb-1a66-4ea5-8a0f-0afbda444403,d35ca8fc-3073-4c2d-aadf-71b2af205eee,b648e75b-c716-498f-a677-4ceb57798eef,form,urn:adsk.wipprod:dm.lineage:Hi7QZzjgRZSfIkf0c_pjyg,f,NXBJU9KZRN2LR6EX,NXBJU9KZRN2LR6EX,2025-08-23 09:01:21,2025-08-23 09:01:21
36d08810-02f9-4749-bb34-5158a5bc0504,bf996092-8d66-408a-8d8e-5065ca3330c2,f6ab14eb-1a66-4ea5-8a0f-0afbda444403,d35ca8fc-3073-4c2d-aadf-71b2af205eee,36d08810-02f9-4749-bb34-5158a5bc0504,form,urn:adsk.wipprod:dm.lineage:ihtGc4_ISXymNfmPXyDpjA,f,NXBJU9KZRN2LR6EX,NXBJU9KZRN2LR6EX,2025-08-23 09:01:22,2025-08-23 09:01:22
a30794b3-7380-4fb8-b78f-5092e0acb202,bf996092-8d66-408a-8d8e-5065ca3330c2,f6ab14eb-1a66-4ea5-8a0f-0afbda444403,83106874-8d32-453e-a465-890aa50a2029,a30794b3-7380-4fb8-b78f-5092e0acb202,form,urn:adsk.wipprod:dm.lineage:hbmtrdJnSU6OlhzlkEH0-w,f,NXBJU9KZRN2LR6EX,NXBJU9KZRN2LR6EX,2025-08-23 09:11:36,2025-08-23 09:11:36
ccc949b2-da1f-458c-b13c-beeebd401c62,bf996092-8d66-408a-8d8e-5065ca3330c2,f6ab14eb-1a66-4ea5-8a0f-0afbda444403,83106874-8d32-453e-a465-890aa50a2029,ccc949b2-da1f-458c-b13c-beeebd401c62,form,urn:adsk.wipprod:dm.lineage:nigu3IJSSzKisckOVBaR0w,f,NXBJU9KZRN2LR6EX,NXBJU9KZRN2LR6EX,2025-08-23 09:11:39,2025-08-23 09:11:39
0170a289-e471-4492-a3a0-da651e8ccbeb,bf996092-8d66-408a-8d8e-5065ca3330c2,f6ab14eb-1a66-4ea5-8a0f-0afbda444403,42eaf953-7777-4b27-b9fb-9f0249bdcd7f,0170a289-e471-4492-a3a0-da651e8ccbeb,form,urn:adsk.wipprod:dm.lineage:PrFkCr3pR3m1T_63CBYPYg,f,NXBJU9KZRN2LR6EX,NXBJU9KZRN2LR6EX,2025-08-23 09:30:29,2025-08-23 09:30:29
9b667962-74f3-4613-9aae-6f7a0224a863,bf996092-8d66-408a-8d8e-5065ca3330c2,f6ab14eb-1a66-4ea5-8a0f-0afbda444403,42eaf953-7777-4b27-b9fb-9f0249bdcd7f,9b667962-74f3-4613-9aae-6f7a0224a863,form,urn:adsk.wipprod:dm.lineage:Ot75dajSQRSUBegz65If5A,f,NXBJU9KZRN2LR6EX,NXBJU9KZRN2LR6EX,2025-08-23 09:30:30,2025-08-23 09:30:30
6bf1ce31-317c-4800-bf54-6547d3a2b9a1,bf996092-8d66-408a-8d8e-5065ca3330c2,f6ab14eb-1a66-4ea5-8a0f-0afbda444403,c3706a05-2be3-4b3b-8bae-21d0d4fc5081,6bf1ce31-317c-4800-bf54-6547d3a2b9a1,form,urn:adsk.wipprod:dm.lineage:5QBRyOt1R6mRjuVgEyP1mA,f,NXBJU9KZRN2LR6EX,NXBJU9KZRN2LR6EX,2025-08-23 09:47:08,2025-08-23 09:47:08
d69a05c1-1198-418c-bf48-00949ef9af32,bf996092-8d66-408a-8d8e-5065ca3330c2,f6ab14eb-1a66-4ea5-8a0f-0afbda444403,c3706a05-2be3-4b3b-8bae-21d0d4fc5081,d69a05c1-1198-418c-bf48-00949ef9af32,form,urn:adsk.wipprod:dm.lineage:z-2Fkmc5SDe8E6MXGVa4mA,f,NXBJU9KZRN2LR6EX,NXBJU9KZRN2LR6EX,2025-08-23 09:47:13,2025-08-23 09:47:13
8a059777-3255-409a-af1d-0119201cdd97,bf996092-8d66-408a-8d8e-5065ca3330c2,f6ab14eb-1a66-4ea5-8a0f-0afbda444403,e3b9a225-e081-4276-bf1a-bfae5c88439a,8a059777-3255-409a-af1d-0119201cdd97,form,urn:adsk.wipprod:dm.lineage:ELyjER5-RxGQquRNc6SdXg,f,NXBJU9KZRN2LR6EX,NXBJU9KZRN2LR6EX,2025-08-23 09:49:48,2025-08-23 09:49:48
651d6878-03a0-4f26-a613-635210a3e07b,bf996092-8d66-408a-8d8e-5065ca3330c2,f6ab14eb-1a66-4ea5-8a0f-0afbda444403,e3b9a225-e081-4276-bf1a-bfae5c88439a,651d6878-03a0-4f26-a613-635210a3e07b,form,urn:adsk.wipprod:dm.lineage:Atm4-NrzSpCNAnGZU0Ou2g,f,NXBJU9KZRN2LR6EX,NXBJU9KZRN2LR6EX,2025-08-23 09:49:52,2025-08-23 09:49:52
947d567f-8405-455d-8a68-ccd8c8147f7b,bf996092-8d66-408a-8d8e-5065ca3330c2,f6ab14eb-1a66-4ea5-8a0f-0afbda444403,87439b23-0e6b-46d3-a5c9-2bd87ccd439d,947d567f-8405-455d-8a68-ccd8c8147f7b,form,urn:adsk.wipprod:dm.lineage:XInkuKVBRMKjXKVLqsvMHQ,f,BFH2KAVSNP5G463F,BFH2KAVSNP5G463F,2025-08-25 06:51:03,2025-08-25 06:51:03
6cf2302f-6e26-4497-8994-6f399f71d1e8,bf996092-8d66-408a-8d8e-5065ca3330c2,f6ab14eb-1a66-4ea5-8a0f-0afbda444403,87439b23-0e6b-46d3-a5c9-2bd87ccd439d,6cf2302f-6e26-4497-8994-6f399f71d1e8,form,urn:adsk.wipprod:dm.lineage:b6oGMVayRiaX3064MmoylQ,f,BFH2KAVSNP5G463F,BFH2KAVSNP5G463F,2025-08-25 06:51:05,2025-08-25 06:51:05
f9b20000-60c2-4c83-8719-3b2f1761d00c,bf996092-8d66-408a-8d8e-5065ca3330c2,f6ab14eb-1a66-4ea5-8a0f-0afbda444403,e794f7ef-c7b0-4ab9-8567-c35aebfe96f3,f9b20000-60c2-4c83-8719-3b2f1761d00c,form,urn:adsk.wipprod:dm.lineage:nUgM0xfRRTSofcYB-gnHwQ,f,BFH2KAVSNP5G463F,BFH2KAVSNP5G463F,2025-08-25 07:06:27,2025-08-25 07:06:27
e667a44d-0c3b-45f7-8fe7-49303c9f40ef,bf996092-8d66-408a-8d8e-5065ca3330c2,f6ab14eb-1a66-4ea5-8a0f-0afbda444403,e794f7ef-c7b0-4ab9-8567-c35aebfe96f3,e667a44d-0c3b-45f7-8fe7-49303c9f40ef,form,urn:adsk.wipprod:dm.lineage:QOwSkFpgSH-if3NXK0nepg,f,BFH2KAVSNP5G463F,BFH2KAVSNP5G463F,2025-08-25 07:06:42,2025-08-25 07:06:42
7f4eadd0-c072-4716-9bc0-58f85fc689ae,bf996092-8d66-408a-8d8e-5065ca3330c2,f6ab14eb-1a66-4ea5-8a0f-0afbda444403,ade5e18f-9a02-43fc-a912-e73d6375876d,7f4eadd0-c072-4716-9bc0-58f85fc689ae,form,urn:adsk.wipprod:dm.lineage:WBqCJIYlTVOlh2pvUt5w-Q,f,BFH2KAVSNP5G463F,BFH2KAVSNP5G463F,2025-08-26 07:00:35,2025-08-26 07:00:35
dc28259e-925f-4d57-934f-4530c4e9db53,bf996092-8d66-408a-8d8e-5065ca3330c2,f6ab14eb-1a66-4ea5-8a0f-0afbda444403,8594d688-fd1d-4c3a-9a14-233566b18831,dc28259e-925f-4d57-934f-4530c4e9db53,form,urn:adsk.wipprod:dm.lineage:hPPUV8jVT4aPioD7KGmcZA,f,BFH2KAVSNP5G463F,BFH2KAVSNP5G463F,2025-08-26 07:14:13,2025-08-26 07:14:13
8e16c785-0da2-477f-9971-f50f18aced53,bf996092-8d66-408a-8d8e-5065ca3330c2,f6ab14eb-1a66-4ea5-8a0f-0afbda444403,8594d688-fd1d-4c3a-9a14-233566b18831,8e16c785-0da2-477f-9971-f50f18aced53,form,urn:adsk.wipprod:dm.lineage:2y1kgpfJRC-HpSToLRf62Q,f,BFH2KAVSNP5G463F,BFH2KAVSNP5G463F,2025-08-26 07:14:13,2025-08-26 07:14:13
a9927c5c-669c-44e9-be53-a43b2cc143b4,bf996092-8d66-408a-8d8e-5065ca3330c2,f679f4cf-c089-4a2b-9b84-b14129630601,dc8bf139-291f-474c-a34e-cdf4cfc6b08e,a9927c5c-669c-44e9-be53-a43b2cc143b4,form,urn:adsk.wipprod:dm.lineage:jfRlbMIMQUaG8LMVR-bzOQ,f,3TSJN3BRN9YVX2DX,3TSJN3BRN9YVX2DX,2025-08-26 08:31:24,2025-08-26 08:31:24
7bb7da8b-3cb1-48da-ae37-76603bf545dc,bf996092-8d66-408a-8d8e-5065ca3330c2,f679f4cf-c089-4a2b-9b84-b14129630601,7bddbceb-3d3e-4fe2-8c63-2f244cc5232f,7bb7da8b-3cb1-48da-ae37-76603bf545dc,form,urn:adsk.wipprod:dm.lineage:p4YrdbUGRlyyMvDyTgj0hg,f,3TSJN3BRN9YVX2DX,3TSJN3BRN9YVX2DX,2025-08-26 08:44:36,2025-08-26 08:44:36
a8d5591c-6f1b-46fa-a37d-adf783a05e42,bf996092-8d66-408a-8d8e-5065ca3330c2,f679f4cf-c089-4a2b-9b84-b14129630601,0377212d-83ba-451d-8648-6b55fcd80657,a8d5591c-6f1b-46fa-a37d-adf783a05e42,form,urn:adsk.wipprod:dm.lineage:UOdZrTLxQWWO6JFF4m4Fcg,f,3TSJN3BRN9YVX2DX,3TSJN3BRN9YVX2DX,2025-08-26 10:41:10,2025-08-26 10:41:10
c904d19b-1891-4b81-a287-dd2a02d927df,bf996092-8d66-408a-8d8e-5065ca3330c2,f6ab14eb-1a66-4ea5-8a0f-0afbda444403,0d959740-c322-4619-93c7-e407f166f2a8,c904d19b-1891-4b81-a287-dd2a02d927df,form,urn:adsk.wipprod:dm.lineage:Vnui_JLeQ52rkmyOLgPktA,f,NXBJU9KZRN2LR6EX,NXBJU9KZRN2LR6EX,2025-08-11 10:58:29,2025-08-11 10:58:29
683b02be-111f-46d3-bfaf-6a0ca4661026,bf996092-8d66-408a-8d8e-5065ca3330c2,f6ab14eb-1a66-4ea5-8a0f-0afbda444403,b6bfcdc2-2a02-4e13-9da9-99c611a39acc,683b02be-111f-46d3-bfaf-6a0ca4661026,form,urn:adsk.wipprod:dm.lineage:gGGvZwW8TQyF0X6h6Zf9GQ,f,NXBJU9KZRN2LR6EX,NXBJU9KZRN2LR6EX,2025-08-11 11:07:19,2025-08-11 11:07:19
2b16ba3d-84bc-48f2-b88e-7f0c9fee8794,bf996092-8d66-408a-8d8e-5065ca3330c2,f6ab14eb-1a66-4ea5-8a0f-0afbda444403,b6bfcdc2-2a02-4e13-9da9-99c611a39acc,2b16ba3d-84bc-48f2-b88e-7f0c9fee8794,form,urn:adsk.wipprod:dm.lineage:twdK1SlwRKaTYK3Oas-I1w,f,NXBJU9KZRN2LR6EX,NXBJU9KZRN2LR6EX,2025-08-11 11:07:21,2025-08-11 11:07:21
97c3f5cc-bf6e-4f15-9866-1015384d0800,bf996092-8d66-408a-8d8e-5065ca3330c2,f679f4cf-c089-4a2b-9b84-b14129630601,eed262c2-4eb2-4351-8748-493abc10560f,97c3f5cc-bf6e-4f15-9866-1015384d0800,form,urn:adsk.wipprod:dm.lineage:1q59iSdoRFerwSbrTG0X6w,f,3TSJN3BRN9YVX2DX,3TSJN3BRN9YVX2DX,2025-08-19 04:12:33,2025-08-19 04:12:33
4703aefa-e33b-403e-8d37-f11c79043e75,bf996092-8d66-408a-8d8e-5065ca3330c2,f6ab14eb-1a66-4ea5-8a0f-0afbda444403,2527964b-ce5f-401d-9bcb-64eb6d831847,4703aefa-e33b-403e-8d37-f11c79043e75,form,urn:adsk.wipprod:dm.lineage:0h5l98Q1S9KiM0UOHfutdw,t,BFH2KAVSNP5G463F,BFH2KAVSNP5G463F,2025-08-12 05:44:00,2025-08-12 05:44:11
39449b8c-fdd7-4a3a-92ea-e4eda78d1d43,bf996092-8d66-408a-8d8e-5065ca3330c2,f6ab14eb-1a66-4ea5-8a0f-0afbda444403,2527964b-ce5f-401d-9bcb-64eb6d831847,39449b8c-fdd7-4a3a-92ea-e4eda78d1d43,form,urn:adsk.wipprod:dm.lineage:dFIjbrxJSyqBlaa-oHrNvA,t,BFH2KAVSNP5G463F,BFH2KAVSNP5G463F,2025-08-12 05:44:02,2025-08-12 05:44:31
7b9b4960-4c7b-4052-af8e-d99e4f68bd57,bf996092-8d66-408a-8d8e-5065ca3330c2,f6ab14eb-1a66-4ea5-8a0f-0afbda444403,2527964b-ce5f-401d-9bcb-64eb6d831847,7b9b4960-4c7b-4052-af8e-d99e4f68bd57,form,urn:adsk.wipprod:dm.lineage:P1LnooRcQWa2mvhbpLGsEQ,f,BFH2KAVSNP5G463F,BFH2KAVSNP5G463F,2025-08-12 05:44:40,2025-08-12 05:44:40
7a7e0367-4503-4d87-bece-9addac5d5db1,bf996092-8d66-408a-8d8e-5065ca3330c2,f6ab14eb-1a66-4ea5-8a0f-0afbda444403,2527964b-ce5f-401d-9bcb-64eb6d831847,7a7e0367-4503-4d87-bece-9addac5d5db1,form,urn:adsk.wipprod:dm.lineage:nYcajvGHQyeeRwa_yl3wuw,t,BFH2KAVSNP5G463F,BFH2KAVSNP5G463F,2025-08-12 05:44:30,2025-08-12 05:44:50
16e88125-0c7a-4959-b6a8-e7b82d8e28ef,bf996092-8d66-408a-8d8e-5065ca3330c2,f6ab14eb-1a66-4ea5-8a0f-0afbda444403,ae20e45a-85c5-41f2-8892-6d73366896a5,16e88125-0c7a-4959-b6a8-e7b82d8e28ef,form,urn:adsk.wipprod:dm.lineage:VaWp99AuQWe6HIJucXIjdw,f,BFH2KAVSNP5G463F,BFH2KAVSNP5G463F,2025-08-12 05:54:59,2025-08-12 05:54:59
9064885d-bea5-45d5-90a6-4cc2b98db1b7,bf996092-8d66-408a-8d8e-5065ca3330c2,f6ab14eb-1a66-4ea5-8a0f-0afbda444403,5d23a8a4-f896-4ea1-b612-b484880ef435,9064885d-bea5-45d5-90a6-4cc2b98db1b7,form,urn:adsk.wipprod:dm.lineage:TBChpjYXSa-zKwnNlE6P5A,f,BFH2KAVSNP5G463F,BFH2KAVSNP5G463F,2025-08-12 06:06:08,2025-08-12 06:06:08
e0542562-1b1c-4cea-b934-95743c217333,bf996092-8d66-408a-8d8e-5065ca3330c2,f6ab14eb-1a66-4ea5-8a0f-0afbda444403,38b4c0ef-0bf0-4728-bd92-b4a95366fc74,e0542562-1b1c-4cea-b934-95743c217333,form,urn:adsk.wipprod:dm.lineage:MjJT2MfUREmmgxxLwsrAHg,f,BFH2KAVSNP5G463F,BFH2KAVSNP5G463F,2025-08-28 12:33:37,2025-08-28 12:33:37
f3062a13-56d4-4d4d-8e9f-fd54f49e3dc3,bf996092-8d66-408a-8d8e-5065ca3330c2,f6ab14eb-1a66-4ea5-8a0f-0afbda444403,38b4c0ef-0bf0-4728-bd92-b4a95366fc74,f3062a13-56d4-4d4d-8e9f-fd54f49e3dc3,form,urn:adsk.wipprod:dm.lineage:kteAHm6vSbGFenKnQf6g1A,f,BFH2KAVSNP5G463F,BFH2KAVSNP5G463F,2025-08-28 12:33:41,2025-08-28 12:33:41
37a15200-52d4-4425-ae64-7383dafc440f,bf996092-8d66-408a-8d8e-5065ca3330c2,f6ab14eb-1a66-4ea5-8a0f-0afbda444403,4c4636eb-c836-4efb-8f74-c99d393fb4b4,37a15200-52d4-4425-ae64-7383dafc440f,form,urn:adsk.wipprod:dm.lineage:_JuPjeRLQHGNAAONkIO-_Q,f,BFH2KAVSNP5G463F,BFH2KAVSNP5G463F,2025-08-14 11:37:20,2025-08-14 11:37:20
062bd856-a20b-4261-be49-fdf2ea4403af,bf996092-8d66-408a-8d8e-5065ca3330c2,f6ab14eb-1a66-4ea5-8a0f-0afbda444403,fb9b64f2-9d07-41eb-a8df-ff3d69ba616e,062bd856-a20b-4261-be49-fdf2ea4403af,form,urn:adsk.wipprod:dm.lineage:wsXqrChsR2y2umUunjkI-w,f,BFH2KAVSNP5G463F,BFH2KAVSNP5G463F,2025-08-14 11:46:39,2025-08-14 11:46:39
e42ff6fa-890a-4857-b6a5-a2a1daaeb7a7,bf996092-8d66-408a-8d8e-5065ca3330c2,f6ab14eb-1a66-4ea5-8a0f-0afbda444403,87a86b1a-3afa-4263-a2ea-df525873c93a,e42ff6fa-890a-4857-b6a5-a2a1daaeb7a7,form,urn:adsk.wipprod:dm.lineage:9QdbchZCQ3SHiBRScJGo-w,f,BFH2KAVSNP5G463F,BFH2KAVSNP5G463F,2025-08-14 11:57:40,2025-08-14 11:57:40
44d6ddec-53fa-44d5-9603-f9758a4e6d30,bf996092-8d66-408a-8d8e-5065ca3330c2,f6ab14eb-1a66-4ea5-8a0f-0afbda444403,770f91c6-d0ff-45e1-943b-b9c3cdeb3900,44d6ddec-53fa-44d5-9603-f9758a4e6d30,form,urn:adsk.wipprod:dm.lineage:hDef6tGMQ3S98924pbVZ6g,f,BFH2KAVSNP5G463F,BFH2KAVSNP5G463F,2025-08-14 12:08:01,2025-08-14 12:08:01
cc505583-cde9-4591-b1a7-fed3a239a577,bf996092-8d66-408a-8d8e-5065ca3330c2,f6ab14eb-1a66-4ea5-8a0f-0afbda444403,6e158fd2-f36b-4329-86b0-06b0c1a41983,cc505583-cde9-4591-b1a7-fed3a239a577,form,urn:adsk.wipprod:dm.lineage:bfy5PBPFTOOLN8D2EqdMfA,f,BFH2KAVSNP5G463F,BFH2KAVSNP5G463F,2025-08-16 10:14:59,2025-08-16 10:14:59
2554a3ca-7d39-49ba-8eb9-2b6df50ea296,bf996092-8d66-408a-8d8e-5065ca3330c2,f6ab14eb-1a66-4ea5-8a0f-0afbda444403,6e158fd2-f36b-4329-86b0-06b0c1a41983,2554a3ca-7d39-49ba-8eb9-2b6df50ea296,form,urn:adsk.wipprod:dm.lineage:eBhF-pMwQ9-PMOKAhqeDiA,f,BFH2KAVSNP5G463F,BFH2KAVSNP5G463F,2025-08-16 10:14:59,2025-08-16 10:14:59
f4daebd4-93f9-47fc-bb72-cc9c1edc0475,bf996092-8d66-408a-8d8e-5065ca3330c2,f6ab14eb-1a66-4ea5-8a0f-0afbda444403,a6ce9adc-b48f-4885-945c-df78a853c503,f4daebd4-93f9-47fc-bb72-cc9c1edc0475,form,urn:adsk.wipprod:dm.lineage:_NRjGOyaTdCSmaBTdVbbRQ,f,BFH2KAVSNP5G463F,BFH2KAVSNP5G463F,2025-08-16 10:30:59,2025-08-16 10:30:59
669340c3-a9df-42cd-86fb-f1a92ca7c294,bf996092-8d66-408a-8d8e-5065ca3330c2,f6ab14eb-1a66-4ea5-8a0f-0afbda444403,a6ce9adc-b48f-4885-945c-df78a853c503,669340c3-a9df-42cd-86fb-f1a92ca7c294,form,urn:adsk.wipprod:dm.lineage:Fh-r90ULSmqlk0Xy51o7Qg,f,BFH2KAVSNP5G463F,BFH2KAVSNP5G463F,2025-08-16 10:30:59,2025-08-16 10:30:59
7496a1ba-00ff-495e-a447-44553674bb96,bf996092-8d66-408a-8d8e-5065ca3330c2,f6ab14eb-1a66-4ea5-8a0f-0afbda444403,70c90d14-bb50-489a-92d3-e57df6ae6876,7496a1ba-00ff-495e-a447-44553674bb96,form,urn:adsk.wipprod:dm.lineage:zPWoVFfHTmysKDsnTbDfYg,f,BFH2KAVSNP5G463F,BFH2KAVSNP5G463F,2025-08-16 10:40:38,2025-08-16 10:40:38
17eae3a0-9769-4090-a774-2578d3eda4b8,bf996092-8d66-408a-8d8e-5065ca3330c2,f6ab14eb-1a66-4ea5-8a0f-0afbda444403,70c90d14-bb50-489a-92d3-e57df6ae6876,17eae3a0-9769-4090-a774-2578d3eda4b8,form,urn:adsk.wipprod:dm.lineage:FAvVEFDHT_SQBeIPsXArWw,f,BFH2KAVSNP5G463F,BFH2KAVSNP5G463F,2025-08-16 10:40:43,2025-08-16 10:40:43
074f2a73-6c00-4fde-a823-1401ec4dd9b6,bf996092-8d66-408a-8d8e-5065ca3330c2,f6ab14eb-1a66-4ea5-8a0f-0afbda444403,79dda63b-7906-4dba-9987-59c47ffe92b8,074f2a73-6c00-4fde-a823-1401ec4dd9b6,form,urn:adsk.wipprod:dm.lineage:MNZufFt4QjeDBXfyIq7_lQ,f,BFH2KAVSNP5G463F,BFH2KAVSNP5G463F,2025-08-16 10:52:47,2025-08-16 10:52:47
c145bbd5-2910-45a8-9d2f-717ee8e6e06d,bf996092-8d66-408a-8d8e-5065ca3330c2,f6ab14eb-1a66-4ea5-8a0f-0afbda444403,79dda63b-7906-4dba-9987-59c47ffe92b8,c145bbd5-2910-45a8-9d2f-717ee8e6e06d,form,urn:adsk.wipprod:dm.lineage:Kf2RsKGEQkyhNpEGdqEKwg,f,BFH2KAVSNP5G463F,BFH2KAVSNP5G463F,2025-08-16 10:52:47,2025-08-16 10:52:47
4b04d756-c136-412f-b157-bc6a856aceeb,bf996092-8d66-408a-8d8e-5065ca3330c2,f6ab14eb-1a66-4ea5-8a0f-0afbda444403,8e513326-b376-4441-808b-7aadd4c03a26,4b04d756-c136-412f-b157-bc6a856aceeb,form,urn:adsk.wipprod:dm.lineage:kD2LXnlNRISv3rjKhS-scg,f,BFH2KAVSNP5G463F,BFH2KAVSNP5G463F,2025-08-16 11:11:52,2025-08-16 11:11:52
84d21fd6-128c-4f43-9b06-d5af60b57f58,bf996092-8d66-408a-8d8e-5065ca3330c2,f6ab14eb-1a66-4ea5-8a0f-0afbda444403,8e513326-b376-4441-808b-7aadd4c03a26,84d21fd6-128c-4f43-9b06-d5af60b57f58,form,urn:adsk.wipprod:dm.lineage:jlbVmSPpRxqqNVp6EQmhew,f,BFH2KAVSNP5G463F,BFH2KAVSNP5G463F,2025-08-16 11:11:57,2025-08-16 11:11:57
e8f719a2-a9a2-418d-9ec3-8c237016a19a,bf996092-8d66-408a-8d8e-5065ca3330c2,f6ab14eb-1a66-4ea5-8a0f-0afbda444403,ca4a0802-a352-4ed1-9896-ffd41798a2b0,e8f719a2-a9a2-418d-9ec3-8c237016a19a,form,urn:adsk.wipprod:dm.lineage:elx9Jq6-QeiV3bfdc4A_7w,f,BFH2KAVSNP5G463F,BFH2KAVSNP5G463F,2025-08-16 11:29:25,2025-08-16 11:29:25
bfedd227-5ddf-4f14-ab9e-b255b1302dda,bf996092-8d66-408a-8d8e-5065ca3330c2,f6ab14eb-1a66-4ea5-8a0f-0afbda444403,ca4a0802-a352-4ed1-9896-ffd41798a2b0,bfedd227-5ddf-4f14-ab9e-b255b1302dda,form,urn:adsk.wipprod:dm.lineage:YU5VX1IMRpC4-gspJSKx0A,f,BFH2KAVSNP5G463F,BFH2KAVSNP5G463F,2025-08-16 11:29:31,2025-08-16 11:29:31
0a779742-559a-4956-922d-0975b5721611,bf996092-8d66-408a-8d8e-5065ca3330c2,f6ab14eb-1a66-4ea5-8a0f-0afbda444403,56c37d96-0f1d-465a-9a14-597a577fb15d,0a779742-559a-4956-922d-0975b5721611,form,urn:adsk.wipprod:dm.lineage:CRVlybukRI-51dKcq9UkuQ,f,BFH2KAVSNP5G463F,BFH2KAVSNP5G463F,2025-08-16 12:19:50,2025-08-16 12:19:50
2c5eaeee-11b0-474b-bf05-7d0d9c8e5375,bf996092-8d66-408a-8d8e-5065ca3330c2,f6ab14eb-1a66-4ea5-8a0f-0afbda444403,56c37d96-0f1d-465a-9a14-597a577fb15d,2c5eaeee-11b0-474b-bf05-7d0d9c8e5375,form,urn:adsk.wipprod:dm.lineage:UDM-WQeFTL-bQN6z0wDxyg,f,BFH2KAVSNP5G463F,BFH2KAVSNP5G463F,2025-08-16 12:19:50,2025-08-16 12:19:50
58e7b5a5-9268-4515-bbb5-f95edc906473,bf996092-8d66-408a-8d8e-5065ca3330c2,f6ab14eb-1a66-4ea5-8a0f-0afbda444403,04b89f99-1a84-460c-b1d4-60dfe31cda00,58e7b5a5-9268-4515-bbb5-f95edc906473,form,urn:adsk.wipprod:dm.lineage:zTvQgTSKSly3iNYXxIhwpQ,f,BFH2KAVSNP5G463F,BFH2KAVSNP5G463F,2025-08-16 12:30:51,2025-08-16 12:30:51
5f6e664f-7d1f-4267-812d-f85049a69b53,bf996092-8d66-408a-8d8e-5065ca3330c2,f6ab14eb-1a66-4ea5-8a0f-0afbda444403,04b89f99-1a84-460c-b1d4-60dfe31cda00,5f6e664f-7d1f-4267-812d-f85049a69b53,form,urn:adsk.wipprod:dm.lineage:0Og2gcniSDWy-kpt3fK0Eg,f,BFH2KAVSNP5G463F,BFH2KAVSNP5G463F,2025-08-16 12:30:56,2025-08-16 12:30:56
d67e1885-036a-45c2-9d0d-e6ed2aa779b0,bf996092-8d66-408a-8d8e-5065ca3330c2,f6ab14eb-1a66-4ea5-8a0f-0afbda444403,42eaf953-7777-4b27-b9fb-9f0249bdcd7f,d67e1885-036a-45c2-9d0d-e6ed2aa779b0,form,urn:adsk.wipprod:dm.lineage:7qKqvvr0SW2VeFHS57qdNw,f,BFH2KAVSNP5G463F,BFH2KAVSNP5G463F,2025-08-16 12:43:29,2025-08-16 12:43:29
0bef3484-02d8-43a9-b726-1868e8d214f7,bf996092-8d66-408a-8d8e-5065ca3330c2,f6ab14eb-1a66-4ea5-8a0f-0afbda444403,42eaf953-7777-4b27-b9fb-9f0249bdcd7f,0bef3484-02d8-43a9-b726-1868e8d214f7,form,urn:adsk.wipprod:dm.lineage:acO4_VVFTqmIfALDgKegrg,f,BFH2KAVSNP5G463F,BFH2KAVSNP5G463F,2025-08-16 12:43:29,2025-08-16 12:43:29
da62e28e-665d-4bd1-aa09-d1812102c95e,bf996092-8d66-408a-8d8e-5065ca3330c2,f6ab14eb-1a66-4ea5-8a0f-0afbda444403,e3b9a225-e081-4276-bf1a-bfae5c88439a,da62e28e-665d-4bd1-aa09-d1812102c95e,form,urn:adsk.wipprod:dm.lineage:MzGBBKFySnyxIhjnytRxNA,f,BFH2KAVSNP5G463F,BFH2KAVSNP5G463F,2025-08-16 12:58:27,2025-08-16 12:58:27
de26fa77-4aee-472b-a897-3bd336ad63bf,bf996092-8d66-408a-8d8e-5065ca3330c2,f6ab14eb-1a66-4ea5-8a0f-0afbda444403,e3b9a225-e081-4276-bf1a-bfae5c88439a,de26fa77-4aee-472b-a897-3bd336ad63bf,form,urn:adsk.wipprod:dm.lineage:m9XvduCYTdmTMkdClwdA1g,f,BFH2KAVSNP5G463F,BFH2KAVSNP5G463F,2025-08-16 12:58:28,2025-08-16 12:58:28
d651c595-ef8f-4818-884c-27809abdd087,bf996092-8d66-408a-8d8e-5065ca3330c2,f6ab14eb-1a66-4ea5-8a0f-0afbda444403,c3706a05-2be3-4b3b-8bae-21d0d4fc5081,d651c595-ef8f-4818-884c-27809abdd087,form,urn:adsk.wipprod:dm.lineage:aRo_nGQZQGyz5Jbyjuy2JA,f,BFH2KAVSNP5G463F,BFH2KAVSNP5G463F,2025-08-16 13:27:56,2025-08-16 13:27:56
39a9137d-85a5-42ed-83ae-70c8036e4aab,bf996092-8d66-408a-8d8e-5065ca3330c2,f6ab14eb-1a66-4ea5-8a0f-0afbda444403,c3706a05-2be3-4b3b-8bae-21d0d4fc5081,39a9137d-85a5-42ed-83ae-70c8036e4aab,form,urn:adsk.wipprod:dm.lineage:w54CxuuqQFCQxbPvsCxJFg,f,BFH2KAVSNP5G463F,BFH2KAVSNP5G463F,2025-08-16 13:27:59,2025-08-16 13:27:59
0a2a4a45-9676-469c-a570-23f23ffcafb1,bf996092-8d66-408a-8d8e-5065ca3330c2,f6ab14eb-1a66-4ea5-8a0f-0afbda444403,ad3a273d-a183-4664-81cc-3eea75c45d3b,0a2a4a45-9676-469c-a570-23f23ffcafb1,form,urn:adsk.wipprod:dm.lineage:VNBGbvUDSyOEYMClmYpDgQ,f,BFH2KAVSNP5G463F,BFH2KAVSNP5G463F,2025-08-23 14:00:19,2025-08-23 14:00:19
1bb953f2-d16a-4688-8dd2-1638df224564,bf996092-8d66-408a-8d8e-5065ca3330c2,f6ab14eb-1a66-4ea5-8a0f-0afbda444403,ad3a273d-a183-4664-81cc-3eea75c45d3b,1bb953f2-d16a-4688-8dd2-1638df224564,form,urn:adsk.wipprod:dm.lineage:pYeTKzfWTj-OzxCJZhCbHA,f,BFH2KAVSNP5G463F,BFH2KAVSNP5G463F,2025-08-23 14:00:23,2025-08-23 14:00:23
22810516-3a0d-4bd5-8e12-ac4a9c21761b,bf996092-8d66-408a-8d8e-5065ca3330c2,f6ab14eb-1a66-4ea5-8a0f-0afbda444403,69b69f3b-7b98-4c3e-91e9-f90dbfe35c3f,22810516-3a0d-4bd5-8e12-ac4a9c21761b,form,urn:adsk.wipprod:dm.lineage:kB_sY_K3TEW07qhZzhD8jQ,f,BFH2KAVSNP5G463F,BFH2KAVSNP5G463F,2025-08-23 14:13:28,2025-08-23 14:13:28
d1f54bb6-d8f2-4fd7-8606-f8cb13fd9d20,bf996092-8d66-408a-8d8e-5065ca3330c2,f6ab14eb-1a66-4ea5-8a0f-0afbda444403,69b69f3b-7b98-4c3e-91e9-f90dbfe35c3f,d1f54bb6-d8f2-4fd7-8606-f8cb13fd9d20,form,urn:adsk.wipprod:dm.lineage:q8i3IwtRTWWTAvvZpS7k7A,f,BFH2KAVSNP5G463F,BFH2KAVSNP5G463F,2025-08-23 14:13:28,2025-08-23 14:13:28
97f2b8d3-d44f-4966-8a66-9a2b3056563b,bf996092-8d66-408a-8d8e-5065ca3330c2,f6ab14eb-1a66-4ea5-8a0f-0afbda444403,69b69f3b-7b98-4c3e-91e9-f90dbfe35c3f,97f2b8d3-d44f-4966-8a66-9a2b3056563b,form,urn:adsk.wipprod:dm.lineage:EJX_0nGTTKG452Og4iplyA,t,BFH2KAVSNP5G463F,BFH2KAVSNP5G463F,2025-08-23 14:13:14,2025-08-23 14:13:30
e8cbeb43-e6b3-421d-b0e8-f4bdbe0e3564,bf996092-8d66-408a-8d8e-5065ca3330c2,f6ab14eb-1a66-4ea5-8a0f-0afbda444403,120e1f2f-4a84-4475-a893-7985158e2c71,e8cbeb43-e6b3-421d-b0e8-f4bdbe0e3564,form,urn:adsk.wipprod:dm.lineage:6TB7uDl9Qumzv1a9ckLkhg,f,BFH2KAVSNP5G463F,BFH2KAVSNP5G463F,2025-08-23 14:31:59,2025-08-23 14:31:59
bce9bd06-fc5a-4679-974e-ee3f07f1f150,bf996092-8d66-408a-8d8e-5065ca3330c2,f6ab14eb-1a66-4ea5-8a0f-0afbda444403,120e1f2f-4a84-4475-a893-7985158e2c71,bce9bd06-fc5a-4679-974e-ee3f07f1f150,form,urn:adsk.wipprod:dm.lineage:7-PuVL0EQx6U-S5FeWxJmA,f,BFH2KAVSNP5G463F,BFH2KAVSNP5G463F,2025-08-23 14:32:08,2025-08-23 14:32:08
1b07bab8-1042-4ce7-91af-32d3b04065b6,bf996092-8d66-408a-8d8e-5065ca3330c2,f679f4cf-c089-4a2b-9b84-b14129630601,402e43b4-5a09-46b7-aac5-93f28b9f6f23,1b07bab8-1042-4ce7-91af-32d3b04065b6,form,urn:adsk.wipprod:dm.lineage:S8RMT5TFQMeAtLrWQ4u2aA,f,3TSJN3BRN9YVX2DX,3TSJN3BRN9YVX2DX,2025-08-25 13:29:15,2025-08-25 13:29:15
95039044-fc4a-4780-9daf-6fd44a2ddae8,bf996092-8d66-408a-8d8e-5065ca3330c2,f6ab14eb-1a66-4ea5-8a0f-0afbda444403,646dfe3f-fdc1-418a-8a1b-a831ec099702,95039044-fc4a-4780-9daf-6fd44a2ddae8,form,urn:adsk.wipprod:dm.lineage:_Y5324m8SbW6jIMJ-Ne-og,f,BFH2KAVSNP5G463F,BFH2KAVSNP5G463F,2025-08-27 09:57:35,2025-08-27 09:57:35
0f4ac3e1-e5df-4ffc-8034-c7f6ee12de7b,bf996092-8d66-408a-8d8e-5065ca3330c2,f6ab14eb-1a66-4ea5-8a0f-0afbda444403,646dfe3f-fdc1-418a-8a1b-a831ec099702,0f4ac3e1-e5df-4ffc-8034-c7f6ee12de7b,form,urn:adsk.wipprod:dm.lineage:_lXwH--ZS3KeGa5cJqIFVw,f,BFH2KAVSNP5G463F,BFH2KAVSNP5G463F,2025-08-27 09:57:39,2025-08-27 09:57:39
937b0191-aca0-4b43-8cbd-0964d6dd1340,bf996092-8d66-408a-8d8e-5065ca3330c2,f6ab14eb-1a66-4ea5-8a0f-0afbda444403,ea09b729-c400-4cec-8076-b324269d52a7,937b0191-aca0-4b43-8cbd-0964d6dd1340,form,urn:adsk.wipprod:dm.lineage:uaJUiSAeTSKeHJkoP-t4gg,f,BFH2KAVSNP5G463F,BFH2KAVSNP5G463F,2025-08-27 09:59:42,2025-08-27 09:59:42
717b2ee1-269a-458b-ab1f-5143ca90aa7b,bf996092-8d66-408a-8d8e-5065ca3330c2,f6ab14eb-1a66-4ea5-8a0f-0afbda444403,ea09b729-c400-4cec-8076-b324269d52a7,717b2ee1-269a-458b-ab1f-5143ca90aa7b,form,urn:adsk.wipprod:dm.lineage:dCuBIP4JT6GZYaD4dEmPww,t,BFH2KAVSNP5G463F,BFH2KAVSNP5G463F,2025-08-27 09:59:37,2025-08-27 09:59:49
b4e82dc9-b394-440c-a2d9-66e3c39975d5,bf996092-8d66-408a-8d8e-5065ca3330c2,f6ab14eb-1a66-4ea5-8a0f-0afbda444403,ea09b729-c400-4cec-8076-b324269d52a7,b4e82dc9-b394-440c-a2d9-66e3c39975d5,form,urn:adsk.wipprod:dm.lineage:zNf3JyduTxijOxiqKDkI1g,f,BFH2KAVSNP5G463F,BFH2KAVSNP5G463F,2025-08-27 10:00:37,2025-08-27 10:00:37
c62b4470-b7e3-4428-bbb6-d792147e841c,bf996092-8d66-408a-8d8e-5065ca3330c2,f6ab14eb-1a66-4ea5-8a0f-0afbda444403,2b93f87d-9152-4e1a-919f-bf8f7e767f06,c62b4470-b7e3-4428-bbb6-d792147e841c,form,urn:adsk.wipprod:dm.lineage:sCo4jT5zTeOhsdhjTQsUsw,f,BFH2KAVSNP5G463F,BFH2KAVSNP5G463F,2025-08-27 10:16:12,2025-08-27 10:16:12
003f33e5-1c57-4994-a5f5-59d1059a0d1c,bf996092-8d66-408a-8d8e-5065ca3330c2,f6ab14eb-1a66-4ea5-8a0f-0afbda444403,2b93f87d-9152-4e1a-919f-bf8f7e767f06,003f33e5-1c57-4994-a5f5-59d1059a0d1c,form,urn:adsk.wipprod:dm.lineage:wiYLSPg-TXqx3WJV2Tsf7Q,f,BFH2KAVSNP5G463F,BFH2KAVSNP5G463F,2025-08-27 10:16:12,2025-08-27 10:16:12
ad2262f7-7693-4d6d-bd86-a4aa09c6da2e,bf996092-8d66-408a-8d8e-5065ca3330c2,f6ab14eb-1a66-4ea5-8a0f-0afbda444403,95a7d096-0b70-4342-a15b-5df7e3933acb,ad2262f7-7693-4d6d-bd86-a4aa09c6da2e,form,urn:adsk.wipprod:dm.lineage:G2x98r_GRdaoYbwVUQnegA,f,BFH2KAVSNP5G463F,BFH2KAVSNP5G463F,2025-08-27 10:22:33,2025-08-27 10:22:33
f5dfcbb3-0def-4798-863c-0609d5a9ec4e,bf996092-8d66-408a-8d8e-5065ca3330c2,f6ab14eb-1a66-4ea5-8a0f-0afbda444403,95a7d096-0b70-4342-a15b-5df7e3933acb,f5dfcbb3-0def-4798-863c-0609d5a9ec4e,form,urn:adsk.wipprod:dm.lineage:-DMYFyn7T1OUaGz2yUK_oQ,f,BFH2KAVSNP5G463F,BFH2KAVSNP5G463F,2025-08-27 10:22:47,2025-08-27 10:22:47
1ca510dc-dc4e-4e19-a4fc-f9ec50d96d0c,bf996092-8d66-408a-8d8e-5065ca3330c2,f6ab14eb-1a66-4ea5-8a0f-0afbda444403,3eb474da-0af4-4439-9a00-f05397f9848b,1ca510dc-dc4e-4e19-a4fc-f9ec50d96d0c,form,urn:adsk.wipprod:dm.lineage:hLPsYcwZT-CiQ58Ae8954Q,f,BFH2KAVSNP5G463F,BFH2KAVSNP5G463F,2025-08-27 10:44:06,2025-08-27 10:44:06
98753967-b627-4ed9-ac27-6f09a3e5aa6b,bf996092-8d66-408a-8d8e-5065ca3330c2,f6ab14eb-1a66-4ea5-8a0f-0afbda444403,3eb474da-0af4-4439-9a00-f05397f9848b,98753967-b627-4ed9-ac27-6f09a3e5aa6b,form,urn:adsk.wipprod:dm.lineage:Dyk3AQ-FRiy-VJB0sYPdvA,f,BFH2KAVSNP5G463F,BFH2KAVSNP5G463F,2025-08-27 10:44:06,2025-08-27 10:44:06
35f5c14e-e8c2-406a-8e68-a28a8107f397,bf996092-8d66-408a-8d8e-5065ca3330c2,f6ab14eb-1a66-4ea5-8a0f-0afbda444403,a967978a-a049-4640-abbe-c65f2692c8ad,35f5c14e-e8c2-406a-8e68-a28a8107f397,form,urn:adsk.wipprod:dm.lineage:6Us9FzTSRxevftjLl9y9YA,f,BFH2KAVSNP5G463F,BFH2KAVSNP5G463F,2025-08-27 11:05:35,2025-08-27 11:05:35
024ba17c-9d9e-4a19-a68c-bf44d062152a,bf996092-8d66-408a-8d8e-5065ca3330c2,f6ab14eb-1a66-4ea5-8a0f-0afbda444403,a967978a-a049-4640-abbe-c65f2692c8ad,024ba17c-9d9e-4a19-a68c-bf44d062152a,form,urn:adsk.wipprod:dm.lineage:3kVQjj2AS3ey9GGlx8N8-g,f,BFH2KAVSNP5G463F,BFH2KAVSNP5G463F,2025-08-27 11:05:35,2025-08-27 11:05:35
15310b79-a9a5-4a94-8350-bebd29dc7b75,bf996092-8d66-408a-8d8e-5065ca3330c2,f6ab14eb-1a66-4ea5-8a0f-0afbda444403,cc23647d-23c4-4fc3-ac57-423f162acbae,15310b79-a9a5-4a94-8350-bebd29dc7b75,form,urn:adsk.wipprod:dm.lineage:V7fZC_EJSeasckZkW4eT-Q,f,BFH2KAVSNP5G463F,BFH2KAVSNP5G463F,2025-08-27 11:16:28,2025-08-27 11:16:28
33fe7e66-200d-42a0-8c6e-cc589bf3dfaa,bf996092-8d66-408a-8d8e-5065ca3330c2,f6ab14eb-1a66-4ea5-8a0f-0afbda444403,cc23647d-23c4-4fc3-ac57-423f162acbae,33fe7e66-200d-42a0-8c6e-cc589bf3dfaa,form,urn:adsk.wipprod:dm.lineage:9pz-rLCWTRKsAvlCn2yZQw,f,BFH2KAVSNP5G463F,BFH2KAVSNP5G463F,2025-08-27 11:16:34,2025-08-27 11:16:34
a5a466d4-c6bd-44e5-ba2f-8adfa115fcfa,bf996092-8d66-408a-8d8e-5065ca3330c2,f6ab14eb-1a66-4ea5-8a0f-0afbda444403,29120e82-8cc3-4034-9023-205cd6d1470f,a5a466d4-c6bd-44e5-ba2f-8adfa115fcfa,form,urn:adsk.wipprod:dm.lineage:2y0Uk0uITIOJvPXCohFKXQ,f,BFH2KAVSNP5G463F,BFH2KAVSNP5G463F,2025-07-28 11:58:12,2025-07-28 11:58:12
2f39fc8d-54ea-408b-b6cb-0f7c24bb2022,bf996092-8d66-408a-8d8e-5065ca3330c2,f6ab14eb-1a66-4ea5-8a0f-0afbda444403,29120e82-8cc3-4034-9023-205cd6d1470f,2f39fc8d-54ea-408b-b6cb-0f7c24bb2022,form,urn:adsk.wipprod:dm.lineage:Vfdlbx21SBuN6PKdUnBQuQ,f,BFH2KAVSNP5G463F,BFH2KAVSNP5G463F,2025-07-28 11:58:16,2025-07-28 11:58:16
54f9ace3-3169-4bd2-839b-e197d8c2d2b0,bf996092-8d66-408a-8d8e-5065ca3330c2,f6ab14eb-1a66-4ea5-8a0f-0afbda444403,cfcbf0ac-4595-476f-800f-b3d598f67a1a,54f9ace3-3169-4bd2-839b-e197d8c2d2b0,form,urn:adsk.wipprod:dm.lineage:QQ47v_fuQM6lW8ok_glWew,f,NXBJU9KZRN2LR6EX,NXBJU9KZRN2LR6EX,2025-07-28 12:11:09,2025-07-28 12:11:09
9350a9a5-5ec1-4465-a0ef-4ba2e7f656af,bf996092-8d66-408a-8d8e-5065ca3330c2,f6ab14eb-1a66-4ea5-8a0f-0afbda444403,cfcbf0ac-4595-476f-800f-b3d598f67a1a,9350a9a5-5ec1-4465-a0ef-4ba2e7f656af,form,urn:adsk.wipprod:dm.lineage:-lHAQ6ZQR8qIp0jKIdY1pA,f,NXBJU9KZRN2LR6EX,NXBJU9KZRN2LR6EX,2025-07-28 12:11:22,2025-07-28 12:11:22
866a0b2f-60d0-4ff5-a864-72ad258e0bdf,bf996092-8d66-408a-8d8e-5065ca3330c2,f6ab14eb-1a66-4ea5-8a0f-0afbda444403,e767ea19-e957-46da-afa7-b1114d55ac04,866a0b2f-60d0-4ff5-a864-72ad258e0bdf,form,urn:adsk.wipprod:dm.lineage:JB7UtEs2SHyLnH7IUkN15g,f,BFH2KAVSNP5G463F,BFH2KAVSNP5G463F,2025-07-28 12:13:15,2025-07-28 12:13:15
3f865da0-5e07-4475-98f4-7e7912daadf0,bf996092-8d66-408a-8d8e-5065ca3330c2,f6ab14eb-1a66-4ea5-8a0f-0afbda444403,e767ea19-e957-46da-afa7-b1114d55ac04,3f865da0-5e07-4475-98f4-7e7912daadf0,form,urn:adsk.wipprod:dm.lineage:GqeCbxGOS7mNabpqUhO2nQ,f,BFH2KAVSNP5G463F,BFH2KAVSNP5G463F,2025-07-28 12:13:15,2025-07-28 12:13:15
86e0f1c3-0536-4864-baff-c908931eaae9,bf996092-8d66-408a-8d8e-5065ca3330c2,f6ab14eb-1a66-4ea5-8a0f-0afbda444403,f26c4241-64f4-4fa7-9ea3-1346a00d4c24,86e0f1c3-0536-4864-baff-c908931eaae9,form,urn:adsk.wipprod:dm.lineage:C7Hkf4wFTe2OTUkvBYaYNA,f,NXBJU9KZRN2LR6EX,NXBJU9KZRN2LR6EX,2025-07-28 12:14:42,2025-07-28 12:14:42
e6f822f9-0d9a-46c3-a7ee-ea62b4aded02,bf996092-8d66-408a-8d8e-5065ca3330c2,f6ab14eb-1a66-4ea5-8a0f-0afbda444403,f26c4241-64f4-4fa7-9ea3-1346a00d4c24,e6f822f9-0d9a-46c3-a7ee-ea62b4aded02,form,urn:adsk.wipprod:dm.lineage:PG30j_FeTgyEzEt_OouJaQ,f,NXBJU9KZRN2LR6EX,NXBJU9KZRN2LR6EX,2025-07-28 12:14:44,2025-07-28 12:14:44
c95588c6-e655-4adf-aa22-34d0438ea118,bf996092-8d66-408a-8d8e-5065ca3330c2,f6ab14eb-1a66-4ea5-8a0f-0afbda444403,01aed312-ca1f-4d3a-9202-8762d119812d,c95588c6-e655-4adf-aa22-34d0438ea118,form,urn:adsk.wipprod:dm.lineage:G0ozVZW4RoeM4rDeJpmFNg,f,BFH2KAVSNP5G463F,BFH2KAVSNP5G463F,2025-08-09 05:40:40,2025-08-09 05:40:40
b2006c01-1fa0-4059-a5c7-d7f7a85a9d82,bf996092-8d66-408a-8d8e-5065ca3330c2,f6ab14eb-1a66-4ea5-8a0f-0afbda444403,01aed312-ca1f-4d3a-9202-8762d119812d,b2006c01-1fa0-4059-a5c7-d7f7a85a9d82,form,urn:adsk.wipprod:dm.lineage:Ay5kFSUvTMW-U1bkmy601A,f,BFH2KAVSNP5G463F,BFH2KAVSNP5G463F,2025-08-09 05:40:47,2025-08-09 05:40:47
e8c13b37-d883-4a59-ad78-5146c86f6d4b,bf996092-8d66-408a-8d8e-5065ca3330c2,f6ab14eb-1a66-4ea5-8a0f-0afbda444403,59edb493-b9b2-4087-ada8-977ca49f7ae9,e8c13b37-d883-4a59-ad78-5146c86f6d4b,form,urn:adsk.wipprod:dm.lineage:tHi4hgEdQZaEk6JHzCdR6A,f,BFH2KAVSNP5G463F,BFH2KAVSNP5G463F,2025-07-29 04:50:48,2025-07-29 04:50:48
89c869d5-e5ae-4745-8191-489453b6d700,bf996092-8d66-408a-8d8e-5065ca3330c2,f6ab14eb-1a66-4ea5-8a0f-0afbda444403,59edb493-b9b2-4087-ada8-977ca49f7ae9,89c869d5-e5ae-4745-8191-489453b6d700,form,urn:adsk.wipprod:dm.lineage:pS0nLXKiS1qw8iO5a9U__Q,f,BFH2KAVSNP5G463F,BFH2KAVSNP5G463F,2025-07-29 04:50:51,2025-07-29 04:50:51
d4699854-9ddc-4d2b-95c0-90c9a5fc8f1a,bf996092-8d66-408a-8d8e-5065ca3330c2,f6ab14eb-1a66-4ea5-8a0f-0afbda444403,01f84f83-9bda-40a2-9922-d9daae677872,d4699854-9ddc-4d2b-95c0-90c9a5fc8f1a,form,urn:adsk.wipprod:dm.lineage:F7Hg3KtZRAGZyAagt4FUJA,f,BFH2KAVSNP5G463F,BFH2KAVSNP5G463F,2025-07-29 05:25:32,2025-07-29 05:25:32
211bda84-8350-4911-bd6d-16e1f867b920,bf996092-8d66-408a-8d8e-5065ca3330c2,f6ab14eb-1a66-4ea5-8a0f-0afbda444403,01f84f83-9bda-40a2-9922-d9daae677872,211bda84-8350-4911-bd6d-16e1f867b920,form,urn:adsk.wipprod:dm.lineage:ycogKxh7Q_Wjlbaf29wXmQ,f,BFH2KAVSNP5G463F,BFH2KAVSNP5G463F,2025-07-29 05:25:33,2025-07-29 05:25:33
0ff96804-4fc1-49ee-a929-8827850c6c6b,bf996092-8d66-408a-8d8e-5065ca3330c2,f679f4cf-c089-4a2b-9b84-b14129630601,a2f046b9-b42c-4e0a-87b3-b9b4050e70dc,0ff96804-4fc1-49ee-a929-8827850c6c6b,form,urn:adsk.wipprod:dm.lineage:45Bkeq7iRlGHTDu445shVA,f,HJQ2F2PVKF9BT95Z,HJQ2F2PVKF9BT95Z,2025-07-29 05:33:28,2025-07-29 05:33:28
44d35c65-b00e-47ab-b088-097ace8c91b9,bf996092-8d66-408a-8d8e-5065ca3330c2,f6ab14eb-1a66-4ea5-8a0f-0afbda444403,d7ed84ef-8379-4c6e-943b-f59a3e737aa5,44d35c65-b00e-47ab-b088-097ace8c91b9,form,urn:adsk.wipprod:dm.lineage:C_Xhiqn_T5aYm9uaOChbug,f,BFH2KAVSNP5G463F,BFH2KAVSNP5G463F,2025-07-29 05:38:54,2025-07-29 05:38:54
46d13adf-2886-47b6-8ca2-e588472627ac,bf996092-8d66-408a-8d8e-5065ca3330c2,f679f4cf-c089-4a2b-9b84-b14129630601,23f36b84-bfca-46a8-bd87-935ec6dbb56a,46d13adf-2886-47b6-8ca2-e588472627ac,form,urn:adsk.wipprod:dm.lineage:esbB2TEETFKET8yfhan_Rw,f,3TSJN3BRN9YVX2DX,3TSJN3BRN9YVX2DX,2025-07-29 05:40:57,2025-07-29 05:40:57
e0f9c04d-056f-4e94-ab47-fc298c142607,bf996092-8d66-408a-8d8e-5065ca3330c2,f6ab14eb-1a66-4ea5-8a0f-0afbda444403,2311270a-d3d6-4102-9c29-366431fecb73,e0f9c04d-056f-4e94-ab47-fc298c142607,form,urn:adsk.wipprod:dm.lineage:8kv3jq9pRGSEZJj70SWNXA,f,BFH2KAVSNP5G463F,BFH2KAVSNP5G463F,2025-07-29 05:52:54,2025-07-29 05:52:54
60c76e4c-892c-4e99-8037-3c0bf9719f36,bf996092-8d66-408a-8d8e-5065ca3330c2,f6ab14eb-1a66-4ea5-8a0f-0afbda444403,2311270a-d3d6-4102-9c29-366431fecb73,60c76e4c-892c-4e99-8037-3c0bf9719f36,form,urn:adsk.wipprod:dm.lineage:kcZOz6P0SLWVVScpf_drMw,f,BFH2KAVSNP5G463F,BFH2KAVSNP5G463F,2025-07-29 05:52:57,2025-07-29 05:52:57
fbb91633-ff3f-478d-80a6-259146bd8161,bf996092-8d66-408a-8d8e-5065ca3330c2,f6ab14eb-1a66-4ea5-8a0f-0afbda444403,a52773c7-5355-4002-86f8-b4c99effbf94,fbb91633-ff3f-478d-80a6-259146bd8161,form,urn:adsk.wipprod:dm.lineage:fMDPEjyLSOmqJBCBNYri0A,f,BFH2KAVSNP5G463F,BFH2KAVSNP5G463F,2025-07-29 06:09:33,2025-07-29 06:09:33
4d4e50bf-a10b-4839-8514-33f7a57887e4,bf996092-8d66-408a-8d8e-5065ca3330c2,f6ab14eb-1a66-4ea5-8a0f-0afbda444403,a52773c7-5355-4002-86f8-b4c99effbf94,4d4e50bf-a10b-4839-8514-33f7a57887e4,form,urn:adsk.wipprod:dm.lineage:wjgNu1TbQPWnziw-hL9YcQ,f,BFH2KAVSNP5G463F,BFH2KAVSNP5G463F,2025-07-29 06:09:36,2025-07-29 06:09:36
d07feba6-8fbe-4483-a13c-0379704b10d7,bf996092-8d66-408a-8d8e-5065ca3330c2,f6ab14eb-1a66-4ea5-8a0f-0afbda444403,22432ae7-5b1b-4920-86f9-79a7550c5ba6,d07feba6-8fbe-4483-a13c-0379704b10d7,form,urn:adsk.wipprod:dm.lineage:YnZ6K_x5TySQDPAM9Howkg,f,BFH2KAVSNP5G463F,BFH2KAVSNP5G463F,2025-07-29 06:22:40,2025-07-29 06:22:40
e7beeaad-8bf4-4c68-a43d-fb951c0b62c8,bf996092-8d66-408a-8d8e-5065ca3330c2,f6ab14eb-1a66-4ea5-8a0f-0afbda444403,22432ae7-5b1b-4920-86f9-79a7550c5ba6,e7beeaad-8bf4-4c68-a43d-fb951c0b62c8,form,urn:adsk.wipprod:dm.lineage:mN-2JNCZST-ah-285oEOmQ,f,BFH2KAVSNP5G463F,BFH2KAVSNP5G463F,2025-07-29 06:22:44,2025-07-29 06:22:44
55064fd9-6510-499f-80ca-5c98294ce118,bf996092-8d66-408a-8d8e-5065ca3330c2,f679f4cf-c089-4a2b-9b84-b14129630601,672e9392-3242-436b-878d-df8e627dcfaf,55064fd9-6510-499f-80ca-5c98294ce118,form,urn:adsk.wipprod:dm.lineage:2HquqlWcSD6xoXobdz-THQ,f,HJQ2F2PVKF9BT95Z,HJQ2F2PVKF9BT95Z,2025-07-29 06:23:53,2025-07-29 06:23:53
30539b01-9476-4c4a-992d-108a2551c965,bf996092-8d66-408a-8d8e-5065ca3330c2,f6ab14eb-1a66-4ea5-8a0f-0afbda444403,cea3c4ef-eaeb-45e8-8b22-bdc80766b2b8,30539b01-9476-4c4a-992d-108a2551c965,form,urn:adsk.wipprod:dm.lineage:6_FcKSwFTTiNrJIGIoR2cA,f,BFH2KAVSNP5G463F,BFH2KAVSNP5G463F,2025-07-29 06:36:13,2025-07-29 06:36:13
b7fb1f9b-a641-4f3e-9086-f3cc13f7ec68,bf996092-8d66-408a-8d8e-5065ca3330c2,f6ab14eb-1a66-4ea5-8a0f-0afbda444403,cea3c4ef-eaeb-45e8-8b22-bdc80766b2b8,b7fb1f9b-a641-4f3e-9086-f3cc13f7ec68,form,urn:adsk.wipprod:dm.lineage:b9fJ7usYR260LL-LtS3qqw,f,BFH2KAVSNP5G463F,BFH2KAVSNP5G463F,2025-07-29 06:36:14,2025-07-29 06:36:14
bb0da4e5-e32f-4a0e-8bad-8b75a150e4c5,bf996092-8d66-408a-8d8e-5065ca3330c2,f6ab14eb-1a66-4ea5-8a0f-0afbda444403,db29fb24-b258-4bd6-b31b-6d3f1e3c5720,bb0da4e5-e32f-4a0e-8bad-8b75a150e4c5,form,urn:adsk.wipprod:dm.lineage:d7_sPClcR2WlsIhB0OX-UQ,f,BFH2KAVSNP5G463F,BFH2KAVSNP5G463F,2025-07-29 06:49:19,2025-07-29 06:49:19
6126654a-7b9d-4784-ad28-fe5d4724a620,bf996092-8d66-408a-8d8e-5065ca3330c2,f6ab14eb-1a66-4ea5-8a0f-0afbda444403,db29fb24-b258-4bd6-b31b-6d3f1e3c5720,6126654a-7b9d-4784-ad28-fe5d4724a620,form,urn:adsk.wipprod:dm.lineage:cQQ9sRpTQTiXEMFotPAjvA,f,BFH2KAVSNP5G463F,BFH2KAVSNP5G463F,2025-07-29 06:49:23,2025-07-29 06:49:23
b8b1ce55-486e-4f27-9c64-4f73ff62ebf0,bf996092-8d66-408a-8d8e-5065ca3330c2,f6ab14eb-1a66-4ea5-8a0f-0afbda444403,b4c6b959-878f-4ae4-b8e9-c83eb2c4a0d2,b8b1ce55-486e-4f27-9c64-4f73ff62ebf0,form,urn:adsk.wipprod:dm.lineage:VOqidPzrSB-UXb_th16jUw,f,BFH2KAVSNP5G463F,BFH2KAVSNP5G463F,2025-07-29 06:57:14,2025-07-29 06:57:14
a1c64ec5-f95c-47f3-927c-792a9bd0845f,bf996092-8d66-408a-8d8e-5065ca3330c2,f6ab14eb-1a66-4ea5-8a0f-0afbda444403,b4c6b959-878f-4ae4-b8e9-c83eb2c4a0d2,a1c64ec5-f95c-47f3-927c-792a9bd0845f,form,urn:adsk.wipprod:dm.lineage:0btjo279TpiRoVgZqTlPAQ,f,BFH2KAVSNP5G463F,BFH2KAVSNP5G463F,2025-07-29 06:57:14,2025-07-29 06:57:14
dcead6f9-6021-4ed7-af06-bd4f255778cb,bf996092-8d66-408a-8d8e-5065ca3330c2,f6ab14eb-1a66-4ea5-8a0f-0afbda444403,a28f4d38-7eda-4852-a9a9-81e9642fbbd6,dcead6f9-6021-4ed7-af06-bd4f255778cb,form,urn:adsk.wipprod:dm.lineage:kh5cDZgbRYK2M7fB95ISGg,f,BFH2KAVSNP5G463F,BFH2KAVSNP5G463F,2025-07-29 07:11:26,2025-07-29 07:11:26
6fa092af-cbd1-4818-af75-61da87f35519,bf996092-8d66-408a-8d8e-5065ca3330c2,f6ab14eb-1a66-4ea5-8a0f-0afbda444403,a28f4d38-7eda-4852-a9a9-81e9642fbbd6,6fa092af-cbd1-4818-af75-61da87f35519,form,urn:adsk.wipprod:dm.lineage:tbPMzoDYRW-kakP7gfapFQ,f,BFH2KAVSNP5G463F,BFH2KAVSNP5G463F,2025-07-29 07:11:31,2025-07-29 07:11:31
490e00cb-5359-4583-b5ee-19b0623a72d8,bf996092-8d66-408a-8d8e-5065ca3330c2,f6ab14eb-1a66-4ea5-8a0f-0afbda444403,bf993572-4f10-41d7-bc5e-201d30d5752c,490e00cb-5359-4583-b5ee-19b0623a72d8,form,urn:adsk.wipprod:dm.lineage:TaEZfI3hRuWlQkU6pIM7Ww,f,BFH2KAVSNP5G463F,BFH2KAVSNP5G463F,2025-07-29 07:23:30,2025-07-29 07:23:30
607afcf4-7f63-4ff2-aeb1-4893e671ac8d,bf996092-8d66-408a-8d8e-5065ca3330c2,f6ab14eb-1a66-4ea5-8a0f-0afbda444403,bf993572-4f10-41d7-bc5e-201d30d5752c,607afcf4-7f63-4ff2-aeb1-4893e671ac8d,form,urn:adsk.wipprod:dm.lineage:q6Xht9FoQp6HvkTl4t1l9w,f,BFH2KAVSNP5G463F,BFH2KAVSNP5G463F,2025-07-29 07:23:30,2025-07-29 07:23:30
8372d825-c226-4a57-b160-9cd0da7e02a2,bf996092-8d66-408a-8d8e-5065ca3330c2,f6ab14eb-1a66-4ea5-8a0f-0afbda444403,86d80aeb-6660-4c5d-8b6a-50c810308478,8372d825-c226-4a57-b160-9cd0da7e02a2,form,urn:adsk.wipprod:dm.lineage:OJENaYKsScO_uO8j9tpZLg,f,BFH2KAVSNP5G463F,BFH2KAVSNP5G463F,2025-07-29 08:02:24,2025-07-29 08:02:24
bdf106e8-fb6f-4d33-b495-bbb495489a3c,bf996092-8d66-408a-8d8e-5065ca3330c2,f6ab14eb-1a66-4ea5-8a0f-0afbda444403,86d80aeb-6660-4c5d-8b6a-50c810308478,bdf106e8-fb6f-4d33-b495-bbb495489a3c,form,urn:adsk.wipprod:dm.lineage:laFrojm-S6-GaFbY3tAc3w,f,BFH2KAVSNP5G463F,BFH2KAVSNP5G463F,2025-07-29 08:02:28,2025-07-29 08:02:28
79c63b22-8eef-4a4b-8bdd-550498eca391,bf996092-8d66-408a-8d8e-5065ca3330c2,f6ab14eb-1a66-4ea5-8a0f-0afbda444403,3af9ac01-b9d6-4b50-ac39-36bafc7d1012,79c63b22-8eef-4a4b-8bdd-550498eca391,form,urn:adsk.wipprod:dm.lineage:4C5Hv4C4SyulBKO5dnZ3Ow,f,BFH2KAVSNP5G463F,BFH2KAVSNP5G463F,2025-08-04 04:05:32,2025-08-04 04:05:32
f217e62e-269e-4a3e-baf7-21b6153bbe90,bf996092-8d66-408a-8d8e-5065ca3330c2,f6ab14eb-1a66-4ea5-8a0f-0afbda444403,3af9ac01-b9d6-4b50-ac39-36bafc7d1012,f217e62e-269e-4a3e-baf7-21b6153bbe90,form,urn:adsk.wipprod:dm.lineage:DaupM7qcTzmIAJuCjMeyWQ,f,BFH2KAVSNP5G463F,BFH2KAVSNP5G463F,2025-08-04 04:05:33,2025-08-04 04:05:33
e61b789e-76c3-4880-a28c-d8c6da64bf67,bf996092-8d66-408a-8d8e-5065ca3330c2,f6ab14eb-1a66-4ea5-8a0f-0afbda444403,26f78f63-fcd2-4b40-badf-95d2e923d821,e61b789e-76c3-4880-a28c-d8c6da64bf67,form,urn:adsk.wipprod:dm.lineage:8QiVTxmfRYOrNhp1RMyURw,f,BFH2KAVSNP5G463F,BFH2KAVSNP5G463F,2025-08-04 04:22:31,2025-08-04 04:22:31
522572aa-bc38-475a-9b38-7f6d31e9c9be,bf996092-8d66-408a-8d8e-5065ca3330c2,f6ab14eb-1a66-4ea5-8a0f-0afbda444403,26f78f63-fcd2-4b40-badf-95d2e923d821,522572aa-bc38-475a-9b38-7f6d31e9c9be,form,urn:adsk.wipprod:dm.lineage:ybjXs3gaQzqO69peG_19kw,f,BFH2KAVSNP5G463F,BFH2KAVSNP5G463F,2025-08-04 04:22:34,2025-08-04 04:22:34
1c895668-9143-45d0-aefb-8fa232d5e147,bf996092-8d66-408a-8d8e-5065ca3330c2,f6ab14eb-1a66-4ea5-8a0f-0afbda444403,d3d90218-e70a-49c2-9b82-6df52e42db5b,1c895668-9143-45d0-aefb-8fa232d5e147,form,urn:adsk.wipprod:dm.lineage:XTLWeQTdTA6JYaxTAbBZgQ,f,BFH2KAVSNP5G463F,BFH2KAVSNP5G463F,2025-08-04 04:46:48,2025-08-04 04:46:48
0c70fbbb-87d4-443e-9427-7be1e810d5bc,bf996092-8d66-408a-8d8e-5065ca3330c2,f6ab14eb-1a66-4ea5-8a0f-0afbda444403,d3d90218-e70a-49c2-9b82-6df52e42db5b,0c70fbbb-87d4-443e-9427-7be1e810d5bc,form,urn:adsk.wipprod:dm.lineage:hLJzRck-RsSdQfrBDGg8yw,f,BFH2KAVSNP5G463F,BFH2KAVSNP5G463F,2025-08-04 04:46:53,2025-08-04 04:46:53
87355b61-31b6-4b9a-a031-5e2bc88960a0,bf996092-8d66-408a-8d8e-5065ca3330c2,f6ab14eb-1a66-4ea5-8a0f-0afbda444403,15501360-14ec-47f9-9f56-689164c1b4e7,87355b61-31b6-4b9a-a031-5e2bc88960a0,form,urn:adsk.wipprod:dm.lineage:FxJX4ZQIS4aMt_5Mth80Qg,f,BFH2KAVSNP5G463F,BFH2KAVSNP5G463F,2025-08-04 05:18:33,2025-08-04 05:18:33
c3cf242e-1330-4d82-b1e0-73665dca672f,bf996092-8d66-408a-8d8e-5065ca3330c2,f6ab14eb-1a66-4ea5-8a0f-0afbda444403,15501360-14ec-47f9-9f56-689164c1b4e7,c3cf242e-1330-4d82-b1e0-73665dca672f,form,urn:adsk.wipprod:dm.lineage:eA-MLJCqQVS0SNFy1N9O5g,f,BFH2KAVSNP5G463F,BFH2KAVSNP5G463F,2025-08-04 05:18:36,2025-08-04 05:18:36
a8792b07-a9bc-41b6-bf1e-fd06a66f3a12,bf996092-8d66-408a-8d8e-5065ca3330c2,f6ab14eb-1a66-4ea5-8a0f-0afbda444403,03fbf1e4-80eb-4166-b3c7-11c6e06f1acf,a8792b07-a9bc-41b6-bf1e-fd06a66f3a12,form,urn:adsk.wipprod:dm.lineage:eyp0nBKoSISVHHLkZlGlyA,f,BFH2KAVSNP5G463F,BFH2KAVSNP5G463F,2025-08-04 05:32:46,2025-08-04 05:32:46
d08ad3d1-2926-4756-aa80-1f871a2ec5aa,bf996092-8d66-408a-8d8e-5065ca3330c2,f6ab14eb-1a66-4ea5-8a0f-0afbda444403,03fbf1e4-80eb-4166-b3c7-11c6e06f1acf,d08ad3d1-2926-4756-aa80-1f871a2ec5aa,form,urn:adsk.wipprod:dm.lineage:qTmMDozhRlGf3maSYLlTCg,f,BFH2KAVSNP5G463F,BFH2KAVSNP5G463F,2025-08-04 05:32:50,2025-08-04 05:32:50
49295bf8-b1ce-4e7c-87a3-daacbe89d7d5,bf996092-8d66-408a-8d8e-5065ca3330c2,f6ab14eb-1a66-4ea5-8a0f-0afbda444403,3856da91-a2bb-4a63-afa1-22c8a5a043f9,49295bf8-b1ce-4e7c-87a3-daacbe89d7d5,form,urn:adsk.wipprod:dm.lineage:v5-M565XTJW86grrqW_-_g,f,BFH2KAVSNP5G463F,BFH2KAVSNP5G463F,2025-08-04 06:13:50,2025-08-04 06:13:50
cda0a476-99c1-4853-ab66-f049c20dcbc4,bf996092-8d66-408a-8d8e-5065ca3330c2,f6ab14eb-1a66-4ea5-8a0f-0afbda444403,3856da91-a2bb-4a63-afa1-22c8a5a043f9,cda0a476-99c1-4853-ab66-f049c20dcbc4,form,urn:adsk.wipprod:dm.lineage:4TVjXNbMQUu6SxjxpBHpQw,f,BFH2KAVSNP5G463F,BFH2KAVSNP5G463F,2025-08-04 06:13:58,2025-08-04 06:13:58
0c21fdfd-a90b-4909-985a-737daf159c5a,bf996092-8d66-408a-8d8e-5065ca3330c2,f6ab14eb-1a66-4ea5-8a0f-0afbda444403,8f11ecb9-b3d9-4f55-b8e2-b23d7f3e6f16,0c21fdfd-a90b-4909-985a-737daf159c5a,form,urn:adsk.wipprod:dm.lineage:d8QnXrKVSI2oBH2bHhbOOA,f,BFH2KAVSNP5G463F,BFH2KAVSNP5G463F,2025-08-05 12:44:05,2025-08-05 12:44:05
660bb79d-d011-4605-8358-8d249c397761,bf996092-8d66-408a-8d8e-5065ca3330c2,f6ab14eb-1a66-4ea5-8a0f-0afbda444403,8f11ecb9-b3d9-4f55-b8e2-b23d7f3e6f16,660bb79d-d011-4605-8358-8d249c397761,form,urn:adsk.wipprod:dm.lineage:sgo7jJRXQqmfZmeyiUX-9Q,f,BFH2KAVSNP5G463F,BFH2KAVSNP5G463F,2025-08-05 12:44:11,2025-08-05 12:44:11
250dea21-d5c6-4fd6-b390-34f50882fd12,bf996092-8d66-408a-8d8e-5065ca3330c2,f6ab14eb-1a66-4ea5-8a0f-0afbda444403,8f11ecb9-b3d9-4f55-b8e2-b23d7f3e6f16,250dea21-d5c6-4fd6-b390-34f50882fd12,form,urn:adsk.wipprod:dm.lineage:hdGxnTimTcy3W_xlz0HV2w,f,NXBJU9KZRN2LR6EX,NXBJU9KZRN2LR6EX,2025-08-05 12:54:42,2025-08-05 12:54:42
ad5f5957-4339-43cd-a28c-bdbe6bdd49d5,bf996092-8d66-408a-8d8e-5065ca3330c2,f6ab14eb-1a66-4ea5-8a0f-0afbda444403,8f11ecb9-b3d9-4f55-b8e2-b23d7f3e6f16,ad5f5957-4339-43cd-a28c-bdbe6bdd49d5,form,urn:adsk.wipprod:dm.lineage:tLrTIwqyRre52aLp-PT0Bw,f,NXBJU9KZRN2LR6EX,NXBJU9KZRN2LR6EX,2025-08-05 12:54:45,2025-08-05 12:54:45
b01d69be-7fa6-413c-835d-9dc4f6672cdc,bf996092-8d66-408a-8d8e-5065ca3330c2,f6ab14eb-1a66-4ea5-8a0f-0afbda444403,eb4c7466-0060-4751-829e-ef4aa452d808,b01d69be-7fa6-413c-835d-9dc4f6672cdc,form,urn:adsk.wipprod:dm.lineage:G_CTfX5GSjuztvSW71D4IQ,f,BFH2KAVSNP5G463F,BFH2KAVSNP5G463F,2025-08-05 13:00:41,2025-08-05 13:00:41
e3bbe069-ef09-455c-ba2d-22a194549609,bf996092-8d66-408a-8d8e-5065ca3330c2,f6ab14eb-1a66-4ea5-8a0f-0afbda444403,eb4c7466-0060-4751-829e-ef4aa452d808,e3bbe069-ef09-455c-ba2d-22a194549609,form,urn:adsk.wipprod:dm.lineage:3PmG4jTxSr-rFF3A9gTJvQ,f,BFH2KAVSNP5G463F,BFH2KAVSNP5G463F,2025-08-05 13:00:45,2025-08-05 13:00:45
f3030680-3f76-4786-b804-e882b8314785,bf996092-8d66-408a-8d8e-5065ca3330c2,f6ab14eb-1a66-4ea5-8a0f-0afbda444403,11696c64-fd31-454d-bd6a-5b1b7384c750,f3030680-3f76-4786-b804-e882b8314785,form,urn:adsk.wipprod:dm.lineage:mW4lQRH0RvWS3IaJm9TjBg,f,BFH2KAVSNP5G463F,BFH2KAVSNP5G463F,2025-08-13 12:31:57,2025-08-13 12:31:57
b4c93998-37b1-4d05-a54e-89d2e5170335,bf996092-8d66-408a-8d8e-5065ca3330c2,f6ab14eb-1a66-4ea5-8a0f-0afbda444403,e422a995-5579-467d-ad44-239df85f04e5,b4c93998-37b1-4d05-a54e-89d2e5170335,form,urn:adsk.wipprod:dm.lineage:jvaU4g7QSDCIJEwSqqSzZQ,t,BFH2KAVSNP5G463F,BFH2KAVSNP5G463F,2025-08-13 12:40:18,2025-08-13 12:40:30
6bb41384-691d-4eb1-a351-67e1d44b13a4,bf996092-8d66-408a-8d8e-5065ca3330c2,f6ab14eb-1a66-4ea5-8a0f-0afbda444403,e422a995-5579-467d-ad44-239df85f04e5,6bb41384-691d-4eb1-a351-67e1d44b13a4,form,urn:adsk.wipprod:dm.lineage:m21P2WNXS8iWswLqGXGRag,f,BFH2KAVSNP5G463F,BFH2KAVSNP5G463F,2025-08-13 12:42:43,2025-08-13 12:42:43
d924c3bd-cdbe-4957-a4e7-a1d1d1c9e64d,bf996092-8d66-408a-8d8e-5065ca3330c2,f6ab14eb-1a66-4ea5-8a0f-0afbda444403,6257ffb9-5b9b-4586-b4dc-352ab956ca37,d924c3bd-cdbe-4957-a4e7-a1d1d1c9e64d,form,urn:adsk.wipprod:dm.lineage:kA278D7ZSb6Vk5jg8hVTDg,f,BFH2KAVSNP5G463F,BFH2KAVSNP5G463F,2025-08-28 13:41:26,2025-08-28 13:41:26
ba441fee-88e5-4eac-977f-7a049e1c8cfd,bf996092-8d66-408a-8d8e-5065ca3330c2,f6ab14eb-1a66-4ea5-8a0f-0afbda444403,6257ffb9-5b9b-4586-b4dc-352ab956ca37,ba441fee-88e5-4eac-977f-7a049e1c8cfd,form,urn:adsk.wipprod:dm.lineage:UPIK6zIyRLmfFhRRRtQ9yw,f,BFH2KAVSNP5G463F,BFH2KAVSNP5G463F,2025-08-28 13:41:29,2025-08-28 13:41:29
8cd4fa69-0319-4fee-98ce-56d05a2a7df9,bf996092-8d66-408a-8d8e-5065ca3330c2,f6ab14eb-1a66-4ea5-8a0f-0afbda444403,e95dfc16-e414-4715-bfbf-59016c567341,8cd4fa69-0319-4fee-98ce-56d05a2a7df9,form,urn:adsk.wipprod:dm.lineage:uKNcR989Rqab7qso2rg1Pg,f,BFH2KAVSNP5G463F,BFH2KAVSNP5G463F,2025-08-28 13:49:54,2025-08-28 13:49:54
af423870-369b-4524-af25-4aaec071bef9,bf996092-8d66-408a-8d8e-5065ca3330c2,f6ab14eb-1a66-4ea5-8a0f-0afbda444403,e95dfc16-e414-4715-bfbf-59016c567341,af423870-369b-4524-af25-4aaec071bef9,form,urn:adsk.wipprod:dm.lineage:MOnMZb_nSw208GUXWfePDQ,f,BFH2KAVSNP5G463F,BFH2KAVSNP5G463F,2025-08-28 13:49:55,2025-08-28 13:49:55
fc2ba61f-e16f-4a6a-a6bf-c7b2b83a2d50,bf996092-8d66-408a-8d8e-5065ca3330c2,f679f4cf-c089-4a2b-9b84-b14129630601,bbb71615-8486-4daf-9220-d7b32071a6a9,fc2ba61f-e16f-4a6a-a6bf-c7b2b83a2d50,form,urn:adsk.wipprod:dm.lineage:llUGMSJnR46nYm-15gSpyw,f,3TSJN3BRN9YVX2DX,3TSJN3BRN9YVX2DX,2025-08-26 14:07:14,2025-08-26 14:07:14
0293aa35-e35e-465a-ad6f-7e2fc76dcf77,bf996092-8d66-408a-8d8e-5065ca3330c2,f679f4cf-c089-4a2b-9b84-b14129630601,4b70f56b-9dbc-4bae-bd78-417a17c80318,0293aa35-e35e-465a-ad6f-7e2fc76dcf77,form,urn:adsk.wipprod:dm.lineage:gU_TzaDrTKKqh8V1kOY4sQ,f,3TSJN3BRN9YVX2DX,3TSJN3BRN9YVX2DX,2025-08-26 14:27:17,2025-08-26 14:27:17
36ddcffe-e044-452b-b053-5affb799c3ce,bf996092-8d66-408a-8d8e-5065ca3330c2,f679f4cf-c089-4a2b-9b84-b14129630601,e382ffb0-bf60-4ab6-b6f6-32c4354f91eb,36ddcffe-e044-452b-b053-5affb799c3ce,form,urn:adsk.wipprod:dm.lineage:hREitdqiQcqwZFfOoWM7kg,f,3TSJN3BRN9YVX2DX,3TSJN3BRN9YVX2DX,2025-08-26 14:30:04,2025-08-26 14:30:04
6127419b-dbbc-4a31-aa94-93db11b195c3,bf996092-8d66-408a-8d8e-5065ca3330c2,f679f4cf-c089-4a2b-9b84-b14129630601,2a23cafd-ed67-4491-a6a3-ed9199f84802,6127419b-dbbc-4a31-aa94-93db11b195c3,form,urn:adsk.wipprod:dm.lineage:rjkdqdqeSmSDT6pzIQ2z0g,t,3TSJN3BRN9YVX2DX,3TSJN3BRN9YVX2DX,2025-08-26 14:34:35,2025-08-26 14:35:06
2afc3407-d323-4297-ac28-8c435e8227f2,bf996092-8d66-408a-8d8e-5065ca3330c2,f679f4cf-c089-4a2b-9b84-b14129630601,ca9d080c-ae58-419f-8caa-a71ce75cbe94,2afc3407-d323-4297-ac28-8c435e8227f2,form,urn:adsk.wipprod:dm.lineage:VZs2LRe2R0KIYLo-D177YQ,f,3TSJN3BRN9YVX2DX,3TSJN3BRN9YVX2DX,2025-08-27 07:21:33,2025-08-27 07:21:33
