weather_id,bim360_account_id,bim360_project_id,hour,summary_key,temp,wind_speed,wind_bearing,humidity,fetched_at,created_at,updated_at
17536158,bf996092-8d66-408a-8d8e-5065ca3330c2,967e785d-d83c-490b-8d6a-2ed926c956ac,07:00:00,MostlyClear,82.886,3.7,237,0.480,2025-06-27 06:46:36.793153,2025-05-07 06:43:33.062346,2025-06-27 06:46:36.796617
17536158,bf996092-8d66-408a-8d8e-5065ca3330c2,967e785d-d83c-490b-8d6a-2ed926c956ac,12:00:00,MostlyClear,105.278,9.1,296,0.230,2025-06-27 06:46:36.793436,2025-05-07 06:43:33.062349,2025-06-27 06:46:36.797616
17536158,bf996092-8d66-408a-8d8e-5065ca3330c2,967e785d-d83c-490b-8d6a-2ed926c956ac,16:00:00,PartlyCloudy,107.762,11.3,312,0.180,2025-06-27 06:46:36.793664,2025-05-07 06:43:33.06235,2025-06-27 06:46:36.798351
19575015,bf996092-8d66-408a-8d8e-5065ca3330c2,f6ab14eb-1a66-4ea5-8a0f-0afbda444403,07:00:00,MostlyCloudy,79.754,2.9,185,0.930,2025-08-03 06:49:29.310283,2025-07-24 06:45:32.322242,2025-08-03 06:49:29.330839
19575015,bf996092-8d66-408a-8d8e-5065ca3330c2,f6ab14eb-1a66-4ea5-8a0f-0afbda444403,12:00:00,MostlyCloudy,88.106,4.4,173,0.760,2025-08-03 06:49:29.310592,2025-07-24 06:45:32.322245,2025-08-03 06:49:29.331603
19575015,bf996092-8d66-408a-8d8e-5065ca3330c2,f6ab14eb-1a66-4ea5-8a0f-0afbda444403,16:00:00,MostlyCloudy,87.926,5.3,221,0.750,2025-08-03 06:49:29.310834,2025-07-24 06:45:32.322246,2025-08-03 06:49:29.331605
19645170,bf996092-8d66-408a-8d8e-5065ca3330c2,f6ab14eb-1a66-4ea5-8a0f-0afbda444403,07:00:00,Thunderstorms,80.114,2.3,278,0.950,2025-08-04 06:25:33.460361,2025-07-28 10:17:58.161571,2025-08-04 06:25:33.476218
19645170,bf996092-8d66-408a-8d8e-5065ca3330c2,f6ab14eb-1a66-4ea5-8a0f-0afbda444403,12:00:00,Rain,82.958,3.5,256,0.870,2025-08-04 06:25:33.46065,2025-07-28 10:17:58.161573,2025-08-04 06:25:33.47622
19645170,bf996092-8d66-408a-8d8e-5065ca3330c2,f6ab14eb-1a66-4ea5-8a0f-0afbda444403,16:00:00,Drizzle,82.76,5.4,256,0.860,2025-08-04 06:25:33.460904,2025-07-28 10:17:58.161574,2025-08-04 06:25:33.47622
19812215,bf996092-8d66-408a-8d8e-5065ca3330c2,f6ab14eb-1a66-4ea5-8a0f-0afbda444403,07:00:00,Cloudy,78.674,5.0,171,0.940,2025-08-10 05:01:29.560382,2025-08-02 07:37:19.254764,2025-08-10 05:01:29.586097
19812215,bf996092-8d66-408a-8d8e-5065ca3330c2,f6ab14eb-1a66-4ea5-8a0f-0afbda444403,12:00:00,Cloudy,84.884,4.2,184,0.790,2025-08-10 05:01:29.560834,2025-08-02 07:37:19.254767,2025-08-10 05:01:29.586099
19812215,bf996092-8d66-408a-8d8e-5065ca3330c2,f6ab14eb-1a66-4ea5-8a0f-0afbda444403,16:00:00,MostlyCloudy,87.476,3.9,205,0.760,2025-08-10 05:01:29.561178,2025-08-02 07:37:19.254768,2025-08-10 05:01:29.5861
17918870,bf996092-8d66-408a-8d8e-5065ca3330c2,f679f4cf-c089-4a2b-9b84-b14129630601,07:00:00,Clear,80.312,5.5,91,0.820,2025-05-28 06:38:26.119112,2025-05-22 09:28:52.300336,2025-05-28 06:38:26.142446
17918870,bf996092-8d66-408a-8d8e-5065ca3330c2,f679f4cf-c089-4a2b-9b84-b14129630601,12:00:00,MostlyClear,92.084,5.7,127,0.590,2025-05-28 06:38:26.11951,2025-05-22 09:28:52.300338,2025-05-28 06:38:26.143573
17918870,bf996092-8d66-408a-8d8e-5065ca3330c2,f679f4cf-c089-4a2b-9b84-b14129630601,16:00:00,MostlyClear,95.45,2.7,103,0.500,2025-05-28 06:38:26.119816,2025-05-22 09:28:52.300339,2025-05-28 06:38:26.144711
19912947,bf996092-8d66-408a-8d8e-5065ca3330c2,f6ab14eb-1a66-4ea5-8a0f-0afbda444403,07:00:00,MostlyClear,80.546,4.3,80,0.920,2025-08-27 10:03:02.198884,2025-08-06 11:40:05.559736,2025-08-27 10:03:02.208068
19912947,bf996092-8d66-408a-8d8e-5065ca3330c2,f6ab14eb-1a66-4ea5-8a0f-0afbda444403,12:00:00,PartlyCloudy,90.5,6.8,106,0.680,2025-08-27 10:03:02.19918,2025-08-06 11:40:05.559739,2025-08-27 10:03:02.20807
19912947,bf996092-8d66-408a-8d8e-5065ca3330c2,f6ab14eb-1a66-4ea5-8a0f-0afbda444403,16:00:00,PartlyCloudy,90.878,5.3,76,0.660,2025-08-27 10:03:02.199413,2025-08-06 11:40:05.559741,2025-08-27 10:03:02.208071
20095150,bf996092-8d66-408a-8d8e-5065ca3330c2,f6ab14eb-1a66-4ea5-8a0f-0afbda444403,07:00:00,Cloudy,79.988,3.4,151,0.930,2025-08-24 04:31:04.398271,2025-08-13 09:57:51.180819,2025-08-24 04:31:04.418896
20095150,bf996092-8d66-408a-8d8e-5065ca3330c2,f6ab14eb-1a66-4ea5-8a0f-0afbda444403,12:00:00,MostlyCloudy,85.82,4.0,191,0.780,2025-08-24 04:31:04.398558,2025-08-13 09:57:51.180822,2025-08-24 04:31:04.418898
20095150,bf996092-8d66-408a-8d8e-5065ca3330c2,f6ab14eb-1a66-4ea5-8a0f-0afbda444403,16:00:00,MostlyCloudy,86.918,4.8,92,0.750,2025-08-24 04:31:04.398788,2025-08-13 09:57:51.180823,2025-08-24 04:31:04.418898
17503670,bf996092-8d66-408a-8d8e-5065ca3330c2,967e785d-d83c-490b-8d6a-2ed926c956ac,07:00:00,MostlyCloudy,75.236,4.0,170,0.770,2025-05-07 09:50:49.655256,2025-05-06 06:29:49.720232,2025-05-07 09:50:49.67794
17503670,bf996092-8d66-408a-8d8e-5065ca3330c2,967e785d-d83c-490b-8d6a-2ed926c956ac,12:00:00,MostlyCloudy,87.692,4.3,152,0.500,2025-05-07 09:50:49.655685,2025-05-06 06:29:49.720235,2025-05-07 09:50:49.677943
17503670,bf996092-8d66-408a-8d8e-5065ca3330c2,967e785d-d83c-490b-8d6a-2ed926c956ac,16:00:00,MostlyCloudy,90.482,8.0,165,0.440,2025-05-07 09:50:49.655979,2025-05-06 06:29:49.720236,2025-05-07 09:50:49.677944
20251717,bf996092-8d66-408a-8d8e-5065ca3330c2,f6ab14eb-1a66-4ea5-8a0f-0afbda444403,07:00:00,PartlyCloudy,80.6,3.1,112,0.910,2025-08-27 14:27:03.007413,2025-08-19 03:57:55.111408,2025-08-27 14:27:03.025915
20251717,bf996092-8d66-408a-8d8e-5065ca3330c2,f6ab14eb-1a66-4ea5-8a0f-0afbda444403,12:00:00,MostlyCloudy,89.636,7.7,105,0.700,2025-08-27 14:27:03.007724,2025-08-19 03:57:55.111411,2025-08-27 14:27:03.027468
20251717,bf996092-8d66-408a-8d8e-5065ca3330c2,f6ab14eb-1a66-4ea5-8a0f-0afbda444403,16:00:00,PartlyCloudy,91.22,5.1,109,0.660,2025-08-27 14:27:03.007959,2025-08-19 03:57:55.111412,2025-08-27 14:27:03.028277
19218302,bf996092-8d66-408a-8d8e-5065ca3330c2,f6ab14eb-1a66-4ea5-8a0f-0afbda444403,16:00:00,MostlyClear,93.434,8.5,257,0.570,2025-07-20 07:18:49.918617,2025-07-10 16:57:59.404174,2025-07-20 07:18:49.941732
19218302,bf996092-8d66-408a-8d8e-5065ca3330c2,f6ab14eb-1a66-4ea5-8a0f-0afbda444403,07:00:00,Clear,81.194,4.4,240,0.870,2025-07-20 07:18:49.918088,2025-07-10 16:57:59.404171,2025-07-20 07:18:49.938598
19218302,bf996092-8d66-408a-8d8e-5065ca3330c2,f6ab14eb-1a66-4ea5-8a0f-0afbda444403,12:00:00,MostlyClear,91.166,6.7,250,0.630,2025-07-20 07:18:49.918386,2025-07-10 16:57:59.404173,2025-07-20 07:18:49.940283
20251717,bf996092-8d66-408a-8d8e-5065ca3330c2,f6ab14eb-1a66-4ea5-8a0f-0afbda444403,07:00:00,PartlyCloudy,80.6,3.1,112,0.910,2025-08-27 14:27:03.007413,2025-08-19 03:57:55.111408,2025-08-27 14:27:03.025915
20251717,bf996092-8d66-408a-8d8e-5065ca3330c2,f6ab14eb-1a66-4ea5-8a0f-0afbda444403,12:00:00,MostlyCloudy,89.636,7.7,105,0.700,2025-08-27 14:27:03.007724,2025-08-19 03:57:55.111411,2025-08-27 14:27:03.027468
20251717,bf996092-8d66-408a-8d8e-5065ca3330c2,f6ab14eb-1a66-4ea5-8a0f-0afbda444403,16:00:00,PartlyCloudy,91.22,5.1,109,0.660,2025-08-27 14:27:03.007959,2025-08-19 03:57:55.111412,2025-08-27 14:27:03.028277
17349569,bf996092-8d66-408a-8d8e-5065ca3330c2,ada6015d-9fce-4f2c-b20f-fc9122d2face,07:00:00,Clear,78.548,6.8,106,0.620,2025-04-30 10:44:30.727177,2025-04-30 10:44:30.751401,2025-04-30 10:44:30.751403
17349569,bf996092-8d66-408a-8d8e-5065ca3330c2,ada6015d-9fce-4f2c-b20f-fc9122d2face,12:00:00,Clear,92.822,8.0,119,0.410,2025-04-30 10:44:30.727553,2025-04-30 10:44:30.751404,2025-04-30 10:44:30.751404
17349569,bf996092-8d66-408a-8d8e-5065ca3330c2,ada6015d-9fce-4f2c-b20f-fc9122d2face,16:00:00,MostlyClear,97.016,3.7,114,0.310,2025-04-30 10:44:30.727849,2025-04-30 10:44:30.751405,2025-04-30 10:44:30.751405
19130267,bf996092-8d66-408a-8d8e-5065ca3330c2,ada6015d-9fce-4f2c-b20f-fc9122d2face,07:00:00,Cloudy,79.592,5.2,132,0.910,2025-07-17 05:55:35.684319,2025-07-08 09:49:20.095015,2025-07-17 05:55:35.707461
19130267,bf996092-8d66-408a-8d8e-5065ca3330c2,ada6015d-9fce-4f2c-b20f-fc9122d2face,12:00:00,Drizzle,83.984,7.8,130,0.760,2025-07-17 05:55:35.684835,2025-07-08 09:49:20.095018,2025-07-17 05:55:35.707463
19130267,bf996092-8d66-408a-8d8e-5065ca3330c2,ada6015d-9fce-4f2c-b20f-fc9122d2face,16:00:00,Cloudy,87.134,5.0,104,0.710,2025-07-17 05:55:35.68524,2025-07-08 09:49:20.095019,2025-07-17 05:55:35.709465
20193393,bf996092-8d66-408a-8d8e-5065ca3330c2,f679f4cf-c089-4a2b-9b84-b14129630601,07:00:00,Thunderstorms,78.566,7.3,101,0.900,2025-08-26 05:02:36.367232,2025-08-18 09:50:48.814948,2025-08-26 05:02:36.384483
20193393,bf996092-8d66-408a-8d8e-5065ca3330c2,f679f4cf-c089-4a2b-9b84-b14129630601,12:00:00,Thunderstorms,84.218,11.7,112,0.790,2025-08-26 05:02:36.367799,2025-08-18 09:50:48.814951,2025-08-26 05:02:36.385558
20193393,bf996092-8d66-408a-8d8e-5065ca3330c2,f679f4cf-c089-4a2b-9b84-b14129630601,16:00:00,Thunderstorms,84.758,9.4,116,0.770,2025-08-26 05:02:36.368062,2025-08-18 09:50:48.814952,2025-08-26 05:02:36.386583
20095150,bf996092-8d66-408a-8d8e-5065ca3330c2,f6ab14eb-1a66-4ea5-8a0f-0afbda444403,07:00:00,Cloudy,79.988,3.4,151,0.930,2025-08-24 04:31:04.398271,2025-08-13 09:57:51.180819,2025-08-24 04:31:04.418896
20095150,bf996092-8d66-408a-8d8e-5065ca3330c2,f6ab14eb-1a66-4ea5-8a0f-0afbda444403,12:00:00,MostlyCloudy,85.82,4.0,191,0.780,2025-08-24 04:31:04.398558,2025-08-13 09:57:51.180822,2025-08-24 04:31:04.418898
20095150,bf996092-8d66-408a-8d8e-5065ca3330c2,f6ab14eb-1a66-4ea5-8a0f-0afbda444403,16:00:00,MostlyCloudy,86.918,4.8,92,0.750,2025-08-24 04:31:04.398788,2025-08-13 09:57:51.180823,2025-08-24 04:31:04.418898
18295161,bf996092-8d66-408a-8d8e-5065ca3330c2,967e785d-d83c-490b-8d6a-2ed926c956ac,07:00:00,MostlyCloudy,77.45,4.6,307,0.730,2025-06-05 14:06:51.386647,2025-06-05 14:06:51.415985,2025-06-05 14:06:51.415988
18295161,bf996092-8d66-408a-8d8e-5065ca3330c2,967e785d-d83c-490b-8d6a-2ed926c956ac,12:00:00,Clear,91.184,4.0,305,0.460,2025-06-05 14:06:51.38711,2025-06-05 14:06:51.415989,2025-06-05 14:06:51.415989
18295161,bf996092-8d66-408a-8d8e-5065ca3330c2,967e785d-d83c-490b-8d6a-2ed926c956ac,16:00:00,Clear,95.882,6.2,314,0.370,2025-06-05 14:06:51.387504,2025-06-05 14:06:51.415989,2025-06-05 14:06:51.41599
18914368,bf996092-8d66-408a-8d8e-5065ca3330c2,f6ab14eb-1a66-4ea5-8a0f-0afbda444403,07:00:00,Thunderstorms,80.114,3.7,94,0.910,2025-07-10 17:05:24.388994,2025-06-30 10:05:08.80506,2025-07-10 17:05:24.408895
18914368,bf996092-8d66-408a-8d8e-5065ca3330c2,f6ab14eb-1a66-4ea5-8a0f-0afbda444403,12:00:00,Thunderstorms,82.346,8.0,126,0.820,2025-07-10 17:05:24.389286,2025-06-30 10:05:08.805062,2025-07-10 17:05:24.408897
18914368,bf996092-8d66-408a-8d8e-5065ca3330c2,f6ab14eb-1a66-4ea5-8a0f-0afbda444403,16:00:00,Cloudy,85.406,5.4,114,0.730,2025-07-10 17:05:24.389516,2025-06-30 10:05:08.805063,2025-07-10 17:05:24.411132
20180446,bf996092-8d66-408a-8d8e-5065ca3330c2,f6ab14eb-1a66-4ea5-8a0f-0afbda444403,07:00:00,Cloudy,79.16,11.2,97,0.910,2025-08-26 06:58:15.361017,2025-08-16 06:39:25.275852,2025-08-26 06:58:15.379062
20180446,bf996092-8d66-408a-8d8e-5065ca3330c2,f6ab14eb-1a66-4ea5-8a0f-0afbda444403,12:00:00,MostlyCloudy,83.984,12.0,118,0.800,2025-08-26 06:58:15.361368,2025-08-16 06:39:25.275855,2025-08-26 06:58:15.380602
20180446,bf996092-8d66-408a-8d8e-5065ca3330c2,f6ab14eb-1a66-4ea5-8a0f-0afbda444403,16:00:00,Thunderstorms,85.856,7.8,143,0.780,2025-08-26 06:58:15.3616,2025-08-16 06:39:25.275856,2025-08-26 06:58:15.381599
18791666,bf996092-8d66-408a-8d8e-5065ca3330c2,f679f4cf-c089-4a2b-9b84-b14129630601,07:00:00,Cloudy,78.566,4.4,92,0.920,2025-07-06 04:39:35.857736,2025-06-24 07:04:06.261801,2025-07-06 04:39:35.881048
18791666,bf996092-8d66-408a-8d8e-5065ca3330c2,f679f4cf-c089-4a2b-9b84-b14129630601,12:00:00,PartlyCloudy,86.576,6.1,99,0.740,2025-07-06 04:39:35.858097,2025-06-24 07:04:06.261804,2025-07-06 04:39:35.88105
18791666,bf996092-8d66-408a-8d8e-5065ca3330c2,f679f4cf-c089-4a2b-9b84-b14129630601,16:00:00,PartlyCloudy,88.898,6.8,111,0.680,2025-07-06 04:39:35.858343,2025-06-24 07:04:06.261805,2025-07-06 04:39:35.88105
18791667,bf996092-8d66-408a-8d8e-5065ca3330c2,f679f4cf-c089-4a2b-9b84-b14129630601,07:00:00,MostlyClear,79.754,4.7,96,0.880,2025-07-06 04:48:36.832756,2025-06-24 07:04:06.267246,2025-07-06 04:48:36.85223
18791667,bf996092-8d66-408a-8d8e-5065ca3330c2,f679f4cf-c089-4a2b-9b84-b14129630601,12:00:00,PartlyCloudy,86.288,8.5,107,0.710,2025-07-06 04:48:36.833105,2025-06-24 07:04:06.267249,2025-07-06 04:48:36.852232
18791667,bf996092-8d66-408a-8d8e-5065ca3330c2,f679f4cf-c089-4a2b-9b84-b14129630601,16:00:00,Drizzle,88.124,8.0,102,0.680,2025-07-06 04:48:36.833347,2025-06-24 07:04:06.26725,2025-07-06 04:48:36.852233
18669955,bf996092-8d66-408a-8d8e-5065ca3330c2,f6ab14eb-1a66-4ea5-8a0f-0afbda444403,07:00:00,MostlyClear,82.688,9.6,97,0.850,2025-06-27 04:59:32.866749,2025-06-19 09:27:22.257463,2025-06-27 04:59:32.885682
18669955,bf996092-8d66-408a-8d8e-5065ca3330c2,f6ab14eb-1a66-4ea5-8a0f-0afbda444403,12:00:00,PartlyCloudy,91.616,12.0,104,0.640,2025-06-27 04:59:32.867046,2025-06-19 09:27:22.257466,2025-06-27 04:59:32.887115
18669955,bf996092-8d66-408a-8d8e-5065ca3330c2,f6ab14eb-1a66-4ea5-8a0f-0afbda444403,16:00:00,PartlyCloudy,94.334,11.2,95,0.580,2025-06-27 04:59:32.867276,2025-06-19 09:27:22.257467,2025-06-27 04:59:32.888376
18669955,bf996092-8d66-408a-8d8e-5065ca3330c2,f6ab14eb-1a66-4ea5-8a0f-0afbda444403,07:00:00,MostlyClear,82.688,9.6,97,0.850,2025-06-27 04:59:32.866749,2025-06-19 09:27:22.257463,2025-06-27 04:59:32.885682
18669955,bf996092-8d66-408a-8d8e-5065ca3330c2,f6ab14eb-1a66-4ea5-8a0f-0afbda444403,12:00:00,PartlyCloudy,91.616,12.0,104,0.640,2025-06-27 04:59:32.867046,2025-06-19 09:27:22.257466,2025-06-27 04:59:32.887115
18669955,bf996092-8d66-408a-8d8e-5065ca3330c2,f6ab14eb-1a66-4ea5-8a0f-0afbda444403,16:00:00,PartlyCloudy,94.334,11.2,95,0.580,2025-06-27 04:59:32.867276,2025-06-19 09:27:22.257467,2025-06-27 04:59:32.888376
18642950,bf996092-8d66-408a-8d8e-5065ca3330c2,ada6015d-9fce-4f2c-b20f-fc9122d2face,07:00:00,MostlyCloudy,82.202,5.5,96,0.880,2025-06-26 10:10:08.183534,2025-06-18 11:49:07.248067,2025-06-26 10:10:08.202782
18642950,bf996092-8d66-408a-8d8e-5065ca3330c2,ada6015d-9fce-4f2c-b20f-fc9122d2face,12:00:00,MostlyCloudy,91.76,8.0,108,0.650,2025-06-26 10:10:08.183827,2025-06-18 11:49:07.248073,2025-06-26 10:10:08.204231
18642950,bf996092-8d66-408a-8d8e-5065ca3330c2,ada6015d-9fce-4f2c-b20f-fc9122d2face,16:00:00,MostlyCloudy,92.66,7.7,92,0.620,2025-06-26 10:10:08.184057,2025-06-18 11:49:07.248075,2025-06-26 10:10:08.205482
18790569,bf996092-8d66-408a-8d8e-5065ca3330c2,f6ab14eb-1a66-4ea5-8a0f-0afbda444403,07:00:00,MostlyCloudy,79.898,8.1,84,0.900,2025-07-02 12:07:47.182853,2025-06-24 05:31:23.443499,2025-07-02 12:07:47.203605
18790569,bf996092-8d66-408a-8d8e-5065ca3330c2,f6ab14eb-1a66-4ea5-8a0f-0afbda444403,12:00:00,MostlyCloudy,88.952,11.1,108,0.710,2025-07-02 12:07:47.183135,2025-06-24 05:31:23.443502,2025-07-02 12:07:47.203607
18790569,bf996092-8d66-408a-8d8e-5065ca3330c2,f6ab14eb-1a66-4ea5-8a0f-0afbda444403,16:00:00,PartlyCloudy,90.464,8.9,103,0.670,2025-07-02 12:07:47.183383,2025-06-24 05:31:23.443503,2025-07-02 12:07:47.20547
19037253,bf996092-8d66-408a-8d8e-5065ca3330c2,f6ab14eb-1a66-4ea5-8a0f-0afbda444403,07:00:00,MostlyClear,81.446,2.9,36,0.890,2025-07-13 04:43:16.738639,2025-07-03 12:48:55.152486,2025-07-13 04:43:16.757268
19037253,bf996092-8d66-408a-8d8e-5065ca3330c2,f6ab14eb-1a66-4ea5-8a0f-0afbda444403,12:00:00,PartlyCloudy,90.05,6.4,85,0.680,2025-07-13 04:43:16.738937,2025-07-03 12:48:55.152489,2025-07-13 04:43:16.75869
19037253,bf996092-8d66-408a-8d8e-5065ca3330c2,f6ab14eb-1a66-4ea5-8a0f-0afbda444403,16:00:00,PartlyCloudy,91.436,6.8,81,0.630,2025-07-13 04:43:16.739173,2025-07-03 12:48:55.15249,2025-07-13 04:43:16.758692
18914368,bf996092-8d66-408a-8d8e-5065ca3330c2,f6ab14eb-1a66-4ea5-8a0f-0afbda444403,07:00:00,Thunderstorms,80.114,3.7,94,0.910,2025-07-10 17:05:24.388994,2025-06-30 10:05:08.80506,2025-07-10 17:05:24.408895
18914368,bf996092-8d66-408a-8d8e-5065ca3330c2,f6ab14eb-1a66-4ea5-8a0f-0afbda444403,12:00:00,Thunderstorms,82.346,8.0,126,0.820,2025-07-10 17:05:24.389286,2025-06-30 10:05:08.805062,2025-07-10 17:05:24.408897
18914368,bf996092-8d66-408a-8d8e-5065ca3330c2,f6ab14eb-1a66-4ea5-8a0f-0afbda444403,16:00:00,Cloudy,85.406,5.4,114,0.730,2025-07-10 17:05:24.389516,2025-06-30 10:05:08.805063,2025-07-10 17:05:24.411132
19066071,bf996092-8d66-408a-8d8e-5065ca3330c2,ada6015d-9fce-4f2c-b20f-fc9122d2face,07:00:00,Thunderstorms,79.286,5.0,98,0.920,2025-07-07 04:25:53.157022,2025-07-07 04:25:53.177538,2025-07-07 04:25:53.177541
19066071,bf996092-8d66-408a-8d8e-5065ca3330c2,ada6015d-9fce-4f2c-b20f-fc9122d2face,12:00:00,MostlyCloudy,86.306,4.2,131,0.740,2025-07-07 04:25:53.157321,2025-07-07 04:25:53.177541,2025-07-07 04:25:53.177542
19066071,bf996092-8d66-408a-8d8e-5065ca3330c2,ada6015d-9fce-4f2c-b20f-fc9122d2face,16:00:00,MostlyCloudy,90.68,2.0,137,0.680,2025-07-07 04:25:53.157574,2025-07-07 04:25:53.177542,2025-07-07 04:25:53.177543
20251717,bf996092-8d66-408a-8d8e-5065ca3330c2,f6ab14eb-1a66-4ea5-8a0f-0afbda444403,07:00:00,PartlyCloudy,80.6,3.1,112,0.910,2025-08-27 14:27:03.007413,2025-08-19 03:57:55.111408,2025-08-27 14:27:03.025915
20251717,bf996092-8d66-408a-8d8e-5065ca3330c2,f6ab14eb-1a66-4ea5-8a0f-0afbda444403,12:00:00,MostlyCloudy,89.636,7.7,105,0.700,2025-08-27 14:27:03.007724,2025-08-19 03:57:55.111411,2025-08-27 14:27:03.027468
20251717,bf996092-8d66-408a-8d8e-5065ca3330c2,f6ab14eb-1a66-4ea5-8a0f-0afbda444403,16:00:00,PartlyCloudy,91.22,5.1,109,0.660,2025-08-27 14:27:03.007959,2025-08-19 03:57:55.111412,2025-08-27 14:27:03.028277
19069582,bf996092-8d66-408a-8d8e-5065ca3330c2,f6ab14eb-1a66-4ea5-8a0f-0afbda444403,07:00:00,Cloudy,80.168,5.4,70,0.890,2025-07-17 01:08:43.411969,2025-07-07 11:13:03.008982,2025-07-17 01:08:43.430253
19069582,bf996092-8d66-408a-8d8e-5065ca3330c2,f6ab14eb-1a66-4ea5-8a0f-0afbda444403,12:00:00,MostlyCloudy,86.666,7.5,77,0.750,2025-07-17 01:08:43.412266,2025-07-07 11:13:03.008985,2025-07-17 01:08:43.431079
19069582,bf996092-8d66-408a-8d8e-5065ca3330c2,f6ab14eb-1a66-4ea5-8a0f-0afbda444403,16:00:00,MostlyCloudy,88.088,9.1,62,0.690,2025-07-17 01:08:43.412499,2025-07-07 11:13:03.008986,2025-07-17 01:08:43.431081
18668817,bf996092-8d66-408a-8d8e-5065ca3330c2,f679f4cf-c089-4a2b-9b84-b14129630601,07:00:00,Cloudy,80.708,5.4,108,0.890,2025-06-21 05:51:45.725576,2025-06-19 04:44:02.460281,2025-06-21 05:51:45.742128
18668817,bf996092-8d66-408a-8d8e-5065ca3330c2,f679f4cf-c089-4a2b-9b84-b14129630601,12:00:00,Cloudy,87.566,8.0,104,0.760,2025-06-21 05:51:45.725883,2025-06-19 04:44:02.460283,2025-06-21 05:51:45.743062
18668817,bf996092-8d66-408a-8d8e-5065ca3330c2,f679f4cf-c089-4a2b-9b84-b14129630601,16:00:00,Cloudy,88.178,7.7,106,0.710,2025-06-21 05:51:45.726139,2025-06-19 04:44:02.460284,2025-06-21 05:51:45.743064
17349576,bf996092-8d66-408a-8d8e-5065ca3330c2,ada6015d-9fce-4f2c-b20f-fc9122d2face,07:00:00,MostlyCloudy,75.632,5.7,91,0.770,2025-05-07 08:07:16.263353,2025-04-30 10:44:30.777477,2025-05-07 08:07:16.291087
17349576,bf996092-8d66-408a-8d8e-5065ca3330c2,ada6015d-9fce-4f2c-b20f-fc9122d2face,12:00:00,PartlyCloudy,87.278,7.8,103,0.550,2025-05-07 08:07:16.263994,2025-04-30 10:44:30.77748,2025-05-07 08:07:16.293243
17349576,bf996092-8d66-408a-8d8e-5065ca3330c2,ada6015d-9fce-4f2c-b20f-fc9122d2face,16:00:00,PartlyCloudy,90.878,5.4,94,0.500,2025-05-07 08:07:16.264496,2025-04-30 10:44:30.777481,2025-05-07 08:07:16.29483
19608219,bf996092-8d66-408a-8d8e-5065ca3330c2,ada6015d-9fce-4f2c-b20f-fc9122d2face,07:00:00,Cloudy,80.96,2.7,110,0.890,2025-07-29 12:19:12.084435,2025-07-25 12:04:32.391963,2025-07-29 12:19:12.101218
19608219,bf996092-8d66-408a-8d8e-5065ca3330c2,ada6015d-9fce-4f2c-b20f-fc9122d2face,12:00:00,Cloudy,84.65,3.5,83,0.800,2025-07-29 12:19:12.08473,2025-07-25 12:04:32.391967,2025-07-29 12:19:12.101969
19608219,bf996092-8d66-408a-8d8e-5065ca3330c2,ada6015d-9fce-4f2c-b20f-fc9122d2face,16:00:00,Cloudy,85.604,7.1,81,0.770,2025-07-29 12:19:12.084965,2025-07-25 12:04:32.391969,2025-07-29 12:19:12.101971
18669957,bf996092-8d66-408a-8d8e-5065ca3330c2,f6ab14eb-1a66-4ea5-8a0f-0afbda444403,07:00:00,MostlyCloudy,81.518,4.5,127,0.880,2025-07-07 12:12:48.587835,2025-06-19 09:27:22.267365,2025-07-07 12:12:48.610956
18669957,bf996092-8d66-408a-8d8e-5065ca3330c2,f6ab14eb-1a66-4ea5-8a0f-0afbda444403,12:00:00,MostlyCloudy,91.832,7.1,97,0.640,2025-07-07 12:12:48.588136,2025-06-19 09:27:22.267367,2025-07-07 12:12:48.610958
18669957,bf996092-8d66-408a-8d8e-5065ca3330c2,f6ab14eb-1a66-4ea5-8a0f-0afbda444403,16:00:00,MostlyCloudy,90.734,6.0,175,0.660,2025-07-07 12:12:48.588371,2025-06-19 09:27:22.267368,2025-07-07 12:12:48.610958
17349574,bf996092-8d66-408a-8d8e-5065ca3330c2,ada6015d-9fce-4f2c-b20f-fc9122d2face,07:00:00,MostlyCloudy,75.002,7.6,97,0.720,2025-05-05 09:34:12.063121,2025-04-30 10:44:30.770004,2025-05-05 09:34:12.085552
17349574,bf996092-8d66-408a-8d8e-5065ca3330c2,ada6015d-9fce-4f2c-b20f-fc9122d2face,12:00:00,MostlyCloudy,88.88,8.4,121,0.500,2025-05-05 09:34:12.063502,2025-04-30 10:44:30.770007,2025-05-05 09:34:12.085555
17349574,bf996092-8d66-408a-8d8e-5065ca3330c2,ada6015d-9fce-4f2c-b20f-fc9122d2face,16:00:00,PartlyCloudy,92.642,5.9,66,0.410,2025-05-05 09:34:12.063799,2025-04-30 10:44:30.770008,2025-05-05 09:34:12.087679
17349574,bf996092-8d66-408a-8d8e-5065ca3330c2,ada6015d-9fce-4f2c-b20f-fc9122d2face,07:00:00,MostlyCloudy,75.002,7.6,97,0.720,2025-05-05 09:34:12.063121,2025-04-30 10:44:30.770004,2025-05-05 09:34:12.085552
17349574,bf996092-8d66-408a-8d8e-5065ca3330c2,ada6015d-9fce-4f2c-b20f-fc9122d2face,12:00:00,MostlyCloudy,88.88,8.4,121,0.500,2025-05-05 09:34:12.063502,2025-04-30 10:44:30.770007,2025-05-05 09:34:12.085555
17349574,bf996092-8d66-408a-8d8e-5065ca3330c2,ada6015d-9fce-4f2c-b20f-fc9122d2face,16:00:00,PartlyCloudy,92.642,5.9,66,0.410,2025-05-05 09:34:12.063799,2025-04-30 10:44:30.770008,2025-05-05 09:34:12.087679
17349574,bf996092-8d66-408a-8d8e-5065ca3330c2,ada6015d-9fce-4f2c-b20f-fc9122d2face,07:00:00,MostlyCloudy,75.002,7.6,97,0.720,2025-05-05 09:34:12.063121,2025-04-30 10:44:30.770004,2025-05-05 09:34:12.085552
17349574,bf996092-8d66-408a-8d8e-5065ca3330c2,ada6015d-9fce-4f2c-b20f-fc9122d2face,12:00:00,MostlyCloudy,88.88,8.4,121,0.500,2025-05-05 09:34:12.063502,2025-04-30 10:44:30.770007,2025-05-05 09:34:12.085555
17349574,bf996092-8d66-408a-8d8e-5065ca3330c2,ada6015d-9fce-4f2c-b20f-fc9122d2face,16:00:00,PartlyCloudy,92.642,5.9,66,0.410,2025-05-05 09:34:12.063799,2025-04-30 10:44:30.770008,2025-05-05 09:34:12.087679
17349574,bf996092-8d66-408a-8d8e-5065ca3330c2,ada6015d-9fce-4f2c-b20f-fc9122d2face,07:00:00,MostlyCloudy,75.002,7.6,97,0.720,2025-05-05 09:34:12.063121,2025-04-30 10:44:30.770004,2025-05-05 09:34:12.085552
17349574,bf996092-8d66-408a-8d8e-5065ca3330c2,ada6015d-9fce-4f2c-b20f-fc9122d2face,12:00:00,MostlyCloudy,88.88,8.4,121,0.500,2025-05-05 09:34:12.063502,2025-04-30 10:44:30.770007,2025-05-05 09:34:12.085555
17349574,bf996092-8d66-408a-8d8e-5065ca3330c2,ada6015d-9fce-4f2c-b20f-fc9122d2face,16:00:00,PartlyCloudy,92.642,5.9,66,0.410,2025-05-05 09:34:12.063799,2025-04-30 10:44:30.770008,2025-05-05 09:34:12.087679
19419616,bf996092-8d66-408a-8d8e-5065ca3330c2,ada6015d-9fce-4f2c-b20f-fc9122d2face,07:00:00,PartlyCloudy,83.552,4.3,287,0.840,2025-07-25 12:04:32.357246,2025-07-18 09:36:19.881764,2025-07-25 12:04:32.377053
19419616,bf996092-8d66-408a-8d8e-5065ca3330c2,ada6015d-9fce-4f2c-b20f-fc9122d2face,12:00:00,PartlyCloudy,92.318,7.6,303,0.620,2025-07-25 12:04:32.357542,2025-07-18 09:36:19.881767,2025-07-25 12:04:32.377055
19419616,bf996092-8d66-408a-8d8e-5065ca3330c2,ada6015d-9fce-4f2c-b20f-fc9122d2face,16:00:00,PartlyCloudy,94.73,6.3,327,0.550,2025-07-25 12:04:32.357777,2025-07-18 09:36:19.881769,2025-07-25 12:04:32.377056
19127999,bf996092-8d66-408a-8d8e-5065ca3330c2,f679f4cf-c089-4a2b-9b84-b14129630601,07:00:00,Cloudy,78.836,5.5,131,0.910,2025-07-29 06:21:21.332957,2025-07-08 07:12:43.369876,2025-07-29 06:21:21.3389
19127999,bf996092-8d66-408a-8d8e-5065ca3330c2,f679f4cf-c089-4a2b-9b84-b14129630601,12:00:00,MostlyCloudy,86.936,7.3,142,0.720,2025-07-29 06:21:21.333248,2025-07-08 07:12:43.369879,2025-07-29 06:21:21.340889
19127999,bf996092-8d66-408a-8d8e-5065ca3330c2,f679f4cf-c089-4a2b-9b84-b14129630601,16:00:00,Cloudy,87.368,5.8,140,0.700,2025-07-29 06:21:21.333488,2025-07-08 07:12:43.36988,2025-07-29 06:21:21.340891
18668818,bf996092-8d66-408a-8d8e-5065ca3330c2,f679f4cf-c089-4a2b-9b84-b14129630601,07:00:00,Drizzle,80.78,2.9,105,0.900,2025-06-22 06:44:31.548672,2025-06-19 04:44:02.463884,2025-06-22 06:44:31.569485
18668818,bf996092-8d66-408a-8d8e-5065ca3330c2,f679f4cf-c089-4a2b-9b84-b14129630601,12:00:00,MostlyCloudy,91.778,6.1,138,0.640,2025-06-22 06:44:31.54896,2025-06-19 04:44:02.463887,2025-06-22 06:44:31.570637
18668818,bf996092-8d66-408a-8d8e-5065ca3330c2,f679f4cf-c089-4a2b-9b84-b14129630601,16:00:00,PartlyCloudy,94.226,5.1,152,0.590,2025-06-22 06:44:31.549196,2025-06-19 04:44:02.463888,2025-06-22 06:44:31.571733
19419105,bf996092-8d66-408a-8d8e-5065ca3330c2,f679f4cf-c089-4a2b-9b84-b14129630601,07:00:00,PartlyCloudy,79.268,8.9,121,0.880,2025-07-23 12:15:53.113686,2025-07-18 04:38:15.203721,2025-07-23 12:15:53.13323
19419105,bf996092-8d66-408a-8d8e-5065ca3330c2,f679f4cf-c089-4a2b-9b84-b14129630601,12:00:00,PartlyCloudy,88.016,9.3,142,0.680,2025-07-23 12:15:53.113984,2025-07-18 04:38:15.203724,2025-07-23 12:15:53.133233
19419105,bf996092-8d66-408a-8d8e-5065ca3330c2,f679f4cf-c089-4a2b-9b84-b14129630601,16:00:00,PartlyCloudy,90.878,7.9,166,0.600,2025-07-23 12:15:53.114232,2025-07-18 04:38:15.203725,2025-07-23 12:15:53.133234
18445749,bf996092-8d66-408a-8d8e-5065ca3330c2,ada6015d-9fce-4f2c-b20f-fc9122d2face,07:00:00,MostlyCloudy,78.386,3.3,94,0.880,2025-06-18 11:49:07.15947,2025-06-11 05:18:09.089297,2025-06-18 11:49:07.196618
18445749,bf996092-8d66-408a-8d8e-5065ca3330c2,ada6015d-9fce-4f2c-b20f-fc9122d2face,12:00:00,PartlyCloudy,86.432,4.0,128,0.730,2025-06-18 11:49:07.159828,2025-06-11 05:18:09.0893,2025-06-18 11:49:07.198534
18445749,bf996092-8d66-408a-8d8e-5065ca3330c2,ada6015d-9fce-4f2c-b20f-fc9122d2face,16:00:00,MostlyCloudy,90.392,4.4,128,0.630,2025-06-18 11:49:07.160111,2025-06-11 05:18:09.089301,2025-06-18 11:49:07.198536
18445749,bf996092-8d66-408a-8d8e-5065ca3330c2,ada6015d-9fce-4f2c-b20f-fc9122d2face,07:00:00,MostlyCloudy,78.386,3.3,94,0.880,2025-06-18 11:49:07.15947,2025-06-11 05:18:09.089297,2025-06-18 11:49:07.196618
18445749,bf996092-8d66-408a-8d8e-5065ca3330c2,ada6015d-9fce-4f2c-b20f-fc9122d2face,12:00:00,PartlyCloudy,86.432,4.0,128,0.730,2025-06-18 11:49:07.159828,2025-06-11 05:18:09.0893,2025-06-18 11:49:07.198534
18445749,bf996092-8d66-408a-8d8e-5065ca3330c2,ada6015d-9fce-4f2c-b20f-fc9122d2face,16:00:00,MostlyCloudy,90.392,4.4,128,0.630,2025-06-18 11:49:07.160111,2025-06-11 05:18:09.089301,2025-06-18 11:49:07.198536
18445749,bf996092-8d66-408a-8d8e-5065ca3330c2,ada6015d-9fce-4f2c-b20f-fc9122d2face,07:00:00,MostlyCloudy,78.386,3.3,94,0.880,2025-06-18 11:49:07.15947,2025-06-11 05:18:09.089297,2025-06-18 11:49:07.196618
18445749,bf996092-8d66-408a-8d8e-5065ca3330c2,ada6015d-9fce-4f2c-b20f-fc9122d2face,12:00:00,PartlyCloudy,86.432,4.0,128,0.730,2025-06-18 11:49:07.159828,2025-06-11 05:18:09.0893,2025-06-18 11:49:07.198534
18445749,bf996092-8d66-408a-8d8e-5065ca3330c2,ada6015d-9fce-4f2c-b20f-fc9122d2face,16:00:00,MostlyCloudy,90.392,4.4,128,0.630,2025-06-18 11:49:07.160111,2025-06-11 05:18:09.089301,2025-06-18 11:49:07.198536
18445749,bf996092-8d66-408a-8d8e-5065ca3330c2,ada6015d-9fce-4f2c-b20f-fc9122d2face,07:00:00,MostlyCloudy,78.386,3.3,94,0.880,2025-06-18 11:49:07.15947,2025-06-11 05:18:09.089297,2025-06-18 11:49:07.196618
18445749,bf996092-8d66-408a-8d8e-5065ca3330c2,ada6015d-9fce-4f2c-b20f-fc9122d2face,12:00:00,PartlyCloudy,86.432,4.0,128,0.730,2025-06-18 11:49:07.159828,2025-06-11 05:18:09.0893,2025-06-18 11:49:07.198534
18445749,bf996092-8d66-408a-8d8e-5065ca3330c2,ada6015d-9fce-4f2c-b20f-fc9122d2face,16:00:00,MostlyCloudy,90.392,4.4,128,0.630,2025-06-18 11:49:07.160111,2025-06-11 05:18:09.089301,2025-06-18 11:49:07.198536
18445749,bf996092-8d66-408a-8d8e-5065ca3330c2,ada6015d-9fce-4f2c-b20f-fc9122d2face,07:00:00,MostlyCloudy,78.386,3.3,94,0.880,2025-06-18 11:49:07.15947,2025-06-11 05:18:09.089297,2025-06-18 11:49:07.196618
18445749,bf996092-8d66-408a-8d8e-5065ca3330c2,ada6015d-9fce-4f2c-b20f-fc9122d2face,12:00:00,PartlyCloudy,86.432,4.0,128,0.730,2025-06-18 11:49:07.159828,2025-06-11 05:18:09.0893,2025-06-18 11:49:07.198534
18445749,bf996092-8d66-408a-8d8e-5065ca3330c2,ada6015d-9fce-4f2c-b20f-fc9122d2face,16:00:00,MostlyCloudy,90.392,4.4,128,0.630,2025-06-18 11:49:07.160111,2025-06-11 05:18:09.089301,2025-06-18 11:49:07.198536
19269905,bf996092-8d66-408a-8d8e-5065ca3330c2,f6ab14eb-1a66-4ea5-8a0f-0afbda444403,07:00:00,Cloudy,81.644,3.4,102,0.900,2025-07-22 02:57:14.092763,2025-07-13 04:31:52.848246,2025-07-22 02:57:14.110922
19269905,bf996092-8d66-408a-8d8e-5065ca3330c2,f6ab14eb-1a66-4ea5-8a0f-0afbda444403,12:00:00,Cloudy,88.97,3.7,26,0.730,2025-07-22 02:57:14.093058,2025-07-13 04:31:52.848249,2025-07-22 02:57:14.112337
19269905,bf996092-8d66-408a-8d8e-5065ca3330c2,f6ab14eb-1a66-4ea5-8a0f-0afbda444403,16:00:00,MostlyCloudy,90.698,5.0,7,0.650,2025-07-22 02:57:14.093294,2025-07-13 04:31:52.84825,2025-07-22 02:57:14.113605
18049978,bf996092-8d66-408a-8d8e-5065ca3330c2,ada6015d-9fce-4f2c-b20f-fc9122d2face,07:00:00,PartlyCloudy,84.596,2.1,105,0.770,2025-05-29 08:48:32.644884,2025-05-28 04:52:13.14338,2025-05-29 08:48:32.670546
18049978,bf996092-8d66-408a-8d8e-5065ca3330c2,ada6015d-9fce-4f2c-b20f-fc9122d2face,12:00:00,PartlyCloudy,96.458,2.4,220,0.490,2025-05-29 08:48:32.645243,2025-05-28 04:52:13.143382,2025-05-29 08:48:32.670548
18049978,bf996092-8d66-408a-8d8e-5065ca3330c2,ada6015d-9fce-4f2c-b20f-fc9122d2face,16:00:00,PartlyCloudy,99.23,3.6,327,0.400,2025-05-29 08:48:32.645533,2025-05-28 04:52:13.143383,2025-05-29 08:48:32.670549
17918874,bf996092-8d66-408a-8d8e-5065ca3330c2,f679f4cf-c089-4a2b-9b84-b14129630601,07:00:00,Clear,79.466,2.0,133,0.760,2025-06-02 05:55:40.878989,2025-05-22 09:28:52.320747,2025-06-02 05:55:40.904652
17918874,bf996092-8d66-408a-8d8e-5065ca3330c2,f679f4cf-c089-4a2b-9b84-b14129630601,12:00:00,Clear,94.064,3.0,162,0.490,2025-06-02 05:55:40.87937,2025-05-22 09:28:52.32075,2025-06-02 05:55:40.906088
17918874,bf996092-8d66-408a-8d8e-5065ca3330c2,f679f4cf-c089-4a2b-9b84-b14129630601,16:00:00,PartlyCloudy,96.638,2.5,209,0.420,2025-06-02 05:55:40.87967,2025-05-22 09:28:52.320751,2025-06-02 05:55:40.907141
19419108,bf996092-8d66-408a-8d8e-5065ca3330c2,f679f4cf-c089-4a2b-9b84-b14129630601,07:00:00,Drizzle,79.952,2.0,57,0.930,2025-07-23 13:02:56.621875,2025-07-18 04:38:15.216641,2025-07-23 13:02:56.648058
19419108,bf996092-8d66-408a-8d8e-5065ca3330c2,f679f4cf-c089-4a2b-9b84-b14129630601,12:00:00,Rain,87.998,2.9,325,0.740,2025-07-23 13:02:56.62223,2025-07-18 04:38:15.216644,2025-07-23 13:02:56.649616
19419108,bf996092-8d66-408a-8d8e-5065ca3330c2,f679f4cf-c089-4a2b-9b84-b14129630601,16:00:00,Drizzle,90.752,5.8,336,0.690,2025-07-23 13:02:56.622509,2025-07-18 04:38:15.216645,2025-07-23 13:02:56.651001
19419108,bf996092-8d66-408a-8d8e-5065ca3330c2,f679f4cf-c089-4a2b-9b84-b14129630601,07:00:00,Drizzle,79.952,2.0,57,0.930,2025-07-23 13:02:56.621875,2025-07-18 04:38:15.216641,2025-07-23 13:02:56.648058
19419108,bf996092-8d66-408a-8d8e-5065ca3330c2,f679f4cf-c089-4a2b-9b84-b14129630601,12:00:00,Rain,87.998,2.9,325,0.740,2025-07-23 13:02:56.62223,2025-07-18 04:38:15.216644,2025-07-23 13:02:56.649616
19419108,bf996092-8d66-408a-8d8e-5065ca3330c2,f679f4cf-c089-4a2b-9b84-b14129630601,16:00:00,Drizzle,90.752,5.8,336,0.690,2025-07-23 13:02:56.622509,2025-07-18 04:38:15.216645,2025-07-23 13:02:56.651001
19362399,bf996092-8d66-408a-8d8e-5065ca3330c2,f6ab14eb-1a66-4ea5-8a0f-0afbda444403,07:00:00,MostlyCloudy,84.29,4.7,304,0.870,2025-07-29 10:57:45.254366,2025-07-16 11:39:35.304859,2025-07-29 10:57:45.28024
19362399,bf996092-8d66-408a-8d8e-5065ca3330c2,f6ab14eb-1a66-4ea5-8a0f-0afbda444403,12:00:00,PartlyCloudy,94.784,2.6,23,0.650,2025-07-29 10:57:45.254743,2025-07-16 11:39:35.304865,2025-07-29 10:57:45.281927
19362399,bf996092-8d66-408a-8d8e-5065ca3330c2,f6ab14eb-1a66-4ea5-8a0f-0afbda444403,16:00:00,MostlyCloudy,92.624,3.8,163,0.660,2025-07-29 10:57:45.255044,2025-07-16 11:39:35.304867,2025-07-29 10:57:45.281929
20060288,bf996092-8d66-408a-8d8e-5065ca3330c2,f679f4cf-c089-4a2b-9b84-b14129630601,07:00:00,Cloudy,80.654,3.7,237,0.900,2025-08-26 04:42:05.235191,2025-08-12 06:16:27.176288,2025-08-26 04:42:05.242353
20060288,bf996092-8d66-408a-8d8e-5065ca3330c2,f679f4cf-c089-4a2b-9b84-b14129630601,12:00:00,Cloudy,86.486,2.7,289,0.750,2025-08-26 04:42:05.235486,2025-08-12 06:16:27.176291,2025-08-26 04:42:05.243939
20060288,bf996092-8d66-408a-8d8e-5065ca3330c2,f679f4cf-c089-4a2b-9b84-b14129630601,16:00:00,MostlyCloudy,89.384,6.0,311,0.690,2025-08-26 04:42:05.235733,2025-08-12 06:16:27.176292,2025-08-26 04:42:05.244868
19269905,bf996092-8d66-408a-8d8e-5065ca3330c2,f6ab14eb-1a66-4ea5-8a0f-0afbda444403,07:00:00,Cloudy,81.644,3.4,102,0.900,2025-07-22 02:57:14.092763,2025-07-13 04:31:52.848246,2025-07-22 02:57:14.110922
19269905,bf996092-8d66-408a-8d8e-5065ca3330c2,f6ab14eb-1a66-4ea5-8a0f-0afbda444403,12:00:00,Cloudy,88.97,3.7,26,0.730,2025-07-22 02:57:14.093058,2025-07-13 04:31:52.848249,2025-07-22 02:57:14.112337
19269905,bf996092-8d66-408a-8d8e-5065ca3330c2,f6ab14eb-1a66-4ea5-8a0f-0afbda444403,16:00:00,MostlyCloudy,90.698,5.0,7,0.650,2025-07-22 02:57:14.093294,2025-07-13 04:31:52.84825,2025-07-22 02:57:14.113605
18669954,bf996092-8d66-408a-8d8e-5065ca3330c2,f6ab14eb-1a66-4ea5-8a0f-0afbda444403,07:00:00,MostlyCloudy,82.346,9.1,99,0.900,2025-06-26 04:57:24.03455,2025-06-19 09:27:22.252345,2025-06-26 04:57:24.053583
18669954,bf996092-8d66-408a-8d8e-5065ca3330c2,f6ab14eb-1a66-4ea5-8a0f-0afbda444403,12:00:00,MostlyCloudy,90.014,11.7,106,0.700,2025-06-26 04:57:24.034911,2025-06-19 09:27:22.252347,2025-06-26 04:57:24.053585
18669954,bf996092-8d66-408a-8d8e-5065ca3330c2,f6ab14eb-1a66-4ea5-8a0f-0afbda444403,16:00:00,MostlyClear,93.668,10.1,102,0.610,2025-06-26 04:57:24.035144,2025-06-19 09:27:22.252348,2025-06-26 04:57:24.053586
19419111,bf996092-8d66-408a-8d8e-5065ca3330c2,f679f4cf-c089-4a2b-9b84-b14129630601,12:00:00,PartlyCloudy,92.084,8.3,310,0.650,2025-07-29 12:59:57.288962,2025-07-18 04:38:15.229275,2025-07-29 12:59:57.309047
19419111,bf996092-8d66-408a-8d8e-5065ca3330c2,f679f4cf-c089-4a2b-9b84-b14129630601,16:00:00,PartlyCloudy,94.064,7.5,326,0.600,2025-07-29 12:59:57.289196,2025-07-18 04:38:15.229276,2025-07-29 12:59:57.310017
19419111,bf996092-8d66-408a-8d8e-5065ca3330c2,f679f4cf-c089-4a2b-9b84-b14129630601,07:00:00,PartlyCloudy,82.994,4.3,294,0.860,2025-07-29 12:59:57.28867,2025-07-18 04:38:15.229273,2025-07-29 12:59:57.30727
18669954,bf996092-8d66-408a-8d8e-5065ca3330c2,f6ab14eb-1a66-4ea5-8a0f-0afbda444403,07:00:00,MostlyCloudy,82.346,9.1,99,0.900,2025-06-26 04:57:24.03455,2025-06-19 09:27:22.252345,2025-06-26 04:57:24.053583
18669954,bf996092-8d66-408a-8d8e-5065ca3330c2,f6ab14eb-1a66-4ea5-8a0f-0afbda444403,12:00:00,MostlyCloudy,90.014,11.7,106,0.700,2025-06-26 04:57:24.034911,2025-06-19 09:27:22.252347,2025-06-26 04:57:24.053585
18669954,bf996092-8d66-408a-8d8e-5065ca3330c2,f6ab14eb-1a66-4ea5-8a0f-0afbda444403,16:00:00,MostlyClear,93.668,10.1,102,0.610,2025-06-26 04:57:24.035144,2025-06-19 09:27:22.252348,2025-06-26 04:57:24.053586
19389392,bf996092-8d66-408a-8d8e-5065ca3330c2,f6ab14eb-1a66-4ea5-8a0f-0afbda444403,07:00:00,MostlyCloudy,81.266,4.7,13,0.930,2025-07-29 12:54:09.473487,2025-07-17 04:25:07.770791,2025-07-29 12:54:09.495736
19389392,bf996092-8d66-408a-8d8e-5065ca3330c2,f6ab14eb-1a66-4ea5-8a0f-0afbda444403,12:00:00,MostlyCloudy,89.708,11.1,71,0.730,2025-07-29 12:54:09.473838,2025-07-17 04:25:07.770794,2025-07-29 12:54:09.497255
19389392,bf996092-8d66-408a-8d8e-5065ca3330c2,f6ab14eb-1a66-4ea5-8a0f-0afbda444403,16:00:00,PartlyCloudy,91.958,12.4,74,0.640,2025-07-29 12:54:09.474068,2025-07-17 04:25:07.770795,2025-07-29 12:54:09.498215
19458683,bf996092-8d66-408a-8d8e-5065ca3330c2,f6ab14eb-1a66-4ea5-8a0f-0afbda444403,07:00:00,Cloudy,80.042,7.2,85,0.920,2025-08-03 05:43:51.568623,2025-07-21 04:49:42.39867,2025-08-03 05:43:51.587022
19458683,bf996092-8d66-408a-8d8e-5065ca3330c2,f6ab14eb-1a66-4ea5-8a0f-0afbda444403,12:00:00,Cloudy,85.244,10.3,116,0.820,2025-08-03 05:43:51.56892,2025-07-21 04:49:42.398676,2025-08-03 05:43:51.588258
19458683,bf996092-8d66-408a-8d8e-5065ca3330c2,f6ab14eb-1a66-4ea5-8a0f-0afbda444403,16:00:00,Cloudy,86.99,10.5,110,0.780,2025-08-03 05:43:51.569157,2025-07-21 04:49:42.398678,2025-08-03 05:43:51.58826
19458683,bf996092-8d66-408a-8d8e-5065ca3330c2,f6ab14eb-1a66-4ea5-8a0f-0afbda444403,07:00:00,Cloudy,80.042,7.2,85,0.920,2025-08-03 05:43:51.568623,2025-07-21 04:49:42.39867,2025-08-03 05:43:51.587022
19458683,bf996092-8d66-408a-8d8e-5065ca3330c2,f6ab14eb-1a66-4ea5-8a0f-0afbda444403,12:00:00,Cloudy,85.244,10.3,116,0.820,2025-08-03 05:43:51.56892,2025-07-21 04:49:42.398676,2025-08-03 05:43:51.588258
19458683,bf996092-8d66-408a-8d8e-5065ca3330c2,f6ab14eb-1a66-4ea5-8a0f-0afbda444403,16:00:00,Cloudy,86.99,10.5,110,0.780,2025-08-03 05:43:51.569157,2025-07-21 04:49:42.398678,2025-08-03 05:43:51.58826
18914367,bf996092-8d66-408a-8d8e-5065ca3330c2,f6ab14eb-1a66-4ea5-8a0f-0afbda444403,07:00:00,MostlyCloudy,84.02,4.0,60,0.830,2025-07-09 09:40:02.525076,2025-06-30 10:05:08.80161,2025-07-09 09:40:02.557168
18914367,bf996092-8d66-408a-8d8e-5065ca3330c2,f6ab14eb-1a66-4ea5-8a0f-0afbda444403,12:00:00,PartlyCloudy,93.992,5.1,136,0.610,2025-07-09 09:40:02.525513,2025-06-30 10:05:08.801612,2025-07-09 09:40:02.559253
18914367,bf996092-8d66-408a-8d8e-5065ca3330c2,f6ab14eb-1a66-4ea5-8a0f-0afbda444403,16:00:00,PartlyCloudy,94.388,3.2,253,0.570,2025-07-09 09:40:02.525911,2025-06-30 10:05:08.801613,2025-07-09 09:40:02.561503
18914367,bf996092-8d66-408a-8d8e-5065ca3330c2,f6ab14eb-1a66-4ea5-8a0f-0afbda444403,07:00:00,MostlyCloudy,84.02,4.0,60,0.830,2025-07-09 09:40:02.525076,2025-06-30 10:05:08.80161,2025-07-09 09:40:02.557168
18914367,bf996092-8d66-408a-8d8e-5065ca3330c2,f6ab14eb-1a66-4ea5-8a0f-0afbda444403,12:00:00,PartlyCloudy,93.992,5.1,136,0.610,2025-07-09 09:40:02.525513,2025-06-30 10:05:08.801612,2025-07-09 09:40:02.559253
18914367,bf996092-8d66-408a-8d8e-5065ca3330c2,f6ab14eb-1a66-4ea5-8a0f-0afbda444403,16:00:00,PartlyCloudy,94.388,3.2,253,0.570,2025-07-09 09:40:02.525911,2025-06-30 10:05:08.801613,2025-07-09 09:40:02.561503
19458683,bf996092-8d66-408a-8d8e-5065ca3330c2,f6ab14eb-1a66-4ea5-8a0f-0afbda444403,07:00:00,Cloudy,80.042,7.2,85,0.920,2025-08-03 05:43:51.568623,2025-07-21 04:49:42.39867,2025-08-03 05:43:51.587022
19458683,bf996092-8d66-408a-8d8e-5065ca3330c2,f6ab14eb-1a66-4ea5-8a0f-0afbda444403,12:00:00,Cloudy,85.244,10.3,116,0.820,2025-08-03 05:43:51.56892,2025-07-21 04:49:42.398676,2025-08-03 05:43:51.588258
19458683,bf996092-8d66-408a-8d8e-5065ca3330c2,f6ab14eb-1a66-4ea5-8a0f-0afbda444403,16:00:00,Cloudy,86.99,10.5,110,0.780,2025-08-03 05:43:51.569157,2025-07-21 04:49:42.398678,2025-08-03 05:43:51.58826
20060217,bf996092-8d66-408a-8d8e-5065ca3330c2,f6ab14eb-1a66-4ea5-8a0f-0afbda444403,16:00:00,PartlyCloudy,88.916,11.5,97,0.700,2025-08-22 07:41:07.569591,2025-08-12 05:29:44.001955,2025-08-22 07:41:07.58743
20060217,bf996092-8d66-408a-8d8e-5065ca3330c2,f6ab14eb-1a66-4ea5-8a0f-0afbda444403,07:00:00,PartlyCloudy,80.726,9.6,85,0.900,2025-08-22 07:41:07.569021,2025-08-12 05:29:44.001951,2025-08-22 07:41:07.585842
20060217,bf996092-8d66-408a-8d8e-5065ca3330c2,f6ab14eb-1a66-4ea5-8a0f-0afbda444403,12:00:00,MostlyCloudy,87.062,11.3,102,0.750,2025-08-22 07:41:07.569343,2025-08-12 05:29:44.001953,2025-08-22 07:41:07.586709
19645172,bf996092-8d66-408a-8d8e-5065ca3330c2,f6ab14eb-1a66-4ea5-8a0f-0afbda444403,07:00:00,Cloudy,78.314,5.7,212,0.930,2025-08-06 09:48:15.425267,2025-07-28 10:17:58.171853,2025-08-06 09:48:15.440709
19645172,bf996092-8d66-408a-8d8e-5065ca3330c2,f6ab14eb-1a66-4ea5-8a0f-0afbda444403,12:00:00,MostlyCloudy,84.524,4.7,243,0.800,2025-08-06 09:48:15.425564,2025-07-28 10:17:58.171856,2025-08-06 09:48:15.440711
19645172,bf996092-8d66-408a-8d8e-5065ca3330c2,f6ab14eb-1a66-4ea5-8a0f-0afbda444403,16:00:00,MostlyCloudy,85.838,1.8,182,0.760,2025-08-06 09:48:15.425798,2025-07-28 10:17:58.171857,2025-08-06 09:48:15.440711
19812217,bf996092-8d66-408a-8d8e-5065ca3330c2,f6ab14eb-1a66-4ea5-8a0f-0afbda444403,07:00:00,Cloudy,81.392,3.7,228,0.920,2025-08-12 05:29:57.764898,2025-08-02 07:37:19.264043,2025-08-12 05:29:57.785657
19812217,bf996092-8d66-408a-8d8e-5065ca3330c2,f6ab14eb-1a66-4ea5-8a0f-0afbda444403,12:00:00,Cloudy,87.062,4.5,257,0.810,2025-08-12 05:29:57.765202,2025-08-02 07:37:19.264045,2025-08-12 05:29:57.786641
19812217,bf996092-8d66-408a-8d8e-5065ca3330c2,f6ab14eb-1a66-4ea5-8a0f-0afbda444403,16:00:00,Cloudy,87.296,2.8,290,0.790,2025-08-12 05:29:57.76544,2025-08-02 07:37:19.264046,2025-08-12 05:29:57.786643
20251718,bf996092-8d66-408a-8d8e-5065ca3330c2,f6ab14eb-1a66-4ea5-8a0f-0afbda444403,07:00:00,MostlyCloudy,81.302,7.6,83,0.910,2025-08-28 13:22:32.014036,2025-08-19 03:57:55.115447,2025-08-28 13:22:32.031806
20251718,bf996092-8d66-408a-8d8e-5065ca3330c2,f6ab14eb-1a66-4ea5-8a0f-0afbda444403,12:00:00,MostlyCloudy,89.186,9.5,100,0.730,2025-08-28 13:22:32.014331,2025-08-19 03:57:55.11545,2025-08-28 13:22:32.031808
20251718,bf996092-8d66-408a-8d8e-5065ca3330c2,f6ab14eb-1a66-4ea5-8a0f-0afbda444403,16:00:00,MostlyCloudy,89.672,7.5,97,0.700,2025-08-28 13:22:32.014561,2025-08-19 03:57:55.115451,2025-08-28 13:22:32.033622
20251718,bf996092-8d66-408a-8d8e-5065ca3330c2,f6ab14eb-1a66-4ea5-8a0f-0afbda444403,07:00:00,MostlyCloudy,81.302,7.6,83,0.910,2025-08-28 13:22:32.014036,2025-08-19 03:57:55.115447,2025-08-28 13:22:32.031806
20251718,bf996092-8d66-408a-8d8e-5065ca3330c2,f6ab14eb-1a66-4ea5-8a0f-0afbda444403,12:00:00,MostlyCloudy,89.186,9.5,100,0.730,2025-08-28 13:22:32.014331,2025-08-19 03:57:55.11545,2025-08-28 13:22:32.031808
20251718,bf996092-8d66-408a-8d8e-5065ca3330c2,f6ab14eb-1a66-4ea5-8a0f-0afbda444403,16:00:00,MostlyCloudy,89.672,7.5,97,0.700,2025-08-28 13:22:32.014561,2025-08-19 03:57:55.115451,2025-08-28 13:22:32.033622
19164365,bf996092-8d66-408a-8d8e-5065ca3330c2,f6ab14eb-1a66-4ea5-8a0f-0afbda444403,07:00:00,MostlyCloudy,79.52,11.8,125,0.900,2025-07-20 06:23:19.447615,2025-07-09 03:11:50.941304,2025-07-20 06:23:19.467425
19164365,bf996092-8d66-408a-8d8e-5065ca3330c2,f6ab14eb-1a66-4ea5-8a0f-0afbda444403,12:00:00,PartlyCloudy,89.06,11.9,163,0.700,2025-07-20 06:23:19.447943,2025-07-09 03:11:50.941306,2025-07-20 06:23:19.469499
19164365,bf996092-8d66-408a-8d8e-5065ca3330c2,f6ab14eb-1a66-4ea5-8a0f-0afbda444403,16:00:00,PartlyCloudy,91.148,9.7,178,0.640,2025-07-20 06:23:19.448177,2025-07-09 03:11:50.941307,2025-07-20 06:23:19.469501
19164365,bf996092-8d66-408a-8d8e-5065ca3330c2,f6ab14eb-1a66-4ea5-8a0f-0afbda444403,07:00:00,MostlyCloudy,79.52,11.8,125,0.900,2025-07-20 06:23:19.447615,2025-07-09 03:11:50.941304,2025-07-20 06:23:19.467425
19164365,bf996092-8d66-408a-8d8e-5065ca3330c2,f6ab14eb-1a66-4ea5-8a0f-0afbda444403,12:00:00,PartlyCloudy,89.06,11.9,163,0.700,2025-07-20 06:23:19.447943,2025-07-09 03:11:50.941306,2025-07-20 06:23:19.469499
19164365,bf996092-8d66-408a-8d8e-5065ca3330c2,f6ab14eb-1a66-4ea5-8a0f-0afbda444403,16:00:00,PartlyCloudy,91.148,9.7,178,0.640,2025-07-20 06:23:19.448177,2025-07-09 03:11:50.941307,2025-07-20 06:23:19.469501
18914368,bf996092-8d66-408a-8d8e-5065ca3330c2,f6ab14eb-1a66-4ea5-8a0f-0afbda444403,07:00:00,Thunderstorms,80.114,3.7,94,0.910,2025-07-10 17:05:24.388994,2025-06-30 10:05:08.80506,2025-07-10 17:05:24.408895
18914368,bf996092-8d66-408a-8d8e-5065ca3330c2,f6ab14eb-1a66-4ea5-8a0f-0afbda444403,12:00:00,Thunderstorms,82.346,8.0,126,0.820,2025-07-10 17:05:24.389286,2025-06-30 10:05:08.805062,2025-07-10 17:05:24.408897
18914368,bf996092-8d66-408a-8d8e-5065ca3330c2,f6ab14eb-1a66-4ea5-8a0f-0afbda444403,16:00:00,Cloudy,85.406,5.4,114,0.730,2025-07-10 17:05:24.389516,2025-06-30 10:05:08.805063,2025-07-10 17:05:24.411132
19700143,bf996092-8d66-408a-8d8e-5065ca3330c2,f679f4cf-c089-4a2b-9b84-b14129630601,07:00:00,MostlyClear,81.068,4.5,278,0.840,2025-08-25 11:48:19.058136,2025-07-29 05:34:13.669104,2025-08-25 11:48:19.065668
19700143,bf996092-8d66-408a-8d8e-5065ca3330c2,f679f4cf-c089-4a2b-9b84-b14129630601,12:00:00,MostlyClear,91.67,8.5,292,0.610,2025-08-25 11:48:19.058425,2025-07-29 05:34:13.669106,2025-08-25 11:48:19.06567
19700143,bf996092-8d66-408a-8d8e-5065ca3330c2,f679f4cf-c089-4a2b-9b84-b14129630601,16:00:00,PartlyCloudy,93.92,8.8,293,0.570,2025-08-25 11:48:19.058652,2025-07-29 05:34:13.669107,2025-08-25 11:48:19.065671
19643486,bf996092-8d66-408a-8d8e-5065ca3330c2,f679f4cf-c089-4a2b-9b84-b14129630601,07:00:00,MostlyCloudy,78.836,4.2,229,0.890,2025-08-25 11:18:45.291894,2025-07-28 07:03:32.301762,2025-08-25 11:18:45.300495
19643486,bf996092-8d66-408a-8d8e-5065ca3330c2,f679f4cf-c089-4a2b-9b84-b14129630601,12:00:00,Cloudy,87.854,3.6,272,0.700,2025-08-25 11:18:45.292186,2025-07-28 07:03:32.301765,2025-08-25 11:18:45.300496
19643486,bf996092-8d66-408a-8d8e-5065ca3330c2,f679f4cf-c089-4a2b-9b84-b14129630601,16:00:00,MostlyCloudy,89.438,2.4,290,0.670,2025-08-25 11:18:45.292419,2025-07-28 07:03:32.301766,2025-08-25 11:18:45.300497
19643486,bf996092-8d66-408a-8d8e-5065ca3330c2,f679f4cf-c089-4a2b-9b84-b14129630601,07:00:00,MostlyCloudy,78.836,4.2,229,0.890,2025-08-25 11:18:45.291894,2025-07-28 07:03:32.301762,2025-08-25 11:18:45.300495
19643486,bf996092-8d66-408a-8d8e-5065ca3330c2,f679f4cf-c089-4a2b-9b84-b14129630601,12:00:00,Cloudy,87.854,3.6,272,0.700,2025-08-25 11:18:45.292186,2025-07-28 07:03:32.301765,2025-08-25 11:18:45.300496
19643486,bf996092-8d66-408a-8d8e-5065ca3330c2,f679f4cf-c089-4a2b-9b84-b14129630601,16:00:00,MostlyCloudy,89.438,2.4,290,0.670,2025-08-25 11:18:45.292419,2025-07-28 07:03:32.301766,2025-08-25 11:18:45.300497
19607633,bf996092-8d66-408a-8d8e-5065ca3330c2,f679f4cf-c089-4a2b-9b84-b14129630601,07:00:00,Thunderstorms,79.322,4.7,250,0.920,2025-08-18 11:51:19.165134,2025-07-25 11:31:06.300953,2025-08-18 11:51:19.173852
19607633,bf996092-8d66-408a-8d8e-5065ca3330c2,f679f4cf-c089-4a2b-9b84-b14129630601,12:00:00,Cloudy,86.594,8.7,282,0.750,2025-08-18 11:51:19.165486,2025-07-25 11:31:06.300956,2025-08-18 11:51:19.176295
19607633,bf996092-8d66-408a-8d8e-5065ca3330c2,f679f4cf-c089-4a2b-9b84-b14129630601,16:00:00,Cloudy,88.646,5.5,304,0.720,2025-08-18 11:51:19.165777,2025-07-25 11:31:06.300957,2025-08-18 11:51:19.177248
19447885,bf996092-8d66-408a-8d8e-5065ca3330c2,f679f4cf-c089-4a2b-9b84-b14129630601,07:00:00,PartlyCloudy,81.788,2.8,119,0.870,2025-08-25 09:34:34.800875,2025-07-19 11:26:35.364419,2025-08-25 09:34:34.807196
19447885,bf996092-8d66-408a-8d8e-5065ca3330c2,f679f4cf-c089-4a2b-9b84-b14129630601,12:00:00,PartlyCloudy,90.824,2.8,122,0.660,2025-08-25 09:34:34.801162,2025-07-19 11:26:35.364423,2025-08-25 09:34:34.809132
19447885,bf996092-8d66-408a-8d8e-5065ca3330c2,f679f4cf-c089-4a2b-9b84-b14129630601,16:00:00,MostlyCloudy,92.336,2.7,54,0.620,2025-08-25 09:34:34.801391,2025-07-19 11:26:35.364425,2025-08-25 09:34:34.809134
19447885,bf996092-8d66-408a-8d8e-5065ca3330c2,f679f4cf-c089-4a2b-9b84-b14129630601,07:00:00,PartlyCloudy,81.788,2.8,119,0.870,2025-08-25 09:34:34.800875,2025-07-19 11:26:35.364419,2025-08-25 09:34:34.807196
19447885,bf996092-8d66-408a-8d8e-5065ca3330c2,f679f4cf-c089-4a2b-9b84-b14129630601,12:00:00,PartlyCloudy,90.824,2.8,122,0.660,2025-08-25 09:34:34.801162,2025-07-19 11:26:35.364423,2025-08-25 09:34:34.809132
19447885,bf996092-8d66-408a-8d8e-5065ca3330c2,f679f4cf-c089-4a2b-9b84-b14129630601,16:00:00,MostlyCloudy,92.336,2.7,54,0.620,2025-08-25 09:34:34.801391,2025-07-19 11:26:35.364425,2025-08-25 09:34:34.809134
19542835,bf996092-8d66-408a-8d8e-5065ca3330c2,f679f4cf-c089-4a2b-9b84-b14129630601,07:00:00,MostlyCloudy,79.448,5.6,89,0.910,2025-08-18 06:40:46.84181,2025-07-23 10:50:16.6843,2025-08-18 06:40:46.84471
19542835,bf996092-8d66-408a-8d8e-5065ca3330c2,f679f4cf-c089-4a2b-9b84-b14129630601,12:00:00,MostlyCloudy,85.766,9.7,108,0.770,2025-08-18 06:40:46.842107,2025-07-23 10:50:16.684303,2025-08-18 06:40:46.844712
19542835,bf996092-8d66-408a-8d8e-5065ca3330c2,f679f4cf-c089-4a2b-9b84-b14129630601,16:00:00,MostlyCloudy,87.188,7.7,108,0.740,2025-08-18 06:40:46.842339,2025-07-23 10:50:16.684304,2025-08-18 06:40:46.845686
19542835,bf996092-8d66-408a-8d8e-5065ca3330c2,f679f4cf-c089-4a2b-9b84-b14129630601,07:00:00,MostlyCloudy,79.448,5.6,89,0.910,2025-08-18 06:40:46.84181,2025-07-23 10:50:16.6843,2025-08-18 06:40:46.84471
19542835,bf996092-8d66-408a-8d8e-5065ca3330c2,f679f4cf-c089-4a2b-9b84-b14129630601,12:00:00,MostlyCloudy,85.766,9.7,108,0.770,2025-08-18 06:40:46.842107,2025-07-23 10:50:16.684303,2025-08-18 06:40:46.844712
19542835,bf996092-8d66-408a-8d8e-5065ca3330c2,f679f4cf-c089-4a2b-9b84-b14129630601,16:00:00,MostlyCloudy,87.188,7.7,108,0.740,2025-08-18 06:40:46.842339,2025-07-23 10:50:16.684304,2025-08-18 06:40:46.845686
19542836,bf996092-8d66-408a-8d8e-5065ca3330c2,f679f4cf-c089-4a2b-9b84-b14129630601,07:00:00,Thunderstorms,78.692,5.1,115,0.940,2025-08-25 09:55:40.852749,2025-07-23 10:50:16.688119,2025-08-25 09:55:40.860964
19542836,bf996092-8d66-408a-8d8e-5065ca3330c2,f679f4cf-c089-4a2b-9b84-b14129630601,12:00:00,Cloudy,83.57,6.1,118,0.830,2025-08-25 09:55:40.853038,2025-07-23 10:50:16.688122,2025-08-25 09:55:40.860966
19542836,bf996092-8d66-408a-8d8e-5065ca3330c2,f679f4cf-c089-4a2b-9b84-b14129630601,16:00:00,MostlyCloudy,86.072,3.8,146,0.760,2025-08-25 09:55:40.853264,2025-07-23 10:50:16.688123,2025-08-25 09:55:40.863981
19542836,bf996092-8d66-408a-8d8e-5065ca3330c2,f679f4cf-c089-4a2b-9b84-b14129630601,07:00:00,Thunderstorms,78.692,5.1,115,0.940,2025-08-25 09:55:40.852749,2025-07-23 10:50:16.688119,2025-08-25 09:55:40.860964
19542836,bf996092-8d66-408a-8d8e-5065ca3330c2,f679f4cf-c089-4a2b-9b84-b14129630601,12:00:00,Cloudy,83.57,6.1,118,0.830,2025-08-25 09:55:40.853038,2025-07-23 10:50:16.688122,2025-08-25 09:55:40.860966
19542836,bf996092-8d66-408a-8d8e-5065ca3330c2,f679f4cf-c089-4a2b-9b84-b14129630601,16:00:00,MostlyCloudy,86.072,3.8,146,0.760,2025-08-25 09:55:40.853264,2025-07-23 10:50:16.688123,2025-08-25 09:55:40.863981
19542837,bf996092-8d66-408a-8d8e-5065ca3330c2,f679f4cf-c089-4a2b-9b84-b14129630601,07:00:00,MostlyCloudy,78.548,2.3,179,0.920,2025-08-18 12:06:27.764372,2025-07-23 10:50:16.691596,2025-08-18 12:06:27.772323
19542837,bf996092-8d66-408a-8d8e-5065ca3330c2,f679f4cf-c089-4a2b-9b84-b14129630601,12:00:00,MostlyCloudy,86.162,3.1,216,0.760,2025-08-18 12:06:27.764675,2025-07-23 10:50:16.691599,2025-08-18 12:06:27.772325
19542837,bf996092-8d66-408a-8d8e-5065ca3330c2,f679f4cf-c089-4a2b-9b84-b14129630601,16:00:00,MostlyCloudy,87.404,3.6,211,0.730,2025-08-18 12:06:27.764926,2025-07-23 10:50:16.6916,2025-08-18 12:06:27.772326
20125491,bf996092-8d66-408a-8d8e-5065ca3330c2,f6ab14eb-1a66-4ea5-8a0f-0afbda444403,07:00:00,MostlyCloudy,79.502,6.9,103,0.930,2025-08-24 04:56:44.661599,2025-08-14 11:25:17.004774,2025-08-24 04:56:44.679343
20125491,bf996092-8d66-408a-8d8e-5065ca3330c2,f6ab14eb-1a66-4ea5-8a0f-0afbda444403,12:00:00,MostlyCloudy,88.034,10.3,114,0.720,2025-08-24 04:56:44.661907,2025-08-14 11:25:17.004777,2025-08-24 04:56:44.680356
20125491,bf996092-8d66-408a-8d8e-5065ca3330c2,f6ab14eb-1a66-4ea5-8a0f-0afbda444403,16:00:00,MostlyCloudy,87.926,8.7,118,0.700,2025-08-24 04:56:44.662135,2025-08-14 11:25:17.004778,2025-08-24 04:56:44.680358
19389392,bf996092-8d66-408a-8d8e-5065ca3330c2,f6ab14eb-1a66-4ea5-8a0f-0afbda444403,07:00:00,MostlyCloudy,81.266,4.7,13,0.930,2025-07-29 12:54:09.473487,2025-07-17 04:25:07.770791,2025-07-29 12:54:09.495736
19389392,bf996092-8d66-408a-8d8e-5065ca3330c2,f6ab14eb-1a66-4ea5-8a0f-0afbda444403,12:00:00,MostlyCloudy,89.708,11.1,71,0.730,2025-07-29 12:54:09.473838,2025-07-17 04:25:07.770794,2025-07-29 12:54:09.497255
19389392,bf996092-8d66-408a-8d8e-5065ca3330c2,f6ab14eb-1a66-4ea5-8a0f-0afbda444403,16:00:00,PartlyCloudy,91.958,12.4,74,0.640,2025-07-29 12:54:09.474068,2025-07-17 04:25:07.770795,2025-07-29 12:54:09.498215
19236241,bf996092-8d66-408a-8d8e-5065ca3330c2,f6ab14eb-1a66-4ea5-8a0f-0afbda444403,07:00:00,MostlyCloudy,82.292,4.8,266,0.860,2025-07-24 11:12:27.373547,2025-07-11 09:17:33.291348,2025-07-24 11:12:27.390835
19236241,bf996092-8d66-408a-8d8e-5065ca3330c2,f6ab14eb-1a66-4ea5-8a0f-0afbda444403,16:00:00,Cloudy,89.528,3.1,234,0.680,2025-07-24 11:12:27.374079,2025-07-11 09:17:33.291352,2025-07-24 11:12:27.392606
19236241,bf996092-8d66-408a-8d8e-5065ca3330c2,f6ab14eb-1a66-4ea5-8a0f-0afbda444403,12:00:00,MostlyCloudy,90.482,4.7,259,0.670,2025-07-24 11:12:27.373847,2025-07-11 09:17:33.291351,2025-07-24 11:12:27.391755
20193392,bf996092-8d66-408a-8d8e-5065ca3330c2,f679f4cf-c089-4a2b-9b84-b14129630601,07:00:00,MostlyCloudy,79.466,5.2,109,0.900,2025-08-26 14:33:34.392443,2025-08-18 09:50:48.812413,2025-08-26 14:33:34.427668
20193392,bf996092-8d66-408a-8d8e-5065ca3330c2,f679f4cf-c089-4a2b-9b84-b14129630601,12:00:00,MostlyCloudy,88.106,9.4,106,0.700,2025-08-26 14:33:34.393107,2025-08-18 09:50:48.812416,2025-08-26 14:33:34.427671
20193392,bf996092-8d66-408a-8d8e-5065ca3330c2,f679f4cf-c089-4a2b-9b84-b14129630601,16:00:00,Thunderstorms,87.422,6.4,108,0.710,2025-08-26 14:33:34.393493,2025-08-18 09:50:48.812417,2025-08-26 14:33:34.427672
19236241,bf996092-8d66-408a-8d8e-5065ca3330c2,f6ab14eb-1a66-4ea5-8a0f-0afbda444403,07:00:00,MostlyCloudy,82.292,4.8,266,0.860,2025-07-24 11:12:27.373547,2025-07-11 09:17:33.291348,2025-07-24 11:12:27.390835
19236241,bf996092-8d66-408a-8d8e-5065ca3330c2,f6ab14eb-1a66-4ea5-8a0f-0afbda444403,16:00:00,Cloudy,89.528,3.1,234,0.680,2025-07-24 11:12:27.374079,2025-07-11 09:17:33.291352,2025-07-24 11:12:27.392606
19236241,bf996092-8d66-408a-8d8e-5065ca3330c2,f6ab14eb-1a66-4ea5-8a0f-0afbda444403,12:00:00,MostlyCloudy,90.482,4.7,259,0.670,2025-07-24 11:12:27.373847,2025-07-11 09:17:33.291351,2025-07-24 11:12:27.391755
19236241,bf996092-8d66-408a-8d8e-5065ca3330c2,f6ab14eb-1a66-4ea5-8a0f-0afbda444403,07:00:00,MostlyCloudy,82.292,4.8,266,0.860,2025-07-24 11:12:27.373547,2025-07-11 09:17:33.291348,2025-07-24 11:12:27.390835
19236241,bf996092-8d66-408a-8d8e-5065ca3330c2,f6ab14eb-1a66-4ea5-8a0f-0afbda444403,16:00:00,Cloudy,89.528,3.1,234,0.680,2025-07-24 11:12:27.374079,2025-07-11 09:17:33.291352,2025-07-24 11:12:27.392606
19236241,bf996092-8d66-408a-8d8e-5065ca3330c2,f6ab14eb-1a66-4ea5-8a0f-0afbda444403,12:00:00,MostlyCloudy,90.482,4.7,259,0.670,2025-07-24 11:12:27.373847,2025-07-11 09:17:33.291351,2025-07-24 11:12:27.391755
19812216,bf996092-8d66-408a-8d8e-5065ca3330c2,f6ab14eb-1a66-4ea5-8a0f-0afbda444403,07:00:00,MostlyCloudy,80.186,3.3,200,0.930,2025-08-11 11:21:30.838143,2025-08-02 07:37:19.259631,2025-08-11 11:21:30.853866
19812216,bf996092-8d66-408a-8d8e-5065ca3330c2,f6ab14eb-1a66-4ea5-8a0f-0afbda444403,12:00:00,MostlyCloudy,88.052,3.9,215,0.750,2025-08-11 11:21:30.838443,2025-08-02 07:37:19.259633,2025-08-11 11:21:30.854437
19812216,bf996092-8d66-408a-8d8e-5065ca3330c2,f6ab14eb-1a66-4ea5-8a0f-0afbda444403,16:00:00,MostlyCloudy,89.366,4.4,203,0.730,2025-08-11 11:21:30.838702,2025-08-02 07:37:19.259634,2025-08-11 11:21:30.854891
19812217,bf996092-8d66-408a-8d8e-5065ca3330c2,f6ab14eb-1a66-4ea5-8a0f-0afbda444403,07:00:00,Cloudy,81.392,3.7,228,0.920,2025-08-12 05:29:57.764898,2025-08-02 07:37:19.264043,2025-08-12 05:29:57.785657
19812217,bf996092-8d66-408a-8d8e-5065ca3330c2,f6ab14eb-1a66-4ea5-8a0f-0afbda444403,12:00:00,Cloudy,87.062,4.5,257,0.810,2025-08-12 05:29:57.765202,2025-08-02 07:37:19.264045,2025-08-12 05:29:57.786641
19812217,bf996092-8d66-408a-8d8e-5065ca3330c2,f6ab14eb-1a66-4ea5-8a0f-0afbda444403,16:00:00,Cloudy,87.296,2.8,290,0.790,2025-08-12 05:29:57.76544,2025-08-02 07:37:19.264046,2025-08-12 05:29:57.786643
19812216,bf996092-8d66-408a-8d8e-5065ca3330c2,f6ab14eb-1a66-4ea5-8a0f-0afbda444403,07:00:00,MostlyCloudy,80.186,3.3,200,0.930,2025-08-11 11:21:30.838143,2025-08-02 07:37:19.259631,2025-08-11 11:21:30.853866
19812216,bf996092-8d66-408a-8d8e-5065ca3330c2,f6ab14eb-1a66-4ea5-8a0f-0afbda444403,12:00:00,MostlyCloudy,88.052,3.9,215,0.750,2025-08-11 11:21:30.838443,2025-08-02 07:37:19.259633,2025-08-11 11:21:30.854437
19812216,bf996092-8d66-408a-8d8e-5065ca3330c2,f6ab14eb-1a66-4ea5-8a0f-0afbda444403,16:00:00,MostlyCloudy,89.366,4.4,203,0.730,2025-08-11 11:21:30.838702,2025-08-02 07:37:19.259634,2025-08-11 11:21:30.854891
19812215,bf996092-8d66-408a-8d8e-5065ca3330c2,f6ab14eb-1a66-4ea5-8a0f-0afbda444403,07:00:00,Cloudy,78.674,5.0,171,0.940,2025-08-10 05:01:29.560382,2025-08-02 07:37:19.254764,2025-08-10 05:01:29.586097
19812215,bf996092-8d66-408a-8d8e-5065ca3330c2,f6ab14eb-1a66-4ea5-8a0f-0afbda444403,12:00:00,Cloudy,84.884,4.2,184,0.790,2025-08-10 05:01:29.560834,2025-08-02 07:37:19.254767,2025-08-10 05:01:29.586099
19812215,bf996092-8d66-408a-8d8e-5065ca3330c2,f6ab14eb-1a66-4ea5-8a0f-0afbda444403,16:00:00,MostlyCloudy,87.476,3.9,205,0.760,2025-08-10 05:01:29.561178,2025-08-02 07:37:19.254768,2025-08-10 05:01:29.5861
20007785,bf996092-8d66-408a-8d8e-5065ca3330c2,f6ab14eb-1a66-4ea5-8a0f-0afbda444403,07:00:00,PartlyCloudy,81.554,8.8,88,0.890,2025-08-20 05:13:50.918495,2025-08-10 04:44:04.634408,2025-08-20 05:13:50.944218
20007785,bf996092-8d66-408a-8d8e-5065ca3330c2,f6ab14eb-1a66-4ea5-8a0f-0afbda444403,12:00:00,MostlyClear,89.312,11.0,100,0.700,2025-08-20 05:13:50.918842,2025-08-10 04:44:04.634411,2025-08-20 05:13:50.94422
20007785,bf996092-8d66-408a-8d8e-5065ca3330c2,f6ab14eb-1a66-4ea5-8a0f-0afbda444403,16:00:00,PartlyCloudy,89.96,9.7,97,0.680,2025-08-20 05:13:50.919119,2025-08-10 04:44:04.634412,2025-08-20 05:13:50.945522
20125491,bf996092-8d66-408a-8d8e-5065ca3330c2,f6ab14eb-1a66-4ea5-8a0f-0afbda444403,07:00:00,MostlyCloudy,79.502,6.9,103,0.930,2025-08-24 04:56:44.661599,2025-08-14 11:25:17.004774,2025-08-24 04:56:44.679343
20125491,bf996092-8d66-408a-8d8e-5065ca3330c2,f6ab14eb-1a66-4ea5-8a0f-0afbda444403,12:00:00,MostlyCloudy,88.034,10.3,114,0.720,2025-08-24 04:56:44.661907,2025-08-14 11:25:17.004777,2025-08-24 04:56:44.680356
20125491,bf996092-8d66-408a-8d8e-5065ca3330c2,f6ab14eb-1a66-4ea5-8a0f-0afbda444403,16:00:00,MostlyCloudy,87.926,8.7,118,0.700,2025-08-24 04:56:44.662135,2025-08-14 11:25:17.004778,2025-08-24 04:56:44.680358
19645171,bf996092-8d66-408a-8d8e-5065ca3330c2,f6ab14eb-1a66-4ea5-8a0f-0afbda444403,07:00:00,Rain,77.936,8.1,252,0.960,2025-08-08 10:57:00.821635,2025-07-28 10:17:58.16691,2025-08-08 10:57:00.83935
19645171,bf996092-8d66-408a-8d8e-5065ca3330c2,f6ab14eb-1a66-4ea5-8a0f-0afbda444403,12:00:00,Rain,80.366,9.1,248,0.900,2025-08-08 10:57:00.821935,2025-07-28 10:17:58.166913,2025-08-08 10:57:00.839352
19645171,bf996092-8d66-408a-8d8e-5065ca3330c2,f6ab14eb-1a66-4ea5-8a0f-0afbda444403,16:00:00,Cloudy,82.562,8.6,243,0.840,2025-08-08 10:57:00.822183,2025-07-28 10:17:58.166914,2025-08-08 10:57:00.841541
19419113,bf996092-8d66-408a-8d8e-5065ca3330c2,f679f4cf-c089-4a2b-9b84-b14129630601,12:00:00,MostlyCloudy,89.816,6.6,111,0.660,2025-07-28 10:09:17.353515,2025-07-18 04:38:15.237947,2025-07-28 10:09:17.370353
19419113,bf996092-8d66-408a-8d8e-5065ca3330c2,f679f4cf-c089-4a2b-9b84-b14129630601,16:00:00,MostlyCloudy,92.912,5.9,88,0.590,2025-07-28 10:09:17.35375,2025-07-18 04:38:15.237948,2025-07-28 10:09:17.370354
19419113,bf996092-8d66-408a-8d8e-5065ca3330c2,f679f4cf-c089-4a2b-9b84-b14129630601,07:00:00,PartlyCloudy,82.31,4.5,94,0.850,2025-07-28 10:09:17.353219,2025-07-18 04:38:15.237944,2025-07-28 10:09:17.370351
19818147,bf996092-8d66-408a-8d8e-5065ca3330c2,f6ab14eb-1a66-4ea5-8a0f-0afbda444403,07:00:00,Cloudy,82.598,2.9,312,0.930,2025-08-14 11:33:25.28634,2025-08-04 03:42:57.216144,2025-08-14 11:33:25.305002
19818147,bf996092-8d66-408a-8d8e-5065ca3330c2,f6ab14eb-1a66-4ea5-8a0f-0afbda444403,12:00:00,Cloudy,89.294,3.3,101,0.770,2025-08-14 11:33:25.286669,2025-08-04 03:42:57.216147,2025-08-14 11:33:25.306611
19818147,bf996092-8d66-408a-8d8e-5065ca3330c2,f6ab14eb-1a66-4ea5-8a0f-0afbda444403,16:00:00,Thunderstorms,87.566,5.2,157,0.780,2025-08-14 11:33:25.286898,2025-08-04 03:42:57.216148,2025-08-14 11:33:25.306613
19269906,bf996092-8d66-408a-8d8e-5065ca3330c2,f6ab14eb-1a66-4ea5-8a0f-0afbda444403,07:00:00,PartlyCloudy,82.364,2.5,346,0.870,2025-07-24 06:52:41.594033,2025-07-13 04:31:52.8537,2025-07-24 06:52:41.612389
19269906,bf996092-8d66-408a-8d8e-5065ca3330c2,f6ab14eb-1a66-4ea5-8a0f-0afbda444403,12:00:00,PartlyCloudy,91.616,4.2,296,0.650,2025-07-24 06:52:41.594361,2025-07-13 04:31:52.853703,2025-07-24 06:52:41.613968
19269906,bf996092-8d66-408a-8d8e-5065ca3330c2,f6ab14eb-1a66-4ea5-8a0f-0afbda444403,16:00:00,MostlyCloudy,93.272,5.7,280,0.600,2025-07-24 06:52:41.594592,2025-07-13 04:31:52.853704,2025-07-24 06:52:41.614882
19362398,bf996092-8d66-408a-8d8e-5065ca3330c2,f6ab14eb-1a66-4ea5-8a0f-0afbda444403,07:00:00,PartlyCloudy,82.526,4.7,291,0.880,2025-08-02 12:54:12.354017,2025-07-16 11:39:35.298783,2025-08-02 12:54:12.371683
19362398,bf996092-8d66-408a-8d8e-5065ca3330c2,f6ab14eb-1a66-4ea5-8a0f-0afbda444403,12:00:00,PartlyCloudy,91.346,4.5,266,0.690,2025-08-02 12:54:12.35434,2025-07-16 11:39:35.298788,2025-08-02 12:54:12.371685
19362398,bf996092-8d66-408a-8d8e-5065ca3330c2,f6ab14eb-1a66-4ea5-8a0f-0afbda444403,16:00:00,PartlyCloudy,93.974,5.2,264,0.600,2025-08-02 12:54:12.354575,2025-07-16 11:39:35.29879,2025-08-02 12:54:12.37408
18824734,bf996092-8d66-408a-8d8e-5065ca3330c2,f6ab14eb-1a66-4ea5-8a0f-0afbda444403,07:00:00,Cloudy,80.672,7.0,86,0.920,2025-07-07 05:32:14.158696,2025-06-25 04:11:55.94169,2025-07-07 05:32:14.176464
18824734,bf996092-8d66-408a-8d8e-5065ca3330c2,f6ab14eb-1a66-4ea5-8a0f-0afbda444403,12:00:00,Cloudy,88.916,7.4,108,0.740,2025-07-07 05:32:14.159023,2025-06-25 04:11:55.941693,2025-07-07 05:32:14.177691
18824734,bf996092-8d66-408a-8d8e-5065ca3330c2,f6ab14eb-1a66-4ea5-8a0f-0afbda444403,16:00:00,Cloudy,89.582,5.6,95,0.720,2025-07-07 05:32:14.159259,2025-06-25 04:11:55.941695,2025-07-07 05:32:14.177692
17503670,bf996092-8d66-408a-8d8e-5065ca3330c2,967e785d-d83c-490b-8d6a-2ed926c956ac,07:00:00,MostlyCloudy,75.236,4.0,170,0.770,2025-05-07 09:50:49.655256,2025-05-06 06:29:49.720232,2025-05-07 09:50:49.67794
17503670,bf996092-8d66-408a-8d8e-5065ca3330c2,967e785d-d83c-490b-8d6a-2ed926c956ac,12:00:00,MostlyCloudy,87.692,4.3,152,0.500,2025-05-07 09:50:49.655685,2025-05-06 06:29:49.720235,2025-05-07 09:50:49.677943
17503670,bf996092-8d66-408a-8d8e-5065ca3330c2,967e785d-d83c-490b-8d6a-2ed926c956ac,16:00:00,MostlyCloudy,90.482,8.0,165,0.440,2025-05-07 09:50:49.655979,2025-05-06 06:29:49.720236,2025-05-07 09:50:49.677944
20095150,bf996092-8d66-408a-8d8e-5065ca3330c2,f6ab14eb-1a66-4ea5-8a0f-0afbda444403,07:00:00,Cloudy,79.988,3.4,151,0.930,2025-08-24 04:31:04.398271,2025-08-13 09:57:51.180819,2025-08-24 04:31:04.418896
20095150,bf996092-8d66-408a-8d8e-5065ca3330c2,f6ab14eb-1a66-4ea5-8a0f-0afbda444403,12:00:00,MostlyCloudy,85.82,4.0,191,0.780,2025-08-24 04:31:04.398558,2025-08-13 09:57:51.180822,2025-08-24 04:31:04.418898
20095150,bf996092-8d66-408a-8d8e-5065ca3330c2,f6ab14eb-1a66-4ea5-8a0f-0afbda444403,16:00:00,MostlyCloudy,86.918,4.8,92,0.750,2025-08-24 04:31:04.398788,2025-08-13 09:57:51.180823,2025-08-24 04:31:04.418898
19069581,bf996092-8d66-408a-8d8e-5065ca3330c2,f6ab14eb-1a66-4ea5-8a0f-0afbda444403,07:00:00,MostlyCloudy,79.772,4.0,131,0.940,2025-07-19 03:01:47.165618,2025-07-07 11:13:03.004515,2025-07-19 03:01:47.191425
19069581,bf996092-8d66-408a-8d8e-5065ca3330c2,f6ab14eb-1a66-4ea5-8a0f-0afbda444403,12:00:00,MostlyCloudy,87.296,7.0,137,0.770,2025-07-19 03:01:47.165906,2025-07-07 11:13:03.004518,2025-07-19 03:01:47.193879
19069581,bf996092-8d66-408a-8d8e-5065ca3330c2,f6ab14eb-1a66-4ea5-8a0f-0afbda444403,16:00:00,MostlyCloudy,89.852,5.7,138,0.700,2025-07-19 03:01:47.166144,2025-07-07 11:13:03.004519,2025-07-19 03:01:47.195193
19419610,bf996092-8d66-408a-8d8e-5065ca3330c2,ada6015d-9fce-4f2c-b20f-fc9122d2face,07:00:00,PartlyCloudy,78.98,9.3,119,0.870,2025-07-19 07:29:21.346822,2025-07-18 09:36:19.856058,2025-07-19 07:29:21.369939
19419610,bf996092-8d66-408a-8d8e-5065ca3330c2,ada6015d-9fce-4f2c-b20f-fc9122d2face,12:00:00,MostlyCloudy,87.656,9.6,141,0.670,2025-07-19 07:29:21.34711,2025-07-18 09:36:19.856061,2025-07-19 07:29:21.371136
19419610,bf996092-8d66-408a-8d8e-5065ca3330c2,ada6015d-9fce-4f2c-b20f-fc9122d2face,16:00:00,PartlyCloudy,91.148,8.2,165,0.600,2025-07-19 07:29:21.347374,2025-07-18 09:36:19.856062,2025-07-19 07:29:21.372188
20180445,bf996092-8d66-408a-8d8e-5065ca3330c2,f6ab14eb-1a66-4ea5-8a0f-0afbda444403,07:00:00,MostlyCloudy,80.078,8.6,84,0.910,2025-08-25 06:48:40.956714,2025-08-16 06:39:25.272073,2025-08-25 06:48:40.972644
20180445,bf996092-8d66-408a-8d8e-5065ca3330c2,f6ab14eb-1a66-4ea5-8a0f-0afbda444403,12:00:00,Thunderstorms,86.756,13.0,97,0.750,2025-08-25 06:48:40.956992,2025-08-16 06:39:25.272076,2025-08-25 06:48:40.973211
20180445,bf996092-8d66-408a-8d8e-5065ca3330c2,f6ab14eb-1a66-4ea5-8a0f-0afbda444403,16:00:00,Thunderstorms,86.558,11.0,95,0.730,2025-08-25 06:48:40.957219,2025-08-16 06:39:25.272077,2025-08-25 06:48:40.973629
18791667,bf996092-8d66-408a-8d8e-5065ca3330c2,f679f4cf-c089-4a2b-9b84-b14129630601,07:00:00,MostlyClear,79.754,4.7,96,0.880,2025-07-06 04:48:36.832756,2025-06-24 07:04:06.267246,2025-07-06 04:48:36.85223
18791667,bf996092-8d66-408a-8d8e-5065ca3330c2,f679f4cf-c089-4a2b-9b84-b14129630601,12:00:00,PartlyCloudy,86.288,8.5,107,0.710,2025-07-06 04:48:36.833105,2025-06-24 07:04:06.267249,2025-07-06 04:48:36.852232
18791667,bf996092-8d66-408a-8d8e-5065ca3330c2,f679f4cf-c089-4a2b-9b84-b14129630601,16:00:00,Drizzle,88.124,8.0,102,0.680,2025-07-06 04:48:36.833347,2025-06-24 07:04:06.26725,2025-07-06 04:48:36.852233
20095150,bf996092-8d66-408a-8d8e-5065ca3330c2,f6ab14eb-1a66-4ea5-8a0f-0afbda444403,07:00:00,Cloudy,79.988,3.4,151,0.930,2025-08-24 04:31:04.398271,2025-08-13 09:57:51.180819,2025-08-24 04:31:04.418896
20095150,bf996092-8d66-408a-8d8e-5065ca3330c2,f6ab14eb-1a66-4ea5-8a0f-0afbda444403,12:00:00,MostlyCloudy,85.82,4.0,191,0.780,2025-08-24 04:31:04.398558,2025-08-13 09:57:51.180822,2025-08-24 04:31:04.418898
20095150,bf996092-8d66-408a-8d8e-5065ca3330c2,f6ab14eb-1a66-4ea5-8a0f-0afbda444403,16:00:00,MostlyCloudy,86.918,4.8,92,0.750,2025-08-24 04:31:04.398788,2025-08-13 09:57:51.180823,2025-08-24 04:31:04.418898
18049977,bf996092-8d66-408a-8d8e-5065ca3330c2,ada6015d-9fce-4f2c-b20f-fc9122d2face,07:00:00,Clear,84.506,4.0,124,0.770,2025-05-29 08:48:32.643135,2025-05-28 04:52:13.137435,2025-05-29 08:48:32.664281
18049977,bf996092-8d66-408a-8d8e-5065ca3330c2,ada6015d-9fce-4f2c-b20f-fc9122d2face,12:00:00,MostlyClear,94.892,3.0,119,0.540,2025-05-29 08:48:32.643509,2025-05-28 04:52:13.137439,2025-05-29 08:48:32.664283
18049977,bf996092-8d66-408a-8d8e-5065ca3330c2,ada6015d-9fce-4f2c-b20f-fc9122d2face,16:00:00,MostlyClear,98.348,4.0,31,0.460,2025-05-29 08:48:32.643813,2025-05-28 04:52:13.13744,2025-05-29 08:48:32.664283
18049977,bf996092-8d66-408a-8d8e-5065ca3330c2,ada6015d-9fce-4f2c-b20f-fc9122d2face,07:00:00,Clear,84.506,4.0,124,0.770,2025-05-29 08:48:32.643135,2025-05-28 04:52:13.137435,2025-05-29 08:48:32.664281
18049977,bf996092-8d66-408a-8d8e-5065ca3330c2,ada6015d-9fce-4f2c-b20f-fc9122d2face,12:00:00,MostlyClear,94.892,3.0,119,0.540,2025-05-29 08:48:32.643509,2025-05-28 04:52:13.137439,2025-05-29 08:48:32.664283
18049977,bf996092-8d66-408a-8d8e-5065ca3330c2,ada6015d-9fce-4f2c-b20f-fc9122d2face,16:00:00,MostlyClear,98.348,4.0,31,0.460,2025-05-29 08:48:32.643813,2025-05-28 04:52:13.13744,2025-05-29 08:48:32.664283
18049977,bf996092-8d66-408a-8d8e-5065ca3330c2,ada6015d-9fce-4f2c-b20f-fc9122d2face,07:00:00,Clear,84.506,4.0,124,0.770,2025-05-29 08:48:32.643135,2025-05-28 04:52:13.137435,2025-05-29 08:48:32.664281
18049977,bf996092-8d66-408a-8d8e-5065ca3330c2,ada6015d-9fce-4f2c-b20f-fc9122d2face,12:00:00,MostlyClear,94.892,3.0,119,0.540,2025-05-29 08:48:32.643509,2025-05-28 04:52:13.137439,2025-05-29 08:48:32.664283
18049977,bf996092-8d66-408a-8d8e-5065ca3330c2,ada6015d-9fce-4f2c-b20f-fc9122d2face,16:00:00,MostlyClear,98.348,4.0,31,0.460,2025-05-29 08:48:32.643813,2025-05-28 04:52:13.13744,2025-05-29 08:48:32.664283
17918871,bf996092-8d66-408a-8d8e-5065ca3330c2,f679f4cf-c089-4a2b-9b84-b14129630601,07:00:00,Clear,83.57,5.1,103,0.780,2025-07-27 04:44:39.441781,2025-05-22 09:28:52.304922,2025-07-27 04:44:39.446226
17918871,bf996092-8d66-408a-8d8e-5065ca3330c2,f679f4cf-c089-4a2b-9b84-b14129630601,12:00:00,MostlyClear,94.532,4.1,132,0.560,2025-07-27 04:44:39.442073,2025-05-22 09:28:52.304925,2025-07-27 04:44:39.446229
17918871,bf996092-8d66-408a-8d8e-5065ca3330c2,f679f4cf-c089-4a2b-9b84-b14129630601,16:00:00,MostlyClear,97.61,4.2,32,0.480,2025-07-27 04:44:39.442303,2025-05-22 09:28:52.304926,2025-07-27 04:44:39.446229
19912947,bf996092-8d66-408a-8d8e-5065ca3330c2,f6ab14eb-1a66-4ea5-8a0f-0afbda444403,07:00:00,MostlyClear,80.546,4.3,80,0.920,2025-08-27 10:03:02.198884,2025-08-06 11:40:05.559736,2025-08-27 10:03:02.208068
19912947,bf996092-8d66-408a-8d8e-5065ca3330c2,f6ab14eb-1a66-4ea5-8a0f-0afbda444403,12:00:00,PartlyCloudy,90.5,6.8,106,0.680,2025-08-27 10:03:02.19918,2025-08-06 11:40:05.559739,2025-08-27 10:03:02.20807
19912947,bf996092-8d66-408a-8d8e-5065ca3330c2,f6ab14eb-1a66-4ea5-8a0f-0afbda444403,16:00:00,PartlyCloudy,90.878,5.3,76,0.660,2025-08-27 10:03:02.199413,2025-08-06 11:40:05.559741,2025-08-27 10:03:02.208071
18914368,bf996092-8d66-408a-8d8e-5065ca3330c2,f6ab14eb-1a66-4ea5-8a0f-0afbda444403,07:00:00,Thunderstorms,80.114,3.7,94,0.910,2025-07-10 17:05:24.388994,2025-06-30 10:05:08.80506,2025-07-10 17:05:24.408895
18914368,bf996092-8d66-408a-8d8e-5065ca3330c2,f6ab14eb-1a66-4ea5-8a0f-0afbda444403,12:00:00,Thunderstorms,82.346,8.0,126,0.820,2025-07-10 17:05:24.389286,2025-06-30 10:05:08.805062,2025-07-10 17:05:24.408897
18914368,bf996092-8d66-408a-8d8e-5065ca3330c2,f6ab14eb-1a66-4ea5-8a0f-0afbda444403,16:00:00,Cloudy,85.406,5.4,114,0.730,2025-07-10 17:05:24.389516,2025-06-30 10:05:08.805063,2025-07-10 17:05:24.411132
19912947,bf996092-8d66-408a-8d8e-5065ca3330c2,f6ab14eb-1a66-4ea5-8a0f-0afbda444403,07:00:00,MostlyClear,80.546,4.3,80,0.920,2025-08-27 10:03:02.198884,2025-08-06 11:40:05.559736,2025-08-27 10:03:02.208068
19912947,bf996092-8d66-408a-8d8e-5065ca3330c2,f6ab14eb-1a66-4ea5-8a0f-0afbda444403,12:00:00,PartlyCloudy,90.5,6.8,106,0.680,2025-08-27 10:03:02.19918,2025-08-06 11:40:05.559739,2025-08-27 10:03:02.20807
19912947,bf996092-8d66-408a-8d8e-5065ca3330c2,f6ab14eb-1a66-4ea5-8a0f-0afbda444403,16:00:00,PartlyCloudy,90.878,5.3,76,0.660,2025-08-27 10:03:02.199413,2025-08-06 11:40:05.559741,2025-08-27 10:03:02.208071
19912947,bf996092-8d66-408a-8d8e-5065ca3330c2,f6ab14eb-1a66-4ea5-8a0f-0afbda444403,07:00:00,MostlyClear,80.546,4.3,80,0.920,2025-08-27 10:03:02.198884,2025-08-06 11:40:05.559736,2025-08-27 10:03:02.208068
19912947,bf996092-8d66-408a-8d8e-5065ca3330c2,f6ab14eb-1a66-4ea5-8a0f-0afbda444403,12:00:00,PartlyCloudy,90.5,6.8,106,0.680,2025-08-27 10:03:02.19918,2025-08-06 11:40:05.559739,2025-08-27 10:03:02.20807
19912947,bf996092-8d66-408a-8d8e-5065ca3330c2,f6ab14eb-1a66-4ea5-8a0f-0afbda444403,16:00:00,PartlyCloudy,90.878,5.3,76,0.660,2025-08-27 10:03:02.199413,2025-08-06 11:40:05.559741,2025-08-27 10:03:02.208071
18668823,bf996092-8d66-408a-8d8e-5065ca3330c2,f679f4cf-c089-4a2b-9b84-b14129630601,07:00:00,MostlyCloudy,82.094,6.1,96,0.880,2025-06-30 04:54:04.701793,2025-06-19 04:44:02.481562,2025-06-30 04:54:04.717966
18668823,bf996092-8d66-408a-8d8e-5065ca3330c2,f679f4cf-c089-4a2b-9b84-b14129630601,12:00:00,MostlyCloudy,91.67,8.7,107,0.660,2025-06-30 04:54:04.702085,2025-06-19 04:44:02.481565,2025-06-30 04:54:04.717967
18668823,bf996092-8d66-408a-8d8e-5065ca3330c2,f679f4cf-c089-4a2b-9b84-b14129630601,16:00:00,MostlyCloudy,93.488,8.1,94,0.600,2025-06-30 04:54:04.702314,2025-06-19 04:44:02.481566,2025-06-30 04:54:04.719091
18669955,bf996092-8d66-408a-8d8e-5065ca3330c2,f6ab14eb-1a66-4ea5-8a0f-0afbda444403,07:00:00,MostlyClear,82.688,9.6,97,0.850,2025-06-27 04:59:32.866749,2025-06-19 09:27:22.257463,2025-06-27 04:59:32.885682
18669955,bf996092-8d66-408a-8d8e-5065ca3330c2,f6ab14eb-1a66-4ea5-8a0f-0afbda444403,12:00:00,PartlyCloudy,91.616,12.0,104,0.640,2025-06-27 04:59:32.867046,2025-06-19 09:27:22.257466,2025-06-27 04:59:32.887115
18669955,bf996092-8d66-408a-8d8e-5065ca3330c2,f6ab14eb-1a66-4ea5-8a0f-0afbda444403,16:00:00,PartlyCloudy,94.334,11.2,95,0.580,2025-06-27 04:59:32.867276,2025-06-19 09:27:22.257467,2025-06-27 04:59:32.888376
19124608,bf996092-8d66-408a-8d8e-5065ca3330c2,f6ab14eb-1a66-4ea5-8a0f-0afbda444403,07:00:00,MostlyCloudy,79.124,12.1,57,0.900,2025-07-17 09:49:01.80596,2025-07-08 02:45:41.511601,2025-07-17 09:49:01.836986
19124608,bf996092-8d66-408a-8d8e-5065ca3330c2,f6ab14eb-1a66-4ea5-8a0f-0afbda444403,12:00:00,Cloudy,83.984,14.5,81,0.810,2025-07-17 09:49:01.806426,2025-07-08 02:45:41.511604,2025-07-17 09:49:01.838433
19124608,bf996092-8d66-408a-8d8e-5065ca3330c2,f6ab14eb-1a66-4ea5-8a0f-0afbda444403,16:00:00,Drizzle,83.75,15.1,93,0.770,2025-07-17 09:49:01.806809,2025-07-08 02:45:41.511605,2025-07-17 09:49:01.839741
18642950,bf996092-8d66-408a-8d8e-5065ca3330c2,ada6015d-9fce-4f2c-b20f-fc9122d2face,07:00:00,MostlyCloudy,82.202,5.5,96,0.880,2025-06-26 10:10:08.183534,2025-06-18 11:49:07.248067,2025-06-26 10:10:08.202782
18642950,bf996092-8d66-408a-8d8e-5065ca3330c2,ada6015d-9fce-4f2c-b20f-fc9122d2face,12:00:00,MostlyCloudy,91.76,8.0,108,0.650,2025-06-26 10:10:08.183827,2025-06-18 11:49:07.248073,2025-06-26 10:10:08.204231
18642950,bf996092-8d66-408a-8d8e-5065ca3330c2,ada6015d-9fce-4f2c-b20f-fc9122d2face,16:00:00,MostlyCloudy,92.66,7.7,92,0.620,2025-06-26 10:10:08.184057,2025-06-18 11:49:07.248075,2025-06-26 10:10:08.205482
20180446,bf996092-8d66-408a-8d8e-5065ca3330c2,f6ab14eb-1a66-4ea5-8a0f-0afbda444403,07:00:00,Cloudy,79.16,11.2,97,0.910,2025-08-26 06:58:15.361017,2025-08-16 06:39:25.275852,2025-08-26 06:58:15.379062
20180446,bf996092-8d66-408a-8d8e-5065ca3330c2,f6ab14eb-1a66-4ea5-8a0f-0afbda444403,12:00:00,MostlyCloudy,83.984,12.0,118,0.800,2025-08-26 06:58:15.361368,2025-08-16 06:39:25.275855,2025-08-26 06:58:15.380602
20180446,bf996092-8d66-408a-8d8e-5065ca3330c2,f6ab14eb-1a66-4ea5-8a0f-0afbda444403,16:00:00,Thunderstorms,85.856,7.8,143,0.780,2025-08-26 06:58:15.3616,2025-08-16 06:39:25.275856,2025-08-26 06:58:15.381599
19037254,bf996092-8d66-408a-8d8e-5065ca3330c2,f6ab14eb-1a66-4ea5-8a0f-0afbda444403,07:00:00,MostlyCloudy,80.96,6.2,41,0.910,2025-07-13 05:06:01.239354,2025-07-03 12:48:55.157676,2025-07-13 05:06:01.261795
19037254,bf996092-8d66-408a-8d8e-5065ca3330c2,f6ab14eb-1a66-4ea5-8a0f-0afbda444403,12:00:00,MostlyCloudy,87.404,7.4,91,0.770,2025-07-13 05:06:01.239655,2025-07-03 12:48:55.15768,2025-07-13 05:06:01.261797
19037254,bf996092-8d66-408a-8d8e-5065ca3330c2,f6ab14eb-1a66-4ea5-8a0f-0afbda444403,16:00:00,MostlyCloudy,90.662,7.6,121,0.690,2025-07-13 05:06:01.239923,2025-07-03 12:48:55.157681,2025-07-13 05:06:01.264011
19037254,bf996092-8d66-408a-8d8e-5065ca3330c2,f6ab14eb-1a66-4ea5-8a0f-0afbda444403,07:00:00,MostlyCloudy,80.96,6.2,41,0.910,2025-07-13 05:06:01.239354,2025-07-03 12:48:55.157676,2025-07-13 05:06:01.261795
19037254,bf996092-8d66-408a-8d8e-5065ca3330c2,f6ab14eb-1a66-4ea5-8a0f-0afbda444403,12:00:00,MostlyCloudy,87.404,7.4,91,0.770,2025-07-13 05:06:01.239655,2025-07-03 12:48:55.15768,2025-07-13 05:06:01.261797
19037254,bf996092-8d66-408a-8d8e-5065ca3330c2,f6ab14eb-1a66-4ea5-8a0f-0afbda444403,16:00:00,MostlyCloudy,90.662,7.6,121,0.690,2025-07-13 05:06:01.239923,2025-07-03 12:48:55.157681,2025-07-13 05:06:01.264011
18668819,bf996092-8d66-408a-8d8e-5065ca3330c2,f679f4cf-c089-4a2b-9b84-b14129630601,07:00:00,MostlyCloudy,82.148,3.6,147,0.860,2025-06-24 07:07:40.270285,2025-06-19 04:44:02.467529,2025-06-24 07:07:40.289401
18668819,bf996092-8d66-408a-8d8e-5065ca3330c2,f679f4cf-c089-4a2b-9b84-b14129630601,12:00:00,Rain,86.9,4.9,96,0.720,2025-06-24 07:07:40.270577,2025-06-19 04:44:02.467531,2025-06-24 07:07:40.289403
18668819,bf996092-8d66-408a-8d8e-5065ca3330c2,f679f4cf-c089-4a2b-9b84-b14129630601,16:00:00,Cloudy,89.6,5.3,41,0.680,2025-06-24 07:07:40.27081,2025-06-19 04:44:02.467532,2025-06-24 07:07:40.291928
18914368,bf996092-8d66-408a-8d8e-5065ca3330c2,f6ab14eb-1a66-4ea5-8a0f-0afbda444403,07:00:00,Thunderstorms,80.114,3.7,94,0.910,2025-07-10 17:05:24.388994,2025-06-30 10:05:08.80506,2025-07-10 17:05:24.408895
18914368,bf996092-8d66-408a-8d8e-5065ca3330c2,f6ab14eb-1a66-4ea5-8a0f-0afbda444403,12:00:00,Thunderstorms,82.346,8.0,126,0.820,2025-07-10 17:05:24.389286,2025-06-30 10:05:08.805062,2025-07-10 17:05:24.408897
18914368,bf996092-8d66-408a-8d8e-5065ca3330c2,f6ab14eb-1a66-4ea5-8a0f-0afbda444403,16:00:00,Cloudy,85.406,5.4,114,0.730,2025-07-10 17:05:24.389516,2025-06-30 10:05:08.805063,2025-07-10 17:05:24.411132
19269905,bf996092-8d66-408a-8d8e-5065ca3330c2,f6ab14eb-1a66-4ea5-8a0f-0afbda444403,07:00:00,Cloudy,81.644,3.4,102,0.900,2025-07-22 02:57:14.092763,2025-07-13 04:31:52.848246,2025-07-22 02:57:14.110922
19269905,bf996092-8d66-408a-8d8e-5065ca3330c2,f6ab14eb-1a66-4ea5-8a0f-0afbda444403,12:00:00,Cloudy,88.97,3.7,26,0.730,2025-07-22 02:57:14.093058,2025-07-13 04:31:52.848249,2025-07-22 02:57:14.112337
19269905,bf996092-8d66-408a-8d8e-5065ca3330c2,f6ab14eb-1a66-4ea5-8a0f-0afbda444403,16:00:00,MostlyCloudy,90.698,5.0,7,0.650,2025-07-22 02:57:14.093294,2025-07-13 04:31:52.84825,2025-07-22 02:57:14.113605
19236241,bf996092-8d66-408a-8d8e-5065ca3330c2,f6ab14eb-1a66-4ea5-8a0f-0afbda444403,07:00:00,MostlyCloudy,82.292,4.8,266,0.860,2025-07-24 11:12:27.373547,2025-07-11 09:17:33.291348,2025-07-24 11:12:27.390835
19236241,bf996092-8d66-408a-8d8e-5065ca3330c2,f6ab14eb-1a66-4ea5-8a0f-0afbda444403,16:00:00,Cloudy,89.528,3.1,234,0.680,2025-07-24 11:12:27.374079,2025-07-11 09:17:33.291352,2025-07-24 11:12:27.392606
19236241,bf996092-8d66-408a-8d8e-5065ca3330c2,f6ab14eb-1a66-4ea5-8a0f-0afbda444403,12:00:00,MostlyCloudy,90.482,4.7,259,0.670,2025-07-24 11:12:27.373847,2025-07-11 09:17:33.291351,2025-07-24 11:12:27.391755
18720614,bf996092-8d66-408a-8d8e-5065ca3330c2,f6ab14eb-1a66-4ea5-8a0f-0afbda444403,07:00:00,Cloudy,80.528,2.5,145,0.930,2025-07-02 12:07:47.18001,2025-06-21 08:31:08.367904,2025-07-02 12:07:47.197953
18720614,bf996092-8d66-408a-8d8e-5065ca3330c2,f6ab14eb-1a66-4ea5-8a0f-0afbda444403,12:00:00,Cloudy,87.35,3.2,148,0.780,2025-07-02 12:07:47.180319,2025-06-21 08:31:08.367907,2025-07-02 12:07:47.197955
18720614,bf996092-8d66-408a-8d8e-5065ca3330c2,f6ab14eb-1a66-4ea5-8a0f-0afbda444403,16:00:00,Cloudy,86.072,5.1,87,0.790,2025-07-02 12:07:47.180564,2025-06-21 08:31:08.367907,2025-07-02 12:07:47.197956
18668824,bf996092-8d66-408a-8d8e-5065ca3330c2,f679f4cf-c089-4a2b-9b84-b14129630601,07:00:00,Drizzle,82.418,5.7,102,0.850,2025-06-30 04:54:53.691579,2025-06-19 04:44:02.485575,2025-06-30 04:54:53.713784
18668824,bf996092-8d66-408a-8d8e-5065ca3330c2,f679f4cf-c089-4a2b-9b84-b14129630601,12:00:00,PartlyCloudy,92.606,6.8,119,0.630,2025-06-30 04:54:53.691875,2025-06-19 04:44:02.485577,2025-06-30 04:54:53.715232
18668824,bf996092-8d66-408a-8d8e-5065ca3330c2,f679f4cf-c089-4a2b-9b84-b14129630601,16:00:00,PartlyCloudy,94.766,7.1,97,0.570,2025-06-30 04:54:53.69211,2025-06-19 04:44:02.485578,2025-06-30 04:54:53.715234
18668824,bf996092-8d66-408a-8d8e-5065ca3330c2,f679f4cf-c089-4a2b-9b84-b14129630601,07:00:00,Drizzle,82.418,5.7,102,0.850,2025-06-30 04:54:53.691579,2025-06-19 04:44:02.485575,2025-06-30 04:54:53.713784
18668824,bf996092-8d66-408a-8d8e-5065ca3330c2,f679f4cf-c089-4a2b-9b84-b14129630601,12:00:00,PartlyCloudy,92.606,6.8,119,0.630,2025-06-30 04:54:53.691875,2025-06-19 04:44:02.485577,2025-06-30 04:54:53.715232
18668824,bf996092-8d66-408a-8d8e-5065ca3330c2,f679f4cf-c089-4a2b-9b84-b14129630601,16:00:00,PartlyCloudy,94.766,7.1,97,0.570,2025-06-30 04:54:53.69211,2025-06-19 04:44:02.485578,2025-06-30 04:54:53.715234
18725699,bf996092-8d66-408a-8d8e-5065ca3330c2,f679f4cf-c089-4a2b-9b84-b14129630601,12:00:00,Thunderstorms,81.626,4.2,210,0.830,2025-07-25 05:33:03.55668,2025-06-22 04:30:33.845192,2025-07-25 05:33:03.560321
18725699,bf996092-8d66-408a-8d8e-5065ca3330c2,f679f4cf-c089-4a2b-9b84-b14129630601,16:00:00,Cloudy,82.724,4.8,69,0.770,2025-07-25 05:33:03.556961,2025-06-22 04:30:33.845193,2025-07-25 05:33:03.561352
18725699,bf996092-8d66-408a-8d8e-5065ca3330c2,f679f4cf-c089-4a2b-9b84-b14129630601,07:00:00,Thunderstorms,78.404,4.4,85,0.920,2025-07-25 05:33:03.556319,2025-06-22 04:30:33.845189,2025-07-25 05:33:03.560319
18668820,bf996092-8d66-408a-8d8e-5065ca3330c2,f679f4cf-c089-4a2b-9b84-b14129630601,07:00:00,PartlyCloudy,81.86,3.4,89,0.880,2025-06-24 09:36:09.33462,2025-06-19 04:44:02.470994,2025-06-24 09:36:09.355197
18668820,bf996092-8d66-408a-8d8e-5065ca3330c2,f679f4cf-c089-4a2b-9b84-b14129630601,12:00:00,PartlyCloudy,91.112,3.3,86,0.690,2025-06-24 09:36:09.33496,2025-06-19 04:44:02.470997,2025-06-24 09:36:09.356179
18668820,bf996092-8d66-408a-8d8e-5065ca3330c2,f679f4cf-c089-4a2b-9b84-b14129630601,16:00:00,MostlyCloudy,92.318,5.7,86,0.650,2025-06-24 09:36:09.335188,2025-06-19 04:44:02.470998,2025-06-24 09:36:09.356181
17503671,bf996092-8d66-408a-8d8e-5065ca3330c2,967e785d-d83c-490b-8d6a-2ed926c956ac,07:00:00,MostlyCloudy,75.614,4.8,98,0.770,2025-07-28 06:29:57.169385,2025-05-06 06:29:49.725849,2025-07-28 06:29:57.173236
17503671,bf996092-8d66-408a-8d8e-5065ca3330c2,967e785d-d83c-490b-8d6a-2ed926c956ac,12:00:00,PartlyCloudy,90.68,8.0,104,0.500,2025-07-28 06:29:57.169743,2025-05-06 06:29:49.725851,2025-07-28 06:29:57.173238
17503671,bf996092-8d66-408a-8d8e-5065ca3330c2,967e785d-d83c-490b-8d6a-2ed926c956ac,16:00:00,MostlyCloudy,90.842,7.9,101,0.470,2025-07-28 06:29:57.169995,2025-05-06 06:29:49.725852,2025-07-28 06:29:57.173238
17503671,bf996092-8d66-408a-8d8e-5065ca3330c2,967e785d-d83c-490b-8d6a-2ed926c956ac,07:00:00,MostlyCloudy,75.614,4.8,98,0.770,2025-07-28 06:29:57.169385,2025-05-06 06:29:49.725849,2025-07-28 06:29:57.173236
17503671,bf996092-8d66-408a-8d8e-5065ca3330c2,967e785d-d83c-490b-8d6a-2ed926c956ac,12:00:00,PartlyCloudy,90.68,8.0,104,0.500,2025-07-28 06:29:57.169743,2025-05-06 06:29:49.725851,2025-07-28 06:29:57.173238
17503671,bf996092-8d66-408a-8d8e-5065ca3330c2,967e785d-d83c-490b-8d6a-2ed926c956ac,16:00:00,MostlyCloudy,90.842,7.9,101,0.470,2025-07-28 06:29:57.169995,2025-05-06 06:29:49.725852,2025-07-28 06:29:57.173238
18669947,bf996092-8d66-408a-8d8e-5065ca3330c2,f6ab14eb-1a66-4ea5-8a0f-0afbda444403,07:00:00,MostlyCloudy,82.994,7.0,114,0.840,2025-06-30 12:09:10.813406,2025-06-19 09:27:22.222153,2025-06-30 12:09:10.817819
18669947,bf996092-8d66-408a-8d8e-5065ca3330c2,f6ab14eb-1a66-4ea5-8a0f-0afbda444403,12:00:00,MostlyCloudy,93.992,7.1,134,0.600,2025-06-30 12:09:10.813716,2025-06-19 09:27:22.222155,2025-06-30 12:09:10.81907
18669947,bf996092-8d66-408a-8d8e-5065ca3330c2,f6ab14eb-1a66-4ea5-8a0f-0afbda444403,16:00:00,Cloudy,92.03,7.3,75,0.650,2025-06-30 12:09:10.813946,2025-06-19 09:27:22.222156,2025-06-30 12:09:10.820272
19645169,bf996092-8d66-408a-8d8e-5065ca3330c2,f6ab14eb-1a66-4ea5-8a0f-0afbda444403,07:00:00,Cloudy,80.024,3.0,265,0.940,2025-08-04 05:03:21.773516,2025-07-28 10:17:58.156337,2025-08-04 05:03:21.790834
19645169,bf996092-8d66-408a-8d8e-5065ca3330c2,f6ab14eb-1a66-4ea5-8a0f-0afbda444403,12:00:00,Cloudy,86.63,4.9,306,0.800,2025-08-04 05:03:21.77382,2025-07-28 10:17:58.15634,2025-08-04 05:03:21.790836
19645169,bf996092-8d66-408a-8d8e-5065ca3330c2,f6ab14eb-1a66-4ea5-8a0f-0afbda444403,16:00:00,Cloudy,86.45,4.6,293,0.790,2025-08-04 05:03:21.774056,2025-07-28 10:17:58.156341,2025-08-04 05:03:21.792434
18668817,bf996092-8d66-408a-8d8e-5065ca3330c2,f679f4cf-c089-4a2b-9b84-b14129630601,07:00:00,Cloudy,80.708,5.4,108,0.890,2025-06-21 05:51:45.725576,2025-06-19 04:44:02.460281,2025-06-21 05:51:45.742128
18668817,bf996092-8d66-408a-8d8e-5065ca3330c2,f679f4cf-c089-4a2b-9b84-b14129630601,12:00:00,Cloudy,87.566,8.0,104,0.760,2025-06-21 05:51:45.725883,2025-06-19 04:44:02.460283,2025-06-21 05:51:45.743062
18668817,bf996092-8d66-408a-8d8e-5065ca3330c2,f679f4cf-c089-4a2b-9b84-b14129630601,16:00:00,Cloudy,88.178,7.7,106,0.710,2025-06-21 05:51:45.726139,2025-06-19 04:44:02.460284,2025-06-21 05:51:45.743064
18853589,bf996092-8d66-408a-8d8e-5065ca3330c2,f679f4cf-c089-4a2b-9b84-b14129630601,07:00:00,PartlyCloudy,80.96,2.2,156,0.890,2025-07-06 05:08:32.086037,2025-06-26 05:23:39.248053,2025-07-06 05:08:32.105987
18853589,bf996092-8d66-408a-8d8e-5065ca3330c2,f679f4cf-c089-4a2b-9b84-b14129630601,12:00:00,PartlyCloudy,90.968,2.8,150,0.700,2025-07-06 05:08:32.086331,2025-06-26 05:23:39.248056,2025-07-06 05:08:32.105989
18853589,bf996092-8d66-408a-8d8e-5065ca3330c2,f679f4cf-c089-4a2b-9b84-b14129630601,16:00:00,Thunderstorms,91.256,4.3,119,0.680,2025-07-06 05:08:32.086576,2025-06-26 05:23:39.248058,2025-07-06 05:08:32.105989
18853589,bf996092-8d66-408a-8d8e-5065ca3330c2,f679f4cf-c089-4a2b-9b84-b14129630601,07:00:00,PartlyCloudy,80.96,2.2,156,0.890,2025-07-06 05:08:32.086037,2025-06-26 05:23:39.248053,2025-07-06 05:08:32.105987
18853589,bf996092-8d66-408a-8d8e-5065ca3330c2,f679f4cf-c089-4a2b-9b84-b14129630601,12:00:00,PartlyCloudy,90.968,2.8,150,0.700,2025-07-06 05:08:32.086331,2025-06-26 05:23:39.248056,2025-07-06 05:08:32.105989
18853589,bf996092-8d66-408a-8d8e-5065ca3330c2,f679f4cf-c089-4a2b-9b84-b14129630601,16:00:00,Thunderstorms,91.256,4.3,119,0.680,2025-07-06 05:08:32.086576,2025-06-26 05:23:39.248058,2025-07-06 05:08:32.105989
19063903,bf996092-8d66-408a-8d8e-5065ca3330c2,f679f4cf-c089-4a2b-9b84-b14129630601,07:00:00,MostlyCloudy,78.206,9.7,117,0.920,2025-07-23 11:58:15.007991,2025-07-06 04:39:30.44524,2025-07-23 11:58:15.029697
19063903,bf996092-8d66-408a-8d8e-5065ca3330c2,f679f4cf-c089-4a2b-9b84-b14129630601,12:00:00,MostlyCloudy,86.81,12.5,128,0.740,2025-07-23 11:58:15.008355,2025-07-06 04:39:30.445243,2025-07-23 11:58:15.031096
19063903,bf996092-8d66-408a-8d8e-5065ca3330c2,f679f4cf-c089-4a2b-9b84-b14129630601,16:00:00,MostlyCloudy,86.99,10.2,142,0.730,2025-07-23 11:58:15.008591,2025-07-06 04:39:30.445244,2025-07-23 11:58:15.032067
18883693,bf996092-8d66-408a-8d8e-5065ca3330c2,f6ab14eb-1a66-4ea5-8a0f-0afbda444403,07:00:00,PartlyCloudy,82.112,3.4,111,0.890,2025-07-07 12:30:20.012616,2025-06-27 04:48:47.124654,2025-07-07 12:30:20.045659
18883693,bf996092-8d66-408a-8d8e-5065ca3330c2,f6ab14eb-1a66-4ea5-8a0f-0afbda444403,12:00:00,MostlyCloudy,91.148,4.8,115,0.680,2025-07-07 12:30:20.01308,2025-06-27 04:48:47.124656,2025-07-07 12:30:20.045662
18883693,bf996092-8d66-408a-8d8e-5065ca3330c2,f6ab14eb-1a66-4ea5-8a0f-0afbda444403,16:00:00,PartlyCloudy,92.66,5.9,73,0.650,2025-07-07 12:30:20.01337,2025-06-27 04:48:47.124657,2025-07-07 12:30:20.045663
17349574,bf996092-8d66-408a-8d8e-5065ca3330c2,ada6015d-9fce-4f2c-b20f-fc9122d2face,07:00:00,MostlyCloudy,75.002,7.6,97,0.720,2025-05-05 09:34:12.063121,2025-04-30 10:44:30.770004,2025-05-05 09:34:12.085552
17349574,bf996092-8d66-408a-8d8e-5065ca3330c2,ada6015d-9fce-4f2c-b20f-fc9122d2face,12:00:00,MostlyCloudy,88.88,8.4,121,0.500,2025-05-05 09:34:12.063502,2025-04-30 10:44:30.770007,2025-05-05 09:34:12.085555
17349574,bf996092-8d66-408a-8d8e-5065ca3330c2,ada6015d-9fce-4f2c-b20f-fc9122d2face,16:00:00,PartlyCloudy,92.642,5.9,66,0.410,2025-05-05 09:34:12.063799,2025-04-30 10:44:30.770008,2025-05-05 09:34:12.087679
17349574,bf996092-8d66-408a-8d8e-5065ca3330c2,ada6015d-9fce-4f2c-b20f-fc9122d2face,07:00:00,MostlyCloudy,75.002,7.6,97,0.720,2025-05-05 09:34:12.063121,2025-04-30 10:44:30.770004,2025-05-05 09:34:12.085552
17349574,bf996092-8d66-408a-8d8e-5065ca3330c2,ada6015d-9fce-4f2c-b20f-fc9122d2face,12:00:00,MostlyCloudy,88.88,8.4,121,0.500,2025-05-05 09:34:12.063502,2025-04-30 10:44:30.770007,2025-05-05 09:34:12.085555
17349574,bf996092-8d66-408a-8d8e-5065ca3330c2,ada6015d-9fce-4f2c-b20f-fc9122d2face,16:00:00,PartlyCloudy,92.642,5.9,66,0.410,2025-05-05 09:34:12.063799,2025-04-30 10:44:30.770008,2025-05-05 09:34:12.087679
17349574,bf996092-8d66-408a-8d8e-5065ca3330c2,ada6015d-9fce-4f2c-b20f-fc9122d2face,07:00:00,MostlyCloudy,75.002,7.6,97,0.720,2025-05-05 09:34:12.063121,2025-04-30 10:44:30.770004,2025-05-05 09:34:12.085552
17349574,bf996092-8d66-408a-8d8e-5065ca3330c2,ada6015d-9fce-4f2c-b20f-fc9122d2face,12:00:00,MostlyCloudy,88.88,8.4,121,0.500,2025-05-05 09:34:12.063502,2025-04-30 10:44:30.770007,2025-05-05 09:34:12.085555
17349574,bf996092-8d66-408a-8d8e-5065ca3330c2,ada6015d-9fce-4f2c-b20f-fc9122d2face,16:00:00,PartlyCloudy,92.642,5.9,66,0.410,2025-05-05 09:34:12.063799,2025-04-30 10:44:30.770008,2025-05-05 09:34:12.087679
18825535,bf996092-8d66-408a-8d8e-5065ca3330c2,f679f4cf-c089-4a2b-9b84-b14129630601,07:00:00,MostlyClear,81.338,4.6,107,0.900,2025-07-29 05:38:10.002129,2025-06-25 09:18:55.341177,2025-07-29 05:38:10.010406
18825535,bf996092-8d66-408a-8d8e-5065ca3330c2,f679f4cf-c089-4a2b-9b84-b14129630601,12:00:00,PartlyCloudy,91.202,4.7,123,0.690,2025-07-29 05:38:10.002424,2025-06-25 09:18:55.34118,2025-07-29 05:38:10.010408
18825535,bf996092-8d66-408a-8d8e-5065ca3330c2,f679f4cf-c089-4a2b-9b84-b14129630601,16:00:00,MostlyCloudy,90.662,4.8,85,0.690,2025-07-29 05:38:10.002654,2025-06-25 09:18:55.341181,2025-07-29 05:38:10.013338
18668816,bf996092-8d66-408a-8d8e-5065ca3330c2,f679f4cf-c089-4a2b-9b84-b14129630601,07:00:00,PartlyCloudy,80.582,4.8,135,0.880,2025-06-20 14:20:59.315977,2025-06-19 04:44:02.456555,2025-06-20 14:20:59.338004
18668816,bf996092-8d66-408a-8d8e-5065ca3330c2,f679f4cf-c089-4a2b-9b84-b14129630601,12:00:00,PartlyCloudy,88.214,7.0,129,0.710,2025-06-20 14:20:59.316489,2025-06-19 04:44:02.456558,2025-06-20 14:20:59.339159
18668816,bf996092-8d66-408a-8d8e-5065ca3330c2,f679f4cf-c089-4a2b-9b84-b14129630601,16:00:00,MostlyCloudy,91.004,6.3,124,0.650,2025-06-20 14:20:59.316877,2025-06-19 04:44:02.456559,2025-06-20 14:20:59.340309
19419106,bf996092-8d66-408a-8d8e-5065ca3330c2,f679f4cf-c089-4a2b-9b84-b14129630601,07:00:00,PartlyCloudy,80.906,3.2,220,0.870,2025-07-23 12:23:40.122601,2025-07-18 04:38:15.208043,2025-07-23 12:23:40.144339
19419106,bf996092-8d66-408a-8d8e-5065ca3330c2,f679f4cf-c089-4a2b-9b84-b14129630601,12:00:00,MostlyCloudy,89.87,3.8,207,0.640,2025-07-23 12:23:40.122904,2025-07-18 04:38:15.208046,2025-07-23 12:23:40.144342
19419106,bf996092-8d66-408a-8d8e-5065ca3330c2,f679f4cf-c089-4a2b-9b84-b14129630601,16:00:00,Cloudy,92.21,5.4,185,0.580,2025-07-23 12:23:40.123136,2025-07-18 04:38:15.208047,2025-07-23 12:23:40.145865
19608221,bf996092-8d66-408a-8d8e-5065ca3330c2,ada6015d-9fce-4f2c-b20f-fc9122d2face,07:00:00,Rain,79.034,4.4,116,0.930,2025-07-31 07:05:03.221818,2025-07-25 12:04:32.40061,2025-07-31 07:05:03.241131
19608221,bf996092-8d66-408a-8d8e-5065ca3330c2,ada6015d-9fce-4f2c-b20f-fc9122d2face,12:00:00,Cloudy,84.452,4.5,129,0.800,2025-07-31 07:05:03.222126,2025-07-25 12:04:32.400615,2025-07-31 07:05:03.241949
19608221,bf996092-8d66-408a-8d8e-5065ca3330c2,ada6015d-9fce-4f2c-b20f-fc9122d2face,16:00:00,Rain,86.234,4.0,131,0.760,2025-07-31 07:05:03.222381,2025-07-25 12:04:32.400616,2025-07-31 07:05:03.242432
19453078,bf996092-8d66-408a-8d8e-5065ca3330c2,f6ab14eb-1a66-4ea5-8a0f-0afbda444403,07:00:00,Rain,79.592,5.7,83,0.940,2025-08-03 04:12:36.9129,2025-07-20 05:26:03.536213,2025-08-03 04:12:36.934716
19453078,bf996092-8d66-408a-8d8e-5065ca3330c2,f6ab14eb-1a66-4ea5-8a0f-0afbda444403,12:00:00,Cloudy,83.48,5.6,88,0.830,2025-08-03 04:12:36.913194,2025-07-20 05:26:03.536216,2025-08-03 04:12:36.935877
19453078,bf996092-8d66-408a-8d8e-5065ca3330c2,f6ab14eb-1a66-4ea5-8a0f-0afbda444403,16:00:00,Cloudy,85.586,7.4,96,0.790,2025-08-03 04:12:36.913429,2025-07-20 05:26:03.536217,2025-08-03 04:12:36.935878
18911329,bf996092-8d66-408a-8d8e-5065ca3330c2,f679f4cf-c089-4a2b-9b84-b14129630601,07:00:00,Thunderstorms,79.25,3.6,96,0.910,2025-07-23 11:15:35.918655,2025-06-29 04:47:01.857183,2025-07-23 11:15:35.925607
18911329,bf996092-8d66-408a-8d8e-5065ca3330c2,f679f4cf-c089-4a2b-9b84-b14129630601,12:00:00,Thunderstorms,85.388,3.2,293,0.780,2025-07-23 11:15:35.918939,2025-06-29 04:47:01.857185,2025-07-23 11:15:35.9272
18911329,bf996092-8d66-408a-8d8e-5065ca3330c2,f679f4cf-c089-4a2b-9b84-b14129630601,16:00:00,Cloudy,88.322,2.6,5,0.710,2025-07-23 11:15:35.919167,2025-06-29 04:47:01.857186,2025-07-23 11:15:35.928038
19645170,bf996092-8d66-408a-8d8e-5065ca3330c2,f6ab14eb-1a66-4ea5-8a0f-0afbda444403,07:00:00,Thunderstorms,80.114,2.3,278,0.950,2025-08-04 06:25:33.460361,2025-07-28 10:17:58.161571,2025-08-04 06:25:33.476218
19645170,bf996092-8d66-408a-8d8e-5065ca3330c2,f6ab14eb-1a66-4ea5-8a0f-0afbda444403,12:00:00,Rain,82.958,3.5,256,0.870,2025-08-04 06:25:33.46065,2025-07-28 10:17:58.161573,2025-08-04 06:25:33.47622
19645170,bf996092-8d66-408a-8d8e-5065ca3330c2,f6ab14eb-1a66-4ea5-8a0f-0afbda444403,16:00:00,Drizzle,82.76,5.4,256,0.860,2025-08-04 06:25:33.460904,2025-07-28 10:17:58.161574,2025-08-04 06:25:33.47622
18911328,bf996092-8d66-408a-8d8e-5065ca3330c2,f679f4cf-c089-4a2b-9b84-b14129630601,07:00:00,PartlyCloudy,81.464,3.3,212,0.900,2025-07-07 12:44:43.799645,2025-06-29 04:47:01.853444,2025-07-07 12:44:43.821161
18911328,bf996092-8d66-408a-8d8e-5065ca3330c2,f679f4cf-c089-4a2b-9b84-b14129630601,12:00:00,PartlyCloudy,89.276,2.9,48,0.720,2025-07-07 12:44:43.80015,2025-06-29 04:47:01.853446,2025-07-07 12:44:43.821163
18911328,bf996092-8d66-408a-8d8e-5065ca3330c2,f679f4cf-c089-4a2b-9b84-b14129630601,16:00:00,PartlyCloudy,90.428,2.7,95,0.680,2025-07-07 12:44:43.80054,2025-06-29 04:47:01.853447,2025-07-07 12:44:43.821163
19645172,bf996092-8d66-408a-8d8e-5065ca3330c2,f6ab14eb-1a66-4ea5-8a0f-0afbda444403,07:00:00,Cloudy,78.314,5.7,212,0.930,2025-08-06 09:48:15.425267,2025-07-28 10:17:58.171853,2025-08-06 09:48:15.440709
19645172,bf996092-8d66-408a-8d8e-5065ca3330c2,f6ab14eb-1a66-4ea5-8a0f-0afbda444403,12:00:00,MostlyCloudy,84.524,4.7,243,0.800,2025-08-06 09:48:15.425564,2025-07-28 10:17:58.171856,2025-08-06 09:48:15.440711
19645172,bf996092-8d66-408a-8d8e-5065ca3330c2,f6ab14eb-1a66-4ea5-8a0f-0afbda444403,16:00:00,MostlyCloudy,85.838,1.8,182,0.760,2025-08-06 09:48:15.425798,2025-07-28 10:17:58.171857,2025-08-06 09:48:15.440711
19269905,bf996092-8d66-408a-8d8e-5065ca3330c2,f6ab14eb-1a66-4ea5-8a0f-0afbda444403,07:00:00,Cloudy,81.644,3.4,102,0.900,2025-07-22 02:57:14.092763,2025-07-13 04:31:52.848246,2025-07-22 02:57:14.110922
19269905,bf996092-8d66-408a-8d8e-5065ca3330c2,f6ab14eb-1a66-4ea5-8a0f-0afbda444403,12:00:00,Cloudy,88.97,3.7,26,0.730,2025-07-22 02:57:14.093058,2025-07-13 04:31:52.848249,2025-07-22 02:57:14.112337
19269905,bf996092-8d66-408a-8d8e-5065ca3330c2,f6ab14eb-1a66-4ea5-8a0f-0afbda444403,16:00:00,MostlyCloudy,90.698,5.0,7,0.650,2025-07-22 02:57:14.093294,2025-07-13 04:31:52.84825,2025-07-22 02:57:14.113605
19037253,bf996092-8d66-408a-8d8e-5065ca3330c2,f6ab14eb-1a66-4ea5-8a0f-0afbda444403,07:00:00,MostlyClear,81.446,2.9,36,0.890,2025-07-13 04:43:16.738639,2025-07-03 12:48:55.152486,2025-07-13 04:43:16.757268
19037253,bf996092-8d66-408a-8d8e-5065ca3330c2,f6ab14eb-1a66-4ea5-8a0f-0afbda444403,12:00:00,PartlyCloudy,90.05,6.4,85,0.680,2025-07-13 04:43:16.738937,2025-07-03 12:48:55.152489,2025-07-13 04:43:16.75869
19037253,bf996092-8d66-408a-8d8e-5065ca3330c2,f6ab14eb-1a66-4ea5-8a0f-0afbda444403,16:00:00,PartlyCloudy,91.436,6.8,81,0.630,2025-07-13 04:43:16.739173,2025-07-03 12:48:55.15249,2025-07-13 04:43:16.758692
19645173,bf996092-8d66-408a-8d8e-5065ca3330c2,f6ab14eb-1a66-4ea5-8a0f-0afbda444403,12:00:00,MostlyCloudy,85.784,4.1,264,0.790,2025-08-08 06:04:48.137472,2025-07-28 10:17:58.176892,2025-08-08 06:04:48.154407
19645173,bf996092-8d66-408a-8d8e-5065ca3330c2,f6ab14eb-1a66-4ea5-8a0f-0afbda444403,16:00:00,MostlyCloudy,85.082,5.2,310,0.760,2025-08-08 06:04:48.137701,2025-07-28 10:17:58.176894,2025-08-08 06:04:48.154409
19645173,bf996092-8d66-408a-8d8e-5065ca3330c2,f6ab14eb-1a66-4ea5-8a0f-0afbda444403,07:00:00,Rain,78.08,3.1,231,0.950,2025-08-08 06:04:48.137159,2025-07-28 10:17:58.176889,2025-08-08 06:04:48.153522
19362399,bf996092-8d66-408a-8d8e-5065ca3330c2,f6ab14eb-1a66-4ea5-8a0f-0afbda444403,07:00:00,MostlyCloudy,84.29,4.7,304,0.870,2025-07-29 10:57:45.254366,2025-07-16 11:39:35.304859,2025-07-29 10:57:45.28024
19362399,bf996092-8d66-408a-8d8e-5065ca3330c2,f6ab14eb-1a66-4ea5-8a0f-0afbda444403,12:00:00,PartlyCloudy,94.784,2.6,23,0.650,2025-07-29 10:57:45.254743,2025-07-16 11:39:35.304865,2025-07-29 10:57:45.281927
19362399,bf996092-8d66-408a-8d8e-5065ca3330c2,f6ab14eb-1a66-4ea5-8a0f-0afbda444403,16:00:00,MostlyCloudy,92.624,3.8,163,0.660,2025-07-29 10:57:45.255044,2025-07-16 11:39:35.304867,2025-07-29 10:57:45.281929
19389392,bf996092-8d66-408a-8d8e-5065ca3330c2,f6ab14eb-1a66-4ea5-8a0f-0afbda444403,07:00:00,MostlyCloudy,81.266,4.7,13,0.930,2025-07-29 12:54:09.473487,2025-07-17 04:25:07.770791,2025-07-29 12:54:09.495736
19389392,bf996092-8d66-408a-8d8e-5065ca3330c2,f6ab14eb-1a66-4ea5-8a0f-0afbda444403,12:00:00,MostlyCloudy,89.708,11.1,71,0.730,2025-07-29 12:54:09.473838,2025-07-17 04:25:07.770794,2025-07-29 12:54:09.497255
19389392,bf996092-8d66-408a-8d8e-5065ca3330c2,f6ab14eb-1a66-4ea5-8a0f-0afbda444403,16:00:00,PartlyCloudy,91.958,12.4,74,0.640,2025-07-29 12:54:09.474068,2025-07-17 04:25:07.770795,2025-07-29 12:54:09.498215
19446028,bf996092-8d66-408a-8d8e-5065ca3330c2,f6ab14eb-1a66-4ea5-8a0f-0afbda444403,07:00:00,Cloudy,80.978,3.4,136,0.920,2025-07-29 12:16:38.679819,2025-07-19 02:42:45.417395,2025-07-29 12:16:38.695494
19446028,bf996092-8d66-408a-8d8e-5065ca3330c2,f6ab14eb-1a66-4ea5-8a0f-0afbda444403,12:00:00,Cloudy,86.09,5.7,102,0.800,2025-07-29 12:16:38.680105,2025-07-19 02:42:45.417398,2025-07-29 12:16:38.695495
19446028,bf996092-8d66-408a-8d8e-5065ca3330c2,f6ab14eb-1a66-4ea5-8a0f-0afbda444403,16:00:00,Cloudy,85.424,7.0,96,0.810,2025-07-29 12:16:38.680331,2025-07-19 02:42:45.417399,2025-07-29 12:16:38.696348
19269905,bf996092-8d66-408a-8d8e-5065ca3330c2,f6ab14eb-1a66-4ea5-8a0f-0afbda444403,07:00:00,Cloudy,81.644,3.4,102,0.900,2025-07-22 02:57:14.092763,2025-07-13 04:31:52.848246,2025-07-22 02:57:14.110922
19269905,bf996092-8d66-408a-8d8e-5065ca3330c2,f6ab14eb-1a66-4ea5-8a0f-0afbda444403,12:00:00,Cloudy,88.97,3.7,26,0.730,2025-07-22 02:57:14.093058,2025-07-13 04:31:52.848249,2025-07-22 02:57:14.112337
19269905,bf996092-8d66-408a-8d8e-5065ca3330c2,f6ab14eb-1a66-4ea5-8a0f-0afbda444403,16:00:00,MostlyCloudy,90.698,5.0,7,0.650,2025-07-22 02:57:14.093294,2025-07-13 04:31:52.84825,2025-07-22 02:57:14.113605
17918865,bf996092-8d66-408a-8d8e-5065ca3330c2,f679f4cf-c089-4a2b-9b84-b14129630601,07:00:00,MostlyClear,77.468,7.8,92,0.790,2025-07-25 05:42:51.956919,2025-05-22 09:28:52.276389,2025-07-25 05:42:51.960142
17918865,bf996092-8d66-408a-8d8e-5065ca3330c2,f679f4cf-c089-4a2b-9b84-b14129630601,12:00:00,MostlyClear,91.49,10.5,130,0.550,2025-07-25 05:42:51.957218,2025-05-22 09:28:52.276392,2025-07-25 05:42:51.960144
17918865,bf996092-8d66-408a-8d8e-5065ca3330c2,f679f4cf-c089-4a2b-9b84-b14129630601,16:00:00,Clear,97.088,7.1,118,0.450,2025-07-25 05:42:51.957448,2025-05-22 09:28:52.276393,2025-07-25 05:42:51.961054
19608219,bf996092-8d66-408a-8d8e-5065ca3330c2,ada6015d-9fce-4f2c-b20f-fc9122d2face,07:00:00,Cloudy,80.96,2.7,110,0.890,2025-07-29 12:19:12.084435,2025-07-25 12:04:32.391963,2025-07-29 12:19:12.101218
19608219,bf996092-8d66-408a-8d8e-5065ca3330c2,ada6015d-9fce-4f2c-b20f-fc9122d2face,12:00:00,Cloudy,84.65,3.5,83,0.800,2025-07-29 12:19:12.08473,2025-07-25 12:04:32.391967,2025-07-29 12:19:12.101969
19608219,bf996092-8d66-408a-8d8e-5065ca3330c2,ada6015d-9fce-4f2c-b20f-fc9122d2face,16:00:00,Cloudy,85.604,7.1,81,0.770,2025-07-29 12:19:12.084965,2025-07-25 12:04:32.391969,2025-07-29 12:19:12.101971
19608219,bf996092-8d66-408a-8d8e-5065ca3330c2,ada6015d-9fce-4f2c-b20f-fc9122d2face,07:00:00,Cloudy,80.96,2.7,110,0.890,2025-07-29 12:19:12.084435,2025-07-25 12:04:32.391963,2025-07-29 12:19:12.101218
19608219,bf996092-8d66-408a-8d8e-5065ca3330c2,ada6015d-9fce-4f2c-b20f-fc9122d2face,12:00:00,Cloudy,84.65,3.5,83,0.800,2025-07-29 12:19:12.08473,2025-07-25 12:04:32.391967,2025-07-29 12:19:12.101969
19608219,bf996092-8d66-408a-8d8e-5065ca3330c2,ada6015d-9fce-4f2c-b20f-fc9122d2face,16:00:00,Cloudy,85.604,7.1,81,0.770,2025-07-29 12:19:12.084965,2025-07-25 12:04:32.391969,2025-07-29 12:19:12.101971
19236241,bf996092-8d66-408a-8d8e-5065ca3330c2,f6ab14eb-1a66-4ea5-8a0f-0afbda444403,07:00:00,MostlyCloudy,82.292,4.8,266,0.860,2025-07-24 11:12:27.373547,2025-07-11 09:17:33.291348,2025-07-24 11:12:27.390835
19236241,bf996092-8d66-408a-8d8e-5065ca3330c2,f6ab14eb-1a66-4ea5-8a0f-0afbda444403,16:00:00,Cloudy,89.528,3.1,234,0.680,2025-07-24 11:12:27.374079,2025-07-11 09:17:33.291352,2025-07-24 11:12:27.392606
19236241,bf996092-8d66-408a-8d8e-5065ca3330c2,f6ab14eb-1a66-4ea5-8a0f-0afbda444403,12:00:00,MostlyCloudy,90.482,4.7,259,0.670,2025-07-24 11:12:27.373847,2025-07-11 09:17:33.291351,2025-07-24 11:12:27.391755
19269905,bf996092-8d66-408a-8d8e-5065ca3330c2,f6ab14eb-1a66-4ea5-8a0f-0afbda444403,07:00:00,Cloudy,81.644,3.4,102,0.900,2025-07-22 02:57:14.092763,2025-07-13 04:31:52.848246,2025-07-22 02:57:14.110922
19269905,bf996092-8d66-408a-8d8e-5065ca3330c2,f6ab14eb-1a66-4ea5-8a0f-0afbda444403,12:00:00,Cloudy,88.97,3.7,26,0.730,2025-07-22 02:57:14.093058,2025-07-13 04:31:52.848249,2025-07-22 02:57:14.112337
19269905,bf996092-8d66-408a-8d8e-5065ca3330c2,f6ab14eb-1a66-4ea5-8a0f-0afbda444403,16:00:00,MostlyCloudy,90.698,5.0,7,0.650,2025-07-22 02:57:14.093294,2025-07-13 04:31:52.84825,2025-07-22 02:57:14.113605
19037254,bf996092-8d66-408a-8d8e-5065ca3330c2,f6ab14eb-1a66-4ea5-8a0f-0afbda444403,07:00:00,MostlyCloudy,80.96,6.2,41,0.910,2025-07-13 05:06:01.239354,2025-07-03 12:48:55.157676,2025-07-13 05:06:01.261795
19037254,bf996092-8d66-408a-8d8e-5065ca3330c2,f6ab14eb-1a66-4ea5-8a0f-0afbda444403,12:00:00,MostlyCloudy,87.404,7.4,91,0.770,2025-07-13 05:06:01.239655,2025-07-03 12:48:55.15768,2025-07-13 05:06:01.261797
19037254,bf996092-8d66-408a-8d8e-5065ca3330c2,f6ab14eb-1a66-4ea5-8a0f-0afbda444403,16:00:00,MostlyCloudy,90.662,7.6,121,0.690,2025-07-13 05:06:01.239923,2025-07-03 12:48:55.157681,2025-07-13 05:06:01.264011
19645169,bf996092-8d66-408a-8d8e-5065ca3330c2,f6ab14eb-1a66-4ea5-8a0f-0afbda444403,07:00:00,Cloudy,80.024,3.0,265,0.940,2025-08-04 05:03:21.773516,2025-07-28 10:17:58.156337,2025-08-04 05:03:21.790834
19645169,bf996092-8d66-408a-8d8e-5065ca3330c2,f6ab14eb-1a66-4ea5-8a0f-0afbda444403,12:00:00,Cloudy,86.63,4.9,306,0.800,2025-08-04 05:03:21.77382,2025-07-28 10:17:58.15634,2025-08-04 05:03:21.790836
19645169,bf996092-8d66-408a-8d8e-5065ca3330c2,f6ab14eb-1a66-4ea5-8a0f-0afbda444403,16:00:00,Cloudy,86.45,4.6,293,0.790,2025-08-04 05:03:21.774056,2025-07-28 10:17:58.156341,2025-08-04 05:03:21.792434
19645169,bf996092-8d66-408a-8d8e-5065ca3330c2,f6ab14eb-1a66-4ea5-8a0f-0afbda444403,07:00:00,Cloudy,80.024,3.0,265,0.940,2025-08-04 05:03:21.773516,2025-07-28 10:17:58.156337,2025-08-04 05:03:21.790834
19645169,bf996092-8d66-408a-8d8e-5065ca3330c2,f6ab14eb-1a66-4ea5-8a0f-0afbda444403,12:00:00,Cloudy,86.63,4.9,306,0.800,2025-08-04 05:03:21.77382,2025-07-28 10:17:58.15634,2025-08-04 05:03:21.790836
19645169,bf996092-8d66-408a-8d8e-5065ca3330c2,f6ab14eb-1a66-4ea5-8a0f-0afbda444403,16:00:00,Cloudy,86.45,4.6,293,0.790,2025-08-04 05:03:21.774056,2025-07-28 10:17:58.156341,2025-08-04 05:03:21.792434
19575015,bf996092-8d66-408a-8d8e-5065ca3330c2,f6ab14eb-1a66-4ea5-8a0f-0afbda444403,07:00:00,MostlyCloudy,79.754,2.9,185,0.930,2025-08-03 06:49:29.310283,2025-07-24 06:45:32.322242,2025-08-03 06:49:29.330839
19575015,bf996092-8d66-408a-8d8e-5065ca3330c2,f6ab14eb-1a66-4ea5-8a0f-0afbda444403,12:00:00,MostlyCloudy,88.106,4.4,173,0.760,2025-08-03 06:49:29.310592,2025-07-24 06:45:32.322245,2025-08-03 06:49:29.331603
19575015,bf996092-8d66-408a-8d8e-5065ca3330c2,f6ab14eb-1a66-4ea5-8a0f-0afbda444403,16:00:00,MostlyCloudy,87.926,5.3,221,0.750,2025-08-03 06:49:29.310834,2025-07-24 06:45:32.322246,2025-08-03 06:49:29.331605
19575015,bf996092-8d66-408a-8d8e-5065ca3330c2,f6ab14eb-1a66-4ea5-8a0f-0afbda444403,07:00:00,MostlyCloudy,79.754,2.9,185,0.930,2025-08-03 06:49:29.310283,2025-07-24 06:45:32.322242,2025-08-03 06:49:29.330839
19575015,bf996092-8d66-408a-8d8e-5065ca3330c2,f6ab14eb-1a66-4ea5-8a0f-0afbda444403,12:00:00,MostlyCloudy,88.106,4.4,173,0.760,2025-08-03 06:49:29.310592,2025-07-24 06:45:32.322245,2025-08-03 06:49:29.331603
19575015,bf996092-8d66-408a-8d8e-5065ca3330c2,f6ab14eb-1a66-4ea5-8a0f-0afbda444403,16:00:00,MostlyCloudy,87.926,5.3,221,0.750,2025-08-03 06:49:29.310834,2025-07-24 06:45:32.322246,2025-08-03 06:49:29.331605
18790568,bf996092-8d66-408a-8d8e-5065ca3330c2,f6ab14eb-1a66-4ea5-8a0f-0afbda444403,07:00:00,MostlyCloudy,79.862,5.2,92,0.920,2025-08-04 04:41:56.002063,2025-06-24 05:31:23.437973,2025-08-04 04:41:56.011409
18790568,bf996092-8d66-408a-8d8e-5065ca3330c2,f6ab14eb-1a66-4ea5-8a0f-0afbda444403,12:00:00,MostlyCloudy,87.692,5.5,95,0.760,2025-08-04 04:41:56.002357,2025-06-24 05:31:23.437977,2025-08-04 04:41:56.013267
18790568,bf996092-8d66-408a-8d8e-5065ca3330c2,f6ab14eb-1a66-4ea5-8a0f-0afbda444403,16:00:00,Cloudy,88.664,7.1,87,0.740,2025-08-04 04:41:56.002622,2025-06-24 05:31:23.437978,2025-08-04 04:41:56.014238
19542834,bf996092-8d66-408a-8d8e-5065ca3330c2,f679f4cf-c089-4a2b-9b84-b14129630601,16:00:00,Cloudy,85.928,7.6,84,0.770,2025-07-29 12:59:57.294901,2025-07-23 10:50:16.680603,2025-07-29 12:59:57.311026
19542834,bf996092-8d66-408a-8d8e-5065ca3330c2,f679f4cf-c089-4a2b-9b84-b14129630601,07:00:00,Cloudy,80.492,3.8,118,0.900,2025-07-29 12:59:57.294209,2025-07-23 10:50:16.680599,2025-07-29 12:59:57.311023
19542834,bf996092-8d66-408a-8d8e-5065ca3330c2,f679f4cf-c089-4a2b-9b84-b14129630601,12:00:00,Cloudy,84.416,4.7,106,0.810,2025-07-29 12:59:57.29463,2025-07-23 10:50:16.680602,2025-07-29 12:59:57.311025
19818147,bf996092-8d66-408a-8d8e-5065ca3330c2,f6ab14eb-1a66-4ea5-8a0f-0afbda444403,07:00:00,Cloudy,82.598,2.9,312,0.930,2025-08-14 11:33:25.28634,2025-08-04 03:42:57.216144,2025-08-14 11:33:25.305002
19818147,bf996092-8d66-408a-8d8e-5065ca3330c2,f6ab14eb-1a66-4ea5-8a0f-0afbda444403,12:00:00,Cloudy,89.294,3.3,101,0.770,2025-08-14 11:33:25.286669,2025-08-04 03:42:57.216147,2025-08-14 11:33:25.306611
19818147,bf996092-8d66-408a-8d8e-5065ca3330c2,f6ab14eb-1a66-4ea5-8a0f-0afbda444403,16:00:00,Thunderstorms,87.566,5.2,157,0.780,2025-08-14 11:33:25.286898,2025-08-04 03:42:57.216148,2025-08-14 11:33:25.306613
19458683,bf996092-8d66-408a-8d8e-5065ca3330c2,f6ab14eb-1a66-4ea5-8a0f-0afbda444403,07:00:00,Cloudy,80.042,7.2,85,0.920,2025-08-03 05:43:51.568623,2025-07-21 04:49:42.39867,2025-08-03 05:43:51.587022
19458683,bf996092-8d66-408a-8d8e-5065ca3330c2,f6ab14eb-1a66-4ea5-8a0f-0afbda444403,12:00:00,Cloudy,85.244,10.3,116,0.820,2025-08-03 05:43:51.56892,2025-07-21 04:49:42.398676,2025-08-03 05:43:51.588258
19458683,bf996092-8d66-408a-8d8e-5065ca3330c2,f6ab14eb-1a66-4ea5-8a0f-0afbda444403,16:00:00,Cloudy,86.99,10.5,110,0.780,2025-08-03 05:43:51.569157,2025-07-21 04:49:42.398678,2025-08-03 05:43:51.58826
19816109,bf996092-8d66-408a-8d8e-5065ca3330c2,f6ab14eb-1a66-4ea5-8a0f-0afbda444403,07:00:00,Cloudy,80.87,3.7,310,0.930,2025-08-13 12:17:16.868614,2025-08-03 03:28:53.939535,2025-08-13 12:17:16.886378
19816109,bf996092-8d66-408a-8d8e-5065ca3330c2,f6ab14eb-1a66-4ea5-8a0f-0afbda444403,12:00:00,MostlyCloudy,89.276,7.1,309,0.750,2025-08-13 12:17:16.868903,2025-08-03 03:28:53.939539,2025-08-13 12:17:16.887306
19816109,bf996092-8d66-408a-8d8e-5065ca3330c2,f6ab14eb-1a66-4ea5-8a0f-0afbda444403,16:00:00,MostlyCloudy,90.878,8.1,308,0.700,2025-08-13 12:17:16.869133,2025-08-03 03:28:53.93954,2025-08-13 12:17:16.888129
19816109,bf996092-8d66-408a-8d8e-5065ca3330c2,f6ab14eb-1a66-4ea5-8a0f-0afbda444403,07:00:00,Cloudy,80.87,3.7,310,0.930,2025-08-13 12:17:16.868614,2025-08-03 03:28:53.939535,2025-08-13 12:17:16.886378
19816109,bf996092-8d66-408a-8d8e-5065ca3330c2,f6ab14eb-1a66-4ea5-8a0f-0afbda444403,12:00:00,MostlyCloudy,89.276,7.1,309,0.750,2025-08-13 12:17:16.868903,2025-08-03 03:28:53.939539,2025-08-13 12:17:16.887306
19816109,bf996092-8d66-408a-8d8e-5065ca3330c2,f6ab14eb-1a66-4ea5-8a0f-0afbda444403,16:00:00,MostlyCloudy,90.878,8.1,308,0.700,2025-08-13 12:17:16.869133,2025-08-03 03:28:53.93954,2025-08-13 12:17:16.888129
19458683,bf996092-8d66-408a-8d8e-5065ca3330c2,f6ab14eb-1a66-4ea5-8a0f-0afbda444403,07:00:00,Cloudy,80.042,7.2,85,0.920,2025-08-03 05:43:51.568623,2025-07-21 04:49:42.39867,2025-08-03 05:43:51.587022
19458683,bf996092-8d66-408a-8d8e-5065ca3330c2,f6ab14eb-1a66-4ea5-8a0f-0afbda444403,12:00:00,Cloudy,85.244,10.3,116,0.820,2025-08-03 05:43:51.56892,2025-07-21 04:49:42.398676,2025-08-03 05:43:51.588258
19458683,bf996092-8d66-408a-8d8e-5065ca3330c2,f6ab14eb-1a66-4ea5-8a0f-0afbda444403,16:00:00,Cloudy,86.99,10.5,110,0.780,2025-08-03 05:43:51.569157,2025-07-21 04:49:42.398678,2025-08-03 05:43:51.58826
20007785,bf996092-8d66-408a-8d8e-5065ca3330c2,f6ab14eb-1a66-4ea5-8a0f-0afbda444403,07:00:00,PartlyCloudy,81.554,8.8,88,0.890,2025-08-20 05:13:50.918495,2025-08-10 04:44:04.634408,2025-08-20 05:13:50.944218
20007785,bf996092-8d66-408a-8d8e-5065ca3330c2,f6ab14eb-1a66-4ea5-8a0f-0afbda444403,12:00:00,MostlyClear,89.312,11.0,100,0.700,2025-08-20 05:13:50.918842,2025-08-10 04:44:04.634411,2025-08-20 05:13:50.94422
20007785,bf996092-8d66-408a-8d8e-5065ca3330c2,f6ab14eb-1a66-4ea5-8a0f-0afbda444403,16:00:00,PartlyCloudy,89.96,9.7,97,0.680,2025-08-20 05:13:50.919119,2025-08-10 04:44:04.634412,2025-08-20 05:13:50.945522
18669953,bf996092-8d66-408a-8d8e-5065ca3330c2,f6ab14eb-1a66-4ea5-8a0f-0afbda444403,07:00:00,MostlyClear,81.59,4.6,99,0.900,2025-06-25 04:29:02.974075,2025-06-19 09:27:22.247348,2025-06-25 04:29:02.993223
18669953,bf996092-8d66-408a-8d8e-5065ca3330c2,f6ab14eb-1a66-4ea5-8a0f-0afbda444403,12:00:00,MostlyCloudy,90.914,7.3,101,0.680,2025-06-25 04:29:02.974373,2025-06-19 09:27:22.247351,2025-06-25 04:29:02.993225
18669953,bf996092-8d66-408a-8d8e-5065ca3330c2,f6ab14eb-1a66-4ea5-8a0f-0afbda444403,16:00:00,PartlyCloudy,92.3,7.6,115,0.630,2025-06-25 04:29:02.974604,2025-06-19 09:27:22.247351,2025-06-25 04:29:02.995408
19871644,bf996092-8d66-408a-8d8e-5065ca3330c2,f6ab14eb-1a66-4ea5-8a0f-0afbda444403,07:00:00,Cloudy,79.772,7.0,88,0.920,2025-08-20 10:13:17.095732,2025-08-05 12:35:57.208202,2025-08-20 10:13:17.122479
19871644,bf996092-8d66-408a-8d8e-5065ca3330c2,f6ab14eb-1a66-4ea5-8a0f-0afbda444403,12:00:00,MostlyCloudy,86.99,9.1,102,0.780,2025-08-20 10:13:17.096094,2025-08-05 12:35:57.208205,2025-08-20 10:13:17.123393
19871644,bf996092-8d66-408a-8d8e-5065ca3330c2,f6ab14eb-1a66-4ea5-8a0f-0afbda444403,16:00:00,PartlyCloudy,89.69,8.1,90,0.710,2025-08-20 10:13:17.096384,2025-08-05 12:35:57.208206,2025-08-20 10:13:17.123395
19458683,bf996092-8d66-408a-8d8e-5065ca3330c2,f6ab14eb-1a66-4ea5-8a0f-0afbda444403,07:00:00,Cloudy,80.042,7.2,85,0.920,2025-08-03 05:43:51.568623,2025-07-21 04:49:42.39867,2025-08-03 05:43:51.587022
19458683,bf996092-8d66-408a-8d8e-5065ca3330c2,f6ab14eb-1a66-4ea5-8a0f-0afbda444403,12:00:00,Cloudy,85.244,10.3,116,0.820,2025-08-03 05:43:51.56892,2025-07-21 04:49:42.398676,2025-08-03 05:43:51.588258
19458683,bf996092-8d66-408a-8d8e-5065ca3330c2,f6ab14eb-1a66-4ea5-8a0f-0afbda444403,16:00:00,Cloudy,86.99,10.5,110,0.780,2025-08-03 05:43:51.569157,2025-07-21 04:49:42.398678,2025-08-03 05:43:51.58826
19453078,bf996092-8d66-408a-8d8e-5065ca3330c2,f6ab14eb-1a66-4ea5-8a0f-0afbda444403,07:00:00,Rain,79.592,5.7,83,0.940,2025-08-03 04:12:36.9129,2025-07-20 05:26:03.536213,2025-08-03 04:12:36.934716
19453078,bf996092-8d66-408a-8d8e-5065ca3330c2,f6ab14eb-1a66-4ea5-8a0f-0afbda444403,12:00:00,Cloudy,83.48,5.6,88,0.830,2025-08-03 04:12:36.913194,2025-07-20 05:26:03.536216,2025-08-03 04:12:36.935877
19453078,bf996092-8d66-408a-8d8e-5065ca3330c2,f6ab14eb-1a66-4ea5-8a0f-0afbda444403,16:00:00,Cloudy,85.586,7.4,96,0.790,2025-08-03 04:12:36.913429,2025-07-20 05:26:03.536217,2025-08-03 04:12:36.935878
18668817,bf996092-8d66-408a-8d8e-5065ca3330c2,f679f4cf-c089-4a2b-9b84-b14129630601,07:00:00,Cloudy,80.708,5.4,108,0.890,2025-06-21 05:51:45.725576,2025-06-19 04:44:02.460281,2025-06-21 05:51:45.742128
18668817,bf996092-8d66-408a-8d8e-5065ca3330c2,f679f4cf-c089-4a2b-9b84-b14129630601,12:00:00,Cloudy,87.566,8.0,104,0.760,2025-06-21 05:51:45.725883,2025-06-19 04:44:02.460283,2025-06-21 05:51:45.743062
18668817,bf996092-8d66-408a-8d8e-5065ca3330c2,f679f4cf-c089-4a2b-9b84-b14129630601,16:00:00,Cloudy,88.178,7.7,106,0.710,2025-06-21 05:51:45.726139,2025-06-19 04:44:02.460284,2025-06-21 05:51:45.743064
18668819,bf996092-8d66-408a-8d8e-5065ca3330c2,f679f4cf-c089-4a2b-9b84-b14129630601,07:00:00,MostlyCloudy,82.148,3.6,147,0.860,2025-06-24 07:07:40.270285,2025-06-19 04:44:02.467529,2025-06-24 07:07:40.289401
18668819,bf996092-8d66-408a-8d8e-5065ca3330c2,f679f4cf-c089-4a2b-9b84-b14129630601,12:00:00,Rain,86.9,4.9,96,0.720,2025-06-24 07:07:40.270577,2025-06-19 04:44:02.467531,2025-06-24 07:07:40.289403
18668819,bf996092-8d66-408a-8d8e-5065ca3330c2,f679f4cf-c089-4a2b-9b84-b14129630601,16:00:00,Cloudy,89.6,5.3,41,0.680,2025-06-24 07:07:40.27081,2025-06-19 04:44:02.467532,2025-06-24 07:07:40.291928
19057106,bf996092-8d66-408a-8d8e-5065ca3330c2,f6ab14eb-1a66-4ea5-8a0f-0afbda444403,07:00:00,Cloudy,80.204,5.9,89,0.930,2025-07-14 06:41:36.340831,2025-07-04 08:47:14.663019,2025-07-14 06:41:36.358793
19057106,bf996092-8d66-408a-8d8e-5065ca3330c2,f6ab14eb-1a66-4ea5-8a0f-0afbda444403,12:00:00,Cloudy,87.62,8.9,113,0.760,2025-07-14 06:41:36.341127,2025-07-04 08:47:14.663022,2025-07-14 06:41:36.358795
19057106,bf996092-8d66-408a-8d8e-5065ca3330c2,f6ab14eb-1a66-4ea5-8a0f-0afbda444403,16:00:00,Cloudy,89.312,6.8,126,0.730,2025-07-14 06:41:36.341361,2025-07-04 08:47:14.663023,2025-07-14 06:41:36.36061
19453078,bf996092-8d66-408a-8d8e-5065ca3330c2,f6ab14eb-1a66-4ea5-8a0f-0afbda444403,07:00:00,Rain,79.592,5.7,83,0.940,2025-08-03 04:12:36.9129,2025-07-20 05:26:03.536213,2025-08-03 04:12:36.934716
19453078,bf996092-8d66-408a-8d8e-5065ca3330c2,f6ab14eb-1a66-4ea5-8a0f-0afbda444403,12:00:00,Cloudy,83.48,5.6,88,0.830,2025-08-03 04:12:36.913194,2025-07-20 05:26:03.536216,2025-08-03 04:12:36.935877
19453078,bf996092-8d66-408a-8d8e-5065ca3330c2,f6ab14eb-1a66-4ea5-8a0f-0afbda444403,16:00:00,Cloudy,85.586,7.4,96,0.790,2025-08-03 04:12:36.913429,2025-07-20 05:26:03.536217,2025-08-03 04:12:36.935878
18791667,bf996092-8d66-408a-8d8e-5065ca3330c2,f679f4cf-c089-4a2b-9b84-b14129630601,07:00:00,MostlyClear,79.754,4.7,96,0.880,2025-07-06 04:48:36.832756,2025-06-24 07:04:06.267246,2025-07-06 04:48:36.85223
18791667,bf996092-8d66-408a-8d8e-5065ca3330c2,f679f4cf-c089-4a2b-9b84-b14129630601,12:00:00,PartlyCloudy,86.288,8.5,107,0.710,2025-07-06 04:48:36.833105,2025-06-24 07:04:06.267249,2025-07-06 04:48:36.852232
18791667,bf996092-8d66-408a-8d8e-5065ca3330c2,f679f4cf-c089-4a2b-9b84-b14129630601,16:00:00,Drizzle,88.124,8.0,102,0.680,2025-07-06 04:48:36.833347,2025-06-24 07:04:06.26725,2025-07-06 04:48:36.852233
19645172,bf996092-8d66-408a-8d8e-5065ca3330c2,f6ab14eb-1a66-4ea5-8a0f-0afbda444403,07:00:00,Cloudy,78.314,5.7,212,0.930,2025-08-06 09:48:15.425267,2025-07-28 10:17:58.171853,2025-08-06 09:48:15.440709
19645172,bf996092-8d66-408a-8d8e-5065ca3330c2,f6ab14eb-1a66-4ea5-8a0f-0afbda444403,12:00:00,MostlyCloudy,84.524,4.7,243,0.800,2025-08-06 09:48:15.425564,2025-07-28 10:17:58.171856,2025-08-06 09:48:15.440711
19645172,bf996092-8d66-408a-8d8e-5065ca3330c2,f6ab14eb-1a66-4ea5-8a0f-0afbda444403,16:00:00,MostlyCloudy,85.838,1.8,182,0.760,2025-08-06 09:48:15.425798,2025-07-28 10:17:58.171857,2025-08-06 09:48:15.440711
19645172,bf996092-8d66-408a-8d8e-5065ca3330c2,f6ab14eb-1a66-4ea5-8a0f-0afbda444403,07:00:00,Cloudy,78.314,5.7,212,0.930,2025-08-06 09:48:15.425267,2025-07-28 10:17:58.171853,2025-08-06 09:48:15.440709
19645172,bf996092-8d66-408a-8d8e-5065ca3330c2,f6ab14eb-1a66-4ea5-8a0f-0afbda444403,12:00:00,MostlyCloudy,84.524,4.7,243,0.800,2025-08-06 09:48:15.425564,2025-07-28 10:17:58.171856,2025-08-06 09:48:15.440711
19645172,bf996092-8d66-408a-8d8e-5065ca3330c2,f6ab14eb-1a66-4ea5-8a0f-0afbda444403,16:00:00,MostlyCloudy,85.838,1.8,182,0.760,2025-08-06 09:48:15.425798,2025-07-28 10:17:58.171857,2025-08-06 09:48:15.440711
19066072,bf996092-8d66-408a-8d8e-5065ca3330c2,ada6015d-9fce-4f2c-b20f-fc9122d2face,07:00:00,PartlyCloudy,81.824,1.9,239,0.850,2025-07-08 09:49:20.035634,2025-07-07 04:25:53.181633,2025-07-08 09:49:20.05739
19066072,bf996092-8d66-408a-8d8e-5065ca3330c2,ada6015d-9fce-4f2c-b20f-fc9122d2face,12:00:00,MostlyCloudy,90.86,6.0,297,0.670,2025-07-08 09:49:20.036156,2025-07-07 04:25:53.181636,2025-07-08 09:49:20.057391
19066072,bf996092-8d66-408a-8d8e-5065ca3330c2,ada6015d-9fce-4f2c-b20f-fc9122d2face,16:00:00,Cloudy,93.002,6.6,301,0.590,2025-07-08 09:49:20.036566,2025-07-07 04:25:53.181637,2025-07-08 09:49:20.058613
19269905,bf996092-8d66-408a-8d8e-5065ca3330c2,f6ab14eb-1a66-4ea5-8a0f-0afbda444403,07:00:00,Cloudy,81.644,3.4,102,0.900,2025-07-22 02:57:14.092763,2025-07-13 04:31:52.848246,2025-07-22 02:57:14.110922
19269905,bf996092-8d66-408a-8d8e-5065ca3330c2,f6ab14eb-1a66-4ea5-8a0f-0afbda444403,12:00:00,Cloudy,88.97,3.7,26,0.730,2025-07-22 02:57:14.093058,2025-07-13 04:31:52.848249,2025-07-22 02:57:14.112337
19269905,bf996092-8d66-408a-8d8e-5065ca3330c2,f6ab14eb-1a66-4ea5-8a0f-0afbda444403,16:00:00,MostlyCloudy,90.698,5.0,7,0.650,2025-07-22 02:57:14.093294,2025-07-13 04:31:52.84825,2025-07-22 02:57:14.113605
19269906,bf996092-8d66-408a-8d8e-5065ca3330c2,f6ab14eb-1a66-4ea5-8a0f-0afbda444403,07:00:00,PartlyCloudy,82.364,2.5,346,0.870,2025-07-24 06:52:41.594033,2025-07-13 04:31:52.8537,2025-07-24 06:52:41.612389
19269906,bf996092-8d66-408a-8d8e-5065ca3330c2,f6ab14eb-1a66-4ea5-8a0f-0afbda444403,12:00:00,PartlyCloudy,91.616,4.2,296,0.650,2025-07-24 06:52:41.594361,2025-07-13 04:31:52.853703,2025-07-24 06:52:41.613968
19269906,bf996092-8d66-408a-8d8e-5065ca3330c2,f6ab14eb-1a66-4ea5-8a0f-0afbda444403,16:00:00,MostlyCloudy,93.272,5.7,280,0.600,2025-07-24 06:52:41.594592,2025-07-13 04:31:52.853704,2025-07-24 06:52:41.614882
18914367,bf996092-8d66-408a-8d8e-5065ca3330c2,f6ab14eb-1a66-4ea5-8a0f-0afbda444403,07:00:00,MostlyCloudy,84.02,4.0,60,0.830,2025-07-09 09:40:02.525076,2025-06-30 10:05:08.80161,2025-07-09 09:40:02.557168
18914367,bf996092-8d66-408a-8d8e-5065ca3330c2,f6ab14eb-1a66-4ea5-8a0f-0afbda444403,12:00:00,PartlyCloudy,93.992,5.1,136,0.610,2025-07-09 09:40:02.525513,2025-06-30 10:05:08.801612,2025-07-09 09:40:02.559253
18914367,bf996092-8d66-408a-8d8e-5065ca3330c2,f6ab14eb-1a66-4ea5-8a0f-0afbda444403,16:00:00,PartlyCloudy,94.388,3.2,253,0.570,2025-07-09 09:40:02.525911,2025-06-30 10:05:08.801613,2025-07-09 09:40:02.561503
19700066,bf996092-8d66-408a-8d8e-5065ca3330c2,f6ab14eb-1a66-4ea5-8a0f-0afbda444403,12:00:00,MostlyCloudy,88.268,8.7,279,0.740,2025-08-08 03:53:48.229324,2025-07-29 04:28:52.586892,2025-08-08 03:53:48.247123
19700066,bf996092-8d66-408a-8d8e-5065ca3330c2,f6ab14eb-1a66-4ea5-8a0f-0afbda444403,16:00:00,MostlyCloudy,88.286,8.0,275,0.750,2025-08-08 03:53:48.229556,2025-07-29 04:28:52.586893,2025-08-08 03:53:48.249074
19700066,bf996092-8d66-408a-8d8e-5065ca3330c2,f6ab14eb-1a66-4ea5-8a0f-0afbda444403,07:00:00,MostlyCloudy,80.078,5.8,263,0.900,2025-08-08 03:53:48.229029,2025-07-29 04:28:52.586889,2025-08-08 03:53:48.247121
19419609,bf996092-8d66-408a-8d8e-5065ca3330c2,ada6015d-9fce-4f2c-b20f-fc9122d2face,07:00:00,PartlyCloudy,79.826,7.7,65,0.850,2025-07-18 09:36:19.81939,2025-07-18 09:36:19.850592,2025-07-18 09:36:19.850594
19419609,bf996092-8d66-408a-8d8e-5065ca3330c2,ada6015d-9fce-4f2c-b20f-fc9122d2face,12:00:00,MostlyCloudy,87.512,12.1,82,0.670,2025-07-18 09:36:19.819991,2025-07-18 09:36:19.850596,2025-07-18 09:36:19.850596
19419609,bf996092-8d66-408a-8d8e-5065ca3330c2,ada6015d-9fce-4f2c-b20f-fc9122d2face,16:00:00,Drizzle,87.944,11.4,78,0.670,2025-07-18 09:36:19.820437,2025-07-18 09:36:19.850597,2025-07-18 09:36:19.850598
18445750,bf996092-8d66-408a-8d8e-5065ca3330c2,ada6015d-9fce-4f2c-b20f-fc9122d2face,07:00:00,PartlyCloudy,80.312,4.7,130,0.880,2025-06-19 09:52:32.901603,2025-06-11 05:18:09.093536,2025-06-19 09:52:32.919114
18445750,bf996092-8d66-408a-8d8e-5065ca3330c2,ada6015d-9fce-4f2c-b20f-fc9122d2face,12:00:00,MostlyCloudy,85.676,6.3,126,0.730,2025-06-19 09:52:32.901899,2025-06-11 05:18:09.093539,2025-06-19 09:52:32.920478
18445750,bf996092-8d66-408a-8d8e-5065ca3330c2,ada6015d-9fce-4f2c-b20f-fc9122d2face,16:00:00,MostlyCloudy,88.43,6.9,133,0.650,2025-06-19 09:52:32.902137,2025-06-11 05:18:09.09354,2025-06-19 09:52:32.921265
18445750,bf996092-8d66-408a-8d8e-5065ca3330c2,ada6015d-9fce-4f2c-b20f-fc9122d2face,07:00:00,PartlyCloudy,80.312,4.7,130,0.880,2025-06-19 09:52:32.901603,2025-06-11 05:18:09.093536,2025-06-19 09:52:32.919114
18445750,bf996092-8d66-408a-8d8e-5065ca3330c2,ada6015d-9fce-4f2c-b20f-fc9122d2face,12:00:00,MostlyCloudy,85.676,6.3,126,0.730,2025-06-19 09:52:32.901899,2025-06-11 05:18:09.093539,2025-06-19 09:52:32.920478
18445750,bf996092-8d66-408a-8d8e-5065ca3330c2,ada6015d-9fce-4f2c-b20f-fc9122d2face,16:00:00,MostlyCloudy,88.43,6.9,133,0.650,2025-06-19 09:52:32.902137,2025-06-11 05:18:09.09354,2025-06-19 09:52:32.921265
18445750,bf996092-8d66-408a-8d8e-5065ca3330c2,ada6015d-9fce-4f2c-b20f-fc9122d2face,07:00:00,PartlyCloudy,80.312,4.7,130,0.880,2025-06-19 09:52:32.901603,2025-06-11 05:18:09.093536,2025-06-19 09:52:32.919114
18445750,bf996092-8d66-408a-8d8e-5065ca3330c2,ada6015d-9fce-4f2c-b20f-fc9122d2face,12:00:00,MostlyCloudy,85.676,6.3,126,0.730,2025-06-19 09:52:32.901899,2025-06-11 05:18:09.093539,2025-06-19 09:52:32.920478
18445750,bf996092-8d66-408a-8d8e-5065ca3330c2,ada6015d-9fce-4f2c-b20f-fc9122d2face,16:00:00,MostlyCloudy,88.43,6.9,133,0.650,2025-06-19 09:52:32.902137,2025-06-11 05:18:09.09354,2025-06-19 09:52:32.921265
18914368,bf996092-8d66-408a-8d8e-5065ca3330c2,f6ab14eb-1a66-4ea5-8a0f-0afbda444403,07:00:00,Thunderstorms,80.114,3.7,94,0.910,2025-07-10 17:05:24.388994,2025-06-30 10:05:08.80506,2025-07-10 17:05:24.408895
18914368,bf996092-8d66-408a-8d8e-5065ca3330c2,f6ab14eb-1a66-4ea5-8a0f-0afbda444403,12:00:00,Thunderstorms,82.346,8.0,126,0.820,2025-07-10 17:05:24.389286,2025-06-30 10:05:08.805062,2025-07-10 17:05:24.408897
18914368,bf996092-8d66-408a-8d8e-5065ca3330c2,f6ab14eb-1a66-4ea5-8a0f-0afbda444403,16:00:00,Cloudy,85.406,5.4,114,0.730,2025-07-10 17:05:24.389516,2025-06-30 10:05:08.805063,2025-07-10 17:05:24.411132
19069582,bf996092-8d66-408a-8d8e-5065ca3330c2,f6ab14eb-1a66-4ea5-8a0f-0afbda444403,07:00:00,Cloudy,80.168,5.4,70,0.890,2025-07-17 01:08:43.411969,2025-07-07 11:13:03.008982,2025-07-17 01:08:43.430253
19069582,bf996092-8d66-408a-8d8e-5065ca3330c2,f6ab14eb-1a66-4ea5-8a0f-0afbda444403,12:00:00,MostlyCloudy,86.666,7.5,77,0.750,2025-07-17 01:08:43.412266,2025-07-07 11:13:03.008985,2025-07-17 01:08:43.431079
19069582,bf996092-8d66-408a-8d8e-5065ca3330c2,f6ab14eb-1a66-4ea5-8a0f-0afbda444403,16:00:00,MostlyCloudy,88.088,9.1,62,0.690,2025-07-17 01:08:43.412499,2025-07-07 11:13:03.008986,2025-07-17 01:08:43.431081
20060288,bf996092-8d66-408a-8d8e-5065ca3330c2,f679f4cf-c089-4a2b-9b84-b14129630601,07:00:00,Cloudy,80.654,3.7,237,0.900,2025-08-26 04:42:05.235191,2025-08-12 06:16:27.176288,2025-08-26 04:42:05.242353
20060288,bf996092-8d66-408a-8d8e-5065ca3330c2,f679f4cf-c089-4a2b-9b84-b14129630601,12:00:00,Cloudy,86.486,2.7,289,0.750,2025-08-26 04:42:05.235486,2025-08-12 06:16:27.176291,2025-08-26 04:42:05.243939
20060288,bf996092-8d66-408a-8d8e-5065ca3330c2,f679f4cf-c089-4a2b-9b84-b14129630601,16:00:00,MostlyCloudy,89.384,6.0,311,0.690,2025-08-26 04:42:05.235733,2025-08-12 06:16:27.176292,2025-08-26 04:42:05.244868
20060288,bf996092-8d66-408a-8d8e-5065ca3330c2,f679f4cf-c089-4a2b-9b84-b14129630601,07:00:00,Cloudy,80.654,3.7,237,0.900,2025-08-26 04:42:05.235191,2025-08-12 06:16:27.176288,2025-08-26 04:42:05.242353
20060288,bf996092-8d66-408a-8d8e-5065ca3330c2,f679f4cf-c089-4a2b-9b84-b14129630601,12:00:00,Cloudy,86.486,2.7,289,0.750,2025-08-26 04:42:05.235486,2025-08-12 06:16:27.176291,2025-08-26 04:42:05.243939
20060288,bf996092-8d66-408a-8d8e-5065ca3330c2,f679f4cf-c089-4a2b-9b84-b14129630601,16:00:00,MostlyCloudy,89.384,6.0,311,0.690,2025-08-26 04:42:05.235733,2025-08-12 06:16:27.176292,2025-08-26 04:42:05.244868
19700143,bf996092-8d66-408a-8d8e-5065ca3330c2,f679f4cf-c089-4a2b-9b84-b14129630601,07:00:00,MostlyClear,81.068,4.5,278,0.840,2025-08-25 11:48:19.058136,2025-07-29 05:34:13.669104,2025-08-25 11:48:19.065668
19700143,bf996092-8d66-408a-8d8e-5065ca3330c2,f679f4cf-c089-4a2b-9b84-b14129630601,12:00:00,MostlyClear,91.67,8.5,292,0.610,2025-08-25 11:48:19.058425,2025-07-29 05:34:13.669106,2025-08-25 11:48:19.06567
19700143,bf996092-8d66-408a-8d8e-5065ca3330c2,f679f4cf-c089-4a2b-9b84-b14129630601,16:00:00,PartlyCloudy,93.92,8.8,293,0.570,2025-08-25 11:48:19.058652,2025-07-29 05:34:13.669107,2025-08-25 11:48:19.065671
20060289,bf996092-8d66-408a-8d8e-5065ca3330c2,f679f4cf-c089-4a2b-9b84-b14129630601,07:00:00,Cloudy,81.482,3.3,265,0.890,2025-08-26 08:18:37.670378,2025-08-12 06:16:27.180499,2025-08-26 08:18:37.680292
20060289,bf996092-8d66-408a-8d8e-5065ca3330c2,f679f4cf-c089-4a2b-9b84-b14129630601,12:00:00,MostlyCloudy,89.384,6.1,283,0.690,2025-08-26 08:18:37.670671,2025-08-12 06:16:27.180502,2025-08-26 08:18:37.680294
20060289,bf996092-8d66-408a-8d8e-5065ca3330c2,f679f4cf-c089-4a2b-9b84-b14129630601,16:00:00,MostlyCloudy,91.544,5.1,286,0.630,2025-08-26 08:18:37.670898,2025-08-12 06:16:27.180503,2025-08-26 08:18:37.683855
19037252,bf996092-8d66-408a-8d8e-5065ca3330c2,f6ab14eb-1a66-4ea5-8a0f-0afbda444403,07:00:00,MostlyCloudy,80.132,4.1,46,0.900,2025-07-10 17:05:24.390415,2025-07-03 12:48:55.147255,2025-07-10 17:05:24.41235
19037252,bf996092-8d66-408a-8d8e-5065ca3330c2,f6ab14eb-1a66-4ea5-8a0f-0afbda444403,12:00:00,MostlyCloudy,87.62,4.1,91,0.720,2025-07-10 17:05:24.390702,2025-07-03 12:48:55.147257,2025-07-10 17:05:24.413709
19037252,bf996092-8d66-408a-8d8e-5065ca3330c2,f6ab14eb-1a66-4ea5-8a0f-0afbda444403,16:00:00,PartlyCloudy,90.932,5.1,6,0.660,2025-07-10 17:05:24.390958,2025-07-03 12:48:55.147258,2025-07-10 17:05:24.414941
19037252,bf996092-8d66-408a-8d8e-5065ca3330c2,f6ab14eb-1a66-4ea5-8a0f-0afbda444403,07:00:00,MostlyCloudy,80.132,4.1,46,0.900,2025-07-10 17:05:24.390415,2025-07-03 12:48:55.147255,2025-07-10 17:05:24.41235
19037252,bf996092-8d66-408a-8d8e-5065ca3330c2,f6ab14eb-1a66-4ea5-8a0f-0afbda444403,12:00:00,MostlyCloudy,87.62,4.1,91,0.720,2025-07-10 17:05:24.390702,2025-07-03 12:48:55.147257,2025-07-10 17:05:24.413709
19037252,bf996092-8d66-408a-8d8e-5065ca3330c2,f6ab14eb-1a66-4ea5-8a0f-0afbda444403,16:00:00,PartlyCloudy,90.932,5.1,6,0.660,2025-07-10 17:05:24.390958,2025-07-03 12:48:55.147258,2025-07-10 17:05:24.414941
19037252,bf996092-8d66-408a-8d8e-5065ca3330c2,f6ab14eb-1a66-4ea5-8a0f-0afbda444403,07:00:00,MostlyCloudy,80.132,4.1,46,0.900,2025-07-10 17:05:24.390415,2025-07-03 12:48:55.147255,2025-07-10 17:05:24.41235
19037252,bf996092-8d66-408a-8d8e-5065ca3330c2,f6ab14eb-1a66-4ea5-8a0f-0afbda444403,12:00:00,MostlyCloudy,87.62,4.1,91,0.720,2025-07-10 17:05:24.390702,2025-07-03 12:48:55.147257,2025-07-10 17:05:24.413709
19037252,bf996092-8d66-408a-8d8e-5065ca3330c2,f6ab14eb-1a66-4ea5-8a0f-0afbda444403,16:00:00,PartlyCloudy,90.932,5.1,6,0.660,2025-07-10 17:05:24.390958,2025-07-03 12:48:55.147258,2025-07-10 17:05:24.414941
20060289,bf996092-8d66-408a-8d8e-5065ca3330c2,f679f4cf-c089-4a2b-9b84-b14129630601,07:00:00,Cloudy,81.482,3.3,265,0.890,2025-08-26 08:18:37.670378,2025-08-12 06:16:27.180499,2025-08-26 08:18:37.680292
20060289,bf996092-8d66-408a-8d8e-5065ca3330c2,f679f4cf-c089-4a2b-9b84-b14129630601,12:00:00,MostlyCloudy,89.384,6.1,283,0.690,2025-08-26 08:18:37.670671,2025-08-12 06:16:27.180502,2025-08-26 08:18:37.680294
20060289,bf996092-8d66-408a-8d8e-5065ca3330c2,f679f4cf-c089-4a2b-9b84-b14129630601,16:00:00,MostlyCloudy,91.544,5.1,286,0.630,2025-08-26 08:18:37.670898,2025-08-12 06:16:27.180503,2025-08-26 08:18:37.683855
18914368,bf996092-8d66-408a-8d8e-5065ca3330c2,f6ab14eb-1a66-4ea5-8a0f-0afbda444403,07:00:00,Thunderstorms,80.114,3.7,94,0.910,2025-07-10 17:05:24.388994,2025-06-30 10:05:08.80506,2025-07-10 17:05:24.408895
18914368,bf996092-8d66-408a-8d8e-5065ca3330c2,f6ab14eb-1a66-4ea5-8a0f-0afbda444403,12:00:00,Thunderstorms,82.346,8.0,126,0.820,2025-07-10 17:05:24.389286,2025-06-30 10:05:08.805062,2025-07-10 17:05:24.408897
18914368,bf996092-8d66-408a-8d8e-5065ca3330c2,f6ab14eb-1a66-4ea5-8a0f-0afbda444403,16:00:00,Cloudy,85.406,5.4,114,0.730,2025-07-10 17:05:24.389516,2025-06-30 10:05:08.805063,2025-07-10 17:05:24.411132
18914368,bf996092-8d66-408a-8d8e-5065ca3330c2,f6ab14eb-1a66-4ea5-8a0f-0afbda444403,07:00:00,Thunderstorms,80.114,3.7,94,0.910,2025-07-10 17:05:24.388994,2025-06-30 10:05:08.80506,2025-07-10 17:05:24.408895
18914368,bf996092-8d66-408a-8d8e-5065ca3330c2,f6ab14eb-1a66-4ea5-8a0f-0afbda444403,12:00:00,Thunderstorms,82.346,8.0,126,0.820,2025-07-10 17:05:24.389286,2025-06-30 10:05:08.805062,2025-07-10 17:05:24.408897
18914368,bf996092-8d66-408a-8d8e-5065ca3330c2,f6ab14eb-1a66-4ea5-8a0f-0afbda444403,16:00:00,Cloudy,85.406,5.4,114,0.730,2025-07-10 17:05:24.389516,2025-06-30 10:05:08.805063,2025-07-10 17:05:24.411132
19037252,bf996092-8d66-408a-8d8e-5065ca3330c2,f6ab14eb-1a66-4ea5-8a0f-0afbda444403,07:00:00,MostlyCloudy,80.132,4.1,46,0.900,2025-07-10 17:05:24.390415,2025-07-03 12:48:55.147255,2025-07-10 17:05:24.41235
19037252,bf996092-8d66-408a-8d8e-5065ca3330c2,f6ab14eb-1a66-4ea5-8a0f-0afbda444403,12:00:00,MostlyCloudy,87.62,4.1,91,0.720,2025-07-10 17:05:24.390702,2025-07-03 12:48:55.147257,2025-07-10 17:05:24.413709
19037252,bf996092-8d66-408a-8d8e-5065ca3330c2,f6ab14eb-1a66-4ea5-8a0f-0afbda444403,16:00:00,PartlyCloudy,90.932,5.1,6,0.660,2025-07-10 17:05:24.390958,2025-07-03 12:48:55.147258,2025-07-10 17:05:24.414941
20095150,bf996092-8d66-408a-8d8e-5065ca3330c2,f6ab14eb-1a66-4ea5-8a0f-0afbda444403,07:00:00,Cloudy,79.988,3.4,151,0.930,2025-08-24 04:31:04.398271,2025-08-13 09:57:51.180819,2025-08-24 04:31:04.418896
20095150,bf996092-8d66-408a-8d8e-5065ca3330c2,f6ab14eb-1a66-4ea5-8a0f-0afbda444403,12:00:00,MostlyCloudy,85.82,4.0,191,0.780,2025-08-24 04:31:04.398558,2025-08-13 09:57:51.180822,2025-08-24 04:31:04.418898
20095150,bf996092-8d66-408a-8d8e-5065ca3330c2,f6ab14eb-1a66-4ea5-8a0f-0afbda444403,16:00:00,MostlyCloudy,86.918,4.8,92,0.750,2025-08-24 04:31:04.398788,2025-08-13 09:57:51.180823,2025-08-24 04:31:04.418898
19816109,bf996092-8d66-408a-8d8e-5065ca3330c2,f6ab14eb-1a66-4ea5-8a0f-0afbda444403,07:00:00,Cloudy,80.87,3.7,310,0.930,2025-08-13 12:17:16.868614,2025-08-03 03:28:53.939535,2025-08-13 12:17:16.886378
19816109,bf996092-8d66-408a-8d8e-5065ca3330c2,f6ab14eb-1a66-4ea5-8a0f-0afbda444403,12:00:00,MostlyCloudy,89.276,7.1,309,0.750,2025-08-13 12:17:16.868903,2025-08-03 03:28:53.939539,2025-08-13 12:17:16.887306
19816109,bf996092-8d66-408a-8d8e-5065ca3330c2,f6ab14eb-1a66-4ea5-8a0f-0afbda444403,16:00:00,MostlyCloudy,90.878,8.1,308,0.700,2025-08-13 12:17:16.869133,2025-08-03 03:28:53.93954,2025-08-13 12:17:16.888129
19816109,bf996092-8d66-408a-8d8e-5065ca3330c2,f6ab14eb-1a66-4ea5-8a0f-0afbda444403,07:00:00,Cloudy,80.87,3.7,310,0.930,2025-08-13 12:17:16.868614,2025-08-03 03:28:53.939535,2025-08-13 12:17:16.886378
19816109,bf996092-8d66-408a-8d8e-5065ca3330c2,f6ab14eb-1a66-4ea5-8a0f-0afbda444403,12:00:00,MostlyCloudy,89.276,7.1,309,0.750,2025-08-13 12:17:16.868903,2025-08-03 03:28:53.939539,2025-08-13 12:17:16.887306
19816109,bf996092-8d66-408a-8d8e-5065ca3330c2,f6ab14eb-1a66-4ea5-8a0f-0afbda444403,16:00:00,MostlyCloudy,90.878,8.1,308,0.700,2025-08-13 12:17:16.869133,2025-08-03 03:28:53.93954,2025-08-13 12:17:16.888129
20193394,bf996092-8d66-408a-8d8e-5065ca3330c2,f679f4cf-c089-4a2b-9b84-b14129630601,07:00:00,Thunderstorms,78.368,9.7,117,0.920,2025-08-26 14:33:34.397643,2025-08-18 09:50:48.817495,2025-08-26 14:33:34.430491
20193394,bf996092-8d66-408a-8d8e-5065ca3330c2,f679f4cf-c089-4a2b-9b84-b14129630601,12:00:00,MostlyCloudy,85.46,10.7,125,0.770,2025-08-26 14:33:34.398208,2025-08-18 09:50:48.817497,2025-08-26 14:33:34.431616
20193394,bf996092-8d66-408a-8d8e-5065ca3330c2,f679f4cf-c089-4a2b-9b84-b14129630601,16:00:00,MostlyCloudy,85.568,8.7,130,0.750,2025-08-26 14:33:34.39857,2025-08-18 09:50:48.817498,2025-08-26 14:33:34.432572
20060292,bf996092-8d66-408a-8d8e-5065ca3330c2,f679f4cf-c089-4a2b-9b84-b14129630601,07:00:00,MostlyCloudy,80.87,3.6,107,0.910,2025-08-26 08:26:15.302469,2025-08-12 06:16:27.191233,2025-08-26 08:26:15.329809
20060292,bf996092-8d66-408a-8d8e-5065ca3330c2,f679f4cf-c089-4a2b-9b84-b14129630601,12:00:00,MostlyCloudy,88.16,4.8,131,0.750,2025-08-26 08:26:15.302824,2025-08-12 06:16:27.191235,2025-08-26 08:26:15.33163
20060292,bf996092-8d66-408a-8d8e-5065ca3330c2,f679f4cf-c089-4a2b-9b84-b14129630601,16:00:00,MostlyCloudy,89.672,3.5,126,0.710,2025-08-26 08:26:15.303155,2025-08-12 06:16:27.191236,2025-08-26 08:26:15.331632
19645173,bf996092-8d66-408a-8d8e-5065ca3330c2,f6ab14eb-1a66-4ea5-8a0f-0afbda444403,12:00:00,MostlyCloudy,85.784,4.1,264,0.790,2025-08-08 06:04:48.137472,2025-07-28 10:17:58.176892,2025-08-08 06:04:48.154407
19645173,bf996092-8d66-408a-8d8e-5065ca3330c2,f6ab14eb-1a66-4ea5-8a0f-0afbda444403,16:00:00,MostlyCloudy,85.082,5.2,310,0.760,2025-08-08 06:04:48.137701,2025-07-28 10:17:58.176894,2025-08-08 06:04:48.154409
19645173,bf996092-8d66-408a-8d8e-5065ca3330c2,f6ab14eb-1a66-4ea5-8a0f-0afbda444403,07:00:00,Rain,78.08,3.1,231,0.950,2025-08-08 06:04:48.137159,2025-07-28 10:17:58.176889,2025-08-08 06:04:48.153522
20095150,bf996092-8d66-408a-8d8e-5065ca3330c2,f6ab14eb-1a66-4ea5-8a0f-0afbda444403,07:00:00,Cloudy,79.988,3.4,151,0.930,2025-08-24 04:31:04.398271,2025-08-13 09:57:51.180819,2025-08-24 04:31:04.418896
20095150,bf996092-8d66-408a-8d8e-5065ca3330c2,f6ab14eb-1a66-4ea5-8a0f-0afbda444403,12:00:00,MostlyCloudy,85.82,4.0,191,0.780,2025-08-24 04:31:04.398558,2025-08-13 09:57:51.180822,2025-08-24 04:31:04.418898
20095150,bf996092-8d66-408a-8d8e-5065ca3330c2,f6ab14eb-1a66-4ea5-8a0f-0afbda444403,16:00:00,MostlyCloudy,86.918,4.8,92,0.750,2025-08-24 04:31:04.398788,2025-08-13 09:57:51.180823,2025-08-24 04:31:04.418898
20060295,bf996092-8d66-408a-8d8e-5065ca3330c2,f679f4cf-c089-4a2b-9b84-b14129630601,07:00:00,MostlyClear,80.6,4.8,88,0.910,2025-08-20 07:28:32.815451,2025-08-12 06:16:27.202103,2025-08-20 07:28:32.83988
20060295,bf996092-8d66-408a-8d8e-5065ca3330c2,f679f4cf-c089-4a2b-9b84-b14129630601,12:00:00,PartlyCloudy,89.024,6.9,111,0.690,2025-08-20 07:28:32.81581,2025-08-12 06:16:27.202105,2025-08-20 07:28:32.839882
20060295,bf996092-8d66-408a-8d8e-5065ca3330c2,f679f4cf-c089-4a2b-9b84-b14129630601,16:00:00,MostlyClear,90.842,4.6,89,0.660,2025-08-20 07:28:32.81609,2025-08-12 06:16:27.202106,2025-08-20 07:28:32.840802
20060294,bf996092-8d66-408a-8d8e-5065ca3330c2,f679f4cf-c089-4a2b-9b84-b14129630601,07:00:00,MostlyCloudy,80.636,6.5,99,0.910,2025-08-26 10:35:39.687919,2025-08-12 06:16:27.198555,2025-08-26 10:35:39.70648
20060294,bf996092-8d66-408a-8d8e-5065ca3330c2,f679f4cf-c089-4a2b-9b84-b14129630601,12:00:00,MostlyCloudy,86.558,7.5,97,0.770,2025-08-26 10:35:39.688215,2025-08-12 06:16:27.198558,2025-08-26 10:35:39.707622
20060294,bf996092-8d66-408a-8d8e-5065ca3330c2,f679f4cf-c089-4a2b-9b84-b14129630601,16:00:00,PartlyCloudy,90.086,6.9,80,0.690,2025-08-26 10:35:39.688447,2025-08-12 06:16:27.198559,2025-08-26 10:35:39.70853
20060294,bf996092-8d66-408a-8d8e-5065ca3330c2,f679f4cf-c089-4a2b-9b84-b14129630601,07:00:00,MostlyCloudy,80.636,6.5,99,0.910,2025-08-26 10:35:39.687919,2025-08-12 06:16:27.198555,2025-08-26 10:35:39.70648
20060294,bf996092-8d66-408a-8d8e-5065ca3330c2,f679f4cf-c089-4a2b-9b84-b14129630601,12:00:00,MostlyCloudy,86.558,7.5,97,0.770,2025-08-26 10:35:39.688215,2025-08-12 06:16:27.198558,2025-08-26 10:35:39.707622
20060294,bf996092-8d66-408a-8d8e-5065ca3330c2,f679f4cf-c089-4a2b-9b84-b14129630601,16:00:00,PartlyCloudy,90.086,6.9,80,0.690,2025-08-26 10:35:39.688447,2025-08-12 06:16:27.198559,2025-08-26 10:35:39.70853
19542837,bf996092-8d66-408a-8d8e-5065ca3330c2,f679f4cf-c089-4a2b-9b84-b14129630601,07:00:00,MostlyCloudy,78.548,2.3,179,0.920,2025-08-18 12:06:27.764372,2025-07-23 10:50:16.691596,2025-08-18 12:06:27.772323
19542837,bf996092-8d66-408a-8d8e-5065ca3330c2,f679f4cf-c089-4a2b-9b84-b14129630601,12:00:00,MostlyCloudy,86.162,3.1,216,0.760,2025-08-18 12:06:27.764675,2025-07-23 10:50:16.691599,2025-08-18 12:06:27.772325
19542837,bf996092-8d66-408a-8d8e-5065ca3330c2,f679f4cf-c089-4a2b-9b84-b14129630601,16:00:00,MostlyCloudy,87.404,3.6,211,0.730,2025-08-18 12:06:27.764926,2025-07-23 10:50:16.6916,2025-08-18 12:06:27.772326
19637836,bf996092-8d66-408a-8d8e-5065ca3330c2,f679f4cf-c089-4a2b-9b84-b14129630601,07:00:00,Cloudy,80.042,5.1,263,0.860,2025-08-18 11:29:51.093884,2025-07-27 13:37:58.800629,2025-08-18 11:29:51.101781
19637836,bf996092-8d66-408a-8d8e-5065ca3330c2,f679f4cf-c089-4a2b-9b84-b14129630601,12:00:00,Cloudy,85.928,3.1,269,0.730,2025-08-18 11:29:51.094179,2025-07-27 13:37:58.800632,2025-08-18 11:29:51.101783
19637836,bf996092-8d66-408a-8d8e-5065ca3330c2,f679f4cf-c089-4a2b-9b84-b14129630601,16:00:00,Cloudy,87.044,4.8,168,0.720,2025-08-18 11:29:51.094412,2025-07-27 13:37:58.800633,2025-08-18 11:29:51.101784
19269906,bf996092-8d66-408a-8d8e-5065ca3330c2,f6ab14eb-1a66-4ea5-8a0f-0afbda444403,07:00:00,PartlyCloudy,82.364,2.5,346,0.870,2025-07-24 06:52:41.594033,2025-07-13 04:31:52.8537,2025-07-24 06:52:41.612389
19269906,bf996092-8d66-408a-8d8e-5065ca3330c2,f6ab14eb-1a66-4ea5-8a0f-0afbda444403,12:00:00,PartlyCloudy,91.616,4.2,296,0.650,2025-07-24 06:52:41.594361,2025-07-13 04:31:52.853703,2025-07-24 06:52:41.613968
19269906,bf996092-8d66-408a-8d8e-5065ca3330c2,f6ab14eb-1a66-4ea5-8a0f-0afbda444403,16:00:00,MostlyCloudy,93.272,5.7,280,0.600,2025-07-24 06:52:41.594592,2025-07-13 04:31:52.853704,2025-07-24 06:52:41.614882
19069581,bf996092-8d66-408a-8d8e-5065ca3330c2,f6ab14eb-1a66-4ea5-8a0f-0afbda444403,07:00:00,MostlyCloudy,79.772,4.0,131,0.940,2025-07-19 03:01:47.165618,2025-07-07 11:13:03.004515,2025-07-19 03:01:47.191425
19069581,bf996092-8d66-408a-8d8e-5065ca3330c2,f6ab14eb-1a66-4ea5-8a0f-0afbda444403,12:00:00,MostlyCloudy,87.296,7.0,137,0.770,2025-07-19 03:01:47.165906,2025-07-07 11:13:03.004518,2025-07-19 03:01:47.193879
19069581,bf996092-8d66-408a-8d8e-5065ca3330c2,f6ab14eb-1a66-4ea5-8a0f-0afbda444403,16:00:00,MostlyCloudy,89.852,5.7,138,0.700,2025-07-19 03:01:47.166144,2025-07-07 11:13:03.004519,2025-07-19 03:01:47.195193
20125491,bf996092-8d66-408a-8d8e-5065ca3330c2,f6ab14eb-1a66-4ea5-8a0f-0afbda444403,07:00:00,MostlyCloudy,79.502,6.9,103,0.930,2025-08-24 04:56:44.661599,2025-08-14 11:25:17.004774,2025-08-24 04:56:44.679343
20125491,bf996092-8d66-408a-8d8e-5065ca3330c2,f6ab14eb-1a66-4ea5-8a0f-0afbda444403,12:00:00,MostlyCloudy,88.034,10.3,114,0.720,2025-08-24 04:56:44.661907,2025-08-14 11:25:17.004777,2025-08-24 04:56:44.680356
20125491,bf996092-8d66-408a-8d8e-5065ca3330c2,f6ab14eb-1a66-4ea5-8a0f-0afbda444403,16:00:00,MostlyCloudy,87.926,8.7,118,0.700,2025-08-24 04:56:44.662135,2025-08-14 11:25:17.004778,2025-08-24 04:56:44.680358
20060295,bf996092-8d66-408a-8d8e-5065ca3330c2,f679f4cf-c089-4a2b-9b84-b14129630601,07:00:00,MostlyClear,80.6,4.8,88,0.910,2025-08-20 07:28:32.815451,2025-08-12 06:16:27.202103,2025-08-20 07:28:32.83988
20060295,bf996092-8d66-408a-8d8e-5065ca3330c2,f679f4cf-c089-4a2b-9b84-b14129630601,12:00:00,PartlyCloudy,89.024,6.9,111,0.690,2025-08-20 07:28:32.81581,2025-08-12 06:16:27.202105,2025-08-20 07:28:32.839882
20060295,bf996092-8d66-408a-8d8e-5065ca3330c2,f679f4cf-c089-4a2b-9b84-b14129630601,16:00:00,MostlyClear,90.842,4.6,89,0.660,2025-08-20 07:28:32.81609,2025-08-12 06:16:27.202106,2025-08-20 07:28:32.840802
19218302,bf996092-8d66-408a-8d8e-5065ca3330c2,f6ab14eb-1a66-4ea5-8a0f-0afbda444403,16:00:00,MostlyClear,93.434,8.5,257,0.570,2025-07-20 07:18:49.918617,2025-07-10 16:57:59.404174,2025-07-20 07:18:49.941732
19218302,bf996092-8d66-408a-8d8e-5065ca3330c2,f6ab14eb-1a66-4ea5-8a0f-0afbda444403,07:00:00,Clear,81.194,4.4,240,0.870,2025-07-20 07:18:49.918088,2025-07-10 16:57:59.404171,2025-07-20 07:18:49.938598
19218302,bf996092-8d66-408a-8d8e-5065ca3330c2,f6ab14eb-1a66-4ea5-8a0f-0afbda444403,12:00:00,MostlyClear,91.166,6.7,250,0.630,2025-07-20 07:18:49.918386,2025-07-10 16:57:59.404173,2025-07-20 07:18:49.940283
19069582,bf996092-8d66-408a-8d8e-5065ca3330c2,f6ab14eb-1a66-4ea5-8a0f-0afbda444403,07:00:00,Cloudy,80.168,5.4,70,0.890,2025-07-17 01:08:43.411969,2025-07-07 11:13:03.008982,2025-07-17 01:08:43.430253
19069582,bf996092-8d66-408a-8d8e-5065ca3330c2,f6ab14eb-1a66-4ea5-8a0f-0afbda444403,12:00:00,MostlyCloudy,86.666,7.5,77,0.750,2025-07-17 01:08:43.412266,2025-07-07 11:13:03.008985,2025-07-17 01:08:43.431079
19069582,bf996092-8d66-408a-8d8e-5065ca3330c2,f6ab14eb-1a66-4ea5-8a0f-0afbda444403,16:00:00,MostlyCloudy,88.088,9.1,62,0.690,2025-07-17 01:08:43.412499,2025-07-07 11:13:03.008986,2025-07-17 01:08:43.431081
19218302,bf996092-8d66-408a-8d8e-5065ca3330c2,f6ab14eb-1a66-4ea5-8a0f-0afbda444403,16:00:00,MostlyClear,93.434,8.5,257,0.570,2025-07-20 07:18:49.918617,2025-07-10 16:57:59.404174,2025-07-20 07:18:49.941732
19218302,bf996092-8d66-408a-8d8e-5065ca3330c2,f6ab14eb-1a66-4ea5-8a0f-0afbda444403,07:00:00,Clear,81.194,4.4,240,0.870,2025-07-20 07:18:49.918088,2025-07-10 16:57:59.404171,2025-07-20 07:18:49.938598
19218302,bf996092-8d66-408a-8d8e-5065ca3330c2,f6ab14eb-1a66-4ea5-8a0f-0afbda444403,12:00:00,MostlyClear,91.166,6.7,250,0.630,2025-07-20 07:18:49.918386,2025-07-10 16:57:59.404173,2025-07-20 07:18:49.940283
20060296,bf996092-8d66-408a-8d8e-5065ca3330c2,f679f4cf-c089-4a2b-9b84-b14129630601,07:00:00,PartlyCloudy,80.546,6.2,97,0.910,2025-08-26 12:03:07.787771,2025-08-12 06:16:27.205832,2025-08-26 12:03:07.807904
20060296,bf996092-8d66-408a-8d8e-5065ca3330c2,f679f4cf-c089-4a2b-9b84-b14129630601,12:00:00,PartlyCloudy,88.79,8.3,110,0.710,2025-08-26 12:03:07.788068,2025-08-12 06:16:27.205835,2025-08-26 12:03:07.807906
20060296,bf996092-8d66-408a-8d8e-5065ca3330c2,f679f4cf-c089-4a2b-9b84-b14129630601,16:00:00,PartlyCloudy,90.518,8.2,90,0.660,2025-08-26 12:03:07.7883,2025-08-12 06:16:27.205836,2025-08-26 12:03:07.807907
19542835,bf996092-8d66-408a-8d8e-5065ca3330c2,f679f4cf-c089-4a2b-9b84-b14129630601,07:00:00,MostlyCloudy,79.448,5.6,89,0.910,2025-08-18 06:40:46.84181,2025-07-23 10:50:16.6843,2025-08-18 06:40:46.84471
19542835,bf996092-8d66-408a-8d8e-5065ca3330c2,f679f4cf-c089-4a2b-9b84-b14129630601,12:00:00,MostlyCloudy,85.766,9.7,108,0.770,2025-08-18 06:40:46.842107,2025-07-23 10:50:16.684303,2025-08-18 06:40:46.844712
19542835,bf996092-8d66-408a-8d8e-5065ca3330c2,f679f4cf-c089-4a2b-9b84-b14129630601,16:00:00,MostlyCloudy,87.188,7.7,108,0.740,2025-08-18 06:40:46.842339,2025-07-23 10:50:16.684304,2025-08-18 06:40:46.845686
19574699,bf996092-8d66-408a-8d8e-5065ca3330c2,967e785d-d83c-490b-8d6a-2ed926c956ac,07:00:00,Cloudy,79.628,4.4,53,0.920,2025-07-31 06:22:17.460703,2025-07-24 05:06:26.90171,2025-07-31 06:22:17.477089
19574699,bf996092-8d66-408a-8d8e-5065ca3330c2,967e785d-d83c-490b-8d6a-2ed926c956ac,12:00:00,Cloudy,85.388,6.3,89,0.800,2025-07-31 06:22:17.461002,2025-07-24 05:06:26.901712,2025-07-31 06:22:17.478041
19574699,bf996092-8d66-408a-8d8e-5065ca3330c2,967e785d-d83c-490b-8d6a-2ed926c956ac,16:00:00,Cloudy,86.558,5.1,90,0.760,2025-07-31 06:22:17.461235,2025-07-24 05:06:26.901713,2025-07-31 06:22:17.478906
19269906,bf996092-8d66-408a-8d8e-5065ca3330c2,f6ab14eb-1a66-4ea5-8a0f-0afbda444403,07:00:00,PartlyCloudy,82.364,2.5,346,0.870,2025-07-24 06:52:41.594033,2025-07-13 04:31:52.8537,2025-07-24 06:52:41.612389
19269906,bf996092-8d66-408a-8d8e-5065ca3330c2,f6ab14eb-1a66-4ea5-8a0f-0afbda444403,12:00:00,PartlyCloudy,91.616,4.2,296,0.650,2025-07-24 06:52:41.594361,2025-07-13 04:31:52.853703,2025-07-24 06:52:41.613968
19269906,bf996092-8d66-408a-8d8e-5065ca3330c2,f6ab14eb-1a66-4ea5-8a0f-0afbda444403,16:00:00,MostlyCloudy,93.272,5.7,280,0.600,2025-07-24 06:52:41.594592,2025-07-13 04:31:52.853704,2025-07-24 06:52:41.614882
19812217,bf996092-8d66-408a-8d8e-5065ca3330c2,f6ab14eb-1a66-4ea5-8a0f-0afbda444403,07:00:00,Cloudy,81.392,3.7,228,0.920,2025-08-12 05:29:57.764898,2025-08-02 07:37:19.264043,2025-08-12 05:29:57.785657
19812217,bf996092-8d66-408a-8d8e-5065ca3330c2,f6ab14eb-1a66-4ea5-8a0f-0afbda444403,12:00:00,Cloudy,87.062,4.5,257,0.810,2025-08-12 05:29:57.765202,2025-08-02 07:37:19.264045,2025-08-12 05:29:57.786641
19812217,bf996092-8d66-408a-8d8e-5065ca3330c2,f6ab14eb-1a66-4ea5-8a0f-0afbda444403,16:00:00,Cloudy,87.296,2.8,290,0.790,2025-08-12 05:29:57.76544,2025-08-02 07:37:19.264046,2025-08-12 05:29:57.786643
19574699,bf996092-8d66-408a-8d8e-5065ca3330c2,967e785d-d83c-490b-8d6a-2ed926c956ac,07:00:00,Cloudy,79.628,4.4,53,0.920,2025-07-31 06:22:17.460703,2025-07-24 05:06:26.90171,2025-07-31 06:22:17.477089
19574699,bf996092-8d66-408a-8d8e-5065ca3330c2,967e785d-d83c-490b-8d6a-2ed926c956ac,12:00:00,Cloudy,85.388,6.3,89,0.800,2025-07-31 06:22:17.461002,2025-07-24 05:06:26.901712,2025-07-31 06:22:17.478041
19574699,bf996092-8d66-408a-8d8e-5065ca3330c2,967e785d-d83c-490b-8d6a-2ed926c956ac,16:00:00,Cloudy,86.558,5.1,90,0.760,2025-07-31 06:22:17.461235,2025-07-24 05:06:26.901713,2025-07-31 06:22:17.478906
20180446,bf996092-8d66-408a-8d8e-5065ca3330c2,f6ab14eb-1a66-4ea5-8a0f-0afbda444403,07:00:00,Cloudy,79.16,11.2,97,0.910,2025-08-26 06:58:15.361017,2025-08-16 06:39:25.275852,2025-08-26 06:58:15.379062
20180446,bf996092-8d66-408a-8d8e-5065ca3330c2,f6ab14eb-1a66-4ea5-8a0f-0afbda444403,12:00:00,MostlyCloudy,83.984,12.0,118,0.800,2025-08-26 06:58:15.361368,2025-08-16 06:39:25.275855,2025-08-26 06:58:15.380602
20180446,bf996092-8d66-408a-8d8e-5065ca3330c2,f6ab14eb-1a66-4ea5-8a0f-0afbda444403,16:00:00,Thunderstorms,85.856,7.8,143,0.780,2025-08-26 06:58:15.3616,2025-08-16 06:39:25.275856,2025-08-26 06:58:15.381599
19419112,bf996092-8d66-408a-8d8e-5065ca3330c2,f679f4cf-c089-4a2b-9b84-b14129630601,12:00:00,MostlyCloudy,89.708,3.2,160,0.700,2025-08-18 13:11:43.90171,2025-07-18 04:38:15.233698,2025-08-18 13:11:43.912494
19419112,bf996092-8d66-408a-8d8e-5065ca3330c2,f679f4cf-c089-4a2b-9b84-b14129630601,16:00:00,PartlyCloudy,93.29,2.2,120,0.620,2025-08-18 13:11:43.902119,2025-07-18 04:38:15.233699,2025-08-18 13:11:43.912496
19419112,bf996092-8d66-408a-8d8e-5065ca3330c2,f679f4cf-c089-4a2b-9b84-b14129630601,07:00:00,MostlyCloudy,81.158,4.7,110,0.890,2025-08-18 13:11:43.901164,2025-07-18 04:38:15.233695,2025-08-18 13:11:43.910586
19812214,bf996092-8d66-408a-8d8e-5065ca3330c2,f6ab14eb-1a66-4ea5-8a0f-0afbda444403,07:00:00,Rain,80.348,3.3,307,0.920,2025-08-09 05:37:05.565859,2025-08-02 07:37:19.249784,2025-08-09 05:37:05.583604
19812214,bf996092-8d66-408a-8d8e-5065ca3330c2,f6ab14eb-1a66-4ea5-8a0f-0afbda444403,12:00:00,Rain,85.064,3.3,292,0.830,2025-08-09 05:37:05.566156,2025-08-02 07:37:19.249787,2025-08-09 05:37:05.583606
19812214,bf996092-8d66-408a-8d8e-5065ca3330c2,f6ab14eb-1a66-4ea5-8a0f-0afbda444403,16:00:00,Cloudy,84.974,7.7,291,0.810,2025-08-09 05:37:05.566385,2025-08-02 07:37:19.249788,2025-08-09 05:37:05.58559
19812214,bf996092-8d66-408a-8d8e-5065ca3330c2,f6ab14eb-1a66-4ea5-8a0f-0afbda444403,07:00:00,Rain,80.348,3.3,307,0.920,2025-08-09 05:37:05.565859,2025-08-02 07:37:19.249784,2025-08-09 05:37:05.583604
19812214,bf996092-8d66-408a-8d8e-5065ca3330c2,f6ab14eb-1a66-4ea5-8a0f-0afbda444403,12:00:00,Rain,85.064,3.3,292,0.830,2025-08-09 05:37:05.566156,2025-08-02 07:37:19.249787,2025-08-09 05:37:05.583606
19812214,bf996092-8d66-408a-8d8e-5065ca3330c2,f6ab14eb-1a66-4ea5-8a0f-0afbda444403,16:00:00,Cloudy,84.974,7.7,291,0.810,2025-08-09 05:37:05.566385,2025-08-02 07:37:19.249788,2025-08-09 05:37:05.58559
19419110,bf996092-8d66-408a-8d8e-5065ca3330c2,f679f4cf-c089-4a2b-9b84-b14129630601,07:00:00,MostlyCloudy,80.456,5.0,278,0.880,2025-07-25 04:45:35.004716,2025-07-18 04:38:15.225092,2025-07-25 04:45:35.02122
19419110,bf996092-8d66-408a-8d8e-5065ca3330c2,f679f4cf-c089-4a2b-9b84-b14129630601,12:00:00,MostlyCloudy,89.726,5.9,310,0.700,2025-07-25 04:45:35.005005,2025-07-18 04:38:15.225095,2025-07-25 04:45:35.022443
19419110,bf996092-8d66-408a-8d8e-5065ca3330c2,f679f4cf-c089-4a2b-9b84-b14129630601,16:00:00,PartlyCloudy,92.498,6.3,322,0.630,2025-07-25 04:45:35.005231,2025-07-18 04:38:15.225096,2025-07-25 04:45:35.023509
19236241,bf996092-8d66-408a-8d8e-5065ca3330c2,f6ab14eb-1a66-4ea5-8a0f-0afbda444403,07:00:00,MostlyCloudy,82.292,4.8,266,0.860,2025-07-24 11:12:27.373547,2025-07-11 09:17:33.291348,2025-07-24 11:12:27.390835
19236241,bf996092-8d66-408a-8d8e-5065ca3330c2,f6ab14eb-1a66-4ea5-8a0f-0afbda444403,16:00:00,Cloudy,89.528,3.1,234,0.680,2025-07-24 11:12:27.374079,2025-07-11 09:17:33.291352,2025-07-24 11:12:27.392606
19236241,bf996092-8d66-408a-8d8e-5065ca3330c2,f6ab14eb-1a66-4ea5-8a0f-0afbda444403,12:00:00,MostlyCloudy,90.482,4.7,259,0.670,2025-07-24 11:12:27.373847,2025-07-11 09:17:33.291351,2025-07-24 11:12:27.391755
19389392,bf996092-8d66-408a-8d8e-5065ca3330c2,f6ab14eb-1a66-4ea5-8a0f-0afbda444403,07:00:00,MostlyCloudy,81.266,4.7,13,0.930,2025-07-29 12:54:09.473487,2025-07-17 04:25:07.770791,2025-07-29 12:54:09.495736
19389392,bf996092-8d66-408a-8d8e-5065ca3330c2,f6ab14eb-1a66-4ea5-8a0f-0afbda444403,12:00:00,MostlyCloudy,89.708,11.1,71,0.730,2025-07-29 12:54:09.473838,2025-07-17 04:25:07.770794,2025-07-29 12:54:09.497255
19389392,bf996092-8d66-408a-8d8e-5065ca3330c2,f6ab14eb-1a66-4ea5-8a0f-0afbda444403,16:00:00,PartlyCloudy,91.958,12.4,74,0.640,2025-07-29 12:54:09.474068,2025-07-17 04:25:07.770795,2025-07-29 12:54:09.498215
19389392,bf996092-8d66-408a-8d8e-5065ca3330c2,f6ab14eb-1a66-4ea5-8a0f-0afbda444403,07:00:00,MostlyCloudy,81.266,4.7,13,0.930,2025-07-29 12:54:09.473487,2025-07-17 04:25:07.770791,2025-07-29 12:54:09.495736
19389392,bf996092-8d66-408a-8d8e-5065ca3330c2,f6ab14eb-1a66-4ea5-8a0f-0afbda444403,12:00:00,MostlyCloudy,89.708,11.1,71,0.730,2025-07-29 12:54:09.473838,2025-07-17 04:25:07.770794,2025-07-29 12:54:09.497255
19389392,bf996092-8d66-408a-8d8e-5065ca3330c2,f6ab14eb-1a66-4ea5-8a0f-0afbda444403,16:00:00,PartlyCloudy,91.958,12.4,74,0.640,2025-07-29 12:54:09.474068,2025-07-17 04:25:07.770795,2025-07-29 12:54:09.498215
19389392,bf996092-8d66-408a-8d8e-5065ca3330c2,f6ab14eb-1a66-4ea5-8a0f-0afbda444403,07:00:00,MostlyCloudy,81.266,4.7,13,0.930,2025-07-29 12:54:09.473487,2025-07-17 04:25:07.770791,2025-07-29 12:54:09.495736
19389392,bf996092-8d66-408a-8d8e-5065ca3330c2,f6ab14eb-1a66-4ea5-8a0f-0afbda444403,12:00:00,MostlyCloudy,89.708,11.1,71,0.730,2025-07-29 12:54:09.473838,2025-07-17 04:25:07.770794,2025-07-29 12:54:09.497255
19389392,bf996092-8d66-408a-8d8e-5065ca3330c2,f6ab14eb-1a66-4ea5-8a0f-0afbda444403,16:00:00,PartlyCloudy,91.958,12.4,74,0.640,2025-07-29 12:54:09.474068,2025-07-17 04:25:07.770795,2025-07-29 12:54:09.498215
19362399,bf996092-8d66-408a-8d8e-5065ca3330c2,f6ab14eb-1a66-4ea5-8a0f-0afbda444403,07:00:00,MostlyCloudy,84.29,4.7,304,0.870,2025-07-29 10:57:45.254366,2025-07-16 11:39:35.304859,2025-07-29 10:57:45.28024
19362399,bf996092-8d66-408a-8d8e-5065ca3330c2,f6ab14eb-1a66-4ea5-8a0f-0afbda444403,12:00:00,PartlyCloudy,94.784,2.6,23,0.650,2025-07-29 10:57:45.254743,2025-07-16 11:39:35.304865,2025-07-29 10:57:45.281927
19362399,bf996092-8d66-408a-8d8e-5065ca3330c2,f6ab14eb-1a66-4ea5-8a0f-0afbda444403,16:00:00,MostlyCloudy,92.624,3.8,163,0.660,2025-07-29 10:57:45.255044,2025-07-16 11:39:35.304867,2025-07-29 10:57:45.281929
19236241,bf996092-8d66-408a-8d8e-5065ca3330c2,f6ab14eb-1a66-4ea5-8a0f-0afbda444403,07:00:00,MostlyCloudy,82.292,4.8,266,0.860,2025-07-24 11:12:27.373547,2025-07-11 09:17:33.291348,2025-07-24 11:12:27.390835
19236241,bf996092-8d66-408a-8d8e-5065ca3330c2,f6ab14eb-1a66-4ea5-8a0f-0afbda444403,16:00:00,Cloudy,89.528,3.1,234,0.680,2025-07-24 11:12:27.374079,2025-07-11 09:17:33.291352,2025-07-24 11:12:27.392606
19236241,bf996092-8d66-408a-8d8e-5065ca3330c2,f6ab14eb-1a66-4ea5-8a0f-0afbda444403,12:00:00,MostlyCloudy,90.482,4.7,259,0.670,2025-07-24 11:12:27.373847,2025-07-11 09:17:33.291351,2025-07-24 11:12:27.391755
19236241,bf996092-8d66-408a-8d8e-5065ca3330c2,f6ab14eb-1a66-4ea5-8a0f-0afbda444403,07:00:00,MostlyCloudy,82.292,4.8,266,0.860,2025-07-24 11:12:27.373547,2025-07-11 09:17:33.291348,2025-07-24 11:12:27.390835
19236241,bf996092-8d66-408a-8d8e-5065ca3330c2,f6ab14eb-1a66-4ea5-8a0f-0afbda444403,16:00:00,Cloudy,89.528,3.1,234,0.680,2025-07-24 11:12:27.374079,2025-07-11 09:17:33.291352,2025-07-24 11:12:27.392606
19236241,bf996092-8d66-408a-8d8e-5065ca3330c2,f6ab14eb-1a66-4ea5-8a0f-0afbda444403,12:00:00,MostlyCloudy,90.482,4.7,259,0.670,2025-07-24 11:12:27.373847,2025-07-11 09:17:33.291351,2025-07-24 11:12:27.391755
20193390,bf996092-8d66-408a-8d8e-5065ca3330c2,f679f4cf-c089-4a2b-9b84-b14129630601,07:00:00,MostlyCloudy,80.708,2.9,85,0.900,2025-08-26 14:06:33.948013,2025-08-18 09:50:48.806833,2025-08-26 14:06:33.969472
20193390,bf996092-8d66-408a-8d8e-5065ca3330c2,f679f4cf-c089-4a2b-9b84-b14129630601,12:00:00,MostlyCloudy,88.016,4.6,117,0.730,2025-08-26 14:06:33.948316,2025-08-18 09:50:48.806836,2025-08-26 14:06:33.969475
20193390,bf996092-8d66-408a-8d8e-5065ca3330c2,f679f4cf-c089-4a2b-9b84-b14129630601,16:00:00,Cloudy,89.312,3.7,94,0.680,2025-08-26 14:06:33.948589,2025-08-18 09:50:48.806837,2025-08-26 14:06:33.971791
20193390,bf996092-8d66-408a-8d8e-5065ca3330c2,f679f4cf-c089-4a2b-9b84-b14129630601,07:00:00,MostlyCloudy,80.708,2.9,85,0.900,2025-08-26 14:06:33.948013,2025-08-18 09:50:48.806833,2025-08-26 14:06:33.969472
20193390,bf996092-8d66-408a-8d8e-5065ca3330c2,f679f4cf-c089-4a2b-9b84-b14129630601,12:00:00,MostlyCloudy,88.016,4.6,117,0.730,2025-08-26 14:06:33.948316,2025-08-18 09:50:48.806836,2025-08-26 14:06:33.969475
20193390,bf996092-8d66-408a-8d8e-5065ca3330c2,f679f4cf-c089-4a2b-9b84-b14129630601,16:00:00,Cloudy,89.312,3.7,94,0.680,2025-08-26 14:06:33.948589,2025-08-18 09:50:48.806837,2025-08-26 14:06:33.971791
20193391,bf996092-8d66-408a-8d8e-5065ca3330c2,f679f4cf-c089-4a2b-9b84-b14129630601,07:00:00,Cloudy,79.844,4.1,83,0.910,2025-08-26 14:29:34.433346,2025-08-18 09:50:48.809753,2025-08-26 14:29:34.45519
20193391,bf996092-8d66-408a-8d8e-5065ca3330c2,f679f4cf-c089-4a2b-9b84-b14129630601,12:00:00,Thunderstorms,87.764,5.7,93,0.730,2025-08-26 14:29:34.433641,2025-08-18 09:50:48.809756,2025-08-26 14:29:34.455192
20193391,bf996092-8d66-408a-8d8e-5065ca3330c2,f679f4cf-c089-4a2b-9b84-b14129630601,16:00:00,Thunderstorms,86.036,5.0,75,0.720,2025-08-26 14:29:34.433873,2025-08-18 09:50:48.809757,2025-08-26 14:29:34.455192
20193391,bf996092-8d66-408a-8d8e-5065ca3330c2,f679f4cf-c089-4a2b-9b84-b14129630601,07:00:00,Cloudy,79.844,4.1,83,0.910,2025-08-26 14:29:34.433346,2025-08-18 09:50:48.809753,2025-08-26 14:29:34.45519
20193391,bf996092-8d66-408a-8d8e-5065ca3330c2,f679f4cf-c089-4a2b-9b84-b14129630601,12:00:00,Thunderstorms,87.764,5.7,93,0.730,2025-08-26 14:29:34.433641,2025-08-18 09:50:48.809756,2025-08-26 14:29:34.455192
20193391,bf996092-8d66-408a-8d8e-5065ca3330c2,f679f4cf-c089-4a2b-9b84-b14129630601,16:00:00,Thunderstorms,86.036,5.0,75,0.720,2025-08-26 14:29:34.433873,2025-08-18 09:50:48.809757,2025-08-26 14:29:34.455192
19037254,bf996092-8d66-408a-8d8e-5065ca3330c2,f6ab14eb-1a66-4ea5-8a0f-0afbda444403,07:00:00,MostlyCloudy,80.96,6.2,41,0.910,2025-07-13 05:06:01.239354,2025-07-03 12:48:55.157676,2025-07-13 05:06:01.261795
19037254,bf996092-8d66-408a-8d8e-5065ca3330c2,f6ab14eb-1a66-4ea5-8a0f-0afbda444403,12:00:00,MostlyCloudy,87.404,7.4,91,0.770,2025-07-13 05:06:01.239655,2025-07-03 12:48:55.15768,2025-07-13 05:06:01.261797
19037254,bf996092-8d66-408a-8d8e-5065ca3330c2,f6ab14eb-1a66-4ea5-8a0f-0afbda444403,16:00:00,MostlyCloudy,90.662,7.6,121,0.690,2025-07-13 05:06:01.239923,2025-07-03 12:48:55.157681,2025-07-13 05:06:01.264011
19608220,bf996092-8d66-408a-8d8e-5065ca3330c2,ada6015d-9fce-4f2c-b20f-fc9122d2face,07:00:00,MostlyCloudy,79.34,5.5,83,0.920,2025-07-30 12:09:53.57659,2025-07-25 12:04:32.396181,2025-07-30 12:09:53.598697
19608220,bf996092-8d66-408a-8d8e-5065ca3330c2,ada6015d-9fce-4f2c-b20f-fc9122d2face,12:00:00,MostlyCloudy,85.082,8.9,105,0.780,2025-07-30 12:09:53.576895,2025-07-25 12:04:32.396185,2025-07-30 12:09:53.600215
19608220,bf996092-8d66-408a-8d8e-5065ca3330c2,ada6015d-9fce-4f2c-b20f-fc9122d2face,16:00:00,MostlyCloudy,86.36,7.0,111,0.760,2025-07-30 12:09:53.577133,2025-07-25 12:04:32.396186,2025-07-30 12:09:53.60112
19812216,bf996092-8d66-408a-8d8e-5065ca3330c2,f6ab14eb-1a66-4ea5-8a0f-0afbda444403,07:00:00,MostlyCloudy,80.186,3.3,200,0.930,2025-08-11 11:21:30.838143,2025-08-02 07:37:19.259631,2025-08-11 11:21:30.853866
19812216,bf996092-8d66-408a-8d8e-5065ca3330c2,f6ab14eb-1a66-4ea5-8a0f-0afbda444403,12:00:00,MostlyCloudy,88.052,3.9,215,0.750,2025-08-11 11:21:30.838443,2025-08-02 07:37:19.259633,2025-08-11 11:21:30.854437
19812216,bf996092-8d66-408a-8d8e-5065ca3330c2,f6ab14eb-1a66-4ea5-8a0f-0afbda444403,16:00:00,MostlyCloudy,89.366,4.4,203,0.730,2025-08-11 11:21:30.838702,2025-08-02 07:37:19.259634,2025-08-11 11:21:30.854891
19700066,bf996092-8d66-408a-8d8e-5065ca3330c2,f6ab14eb-1a66-4ea5-8a0f-0afbda444403,12:00:00,MostlyCloudy,88.268,8.7,279,0.740,2025-08-08 03:53:48.229324,2025-07-29 04:28:52.586892,2025-08-08 03:53:48.247123
19700066,bf996092-8d66-408a-8d8e-5065ca3330c2,f6ab14eb-1a66-4ea5-8a0f-0afbda444403,16:00:00,MostlyCloudy,88.286,8.0,275,0.750,2025-08-08 03:53:48.229556,2025-07-29 04:28:52.586893,2025-08-08 03:53:48.249074
19700066,bf996092-8d66-408a-8d8e-5065ca3330c2,f6ab14eb-1a66-4ea5-8a0f-0afbda444403,07:00:00,MostlyCloudy,80.078,5.8,263,0.900,2025-08-08 03:53:48.229029,2025-07-29 04:28:52.586889,2025-08-08 03:53:48.247121
19812215,bf996092-8d66-408a-8d8e-5065ca3330c2,f6ab14eb-1a66-4ea5-8a0f-0afbda444403,07:00:00,Cloudy,78.674,5.0,171,0.940,2025-08-10 05:01:29.560382,2025-08-02 07:37:19.254764,2025-08-10 05:01:29.586097
19812215,bf996092-8d66-408a-8d8e-5065ca3330c2,f6ab14eb-1a66-4ea5-8a0f-0afbda444403,12:00:00,Cloudy,84.884,4.2,184,0.790,2025-08-10 05:01:29.560834,2025-08-02 07:37:19.254767,2025-08-10 05:01:29.586099
19812215,bf996092-8d66-408a-8d8e-5065ca3330c2,f6ab14eb-1a66-4ea5-8a0f-0afbda444403,16:00:00,MostlyCloudy,87.476,3.9,205,0.760,2025-08-10 05:01:29.561178,2025-08-02 07:37:19.254768,2025-08-10 05:01:29.5861
19812214,bf996092-8d66-408a-8d8e-5065ca3330c2,f6ab14eb-1a66-4ea5-8a0f-0afbda444403,07:00:00,Rain,80.348,3.3,307,0.920,2025-08-09 05:37:05.565859,2025-08-02 07:37:19.249784,2025-08-09 05:37:05.583604
19812214,bf996092-8d66-408a-8d8e-5065ca3330c2,f6ab14eb-1a66-4ea5-8a0f-0afbda444403,12:00:00,Rain,85.064,3.3,292,0.830,2025-08-09 05:37:05.566156,2025-08-02 07:37:19.249787,2025-08-09 05:37:05.583606
19812214,bf996092-8d66-408a-8d8e-5065ca3330c2,f6ab14eb-1a66-4ea5-8a0f-0afbda444403,16:00:00,Cloudy,84.974,7.7,291,0.810,2025-08-09 05:37:05.566385,2025-08-02 07:37:19.249788,2025-08-09 05:37:05.58559
20007785,bf996092-8d66-408a-8d8e-5065ca3330c2,f6ab14eb-1a66-4ea5-8a0f-0afbda444403,07:00:00,PartlyCloudy,81.554,8.8,88,0.890,2025-08-20 05:13:50.918495,2025-08-10 04:44:04.634408,2025-08-20 05:13:50.944218
20007785,bf996092-8d66-408a-8d8e-5065ca3330c2,f6ab14eb-1a66-4ea5-8a0f-0afbda444403,12:00:00,MostlyClear,89.312,11.0,100,0.700,2025-08-20 05:13:50.918842,2025-08-10 04:44:04.634411,2025-08-20 05:13:50.94422
20007785,bf996092-8d66-408a-8d8e-5065ca3330c2,f6ab14eb-1a66-4ea5-8a0f-0afbda444403,16:00:00,PartlyCloudy,89.96,9.7,97,0.680,2025-08-20 05:13:50.919119,2025-08-10 04:44:04.634412,2025-08-20 05:13:50.945522
19812217,bf996092-8d66-408a-8d8e-5065ca3330c2,f6ab14eb-1a66-4ea5-8a0f-0afbda444403,07:00:00,Cloudy,81.392,3.7,228,0.920,2025-08-12 05:29:57.764898,2025-08-02 07:37:19.264043,2025-08-12 05:29:57.785657
19812217,bf996092-8d66-408a-8d8e-5065ca3330c2,f6ab14eb-1a66-4ea5-8a0f-0afbda444403,12:00:00,Cloudy,87.062,4.5,257,0.810,2025-08-12 05:29:57.765202,2025-08-02 07:37:19.264045,2025-08-12 05:29:57.786641
19812217,bf996092-8d66-408a-8d8e-5065ca3330c2,f6ab14eb-1a66-4ea5-8a0f-0afbda444403,16:00:00,Cloudy,87.296,2.8,290,0.790,2025-08-12 05:29:57.76544,2025-08-02 07:37:19.264046,2025-08-12 05:29:57.786643
20060217,bf996092-8d66-408a-8d8e-5065ca3330c2,f6ab14eb-1a66-4ea5-8a0f-0afbda444403,16:00:00,PartlyCloudy,88.916,11.5,97,0.700,2025-08-22 07:41:07.569591,2025-08-12 05:29:44.001955,2025-08-22 07:41:07.58743
20060217,bf996092-8d66-408a-8d8e-5065ca3330c2,f6ab14eb-1a66-4ea5-8a0f-0afbda444403,07:00:00,PartlyCloudy,80.726,9.6,85,0.900,2025-08-22 07:41:07.569021,2025-08-12 05:29:44.001951,2025-08-22 07:41:07.585842
20060217,bf996092-8d66-408a-8d8e-5065ca3330c2,f6ab14eb-1a66-4ea5-8a0f-0afbda444403,12:00:00,MostlyCloudy,87.062,11.3,102,0.750,2025-08-22 07:41:07.569343,2025-08-12 05:29:44.001953,2025-08-22 07:41:07.586709
20060217,bf996092-8d66-408a-8d8e-5065ca3330c2,f6ab14eb-1a66-4ea5-8a0f-0afbda444403,16:00:00,PartlyCloudy,88.916,11.5,97,0.700,2025-08-22 07:41:07.569591,2025-08-12 05:29:44.001955,2025-08-22 07:41:07.58743
20060217,bf996092-8d66-408a-8d8e-5065ca3330c2,f6ab14eb-1a66-4ea5-8a0f-0afbda444403,07:00:00,PartlyCloudy,80.726,9.6,85,0.900,2025-08-22 07:41:07.569021,2025-08-12 05:29:44.001951,2025-08-22 07:41:07.585842
20060217,bf996092-8d66-408a-8d8e-5065ca3330c2,f6ab14eb-1a66-4ea5-8a0f-0afbda444403,12:00:00,MostlyCloudy,87.062,11.3,102,0.750,2025-08-22 07:41:07.569343,2025-08-12 05:29:44.001953,2025-08-22 07:41:07.586709
19700066,bf996092-8d66-408a-8d8e-5065ca3330c2,f6ab14eb-1a66-4ea5-8a0f-0afbda444403,12:00:00,MostlyCloudy,88.268,8.7,279,0.740,2025-08-08 03:53:48.229324,2025-07-29 04:28:52.586892,2025-08-08 03:53:48.247123
19700066,bf996092-8d66-408a-8d8e-5065ca3330c2,f6ab14eb-1a66-4ea5-8a0f-0afbda444403,16:00:00,MostlyCloudy,88.286,8.0,275,0.750,2025-08-08 03:53:48.229556,2025-07-29 04:28:52.586893,2025-08-08 03:53:48.249074
19700066,bf996092-8d66-408a-8d8e-5065ca3330c2,f6ab14eb-1a66-4ea5-8a0f-0afbda444403,07:00:00,MostlyCloudy,80.078,5.8,263,0.900,2025-08-08 03:53:48.229029,2025-07-29 04:28:52.586889,2025-08-08 03:53:48.247121
19700066,bf996092-8d66-408a-8d8e-5065ca3330c2,f6ab14eb-1a66-4ea5-8a0f-0afbda444403,12:00:00,MostlyCloudy,88.268,8.7,279,0.740,2025-08-08 03:53:48.229324,2025-07-29 04:28:52.586892,2025-08-08 03:53:48.247123
19700066,bf996092-8d66-408a-8d8e-5065ca3330c2,f6ab14eb-1a66-4ea5-8a0f-0afbda444403,16:00:00,MostlyCloudy,88.286,8.0,275,0.750,2025-08-08 03:53:48.229556,2025-07-29 04:28:52.586893,2025-08-08 03:53:48.249074
19700066,bf996092-8d66-408a-8d8e-5065ca3330c2,f6ab14eb-1a66-4ea5-8a0f-0afbda444403,07:00:00,MostlyCloudy,80.078,5.8,263,0.900,2025-08-08 03:53:48.229029,2025-07-29 04:28:52.586889,2025-08-08 03:53:48.247121
19575015,bf996092-8d66-408a-8d8e-5065ca3330c2,f6ab14eb-1a66-4ea5-8a0f-0afbda444403,07:00:00,MostlyCloudy,79.754,2.9,185,0.930,2025-08-03 06:49:29.310283,2025-07-24 06:45:32.322242,2025-08-03 06:49:29.330839
19575015,bf996092-8d66-408a-8d8e-5065ca3330c2,f6ab14eb-1a66-4ea5-8a0f-0afbda444403,12:00:00,MostlyCloudy,88.106,4.4,173,0.760,2025-08-03 06:49:29.310592,2025-07-24 06:45:32.322245,2025-08-03 06:49:29.331603
19575015,bf996092-8d66-408a-8d8e-5065ca3330c2,f6ab14eb-1a66-4ea5-8a0f-0afbda444403,16:00:00,MostlyCloudy,87.926,5.3,221,0.750,2025-08-03 06:49:29.310834,2025-07-24 06:45:32.322246,2025-08-03 06:49:29.331605
19645169,bf996092-8d66-408a-8d8e-5065ca3330c2,f6ab14eb-1a66-4ea5-8a0f-0afbda444403,07:00:00,Cloudy,80.024,3.0,265,0.940,2025-08-04 05:03:21.773516,2025-07-28 10:17:58.156337,2025-08-04 05:03:21.790834
19645169,bf996092-8d66-408a-8d8e-5065ca3330c2,f6ab14eb-1a66-4ea5-8a0f-0afbda444403,12:00:00,Cloudy,86.63,4.9,306,0.800,2025-08-04 05:03:21.77382,2025-07-28 10:17:58.15634,2025-08-04 05:03:21.790836
19645169,bf996092-8d66-408a-8d8e-5065ca3330c2,f6ab14eb-1a66-4ea5-8a0f-0afbda444403,16:00:00,Cloudy,86.45,4.6,293,0.790,2025-08-04 05:03:21.774056,2025-07-28 10:17:58.156341,2025-08-04 05:03:21.792434
19645170,bf996092-8d66-408a-8d8e-5065ca3330c2,f6ab14eb-1a66-4ea5-8a0f-0afbda444403,07:00:00,Thunderstorms,80.114,2.3,278,0.950,2025-08-04 06:25:33.460361,2025-07-28 10:17:58.161571,2025-08-04 06:25:33.476218
19645170,bf996092-8d66-408a-8d8e-5065ca3330c2,f6ab14eb-1a66-4ea5-8a0f-0afbda444403,12:00:00,Rain,82.958,3.5,256,0.870,2025-08-04 06:25:33.46065,2025-07-28 10:17:58.161573,2025-08-04 06:25:33.47622
19645170,bf996092-8d66-408a-8d8e-5065ca3330c2,f6ab14eb-1a66-4ea5-8a0f-0afbda444403,16:00:00,Drizzle,82.76,5.4,256,0.860,2025-08-04 06:25:33.460904,2025-07-28 10:17:58.161574,2025-08-04 06:25:33.47622
19700066,bf996092-8d66-408a-8d8e-5065ca3330c2,f6ab14eb-1a66-4ea5-8a0f-0afbda444403,12:00:00,MostlyCloudy,88.268,8.7,279,0.740,2025-08-08 03:53:48.229324,2025-07-29 04:28:52.586892,2025-08-08 03:53:48.247123
19700066,bf996092-8d66-408a-8d8e-5065ca3330c2,f6ab14eb-1a66-4ea5-8a0f-0afbda444403,16:00:00,MostlyCloudy,88.286,8.0,275,0.750,2025-08-08 03:53:48.229556,2025-07-29 04:28:52.586893,2025-08-08 03:53:48.249074
19700066,bf996092-8d66-408a-8d8e-5065ca3330c2,f6ab14eb-1a66-4ea5-8a0f-0afbda444403,07:00:00,MostlyCloudy,80.078,5.8,263,0.900,2025-08-08 03:53:48.229029,2025-07-29 04:28:52.586889,2025-08-08 03:53:48.247121
17503670,bf996092-8d66-408a-8d8e-5065ca3330c2,967e785d-d83c-490b-8d6a-2ed926c956ac,07:00:00,MostlyCloudy,75.236,4.0,170,0.770,2025-05-07 09:50:49.655256,2025-05-06 06:29:49.720232,2025-05-07 09:50:49.67794
17503670,bf996092-8d66-408a-8d8e-5065ca3330c2,967e785d-d83c-490b-8d6a-2ed926c956ac,12:00:00,MostlyCloudy,87.692,4.3,152,0.500,2025-05-07 09:50:49.655685,2025-05-06 06:29:49.720235,2025-05-07 09:50:49.677943
17503670,bf996092-8d66-408a-8d8e-5065ca3330c2,967e785d-d83c-490b-8d6a-2ed926c956ac,16:00:00,MostlyCloudy,90.482,8.0,165,0.440,2025-05-07 09:50:49.655979,2025-05-06 06:29:49.720236,2025-05-07 09:50:49.677944
19912947,bf996092-8d66-408a-8d8e-5065ca3330c2,f6ab14eb-1a66-4ea5-8a0f-0afbda444403,07:00:00,MostlyClear,80.546,4.3,80,0.920,2025-08-27 10:03:02.198884,2025-08-06 11:40:05.559736,2025-08-27 10:03:02.208068
19912947,bf996092-8d66-408a-8d8e-5065ca3330c2,f6ab14eb-1a66-4ea5-8a0f-0afbda444403,12:00:00,PartlyCloudy,90.5,6.8,106,0.680,2025-08-27 10:03:02.19918,2025-08-06 11:40:05.559739,2025-08-27 10:03:02.20807
19912947,bf996092-8d66-408a-8d8e-5065ca3330c2,f6ab14eb-1a66-4ea5-8a0f-0afbda444403,16:00:00,PartlyCloudy,90.878,5.3,76,0.660,2025-08-27 10:03:02.199413,2025-08-06 11:40:05.559741,2025-08-27 10:03:02.208071
20251717,bf996092-8d66-408a-8d8e-5065ca3330c2,f6ab14eb-1a66-4ea5-8a0f-0afbda444403,07:00:00,PartlyCloudy,80.6,3.1,112,0.910,2025-08-27 14:27:03.007413,2025-08-19 03:57:55.111408,2025-08-27 14:27:03.025915
20251717,bf996092-8d66-408a-8d8e-5065ca3330c2,f6ab14eb-1a66-4ea5-8a0f-0afbda444403,12:00:00,MostlyCloudy,89.636,7.7,105,0.700,2025-08-27 14:27:03.007724,2025-08-19 03:57:55.111411,2025-08-27 14:27:03.027468
20251717,bf996092-8d66-408a-8d8e-5065ca3330c2,f6ab14eb-1a66-4ea5-8a0f-0afbda444403,16:00:00,PartlyCloudy,91.22,5.1,109,0.660,2025-08-27 14:27:03.007959,2025-08-19 03:57:55.111412,2025-08-27 14:27:03.028277
19362398,bf996092-8d66-408a-8d8e-5065ca3330c2,f6ab14eb-1a66-4ea5-8a0f-0afbda444403,07:00:00,PartlyCloudy,82.526,4.7,291,0.880,2025-08-02 12:54:12.354017,2025-07-16 11:39:35.298783,2025-08-02 12:54:12.371683
19362398,bf996092-8d66-408a-8d8e-5065ca3330c2,f6ab14eb-1a66-4ea5-8a0f-0afbda444403,12:00:00,PartlyCloudy,91.346,4.5,266,0.690,2025-08-02 12:54:12.35434,2025-07-16 11:39:35.298788,2025-08-02 12:54:12.371685
19362398,bf996092-8d66-408a-8d8e-5065ca3330c2,f6ab14eb-1a66-4ea5-8a0f-0afbda444403,16:00:00,PartlyCloudy,93.974,5.2,264,0.600,2025-08-02 12:54:12.354575,2025-07-16 11:39:35.29879,2025-08-02 12:54:12.37408
20095150,bf996092-8d66-408a-8d8e-5065ca3330c2,f6ab14eb-1a66-4ea5-8a0f-0afbda444403,07:00:00,Cloudy,79.988,3.4,151,0.930,2025-08-24 04:31:04.398271,2025-08-13 09:57:51.180819,2025-08-24 04:31:04.418896
20095150,bf996092-8d66-408a-8d8e-5065ca3330c2,f6ab14eb-1a66-4ea5-8a0f-0afbda444403,12:00:00,MostlyCloudy,85.82,4.0,191,0.780,2025-08-24 04:31:04.398558,2025-08-13 09:57:51.180822,2025-08-24 04:31:04.418898
20095150,bf996092-8d66-408a-8d8e-5065ca3330c2,f6ab14eb-1a66-4ea5-8a0f-0afbda444403,16:00:00,MostlyCloudy,86.918,4.8,92,0.750,2025-08-24 04:31:04.398788,2025-08-13 09:57:51.180823,2025-08-24 04:31:04.418898
20180445,bf996092-8d66-408a-8d8e-5065ca3330c2,f6ab14eb-1a66-4ea5-8a0f-0afbda444403,07:00:00,MostlyCloudy,80.078,8.6,84,0.910,2025-08-25 06:48:40.956714,2025-08-16 06:39:25.272073,2025-08-25 06:48:40.972644
20180445,bf996092-8d66-408a-8d8e-5065ca3330c2,f6ab14eb-1a66-4ea5-8a0f-0afbda444403,12:00:00,Thunderstorms,86.756,13.0,97,0.750,2025-08-25 06:48:40.956992,2025-08-16 06:39:25.272076,2025-08-25 06:48:40.973211
20180445,bf996092-8d66-408a-8d8e-5065ca3330c2,f6ab14eb-1a66-4ea5-8a0f-0afbda444403,16:00:00,Thunderstorms,86.558,11.0,95,0.730,2025-08-25 06:48:40.957219,2025-08-16 06:39:25.272077,2025-08-25 06:48:40.973629
18049977,bf996092-8d66-408a-8d8e-5065ca3330c2,ada6015d-9fce-4f2c-b20f-fc9122d2face,07:00:00,Clear,84.506,4.0,124,0.770,2025-05-29 08:48:32.643135,2025-05-28 04:52:13.137435,2025-05-29 08:48:32.664281
18049977,bf996092-8d66-408a-8d8e-5065ca3330c2,ada6015d-9fce-4f2c-b20f-fc9122d2face,12:00:00,MostlyClear,94.892,3.0,119,0.540,2025-05-29 08:48:32.643509,2025-05-28 04:52:13.137439,2025-05-29 08:48:32.664283
18049977,bf996092-8d66-408a-8d8e-5065ca3330c2,ada6015d-9fce-4f2c-b20f-fc9122d2face,16:00:00,MostlyClear,98.348,4.0,31,0.460,2025-05-29 08:48:32.643813,2025-05-28 04:52:13.13744,2025-05-29 08:48:32.664283
18914368,bf996092-8d66-408a-8d8e-5065ca3330c2,f6ab14eb-1a66-4ea5-8a0f-0afbda444403,07:00:00,Thunderstorms,80.114,3.7,94,0.910,2025-07-10 17:05:24.388994,2025-06-30 10:05:08.80506,2025-07-10 17:05:24.408895
18914368,bf996092-8d66-408a-8d8e-5065ca3330c2,f6ab14eb-1a66-4ea5-8a0f-0afbda444403,12:00:00,Thunderstorms,82.346,8.0,126,0.820,2025-07-10 17:05:24.389286,2025-06-30 10:05:08.805062,2025-07-10 17:05:24.408897
18914368,bf996092-8d66-408a-8d8e-5065ca3330c2,f6ab14eb-1a66-4ea5-8a0f-0afbda444403,16:00:00,Cloudy,85.406,5.4,114,0.730,2025-07-10 17:05:24.389516,2025-06-30 10:05:08.805063,2025-07-10 17:05:24.411132
18914368,bf996092-8d66-408a-8d8e-5065ca3330c2,f6ab14eb-1a66-4ea5-8a0f-0afbda444403,07:00:00,Thunderstorms,80.114,3.7,94,0.910,2025-07-10 17:05:24.388994,2025-06-30 10:05:08.80506,2025-07-10 17:05:24.408895
18914368,bf996092-8d66-408a-8d8e-5065ca3330c2,f6ab14eb-1a66-4ea5-8a0f-0afbda444403,12:00:00,Thunderstorms,82.346,8.0,126,0.820,2025-07-10 17:05:24.389286,2025-06-30 10:05:08.805062,2025-07-10 17:05:24.408897
18914368,bf996092-8d66-408a-8d8e-5065ca3330c2,f6ab14eb-1a66-4ea5-8a0f-0afbda444403,16:00:00,Cloudy,85.406,5.4,114,0.730,2025-07-10 17:05:24.389516,2025-06-30 10:05:08.805063,2025-07-10 17:05:24.411132
18791666,bf996092-8d66-408a-8d8e-5065ca3330c2,f679f4cf-c089-4a2b-9b84-b14129630601,07:00:00,Cloudy,78.566,4.4,92,0.920,2025-07-06 04:39:35.857736,2025-06-24 07:04:06.261801,2025-07-06 04:39:35.881048
18791666,bf996092-8d66-408a-8d8e-5065ca3330c2,f679f4cf-c089-4a2b-9b84-b14129630601,12:00:00,PartlyCloudy,86.576,6.1,99,0.740,2025-07-06 04:39:35.858097,2025-06-24 07:04:06.261804,2025-07-06 04:39:35.88105
18791666,bf996092-8d66-408a-8d8e-5065ca3330c2,f679f4cf-c089-4a2b-9b84-b14129630601,16:00:00,PartlyCloudy,88.898,6.8,111,0.680,2025-07-06 04:39:35.858343,2025-06-24 07:04:06.261805,2025-07-06 04:39:35.88105
18669955,bf996092-8d66-408a-8d8e-5065ca3330c2,f6ab14eb-1a66-4ea5-8a0f-0afbda444403,07:00:00,MostlyClear,82.688,9.6,97,0.850,2025-06-27 04:59:32.866749,2025-06-19 09:27:22.257463,2025-06-27 04:59:32.885682
18669955,bf996092-8d66-408a-8d8e-5065ca3330c2,f6ab14eb-1a66-4ea5-8a0f-0afbda444403,12:00:00,PartlyCloudy,91.616,12.0,104,0.640,2025-06-27 04:59:32.867046,2025-06-19 09:27:22.257466,2025-06-27 04:59:32.887115
18669955,bf996092-8d66-408a-8d8e-5065ca3330c2,f6ab14eb-1a66-4ea5-8a0f-0afbda444403,16:00:00,PartlyCloudy,94.334,11.2,95,0.580,2025-06-27 04:59:32.867276,2025-06-19 09:27:22.257467,2025-06-27 04:59:32.888376
18914368,bf996092-8d66-408a-8d8e-5065ca3330c2,f6ab14eb-1a66-4ea5-8a0f-0afbda444403,07:00:00,Thunderstorms,80.114,3.7,94,0.910,2025-07-10 17:05:24.388994,2025-06-30 10:05:08.80506,2025-07-10 17:05:24.408895
18914368,bf996092-8d66-408a-8d8e-5065ca3330c2,f6ab14eb-1a66-4ea5-8a0f-0afbda444403,12:00:00,Thunderstorms,82.346,8.0,126,0.820,2025-07-10 17:05:24.389286,2025-06-30 10:05:08.805062,2025-07-10 17:05:24.408897
18914368,bf996092-8d66-408a-8d8e-5065ca3330c2,f6ab14eb-1a66-4ea5-8a0f-0afbda444403,16:00:00,Cloudy,85.406,5.4,114,0.730,2025-07-10 17:05:24.389516,2025-06-30 10:05:08.805063,2025-07-10 17:05:24.411132
18669955,bf996092-8d66-408a-8d8e-5065ca3330c2,f6ab14eb-1a66-4ea5-8a0f-0afbda444403,07:00:00,MostlyClear,82.688,9.6,97,0.850,2025-06-27 04:59:32.866749,2025-06-19 09:27:22.257463,2025-06-27 04:59:32.885682
18669955,bf996092-8d66-408a-8d8e-5065ca3330c2,f6ab14eb-1a66-4ea5-8a0f-0afbda444403,12:00:00,PartlyCloudy,91.616,12.0,104,0.640,2025-06-27 04:59:32.867046,2025-06-19 09:27:22.257466,2025-06-27 04:59:32.887115
18669955,bf996092-8d66-408a-8d8e-5065ca3330c2,f6ab14eb-1a66-4ea5-8a0f-0afbda444403,16:00:00,PartlyCloudy,94.334,11.2,95,0.580,2025-06-27 04:59:32.867276,2025-06-19 09:27:22.257467,2025-06-27 04:59:32.888376
20251717,bf996092-8d66-408a-8d8e-5065ca3330c2,f6ab14eb-1a66-4ea5-8a0f-0afbda444403,07:00:00,PartlyCloudy,80.6,3.1,112,0.910,2025-08-27 14:27:03.007413,2025-08-19 03:57:55.111408,2025-08-27 14:27:03.025915
20251717,bf996092-8d66-408a-8d8e-5065ca3330c2,f6ab14eb-1a66-4ea5-8a0f-0afbda444403,12:00:00,MostlyCloudy,89.636,7.7,105,0.700,2025-08-27 14:27:03.007724,2025-08-19 03:57:55.111411,2025-08-27 14:27:03.027468
20251717,bf996092-8d66-408a-8d8e-5065ca3330c2,f6ab14eb-1a66-4ea5-8a0f-0afbda444403,16:00:00,PartlyCloudy,91.22,5.1,109,0.660,2025-08-27 14:27:03.007959,2025-08-19 03:57:55.111412,2025-08-27 14:27:03.028277
18642947,bf996092-8d66-408a-8d8e-5065ca3330c2,ada6015d-9fce-4f2c-b20f-fc9122d2face,07:00:00,PartlyCloudy,82.724,3.5,111,0.870,2025-06-24 06:16:17.499479,2025-06-18 11:49:07.231629,2025-06-24 06:16:17.595489
18642947,bf996092-8d66-408a-8d8e-5065ca3330c2,ada6015d-9fce-4f2c-b20f-fc9122d2face,12:00:00,MostlyCloudy,91.094,3.1,77,0.680,2025-06-24 06:16:17.499997,2025-06-18 11:49:07.231633,2025-06-24 06:16:17.595493
18642947,bf996092-8d66-408a-8d8e-5065ca3330c2,ada6015d-9fce-4f2c-b20f-fc9122d2face,16:00:00,PartlyCloudy,93.56,4.5,81,0.610,2025-06-24 06:16:17.50052,2025-06-18 11:49:07.231635,2025-06-24 06:16:17.595493
19912947,bf996092-8d66-408a-8d8e-5065ca3330c2,f6ab14eb-1a66-4ea5-8a0f-0afbda444403,07:00:00,MostlyClear,80.546,4.3,80,0.920,2025-08-27 10:03:02.198884,2025-08-06 11:40:05.559736,2025-08-27 10:03:02.208068
19912947,bf996092-8d66-408a-8d8e-5065ca3330c2,f6ab14eb-1a66-4ea5-8a0f-0afbda444403,12:00:00,PartlyCloudy,90.5,6.8,106,0.680,2025-08-27 10:03:02.19918,2025-08-06 11:40:05.559739,2025-08-27 10:03:02.20807
19912947,bf996092-8d66-408a-8d8e-5065ca3330c2,f6ab14eb-1a66-4ea5-8a0f-0afbda444403,16:00:00,PartlyCloudy,90.878,5.3,76,0.660,2025-08-27 10:03:02.199413,2025-08-06 11:40:05.559741,2025-08-27 10:03:02.208071
18668825,bf996092-8d66-408a-8d8e-5065ca3330c2,f679f4cf-c089-4a2b-9b84-b14129630601,07:00:00,MostlyCloudy,81.752,3.1,73,0.870,2025-06-30 05:09:42.450399,2025-06-19 04:44:02.48901,2025-06-30 05:09:42.480254
18668825,bf996092-8d66-408a-8d8e-5065ca3330c2,f679f4cf-c089-4a2b-9b84-b14129630601,12:00:00,MostlyCloudy,90.284,4.4,99,0.670,2025-06-30 05:09:42.450921,2025-06-19 04:44:02.489013,2025-06-30 05:09:42.480256
18668825,bf996092-8d66-408a-8d8e-5065ca3330c2,f679f4cf-c089-4a2b-9b84-b14129630601,16:00:00,Cloudy,91.238,3.8,125,0.640,2025-06-30 05:09:42.451364,2025-06-19 04:44:02.489013,2025-06-30 05:09:42.482381
19069580,bf996092-8d66-408a-8d8e-5065ca3330c2,f6ab14eb-1a66-4ea5-8a0f-0afbda444403,07:00:00,Cloudy,79.376,8.2,113,0.930,2025-07-17 09:49:01.799192,2025-07-07 11:13:02.999658,2025-07-17 09:49:01.832613
19069580,bf996092-8d66-408a-8d8e-5065ca3330c2,f6ab14eb-1a66-4ea5-8a0f-0afbda444403,12:00:00,PartlyCloudy,89.06,8.3,139,0.740,2025-07-17 09:49:01.799535,2025-07-07 11:13:02.999661,2025-07-17 09:49:01.832616
19069580,bf996092-8d66-408a-8d8e-5065ca3330c2,f6ab14eb-1a66-4ea5-8a0f-0afbda444403,16:00:00,PartlyCloudy,90.572,7.5,140,0.680,2025-07-17 09:49:01.79987,2025-07-07 11:13:02.999662,2025-07-17 09:49:01.835614
19057106,bf996092-8d66-408a-8d8e-5065ca3330c2,f6ab14eb-1a66-4ea5-8a0f-0afbda444403,07:00:00,Cloudy,80.204,5.9,89,0.930,2025-07-14 06:41:36.340831,2025-07-04 08:47:14.663019,2025-07-14 06:41:36.358793
19057106,bf996092-8d66-408a-8d8e-5065ca3330c2,f6ab14eb-1a66-4ea5-8a0f-0afbda444403,12:00:00,Cloudy,87.62,8.9,113,0.760,2025-07-14 06:41:36.341127,2025-07-04 08:47:14.663022,2025-07-14 06:41:36.358795
19057106,bf996092-8d66-408a-8d8e-5065ca3330c2,f6ab14eb-1a66-4ea5-8a0f-0afbda444403,16:00:00,Cloudy,89.312,6.8,126,0.730,2025-07-14 06:41:36.341361,2025-07-04 08:47:14.663023,2025-07-14 06:41:36.36061
18914368,bf996092-8d66-408a-8d8e-5065ca3330c2,f6ab14eb-1a66-4ea5-8a0f-0afbda444403,07:00:00,Thunderstorms,80.114,3.7,94,0.910,2025-07-10 17:05:24.388994,2025-06-30 10:05:08.80506,2025-07-10 17:05:24.408895
18914368,bf996092-8d66-408a-8d8e-5065ca3330c2,f6ab14eb-1a66-4ea5-8a0f-0afbda444403,12:00:00,Thunderstorms,82.346,8.0,126,0.820,2025-07-10 17:05:24.389286,2025-06-30 10:05:08.805062,2025-07-10 17:05:24.408897
18914368,bf996092-8d66-408a-8d8e-5065ca3330c2,f6ab14eb-1a66-4ea5-8a0f-0afbda444403,16:00:00,Cloudy,85.406,5.4,114,0.730,2025-07-10 17:05:24.389516,2025-06-30 10:05:08.805063,2025-07-10 17:05:24.411132
18668820,bf996092-8d66-408a-8d8e-5065ca3330c2,f679f4cf-c089-4a2b-9b84-b14129630601,07:00:00,PartlyCloudy,81.86,3.4,89,0.880,2025-06-24 09:36:09.33462,2025-06-19 04:44:02.470994,2025-06-24 09:36:09.355197
18668820,bf996092-8d66-408a-8d8e-5065ca3330c2,f679f4cf-c089-4a2b-9b84-b14129630601,12:00:00,PartlyCloudy,91.112,3.3,86,0.690,2025-06-24 09:36:09.33496,2025-06-19 04:44:02.470997,2025-06-24 09:36:09.356179
18668820,bf996092-8d66-408a-8d8e-5065ca3330c2,f679f4cf-c089-4a2b-9b84-b14129630601,16:00:00,MostlyCloudy,92.318,5.7,86,0.650,2025-06-24 09:36:09.335188,2025-06-19 04:44:02.470998,2025-06-24 09:36:09.356181
19645169,bf996092-8d66-408a-8d8e-5065ca3330c2,f6ab14eb-1a66-4ea5-8a0f-0afbda444403,07:00:00,Cloudy,80.024,3.0,265,0.940,2025-08-04 05:03:21.773516,2025-07-28 10:17:58.156337,2025-08-04 05:03:21.790834
19645169,bf996092-8d66-408a-8d8e-5065ca3330c2,f6ab14eb-1a66-4ea5-8a0f-0afbda444403,12:00:00,Cloudy,86.63,4.9,306,0.800,2025-08-04 05:03:21.77382,2025-07-28 10:17:58.15634,2025-08-04 05:03:21.790836
19645169,bf996092-8d66-408a-8d8e-5065ca3330c2,f6ab14eb-1a66-4ea5-8a0f-0afbda444403,16:00:00,Cloudy,86.45,4.6,293,0.790,2025-08-04 05:03:21.774056,2025-07-28 10:17:58.156341,2025-08-04 05:03:21.792434
19645169,bf996092-8d66-408a-8d8e-5065ca3330c2,f6ab14eb-1a66-4ea5-8a0f-0afbda444403,07:00:00,Cloudy,80.024,3.0,265,0.940,2025-08-04 05:03:21.773516,2025-07-28 10:17:58.156337,2025-08-04 05:03:21.790834
19645169,bf996092-8d66-408a-8d8e-5065ca3330c2,f6ab14eb-1a66-4ea5-8a0f-0afbda444403,12:00:00,Cloudy,86.63,4.9,306,0.800,2025-08-04 05:03:21.77382,2025-07-28 10:17:58.15634,2025-08-04 05:03:21.790836
19645169,bf996092-8d66-408a-8d8e-5065ca3330c2,f6ab14eb-1a66-4ea5-8a0f-0afbda444403,16:00:00,Cloudy,86.45,4.6,293,0.790,2025-08-04 05:03:21.774056,2025-07-28 10:17:58.156341,2025-08-04 05:03:21.792434
19277302,bf996092-8d66-408a-8d8e-5065ca3330c2,f6ab14eb-1a66-4ea5-8a0f-0afbda444403,07:00:00,PartlyCloudy,82.706,3.5,252,0.880,2025-07-24 07:01:30.282795,2025-07-14 06:36:52.331172,2025-07-24 07:01:30.305633
19277302,bf996092-8d66-408a-8d8e-5065ca3330c2,f6ab14eb-1a66-4ea5-8a0f-0afbda444403,12:00:00,Rain,90.428,5.0,276,0.700,2025-07-24 07:01:30.283093,2025-07-14 06:36:52.331175,2025-07-24 07:01:30.305635
19277302,bf996092-8d66-408a-8d8e-5065ca3330c2,f6ab14eb-1a66-4ea5-8a0f-0afbda444403,16:00:00,MostlyCloudy,92.012,6.2,291,0.650,2025-07-24 07:01:30.28333,2025-07-14 06:36:52.331176,2025-07-24 07:01:30.305635
18720614,bf996092-8d66-408a-8d8e-5065ca3330c2,f6ab14eb-1a66-4ea5-8a0f-0afbda444403,07:00:00,Cloudy,80.528,2.5,145,0.930,2025-07-02 12:07:47.18001,2025-06-21 08:31:08.367904,2025-07-02 12:07:47.197953
18720614,bf996092-8d66-408a-8d8e-5065ca3330c2,f6ab14eb-1a66-4ea5-8a0f-0afbda444403,12:00:00,Cloudy,87.35,3.2,148,0.780,2025-07-02 12:07:47.180319,2025-06-21 08:31:08.367907,2025-07-02 12:07:47.197955
18720614,bf996092-8d66-408a-8d8e-5065ca3330c2,f6ab14eb-1a66-4ea5-8a0f-0afbda444403,16:00:00,Cloudy,86.072,5.1,87,0.790,2025-07-02 12:07:47.180564,2025-06-21 08:31:08.367907,2025-07-02 12:07:47.197956
17349576,bf996092-8d66-408a-8d8e-5065ca3330c2,ada6015d-9fce-4f2c-b20f-fc9122d2face,07:00:00,MostlyCloudy,75.632,5.7,91,0.770,2025-05-07 08:07:16.263353,2025-04-30 10:44:30.777477,2025-05-07 08:07:16.291087
17349576,bf996092-8d66-408a-8d8e-5065ca3330c2,ada6015d-9fce-4f2c-b20f-fc9122d2face,12:00:00,PartlyCloudy,87.278,7.8,103,0.550,2025-05-07 08:07:16.263994,2025-04-30 10:44:30.77748,2025-05-07 08:07:16.293243
17349576,bf996092-8d66-408a-8d8e-5065ca3330c2,ada6015d-9fce-4f2c-b20f-fc9122d2face,16:00:00,PartlyCloudy,90.878,5.4,94,0.500,2025-05-07 08:07:16.264496,2025-04-30 10:44:30.777481,2025-05-07 08:07:16.29483
19269905,bf996092-8d66-408a-8d8e-5065ca3330c2,f6ab14eb-1a66-4ea5-8a0f-0afbda444403,07:00:00,Cloudy,81.644,3.4,102,0.900,2025-07-22 02:57:14.092763,2025-07-13 04:31:52.848246,2025-07-22 02:57:14.110922
19269905,bf996092-8d66-408a-8d8e-5065ca3330c2,f6ab14eb-1a66-4ea5-8a0f-0afbda444403,12:00:00,Cloudy,88.97,3.7,26,0.730,2025-07-22 02:57:14.093058,2025-07-13 04:31:52.848249,2025-07-22 02:57:14.112337
19269905,bf996092-8d66-408a-8d8e-5065ca3330c2,f6ab14eb-1a66-4ea5-8a0f-0afbda444403,16:00:00,MostlyCloudy,90.698,5.0,7,0.650,2025-07-22 02:57:14.093294,2025-07-13 04:31:52.84825,2025-07-22 02:57:14.113605
18791668,bf996092-8d66-408a-8d8e-5065ca3330c2,f679f4cf-c089-4a2b-9b84-b14129630601,07:00:00,MostlyCloudy,79.682,5.2,90,0.890,2025-07-06 04:49:36.120411,2025-06-24 07:04:06.271618,2025-07-06 04:49:36.14376
18791668,bf996092-8d66-408a-8d8e-5065ca3330c2,f679f4cf-c089-4a2b-9b84-b14129630601,12:00:00,MostlyCloudy,87.26,8.1,111,0.730,2025-07-06 04:49:36.120697,2025-06-24 07:04:06.271621,2025-07-06 04:49:36.145199
18791668,bf996092-8d66-408a-8d8e-5065ca3330c2,f679f4cf-c089-4a2b-9b84-b14129630601,16:00:00,MostlyCloudy,89.024,6.1,113,0.690,2025-07-06 04:49:36.120925,2025-06-24 07:04:06.271622,2025-07-06 04:49:36.145201
19608219,bf996092-8d66-408a-8d8e-5065ca3330c2,ada6015d-9fce-4f2c-b20f-fc9122d2face,07:00:00,Cloudy,80.96,2.7,110,0.890,2025-07-29 12:19:12.084435,2025-07-25 12:04:32.391963,2025-07-29 12:19:12.101218
19608219,bf996092-8d66-408a-8d8e-5065ca3330c2,ada6015d-9fce-4f2c-b20f-fc9122d2face,12:00:00,Cloudy,84.65,3.5,83,0.800,2025-07-29 12:19:12.08473,2025-07-25 12:04:32.391967,2025-07-29 12:19:12.101969
19608219,bf996092-8d66-408a-8d8e-5065ca3330c2,ada6015d-9fce-4f2c-b20f-fc9122d2face,16:00:00,Cloudy,85.604,7.1,81,0.770,2025-07-29 12:19:12.084965,2025-07-25 12:04:32.391969,2025-07-29 12:19:12.101971
19236241,bf996092-8d66-408a-8d8e-5065ca3330c2,f6ab14eb-1a66-4ea5-8a0f-0afbda444403,07:00:00,MostlyCloudy,82.292,4.8,266,0.860,2025-07-24 11:12:27.373547,2025-07-11 09:17:33.291348,2025-07-24 11:12:27.390835
19236241,bf996092-8d66-408a-8d8e-5065ca3330c2,f6ab14eb-1a66-4ea5-8a0f-0afbda444403,16:00:00,Cloudy,89.528,3.1,234,0.680,2025-07-24 11:12:27.374079,2025-07-11 09:17:33.291352,2025-07-24 11:12:27.392606
19236241,bf996092-8d66-408a-8d8e-5065ca3330c2,f6ab14eb-1a66-4ea5-8a0f-0afbda444403,12:00:00,MostlyCloudy,90.482,4.7,259,0.670,2025-07-24 11:12:27.373847,2025-07-11 09:17:33.291351,2025-07-24 11:12:27.391755
18883693,bf996092-8d66-408a-8d8e-5065ca3330c2,f6ab14eb-1a66-4ea5-8a0f-0afbda444403,07:00:00,PartlyCloudy,82.112,3.4,111,0.890,2025-07-07 12:30:20.012616,2025-06-27 04:48:47.124654,2025-07-07 12:30:20.045659
18883693,bf996092-8d66-408a-8d8e-5065ca3330c2,f6ab14eb-1a66-4ea5-8a0f-0afbda444403,12:00:00,MostlyCloudy,91.148,4.8,115,0.680,2025-07-07 12:30:20.01308,2025-06-27 04:48:47.124656,2025-07-07 12:30:20.045662
18883693,bf996092-8d66-408a-8d8e-5065ca3330c2,f6ab14eb-1a66-4ea5-8a0f-0afbda444403,16:00:00,PartlyCloudy,92.66,5.9,73,0.650,2025-07-07 12:30:20.01337,2025-06-27 04:48:47.124657,2025-07-07 12:30:20.045663
17349574,bf996092-8d66-408a-8d8e-5065ca3330c2,ada6015d-9fce-4f2c-b20f-fc9122d2face,07:00:00,MostlyCloudy,75.002,7.6,97,0.720,2025-05-05 09:34:12.063121,2025-04-30 10:44:30.770004,2025-05-05 09:34:12.085552
17349574,bf996092-8d66-408a-8d8e-5065ca3330c2,ada6015d-9fce-4f2c-b20f-fc9122d2face,12:00:00,MostlyCloudy,88.88,8.4,121,0.500,2025-05-05 09:34:12.063502,2025-04-30 10:44:30.770007,2025-05-05 09:34:12.085555
17349574,bf996092-8d66-408a-8d8e-5065ca3330c2,ada6015d-9fce-4f2c-b20f-fc9122d2face,16:00:00,PartlyCloudy,92.642,5.9,66,0.410,2025-05-05 09:34:12.063799,2025-04-30 10:44:30.770008,2025-05-05 09:34:12.087679
17349574,bf996092-8d66-408a-8d8e-5065ca3330c2,ada6015d-9fce-4f2c-b20f-fc9122d2face,07:00:00,MostlyCloudy,75.002,7.6,97,0.720,2025-05-05 09:34:12.063121,2025-04-30 10:44:30.770004,2025-05-05 09:34:12.085552
17349574,bf996092-8d66-408a-8d8e-5065ca3330c2,ada6015d-9fce-4f2c-b20f-fc9122d2face,12:00:00,MostlyCloudy,88.88,8.4,121,0.500,2025-05-05 09:34:12.063502,2025-04-30 10:44:30.770007,2025-05-05 09:34:12.085555
17349574,bf996092-8d66-408a-8d8e-5065ca3330c2,ada6015d-9fce-4f2c-b20f-fc9122d2face,16:00:00,PartlyCloudy,92.642,5.9,66,0.410,2025-05-05 09:34:12.063799,2025-04-30 10:44:30.770008,2025-05-05 09:34:12.087679
17349574,bf996092-8d66-408a-8d8e-5065ca3330c2,ada6015d-9fce-4f2c-b20f-fc9122d2face,07:00:00,MostlyCloudy,75.002,7.6,97,0.720,2025-05-05 09:34:12.063121,2025-04-30 10:44:30.770004,2025-05-05 09:34:12.085552
17349574,bf996092-8d66-408a-8d8e-5065ca3330c2,ada6015d-9fce-4f2c-b20f-fc9122d2face,12:00:00,MostlyCloudy,88.88,8.4,121,0.500,2025-05-05 09:34:12.063502,2025-04-30 10:44:30.770007,2025-05-05 09:34:12.085555
17349574,bf996092-8d66-408a-8d8e-5065ca3330c2,ada6015d-9fce-4f2c-b20f-fc9122d2face,16:00:00,PartlyCloudy,92.642,5.9,66,0.410,2025-05-05 09:34:12.063799,2025-04-30 10:44:30.770008,2025-05-05 09:34:12.087679
17349574,bf996092-8d66-408a-8d8e-5065ca3330c2,ada6015d-9fce-4f2c-b20f-fc9122d2face,07:00:00,MostlyCloudy,75.002,7.6,97,0.720,2025-05-05 09:34:12.063121,2025-04-30 10:44:30.770004,2025-05-05 09:34:12.085552
17349574,bf996092-8d66-408a-8d8e-5065ca3330c2,ada6015d-9fce-4f2c-b20f-fc9122d2face,12:00:00,MostlyCloudy,88.88,8.4,121,0.500,2025-05-05 09:34:12.063502,2025-04-30 10:44:30.770007,2025-05-05 09:34:12.085555
17349574,bf996092-8d66-408a-8d8e-5065ca3330c2,ada6015d-9fce-4f2c-b20f-fc9122d2face,16:00:00,PartlyCloudy,92.642,5.9,66,0.410,2025-05-05 09:34:12.063799,2025-04-30 10:44:30.770008,2025-05-05 09:34:12.087679
17349574,bf996092-8d66-408a-8d8e-5065ca3330c2,ada6015d-9fce-4f2c-b20f-fc9122d2face,07:00:00,MostlyCloudy,75.002,7.6,97,0.720,2025-05-05 09:34:12.063121,2025-04-30 10:44:30.770004,2025-05-05 09:34:12.085552
17349574,bf996092-8d66-408a-8d8e-5065ca3330c2,ada6015d-9fce-4f2c-b20f-fc9122d2face,12:00:00,MostlyCloudy,88.88,8.4,121,0.500,2025-05-05 09:34:12.063502,2025-04-30 10:44:30.770007,2025-05-05 09:34:12.085555
17349574,bf996092-8d66-408a-8d8e-5065ca3330c2,ada6015d-9fce-4f2c-b20f-fc9122d2face,16:00:00,PartlyCloudy,92.642,5.9,66,0.410,2025-05-05 09:34:12.063799,2025-04-30 10:44:30.770008,2025-05-05 09:34:12.087679
17349574,bf996092-8d66-408a-8d8e-5065ca3330c2,ada6015d-9fce-4f2c-b20f-fc9122d2face,07:00:00,MostlyCloudy,75.002,7.6,97,0.720,2025-05-05 09:34:12.063121,2025-04-30 10:44:30.770004,2025-05-05 09:34:12.085552
17349574,bf996092-8d66-408a-8d8e-5065ca3330c2,ada6015d-9fce-4f2c-b20f-fc9122d2face,12:00:00,MostlyCloudy,88.88,8.4,121,0.500,2025-05-05 09:34:12.063502,2025-04-30 10:44:30.770007,2025-05-05 09:34:12.085555
17349574,bf996092-8d66-408a-8d8e-5065ca3330c2,ada6015d-9fce-4f2c-b20f-fc9122d2face,16:00:00,PartlyCloudy,92.642,5.9,66,0.410,2025-05-05 09:34:12.063799,2025-04-30 10:44:30.770008,2025-05-05 09:34:12.087679
19419106,bf996092-8d66-408a-8d8e-5065ca3330c2,f679f4cf-c089-4a2b-9b84-b14129630601,07:00:00,PartlyCloudy,80.906,3.2,220,0.870,2025-07-23 12:23:40.122601,2025-07-18 04:38:15.208043,2025-07-23 12:23:40.144339
19419106,bf996092-8d66-408a-8d8e-5065ca3330c2,f679f4cf-c089-4a2b-9b84-b14129630601,12:00:00,MostlyCloudy,89.87,3.8,207,0.640,2025-07-23 12:23:40.122904,2025-07-18 04:38:15.208046,2025-07-23 12:23:40.144342
19419106,bf996092-8d66-408a-8d8e-5065ca3330c2,f679f4cf-c089-4a2b-9b84-b14129630601,16:00:00,Cloudy,92.21,5.4,185,0.580,2025-07-23 12:23:40.123136,2025-07-18 04:38:15.208047,2025-07-23 12:23:40.145865
19419106,bf996092-8d66-408a-8d8e-5065ca3330c2,f679f4cf-c089-4a2b-9b84-b14129630601,07:00:00,PartlyCloudy,80.906,3.2,220,0.870,2025-07-23 12:23:40.122601,2025-07-18 04:38:15.208043,2025-07-23 12:23:40.144339
19419106,bf996092-8d66-408a-8d8e-5065ca3330c2,f679f4cf-c089-4a2b-9b84-b14129630601,12:00:00,MostlyCloudy,89.87,3.8,207,0.640,2025-07-23 12:23:40.122904,2025-07-18 04:38:15.208046,2025-07-23 12:23:40.144342
19419106,bf996092-8d66-408a-8d8e-5065ca3330c2,f679f4cf-c089-4a2b-9b84-b14129630601,16:00:00,Cloudy,92.21,5.4,185,0.580,2025-07-23 12:23:40.123136,2025-07-18 04:38:15.208047,2025-07-23 12:23:40.145865
17349574,bf996092-8d66-408a-8d8e-5065ca3330c2,ada6015d-9fce-4f2c-b20f-fc9122d2face,07:00:00,MostlyCloudy,75.002,7.6,97,0.720,2025-05-05 09:34:12.063121,2025-04-30 10:44:30.770004,2025-05-05 09:34:12.085552
17349574,bf996092-8d66-408a-8d8e-5065ca3330c2,ada6015d-9fce-4f2c-b20f-fc9122d2face,12:00:00,MostlyCloudy,88.88,8.4,121,0.500,2025-05-05 09:34:12.063502,2025-04-30 10:44:30.770007,2025-05-05 09:34:12.085555
17349574,bf996092-8d66-408a-8d8e-5065ca3330c2,ada6015d-9fce-4f2c-b20f-fc9122d2face,16:00:00,PartlyCloudy,92.642,5.9,66,0.410,2025-05-05 09:34:12.063799,2025-04-30 10:44:30.770008,2025-05-05 09:34:12.087679
18725699,bf996092-8d66-408a-8d8e-5065ca3330c2,f679f4cf-c089-4a2b-9b84-b14129630601,12:00:00,Thunderstorms,81.626,4.2,210,0.830,2025-07-25 05:33:03.55668,2025-06-22 04:30:33.845192,2025-07-25 05:33:03.560321
18725699,bf996092-8d66-408a-8d8e-5065ca3330c2,f679f4cf-c089-4a2b-9b84-b14129630601,16:00:00,Cloudy,82.724,4.8,69,0.770,2025-07-25 05:33:03.556961,2025-06-22 04:30:33.845193,2025-07-25 05:33:03.561352
18725699,bf996092-8d66-408a-8d8e-5065ca3330c2,f679f4cf-c089-4a2b-9b84-b14129630601,07:00:00,Thunderstorms,78.404,4.4,85,0.920,2025-07-25 05:33:03.556319,2025-06-22 04:30:33.845189,2025-07-25 05:33:03.560319
17349574,bf996092-8d66-408a-8d8e-5065ca3330c2,ada6015d-9fce-4f2c-b20f-fc9122d2face,07:00:00,MostlyCloudy,75.002,7.6,97,0.720,2025-05-05 09:34:12.063121,2025-04-30 10:44:30.770004,2025-05-05 09:34:12.085552
17349574,bf996092-8d66-408a-8d8e-5065ca3330c2,ada6015d-9fce-4f2c-b20f-fc9122d2face,12:00:00,MostlyCloudy,88.88,8.4,121,0.500,2025-05-05 09:34:12.063502,2025-04-30 10:44:30.770007,2025-05-05 09:34:12.085555
17349574,bf996092-8d66-408a-8d8e-5065ca3330c2,ada6015d-9fce-4f2c-b20f-fc9122d2face,16:00:00,PartlyCloudy,92.642,5.9,66,0.410,2025-05-05 09:34:12.063799,2025-04-30 10:44:30.770008,2025-05-05 09:34:12.087679
19419113,bf996092-8d66-408a-8d8e-5065ca3330c2,f679f4cf-c089-4a2b-9b84-b14129630601,12:00:00,MostlyCloudy,89.816,6.6,111,0.660,2025-07-28 10:09:17.353515,2025-07-18 04:38:15.237947,2025-07-28 10:09:17.370353
19419113,bf996092-8d66-408a-8d8e-5065ca3330c2,f679f4cf-c089-4a2b-9b84-b14129630601,16:00:00,MostlyCloudy,92.912,5.9,88,0.590,2025-07-28 10:09:17.35375,2025-07-18 04:38:15.237948,2025-07-28 10:09:17.370354
19419113,bf996092-8d66-408a-8d8e-5065ca3330c2,f679f4cf-c089-4a2b-9b84-b14129630601,07:00:00,PartlyCloudy,82.31,4.5,94,0.850,2025-07-28 10:09:17.353219,2025-07-18 04:38:15.237944,2025-07-28 10:09:17.370351
19063902,bf996092-8d66-408a-8d8e-5065ca3330c2,f679f4cf-c089-4a2b-9b84-b14129630601,07:00:00,Cloudy,78.944,8.8,88,0.920,2025-07-29 06:15:31.256204,2025-07-06 04:39:30.440573,2025-07-29 06:15:31.263327
19063902,bf996092-8d66-408a-8d8e-5065ca3330c2,f679f4cf-c089-4a2b-9b84-b14129630601,12:00:00,Cloudy,85.442,12.9,109,0.780,2025-07-29 06:15:31.256503,2025-07-06 04:39:30.440576,2025-07-29 06:15:31.263329
19063902,bf996092-8d66-408a-8d8e-5065ca3330c2,f679f4cf-c089-4a2b-9b84-b14129630601,16:00:00,Cloudy,88.718,11.4,108,0.700,2025-07-29 06:15:31.256738,2025-07-06 04:39:30.440577,2025-07-29 06:15:31.263329
19446028,bf996092-8d66-408a-8d8e-5065ca3330c2,f6ab14eb-1a66-4ea5-8a0f-0afbda444403,07:00:00,Cloudy,80.978,3.4,136,0.920,2025-07-29 12:16:38.679819,2025-07-19 02:42:45.417395,2025-07-29 12:16:38.695494
19446028,bf996092-8d66-408a-8d8e-5065ca3330c2,f6ab14eb-1a66-4ea5-8a0f-0afbda444403,12:00:00,Cloudy,86.09,5.7,102,0.800,2025-07-29 12:16:38.680105,2025-07-19 02:42:45.417398,2025-07-29 12:16:38.695495
19446028,bf996092-8d66-408a-8d8e-5065ca3330c2,f6ab14eb-1a66-4ea5-8a0f-0afbda444403,16:00:00,Cloudy,85.424,7.0,96,0.810,2025-07-29 12:16:38.680331,2025-07-19 02:42:45.417399,2025-07-29 12:16:38.696348
18911329,bf996092-8d66-408a-8d8e-5065ca3330c2,f679f4cf-c089-4a2b-9b84-b14129630601,07:00:00,Thunderstorms,79.25,3.6,96,0.910,2025-07-23 11:15:35.918655,2025-06-29 04:47:01.857183,2025-07-23 11:15:35.925607
18911329,bf996092-8d66-408a-8d8e-5065ca3330c2,f679f4cf-c089-4a2b-9b84-b14129630601,12:00:00,Thunderstorms,85.388,3.2,293,0.780,2025-07-23 11:15:35.918939,2025-06-29 04:47:01.857185,2025-07-23 11:15:35.9272
18911329,bf996092-8d66-408a-8d8e-5065ca3330c2,f679f4cf-c089-4a2b-9b84-b14129630601,16:00:00,Cloudy,88.322,2.6,5,0.710,2025-07-23 11:15:35.919167,2025-06-29 04:47:01.857186,2025-07-23 11:15:35.928038
19269905,bf996092-8d66-408a-8d8e-5065ca3330c2,f6ab14eb-1a66-4ea5-8a0f-0afbda444403,07:00:00,Cloudy,81.644,3.4,102,0.900,2025-07-22 02:57:14.092763,2025-07-13 04:31:52.848246,2025-07-22 02:57:14.110922
19269905,bf996092-8d66-408a-8d8e-5065ca3330c2,f6ab14eb-1a66-4ea5-8a0f-0afbda444403,12:00:00,Cloudy,88.97,3.7,26,0.730,2025-07-22 02:57:14.093058,2025-07-13 04:31:52.848249,2025-07-22 02:57:14.112337
19269905,bf996092-8d66-408a-8d8e-5065ca3330c2,f6ab14eb-1a66-4ea5-8a0f-0afbda444403,16:00:00,MostlyCloudy,90.698,5.0,7,0.650,2025-07-22 02:57:14.093294,2025-07-13 04:31:52.84825,2025-07-22 02:57:14.113605
19269905,bf996092-8d66-408a-8d8e-5065ca3330c2,f6ab14eb-1a66-4ea5-8a0f-0afbda444403,07:00:00,Cloudy,81.644,3.4,102,0.900,2025-07-22 02:57:14.092763,2025-07-13 04:31:52.848246,2025-07-22 02:57:14.110922
19269905,bf996092-8d66-408a-8d8e-5065ca3330c2,f6ab14eb-1a66-4ea5-8a0f-0afbda444403,12:00:00,Cloudy,88.97,3.7,26,0.730,2025-07-22 02:57:14.093058,2025-07-13 04:31:52.848249,2025-07-22 02:57:14.112337
19269905,bf996092-8d66-408a-8d8e-5065ca3330c2,f6ab14eb-1a66-4ea5-8a0f-0afbda444403,16:00:00,MostlyCloudy,90.698,5.0,7,0.650,2025-07-22 02:57:14.093294,2025-07-13 04:31:52.84825,2025-07-22 02:57:14.113605
19269905,bf996092-8d66-408a-8d8e-5065ca3330c2,f6ab14eb-1a66-4ea5-8a0f-0afbda444403,07:00:00,Cloudy,81.644,3.4,102,0.900,2025-07-22 02:57:14.092763,2025-07-13 04:31:52.848246,2025-07-22 02:57:14.110922
19269905,bf996092-8d66-408a-8d8e-5065ca3330c2,f6ab14eb-1a66-4ea5-8a0f-0afbda444403,12:00:00,Cloudy,88.97,3.7,26,0.730,2025-07-22 02:57:14.093058,2025-07-13 04:31:52.848249,2025-07-22 02:57:14.112337
19269905,bf996092-8d66-408a-8d8e-5065ca3330c2,f6ab14eb-1a66-4ea5-8a0f-0afbda444403,16:00:00,MostlyCloudy,90.698,5.0,7,0.650,2025-07-22 02:57:14.093294,2025-07-13 04:31:52.84825,2025-07-22 02:57:14.113605
18911328,bf996092-8d66-408a-8d8e-5065ca3330c2,f679f4cf-c089-4a2b-9b84-b14129630601,07:00:00,PartlyCloudy,81.464,3.3,212,0.900,2025-07-07 12:44:43.799645,2025-06-29 04:47:01.853444,2025-07-07 12:44:43.821161
18911328,bf996092-8d66-408a-8d8e-5065ca3330c2,f679f4cf-c089-4a2b-9b84-b14129630601,12:00:00,PartlyCloudy,89.276,2.9,48,0.720,2025-07-07 12:44:43.80015,2025-06-29 04:47:01.853446,2025-07-07 12:44:43.821163
18911328,bf996092-8d66-408a-8d8e-5065ca3330c2,f679f4cf-c089-4a2b-9b84-b14129630601,16:00:00,PartlyCloudy,90.428,2.7,95,0.680,2025-07-07 12:44:43.80054,2025-06-29 04:47:01.853447,2025-07-07 12:44:43.821163
19419109,bf996092-8d66-408a-8d8e-5065ca3330c2,f679f4cf-c089-4a2b-9b84-b14129630601,07:00:00,MostlyCloudy,80.186,1.6,112,0.920,2025-07-25 12:03:06.616426,2025-07-18 04:38:15.22089,2025-07-25 12:03:06.637637
19419109,bf996092-8d66-408a-8d8e-5065ca3330c2,f679f4cf-c089-4a2b-9b84-b14129630601,12:00:00,Cloudy,84.668,3.5,222,0.800,2025-07-25 12:03:06.616718,2025-07-18 04:38:15.220892,2025-07-25 12:03:06.638803
19419109,bf996092-8d66-408a-8d8e-5065ca3330c2,f679f4cf-c089-4a2b-9b84-b14129630601,16:00:00,Cloudy,87.638,4.2,278,0.750,2025-07-25 12:03:06.616949,2025-07-18 04:38:15.220893,2025-07-25 12:03:06.638804
18913495,bf996092-8d66-408a-8d8e-5065ca3330c2,f679f4cf-c089-4a2b-9b84-b14129630601,07:00:00,Cloudy,81.14,5.0,305,0.850,2025-07-23 11:53:25.269703,2025-06-30 04:48:23.643399,2025-07-23 11:53:25.278157
18913495,bf996092-8d66-408a-8d8e-5065ca3330c2,f679f4cf-c089-4a2b-9b84-b14129630601,12:00:00,Cloudy,87.386,5.1,303,0.710,2025-07-23 11:53:25.270024,2025-06-30 04:48:23.643401,2025-07-23 11:53:25.278159
18913495,bf996092-8d66-408a-8d8e-5065ca3330c2,f679f4cf-c089-4a2b-9b84-b14129630601,16:00:00,Cloudy,89.816,6.1,75,0.650,2025-07-23 11:53:25.270278,2025-06-30 04:48:23.643402,2025-07-23 11:53:25.279982
19419105,bf996092-8d66-408a-8d8e-5065ca3330c2,f679f4cf-c089-4a2b-9b84-b14129630601,07:00:00,PartlyCloudy,79.268,8.9,121,0.880,2025-07-23 12:15:53.113686,2025-07-18 04:38:15.203721,2025-07-23 12:15:53.13323
19419105,bf996092-8d66-408a-8d8e-5065ca3330c2,f679f4cf-c089-4a2b-9b84-b14129630601,12:00:00,PartlyCloudy,88.016,9.3,142,0.680,2025-07-23 12:15:53.113984,2025-07-18 04:38:15.203724,2025-07-23 12:15:53.133233
19419105,bf996092-8d66-408a-8d8e-5065ca3330c2,f679f4cf-c089-4a2b-9b84-b14129630601,16:00:00,PartlyCloudy,90.878,7.9,166,0.600,2025-07-23 12:15:53.114232,2025-07-18 04:38:15.203725,2025-07-23 12:15:53.133234
19645172,bf996092-8d66-408a-8d8e-5065ca3330c2,f6ab14eb-1a66-4ea5-8a0f-0afbda444403,07:00:00,Cloudy,78.314,5.7,212,0.930,2025-08-06 09:48:15.425267,2025-07-28 10:17:58.171853,2025-08-06 09:48:15.440709
19645172,bf996092-8d66-408a-8d8e-5065ca3330c2,f6ab14eb-1a66-4ea5-8a0f-0afbda444403,12:00:00,MostlyCloudy,84.524,4.7,243,0.800,2025-08-06 09:48:15.425564,2025-07-28 10:17:58.171856,2025-08-06 09:48:15.440711
19645172,bf996092-8d66-408a-8d8e-5065ca3330c2,f6ab14eb-1a66-4ea5-8a0f-0afbda444403,16:00:00,MostlyCloudy,85.838,1.8,182,0.760,2025-08-06 09:48:15.425798,2025-07-28 10:17:58.171857,2025-08-06 09:48:15.440711
19453078,bf996092-8d66-408a-8d8e-5065ca3330c2,f6ab14eb-1a66-4ea5-8a0f-0afbda444403,07:00:00,Rain,79.592,5.7,83,0.940,2025-08-03 04:12:36.9129,2025-07-20 05:26:03.536213,2025-08-03 04:12:36.934716
19453078,bf996092-8d66-408a-8d8e-5065ca3330c2,f6ab14eb-1a66-4ea5-8a0f-0afbda444403,12:00:00,Cloudy,83.48,5.6,88,0.830,2025-08-03 04:12:36.913194,2025-07-20 05:26:03.536216,2025-08-03 04:12:36.935877
19453078,bf996092-8d66-408a-8d8e-5065ca3330c2,f6ab14eb-1a66-4ea5-8a0f-0afbda444403,16:00:00,Cloudy,85.586,7.4,96,0.790,2025-08-03 04:12:36.913429,2025-07-20 05:26:03.536217,2025-08-03 04:12:36.935878
19362399,bf996092-8d66-408a-8d8e-5065ca3330c2,f6ab14eb-1a66-4ea5-8a0f-0afbda444403,07:00:00,MostlyCloudy,84.29,4.7,304,0.870,2025-07-29 10:57:45.254366,2025-07-16 11:39:35.304859,2025-07-29 10:57:45.28024
19362399,bf996092-8d66-408a-8d8e-5065ca3330c2,f6ab14eb-1a66-4ea5-8a0f-0afbda444403,12:00:00,PartlyCloudy,94.784,2.6,23,0.650,2025-07-29 10:57:45.254743,2025-07-16 11:39:35.304865,2025-07-29 10:57:45.281927
19362399,bf996092-8d66-408a-8d8e-5065ca3330c2,f6ab14eb-1a66-4ea5-8a0f-0afbda444403,16:00:00,MostlyCloudy,92.624,3.8,163,0.660,2025-07-29 10:57:45.255044,2025-07-16 11:39:35.304867,2025-07-29 10:57:45.281929
19420929,bf996092-8d66-408a-8d8e-5065ca3330c2,f6ab14eb-1a66-4ea5-8a0f-0afbda444403,07:00:00,MostlyCloudy,81.896,10.8,94,0.850,2025-08-03 03:29:09.493233,2025-07-18 11:20:52.512749,2025-08-03 03:29:09.513989
19420929,bf996092-8d66-408a-8d8e-5065ca3330c2,f6ab14eb-1a66-4ea5-8a0f-0afbda444403,12:00:00,MostlyCloudy,87.89,11.2,116,0.720,2025-08-03 03:29:09.493534,2025-07-18 11:20:52.512752,2025-08-03 03:29:09.515815
19420929,bf996092-8d66-408a-8d8e-5065ca3330c2,f6ab14eb-1a66-4ea5-8a0f-0afbda444403,16:00:00,Drizzle,89.87,7.8,122,0.680,2025-08-03 03:29:09.493798,2025-07-18 11:20:52.512753,2025-08-03 03:29:09.515816
19389392,bf996092-8d66-408a-8d8e-5065ca3330c2,f6ab14eb-1a66-4ea5-8a0f-0afbda444403,07:00:00,MostlyCloudy,81.266,4.7,13,0.930,2025-07-29 12:54:09.473487,2025-07-17 04:25:07.770791,2025-07-29 12:54:09.495736
19389392,bf996092-8d66-408a-8d8e-5065ca3330c2,f6ab14eb-1a66-4ea5-8a0f-0afbda444403,12:00:00,MostlyCloudy,89.708,11.1,71,0.730,2025-07-29 12:54:09.473838,2025-07-17 04:25:07.770794,2025-07-29 12:54:09.497255
19389392,bf996092-8d66-408a-8d8e-5065ca3330c2,f6ab14eb-1a66-4ea5-8a0f-0afbda444403,16:00:00,PartlyCloudy,91.958,12.4,74,0.640,2025-07-29 12:54:09.474068,2025-07-17 04:25:07.770795,2025-07-29 12:54:09.498215
19419110,bf996092-8d66-408a-8d8e-5065ca3330c2,f679f4cf-c089-4a2b-9b84-b14129630601,07:00:00,MostlyCloudy,80.456,5.0,278,0.880,2025-07-25 04:45:35.004716,2025-07-18 04:38:15.225092,2025-07-25 04:45:35.02122
19419110,bf996092-8d66-408a-8d8e-5065ca3330c2,f679f4cf-c089-4a2b-9b84-b14129630601,12:00:00,MostlyCloudy,89.726,5.9,310,0.700,2025-07-25 04:45:35.005005,2025-07-18 04:38:15.225095,2025-07-25 04:45:35.022443
19419110,bf996092-8d66-408a-8d8e-5065ca3330c2,f679f4cf-c089-4a2b-9b84-b14129630601,16:00:00,PartlyCloudy,92.498,6.3,322,0.630,2025-07-25 04:45:35.005231,2025-07-18 04:38:15.225096,2025-07-25 04:45:35.023509
19419110,bf996092-8d66-408a-8d8e-5065ca3330c2,f679f4cf-c089-4a2b-9b84-b14129630601,07:00:00,MostlyCloudy,80.456,5.0,278,0.880,2025-07-25 04:45:35.004716,2025-07-18 04:38:15.225092,2025-07-25 04:45:35.02122
19419110,bf996092-8d66-408a-8d8e-5065ca3330c2,f679f4cf-c089-4a2b-9b84-b14129630601,12:00:00,MostlyCloudy,89.726,5.9,310,0.700,2025-07-25 04:45:35.005005,2025-07-18 04:38:15.225095,2025-07-25 04:45:35.022443
19419110,bf996092-8d66-408a-8d8e-5065ca3330c2,f679f4cf-c089-4a2b-9b84-b14129630601,16:00:00,PartlyCloudy,92.498,6.3,322,0.630,2025-07-25 04:45:35.005231,2025-07-18 04:38:15.225096,2025-07-25 04:45:35.023509
19419111,bf996092-8d66-408a-8d8e-5065ca3330c2,f679f4cf-c089-4a2b-9b84-b14129630601,12:00:00,PartlyCloudy,92.084,8.3,310,0.650,2025-07-29 12:59:57.288962,2025-07-18 04:38:15.229275,2025-07-29 12:59:57.309047
19419111,bf996092-8d66-408a-8d8e-5065ca3330c2,f679f4cf-c089-4a2b-9b84-b14129630601,16:00:00,PartlyCloudy,94.064,7.5,326,0.600,2025-07-29 12:59:57.289196,2025-07-18 04:38:15.229276,2025-07-29 12:59:57.310017
19419111,bf996092-8d66-408a-8d8e-5065ca3330c2,f679f4cf-c089-4a2b-9b84-b14129630601,07:00:00,PartlyCloudy,82.994,4.3,294,0.860,2025-07-29 12:59:57.28867,2025-07-18 04:38:15.229273,2025-07-29 12:59:57.30727
19269905,bf996092-8d66-408a-8d8e-5065ca3330c2,f6ab14eb-1a66-4ea5-8a0f-0afbda444403,07:00:00,Cloudy,81.644,3.4,102,0.900,2025-07-22 02:57:14.092763,2025-07-13 04:31:52.848246,2025-07-22 02:57:14.110922
19269905,bf996092-8d66-408a-8d8e-5065ca3330c2,f6ab14eb-1a66-4ea5-8a0f-0afbda444403,12:00:00,Cloudy,88.97,3.7,26,0.730,2025-07-22 02:57:14.093058,2025-07-13 04:31:52.848249,2025-07-22 02:57:14.112337
19269905,bf996092-8d66-408a-8d8e-5065ca3330c2,f6ab14eb-1a66-4ea5-8a0f-0afbda444403,16:00:00,MostlyCloudy,90.698,5.0,7,0.650,2025-07-22 02:57:14.093294,2025-07-13 04:31:52.84825,2025-07-22 02:57:14.113605
19575015,bf996092-8d66-408a-8d8e-5065ca3330c2,f6ab14eb-1a66-4ea5-8a0f-0afbda444403,07:00:00,MostlyCloudy,79.754,2.9,185,0.930,2025-08-03 06:49:29.310283,2025-07-24 06:45:32.322242,2025-08-03 06:49:29.330839
19575015,bf996092-8d66-408a-8d8e-5065ca3330c2,f6ab14eb-1a66-4ea5-8a0f-0afbda444403,12:00:00,MostlyCloudy,88.106,4.4,173,0.760,2025-08-03 06:49:29.310592,2025-07-24 06:45:32.322245,2025-08-03 06:49:29.331603
19575015,bf996092-8d66-408a-8d8e-5065ca3330c2,f6ab14eb-1a66-4ea5-8a0f-0afbda444403,16:00:00,MostlyCloudy,87.926,5.3,221,0.750,2025-08-03 06:49:29.310834,2025-07-24 06:45:32.322246,2025-08-03 06:49:29.331605
18669949,bf996092-8d66-408a-8d8e-5065ca3330c2,f6ab14eb-1a66-4ea5-8a0f-0afbda444403,07:00:00,PartlyCloudy,82.076,5.9,94,0.860,2025-06-30 12:09:08.503213,2025-06-19 09:27:22.232512,2025-06-30 12:09:08.520717
18669949,bf996092-8d66-408a-8d8e-5065ca3330c2,f6ab14eb-1a66-4ea5-8a0f-0afbda444403,12:00:00,PartlyCloudy,90.338,8.2,82,0.660,2025-06-30 12:09:08.503506,2025-06-19 09:27:22.232514,2025-06-30 12:09:08.521973
18669949,bf996092-8d66-408a-8d8e-5065ca3330c2,f6ab14eb-1a66-4ea5-8a0f-0afbda444403,16:00:00,Drizzle,93.038,7.2,79,0.620,2025-06-30 12:09:08.503738,2025-06-19 09:27:22.232515,2025-06-30 12:09:08.521975
19575015,bf996092-8d66-408a-8d8e-5065ca3330c2,f6ab14eb-1a66-4ea5-8a0f-0afbda444403,07:00:00,MostlyCloudy,79.754,2.9,185,0.930,2025-08-03 06:49:29.310283,2025-07-24 06:45:32.322242,2025-08-03 06:49:29.330839
19575015,bf996092-8d66-408a-8d8e-5065ca3330c2,f6ab14eb-1a66-4ea5-8a0f-0afbda444403,12:00:00,MostlyCloudy,88.106,4.4,173,0.760,2025-08-03 06:49:29.310592,2025-07-24 06:45:32.322245,2025-08-03 06:49:29.331603
19575015,bf996092-8d66-408a-8d8e-5065ca3330c2,f6ab14eb-1a66-4ea5-8a0f-0afbda444403,16:00:00,MostlyCloudy,87.926,5.3,221,0.750,2025-08-03 06:49:29.310834,2025-07-24 06:45:32.322246,2025-08-03 06:49:29.331605
18669955,bf996092-8d66-408a-8d8e-5065ca3330c2,f6ab14eb-1a66-4ea5-8a0f-0afbda444403,07:00:00,MostlyClear,82.688,9.6,97,0.850,2025-06-27 04:59:32.866749,2025-06-19 09:27:22.257463,2025-06-27 04:59:32.885682
18669955,bf996092-8d66-408a-8d8e-5065ca3330c2,f6ab14eb-1a66-4ea5-8a0f-0afbda444403,12:00:00,PartlyCloudy,91.616,12.0,104,0.640,2025-06-27 04:59:32.867046,2025-06-19 09:27:22.257466,2025-06-27 04:59:32.887115
18669955,bf996092-8d66-408a-8d8e-5065ca3330c2,f6ab14eb-1a66-4ea5-8a0f-0afbda444403,16:00:00,PartlyCloudy,94.334,11.2,95,0.580,2025-06-27 04:59:32.867276,2025-06-19 09:27:22.257467,2025-06-27 04:59:32.888376
19389392,bf996092-8d66-408a-8d8e-5065ca3330c2,f6ab14eb-1a66-4ea5-8a0f-0afbda444403,07:00:00,MostlyCloudy,81.266,4.7,13,0.930,2025-07-29 12:54:09.473487,2025-07-17 04:25:07.770791,2025-07-29 12:54:09.495736
19389392,bf996092-8d66-408a-8d8e-5065ca3330c2,f6ab14eb-1a66-4ea5-8a0f-0afbda444403,12:00:00,MostlyCloudy,89.708,11.1,71,0.730,2025-07-29 12:54:09.473838,2025-07-17 04:25:07.770794,2025-07-29 12:54:09.497255
19389392,bf996092-8d66-408a-8d8e-5065ca3330c2,f6ab14eb-1a66-4ea5-8a0f-0afbda444403,16:00:00,PartlyCloudy,91.958,12.4,74,0.640,2025-07-29 12:54:09.474068,2025-07-17 04:25:07.770795,2025-07-29 12:54:09.498215
19458683,bf996092-8d66-408a-8d8e-5065ca3330c2,f6ab14eb-1a66-4ea5-8a0f-0afbda444403,07:00:00,Cloudy,80.042,7.2,85,0.920,2025-08-03 05:43:51.568623,2025-07-21 04:49:42.39867,2025-08-03 05:43:51.587022
19458683,bf996092-8d66-408a-8d8e-5065ca3330c2,f6ab14eb-1a66-4ea5-8a0f-0afbda444403,12:00:00,Cloudy,85.244,10.3,116,0.820,2025-08-03 05:43:51.56892,2025-07-21 04:49:42.398676,2025-08-03 05:43:51.588258
19458683,bf996092-8d66-408a-8d8e-5065ca3330c2,f6ab14eb-1a66-4ea5-8a0f-0afbda444403,16:00:00,Cloudy,86.99,10.5,110,0.780,2025-08-03 05:43:51.569157,2025-07-21 04:49:42.398678,2025-08-03 05:43:51.58826
19812217,bf996092-8d66-408a-8d8e-5065ca3330c2,f6ab14eb-1a66-4ea5-8a0f-0afbda444403,07:00:00,Cloudy,81.392,3.7,228,0.920,2025-08-12 05:29:57.764898,2025-08-02 07:37:19.264043,2025-08-12 05:29:57.785657
19812217,bf996092-8d66-408a-8d8e-5065ca3330c2,f6ab14eb-1a66-4ea5-8a0f-0afbda444403,12:00:00,Cloudy,87.062,4.5,257,0.810,2025-08-12 05:29:57.765202,2025-08-02 07:37:19.264045,2025-08-12 05:29:57.786641
19812217,bf996092-8d66-408a-8d8e-5065ca3330c2,f6ab14eb-1a66-4ea5-8a0f-0afbda444403,16:00:00,Cloudy,87.296,2.8,290,0.790,2025-08-12 05:29:57.76544,2025-08-02 07:37:19.264046,2025-08-12 05:29:57.786643
19871644,bf996092-8d66-408a-8d8e-5065ca3330c2,f6ab14eb-1a66-4ea5-8a0f-0afbda444403,07:00:00,Cloudy,79.772,7.0,88,0.920,2025-08-20 10:13:17.095732,2025-08-05 12:35:57.208202,2025-08-20 10:13:17.122479
19871644,bf996092-8d66-408a-8d8e-5065ca3330c2,f6ab14eb-1a66-4ea5-8a0f-0afbda444403,12:00:00,MostlyCloudy,86.99,9.1,102,0.780,2025-08-20 10:13:17.096094,2025-08-05 12:35:57.208205,2025-08-20 10:13:17.123393
19871644,bf996092-8d66-408a-8d8e-5065ca3330c2,f6ab14eb-1a66-4ea5-8a0f-0afbda444403,16:00:00,PartlyCloudy,89.69,8.1,90,0.710,2025-08-20 10:13:17.096384,2025-08-05 12:35:57.208206,2025-08-20 10:13:17.123395
18668822,bf996092-8d66-408a-8d8e-5065ca3330c2,f679f4cf-c089-4a2b-9b84-b14129630601,07:00:00,MostlyCloudy,81.986,5.5,105,0.910,2025-06-29 04:56:14.942257,2025-06-19 04:44:02.477865,2025-06-29 04:56:14.95881
18668822,bf996092-8d66-408a-8d8e-5065ca3330c2,f679f4cf-c089-4a2b-9b84-b14129630601,12:00:00,Cloudy,86,7.3,100,0.820,2025-06-29 04:56:14.942559,2025-06-19 04:44:02.477868,2025-06-29 04:56:14.958812
18668822,bf996092-8d66-408a-8d8e-5065ca3330c2,f679f4cf-c089-4a2b-9b84-b14129630601,16:00:00,Cloudy,88.268,8.5,94,0.760,2025-06-29 04:56:14.942807,2025-06-19 04:44:02.477869,2025-06-29 04:56:14.958813
19453078,bf996092-8d66-408a-8d8e-5065ca3330c2,f6ab14eb-1a66-4ea5-8a0f-0afbda444403,07:00:00,Rain,79.592,5.7,83,0.940,2025-08-03 04:12:36.9129,2025-07-20 05:26:03.536213,2025-08-03 04:12:36.934716
19453078,bf996092-8d66-408a-8d8e-5065ca3330c2,f6ab14eb-1a66-4ea5-8a0f-0afbda444403,12:00:00,Cloudy,83.48,5.6,88,0.830,2025-08-03 04:12:36.913194,2025-07-20 05:26:03.536216,2025-08-03 04:12:36.935877
19453078,bf996092-8d66-408a-8d8e-5065ca3330c2,f6ab14eb-1a66-4ea5-8a0f-0afbda444403,16:00:00,Cloudy,85.586,7.4,96,0.790,2025-08-03 04:12:36.913429,2025-07-20 05:26:03.536217,2025-08-03 04:12:36.935878
18790570,bf996092-8d66-408a-8d8e-5065ca3330c2,f6ab14eb-1a66-4ea5-8a0f-0afbda444403,07:00:00,MostlyCloudy,80.33,9.0,97,0.890,2025-07-03 12:48:54.334378,2025-06-24 05:31:23.448365,2025-07-03 12:48:54.986004
18790570,bf996092-8d66-408a-8d8e-5065ca3330c2,f6ab14eb-1a66-4ea5-8a0f-0afbda444403,12:00:00,PartlyCloudy,88.61,9.9,101,0.720,2025-07-03 12:48:54.33467,2025-06-24 05:31:23.448368,2025-07-03 12:48:54.986007
18790570,bf996092-8d66-408a-8d8e-5065ca3330c2,f6ab14eb-1a66-4ea5-8a0f-0afbda444403,16:00:00,MostlyCloudy,91.076,7.0,109,0.650,2025-07-03 12:48:54.334899,2025-06-24 05:31:23.448369,2025-07-03 12:48:54.986008
19037253,bf996092-8d66-408a-8d8e-5065ca3330c2,f6ab14eb-1a66-4ea5-8a0f-0afbda444403,07:00:00,MostlyClear,81.446,2.9,36,0.890,2025-07-13 04:43:16.738639,2025-07-03 12:48:55.152486,2025-07-13 04:43:16.757268
19037253,bf996092-8d66-408a-8d8e-5065ca3330c2,f6ab14eb-1a66-4ea5-8a0f-0afbda444403,12:00:00,PartlyCloudy,90.05,6.4,85,0.680,2025-07-13 04:43:16.738937,2025-07-03 12:48:55.152489,2025-07-13 04:43:16.75869
19037253,bf996092-8d66-408a-8d8e-5065ca3330c2,f6ab14eb-1a66-4ea5-8a0f-0afbda444403,16:00:00,PartlyCloudy,91.436,6.8,81,0.630,2025-07-13 04:43:16.739173,2025-07-03 12:48:55.15249,2025-07-13 04:43:16.758692
19037254,bf996092-8d66-408a-8d8e-5065ca3330c2,f6ab14eb-1a66-4ea5-8a0f-0afbda444403,07:00:00,MostlyCloudy,80.96,6.2,41,0.910,2025-07-13 05:06:01.239354,2025-07-03 12:48:55.157676,2025-07-13 05:06:01.261795
19037254,bf996092-8d66-408a-8d8e-5065ca3330c2,f6ab14eb-1a66-4ea5-8a0f-0afbda444403,12:00:00,MostlyCloudy,87.404,7.4,91,0.770,2025-07-13 05:06:01.239655,2025-07-03 12:48:55.15768,2025-07-13 05:06:01.261797
19037254,bf996092-8d66-408a-8d8e-5065ca3330c2,f6ab14eb-1a66-4ea5-8a0f-0afbda444403,16:00:00,MostlyCloudy,90.662,7.6,121,0.690,2025-07-13 05:06:01.239923,2025-07-03 12:48:55.157681,2025-07-13 05:06:01.264011
19453078,bf996092-8d66-408a-8d8e-5065ca3330c2,f6ab14eb-1a66-4ea5-8a0f-0afbda444403,07:00:00,Rain,79.592,5.7,83,0.940,2025-08-03 04:12:36.9129,2025-07-20 05:26:03.536213,2025-08-03 04:12:36.934716
19453078,bf996092-8d66-408a-8d8e-5065ca3330c2,f6ab14eb-1a66-4ea5-8a0f-0afbda444403,12:00:00,Cloudy,83.48,5.6,88,0.830,2025-08-03 04:12:36.913194,2025-07-20 05:26:03.536216,2025-08-03 04:12:36.935877
19453078,bf996092-8d66-408a-8d8e-5065ca3330c2,f6ab14eb-1a66-4ea5-8a0f-0afbda444403,16:00:00,Cloudy,85.586,7.4,96,0.790,2025-08-03 04:12:36.913429,2025-07-20 05:26:03.536217,2025-08-03 04:12:36.935878
19645173,bf996092-8d66-408a-8d8e-5065ca3330c2,f6ab14eb-1a66-4ea5-8a0f-0afbda444403,12:00:00,MostlyCloudy,85.784,4.1,264,0.790,2025-08-08 06:04:48.137472,2025-07-28 10:17:58.176892,2025-08-08 06:04:48.154407
19645173,bf996092-8d66-408a-8d8e-5065ca3330c2,f6ab14eb-1a66-4ea5-8a0f-0afbda444403,16:00:00,MostlyCloudy,85.082,5.2,310,0.760,2025-08-08 06:04:48.137701,2025-07-28 10:17:58.176894,2025-08-08 06:04:48.154409
19645173,bf996092-8d66-408a-8d8e-5065ca3330c2,f6ab14eb-1a66-4ea5-8a0f-0afbda444403,07:00:00,Rain,78.08,3.1,231,0.950,2025-08-08 06:04:48.137159,2025-07-28 10:17:58.176889,2025-08-08 06:04:48.153522
18911330,bf996092-8d66-408a-8d8e-5065ca3330c2,f679f4cf-c089-4a2b-9b84-b14129630601,07:00:00,MostlyCloudy,81.014,1.5,181,0.870,2025-07-23 11:22:36.841739,2025-06-29 04:47:01.860463,2025-07-23 11:22:36.84656
18911330,bf996092-8d66-408a-8d8e-5065ca3330c2,f679f4cf-c089-4a2b-9b84-b14129630601,12:00:00,MostlyCloudy,89.402,5.4,296,0.690,2025-07-23 11:22:36.84204,2025-06-29 04:47:01.860466,2025-07-23 11:22:36.84761
18911330,bf996092-8d66-408a-8d8e-5065ca3330c2,f679f4cf-c089-4a2b-9b84-b14129630601,16:00:00,MostlyCloudy,91.94,7.4,308,0.630,2025-07-23 11:22:36.842292,2025-06-29 04:47:01.860467,2025-07-23 11:22:36.848426
19419104,bf996092-8d66-408a-8d8e-5065ca3330c2,f679f4cf-c089-4a2b-9b84-b14129630601,07:00:00,PartlyCloudy,79.448,8.2,70,0.860,2025-07-27 04:44:43.883685,2025-07-18 04:38:15.198996,2025-07-27 04:44:43.900568
19419104,bf996092-8d66-408a-8d8e-5065ca3330c2,f679f4cf-c089-4a2b-9b84-b14129630601,12:00:00,PartlyCloudy,87.836,14.5,85,0.690,2025-07-27 04:44:43.883978,2025-07-18 04:38:15.198999,2025-07-27 04:44:43.90057
19419104,bf996092-8d66-408a-8d8e-5065ca3330c2,f679f4cf-c089-4a2b-9b84-b14129630601,16:00:00,Drizzle,88.178,12.0,80,0.690,2025-07-27 04:44:43.884211,2025-07-18 04:38:15.199,2025-07-27 04:44:43.902748
19066072,bf996092-8d66-408a-8d8e-5065ca3330c2,ada6015d-9fce-4f2c-b20f-fc9122d2face,07:00:00,PartlyCloudy,81.824,1.9,239,0.850,2025-07-08 09:49:20.035634,2025-07-07 04:25:53.181633,2025-07-08 09:49:20.05739
19066072,bf996092-8d66-408a-8d8e-5065ca3330c2,ada6015d-9fce-4f2c-b20f-fc9122d2face,12:00:00,MostlyCloudy,90.86,6.0,297,0.670,2025-07-08 09:49:20.036156,2025-07-07 04:25:53.181636,2025-07-08 09:49:20.057391
19066072,bf996092-8d66-408a-8d8e-5065ca3330c2,ada6015d-9fce-4f2c-b20f-fc9122d2face,16:00:00,Cloudy,93.002,6.6,301,0.590,2025-07-08 09:49:20.036566,2025-07-07 04:25:53.181637,2025-07-08 09:49:20.058613
19818147,bf996092-8d66-408a-8d8e-5065ca3330c2,f6ab14eb-1a66-4ea5-8a0f-0afbda444403,07:00:00,Cloudy,82.598,2.9,312,0.930,2025-08-14 11:33:25.28634,2025-08-04 03:42:57.216144,2025-08-14 11:33:25.305002
19818147,bf996092-8d66-408a-8d8e-5065ca3330c2,f6ab14eb-1a66-4ea5-8a0f-0afbda444403,12:00:00,Cloudy,89.294,3.3,101,0.770,2025-08-14 11:33:25.286669,2025-08-04 03:42:57.216147,2025-08-14 11:33:25.306611
19818147,bf996092-8d66-408a-8d8e-5065ca3330c2,f6ab14eb-1a66-4ea5-8a0f-0afbda444403,16:00:00,Thunderstorms,87.566,5.2,157,0.780,2025-08-14 11:33:25.286898,2025-08-04 03:42:57.216148,2025-08-14 11:33:25.306613
19645172,bf996092-8d66-408a-8d8e-5065ca3330c2,f6ab14eb-1a66-4ea5-8a0f-0afbda444403,07:00:00,Cloudy,78.314,5.7,212,0.930,2025-08-06 09:48:15.425267,2025-07-28 10:17:58.171853,2025-08-06 09:48:15.440709
19645172,bf996092-8d66-408a-8d8e-5065ca3330c2,f6ab14eb-1a66-4ea5-8a0f-0afbda444403,12:00:00,MostlyCloudy,84.524,4.7,243,0.800,2025-08-06 09:48:15.425564,2025-07-28 10:17:58.171856,2025-08-06 09:48:15.440711
19645172,bf996092-8d66-408a-8d8e-5065ca3330c2,f6ab14eb-1a66-4ea5-8a0f-0afbda444403,16:00:00,MostlyCloudy,85.838,1.8,182,0.760,2025-08-06 09:48:15.425798,2025-07-28 10:17:58.171857,2025-08-06 09:48:15.440711
19066072,bf996092-8d66-408a-8d8e-5065ca3330c2,ada6015d-9fce-4f2c-b20f-fc9122d2face,07:00:00,PartlyCloudy,81.824,1.9,239,0.850,2025-07-08 09:49:20.035634,2025-07-07 04:25:53.181633,2025-07-08 09:49:20.05739
19066072,bf996092-8d66-408a-8d8e-5065ca3330c2,ada6015d-9fce-4f2c-b20f-fc9122d2face,12:00:00,MostlyCloudy,90.86,6.0,297,0.670,2025-07-08 09:49:20.036156,2025-07-07 04:25:53.181636,2025-07-08 09:49:20.057391
19066072,bf996092-8d66-408a-8d8e-5065ca3330c2,ada6015d-9fce-4f2c-b20f-fc9122d2face,16:00:00,Cloudy,93.002,6.6,301,0.590,2025-07-08 09:49:20.036566,2025-07-07 04:25:53.181637,2025-07-08 09:49:20.058613
18914367,bf996092-8d66-408a-8d8e-5065ca3330c2,f6ab14eb-1a66-4ea5-8a0f-0afbda444403,07:00:00,MostlyCloudy,84.02,4.0,60,0.830,2025-07-09 09:40:02.525076,2025-06-30 10:05:08.80161,2025-07-09 09:40:02.557168
18914367,bf996092-8d66-408a-8d8e-5065ca3330c2,f6ab14eb-1a66-4ea5-8a0f-0afbda444403,12:00:00,PartlyCloudy,93.992,5.1,136,0.610,2025-07-09 09:40:02.525513,2025-06-30 10:05:08.801612,2025-07-09 09:40:02.559253
18914367,bf996092-8d66-408a-8d8e-5065ca3330c2,f6ab14eb-1a66-4ea5-8a0f-0afbda444403,16:00:00,PartlyCloudy,94.388,3.2,253,0.570,2025-07-09 09:40:02.525911,2025-06-30 10:05:08.801613,2025-07-09 09:40:02.561503
18914366,bf996092-8d66-408a-8d8e-5065ca3330c2,f6ab14eb-1a66-4ea5-8a0f-0afbda444403,07:00:00,PartlyCloudy,82.922,5.3,100,0.850,2025-07-08 09:02:43.186099,2025-06-30 10:05:08.797846,2025-07-08 09:02:43.205065
18914366,bf996092-8d66-408a-8d8e-5065ca3330c2,f6ab14eb-1a66-4ea5-8a0f-0afbda444403,12:00:00,MostlyClear,92.318,6.6,107,0.630,2025-07-08 09:02:43.186384,2025-06-30 10:05:08.797848,2025-07-08 09:02:43.206407
18914366,bf996092-8d66-408a-8d8e-5065ca3330c2,f6ab14eb-1a66-4ea5-8a0f-0afbda444403,16:00:00,PartlyCloudy,94.388,5.0,88,0.560,2025-07-08 09:02:43.186623,2025-06-30 10:05:08.797849,2025-07-08 09:02:43.207593
18445750,bf996092-8d66-408a-8d8e-5065ca3330c2,ada6015d-9fce-4f2c-b20f-fc9122d2face,07:00:00,PartlyCloudy,80.312,4.7,130,0.880,2025-06-19 09:52:32.901603,2025-06-11 05:18:09.093536,2025-06-19 09:52:32.919114
18445750,bf996092-8d66-408a-8d8e-5065ca3330c2,ada6015d-9fce-4f2c-b20f-fc9122d2face,12:00:00,MostlyCloudy,85.676,6.3,126,0.730,2025-06-19 09:52:32.901899,2025-06-11 05:18:09.093539,2025-06-19 09:52:32.920478
18445750,bf996092-8d66-408a-8d8e-5065ca3330c2,ada6015d-9fce-4f2c-b20f-fc9122d2face,16:00:00,MostlyCloudy,88.43,6.9,133,0.650,2025-06-19 09:52:32.902137,2025-06-11 05:18:09.09354,2025-06-19 09:52:32.921265
19812217,bf996092-8d66-408a-8d8e-5065ca3330c2,f6ab14eb-1a66-4ea5-8a0f-0afbda444403,07:00:00,Cloudy,81.392,3.7,228,0.920,2025-08-12 05:29:57.764898,2025-08-02 07:37:19.264043,2025-08-12 05:29:57.785657
19812217,bf996092-8d66-408a-8d8e-5065ca3330c2,f6ab14eb-1a66-4ea5-8a0f-0afbda444403,12:00:00,Cloudy,87.062,4.5,257,0.810,2025-08-12 05:29:57.765202,2025-08-02 07:37:19.264045,2025-08-12 05:29:57.786641
19812217,bf996092-8d66-408a-8d8e-5065ca3330c2,f6ab14eb-1a66-4ea5-8a0f-0afbda444403,16:00:00,Cloudy,87.296,2.8,290,0.790,2025-08-12 05:29:57.76544,2025-08-02 07:37:19.264046,2025-08-12 05:29:57.786643
19812216,bf996092-8d66-408a-8d8e-5065ca3330c2,f6ab14eb-1a66-4ea5-8a0f-0afbda444403,07:00:00,MostlyCloudy,80.186,3.3,200,0.930,2025-08-11 11:21:30.838143,2025-08-02 07:37:19.259631,2025-08-11 11:21:30.853866
19812216,bf996092-8d66-408a-8d8e-5065ca3330c2,f6ab14eb-1a66-4ea5-8a0f-0afbda444403,12:00:00,MostlyCloudy,88.052,3.9,215,0.750,2025-08-11 11:21:30.838443,2025-08-02 07:37:19.259633,2025-08-11 11:21:30.854437
19812216,bf996092-8d66-408a-8d8e-5065ca3330c2,f6ab14eb-1a66-4ea5-8a0f-0afbda444403,16:00:00,MostlyCloudy,89.366,4.4,203,0.730,2025-08-11 11:21:30.838702,2025-08-02 07:37:19.259634,2025-08-11 11:21:30.854891
19419609,bf996092-8d66-408a-8d8e-5065ca3330c2,ada6015d-9fce-4f2c-b20f-fc9122d2face,07:00:00,PartlyCloudy,79.826,7.7,65,0.850,2025-07-18 09:36:19.81939,2025-07-18 09:36:19.850592,2025-07-18 09:36:19.850594
19419609,bf996092-8d66-408a-8d8e-5065ca3330c2,ada6015d-9fce-4f2c-b20f-fc9122d2face,12:00:00,MostlyCloudy,87.512,12.1,82,0.670,2025-07-18 09:36:19.819991,2025-07-18 09:36:19.850596,2025-07-18 09:36:19.850596
19419609,bf996092-8d66-408a-8d8e-5065ca3330c2,ada6015d-9fce-4f2c-b20f-fc9122d2face,16:00:00,Drizzle,87.944,11.4,78,0.670,2025-07-18 09:36:19.820437,2025-07-18 09:36:19.850597,2025-07-18 09:36:19.850598
19057106,bf996092-8d66-408a-8d8e-5065ca3330c2,f6ab14eb-1a66-4ea5-8a0f-0afbda444403,07:00:00,Cloudy,80.204,5.9,89,0.930,2025-07-14 06:41:36.340831,2025-07-04 08:47:14.663019,2025-07-14 06:41:36.358793
19057106,bf996092-8d66-408a-8d8e-5065ca3330c2,f6ab14eb-1a66-4ea5-8a0f-0afbda444403,12:00:00,Cloudy,87.62,8.9,113,0.760,2025-07-14 06:41:36.341127,2025-07-04 08:47:14.663022,2025-07-14 06:41:36.358795
19057106,bf996092-8d66-408a-8d8e-5065ca3330c2,f6ab14eb-1a66-4ea5-8a0f-0afbda444403,16:00:00,Cloudy,89.312,6.8,126,0.730,2025-07-14 06:41:36.341361,2025-07-04 08:47:14.663023,2025-07-14 06:41:36.36061
19057106,bf996092-8d66-408a-8d8e-5065ca3330c2,f6ab14eb-1a66-4ea5-8a0f-0afbda444403,07:00:00,Cloudy,80.204,5.9,89,0.930,2025-07-14 06:41:36.340831,2025-07-04 08:47:14.663019,2025-07-14 06:41:36.358793
19057106,bf996092-8d66-408a-8d8e-5065ca3330c2,f6ab14eb-1a66-4ea5-8a0f-0afbda444403,12:00:00,Cloudy,87.62,8.9,113,0.760,2025-07-14 06:41:36.341127,2025-07-04 08:47:14.663022,2025-07-14 06:41:36.358795
19057106,bf996092-8d66-408a-8d8e-5065ca3330c2,f6ab14eb-1a66-4ea5-8a0f-0afbda444403,16:00:00,Cloudy,89.312,6.8,126,0.730,2025-07-14 06:41:36.341361,2025-07-04 08:47:14.663023,2025-07-14 06:41:36.36061
18914368,bf996092-8d66-408a-8d8e-5065ca3330c2,f6ab14eb-1a66-4ea5-8a0f-0afbda444403,07:00:00,Thunderstorms,80.114,3.7,94,0.910,2025-07-10 17:05:24.388994,2025-06-30 10:05:08.80506,2025-07-10 17:05:24.408895
18914368,bf996092-8d66-408a-8d8e-5065ca3330c2,f6ab14eb-1a66-4ea5-8a0f-0afbda444403,12:00:00,Thunderstorms,82.346,8.0,126,0.820,2025-07-10 17:05:24.389286,2025-06-30 10:05:08.805062,2025-07-10 17:05:24.408897
18914368,bf996092-8d66-408a-8d8e-5065ca3330c2,f6ab14eb-1a66-4ea5-8a0f-0afbda444403,16:00:00,Cloudy,85.406,5.4,114,0.730,2025-07-10 17:05:24.389516,2025-06-30 10:05:08.805063,2025-07-10 17:05:24.411132
20401666,bf996092-8d66-408a-8d8e-5065ca3330c2,f679f4cf-c089-4a2b-9b84-b14129630601,07:00:00,MostlyCloudy,78.872,2.0,353,0.920,2025-08-25 13:28:49.539371,2025-08-25 13:28:49.545495,2025-08-25 13:28:49.545497
20401666,bf996092-8d66-408a-8d8e-5065ca3330c2,f679f4cf-c089-4a2b-9b84-b14129630601,12:00:00,PartlyCloudy,86.756,4.5,312,0.760,2025-08-25 13:28:49.539737,2025-08-25 13:28:49.545498,2025-08-25 13:28:49.545498
20401666,bf996092-8d66-408a-8d8e-5065ca3330c2,f679f4cf-c089-4a2b-9b84-b14129630601,16:00:00,Cloudy,88.358,5.2,325,0.720,2025-08-25 13:28:49.54001,2025-08-25 13:28:49.545499,2025-08-25 13:28:49.545499
19419113,bf996092-8d66-408a-8d8e-5065ca3330c2,f679f4cf-c089-4a2b-9b84-b14129630601,12:00:00,MostlyCloudy,89.816,6.6,111,0.660,2025-07-28 10:09:17.353515,2025-07-18 04:38:15.237947,2025-07-28 10:09:17.370353
19419113,bf996092-8d66-408a-8d8e-5065ca3330c2,f679f4cf-c089-4a2b-9b84-b14129630601,16:00:00,MostlyCloudy,92.912,5.9,88,0.590,2025-07-28 10:09:17.35375,2025-07-18 04:38:15.237948,2025-07-28 10:09:17.370354
19419113,bf996092-8d66-408a-8d8e-5065ca3330c2,f679f4cf-c089-4a2b-9b84-b14129630601,07:00:00,PartlyCloudy,82.31,4.5,94,0.850,2025-07-28 10:09:17.353219,2025-07-18 04:38:15.237944,2025-07-28 10:09:17.370351
19419113,bf996092-8d66-408a-8d8e-5065ca3330c2,f679f4cf-c089-4a2b-9b84-b14129630601,12:00:00,MostlyCloudy,89.816,6.6,111,0.660,2025-07-28 10:09:17.353515,2025-07-18 04:38:15.237947,2025-07-28 10:09:17.370353
19419113,bf996092-8d66-408a-8d8e-5065ca3330c2,f679f4cf-c089-4a2b-9b84-b14129630601,16:00:00,MostlyCloudy,92.912,5.9,88,0.590,2025-07-28 10:09:17.35375,2025-07-18 04:38:15.237948,2025-07-28 10:09:17.370354
19419113,bf996092-8d66-408a-8d8e-5065ca3330c2,f679f4cf-c089-4a2b-9b84-b14129630601,07:00:00,PartlyCloudy,82.31,4.5,94,0.850,2025-07-28 10:09:17.353219,2025-07-18 04:38:15.237944,2025-07-28 10:09:17.370351
20193393,bf996092-8d66-408a-8d8e-5065ca3330c2,f679f4cf-c089-4a2b-9b84-b14129630601,07:00:00,Thunderstorms,78.566,7.3,101,0.900,2025-08-26 05:02:36.367232,2025-08-18 09:50:48.814948,2025-08-26 05:02:36.384483
20193393,bf996092-8d66-408a-8d8e-5065ca3330c2,f679f4cf-c089-4a2b-9b84-b14129630601,12:00:00,Thunderstorms,84.218,11.7,112,0.790,2025-08-26 05:02:36.367799,2025-08-18 09:50:48.814951,2025-08-26 05:02:36.385558
20193393,bf996092-8d66-408a-8d8e-5065ca3330c2,f679f4cf-c089-4a2b-9b84-b14129630601,16:00:00,Thunderstorms,84.758,9.4,116,0.770,2025-08-26 05:02:36.368062,2025-08-18 09:50:48.814952,2025-08-26 05:02:36.386583
19578207,bf996092-8d66-408a-8d8e-5065ca3330c2,f679f4cf-c089-4a2b-9b84-b14129630601,07:00:00,MostlyCloudy,79.286,3.8,248,0.900,2025-08-25 10:22:26.359669,2025-07-24 12:45:10.173627,2025-08-25 10:22:26.369803
19578207,bf996092-8d66-408a-8d8e-5065ca3330c2,f679f4cf-c089-4a2b-9b84-b14129630601,12:00:00,MostlyCloudy,87.098,6.1,259,0.720,2025-08-25 10:22:26.359971,2025-07-24 12:45:10.17363,2025-08-25 10:22:26.371967
19578207,bf996092-8d66-408a-8d8e-5065ca3330c2,f679f4cf-c089-4a2b-9b84-b14129630601,16:00:00,Cloudy,88.88,5.7,273,0.680,2025-08-25 10:22:26.360296,2025-07-24 12:45:10.173631,2025-08-25 10:22:26.373105
19607633,bf996092-8d66-408a-8d8e-5065ca3330c2,f679f4cf-c089-4a2b-9b84-b14129630601,07:00:00,Thunderstorms,79.322,4.7,250,0.920,2025-08-18 11:51:19.165134,2025-07-25 11:31:06.300953,2025-08-18 11:51:19.173852
19607633,bf996092-8d66-408a-8d8e-5065ca3330c2,f679f4cf-c089-4a2b-9b84-b14129630601,12:00:00,Cloudy,86.594,8.7,282,0.750,2025-08-18 11:51:19.165486,2025-07-25 11:31:06.300956,2025-08-18 11:51:19.176295
19607633,bf996092-8d66-408a-8d8e-5065ca3330c2,f679f4cf-c089-4a2b-9b84-b14129630601,16:00:00,Cloudy,88.646,5.5,304,0.720,2025-08-18 11:51:19.165777,2025-07-25 11:31:06.300957,2025-08-18 11:51:19.177248
19637835,bf996092-8d66-408a-8d8e-5065ca3330c2,f679f4cf-c089-4a2b-9b84-b14129630601,07:00:00,Cloudy,80.06,5.9,249,0.880,2025-08-25 10:53:34.387285,2025-07-27 13:37:58.796089,2025-08-25 10:53:34.393813
19637835,bf996092-8d66-408a-8d8e-5065ca3330c2,f679f4cf-c089-4a2b-9b84-b14129630601,12:00:00,Cloudy,84.848,4.3,304,0.790,2025-08-25 10:53:34.387587,2025-07-27 13:37:58.796092,2025-08-25 10:53:34.393815
19637835,bf996092-8d66-408a-8d8e-5065ca3330c2,f679f4cf-c089-4a2b-9b84-b14129630601,16:00:00,Cloudy,86.846,0.2,123,0.760,2025-08-25 10:53:34.387825,2025-07-27 13:37:58.796093,2025-08-25 10:53:34.393815
19637835,bf996092-8d66-408a-8d8e-5065ca3330c2,f679f4cf-c089-4a2b-9b84-b14129630601,07:00:00,Cloudy,80.06,5.9,249,0.880,2025-08-25 10:53:34.387285,2025-07-27 13:37:58.796089,2025-08-25 10:53:34.393813
19637835,bf996092-8d66-408a-8d8e-5065ca3330c2,f679f4cf-c089-4a2b-9b84-b14129630601,12:00:00,Cloudy,84.848,4.3,304,0.790,2025-08-25 10:53:34.387587,2025-07-27 13:37:58.796092,2025-08-25 10:53:34.393815
19637835,bf996092-8d66-408a-8d8e-5065ca3330c2,f679f4cf-c089-4a2b-9b84-b14129630601,16:00:00,Cloudy,86.846,0.2,123,0.760,2025-08-25 10:53:34.387825,2025-07-27 13:37:58.796093,2025-08-25 10:53:34.393815
19637836,bf996092-8d66-408a-8d8e-5065ca3330c2,f679f4cf-c089-4a2b-9b84-b14129630601,07:00:00,Cloudy,80.042,5.1,263,0.860,2025-08-18 11:29:51.093884,2025-07-27 13:37:58.800629,2025-08-18 11:29:51.101781
19637836,bf996092-8d66-408a-8d8e-5065ca3330c2,f679f4cf-c089-4a2b-9b84-b14129630601,12:00:00,Cloudy,85.928,3.1,269,0.730,2025-08-18 11:29:51.094179,2025-07-27 13:37:58.800632,2025-08-18 11:29:51.101783
19637836,bf996092-8d66-408a-8d8e-5065ca3330c2,f679f4cf-c089-4a2b-9b84-b14129630601,16:00:00,Cloudy,87.044,4.8,168,0.720,2025-08-18 11:29:51.094412,2025-07-27 13:37:58.800633,2025-08-18 11:29:51.101784
19637836,bf996092-8d66-408a-8d8e-5065ca3330c2,f679f4cf-c089-4a2b-9b84-b14129630601,07:00:00,Cloudy,80.042,5.1,263,0.860,2025-08-18 11:29:51.093884,2025-07-27 13:37:58.800629,2025-08-18 11:29:51.101781
19637836,bf996092-8d66-408a-8d8e-5065ca3330c2,f679f4cf-c089-4a2b-9b84-b14129630601,12:00:00,Cloudy,85.928,3.1,269,0.730,2025-08-18 11:29:51.094179,2025-07-27 13:37:58.800632,2025-08-18 11:29:51.101783
19637836,bf996092-8d66-408a-8d8e-5065ca3330c2,f679f4cf-c089-4a2b-9b84-b14129630601,16:00:00,Cloudy,87.044,4.8,168,0.720,2025-08-18 11:29:51.094412,2025-07-27 13:37:58.800633,2025-08-18 11:29:51.101784
19542837,bf996092-8d66-408a-8d8e-5065ca3330c2,f679f4cf-c089-4a2b-9b84-b14129630601,07:00:00,MostlyCloudy,78.548,2.3,179,0.920,2025-08-18 12:06:27.764372,2025-07-23 10:50:16.691596,2025-08-18 12:06:27.772323
19542837,bf996092-8d66-408a-8d8e-5065ca3330c2,f679f4cf-c089-4a2b-9b84-b14129630601,12:00:00,MostlyCloudy,86.162,3.1,216,0.760,2025-08-18 12:06:27.764675,2025-07-23 10:50:16.691599,2025-08-18 12:06:27.772325
19542837,bf996092-8d66-408a-8d8e-5065ca3330c2,f679f4cf-c089-4a2b-9b84-b14129630601,16:00:00,MostlyCloudy,87.404,3.6,211,0.730,2025-08-18 12:06:27.764926,2025-07-23 10:50:16.6916,2025-08-18 12:06:27.772326
20180446,bf996092-8d66-408a-8d8e-5065ca3330c2,f6ab14eb-1a66-4ea5-8a0f-0afbda444403,07:00:00,Cloudy,79.16,11.2,97,0.910,2025-08-26 06:58:15.361017,2025-08-16 06:39:25.275852,2025-08-26 06:58:15.379062
20180446,bf996092-8d66-408a-8d8e-5065ca3330c2,f6ab14eb-1a66-4ea5-8a0f-0afbda444403,12:00:00,MostlyCloudy,83.984,12.0,118,0.800,2025-08-26 06:58:15.361368,2025-08-16 06:39:25.275855,2025-08-26 06:58:15.380602
20180446,bf996092-8d66-408a-8d8e-5065ca3330c2,f6ab14eb-1a66-4ea5-8a0f-0afbda444403,16:00:00,Thunderstorms,85.856,7.8,143,0.780,2025-08-26 06:58:15.3616,2025-08-16 06:39:25.275856,2025-08-26 06:58:15.381599
19037253,bf996092-8d66-408a-8d8e-5065ca3330c2,f6ab14eb-1a66-4ea5-8a0f-0afbda444403,07:00:00,MostlyClear,81.446,2.9,36,0.890,2025-07-13 04:43:16.738639,2025-07-03 12:48:55.152486,2025-07-13 04:43:16.757268
19037253,bf996092-8d66-408a-8d8e-5065ca3330c2,f6ab14eb-1a66-4ea5-8a0f-0afbda444403,12:00:00,PartlyCloudy,90.05,6.4,85,0.680,2025-07-13 04:43:16.738937,2025-07-03 12:48:55.152489,2025-07-13 04:43:16.75869
19037253,bf996092-8d66-408a-8d8e-5065ca3330c2,f6ab14eb-1a66-4ea5-8a0f-0afbda444403,16:00:00,PartlyCloudy,91.436,6.8,81,0.630,2025-07-13 04:43:16.739173,2025-07-03 12:48:55.15249,2025-07-13 04:43:16.758692
19645172,bf996092-8d66-408a-8d8e-5065ca3330c2,f6ab14eb-1a66-4ea5-8a0f-0afbda444403,07:00:00,Cloudy,78.314,5.7,212,0.930,2025-08-06 09:48:15.425267,2025-07-28 10:17:58.171853,2025-08-06 09:48:15.440709
19645172,bf996092-8d66-408a-8d8e-5065ca3330c2,f6ab14eb-1a66-4ea5-8a0f-0afbda444403,12:00:00,MostlyCloudy,84.524,4.7,243,0.800,2025-08-06 09:48:15.425564,2025-07-28 10:17:58.171856,2025-08-06 09:48:15.440711
19645172,bf996092-8d66-408a-8d8e-5065ca3330c2,f6ab14eb-1a66-4ea5-8a0f-0afbda444403,16:00:00,MostlyCloudy,85.838,1.8,182,0.760,2025-08-06 09:48:15.425798,2025-07-28 10:17:58.171857,2025-08-06 09:48:15.440711
20060294,bf996092-8d66-408a-8d8e-5065ca3330c2,f679f4cf-c089-4a2b-9b84-b14129630601,07:00:00,MostlyCloudy,80.636,6.5,99,0.910,2025-08-26 10:35:39.687919,2025-08-12 06:16:27.198555,2025-08-26 10:35:39.70648
20060294,bf996092-8d66-408a-8d8e-5065ca3330c2,f679f4cf-c089-4a2b-9b84-b14129630601,12:00:00,MostlyCloudy,86.558,7.5,97,0.770,2025-08-26 10:35:39.688215,2025-08-12 06:16:27.198558,2025-08-26 10:35:39.707622
20060294,bf996092-8d66-408a-8d8e-5065ca3330c2,f679f4cf-c089-4a2b-9b84-b14129630601,16:00:00,PartlyCloudy,90.086,6.9,80,0.690,2025-08-26 10:35:39.688447,2025-08-12 06:16:27.198559,2025-08-26 10:35:39.70853
19037254,bf996092-8d66-408a-8d8e-5065ca3330c2,f6ab14eb-1a66-4ea5-8a0f-0afbda444403,07:00:00,MostlyCloudy,80.96,6.2,41,0.910,2025-07-13 05:06:01.239354,2025-07-03 12:48:55.157676,2025-07-13 05:06:01.261795
19037254,bf996092-8d66-408a-8d8e-5065ca3330c2,f6ab14eb-1a66-4ea5-8a0f-0afbda444403,12:00:00,MostlyCloudy,87.404,7.4,91,0.770,2025-07-13 05:06:01.239655,2025-07-03 12:48:55.15768,2025-07-13 05:06:01.261797
19037254,bf996092-8d66-408a-8d8e-5065ca3330c2,f6ab14eb-1a66-4ea5-8a0f-0afbda444403,16:00:00,MostlyCloudy,90.662,7.6,121,0.690,2025-07-13 05:06:01.239923,2025-07-03 12:48:55.157681,2025-07-13 05:06:01.264011
20060293,bf996092-8d66-408a-8d8e-5065ca3330c2,f679f4cf-c089-4a2b-9b84-b14129630601,07:00:00,Cloudy,80.924,5.3,100,0.900,2025-08-26 08:32:33.669525,2025-08-12 06:16:27.194941,2025-08-26 08:32:33.688782
20060293,bf996092-8d66-408a-8d8e-5065ca3330c2,f679f4cf-c089-4a2b-9b84-b14129630601,12:00:00,Cloudy,86.306,6.4,83,0.790,2025-08-26 08:32:33.669823,2025-08-12 06:16:27.194943,2025-08-26 08:32:33.688783
20060293,bf996092-8d66-408a-8d8e-5065ca3330c2,f679f4cf-c089-4a2b-9b84-b14129630601,16:00:00,Cloudy,88.862,6.0,61,0.750,2025-08-26 08:32:33.67006,2025-08-12 06:16:27.194944,2025-08-26 08:32:33.688784
20060293,bf996092-8d66-408a-8d8e-5065ca3330c2,f679f4cf-c089-4a2b-9b84-b14129630601,07:00:00,Cloudy,80.924,5.3,100,0.900,2025-08-26 08:32:33.669525,2025-08-12 06:16:27.194941,2025-08-26 08:32:33.688782
20060293,bf996092-8d66-408a-8d8e-5065ca3330c2,f679f4cf-c089-4a2b-9b84-b14129630601,12:00:00,Cloudy,86.306,6.4,83,0.790,2025-08-26 08:32:33.669823,2025-08-12 06:16:27.194943,2025-08-26 08:32:33.688783
20060293,bf996092-8d66-408a-8d8e-5065ca3330c2,f679f4cf-c089-4a2b-9b84-b14129630601,16:00:00,Cloudy,88.862,6.0,61,0.750,2025-08-26 08:32:33.67006,2025-08-12 06:16:27.194944,2025-08-26 08:32:33.688784
20095150,bf996092-8d66-408a-8d8e-5065ca3330c2,f6ab14eb-1a66-4ea5-8a0f-0afbda444403,07:00:00,Cloudy,79.988,3.4,151,0.930,2025-08-24 04:31:04.398271,2025-08-13 09:57:51.180819,2025-08-24 04:31:04.418896
20095150,bf996092-8d66-408a-8d8e-5065ca3330c2,f6ab14eb-1a66-4ea5-8a0f-0afbda444403,12:00:00,MostlyCloudy,85.82,4.0,191,0.780,2025-08-24 04:31:04.398558,2025-08-13 09:57:51.180822,2025-08-24 04:31:04.418898
20095150,bf996092-8d66-408a-8d8e-5065ca3330c2,f6ab14eb-1a66-4ea5-8a0f-0afbda444403,16:00:00,MostlyCloudy,86.918,4.8,92,0.750,2025-08-24 04:31:04.398788,2025-08-13 09:57:51.180823,2025-08-24 04:31:04.418898
19637836,bf996092-8d66-408a-8d8e-5065ca3330c2,f679f4cf-c089-4a2b-9b84-b14129630601,07:00:00,Cloudy,80.042,5.1,263,0.860,2025-08-18 11:29:51.093884,2025-07-27 13:37:58.800629,2025-08-18 11:29:51.101781
19637836,bf996092-8d66-408a-8d8e-5065ca3330c2,f679f4cf-c089-4a2b-9b84-b14129630601,12:00:00,Cloudy,85.928,3.1,269,0.730,2025-08-18 11:29:51.094179,2025-07-27 13:37:58.800632,2025-08-18 11:29:51.101783
19637836,bf996092-8d66-408a-8d8e-5065ca3330c2,f679f4cf-c089-4a2b-9b84-b14129630601,16:00:00,Cloudy,87.044,4.8,168,0.720,2025-08-18 11:29:51.094412,2025-07-27 13:37:58.800633,2025-08-18 11:29:51.101784
19607633,bf996092-8d66-408a-8d8e-5065ca3330c2,f679f4cf-c089-4a2b-9b84-b14129630601,07:00:00,Thunderstorms,79.322,4.7,250,0.920,2025-08-18 11:51:19.165134,2025-07-25 11:31:06.300953,2025-08-18 11:51:19.173852
19607633,bf996092-8d66-408a-8d8e-5065ca3330c2,f679f4cf-c089-4a2b-9b84-b14129630601,12:00:00,Cloudy,86.594,8.7,282,0.750,2025-08-18 11:51:19.165486,2025-07-25 11:31:06.300956,2025-08-18 11:51:19.176295
19607633,bf996092-8d66-408a-8d8e-5065ca3330c2,f679f4cf-c089-4a2b-9b84-b14129630601,16:00:00,Cloudy,88.646,5.5,304,0.720,2025-08-18 11:51:19.165777,2025-07-25 11:31:06.300957,2025-08-18 11:51:19.177248
20186554,bf996092-8d66-408a-8d8e-5065ca3330c2,f6ab14eb-1a66-4ea5-8a0f-0afbda444403,07:00:00,MostlyCloudy,79.088,6.1,114,0.940,2025-08-26 12:28:09.43376,2025-08-17 04:25:20.210338,2025-08-26 12:28:09.44972
20186554,bf996092-8d66-408a-8d8e-5065ca3330c2,f6ab14eb-1a66-4ea5-8a0f-0afbda444403,12:00:00,PartlyCloudy,86.936,6.7,117,0.760,2025-08-26 12:28:09.434053,2025-08-17 04:25:20.210341,2025-08-26 12:28:09.45029
20186554,bf996092-8d66-408a-8d8e-5065ca3330c2,f6ab14eb-1a66-4ea5-8a0f-0afbda444403,16:00:00,PartlyCloudy,89.546,6.0,104,0.710,2025-08-26 12:28:09.434286,2025-08-17 04:25:20.210343,2025-08-26 12:28:09.450762
19069582,bf996092-8d66-408a-8d8e-5065ca3330c2,f6ab14eb-1a66-4ea5-8a0f-0afbda444403,07:00:00,Cloudy,80.168,5.4,70,0.890,2025-07-17 01:08:43.411969,2025-07-07 11:13:03.008982,2025-07-17 01:08:43.430253
19069582,bf996092-8d66-408a-8d8e-5065ca3330c2,f6ab14eb-1a66-4ea5-8a0f-0afbda444403,12:00:00,MostlyCloudy,86.666,7.5,77,0.750,2025-07-17 01:08:43.412266,2025-07-07 11:13:03.008985,2025-07-17 01:08:43.431079
19069582,bf996092-8d66-408a-8d8e-5065ca3330c2,f6ab14eb-1a66-4ea5-8a0f-0afbda444403,16:00:00,MostlyCloudy,88.088,9.1,62,0.690,2025-07-17 01:08:43.412499,2025-07-07 11:13:03.008986,2025-07-17 01:08:43.431081
19164365,bf996092-8d66-408a-8d8e-5065ca3330c2,f6ab14eb-1a66-4ea5-8a0f-0afbda444403,07:00:00,MostlyCloudy,79.52,11.8,125,0.900,2025-07-20 06:23:19.447615,2025-07-09 03:11:50.941304,2025-07-20 06:23:19.467425
19164365,bf996092-8d66-408a-8d8e-5065ca3330c2,f6ab14eb-1a66-4ea5-8a0f-0afbda444403,12:00:00,PartlyCloudy,89.06,11.9,163,0.700,2025-07-20 06:23:19.447943,2025-07-09 03:11:50.941306,2025-07-20 06:23:19.469499
19164365,bf996092-8d66-408a-8d8e-5065ca3330c2,f6ab14eb-1a66-4ea5-8a0f-0afbda444403,16:00:00,PartlyCloudy,91.148,9.7,178,0.640,2025-07-20 06:23:19.448177,2025-07-09 03:11:50.941307,2025-07-20 06:23:19.469501
19069581,bf996092-8d66-408a-8d8e-5065ca3330c2,f6ab14eb-1a66-4ea5-8a0f-0afbda444403,07:00:00,MostlyCloudy,79.772,4.0,131,0.940,2025-07-19 03:01:47.165618,2025-07-07 11:13:03.004515,2025-07-19 03:01:47.191425
19069581,bf996092-8d66-408a-8d8e-5065ca3330c2,f6ab14eb-1a66-4ea5-8a0f-0afbda444403,12:00:00,MostlyCloudy,87.296,7.0,137,0.770,2025-07-19 03:01:47.165906,2025-07-07 11:13:03.004518,2025-07-19 03:01:47.193879
19069581,bf996092-8d66-408a-8d8e-5065ca3330c2,f6ab14eb-1a66-4ea5-8a0f-0afbda444403,16:00:00,MostlyCloudy,89.852,5.7,138,0.700,2025-07-19 03:01:47.166144,2025-07-07 11:13:03.004519,2025-07-19 03:01:47.195193
19236241,bf996092-8d66-408a-8d8e-5065ca3330c2,f6ab14eb-1a66-4ea5-8a0f-0afbda444403,07:00:00,MostlyCloudy,82.292,4.8,266,0.860,2025-07-24 11:12:27.373547,2025-07-11 09:17:33.291348,2025-07-24 11:12:27.390835
19236241,bf996092-8d66-408a-8d8e-5065ca3330c2,f6ab14eb-1a66-4ea5-8a0f-0afbda444403,16:00:00,Cloudy,89.528,3.1,234,0.680,2025-07-24 11:12:27.374079,2025-07-11 09:17:33.291352,2025-07-24 11:12:27.392606
19236241,bf996092-8d66-408a-8d8e-5065ca3330c2,f6ab14eb-1a66-4ea5-8a0f-0afbda444403,12:00:00,MostlyCloudy,90.482,4.7,259,0.670,2025-07-24 11:12:27.373847,2025-07-11 09:17:33.291351,2025-07-24 11:12:27.391755
19164365,bf996092-8d66-408a-8d8e-5065ca3330c2,f6ab14eb-1a66-4ea5-8a0f-0afbda444403,07:00:00,MostlyCloudy,79.52,11.8,125,0.900,2025-07-20 06:23:19.447615,2025-07-09 03:11:50.941304,2025-07-20 06:23:19.467425
19164365,bf996092-8d66-408a-8d8e-5065ca3330c2,f6ab14eb-1a66-4ea5-8a0f-0afbda444403,12:00:00,PartlyCloudy,89.06,11.9,163,0.700,2025-07-20 06:23:19.447943,2025-07-09 03:11:50.941306,2025-07-20 06:23:19.469499
19164365,bf996092-8d66-408a-8d8e-5065ca3330c2,f6ab14eb-1a66-4ea5-8a0f-0afbda444403,16:00:00,PartlyCloudy,91.148,9.7,178,0.640,2025-07-20 06:23:19.448177,2025-07-09 03:11:50.941307,2025-07-20 06:23:19.469501
20060296,bf996092-8d66-408a-8d8e-5065ca3330c2,f679f4cf-c089-4a2b-9b84-b14129630601,07:00:00,PartlyCloudy,80.546,6.2,97,0.910,2025-08-26 12:03:07.787771,2025-08-12 06:16:27.205832,2025-08-26 12:03:07.807904
20060296,bf996092-8d66-408a-8d8e-5065ca3330c2,f679f4cf-c089-4a2b-9b84-b14129630601,12:00:00,PartlyCloudy,88.79,8.3,110,0.710,2025-08-26 12:03:07.788068,2025-08-12 06:16:27.205835,2025-08-26 12:03:07.807906
20060296,bf996092-8d66-408a-8d8e-5065ca3330c2,f679f4cf-c089-4a2b-9b84-b14129630601,16:00:00,PartlyCloudy,90.518,8.2,90,0.660,2025-08-26 12:03:07.7883,2025-08-12 06:16:27.205836,2025-08-26 12:03:07.807907
20180446,bf996092-8d66-408a-8d8e-5065ca3330c2,f6ab14eb-1a66-4ea5-8a0f-0afbda444403,07:00:00,Cloudy,79.16,11.2,97,0.910,2025-08-26 06:58:15.361017,2025-08-16 06:39:25.275852,2025-08-26 06:58:15.379062
20180446,bf996092-8d66-408a-8d8e-5065ca3330c2,f6ab14eb-1a66-4ea5-8a0f-0afbda444403,12:00:00,MostlyCloudy,83.984,12.0,118,0.800,2025-08-26 06:58:15.361368,2025-08-16 06:39:25.275855,2025-08-26 06:58:15.380602
20180446,bf996092-8d66-408a-8d8e-5065ca3330c2,f6ab14eb-1a66-4ea5-8a0f-0afbda444403,16:00:00,Thunderstorms,85.856,7.8,143,0.780,2025-08-26 06:58:15.3616,2025-08-16 06:39:25.275856,2025-08-26 06:58:15.381599
19277302,bf996092-8d66-408a-8d8e-5065ca3330c2,f6ab14eb-1a66-4ea5-8a0f-0afbda444403,07:00:00,PartlyCloudy,82.706,3.5,252,0.880,2025-07-24 07:01:30.282795,2025-07-14 06:36:52.331172,2025-07-24 07:01:30.305633
19277302,bf996092-8d66-408a-8d8e-5065ca3330c2,f6ab14eb-1a66-4ea5-8a0f-0afbda444403,12:00:00,Rain,90.428,5.0,276,0.700,2025-07-24 07:01:30.283093,2025-07-14 06:36:52.331175,2025-07-24 07:01:30.305635
19277302,bf996092-8d66-408a-8d8e-5065ca3330c2,f6ab14eb-1a66-4ea5-8a0f-0afbda444403,16:00:00,MostlyCloudy,92.012,6.2,291,0.650,2025-07-24 07:01:30.28333,2025-07-14 06:36:52.331176,2025-07-24 07:01:30.305635
19277302,bf996092-8d66-408a-8d8e-5065ca3330c2,f6ab14eb-1a66-4ea5-8a0f-0afbda444403,07:00:00,PartlyCloudy,82.706,3.5,252,0.880,2025-07-24 07:01:30.282795,2025-07-14 06:36:52.331172,2025-07-24 07:01:30.305633
19277302,bf996092-8d66-408a-8d8e-5065ca3330c2,f6ab14eb-1a66-4ea5-8a0f-0afbda444403,12:00:00,Rain,90.428,5.0,276,0.700,2025-07-24 07:01:30.283093,2025-07-14 06:36:52.331175,2025-07-24 07:01:30.305635
19277302,bf996092-8d66-408a-8d8e-5065ca3330c2,f6ab14eb-1a66-4ea5-8a0f-0afbda444403,16:00:00,MostlyCloudy,92.012,6.2,291,0.650,2025-07-24 07:01:30.28333,2025-07-14 06:36:52.331176,2025-07-24 07:01:30.305635
20186554,bf996092-8d66-408a-8d8e-5065ca3330c2,f6ab14eb-1a66-4ea5-8a0f-0afbda444403,07:00:00,MostlyCloudy,79.088,6.1,114,0.940,2025-08-26 12:28:09.43376,2025-08-17 04:25:20.210338,2025-08-26 12:28:09.44972
20186554,bf996092-8d66-408a-8d8e-5065ca3330c2,f6ab14eb-1a66-4ea5-8a0f-0afbda444403,12:00:00,PartlyCloudy,86.936,6.7,117,0.760,2025-08-26 12:28:09.434053,2025-08-17 04:25:20.210341,2025-08-26 12:28:09.45029
20186554,bf996092-8d66-408a-8d8e-5065ca3330c2,f6ab14eb-1a66-4ea5-8a0f-0afbda444403,16:00:00,PartlyCloudy,89.546,6.0,104,0.710,2025-08-26 12:28:09.434286,2025-08-17 04:25:20.210343,2025-08-26 12:28:09.450762
19389392,bf996092-8d66-408a-8d8e-5065ca3330c2,f6ab14eb-1a66-4ea5-8a0f-0afbda444403,07:00:00,MostlyCloudy,81.266,4.7,13,0.930,2025-07-29 12:54:09.473487,2025-07-17 04:25:07.770791,2025-07-29 12:54:09.495736
19389392,bf996092-8d66-408a-8d8e-5065ca3330c2,f6ab14eb-1a66-4ea5-8a0f-0afbda444403,12:00:00,MostlyCloudy,89.708,11.1,71,0.730,2025-07-29 12:54:09.473838,2025-07-17 04:25:07.770794,2025-07-29 12:54:09.497255
19389392,bf996092-8d66-408a-8d8e-5065ca3330c2,f6ab14eb-1a66-4ea5-8a0f-0afbda444403,16:00:00,PartlyCloudy,91.958,12.4,74,0.640,2025-07-29 12:54:09.474068,2025-07-17 04:25:07.770795,2025-07-29 12:54:09.498215
19419112,bf996092-8d66-408a-8d8e-5065ca3330c2,f679f4cf-c089-4a2b-9b84-b14129630601,12:00:00,MostlyCloudy,89.708,3.2,160,0.700,2025-08-18 13:11:43.90171,2025-07-18 04:38:15.233698,2025-08-18 13:11:43.912494
19419112,bf996092-8d66-408a-8d8e-5065ca3330c2,f679f4cf-c089-4a2b-9b84-b14129630601,16:00:00,PartlyCloudy,93.29,2.2,120,0.620,2025-08-18 13:11:43.902119,2025-07-18 04:38:15.233699,2025-08-18 13:11:43.912496
19419112,bf996092-8d66-408a-8d8e-5065ca3330c2,f679f4cf-c089-4a2b-9b84-b14129630601,07:00:00,MostlyCloudy,81.158,4.7,110,0.890,2025-08-18 13:11:43.901164,2025-07-18 04:38:15.233695,2025-08-18 13:11:43.910586
19812214,bf996092-8d66-408a-8d8e-5065ca3330c2,f6ab14eb-1a66-4ea5-8a0f-0afbda444403,07:00:00,Rain,80.348,3.3,307,0.920,2025-08-09 05:37:05.565859,2025-08-02 07:37:19.249784,2025-08-09 05:37:05.583604
19812214,bf996092-8d66-408a-8d8e-5065ca3330c2,f6ab14eb-1a66-4ea5-8a0f-0afbda444403,12:00:00,Rain,85.064,3.3,292,0.830,2025-08-09 05:37:05.566156,2025-08-02 07:37:19.249787,2025-08-09 05:37:05.583606
19812214,bf996092-8d66-408a-8d8e-5065ca3330c2,f6ab14eb-1a66-4ea5-8a0f-0afbda444403,16:00:00,Cloudy,84.974,7.7,291,0.810,2025-08-09 05:37:05.566385,2025-08-02 07:37:19.249788,2025-08-09 05:37:05.58559
20060297,bf996092-8d66-408a-8d8e-5065ca3330c2,f679f4cf-c089-4a2b-9b84-b14129630601,07:00:00,PartlyCloudy,79.7,4.9,74,0.900,2025-08-26 12:51:55.490466,2025-08-12 06:16:27.209385,2025-08-26 12:51:55.511782
20060297,bf996092-8d66-408a-8d8e-5065ca3330c2,f679f4cf-c089-4a2b-9b84-b14129630601,12:00:00,PartlyCloudy,89.438,7.1,104,0.690,2025-08-26 12:51:55.490769,2025-08-12 06:16:27.209388,2025-08-26 12:51:55.511784
20060297,bf996092-8d66-408a-8d8e-5065ca3330c2,f679f4cf-c089-4a2b-9b84-b14129630601,16:00:00,PartlyCloudy,90.932,5.6,110,0.650,2025-08-26 12:51:55.491024,2025-08-12 06:16:27.209389,2025-08-26 12:51:55.511785
19389392,bf996092-8d66-408a-8d8e-5065ca3330c2,f6ab14eb-1a66-4ea5-8a0f-0afbda444403,07:00:00,MostlyCloudy,81.266,4.7,13,0.930,2025-07-29 12:54:09.473487,2025-07-17 04:25:07.770791,2025-07-29 12:54:09.495736
19389392,bf996092-8d66-408a-8d8e-5065ca3330c2,f6ab14eb-1a66-4ea5-8a0f-0afbda444403,12:00:00,MostlyCloudy,89.708,11.1,71,0.730,2025-07-29 12:54:09.473838,2025-07-17 04:25:07.770794,2025-07-29 12:54:09.497255
19389392,bf996092-8d66-408a-8d8e-5065ca3330c2,f6ab14eb-1a66-4ea5-8a0f-0afbda444403,16:00:00,PartlyCloudy,91.958,12.4,74,0.640,2025-07-29 12:54:09.474068,2025-07-17 04:25:07.770795,2025-07-29 12:54:09.498215
19389392,bf996092-8d66-408a-8d8e-5065ca3330c2,f6ab14eb-1a66-4ea5-8a0f-0afbda444403,07:00:00,MostlyCloudy,81.266,4.7,13,0.930,2025-07-29 12:54:09.473487,2025-07-17 04:25:07.770791,2025-07-29 12:54:09.495736
19389392,bf996092-8d66-408a-8d8e-5065ca3330c2,f6ab14eb-1a66-4ea5-8a0f-0afbda444403,12:00:00,MostlyCloudy,89.708,11.1,71,0.730,2025-07-29 12:54:09.473838,2025-07-17 04:25:07.770794,2025-07-29 12:54:09.497255
19389392,bf996092-8d66-408a-8d8e-5065ca3330c2,f6ab14eb-1a66-4ea5-8a0f-0afbda444403,16:00:00,PartlyCloudy,91.958,12.4,74,0.640,2025-07-29 12:54:09.474068,2025-07-17 04:25:07.770795,2025-07-29 12:54:09.498215
19236241,bf996092-8d66-408a-8d8e-5065ca3330c2,f6ab14eb-1a66-4ea5-8a0f-0afbda444403,07:00:00,MostlyCloudy,82.292,4.8,266,0.860,2025-07-24 11:12:27.373547,2025-07-11 09:17:33.291348,2025-07-24 11:12:27.390835
19236241,bf996092-8d66-408a-8d8e-5065ca3330c2,f6ab14eb-1a66-4ea5-8a0f-0afbda444403,16:00:00,Cloudy,89.528,3.1,234,0.680,2025-07-24 11:12:27.374079,2025-07-11 09:17:33.291352,2025-07-24 11:12:27.392606
19236241,bf996092-8d66-408a-8d8e-5065ca3330c2,f6ab14eb-1a66-4ea5-8a0f-0afbda444403,12:00:00,MostlyCloudy,90.482,4.7,259,0.670,2025-07-24 11:12:27.373847,2025-07-11 09:17:33.291351,2025-07-24 11:12:27.391755
19236241,bf996092-8d66-408a-8d8e-5065ca3330c2,f6ab14eb-1a66-4ea5-8a0f-0afbda444403,07:00:00,MostlyCloudy,82.292,4.8,266,0.860,2025-07-24 11:12:27.373547,2025-07-11 09:17:33.291348,2025-07-24 11:12:27.390835
19236241,bf996092-8d66-408a-8d8e-5065ca3330c2,f6ab14eb-1a66-4ea5-8a0f-0afbda444403,16:00:00,Cloudy,89.528,3.1,234,0.680,2025-07-24 11:12:27.374079,2025-07-11 09:17:33.291352,2025-07-24 11:12:27.392606
19236241,bf996092-8d66-408a-8d8e-5065ca3330c2,f6ab14eb-1a66-4ea5-8a0f-0afbda444403,12:00:00,MostlyCloudy,90.482,4.7,259,0.670,2025-07-24 11:12:27.373847,2025-07-11 09:17:33.291351,2025-07-24 11:12:27.391755
19236241,bf996092-8d66-408a-8d8e-5065ca3330c2,f6ab14eb-1a66-4ea5-8a0f-0afbda444403,07:00:00,MostlyCloudy,82.292,4.8,266,0.860,2025-07-24 11:12:27.373547,2025-07-11 09:17:33.291348,2025-07-24 11:12:27.390835
19236241,bf996092-8d66-408a-8d8e-5065ca3330c2,f6ab14eb-1a66-4ea5-8a0f-0afbda444403,16:00:00,Cloudy,89.528,3.1,234,0.680,2025-07-24 11:12:27.374079,2025-07-11 09:17:33.291352,2025-07-24 11:12:27.392606
19236241,bf996092-8d66-408a-8d8e-5065ca3330c2,f6ab14eb-1a66-4ea5-8a0f-0afbda444403,12:00:00,MostlyCloudy,90.482,4.7,259,0.670,2025-07-24 11:12:27.373847,2025-07-11 09:17:33.291351,2025-07-24 11:12:27.391755
18668824,bf996092-8d66-408a-8d8e-5065ca3330c2,f679f4cf-c089-4a2b-9b84-b14129630601,07:00:00,Drizzle,82.418,5.7,102,0.850,2025-06-30 04:54:53.691579,2025-06-19 04:44:02.485575,2025-06-30 04:54:53.713784
18668824,bf996092-8d66-408a-8d8e-5065ca3330c2,f679f4cf-c089-4a2b-9b84-b14129630601,12:00:00,PartlyCloudy,92.606,6.8,119,0.630,2025-06-30 04:54:53.691875,2025-06-19 04:44:02.485577,2025-06-30 04:54:53.715232
18668824,bf996092-8d66-408a-8d8e-5065ca3330c2,f679f4cf-c089-4a2b-9b84-b14129630601,16:00:00,PartlyCloudy,94.766,7.1,97,0.570,2025-06-30 04:54:53.69211,2025-06-19 04:44:02.485578,2025-06-30 04:54:53.715234
19236241,bf996092-8d66-408a-8d8e-5065ca3330c2,f6ab14eb-1a66-4ea5-8a0f-0afbda444403,07:00:00,MostlyCloudy,82.292,4.8,266,0.860,2025-07-24 11:12:27.373547,2025-07-11 09:17:33.291348,2025-07-24 11:12:27.390835
19236241,bf996092-8d66-408a-8d8e-5065ca3330c2,f6ab14eb-1a66-4ea5-8a0f-0afbda444403,16:00:00,Cloudy,89.528,3.1,234,0.680,2025-07-24 11:12:27.374079,2025-07-11 09:17:33.291352,2025-07-24 11:12:27.392606
19236241,bf996092-8d66-408a-8d8e-5065ca3330c2,f6ab14eb-1a66-4ea5-8a0f-0afbda444403,12:00:00,MostlyCloudy,90.482,4.7,259,0.670,2025-07-24 11:12:27.373847,2025-07-11 09:17:33.291351,2025-07-24 11:12:27.391755
19453078,bf996092-8d66-408a-8d8e-5065ca3330c2,f6ab14eb-1a66-4ea5-8a0f-0afbda444403,07:00:00,Rain,79.592,5.7,83,0.940,2025-08-03 04:12:36.9129,2025-07-20 05:26:03.536213,2025-08-03 04:12:36.934716
19453078,bf996092-8d66-408a-8d8e-5065ca3330c2,f6ab14eb-1a66-4ea5-8a0f-0afbda444403,12:00:00,Cloudy,83.48,5.6,88,0.830,2025-08-03 04:12:36.913194,2025-07-20 05:26:03.536216,2025-08-03 04:12:36.935877
19453078,bf996092-8d66-408a-8d8e-5065ca3330c2,f6ab14eb-1a66-4ea5-8a0f-0afbda444403,16:00:00,Cloudy,85.586,7.4,96,0.790,2025-08-03 04:12:36.913429,2025-07-20 05:26:03.536217,2025-08-03 04:12:36.935878
19818147,bf996092-8d66-408a-8d8e-5065ca3330c2,f6ab14eb-1a66-4ea5-8a0f-0afbda444403,07:00:00,Cloudy,82.598,2.9,312,0.930,2025-08-14 11:33:25.28634,2025-08-04 03:42:57.216144,2025-08-14 11:33:25.305002
19818147,bf996092-8d66-408a-8d8e-5065ca3330c2,f6ab14eb-1a66-4ea5-8a0f-0afbda444403,12:00:00,Cloudy,89.294,3.3,101,0.770,2025-08-14 11:33:25.286669,2025-08-04 03:42:57.216147,2025-08-14 11:33:25.306611
19818147,bf996092-8d66-408a-8d8e-5065ca3330c2,f6ab14eb-1a66-4ea5-8a0f-0afbda444403,16:00:00,Thunderstorms,87.566,5.2,157,0.780,2025-08-14 11:33:25.286898,2025-08-04 03:42:57.216148,2025-08-14 11:33:25.306613
20125491,bf996092-8d66-408a-8d8e-5065ca3330c2,f6ab14eb-1a66-4ea5-8a0f-0afbda444403,07:00:00,MostlyCloudy,79.502,6.9,103,0.930,2025-08-24 04:56:44.661599,2025-08-14 11:25:17.004774,2025-08-24 04:56:44.679343
20125491,bf996092-8d66-408a-8d8e-5065ca3330c2,f6ab14eb-1a66-4ea5-8a0f-0afbda444403,12:00:00,MostlyCloudy,88.034,10.3,114,0.720,2025-08-24 04:56:44.661907,2025-08-14 11:25:17.004777,2025-08-24 04:56:44.680356
20125491,bf996092-8d66-408a-8d8e-5065ca3330c2,f6ab14eb-1a66-4ea5-8a0f-0afbda444403,16:00:00,MostlyCloudy,87.926,8.7,118,0.700,2025-08-24 04:56:44.662135,2025-08-14 11:25:17.004778,2025-08-24 04:56:44.680358
19812217,bf996092-8d66-408a-8d8e-5065ca3330c2,f6ab14eb-1a66-4ea5-8a0f-0afbda444403,07:00:00,Cloudy,81.392,3.7,228,0.920,2025-08-12 05:29:57.764898,2025-08-02 07:37:19.264043,2025-08-12 05:29:57.785657
19812217,bf996092-8d66-408a-8d8e-5065ca3330c2,f6ab14eb-1a66-4ea5-8a0f-0afbda444403,12:00:00,Cloudy,87.062,4.5,257,0.810,2025-08-12 05:29:57.765202,2025-08-02 07:37:19.264045,2025-08-12 05:29:57.786641
19812217,bf996092-8d66-408a-8d8e-5065ca3330c2,f6ab14eb-1a66-4ea5-8a0f-0afbda444403,16:00:00,Cloudy,87.296,2.8,290,0.790,2025-08-12 05:29:57.76544,2025-08-02 07:37:19.264046,2025-08-12 05:29:57.786643
20002880,bf996092-8d66-408a-8d8e-5065ca3330c2,f6ab14eb-1a66-4ea5-8a0f-0afbda444403,07:00:00,PartlyCloudy,81.23,7.1,89,0.910,2025-08-19 03:58:45.720328,2025-08-09 05:24:36.338177,2025-08-19 03:58:45.742378
20002880,bf996092-8d66-408a-8d8e-5065ca3330c2,f6ab14eb-1a66-4ea5-8a0f-0afbda444403,12:00:00,PartlyCloudy,89.06,11.0,103,0.710,2025-08-19 03:58:45.720628,2025-08-09 05:24:36.33818,2025-08-19 03:58:45.743586
20002880,bf996092-8d66-408a-8d8e-5065ca3330c2,f6ab14eb-1a66-4ea5-8a0f-0afbda444403,16:00:00,PartlyCloudy,90.842,8.1,95,0.670,2025-08-19 03:58:45.720863,2025-08-09 05:24:36.338181,2025-08-19 03:58:45.744587
20252095,bf996092-8d66-408a-8d8e-5065ca3330c2,ada6015d-9fce-4f2c-b20f-fc9122d2face,07:00:00,PartlyCloudy,80.528,4.7,74,0.880,2025-08-19 04:39:44.007084,2025-08-19 04:39:44.0284,2025-08-19 04:39:44.028403
20252095,bf996092-8d66-408a-8d8e-5065ca3330c2,ada6015d-9fce-4f2c-b20f-fc9122d2face,12:00:00,PartlyCloudy,88.718,6.7,96,0.710,2025-08-19 04:39:44.007376,2025-08-19 04:39:44.028403,2025-08-19 04:39:44.028404
20252095,bf996092-8d66-408a-8d8e-5065ca3330c2,ada6015d-9fce-4f2c-b20f-fc9122d2face,16:00:00,PartlyCloudy,89.42,6.2,77,0.690,2025-08-19 04:39:44.007603,2025-08-19 04:39:44.028404,2025-08-19 04:39:44.028405
20252095,bf996092-8d66-408a-8d8e-5065ca3330c2,ada6015d-9fce-4f2c-b20f-fc9122d2face,07:00:00,PartlyCloudy,80.528,4.7,74,0.880,2025-08-19 04:39:44.007084,2025-08-19 04:39:44.0284,2025-08-19 04:39:44.028403
20252095,bf996092-8d66-408a-8d8e-5065ca3330c2,ada6015d-9fce-4f2c-b20f-fc9122d2face,12:00:00,PartlyCloudy,88.718,6.7,96,0.710,2025-08-19 04:39:44.007376,2025-08-19 04:39:44.028403,2025-08-19 04:39:44.028404
20252095,bf996092-8d66-408a-8d8e-5065ca3330c2,ada6015d-9fce-4f2c-b20f-fc9122d2face,16:00:00,PartlyCloudy,89.42,6.2,77,0.690,2025-08-19 04:39:44.007603,2025-08-19 04:39:44.028404,2025-08-19 04:39:44.028405
17503678,bf996092-8d66-408a-8d8e-5065ca3330c2,967e785d-d83c-490b-8d6a-2ed926c956ac,16:00:00,MostlyClear,103.586,7.6,310,0.230,2025-05-14 04:10:38.05171,2025-05-06 06:29:49.762319,2025-05-14 04:10:38.080727
17503678,bf996092-8d66-408a-8d8e-5065ca3330c2,967e785d-d83c-490b-8d6a-2ed926c956ac,07:00:00,Clear,79.862,3.6,249,0.630,2025-05-14 04:10:38.051034,2025-05-06 06:29:49.762316,2025-05-14 04:10:38.077605
17503678,bf996092-8d66-408a-8d8e-5065ca3330c2,967e785d-d83c-490b-8d6a-2ed926c956ac,12:00:00,Clear,100.13,7.1,293,0.310,2025-05-14 04:10:38.051411,2025-05-06 06:29:49.762318,2025-05-14 04:10:38.079303
19645170,bf996092-8d66-408a-8d8e-5065ca3330c2,f6ab14eb-1a66-4ea5-8a0f-0afbda444403,07:00:00,Thunderstorms,80.114,2.3,278,0.950,2025-08-04 06:25:33.460361,2025-07-28 10:17:58.161571,2025-08-04 06:25:33.476218
19645170,bf996092-8d66-408a-8d8e-5065ca3330c2,f6ab14eb-1a66-4ea5-8a0f-0afbda444403,12:00:00,Rain,82.958,3.5,256,0.870,2025-08-04 06:25:33.46065,2025-07-28 10:17:58.161573,2025-08-04 06:25:33.47622
19645170,bf996092-8d66-408a-8d8e-5065ca3330c2,f6ab14eb-1a66-4ea5-8a0f-0afbda444403,16:00:00,Drizzle,82.76,5.4,256,0.860,2025-08-04 06:25:33.460904,2025-07-28 10:17:58.161574,2025-08-04 06:25:33.47622
19812215,bf996092-8d66-408a-8d8e-5065ca3330c2,f6ab14eb-1a66-4ea5-8a0f-0afbda444403,07:00:00,Cloudy,78.674,5.0,171,0.940,2025-08-10 05:01:29.560382,2025-08-02 07:37:19.254764,2025-08-10 05:01:29.586097
19812215,bf996092-8d66-408a-8d8e-5065ca3330c2,f6ab14eb-1a66-4ea5-8a0f-0afbda444403,12:00:00,Cloudy,84.884,4.2,184,0.790,2025-08-10 05:01:29.560834,2025-08-02 07:37:19.254767,2025-08-10 05:01:29.586099
19812215,bf996092-8d66-408a-8d8e-5065ca3330c2,f6ab14eb-1a66-4ea5-8a0f-0afbda444403,16:00:00,MostlyCloudy,87.476,3.9,205,0.760,2025-08-10 05:01:29.561178,2025-08-02 07:37:19.254768,2025-08-10 05:01:29.5861
19700066,bf996092-8d66-408a-8d8e-5065ca3330c2,f6ab14eb-1a66-4ea5-8a0f-0afbda444403,12:00:00,MostlyCloudy,88.268,8.7,279,0.740,2025-08-08 03:53:48.229324,2025-07-29 04:28:52.586892,2025-08-08 03:53:48.247123
19700066,bf996092-8d66-408a-8d8e-5065ca3330c2,f6ab14eb-1a66-4ea5-8a0f-0afbda444403,16:00:00,MostlyCloudy,88.286,8.0,275,0.750,2025-08-08 03:53:48.229556,2025-07-29 04:28:52.586893,2025-08-08 03:53:48.249074
19700066,bf996092-8d66-408a-8d8e-5065ca3330c2,f6ab14eb-1a66-4ea5-8a0f-0afbda444403,07:00:00,MostlyCloudy,80.078,5.8,263,0.900,2025-08-08 03:53:48.229029,2025-07-29 04:28:52.586889,2025-08-08 03:53:48.247121
18445742,bf996092-8d66-408a-8d8e-5065ca3330c2,ada6015d-9fce-4f2c-b20f-fc9122d2face,07:00:00,MostlyClear,86.18,3.2,272,0.480,2025-06-11 05:18:09.023336,2025-06-11 05:18:09.057916,2025-06-11 05:18:09.057918
18445742,bf996092-8d66-408a-8d8e-5065ca3330c2,ada6015d-9fce-4f2c-b20f-fc9122d2face,12:00:00,MostlyClear,101.174,4.4,8,0.340,2025-06-11 05:18:09.024087,2025-06-11 05:18:09.057918,2025-06-11 05:18:09.057919
18445742,bf996092-8d66-408a-8d8e-5065ca3330c2,ada6015d-9fce-4f2c-b20f-fc9122d2face,16:00:00,Clear,106.466,4.2,13,0.260,2025-06-11 05:18:09.024631,2025-06-11 05:18:09.057919,2025-06-11 05:18:09.05792
17503670,bf996092-8d66-408a-8d8e-5065ca3330c2,967e785d-d83c-490b-8d6a-2ed926c956ac,07:00:00,MostlyCloudy,75.236,4.0,170,0.770,2025-05-07 09:50:49.655256,2025-05-06 06:29:49.720232,2025-05-07 09:50:49.67794
17503670,bf996092-8d66-408a-8d8e-5065ca3330c2,967e785d-d83c-490b-8d6a-2ed926c956ac,12:00:00,MostlyCloudy,87.692,4.3,152,0.500,2025-05-07 09:50:49.655685,2025-05-06 06:29:49.720235,2025-05-07 09:50:49.677943
17503670,bf996092-8d66-408a-8d8e-5065ca3330c2,967e785d-d83c-490b-8d6a-2ed926c956ac,16:00:00,MostlyCloudy,90.482,8.0,165,0.440,2025-05-07 09:50:49.655979,2025-05-06 06:29:49.720236,2025-05-07 09:50:49.677944
19700066,bf996092-8d66-408a-8d8e-5065ca3330c2,f6ab14eb-1a66-4ea5-8a0f-0afbda444403,12:00:00,MostlyCloudy,88.268,8.7,279,0.740,2025-08-08 03:53:48.229324,2025-07-29 04:28:52.586892,2025-08-08 03:53:48.247123
19700066,bf996092-8d66-408a-8d8e-5065ca3330c2,f6ab14eb-1a66-4ea5-8a0f-0afbda444403,16:00:00,MostlyCloudy,88.286,8.0,275,0.750,2025-08-08 03:53:48.229556,2025-07-29 04:28:52.586893,2025-08-08 03:53:48.249074
19700066,bf996092-8d66-408a-8d8e-5065ca3330c2,f6ab14eb-1a66-4ea5-8a0f-0afbda444403,07:00:00,MostlyCloudy,80.078,5.8,263,0.900,2025-08-08 03:53:48.229029,2025-07-29 04:28:52.586889,2025-08-08 03:53:48.247121
17503670,bf996092-8d66-408a-8d8e-5065ca3330c2,967e785d-d83c-490b-8d6a-2ed926c956ac,07:00:00,MostlyCloudy,75.236,4.0,170,0.770,2025-05-07 09:50:49.655256,2025-05-06 06:29:49.720232,2025-05-07 09:50:49.67794
17503670,bf996092-8d66-408a-8d8e-5065ca3330c2,967e785d-d83c-490b-8d6a-2ed926c956ac,12:00:00,MostlyCloudy,87.692,4.3,152,0.500,2025-05-07 09:50:49.655685,2025-05-06 06:29:49.720235,2025-05-07 09:50:49.677943
17503670,bf996092-8d66-408a-8d8e-5065ca3330c2,967e785d-d83c-490b-8d6a-2ed926c956ac,16:00:00,MostlyCloudy,90.482,8.0,165,0.440,2025-05-07 09:50:49.655979,2025-05-06 06:29:49.720236,2025-05-07 09:50:49.677944
17503670,bf996092-8d66-408a-8d8e-5065ca3330c2,967e785d-d83c-490b-8d6a-2ed926c956ac,07:00:00,MostlyCloudy,75.236,4.0,170,0.770,2025-05-07 09:50:49.655256,2025-05-06 06:29:49.720232,2025-05-07 09:50:49.67794
17503670,bf996092-8d66-408a-8d8e-5065ca3330c2,967e785d-d83c-490b-8d6a-2ed926c956ac,12:00:00,MostlyCloudy,87.692,4.3,152,0.500,2025-05-07 09:50:49.655685,2025-05-06 06:29:49.720235,2025-05-07 09:50:49.677943
17503670,bf996092-8d66-408a-8d8e-5065ca3330c2,967e785d-d83c-490b-8d6a-2ed926c956ac,16:00:00,MostlyCloudy,90.482,8.0,165,0.440,2025-05-07 09:50:49.655979,2025-05-06 06:29:49.720236,2025-05-07 09:50:49.677944
20095150,bf996092-8d66-408a-8d8e-5065ca3330c2,f6ab14eb-1a66-4ea5-8a0f-0afbda444403,07:00:00,Cloudy,79.988,3.4,151,0.930,2025-08-24 04:31:04.398271,2025-08-13 09:57:51.180819,2025-08-24 04:31:04.418896
20095150,bf996092-8d66-408a-8d8e-5065ca3330c2,f6ab14eb-1a66-4ea5-8a0f-0afbda444403,12:00:00,MostlyCloudy,85.82,4.0,191,0.780,2025-08-24 04:31:04.398558,2025-08-13 09:57:51.180822,2025-08-24 04:31:04.418898
20095150,bf996092-8d66-408a-8d8e-5065ca3330c2,f6ab14eb-1a66-4ea5-8a0f-0afbda444403,16:00:00,MostlyCloudy,86.918,4.8,92,0.750,2025-08-24 04:31:04.398788,2025-08-13 09:57:51.180823,2025-08-24 04:31:04.418898
17503670,bf996092-8d66-408a-8d8e-5065ca3330c2,967e785d-d83c-490b-8d6a-2ed926c956ac,07:00:00,MostlyCloudy,75.236,4.0,170,0.770,2025-05-07 09:50:49.655256,2025-05-06 06:29:49.720232,2025-05-07 09:50:49.67794
17503670,bf996092-8d66-408a-8d8e-5065ca3330c2,967e785d-d83c-490b-8d6a-2ed926c956ac,12:00:00,MostlyCloudy,87.692,4.3,152,0.500,2025-05-07 09:50:49.655685,2025-05-06 06:29:49.720235,2025-05-07 09:50:49.677943
17503670,bf996092-8d66-408a-8d8e-5065ca3330c2,967e785d-d83c-490b-8d6a-2ed926c956ac,16:00:00,MostlyCloudy,90.482,8.0,165,0.440,2025-05-07 09:50:49.655979,2025-05-06 06:29:49.720236,2025-05-07 09:50:49.677944
19218302,bf996092-8d66-408a-8d8e-5065ca3330c2,f6ab14eb-1a66-4ea5-8a0f-0afbda444403,16:00:00,MostlyClear,93.434,8.5,257,0.570,2025-07-20 07:18:49.918617,2025-07-10 16:57:59.404174,2025-07-20 07:18:49.941732
19218302,bf996092-8d66-408a-8d8e-5065ca3330c2,f6ab14eb-1a66-4ea5-8a0f-0afbda444403,07:00:00,Clear,81.194,4.4,240,0.870,2025-07-20 07:18:49.918088,2025-07-10 16:57:59.404171,2025-07-20 07:18:49.938598
19218302,bf996092-8d66-408a-8d8e-5065ca3330c2,f6ab14eb-1a66-4ea5-8a0f-0afbda444403,12:00:00,MostlyClear,91.166,6.7,250,0.630,2025-07-20 07:18:49.918386,2025-07-10 16:57:59.404173,2025-07-20 07:18:49.940283
20095150,bf996092-8d66-408a-8d8e-5065ca3330c2,f6ab14eb-1a66-4ea5-8a0f-0afbda444403,07:00:00,Cloudy,79.988,3.4,151,0.930,2025-08-24 04:31:04.398271,2025-08-13 09:57:51.180819,2025-08-24 04:31:04.418896
20095150,bf996092-8d66-408a-8d8e-5065ca3330c2,f6ab14eb-1a66-4ea5-8a0f-0afbda444403,12:00:00,MostlyCloudy,85.82,4.0,191,0.780,2025-08-24 04:31:04.398558,2025-08-13 09:57:51.180822,2025-08-24 04:31:04.418898
20095150,bf996092-8d66-408a-8d8e-5065ca3330c2,f6ab14eb-1a66-4ea5-8a0f-0afbda444403,16:00:00,MostlyCloudy,86.918,4.8,92,0.750,2025-08-24 04:31:04.398788,2025-08-13 09:57:51.180823,2025-08-24 04:31:04.418898
20095150,bf996092-8d66-408a-8d8e-5065ca3330c2,f6ab14eb-1a66-4ea5-8a0f-0afbda444403,07:00:00,Cloudy,79.988,3.4,151,0.930,2025-08-24 04:31:04.398271,2025-08-13 09:57:51.180819,2025-08-24 04:31:04.418896
20095150,bf996092-8d66-408a-8d8e-5065ca3330c2,f6ab14eb-1a66-4ea5-8a0f-0afbda444403,12:00:00,MostlyCloudy,85.82,4.0,191,0.780,2025-08-24 04:31:04.398558,2025-08-13 09:57:51.180822,2025-08-24 04:31:04.418898
20095150,bf996092-8d66-408a-8d8e-5065ca3330c2,f6ab14eb-1a66-4ea5-8a0f-0afbda444403,16:00:00,MostlyCloudy,86.918,4.8,92,0.750,2025-08-24 04:31:04.398788,2025-08-13 09:57:51.180823,2025-08-24 04:31:04.418898
19912947,bf996092-8d66-408a-8d8e-5065ca3330c2,f6ab14eb-1a66-4ea5-8a0f-0afbda444403,07:00:00,MostlyClear,80.546,4.3,80,0.920,2025-08-27 10:03:02.198884,2025-08-06 11:40:05.559736,2025-08-27 10:03:02.208068
19912947,bf996092-8d66-408a-8d8e-5065ca3330c2,f6ab14eb-1a66-4ea5-8a0f-0afbda444403,12:00:00,PartlyCloudy,90.5,6.8,106,0.680,2025-08-27 10:03:02.19918,2025-08-06 11:40:05.559739,2025-08-27 10:03:02.20807
19912947,bf996092-8d66-408a-8d8e-5065ca3330c2,f6ab14eb-1a66-4ea5-8a0f-0afbda444403,16:00:00,PartlyCloudy,90.878,5.3,76,0.660,2025-08-27 10:03:02.199413,2025-08-06 11:40:05.559741,2025-08-27 10:03:02.208071
20095150,bf996092-8d66-408a-8d8e-5065ca3330c2,f6ab14eb-1a66-4ea5-8a0f-0afbda444403,07:00:00,Cloudy,79.988,3.4,151,0.930,2025-08-24 04:31:04.398271,2025-08-13 09:57:51.180819,2025-08-24 04:31:04.418896
20095150,bf996092-8d66-408a-8d8e-5065ca3330c2,f6ab14eb-1a66-4ea5-8a0f-0afbda444403,12:00:00,MostlyCloudy,85.82,4.0,191,0.780,2025-08-24 04:31:04.398558,2025-08-13 09:57:51.180822,2025-08-24 04:31:04.418898
20095150,bf996092-8d66-408a-8d8e-5065ca3330c2,f6ab14eb-1a66-4ea5-8a0f-0afbda444403,16:00:00,MostlyCloudy,86.918,4.8,92,0.750,2025-08-24 04:31:04.398788,2025-08-13 09:57:51.180823,2025-08-24 04:31:04.418898
17982194,bf996092-8d66-408a-8d8e-5065ca3330c2,f679f4cf-c089-4a2b-9b84-b14129630601,07:00:00,PartlyCloudy,77.198,3.9,9,0.710,2025-06-10 07:06:59.030132,2025-05-27 09:24:39.383996,2025-06-10 07:06:59.050419
17982194,bf996092-8d66-408a-8d8e-5065ca3330c2,f679f4cf-c089-4a2b-9b84-b14129630601,12:00:00,PartlyCloudy,88.88,4.2,150,0.490,2025-06-10 07:06:59.03055,2025-05-27 09:24:39.383999,2025-06-10 07:06:59.051232
17982194,bf996092-8d66-408a-8d8e-5065ca3330c2,f679f4cf-c089-4a2b-9b84-b14129630601,16:00:00,MostlyClear,92.03,4.6,255,0.450,2025-06-10 07:06:59.030851,2025-05-27 09:24:39.384,2025-06-10 07:06:59.051234
17918871,bf996092-8d66-408a-8d8e-5065ca3330c2,f679f4cf-c089-4a2b-9b84-b14129630601,07:00:00,Clear,83.57,5.1,103,0.780,2025-07-27 04:44:39.441781,2025-05-22 09:28:52.304922,2025-07-27 04:44:39.446226
17918871,bf996092-8d66-408a-8d8e-5065ca3330c2,f679f4cf-c089-4a2b-9b84-b14129630601,12:00:00,MostlyClear,94.532,4.1,132,0.560,2025-07-27 04:44:39.442073,2025-05-22 09:28:52.304925,2025-07-27 04:44:39.446229
17918871,bf996092-8d66-408a-8d8e-5065ca3330c2,f679f4cf-c089-4a2b-9b84-b14129630601,16:00:00,MostlyClear,97.61,4.2,32,0.480,2025-07-27 04:44:39.442303,2025-05-22 09:28:52.304926,2025-07-27 04:44:39.446229
18049977,bf996092-8d66-408a-8d8e-5065ca3330c2,ada6015d-9fce-4f2c-b20f-fc9122d2face,07:00:00,Clear,84.506,4.0,124,0.770,2025-05-29 08:48:32.643135,2025-05-28 04:52:13.137435,2025-05-29 08:48:32.664281
18049977,bf996092-8d66-408a-8d8e-5065ca3330c2,ada6015d-9fce-4f2c-b20f-fc9122d2face,12:00:00,MostlyClear,94.892,3.0,119,0.540,2025-05-29 08:48:32.643509,2025-05-28 04:52:13.137439,2025-05-29 08:48:32.664283
18049977,bf996092-8d66-408a-8d8e-5065ca3330c2,ada6015d-9fce-4f2c-b20f-fc9122d2face,16:00:00,MostlyClear,98.348,4.0,31,0.460,2025-05-29 08:48:32.643813,2025-05-28 04:52:13.13744,2025-05-29 08:48:32.664283
18914368,bf996092-8d66-408a-8d8e-5065ca3330c2,f6ab14eb-1a66-4ea5-8a0f-0afbda444403,07:00:00,Thunderstorms,80.114,3.7,94,0.910,2025-07-10 17:05:24.388994,2025-06-30 10:05:08.80506,2025-07-10 17:05:24.408895
18914368,bf996092-8d66-408a-8d8e-5065ca3330c2,f6ab14eb-1a66-4ea5-8a0f-0afbda444403,12:00:00,Thunderstorms,82.346,8.0,126,0.820,2025-07-10 17:05:24.389286,2025-06-30 10:05:08.805062,2025-07-10 17:05:24.408897
18914368,bf996092-8d66-408a-8d8e-5065ca3330c2,f6ab14eb-1a66-4ea5-8a0f-0afbda444403,16:00:00,Cloudy,85.406,5.4,114,0.730,2025-07-10 17:05:24.389516,2025-06-30 10:05:08.805063,2025-07-10 17:05:24.411132
19912947,bf996092-8d66-408a-8d8e-5065ca3330c2,f6ab14eb-1a66-4ea5-8a0f-0afbda444403,07:00:00,MostlyClear,80.546,4.3,80,0.920,2025-08-27 10:03:02.198884,2025-08-06 11:40:05.559736,2025-08-27 10:03:02.208068
19912947,bf996092-8d66-408a-8d8e-5065ca3330c2,f6ab14eb-1a66-4ea5-8a0f-0afbda444403,12:00:00,PartlyCloudy,90.5,6.8,106,0.680,2025-08-27 10:03:02.19918,2025-08-06 11:40:05.559739,2025-08-27 10:03:02.20807
19912947,bf996092-8d66-408a-8d8e-5065ca3330c2,f6ab14eb-1a66-4ea5-8a0f-0afbda444403,16:00:00,PartlyCloudy,90.878,5.3,76,0.660,2025-08-27 10:03:02.199413,2025-08-06 11:40:05.559741,2025-08-27 10:03:02.208071
20180446,bf996092-8d66-408a-8d8e-5065ca3330c2,f6ab14eb-1a66-4ea5-8a0f-0afbda444403,07:00:00,Cloudy,79.16,11.2,97,0.910,2025-08-26 06:58:15.361017,2025-08-16 06:39:25.275852,2025-08-26 06:58:15.379062
20180446,bf996092-8d66-408a-8d8e-5065ca3330c2,f6ab14eb-1a66-4ea5-8a0f-0afbda444403,12:00:00,MostlyCloudy,83.984,12.0,118,0.800,2025-08-26 06:58:15.361368,2025-08-16 06:39:25.275855,2025-08-26 06:58:15.380602
20180446,bf996092-8d66-408a-8d8e-5065ca3330c2,f6ab14eb-1a66-4ea5-8a0f-0afbda444403,16:00:00,Thunderstorms,85.856,7.8,143,0.780,2025-08-26 06:58:15.3616,2025-08-16 06:39:25.275856,2025-08-26 06:58:15.381599
20180446,bf996092-8d66-408a-8d8e-5065ca3330c2,f6ab14eb-1a66-4ea5-8a0f-0afbda444403,07:00:00,Cloudy,79.16,11.2,97,0.910,2025-08-26 06:58:15.361017,2025-08-16 06:39:25.275852,2025-08-26 06:58:15.379062
20180446,bf996092-8d66-408a-8d8e-5065ca3330c2,f6ab14eb-1a66-4ea5-8a0f-0afbda444403,12:00:00,MostlyCloudy,83.984,12.0,118,0.800,2025-08-26 06:58:15.361368,2025-08-16 06:39:25.275855,2025-08-26 06:58:15.380602
20180446,bf996092-8d66-408a-8d8e-5065ca3330c2,f6ab14eb-1a66-4ea5-8a0f-0afbda444403,16:00:00,Thunderstorms,85.856,7.8,143,0.780,2025-08-26 06:58:15.3616,2025-08-16 06:39:25.275856,2025-08-26 06:58:15.381599
18669952,bf996092-8d66-408a-8d8e-5065ca3330c2,f6ab14eb-1a66-4ea5-8a0f-0afbda444403,07:00:00,Cloudy,80.924,6.4,100,0.920,2025-06-24 05:41:57.757756,2025-06-19 09:27:22.242382,2025-06-24 05:41:57.780739
18669952,bf996092-8d66-408a-8d8e-5065ca3330c2,f6ab14eb-1a66-4ea5-8a0f-0afbda444403,12:00:00,Cloudy,86.288,8.4,112,0.780,2025-06-24 05:41:57.758059,2025-06-19 09:27:22.242384,2025-06-24 05:41:57.782266
18669952,bf996092-8d66-408a-8d8e-5065ca3330c2,f6ab14eb-1a66-4ea5-8a0f-0afbda444403,16:00:00,MostlyCloudy,87.944,8.0,115,0.720,2025-06-24 05:41:57.758298,2025-06-19 09:27:22.242385,2025-06-24 05:41:57.782268
19912947,bf996092-8d66-408a-8d8e-5065ca3330c2,f6ab14eb-1a66-4ea5-8a0f-0afbda444403,07:00:00,MostlyClear,80.546,4.3,80,0.920,2025-08-27 10:03:02.198884,2025-08-06 11:40:05.559736,2025-08-27 10:03:02.208068
19912947,bf996092-8d66-408a-8d8e-5065ca3330c2,f6ab14eb-1a66-4ea5-8a0f-0afbda444403,12:00:00,PartlyCloudy,90.5,6.8,106,0.680,2025-08-27 10:03:02.19918,2025-08-06 11:40:05.559739,2025-08-27 10:03:02.20807
19912947,bf996092-8d66-408a-8d8e-5065ca3330c2,f6ab14eb-1a66-4ea5-8a0f-0afbda444403,16:00:00,PartlyCloudy,90.878,5.3,76,0.660,2025-08-27 10:03:02.199413,2025-08-06 11:40:05.559741,2025-08-27 10:03:02.208071
19069580,bf996092-8d66-408a-8d8e-5065ca3330c2,f6ab14eb-1a66-4ea5-8a0f-0afbda444403,07:00:00,Cloudy,79.376,8.2,113,0.930,2025-07-17 09:49:01.799192,2025-07-07 11:13:02.999658,2025-07-17 09:49:01.832613
19069580,bf996092-8d66-408a-8d8e-5065ca3330c2,f6ab14eb-1a66-4ea5-8a0f-0afbda444403,12:00:00,PartlyCloudy,89.06,8.3,139,0.740,2025-07-17 09:49:01.799535,2025-07-07 11:13:02.999661,2025-07-17 09:49:01.832616
19069580,bf996092-8d66-408a-8d8e-5065ca3330c2,f6ab14eb-1a66-4ea5-8a0f-0afbda444403,16:00:00,PartlyCloudy,90.572,7.5,140,0.680,2025-07-17 09:49:01.79987,2025-07-07 11:13:02.999662,2025-07-17 09:49:01.835614
19057106,bf996092-8d66-408a-8d8e-5065ca3330c2,f6ab14eb-1a66-4ea5-8a0f-0afbda444403,07:00:00,Cloudy,80.204,5.9,89,0.930,2025-07-14 06:41:36.340831,2025-07-04 08:47:14.663019,2025-07-14 06:41:36.358793
19057106,bf996092-8d66-408a-8d8e-5065ca3330c2,f6ab14eb-1a66-4ea5-8a0f-0afbda444403,12:00:00,Cloudy,87.62,8.9,113,0.760,2025-07-14 06:41:36.341127,2025-07-04 08:47:14.663022,2025-07-14 06:41:36.358795
19057106,bf996092-8d66-408a-8d8e-5065ca3330c2,f6ab14eb-1a66-4ea5-8a0f-0afbda444403,16:00:00,Cloudy,89.312,6.8,126,0.730,2025-07-14 06:41:36.341361,2025-07-04 08:47:14.663023,2025-07-14 06:41:36.36061
19037253,bf996092-8d66-408a-8d8e-5065ca3330c2,f6ab14eb-1a66-4ea5-8a0f-0afbda444403,07:00:00,MostlyClear,81.446,2.9,36,0.890,2025-07-13 04:43:16.738639,2025-07-03 12:48:55.152486,2025-07-13 04:43:16.757268
19037253,bf996092-8d66-408a-8d8e-5065ca3330c2,f6ab14eb-1a66-4ea5-8a0f-0afbda444403,12:00:00,PartlyCloudy,90.05,6.4,85,0.680,2025-07-13 04:43:16.738937,2025-07-03 12:48:55.152489,2025-07-13 04:43:16.75869
19037253,bf996092-8d66-408a-8d8e-5065ca3330c2,f6ab14eb-1a66-4ea5-8a0f-0afbda444403,16:00:00,PartlyCloudy,91.436,6.8,81,0.630,2025-07-13 04:43:16.739173,2025-07-03 12:48:55.15249,2025-07-13 04:43:16.758692
18669952,bf996092-8d66-408a-8d8e-5065ca3330c2,f6ab14eb-1a66-4ea5-8a0f-0afbda444403,07:00:00,Cloudy,80.924,6.4,100,0.920,2025-06-24 05:41:57.757756,2025-06-19 09:27:22.242382,2025-06-24 05:41:57.780739
18669952,bf996092-8d66-408a-8d8e-5065ca3330c2,f6ab14eb-1a66-4ea5-8a0f-0afbda444403,12:00:00,Cloudy,86.288,8.4,112,0.780,2025-06-24 05:41:57.758059,2025-06-19 09:27:22.242384,2025-06-24 05:41:57.782266
18669952,bf996092-8d66-408a-8d8e-5065ca3330c2,f6ab14eb-1a66-4ea5-8a0f-0afbda444403,16:00:00,MostlyCloudy,87.944,8.0,115,0.720,2025-06-24 05:41:57.758298,2025-06-19 09:27:22.242385,2025-06-24 05:41:57.782268
18669952,bf996092-8d66-408a-8d8e-5065ca3330c2,f6ab14eb-1a66-4ea5-8a0f-0afbda444403,07:00:00,Cloudy,80.924,6.4,100,0.920,2025-06-24 05:41:57.757756,2025-06-19 09:27:22.242382,2025-06-24 05:41:57.780739
18669952,bf996092-8d66-408a-8d8e-5065ca3330c2,f6ab14eb-1a66-4ea5-8a0f-0afbda444403,12:00:00,Cloudy,86.288,8.4,112,0.780,2025-06-24 05:41:57.758059,2025-06-19 09:27:22.242384,2025-06-24 05:41:57.782266
18669952,bf996092-8d66-408a-8d8e-5065ca3330c2,f6ab14eb-1a66-4ea5-8a0f-0afbda444403,16:00:00,MostlyCloudy,87.944,8.0,115,0.720,2025-06-24 05:41:57.758298,2025-06-19 09:27:22.242385,2025-06-24 05:41:57.782268
19236241,bf996092-8d66-408a-8d8e-5065ca3330c2,f6ab14eb-1a66-4ea5-8a0f-0afbda444403,07:00:00,MostlyCloudy,82.292,4.8,266,0.860,2025-07-24 11:12:27.373547,2025-07-11 09:17:33.291348,2025-07-24 11:12:27.390835
19236241,bf996092-8d66-408a-8d8e-5065ca3330c2,f6ab14eb-1a66-4ea5-8a0f-0afbda444403,16:00:00,Cloudy,89.528,3.1,234,0.680,2025-07-24 11:12:27.374079,2025-07-11 09:17:33.291352,2025-07-24 11:12:27.392606
19236241,bf996092-8d66-408a-8d8e-5065ca3330c2,f6ab14eb-1a66-4ea5-8a0f-0afbda444403,12:00:00,MostlyCloudy,90.482,4.7,259,0.670,2025-07-24 11:12:27.373847,2025-07-11 09:17:33.291351,2025-07-24 11:12:27.391755
19269906,bf996092-8d66-408a-8d8e-5065ca3330c2,f6ab14eb-1a66-4ea5-8a0f-0afbda444403,07:00:00,PartlyCloudy,82.364,2.5,346,0.870,2025-07-24 06:52:41.594033,2025-07-13 04:31:52.8537,2025-07-24 06:52:41.612389
19269906,bf996092-8d66-408a-8d8e-5065ca3330c2,f6ab14eb-1a66-4ea5-8a0f-0afbda444403,12:00:00,PartlyCloudy,91.616,4.2,296,0.650,2025-07-24 06:52:41.594361,2025-07-13 04:31:52.853703,2025-07-24 06:52:41.613968
19269906,bf996092-8d66-408a-8d8e-5065ca3330c2,f6ab14eb-1a66-4ea5-8a0f-0afbda444403,16:00:00,MostlyCloudy,93.272,5.7,280,0.600,2025-07-24 06:52:41.594592,2025-07-13 04:31:52.853704,2025-07-24 06:52:41.614882
19645169,bf996092-8d66-408a-8d8e-5065ca3330c2,f6ab14eb-1a66-4ea5-8a0f-0afbda444403,07:00:00,Cloudy,80.024,3.0,265,0.940,2025-08-04 05:03:21.773516,2025-07-28 10:17:58.156337,2025-08-04 05:03:21.790834
19645169,bf996092-8d66-408a-8d8e-5065ca3330c2,f6ab14eb-1a66-4ea5-8a0f-0afbda444403,12:00:00,Cloudy,86.63,4.9,306,0.800,2025-08-04 05:03:21.77382,2025-07-28 10:17:58.15634,2025-08-04 05:03:21.790836
19645169,bf996092-8d66-408a-8d8e-5065ca3330c2,f6ab14eb-1a66-4ea5-8a0f-0afbda444403,16:00:00,Cloudy,86.45,4.6,293,0.790,2025-08-04 05:03:21.774056,2025-07-28 10:17:58.156341,2025-08-04 05:03:21.792434
19645169,bf996092-8d66-408a-8d8e-5065ca3330c2,f6ab14eb-1a66-4ea5-8a0f-0afbda444403,07:00:00,Cloudy,80.024,3.0,265,0.940,2025-08-04 05:03:21.773516,2025-07-28 10:17:58.156337,2025-08-04 05:03:21.790834
19645169,bf996092-8d66-408a-8d8e-5065ca3330c2,f6ab14eb-1a66-4ea5-8a0f-0afbda444403,12:00:00,Cloudy,86.63,4.9,306,0.800,2025-08-04 05:03:21.77382,2025-07-28 10:17:58.15634,2025-08-04 05:03:21.790836
19645169,bf996092-8d66-408a-8d8e-5065ca3330c2,f6ab14eb-1a66-4ea5-8a0f-0afbda444403,16:00:00,Cloudy,86.45,4.6,293,0.790,2025-08-04 05:03:21.774056,2025-07-28 10:17:58.156341,2025-08-04 05:03:21.792434
17918870,bf996092-8d66-408a-8d8e-5065ca3330c2,f679f4cf-c089-4a2b-9b84-b14129630601,07:00:00,Clear,80.312,5.5,91,0.820,2025-05-28 06:38:26.119112,2025-05-22 09:28:52.300336,2025-05-28 06:38:26.142446
17918870,bf996092-8d66-408a-8d8e-5065ca3330c2,f679f4cf-c089-4a2b-9b84-b14129630601,12:00:00,MostlyClear,92.084,5.7,127,0.590,2025-05-28 06:38:26.11951,2025-05-22 09:28:52.300338,2025-05-28 06:38:26.143573
17918870,bf996092-8d66-408a-8d8e-5065ca3330c2,f679f4cf-c089-4a2b-9b84-b14129630601,16:00:00,MostlyClear,95.45,2.7,103,0.500,2025-05-28 06:38:26.119816,2025-05-22 09:28:52.300339,2025-05-28 06:38:26.144711
17982194,bf996092-8d66-408a-8d8e-5065ca3330c2,f679f4cf-c089-4a2b-9b84-b14129630601,07:00:00,PartlyCloudy,77.198,3.9,9,0.710,2025-06-10 07:06:59.030132,2025-05-27 09:24:39.383996,2025-06-10 07:06:59.050419
17982194,bf996092-8d66-408a-8d8e-5065ca3330c2,f679f4cf-c089-4a2b-9b84-b14129630601,12:00:00,PartlyCloudy,88.88,4.2,150,0.490,2025-06-10 07:06:59.03055,2025-05-27 09:24:39.383999,2025-06-10 07:06:59.051232
17982194,bf996092-8d66-408a-8d8e-5065ca3330c2,f679f4cf-c089-4a2b-9b84-b14129630601,16:00:00,MostlyClear,92.03,4.6,255,0.450,2025-06-10 07:06:59.030851,2025-05-27 09:24:39.384,2025-06-10 07:06:59.051234
18668822,bf996092-8d66-408a-8d8e-5065ca3330c2,f679f4cf-c089-4a2b-9b84-b14129630601,07:00:00,MostlyCloudy,81.986,5.5,105,0.910,2025-06-29 04:56:14.942257,2025-06-19 04:44:02.477865,2025-06-29 04:56:14.95881
18668822,bf996092-8d66-408a-8d8e-5065ca3330c2,f679f4cf-c089-4a2b-9b84-b14129630601,12:00:00,Cloudy,86,7.3,100,0.820,2025-06-29 04:56:14.942559,2025-06-19 04:44:02.477868,2025-06-29 04:56:14.958812
18668822,bf996092-8d66-408a-8d8e-5065ca3330c2,f679f4cf-c089-4a2b-9b84-b14129630601,16:00:00,Cloudy,88.268,8.5,94,0.760,2025-06-29 04:56:14.942807,2025-06-19 04:44:02.477869,2025-06-29 04:56:14.958813
18668823,bf996092-8d66-408a-8d8e-5065ca3330c2,f679f4cf-c089-4a2b-9b84-b14129630601,07:00:00,MostlyCloudy,82.094,6.1,96,0.880,2025-06-30 04:54:04.701793,2025-06-19 04:44:02.481562,2025-06-30 04:54:04.717966
18668823,bf996092-8d66-408a-8d8e-5065ca3330c2,f679f4cf-c089-4a2b-9b84-b14129630601,12:00:00,MostlyCloudy,91.67,8.7,107,0.660,2025-06-30 04:54:04.702085,2025-06-19 04:44:02.481565,2025-06-30 04:54:04.717967
18668823,bf996092-8d66-408a-8d8e-5065ca3330c2,f679f4cf-c089-4a2b-9b84-b14129630601,16:00:00,MostlyCloudy,93.488,8.1,94,0.600,2025-06-30 04:54:04.702314,2025-06-19 04:44:02.481566,2025-06-30 04:54:04.719091
18668823,bf996092-8d66-408a-8d8e-5065ca3330c2,f679f4cf-c089-4a2b-9b84-b14129630601,07:00:00,MostlyCloudy,82.094,6.1,96,0.880,2025-06-30 04:54:04.701793,2025-06-19 04:44:02.481562,2025-06-30 04:54:04.717966
18668823,bf996092-8d66-408a-8d8e-5065ca3330c2,f679f4cf-c089-4a2b-9b84-b14129630601,12:00:00,MostlyCloudy,91.67,8.7,107,0.660,2025-06-30 04:54:04.702085,2025-06-19 04:44:02.481565,2025-06-30 04:54:04.717967
18668823,bf996092-8d66-408a-8d8e-5065ca3330c2,f679f4cf-c089-4a2b-9b84-b14129630601,16:00:00,MostlyCloudy,93.488,8.1,94,0.600,2025-06-30 04:54:04.702314,2025-06-19 04:44:02.481566,2025-06-30 04:54:04.719091
18911328,bf996092-8d66-408a-8d8e-5065ca3330c2,f679f4cf-c089-4a2b-9b84-b14129630601,07:00:00,PartlyCloudy,81.464,3.3,212,0.900,2025-07-07 12:44:43.799645,2025-06-29 04:47:01.853444,2025-07-07 12:44:43.821161
18911328,bf996092-8d66-408a-8d8e-5065ca3330c2,f679f4cf-c089-4a2b-9b84-b14129630601,12:00:00,PartlyCloudy,89.276,2.9,48,0.720,2025-07-07 12:44:43.80015,2025-06-29 04:47:01.853446,2025-07-07 12:44:43.821163
18911328,bf996092-8d66-408a-8d8e-5065ca3330c2,f679f4cf-c089-4a2b-9b84-b14129630601,16:00:00,PartlyCloudy,90.428,2.7,95,0.680,2025-07-07 12:44:43.80054,2025-06-29 04:47:01.853447,2025-07-07 12:44:43.821163
18669956,bf996092-8d66-408a-8d8e-5065ca3330c2,f6ab14eb-1a66-4ea5-8a0f-0afbda444403,07:00:00,MostlyClear,83.336,8.7,103,0.810,2025-07-07 11:38:46.8606,2025-06-19 09:27:22.262464,2025-07-07 11:38:46.879696
18669956,bf996092-8d66-408a-8d8e-5065ca3330c2,f6ab14eb-1a66-4ea5-8a0f-0afbda444403,12:00:00,PartlyCloudy,93.47,10.7,104,0.590,2025-07-07 11:38:46.860895,2025-06-19 09:27:22.262467,2025-07-07 11:38:46.881688
18669956,bf996092-8d66-408a-8d8e-5065ca3330c2,f6ab14eb-1a66-4ea5-8a0f-0afbda444403,16:00:00,MostlyClear,95.234,10.6,105,0.540,2025-07-07 11:38:46.861127,2025-06-19 09:27:22.262468,2025-07-07 11:38:46.882827
17918870,bf996092-8d66-408a-8d8e-5065ca3330c2,f679f4cf-c089-4a2b-9b84-b14129630601,07:00:00,Clear,80.312,5.5,91,0.820,2025-05-28 06:38:26.119112,2025-05-22 09:28:52.300336,2025-05-28 06:38:26.142446
17918870,bf996092-8d66-408a-8d8e-5065ca3330c2,f679f4cf-c089-4a2b-9b84-b14129630601,12:00:00,MostlyClear,92.084,5.7,127,0.590,2025-05-28 06:38:26.11951,2025-05-22 09:28:52.300338,2025-05-28 06:38:26.143573
17918870,bf996092-8d66-408a-8d8e-5065ca3330c2,f679f4cf-c089-4a2b-9b84-b14129630601,16:00:00,MostlyClear,95.45,2.7,103,0.500,2025-05-28 06:38:26.119816,2025-05-22 09:28:52.300339,2025-05-28 06:38:26.144711
19608219,bf996092-8d66-408a-8d8e-5065ca3330c2,ada6015d-9fce-4f2c-b20f-fc9122d2face,07:00:00,Cloudy,80.96,2.7,110,0.890,2025-07-29 12:19:12.084435,2025-07-25 12:04:32.391963,2025-07-29 12:19:12.101218
19608219,bf996092-8d66-408a-8d8e-5065ca3330c2,ada6015d-9fce-4f2c-b20f-fc9122d2face,12:00:00,Cloudy,84.65,3.5,83,0.800,2025-07-29 12:19:12.08473,2025-07-25 12:04:32.391967,2025-07-29 12:19:12.101969
19608219,bf996092-8d66-408a-8d8e-5065ca3330c2,ada6015d-9fce-4f2c-b20f-fc9122d2face,16:00:00,Cloudy,85.604,7.1,81,0.770,2025-07-29 12:19:12.084965,2025-07-25 12:04:32.391969,2025-07-29 12:19:12.101971
18668816,bf996092-8d66-408a-8d8e-5065ca3330c2,f679f4cf-c089-4a2b-9b84-b14129630601,07:00:00,PartlyCloudy,80.582,4.8,135,0.880,2025-06-20 14:20:59.315977,2025-06-19 04:44:02.456555,2025-06-20 14:20:59.338004
18668816,bf996092-8d66-408a-8d8e-5065ca3330c2,f679f4cf-c089-4a2b-9b84-b14129630601,12:00:00,PartlyCloudy,88.214,7.0,129,0.710,2025-06-20 14:20:59.316489,2025-06-19 04:44:02.456558,2025-06-20 14:20:59.339159
18668816,bf996092-8d66-408a-8d8e-5065ca3330c2,f679f4cf-c089-4a2b-9b84-b14129630601,16:00:00,MostlyCloudy,91.004,6.3,124,0.650,2025-06-20 14:20:59.316877,2025-06-19 04:44:02.456559,2025-06-20 14:20:59.340309
18669956,bf996092-8d66-408a-8d8e-5065ca3330c2,f6ab14eb-1a66-4ea5-8a0f-0afbda444403,07:00:00,MostlyClear,83.336,8.7,103,0.810,2025-07-07 11:38:46.8606,2025-06-19 09:27:22.262464,2025-07-07 11:38:46.879696
18669956,bf996092-8d66-408a-8d8e-5065ca3330c2,f6ab14eb-1a66-4ea5-8a0f-0afbda444403,12:00:00,PartlyCloudy,93.47,10.7,104,0.590,2025-07-07 11:38:46.860895,2025-06-19 09:27:22.262467,2025-07-07 11:38:46.881688
18669956,bf996092-8d66-408a-8d8e-5065ca3330c2,f6ab14eb-1a66-4ea5-8a0f-0afbda444403,16:00:00,MostlyClear,95.234,10.6,105,0.540,2025-07-07 11:38:46.861127,2025-06-19 09:27:22.262468,2025-07-07 11:38:46.882827
18668818,bf996092-8d66-408a-8d8e-5065ca3330c2,f679f4cf-c089-4a2b-9b84-b14129630601,07:00:00,Drizzle,80.78,2.9,105,0.900,2025-06-22 06:44:31.548672,2025-06-19 04:44:02.463884,2025-06-22 06:44:31.569485
18668818,bf996092-8d66-408a-8d8e-5065ca3330c2,f679f4cf-c089-4a2b-9b84-b14129630601,12:00:00,MostlyCloudy,91.778,6.1,138,0.640,2025-06-22 06:44:31.54896,2025-06-19 04:44:02.463887,2025-06-22 06:44:31.570637
18668818,bf996092-8d66-408a-8d8e-5065ca3330c2,f679f4cf-c089-4a2b-9b84-b14129630601,16:00:00,PartlyCloudy,94.226,5.1,152,0.590,2025-06-22 06:44:31.549196,2025-06-19 04:44:02.463888,2025-06-22 06:44:31.571733
17349574,bf996092-8d66-408a-8d8e-5065ca3330c2,ada6015d-9fce-4f2c-b20f-fc9122d2face,07:00:00,MostlyCloudy,75.002,7.6,97,0.720,2025-05-05 09:34:12.063121,2025-04-30 10:44:30.770004,2025-05-05 09:34:12.085552
17349574,bf996092-8d66-408a-8d8e-5065ca3330c2,ada6015d-9fce-4f2c-b20f-fc9122d2face,12:00:00,MostlyCloudy,88.88,8.4,121,0.500,2025-05-05 09:34:12.063502,2025-04-30 10:44:30.770007,2025-05-05 09:34:12.085555
17349574,bf996092-8d66-408a-8d8e-5065ca3330c2,ada6015d-9fce-4f2c-b20f-fc9122d2face,16:00:00,PartlyCloudy,92.642,5.9,66,0.410,2025-05-05 09:34:12.063799,2025-04-30 10:44:30.770008,2025-05-05 09:34:12.087679
17349574,bf996092-8d66-408a-8d8e-5065ca3330c2,ada6015d-9fce-4f2c-b20f-fc9122d2face,07:00:00,MostlyCloudy,75.002,7.6,97,0.720,2025-05-05 09:34:12.063121,2025-04-30 10:44:30.770004,2025-05-05 09:34:12.085552
17349574,bf996092-8d66-408a-8d8e-5065ca3330c2,ada6015d-9fce-4f2c-b20f-fc9122d2face,12:00:00,MostlyCloudy,88.88,8.4,121,0.500,2025-05-05 09:34:12.063502,2025-04-30 10:44:30.770007,2025-05-05 09:34:12.085555
17349574,bf996092-8d66-408a-8d8e-5065ca3330c2,ada6015d-9fce-4f2c-b20f-fc9122d2face,16:00:00,PartlyCloudy,92.642,5.9,66,0.410,2025-05-05 09:34:12.063799,2025-04-30 10:44:30.770008,2025-05-05 09:34:12.087679
17349574,bf996092-8d66-408a-8d8e-5065ca3330c2,ada6015d-9fce-4f2c-b20f-fc9122d2face,07:00:00,MostlyCloudy,75.002,7.6,97,0.720,2025-05-05 09:34:12.063121,2025-04-30 10:44:30.770004,2025-05-05 09:34:12.085552
17349574,bf996092-8d66-408a-8d8e-5065ca3330c2,ada6015d-9fce-4f2c-b20f-fc9122d2face,12:00:00,MostlyCloudy,88.88,8.4,121,0.500,2025-05-05 09:34:12.063502,2025-04-30 10:44:30.770007,2025-05-05 09:34:12.085555
17349574,bf996092-8d66-408a-8d8e-5065ca3330c2,ada6015d-9fce-4f2c-b20f-fc9122d2face,16:00:00,PartlyCloudy,92.642,5.9,66,0.410,2025-05-05 09:34:12.063799,2025-04-30 10:44:30.770008,2025-05-05 09:34:12.087679
17349574,bf996092-8d66-408a-8d8e-5065ca3330c2,ada6015d-9fce-4f2c-b20f-fc9122d2face,07:00:00,MostlyCloudy,75.002,7.6,97,0.720,2025-05-05 09:34:12.063121,2025-04-30 10:44:30.770004,2025-05-05 09:34:12.085552
17349574,bf996092-8d66-408a-8d8e-5065ca3330c2,ada6015d-9fce-4f2c-b20f-fc9122d2face,12:00:00,MostlyCloudy,88.88,8.4,121,0.500,2025-05-05 09:34:12.063502,2025-04-30 10:44:30.770007,2025-05-05 09:34:12.085555
17349574,bf996092-8d66-408a-8d8e-5065ca3330c2,ada6015d-9fce-4f2c-b20f-fc9122d2face,16:00:00,PartlyCloudy,92.642,5.9,66,0.410,2025-05-05 09:34:12.063799,2025-04-30 10:44:30.770008,2025-05-05 09:34:12.087679
17349574,bf996092-8d66-408a-8d8e-5065ca3330c2,ada6015d-9fce-4f2c-b20f-fc9122d2face,07:00:00,MostlyCloudy,75.002,7.6,97,0.720,2025-05-05 09:34:12.063121,2025-04-30 10:44:30.770004,2025-05-05 09:34:12.085552
17349574,bf996092-8d66-408a-8d8e-5065ca3330c2,ada6015d-9fce-4f2c-b20f-fc9122d2face,12:00:00,MostlyCloudy,88.88,8.4,121,0.500,2025-05-05 09:34:12.063502,2025-04-30 10:44:30.770007,2025-05-05 09:34:12.085555
17349574,bf996092-8d66-408a-8d8e-5065ca3330c2,ada6015d-9fce-4f2c-b20f-fc9122d2face,16:00:00,PartlyCloudy,92.642,5.9,66,0.410,2025-05-05 09:34:12.063799,2025-04-30 10:44:30.770008,2025-05-05 09:34:12.087679
17349574,bf996092-8d66-408a-8d8e-5065ca3330c2,ada6015d-9fce-4f2c-b20f-fc9122d2face,07:00:00,MostlyCloudy,75.002,7.6,97,0.720,2025-05-05 09:34:12.063121,2025-04-30 10:44:30.770004,2025-05-05 09:34:12.085552
17349574,bf996092-8d66-408a-8d8e-5065ca3330c2,ada6015d-9fce-4f2c-b20f-fc9122d2face,12:00:00,MostlyCloudy,88.88,8.4,121,0.500,2025-05-05 09:34:12.063502,2025-04-30 10:44:30.770007,2025-05-05 09:34:12.085555
17349574,bf996092-8d66-408a-8d8e-5065ca3330c2,ada6015d-9fce-4f2c-b20f-fc9122d2face,16:00:00,PartlyCloudy,92.642,5.9,66,0.410,2025-05-05 09:34:12.063799,2025-04-30 10:44:30.770008,2025-05-05 09:34:12.087679
17349574,bf996092-8d66-408a-8d8e-5065ca3330c2,ada6015d-9fce-4f2c-b20f-fc9122d2face,07:00:00,MostlyCloudy,75.002,7.6,97,0.720,2025-05-05 09:34:12.063121,2025-04-30 10:44:30.770004,2025-05-05 09:34:12.085552
17349574,bf996092-8d66-408a-8d8e-5065ca3330c2,ada6015d-9fce-4f2c-b20f-fc9122d2face,12:00:00,MostlyCloudy,88.88,8.4,121,0.500,2025-05-05 09:34:12.063502,2025-04-30 10:44:30.770007,2025-05-05 09:34:12.085555
17349574,bf996092-8d66-408a-8d8e-5065ca3330c2,ada6015d-9fce-4f2c-b20f-fc9122d2face,16:00:00,PartlyCloudy,92.642,5.9,66,0.410,2025-05-05 09:34:12.063799,2025-04-30 10:44:30.770008,2025-05-05 09:34:12.087679
17349574,bf996092-8d66-408a-8d8e-5065ca3330c2,ada6015d-9fce-4f2c-b20f-fc9122d2face,07:00:00,MostlyCloudy,75.002,7.6,97,0.720,2025-05-05 09:34:12.063121,2025-04-30 10:44:30.770004,2025-05-05 09:34:12.085552
17349574,bf996092-8d66-408a-8d8e-5065ca3330c2,ada6015d-9fce-4f2c-b20f-fc9122d2face,12:00:00,MostlyCloudy,88.88,8.4,121,0.500,2025-05-05 09:34:12.063502,2025-04-30 10:44:30.770007,2025-05-05 09:34:12.085555
17349574,bf996092-8d66-408a-8d8e-5065ca3330c2,ada6015d-9fce-4f2c-b20f-fc9122d2face,16:00:00,PartlyCloudy,92.642,5.9,66,0.410,2025-05-05 09:34:12.063799,2025-04-30 10:44:30.770008,2025-05-05 09:34:12.087679
17349574,bf996092-8d66-408a-8d8e-5065ca3330c2,ada6015d-9fce-4f2c-b20f-fc9122d2face,07:00:00,MostlyCloudy,75.002,7.6,97,0.720,2025-05-05 09:34:12.063121,2025-04-30 10:44:30.770004,2025-05-05 09:34:12.085552
17349574,bf996092-8d66-408a-8d8e-5065ca3330c2,ada6015d-9fce-4f2c-b20f-fc9122d2face,12:00:00,MostlyCloudy,88.88,8.4,121,0.500,2025-05-05 09:34:12.063502,2025-04-30 10:44:30.770007,2025-05-05 09:34:12.085555
17349574,bf996092-8d66-408a-8d8e-5065ca3330c2,ada6015d-9fce-4f2c-b20f-fc9122d2face,16:00:00,PartlyCloudy,92.642,5.9,66,0.410,2025-05-05 09:34:12.063799,2025-04-30 10:44:30.770008,2025-05-05 09:34:12.087679
19236241,bf996092-8d66-408a-8d8e-5065ca3330c2,f6ab14eb-1a66-4ea5-8a0f-0afbda444403,07:00:00,MostlyCloudy,82.292,4.8,266,0.860,2025-07-24 11:12:27.373547,2025-07-11 09:17:33.291348,2025-07-24 11:12:27.390835
19236241,bf996092-8d66-408a-8d8e-5065ca3330c2,f6ab14eb-1a66-4ea5-8a0f-0afbda444403,16:00:00,Cloudy,89.528,3.1,234,0.680,2025-07-24 11:12:27.374079,2025-07-11 09:17:33.291352,2025-07-24 11:12:27.392606
19236241,bf996092-8d66-408a-8d8e-5065ca3330c2,f6ab14eb-1a66-4ea5-8a0f-0afbda444403,12:00:00,MostlyCloudy,90.482,4.7,259,0.670,2025-07-24 11:12:27.373847,2025-07-11 09:17:33.291351,2025-07-24 11:12:27.391755
19236241,bf996092-8d66-408a-8d8e-5065ca3330c2,f6ab14eb-1a66-4ea5-8a0f-0afbda444403,07:00:00,MostlyCloudy,82.292,4.8,266,0.860,2025-07-24 11:12:27.373547,2025-07-11 09:17:33.291348,2025-07-24 11:12:27.390835
19236241,bf996092-8d66-408a-8d8e-5065ca3330c2,f6ab14eb-1a66-4ea5-8a0f-0afbda444403,16:00:00,Cloudy,89.528,3.1,234,0.680,2025-07-24 11:12:27.374079,2025-07-11 09:17:33.291352,2025-07-24 11:12:27.392606
19236241,bf996092-8d66-408a-8d8e-5065ca3330c2,f6ab14eb-1a66-4ea5-8a0f-0afbda444403,12:00:00,MostlyCloudy,90.482,4.7,259,0.670,2025-07-24 11:12:27.373847,2025-07-11 09:17:33.291351,2025-07-24 11:12:27.391755
18911330,bf996092-8d66-408a-8d8e-5065ca3330c2,f679f4cf-c089-4a2b-9b84-b14129630601,07:00:00,MostlyCloudy,81.014,1.5,181,0.870,2025-07-23 11:22:36.841739,2025-06-29 04:47:01.860463,2025-07-23 11:22:36.84656
18911330,bf996092-8d66-408a-8d8e-5065ca3330c2,f679f4cf-c089-4a2b-9b84-b14129630601,12:00:00,MostlyCloudy,89.402,5.4,296,0.690,2025-07-23 11:22:36.84204,2025-06-29 04:47:01.860466,2025-07-23 11:22:36.84761
18911330,bf996092-8d66-408a-8d8e-5065ca3330c2,f679f4cf-c089-4a2b-9b84-b14129630601,16:00:00,MostlyCloudy,91.94,7.4,308,0.630,2025-07-23 11:22:36.842292,2025-06-29 04:47:01.860467,2025-07-23 11:22:36.848426
19236241,bf996092-8d66-408a-8d8e-5065ca3330c2,f6ab14eb-1a66-4ea5-8a0f-0afbda444403,07:00:00,MostlyCloudy,82.292,4.8,266,0.860,2025-07-24 11:12:27.373547,2025-07-11 09:17:33.291348,2025-07-24 11:12:27.390835
19236241,bf996092-8d66-408a-8d8e-5065ca3330c2,f6ab14eb-1a66-4ea5-8a0f-0afbda444403,16:00:00,Cloudy,89.528,3.1,234,0.680,2025-07-24 11:12:27.374079,2025-07-11 09:17:33.291352,2025-07-24 11:12:27.392606
19236241,bf996092-8d66-408a-8d8e-5065ca3330c2,f6ab14eb-1a66-4ea5-8a0f-0afbda444403,12:00:00,MostlyCloudy,90.482,4.7,259,0.670,2025-07-24 11:12:27.373847,2025-07-11 09:17:33.291351,2025-07-24 11:12:27.391755
18668816,bf996092-8d66-408a-8d8e-5065ca3330c2,f679f4cf-c089-4a2b-9b84-b14129630601,07:00:00,PartlyCloudy,80.582,4.8,135,0.880,2025-06-20 14:20:59.315977,2025-06-19 04:44:02.456555,2025-06-20 14:20:59.338004
18668816,bf996092-8d66-408a-8d8e-5065ca3330c2,f679f4cf-c089-4a2b-9b84-b14129630601,12:00:00,PartlyCloudy,88.214,7.0,129,0.710,2025-06-20 14:20:59.316489,2025-06-19 04:44:02.456558,2025-06-20 14:20:59.339159
18668816,bf996092-8d66-408a-8d8e-5065ca3330c2,f679f4cf-c089-4a2b-9b84-b14129630601,16:00:00,MostlyCloudy,91.004,6.3,124,0.650,2025-06-20 14:20:59.316877,2025-06-19 04:44:02.456559,2025-06-20 14:20:59.340309
19269905,bf996092-8d66-408a-8d8e-5065ca3330c2,f6ab14eb-1a66-4ea5-8a0f-0afbda444403,07:00:00,Cloudy,81.644,3.4,102,0.900,2025-07-22 02:57:14.092763,2025-07-13 04:31:52.848246,2025-07-22 02:57:14.110922
19269905,bf996092-8d66-408a-8d8e-5065ca3330c2,f6ab14eb-1a66-4ea5-8a0f-0afbda444403,12:00:00,Cloudy,88.97,3.7,26,0.730,2025-07-22 02:57:14.093058,2025-07-13 04:31:52.848249,2025-07-22 02:57:14.112337
19269905,bf996092-8d66-408a-8d8e-5065ca3330c2,f6ab14eb-1a66-4ea5-8a0f-0afbda444403,16:00:00,MostlyCloudy,90.698,5.0,7,0.650,2025-07-22 02:57:14.093294,2025-07-13 04:31:52.84825,2025-07-22 02:57:14.113605
19645170,bf996092-8d66-408a-8d8e-5065ca3330c2,f6ab14eb-1a66-4ea5-8a0f-0afbda444403,07:00:00,Thunderstorms,80.114,2.3,278,0.950,2025-08-04 06:25:33.460361,2025-07-28 10:17:58.161571,2025-08-04 06:25:33.476218
19645170,bf996092-8d66-408a-8d8e-5065ca3330c2,f6ab14eb-1a66-4ea5-8a0f-0afbda444403,12:00:00,Rain,82.958,3.5,256,0.870,2025-08-04 06:25:33.46065,2025-07-28 10:17:58.161573,2025-08-04 06:25:33.47622
19645170,bf996092-8d66-408a-8d8e-5065ca3330c2,f6ab14eb-1a66-4ea5-8a0f-0afbda444403,16:00:00,Drizzle,82.76,5.4,256,0.860,2025-08-04 06:25:33.460904,2025-07-28 10:17:58.161574,2025-08-04 06:25:33.47622
19645170,bf996092-8d66-408a-8d8e-5065ca3330c2,f6ab14eb-1a66-4ea5-8a0f-0afbda444403,07:00:00,Thunderstorms,80.114,2.3,278,0.950,2025-08-04 06:25:33.460361,2025-07-28 10:17:58.161571,2025-08-04 06:25:33.476218
19645170,bf996092-8d66-408a-8d8e-5065ca3330c2,f6ab14eb-1a66-4ea5-8a0f-0afbda444403,12:00:00,Rain,82.958,3.5,256,0.870,2025-08-04 06:25:33.46065,2025-07-28 10:17:58.161573,2025-08-04 06:25:33.47622
19645170,bf996092-8d66-408a-8d8e-5065ca3330c2,f6ab14eb-1a66-4ea5-8a0f-0afbda444403,16:00:00,Drizzle,82.76,5.4,256,0.860,2025-08-04 06:25:33.460904,2025-07-28 10:17:58.161574,2025-08-04 06:25:33.47622
19419109,bf996092-8d66-408a-8d8e-5065ca3330c2,f679f4cf-c089-4a2b-9b84-b14129630601,07:00:00,MostlyCloudy,80.186,1.6,112,0.920,2025-07-25 12:03:06.616426,2025-07-18 04:38:15.22089,2025-07-25 12:03:06.637637
19419109,bf996092-8d66-408a-8d8e-5065ca3330c2,f679f4cf-c089-4a2b-9b84-b14129630601,12:00:00,Cloudy,84.668,3.5,222,0.800,2025-07-25 12:03:06.616718,2025-07-18 04:38:15.220892,2025-07-25 12:03:06.638803
19419109,bf996092-8d66-408a-8d8e-5065ca3330c2,f679f4cf-c089-4a2b-9b84-b14129630601,16:00:00,Cloudy,87.638,4.2,278,0.750,2025-07-25 12:03:06.616949,2025-07-18 04:38:15.220893,2025-07-25 12:03:06.638804
18911330,bf996092-8d66-408a-8d8e-5065ca3330c2,f679f4cf-c089-4a2b-9b84-b14129630601,07:00:00,MostlyCloudy,81.014,1.5,181,0.870,2025-07-23 11:22:36.841739,2025-06-29 04:47:01.860463,2025-07-23 11:22:36.84656
18911330,bf996092-8d66-408a-8d8e-5065ca3330c2,f679f4cf-c089-4a2b-9b84-b14129630601,12:00:00,MostlyCloudy,89.402,5.4,296,0.690,2025-07-23 11:22:36.84204,2025-06-29 04:47:01.860466,2025-07-23 11:22:36.84761
18911330,bf996092-8d66-408a-8d8e-5065ca3330c2,f679f4cf-c089-4a2b-9b84-b14129630601,16:00:00,MostlyCloudy,91.94,7.4,308,0.630,2025-07-23 11:22:36.842292,2025-06-29 04:47:01.860467,2025-07-23 11:22:36.848426
19269905,bf996092-8d66-408a-8d8e-5065ca3330c2,f6ab14eb-1a66-4ea5-8a0f-0afbda444403,07:00:00,Cloudy,81.644,3.4,102,0.900,2025-07-22 02:57:14.092763,2025-07-13 04:31:52.848246,2025-07-22 02:57:14.110922
19269905,bf996092-8d66-408a-8d8e-5065ca3330c2,f6ab14eb-1a66-4ea5-8a0f-0afbda444403,12:00:00,Cloudy,88.97,3.7,26,0.730,2025-07-22 02:57:14.093058,2025-07-13 04:31:52.848249,2025-07-22 02:57:14.112337
19269905,bf996092-8d66-408a-8d8e-5065ca3330c2,f6ab14eb-1a66-4ea5-8a0f-0afbda444403,16:00:00,MostlyCloudy,90.698,5.0,7,0.650,2025-07-22 02:57:14.093294,2025-07-13 04:31:52.84825,2025-07-22 02:57:14.113605
18853589,bf996092-8d66-408a-8d8e-5065ca3330c2,f679f4cf-c089-4a2b-9b84-b14129630601,07:00:00,PartlyCloudy,80.96,2.2,156,0.890,2025-07-06 05:08:32.086037,2025-06-26 05:23:39.248053,2025-07-06 05:08:32.105987
18853589,bf996092-8d66-408a-8d8e-5065ca3330c2,f679f4cf-c089-4a2b-9b84-b14129630601,12:00:00,PartlyCloudy,90.968,2.8,150,0.700,2025-07-06 05:08:32.086331,2025-06-26 05:23:39.248056,2025-07-06 05:08:32.105989
18853589,bf996092-8d66-408a-8d8e-5065ca3330c2,f679f4cf-c089-4a2b-9b84-b14129630601,16:00:00,Thunderstorms,91.256,4.3,119,0.680,2025-07-06 05:08:32.086576,2025-06-26 05:23:39.248058,2025-07-06 05:08:32.105989
18913495,bf996092-8d66-408a-8d8e-5065ca3330c2,f679f4cf-c089-4a2b-9b84-b14129630601,07:00:00,Cloudy,81.14,5.0,305,0.850,2025-07-23 11:53:25.269703,2025-06-30 04:48:23.643399,2025-07-23 11:53:25.278157
18913495,bf996092-8d66-408a-8d8e-5065ca3330c2,f679f4cf-c089-4a2b-9b84-b14129630601,12:00:00,Cloudy,87.386,5.1,303,0.710,2025-07-23 11:53:25.270024,2025-06-30 04:48:23.643401,2025-07-23 11:53:25.278159
18913495,bf996092-8d66-408a-8d8e-5065ca3330c2,f679f4cf-c089-4a2b-9b84-b14129630601,16:00:00,Cloudy,89.816,6.1,75,0.650,2025-07-23 11:53:25.270278,2025-06-30 04:48:23.643402,2025-07-23 11:53:25.279982
19063903,bf996092-8d66-408a-8d8e-5065ca3330c2,f679f4cf-c089-4a2b-9b84-b14129630601,07:00:00,MostlyCloudy,78.206,9.7,117,0.920,2025-07-23 11:58:15.007991,2025-07-06 04:39:30.44524,2025-07-23 11:58:15.029697
19063903,bf996092-8d66-408a-8d8e-5065ca3330c2,f679f4cf-c089-4a2b-9b84-b14129630601,12:00:00,MostlyCloudy,86.81,12.5,128,0.740,2025-07-23 11:58:15.008355,2025-07-06 04:39:30.445243,2025-07-23 11:58:15.031096
19063903,bf996092-8d66-408a-8d8e-5065ca3330c2,f679f4cf-c089-4a2b-9b84-b14129630601,16:00:00,MostlyCloudy,86.99,10.2,142,0.730,2025-07-23 11:58:15.008591,2025-07-06 04:39:30.445244,2025-07-23 11:58:15.032067
19510129,bf996092-8d66-408a-8d8e-5065ca3330c2,f6ab14eb-1a66-4ea5-8a0f-0afbda444403,07:00:00,MostlyCloudy,79.898,6.1,103,0.930,2025-08-03 06:15:59.028315,2025-07-22 08:37:58.206839,2025-08-03 06:15:59.06151
19510129,bf996092-8d66-408a-8d8e-5065ca3330c2,f6ab14eb-1a66-4ea5-8a0f-0afbda444403,12:00:00,MostlyCloudy,87.188,7.2,122,0.770,2025-08-03 06:15:59.028855,2025-07-22 08:37:58.206842,2025-08-03 06:15:59.061513
19510129,bf996092-8d66-408a-8d8e-5065ca3330c2,f6ab14eb-1a66-4ea5-8a0f-0afbda444403,16:00:00,MostlyCloudy,88.034,6.5,139,0.740,2025-08-03 06:15:59.029252,2025-07-22 08:37:58.206843,2025-08-03 06:15:59.063794
19362399,bf996092-8d66-408a-8d8e-5065ca3330c2,f6ab14eb-1a66-4ea5-8a0f-0afbda444403,07:00:00,MostlyCloudy,84.29,4.7,304,0.870,2025-07-29 10:57:45.254366,2025-07-16 11:39:35.304859,2025-07-29 10:57:45.28024
19362399,bf996092-8d66-408a-8d8e-5065ca3330c2,f6ab14eb-1a66-4ea5-8a0f-0afbda444403,12:00:00,PartlyCloudy,94.784,2.6,23,0.650,2025-07-29 10:57:45.254743,2025-07-16 11:39:35.304865,2025-07-29 10:57:45.281927
19362399,bf996092-8d66-408a-8d8e-5065ca3330c2,f6ab14eb-1a66-4ea5-8a0f-0afbda444403,16:00:00,MostlyCloudy,92.624,3.8,163,0.660,2025-07-29 10:57:45.255044,2025-07-16 11:39:35.304867,2025-07-29 10:57:45.281929
19458683,bf996092-8d66-408a-8d8e-5065ca3330c2,f6ab14eb-1a66-4ea5-8a0f-0afbda444403,07:00:00,Cloudy,80.042,7.2,85,0.920,2025-08-03 05:43:51.568623,2025-07-21 04:49:42.39867,2025-08-03 05:43:51.587022
19458683,bf996092-8d66-408a-8d8e-5065ca3330c2,f6ab14eb-1a66-4ea5-8a0f-0afbda444403,12:00:00,Cloudy,85.244,10.3,116,0.820,2025-08-03 05:43:51.56892,2025-07-21 04:49:42.398676,2025-08-03 05:43:51.588258
19458683,bf996092-8d66-408a-8d8e-5065ca3330c2,f6ab14eb-1a66-4ea5-8a0f-0afbda444403,16:00:00,Cloudy,86.99,10.5,110,0.780,2025-08-03 05:43:51.569157,2025-07-21 04:49:42.398678,2025-08-03 05:43:51.58826
19419107,bf996092-8d66-408a-8d8e-5065ca3330c2,f679f4cf-c089-4a2b-9b84-b14129630601,07:00:00,Cloudy,81.338,3.2,181,0.860,2025-07-23 12:54:57.26481,2025-07-18 04:38:15.212254,2025-07-23 12:54:57.286768
19419107,bf996092-8d66-408a-8d8e-5065ca3330c2,f679f4cf-c089-4a2b-9b84-b14129630601,12:00:00,Drizzle,86.198,4.2,109,0.750,2025-07-23 12:54:57.26515,2025-07-18 04:38:15.212257,2025-07-23 12:54:57.287818
19419107,bf996092-8d66-408a-8d8e-5065ca3330c2,f679f4cf-c089-4a2b-9b84-b14129630601,16:00:00,Cloudy,87.548,5.4,67,0.710,2025-07-23 12:54:57.265415,2025-07-18 04:38:15.212258,2025-07-23 12:54:57.287821
19419107,bf996092-8d66-408a-8d8e-5065ca3330c2,f679f4cf-c089-4a2b-9b84-b14129630601,07:00:00,Cloudy,81.338,3.2,181,0.860,2025-07-23 12:54:57.26481,2025-07-18 04:38:15.212254,2025-07-23 12:54:57.286768
19419107,bf996092-8d66-408a-8d8e-5065ca3330c2,f679f4cf-c089-4a2b-9b84-b14129630601,12:00:00,Drizzle,86.198,4.2,109,0.750,2025-07-23 12:54:57.26515,2025-07-18 04:38:15.212257,2025-07-23 12:54:57.287818
19419107,bf996092-8d66-408a-8d8e-5065ca3330c2,f679f4cf-c089-4a2b-9b84-b14129630601,16:00:00,Cloudy,87.548,5.4,67,0.710,2025-07-23 12:54:57.265415,2025-07-18 04:38:15.212258,2025-07-23 12:54:57.287821
19420929,bf996092-8d66-408a-8d8e-5065ca3330c2,f6ab14eb-1a66-4ea5-8a0f-0afbda444403,07:00:00,MostlyCloudy,81.896,10.8,94,0.850,2025-08-03 03:29:09.493233,2025-07-18 11:20:52.512749,2025-08-03 03:29:09.513989
19420929,bf996092-8d66-408a-8d8e-5065ca3330c2,f6ab14eb-1a66-4ea5-8a0f-0afbda444403,12:00:00,MostlyCloudy,87.89,11.2,116,0.720,2025-08-03 03:29:09.493534,2025-07-18 11:20:52.512752,2025-08-03 03:29:09.515815
19420929,bf996092-8d66-408a-8d8e-5065ca3330c2,f6ab14eb-1a66-4ea5-8a0f-0afbda444403,16:00:00,Drizzle,89.87,7.8,122,0.680,2025-08-03 03:29:09.493798,2025-07-18 11:20:52.512753,2025-08-03 03:29:09.515816
19362399,bf996092-8d66-408a-8d8e-5065ca3330c2,f6ab14eb-1a66-4ea5-8a0f-0afbda444403,07:00:00,MostlyCloudy,84.29,4.7,304,0.870,2025-07-29 10:57:45.254366,2025-07-16 11:39:35.304859,2025-07-29 10:57:45.28024
19362399,bf996092-8d66-408a-8d8e-5065ca3330c2,f6ab14eb-1a66-4ea5-8a0f-0afbda444403,12:00:00,PartlyCloudy,94.784,2.6,23,0.650,2025-07-29 10:57:45.254743,2025-07-16 11:39:35.304865,2025-07-29 10:57:45.281927
19362399,bf996092-8d66-408a-8d8e-5065ca3330c2,f6ab14eb-1a66-4ea5-8a0f-0afbda444403,16:00:00,MostlyCloudy,92.624,3.8,163,0.660,2025-07-29 10:57:45.255044,2025-07-16 11:39:35.304867,2025-07-29 10:57:45.281929
19362399,bf996092-8d66-408a-8d8e-5065ca3330c2,f6ab14eb-1a66-4ea5-8a0f-0afbda444403,07:00:00,MostlyCloudy,84.29,4.7,304,0.870,2025-07-29 10:57:45.254366,2025-07-16 11:39:35.304859,2025-07-29 10:57:45.28024
19362399,bf996092-8d66-408a-8d8e-5065ca3330c2,f6ab14eb-1a66-4ea5-8a0f-0afbda444403,12:00:00,PartlyCloudy,94.784,2.6,23,0.650,2025-07-29 10:57:45.254743,2025-07-16 11:39:35.304865,2025-07-29 10:57:45.281927
19362399,bf996092-8d66-408a-8d8e-5065ca3330c2,f6ab14eb-1a66-4ea5-8a0f-0afbda444403,16:00:00,MostlyCloudy,92.624,3.8,163,0.660,2025-07-29 10:57:45.255044,2025-07-16 11:39:35.304867,2025-07-29 10:57:45.281929
19816109,bf996092-8d66-408a-8d8e-5065ca3330c2,f6ab14eb-1a66-4ea5-8a0f-0afbda444403,07:00:00,Cloudy,80.87,3.7,310,0.930,2025-08-13 12:17:16.868614,2025-08-03 03:28:53.939535,2025-08-13 12:17:16.886378
19816109,bf996092-8d66-408a-8d8e-5065ca3330c2,f6ab14eb-1a66-4ea5-8a0f-0afbda444403,12:00:00,MostlyCloudy,89.276,7.1,309,0.750,2025-08-13 12:17:16.868903,2025-08-03 03:28:53.939539,2025-08-13 12:17:16.887306
19816109,bf996092-8d66-408a-8d8e-5065ca3330c2,f6ab14eb-1a66-4ea5-8a0f-0afbda444403,16:00:00,MostlyCloudy,90.878,8.1,308,0.700,2025-08-13 12:17:16.869133,2025-08-03 03:28:53.93954,2025-08-13 12:17:16.888129
19816109,bf996092-8d66-408a-8d8e-5065ca3330c2,f6ab14eb-1a66-4ea5-8a0f-0afbda444403,07:00:00,Cloudy,80.87,3.7,310,0.930,2025-08-13 12:17:16.868614,2025-08-03 03:28:53.939535,2025-08-13 12:17:16.886378
19816109,bf996092-8d66-408a-8d8e-5065ca3330c2,f6ab14eb-1a66-4ea5-8a0f-0afbda444403,12:00:00,MostlyCloudy,89.276,7.1,309,0.750,2025-08-13 12:17:16.868903,2025-08-03 03:28:53.939539,2025-08-13 12:17:16.887306
19816109,bf996092-8d66-408a-8d8e-5065ca3330c2,f6ab14eb-1a66-4ea5-8a0f-0afbda444403,16:00:00,MostlyCloudy,90.878,8.1,308,0.700,2025-08-13 12:17:16.869133,2025-08-03 03:28:53.93954,2025-08-13 12:17:16.888129
19645169,bf996092-8d66-408a-8d8e-5065ca3330c2,f6ab14eb-1a66-4ea5-8a0f-0afbda444403,07:00:00,Cloudy,80.024,3.0,265,0.940,2025-08-04 05:03:21.773516,2025-07-28 10:17:58.156337,2025-08-04 05:03:21.790834
19645169,bf996092-8d66-408a-8d8e-5065ca3330c2,f6ab14eb-1a66-4ea5-8a0f-0afbda444403,12:00:00,Cloudy,86.63,4.9,306,0.800,2025-08-04 05:03:21.77382,2025-07-28 10:17:58.15634,2025-08-04 05:03:21.790836
19645169,bf996092-8d66-408a-8d8e-5065ca3330c2,f6ab14eb-1a66-4ea5-8a0f-0afbda444403,16:00:00,Cloudy,86.45,4.6,293,0.790,2025-08-04 05:03:21.774056,2025-07-28 10:17:58.156341,2025-08-04 05:03:21.792434
18668816,bf996092-8d66-408a-8d8e-5065ca3330c2,f679f4cf-c089-4a2b-9b84-b14129630601,07:00:00,PartlyCloudy,80.582,4.8,135,0.880,2025-06-20 14:20:59.315977,2025-06-19 04:44:02.456555,2025-06-20 14:20:59.338004
18668816,bf996092-8d66-408a-8d8e-5065ca3330c2,f679f4cf-c089-4a2b-9b84-b14129630601,12:00:00,PartlyCloudy,88.214,7.0,129,0.710,2025-06-20 14:20:59.316489,2025-06-19 04:44:02.456558,2025-06-20 14:20:59.339159
18668816,bf996092-8d66-408a-8d8e-5065ca3330c2,f679f4cf-c089-4a2b-9b84-b14129630601,16:00:00,MostlyCloudy,91.004,6.3,124,0.650,2025-06-20 14:20:59.316877,2025-06-19 04:44:02.456559,2025-06-20 14:20:59.340309
19575015,bf996092-8d66-408a-8d8e-5065ca3330c2,f6ab14eb-1a66-4ea5-8a0f-0afbda444403,07:00:00,MostlyCloudy,79.754,2.9,185,0.930,2025-08-03 06:49:29.310283,2025-07-24 06:45:32.322242,2025-08-03 06:49:29.330839
19575015,bf996092-8d66-408a-8d8e-5065ca3330c2,f6ab14eb-1a66-4ea5-8a0f-0afbda444403,12:00:00,MostlyCloudy,88.106,4.4,173,0.760,2025-08-03 06:49:29.310592,2025-07-24 06:45:32.322245,2025-08-03 06:49:29.331603
19575015,bf996092-8d66-408a-8d8e-5065ca3330c2,f6ab14eb-1a66-4ea5-8a0f-0afbda444403,16:00:00,MostlyCloudy,87.926,5.3,221,0.750,2025-08-03 06:49:29.310834,2025-07-24 06:45:32.322246,2025-08-03 06:49:29.331605
18669955,bf996092-8d66-408a-8d8e-5065ca3330c2,f6ab14eb-1a66-4ea5-8a0f-0afbda444403,07:00:00,MostlyClear,82.688,9.6,97,0.850,2025-06-27 04:59:32.866749,2025-06-19 09:27:22.257463,2025-06-27 04:59:32.885682
18669955,bf996092-8d66-408a-8d8e-5065ca3330c2,f6ab14eb-1a66-4ea5-8a0f-0afbda444403,12:00:00,PartlyCloudy,91.616,12.0,104,0.640,2025-06-27 04:59:32.867046,2025-06-19 09:27:22.257466,2025-06-27 04:59:32.887115
18669955,bf996092-8d66-408a-8d8e-5065ca3330c2,f6ab14eb-1a66-4ea5-8a0f-0afbda444403,16:00:00,PartlyCloudy,94.334,11.2,95,0.580,2025-06-27 04:59:32.867276,2025-06-19 09:27:22.257467,2025-06-27 04:59:32.888376
17536158,bf996092-8d66-408a-8d8e-5065ca3330c2,967e785d-d83c-490b-8d6a-2ed926c956ac,07:00:00,MostlyClear,82.886,3.7,237,0.480,2025-06-27 06:46:36.793153,2025-05-07 06:43:33.062346,2025-06-27 06:46:36.796617
17536158,bf996092-8d66-408a-8d8e-5065ca3330c2,967e785d-d83c-490b-8d6a-2ed926c956ac,12:00:00,MostlyClear,105.278,9.1,296,0.230,2025-06-27 06:46:36.793436,2025-05-07 06:43:33.062349,2025-06-27 06:46:36.797616
17536158,bf996092-8d66-408a-8d8e-5065ca3330c2,967e785d-d83c-490b-8d6a-2ed926c956ac,16:00:00,PartlyCloudy,107.762,11.3,312,0.180,2025-06-27 06:46:36.793664,2025-05-07 06:43:33.06235,2025-06-27 06:46:36.798351
18669954,bf996092-8d66-408a-8d8e-5065ca3330c2,f6ab14eb-1a66-4ea5-8a0f-0afbda444403,07:00:00,MostlyCloudy,82.346,9.1,99,0.900,2025-06-26 04:57:24.03455,2025-06-19 09:27:22.252345,2025-06-26 04:57:24.053583
18669954,bf996092-8d66-408a-8d8e-5065ca3330c2,f6ab14eb-1a66-4ea5-8a0f-0afbda444403,12:00:00,MostlyCloudy,90.014,11.7,106,0.700,2025-06-26 04:57:24.034911,2025-06-19 09:27:22.252347,2025-06-26 04:57:24.053585
18669954,bf996092-8d66-408a-8d8e-5065ca3330c2,f6ab14eb-1a66-4ea5-8a0f-0afbda444403,16:00:00,MostlyClear,93.668,10.1,102,0.610,2025-06-26 04:57:24.035144,2025-06-19 09:27:22.252348,2025-06-26 04:57:24.053586
19389392,bf996092-8d66-408a-8d8e-5065ca3330c2,f6ab14eb-1a66-4ea5-8a0f-0afbda444403,07:00:00,MostlyCloudy,81.266,4.7,13,0.930,2025-07-29 12:54:09.473487,2025-07-17 04:25:07.770791,2025-07-29 12:54:09.495736
19389392,bf996092-8d66-408a-8d8e-5065ca3330c2,f6ab14eb-1a66-4ea5-8a0f-0afbda444403,12:00:00,MostlyCloudy,89.708,11.1,71,0.730,2025-07-29 12:54:09.473838,2025-07-17 04:25:07.770794,2025-07-29 12:54:09.497255
19389392,bf996092-8d66-408a-8d8e-5065ca3330c2,f6ab14eb-1a66-4ea5-8a0f-0afbda444403,16:00:00,PartlyCloudy,91.958,12.4,74,0.640,2025-07-29 12:54:09.474068,2025-07-17 04:25:07.770795,2025-07-29 12:54:09.498215
19269905,bf996092-8d66-408a-8d8e-5065ca3330c2,f6ab14eb-1a66-4ea5-8a0f-0afbda444403,07:00:00,Cloudy,81.644,3.4,102,0.900,2025-07-22 02:57:14.092763,2025-07-13 04:31:52.848246,2025-07-22 02:57:14.110922
19269905,bf996092-8d66-408a-8d8e-5065ca3330c2,f6ab14eb-1a66-4ea5-8a0f-0afbda444403,12:00:00,Cloudy,88.97,3.7,26,0.730,2025-07-22 02:57:14.093058,2025-07-13 04:31:52.848249,2025-07-22 02:57:14.112337
19269905,bf996092-8d66-408a-8d8e-5065ca3330c2,f6ab14eb-1a66-4ea5-8a0f-0afbda444403,16:00:00,MostlyCloudy,90.698,5.0,7,0.650,2025-07-22 02:57:14.093294,2025-07-13 04:31:52.84825,2025-07-22 02:57:14.113605
18669953,bf996092-8d66-408a-8d8e-5065ca3330c2,f6ab14eb-1a66-4ea5-8a0f-0afbda444403,07:00:00,MostlyClear,81.59,4.6,99,0.900,2025-06-25 04:29:02.974075,2025-06-19 09:27:22.247348,2025-06-25 04:29:02.993223
18669953,bf996092-8d66-408a-8d8e-5065ca3330c2,f6ab14eb-1a66-4ea5-8a0f-0afbda444403,12:00:00,MostlyCloudy,90.914,7.3,101,0.680,2025-06-25 04:29:02.974373,2025-06-19 09:27:22.247351,2025-06-25 04:29:02.993225
18669953,bf996092-8d66-408a-8d8e-5065ca3330c2,f6ab14eb-1a66-4ea5-8a0f-0afbda444403,16:00:00,PartlyCloudy,92.3,7.6,115,0.630,2025-06-25 04:29:02.974604,2025-06-19 09:27:22.247351,2025-06-25 04:29:02.995408
19575015,bf996092-8d66-408a-8d8e-5065ca3330c2,f6ab14eb-1a66-4ea5-8a0f-0afbda444403,07:00:00,MostlyCloudy,79.754,2.9,185,0.930,2025-08-03 06:49:29.310283,2025-07-24 06:45:32.322242,2025-08-03 06:49:29.330839
19575015,bf996092-8d66-408a-8d8e-5065ca3330c2,f6ab14eb-1a66-4ea5-8a0f-0afbda444403,12:00:00,MostlyCloudy,88.106,4.4,173,0.760,2025-08-03 06:49:29.310592,2025-07-24 06:45:32.322245,2025-08-03 06:49:29.331603
19575015,bf996092-8d66-408a-8d8e-5065ca3330c2,f6ab14eb-1a66-4ea5-8a0f-0afbda444403,16:00:00,MostlyCloudy,87.926,5.3,221,0.750,2025-08-03 06:49:29.310834,2025-07-24 06:45:32.322246,2025-08-03 06:49:29.331605
19510129,bf996092-8d66-408a-8d8e-5065ca3330c2,f6ab14eb-1a66-4ea5-8a0f-0afbda444403,07:00:00,MostlyCloudy,79.898,6.1,103,0.930,2025-08-03 06:15:59.028315,2025-07-22 08:37:58.206839,2025-08-03 06:15:59.06151
19510129,bf996092-8d66-408a-8d8e-5065ca3330c2,f6ab14eb-1a66-4ea5-8a0f-0afbda444403,12:00:00,MostlyCloudy,87.188,7.2,122,0.770,2025-08-03 06:15:59.028855,2025-07-22 08:37:58.206842,2025-08-03 06:15:59.061513
19510129,bf996092-8d66-408a-8d8e-5065ca3330c2,f6ab14eb-1a66-4ea5-8a0f-0afbda444403,16:00:00,MostlyCloudy,88.034,6.5,139,0.740,2025-08-03 06:15:59.029252,2025-07-22 08:37:58.206843,2025-08-03 06:15:59.063794
19389392,bf996092-8d66-408a-8d8e-5065ca3330c2,f6ab14eb-1a66-4ea5-8a0f-0afbda444403,07:00:00,MostlyCloudy,81.266,4.7,13,0.930,2025-07-29 12:54:09.473487,2025-07-17 04:25:07.770791,2025-07-29 12:54:09.495736
19389392,bf996092-8d66-408a-8d8e-5065ca3330c2,f6ab14eb-1a66-4ea5-8a0f-0afbda444403,12:00:00,MostlyCloudy,89.708,11.1,71,0.730,2025-07-29 12:54:09.473838,2025-07-17 04:25:07.770794,2025-07-29 12:54:09.497255
19389392,bf996092-8d66-408a-8d8e-5065ca3330c2,f6ab14eb-1a66-4ea5-8a0f-0afbda444403,16:00:00,PartlyCloudy,91.958,12.4,74,0.640,2025-07-29 12:54:09.474068,2025-07-17 04:25:07.770795,2025-07-29 12:54:09.498215
19389392,bf996092-8d66-408a-8d8e-5065ca3330c2,f6ab14eb-1a66-4ea5-8a0f-0afbda444403,07:00:00,MostlyCloudy,81.266,4.7,13,0.930,2025-07-29 12:54:09.473487,2025-07-17 04:25:07.770791,2025-07-29 12:54:09.495736
19389392,bf996092-8d66-408a-8d8e-5065ca3330c2,f6ab14eb-1a66-4ea5-8a0f-0afbda444403,12:00:00,MostlyCloudy,89.708,11.1,71,0.730,2025-07-29 12:54:09.473838,2025-07-17 04:25:07.770794,2025-07-29 12:54:09.497255
19389392,bf996092-8d66-408a-8d8e-5065ca3330c2,f6ab14eb-1a66-4ea5-8a0f-0afbda444403,16:00:00,PartlyCloudy,91.958,12.4,74,0.640,2025-07-29 12:54:09.474068,2025-07-17 04:25:07.770795,2025-07-29 12:54:09.498215
19389392,bf996092-8d66-408a-8d8e-5065ca3330c2,f6ab14eb-1a66-4ea5-8a0f-0afbda444403,07:00:00,MostlyCloudy,81.266,4.7,13,0.930,2025-07-29 12:54:09.473487,2025-07-17 04:25:07.770791,2025-07-29 12:54:09.495736
19389392,bf996092-8d66-408a-8d8e-5065ca3330c2,f6ab14eb-1a66-4ea5-8a0f-0afbda444403,12:00:00,MostlyCloudy,89.708,11.1,71,0.730,2025-07-29 12:54:09.473838,2025-07-17 04:25:07.770794,2025-07-29 12:54:09.497255
19389392,bf996092-8d66-408a-8d8e-5065ca3330c2,f6ab14eb-1a66-4ea5-8a0f-0afbda444403,16:00:00,PartlyCloudy,91.958,12.4,74,0.640,2025-07-29 12:54:09.474068,2025-07-17 04:25:07.770795,2025-07-29 12:54:09.498215
18791667,bf996092-8d66-408a-8d8e-5065ca3330c2,f679f4cf-c089-4a2b-9b84-b14129630601,07:00:00,MostlyClear,79.754,4.7,96,0.880,2025-07-06 04:48:36.832756,2025-06-24 07:04:06.267246,2025-07-06 04:48:36.85223
18791667,bf996092-8d66-408a-8d8e-5065ca3330c2,f679f4cf-c089-4a2b-9b84-b14129630601,12:00:00,PartlyCloudy,86.288,8.5,107,0.710,2025-07-06 04:48:36.833105,2025-06-24 07:04:06.267249,2025-07-06 04:48:36.852232
18791667,bf996092-8d66-408a-8d8e-5065ca3330c2,f679f4cf-c089-4a2b-9b84-b14129630601,16:00:00,Drizzle,88.124,8.0,102,0.680,2025-07-06 04:48:36.833347,2025-06-24 07:04:06.26725,2025-07-06 04:48:36.852233
18791667,bf996092-8d66-408a-8d8e-5065ca3330c2,f679f4cf-c089-4a2b-9b84-b14129630601,07:00:00,MostlyClear,79.754,4.7,96,0.880,2025-07-06 04:48:36.832756,2025-06-24 07:04:06.267246,2025-07-06 04:48:36.85223
18791667,bf996092-8d66-408a-8d8e-5065ca3330c2,f679f4cf-c089-4a2b-9b84-b14129630601,12:00:00,PartlyCloudy,86.288,8.5,107,0.710,2025-07-06 04:48:36.833105,2025-06-24 07:04:06.267249,2025-07-06 04:48:36.852232
18791667,bf996092-8d66-408a-8d8e-5065ca3330c2,f679f4cf-c089-4a2b-9b84-b14129630601,16:00:00,Drizzle,88.124,8.0,102,0.680,2025-07-06 04:48:36.833347,2025-06-24 07:04:06.26725,2025-07-06 04:48:36.852233
19458683,bf996092-8d66-408a-8d8e-5065ca3330c2,f6ab14eb-1a66-4ea5-8a0f-0afbda444403,07:00:00,Cloudy,80.042,7.2,85,0.920,2025-08-03 05:43:51.568623,2025-07-21 04:49:42.39867,2025-08-03 05:43:51.587022
19458683,bf996092-8d66-408a-8d8e-5065ca3330c2,f6ab14eb-1a66-4ea5-8a0f-0afbda444403,12:00:00,Cloudy,85.244,10.3,116,0.820,2025-08-03 05:43:51.56892,2025-07-21 04:49:42.398676,2025-08-03 05:43:51.588258
19458683,bf996092-8d66-408a-8d8e-5065ca3330c2,f6ab14eb-1a66-4ea5-8a0f-0afbda444403,16:00:00,Cloudy,86.99,10.5,110,0.780,2025-08-03 05:43:51.569157,2025-07-21 04:49:42.398678,2025-08-03 05:43:51.58826
19453078,bf996092-8d66-408a-8d8e-5065ca3330c2,f6ab14eb-1a66-4ea5-8a0f-0afbda444403,07:00:00,Rain,79.592,5.7,83,0.940,2025-08-03 04:12:36.9129,2025-07-20 05:26:03.536213,2025-08-03 04:12:36.934716
19453078,bf996092-8d66-408a-8d8e-5065ca3330c2,f6ab14eb-1a66-4ea5-8a0f-0afbda444403,12:00:00,Cloudy,83.48,5.6,88,0.830,2025-08-03 04:12:36.913194,2025-07-20 05:26:03.536216,2025-08-03 04:12:36.935877
19453078,bf996092-8d66-408a-8d8e-5065ca3330c2,f6ab14eb-1a66-4ea5-8a0f-0afbda444403,16:00:00,Cloudy,85.586,7.4,96,0.790,2025-08-03 04:12:36.913429,2025-07-20 05:26:03.536217,2025-08-03 04:12:36.935878
19037253,bf996092-8d66-408a-8d8e-5065ca3330c2,f6ab14eb-1a66-4ea5-8a0f-0afbda444403,07:00:00,MostlyClear,81.446,2.9,36,0.890,2025-07-13 04:43:16.738639,2025-07-03 12:48:55.152486,2025-07-13 04:43:16.757268
19037253,bf996092-8d66-408a-8d8e-5065ca3330c2,f6ab14eb-1a66-4ea5-8a0f-0afbda444403,12:00:00,PartlyCloudy,90.05,6.4,85,0.680,2025-07-13 04:43:16.738937,2025-07-03 12:48:55.152489,2025-07-13 04:43:16.75869
19037253,bf996092-8d66-408a-8d8e-5065ca3330c2,f6ab14eb-1a66-4ea5-8a0f-0afbda444403,16:00:00,PartlyCloudy,91.436,6.8,81,0.630,2025-07-13 04:43:16.739173,2025-07-03 12:48:55.15249,2025-07-13 04:43:16.758692
20060295,bf996092-8d66-408a-8d8e-5065ca3330c2,f679f4cf-c089-4a2b-9b84-b14129630601,07:00:00,MostlyClear,80.6,4.8,88,0.910,2025-08-20 07:28:32.815451,2025-08-12 06:16:27.202103,2025-08-20 07:28:32.83988
20060295,bf996092-8d66-408a-8d8e-5065ca3330c2,f679f4cf-c089-4a2b-9b84-b14129630601,12:00:00,PartlyCloudy,89.024,6.9,111,0.690,2025-08-20 07:28:32.81581,2025-08-12 06:16:27.202105,2025-08-20 07:28:32.839882
20060295,bf996092-8d66-408a-8d8e-5065ca3330c2,f679f4cf-c089-4a2b-9b84-b14129630601,16:00:00,MostlyClear,90.842,4.6,89,0.660,2025-08-20 07:28:32.81609,2025-08-12 06:16:27.202106,2025-08-20 07:28:32.840802
19453078,bf996092-8d66-408a-8d8e-5065ca3330c2,f6ab14eb-1a66-4ea5-8a0f-0afbda444403,07:00:00,Rain,79.592,5.7,83,0.940,2025-08-03 04:12:36.9129,2025-07-20 05:26:03.536213,2025-08-03 04:12:36.934716
19453078,bf996092-8d66-408a-8d8e-5065ca3330c2,f6ab14eb-1a66-4ea5-8a0f-0afbda444403,12:00:00,Cloudy,83.48,5.6,88,0.830,2025-08-03 04:12:36.913194,2025-07-20 05:26:03.536216,2025-08-03 04:12:36.935877
19453078,bf996092-8d66-408a-8d8e-5065ca3330c2,f6ab14eb-1a66-4ea5-8a0f-0afbda444403,16:00:00,Cloudy,85.586,7.4,96,0.790,2025-08-03 04:12:36.913429,2025-07-20 05:26:03.536217,2025-08-03 04:12:36.935878
19812217,bf996092-8d66-408a-8d8e-5065ca3330c2,f6ab14eb-1a66-4ea5-8a0f-0afbda444403,07:00:00,Cloudy,81.392,3.7,228,0.920,2025-08-12 05:29:57.764898,2025-08-02 07:37:19.264043,2025-08-12 05:29:57.785657
19812217,bf996092-8d66-408a-8d8e-5065ca3330c2,f6ab14eb-1a66-4ea5-8a0f-0afbda444403,12:00:00,Cloudy,87.062,4.5,257,0.810,2025-08-12 05:29:57.765202,2025-08-02 07:37:19.264045,2025-08-12 05:29:57.786641
19812217,bf996092-8d66-408a-8d8e-5065ca3330c2,f6ab14eb-1a66-4ea5-8a0f-0afbda444403,16:00:00,Cloudy,87.296,2.8,290,0.790,2025-08-12 05:29:57.76544,2025-08-02 07:37:19.264046,2025-08-12 05:29:57.786643
19645172,bf996092-8d66-408a-8d8e-5065ca3330c2,f6ab14eb-1a66-4ea5-8a0f-0afbda444403,07:00:00,Cloudy,78.314,5.7,212,0.930,2025-08-06 09:48:15.425267,2025-07-28 10:17:58.171853,2025-08-06 09:48:15.440709
19645172,bf996092-8d66-408a-8d8e-5065ca3330c2,f6ab14eb-1a66-4ea5-8a0f-0afbda444403,12:00:00,MostlyCloudy,84.524,4.7,243,0.800,2025-08-06 09:48:15.425564,2025-07-28 10:17:58.171856,2025-08-06 09:48:15.440711
19645172,bf996092-8d66-408a-8d8e-5065ca3330c2,f6ab14eb-1a66-4ea5-8a0f-0afbda444403,16:00:00,MostlyCloudy,85.838,1.8,182,0.760,2025-08-06 09:48:15.425798,2025-07-28 10:17:58.171857,2025-08-06 09:48:15.440711
18853589,bf996092-8d66-408a-8d8e-5065ca3330c2,f679f4cf-c089-4a2b-9b84-b14129630601,07:00:00,PartlyCloudy,80.96,2.2,156,0.890,2025-07-06 05:08:32.086037,2025-06-26 05:23:39.248053,2025-07-06 05:08:32.105987
18853589,bf996092-8d66-408a-8d8e-5065ca3330c2,f679f4cf-c089-4a2b-9b84-b14129630601,12:00:00,PartlyCloudy,90.968,2.8,150,0.700,2025-07-06 05:08:32.086331,2025-06-26 05:23:39.248056,2025-07-06 05:08:32.105989
18853589,bf996092-8d66-408a-8d8e-5065ca3330c2,f679f4cf-c089-4a2b-9b84-b14129630601,16:00:00,Thunderstorms,91.256,4.3,119,0.680,2025-07-06 05:08:32.086576,2025-06-26 05:23:39.248058,2025-07-06 05:08:32.105989
18914366,bf996092-8d66-408a-8d8e-5065ca3330c2,f6ab14eb-1a66-4ea5-8a0f-0afbda444403,07:00:00,PartlyCloudy,82.922,5.3,100,0.850,2025-07-08 09:02:43.186099,2025-06-30 10:05:08.797846,2025-07-08 09:02:43.205065
18914366,bf996092-8d66-408a-8d8e-5065ca3330c2,f6ab14eb-1a66-4ea5-8a0f-0afbda444403,12:00:00,MostlyClear,92.318,6.6,107,0.630,2025-07-08 09:02:43.186384,2025-06-30 10:05:08.797848,2025-07-08 09:02:43.206407
18914366,bf996092-8d66-408a-8d8e-5065ca3330c2,f6ab14eb-1a66-4ea5-8a0f-0afbda444403,16:00:00,PartlyCloudy,94.388,5.0,88,0.560,2025-07-08 09:02:43.186623,2025-06-30 10:05:08.797849,2025-07-08 09:02:43.207593
18668817,bf996092-8d66-408a-8d8e-5065ca3330c2,f679f4cf-c089-4a2b-9b84-b14129630601,07:00:00,Cloudy,80.708,5.4,108,0.890,2025-06-21 05:51:45.725576,2025-06-19 04:44:02.460281,2025-06-21 05:51:45.742128
18668817,bf996092-8d66-408a-8d8e-5065ca3330c2,f679f4cf-c089-4a2b-9b84-b14129630601,12:00:00,Cloudy,87.566,8.0,104,0.760,2025-06-21 05:51:45.725883,2025-06-19 04:44:02.460283,2025-06-21 05:51:45.743062
18668817,bf996092-8d66-408a-8d8e-5065ca3330c2,f679f4cf-c089-4a2b-9b84-b14129630601,16:00:00,Cloudy,88.178,7.7,106,0.710,2025-06-21 05:51:45.726139,2025-06-19 04:44:02.460284,2025-06-21 05:51:45.743064
19066072,bf996092-8d66-408a-8d8e-5065ca3330c2,ada6015d-9fce-4f2c-b20f-fc9122d2face,07:00:00,PartlyCloudy,81.824,1.9,239,0.850,2025-07-08 09:49:20.035634,2025-07-07 04:25:53.181633,2025-07-08 09:49:20.05739
19066072,bf996092-8d66-408a-8d8e-5065ca3330c2,ada6015d-9fce-4f2c-b20f-fc9122d2face,12:00:00,MostlyCloudy,90.86,6.0,297,0.670,2025-07-08 09:49:20.036156,2025-07-07 04:25:53.181636,2025-07-08 09:49:20.057391
19066072,bf996092-8d66-408a-8d8e-5065ca3330c2,ada6015d-9fce-4f2c-b20f-fc9122d2face,16:00:00,Cloudy,93.002,6.6,301,0.590,2025-07-08 09:49:20.036566,2025-07-07 04:25:53.181637,2025-07-08 09:49:20.058613
19066072,bf996092-8d66-408a-8d8e-5065ca3330c2,ada6015d-9fce-4f2c-b20f-fc9122d2face,07:00:00,PartlyCloudy,81.824,1.9,239,0.850,2025-07-08 09:49:20.035634,2025-07-07 04:25:53.181633,2025-07-08 09:49:20.05739
19066072,bf996092-8d66-408a-8d8e-5065ca3330c2,ada6015d-9fce-4f2c-b20f-fc9122d2face,12:00:00,MostlyCloudy,90.86,6.0,297,0.670,2025-07-08 09:49:20.036156,2025-07-07 04:25:53.181636,2025-07-08 09:49:20.057391
19066072,bf996092-8d66-408a-8d8e-5065ca3330c2,ada6015d-9fce-4f2c-b20f-fc9122d2face,16:00:00,Cloudy,93.002,6.6,301,0.590,2025-07-08 09:49:20.036566,2025-07-07 04:25:53.181637,2025-07-08 09:49:20.058613
19645172,bf996092-8d66-408a-8d8e-5065ca3330c2,f6ab14eb-1a66-4ea5-8a0f-0afbda444403,07:00:00,Cloudy,78.314,5.7,212,0.930,2025-08-06 09:48:15.425267,2025-07-28 10:17:58.171853,2025-08-06 09:48:15.440709
19645172,bf996092-8d66-408a-8d8e-5065ca3330c2,f6ab14eb-1a66-4ea5-8a0f-0afbda444403,12:00:00,MostlyCloudy,84.524,4.7,243,0.800,2025-08-06 09:48:15.425564,2025-07-28 10:17:58.171856,2025-08-06 09:48:15.440711
19645172,bf996092-8d66-408a-8d8e-5065ca3330c2,f6ab14eb-1a66-4ea5-8a0f-0afbda444403,16:00:00,MostlyCloudy,85.838,1.8,182,0.760,2025-08-06 09:48:15.425798,2025-07-28 10:17:58.171857,2025-08-06 09:48:15.440711
19816109,bf996092-8d66-408a-8d8e-5065ca3330c2,f6ab14eb-1a66-4ea5-8a0f-0afbda444403,07:00:00,Cloudy,80.87,3.7,310,0.930,2025-08-13 12:17:16.868614,2025-08-03 03:28:53.939535,2025-08-13 12:17:16.886378
19816109,bf996092-8d66-408a-8d8e-5065ca3330c2,f6ab14eb-1a66-4ea5-8a0f-0afbda444403,12:00:00,MostlyCloudy,89.276,7.1,309,0.750,2025-08-13 12:17:16.868903,2025-08-03 03:28:53.939539,2025-08-13 12:17:16.887306
19816109,bf996092-8d66-408a-8d8e-5065ca3330c2,f6ab14eb-1a66-4ea5-8a0f-0afbda444403,16:00:00,MostlyCloudy,90.878,8.1,308,0.700,2025-08-13 12:17:16.869133,2025-08-03 03:28:53.93954,2025-08-13 12:17:16.888129
18914367,bf996092-8d66-408a-8d8e-5065ca3330c2,f6ab14eb-1a66-4ea5-8a0f-0afbda444403,07:00:00,MostlyCloudy,84.02,4.0,60,0.830,2025-07-09 09:40:02.525076,2025-06-30 10:05:08.80161,2025-07-09 09:40:02.557168
18914367,bf996092-8d66-408a-8d8e-5065ca3330c2,f6ab14eb-1a66-4ea5-8a0f-0afbda444403,12:00:00,PartlyCloudy,93.992,5.1,136,0.610,2025-07-09 09:40:02.525513,2025-06-30 10:05:08.801612,2025-07-09 09:40:02.559253
18914367,bf996092-8d66-408a-8d8e-5065ca3330c2,f6ab14eb-1a66-4ea5-8a0f-0afbda444403,16:00:00,PartlyCloudy,94.388,3.2,253,0.570,2025-07-09 09:40:02.525911,2025-06-30 10:05:08.801613,2025-07-09 09:40:02.561503
18669955,bf996092-8d66-408a-8d8e-5065ca3330c2,f6ab14eb-1a66-4ea5-8a0f-0afbda444403,07:00:00,MostlyClear,82.688,9.6,97,0.850,2025-06-27 04:59:32.866749,2025-06-19 09:27:22.257463,2025-06-27 04:59:32.885682
18669955,bf996092-8d66-408a-8d8e-5065ca3330c2,f6ab14eb-1a66-4ea5-8a0f-0afbda444403,12:00:00,PartlyCloudy,91.616,12.0,104,0.640,2025-06-27 04:59:32.867046,2025-06-19 09:27:22.257466,2025-06-27 04:59:32.887115
18669955,bf996092-8d66-408a-8d8e-5065ca3330c2,f6ab14eb-1a66-4ea5-8a0f-0afbda444403,16:00:00,PartlyCloudy,94.334,11.2,95,0.580,2025-06-27 04:59:32.867276,2025-06-19 09:27:22.257467,2025-06-27 04:59:32.888376
19812217,bf996092-8d66-408a-8d8e-5065ca3330c2,f6ab14eb-1a66-4ea5-8a0f-0afbda444403,07:00:00,Cloudy,81.392,3.7,228,0.920,2025-08-12 05:29:57.764898,2025-08-02 07:37:19.264043,2025-08-12 05:29:57.785657
19812217,bf996092-8d66-408a-8d8e-5065ca3330c2,f6ab14eb-1a66-4ea5-8a0f-0afbda444403,12:00:00,Cloudy,87.062,4.5,257,0.810,2025-08-12 05:29:57.765202,2025-08-02 07:37:19.264045,2025-08-12 05:29:57.786641
19812217,bf996092-8d66-408a-8d8e-5065ca3330c2,f6ab14eb-1a66-4ea5-8a0f-0afbda444403,16:00:00,Cloudy,87.296,2.8,290,0.790,2025-08-12 05:29:57.76544,2025-08-02 07:37:19.264046,2025-08-12 05:29:57.786643
18445750,bf996092-8d66-408a-8d8e-5065ca3330c2,ada6015d-9fce-4f2c-b20f-fc9122d2face,07:00:00,PartlyCloudy,80.312,4.7,130,0.880,2025-06-19 09:52:32.901603,2025-06-11 05:18:09.093536,2025-06-19 09:52:32.919114
18445750,bf996092-8d66-408a-8d8e-5065ca3330c2,ada6015d-9fce-4f2c-b20f-fc9122d2face,12:00:00,MostlyCloudy,85.676,6.3,126,0.730,2025-06-19 09:52:32.901899,2025-06-11 05:18:09.093539,2025-06-19 09:52:32.920478
18445750,bf996092-8d66-408a-8d8e-5065ca3330c2,ada6015d-9fce-4f2c-b20f-fc9122d2face,16:00:00,MostlyCloudy,88.43,6.9,133,0.650,2025-06-19 09:52:32.902137,2025-06-11 05:18:09.09354,2025-06-19 09:52:32.921265
19069580,bf996092-8d66-408a-8d8e-5065ca3330c2,f6ab14eb-1a66-4ea5-8a0f-0afbda444403,07:00:00,Cloudy,79.376,8.2,113,0.930,2025-07-17 09:49:01.799192,2025-07-07 11:13:02.999658,2025-07-17 09:49:01.832613
19069580,bf996092-8d66-408a-8d8e-5065ca3330c2,f6ab14eb-1a66-4ea5-8a0f-0afbda444403,12:00:00,PartlyCloudy,89.06,8.3,139,0.740,2025-07-17 09:49:01.799535,2025-07-07 11:13:02.999661,2025-07-17 09:49:01.832616
19069580,bf996092-8d66-408a-8d8e-5065ca3330c2,f6ab14eb-1a66-4ea5-8a0f-0afbda444403,16:00:00,PartlyCloudy,90.572,7.5,140,0.680,2025-07-17 09:49:01.79987,2025-07-07 11:13:02.999662,2025-07-17 09:49:01.835614
18914368,bf996092-8d66-408a-8d8e-5065ca3330c2,f6ab14eb-1a66-4ea5-8a0f-0afbda444403,07:00:00,Thunderstorms,80.114,3.7,94,0.910,2025-07-10 17:05:24.388994,2025-06-30 10:05:08.80506,2025-07-10 17:05:24.408895
18914368,bf996092-8d66-408a-8d8e-5065ca3330c2,f6ab14eb-1a66-4ea5-8a0f-0afbda444403,12:00:00,Thunderstorms,82.346,8.0,126,0.820,2025-07-10 17:05:24.389286,2025-06-30 10:05:08.805062,2025-07-10 17:05:24.408897
18914368,bf996092-8d66-408a-8d8e-5065ca3330c2,f6ab14eb-1a66-4ea5-8a0f-0afbda444403,16:00:00,Cloudy,85.406,5.4,114,0.730,2025-07-10 17:05:24.389516,2025-06-30 10:05:08.805063,2025-07-10 17:05:24.411132
20398828,bf996092-8d66-408a-8d8e-5065ca3330c2,f679f4cf-c089-4a2b-9b84-b14129630601,07:00:00,MostlyCloudy,81.842,7.6,271,0.760,2025-08-25 12:39:09.228041,2025-08-25 12:39:09.233365,2025-08-25 12:39:09.233368
20398828,bf996092-8d66-408a-8d8e-5065ca3330c2,f679f4cf-c089-4a2b-9b84-b14129630601,12:00:00,Cloudy,91.058,7.6,294,0.630,2025-08-25 12:39:09.228368,2025-08-25 12:39:09.233368,2025-08-25 12:39:09.233369
20398828,bf996092-8d66-408a-8d8e-5065ca3330c2,f679f4cf-c089-4a2b-9b84-b14129630601,16:00:00,Cloudy,91.814,5.1,328,0.600,2025-08-25 12:39:09.228613,2025-08-25 12:39:09.233369,2025-08-25 12:39:09.23337
20398828,bf996092-8d66-408a-8d8e-5065ca3330c2,f679f4cf-c089-4a2b-9b84-b14129630601,07:00:00,MostlyCloudy,81.842,7.6,271,0.760,2025-08-25 12:39:09.228041,2025-08-25 12:39:09.233365,2025-08-25 12:39:09.233368
20398828,bf996092-8d66-408a-8d8e-5065ca3330c2,f679f4cf-c089-4a2b-9b84-b14129630601,12:00:00,Cloudy,91.058,7.6,294,0.630,2025-08-25 12:39:09.228368,2025-08-25 12:39:09.233368,2025-08-25 12:39:09.233369
20398828,bf996092-8d66-408a-8d8e-5065ca3330c2,f679f4cf-c089-4a2b-9b84-b14129630601,16:00:00,Cloudy,91.814,5.1,328,0.600,2025-08-25 12:39:09.228613,2025-08-25 12:39:09.233369,2025-08-25 12:39:09.23337
19037253,bf996092-8d66-408a-8d8e-5065ca3330c2,f6ab14eb-1a66-4ea5-8a0f-0afbda444403,07:00:00,MostlyClear,81.446,2.9,36,0.890,2025-07-13 04:43:16.738639,2025-07-03 12:48:55.152486,2025-07-13 04:43:16.757268
19037253,bf996092-8d66-408a-8d8e-5065ca3330c2,f6ab14eb-1a66-4ea5-8a0f-0afbda444403,12:00:00,PartlyCloudy,90.05,6.4,85,0.680,2025-07-13 04:43:16.738937,2025-07-03 12:48:55.152489,2025-07-13 04:43:16.75869
19037253,bf996092-8d66-408a-8d8e-5065ca3330c2,f6ab14eb-1a66-4ea5-8a0f-0afbda444403,16:00:00,PartlyCloudy,91.436,6.8,81,0.630,2025-07-13 04:43:16.739173,2025-07-03 12:48:55.15249,2025-07-13 04:43:16.758692
19037252,bf996092-8d66-408a-8d8e-5065ca3330c2,f6ab14eb-1a66-4ea5-8a0f-0afbda444403,07:00:00,MostlyCloudy,80.132,4.1,46,0.900,2025-07-10 17:05:24.390415,2025-07-03 12:48:55.147255,2025-07-10 17:05:24.41235
19037252,bf996092-8d66-408a-8d8e-5065ca3330c2,f6ab14eb-1a66-4ea5-8a0f-0afbda444403,12:00:00,MostlyCloudy,87.62,4.1,91,0.720,2025-07-10 17:05:24.390702,2025-07-03 12:48:55.147257,2025-07-10 17:05:24.413709
19037252,bf996092-8d66-408a-8d8e-5065ca3330c2,f6ab14eb-1a66-4ea5-8a0f-0afbda444403,16:00:00,PartlyCloudy,90.932,5.1,6,0.660,2025-07-10 17:05:24.390958,2025-07-03 12:48:55.147258,2025-07-10 17:05:24.414941
20180446,bf996092-8d66-408a-8d8e-5065ca3330c2,f6ab14eb-1a66-4ea5-8a0f-0afbda444403,07:00:00,Cloudy,79.16,11.2,97,0.910,2025-08-26 06:58:15.361017,2025-08-16 06:39:25.275852,2025-08-26 06:58:15.379062
20180446,bf996092-8d66-408a-8d8e-5065ca3330c2,f6ab14eb-1a66-4ea5-8a0f-0afbda444403,12:00:00,MostlyCloudy,83.984,12.0,118,0.800,2025-08-26 06:58:15.361368,2025-08-16 06:39:25.275855,2025-08-26 06:58:15.380602
20180446,bf996092-8d66-408a-8d8e-5065ca3330c2,f6ab14eb-1a66-4ea5-8a0f-0afbda444403,16:00:00,Thunderstorms,85.856,7.8,143,0.780,2025-08-26 06:58:15.3616,2025-08-16 06:39:25.275856,2025-08-26 06:58:15.381599
19037253,bf996092-8d66-408a-8d8e-5065ca3330c2,f6ab14eb-1a66-4ea5-8a0f-0afbda444403,07:00:00,MostlyClear,81.446,2.9,36,0.890,2025-07-13 04:43:16.738639,2025-07-03 12:48:55.152486,2025-07-13 04:43:16.757268
19037253,bf996092-8d66-408a-8d8e-5065ca3330c2,f6ab14eb-1a66-4ea5-8a0f-0afbda444403,12:00:00,PartlyCloudy,90.05,6.4,85,0.680,2025-07-13 04:43:16.738937,2025-07-03 12:48:55.152489,2025-07-13 04:43:16.75869
19037253,bf996092-8d66-408a-8d8e-5065ca3330c2,f6ab14eb-1a66-4ea5-8a0f-0afbda444403,16:00:00,PartlyCloudy,91.436,6.8,81,0.630,2025-07-13 04:43:16.739173,2025-07-03 12:48:55.15249,2025-07-13 04:43:16.758692
20060294,bf996092-8d66-408a-8d8e-5065ca3330c2,f679f4cf-c089-4a2b-9b84-b14129630601,07:00:00,MostlyCloudy,80.636,6.5,99,0.910,2025-08-26 10:35:39.687919,2025-08-12 06:16:27.198555,2025-08-26 10:35:39.70648
20060294,bf996092-8d66-408a-8d8e-5065ca3330c2,f679f4cf-c089-4a2b-9b84-b14129630601,12:00:00,MostlyCloudy,86.558,7.5,97,0.770,2025-08-26 10:35:39.688215,2025-08-12 06:16:27.198558,2025-08-26 10:35:39.707622
20060294,bf996092-8d66-408a-8d8e-5065ca3330c2,f679f4cf-c089-4a2b-9b84-b14129630601,16:00:00,PartlyCloudy,90.086,6.9,80,0.690,2025-08-26 10:35:39.688447,2025-08-12 06:16:27.198559,2025-08-26 10:35:39.70853
19645173,bf996092-8d66-408a-8d8e-5065ca3330c2,f6ab14eb-1a66-4ea5-8a0f-0afbda444403,12:00:00,MostlyCloudy,85.784,4.1,264,0.790,2025-08-08 06:04:48.137472,2025-07-28 10:17:58.176892,2025-08-08 06:04:48.154407
19645173,bf996092-8d66-408a-8d8e-5065ca3330c2,f6ab14eb-1a66-4ea5-8a0f-0afbda444403,16:00:00,MostlyCloudy,85.082,5.2,310,0.760,2025-08-08 06:04:48.137701,2025-07-28 10:17:58.176894,2025-08-08 06:04:48.154409
19645173,bf996092-8d66-408a-8d8e-5065ca3330c2,f6ab14eb-1a66-4ea5-8a0f-0afbda444403,07:00:00,Rain,78.08,3.1,231,0.950,2025-08-08 06:04:48.137159,2025-07-28 10:17:58.176889,2025-08-08 06:04:48.153522
19645173,bf996092-8d66-408a-8d8e-5065ca3330c2,f6ab14eb-1a66-4ea5-8a0f-0afbda444403,12:00:00,MostlyCloudy,85.784,4.1,264,0.790,2025-08-08 06:04:48.137472,2025-07-28 10:17:58.176892,2025-08-08 06:04:48.154407
19645173,bf996092-8d66-408a-8d8e-5065ca3330c2,f6ab14eb-1a66-4ea5-8a0f-0afbda444403,16:00:00,MostlyCloudy,85.082,5.2,310,0.760,2025-08-08 06:04:48.137701,2025-07-28 10:17:58.176894,2025-08-08 06:04:48.154409
19645173,bf996092-8d66-408a-8d8e-5065ca3330c2,f6ab14eb-1a66-4ea5-8a0f-0afbda444403,07:00:00,Rain,78.08,3.1,231,0.950,2025-08-08 06:04:48.137159,2025-07-28 10:17:58.176889,2025-08-08 06:04:48.153522
19574693,bf996092-8d66-408a-8d8e-5065ca3330c2,967e785d-d83c-490b-8d6a-2ed926c956ac,07:00:00,MostlyCloudy,79.16,4.8,261,0.910,2025-07-24 05:06:26.856911,2025-07-24 05:06:26.877075,2025-07-24 05:06:26.877077
19574693,bf996092-8d66-408a-8d8e-5065ca3330c2,967e785d-d83c-490b-8d6a-2ed926c956ac,12:00:00,Drizzle,86.198,5.5,306,0.750,2025-07-24 05:06:26.857204,2025-07-24 05:06:26.877078,2025-07-24 05:06:26.877078
19574693,bf996092-8d66-408a-8d8e-5065ca3330c2,967e785d-d83c-490b-8d6a-2ed926c956ac,16:00:00,MostlyCloudy,89.582,6.0,307,0.670,2025-07-24 05:06:26.857434,2025-07-24 05:06:26.877079,2025-07-24 05:06:26.877079
20251718,bf996092-8d66-408a-8d8e-5065ca3330c2,f6ab14eb-1a66-4ea5-8a0f-0afbda444403,07:00:00,MostlyCloudy,81.302,7.6,83,0.910,2025-08-28 13:22:32.014036,2025-08-19 03:57:55.115447,2025-08-28 13:22:32.031806
20251718,bf996092-8d66-408a-8d8e-5065ca3330c2,f6ab14eb-1a66-4ea5-8a0f-0afbda444403,12:00:00,MostlyCloudy,89.186,9.5,100,0.730,2025-08-28 13:22:32.014331,2025-08-19 03:57:55.11545,2025-08-28 13:22:32.031808
20251718,bf996092-8d66-408a-8d8e-5065ca3330c2,f6ab14eb-1a66-4ea5-8a0f-0afbda444403,16:00:00,MostlyCloudy,89.672,7.5,97,0.700,2025-08-28 13:22:32.014561,2025-08-19 03:57:55.115451,2025-08-28 13:22:32.033622
19643486,bf996092-8d66-408a-8d8e-5065ca3330c2,f679f4cf-c089-4a2b-9b84-b14129630601,07:00:00,MostlyCloudy,78.836,4.2,229,0.890,2025-08-25 11:18:45.291894,2025-07-28 07:03:32.301762,2025-08-25 11:18:45.300495
19643486,bf996092-8d66-408a-8d8e-5065ca3330c2,f679f4cf-c089-4a2b-9b84-b14129630601,12:00:00,Cloudy,87.854,3.6,272,0.700,2025-08-25 11:18:45.292186,2025-07-28 07:03:32.301765,2025-08-25 11:18:45.300496
19643486,bf996092-8d66-408a-8d8e-5065ca3330c2,f679f4cf-c089-4a2b-9b84-b14129630601,16:00:00,MostlyCloudy,89.438,2.4,290,0.670,2025-08-25 11:18:45.292419,2025-07-28 07:03:32.301766,2025-08-25 11:18:45.300497
20251718,bf996092-8d66-408a-8d8e-5065ca3330c2,f6ab14eb-1a66-4ea5-8a0f-0afbda444403,07:00:00,MostlyCloudy,81.302,7.6,83,0.910,2025-08-28 13:22:32.014036,2025-08-19 03:57:55.115447,2025-08-28 13:22:32.031806
20251718,bf996092-8d66-408a-8d8e-5065ca3330c2,f6ab14eb-1a66-4ea5-8a0f-0afbda444403,12:00:00,MostlyCloudy,89.186,9.5,100,0.730,2025-08-28 13:22:32.014331,2025-08-19 03:57:55.11545,2025-08-28 13:22:32.031808
20251718,bf996092-8d66-408a-8d8e-5065ca3330c2,f6ab14eb-1a66-4ea5-8a0f-0afbda444403,16:00:00,MostlyCloudy,89.672,7.5,97,0.700,2025-08-28 13:22:32.014561,2025-08-19 03:57:55.115451,2025-08-28 13:22:32.033622
20125491,bf996092-8d66-408a-8d8e-5065ca3330c2,f6ab14eb-1a66-4ea5-8a0f-0afbda444403,07:00:00,MostlyCloudy,79.502,6.9,103,0.930,2025-08-24 04:56:44.661599,2025-08-14 11:25:17.004774,2025-08-24 04:56:44.679343
20125491,bf996092-8d66-408a-8d8e-5065ca3330c2,f6ab14eb-1a66-4ea5-8a0f-0afbda444403,12:00:00,MostlyCloudy,88.034,10.3,114,0.720,2025-08-24 04:56:44.661907,2025-08-14 11:25:17.004777,2025-08-24 04:56:44.680356
20125491,bf996092-8d66-408a-8d8e-5065ca3330c2,f6ab14eb-1a66-4ea5-8a0f-0afbda444403,16:00:00,MostlyCloudy,87.926,8.7,118,0.700,2025-08-24 04:56:44.662135,2025-08-14 11:25:17.004778,2025-08-24 04:56:44.680358
19643486,bf996092-8d66-408a-8d8e-5065ca3330c2,f679f4cf-c089-4a2b-9b84-b14129630601,07:00:00,MostlyCloudy,78.836,4.2,229,0.890,2025-08-25 11:18:45.291894,2025-07-28 07:03:32.301762,2025-08-25 11:18:45.300495
19643486,bf996092-8d66-408a-8d8e-5065ca3330c2,f679f4cf-c089-4a2b-9b84-b14129630601,12:00:00,Cloudy,87.854,3.6,272,0.700,2025-08-25 11:18:45.292186,2025-07-28 07:03:32.301765,2025-08-25 11:18:45.300496
19643486,bf996092-8d66-408a-8d8e-5065ca3330c2,f679f4cf-c089-4a2b-9b84-b14129630601,16:00:00,MostlyCloudy,89.438,2.4,290,0.670,2025-08-25 11:18:45.292419,2025-07-28 07:03:32.301766,2025-08-25 11:18:45.300497
19419113,bf996092-8d66-408a-8d8e-5065ca3330c2,f679f4cf-c089-4a2b-9b84-b14129630601,12:00:00,MostlyCloudy,89.816,6.6,111,0.660,2025-07-28 10:09:17.353515,2025-07-18 04:38:15.237947,2025-07-28 10:09:17.370353
19419113,bf996092-8d66-408a-8d8e-5065ca3330c2,f679f4cf-c089-4a2b-9b84-b14129630601,16:00:00,MostlyCloudy,92.912,5.9,88,0.590,2025-07-28 10:09:17.35375,2025-07-18 04:38:15.237948,2025-07-28 10:09:17.370354
19419113,bf996092-8d66-408a-8d8e-5065ca3330c2,f679f4cf-c089-4a2b-9b84-b14129630601,07:00:00,PartlyCloudy,82.31,4.5,94,0.850,2025-07-28 10:09:17.353219,2025-07-18 04:38:15.237944,2025-07-28 10:09:17.370351
19069580,bf996092-8d66-408a-8d8e-5065ca3330c2,f6ab14eb-1a66-4ea5-8a0f-0afbda444403,07:00:00,Cloudy,79.376,8.2,113,0.930,2025-07-17 09:49:01.799192,2025-07-07 11:13:02.999658,2025-07-17 09:49:01.832613
19069580,bf996092-8d66-408a-8d8e-5065ca3330c2,f6ab14eb-1a66-4ea5-8a0f-0afbda444403,12:00:00,PartlyCloudy,89.06,8.3,139,0.740,2025-07-17 09:49:01.799535,2025-07-07 11:13:02.999661,2025-07-17 09:49:01.832616
19069580,bf996092-8d66-408a-8d8e-5065ca3330c2,f6ab14eb-1a66-4ea5-8a0f-0afbda444403,16:00:00,PartlyCloudy,90.572,7.5,140,0.680,2025-07-17 09:49:01.79987,2025-07-07 11:13:02.999662,2025-07-17 09:49:01.835614
19037254,bf996092-8d66-408a-8d8e-5065ca3330c2,f6ab14eb-1a66-4ea5-8a0f-0afbda444403,07:00:00,MostlyCloudy,80.96,6.2,41,0.910,2025-07-13 05:06:01.239354,2025-07-03 12:48:55.157676,2025-07-13 05:06:01.261795
19037254,bf996092-8d66-408a-8d8e-5065ca3330c2,f6ab14eb-1a66-4ea5-8a0f-0afbda444403,12:00:00,MostlyCloudy,87.404,7.4,91,0.770,2025-07-13 05:06:01.239655,2025-07-03 12:48:55.15768,2025-07-13 05:06:01.261797
19037254,bf996092-8d66-408a-8d8e-5065ca3330c2,f6ab14eb-1a66-4ea5-8a0f-0afbda444403,16:00:00,MostlyCloudy,90.662,7.6,121,0.690,2025-07-13 05:06:01.239923,2025-07-03 12:48:55.157681,2025-07-13 05:06:01.264011
19236241,bf996092-8d66-408a-8d8e-5065ca3330c2,f6ab14eb-1a66-4ea5-8a0f-0afbda444403,07:00:00,MostlyCloudy,82.292,4.8,266,0.860,2025-07-24 11:12:27.373547,2025-07-11 09:17:33.291348,2025-07-24 11:12:27.390835
19236241,bf996092-8d66-408a-8d8e-5065ca3330c2,f6ab14eb-1a66-4ea5-8a0f-0afbda444403,16:00:00,Cloudy,89.528,3.1,234,0.680,2025-07-24 11:12:27.374079,2025-07-11 09:17:33.291352,2025-07-24 11:12:27.392606
19236241,bf996092-8d66-408a-8d8e-5065ca3330c2,f6ab14eb-1a66-4ea5-8a0f-0afbda444403,12:00:00,MostlyCloudy,90.482,4.7,259,0.670,2025-07-24 11:12:27.373847,2025-07-11 09:17:33.291351,2025-07-24 11:12:27.391755
20125491,bf996092-8d66-408a-8d8e-5065ca3330c2,f6ab14eb-1a66-4ea5-8a0f-0afbda444403,07:00:00,MostlyCloudy,79.502,6.9,103,0.930,2025-08-24 04:56:44.661599,2025-08-14 11:25:17.004774,2025-08-24 04:56:44.679343
20125491,bf996092-8d66-408a-8d8e-5065ca3330c2,f6ab14eb-1a66-4ea5-8a0f-0afbda444403,12:00:00,MostlyCloudy,88.034,10.3,114,0.720,2025-08-24 04:56:44.661907,2025-08-14 11:25:17.004777,2025-08-24 04:56:44.680356
20125491,bf996092-8d66-408a-8d8e-5065ca3330c2,f6ab14eb-1a66-4ea5-8a0f-0afbda444403,16:00:00,MostlyCloudy,87.926,8.7,118,0.700,2025-08-24 04:56:44.662135,2025-08-14 11:25:17.004778,2025-08-24 04:56:44.680358
19269905,bf996092-8d66-408a-8d8e-5065ca3330c2,f6ab14eb-1a66-4ea5-8a0f-0afbda444403,07:00:00,Cloudy,81.644,3.4,102,0.900,2025-07-22 02:57:14.092763,2025-07-13 04:31:52.848246,2025-07-22 02:57:14.110922
19269905,bf996092-8d66-408a-8d8e-5065ca3330c2,f6ab14eb-1a66-4ea5-8a0f-0afbda444403,12:00:00,Cloudy,88.97,3.7,26,0.730,2025-07-22 02:57:14.093058,2025-07-13 04:31:52.848249,2025-07-22 02:57:14.112337
19269905,bf996092-8d66-408a-8d8e-5065ca3330c2,f6ab14eb-1a66-4ea5-8a0f-0afbda444403,16:00:00,MostlyCloudy,90.698,5.0,7,0.650,2025-07-22 02:57:14.093294,2025-07-13 04:31:52.84825,2025-07-22 02:57:14.113605
19269906,bf996092-8d66-408a-8d8e-5065ca3330c2,f6ab14eb-1a66-4ea5-8a0f-0afbda444403,07:00:00,PartlyCloudy,82.364,2.5,346,0.870,2025-07-24 06:52:41.594033,2025-07-13 04:31:52.8537,2025-07-24 06:52:41.612389
19269906,bf996092-8d66-408a-8d8e-5065ca3330c2,f6ab14eb-1a66-4ea5-8a0f-0afbda444403,12:00:00,PartlyCloudy,91.616,4.2,296,0.650,2025-07-24 06:52:41.594361,2025-07-13 04:31:52.853703,2025-07-24 06:52:41.613968
19269906,bf996092-8d66-408a-8d8e-5065ca3330c2,f6ab14eb-1a66-4ea5-8a0f-0afbda444403,16:00:00,MostlyCloudy,93.272,5.7,280,0.600,2025-07-24 06:52:41.594592,2025-07-13 04:31:52.853704,2025-07-24 06:52:41.614882
19458683,bf996092-8d66-408a-8d8e-5065ca3330c2,f6ab14eb-1a66-4ea5-8a0f-0afbda444403,07:00:00,Cloudy,80.042,7.2,85,0.920,2025-08-03 05:43:51.568623,2025-07-21 04:49:42.39867,2025-08-03 05:43:51.587022
19458683,bf996092-8d66-408a-8d8e-5065ca3330c2,f6ab14eb-1a66-4ea5-8a0f-0afbda444403,12:00:00,Cloudy,85.244,10.3,116,0.820,2025-08-03 05:43:51.56892,2025-07-21 04:49:42.398676,2025-08-03 05:43:51.588258
19458683,bf996092-8d66-408a-8d8e-5065ca3330c2,f6ab14eb-1a66-4ea5-8a0f-0afbda444403,16:00:00,Cloudy,86.99,10.5,110,0.780,2025-08-03 05:43:51.569157,2025-07-21 04:49:42.398678,2025-08-03 05:43:51.58826
20180446,bf996092-8d66-408a-8d8e-5065ca3330c2,f6ab14eb-1a66-4ea5-8a0f-0afbda444403,07:00:00,Cloudy,79.16,11.2,97,0.910,2025-08-26 06:58:15.361017,2025-08-16 06:39:25.275852,2025-08-26 06:58:15.379062
20180446,bf996092-8d66-408a-8d8e-5065ca3330c2,f6ab14eb-1a66-4ea5-8a0f-0afbda444403,12:00:00,MostlyCloudy,83.984,12.0,118,0.800,2025-08-26 06:58:15.361368,2025-08-16 06:39:25.275855,2025-08-26 06:58:15.380602
20180446,bf996092-8d66-408a-8d8e-5065ca3330c2,f6ab14eb-1a66-4ea5-8a0f-0afbda444403,16:00:00,Thunderstorms,85.856,7.8,143,0.780,2025-08-26 06:58:15.3616,2025-08-16 06:39:25.275856,2025-08-26 06:58:15.381599
19269905,bf996092-8d66-408a-8d8e-5065ca3330c2,f6ab14eb-1a66-4ea5-8a0f-0afbda444403,07:00:00,Cloudy,81.644,3.4,102,0.900,2025-07-22 02:57:14.092763,2025-07-13 04:31:52.848246,2025-07-22 02:57:14.110922
19269905,bf996092-8d66-408a-8d8e-5065ca3330c2,f6ab14eb-1a66-4ea5-8a0f-0afbda444403,12:00:00,Cloudy,88.97,3.7,26,0.730,2025-07-22 02:57:14.093058,2025-07-13 04:31:52.848249,2025-07-22 02:57:14.112337
19269905,bf996092-8d66-408a-8d8e-5065ca3330c2,f6ab14eb-1a66-4ea5-8a0f-0afbda444403,16:00:00,MostlyCloudy,90.698,5.0,7,0.650,2025-07-22 02:57:14.093294,2025-07-13 04:31:52.84825,2025-07-22 02:57:14.113605
20186554,bf996092-8d66-408a-8d8e-5065ca3330c2,f6ab14eb-1a66-4ea5-8a0f-0afbda444403,07:00:00,MostlyCloudy,79.088,6.1,114,0.940,2025-08-26 12:28:09.43376,2025-08-17 04:25:20.210338,2025-08-26 12:28:09.44972
20186554,bf996092-8d66-408a-8d8e-5065ca3330c2,f6ab14eb-1a66-4ea5-8a0f-0afbda444403,12:00:00,PartlyCloudy,86.936,6.7,117,0.760,2025-08-26 12:28:09.434053,2025-08-17 04:25:20.210341,2025-08-26 12:28:09.45029
20186554,bf996092-8d66-408a-8d8e-5065ca3330c2,f6ab14eb-1a66-4ea5-8a0f-0afbda444403,16:00:00,PartlyCloudy,89.546,6.0,104,0.710,2025-08-26 12:28:09.434286,2025-08-17 04:25:20.210343,2025-08-26 12:28:09.450762
20060297,bf996092-8d66-408a-8d8e-5065ca3330c2,f679f4cf-c089-4a2b-9b84-b14129630601,07:00:00,PartlyCloudy,79.7,4.9,74,0.900,2025-08-26 12:51:55.490466,2025-08-12 06:16:27.209385,2025-08-26 12:51:55.511782
20060297,bf996092-8d66-408a-8d8e-5065ca3330c2,f679f4cf-c089-4a2b-9b84-b14129630601,12:00:00,PartlyCloudy,89.438,7.1,104,0.690,2025-08-26 12:51:55.490769,2025-08-12 06:16:27.209388,2025-08-26 12:51:55.511784
20060297,bf996092-8d66-408a-8d8e-5065ca3330c2,f679f4cf-c089-4a2b-9b84-b14129630601,16:00:00,PartlyCloudy,90.932,5.6,110,0.650,2025-08-26 12:51:55.491024,2025-08-12 06:16:27.209389,2025-08-26 12:51:55.511785
19269905,bf996092-8d66-408a-8d8e-5065ca3330c2,f6ab14eb-1a66-4ea5-8a0f-0afbda444403,07:00:00,Cloudy,81.644,3.4,102,0.900,2025-07-22 02:57:14.092763,2025-07-13 04:31:52.848246,2025-07-22 02:57:14.110922
19269905,bf996092-8d66-408a-8d8e-5065ca3330c2,f6ab14eb-1a66-4ea5-8a0f-0afbda444403,12:00:00,Cloudy,88.97,3.7,26,0.730,2025-07-22 02:57:14.093058,2025-07-13 04:31:52.848249,2025-07-22 02:57:14.112337
19269905,bf996092-8d66-408a-8d8e-5065ca3330c2,f6ab14eb-1a66-4ea5-8a0f-0afbda444403,16:00:00,MostlyCloudy,90.698,5.0,7,0.650,2025-07-22 02:57:14.093294,2025-07-13 04:31:52.84825,2025-07-22 02:57:14.113605
19037254,bf996092-8d66-408a-8d8e-5065ca3330c2,f6ab14eb-1a66-4ea5-8a0f-0afbda444403,07:00:00,MostlyCloudy,80.96,6.2,41,0.910,2025-07-13 05:06:01.239354,2025-07-03 12:48:55.157676,2025-07-13 05:06:01.261795
19037254,bf996092-8d66-408a-8d8e-5065ca3330c2,f6ab14eb-1a66-4ea5-8a0f-0afbda444403,12:00:00,MostlyCloudy,87.404,7.4,91,0.770,2025-07-13 05:06:01.239655,2025-07-03 12:48:55.15768,2025-07-13 05:06:01.261797
19037254,bf996092-8d66-408a-8d8e-5065ca3330c2,f6ab14eb-1a66-4ea5-8a0f-0afbda444403,16:00:00,MostlyCloudy,90.662,7.6,121,0.690,2025-07-13 05:06:01.239923,2025-07-03 12:48:55.157681,2025-07-13 05:06:01.264011
19389392,bf996092-8d66-408a-8d8e-5065ca3330c2,f6ab14eb-1a66-4ea5-8a0f-0afbda444403,07:00:00,MostlyCloudy,81.266,4.7,13,0.930,2025-07-29 12:54:09.473487,2025-07-17 04:25:07.770791,2025-07-29 12:54:09.495736
19389392,bf996092-8d66-408a-8d8e-5065ca3330c2,f6ab14eb-1a66-4ea5-8a0f-0afbda444403,12:00:00,MostlyCloudy,89.708,11.1,71,0.730,2025-07-29 12:54:09.473838,2025-07-17 04:25:07.770794,2025-07-29 12:54:09.497255
19389392,bf996092-8d66-408a-8d8e-5065ca3330c2,f6ab14eb-1a66-4ea5-8a0f-0afbda444403,16:00:00,PartlyCloudy,91.958,12.4,74,0.640,2025-07-29 12:54:09.474068,2025-07-17 04:25:07.770795,2025-07-29 12:54:09.498215
19389392,bf996092-8d66-408a-8d8e-5065ca3330c2,f6ab14eb-1a66-4ea5-8a0f-0afbda444403,07:00:00,MostlyCloudy,81.266,4.7,13,0.930,2025-07-29 12:54:09.473487,2025-07-17 04:25:07.770791,2025-07-29 12:54:09.495736
19389392,bf996092-8d66-408a-8d8e-5065ca3330c2,f6ab14eb-1a66-4ea5-8a0f-0afbda444403,12:00:00,MostlyCloudy,89.708,11.1,71,0.730,2025-07-29 12:54:09.473838,2025-07-17 04:25:07.770794,2025-07-29 12:54:09.497255
19389392,bf996092-8d66-408a-8d8e-5065ca3330c2,f6ab14eb-1a66-4ea5-8a0f-0afbda444403,16:00:00,PartlyCloudy,91.958,12.4,74,0.640,2025-07-29 12:54:09.474068,2025-07-17 04:25:07.770795,2025-07-29 12:54:09.498215
19389392,bf996092-8d66-408a-8d8e-5065ca3330c2,f6ab14eb-1a66-4ea5-8a0f-0afbda444403,07:00:00,MostlyCloudy,81.266,4.7,13,0.930,2025-07-29 12:54:09.473487,2025-07-17 04:25:07.770791,2025-07-29 12:54:09.495736
19389392,bf996092-8d66-408a-8d8e-5065ca3330c2,f6ab14eb-1a66-4ea5-8a0f-0afbda444403,12:00:00,MostlyCloudy,89.708,11.1,71,0.730,2025-07-29 12:54:09.473838,2025-07-17 04:25:07.770794,2025-07-29 12:54:09.497255
19389392,bf996092-8d66-408a-8d8e-5065ca3330c2,f6ab14eb-1a66-4ea5-8a0f-0afbda444403,16:00:00,PartlyCloudy,91.958,12.4,74,0.640,2025-07-29 12:54:09.474068,2025-07-17 04:25:07.770795,2025-07-29 12:54:09.498215
19362399,bf996092-8d66-408a-8d8e-5065ca3330c2,f6ab14eb-1a66-4ea5-8a0f-0afbda444403,07:00:00,MostlyCloudy,84.29,4.7,304,0.870,2025-07-29 10:57:45.254366,2025-07-16 11:39:35.304859,2025-07-29 10:57:45.28024
19362399,bf996092-8d66-408a-8d8e-5065ca3330c2,f6ab14eb-1a66-4ea5-8a0f-0afbda444403,12:00:00,PartlyCloudy,94.784,2.6,23,0.650,2025-07-29 10:57:45.254743,2025-07-16 11:39:35.304865,2025-07-29 10:57:45.281927
19362399,bf996092-8d66-408a-8d8e-5065ca3330c2,f6ab14eb-1a66-4ea5-8a0f-0afbda444403,16:00:00,MostlyCloudy,92.624,3.8,163,0.660,2025-07-29 10:57:45.255044,2025-07-16 11:39:35.304867,2025-07-29 10:57:45.281929
18914368,bf996092-8d66-408a-8d8e-5065ca3330c2,f6ab14eb-1a66-4ea5-8a0f-0afbda444403,07:00:00,Thunderstorms,80.114,3.7,94,0.910,2025-07-10 17:05:24.388994,2025-06-30 10:05:08.80506,2025-07-10 17:05:24.408895
18914368,bf996092-8d66-408a-8d8e-5065ca3330c2,f6ab14eb-1a66-4ea5-8a0f-0afbda444403,12:00:00,Thunderstorms,82.346,8.0,126,0.820,2025-07-10 17:05:24.389286,2025-06-30 10:05:08.805062,2025-07-10 17:05:24.408897
18914368,bf996092-8d66-408a-8d8e-5065ca3330c2,f6ab14eb-1a66-4ea5-8a0f-0afbda444403,16:00:00,Cloudy,85.406,5.4,114,0.730,2025-07-10 17:05:24.389516,2025-06-30 10:05:08.805063,2025-07-10 17:05:24.411132
19236241,bf996092-8d66-408a-8d8e-5065ca3330c2,f6ab14eb-1a66-4ea5-8a0f-0afbda444403,07:00:00,MostlyCloudy,82.292,4.8,266,0.860,2025-07-24 11:12:27.373547,2025-07-11 09:17:33.291348,2025-07-24 11:12:27.390835
19236241,bf996092-8d66-408a-8d8e-5065ca3330c2,f6ab14eb-1a66-4ea5-8a0f-0afbda444403,16:00:00,Cloudy,89.528,3.1,234,0.680,2025-07-24 11:12:27.374079,2025-07-11 09:17:33.291352,2025-07-24 11:12:27.392606
19236241,bf996092-8d66-408a-8d8e-5065ca3330c2,f6ab14eb-1a66-4ea5-8a0f-0afbda444403,12:00:00,MostlyCloudy,90.482,4.7,259,0.670,2025-07-24 11:12:27.373847,2025-07-11 09:17:33.291351,2025-07-24 11:12:27.391755
20193392,bf996092-8d66-408a-8d8e-5065ca3330c2,f679f4cf-c089-4a2b-9b84-b14129630601,07:00:00,MostlyCloudy,79.466,5.2,109,0.900,2025-08-26 14:33:34.392443,2025-08-18 09:50:48.812413,2025-08-26 14:33:34.427668
20193392,bf996092-8d66-408a-8d8e-5065ca3330c2,f679f4cf-c089-4a2b-9b84-b14129630601,12:00:00,MostlyCloudy,88.106,9.4,106,0.700,2025-08-26 14:33:34.393107,2025-08-18 09:50:48.812416,2025-08-26 14:33:34.427671
20193392,bf996092-8d66-408a-8d8e-5065ca3330c2,f679f4cf-c089-4a2b-9b84-b14129630601,16:00:00,Thunderstorms,87.422,6.4,108,0.710,2025-08-26 14:33:34.393493,2025-08-18 09:50:48.812417,2025-08-26 14:33:34.427672
19608220,bf996092-8d66-408a-8d8e-5065ca3330c2,ada6015d-9fce-4f2c-b20f-fc9122d2face,07:00:00,MostlyCloudy,79.34,5.5,83,0.920,2025-07-30 12:09:53.57659,2025-07-25 12:04:32.396181,2025-07-30 12:09:53.598697
19608220,bf996092-8d66-408a-8d8e-5065ca3330c2,ada6015d-9fce-4f2c-b20f-fc9122d2face,12:00:00,MostlyCloudy,85.082,8.9,105,0.780,2025-07-30 12:09:53.576895,2025-07-25 12:04:32.396185,2025-07-30 12:09:53.600215
19608220,bf996092-8d66-408a-8d8e-5065ca3330c2,ada6015d-9fce-4f2c-b20f-fc9122d2face,16:00:00,MostlyCloudy,86.36,7.0,111,0.760,2025-07-30 12:09:53.577133,2025-07-25 12:04:32.396186,2025-07-30 12:09:53.60112
19812216,bf996092-8d66-408a-8d8e-5065ca3330c2,f6ab14eb-1a66-4ea5-8a0f-0afbda444403,07:00:00,MostlyCloudy,80.186,3.3,200,0.930,2025-08-11 11:21:30.838143,2025-08-02 07:37:19.259631,2025-08-11 11:21:30.853866
19812216,bf996092-8d66-408a-8d8e-5065ca3330c2,f6ab14eb-1a66-4ea5-8a0f-0afbda444403,12:00:00,MostlyCloudy,88.052,3.9,215,0.750,2025-08-11 11:21:30.838443,2025-08-02 07:37:19.259633,2025-08-11 11:21:30.854437
19812216,bf996092-8d66-408a-8d8e-5065ca3330c2,f6ab14eb-1a66-4ea5-8a0f-0afbda444403,16:00:00,MostlyCloudy,89.366,4.4,203,0.730,2025-08-11 11:21:30.838702,2025-08-02 07:37:19.259634,2025-08-11 11:21:30.854891
19812216,bf996092-8d66-408a-8d8e-5065ca3330c2,f6ab14eb-1a66-4ea5-8a0f-0afbda444403,07:00:00,MostlyCloudy,80.186,3.3,200,0.930,2025-08-11 11:21:30.838143,2025-08-02 07:37:19.259631,2025-08-11 11:21:30.853866
19812216,bf996092-8d66-408a-8d8e-5065ca3330c2,f6ab14eb-1a66-4ea5-8a0f-0afbda444403,12:00:00,MostlyCloudy,88.052,3.9,215,0.750,2025-08-11 11:21:30.838443,2025-08-02 07:37:19.259633,2025-08-11 11:21:30.854437
19812216,bf996092-8d66-408a-8d8e-5065ca3330c2,f6ab14eb-1a66-4ea5-8a0f-0afbda444403,16:00:00,MostlyCloudy,89.366,4.4,203,0.730,2025-08-11 11:21:30.838702,2025-08-02 07:37:19.259634,2025-08-11 11:21:30.854891
19812216,bf996092-8d66-408a-8d8e-5065ca3330c2,f6ab14eb-1a66-4ea5-8a0f-0afbda444403,07:00:00,MostlyCloudy,80.186,3.3,200,0.930,2025-08-11 11:21:30.838143,2025-08-02 07:37:19.259631,2025-08-11 11:21:30.853866
19812216,bf996092-8d66-408a-8d8e-5065ca3330c2,f6ab14eb-1a66-4ea5-8a0f-0afbda444403,12:00:00,MostlyCloudy,88.052,3.9,215,0.750,2025-08-11 11:21:30.838443,2025-08-02 07:37:19.259633,2025-08-11 11:21:30.854437
19812216,bf996092-8d66-408a-8d8e-5065ca3330c2,f6ab14eb-1a66-4ea5-8a0f-0afbda444403,16:00:00,MostlyCloudy,89.366,4.4,203,0.730,2025-08-11 11:21:30.838702,2025-08-02 07:37:19.259634,2025-08-11 11:21:30.854891
19812216,bf996092-8d66-408a-8d8e-5065ca3330c2,f6ab14eb-1a66-4ea5-8a0f-0afbda444403,07:00:00,MostlyCloudy,80.186,3.3,200,0.930,2025-08-11 11:21:30.838143,2025-08-02 07:37:19.259631,2025-08-11 11:21:30.853866
19812216,bf996092-8d66-408a-8d8e-5065ca3330c2,f6ab14eb-1a66-4ea5-8a0f-0afbda444403,12:00:00,MostlyCloudy,88.052,3.9,215,0.750,2025-08-11 11:21:30.838443,2025-08-02 07:37:19.259633,2025-08-11 11:21:30.854437
19812216,bf996092-8d66-408a-8d8e-5065ca3330c2,f6ab14eb-1a66-4ea5-8a0f-0afbda444403,16:00:00,MostlyCloudy,89.366,4.4,203,0.730,2025-08-11 11:21:30.838702,2025-08-02 07:37:19.259634,2025-08-11 11:21:30.854891
19812215,bf996092-8d66-408a-8d8e-5065ca3330c2,f6ab14eb-1a66-4ea5-8a0f-0afbda444403,07:00:00,Cloudy,78.674,5.0,171,0.940,2025-08-10 05:01:29.560382,2025-08-02 07:37:19.254764,2025-08-10 05:01:29.586097
19812215,bf996092-8d66-408a-8d8e-5065ca3330c2,f6ab14eb-1a66-4ea5-8a0f-0afbda444403,12:00:00,Cloudy,84.884,4.2,184,0.790,2025-08-10 05:01:29.560834,2025-08-02 07:37:19.254767,2025-08-10 05:01:29.586099
19812215,bf996092-8d66-408a-8d8e-5065ca3330c2,f6ab14eb-1a66-4ea5-8a0f-0afbda444403,16:00:00,MostlyCloudy,87.476,3.9,205,0.760,2025-08-10 05:01:29.561178,2025-08-02 07:37:19.254768,2025-08-10 05:01:29.5861
19812216,bf996092-8d66-408a-8d8e-5065ca3330c2,f6ab14eb-1a66-4ea5-8a0f-0afbda444403,07:00:00,MostlyCloudy,80.186,3.3,200,0.930,2025-08-11 11:21:30.838143,2025-08-02 07:37:19.259631,2025-08-11 11:21:30.853866
19812216,bf996092-8d66-408a-8d8e-5065ca3330c2,f6ab14eb-1a66-4ea5-8a0f-0afbda444403,12:00:00,MostlyCloudy,88.052,3.9,215,0.750,2025-08-11 11:21:30.838443,2025-08-02 07:37:19.259633,2025-08-11 11:21:30.854437
19812216,bf996092-8d66-408a-8d8e-5065ca3330c2,f6ab14eb-1a66-4ea5-8a0f-0afbda444403,16:00:00,MostlyCloudy,89.366,4.4,203,0.730,2025-08-11 11:21:30.838702,2025-08-02 07:37:19.259634,2025-08-11 11:21:30.854891
19812216,bf996092-8d66-408a-8d8e-5065ca3330c2,f6ab14eb-1a66-4ea5-8a0f-0afbda444403,07:00:00,MostlyCloudy,80.186,3.3,200,0.930,2025-08-11 11:21:30.838143,2025-08-02 07:37:19.259631,2025-08-11 11:21:30.853866
19812216,bf996092-8d66-408a-8d8e-5065ca3330c2,f6ab14eb-1a66-4ea5-8a0f-0afbda444403,12:00:00,MostlyCloudy,88.052,3.9,215,0.750,2025-08-11 11:21:30.838443,2025-08-02 07:37:19.259633,2025-08-11 11:21:30.854437
19812216,bf996092-8d66-408a-8d8e-5065ca3330c2,f6ab14eb-1a66-4ea5-8a0f-0afbda444403,16:00:00,MostlyCloudy,89.366,4.4,203,0.730,2025-08-11 11:21:30.838702,2025-08-02 07:37:19.259634,2025-08-11 11:21:30.854891
19812215,bf996092-8d66-408a-8d8e-5065ca3330c2,f6ab14eb-1a66-4ea5-8a0f-0afbda444403,07:00:00,Cloudy,78.674,5.0,171,0.940,2025-08-10 05:01:29.560382,2025-08-02 07:37:19.254764,2025-08-10 05:01:29.586097
19812215,bf996092-8d66-408a-8d8e-5065ca3330c2,f6ab14eb-1a66-4ea5-8a0f-0afbda444403,12:00:00,Cloudy,84.884,4.2,184,0.790,2025-08-10 05:01:29.560834,2025-08-02 07:37:19.254767,2025-08-10 05:01:29.586099
19812215,bf996092-8d66-408a-8d8e-5065ca3330c2,f6ab14eb-1a66-4ea5-8a0f-0afbda444403,16:00:00,MostlyCloudy,87.476,3.9,205,0.760,2025-08-10 05:01:29.561178,2025-08-02 07:37:19.254768,2025-08-10 05:01:29.5861
19645173,bf996092-8d66-408a-8d8e-5065ca3330c2,f6ab14eb-1a66-4ea5-8a0f-0afbda444403,12:00:00,MostlyCloudy,85.784,4.1,264,0.790,2025-08-08 06:04:48.137472,2025-07-28 10:17:58.176892,2025-08-08 06:04:48.154407
19645173,bf996092-8d66-408a-8d8e-5065ca3330c2,f6ab14eb-1a66-4ea5-8a0f-0afbda444403,16:00:00,MostlyCloudy,85.082,5.2,310,0.760,2025-08-08 06:04:48.137701,2025-07-28 10:17:58.176894,2025-08-08 06:04:48.154409
19645173,bf996092-8d66-408a-8d8e-5065ca3330c2,f6ab14eb-1a66-4ea5-8a0f-0afbda444403,07:00:00,Rain,78.08,3.1,231,0.950,2025-08-08 06:04:48.137159,2025-07-28 10:17:58.176889,2025-08-08 06:04:48.153522
19812214,bf996092-8d66-408a-8d8e-5065ca3330c2,f6ab14eb-1a66-4ea5-8a0f-0afbda444403,07:00:00,Rain,80.348,3.3,307,0.920,2025-08-09 05:37:05.565859,2025-08-02 07:37:19.249784,2025-08-09 05:37:05.583604
19812214,bf996092-8d66-408a-8d8e-5065ca3330c2,f6ab14eb-1a66-4ea5-8a0f-0afbda444403,12:00:00,Rain,85.064,3.3,292,0.830,2025-08-09 05:37:05.566156,2025-08-02 07:37:19.249787,2025-08-09 05:37:05.583606
19812214,bf996092-8d66-408a-8d8e-5065ca3330c2,f6ab14eb-1a66-4ea5-8a0f-0afbda444403,16:00:00,Cloudy,84.974,7.7,291,0.810,2025-08-09 05:37:05.566385,2025-08-02 07:37:19.249788,2025-08-09 05:37:05.58559
19575015,bf996092-8d66-408a-8d8e-5065ca3330c2,f6ab14eb-1a66-4ea5-8a0f-0afbda444403,07:00:00,MostlyCloudy,79.754,2.9,185,0.930,2025-08-03 06:49:29.310283,2025-07-24 06:45:32.322242,2025-08-03 06:49:29.330839
19575015,bf996092-8d66-408a-8d8e-5065ca3330c2,f6ab14eb-1a66-4ea5-8a0f-0afbda444403,12:00:00,MostlyCloudy,88.106,4.4,173,0.760,2025-08-03 06:49:29.310592,2025-07-24 06:45:32.322245,2025-08-03 06:49:29.331603
19575015,bf996092-8d66-408a-8d8e-5065ca3330c2,f6ab14eb-1a66-4ea5-8a0f-0afbda444403,16:00:00,MostlyCloudy,87.926,5.3,221,0.750,2025-08-03 06:49:29.310834,2025-07-24 06:45:32.322246,2025-08-03 06:49:29.331605
19812217,bf996092-8d66-408a-8d8e-5065ca3330c2,f6ab14eb-1a66-4ea5-8a0f-0afbda444403,07:00:00,Cloudy,81.392,3.7,228,0.920,2025-08-12 05:29:57.764898,2025-08-02 07:37:19.264043,2025-08-12 05:29:57.785657
19812217,bf996092-8d66-408a-8d8e-5065ca3330c2,f6ab14eb-1a66-4ea5-8a0f-0afbda444403,12:00:00,Cloudy,87.062,4.5,257,0.810,2025-08-12 05:29:57.765202,2025-08-02 07:37:19.264045,2025-08-12 05:29:57.786641
19812217,bf996092-8d66-408a-8d8e-5065ca3330c2,f6ab14eb-1a66-4ea5-8a0f-0afbda444403,16:00:00,Cloudy,87.296,2.8,290,0.790,2025-08-12 05:29:57.76544,2025-08-02 07:37:19.264046,2025-08-12 05:29:57.786643
20060218,bf996092-8d66-408a-8d8e-5065ca3330c2,f6ab14eb-1a66-4ea5-8a0f-0afbda444403,07:00:00,MostlyCloudy,80.258,7.0,85,0.910,2025-08-22 07:39:56.78239,2025-08-12 05:29:44.00573,2025-08-22 07:39:56.802937
20060218,bf996092-8d66-408a-8d8e-5065ca3330c2,f6ab14eb-1a66-4ea5-8a0f-0afbda444403,12:00:00,Thunderstorms,87.224,8.0,106,0.780,2025-08-22 07:39:56.782813,2025-08-12 05:29:44.005732,2025-08-22 07:39:56.80294
20060218,bf996092-8d66-408a-8d8e-5065ca3330c2,f6ab14eb-1a66-4ea5-8a0f-0afbda444403,16:00:00,Cloudy,88.826,6.8,127,0.730,2025-08-22 07:39:56.783192,2025-08-12 05:29:44.005733,2025-08-22 07:39:56.80294
20180445,bf996092-8d66-408a-8d8e-5065ca3330c2,f6ab14eb-1a66-4ea5-8a0f-0afbda444403,07:00:00,MostlyCloudy,80.078,8.6,84,0.910,2025-08-25 06:48:40.956714,2025-08-16 06:39:25.272073,2025-08-25 06:48:40.972644
20180445,bf996092-8d66-408a-8d8e-5065ca3330c2,f6ab14eb-1a66-4ea5-8a0f-0afbda444403,12:00:00,Thunderstorms,86.756,13.0,97,0.750,2025-08-25 06:48:40.956992,2025-08-16 06:39:25.272076,2025-08-25 06:48:40.973211
20180445,bf996092-8d66-408a-8d8e-5065ca3330c2,f6ab14eb-1a66-4ea5-8a0f-0afbda444403,16:00:00,Thunderstorms,86.558,11.0,95,0.730,2025-08-25 06:48:40.957219,2025-08-16 06:39:25.272077,2025-08-25 06:48:40.973629
20060218,bf996092-8d66-408a-8d8e-5065ca3330c2,f6ab14eb-1a66-4ea5-8a0f-0afbda444403,07:00:00,MostlyCloudy,80.258,7.0,85,0.910,2025-08-22 07:39:56.78239,2025-08-12 05:29:44.00573,2025-08-22 07:39:56.802937
20060218,bf996092-8d66-408a-8d8e-5065ca3330c2,f6ab14eb-1a66-4ea5-8a0f-0afbda444403,12:00:00,Thunderstorms,87.224,8.0,106,0.780,2025-08-22 07:39:56.782813,2025-08-12 05:29:44.005732,2025-08-22 07:39:56.80294
20060218,bf996092-8d66-408a-8d8e-5065ca3330c2,f6ab14eb-1a66-4ea5-8a0f-0afbda444403,16:00:00,Cloudy,88.826,6.8,127,0.730,2025-08-22 07:39:56.783192,2025-08-12 05:29:44.005733,2025-08-22 07:39:56.80294
20125491,bf996092-8d66-408a-8d8e-5065ca3330c2,f6ab14eb-1a66-4ea5-8a0f-0afbda444403,07:00:00,MostlyCloudy,79.502,6.9,103,0.930,2025-08-24 04:56:44.661599,2025-08-14 11:25:17.004774,2025-08-24 04:56:44.679343
20125491,bf996092-8d66-408a-8d8e-5065ca3330c2,f6ab14eb-1a66-4ea5-8a0f-0afbda444403,12:00:00,MostlyCloudy,88.034,10.3,114,0.720,2025-08-24 04:56:44.661907,2025-08-14 11:25:17.004777,2025-08-24 04:56:44.680356
20125491,bf996092-8d66-408a-8d8e-5065ca3330c2,f6ab14eb-1a66-4ea5-8a0f-0afbda444403,16:00:00,MostlyCloudy,87.926,8.7,118,0.700,2025-08-24 04:56:44.662135,2025-08-14 11:25:17.004778,2025-08-24 04:56:44.680358
