created_by,updated_at,id,bim360_account_id,bim360_project_id,name,status,file_id,native_form_id,template_type
BNH27VPVJQZ2H9MH,2025-04-24 09:04:11.749245,130da22d-b0b4-5b10-9951-d49b99e87b12,bf996092-8d66-408a-8d8e-5065ca3330c2,ada6015d-9fce-4f2c-b20f-fc9122d2face,Waterproofing Checklist (Terrace),active,,f8c9f60b-db4c-4396-afb7-61d89b303647,pg.template_type.quality
P6VEMMUUKNDV,2025-02-01 04:01:59.193108,ab707998-c63a-4b59-8b10-d5d0954f34c2,bf996092-8d66-408a-8d8e-5065ca3330c2,3473261e-0400-4f3f-881d-b12012018bee,(Sample) Daily Safety Inspection,active,2e2f1008-ddee-4c18-812d-de0804e4fb37,,pg.template_type.safety
P6VEMMUUKNDV,2025-02-01 04:01:59.323411,f030d15c-36a1-45c3-bf82-bf47be049eb9,bf996092-8d66-408a-8d8e-5065ca3330c2,3473261e-0400-4f3f-881d-b12012018bee,(Sample) Job Hazard Analysis,active,e6d0af89-46bb-4835-b8e8-f50b4ab89793,,pg.template_type.safety
P6VEMMUUKNDV,2025-02-01 04:01:59.446777,fd043bc7-cf35-4a22-ad7c-d1181f49857d,bf996092-8d66-408a-8d8e-5065ca3330c2,3473261e-0400-4f3f-881d-b12012018bee,(Sample) Time Sheet,active,396d4f9d-348f-4ae8-ada5-8235b9cd54d2,,pg.template_type.time_sheet
P6VEMMUUKNDV,2025-02-01 04:02:00.286571,8342faef-8b15-423e-828d-08b9df218a2f,bf996092-8d66-408a-8d8e-5065ca3330c2,3473261e-0400-4f3f-881d-b12012018bee,(Sample) Daily Report,active,,e72a2121-2dbc-4a29-a0ac-f1fd9c43ebc1,pg.template_type.daily_report
P6VEMMUUKNDV,2025-02-01 04:02:21.425743,23373a51-dd83-5e4b-9426-719bdc65784f,bf996092-8d66-408a-8d8e-5065ca3330c2,3473261e-0400-4f3f-881d-b12012018bee,Incident Report,active,,49371585-5f03-4447-89a0-6bda3556a658,pg.template_type.safety
P6VEMMUUKNDV,2025-02-01 04:02:22.187697,dcb9fc64-9d57-54ae-a417-76b914b2101e,bf996092-8d66-408a-8d8e-5065ca3330c2,3473261e-0400-4f3f-881d-b12012018bee,Daily Safety Inspection,active,9b321896-dc0e-4229-8e68-c6b59984f8ec,,pg.template_type.safety
V9Q2X946QA52XTJG,2025-04-22 05:29:26.906591,353ee9c0-7042-5c47-9efa-dcc7498d2616,bf996092-8d66-408a-8d8e-5065ca3330c2,ada6015d-9fce-4f2c-b20f-fc9122d2face,Pour Card Checklist,inactive,,026da1cc-6c67-404a-8cc9-9962219aa67e,pg.template_type.quality
BNH27VPVJQZ2H9MH,2025-04-28 12:30:49.38449,cc94f826-a22a-5610-b585-c90cd5a22e99,bf996092-8d66-408a-8d8e-5065ca3330c2,ada6015d-9fce-4f2c-b20f-fc9122d2face,Monitoring For Labor Camp Checklist,active,,17eb4ea9-877a-47e3-b93e-6f9162d0a13b,pg.template_type.safety
P6VEMMUUKNDV,2025-07-08 10:52:03.29905,79d6bc1e-6f6a-5457-af18-5d0cb3d588ec,bf996092-8d66-408a-8d8e-5065ca3330c2,e9b596f2-48ee-419b-a199-da304b38c398,Routine Test Checklist,active,0a97bbea-d92b-47de-a45d-c8fd062079a1,,pg.template_type.quality
P6VEMMUUKNDV,2025-05-30 11:50:13.396273,640300eb-bb43-4960-83e8-66a051a53e76,bf996092-8d66-408a-8d8e-5065ca3330c2,94e46603-a987-42b3-b038-c708d5b5044f,(Sample) Daily Safety Inspection,active,640b908a-7f3d-47f6-97e0-588ca36770dd,,pg.template_type.safety
P6VEMMUUKNDV,2025-05-30 11:50:13.516006,5e701299-1038-4815-af5d-4e20a9d7f1a0,bf996092-8d66-408a-8d8e-5065ca3330c2,94e46603-a987-42b3-b038-c708d5b5044f,(Sample) Job Hazard Analysis,active,21790ca8-3ef1-45b1-b6d0-cf3ef69c1b1d,,pg.template_type.safety
P6VEMMUUKNDV,2025-05-30 11:50:13.625398,c0a95e85-7428-4e3c-ad07-0f366ff64304,bf996092-8d66-408a-8d8e-5065ca3330c2,94e46603-a987-42b3-b038-c708d5b5044f,(Sample) Time Sheet,active,f3fdf76e-1439-46f9-8a95-4ddd2f511c37,,pg.template_type.time_sheet
P6VEMMUUKNDV,2025-05-30 11:50:14.144523,b7748d20-c91e-43dd-a7e5-4ab0bb64e7a8,bf996092-8d66-408a-8d8e-5065ca3330c2,94e46603-a987-42b3-b038-c708d5b5044f,(Sample) Daily Report,active,,dea45f36-42b3-4826-b8fb-7623fe1b872f,pg.template_type.daily_report
P6VEMMUUKNDV,2025-05-30 11:50:13.401943,58860b79-9987-464b-92c9-3c6ce7b1a421,bf996092-8d66-408a-8d8e-5065ca3330c2,94e46603-a987-42b3-b038-c708d5b5044f,(Sample) Daily Safety Inspection,active,0897e044-981a-4235-ae7b-13f5ab1edf3d,,pg.template_type.safety
P6VEMMUUKNDV,2025-05-30 11:50:13.535108,5372e84d-7bbd-4883-9d84-9d14917e972b,bf996092-8d66-408a-8d8e-5065ca3330c2,94e46603-a987-42b3-b038-c708d5b5044f,(Sample) Job Hazard Analysis,active,d06a7f9b-e35f-4263-a011-f89cdf8ab3f9,,pg.template_type.safety
P6VEMMUUKNDV,2025-05-30 11:50:13.653434,00ab1dac-4af3-473d-a24c-fbe73c759dff,bf996092-8d66-408a-8d8e-5065ca3330c2,94e46603-a987-42b3-b038-c708d5b5044f,(Sample) Time Sheet,active,c474d191-29ea-487a-bbd2-afd3fa1f114f,,pg.template_type.time_sheet
P6VEMMUUKNDV,2025-05-30 11:50:13.830161,0ed15b03-94a2-4076-a142-a9df5f9e7543,bf996092-8d66-408a-8d8e-5065ca3330c2,94e46603-a987-42b3-b038-c708d5b5044f,(Sample) Daily Report,active,,fc1d46fd-bd0b-40fe-afb3-afe3aedd2957,pg.template_type.daily_report
P6VEMMUUKNDV,2025-05-31 06:55:11.427491,8d67868c-02ab-5abc-99a8-3eaf6213aa4a,bf996092-8d66-408a-8d8e-5065ca3330c2,e9b596f2-48ee-419b-a199-da304b38c398,Monitoring For Excavation Checklist,active,,3ebf8b2a-553a-4e55-ae10-a6c0bea7a9a5,pg.template_type.safety
P6VEMMUUKNDV,2025-05-31 06:55:13.186726,a648bb08-28a5-5db1-8bdc-88750d41bc25,bf996092-8d66-408a-8d8e-5065ca3330c2,e9b596f2-48ee-419b-a199-da304b38c398,Marble Flooring Checklist,active,,46869a17-aa2e-446a-81b7-fac6697788ba,pg.template_type.quality
P6VEMMUUKNDV,2025-05-31 06:55:15.953632,ee0728d5-ea28-562a-b02f-c395d25b5e54,bf996092-8d66-408a-8d8e-5065ca3330c2,e9b596f2-48ee-419b-a199-da304b38c398,Waterproofing Checklist (Terrace),active,,0b83b832-5851-4c26-8507-e18763d97fc8,pg.template_type.quality
P6VEMMUUKNDV,2025-05-31 06:55:18.050041,1fafe48c-af55-5f30-8ab0-f1eabea291a6,bf996092-8d66-408a-8d8e-5065ca3330c2,e9b596f2-48ee-419b-a199-da304b38c398, Door Windows Checklist,active,,972f7695-09b3-455a-84c1-7dd4c6f3c339,pg.template_type.quality
P6VEMMUUKNDV,2025-05-31 06:55:19.382088,a8ded8fa-3c54-5718-90a1-c132d446f841,bf996092-8d66-408a-8d8e-5065ca3330c2,e9b596f2-48ee-419b-a199-da304b38c398,Monitoring For Equipment/ Vehicles Fitness Checklist,active,,95f69544-ccdc-43ab-9e68-03ef7933076f,pg.template_type.safety
P6VEMMUUKNDV,2025-05-31 06:55:20.778973,c1925158-87de-5b90-abbb-88e42c8c39a6,bf996092-8d66-408a-8d8e-5065ca3330c2,e9b596f2-48ee-419b-a199-da304b38c398,Waterproofing Checklist (Balcony Sunken),active,,2d473a35-4493-4f0c-b2e7-31c82ac62673,pg.template_type.quality
P6VEMMUUKNDV,2025-05-31 06:55:23.052175,1e121d8d-78e4-51e1-91c1-2c65d5cf22e3,bf996092-8d66-408a-8d8e-5065ca3330c2,e9b596f2-48ee-419b-a199-da304b38c398,Tool Box Talk,active,7e76b022-7d9a-4d32-b96d-5eac19c47402,,pg.template_type.safety
P6VEMMUUKNDV,2025-05-31 06:55:25.418587,e145e25b-f3d2-548a-847c-e4f873e174f2,bf996092-8d66-408a-8d8e-5065ca3330c2,e9b596f2-48ee-419b-a199-da304b38c398,False Ceiling Checklist,active,,19b70a2b-07c2-4e87-b825-fe31f9b1cd06,pg.template_type.quality
P6VEMMUUKNDV,2025-05-31 06:55:27.863629,47b80eda-4382-5242-9421-efc363b32546,bf996092-8d66-408a-8d8e-5065ca3330c2,e9b596f2-48ee-419b-a199-da304b38c398,Bore Hole Checklist,active,,14a2adcb-2fc1-447f-8524-3c43dc9cf6da,pg.template_type.quality
P6VEMMUUKNDV,2025-05-31 06:55:29.467039,7e8af061-a3cc-5fb1-b703-432540ae7684,bf996092-8d66-408a-8d8e-5065ca3330c2,e9b596f2-48ee-419b-a199-da304b38c398,Monitoring For Scaffolding Checklist,active,,550710d2-1140-4b37-84dd-7aa95308f6d1,pg.template_type.safety
P6VEMMUUKNDV,2025-05-31 06:55:33.075741,e8d6c4f5-70bb-5fe5-99b5-169981bc7862,bf996092-8d66-408a-8d8e-5065ca3330c2,e9b596f2-48ee-419b-a199-da304b38c398,Guide Wall Pour Card Checklist,active,,4aa3a778-0fd8-46d9-aeee-55346aea8ac8,pg.template_type.quality
P6VEMMUUKNDV,2025-05-31 06:55:37.022973,57f0dbdd-63cf-5d39-9827-4e361d2b06e9,bf996092-8d66-408a-8d8e-5065ca3330c2,e9b596f2-48ee-419b-a199-da304b38c398,Monthly Incident Investigation,active,de24c41f-ff90-467d-aa41-d57fd382f1aa,,pg.template_type.safety
P6VEMMUUKNDV,2025-05-31 06:55:39.14296,db23464b-d4e4-5ec9-a9bb-94e2bca211dd,bf996092-8d66-408a-8d8e-5065ca3330c2,e9b596f2-48ee-419b-a199-da304b38c398,Lifts - Other Cut-Outs Dimensions Checklist,active,fb58d16f-2b7e-4e7e-bd3a-877e5069ce33,,pg.template_type.quality
P6VEMMUUKNDV,2025-05-31 06:55:42.006454,2eb0bd33-7450-50df-9ff2-2fe16f5b351e,bf996092-8d66-408a-8d8e-5065ca3330c2,e9b596f2-48ee-419b-a199-da304b38c398,Backfilling Checklist,active,,0cdf274f-a76b-46ea-90bb-c1dc22be194b,pg.template_type.quality
P6VEMMUUKNDV,2025-05-31 06:55:42.907049,dd4f39be-7d7a-5958-879a-bcd72d7596fc,bf996092-8d66-408a-8d8e-5065ca3330c2,e9b596f2-48ee-419b-a199-da304b38c398,Monitoring For Machine Safeguarding Checklist,active,,a8a3d261-8df8-42d9-bac3-46379f19f097,pg.template_type.safety
P6VEMMUUKNDV,2025-05-31 06:55:44.140169,aad5cf22-7222-556e-949d-40cdd6e25566,bf996092-8d66-408a-8d8e-5065ca3330c2,e9b596f2-48ee-419b-a199-da304b38c398,Monitoring Of DG Set Checklist,active,,6c7c8b76-3231-40fb-a971-14ec45f2760b,pg.template_type.safety
P6VEMMUUKNDV,2025-05-31 06:55:45.544225,1d077405-37e2-506f-995f-100cad5a1926,bf996092-8d66-408a-8d8e-5065ca3330c2,e9b596f2-48ee-419b-a199-da304b38c398,D-Wall Grabbing,active,4d3bd08f-85f8-4586-927a-eae1fa816f21,,pg.template_type.quality
P6VEMMUUKNDV,2025-05-31 06:55:48.351853,ef54e952-a21b-57e3-9b11-716d42d90723,bf996092-8d66-408a-8d8e-5065ca3330c2,e9b596f2-48ee-419b-a199-da304b38c398,Monitoring For Operations Of Power Hand Tool & Other Equipment Checklist,active,,0b2e8e80-9c7c-42c7-b9bb-abe06093fc52,pg.template_type.safety
P6VEMMUUKNDV,2025-05-31 06:55:49.245269,132aa8db-cc17-5603-b607-33b92ab57746,bf996092-8d66-408a-8d8e-5065ca3330c2,e9b596f2-48ee-419b-a199-da304b38c398,Primary Incident Report Checklist,active,,9967ea58-e4fc-4a63-9c75-11714972780b,pg.template_type.safety
P6VEMMUUKNDV,2025-05-31 06:55:50.678304,f1dfade5-dc85-5fa4-899b-e2fc94c2882a,bf996092-8d66-408a-8d8e-5065ca3330c2,e9b596f2-48ee-419b-a199-da304b38c398,Anchor Bracket Fixing Checklist with fastener,active,5bcdf70e-69e5-4277-a397-4c21275b791c,,pg.template_type.quality
P6VEMMUUKNDV,2025-05-31 06:55:53.588909,e4d65332-dba4-5766-b01c-214207d9bb9c,bf996092-8d66-408a-8d8e-5065ca3330c2,e9b596f2-48ee-419b-a199-da304b38c398,VD Flooring Checklist,active,,425ca8e3-69ab-442d-8aef-27591d9f1fb9,pg.template_type.quality
P6VEMMUUKNDV,2025-05-31 06:55:55.623107,eb2afb8b-66a9-5869-8d46-6a8c6ec34a53,bf996092-8d66-408a-8d8e-5065ca3330c2,e9b596f2-48ee-419b-a199-da304b38c398,Paint Work Checklist,active,,9b1595c0-55ba-4897-b22a-e8ca83951e6f,pg.template_type.quality
P6VEMMUUKNDV,2025-05-31 06:55:57.14303,077dd97c-3021-5e8a-be23-99c1fab00569,bf996092-8d66-408a-8d8e-5065ca3330c2,e9b596f2-48ee-419b-a199-da304b38c398,AAC Block Masonry Checklist,active,,ca3b64db-1913-4f70-997a-79321a6f74c0,pg.template_type.quality
P6VEMMUUKNDV,2025-05-31 06:55:59.914426,ef35e9be-18d5-5699-876d-1bd4f4579347,bf996092-8d66-408a-8d8e-5065ca3330c2,e9b596f2-48ee-419b-a199-da304b38c398,Foam Concrete Checklist,active,,6f6e92f9-36f7-44ab-8e4b-d3e4fa7894ba,pg.template_type.quality
P6VEMMUUKNDV,2025-05-31 06:56:02.677886,ed8d054a-f269-5277-a5f2-3ddbce7fda12,bf996092-8d66-408a-8d8e-5065ca3330c2,e9b596f2-48ee-419b-a199-da304b38c398,Dry Lean Concrete Checklist (DLC),active,,8b74cc4c-5006-46e0-b621-8316528c4d3c,pg.template_type.quality
P6VEMMUUKNDV,2025-05-31 06:56:04.082038,f7c1a9df-67c4-5145-9203-537edaba5953,bf996092-8d66-408a-8d8e-5065ca3330c2,e9b596f2-48ee-419b-a199-da304b38c398,External Plaster Checklist,active,,af00334a-b035-4175-87cf-c9553232dc2c,pg.template_type.quality
P6VEMMUUKNDV,2025-05-31 06:56:06.364744,1fd4281d-0ff7-5bec-aaa9-2224d37bb810,bf996092-8d66-408a-8d8e-5065ca3330c2,e9b596f2-48ee-419b-a199-da304b38c398,Monitoring For Ladders Checklist,active,,aa40552a-0551-4ad6-bad2-c8f3ab9902ab,pg.template_type.safety
P6VEMMUUKNDV,2025-05-31 06:56:07.153819,5deb29f6-c8b6-5de0-9a6d-5055c7a6f5be,bf996092-8d66-408a-8d8e-5065ca3330c2,e9b596f2-48ee-419b-a199-da304b38c398,Monitoring For Electrical Works Checklist,active,,188c762a-46b6-4b94-a72c-254698034769,pg.template_type.safety
P6VEMMUUKNDV,2025-05-31 06:56:08.634544,7dcb5078-a8a8-502e-8347-8214b2f7e551,bf996092-8d66-408a-8d8e-5065ca3330c2,e9b596f2-48ee-419b-a199-da304b38c398,Anti-Termite Treatment Checklist,active,,1c80b315-245a-4dfc-9719-ccd80ac5805b,pg.template_type.quality
P6VEMMUUKNDV,2025-05-31 06:56:10.212584,2fcf9eb3-a85d-544d-98b7-1d39c6058a1c,bf996092-8d66-408a-8d8e-5065ca3330c2,e9b596f2-48ee-419b-a199-da304b38c398,Internal Plaster Checklist,active,,5fed4b28-f8ea-4208-8138-84825207c67d,pg.template_type.quality
P6VEMMUUKNDV,2025-05-31 06:56:11.688693,e9ac226d-8fc4-51ba-bf77-485a9ebe9d71,bf996092-8d66-408a-8d8e-5065ca3330c2,e9b596f2-48ee-419b-a199-da304b38c398,Concrete Placement Record,active,b878e242-5438-46af-a1a1-90d685ce8066,,pg.template_type.quality
P6VEMMUUKNDV,2025-05-31 06:56:14.463083,55080ba2-7017-5d54-9536-2fd01a29c3d6,bf996092-8d66-408a-8d8e-5065ca3330c2,e9b596f2-48ee-419b-a199-da304b38c398,Wood Work Checklist,active,,14955ff7-fe17-404e-ba5f-839dd839abad,pg.template_type.quality
P6VEMMUUKNDV,2025-05-31 06:56:16.873132,50af810d-bce3-5695-8d6f-474ca8b6a282,bf996092-8d66-408a-8d8e-5065ca3330c2,e9b596f2-48ee-419b-a199-da304b38c398,Cable Work Checklist,active,,a23df71a-dfb9-4be8-8489-0bfee9432b79,pg.template_type.quality
P6VEMMUUKNDV,2025-05-31 06:56:17.759382,aadb2dd6-24ac-5044-b74b-1d6e8a242244,bf996092-8d66-408a-8d8e-5065ca3330c2,e9b596f2-48ee-419b-a199-da304b38c398,Monitoring For Mobile Crane Operation Checklist,active,,3ac96de5-be22-4f60-9256-83d006983c7c,pg.template_type.safety
P6VEMMUUKNDV,2025-05-31 06:56:19.727564,02df96fe-176e-5631-afe1-285b9f8e66dd,bf996092-8d66-408a-8d8e-5065ca3330c2,e9b596f2-48ee-419b-a199-da304b38c398,Pavement Quality Concrete Checklist (PQC),active,,d9e5411c-92e5-4b27-8b9a-fa94bf0ace86,pg.template_type.quality
P6VEMMUUKNDV,2025-05-31 06:56:21.210432,5f741bfc-a7c9-5e4f-911c-67b88614c358,bf996092-8d66-408a-8d8e-5065ca3330c2,e9b596f2-48ee-419b-a199-da304b38c398,Expansion Joint Treatment Checklist,active,,d6fba510-415c-4b60-b58a-031306fae6f9,pg.template_type.quality
P6VEMMUUKNDV,2025-05-31 06:56:22.448608,3e798fd5-295a-5281-be49-6408f3ed3f99,bf996092-8d66-408a-8d8e-5065ca3330c2,e9b596f2-48ee-419b-a199-da304b38c398,Earthing Work Checklist,active,,43aac86e-3e61-4ab3-9852-2d357d54aa94,pg.template_type.quality
P6VEMMUUKNDV,2025-05-31 06:56:24.217047,4e8d9473-4f72-5445-aa97-0bbafccd7556,bf996092-8d66-408a-8d8e-5065ca3330c2,e9b596f2-48ee-419b-a199-da304b38c398,GRC Works Checklist,active,,9ae7f78c-f43d-4a49-8597-2cfd7b93d243,pg.template_type.quality
P6VEMMUUKNDV,2025-05-31 06:56:25.98837,2ef0c044-b28f-52dd-b3dd-15b624eb2b3a,bf996092-8d66-408a-8d8e-5065ca3330c2,e9b596f2-48ee-419b-a199-da304b38c398,Monitoring For Labor Camp Checklist,active,,d0096db8-bdc5-4421-be79-56c2ce446eb4,pg.template_type.safety
P6VEMMUUKNDV,2025-05-31 06:56:29.722354,bf79fe14-28a2-54bf-a027-5ee74e2b3b0c,bf996092-8d66-408a-8d8e-5065ca3330c2,e9b596f2-48ee-419b-a199-da304b38c398,Tile Flooring Checklist (Vitrified/Ceramic),active,,e7ab538e-c612-4ab2-898e-111cf04e88cf,pg.template_type.quality
P6VEMMUUKNDV,2025-05-31 06:56:31.574428,de9793be-86d0-5351-8210-92c4b3d70db7,bf996092-8d66-408a-8d8e-5065ca3330c2,e9b596f2-48ee-419b-a199-da304b38c398,GI Box Work Checklist,active,,a296a792-f260-49ba-9362-50bab014cff2,pg.template_type.quality
P6VEMMUUKNDV,2025-05-31 06:56:32.913455,197393b8-a4f4-5c9c-b2eb-d0c6e316289c,bf996092-8d66-408a-8d8e-5065ca3330c2,e9b596f2-48ee-419b-a199-da304b38c398,Lighting & Switching Works Checklist,active,,fa38df12-8870-44af-a9d7-a8489849312d,pg.template_type.quality
P6VEMMUUKNDV,2025-05-31 06:56:34.412412,ce02ba06-d041-5ddf-962a-3b2b7ee23d8b,bf996092-8d66-408a-8d8e-5065ca3330c2,e9b596f2-48ee-419b-a199-da304b38c398,Anchor Acceptance Test Trial Anchor,active,012792fd-be7f-466c-999c-992090cef0dd,,pg.template_type.quality
P6VEMMUUKNDV,2025-05-31 06:56:37.180014,c206633d-149e-5f86-877a-68b052ed7d56,bf996092-8d66-408a-8d8e-5065ca3330c2,e9b596f2-48ee-419b-a199-da304b38c398,Joinery Work Checklist,active,,4ea7bfb5-784f-4fca-961d-88ea5edb2746,pg.template_type.quality
P6VEMMUUKNDV,2025-05-31 06:56:38.322774,c10a0643-c662-5a03-a276-052df6f176f9,bf996092-8d66-408a-8d8e-5065ca3330c2,e9b596f2-48ee-419b-a199-da304b38c398,Permit for Hot Works Checklist,active,,4bc63838-f7c5-47fe-af4c-e1cb3d13f6c7,pg.template_type.safety
P6VEMMUUKNDV,2025-05-31 06:56:40.088612,f252233d-71bd-5523-bd2f-e364c35a56cb,bf996092-8d66-408a-8d8e-5065ca3330c2,e9b596f2-48ee-419b-a199-da304b38c398,Cable Tray Work Checklist,active,,234fcfb9-f98d-43e9-ab95-f02d487fb40e,pg.template_type.quality
P6VEMMUUKNDV,2025-05-31 06:56:41.744172,ba04f576-8efa-5719-a730-50557c1eaec5,bf996092-8d66-408a-8d8e-5065ca3330c2,e9b596f2-48ee-419b-a199-da304b38c398,Brick Masonry Checklist,active,,8ea4437d-a6c2-4c42-af2b-e5eac1f62c7d,pg.template_type.quality
P6VEMMUUKNDV,2025-05-31 06:56:43.62413,2c917e61-a6f8-5c7f-a282-897351aa68e2,bf996092-8d66-408a-8d8e-5065ca3330c2,e9b596f2-48ee-419b-a199-da304b38c398,Pour Card Checklist,active,,7b57af4a-f01c-449d-92e9-4a7e4e25e3a9,pg.template_type.quality
P6VEMMUUKNDV,2025-05-31 06:56:48.586428,64c7ab06-e54a-5642-b5ba-c9d269460505,bf996092-8d66-408a-8d8e-5065ca3330c2,e9b596f2-48ee-419b-a199-da304b38c398,Permit for Confined Space Work Checklist,active,,8d20c783-eb4d-4f30-ad56-5fd1f29a4ec3,pg.template_type.safety
P6VEMMUUKNDV,2025-05-31 06:56:50.749497,2c888827-0ec6-5d2f-97bf-8b0b7240fc8d,bf996092-8d66-408a-8d8e-5065ca3330c2,e9b596f2-48ee-419b-a199-da304b38c398, External Glazing Checklist,active,,f586506b-7593-46e6-84db-bd561d087c69,pg.template_type.quality
P6VEMMUUKNDV,2025-05-31 06:56:52.698051,17cf7d16-6722-5d81-ae55-49515c3f6291,bf996092-8d66-408a-8d8e-5065ca3330c2,e9b596f2-48ee-419b-a199-da304b38c398,Panel & Distribution Board (DB) Works  Checklist,active,,06327b5c-c8d6-4077-a28e-28f1994783e8,pg.template_type.quality
P6VEMMUUKNDV,2025-05-31 06:56:53.505652,b02404e8-75d7-56d9-bdc9-8162a921ffc8,bf996092-8d66-408a-8d8e-5065ca3330c2,e9b596f2-48ee-419b-a199-da304b38c398,SS Railing Work Checklist (Balcony / Staircase),active,,2722a0c3-85c5-41d2-b087-b5782c11b9ac,pg.template_type.quality
P6VEMMUUKNDV,2025-05-31 06:56:54.876958,44bbb6bc-f27a-55d0-88eb-5e6d26341bd0,bf996092-8d66-408a-8d8e-5065ca3330c2,e9b596f2-48ee-419b-a199-da304b38c398,Anchor Drilling,active,d4ba9755-d8b9-4b1f-b988-46cf84da96ba,,pg.template_type.quality
P6VEMMUUKNDV,2025-05-31 06:56:57.47579,f04d57c6-5755-5044-bf8b-ed7e1fab9b00,bf996092-8d66-408a-8d8e-5065ca3330c2,e9b596f2-48ee-419b-a199-da304b38c398,Anchor Grouting,active,4c7d67ed-1af2-4f29-9790-f8fa6f44c59a,,pg.template_type.quality
P6VEMMUUKNDV,2025-05-31 06:56:59.816282,163562fd-f46a-5596-9908-0abb43ccc4c1,bf996092-8d66-408a-8d8e-5065ca3330c2,e9b596f2-48ee-419b-a199-da304b38c398,Excavation Checklist,active,,c68c7a0f-3701-4603-9d92-a4a352f6b20d,pg.template_type.quality
P6VEMMUUKNDV,2025-05-31 06:57:01.149291,05bc7926-9574-57a6-833e-cb7b4738c49b,bf996092-8d66-408a-8d8e-5065ca3330c2,e9b596f2-48ee-419b-a199-da304b38c398,Monitoring For Personal Protective Equipment Checklist,active,,4c1550fa-a2cb-47a5-9231-3840d7ec5065,pg.template_type.safety
P6VEMMUUKNDV,2025-05-31 06:57:02.870535,1995673a-20b0-596d-8ee5-f7af6e81b1bc,bf996092-8d66-408a-8d8e-5065ca3330c2,e9b596f2-48ee-419b-a199-da304b38c398,Permit For Excavation Work Checklist,active,,de167336-1b9a-4be5-bcd2-608312514325,pg.template_type.safety
P6VEMMUUKNDV,2025-05-31 06:57:04.409314,349c21d3-3422-5e12-acaf-925e8dbbe783,bf996092-8d66-408a-8d8e-5065ca3330c2,e9b596f2-48ee-419b-a199-da304b38c398,IPS Work Checklist,active,,fc6ac9bf-e80b-4bc6-acd4-353f274b108e,pg.template_type.quality
P6VEMMUUKNDV,2025-05-31 06:57:06.140232,a1205687-1f4a-5664-ac80-24239fc86690,bf996092-8d66-408a-8d8e-5065ca3330c2,e9b596f2-48ee-419b-a199-da304b38c398,Plumbing Work Checklist,active,,b29ccb5c-7167-44be-af2a-ecf2afe2fd41,pg.template_type.quality
P6VEMMUUKNDV,2025-05-31 06:57:07.704242,aaf8f98f-bcbb-5728-baa0-a2f7bb00840c,bf996092-8d66-408a-8d8e-5065ca3330c2,e9b596f2-48ee-419b-a199-da304b38c398,Permit For Working At Height Checklist,active,,39dad2bd-1b7b-4c06-82a2-8f5547394636,pg.template_type.safety
P6VEMMUUKNDV,2025-05-31 06:57:10.2176,9aab0523-807f-52a6-bf27-ffaab411c157,bf996092-8d66-408a-8d8e-5065ca3330c2,e9b596f2-48ee-419b-a199-da304b38c398,Permit For Working At Night Checklist,active,,18418606-dade-48ef-b288-36aaa6d2f753,pg.template_type.safety
P6VEMMUUKNDV,2025-05-31 06:57:11.700447,3c00ce50-6da8-5d57-a329-ac04c5052a8d,bf996092-8d66-408a-8d8e-5065ca3330c2,e9b596f2-48ee-419b-a199-da304b38c398,Conduiting Work Checklist,active,,109e6f7a-bda8-400a-9a00-6cd1afddf6a7,pg.template_type.quality
P6VEMMUUKNDV,2025-05-31 06:57:12.880701,1bf9e928-84dd-5c66-af24-20e79aa4b3a0,bf996092-8d66-408a-8d8e-5065ca3330c2,e9b596f2-48ee-419b-a199-da304b38c398,MV Panel Work Checklist,active,,7da37bd6-7157-429c-9f95-e4b4ddf198ca,pg.template_type.quality
P6VEMMUUKNDV,2025-05-31 06:57:30.776506,45a5ae20-62ba-51f9-920a-35112e636a6a,bf996092-8d66-408a-8d8e-5065ca3330c2,cbee6c17-cdf8-4f2c-89c3-d6d9d738603e,Cable Work Checklist,active,,8314d6bc-434d-4d2f-b823-3f9e0d03c9f9,pg.template_type.quality
P6VEMMUUKNDV,2025-05-31 06:57:32.26112,4f26d5f9-7233-509b-9c14-178eaba1f6bd,bf996092-8d66-408a-8d8e-5065ca3330c2,cbee6c17-cdf8-4f2c-89c3-d6d9d738603e,Anchor Acceptance Test Trial Anchor,active,6ba53b3b-5c8f-4146-9f58-cfbaccf4bd8e,,pg.template_type.quality
P6VEMMUUKNDV,2025-05-31 06:57:34.571509,d4e812f8-26db-5da8-b8b3-8cc8bb66bc92,bf996092-8d66-408a-8d8e-5065ca3330c2,cbee6c17-cdf8-4f2c-89c3-d6d9d738603e,Permit For Excavation Work Checklist,active,,6c61f9ed-bbac-4a89-99de-e4653e727434,pg.template_type.safety
P6VEMMUUKNDV,2025-07-08 10:53:42.1739,34ed5150-025a-5e08-9c2c-b184c28b8eca,bf996092-8d66-408a-8d8e-5065ca3330c2,cbee6c17-cdf8-4f2c-89c3-d6d9d738603e,Routine Test Checklist,active,ebdfe35b-ebe7-46c6-8a17-6c4e4879d318,,pg.template_type.quality
P6VEMMUUKNDV,2025-05-31 06:57:38.477018,8255314c-6f58-5d2d-9d8c-e71a3b93140a,bf996092-8d66-408a-8d8e-5065ca3330c2,cbee6c17-cdf8-4f2c-89c3-d6d9d738603e,Joinery Work Checklist,active,,50b82510-c917-4abe-972b-c4fe87ee42ff,pg.template_type.quality
P6VEMMUUKNDV,2025-05-31 06:57:40.215561,bc159599-768d-5833-8652-91183f7bf37b,bf996092-8d66-408a-8d8e-5065ca3330c2,cbee6c17-cdf8-4f2c-89c3-d6d9d738603e,Bore Hole Checklist,active,,520d6454-c0d5-4c91-ba19-1fed084feee7,pg.template_type.quality
P6VEMMUUKNDV,2025-05-31 06:57:40.924154,5c4febc9-ff4c-5d00-897f-fc61c70482b8,bf996092-8d66-408a-8d8e-5065ca3330c2,cbee6c17-cdf8-4f2c-89c3-d6d9d738603e,Permit For Working At Night Checklist,active,,8d88e30c-013b-4c4d-87b8-de8596c4f652,pg.template_type.safety
P6VEMMUUKNDV,2025-05-31 06:57:42.450846,f838db31-06e0-5d7d-a8c9-05a56359b385,bf996092-8d66-408a-8d8e-5065ca3330c2,cbee6c17-cdf8-4f2c-89c3-d6d9d738603e,GI Box Work Checklist,active,,704037e5-d93a-4987-978d-27457215868b,pg.template_type.quality
P6VEMMUUKNDV,2025-05-31 06:57:44.424646,4cb7e220-cc2e-50ab-abd5-2613afa7feac,bf996092-8d66-408a-8d8e-5065ca3330c2,cbee6c17-cdf8-4f2c-89c3-d6d9d738603e,Guide Wall Pour Card Checklist,active,,864d6c69-8cea-4bd1-a2a4-5907c1b34748,pg.template_type.quality
P6VEMMUUKNDV,2025-05-31 06:57:48.563885,a0cf1323-d515-5823-b9bf-bb46f53a79fd,bf996092-8d66-408a-8d8e-5065ca3330c2,cbee6c17-cdf8-4f2c-89c3-d6d9d738603e,Permit for Hot Works Checklist,active,,32861d67-1878-48d3-a913-412749319257,pg.template_type.safety
P6VEMMUUKNDV,2025-05-31 06:57:50.444632,4a18c55d-21e3-50ad-a1f6-806ca1c91b84,bf996092-8d66-408a-8d8e-5065ca3330c2,cbee6c17-cdf8-4f2c-89c3-d6d9d738603e,Permit For Working At Height Checklist,active,,63bde4cb-98ce-4465-9b0d-4efc51db63fd,pg.template_type.safety
P6VEMMUUKNDV,2025-05-31 06:57:51.923501,5ee5cc51-c138-523f-9dbe-51d933a06cbf,bf996092-8d66-408a-8d8e-5065ca3330c2,cbee6c17-cdf8-4f2c-89c3-d6d9d738603e,Anchor Grouting,active,e6d9c6f2-2073-4a1e-960a-114f607555b0,,pg.template_type.quality
P6VEMMUUKNDV,2025-05-31 06:57:54.6923,e6b6a987-a843-5565-a5b1-480d3af1e303,bf996092-8d66-408a-8d8e-5065ca3330c2,cbee6c17-cdf8-4f2c-89c3-d6d9d738603e,Panel & Distribution Board (DB) Works  Checklist,active,,d6170c69-c50c-4938-885c-8280b833ea75,pg.template_type.quality
P6VEMMUUKNDV,2025-05-31 06:57:55.555399,e209abe2-a0b0-54e3-8139-7be038604d84,bf996092-8d66-408a-8d8e-5065ca3330c2,cbee6c17-cdf8-4f2c-89c3-d6d9d738603e,Plumbing Work Checklist,active,,c793235a-36ab-41b4-8f0b-b904ca0cb571,pg.template_type.quality
P6VEMMUUKNDV,2025-05-31 06:57:57.499826,044c1aa4-30e6-56da-8872-15d7eb2c7026,bf996092-8d66-408a-8d8e-5065ca3330c2,cbee6c17-cdf8-4f2c-89c3-d6d9d738603e,Earthing Work Checklist,active,,85a35098-5008-42e2-b22d-f24aee948169,pg.template_type.quality
P6VEMMUUKNDV,2025-05-31 06:57:58.235157,657a958f-c702-54ce-9947-1d714001d8ed,bf996092-8d66-408a-8d8e-5065ca3330c2,cbee6c17-cdf8-4f2c-89c3-d6d9d738603e,Lighting & Switching Works Checklist,active,,8293c5d3-5beb-4881-8054-cc075cea21fc,pg.template_type.quality
P6VEMMUUKNDV,2025-05-31 06:57:59.585718,319a8629-6345-5546-b703-79d816390854,bf996092-8d66-408a-8d8e-5065ca3330c2,cbee6c17-cdf8-4f2c-89c3-d6d9d738603e,Monitoring For Labor Camp Checklist,active,,9af6b690-5987-474d-bbee-2e130f7e9c4f,pg.template_type.safety
BNH27VPVJQZ2H9MH,2025-04-28 09:10:05.671937,15217029-3952-5446-8e20-db1fdd2aabdc,bf996092-8d66-408a-8d8e-5065ca3330c2,ada6015d-9fce-4f2c-b20f-fc9122d2face,Primary Incident Report Checklist,active,,efd9a7ad-d5c3-4940-8626-05fb16007f46,pg.template_type.safety
BNH27VPVJQZ2H9MH,2025-04-29 09:39:37.720414,76ba9bd1-0220-59f8-9f86-d26868574cc7,bf996092-8d66-408a-8d8e-5065ca3330c2,ada6015d-9fce-4f2c-b20f-fc9122d2face,Permit for Confined Space Work Checklist,active,,59e179fb-81f2-43e0-9d8f-0cd91e471cdd,pg.template_type.safety
BNH27VPVJQZ2H9MH,2025-04-29 09:43:00.098861,1327698a-151e-59af-8c2a-1c88bd745f00,bf996092-8d66-408a-8d8e-5065ca3330c2,ada6015d-9fce-4f2c-b20f-fc9122d2face,Permit For Working At Night Checklist,active,,3b6f2fe1-48b1-411f-8694-e0e0599347e9,pg.template_type.safety
V9Q2X946QA52XTJG,2025-04-28 11:30:14.635045,223e4913-0ca1-5c6f-8b34-df458f63572a,bf996092-8d66-408a-8d8e-5065ca3330c2,ada6015d-9fce-4f2c-b20f-fc9122d2face,Permit For Working At Night Checklist,deleted,,fe3764f0-c1c9-4493-a341-012ffb6d8a37,pg.template_type.safety
BNH27VPVJQZ2H9MH,2025-04-28 11:32:29.625854,f00a64c6-77e0-533e-b76a-0216a1ce1c30,bf996092-8d66-408a-8d8e-5065ca3330c2,ada6015d-9fce-4f2c-b20f-fc9122d2face,Monitoring For Electrical Works Checklist,active,,59035175-7252-4de7-a62b-a3474c47a64e,pg.template_type.safety
BNH27VPVJQZ2H9MH,2025-04-29 09:03:58.056212,3b0070cd-b2be-5ac7-9905-d1f3854f8cb6,bf996092-8d66-408a-8d8e-5065ca3330c2,ada6015d-9fce-4f2c-b20f-fc9122d2face,Permit For Working At Height Checklist,active,,e8f38373-915d-477f-b2a4-46cf7cb09d7d,pg.template_type.safety
V9Q2X946QA52XTJG,2025-05-07 06:35:44.550844,a11c2794-d170-4678-8d71-927ac921f317,bf996092-8d66-408a-8d8e-5065ca3330c2,ada6015d-9fce-4f2c-b20f-fc9122d2face,Concrete Placement Record,inactive,8d6290de-03fe-4860-aaae-f0a719976ad8,,pg.template_type.quality
V9Q2X946QA52XTJG,2025-04-28 11:39:08.058258,0c55e18a-6943-4a91-afeb-0b17112f0360,bf996092-8d66-408a-8d8e-5065ca3330c2,ada6015d-9fce-4f2c-b20f-fc9122d2face,2000cum Single Pour - Concrete Placement Record,inactive,806f116a-e7fa-49b0-ae24-734e43467241,,pg.template_type.quality
3NH2Q57QKQWJE37V,2025-08-20 04:44:32.955706,4e3bc272-6a1a-5e3f-9eca-5896694fc4c5,bf996092-8d66-408a-8d8e-5065ca3330c2,967e785d-d83c-490b-8d6a-2ed926c956ac,Bill Submission Checklist - Submittals,active,9a17ce40-3c3b-49b9-ba44-aadab83d4629,,pg.template_type.other
V9Q2X946QA52XTJG,2025-04-29 06:31:40.776775,5083122a-144d-4b5d-bc57-99cec3ac5264,bf996092-8d66-408a-8d8e-5065ca3330c2,ada6015d-9fce-4f2c-b20f-fc9122d2face,xyz,inactive,,a12e12dd-aa99-4472-baa1-0b0329abf309,
V9Q2X946QA52XTJG,2025-06-27 07:26:46.668504,cf0577fd-2b7b-58dc-ab02-d34b6f70b3e6,bf996092-8d66-408a-8d8e-5065ca3330c2,23142979-9fb6-4fd3-bd82-62d7e0add75f,False Ceiling Checklist,active,,b94982bd-88ef-4da4-8ccc-30e0175f3150,pg.template_type.quality
V9Q2X946QA52XTJG,2025-06-27 07:25:40.429785,2f5a6c0f-ed34-563a-8157-9c726da6d700,bf996092-8d66-408a-8d8e-5065ca3330c2,23142979-9fb6-4fd3-bd82-62d7e0add75f,Foam Concrete Checklist,active,,b268246f-c44f-40ec-a6c8-5bc9c2aca29e,pg.template_type.quality
V9Q2X946QA52XTJG,2025-06-27 07:13:15.398578,e42b23f6-8a6a-548e-8640-1862ab1fd623,bf996092-8d66-408a-8d8e-5065ca3330c2,23142979-9fb6-4fd3-bd82-62d7e0add75f,IPS Work Checklist,active,,58f62bd1-111c-42e5-9998-f5b2fa8e29fb,pg.template_type.quality
V9Q2X946QA52XTJG,2025-06-27 07:10:39.398164,685ce9d4-5c15-50ff-a20e-7163dcd95976,bf996092-8d66-408a-8d8e-5065ca3330c2,23142979-9fb6-4fd3-bd82-62d7e0add75f,Paint Work Checklist,active,,12406a04-3436-4cd6-af4b-f97c12a4cafe,pg.template_type.quality
V9Q2X946QA52XTJG,2025-06-27 07:11:57.989118,3f815dba-d58f-53cf-ae1f-9119fce69f0f,bf996092-8d66-408a-8d8e-5065ca3330c2,23142979-9fb6-4fd3-bd82-62d7e0add75f,Marble Flooring Checklist,active,,58e196f3-2ae3-45c5-b76d-1132f428af32,pg.template_type.quality
V9Q2X946QA52XTJG,2025-05-12 10:38:57.778352,fcb5dff7-0796-5b0e-9a50-ed1df9f29672,bf996092-8d66-408a-8d8e-5065ca3330c2,2f551e7d-05e6-4bfc-8ee1-0ef3a8487c11,Bore Hole Checklist,deleted,,5fe5cc40-07ef-4fbd-a446-3b129e247496,pg.template_type.quality
V9Q2X946QA52XTJG,2025-05-12 10:38:57.92279,3045b99d-419f-5c10-bab7-e062dbb28d52,bf996092-8d66-408a-8d8e-5065ca3330c2,2f551e7d-05e6-4bfc-8ee1-0ef3a8487c11,Guide Wall Pour Card Checklist,deleted,,927ac933-2ec9-4a34-9f55-f2b4a8cb8f92,pg.template_type.quality
V9Q2X946QA52XTJG,2025-05-07 05:57:57.145739,dc3c4426-d5e8-5cc9-ba41-ed4ad13a847a,bf996092-8d66-408a-8d8e-5065ca3330c2,23142979-9fb6-4fd3-bd82-62d7e0add75f,Pour Card Checklist,deleted,,12e5002f-cc36-4d75-b2bd-18f71df45e2d,pg.template_type.quality
V9Q2X946QA52XTJG,2025-06-28 05:00:51.770528,c05bfec5-3234-5ea6-8572-2d5ada1bf6ac,bf996092-8d66-408a-8d8e-5065ca3330c2,2f551e7d-05e6-4bfc-8ee1-0ef3a8487c11,Panel & Distribution Board (DB) Works  Checklist,active,,981c3974-4b3f-470d-9b94-5f68233a6a25,pg.template_type.quality
V9Q2X946QA52XTJG,2025-06-28 05:39:00.318992,91e70319-066e-5ab0-8bfb-84551bb9e265,bf996092-8d66-408a-8d8e-5065ca3330c2,2f551e7d-05e6-4bfc-8ee1-0ef3a8487c11,Anti-Termite Treatment Checklist,active,,a495d934-0c60-410e-a655-8189e957c7d4,pg.template_type.quality
V9Q2X946QA52XTJG,2025-06-28 05:38:30.581621,fe345dac-4936-5d8b-89f4-cfab60ab085e,bf996092-8d66-408a-8d8e-5065ca3330c2,2f551e7d-05e6-4bfc-8ee1-0ef3a8487c11,Backfilling Checklist,active,,6e2f7fe3-3aa4-402c-aae6-2881518b98c0,pg.template_type.quality
V9Q2X946QA52XTJG,2025-06-28 05:37:55.22913,fed0dc3b-a69b-5000-b544-0d3d6c644d47,bf996092-8d66-408a-8d8e-5065ca3330c2,2f551e7d-05e6-4bfc-8ee1-0ef3a8487c11,Brick Masonry Checklist,active,,8526cedf-28aa-4ec5-bf62-26eee5e68e9d,pg.template_type.quality
V9Q2X946QA52XTJG,2025-06-28 05:02:02.516239,7059df06-614e-51d3-8971-bf961f2233df,bf996092-8d66-408a-8d8e-5065ca3330c2,2f551e7d-05e6-4bfc-8ee1-0ef3a8487c11,Lighting & Switching Works Checklist,active,,f674ddaf-ba5f-41be-8520-82f79faa418f,pg.template_type.quality
V9Q2X946QA52XTJG,2025-06-28 05:36:24.424091,02bc1ef8-fb8f-5f61-9958-eab6ac26e501,bf996092-8d66-408a-8d8e-5065ca3330c2,2f551e7d-05e6-4bfc-8ee1-0ef3a8487c11,Dry Lean Concrete Checklist (DLC),active,,380dde6b-57b1-43d2-a31e-0c179fd8b058,pg.template_type.quality
V9Q2X946QA52XTJG,2025-06-28 05:02:48.9708,c84ff804-69dd-52e4-b30a-9eea97f5441a,bf996092-8d66-408a-8d8e-5065ca3330c2,2f551e7d-05e6-4bfc-8ee1-0ef3a8487c11,Joinery Work Checklist,active,,4991fcf4-a4d5-41c7-a6ff-c28dda717437,pg.template_type.quality
V9Q2X946QA52XTJG,2025-06-28 05:35:25.196019,e3ffb0b6-724a-5100-82c5-09b1b7fe380a,bf996092-8d66-408a-8d8e-5065ca3330c2,2f551e7d-05e6-4bfc-8ee1-0ef3a8487c11,Excavation Checklist,active,,9d191e2f-720b-488c-a2fc-56fea3639fac,pg.template_type.quality
V9Q2X946QA52XTJG,2025-06-28 05:34:32.16684,168fea87-53d1-55b8-a218-acd39a38017c,bf996092-8d66-408a-8d8e-5065ca3330c2,2f551e7d-05e6-4bfc-8ee1-0ef3a8487c11,Expansion Joint Treatment Checklist,active,,ce1f19bc-6f48-41d8-9058-dea1b57bf791,pg.template_type.quality
V9Q2X946QA52XTJG,2025-06-28 05:33:16.79892,87ef830f-63d4-51fb-b3a3-a8b091c3136e,bf996092-8d66-408a-8d8e-5065ca3330c2,2f551e7d-05e6-4bfc-8ee1-0ef3a8487c11, External Glazing Checklist,active,,d10dbc29-c5bf-4aef-acba-0903fcfba68e,pg.template_type.quality
V9Q2X946QA52XTJG,2025-06-28 05:06:56.322409,06a9e4e8-e323-5b9b-aac7-10cde57cb73a,bf996092-8d66-408a-8d8e-5065ca3330c2,2f551e7d-05e6-4bfc-8ee1-0ef3a8487c11,Cable Tray Work Checklist,active,,55f64abe-1e58-41c0-8ac9-508ecfc4a156,pg.template_type.quality
V9Q2X946QA52XTJG,2025-06-28 05:26:47.426392,59e2155a-238f-5d4c-aa48-297728c3a48e,bf996092-8d66-408a-8d8e-5065ca3330c2,2f551e7d-05e6-4bfc-8ee1-0ef3a8487c11,False Ceiling Checklist,active,,60a4a50f-4eef-40f4-92f7-9a9694b4c492,pg.template_type.quality
V9Q2X946QA52XTJG,2025-06-28 05:21:20.167507,63994118-e3d2-52b2-b770-1c083747232f,bf996092-8d66-408a-8d8e-5065ca3330c2,2f551e7d-05e6-4bfc-8ee1-0ef3a8487c11,Internal Plaster Checklist,active,,29bbebe0-07ad-425a-b2e2-4d8ffc00470f,pg.template_type.quality
V9Q2X946QA52XTJG,2025-06-28 05:17:23.435965,9da35ffd-fdd5-5848-b562-6cfad420b4a9,bf996092-8d66-408a-8d8e-5065ca3330c2,2f551e7d-05e6-4bfc-8ee1-0ef3a8487c11,Paint Work Checklist,active,,d911a14b-0473-423b-b4d3-e290610c1bc8,pg.template_type.quality
V9Q2X946QA52XTJG,2025-06-28 05:16:30.465479,e30b4f61-002e-5d69-b9e7-ff205c87751b,bf996092-8d66-408a-8d8e-5065ca3330c2,2f551e7d-05e6-4bfc-8ee1-0ef3a8487c11,Pavement Quality Concrete Checklist (PQC),active,,82485c2b-3507-4e30-a6cf-18bc420e5913,pg.template_type.quality
V9Q2X946QA52XTJG,2025-06-27 08:45:28.39544,7f096820-9851-583c-b102-1f8504f6def8,bf996092-8d66-408a-8d8e-5065ca3330c2,77d5fb8c-5d83-4fa8-8c81-169306f7a8f7,Monitoring For Excavation Checklist,active,,ad2b2f22-583d-404b-8617-4ede560d5bf8,pg.template_type.safety
V9Q2X946QA52XTJG,2025-06-27 08:51:00.178278,747e225c-4059-5176-9cea-bc4ac9153005,bf996092-8d66-408a-8d8e-5065ca3330c2,77d5fb8c-5d83-4fa8-8c81-169306f7a8f7,Permit For Working At Height Checklist,active,,d14a627e-f6ea-44d7-9b08-bd02e902aadf,pg.template_type.safety
V9Q2X946QA52XTJG,2025-06-28 04:50:45.773469,8dd77639-5fe6-552c-bc07-7f498f3d3614,bf996092-8d66-408a-8d8e-5065ca3330c2,2f551e7d-05e6-4bfc-8ee1-0ef3a8487c11,Permit For Excavation Work Checklist,active,,a5f76fcb-0c5e-4dcc-ab8f-12a3c23168a6,pg.template_type.safety
V9Q2X946QA52XTJG,2025-06-27 08:51:46.071112,75825425-149a-55ff-9651-070a414d8d46,bf996092-8d66-408a-8d8e-5065ca3330c2,77d5fb8c-5d83-4fa8-8c81-169306f7a8f7,Permit for Hot Works Checklist,active,,75e6328f-5994-4110-b787-dec5f7a329c2,pg.template_type.safety
V9Q2X946QA52XTJG,2025-06-26 11:24:38.702158,394a3e97-657c-5e9e-8614-be88fe6348ac,bf996092-8d66-408a-8d8e-5065ca3330c2,f679f4cf-c089-4a2b-9b84-b14129630601,Wood Work Checklist,active,,ea22bde4-f9ce-4a7f-8082-ab5a67880f72,pg.template_type.quality
V9Q2X946QA52XTJG,2025-05-19 06:20:27.804616,ab060033-03f4-5fcd-a94d-4c50f9bed0f3,bf996092-8d66-408a-8d8e-5065ca3330c2,f679f4cf-c089-4a2b-9b84-b14129630601,Monitoring For Mobile Crane Operation Checklist,active,,6dcefe89-fdbb-4398-bc40-dc3f1317d5c5,pg.template_type.safety
V9Q2X946QA52XTJG,2025-07-01 09:55:34.647342,f2c1453d-e386-5d0c-a3ce-eef24368b82f,bf996092-8d66-408a-8d8e-5065ca3330c2,967e785d-d83c-490b-8d6a-2ed926c956ac,VD Flooring Checklist,active,,cab497e9-fa1f-4913-b3e4-781027f5ca3d,pg.template_type.quality
V9Q2X946QA52XTJG,2025-05-02 09:16:28.139503,4510e796-b69b-48d2-8468-5ff66e83def7,bf996092-8d66-408a-8d8e-5065ca3330c2,ada6015d-9fce-4f2c-b20f-fc9122d2face,Anchor Bracket Fixing Checklist with fastener,deleted,d1a70019-cad9-4642-a8a0-7e91ebaf92c1,,
P6VEMMUUKNDV,2025-06-09 07:21:51.788374,d4286a86-2f73-4b13-8449-086d54daa5bb,bf996092-8d66-408a-8d8e-5065ca3330c2,5f478d4c-bbba-42cf-9532-4c830f687b31,(Sample) Daily Safety Inspection,active,ecdc7bda-56a2-4662-9483-19457487c8c1,,pg.template_type.safety
P6VEMMUUKNDV,2025-06-09 07:21:51.931524,647ac880-9483-4828-bb57-7e5939e9d78d,bf996092-8d66-408a-8d8e-5065ca3330c2,5f478d4c-bbba-42cf-9532-4c830f687b31,(Sample) Job Hazard Analysis,active,494a3b6a-149a-498b-b7b6-76b84fb57055,,pg.template_type.safety
P6VEMMUUKNDV,2025-06-09 07:21:52.059858,878a169e-17a0-4211-9df7-6f48ab848e9d,bf996092-8d66-408a-8d8e-5065ca3330c2,5f478d4c-bbba-42cf-9532-4c830f687b31,(Sample) Time Sheet,active,0fd01b27-73ae-4e25-b2c5-7ff14a00f73e,,pg.template_type.time_sheet
P6VEMMUUKNDV,2025-06-09 07:21:52.248608,85c04d49-5e0f-4364-8699-21517ca04b71,bf996092-8d66-408a-8d8e-5065ca3330c2,5f478d4c-bbba-42cf-9532-4c830f687b31,(Sample) Daily Report,active,,eedf87ae-0cd9-4b59-9603-71f7ff814b45,pg.template_type.daily_report
P6VEMMUUKNDV,2025-06-09 07:21:52.002918,b2bbb692-86df-45c3-8bd8-70db29c8a287,bf996092-8d66-408a-8d8e-5065ca3330c2,5f478d4c-bbba-42cf-9532-4c830f687b31,(Sample) Daily Safety Inspection,active,43b94cf0-7d47-4a48-bdfc-525ebc48b7ec,,pg.template_type.safety
P6VEMMUUKNDV,2025-06-09 07:21:52.120532,9b27b890-eb65-4368-8eca-437d7ae44148,bf996092-8d66-408a-8d8e-5065ca3330c2,5f478d4c-bbba-42cf-9532-4c830f687b31,(Sample) Job Hazard Analysis,active,d2b1833c-bb65-4fa6-86bb-670d7c5c2595,,pg.template_type.safety
P6VEMMUUKNDV,2025-06-09 07:21:52.237753,8575944e-d479-489b-88d4-2e3e57801d1b,bf996092-8d66-408a-8d8e-5065ca3330c2,5f478d4c-bbba-42cf-9532-4c830f687b31,(Sample) Time Sheet,active,31e84c44-b3c4-4673-94d2-a1ff01bebe98,,pg.template_type.time_sheet
P6VEMMUUKNDV,2025-06-09 07:21:52.405017,36a4994a-6239-4c11-a013-9a91f8ceca99,bf996092-8d66-408a-8d8e-5065ca3330c2,5f478d4c-bbba-42cf-9532-4c830f687b31,(Sample) Daily Report,active,,de310bd1-32e5-4bd6-ac1f-393021a5297b,pg.template_type.daily_report
V9Q2X946QA52XTJG,2025-07-08 10:18:00.808802,a92c5fd4-8056-5427-81be-534ee6f71438,bf996092-8d66-408a-8d8e-5065ca3330c2,ada6015d-9fce-4f2c-b20f-fc9122d2face,Routine Test Checklist,active,8093c11c-6af7-46a1-9d76-4b7a52adee9d,,pg.template_type.quality
P6VEMMUUKNDV,2025-05-31 06:58:03.527974,f7cd6821-51bf-571f-9fcb-b8f0470b3bc4,bf996092-8d66-408a-8d8e-5065ca3330c2,cbee6c17-cdf8-4f2c-89c3-d6d9d738603e,Lifts - Other Cut-Outs Dimensions Checklist,active,0ff42e91-7854-438b-88f8-9b31be1418d2,,pg.template_type.quality
P6VEMMUUKNDV,2025-05-31 06:58:06.235915,42cb7093-206a-5cad-a475-7e30919c1cc7,bf996092-8d66-408a-8d8e-5065ca3330c2,cbee6c17-cdf8-4f2c-89c3-d6d9d738603e,Monitoring Of DG Set Checklist,active,,8a353f86-18c0-42f5-8d71-4974978f80cb,pg.template_type.safety
P6VEMMUUKNDV,2025-05-31 06:58:07.303576,096f9f86-6ee5-5a9e-b612-505d2c34d88b,bf996092-8d66-408a-8d8e-5065ca3330c2,cbee6c17-cdf8-4f2c-89c3-d6d9d738603e,External Plaster Checklist,active,,ecedc5f1-a768-477c-884d-8aef79f430dd,pg.template_type.quality
P6VEMMUUKNDV,2025-05-31 06:58:09.234034,0e3d02af-36b6-5123-9449-744e5aa84b1d,bf996092-8d66-408a-8d8e-5065ca3330c2,cbee6c17-cdf8-4f2c-89c3-d6d9d738603e,Cable Tray Work Checklist,active,,41da2dba-3006-4cc3-804e-f65647c42bfe,pg.template_type.quality
P6VEMMUUKNDV,2025-05-31 06:58:10.437938,2dc5ccf2-4501-5e79-a694-cb61d4a89e61,bf996092-8d66-408a-8d8e-5065ca3330c2,cbee6c17-cdf8-4f2c-89c3-d6d9d738603e,Concrete Placement Record,active,4a86b93a-b72c-4149-9778-29fd4b8c9a25,,pg.template_type.quality
P6VEMMUUKNDV,2025-05-31 06:58:13.323401,91f50e15-c41b-5992-9b23-c895a7e4c2f8,bf996092-8d66-408a-8d8e-5065ca3330c2,cbee6c17-cdf8-4f2c-89c3-d6d9d738603e,Pour Card Checklist,active,,f78bd005-b773-493c-9e99-bbdb721dea79,pg.template_type.quality
P6VEMMUUKNDV,2025-05-31 06:58:18.142482,fcc7469e-d222-59be-a356-d825f7fa0d64,bf996092-8d66-408a-8d8e-5065ca3330c2,cbee6c17-cdf8-4f2c-89c3-d6d9d738603e,Anchor Bracket Fixing Checklist with fastener,active,d1154e42-51ab-4251-9d90-13f5ef0bf07c,,pg.template_type.quality
P6VEMMUUKNDV,2025-05-31 06:58:20.715499,fee3b04a-9c9f-5f9d-846a-f323aaf4fb5f,bf996092-8d66-408a-8d8e-5065ca3330c2,cbee6c17-cdf8-4f2c-89c3-d6d9d738603e,Brick Masonry Checklist,active,,569294a9-9e59-4bcb-ba0b-8434758e21d8,pg.template_type.quality
P6VEMMUUKNDV,2025-05-31 06:58:22.66194,654c5191-e89b-5fbe-8cde-0b9e6b4065c4,bf996092-8d66-408a-8d8e-5065ca3330c2,cbee6c17-cdf8-4f2c-89c3-d6d9d738603e,Anchor Drilling,active,f18b9d68-8501-4165-b05d-4819c9b67c1c,,pg.template_type.quality
P6VEMMUUKNDV,2025-05-31 06:58:24.949917,6a5d9503-ac26-5b2f-b653-9331ce854221,bf996092-8d66-408a-8d8e-5065ca3330c2,cbee6c17-cdf8-4f2c-89c3-d6d9d738603e,MV Panel Work Checklist,active,,a31bc6d4-bb9c-445d-881a-0bbd72a82575,pg.template_type.quality
P6VEMMUUKNDV,2025-05-31 06:58:26.072916,cc73797b-1317-547a-95bd-9481043d71e2,bf996092-8d66-408a-8d8e-5065ca3330c2,cbee6c17-cdf8-4f2c-89c3-d6d9d738603e,Expansion Joint Treatment Checklist,active,,4db39806-a25b-4c5a-bd7b-1126c20bbf64,pg.template_type.quality
P6VEMMUUKNDV,2025-05-31 06:58:27.21295,b32525aa-42e1-5c35-ae01-c279e570ecbb,bf996092-8d66-408a-8d8e-5065ca3330c2,cbee6c17-cdf8-4f2c-89c3-d6d9d738603e,D-Wall Grabbing,active,7e98ccbc-b805-41ae-97ed-abcff54559e6,,pg.template_type.quality
P6VEMMUUKNDV,2025-05-31 06:58:30.001455,71c73dea-aa81-5bde-aa23-f039d0c25050,bf996092-8d66-408a-8d8e-5065ca3330c2,cbee6c17-cdf8-4f2c-89c3-d6d9d738603e,Primary Incident Report Checklist,active,,2348b9e6-e85f-4f2d-836c-765acce1c6e9,pg.template_type.safety
P6VEMMUUKNDV,2025-05-31 06:58:31.148363,70d58b60-876f-52b2-a81a-4767f0ff6744,bf996092-8d66-408a-8d8e-5065ca3330c2,cbee6c17-cdf8-4f2c-89c3-d6d9d738603e,Monitoring For Mobile Crane Operation Checklist,active,,1c024f27-20a9-4df4-9ad0-767ba9a0cf8b,pg.template_type.safety
P6VEMMUUKNDV,2025-05-31 06:58:32.78753,aaf95490-b17c-5b70-95a5-bbda267ad5bc,bf996092-8d66-408a-8d8e-5065ca3330c2,cbee6c17-cdf8-4f2c-89c3-d6d9d738603e,Conduiting Work Checklist,active,,d8b7d6dd-bee9-4d5b-8bce-69c2c23bdca1,pg.template_type.quality
P6VEMMUUKNDV,2025-05-31 06:58:33.376269,6f300fa2-0124-56eb-aac3-2361c9b9209a,bf996092-8d66-408a-8d8e-5065ca3330c2,cbee6c17-cdf8-4f2c-89c3-d6d9d738603e,Monitoring For Personal Protective Equipment Checklist,active,,316e57c8-f103-4254-b766-8fe843604acf,pg.template_type.safety
P6VEMMUUKNDV,2025-05-31 06:58:34.223404,d3eecdcf-24b7-57a0-99ed-81d6ca0505e6,bf996092-8d66-408a-8d8e-5065ca3330c2,cbee6c17-cdf8-4f2c-89c3-d6d9d738603e,AAC Block Masonry Checklist,active,,b7f126c9-b5c6-4c6a-9ccb-5027f838998a,pg.template_type.quality
P6VEMMUUKNDV,2025-05-31 06:58:34.390989,32851d97-df26-5015-8f98-9be815e831eb,bf996092-8d66-408a-8d8e-5065ca3330c2,cbee6c17-cdf8-4f2c-89c3-d6d9d738603e,Tool Box Talk,active,3952b7b6-def2-4972-8001-74b029b4fd6c,,pg.template_type.safety
P6VEMMUUKNDV,2025-05-31 06:58:37.04952,7e447c66-3d6c-5564-91c1-3eac5aca946f,bf996092-8d66-408a-8d8e-5065ca3330c2,cbee6c17-cdf8-4f2c-89c3-d6d9d738603e,GRC Works Checklist,active,,c45c3738-a3bb-43be-9225-f5c4d9ef8b5c,pg.template_type.quality
P6VEMMUUKNDV,2025-05-31 06:58:36.853015,77823b0d-6006-5cb5-b9df-da719da8af2d,bf996092-8d66-408a-8d8e-5065ca3330c2,cbee6c17-cdf8-4f2c-89c3-d6d9d738603e,IPS Work Checklist,active,,88ec4ee9-a24f-4cab-801f-5c167b79549d,pg.template_type.quality
P6VEMMUUKNDV,2025-05-31 06:58:38.705526,8ddd89ea-4bae-55f3-93b9-cde1ee68b074,bf996092-8d66-408a-8d8e-5065ca3330c2,cbee6c17-cdf8-4f2c-89c3-d6d9d738603e,Permit for Confined Space Work Checklist,active,,57e6bf0d-9992-446e-a5d9-3d485274a5de,pg.template_type.safety
P6VEMMUUKNDV,2025-05-31 06:58:38.996948,c68ab139-b083-5572-b172-24471572b625,bf996092-8d66-408a-8d8e-5065ca3330c2,cbee6c17-cdf8-4f2c-89c3-d6d9d738603e,Monitoring For Scaffolding Checklist,active,,0e0d2954-8d3b-4cee-829b-a88c8c3059ca,pg.template_type.safety
P6VEMMUUKNDV,2025-05-31 06:58:39.957746,f33ed240-6ec4-567c-bed9-6c2dd6488d10,bf996092-8d66-408a-8d8e-5065ca3330c2,cbee6c17-cdf8-4f2c-89c3-d6d9d738603e,Monitoring For Electrical Works Checklist,active,,5ac049d3-4a51-41a1-9dbe-ce85d120bb24,pg.template_type.safety
P6VEMMUUKNDV,2025-05-31 06:58:40.683452,cae9bf5c-0256-5be7-b30e-a9d87125a0c0,bf996092-8d66-408a-8d8e-5065ca3330c2,cbee6c17-cdf8-4f2c-89c3-d6d9d738603e,Monitoring For Operations Of Power Hand Tool & Other Equipment Checklist,active,,2ab767c2-603d-49b1-8327-23afa8a2838d,pg.template_type.safety
P6VEMMUUKNDV,2025-05-31 06:58:41.294925,e922a180-a5c5-5719-8b1c-035406a2bdd5,bf996092-8d66-408a-8d8e-5065ca3330c2,cbee6c17-cdf8-4f2c-89c3-d6d9d738603e,Anti-Termite Treatment Checklist,active,,10855eba-cb07-4cf0-9ccd-f3442d2ffb89,pg.template_type.quality
P6VEMMUUKNDV,2025-05-31 06:58:41.796447,40ac7519-cdc1-5d48-b262-8e2a02942624,bf996092-8d66-408a-8d8e-5065ca3330c2,cbee6c17-cdf8-4f2c-89c3-d6d9d738603e,Monitoring For Ladders Checklist,active,,93ede03c-ee05-4ccc-81bb-94b5df06e88d,pg.template_type.safety
P6VEMMUUKNDV,2025-05-31 06:58:42.638986,fe06094f-fe41-5f81-9904-2624be5b50ca,bf996092-8d66-408a-8d8e-5065ca3330c2,cbee6c17-cdf8-4f2c-89c3-d6d9d738603e,Monitoring For Excavation Checklist,active,,a5bdecc6-4259-4bb6-8adb-f496841e9f9b,pg.template_type.safety
P6VEMMUUKNDV,2025-05-31 06:58:43.287825,c59d7864-2559-5571-b9b2-be985606a3f5,bf996092-8d66-408a-8d8e-5065ca3330c2,cbee6c17-cdf8-4f2c-89c3-d6d9d738603e,False Ceiling Checklist,active,,6a016afe-ce96-447e-862b-f462d3f9d632,pg.template_type.quality
P6VEMMUUKNDV,2025-05-31 06:58:44.162415,de381db1-ea93-5053-83c5-89cfd3c08b73,bf996092-8d66-408a-8d8e-5065ca3330c2,cbee6c17-cdf8-4f2c-89c3-d6d9d738603e,Backfilling Checklist,active,,640f2fb3-b454-455f-94d4-ff280e21dc27,pg.template_type.quality
P6VEMMUUKNDV,2025-05-31 06:58:45.483996,c659e903-d7e8-54c5-8ea7-c543e708c43a,bf996092-8d66-408a-8d8e-5065ca3330c2,cbee6c17-cdf8-4f2c-89c3-d6d9d738603e, Door Windows Checklist,active,,e8e1014c-df80-424d-b19a-7437c13d0e10,pg.template_type.quality
P6VEMMUUKNDV,2025-05-31 06:58:45.648113,cc4b3d47-289f-52d7-bf40-d257867f2e53,bf996092-8d66-408a-8d8e-5065ca3330c2,cbee6c17-cdf8-4f2c-89c3-d6d9d738603e, External Glazing Checklist,active,,c59f866a-9dc0-487f-8253-6c133d6af9da,pg.template_type.quality
P6VEMMUUKNDV,2025-05-31 06:58:46.476146,c875db6d-831b-50de-a66d-dbd5d2a37cf9,bf996092-8d66-408a-8d8e-5065ca3330c2,cbee6c17-cdf8-4f2c-89c3-d6d9d738603e,SS Railing Work Checklist (Balcony / Staircase),active,,548f7503-2bef-4477-bc66-154e9b63f3dc,pg.template_type.quality
P6VEMMUUKNDV,2025-05-31 06:58:47.410227,2a2da9d4-26f9-5907-9731-6953f81d7461,bf996092-8d66-408a-8d8e-5065ca3330c2,cbee6c17-cdf8-4f2c-89c3-d6d9d738603e,Foam Concrete Checklist,active,,a6ad7e4a-8027-4ef4-8fdc-618bf490f3ab,pg.template_type.quality
P6VEMMUUKNDV,2025-05-31 06:58:48.189784,8d2282e5-d76e-5c3a-befc-65b130ba5979,bf996092-8d66-408a-8d8e-5065ca3330c2,cbee6c17-cdf8-4f2c-89c3-d6d9d738603e,Waterproofing Checklist (Terrace),active,,cc200bd7-73e1-43db-8ff8-41f25e032c48,pg.template_type.quality
P6VEMMUUKNDV,2025-05-31 06:58:49.659826,5d093fe7-88e0-5154-80bb-9e8389752905,bf996092-8d66-408a-8d8e-5065ca3330c2,cbee6c17-cdf8-4f2c-89c3-d6d9d738603e,Monitoring For Machine Safeguarding Checklist,active,,9e251281-182b-4e98-8ddc-54dc6d243942,pg.template_type.safety
P6VEMMUUKNDV,2025-05-31 06:58:51.117055,175d7795-ab3b-5fea-9f17-8777f5a42440,bf996092-8d66-408a-8d8e-5065ca3330c2,cbee6c17-cdf8-4f2c-89c3-d6d9d738603e,Wood Work Checklist,active,,45ac2a37-de3b-4b3e-9179-38b24f64ba35,pg.template_type.quality
P6VEMMUUKNDV,2025-05-31 06:58:51.192495,a8749b51-6fd8-5bd6-b145-e861198ec0f3,bf996092-8d66-408a-8d8e-5065ca3330c2,cbee6c17-cdf8-4f2c-89c3-d6d9d738603e,Dry Lean Concrete Checklist (DLC),active,,af6b79d5-f802-4f6f-9d7f-e65d52b35c08,pg.template_type.quality
P6VEMMUUKNDV,2025-05-31 06:58:52.768846,93ee334a-26cc-52da-9bd7-bdeec99a84f6,bf996092-8d66-408a-8d8e-5065ca3330c2,cbee6c17-cdf8-4f2c-89c3-d6d9d738603e,Monthly Incident Investigation,active,62c72175-8172-4d0a-b70b-ad60f4a6ea5d,,pg.template_type.safety
P6VEMMUUKNDV,2025-05-31 06:58:53.094907,6c93c144-68ec-56b3-9b5b-592e7ea920ef,bf996092-8d66-408a-8d8e-5065ca3330c2,cbee6c17-cdf8-4f2c-89c3-d6d9d738603e,Paint Work Checklist,active,,b09ab8dc-d640-41a9-9af9-1caae7c87aa5,pg.template_type.quality
P6VEMMUUKNDV,2025-05-31 06:58:54.794732,259ada38-d378-571e-a8b2-abcbc1b55b61,bf996092-8d66-408a-8d8e-5065ca3330c2,cbee6c17-cdf8-4f2c-89c3-d6d9d738603e,Internal Plaster Checklist,active,,5e7792f2-7d06-4600-ba02-78121b4d6856,pg.template_type.quality
P6VEMMUUKNDV,2025-05-31 06:58:55.192945,d71598b1-d569-5c26-8050-eea67cf5f01b,bf996092-8d66-408a-8d8e-5065ca3330c2,cbee6c17-cdf8-4f2c-89c3-d6d9d738603e,Marble Flooring Checklist,active,,ed3fb57d-bc76-45c7-ae04-830997371c91,pg.template_type.quality
P6VEMMUUKNDV,2025-05-31 06:58:56.849756,287386ec-b201-5a52-97fc-00b19d359136,bf996092-8d66-408a-8d8e-5065ca3330c2,cbee6c17-cdf8-4f2c-89c3-d6d9d738603e,Monitoring For Equipment/ Vehicles Fitness Checklist,active,,caf7238e-d243-417e-968e-50810cbc0ee2,pg.template_type.safety
P6VEMMUUKNDV,2025-05-31 06:58:57.930472,54791822-c32f-5ffa-8933-0fc3b642092f,bf996092-8d66-408a-8d8e-5065ca3330c2,cbee6c17-cdf8-4f2c-89c3-d6d9d738603e,Tile Flooring Checklist (Vitrified/Ceramic),active,,9b19b384-ce47-4a98-acc1-7f28ed623a3e,pg.template_type.quality
P6VEMMUUKNDV,2025-05-31 06:58:58.436564,77cbbf72-0be6-5a74-9d45-67450d3412db,bf996092-8d66-408a-8d8e-5065ca3330c2,cbee6c17-cdf8-4f2c-89c3-d6d9d738603e,VD Flooring Checklist,active,,f669b980-66fa-49e5-9292-4728619bc6a5,pg.template_type.quality
P6VEMMUUKNDV,2025-05-31 06:59:00.456265,0b7a0dfe-30d6-5830-92f1-3af76a2a9104,bf996092-8d66-408a-8d8e-5065ca3330c2,cbee6c17-cdf8-4f2c-89c3-d6d9d738603e,Waterproofing Checklist (Balcony Sunken),active,,ade4566c-ac96-4a5a-8de7-7c0cfa9e306d,pg.template_type.quality
P6VEMMUUKNDV,2025-05-31 06:59:00.832175,419ce021-89cd-5e56-b2a4-0fe6025a45aa,bf996092-8d66-408a-8d8e-5065ca3330c2,cbee6c17-cdf8-4f2c-89c3-d6d9d738603e,Excavation Checklist,active,,b2792299-330e-42ab-abe2-b1f0bcfb305d,pg.template_type.quality
P6VEMMUUKNDV,2025-05-31 06:59:02.233344,6fc90779-3c90-5fd6-88cd-412aae95e6a1,bf996092-8d66-408a-8d8e-5065ca3330c2,cbee6c17-cdf8-4f2c-89c3-d6d9d738603e,Pavement Quality Concrete Checklist (PQC),active,,5a47e23c-a7d4-4973-9e8e-9db30901ed26,pg.template_type.quality
BNH27VPVJQZ2H9MH,2025-04-28 10:55:11.936398,dc607084-9833-561b-adc1-717570583b16,bf996092-8d66-408a-8d8e-5065ca3330c2,ada6015d-9fce-4f2c-b20f-fc9122d2face,Monitoring For Personal Protective Equipment Checklist,active,,fb962549-c93c-4edb-b4cf-9ad010cc035a,pg.template_type.safety
BNH27VPVJQZ2H9MH,2025-04-28 10:51:00.911195,d124e577-a135-5bb9-bba4-a4c26e7cf546,bf996092-8d66-408a-8d8e-5065ca3330c2,ada6015d-9fce-4f2c-b20f-fc9122d2face,Monitoring For Scaffolding Checklist,inactive,,6de9918f-852f-45a8-83b6-dada49c50903,pg.template_type.safety
BNH27VPVJQZ2H9MH,2025-05-19 05:14:45.963398,d9413b81-119e-594e-b7a7-d0363f7bd807,bf996092-8d66-408a-8d8e-5065ca3330c2,ada6015d-9fce-4f2c-b20f-fc9122d2face,GI Box Work Checklist,inactive,,b6b586a9-ddeb-4397-82f9-b6019370402a,pg.template_type.quality
BNH27VPVJQZ2H9MH,2025-05-19 05:14:45.02737,32a41ddf-7d74-5ad9-9f55-dff44e06f962,bf996092-8d66-408a-8d8e-5065ca3330c2,ada6015d-9fce-4f2c-b20f-fc9122d2face,GI Box Work Checklist,inactive,,ad6e4974-111b-4f1a-9ebe-453ea45db6f7,pg.template_type.quality
3NH2Q57QKQWJE37V,2025-08-20 04:43:09.018395,318b374a-358c-5579-be6f-39ae0dafdee6,bf996092-8d66-408a-8d8e-5065ca3330c2,f679f4cf-c089-4a2b-9b84-b14129630601,Bill Submission Checklist - Submittals,active,acadd9c8-593b-4f68-93bc-3ae51e534a07,,pg.template_type.other
V9Q2X946QA52XTJG,2025-05-12 10:38:03.157746,80a41fb1-1373-538f-929c-ecabf02731db,bf996092-8d66-408a-8d8e-5065ca3330c2,77d5fb8c-5d83-4fa8-8c81-169306f7a8f7,Pour Card Checklist,deleted,,bd3da416-4929-400b-a6d0-4495075b29c0,pg.template_type.quality
V9Q2X946QA52XTJG,2025-06-27 08:46:09.404954,980591c5-c289-5440-804d-45ef779fe6a1,bf996092-8d66-408a-8d8e-5065ca3330c2,77d5fb8c-5d83-4fa8-8c81-169306f7a8f7,Monitoring For Equipment/ Vehicles Fitness Checklist,active,,e801d6e2-a98a-4a6a-b821-3f653277c9dc,pg.template_type.safety
V9Q2X946QA52XTJG,2025-06-27 09:22:04.35668,86108ae2-c946-54aa-86b2-c277866bfc80,bf996092-8d66-408a-8d8e-5065ca3330c2,77d5fb8c-5d83-4fa8-8c81-169306f7a8f7,Pavement Quality Concrete Checklist (PQC),active,,7659f0d9-4601-43ec-bdcb-40d2c8345854,pg.template_type.quality
V9Q2X946QA52XTJG,2025-06-27 08:44:50.872708,509cb1fc-1f4e-5678-b151-dcdc250a987b,bf996092-8d66-408a-8d8e-5065ca3330c2,77d5fb8c-5d83-4fa8-8c81-169306f7a8f7,Monitoring For Labor Camp Checklist,active,,9a0005ee-63bc-4b4b-9f74-24bd65b42714,pg.template_type.safety
V9Q2X946QA52XTJG,2025-06-27 08:42:48.865018,9377e95c-1932-5b38-baf3-fa6ac4b92d39,bf996092-8d66-408a-8d8e-5065ca3330c2,77d5fb8c-5d83-4fa8-8c81-169306f7a8f7,Monitoring For Ladders Checklist,active,,b6e6c23a-1d19-48a5-ac0e-adceb0bf02e0,pg.template_type.safety
V9Q2X946QA52XTJG,2025-06-27 08:40:13.580776,a3044a1e-1d7a-5e9c-acff-27b3b71e3274,bf996092-8d66-408a-8d8e-5065ca3330c2,77d5fb8c-5d83-4fa8-8c81-169306f7a8f7,Monitoring For Operations Of Power Hand Tool & Other Equipment Checklist,active,,a17618e9-0baf-438c-ab40-f5cc807e9c90,pg.template_type.safety
V9Q2X946QA52XTJG,2025-06-27 08:38:42.46816,906e1ad8-e104-5867-b2fd-26bbc652afc3,bf996092-8d66-408a-8d8e-5065ca3330c2,77d5fb8c-5d83-4fa8-8c81-169306f7a8f7,Monitoring For Scaffolding Checklist,active,,97390e5a-10bd-4446-9e45-1edae2137e36,pg.template_type.safety
V9Q2X946QA52XTJG,2025-06-27 08:38:02.392429,7ab9701b-6beb-5713-9504-a1288dfe9318,bf996092-8d66-408a-8d8e-5065ca3330c2,77d5fb8c-5d83-4fa8-8c81-169306f7a8f7,Monitoring Of DG Set Checklist,active,,5a39e1ab-e4c4-4896-8ef5-a62859b94e1d,pg.template_type.safety
V9Q2X946QA52XTJG,2025-07-01 09:55:34.641309,25f89329-18a9-56a0-8fa3-eaa1b27954e5,bf996092-8d66-408a-8d8e-5065ca3330c2,967e785d-d83c-490b-8d6a-2ed926c956ac,Excavation Checklist,active,,2953b630-482e-4ab2-933b-1ccdbbf33504,pg.template_type.quality
V9Q2X946QA52XTJG,2025-07-01 09:55:34.748759,45e03002-7c09-5e7c-9fbc-9e5c2e8d8e9f,bf996092-8d66-408a-8d8e-5065ca3330c2,967e785d-d83c-490b-8d6a-2ed926c956ac,IPS Work Checklist,active,,d4149a14-fdbe-4e1c-bf24-efd8aecca3ce,pg.template_type.quality
V9Q2X946QA52XTJG,2025-07-01 09:55:34.664897,d27f8cea-258d-5fc9-8946-da5269606a13,bf996092-8d66-408a-8d8e-5065ca3330c2,967e785d-d83c-490b-8d6a-2ed926c956ac,Wood Work Checklist,active,,dd53f8b8-9d9d-4be0-bea8-6efc2d4df200,pg.template_type.quality
V9Q2X946QA52XTJG,2025-06-27 09:17:35.025895,44136468-bac2-58be-9411-c925a9e01fff,bf996092-8d66-408a-8d8e-5065ca3330c2,77d5fb8c-5d83-4fa8-8c81-169306f7a8f7,VD Flooring Checklist,active,,efab0104-dbbf-4f6e-a024-e971e0f8f142,pg.template_type.quality
V9Q2X946QA52XTJG,2025-06-27 09:12:00.238674,800e1e02-c1a4-52f9-ab8a-7194a56509f4,bf996092-8d66-408a-8d8e-5065ca3330c2,77d5fb8c-5d83-4fa8-8c81-169306f7a8f7,Waterproofing Checklist (Terrace),active,,493843c6-7a26-4d72-9cef-543714b02b10,pg.template_type.quality
V9Q2X946QA52XTJG,2025-07-01 11:24:01.294164,6a94a9a1-10ff-5306-b0b8-704a44f14a41,bf996092-8d66-408a-8d8e-5065ca3330c2,967e785d-d83c-490b-8d6a-2ed926c956ac,Cable Tray Work Checklist,active,,60ed615a-35bb-4031-91ae-5a5a5ebf8db5,pg.template_type.quality
P6VEMMUUKNDV,2025-04-29 12:46:19.17438,a742dbb4-3de9-5dbf-8738-29b372277d1b,bf996092-8d66-408a-8d8e-5065ca3330c2,f679f4cf-c089-4a2b-9b84-b14129630601,(Sample) Job Hazard Analysis,inactive,feec9964-9909-456b-8e34-229cbb319bf1,,pg.template_type.safety
P6VEMMUUKNDV,2025-04-29 12:46:19.262997,0e10a368-d8b1-5d4b-af7f-895da3feb77e,bf996092-8d66-408a-8d8e-5065ca3330c2,f679f4cf-c089-4a2b-9b84-b14129630601,(Sample) Daily Report,inactive,,791389b1-8b28-4ed5-badf-5ef1d5cddd01,pg.template_type.daily_report
P6VEMMUUKNDV,2025-04-29 12:46:19.434531,cd2bb1fc-a6a9-5ef5-b495-a81af1b3eea9,bf996092-8d66-408a-8d8e-5065ca3330c2,f679f4cf-c089-4a2b-9b84-b14129630601,(Sample) Daily Safety Inspection,inactive,f5777e0d-3849-4f51-b9a9-30694a73917f,,pg.template_type.safety
P6VEMMUUKNDV,2025-04-29 12:46:19.373941,aa6295cf-acf7-5eb5-92a7-174e0341eaf9,bf996092-8d66-408a-8d8e-5065ca3330c2,f679f4cf-c089-4a2b-9b84-b14129630601,(Sample) Time Sheet,inactive,eb750924-b207-47a3-bb91-920a2170d5df,,pg.template_type.time_sheet
P6VEMMUUKNDV,2025-02-18 04:41:59.501235,21d3d57a-8571-4759-9d0e-202faf26bd91,bf996092-8d66-408a-8d8e-5065ca3330c2,85aceded-1588-4f99-bfba-6fe212b8cb9a,(Sample) Daily Safety Inspection,active,fde3e46d-e35b-49ae-8b9c-33edfee0ec8b,,pg.template_type.safety
P6VEMMUUKNDV,2025-02-18 04:41:59.626486,c5219648-42df-4a4d-b19a-d229db1b9b42,bf996092-8d66-408a-8d8e-5065ca3330c2,85aceded-1588-4f99-bfba-6fe212b8cb9a,(Sample) Job Hazard Analysis,active,ac4482b7-6417-4db0-b96a-62eb37437cc9,,pg.template_type.safety
P6VEMMUUKNDV,2025-02-18 04:41:59.744661,ba56e633-dd86-48f0-9f26-1854b961526b,bf996092-8d66-408a-8d8e-5065ca3330c2,85aceded-1588-4f99-bfba-6fe212b8cb9a,(Sample) Time Sheet,active,c26ec66b-f433-45c5-9e6b-478a503d206f,,pg.template_type.time_sheet
P6VEMMUUKNDV,2025-02-18 04:41:59.90782,2738be50-3142-4925-b636-e5f4460b7881,bf996092-8d66-408a-8d8e-5065ca3330c2,85aceded-1588-4f99-bfba-6fe212b8cb9a,(Sample) Daily Report,active,,158f9e29-205d-4ea8-972b-055b8203c785,pg.template_type.daily_report
V9Q2X946QA52XTJG,2025-05-19 05:14:44.66263,38bee210-7f85-4677-b134-fb1337de649d,bf996092-8d66-408a-8d8e-5065ca3330c2,ada6015d-9fce-4f2c-b20f-fc9122d2face,Lifts - Other Cut-Outs Dimensions Checklist,inactive,20fb27d6-b084-463d-9e38-81a84b1063e5,,
V9Q2X946QA52XTJG,2025-05-19 05:14:46.087141,e6d7ecfe-a79c-40c4-827c-3dd0059cc087,bf996092-8d66-408a-8d8e-5065ca3330c2,ada6015d-9fce-4f2c-b20f-fc9122d2face,Monthly Incident Investigation,inactive,458a6106-73d9-41cf-8c4e-9c21151c763e,,
V9Q2X946QA52XTJG,2025-05-19 05:14:44.610948,b1ff6461-9812-4aba-b3fc-09121b90b063,bf996092-8d66-408a-8d8e-5065ca3330c2,ada6015d-9fce-4f2c-b20f-fc9122d2face,Anchor Grouting,inactive,280cedcc-0b11-45fb-9d67-e9877839c45d,,
V9Q2X946QA52XTJG,2025-05-19 05:14:44.710847,8c8f5ef6-7700-4878-9fc8-3616854a47f7,bf996092-8d66-408a-8d8e-5065ca3330c2,ada6015d-9fce-4f2c-b20f-fc9122d2face,D-Wall Concreting Details,inactive,4fdb2eb4-3393-4bf8-8f91-0cb93008b2eb,,
V9Q2X946QA52XTJG,2025-05-19 05:14:44.860873,12980e4e-2512-42c6-89e1-287688c0f77c,bf996092-8d66-408a-8d8e-5065ca3330c2,ada6015d-9fce-4f2c-b20f-fc9122d2face,Routine Test Checklist,inactive,4eb247a5-eae0-4b81-b1ff-77672cf43369,,
V9Q2X946QA52XTJG,2025-05-19 05:14:44.909584,bd6e0cbd-c899-4a5b-a2a1-23e191340cdc,bf996092-8d66-408a-8d8e-5065ca3330c2,ada6015d-9fce-4f2c-b20f-fc9122d2face,Anchor Drilling,inactive,14cf7f59-3f87-4ff0-bb7d-b152d5b419c1,,
V9Q2X946QA52XTJG,2025-05-19 05:14:44.957176,04130558-3aaa-4d54-b38e-545536f8552c,bf996092-8d66-408a-8d8e-5065ca3330c2,ada6015d-9fce-4f2c-b20f-fc9122d2face,D-wall Grabbing,inactive,c6252eb1-4c56-4fd0-80ff-435fcce36549,,
V9Q2X946QA52XTJG,2025-05-06 08:37:51.756663,1674669e-2c2c-57d4-96cd-ce944d5aa4c4,bf996092-8d66-408a-8d8e-5065ca3330c2,967e785d-d83c-490b-8d6a-2ed926c956ac,D-Wall Concreting Details,inactive,1a8d3658-2b53-4bc7-a145-47b49b8db084,,
V9Q2X946QA52XTJG,2025-06-27 07:44:06.231887,fd0886a7-c9fc-594d-9ca3-b4103a341f55,bf996092-8d66-408a-8d8e-5065ca3330c2,967e785d-d83c-490b-8d6a-2ed926c956ac,Anchor Drilling,active,66128846-b3d9-4f84-a3e5-dd250702b637,,pg.template_type.quality
V9Q2X946QA52XTJG,2025-06-27 07:44:06.259962,b0c46f43-951e-5a9a-a715-94b4b2166b1a,bf996092-8d66-408a-8d8e-5065ca3330c2,967e785d-d83c-490b-8d6a-2ed926c956ac,Anchor Grouting,active,e061a730-d346-44c0-b134-c3537277a238,,pg.template_type.quality
V9Q2X946QA52XTJG,2025-05-07 05:49:36.511787,ee25234b-3562-57af-b645-f76e3e64b47a,bf996092-8d66-408a-8d8e-5065ca3330c2,967e785d-d83c-490b-8d6a-2ed926c956ac,Tool Box Talk,active,56b01946-ca47-44c3-8701-8bfec9d547c0,,pg.template_type.safety
V9Q2X946QA52XTJG,2025-05-07 05:49:36.450714,a905a9a2-3d58-59fd-8b3b-acb8d15ac27d,bf996092-8d66-408a-8d8e-5065ca3330c2,967e785d-d83c-490b-8d6a-2ed926c956ac,Monthly Incident Investigation,active,b9b78085-a2ec-420e-bb5f-1464f5a3cc15,,pg.template_type.safety
P6VEMMUUKNDV,2025-02-21 13:16:35.166299,1c820d6e-a4d0-4f5d-9743-02e0a5365600,bf996092-8d66-408a-8d8e-5065ca3330c2,d3e63b56-0fd8-48c4-a595-b59dec992cd7,(Sample) Daily Safety Inspection,active,abde6a4d-bd25-4df9-a687-89ed1d8ac5c5,,pg.template_type.safety
P6VEMMUUKNDV,2025-02-21 13:16:35.752738,5d50c710-8d8c-4cf2-b142-19df554294c9,bf996092-8d66-408a-8d8e-5065ca3330c2,d3e63b56-0fd8-48c4-a595-b59dec992cd7,(Sample) Job Hazard Analysis,active,e6ec8953-1e24-4612-a128-24343b176ecf,,pg.template_type.safety
V9Q2X946QA52XTJG,2025-05-19 05:18:13.838912,9f5d680e-5667-5305-bd8c-47b19139cc2a,bf996092-8d66-408a-8d8e-5065ca3330c2,ada6015d-9fce-4f2c-b20f-fc9122d2face,Concrete Placement Record,active,238013fc-cb80-4055-bf12-51f984ec0026,,pg.template_type.quality
P6VEMMUUKNDV,2025-06-10 11:53:51.533141,f1464e65-5e65-5413-8b02-93fdb9573e11,bf996092-8d66-408a-8d8e-5065ca3330c2,a53412bd-7461-4097-8404-e9dca9bf8ebe,Waterproofing Checklist (Balcony Sunken),active,,8e16788f-1afd-4695-ab1c-cf37ff863049,pg.template_type.quality
P6VEMMUUKNDV,2025-06-10 11:53:51.589795,5ea55f28-2170-5216-b3f4-374389fe5b6f,bf996092-8d66-408a-8d8e-5065ca3330c2,a53412bd-7461-4097-8404-e9dca9bf8ebe,Monitoring For Mobile Crane Operation Checklist,active,,5f60ce4b-ccb5-437c-bf18-102e84094c27,pg.template_type.safety
P6VEMMUUKNDV,2025-06-10 11:53:51.984769,1e4d45fa-44ac-515a-ad2c-a5317e66e149,bf996092-8d66-408a-8d8e-5065ca3330c2,a53412bd-7461-4097-8404-e9dca9bf8ebe,Marble Flooring Checklist,active,,4de13125-cf4b-4b8f-8299-e560795e7360,pg.template_type.quality
P6VEMMUUKNDV,2025-06-10 11:53:52.963452,fb6cc7f0-6468-5f5b-813b-2ccb5f03f54d,bf996092-8d66-408a-8d8e-5065ca3330c2,a53412bd-7461-4097-8404-e9dca9bf8ebe,VD Flooring Checklist,active,,e967aa23-2efd-4474-a561-dea0f982b12a,pg.template_type.quality
P6VEMMUUKNDV,2025-06-10 11:53:53.521314,212e7a8a-3454-595b-8668-53320a9b8fac,bf996092-8d66-408a-8d8e-5065ca3330c2,a53412bd-7461-4097-8404-e9dca9bf8ebe, External Glazing Checklist,active,,1d207ef9-9fc2-47b0-a747-1a46492811c8,pg.template_type.quality
P6VEMMUUKNDV,2025-06-10 11:53:53.583282,8b64e349-d71d-5413-8b38-e32cb26b236e,bf996092-8d66-408a-8d8e-5065ca3330c2,a53412bd-7461-4097-8404-e9dca9bf8ebe,Tool Box Talk,active,cab962e4-7ce8-48d2-9337-bb376b17e3db,,pg.template_type.safety
P6VEMMUUKNDV,2025-06-10 11:53:54.262628,83ba98a9-ec1d-51bc-9af5-a98fb40a0f1c,bf996092-8d66-408a-8d8e-5065ca3330c2,a53412bd-7461-4097-8404-e9dca9bf8ebe,Permit For Excavation Work Checklist,active,,f5edf728-f369-450f-8040-e4969d9d4e7f,pg.template_type.safety
P6VEMMUUKNDV,2025-06-10 11:53:54.721317,5b92d5a3-9130-5c9b-b8a3-f64a59995c0d,bf996092-8d66-408a-8d8e-5065ca3330c2,a53412bd-7461-4097-8404-e9dca9bf8ebe, Door Windows Checklist,active,,a790ec01-412f-4688-84cd-701e4d9a580c,pg.template_type.quality
P6VEMMUUKNDV,2025-06-10 11:53:55.386856,902dfc6f-5980-5209-aad0-a0462657d655,bf996092-8d66-408a-8d8e-5065ca3330c2,a53412bd-7461-4097-8404-e9dca9bf8ebe,Expansion Joint Treatment Checklist,active,,e966deaf-e31c-4f3b-a955-3a108b60edcd,pg.template_type.quality
P6VEMMUUKNDV,2025-06-10 11:53:56.045676,801d92f1-a6cb-50d5-b274-51ca4643cfa5,bf996092-8d66-408a-8d8e-5065ca3330c2,a53412bd-7461-4097-8404-e9dca9bf8ebe,GRC Works Checklist,active,,0db068fe-60ae-4d59-8174-fe8f792502fa,pg.template_type.quality
P6VEMMUUKNDV,2025-06-10 11:53:56.123233,59e4abdd-75e1-5684-a7c2-f2e21b140def,bf996092-8d66-408a-8d8e-5065ca3330c2,a53412bd-7461-4097-8404-e9dca9bf8ebe,Foam Concrete Checklist,active,,913bbfa8-094b-4a06-a027-505d5b93fecc,pg.template_type.quality
P6VEMMUUKNDV,2025-06-10 11:53:56.231804,0b0596cb-b0cd-56d8-9a76-e28257ed154a,bf996092-8d66-408a-8d8e-5065ca3330c2,a53412bd-7461-4097-8404-e9dca9bf8ebe,Tile Flooring Checklist (Vitrified/Ceramic),active,,09867de2-73f5-443b-b846-5ac17099ac33,pg.template_type.quality
P6VEMMUUKNDV,2025-06-10 11:53:57.247309,e172ec47-0c2e-5d5c-bffe-c13d31d398fe,bf996092-8d66-408a-8d8e-5065ca3330c2,a53412bd-7461-4097-8404-e9dca9bf8ebe,Monitoring For Machine Safeguarding Checklist,active,,332fcc6a-eba3-47c1-a31e-2e7b50d2a86d,pg.template_type.safety
P6VEMMUUKNDV,2025-06-10 11:53:58.497824,88eecee2-4a2a-58dc-b16f-fc5af3358e15,bf996092-8d66-408a-8d8e-5065ca3330c2,a53412bd-7461-4097-8404-e9dca9bf8ebe,Monitoring For Operations Of Power Hand Tool & Other Equipment Checklist,active,,e63cc757-32b4-433c-a418-06bb647331de,pg.template_type.safety
P6VEMMUUKNDV,2025-06-10 11:53:57.862146,121bcde2-d899-5e27-b9cb-7dcadfa126da,bf996092-8d66-408a-8d8e-5065ca3330c2,a53412bd-7461-4097-8404-e9dca9bf8ebe,Wood Work Checklist,active,,f769964e-a5ce-4c41-80a9-ec4ade993c38,pg.template_type.quality
P6VEMMUUKNDV,2025-06-10 11:53:58.589573,6e20a017-e4eb-5200-9fbc-9c1480ba9622,bf996092-8d66-408a-8d8e-5065ca3330c2,a53412bd-7461-4097-8404-e9dca9bf8ebe,Internal Plaster Checklist,active,,2a5c05d9-447e-48c0-bed4-cadca04ba81d,pg.template_type.quality
P6VEMMUUKNDV,2025-06-10 11:53:59.333981,c12c5fd2-7d52-5e36-b4ac-da438ffeab0c,bf996092-8d66-408a-8d8e-5065ca3330c2,a53412bd-7461-4097-8404-e9dca9bf8ebe,AAC Block Masonry Checklist,active,,599da498-f55a-45df-90ef-de1094d503a2,pg.template_type.quality
P6VEMMUUKNDV,2025-06-10 11:53:59.350204,9d15a422-ce26-52b1-90c3-e6594ad67416,bf996092-8d66-408a-8d8e-5065ca3330c2,a53412bd-7461-4097-8404-e9dca9bf8ebe,SS Railing Work Checklist (Balcony / Staircase),active,,782b730b-a0ca-4a8f-8493-7748039282ea,pg.template_type.quality
P6VEMMUUKNDV,2025-06-10 11:54:00.225145,038e1daa-4951-5f5d-88a2-c0bf24dffd4a,bf996092-8d66-408a-8d8e-5065ca3330c2,a53412bd-7461-4097-8404-e9dca9bf8ebe,Monitoring For Scaffolding Checklist,active,,713df8c5-cdb5-432c-851c-3d05b20c59d7,pg.template_type.safety
P6VEMMUUKNDV,2025-06-10 11:54:01.145344,0e99751a-1c00-554e-a118-7f2b78cacc81,bf996092-8d66-408a-8d8e-5065ca3330c2,a53412bd-7461-4097-8404-e9dca9bf8ebe,Monitoring For Electrical Works Checklist,active,,0a1ce3e0-e699-4c65-86a2-5a9c40718917,pg.template_type.safety
P6VEMMUUKNDV,2025-06-10 11:54:01.154718,facbbec3-bfd8-564a-85e7-6a2e071d00e6,bf996092-8d66-408a-8d8e-5065ca3330c2,a53412bd-7461-4097-8404-e9dca9bf8ebe,Plumbing Work Checklist,active,,d158bb0f-f864-4959-b701-cf4ed3e20527,pg.template_type.quality
P6VEMMUUKNDV,2025-06-10 11:54:01.409911,0beea993-e09c-5843-9c31-03c38af932a8,bf996092-8d66-408a-8d8e-5065ca3330c2,a53412bd-7461-4097-8404-e9dca9bf8ebe,Earthing Work Checklist,active,,817daaaa-39f2-402c-ab81-3f9dd76634f1,pg.template_type.quality
P6VEMMUUKNDV,2025-06-10 11:54:01.891351,2472f869-100e-5c14-8652-1e2be132ba80,bf996092-8d66-408a-8d8e-5065ca3330c2,a53412bd-7461-4097-8404-e9dca9bf8ebe,Permit For Working At Night Checklist,active,,0d472c8e-283c-4762-a5d5-d262372092ee,pg.template_type.safety
P6VEMMUUKNDV,2025-06-10 11:54:02.462501,d26b2c31-2313-58be-af24-78ac11885197,bf996092-8d66-408a-8d8e-5065ca3330c2,a53412bd-7461-4097-8404-e9dca9bf8ebe,Anchor Grouting,active,24ba90ad-9d8d-41ca-969e-e1cad5a08866,,pg.template_type.quality
P6VEMMUUKNDV,2025-06-10 11:54:02.442913,3dcdf221-5b5f-5c17-a608-5481eddfb232,bf996092-8d66-408a-8d8e-5065ca3330c2,a53412bd-7461-4097-8404-e9dca9bf8ebe,Monitoring For Excavation Checklist,active,,548bd2e3-c2de-4e8f-89cf-56dc2c6bc70c,pg.template_type.safety
P6VEMMUUKNDV,2025-06-10 11:54:02.847172,3b3ac458-dbb2-5ab4-a2a7-a632f88e1ee8,bf996092-8d66-408a-8d8e-5065ca3330c2,a53412bd-7461-4097-8404-e9dca9bf8ebe,MV Panel Work Checklist,active,,20a9cf4d-0c99-4a09-a8ff-4225cbe7ccba,pg.template_type.quality
P6VEMMUUKNDV,2025-06-10 11:54:03.413066,e9a1ed5e-d24f-583b-9460-0acac9dd94e4,bf996092-8d66-408a-8d8e-5065ca3330c2,a53412bd-7461-4097-8404-e9dca9bf8ebe,Paint Work Checklist,active,,2216141b-382a-4bff-87a5-49914e0c76c1,pg.template_type.quality
P6VEMMUUKNDV,2025-06-10 11:54:04.2397,af10df1a-6f43-5173-a203-fbd06ae99ce8,bf996092-8d66-408a-8d8e-5065ca3330c2,a53412bd-7461-4097-8404-e9dca9bf8ebe,Monitoring For Equipment/ Vehicles Fitness Checklist,active,,37cd932a-002d-4dc5-ad3a-00ed08b99b23,pg.template_type.safety
P6VEMMUUKNDV,2025-06-10 11:54:03.84712,3dd3233c-2e24-5cf5-97d5-9fa17cdaa466,bf996092-8d66-408a-8d8e-5065ca3330c2,a53412bd-7461-4097-8404-e9dca9bf8ebe,Monitoring Of DG Set Checklist,active,,46544db8-c546-4b73-83e4-8d569acb1238,pg.template_type.safety
P6VEMMUUKNDV,2025-06-10 11:54:04.74238,c39f84be-aad9-507b-8d7c-3c39adcf2428,bf996092-8d66-408a-8d8e-5065ca3330c2,a53412bd-7461-4097-8404-e9dca9bf8ebe,Cable Work Checklist,active,,47b2f631-4d72-41f6-aa4f-42f9cb2c7373,pg.template_type.quality
P6VEMMUUKNDV,2025-06-10 11:54:05.364916,ace57746-5940-5fdf-8c46-7351eddaef72,bf996092-8d66-408a-8d8e-5065ca3330c2,a53412bd-7461-4097-8404-e9dca9bf8ebe,Panel & Distribution Board (DB) Works  Checklist,active,,b4f98639-30a8-4223-915b-ce13cddb9cbb,pg.template_type.quality
P6VEMMUUKNDV,2025-06-10 11:54:05.610676,9815b6fc-3ab6-5039-bd1d-4daa7a53b730,bf996092-8d66-408a-8d8e-5065ca3330c2,a53412bd-7461-4097-8404-e9dca9bf8ebe,Lighting & Switching Works Checklist,active,,bade9110-e021-4e61-9b08-fe281770e015,pg.template_type.quality
P6VEMMUUKNDV,2025-06-10 11:54:06.136804,75f432f8-6f69-5361-bdf4-932d2a14c348,bf996092-8d66-408a-8d8e-5065ca3330c2,a53412bd-7461-4097-8404-e9dca9bf8ebe,Permit For Working At Height Checklist,active,,e2cda7f2-e6e9-46af-bb80-d8f057ad9a8a,pg.template_type.safety
P6VEMMUUKNDV,2025-06-10 11:54:06.206673,e25b8d99-6a42-5d85-b82d-6cccd95de200,bf996092-8d66-408a-8d8e-5065ca3330c2,a53412bd-7461-4097-8404-e9dca9bf8ebe,False Ceiling Checklist,active,,0dd0cd7d-1fae-42c8-a578-cdd2c2497f44,pg.template_type.quality
P6VEMMUUKNDV,2025-06-10 11:54:06.468358,532c1e1b-186a-5d76-92ab-5f6a85d8711e,bf996092-8d66-408a-8d8e-5065ca3330c2,a53412bd-7461-4097-8404-e9dca9bf8ebe,Backfilling Checklist,active,,88566a53-cbbe-42c4-bf31-25ee0391d423,pg.template_type.quality
P6VEMMUUKNDV,2025-06-10 11:54:07.5766,16091a31-8bf4-56c7-bf50-e341a9223f67,bf996092-8d66-408a-8d8e-5065ca3330c2,a53412bd-7461-4097-8404-e9dca9bf8ebe,External Plaster Checklist,active,,55341b2b-d977-4609-88f6-3342cb2e0ee7,pg.template_type.quality
P6VEMMUUKNDV,2025-06-10 11:54:07.905939,66ab9eb8-e2e5-57ab-9737-125b964375bd,bf996092-8d66-408a-8d8e-5065ca3330c2,a53412bd-7461-4097-8404-e9dca9bf8ebe,Joinery Work Checklist,active,,9694f83a-7bff-4020-acda-3403fe6eeb90,pg.template_type.quality
P6VEMMUUKNDV,2025-06-10 11:54:08.286069,c5ac2dd7-9250-5b3b-b91d-05e1d6a6a80a,bf996092-8d66-408a-8d8e-5065ca3330c2,a53412bd-7461-4097-8404-e9dca9bf8ebe,Excavation Checklist,active,,a8b095e1-ee8d-44bd-b969-fb2dc9d6d9b2,pg.template_type.quality
P6VEMMUUKNDV,2025-06-10 11:54:08.604537,50521131-7581-557b-9caa-b9d9bef1347b,bf996092-8d66-408a-8d8e-5065ca3330c2,a53412bd-7461-4097-8404-e9dca9bf8ebe,Permit for Hot Works Checklist,active,,7aec9d15-2b52-404d-a5c1-8f961ad655bd,pg.template_type.safety
P6VEMMUUKNDV,2025-06-10 11:54:09.139531,ca4e0824-1e2f-59c8-a887-1f9f9ddf47ad,bf996092-8d66-408a-8d8e-5065ca3330c2,a53412bd-7461-4097-8404-e9dca9bf8ebe,Permit for Confined Space Work Checklist,active,,94e03f3a-7336-428e-9311-29f2219d74dd,pg.template_type.safety
P6VEMMUUKNDV,2025-06-10 11:54:09.385747,6ad59f4f-a21f-570e-b37f-69fe95679397,bf996092-8d66-408a-8d8e-5065ca3330c2,a53412bd-7461-4097-8404-e9dca9bf8ebe,Dry Lean Concrete Checklist (DLC),active,,a786c731-abf7-4a30-96d8-140775fbea42,pg.template_type.quality
P6VEMMUUKNDV,2025-06-10 11:54:09.813884,5a5d6b37-3472-5bee-85f5-3aeb5002c9a3,bf996092-8d66-408a-8d8e-5065ca3330c2,a53412bd-7461-4097-8404-e9dca9bf8ebe,Anchor Bracket Fixing Checklist with fastener,active,dd9e1d15-d652-48b2-ba1f-7b860b8dfec7,,pg.template_type.quality
P6VEMMUUKNDV,2025-06-10 11:54:10.549361,35a8e227-fbab-5bb1-8c00-2d74676e40c4,bf996092-8d66-408a-8d8e-5065ca3330c2,a53412bd-7461-4097-8404-e9dca9bf8ebe,Monitoring For Personal Protective Equipment Checklist,active,,7758b27f-9633-40f5-82fd-98e4f2771c64,pg.template_type.safety
P6VEMMUUKNDV,2025-06-10 11:54:10.66439,7edbb501-7c5d-58a2-acca-fdfd96fa975d,bf996092-8d66-408a-8d8e-5065ca3330c2,a53412bd-7461-4097-8404-e9dca9bf8ebe,Anti-Termite Treatment Checklist,active,,e6bb0297-5dbf-4557-83d2-b4c731470d20,pg.template_type.quality
P6VEMMUUKNDV,2025-06-10 11:54:11.205477,9fda1147-a3e7-500e-82a3-a42c697a3d18,bf996092-8d66-408a-8d8e-5065ca3330c2,a53412bd-7461-4097-8404-e9dca9bf8ebe,Cable Tray Work Checklist,active,,ca6d38ea-8692-4676-9db5-e2b247406670,pg.template_type.quality
P6VEMMUUKNDV,2025-06-10 11:54:11.790248,6fae4509-9586-53a5-8e90-06a6b28ea406,bf996092-8d66-408a-8d8e-5065ca3330c2,a53412bd-7461-4097-8404-e9dca9bf8ebe,Lifts - Other Cut-Outs Dimensions Checklist,active,0e01edbd-5190-40a9-a487-2afbbf42d558,,pg.template_type.quality
P6VEMMUUKNDV,2025-06-10 11:54:12.554708,bfd4bb0d-1d03-5187-8e27-64d916b03de3,bf996092-8d66-408a-8d8e-5065ca3330c2,a53412bd-7461-4097-8404-e9dca9bf8ebe,Brick Masonry Checklist,active,,b933d1f2-82be-476e-9e0d-060c2115975a,pg.template_type.quality
P6VEMMUUKNDV,2025-06-10 11:54:12.258877,95be810e-e432-5b75-8593-fa55db4e9c89,bf996092-8d66-408a-8d8e-5065ca3330c2,a53412bd-7461-4097-8404-e9dca9bf8ebe,Primary Incident Report Checklist,active,,4a783b8d-33a2-41f0-8ee4-d1c81e212371,pg.template_type.safety
P6VEMMUUKNDV,2025-06-10 11:54:13.433456,06b24591-56cc-5a21-9e19-eaf04f5653af,bf996092-8d66-408a-8d8e-5065ca3330c2,a53412bd-7461-4097-8404-e9dca9bf8ebe,Concrete Placement Record,active,c66c2924-62a9-4666-8a9d-02fc5ef49bc0,,pg.template_type.quality
P6VEMMUUKNDV,2025-06-10 11:54:13.973988,9ebcba51-d832-56c8-8c52-2c516e0512ae,bf996092-8d66-408a-8d8e-5065ca3330c2,a53412bd-7461-4097-8404-e9dca9bf8ebe,Waterproofing Checklist (Terrace),active,,935e8323-f80e-4152-8a8e-738d93ee11d2,pg.template_type.quality
P6VEMMUUKNDV,2025-06-10 11:54:14.036116,94d3fd51-379c-5de8-9300-150c51cec054,bf996092-8d66-408a-8d8e-5065ca3330c2,a53412bd-7461-4097-8404-e9dca9bf8ebe,Routine Test Checklist,active,31d0b17e-0b42-400a-9076-758bddea8067,,pg.template_type.quality
P6VEMMUUKNDV,2025-06-10 11:54:15.304615,a06f8007-1bfa-5881-ad4a-469b53d7361b,bf996092-8d66-408a-8d8e-5065ca3330c2,a53412bd-7461-4097-8404-e9dca9bf8ebe,Monthly Incident Investigation,active,dc0cc02b-a740-423e-a2fa-b61dd8b2922a,,pg.template_type.safety
P6VEMMUUKNDV,2025-06-10 11:54:14.107251,82a83258-01b9-5e16-b052-02d3c374a9ef,bf996092-8d66-408a-8d8e-5065ca3330c2,a53412bd-7461-4097-8404-e9dca9bf8ebe,Conduiting Work Checklist,active,,79dd03b5-d702-40eb-aac5-42b4c84f6e3a,pg.template_type.quality
P6VEMMUUKNDV,2025-06-10 11:54:16.672698,d095bc85-4fa0-5a40-89fe-7855938a96a9,bf996092-8d66-408a-8d8e-5065ca3330c2,a53412bd-7461-4097-8404-e9dca9bf8ebe,Monitoring For Labor Camp Checklist,active,,e5794dc0-e7d9-4943-851b-76ddac770aaa,pg.template_type.safety
P6VEMMUUKNDV,2025-06-10 11:54:17.102376,880cf0f3-3756-5d3b-aaf4-47b268e9c9f4,bf996092-8d66-408a-8d8e-5065ca3330c2,a53412bd-7461-4097-8404-e9dca9bf8ebe,Monitoring For Ladders Checklist,active,,aedb77fb-a9f0-4c4d-81e9-b13a6fbf2b84,pg.template_type.safety
P6VEMMUUKNDV,2025-06-10 11:54:17.328597,f95bfacd-3273-58a4-9390-293ca6e84f95,bf996092-8d66-408a-8d8e-5065ca3330c2,a53412bd-7461-4097-8404-e9dca9bf8ebe,Guide Wall Pour Card Checklist,active,,09e23faf-f4ca-4b7e-899e-34730ceef94a,pg.template_type.quality
P6VEMMUUKNDV,2025-06-10 11:54:18.041957,fed1aed1-7ded-578b-be09-f20ae7292b98,bf996092-8d66-408a-8d8e-5065ca3330c2,a53412bd-7461-4097-8404-e9dca9bf8ebe,Anchor Drilling,active,5a10d02d-34f8-45c8-84dc-1ab9e69e9510,,pg.template_type.quality
P6VEMMUUKNDV,2025-06-10 11:54:18.884943,98a48db6-53c3-5794-a4ed-52964dd0189c,bf996092-8d66-408a-8d8e-5065ca3330c2,a53412bd-7461-4097-8404-e9dca9bf8ebe,Pour Card Checklist,active,,c9f38f4a-ad05-4b02-ad18-fef6b82fc61a,pg.template_type.quality
P6VEMMUUKNDV,2025-06-10 11:54:20.330546,b95fbcbf-6a14-506a-9a77-35d2095b2e7f,bf996092-8d66-408a-8d8e-5065ca3330c2,a53412bd-7461-4097-8404-e9dca9bf8ebe,Anchor Acceptance Test Trial Anchor,active,090122bf-fab3-4760-8408-b9028e64d8d7,,pg.template_type.quality
P6VEMMUUKNDV,2025-06-10 11:54:20.844558,f7907c2d-3b43-59bc-9e84-a9d56d74255a,bf996092-8d66-408a-8d8e-5065ca3330c2,a53412bd-7461-4097-8404-e9dca9bf8ebe,GI Box Work Checklist,active,,4787a17f-8541-4783-bdd9-3bfcd609864c,pg.template_type.quality
P6VEMMUUKNDV,2025-06-10 11:54:21.144686,c3639b1c-00b6-56bc-83a5-78ece8acb7fa,bf996092-8d66-408a-8d8e-5065ca3330c2,a53412bd-7461-4097-8404-e9dca9bf8ebe,Bore Hole Checklist,active,,99868c01-d3c3-4c46-81b0-a87a963fa850,pg.template_type.quality
P6VEMMUUKNDV,2025-06-10 11:54:22.645881,4e20a5ee-ec44-509c-a0f5-5a595a1e9d77,bf996092-8d66-408a-8d8e-5065ca3330c2,a53412bd-7461-4097-8404-e9dca9bf8ebe,IPS Work Checklist,active,,1689de10-7c0a-4a19-aaf5-4d2c035f044f,pg.template_type.quality
P6VEMMUUKNDV,2025-06-10 11:54:23.647589,f0b7e2ac-8ad6-57c8-8478-608e6ebd1526,bf996092-8d66-408a-8d8e-5065ca3330c2,a53412bd-7461-4097-8404-e9dca9bf8ebe,Pavement Quality Concrete Checklist (PQC),active,,f2cbcb34-8ad3-4793-9495-20e47e971210,pg.template_type.quality
P6VEMMUUKNDV,2025-06-10 11:54:24.04252,1216f270-438f-5b91-8034-568c1c9aa691,bf996092-8d66-408a-8d8e-5065ca3330c2,a53412bd-7461-4097-8404-e9dca9bf8ebe,D-Wall Grabbing,active,00c37327-5166-483c-ab67-6cdf88caf4cf,,pg.template_type.quality
CMJ2N3U8MSMRM8ZA,2025-07-18 09:35:28.585601,f72b9000-49b6-4b58-a4a8-7d67b2d42f5f,bf996092-8d66-408a-8d8e-5065ca3330c2,ada6015d-9fce-4f2c-b20f-fc9122d2face,Survey1,active,15e36518-7037-446e-b388-1c738816c07b,,pg.template_type.quality
CMJ2N3U8MSMRM8ZA,2025-07-18 10:03:12.348701,7db18a74-3d63-5ac4-ad23-2679602104bd,bf996092-8d66-408a-8d8e-5065ca3330c2,ada6015d-9fce-4f2c-b20f-fc9122d2face,Anchor Acceptance Test Trial Anchor,active,e8cdc162-1ca6-40db-8ec0-aad381ebd1d5,,pg.template_type.quality
V9Q2X946QA52XTJG,2025-04-21 11:25:39.762189,0f1d018e-0a40-4827-a8e4-32c81cb155a1,bf996092-8d66-408a-8d8e-5065ca3330c2,ada6015d-9fce-4f2c-b20f-fc9122d2face,Brick Masonry Checklist,deleted,,f408c322-a483-4f7e-a82c-41c2a1c65f63,pg.template_type.quality
V9Q2X946QA52XTJG,2025-06-27 06:46:32.372452,c30743bb-f63e-5bb2-885c-f4fd1981da33,bf996092-8d66-408a-8d8e-5065ca3330c2,23142979-9fb6-4fd3-bd82-62d7e0add75f,Pour Card Checklist,active,,6b31ad6e-ea9c-4fbb-8762-ba91502c9b1b,pg.template_type.quality
P6VEMMUUKNDV,2025-04-29 12:45:53.808824,a545a1b3-0479-5e55-b27e-170846d74844,bf996092-8d66-408a-8d8e-5065ca3330c2,23142979-9fb6-4fd3-bd82-62d7e0add75f,(Sample) Daily Report,inactive,,2ca8b4f0-7814-4eb1-ae08-5b88f0125842,pg.template_type.daily_report
BNH27VPVJQZ2H9MH,2025-04-24 09:04:11.149784,cf3cd7a4-e111-553e-ad5a-dccb1dd3c09a,bf996092-8d66-408a-8d8e-5065ca3330c2,ada6015d-9fce-4f2c-b20f-fc9122d2face,Anti-Termite Treatment Checklist,active,,f58ed760-53d2-4a57-9b7d-9d13e3081a4c,pg.template_type.quality
BNH27VPVJQZ2H9MH,2025-04-24 09:04:11.143308,a8046b06-2727-5886-89d8-9eedb3885276,bf996092-8d66-408a-8d8e-5065ca3330c2,ada6015d-9fce-4f2c-b20f-fc9122d2face, Door Windows Checklist,active,,e0e21e65-d458-4bae-beae-4e4b23cd8f90,pg.template_type.quality
BNH27VPVJQZ2H9MH,2025-04-24 09:04:11.682105,4b88deba-063d-5b35-8d91-4ce42a492b6c,bf996092-8d66-408a-8d8e-5065ca3330c2,ada6015d-9fce-4f2c-b20f-fc9122d2face,Brick Masonry Checklist,active,,f77759d6-e7b3-40e3-a516-52fd06cfd62d,pg.template_type.quality
BNH27VPVJQZ2H9MH,2025-04-24 09:04:11.697203,ba488bdc-c446-523b-817e-2aa412a1c370,bf996092-8d66-408a-8d8e-5065ca3330c2,ada6015d-9fce-4f2c-b20f-fc9122d2face,SS Railing Work Checklist (Balcony / Staircase),active,,c491a04f-a6e1-41c4-8864-0ae8dff3e3f2,pg.template_type.quality
BNH27VPVJQZ2H9MH,2025-04-24 09:04:11.728497,840fa7c0-fdea-5a2c-b22d-672dce7c2942,bf996092-8d66-408a-8d8e-5065ca3330c2,ada6015d-9fce-4f2c-b20f-fc9122d2face,Pavement Quality Concrete Checklist (PQC),active,,41260641-4990-4e3c-9def-d5dae31e6c41,pg.template_type.quality
BNH27VPVJQZ2H9MH,2025-04-24 09:04:11.754907,a1663938-b06c-576d-a500-526a5208e6cc,bf996092-8d66-408a-8d8e-5065ca3330c2,ada6015d-9fce-4f2c-b20f-fc9122d2face,External Plaster Checklist,active,,63d47298-ca93-4c95-9785-f5ced87f4a3b,pg.template_type.quality
BNH27VPVJQZ2H9MH,2025-04-24 09:04:11.755534,790ca1c7-802c-5a3f-9dcf-d68cb90a9b7e,bf996092-8d66-408a-8d8e-5065ca3330c2,ada6015d-9fce-4f2c-b20f-fc9122d2face,Paint Work Checklist,active,,84b1004c-d5d7-4551-852b-b8b7aeaa4aec,pg.template_type.quality
BNH27VPVJQZ2H9MH,2025-04-24 09:04:11.737411,0db43c40-2d07-58e6-b1ac-2b15e754b418,bf996092-8d66-408a-8d8e-5065ca3330c2,ada6015d-9fce-4f2c-b20f-fc9122d2face, External Glazing Checklist,active,,eeb9d591-cd0d-4c2e-90d7-359cc25ddf24,pg.template_type.quality
BNH27VPVJQZ2H9MH,2025-04-24 09:04:11.764585,be894f0f-43cd-57ba-948f-e09a903cbdcf,bf996092-8d66-408a-8d8e-5065ca3330c2,ada6015d-9fce-4f2c-b20f-fc9122d2face,VD Flooring Checklist,active,,1bf273d2-592b-47c3-8ed7-2f5a2496b017,pg.template_type.quality
BNH27VPVJQZ2H9MH,2025-04-24 09:04:11.800784,16930cca-6803-5b5e-98fd-3c178692d86b,bf996092-8d66-408a-8d8e-5065ca3330c2,ada6015d-9fce-4f2c-b20f-fc9122d2face,False Ceiling Checklist,active,,e3995540-289c-4f58-a3b0-d5fa9c8e8135,pg.template_type.quality
BNH27VPVJQZ2H9MH,2025-04-24 09:04:11.808926,8aa79bc6-9a01-5435-b2ba-4cdf9ab68580,bf996092-8d66-408a-8d8e-5065ca3330c2,ada6015d-9fce-4f2c-b20f-fc9122d2face,Marble Flooring Checklist,active,,7ccb59cb-40d8-4af6-b6d0-959ef0f21c63,pg.template_type.quality
BNH27VPVJQZ2H9MH,2025-04-24 09:04:11.897928,b998f920-7b81-5f03-a81b-d07d42894dcd,bf996092-8d66-408a-8d8e-5065ca3330c2,ada6015d-9fce-4f2c-b20f-fc9122d2face,Expansion Joint Treatment Checklist,active,,417d2d73-dd23-4acf-bc50-e42329ffe8bc,pg.template_type.quality
BNH27VPVJQZ2H9MH,2025-04-24 09:04:11.947167,40556300-d00b-5bd9-a1f7-cf26a6475f73,bf996092-8d66-408a-8d8e-5065ca3330c2,ada6015d-9fce-4f2c-b20f-fc9122d2face,Waterproofing Checklist (Balcony Sunken),active,,aa0b2766-04b7-418d-9719-cd4d56232175,pg.template_type.quality
BNH27VPVJQZ2H9MH,2025-04-24 09:04:11.99907,fe873edb-ad12-539e-9962-7e85a34204f0,bf996092-8d66-408a-8d8e-5065ca3330c2,ada6015d-9fce-4f2c-b20f-fc9122d2face,Foam Concrete Checklist,active,,b99639d1-71c8-4901-b99e-7885da374809,pg.template_type.quality
BNH27VPVJQZ2H9MH,2025-04-24 09:04:12.055102,51378f81-0dd7-5625-b6ff-781de00c970e,bf996092-8d66-408a-8d8e-5065ca3330c2,ada6015d-9fce-4f2c-b20f-fc9122d2face,Tile Flooring Checklist (Vitrified/Ceramic),active,,aa7c9d8d-7e3f-4931-a6af-b6080f2c67e1,pg.template_type.quality
BNH27VPVJQZ2H9MH,2025-04-24 09:04:12.948104,feb33ef2-8cd3-5f1d-9a65-3cd51655f58f,bf996092-8d66-408a-8d8e-5065ca3330c2,ada6015d-9fce-4f2c-b20f-fc9122d2face,IPS Work Checklist,active,,117b90fb-328c-4423-b58f-82a484c39f1d,pg.template_type.quality
BNH27VPVJQZ2H9MH,2025-04-24 09:04:28.557272,92d85262-4998-5987-960d-d56ce22f198f,bf996092-8d66-408a-8d8e-5065ca3330c2,ada6015d-9fce-4f2c-b20f-fc9122d2face,Joinery Work Checklist,active,,b70a7ab0-560d-45d3-97f0-63c0724898cc,pg.template_type.quality
BNH27VPVJQZ2H9MH,2025-04-24 09:04:28.577209,49db1150-e9c2-5852-ba1a-743522116b9d,bf996092-8d66-408a-8d8e-5065ca3330c2,ada6015d-9fce-4f2c-b20f-fc9122d2face,Cable Tray Work Checklist,active,,b2fe3a8b-e4dc-4b12-913d-673c7378df7c,pg.template_type.quality
BNH27VPVJQZ2H9MH,2025-04-24 09:04:28.596334,b7d48e1c-469e-5b61-9e59-3e733be95fc3,bf996092-8d66-408a-8d8e-5065ca3330c2,ada6015d-9fce-4f2c-b20f-fc9122d2face,MV Panel Work Checklist,active,,692e69db-0182-4680-b9ca-39ab27b60680,pg.template_type.quality
BNH27VPVJQZ2H9MH,2025-04-24 09:04:28.583893,2a516142-5079-55f8-961a-aa434bad6fad,bf996092-8d66-408a-8d8e-5065ca3330c2,ada6015d-9fce-4f2c-b20f-fc9122d2face,GI Box Work Checklist,active,,3eccd1a1-aa35-4d5b-aba4-e81acb46f36d,pg.template_type.quality
BNH27VPVJQZ2H9MH,2025-04-24 09:04:28.575214,c3ac0aa3-2de8-5f6e-9517-870568037b5e,bf996092-8d66-408a-8d8e-5065ca3330c2,ada6015d-9fce-4f2c-b20f-fc9122d2face,Cable Work Checklist,active,,e5a9c97e-3437-4ec7-8698-ff92774bfd51,pg.template_type.quality
BNH27VPVJQZ2H9MH,2025-04-24 09:04:28.590758,6881f282-6a53-5c51-83a3-e438f1e0bd4d,bf996092-8d66-408a-8d8e-5065ca3330c2,ada6015d-9fce-4f2c-b20f-fc9122d2face,Panel & Distribution Board (DB) Works  Checklist,active,,03252463-63be-48ca-8b9f-79cbdb3bc178,pg.template_type.quality
BNH27VPVJQZ2H9MH,2025-04-24 09:04:28.674113,86e3cb4a-7d91-561e-9a1c-a22fbdcc4114,bf996092-8d66-408a-8d8e-5065ca3330c2,ada6015d-9fce-4f2c-b20f-fc9122d2face,Plumbing Work Checklist,active,,36810473-8f89-4161-96db-ec44e56f6162,pg.template_type.quality
BNH27VPVJQZ2H9MH,2025-04-24 09:04:28.661728,6703f9b5-3d2b-52fd-a9db-b5bd89dea300,bf996092-8d66-408a-8d8e-5065ca3330c2,ada6015d-9fce-4f2c-b20f-fc9122d2face,Earthing Work Checklist,active,,04bcf6ae-311d-484f-b860-7ebca1652266,pg.template_type.quality
BNH27VPVJQZ2H9MH,2025-04-24 09:04:28.697811,8457dffa-7fd7-5fa0-b371-5c881cd22c8d,bf996092-8d66-408a-8d8e-5065ca3330c2,ada6015d-9fce-4f2c-b20f-fc9122d2face,Lighting & Switching Works Checklist,active,,21382464-d4ec-41d1-9f54-b0a2a5c24d58,pg.template_type.quality
BNH27VPVJQZ2H9MH,2025-04-24 09:04:28.791619,2bb07fe4-42eb-593e-b8e6-29d03d1a5025,bf996092-8d66-408a-8d8e-5065ca3330c2,ada6015d-9fce-4f2c-b20f-fc9122d2face,Conduiting Work Checklist,active,,bbbaa00b-38d8-44e2-a40c-95c86edcb3cf,pg.template_type.quality
V9Q2X946QA52XTJG,2025-05-19 05:14:46.154996,8f51d961-c80e-5e43-8e47-cfba01982c6c,bf996092-8d66-408a-8d8e-5065ca3330c2,ada6015d-9fce-4f2c-b20f-fc9122d2face,Anti-Termite Treatment Checklist,inactive,,472ffb20-8d8a-49c4-9088-58d552c25eac,pg.template_type.quality
BNH27VPVJQZ2H9MH,2025-04-28 12:16:06.389169,9e4711b9-ff83-5ad6-882c-3fd70a13155c,bf996092-8d66-408a-8d8e-5065ca3330c2,ada6015d-9fce-4f2c-b20f-fc9122d2face,Monitoring Of DG Set Checklist,active,,45afeefb-584f-4b85-89eb-7c822b3d3f78,pg.template_type.safety
BNH27VPVJQZ2H9MH,2025-04-28 12:06:39.246754,d722cee0-145b-573d-955f-ac786b115b66,bf996092-8d66-408a-8d8e-5065ca3330c2,ada6015d-9fce-4f2c-b20f-fc9122d2face,Monitoring For Equipment/ Vehicles Fitness Checklist,inactive,,0a0d45df-2998-4cb7-b31f-efe993f5e84e,pg.template_type.safety
BNH27VPVJQZ2H9MH,2025-05-19 05:14:44.777965,9d61d648-2829-5a68-80ba-356dc54d7231,bf996092-8d66-408a-8d8e-5065ca3330c2,ada6015d-9fce-4f2c-b20f-fc9122d2face,GRC Works Checklist,inactive,,1920c6d6-0417-4ec1-9bab-998b2f59fd0e,pg.template_type.quality
V9Q2X946QA52XTJG,2025-05-07 06:35:44.405373,811f7b8f-f4df-56cf-bf85-5d2b5f177032,bf996092-8d66-408a-8d8e-5065ca3330c2,ada6015d-9fce-4f2c-b20f-fc9122d2face,Pour Card Checklist,inactive,,83c8d926-f1e6-4d02-9dee-1146a58822d9,pg.template_type.quality
BNH27VPVJQZ2H9MH,2025-04-28 12:42:50.317635,bb24f9ef-2eb7-53ec-b0ff-625b7a2f9d5e,bf996092-8d66-408a-8d8e-5065ca3330c2,ada6015d-9fce-4f2c-b20f-fc9122d2face,Monitoring For Hot Works Checklist,deleted,,7e2ec347-eedb-4ec6-83a3-4c87fdaa931a,pg.template_type.safety
BNH27VPVJQZ2H9MH,2025-04-28 10:50:05.83873,888718f2-baa7-5a8c-be76-a342f7dc3d58,bf996092-8d66-408a-8d8e-5065ca3330c2,ada6015d-9fce-4f2c-b20f-fc9122d2face,Monitoring For Scaffolding Checklist,active,,1c48bc99-d39a-425a-9e3a-8d9cb0947a8a,pg.template_type.safety
BNH27VPVJQZ2H9MH,2025-04-28 12:50:49.289631,d6cf18af-3232-53b5-8311-9a025c47a465,bf996092-8d66-408a-8d8e-5065ca3330c2,ada6015d-9fce-4f2c-b20f-fc9122d2face,Monitoring For Operations Of Power Hand Tool & Other Equipment Checklist,active,,87a95f4c-49de-46dc-a4c3-2df7e6aa5e5a,pg.template_type.safety
BNH27VPVJQZ2H9MH,2025-04-28 12:09:52.397213,9965efdd-f83e-5b63-95b3-8dfc4d5e1f47,bf996092-8d66-408a-8d8e-5065ca3330c2,ada6015d-9fce-4f2c-b20f-fc9122d2face,Monitoring For Ladders Checklist,active,,4b7a1a41-129b-4ef8-a702-176878d65739,pg.template_type.safety
V9Q2X946QA52XTJG,2025-04-29 09:40:03.935508,b7925fea-a2d6-5ed0-aaaf-c511d1bf8937,bf996092-8d66-408a-8d8e-5065ca3330c2,ada6015d-9fce-4f2c-b20f-fc9122d2face,Permit For Excavation Work Checklist,active,,89d1eeb5-63c1-41af-97a7-4466dc612b86,pg.template_type.safety
BNH27VPVJQZ2H9MH,2025-05-07 06:35:44.257979,63b9a654-4ef9-59a9-9786-0c426cf5213b,bf996092-8d66-408a-8d8e-5065ca3330c2,ada6015d-9fce-4f2c-b20f-fc9122d2face,Bore Hole Checklist,inactive,,cf1ab0b8-e38b-4bdc-927a-ab65f607e94e,pg.template_type.quality
V9Q2X946QA52XTJG,2025-06-28 04:49:38.684151,df37ec88-cf07-5088-beaf-747ecaaadcb5,bf996092-8d66-408a-8d8e-5065ca3330c2,2f551e7d-05e6-4bfc-8ee1-0ef3a8487c11,Permit for Hot Works Checklist,active,,4e1de2b2-fd05-4196-82ee-d177e9a84ba0,pg.template_type.safety
V9Q2X946QA52XTJG,2025-06-27 09:12:58.00249,4ae63651-27e9-56ca-bef5-469993b4ed6a,bf996092-8d66-408a-8d8e-5065ca3330c2,77d5fb8c-5d83-4fa8-8c81-169306f7a8f7,Waterproofing Checklist (Balcony Sunken),active,,bf2ed30a-5090-42c3-974c-7e11a97f43cc,pg.template_type.quality
V9Q2X946QA52XTJG,2025-06-27 09:19:02.679307,a3c266d7-d636-50b6-b0ed-5881d4d92f6a,bf996092-8d66-408a-8d8e-5065ca3330c2,77d5fb8c-5d83-4fa8-8c81-169306f7a8f7,Tile Flooring Checklist (Vitrified/Ceramic),active,,2e218094-eddd-4339-8ddd-cfcc5556968e,pg.template_type.quality
V9Q2X946QA52XTJG,2025-06-27 09:10:36.691704,c8cd1d64-f054-5e5e-98e3-86c2c7b9ce6f,bf996092-8d66-408a-8d8e-5065ca3330c2,77d5fb8c-5d83-4fa8-8c81-169306f7a8f7,Wood Work Checklist,active,,e077bb3c-2db0-4a97-959b-4ca48563d2ca,pg.template_type.quality
V9Q2X946QA52XTJG,2025-05-12 10:38:02.794584,da2425a7-a36f-5872-94e0-32e80d6240cc,bf996092-8d66-408a-8d8e-5065ca3330c2,77d5fb8c-5d83-4fa8-8c81-169306f7a8f7,Concrete Placement Record,deleted,2d8946cd-7cae-444f-9997-9ed61fecacfc,,pg.template_type.quality
V9Q2X946QA52XTJG,2025-05-12 10:38:02.875565,bbee5f14-0c5f-5768-9be4-beaecfb9e002,bf996092-8d66-408a-8d8e-5065ca3330c2,77d5fb8c-5d83-4fa8-8c81-169306f7a8f7,Bore Hole Checklist,deleted,,9d4e5eb3-aa78-4a38-992c-aaff337151d5,pg.template_type.quality
V9Q2X946QA52XTJG,2025-06-28 04:41:59.984871,2cf6b96a-3e75-51ea-815b-bfd6100a6285,bf996092-8d66-408a-8d8e-5065ca3330c2,2f551e7d-05e6-4bfc-8ee1-0ef3a8487c11,Monitoring For Excavation Checklist,active,,efe1e7be-73dc-4dfe-a1f3-d16dea0ddf7b,pg.template_type.safety
V9Q2X946QA52XTJG,2025-05-12 10:38:02.994444,21775a3a-f2fe-5762-8307-0b57c9585fcd,bf996092-8d66-408a-8d8e-5065ca3330c2,77d5fb8c-5d83-4fa8-8c81-169306f7a8f7,Guide Wall Pour Card Checklist,deleted,,1031e8cd-623e-43d4-b670-aee93220a6c7,pg.template_type.quality
V9Q2X946QA52XTJG,2025-06-28 04:41:16.068665,df9de21b-c8b3-58f1-81d0-166ebefd7800,bf996092-8d66-408a-8d8e-5065ca3330c2,2f551e7d-05e6-4bfc-8ee1-0ef3a8487c11,Monitoring For Labor Camp Checklist,active,,673b069a-5c2b-4b2f-9482-7451ac483ee8,pg.template_type.safety
V9Q2X946QA52XTJG,2025-06-28 04:35:48.466394,f6d3e9b3-40de-542c-93fd-0da31ce304d4,bf996092-8d66-408a-8d8e-5065ca3330c2,2f551e7d-05e6-4bfc-8ee1-0ef3a8487c11,Monitoring For Machine Safeguarding Checklist,active,,f2fbc93f-dcbf-4fd0-b72e-6f4842f2a158,pg.template_type.safety
V9Q2X946QA52XTJG,2025-06-28 04:35:11.699734,9d3c6ec4-21e1-5c5f-bf66-b111b8ca516e,bf996092-8d66-408a-8d8e-5065ca3330c2,2f551e7d-05e6-4bfc-8ee1-0ef3a8487c11,Monitoring For Mobile Crane Operation Checklist,active,,6930415f-83a9-45e2-a5c4-453d9ca34f48,pg.template_type.safety
V9Q2X946QA52XTJG,2025-07-01 09:55:34.112225,c1b4d3b8-6231-5413-b9ce-428f7b98102a,bf996092-8d66-408a-8d8e-5065ca3330c2,967e785d-d83c-490b-8d6a-2ed926c956ac,Expansion Joint Treatment Checklist,active,,5a6d34a6-7698-4c5c-b07d-08adfebcb5ed,pg.template_type.quality
V9Q2X946QA52XTJG,2025-07-01 09:55:34.125304,0b0461d8-3dd7-512e-ad35-26978d7d95e1,bf996092-8d66-408a-8d8e-5065ca3330c2,967e785d-d83c-490b-8d6a-2ed926c956ac, Door Windows Checklist,active,,446d4c3b-ac84-407f-96c3-872decfb25e7,pg.template_type.quality
V9Q2X946QA52XTJG,2025-07-01 09:55:34.655632,da6408b0-467c-5047-9b97-7383803fac81,bf996092-8d66-408a-8d8e-5065ca3330c2,967e785d-d83c-490b-8d6a-2ed926c956ac,SS Railing Work Checklist (Balcony / Staircase),active,,e31f1a2c-c803-4b9f-a4c2-85421be1b585,pg.template_type.quality
V9Q2X946QA52XTJG,2025-06-28 04:31:52.07868,0975facb-09a1-55e4-9cf2-71da61762a41,bf996092-8d66-408a-8d8e-5065ca3330c2,2f551e7d-05e6-4bfc-8ee1-0ef3a8487c11,Monitoring For Scaffolding Checklist,active,,39b18642-2fe0-42fb-9663-86f6d6e1f490,pg.template_type.safety
V9Q2X946QA52XTJG,2025-06-28 04:26:36.418849,955f3470-43a1-5623-92b8-9e6fa4a04450,bf996092-8d66-408a-8d8e-5065ca3330c2,2f551e7d-05e6-4bfc-8ee1-0ef3a8487c11,Primary Incident Report Checklist,active,,a8fd810a-ab07-49f4-b472-7112435b2a67,pg.template_type.safety
V9Q2X946QA52XTJG,2025-06-28 04:27:26.611242,c31a5e99-142b-5774-aed4-713db2c1aa02,bf996092-8d66-408a-8d8e-5065ca3330c2,2f551e7d-05e6-4bfc-8ee1-0ef3a8487c11,Monitoring Of DG Set Checklist,active,,ebfda4db-9b54-44d4-93ac-be856f3f1a12,pg.template_type.safety
V9Q2X946QA52XTJG,2025-06-26 10:27:31.639012,72857ad5-4e63-534f-9b3f-79159c654c01,bf996092-8d66-408a-8d8e-5065ca3330c2,967e785d-d83c-490b-8d6a-2ed926c956ac,Monitoring For Electrical Works Checklist,active,,6dabafdb-6917-43c5-ad91-0b002746cc46,pg.template_type.safety
V9Q2X946QA52XTJG,2025-06-27 09:43:23.653538,e2ad752d-6afe-50ce-9b02-6d89656050c4,bf996092-8d66-408a-8d8e-5065ca3330c2,77d5fb8c-5d83-4fa8-8c81-169306f7a8f7,Brick Masonry Checklist,active,,3d686c6d-2fca-40bc-b050-fd8860a61fcd,pg.template_type.quality
V9Q2X946QA52XTJG,2025-06-27 09:02:10.191872,785713eb-29d2-52c5-b654-13268dcf369e,bf996092-8d66-408a-8d8e-5065ca3330c2,77d5fb8c-5d83-4fa8-8c81-169306f7a8f7,Lighting & Switching Works Checklist,active,,4d533588-422f-430a-8c63-ed4270f722bf,pg.template_type.quality
V9Q2X946QA52XTJG,2025-06-27 09:41:50.681745,0c01d07d-2d28-5452-9b59-a9e498504f03,bf996092-8d66-408a-8d8e-5065ca3330c2,77d5fb8c-5d83-4fa8-8c81-169306f7a8f7,Dry Lean Concrete Checklist (DLC),active,,7a8417fe-4e2b-4453-aa8d-d08c9a2fb7f1,pg.template_type.quality
V9Q2X946QA52XTJG,2025-06-27 09:40:52.484858,341ff457-4da3-5af3-a074-1a70a67e2d89,bf996092-8d66-408a-8d8e-5065ca3330c2,77d5fb8c-5d83-4fa8-8c81-169306f7a8f7,Excavation Checklist,active,,d2dd5f4b-b843-4191-b77b-0b4674a6b8af,pg.template_type.quality
V9Q2X946QA52XTJG,2025-06-27 09:01:01.290051,ebb18ed0-af4d-567b-9f94-7dae0f2173ed,bf996092-8d66-408a-8d8e-5065ca3330c2,77d5fb8c-5d83-4fa8-8c81-169306f7a8f7,Panel & Distribution Board (DB) Works  Checklist,active,,07b3db74-25cf-4b08-853a-f68083f64b2e,pg.template_type.quality
V9Q2X946QA52XTJG,2025-06-27 09:40:07.958516,d764f4d3-7944-5067-82a4-eabf3a644772,bf996092-8d66-408a-8d8e-5065ca3330c2,77d5fb8c-5d83-4fa8-8c81-169306f7a8f7,Expansion Joint Treatment Checklist,active,,7a4434b0-84f0-4e37-9e7b-ab14ffccd079,pg.template_type.quality
V9Q2X946QA52XTJG,2025-06-27 09:00:23.924635,2eff96f1-27a4-5983-9665-93618165d4f8,bf996092-8d66-408a-8d8e-5065ca3330c2,77d5fb8c-5d83-4fa8-8c81-169306f7a8f7,Plumbing Work Checklist,active,,f62b2643-4b23-4bdf-af29-73ab88b8dfc4,pg.template_type.quality
V9Q2X946QA52XTJG,2025-06-26 12:36:25.1117,01de4506-678e-5c83-8970-dd580c9078dc,bf996092-8d66-408a-8d8e-5065ca3330c2,f679f4cf-c089-4a2b-9b84-b14129630601,Monitoring For Electrical Works Checklist,active,,06f09aef-1e8b-4e27-bb2c-ca768d242267,pg.template_type.safety
V9Q2X946QA52XTJG,2025-06-26 12:28:53.959769,5383f0e2-6fc3-55a6-bc3e-3565d8c8f88b,bf996092-8d66-408a-8d8e-5065ca3330c2,f679f4cf-c089-4a2b-9b84-b14129630601,Monitoring Of DG Set Checklist,active,,bdbb58cd-a60e-4088-9444-c56107bfee68,pg.template_type.safety
V9Q2X946QA52XTJG,2025-06-27 09:37:32.433708,4e8ac44b-ec3b-5473-8ba3-41a75a0d1ce1,bf996092-8d66-408a-8d8e-5065ca3330c2,77d5fb8c-5d83-4fa8-8c81-169306f7a8f7, External Glazing Checklist,active,,48e97f09-341d-467e-9e9f-94fe9afe175a,pg.template_type.quality
V9Q2X946QA52XTJG,2025-06-27 09:32:59.110885,2f9dd26d-cf48-5501-b312-bfea3f1f7fb5,bf996092-8d66-408a-8d8e-5065ca3330c2,77d5fb8c-5d83-4fa8-8c81-169306f7a8f7,False Ceiling Checklist,active,,cb846fff-18ca-446f-978c-957d81f0e8d2,pg.template_type.quality
V9Q2X946QA52XTJG,2025-06-26 12:18:59.898378,79764abc-8ff8-5ae6-8a3d-78c6670a843c,bf996092-8d66-408a-8d8e-5065ca3330c2,f679f4cf-c089-4a2b-9b84-b14129630601,AAC Block Masonry Checklist,active,,15518011-1990-458e-97f1-0287f82da104,pg.template_type.quality
V9Q2X946QA52XTJG,2025-06-26 12:17:07.331622,eb711b56-8f67-5cae-8317-11b6b5b1146c,bf996092-8d66-408a-8d8e-5065ca3330c2,f679f4cf-c089-4a2b-9b84-b14129630601,Backfilling Checklist,active,,b7ce20ae-b8b7-4027-9de6-e9ddc6988274,pg.template_type.quality
V9Q2X946QA52XTJG,2025-06-26 11:44:33.752631,c9a94a3a-89f0-51b0-93d3-702404a5ff2d,bf996092-8d66-408a-8d8e-5065ca3330c2,f679f4cf-c089-4a2b-9b84-b14129630601,Expansion Joint Treatment Checklist,active,,9df52748-d0d8-4533-bd90-bff2fb00bf1a,pg.template_type.quality
V9Q2X946QA52XTJG,2025-06-26 11:35:22.882863,2b79e5e5-2c9f-5be4-a48f-380ac986b1ef,bf996092-8d66-408a-8d8e-5065ca3330c2,f679f4cf-c089-4a2b-9b84-b14129630601,Marble Flooring Checklist,active,,b06e9ccd-7fb1-42f1-9505-2278003bd08c,pg.template_type.quality
V9Q2X946QA52XTJG,2025-06-27 09:29:14.07772,0ff05ba5-2d2f-514d-9624-51d92b91c614,bf996092-8d66-408a-8d8e-5065ca3330c2,77d5fb8c-5d83-4fa8-8c81-169306f7a8f7,Foam Concrete Checklist,active,,a6fd4e95-8da4-4227-8b62-57161b64a06b,pg.template_type.quality
V9Q2X946QA52XTJG,2025-05-16 07:34:18.4328,35510d11-e731-5287-8770-8b7ddefa85f8,bf996092-8d66-408a-8d8e-5065ca3330c2,f679f4cf-c089-4a2b-9b84-b14129630601,Concrete Placement Record,inactive,27e7e422-3ed2-4a5f-aa19-14b1dce32fa9,,pg.template_type.quality
V9Q2X946QA52XTJG,2025-05-16 07:34:18.343884,4bdccede-62b3-5670-a0c3-90a26645a420,bf996092-8d66-408a-8d8e-5065ca3330c2,f679f4cf-c089-4a2b-9b84-b14129630601,Bore Hole Checklist,inactive,,8154d52b-ec35-4f2e-a3f7-1286f4739547,pg.template_type.quality
V9Q2X946QA52XTJG,2025-05-16 07:34:18.514453,3bc69137-8951-5d06-86b5-dc0383027b26,bf996092-8d66-408a-8d8e-5065ca3330c2,f679f4cf-c089-4a2b-9b84-b14129630601,Guide Wall Pour Card Checklist,inactive,,e7f8617e-9d2b-475a-90ea-fa1c2b93a60a,pg.template_type.quality
V9Q2X946QA52XTJG,2025-06-27 09:27:05.256278,28021d22-1088-595d-a44d-281d291239db,bf996092-8d66-408a-8d8e-5065ca3330c2,77d5fb8c-5d83-4fa8-8c81-169306f7a8f7,Internal Plaster Checklist,active,,86962754-7364-4e89-9ade-9c8dc092626f,pg.template_type.quality
V9Q2X946QA52XTJG,2025-06-27 09:26:06.827375,e12fa8ad-2e4a-5367-98fc-b093cdcaf2cf,bf996092-8d66-408a-8d8e-5065ca3330c2,77d5fb8c-5d83-4fa8-8c81-169306f7a8f7,IPS Work Checklist,active,,899f4400-d37a-4b65-ad60-675eb7d20f5a,pg.template_type.quality
V9Q2X946QA52XTJG,2025-05-02 12:38:08.607539,a75a7a29-72de-4888-8874-89d4c1f216bb,bf996092-8d66-408a-8d8e-5065ca3330c2,ada6015d-9fce-4f2c-b20f-fc9122d2face,Anchor Acceptance Test Trial Anchor,deleted,d2e86673-85ed-47a3-be91-e68ab6d1ecb5,,
V9Q2X946QA52XTJG,2025-05-05 09:45:45.575256,b1bdf875-ed64-4350-a4e0-443e242eed5d,bf996092-8d66-408a-8d8e-5065ca3330c2,ada6015d-9fce-4f2c-b20f-fc9122d2face,Lifts - Other Cut-Outs Dimensions Checklist,inactive,9348c047-19f4-4fa9-b41f-9cd27d5c17f8,,
V9Q2X946QA52XTJG,2025-05-12 10:38:20.606977,3abe524a-b263-5768-b785-d9622058b862,bf996092-8d66-408a-8d8e-5065ca3330c2,77d5fb8c-5d83-4fa8-8c81-169306f7a8f7,Anchor Bracket Fixing Checklist with fastener,active,9800f5a6-b6dc-4e33-91d3-6d1502f0d3e7,,pg.template_type.quality
V9Q2X946QA52XTJG,2025-05-12 10:38:20.612857,dd6e3417-be3f-5f14-b7a3-01f256f29436,bf996092-8d66-408a-8d8e-5065ca3330c2,77d5fb8c-5d83-4fa8-8c81-169306f7a8f7,Anchor Acceptance Test Trial Anchor,active,5202d6a3-40e5-49bc-8acd-18fc62a849e6,,pg.template_type.quality
V9Q2X946QA52XTJG,2025-05-12 10:38:20.613156,80259381-4b9e-5f2a-b289-d2059766a20b,bf996092-8d66-408a-8d8e-5065ca3330c2,77d5fb8c-5d83-4fa8-8c81-169306f7a8f7,Anchor Drilling,active,6c1f9c63-2577-4bb0-a956-4aa2294c05d3,,pg.template_type.quality
V9Q2X946QA52XTJG,2025-05-12 10:38:20.62986,eb407c45-8270-5232-9643-05fe2f8a69ae,bf996092-8d66-408a-8d8e-5065ca3330c2,77d5fb8c-5d83-4fa8-8c81-169306f7a8f7,D-Wall Grabbing,active,fa6d161b-071b-4ecd-804b-75826baaa428,,pg.template_type.quality
V9Q2X946QA52XTJG,2025-05-12 10:38:20.631165,95eb4f01-3835-5a43-9602-b75abaaacda0,bf996092-8d66-408a-8d8e-5065ca3330c2,77d5fb8c-5d83-4fa8-8c81-169306f7a8f7,Anchor Grouting,active,b0215958-f149-432f-9cc4-3ad0ede5540f,,pg.template_type.quality
V9Q2X946QA52XTJG,2025-05-12 10:38:20.672899,d5b2447f-dde8-578e-9d31-03bfea90c560,bf996092-8d66-408a-8d8e-5065ca3330c2,77d5fb8c-5d83-4fa8-8c81-169306f7a8f7,Concrete Placement Record,active,be1c8065-b0ff-46c3-b487-988dfcad2f96,,pg.template_type.quality
V9Q2X946QA52XTJG,2025-06-27 06:39:47.696471,ac4a6cd1-dee7-573e-99e3-f5d8ab7145a4,bf996092-8d66-408a-8d8e-5065ca3330c2,23142979-9fb6-4fd3-bd82-62d7e0add75f,Permit For Working At Night Checklist,active,,9f2aaf4b-97ee-48e3-80e5-5d57a2a72fe1,pg.template_type.safety
V9Q2X946QA52XTJG,2025-06-27 06:40:45.398415,ace8804d-94a3-549c-8595-8f1d03488451,bf996092-8d66-408a-8d8e-5065ca3330c2,23142979-9fb6-4fd3-bd82-62d7e0add75f,Permit For Working At Height Checklist,active,,d9701ec9-550a-4792-8e88-19eed33d8653,pg.template_type.safety
V9Q2X946QA52XTJG,2025-06-27 06:29:20.944854,22b4b8b8-d304-5a82-b9f6-bf20e6319c9f,bf996092-8d66-408a-8d8e-5065ca3330c2,23142979-9fb6-4fd3-bd82-62d7e0add75f,Primary Incident Report Checklist,active,,eb1e9d6e-9a00-4a66-9e2e-7e9e384afdbf,pg.template_type.safety
V9Q2X946QA52XTJG,2025-06-27 06:30:07.216192,637e6bd4-7d08-5aee-8dcb-a5d3a378f7f6,bf996092-8d66-408a-8d8e-5065ca3330c2,23142979-9fb6-4fd3-bd82-62d7e0add75f,Monitoring Of DG Set Checklist,active,,e8c7705c-486d-47c8-bc80-c6bfd4abf3d6,pg.template_type.safety
V9Q2X946QA52XTJG,2025-08-19 11:28:15.733848,f8e02105-e75d-4fac-9cd6-fb7b921b764b,bf996092-8d66-408a-8d8e-5065ca3330c2,ada6015d-9fce-4f2c-b20f-fc9122d2face,Bill Submission Checklist - Submittals,active,31d08533-1dd6-4b92-8c68-4c5e8d43a840,,pg.template_type.other
P6VEMMUUKNDV,2025-05-21 10:39:33.315712,0265c7c1-d096-5de2-b5c6-f0af3b3206c8,bf996092-8d66-408a-8d8e-5065ca3330c2,b8edcd70-28bb-4319-af76-e8f8c0a1cd67,Earthing Work Checklist,active,,c660d64e-a06d-46e7-b0ec-7170a0ad1311,pg.template_type.quality
P6VEMMUUKNDV,2025-05-21 10:39:34.058029,45fed53e-0d7d-5382-86d6-32db2f9cf52b,bf996092-8d66-408a-8d8e-5065ca3330c2,b8edcd70-28bb-4319-af76-e8f8c0a1cd67,Permit for Confined Space Work Checklist,active,,d19a7b21-62cb-4c49-b47b-711dbeeeb094,pg.template_type.safety
P6VEMMUUKNDV,2025-05-21 10:39:34.959426,58662b2f-c45e-5ae2-9acb-0305596c1fcc,bf996092-8d66-408a-8d8e-5065ca3330c2,b8edcd70-28bb-4319-af76-e8f8c0a1cd67, Door Windows Checklist,active,,854dcc3a-ebb7-4251-86d1-7e6f4962da2d,pg.template_type.quality
P6VEMMUUKNDV,2025-05-21 10:39:35.144515,009a9c38-bcbe-5293-9b25-d4c9cb97f1d3,bf996092-8d66-408a-8d8e-5065ca3330c2,b8edcd70-28bb-4319-af76-e8f8c0a1cd67,Tool Box Talk,active,be1fc905-c7cb-49bf-9ceb-687e4fb63aba,,pg.template_type.safety
P6VEMMUUKNDV,2025-05-21 10:39:35.150428,9eea5b45-cd9b-54b8-8c4c-8040aff5dd3d,bf996092-8d66-408a-8d8e-5065ca3330c2,b8edcd70-28bb-4319-af76-e8f8c0a1cd67,Cable Work Checklist,active,,0b81da7d-2eed-45fb-a66c-c94683747cfb,pg.template_type.quality
P6VEMMUUKNDV,2025-05-21 10:39:35.550326,51290fe2-1684-55db-a3dd-e1efde1a3d30,bf996092-8d66-408a-8d8e-5065ca3330c2,b8edcd70-28bb-4319-af76-e8f8c0a1cd67,Anti-Termite Treatment Checklist,active,,290c7bfb-3a1f-42ee-b4af-87521e134d0f,pg.template_type.quality
P6VEMMUUKNDV,2025-05-21 10:39:36.442686,451a9d86-58ad-5d96-9290-7942bf00643b,bf996092-8d66-408a-8d8e-5065ca3330c2,b8edcd70-28bb-4319-af76-e8f8c0a1cd67,Wood Work Checklist,active,,59cb9985-e9c1-43cb-9c55-ca819416ae6f,pg.template_type.quality
P6VEMMUUKNDV,2025-05-21 10:39:35.972398,2dd139cd-3743-5a97-93f6-01d85a308b00,bf996092-8d66-408a-8d8e-5065ca3330c2,b8edcd70-28bb-4319-af76-e8f8c0a1cd67,Internal Plaster Checklist,active,,046a9dd3-5f5b-4cf0-b2c5-6ea7667a55d8,pg.template_type.quality
P6VEMMUUKNDV,2025-05-21 10:39:37.997882,aa9b02e7-f518-5236-8498-a707fde35a9a,bf996092-8d66-408a-8d8e-5065ca3330c2,b8edcd70-28bb-4319-af76-e8f8c0a1cd67,Cable Tray Work Checklist,active,,8dd2caef-18e8-4ad0-912c-3dd0a9368452,pg.template_type.quality
P6VEMMUUKNDV,2025-05-21 10:39:38.910256,14fbd788-a9a6-5144-ada3-5272f56d74a5,bf996092-8d66-408a-8d8e-5065ca3330c2,b8edcd70-28bb-4319-af76-e8f8c0a1cd67,Monitoring For Machine Safeguarding Checklist,active,,10b098da-839e-4aac-a047-4af7345c6a4d,pg.template_type.safety
P6VEMMUUKNDV,2025-05-21 10:39:39.010795,0dbe23c2-c668-560c-b0e8-3e2ef7da9d3d,bf996092-8d66-408a-8d8e-5065ca3330c2,b8edcd70-28bb-4319-af76-e8f8c0a1cd67,Permit For Working At Night Checklist,active,,8c017f33-bf5a-4870-a078-cb6b9c2fc43c,pg.template_type.safety
P6VEMMUUKNDV,2025-05-21 10:39:40.437497,64fbbc61-346e-5979-b3c2-484d8d77018b,bf996092-8d66-408a-8d8e-5065ca3330c2,b8edcd70-28bb-4319-af76-e8f8c0a1cd67,Paint Work Checklist,active,,0402a93c-0996-4ad9-bf42-5c72897d669a,pg.template_type.quality
P6VEMMUUKNDV,2025-05-21 10:39:40.606631,42ed983a-c01d-5cba-b120-7686d301f9ca,bf996092-8d66-408a-8d8e-5065ca3330c2,b8edcd70-28bb-4319-af76-e8f8c0a1cd67,Monitoring For Personal Protective Equipment Checklist,active,,c6335243-e1ed-496e-b815-f715f8b59b0a,pg.template_type.safety
P6VEMMUUKNDV,2025-05-21 10:39:40.572687,a2c0ff71-244b-5c13-929b-0e954b44e19b,bf996092-8d66-408a-8d8e-5065ca3330c2,b8edcd70-28bb-4319-af76-e8f8c0a1cd67,Monitoring For Labor Camp Checklist,active,,36535b2f-eb39-45ec-8b9a-94799b61eaac,pg.template_type.safety
P6VEMMUUKNDV,2025-05-21 10:39:41.718088,d9786e51-889a-5ed6-9deb-a7d0d50c5e02,bf996092-8d66-408a-8d8e-5065ca3330c2,b8edcd70-28bb-4319-af76-e8f8c0a1cd67,D-Wall Grabbing,active,eeeca3cb-dd3c-4f93-87d0-08f7e4d94537,,pg.template_type.quality
P6VEMMUUKNDV,2025-05-21 10:39:41.943368,c6d5bb94-0789-597f-ac34-8615b28d7dbf,bf996092-8d66-408a-8d8e-5065ca3330c2,b8edcd70-28bb-4319-af76-e8f8c0a1cd67,IPS Work Checklist,active,,2dba8ae3-2342-40b3-8285-eb12264aa0ec,pg.template_type.quality
P6VEMMUUKNDV,2025-05-21 10:39:42.035135,0f7fbbb3-40e3-536f-b5d2-707a1c9652d4,bf996092-8d66-408a-8d8e-5065ca3330c2,b8edcd70-28bb-4319-af76-e8f8c0a1cd67,Monitoring Of DG Set Checklist,active,,326789a3-e688-4223-936f-ecfd19a807da,pg.template_type.safety
P6VEMMUUKNDV,2025-05-21 10:39:41.797831,e7a0ae4a-48b3-5564-abd2-516ca0f4bf5f,bf996092-8d66-408a-8d8e-5065ca3330c2,b8edcd70-28bb-4319-af76-e8f8c0a1cd67,Panel & Distribution Board (DB) Works  Checklist,active,,c8aae455-dabb-4397-bb1a-988b3ad4388b,pg.template_type.quality
P6VEMMUUKNDV,2025-05-21 10:39:43.300764,6fe04a5d-5a56-57bd-8adf-bc5a21965d99,bf996092-8d66-408a-8d8e-5065ca3330c2,b8edcd70-28bb-4319-af76-e8f8c0a1cd67,Conduiting Work Checklist,active,,3cec9ec4-dc1a-4398-805c-201e8d53c017,pg.template_type.quality
P6VEMMUUKNDV,2025-05-21 10:39:43.932203,07927c7e-821d-56f4-b89c-12ef22ec35b7,bf996092-8d66-408a-8d8e-5065ca3330c2,b8edcd70-28bb-4319-af76-e8f8c0a1cd67,MV Panel Work Checklist,active,,e3c56b78-a5ac-4999-9663-79a0cb5bf560,pg.template_type.quality
P6VEMMUUKNDV,2025-05-21 10:39:44.063566,e856a99c-ace7-5892-9563-222fe59ce1be,bf996092-8d66-408a-8d8e-5065ca3330c2,b8edcd70-28bb-4319-af76-e8f8c0a1cd67,Excavation Checklist,active,,e3441a87-39bb-4b83-9367-f9611944f257,pg.template_type.quality
P6VEMMUUKNDV,2025-05-21 10:39:44.802238,2e961f16-d956-58bc-ade8-5beb0b5de2fa,bf996092-8d66-408a-8d8e-5065ca3330c2,b8edcd70-28bb-4319-af76-e8f8c0a1cd67,VD Flooring Checklist,active,,b3ad04cb-80ef-485e-841d-9305370b552e,pg.template_type.quality
P6VEMMUUKNDV,2025-05-21 10:39:44.559867,753fbe44-8a77-50da-9065-74ef61d19e85,bf996092-8d66-408a-8d8e-5065ca3330c2,b8edcd70-28bb-4319-af76-e8f8c0a1cd67,Waterproofing Checklist (Terrace),active,,c765b610-3082-4cf4-a4cf-ab34276d92ed,pg.template_type.quality
P6VEMMUUKNDV,2025-05-21 10:39:44.977336,dfd10b8a-4153-53dd-88b6-0380fa253268,bf996092-8d66-408a-8d8e-5065ca3330c2,b8edcd70-28bb-4319-af76-e8f8c0a1cd67,Monitoring For Excavation Checklist,active,,f88e4d08-86fd-4b3e-8864-1a06ba9548ae,pg.template_type.safety
P6VEMMUUKNDV,2025-05-21 10:39:46.64628,ec4003ee-cd78-5115-9324-562cbd20c425,bf996092-8d66-408a-8d8e-5065ca3330c2,b8edcd70-28bb-4319-af76-e8f8c0a1cd67,Marble Flooring Checklist,active,,74d5dc79-a3eb-46dd-ace0-27d00b962638,pg.template_type.quality
P6VEMMUUKNDV,2025-05-21 10:39:48.392876,af0dacef-a550-5e22-904e-25f44354ef3d,bf996092-8d66-408a-8d8e-5065ca3330c2,b8edcd70-28bb-4319-af76-e8f8c0a1cd67,Monitoring For Ladders Checklist,active,,1c557253-f948-406f-b069-da25044bfc2b,pg.template_type.safety
P6VEMMUUKNDV,2025-05-21 10:39:49.348391,4ac7860e-5289-54ba-b693-4a7216027ee3,bf996092-8d66-408a-8d8e-5065ca3330c2,b8edcd70-28bb-4319-af76-e8f8c0a1cd67,Joinery Work Checklist,active,,e6da010c-1941-4bc7-9881-b28e60886277,pg.template_type.quality
P6VEMMUUKNDV,2025-05-21 10:39:49.917108,0004a748-a130-540a-b297-0b21fb8855be,bf996092-8d66-408a-8d8e-5065ca3330c2,b8edcd70-28bb-4319-af76-e8f8c0a1cd67,Permit For Excavation Work Checklist,active,,8f439fe3-a7b8-413c-ba65-49f9a33de6a0,pg.template_type.safety
P6VEMMUUKNDV,2025-05-21 10:39:50.431535,0d169986-9c9a-5f63-82f6-40d4eeb48feb,bf996092-8d66-408a-8d8e-5065ca3330c2,b8edcd70-28bb-4319-af76-e8f8c0a1cd67,Monitoring For Electrical Works Checklist,active,,43f19d86-4589-42e6-aa12-ce8cad3dc59a,pg.template_type.safety
P6VEMMUUKNDV,2025-05-21 10:39:51.762725,efc9890c-1357-557c-93bc-36a1ebf09276,bf996092-8d66-408a-8d8e-5065ca3330c2,b8edcd70-28bb-4319-af76-e8f8c0a1cd67,Monitoring For Mobile Crane Operation Checklist,active,,882d5774-2353-423e-a7a3-2af55f7406ed,pg.template_type.safety
P6VEMMUUKNDV,2025-05-21 10:39:52.211489,4d44a912-09a7-550f-a771-f04b438acd59,bf996092-8d66-408a-8d8e-5065ca3330c2,b8edcd70-28bb-4319-af76-e8f8c0a1cd67,Routine Test Checklist,active,782aa4cb-49d3-473b-827a-718c209862d7,,pg.template_type.quality
P6VEMMUUKNDV,2025-05-21 10:39:52.767697,478c26d7-627f-5de6-b12c-71caf7da2df5,bf996092-8d66-408a-8d8e-5065ca3330c2,b8edcd70-28bb-4319-af76-e8f8c0a1cd67,Waterproofing Checklist (Balcony Sunken),active,,39bfb974-dae6-4d0b-99bd-3877849f6c82,pg.template_type.quality
P6VEMMUUKNDV,2025-05-21 10:39:53.225771,e3b2c226-2dcf-5e45-b6e9-9c100e2826b4,bf996092-8d66-408a-8d8e-5065ca3330c2,b8edcd70-28bb-4319-af76-e8f8c0a1cd67,Permit for Hot Works Checklist,active,,99251054-ed60-44a2-b777-9463344ac283,pg.template_type.safety
P6VEMMUUKNDV,2025-05-21 10:39:55.044661,efd3cc3b-6745-53a0-b828-03fca9c11750,bf996092-8d66-408a-8d8e-5065ca3330c2,b8edcd70-28bb-4319-af76-e8f8c0a1cd67,Pavement Quality Concrete Checklist (PQC),active,,c5047e24-083d-45e6-93de-83a6b110f7c7,pg.template_type.quality
P6VEMMUUKNDV,2025-05-21 10:39:56.431102,643c39f8-7476-5030-a2b7-90ec5151e8ab,bf996092-8d66-408a-8d8e-5065ca3330c2,b8edcd70-28bb-4319-af76-e8f8c0a1cd67,Anchor Bracket Fixing Checklist with fastener,active,e0476775-19d4-423e-98f3-5919fcdc83e1,,pg.template_type.quality
P6VEMMUUKNDV,2025-05-21 10:39:56.724527,d6757000-8dee-5f1e-8e76-d6baf7425557,bf996092-8d66-408a-8d8e-5065ca3330c2,b8edcd70-28bb-4319-af76-e8f8c0a1cd67,Foam Concrete Checklist,active,,a7d76e06-de32-444f-9a2b-be20cd8f0a50,pg.template_type.quality
P6VEMMUUKNDV,2025-05-21 10:39:57.450661,f37eb017-10df-5b3c-ba05-57c4c1a49c50,bf996092-8d66-408a-8d8e-5065ca3330c2,b8edcd70-28bb-4319-af76-e8f8c0a1cd67,Anchor Drilling,active,098e4064-7bca-41d8-8386-5c7435111eed,,pg.template_type.quality
P6VEMMUUKNDV,2025-05-21 10:39:57.526936,7d7f7d42-4898-51a1-ba0b-58e1704654f8,bf996092-8d66-408a-8d8e-5065ca3330c2,b8edcd70-28bb-4319-af76-e8f8c0a1cd67,Bore Hole Checklist,active,,31c14abe-ac97-4004-8957-2b28f8a8b731,pg.template_type.quality
P6VEMMUUKNDV,2025-05-21 10:39:59.02088,58efbd5b-e320-5257-8b73-9945f526ee87,bf996092-8d66-408a-8d8e-5065ca3330c2,b8edcd70-28bb-4319-af76-e8f8c0a1cd67,Monthly Incident Investigation,active,24185438-16af-46c2-b440-00da4c3d4c8e,,pg.template_type.safety
P6VEMMUUKNDV,2025-05-21 10:39:59.731374,da869c35-5d3d-5a1f-92cd-754252466351,bf996092-8d66-408a-8d8e-5065ca3330c2,b8edcd70-28bb-4319-af76-e8f8c0a1cd67,Anchor Grouting,active,0431b5ae-d4f6-404a-9248-3a2685e32a6f,,pg.template_type.quality
P6VEMMUUKNDV,2025-05-21 10:40:00.336112,462ce564-3ad0-5f01-9a4f-ab7219ef1bcf,bf996092-8d66-408a-8d8e-5065ca3330c2,b8edcd70-28bb-4319-af76-e8f8c0a1cd67,Monitoring For Scaffolding Checklist,active,,9942787f-ee92-4b2b-bcfd-ae5e9a3a77a5,pg.template_type.safety
P6VEMMUUKNDV,2025-05-21 10:40:01.788428,bd7e0420-7528-566b-b841-34630584545f,bf996092-8d66-408a-8d8e-5065ca3330c2,b8edcd70-28bb-4319-af76-e8f8c0a1cd67,Primary Incident Report Checklist,active,,45efd2bd-d9b5-4bd2-ac3b-20a1588951b9,pg.template_type.safety
P6VEMMUUKNDV,2025-05-21 10:40:03.224911,005c7aed-fae1-5210-92b6-1133ba165087,bf996092-8d66-408a-8d8e-5065ca3330c2,b8edcd70-28bb-4319-af76-e8f8c0a1cd67,Lifts - Other Cut-Outs Dimensions Checklist,active,cedcb505-6a7e-4b1d-b147-46ab9deb1232,,pg.template_type.quality
P6VEMMUUKNDV,2025-05-21 10:40:04.986879,d49efa1a-6813-5b8d-bb33-33a8658c5fde,bf996092-8d66-408a-8d8e-5065ca3330c2,b8edcd70-28bb-4319-af76-e8f8c0a1cd67,Monitoring For Equipment/ Vehicles Fitness Checklist,active,,cfdf307e-01ad-4bd2-8d9b-9941b94ce78e,pg.template_type.safety
P6VEMMUUKNDV,2025-05-21 10:40:08.030748,b35f908c-a14f-55a7-a852-08541ddec9c7,bf996092-8d66-408a-8d8e-5065ca3330c2,b8edcd70-28bb-4319-af76-e8f8c0a1cd67,Anchor Acceptance Test Trial Anchor,active,3382331d-91e8-4e94-8e94-6edc0582daed,,pg.template_type.quality
P6VEMMUUKNDV,2025-05-21 10:40:08.450869,dbeaf4da-b01a-5186-af57-4c73e8c34d16,bf996092-8d66-408a-8d8e-5065ca3330c2,b8edcd70-28bb-4319-af76-e8f8c0a1cd67,SS Railing Work Checklist (Balcony / Staircase),active,,18d67e47-e18b-4d48-b693-0910d8f6295a,pg.template_type.quality
P6VEMMUUKNDV,2025-05-21 10:40:09.170873,d6b3205f-984f-5d93-aad4-143e72d32685,bf996092-8d66-408a-8d8e-5065ca3330c2,b8edcd70-28bb-4319-af76-e8f8c0a1cd67,Guide Wall Pour Card Checklist,active,,ede83aa6-fb91-45c2-adb3-ae0c24458f98,pg.template_type.quality
P6VEMMUUKNDV,2025-05-21 10:40:10.498654,15dcad4f-a292-572e-a972-5d070d3e9060,bf996092-8d66-408a-8d8e-5065ca3330c2,b8edcd70-28bb-4319-af76-e8f8c0a1cd67,Monitoring For Operations Of Power Hand Tool & Other Equipment Checklist,active,,d95ef69c-467d-4cce-9eb8-f091c8c7b542,pg.template_type.safety
P6VEMMUUKNDV,2025-05-21 10:40:10.940676,b6414e52-9616-52d2-a116-de6d3b23d103,bf996092-8d66-408a-8d8e-5065ca3330c2,b8edcd70-28bb-4319-af76-e8f8c0a1cd67,Concrete Placement Record,active,bd0b4f19-8894-4615-ad81-131d9cf00bb3,,pg.template_type.quality
P6VEMMUUKNDV,2025-05-21 10:40:17.383322,f656f5d1-43de-5d0c-a34e-36c07e220410,bf996092-8d66-408a-8d8e-5065ca3330c2,b8edcd70-28bb-4319-af76-e8f8c0a1cd67,Pour Card Checklist,active,,84928b33-35ec-4c7f-a6ea-96a4552c91c3,pg.template_type.quality
P6VEMMUUKNDV,2025-06-27 05:40:59.163646,43917009-7985-577f-8374-b3a0a938128c,bf996092-8d66-408a-8d8e-5065ca3330c2,f6ab14eb-1a66-4ea5-8a0f-0afbda444403,Cable Tray Work Checklist,active,,2ea9d7fc-91fe-4036-b6b5-63f4ca2baffc,pg.template_type.quality
P6VEMMUUKNDV,2025-06-27 05:51:55.539142,5aa70c5f-5f8b-5263-a39a-b51b4acf5457,bf996092-8d66-408a-8d8e-5065ca3330c2,f6ab14eb-1a66-4ea5-8a0f-0afbda444403,SS Railing Work Checklist (Balcony / Staircase),active,,a46d10a5-c55e-4d3f-af0c-9f0ddf2c1fd5,pg.template_type.quality
P6VEMMUUKNDV,2025-06-27 06:15:15.617006,bfec661a-7e90-5228-9e55-bbe47b7f4dcf,bf996092-8d66-408a-8d8e-5065ca3330c2,f6ab14eb-1a66-4ea5-8a0f-0afbda444403,Brick Masonry Checklist,active,,6218e067-afae-4a3c-a418-f7cf7f1f16e7,pg.template_type.quality
P6VEMMUUKNDV,2025-06-27 05:35:17.405844,1c7e1a78-8820-5c65-bc6e-474d3f342a3a,bf996092-8d66-408a-8d8e-5065ca3330c2,f6ab14eb-1a66-4ea5-8a0f-0afbda444403,Panel & Distribution Board (DB) Works  Checklist,active,,e1d5f8a0-06ba-445c-945e-562d14144d23,pg.template_type.quality
P6VEMMUUKNDV,2025-06-27 05:37:35.978687,f5b24a02-921e-58cd-ab1c-fc0eb1cb83ac,bf996092-8d66-408a-8d8e-5065ca3330c2,f6ab14eb-1a66-4ea5-8a0f-0afbda444403,Joinery Work Checklist,active,,7283f3d5-cbf5-4fda-abfb-82db95a62de5,pg.template_type.quality
P6VEMMUUKNDV,2025-06-27 05:21:19.609383,594dad8e-bcb9-5169-875b-c04daa8c2473,bf996092-8d66-408a-8d8e-5065ca3330c2,f6ab14eb-1a66-4ea5-8a0f-0afbda444403,Permit For Excavation Work Checklist,active,,96694df8-61b4-4714-b121-18becda865e1,pg.template_type.safety
P6VEMMUUKNDV,2025-06-27 05:39:00.257405,aaddbc73-a36c-543d-9c5c-f7f91540689a,bf996092-8d66-408a-8d8e-5065ca3330c2,f6ab14eb-1a66-4ea5-8a0f-0afbda444403,Earthing Work Checklist,active,,90baa880-a8b2-4f14-a991-b3d47f6104d9,pg.template_type.quality
P6VEMMUUKNDV,2025-06-27 05:44:50.366705,30cb0f21-d1ef-5c9c-9000-30e55c5d3f5b,bf996092-8d66-408a-8d8e-5065ca3330c2,f6ab14eb-1a66-4ea5-8a0f-0afbda444403,Waterproofing Checklist (Balcony Sunken),active,,ed914d2c-5e64-4466-b73d-e654c63ae717,pg.template_type.quality
P6VEMMUUKNDV,2025-06-27 05:36:36.533142,363b469d-91ad-5a27-b694-358d0669e7da,bf996092-8d66-408a-8d8e-5065ca3330c2,f6ab14eb-1a66-4ea5-8a0f-0afbda444403,Lighting & Switching Works Checklist,active,,2f104139-759e-4413-956b-717a46181267,pg.template_type.quality
P6VEMMUUKNDV,2025-06-27 05:40:23.831738,70b1137f-d9ba-591d-88f0-b136d55ac458,bf996092-8d66-408a-8d8e-5065ca3330c2,f6ab14eb-1a66-4ea5-8a0f-0afbda444403,Cable Work Checklist,active,,b2512f11-f327-4110-9a6d-04ecb46eae6d,pg.template_type.quality
P6VEMMUUKNDV,2025-06-27 05:19:41.29203,e4170e6c-09a1-5a3c-b217-e4af24428218,bf996092-8d66-408a-8d8e-5065ca3330c2,f6ab14eb-1a66-4ea5-8a0f-0afbda444403,Permit For Working At Height Checklist,active,,d13beac8-7b9e-44ab-aece-a62a36123712,pg.template_type.safety
P6VEMMUUKNDV,2025-06-27 06:17:57.730278,611cdc3c-e696-54a0-aedd-bb5688615e68,bf996092-8d66-408a-8d8e-5065ca3330c2,f6ab14eb-1a66-4ea5-8a0f-0afbda444403,Permit for Confined Space Work Checklist,active,,e67cfc78-8489-4323-bdeb-e3c5bca5a8a0,pg.template_type.safety
P6VEMMUUKNDV,2025-06-27 06:15:43.357428,bd30784d-81bc-5f03-8c2c-4df85fda4c27,bf996092-8d66-408a-8d8e-5065ca3330c2,f6ab14eb-1a66-4ea5-8a0f-0afbda444403,Backfilling Checklist,active,,2775f108-ec6f-423c-aa9d-ac20f7a4f096,pg.template_type.quality
P6VEMMUUKNDV,2025-06-27 05:34:41.111675,9f812db3-c736-51dc-9410-6844ccacf8ac,bf996092-8d66-408a-8d8e-5065ca3330c2,f6ab14eb-1a66-4ea5-8a0f-0afbda444403,Plumbing Work Checklist,active,,940561fe-5e45-4eb4-861f-920607117e16,pg.template_type.quality
P6VEMMUUKNDV,2025-06-27 06:14:38.990839,87fe705a-ecd1-53a3-a5ab-979396ad951d,bf996092-8d66-408a-8d8e-5065ca3330c2,f6ab14eb-1a66-4ea5-8a0f-0afbda444403, Door Windows Checklist,active,,ff5cef72-7a18-4a17-bd60-6f6a6750943d,pg.template_type.quality
P6VEMMUUKNDV,2025-06-27 06:17:32.369015,ed54b921-fd06-5b75-afe4-55c2ebcc592f,bf996092-8d66-408a-8d8e-5065ca3330c2,f6ab14eb-1a66-4ea5-8a0f-0afbda444403,AAC Block Masonry Checklist,active,,e8598a5a-0d18-403d-a38d-87d744c59523,pg.template_type.quality
P6VEMMUUKNDV,2025-06-27 06:12:31.507336,9bf007bf-a862-5869-aec5-a0948269879c,bf996092-8d66-408a-8d8e-5065ca3330c2,f6ab14eb-1a66-4ea5-8a0f-0afbda444403,Expansion Joint Treatment Checklist,active,,17c75f6e-b200-4709-9f1e-b53199dbf76e,pg.template_type.quality
P6VEMMUUKNDV,2025-06-27 05:49:15.480282,e1b913b0-070c-5acc-8d48-03cf490a3aef,bf996092-8d66-408a-8d8e-5065ca3330c2,f6ab14eb-1a66-4ea5-8a0f-0afbda444403,Tile Flooring Checklist (Vitrified/Ceramic),active,,ca8179a0-bae3-469b-81aa-acb910d861cb,pg.template_type.quality
P6VEMMUUKNDV,2025-06-27 07:48:38.977993,c0f5e390-6848-5b5a-b0c2-209d931e59f0,bf996092-8d66-408a-8d8e-5065ca3330c2,f6ab14eb-1a66-4ea5-8a0f-0afbda444403,Anchor Drilling,active,ee379bfd-f175-4bd4-abde-9d4d0633707c,,pg.template_type.quality
P6VEMMUUKNDV,2025-06-27 05:59:27.817742,6aff349e-d051-5342-8b33-12e482ced082,bf996092-8d66-408a-8d8e-5065ca3330c2,f6ab14eb-1a66-4ea5-8a0f-0afbda444403,Paint Work Checklist,active,,c3647ddd-dda4-481e-822e-3cb19bf5010a,pg.template_type.quality
P6VEMMUUKNDV,2025-06-27 06:16:21.521743,a881188b-7f25-5741-a58e-e99956e5b846,bf996092-8d66-408a-8d8e-5065ca3330c2,f6ab14eb-1a66-4ea5-8a0f-0afbda444403,Anti-Termite Treatment Checklist,active,,81399fbb-418d-41a7-be50-5aa65464a5fb,pg.template_type.quality
P6VEMMUUKNDV,2025-06-27 07:50:12.165019,a2f618c4-0332-5ac4-ad43-67c0ec375699,bf996092-8d66-408a-8d8e-5065ca3330c2,f6ab14eb-1a66-4ea5-8a0f-0afbda444403,Anchor Grouting,active,d202186a-29e6-4ca8-9c29-d685313f2917,,pg.template_type.quality
P6VEMMUUKNDV,2025-06-27 05:46:32.238107,e5894aec-99ba-5406-ba24-bf8fc52e55e2,bf996092-8d66-408a-8d8e-5065ca3330c2,f6ab14eb-1a66-4ea5-8a0f-0afbda444403,VD Flooring Checklist,active,,b533a179-e963-472e-994f-b3dfb29143c3,pg.template_type.quality
P6VEMMUUKNDV,2025-06-27 06:08:13.346967,d2c78180-1a55-5be8-9e42-fcbace32ac82,bf996092-8d66-408a-8d8e-5065ca3330c2,f6ab14eb-1a66-4ea5-8a0f-0afbda444403,Foam Concrete Checklist,active,,2b1b8cd5-9cea-4269-a81b-97571667071e,pg.template_type.quality
P6VEMMUUKNDV,2025-06-27 07:54:34.974909,bf2421bc-81ec-5aa3-80c7-820f64da6803,bf996092-8d66-408a-8d8e-5065ca3330c2,f6ab14eb-1a66-4ea5-8a0f-0afbda444403,Anchor Bracket Fixing Checklist with fastener,active,39eec67d-4e8a-4000-a79d-6145b3be3e32,,pg.template_type.quality
P6VEMMUUKNDV,2025-06-27 05:38:20.581826,6f671fd4-b82d-5882-be6c-e928e380ee80,bf996092-8d66-408a-8d8e-5065ca3330c2,f6ab14eb-1a66-4ea5-8a0f-0afbda444403,GI Box Work Checklist,active,,731c65ff-a88f-46d2-b85e-8f034be62e16,pg.template_type.quality
P6VEMMUUKNDV,2025-06-27 05:42:31.751003,93c08a25-e0f4-506a-be3e-2756aa70bf5c,bf996092-8d66-408a-8d8e-5065ca3330c2,f6ab14eb-1a66-4ea5-8a0f-0afbda444403,Wood Work Checklist,active,,7d3cb15f-6197-4bdf-a059-bb5065ae82f3,pg.template_type.quality
P6VEMMUUKNDV,2025-06-27 06:01:24.908875,f63078a3-fcbb-5f55-a9f7-e6bc85b9df33,bf996092-8d66-408a-8d8e-5065ca3330c2,f6ab14eb-1a66-4ea5-8a0f-0afbda444403,Marble Flooring Checklist,active,,5ad24b81-1bb0-4c1a-ac43-4e62c93aaa20,pg.template_type.quality
P6VEMMUUKNDV,2025-06-27 07:53:31.867263,7bd88332-f935-5502-b5af-c4db52a01900,bf996092-8d66-408a-8d8e-5065ca3330c2,f6ab14eb-1a66-4ea5-8a0f-0afbda444403,Lifts - Other Cut-Outs Dimensions Checklist,active,45448830-5585-4cba-9770-3f7933051ff6,,pg.template_type.quality
P6VEMMUUKNDV,2025-06-27 07:54:34.306886,4bf395d2-deb6-5495-8b73-0f2ad29ab78d,bf996092-8d66-408a-8d8e-5065ca3330c2,f6ab14eb-1a66-4ea5-8a0f-0afbda444403,Pour Card Checklist,active,,203987fe-0ec8-4c27-abbf-df4e05d54f94,pg.template_type.quality
P6VEMMUUKNDV,2025-06-27 06:03:10.671166,b775f8ee-6bb1-5f05-929e-f3486a90f782,bf996092-8d66-408a-8d8e-5065ca3330c2,f6ab14eb-1a66-4ea5-8a0f-0afbda444403,IPS Work Checklist,active,,f400920c-8e17-4b1a-8253-d1af990a0883,pg.template_type.quality
P6VEMMUUKNDV,2025-06-27 06:04:11.487236,15e5df2e-b627-535d-bf96-877703c2592c,bf996092-8d66-408a-8d8e-5065ca3330c2,f6ab14eb-1a66-4ea5-8a0f-0afbda444403,Internal Plaster Checklist,active,,8b3c680c-224e-489e-b175-b151e852c870,pg.template_type.quality
P6VEMMUUKNDV,2025-06-27 06:05:01.41679,3b6d7777-6f5c-55bc-8fa6-dbcdef6a1a07,bf996092-8d66-408a-8d8e-5065ca3330c2,f6ab14eb-1a66-4ea5-8a0f-0afbda444403,GRC Works Checklist,active,,89815679-f000-450c-ac34-afcef72c60f1,pg.template_type.quality
P6VEMMUUKNDV,2025-06-27 06:09:36.759423,ab4d09f7-e446-5f95-a460-16129f84d1b9,bf996092-8d66-408a-8d8e-5065ca3330c2,f6ab14eb-1a66-4ea5-8a0f-0afbda444403,False Ceiling Checklist,active,,56e6b2a8-84f4-4d4a-a16c-36ed52b9bfcd,pg.template_type.quality
P6VEMMUUKNDV,2025-06-27 07:54:34.788243,0b3fb848-f53b-5681-97a7-1c7318797e0a,bf996092-8d66-408a-8d8e-5065ca3330c2,f6ab14eb-1a66-4ea5-8a0f-0afbda444403,Guide Wall Pour Card Checklist,active,,6a90bb46-a70e-4742-b7a5-b6fcb738c4a0,pg.template_type.quality
P6VEMMUUKNDV,2025-06-27 07:54:35.20484,12ef550b-d221-58e4-a963-d0739a55a2a0,bf996092-8d66-408a-8d8e-5065ca3330c2,f6ab14eb-1a66-4ea5-8a0f-0afbda444403,Bore Hole Checklist,active,,d7bcf80d-3146-4aaf-8a74-d8b376de0e94,pg.template_type.quality
P6VEMMUUKNDV,2025-06-27 05:39:44.308069,20e401df-9ec9-5653-87cb-ffc651705639,bf996092-8d66-408a-8d8e-5065ca3330c2,f6ab14eb-1a66-4ea5-8a0f-0afbda444403,Conduiting Work Checklist,active,,804a779e-6e19-4cea-9bb9-a204f0015761,pg.template_type.quality
P6VEMMUUKNDV,2025-07-10 10:01:41.839753,422bf8d2-f387-5c19-858c-fc25879d3baa,bf996092-8d66-408a-8d8e-5065ca3330c2,f6ab14eb-1a66-4ea5-8a0f-0afbda444403,Routine Test Checklist,active,f3aa2de7-3cde-40ff-bf3f-bdf240fed351,,pg.template_type.quality
P6VEMMUUKNDV,2025-06-27 05:58:38.575573,0abcde40-b1f4-57da-aec2-e45a991978be,bf996092-8d66-408a-8d8e-5065ca3330c2,f6ab14eb-1a66-4ea5-8a0f-0afbda444403,Pavement Quality Concrete Checklist (PQC),active,,29749fbf-fdbc-48a2-958f-5c1b168d39c0,pg.template_type.quality
P6VEMMUUKNDV,2025-06-27 06:10:39.56906,544effa5-15e8-5a63-8548-4b9df7a9248f,bf996092-8d66-408a-8d8e-5065ca3330c2,f6ab14eb-1a66-4ea5-8a0f-0afbda444403,External Plaster Checklist,active,,6b3527cf-89c0-4ad2-bdb3-43cbdf7228d2,pg.template_type.quality
P6VEMMUUKNDV,2025-06-27 06:13:08.762528,4aef6267-cc55-5944-9436-46dfbbcca512,bf996092-8d66-408a-8d8e-5065ca3330c2,f6ab14eb-1a66-4ea5-8a0f-0afbda444403,Excavation Checklist,active,,b58d6ebd-dd1f-439d-a9f9-26e7f5468b0d,pg.template_type.quality
P6VEMMUUKNDV,2025-06-27 07:53:03.704749,f34fe71d-4c34-5973-97b2-c97f1c24fdeb,bf996092-8d66-408a-8d8e-5065ca3330c2,f6ab14eb-1a66-4ea5-8a0f-0afbda444403,D-Wall Grabbing,active,cd64183d-1060-47be-882b-6c91858ccc63,,pg.template_type.quality
P6VEMMUUKNDV,2025-06-27 07:54:35.188149,00ecad15-60f1-541a-ac6e-e4bbb5fc8321,bf996092-8d66-408a-8d8e-5065ca3330c2,f6ab14eb-1a66-4ea5-8a0f-0afbda444403,Concrete Placement Record,active,166282e1-f03b-46c5-bcfd-d75d8b9e6bb2,,pg.template_type.quality
P6VEMMUUKNDV,2025-06-27 05:43:57.879241,beff3bc8-69b4-58bf-911a-5934bfc12ccb,bf996092-8d66-408a-8d8e-5065ca3330c2,f6ab14eb-1a66-4ea5-8a0f-0afbda444403,Waterproofing Checklist (Terrace),active,,1e3da65a-8c7e-4cd6-96f8-e4dd22b91d89,pg.template_type.quality
P6VEMMUUKNDV,2025-06-27 06:13:56.781324,504f5ee8-bff9-5221-902b-1ae4941393bb,bf996092-8d66-408a-8d8e-5065ca3330c2,f6ab14eb-1a66-4ea5-8a0f-0afbda444403,Dry Lean Concrete Checklist (DLC),active,,6197e49c-2ade-4b29-8d9f-4e7db0b8979b,pg.template_type.quality
P6VEMMUUKNDV,2025-06-27 06:11:40.100843,3b56eb90-26d2-5c58-8ed5-832193abdad8,bf996092-8d66-408a-8d8e-5065ca3330c2,f6ab14eb-1a66-4ea5-8a0f-0afbda444403, External Glazing Checklist,active,,2cf9e9ef-0857-4c65-b20e-d9b4d0fc4e25,pg.template_type.quality
P6VEMMUUKNDV,2025-06-27 05:07:57.76261,af777e2f-3d1d-57b2-870f-e15bdc50d0a6,bf996092-8d66-408a-8d8e-5065ca3330c2,f6ab14eb-1a66-4ea5-8a0f-0afbda444403,Monitoring Of DG Set Checklist,active,,2fef5e9f-a9e8-4f06-ae36-5bc7242c8d7d,pg.template_type.safety
P6VEMMUUKNDV,2025-06-27 07:48:21.217072,f071c7ed-d9de-5c34-8ade-f8a672fe2e6a,bf996092-8d66-408a-8d8e-5065ca3330c2,f6ab14eb-1a66-4ea5-8a0f-0afbda444403,Anchor Acceptance Test Trial Anchor,active,4b94681c-c524-4f84-9db9-c45dc07f4590,,pg.template_type.quality
P6VEMMUUKNDV,2025-06-13 10:51:30.226999,17191b0e-1fb7-5743-83ea-9e4500a8b361,bf996092-8d66-408a-8d8e-5065ca3330c2,f6ab14eb-1a66-4ea5-8a0f-0afbda444403,Tool Box Talk,active,1252e427-837b-4362-9e90-125009126884,,pg.template_type.safety
P6VEMMUUKNDV,2025-06-27 05:08:36.766151,146d39c1-b6bc-5a78-8feb-e095f0a87a4e,bf996092-8d66-408a-8d8e-5065ca3330c2,f6ab14eb-1a66-4ea5-8a0f-0afbda444403,Monitoring For Scaffolding Checklist,active,,a4251dec-bfdd-4475-862b-d2f590cce4e9,pg.template_type.safety
P6VEMMUUKNDV,2025-06-27 05:16:15.402645,e20ce2e3-d00b-528b-99f3-5b689cd19d57,bf996092-8d66-408a-8d8e-5065ca3330c2,f6ab14eb-1a66-4ea5-8a0f-0afbda444403,Monitoring For Excavation Checklist,active,,7fac1fbe-75d2-4bd5-bea8-197a9ee16cd2,pg.template_type.safety
P6VEMMUUKNDV,2025-06-13 10:51:29.734171,65713a1b-b79d-5f4b-8be0-91b9b769ec6b,bf996092-8d66-408a-8d8e-5065ca3330c2,f6ab14eb-1a66-4ea5-8a0f-0afbda444403,Monthly Incident Investigation,active,46376bea-75e6-47f1-af39-ea7ecd6517a2,,pg.template_type.safety
P6VEMMUUKNDV,2025-06-27 05:18:32.952038,e60017fe-01d2-5dad-b156-8086721ab7b4,bf996092-8d66-408a-8d8e-5065ca3330c2,f6ab14eb-1a66-4ea5-8a0f-0afbda444403,Permit For Working At Night Checklist,active,,c6e380e4-9768-42ee-bda3-2f63f5a8a811,pg.template_type.safety
P6VEMMUUKNDV,2025-06-27 05:35:55.330912,2edcf06a-8fe0-53a8-a151-9c81da11effc,bf996092-8d66-408a-8d8e-5065ca3330c2,f6ab14eb-1a66-4ea5-8a0f-0afbda444403,MV Panel Work Checklist,active,,d705d7c6-9639-4517-96f0-933585fcb5b2,pg.template_type.quality
P6VEMMUUKNDV,2025-06-27 05:06:55.711255,65c6f5dd-79a8-5a7e-8a48-b0086ce1e787,bf996092-8d66-408a-8d8e-5065ca3330c2,f6ab14eb-1a66-4ea5-8a0f-0afbda444403,Primary Incident Report Checklist,active,,d6f77a89-6551-4984-9f0b-7abf42cfb184,pg.template_type.safety
P6VEMMUUKNDV,2025-06-27 05:09:21.998688,a7159696-5de2-5991-b98e-a5fff867ba2e,bf996092-8d66-408a-8d8e-5065ca3330c2,f6ab14eb-1a66-4ea5-8a0f-0afbda444403,Monitoring For Personal Protective Equipment Checklist,active,,9972133e-f3cc-4499-9d92-8d047eb2def6,pg.template_type.safety
P6VEMMUUKNDV,2025-06-27 05:10:54.616241,5a5c0b04-f00c-5844-9e86-93236e0458b6,bf996092-8d66-408a-8d8e-5065ca3330c2,f6ab14eb-1a66-4ea5-8a0f-0afbda444403,Monitoring For Mobile Crane Operation Checklist,active,,e915a20c-a8ca-4a01-8d7a-ec8a4069446d,pg.template_type.safety
P6VEMMUUKNDV,2025-06-27 05:17:00.248501,cc93d56c-bfac-5146-b4f2-3eac0abf5cc4,bf996092-8d66-408a-8d8e-5065ca3330c2,f6ab14eb-1a66-4ea5-8a0f-0afbda444403,Monitoring For Equipment/ Vehicles Fitness Checklist,active,,74d0baf5-5d50-40d5-94f8-e7335d0a0228,pg.template_type.safety
P6VEMMUUKNDV,2025-05-21 11:29:32.406374,ff25700e-f665-4ac0-a809-288be06ee435,bf996092-8d66-408a-8d8e-5065ca3330c2,2407fb98-b0ae-4470-944d-73b14ccc6347,(Sample) Daily Safety Inspection,active,658702e3-2dfe-4843-a07a-52144aa5ce5f,,pg.template_type.safety
P6VEMMUUKNDV,2025-05-21 11:29:32.549993,19107552-46e0-4f0a-9fe5-0c063087f2ef,bf996092-8d66-408a-8d8e-5065ca3330c2,2407fb98-b0ae-4470-944d-73b14ccc6347,(Sample) Job Hazard Analysis,active,b47a005d-ca9d-432d-b42f-41e4a3a84331,,pg.template_type.safety
P6VEMMUUKNDV,2025-05-21 11:29:32.685673,288f0c89-bc04-4581-8bbf-c2eb5de0140f,bf996092-8d66-408a-8d8e-5065ca3330c2,2407fb98-b0ae-4470-944d-73b14ccc6347,(Sample) Time Sheet,active,01da3842-cf92-4304-a554-2b7e79781631,,pg.template_type.time_sheet
P6VEMMUUKNDV,2025-05-21 11:29:32.874028,04ecf9e0-e0d5-4023-87b8-a688054ac0e0,bf996092-8d66-408a-8d8e-5065ca3330c2,2407fb98-b0ae-4470-944d-73b14ccc6347,(Sample) Daily Report,active,,b69f54b3-b10c-4584-9320-c7a0be5dd9e6,pg.template_type.daily_report
V9Q2X946QA52XTJG,2025-07-29 04:30:17.585596,9bae37f6-bc89-5934-b86a-34e8a210591f,bf996092-8d66-408a-8d8e-5065ca3330c2,f679f4cf-c089-4a2b-9b84-b14129630601,Anchor Grouting,active,3fcfac4a-2cff-45a4-b1ce-2e4e5e36b8ff,,pg.template_type.quality
BNH27VPVJQZ2H9MH,2025-04-24 09:04:12.026456,5be4ed99-4bba-52ea-bb32-611d73d30dab,bf996092-8d66-408a-8d8e-5065ca3330c2,ada6015d-9fce-4f2c-b20f-fc9122d2face,GRC Works Checklist,active,,eed4eafd-9493-4e3d-8359-74f9f56558de,pg.template_type.quality
P6VEMMUUKNDV,2025-02-10 11:53:11.443451,9c3cf071-a2e4-4ec9-a4b0-23a080ff2f69,bf996092-8d66-408a-8d8e-5065ca3330c2,1b9ab417-1b67-460b-a854-2e443d5b6f4f,(Sample) Daily Safety Inspection,active,d6a597f1-6ddf-41bc-9ebb-57022a72f6be,,pg.template_type.safety
P6VEMMUUKNDV,2025-02-10 11:53:11.58763,6e08e08c-08d4-4530-b9f7-f24942057b40,bf996092-8d66-408a-8d8e-5065ca3330c2,1b9ab417-1b67-460b-a854-2e443d5b6f4f,(Sample) Job Hazard Analysis,active,df9d1ebb-d49b-4ab7-9c0b-83a925eb75f7,,pg.template_type.safety
P6VEMMUUKNDV,2025-02-10 11:53:11.728225,02e1eff8-8c3e-446e-94b6-781d84c0f856,bf996092-8d66-408a-8d8e-5065ca3330c2,1b9ab417-1b67-460b-a854-2e443d5b6f4f,(Sample) Time Sheet,active,568cbc5c-3df8-4518-b6f2-6560f33e6ae5,,pg.template_type.time_sheet
P6VEMMUUKNDV,2025-02-10 11:53:11.923662,dc344883-9ed0-46f8-b823-a9af2ec2d803,bf996092-8d66-408a-8d8e-5065ca3330c2,1b9ab417-1b67-460b-a854-2e443d5b6f4f,(Sample) Daily Report,active,,b6ac6afb-e7bb-463f-94b1-ddfeb9d2d484,pg.template_type.daily_report
BNH27VPVJQZ2H9MH,2025-04-28 05:53:53.763377,4f4f7873-d6c3-5f7b-beca-82ae23cba5d4,bf996092-8d66-408a-8d8e-5065ca3330c2,ada6015d-9fce-4f2c-b20f-fc9122d2face,Wood Work Checklist,active,,8ac10c86-4de8-48aa-ad6e-7a64ceda4a02,pg.template_type.quality
BNH27VPVJQZ2H9MH,2025-04-28 11:04:52.461643,aad401c6-6518-50ad-a1a8-5a9cb3fd3137,bf996092-8d66-408a-8d8e-5065ca3330c2,ada6015d-9fce-4f2c-b20f-fc9122d2face,Monitoring For Excavation Checklist,active,,f719eb55-8af8-4c53-a55c-f1caa853d54a,pg.template_type.safety
BNH27VPVJQZ2H9MH,2025-04-28 11:13:36.603,4edaa2ee-5ea3-5f2a-8b92-46a8f5b2cf1d,bf996092-8d66-408a-8d8e-5065ca3330c2,ada6015d-9fce-4f2c-b20f-fc9122d2face,Monitoring For Machine Safeguarding Checklist,active,,03d130fe-f227-49c3-99f3-8aa3d147f79c,pg.template_type.safety
BNH27VPVJQZ2H9MH,2025-04-28 10:49:15.287012,d7bee0e1-17ef-547c-9fa4-c34d42b416e7,bf996092-8d66-408a-8d8e-5065ca3330c2,ada6015d-9fce-4f2c-b20f-fc9122d2face,Monitoring For Hot Works Checklist,deleted,,232d1f8f-86c2-407d-8e12-969bf37e25f4,pg.template_type.safety
BNH27VPVJQZ2H9MH,2025-04-29 09:05:22.820352,ccce2172-60d5-56de-aa31-e084eeb59dcc,bf996092-8d66-408a-8d8e-5065ca3330c2,ada6015d-9fce-4f2c-b20f-fc9122d2face,Permit for Hot Works Checklist,active,,fdbd54ad-ccdf-4010-9f1c-ba5650fcdabe,pg.template_type.safety
BNH27VPVJQZ2H9MH,2025-04-28 12:52:13.389155,628f5905-e2c5-50b2-8ab9-3a6f3bc476be,bf996092-8d66-408a-8d8e-5065ca3330c2,ada6015d-9fce-4f2c-b20f-fc9122d2face,Monitoring For Equipment/ Vehicles Fitness Checklist,active,,31e08ff7-998f-4c2e-945f-80503a8f1314,pg.template_type.safety
BNH27VPVJQZ2H9MH,2025-04-28 12:39:56.210377,028cb694-8aa0-5879-912d-f04fcd2f9d22,bf996092-8d66-408a-8d8e-5065ca3330c2,ada6015d-9fce-4f2c-b20f-fc9122d2face,Monitoring For Mobile Crane Operation Checklist,active,,3d45077d-ad4e-45ea-b72d-87096ab1378d,pg.template_type.safety
BNH27VPVJQZ2H9MH,2025-05-07 06:35:44.638459,f1afdd64-507b-5c72-8801-0afef306439a,bf996092-8d66-408a-8d8e-5065ca3330c2,ada6015d-9fce-4f2c-b20f-fc9122d2face,Guide Wall Pour Card Checklist,inactive,,1ffd9552-d1fb-4f2a-9222-aa8c88747276,pg.template_type.quality
P6VEMMUUKNDV,2025-04-29 12:44:15.036791,319a9ae7-13b4-5bd6-ab18-265f1d832e62,bf996092-8d66-408a-8d8e-5065ca3330c2,2f551e7d-05e6-4bfc-8ee1-0ef3a8487c11,(Sample) Job Hazard Analysis,inactive,d0991129-1bb1-45e1-8e86-edb8ddfcac49,,pg.template_type.safety
P6VEMMUUKNDV,2025-04-29 12:44:15.097103,84d1a3bd-cb7c-5c0d-a2f5-c6b88fd1eb3d,bf996092-8d66-408a-8d8e-5065ca3330c2,2f551e7d-05e6-4bfc-8ee1-0ef3a8487c11,(Sample) Time Sheet,inactive,a59aa041-2f20-4198-b6d4-d9af1caa0de6,,pg.template_type.time_sheet
P6VEMMUUKNDV,2025-04-29 12:44:15.175439,ee90636e-9c48-59e1-a005-ebd7d1ea438e,bf996092-8d66-408a-8d8e-5065ca3330c2,2f551e7d-05e6-4bfc-8ee1-0ef3a8487c11,(Sample) Daily Report,inactive,,0527ebae-1651-424a-85ae-5ffeb34ff769,pg.template_type.daily_report
P6VEMMUUKNDV,2025-04-29 12:44:15.270676,de3a5ffc-fcd4-5c3a-9a72-7d1e0cef2027,bf996092-8d66-408a-8d8e-5065ca3330c2,2f551e7d-05e6-4bfc-8ee1-0ef3a8487c11,(Sample) Daily Safety Inspection,inactive,3f45f1aa-7728-4bfe-a2a3-acaf461e0bbc,,pg.template_type.safety
P6VEMMUUKNDV,2025-04-29 12:45:53.669919,56da3f5a-3527-527c-baa6-448f8e6d6220,bf996092-8d66-408a-8d8e-5065ca3330c2,23142979-9fb6-4fd3-bd82-62d7e0add75f,(Sample) Job Hazard Analysis,inactive,6f048841-6ccc-4799-8dbb-fe73265de4fe,,pg.template_type.safety
P6VEMMUUKNDV,2025-04-29 12:45:53.726935,04cc4bac-dd57-5233-b50f-9e6324cb2db5,bf996092-8d66-408a-8d8e-5065ca3330c2,23142979-9fb6-4fd3-bd82-62d7e0add75f,(Sample) Time Sheet,inactive,8efc96d8-87ba-461d-86b6-5d535ad27eec,,pg.template_type.time_sheet
P6VEMMUUKNDV,2025-04-29 12:45:53.997846,fae55cc9-a156-563c-a54a-617d87943a10,bf996092-8d66-408a-8d8e-5065ca3330c2,23142979-9fb6-4fd3-bd82-62d7e0add75f,(Sample) Daily Safety Inspection,inactive,dcb45a4c-0f68-48ec-b38a-bf088a744830,,pg.template_type.safety
P6VEMMUUKNDV,2025-04-29 12:46:05.654852,f1ae90a8-22e9-5749-8278-c3c5286a60f3,bf996092-8d66-408a-8d8e-5065ca3330c2,77d5fb8c-5d83-4fa8-8c81-169306f7a8f7,(Sample) Daily Safety Inspection,inactive,69ad3975-0a46-4571-80a3-8f198d9e1f49,,pg.template_type.safety
P6VEMMUUKNDV,2025-04-29 12:46:05.71713,cb1440fc-c782-5bd8-abf2-00711248c15e,bf996092-8d66-408a-8d8e-5065ca3330c2,77d5fb8c-5d83-4fa8-8c81-169306f7a8f7,(Sample) Job Hazard Analysis,inactive,87106b53-d5dd-4724-95c1-f67781de4571,,pg.template_type.safety
P6VEMMUUKNDV,2025-04-29 12:46:05.779955,1a905e1c-ce05-509c-8979-6228b7c206bc,bf996092-8d66-408a-8d8e-5065ca3330c2,77d5fb8c-5d83-4fa8-8c81-169306f7a8f7,(Sample) Time Sheet,inactive,17f5418a-94bb-4d5b-8336-1f391844abb8,,pg.template_type.time_sheet
P6VEMMUUKNDV,2025-04-29 12:46:05.949933,bc72ab18-d37e-5c0b-a7b7-2b0a44c50b85,bf996092-8d66-408a-8d8e-5065ca3330c2,77d5fb8c-5d83-4fa8-8c81-169306f7a8f7,(Sample) Daily Report,inactive,,b4af2091-2568-47fa-aee7-e436a50cc1f0,pg.template_type.daily_report
BNH27VPVJQZ2H9MH,2025-05-07 06:35:44.787066,85002782-b7d2-55f9-941c-11d63551503d,bf996092-8d66-408a-8d8e-5065ca3330c2,ada6015d-9fce-4f2c-b20f-fc9122d2face,Guide Wall Pour Card Checklist,inactive,,941e315c-9b7e-41fc-97c5-ec723ece5c4c,pg.template_type.quality
V9Q2X946QA52XTJG,2025-06-27 07:30:44.433621,56cb46ca-a01b-574b-bcc7-283ad51ccdb6,bf996092-8d66-408a-8d8e-5065ca3330c2,23142979-9fb6-4fd3-bd82-62d7e0add75f,Dry Lean Concrete Checklist (DLC),active,,4eaf9265-fbcf-448a-bd27-71733a98f82e,pg.template_type.quality
V9Q2X946QA52XTJG,2025-05-07 05:57:56.888502,65ae8680-730a-5ee5-bf26-d33da017e320,bf996092-8d66-408a-8d8e-5065ca3330c2,23142979-9fb6-4fd3-bd82-62d7e0add75f,Bore Hole Checklist,deleted,,eea3ca0b-5cf9-4cbb-8431-a8cac2bd6ce6,pg.template_type.quality
V9Q2X946QA52XTJG,2025-05-07 05:57:57.335926,181e70bb-e887-55e7-a334-57428a2e146d,bf996092-8d66-408a-8d8e-5065ca3330c2,23142979-9fb6-4fd3-bd82-62d7e0add75f,Guide Wall Pour Card Checklist,deleted,,3af6705c-492e-4a53-8176-e564e1855238,pg.template_type.quality
V9Q2X946QA52XTJG,2025-05-07 05:57:57.011892,4245760e-e069-54f1-8748-a55847e77d06,bf996092-8d66-408a-8d8e-5065ca3330c2,23142979-9fb6-4fd3-bd82-62d7e0add75f,Concrete Placement Record,deleted,c6920875-abb3-4f07-b9eb-4be9d5c98681,,pg.template_type.quality
V9Q2X946QA52XTJG,2025-06-27 06:53:56.040864,b6dadee8-27bb-5579-a2a3-c134748cded0,bf996092-8d66-408a-8d8e-5065ca3330c2,23142979-9fb6-4fd3-bd82-62d7e0add75f,GI Box Work Checklist,active,,f204ac3b-e988-480d-ad43-d7a34810f54b,pg.template_type.quality
V9Q2X946QA52XTJG,2025-06-27 06:37:26.105437,317967e8-e53b-5ab8-b927-b014354f7904,bf996092-8d66-408a-8d8e-5065ca3330c2,23142979-9fb6-4fd3-bd82-62d7e0add75f,Monitoring For Excavation Checklist,active,,2b9cd822-ccbc-4365-94cd-f7219abafc5e,pg.template_type.safety
V9Q2X946QA52XTJG,2025-07-01 11:24:01.743646,ef3f7b98-fc55-5a6e-a762-e1730b0f6c9d,bf996092-8d66-408a-8d8e-5065ca3330c2,967e785d-d83c-490b-8d6a-2ed926c956ac,Joinery Work Checklist,active,,2482fa7a-d278-4778-b8df-5e4f99022b34,pg.template_type.quality
V9Q2X946QA52XTJG,2025-06-26 10:25:53.456019,b7e0a559-2506-5f9e-9bf6-b5d0f99e0392,bf996092-8d66-408a-8d8e-5065ca3330c2,967e785d-d83c-490b-8d6a-2ed926c956ac,Monitoring For Excavation Checklist,active,,aab911ec-ca09-4a43-a0fa-e1121c6f4066,pg.template_type.safety
V9Q2X946QA52XTJG,2025-06-26 10:12:44.543855,23d5380f-91ee-51f7-946b-a169594eca7e,bf996092-8d66-408a-8d8e-5065ca3330c2,967e785d-d83c-490b-8d6a-2ed926c956ac,Primary Incident Report Checklist,active,,ed51c7e1-869c-42e7-84d0-4e0968ab87aa,pg.template_type.safety
V9Q2X946QA52XTJG,2025-06-26 10:14:12.127374,4a38d4a6-d9f6-5fd8-a8f4-de149bc7e08d,bf996092-8d66-408a-8d8e-5065ca3330c2,967e785d-d83c-490b-8d6a-2ed926c956ac,Monitoring Of DG Set Checklist,active,,36c75f8e-144e-4e0c-b3ad-57c6f12a8be3,pg.template_type.safety
V9Q2X946QA52XTJG,2025-06-26 12:17:40.197057,4e5f13c2-be84-5c86-9b90-28d8d9bfb986,bf996092-8d66-408a-8d8e-5065ca3330c2,f679f4cf-c089-4a2b-9b84-b14129630601,Anti-Termite Treatment Checklist,active,,e329a53d-95b2-4c32-8da6-0c813747e944,pg.template_type.quality
V9Q2X946QA52XTJG,2025-06-26 11:22:19.31636,bed83a07-9aa1-55f8-9e7c-a465b8571360,bf996092-8d66-408a-8d8e-5065ca3330c2,f679f4cf-c089-4a2b-9b84-b14129630601,Conduiting Work Checklist,active,,9183211c-0a65-4f39-bc08-0e206068b6b1,pg.template_type.quality
V9Q2X946QA52XTJG,2025-06-26 11:18:52.085572,58255a4a-7531-5f7b-af9a-e5b2eef1f22a,bf996092-8d66-408a-8d8e-5065ca3330c2,f679f4cf-c089-4a2b-9b84-b14129630601,Lighting & Switching Works Checklist,active,,aa1f7acb-182f-42b0-874a-779514015698,pg.template_type.quality
V9Q2X946QA52XTJG,2025-06-26 11:18:09.536811,704965d8-4465-5686-82f5-1c9cd7243fce,bf996092-8d66-408a-8d8e-5065ca3330c2,f679f4cf-c089-4a2b-9b84-b14129630601,MV Panel Work Checklist,active,,088d7e6b-d736-4821-8f8c-fcb5094e23af,pg.template_type.quality
V9Q2X946QA52XTJG,2025-05-16 07:34:18.209855,8bd0ce3c-dc68-54b3-ae01-2b8388069f48,bf996092-8d66-408a-8d8e-5065ca3330c2,f679f4cf-c089-4a2b-9b84-b14129630601,Pour Card Checklist,inactive,,98f7391d-3b17-44c7-9eb9-121f5d506446,pg.template_type.quality
V9Q2X946QA52XTJG,2025-06-26 11:33:55.36871,7d083722-0b92-5d45-ba18-70c6fbdc6d18,bf996092-8d66-408a-8d8e-5065ca3330c2,f679f4cf-c089-4a2b-9b84-b14129630601,Paint Work Checklist,active,,8b2b7f87-93d7-4074-9f4d-b5d925e7376d,pg.template_type.quality
V9Q2X946QA52XTJG,2025-06-26 12:21:01.224068,bcdb8818-6769-5d58-845f-add59c72cd4a,bf996092-8d66-408a-8d8e-5065ca3330c2,f679f4cf-c089-4a2b-9b84-b14129630601,Permit For Working At Height Checklist,active,,dca7cec1-baf6-42fd-8f85-091eb6f89929,pg.template_type.safety
V9Q2X946QA52XTJG,2025-06-26 12:19:53.689148,4476902d-9cf7-559d-99e5-5d5d51fcc521,bf996092-8d66-408a-8d8e-5065ca3330c2,f679f4cf-c089-4a2b-9b84-b14129630601,Permit For Working At Night Checklist,active,,4ff82d02-7adf-4b1d-889c-ecb367aaca73,pg.template_type.safety
P6VEMMUUKNDV,2025-03-21 06:33:15.189175,ef5dc98d-ddda-526f-99c4-ccf930e5e91a,bf996092-8d66-408a-8d8e-5065ca3330c2,1087faa2-780e-45f2-a023-368facf7cc30,(Sample) Job Hazard Analysis,active,db1b9e7e-4e48-48e8-90ef-ee404e8c9a04,,pg.template_type.safety
P6VEMMUUKNDV,2025-03-21 06:33:15.750008,c64b4772-de44-5e4c-a482-6045c2ef23eb,bf996092-8d66-408a-8d8e-5065ca3330c2,1087faa2-780e-45f2-a023-368facf7cc30,(Sample) Daily Report,active,,a3259db3-f576-463e-abaf-6de4da16510f,pg.template_type.daily_report
P6VEMMUUKNDV,2025-03-21 06:33:16.669847,4ee9731b-a8ea-565f-812c-3cbd3b64734c,bf996092-8d66-408a-8d8e-5065ca3330c2,1087faa2-780e-45f2-a023-368facf7cc30,(Sample) Time Sheet,active,584aad8e-0360-49fd-84d6-62e7889e268d,,pg.template_type.time_sheet
P6VEMMUUKNDV,2025-03-21 06:33:17.001986,329dae72-aa33-5b2b-8e2a-ae3513d4ae01,bf996092-8d66-408a-8d8e-5065ca3330c2,1087faa2-780e-45f2-a023-368facf7cc30,(Sample) Daily Safety Inspection,active,58d911e4-cae3-447e-adb8-3fde7495507d,,pg.template_type.safety
P6VEMMUUKNDV,2025-04-29 12:46:11.977531,a8b372fd-e1f1-53c7-96bb-dd2e6d440ead,bf996092-8d66-408a-8d8e-5065ca3330c2,967e785d-d83c-490b-8d6a-2ed926c956ac,(Sample) Time Sheet,inactive,fe149de4-56cd-475d-a757-a6612720942b,,pg.template_type.time_sheet
P6VEMMUUKNDV,2025-04-29 12:46:12.048511,fa44d049-b3b4-5567-969f-10006e2dabd3,bf996092-8d66-408a-8d8e-5065ca3330c2,967e785d-d83c-490b-8d6a-2ed926c956ac,(Sample) Daily Safety Inspection,inactive,08b04a1b-e263-4c90-901a-6d157b400efe,,pg.template_type.safety
P6VEMMUUKNDV,2025-04-29 12:46:12.108896,de7a12f6-ba88-5397-9606-0bcb6f6a6449,bf996092-8d66-408a-8d8e-5065ca3330c2,967e785d-d83c-490b-8d6a-2ed926c956ac,(Sample) Job Hazard Analysis,inactive,d510a57b-b877-4c7d-9ff4-4f93a02db4af,,pg.template_type.safety
P6VEMMUUKNDV,2025-04-29 12:46:12.230115,cdcf7d84-e4dc-5f16-9b69-3c6d3a0ae9a6,bf996092-8d66-408a-8d8e-5065ca3330c2,967e785d-d83c-490b-8d6a-2ed926c956ac,(Sample) Daily Report,inactive,,e24da633-29d3-4cbf-bce2-9b5755ac2073,pg.template_type.daily_report
V9Q2X946QA52XTJG,2025-05-05 09:45:45.524499,0e5e2880-d781-4838-b468-1cc5d87dd2a1,bf996092-8d66-408a-8d8e-5065ca3330c2,ada6015d-9fce-4f2c-b20f-fc9122d2face,Routine Test Checklist,inactive,12772cd2-e1d0-4e15-91ce-09a048f6347e,,
V9Q2X946QA52XTJG,2025-05-05 09:33:16.251401,d65ee127-2e63-4bcc-b4e4-0845fd8cc1bf,bf996092-8d66-408a-8d8e-5065ca3330c2,ada6015d-9fce-4f2c-b20f-fc9122d2face,Anchor Bracket Fixing Checklist with fastener,deleted,fc648f3c-15c9-45d5-b6e4-954563042eca,,
V9Q2X946QA52XTJG,2025-05-05 09:33:16.175534,a62e4d1f-2498-497c-927c-7c1b90b9e871,bf996092-8d66-408a-8d8e-5065ca3330c2,ada6015d-9fce-4f2c-b20f-fc9122d2face,D-Wall Concreting Details,deleted,cc77e8fd-a53d-4deb-9773-d701b953ee4a,,
V9Q2X946QA52XTJG,2025-05-05 09:45:45.465507,2d2b36d8-44de-4672-8202-03e929d635ab,bf996092-8d66-408a-8d8e-5065ca3330c2,ada6015d-9fce-4f2c-b20f-fc9122d2face,Monthly Incident Investigation,inactive,c7d1f78d-062f-40dc-9d32-17add96de980,,
V9Q2X946QA52XTJG,2025-05-05 09:45:45.632945,f0a8b6c1-89c4-4679-93d4-8fac5cef781e,bf996092-8d66-408a-8d8e-5065ca3330c2,ada6015d-9fce-4f2c-b20f-fc9122d2face,D-Wall Grabbing,inactive,d84ade74-53db-45fd-8b51-e730f1d149fb,,
V9Q2X946QA52XTJG,2025-05-05 09:33:16.083041,a64bc5cf-db09-490e-bae3-3f8d8e365b53,bf996092-8d66-408a-8d8e-5065ca3330c2,ada6015d-9fce-4f2c-b20f-fc9122d2face,Anchor Acceptance Test Trial Anchor,deleted,900868e9-1f75-4893-9310-1ad6b827b7c0,,
V9Q2X946QA52XTJG,2025-05-05 09:33:16.37745,711314af-d4e3-4246-a139-0619730a13c1,bf996092-8d66-408a-8d8e-5065ca3330c2,ada6015d-9fce-4f2c-b20f-fc9122d2face,Anchor Grouting,deleted,c566e807-c1e6-4bac-b8f8-262a734c657d,,
V9Q2X946QA52XTJG,2025-05-05 09:33:47.774738,7c728acc-bea9-491a-b1b9-5dbfb24adccc,bf996092-8d66-408a-8d8e-5065ca3330c2,ada6015d-9fce-4f2c-b20f-fc9122d2face,Tool Box Talk,deleted,5ad0343c-c8c9-40d9-aeb1-924e0ec48da1,,
V9Q2X946QA52XTJG,2025-05-05 09:33:16.313967,a50a14f1-344f-4455-b186-784b1cea9a57,bf996092-8d66-408a-8d8e-5065ca3330c2,ada6015d-9fce-4f2c-b20f-fc9122d2face,Anchor Drilling,deleted,995aa253-e18b-4601-aabf-2b54cbe6326a,,
P6VEMMUUKNDV,2025-07-16 11:22:49.324967,3b8bb9cc-cbe3-45c3-87f4-f28c157b16cf,bf996092-8d66-408a-8d8e-5065ca3330c2,61c6206e-6e04-428a-836e-f68959d2a057,(Sample) Daily Safety Inspection,active,d9bb6d24-6cba-4783-ab70-8b7bbb670464,,pg.template_type.safety
P6VEMMUUKNDV,2025-07-16 11:22:49.473595,f7d5472a-5048-49dd-b584-8a0125bf1404,bf996092-8d66-408a-8d8e-5065ca3330c2,61c6206e-6e04-428a-836e-f68959d2a057,(Sample) Job Hazard Analysis,active,b42e11f8-e727-4b65-8491-2ba3e70e3a8b,,pg.template_type.safety
P6VEMMUUKNDV,2025-07-16 11:22:50.112921,1536b2f6-e37a-4bb2-bc2f-4bda10652856,bf996092-8d66-408a-8d8e-5065ca3330c2,61c6206e-6e04-428a-836e-f68959d2a057,(Sample) Time Sheet,active,00136356-45a5-44d0-a193-e5084b7d24ac,,pg.template_type.time_sheet
P6VEMMUUKNDV,2025-07-16 11:22:50.311195,325e51aa-fe28-4b2a-b806-f1cc92d2ae6f,bf996092-8d66-408a-8d8e-5065ca3330c2,61c6206e-6e04-428a-836e-f68959d2a057,(Sample) Daily Report,active,,49c49b56-9eed-42c8-a45a-dc1973cfdf78,pg.template_type.daily_report
V9Q2X946QA52XTJG,2025-07-01 09:55:34.638228,aa42c68f-a8e4-5b95-a6e0-0f0d543d6f87,bf996092-8d66-408a-8d8e-5065ca3330c2,967e785d-d83c-490b-8d6a-2ed926c956ac,Waterproofing Checklist (Terrace),active,,ea0369fc-91f3-47bb-9d43-aad4d104a766,pg.template_type.quality
V9Q2X946QA52XTJG,2025-06-27 07:44:06.288364,45b25798-7921-5a43-9292-548c9121869c,bf996092-8d66-408a-8d8e-5065ca3330c2,967e785d-d83c-490b-8d6a-2ed926c956ac,Bore Hole Checklist,active,,3e59d0f5-f9bb-430e-b9da-b06ce5a57012,pg.template_type.quality
CMJ2N3U8MSMRM8ZA,2025-07-17 06:13:39.307747,58f838ef-b702-48e0-ad31-f3eaf62e5cba,bf996092-8d66-408a-8d8e-5065ca3330c2,ada6015d-9fce-4f2c-b20f-fc9122d2face,Training,active,,327b5f1f-4b48-4930-b7a8-9576eb46bd06,pg.template_type.quality
CMJ2N3U8MSMRM8ZA,2025-07-17 06:17:21.346801,79109f36-10c7-518c-86c1-665691a51cca,bf996092-8d66-408a-8d8e-5065ca3330c2,ada6015d-9fce-4f2c-b20f-fc9122d2face,Backfilling Checklist,active,,a50a148a-537a-4136-a3d1-35aeb4fb3d50,pg.template_type.quality
CMJ2N3U8MSMRM8ZA,2025-07-17 06:17:22.762129,0629a5d8-4964-5c55-8b48-477664e7bfc0,bf996092-8d66-408a-8d8e-5065ca3330c2,ada6015d-9fce-4f2c-b20f-fc9122d2face,Anti-Termite Treatment Checklist,active,,60c4af12-c491-4eef-8509-93afdc1557fe,pg.template_type.quality
DVW2J8GUNHESYYKC,2025-07-17 06:18:57.587204,8d744f4c-fc83-5113-8886-3942f36e947c,bf996092-8d66-408a-8d8e-5065ca3330c2,ada6015d-9fce-4f2c-b20f-fc9122d2face,Monitoring For Ladders Checklist,active,,e4f30306-bc98-4b61-a823-93076990c1ca,pg.template_type.safety
V9Q2X946QA52XTJG,2025-05-19 05:18:14.328583,26f0b4c7-8f28-5a5b-a95d-287738063e5f,bf996092-8d66-408a-8d8e-5065ca3330c2,ada6015d-9fce-4f2c-b20f-fc9122d2face,Anchor Acceptance Test Trial Anchor,active,ce9fb1cc-7927-4c57-834c-807cef9fd68c,,pg.template_type.quality
V9Q2X946QA52XTJG,2025-05-19 05:18:13.81997,fab5ed9c-e2b2-5382-ba65-1d5cbaa4bd8a,bf996092-8d66-408a-8d8e-5065ca3330c2,ada6015d-9fce-4f2c-b20f-fc9122d2face,Anchor Drilling,active,6fa4321d-b769-43d8-afb5-7ae57665a8eb,,pg.template_type.quality
V9Q2X946QA52XTJG,2025-06-17 06:57:27.653472,403e4aea-3d37-55df-b56d-ae603de8719d,bf996092-8d66-408a-8d8e-5065ca3330c2,ada6015d-9fce-4f2c-b20f-fc9122d2face,Pour Card Checklist,active,,61cfa35c-3cf9-4911-bb1a-69da325bc51a,pg.template_type.quality
P6VEMMUUKNDV,2025-05-21 10:39:14.930325,99b8d900-c645-552e-a914-c579f1c3a3f5,bf996092-8d66-408a-8d8e-5065ca3330c2,b8edcd70-28bb-4319-af76-e8f8c0a1cd67,Expansion Joint Treatment Checklist,active,,79343494-e880-4366-9472-3378ccabd104,pg.template_type.quality
P6VEMMUUKNDV,2025-05-21 10:39:15.483468,311f111c-f348-5a8b-9fc7-36b41059fd3a,bf996092-8d66-408a-8d8e-5065ca3330c2,b8edcd70-28bb-4319-af76-e8f8c0a1cd67,AAC Block Masonry Checklist,active,,a0239129-851a-421a-bbe8-2cdac51af69f,pg.template_type.quality
P6VEMMUUKNDV,2025-05-21 10:39:15.132671,e20d7132-876f-548d-ac8f-affcefe8c8f5,bf996092-8d66-408a-8d8e-5065ca3330c2,b8edcd70-28bb-4319-af76-e8f8c0a1cd67,Brick Masonry Checklist,active,,94d1be1b-d88a-426c-8305-c410b8bd6e80,pg.template_type.quality
P6VEMMUUKNDV,2025-05-21 10:39:18.317397,ae408382-31b8-56ea-9620-9bb17799674c,bf996092-8d66-408a-8d8e-5065ca3330c2,b8edcd70-28bb-4319-af76-e8f8c0a1cd67,Lighting & Switching Works Checklist,active,,7bddbb1e-3bb7-483c-af61-c28ba2e8a775,pg.template_type.quality
P6VEMMUUKNDV,2025-05-21 10:39:19.922272,cb73912f-9157-53e5-98ca-9bd38b07b9f5,bf996092-8d66-408a-8d8e-5065ca3330c2,b8edcd70-28bb-4319-af76-e8f8c0a1cd67,Dry Lean Concrete Checklist (DLC),active,,f2b9f898-b41f-4758-99ff-8432f8f3927a,pg.template_type.quality
P6VEMMUUKNDV,2025-05-21 10:39:21.105264,2897b378-e40c-5be2-9556-e1675bad335f,bf996092-8d66-408a-8d8e-5065ca3330c2,b8edcd70-28bb-4319-af76-e8f8c0a1cd67,External Plaster Checklist,active,,f5f33232-9967-4ebc-a507-2980a0a1d9f7,pg.template_type.quality
P6VEMMUUKNDV,2025-05-21 10:39:21.419668,247738ef-aad1-505d-b268-073c93b90dd7,bf996092-8d66-408a-8d8e-5065ca3330c2,b8edcd70-28bb-4319-af76-e8f8c0a1cd67,GRC Works Checklist,active,,2d2e0112-ebc1-4324-aa10-67936b9c5b98,pg.template_type.quality
P6VEMMUUKNDV,2025-05-21 10:39:22.755709,feba0793-d388-52d0-9365-42070096ccef,bf996092-8d66-408a-8d8e-5065ca3330c2,b8edcd70-28bb-4319-af76-e8f8c0a1cd67,Permit For Working At Height Checklist,active,,92be2626-d505-44f6-bae6-e10cc8441535,pg.template_type.safety
P6VEMMUUKNDV,2025-05-21 10:39:24.680338,165b7537-2cce-5a35-be39-6c8c8422f69b,bf996092-8d66-408a-8d8e-5065ca3330c2,b8edcd70-28bb-4319-af76-e8f8c0a1cd67, External Glazing Checklist,active,,b4702d0b-5877-4d71-8336-bca77a55af61,pg.template_type.quality
P6VEMMUUKNDV,2025-05-21 10:39:25.612287,6059cf3e-0b9d-5cc9-b510-cdcdf46a22d0,bf996092-8d66-408a-8d8e-5065ca3330c2,b8edcd70-28bb-4319-af76-e8f8c0a1cd67,GI Box Work Checklist,active,,a97d742e-94ca-4b38-9954-87f5c4c429ed,pg.template_type.quality
P6VEMMUUKNDV,2025-05-21 10:39:26.778818,285f0cc3-a775-56a8-97f3-833e10c4c83b,bf996092-8d66-408a-8d8e-5065ca3330c2,b8edcd70-28bb-4319-af76-e8f8c0a1cd67,Backfilling Checklist,active,,e80c3822-e37f-4e07-8792-27176ce37ad3,pg.template_type.quality
P6VEMMUUKNDV,2025-05-21 10:39:27.187136,5eee8a4b-2073-5d21-a46e-d08cf0e72c4c,bf996092-8d66-408a-8d8e-5065ca3330c2,b8edcd70-28bb-4319-af76-e8f8c0a1cd67,False Ceiling Checklist,active,,7349aa1d-db9e-43e0-a3cd-c68743e891eb,pg.template_type.quality
P6VEMMUUKNDV,2025-05-21 10:39:28.973893,39481c9a-81c5-5298-a187-a2163b4a08a1,bf996092-8d66-408a-8d8e-5065ca3330c2,b8edcd70-28bb-4319-af76-e8f8c0a1cd67,Tile Flooring Checklist (Vitrified/Ceramic),active,,ae7a4008-56d8-4851-af89-d05f312e3a6d,pg.template_type.quality
P6VEMMUUKNDV,2025-05-21 10:39:32.009985,faa16142-8fcb-5083-91be-e5cabfd33524,bf996092-8d66-408a-8d8e-5065ca3330c2,b8edcd70-28bb-4319-af76-e8f8c0a1cd67,Plumbing Work Checklist,active,,5cb41509-c5a9-45a0-9386-450d690c678f,pg.template_type.quality
3NH2Q57QKQWJE37V,2025-07-24 11:04:52.083273,1ff7b1dc-7049-5a42-a68f-3fe1b13a3ef9,bf996092-8d66-408a-8d8e-5065ca3330c2,f6ab14eb-1a66-4ea5-8a0f-0afbda444403,Bill Submission Checklist - Submittals,active,934809b4-9d96-4a15-8b30-c8c8bc2e71e0,,pg.template_type.other
V9Q2X946QA52XTJG,2025-06-26 12:11:32.78327,0f34aea3-a79c-571e-8c42-8455d1fdcc2b,bf996092-8d66-408a-8d8e-5065ca3330c2,f679f4cf-c089-4a2b-9b84-b14129630601,Dry Lean Concrete Checklist (DLC),active,,34b73ee3-c8ef-4e5d-8a33-30dd587caa4d,pg.template_type.quality
V9Q2X946QA52XTJG,2025-06-26 12:15:34.883497,5d37fc88-3eaf-5b21-951a-203b8a798b3d,bf996092-8d66-408a-8d8e-5065ca3330c2,f679f4cf-c089-4a2b-9b84-b14129630601, Door Windows Checklist,active,,3defd78f-8966-4a0c-839c-4d8a130fb75f,pg.template_type.quality
V9Q2X946QA52XTJG,2025-06-26 12:16:23.946569,bf52b4ca-cb35-5c5b-a774-c00bc3f509ae,bf996092-8d66-408a-8d8e-5065ca3330c2,f679f4cf-c089-4a2b-9b84-b14129630601,Brick Masonry Checklist,active,,bcae139f-e1cb-4cf9-9dfa-5056d417b1d4,pg.template_type.quality
V9Q2X946QA52XTJG,2025-06-26 12:25:02.513425,8008e447-4033-53fa-9a71-f7d43538e46e,bf996092-8d66-408a-8d8e-5065ca3330c2,f679f4cf-c089-4a2b-9b84-b14129630601,Permit for Hot Works Checklist,active,,4244e367-d8d4-44d2-832d-a083a7efdb85,pg.template_type.safety
V9Q2X946QA52XTJG,2025-06-26 12:28:03.493053,55479ce9-97f2-5893-bc2c-95e91809ad7a,bf996092-8d66-408a-8d8e-5065ca3330c2,f679f4cf-c089-4a2b-9b84-b14129630601,Primary Incident Report Checklist,active,,05666d7a-35bc-416e-ba7d-f9e4274b4ae9,pg.template_type.safety
V9Q2X946QA52XTJG,2025-06-26 12:29:32.898876,777eb0c1-2083-58d1-b0c0-19ad97b64f5b,bf996092-8d66-408a-8d8e-5065ca3330c2,f679f4cf-c089-4a2b-9b84-b14129630601,Monitoring For Scaffolding Checklist,active,,8ed9a91c-4170-4c56-9e62-5fb1d212a753,pg.template_type.safety
V9Q2X946QA52XTJG,2025-06-26 12:30:56.583028,9f127509-598a-5552-9601-faeaecdd32eb,bf996092-8d66-408a-8d8e-5065ca3330c2,f679f4cf-c089-4a2b-9b84-b14129630601,Monitoring For Operations Of Power Hand Tool & Other Equipment Checklist,active,,53b2583b-1427-4a16-a653-4479fc08d678,pg.template_type.safety
V9Q2X946QA52XTJG,2025-06-26 12:31:31.953621,c881839a-bdf8-5f93-965f-2dab129c545a,bf996092-8d66-408a-8d8e-5065ca3330c2,f679f4cf-c089-4a2b-9b84-b14129630601,Monitoring For Machine Safeguarding Checklist,active,,e7d4cc59-2309-4865-a46e-19b6d82ef633,pg.template_type.safety
V9Q2X946QA52XTJG,2025-06-26 12:32:06.539699,e6a8c80f-bae0-5be2-a3fd-5ef886b37884,bf996092-8d66-408a-8d8e-5065ca3330c2,f679f4cf-c089-4a2b-9b84-b14129630601,Monitoring For Ladders Checklist,active,,cd4d5cf9-58c8-4364-9f06-402665819455,pg.template_type.safety
V9Q2X946QA52XTJG,2025-06-26 12:34:08.697987,0f166526-a265-57be-9768-0dcf01863038,bf996092-8d66-408a-8d8e-5065ca3330c2,f679f4cf-c089-4a2b-9b84-b14129630601,Monitoring For Labor Camp Checklist,active,,fd214df8-4cdb-4a4f-8bb2-64a8ff7c84a2,pg.template_type.safety
V9Q2X946QA52XTJG,2025-06-26 12:34:46.824783,e19f2e12-32d7-556f-b654-2cf31fd71e5f,bf996092-8d66-408a-8d8e-5065ca3330c2,f679f4cf-c089-4a2b-9b84-b14129630601,Monitoring For Excavation Checklist,active,,7a4eeaa1-85aa-44e8-9090-cb9da489fbda,pg.template_type.safety
V9Q2X946QA52XTJG,2025-06-26 12:35:40.219222,2e3e5aed-0c3d-5ef3-b510-e85d6846833e,bf996092-8d66-408a-8d8e-5065ca3330c2,f679f4cf-c089-4a2b-9b84-b14129630601,Monitoring For Equipment/ Vehicles Fitness Checklist,active,,9201c059-92de-4603-906b-1bd3e9f94a32,pg.template_type.safety
V9Q2X946QA52XTJG,2025-06-27 08:46:45.988088,c4b7d069-8414-5d64-b2ed-6236c12fb72e,bf996092-8d66-408a-8d8e-5065ca3330c2,77d5fb8c-5d83-4fa8-8c81-169306f7a8f7,Monitoring For Electrical Works Checklist,active,,c0ae1a62-2af5-417a-859c-040b18813fd8,pg.template_type.safety
V9Q2X946QA52XTJG,2025-06-27 08:49:08.421622,bd4c903f-8673-54ce-9ee1-0795c3660fd9,bf996092-8d66-408a-8d8e-5065ca3330c2,77d5fb8c-5d83-4fa8-8c81-169306f7a8f7,Primary Incident Report Checklist,active,,01360ba6-295c-4c66-820f-4b39bfc27eec,pg.template_type.safety
V9Q2X946QA52XTJG,2025-06-27 08:50:03.899821,422ba76c-0ed0-5143-a988-ce6deb120682,bf996092-8d66-408a-8d8e-5065ca3330c2,77d5fb8c-5d83-4fa8-8c81-169306f7a8f7,Permit For Working At Night Checklist,active,,90a2f14a-84dc-4238-ba71-d0b5cd092258,pg.template_type.safety
V9Q2X946QA52XTJG,2025-06-27 08:52:31.655663,0506fef8-80b7-57da-8b9e-714a6c87dffb,bf996092-8d66-408a-8d8e-5065ca3330c2,77d5fb8c-5d83-4fa8-8c81-169306f7a8f7,Permit For Excavation Work Checklist,active,,1e05ef99-7196-4d50-8d64-7baf7c5aa231,pg.template_type.safety
V9Q2X946QA52XTJG,2025-06-27 08:58:24.729858,5bcc5078-fc92-519a-86ec-1e0bf19630f5,bf996092-8d66-408a-8d8e-5065ca3330c2,77d5fb8c-5d83-4fa8-8c81-169306f7a8f7,Guide Wall Pour Card Checklist,active,,ca4f412a-221f-4353-b25d-3224ad2e3a57,pg.template_type.quality
V9Q2X946QA52XTJG,2025-06-27 09:01:35.293356,47e26010-111f-591a-a56d-717b24be3b40,bf996092-8d66-408a-8d8e-5065ca3330c2,77d5fb8c-5d83-4fa8-8c81-169306f7a8f7,MV Panel Work Checklist,active,,220c0475-6c47-4028-a303-85d17d3e58e7,pg.template_type.quality
V9Q2X946QA52XTJG,2025-06-27 09:02:59.023879,b59137a0-233a-5071-a2f3-edec3f2268f1,bf996092-8d66-408a-8d8e-5065ca3330c2,77d5fb8c-5d83-4fa8-8c81-169306f7a8f7,Joinery Work Checklist,active,,7ce12490-b6ae-4a42-b74f-449a71d420eb,pg.template_type.quality
V9Q2X946QA52XTJG,2025-06-27 09:04:00.038564,6c9ce1b4-d997-5d51-9d0e-040bfb13c45f,bf996092-8d66-408a-8d8e-5065ca3330c2,77d5fb8c-5d83-4fa8-8c81-169306f7a8f7,GI Box Work Checklist,active,,a5ee5bf5-eb1c-45fb-b0d2-da635132b2b4,pg.template_type.quality
V9Q2X946QA52XTJG,2025-06-27 09:04:34.141383,9edcab74-2f4e-5340-956b-2c32f2a65acb,bf996092-8d66-408a-8d8e-5065ca3330c2,77d5fb8c-5d83-4fa8-8c81-169306f7a8f7,Earthing Work Checklist,active,,3b4c50a8-23fa-4e59-934f-0db4eda9e2d6,pg.template_type.quality
V9Q2X946QA52XTJG,2025-06-27 09:05:47.49876,786a9eb6-8706-5095-832c-2dfedb971c9f,bf996092-8d66-408a-8d8e-5065ca3330c2,77d5fb8c-5d83-4fa8-8c81-169306f7a8f7,Conduiting Work Checklist,active,,67280b9c-e1ce-442d-b68f-e8b0498751c5,pg.template_type.quality
V9Q2X946QA52XTJG,2025-06-27 09:06:47.186035,97578d15-b431-5c83-821b-9812e7391de9,bf996092-8d66-408a-8d8e-5065ca3330c2,77d5fb8c-5d83-4fa8-8c81-169306f7a8f7,Cable Work Checklist,active,,a4aad768-7a97-43dd-9df8-c4312baeca86,pg.template_type.quality
V9Q2X946QA52XTJG,2025-06-27 09:07:28.236119,334ba016-bbee-5708-ac02-65ebbad37926,bf996092-8d66-408a-8d8e-5065ca3330c2,77d5fb8c-5d83-4fa8-8c81-169306f7a8f7,Cable Tray Work Checklist,active,,e4c9672c-b8be-417f-91a0-db2c701117a4,pg.template_type.quality
V9Q2X946QA52XTJG,2025-06-27 09:20:04.487375,a9e1ff11-67b3-5fcc-a36f-0365f471f2b3,bf996092-8d66-408a-8d8e-5065ca3330c2,77d5fb8c-5d83-4fa8-8c81-169306f7a8f7,SS Railing Work Checklist (Balcony / Staircase),active,,657fc2a7-030e-47d3-bbdf-5af0614450a0,pg.template_type.quality
V9Q2X946QA52XTJG,2025-06-27 09:23:01.797424,ad034ad9-bfad-5db8-860e-34977b24149f,bf996092-8d66-408a-8d8e-5065ca3330c2,77d5fb8c-5d83-4fa8-8c81-169306f7a8f7,Paint Work Checklist,active,,dca9764f-3d55-417d-8c3c-78b9830a9716,pg.template_type.quality
V9Q2X946QA52XTJG,2025-06-27 09:24:47.344521,05e29855-1f18-50ab-923d-243e10f275ac,bf996092-8d66-408a-8d8e-5065ca3330c2,77d5fb8c-5d83-4fa8-8c81-169306f7a8f7,Marble Flooring Checklist,active,,51979845-b3b2-4878-9a82-8b23dce6530f,pg.template_type.quality
V9Q2X946QA52XTJG,2025-06-27 09:27:58.406609,1121e2a9-abf1-5a3d-9f5b-01a6a7adbc38,bf996092-8d66-408a-8d8e-5065ca3330c2,77d5fb8c-5d83-4fa8-8c81-169306f7a8f7,GRC Works Checklist,active,,fa75d3c4-5e72-469d-b6c9-3b8188e3e59d,pg.template_type.quality
V9Q2X946QA52XTJG,2025-06-27 09:36:00.945147,eb2cc314-af9d-53f4-8092-d3c1e87fa001,bf996092-8d66-408a-8d8e-5065ca3330c2,77d5fb8c-5d83-4fa8-8c81-169306f7a8f7,External Plaster Checklist,active,,675e3152-b156-4488-a40c-c4cdedfee151,pg.template_type.quality
V9Q2X946QA52XTJG,2025-06-27 09:42:36.220288,f00a4b35-26da-59a5-9f13-fba609b328f4,bf996092-8d66-408a-8d8e-5065ca3330c2,77d5fb8c-5d83-4fa8-8c81-169306f7a8f7, Door Windows Checklist,active,,31c9a684-c018-4ae0-b540-576392a074a6,pg.template_type.quality
V9Q2X946QA52XTJG,2025-06-27 09:43:50.592015,9c96e2cc-4d09-5467-a302-1e9657034c1a,bf996092-8d66-408a-8d8e-5065ca3330c2,77d5fb8c-5d83-4fa8-8c81-169306f7a8f7,Backfilling Checklist,active,,8ae6ab37-bb99-4e35-8487-be28c00c1461,pg.template_type.quality
V9Q2X946QA52XTJG,2025-06-27 09:44:23.250959,82dea8d0-e645-5a22-a878-42678c229990,bf996092-8d66-408a-8d8e-5065ca3330c2,77d5fb8c-5d83-4fa8-8c81-169306f7a8f7,Anti-Termite Treatment Checklist,active,,0a22ce71-8027-472e-aa1a-73fda3f791f8,pg.template_type.quality
V9Q2X946QA52XTJG,2025-06-27 09:46:05.677866,d0d1a766-67e7-5455-a19a-df2fc6fc7a4d,bf996092-8d66-408a-8d8e-5065ca3330c2,77d5fb8c-5d83-4fa8-8c81-169306f7a8f7,AAC Block Masonry Checklist,active,,d4a92e75-a21a-4720-a8b2-9c7aa0ed7a0d,pg.template_type.quality
V9Q2X946QA52XTJG,2025-06-26 11:17:26.975386,12c11cce-da48-5595-8ced-6f6d7ac1b2a8,bf996092-8d66-408a-8d8e-5065ca3330c2,f679f4cf-c089-4a2b-9b84-b14129630601,Panel & Distribution Board (DB) Works  Checklist,active,,4e3779c9-be08-4fb9-bb12-a3ca954f73ba,pg.template_type.quality
V9Q2X946QA52XTJG,2025-06-26 11:19:56.202704,646b3fdf-7e37-5bd1-8863-49870be56666,bf996092-8d66-408a-8d8e-5065ca3330c2,f679f4cf-c089-4a2b-9b84-b14129630601,Joinery Work Checklist,active,,2c80948e-63ce-45f1-b193-49c5b5b65d77,pg.template_type.quality
V9Q2X946QA52XTJG,2025-06-26 11:20:40.592166,a0a41ce6-315b-51d0-a3e8-16e4fb50d586,bf996092-8d66-408a-8d8e-5065ca3330c2,f679f4cf-c089-4a2b-9b84-b14129630601,GI Box Work Checklist,active,,defeaef8-8d8e-4c65-a4b2-516dde375c9f,pg.template_type.quality
V9Q2X946QA52XTJG,2025-06-26 11:21:17.746843,0a7f3525-ba65-503a-8170-af40a5420eff,bf996092-8d66-408a-8d8e-5065ca3330c2,f679f4cf-c089-4a2b-9b84-b14129630601,Earthing Work Checklist,active,,5b085cdb-0145-4b63-b00d-0c1cadb28587,pg.template_type.quality
V9Q2X946QA52XTJG,2025-06-26 11:22:48.742777,71bc0b92-fcca-55ae-98ff-d8ecc67ddeb6,bf996092-8d66-408a-8d8e-5065ca3330c2,f679f4cf-c089-4a2b-9b84-b14129630601,Cable Work Checklist,active,,fa96d902-a7be-4d90-b77c-27538a019bb5,pg.template_type.quality
V9Q2X946QA52XTJG,2025-06-26 11:23:21.020891,93418618-cd10-5d5a-ac45-341f2c51fc25,bf996092-8d66-408a-8d8e-5065ca3330c2,f679f4cf-c089-4a2b-9b84-b14129630601,Cable Tray Work Checklist,active,,6da9ae11-9a0e-49b3-af13-b2366f75d0d8,pg.template_type.quality
V9Q2X946QA52XTJG,2025-06-26 11:26:41.709939,cbd45b32-a246-5b1f-932b-0a0dec162478,bf996092-8d66-408a-8d8e-5065ca3330c2,f679f4cf-c089-4a2b-9b84-b14129630601,Waterproofing Checklist (Terrace),active,,fd3f190a-0e95-447c-9b77-c361e265c06a,pg.template_type.quality
V9Q2X946QA52XTJG,2025-06-26 11:27:49.079594,c580bc7d-74fa-5342-9c53-cf5e10a1bf06,bf996092-8d66-408a-8d8e-5065ca3330c2,f679f4cf-c089-4a2b-9b84-b14129630601,Waterproofing Checklist (Balcony Sunken),active,,f06902d5-62fc-4e78-92c7-b418e46475e5,pg.template_type.quality
V9Q2X946QA52XTJG,2025-06-26 11:29:09.643362,1ae1f935-a399-56f0-912f-51afe0169c33,bf996092-8d66-408a-8d8e-5065ca3330c2,f679f4cf-c089-4a2b-9b84-b14129630601,VD Flooring Checklist,active,,8cbeedbb-fc7b-402f-b667-146ea0469c4d,pg.template_type.quality
V9Q2X946QA52XTJG,2025-06-26 11:30:36.289112,f820f571-eb1a-5a0c-8738-d4c715ef4a07,bf996092-8d66-408a-8d8e-5065ca3330c2,f679f4cf-c089-4a2b-9b84-b14129630601,Tile Flooring Checklist (Vitrified/Ceramic),active,,48cc5ef1-83f7-4e70-82d4-951c5d5f89cd,pg.template_type.quality
V9Q2X946QA52XTJG,2025-06-26 11:31:33.00368,bc70b041-7d52-5c5b-adb9-97ac687d0bb6,bf996092-8d66-408a-8d8e-5065ca3330c2,f679f4cf-c089-4a2b-9b84-b14129630601,SS Railing Work Checklist (Balcony / Staircase),active,,d19bac87-ebe7-4688-9b2c-c1a8f1884803,pg.template_type.quality
V9Q2X946QA52XTJG,2025-06-26 11:32:39.336384,9b7787c2-68e8-5a23-a32a-7fa5bfd3b6e8,bf996092-8d66-408a-8d8e-5065ca3330c2,f679f4cf-c089-4a2b-9b84-b14129630601,Pavement Quality Concrete Checklist (PQC),active,,42fa4d31-400a-4e5f-87d7-4010792196d0,pg.template_type.quality
V9Q2X946QA52XTJG,2025-06-26 11:36:48.544018,76c18fa7-cfa0-518c-9913-9e27c201a03d,bf996092-8d66-408a-8d8e-5065ca3330c2,f679f4cf-c089-4a2b-9b84-b14129630601,IPS Work Checklist,active,,355bb3ca-f8ec-4882-acbf-7b954fe2779a,pg.template_type.quality
V9Q2X946QA52XTJG,2025-06-26 11:37:57.08405,ec7e96df-2d05-5349-a28b-174da56aa1b6,bf996092-8d66-408a-8d8e-5065ca3330c2,f679f4cf-c089-4a2b-9b84-b14129630601,Internal Plaster Checklist,active,,e2ed7b8b-f80e-42b5-bd85-aeb1fcb2adf8,pg.template_type.quality
V9Q2X946QA52XTJG,2025-06-26 11:39:06.689119,fc7b860e-971e-5da8-a73e-283946b670d8,bf996092-8d66-408a-8d8e-5065ca3330c2,f679f4cf-c089-4a2b-9b84-b14129630601,GRC Works Checklist,active,,81b3d63a-5b47-4eaa-85c8-658c52014544,pg.template_type.quality
V9Q2X946QA52XTJG,2025-06-26 11:40:30.38562,19cfd42d-6565-5f61-a175-5ccab033e61f,bf996092-8d66-408a-8d8e-5065ca3330c2,f679f4cf-c089-4a2b-9b84-b14129630601,Foam Concrete Checklist,active,,03c5364b-5da2-4475-9e43-06178986c74c,pg.template_type.quality
V9Q2X946QA52XTJG,2025-06-26 11:41:51.876581,fe64e8ab-43ca-55ea-be3b-0e5634818b9b,bf996092-8d66-408a-8d8e-5065ca3330c2,f679f4cf-c089-4a2b-9b84-b14129630601,False Ceiling Checklist,active,,5fcc2fa6-f93d-493f-a542-7eadfb89e21a,pg.template_type.quality
V9Q2X946QA52XTJG,2025-06-26 11:42:59.157851,362c75b0-6228-5d80-b591-9ef0112d2bf9,bf996092-8d66-408a-8d8e-5065ca3330c2,f679f4cf-c089-4a2b-9b84-b14129630601,External Plaster Checklist,active,,c2f260f1-b7e3-48c8-adc8-25cc1f47b336,pg.template_type.quality
V9Q2X946QA52XTJG,2025-06-26 11:43:56.830552,1cbdc139-f6dd-501d-8a15-55900ca3273d,bf996092-8d66-408a-8d8e-5065ca3330c2,f679f4cf-c089-4a2b-9b84-b14129630601, External Glazing Checklist,active,,640912ff-03a8-452a-bac0-381ae6601f14,pg.template_type.quality
V9Q2X946QA52XTJG,2025-06-26 12:10:40.562571,515ec0c5-c8df-5ed4-8ced-d5baa4b87bc6,bf996092-8d66-408a-8d8e-5065ca3330c2,f679f4cf-c089-4a2b-9b84-b14129630601,Excavation Checklist,active,,59aa0067-c3d4-46d5-b29d-e33fc9683e21,pg.template_type.quality
V9Q2X946QA52XTJG,2025-06-27 06:51:43.566881,31eeadd9-58a4-5cf5-9f67-4aee9b6edc6a,bf996092-8d66-408a-8d8e-5065ca3330c2,23142979-9fb6-4fd3-bd82-62d7e0add75f,MV Panel Work Checklist,active,,e9bad311-a760-4d96-a3ea-ab58bc335edf,pg.template_type.quality
V9Q2X946QA52XTJG,2025-06-27 06:52:27.421762,0031eeba-2625-506d-9a77-d364c2c8691b,bf996092-8d66-408a-8d8e-5065ca3330c2,23142979-9fb6-4fd3-bd82-62d7e0add75f,Lighting & Switching Works Checklist,active,,0ef403d2-c150-40fd-bce6-058ea282adbe,pg.template_type.quality
V9Q2X946QA52XTJG,2025-06-27 06:53:15.856023,81c5aad7-8ded-551c-ac5d-e8e776af746c,bf996092-8d66-408a-8d8e-5065ca3330c2,23142979-9fb6-4fd3-bd82-62d7e0add75f,Joinery Work Checklist,active,,0ddd4e87-486a-4daa-a0a7-693a464ecef0,pg.template_type.quality
V9Q2X946QA52XTJG,2025-06-27 06:54:29.762268,d2a47ac7-1d6e-5120-a5df-8a67e4f1910f,bf996092-8d66-408a-8d8e-5065ca3330c2,23142979-9fb6-4fd3-bd82-62d7e0add75f,Earthing Work Checklist,active,,a04cbe47-7e1c-4fa6-867f-ebff9dbede52,pg.template_type.quality
V9Q2X946QA52XTJG,2025-06-27 06:55:09.571872,224738f5-e37b-51ac-b05c-cd0c270ff225,bf996092-8d66-408a-8d8e-5065ca3330c2,23142979-9fb6-4fd3-bd82-62d7e0add75f,Conduiting Work Checklist,active,,fbcae13e-c83a-49bb-8b0e-cc95ab74f331,pg.template_type.quality
V9Q2X946QA52XTJG,2025-06-27 06:55:55.227286,ce559a4f-8f9e-5766-8ac7-58b40cb18f4e,bf996092-8d66-408a-8d8e-5065ca3330c2,23142979-9fb6-4fd3-bd82-62d7e0add75f,Cable Work Checklist,active,,c290b156-9bdb-4a0f-9448-1855fbf3434f,pg.template_type.quality
V9Q2X946QA52XTJG,2025-06-27 06:56:29.029411,949d687f-5c06-5c97-90aa-5d066fad0847,bf996092-8d66-408a-8d8e-5065ca3330c2,23142979-9fb6-4fd3-bd82-62d7e0add75f,Cable Tray Work Checklist,active,,fe3bfc52-cf05-428d-82dc-bf9f1e316254,pg.template_type.quality
V9Q2X946QA52XTJG,2025-06-27 06:59:03.089801,4e90599b-ba60-569e-8430-95ca5e4b1f81,bf996092-8d66-408a-8d8e-5065ca3330c2,23142979-9fb6-4fd3-bd82-62d7e0add75f,Waterproofing Checklist (Terrace),active,,c06e20dd-ecba-414f-a0a1-07fd0bff6ffd,pg.template_type.quality
V9Q2X946QA52XTJG,2025-06-27 07:03:15.668734,4eb52e56-b978-581a-ba12-a1e71bccc564,bf996092-8d66-408a-8d8e-5065ca3330c2,23142979-9fb6-4fd3-bd82-62d7e0add75f,Waterproofing Checklist (Balcony Sunken),active,,c7d8a59f-46e0-4372-a120-cad0f18f9a75,pg.template_type.quality
V9Q2X946QA52XTJG,2025-06-27 07:06:12.679471,03668cca-087d-55b2-ad0c-6a166386e8fc,bf996092-8d66-408a-8d8e-5065ca3330c2,23142979-9fb6-4fd3-bd82-62d7e0add75f,VD Flooring Checklist,active,,4e3d3817-c064-4f30-9182-9ed3d5942e6a,pg.template_type.quality
V9Q2X946QA52XTJG,2025-06-27 07:07:51.105569,49c714cf-a627-5e32-9596-614242e0820c,bf996092-8d66-408a-8d8e-5065ca3330c2,23142979-9fb6-4fd3-bd82-62d7e0add75f,Tile Flooring Checklist (Vitrified/Ceramic),active,,c08f63c7-653c-4bb5-a653-c40528890e62,pg.template_type.quality
V9Q2X946QA52XTJG,2025-06-27 07:08:43.746273,3e0f028c-4ffb-5ee5-a2f5-ec1ad42bd828,bf996092-8d66-408a-8d8e-5065ca3330c2,23142979-9fb6-4fd3-bd82-62d7e0add75f,SS Railing Work Checklist (Balcony / Staircase),active,,14805ec6-4ec0-4f10-a4b2-ca87658b364b,pg.template_type.quality
V9Q2X946QA52XTJG,2025-06-27 07:19:14.536141,c2741f9f-5bf2-5eb3-94e5-6d4e50d3446d,bf996092-8d66-408a-8d8e-5065ca3330c2,23142979-9fb6-4fd3-bd82-62d7e0add75f,Internal Plaster Checklist,active,,29fcb0d8-7ccc-417f-a638-b85689a4ffd5,pg.template_type.quality
V9Q2X946QA52XTJG,2025-06-27 07:24:20.478043,9749437c-0f52-5a98-9f3e-c76ddd23d08b,bf996092-8d66-408a-8d8e-5065ca3330c2,23142979-9fb6-4fd3-bd82-62d7e0add75f,GRC Works Checklist,active,,44f3c1ed-2276-4724-95ab-76c6f52ae001,pg.template_type.quality
V9Q2X946QA52XTJG,2025-06-27 07:27:46.787333,38836f8f-813d-548e-8779-b35a7ffb0f89,bf996092-8d66-408a-8d8e-5065ca3330c2,23142979-9fb6-4fd3-bd82-62d7e0add75f,External Plaster Checklist,active,,49c450cb-44ff-49e8-be04-93644f6c8fa9,pg.template_type.quality
V9Q2X946QA52XTJG,2025-06-27 07:28:35.688096,e425859a-9c33-5fc1-aa3d-90c689e463c6,bf996092-8d66-408a-8d8e-5065ca3330c2,23142979-9fb6-4fd3-bd82-62d7e0add75f, External Glazing Checklist,active,,89b30fa1-cb81-4459-8ad8-ceeaf9af4f2e,pg.template_type.quality
V9Q2X946QA52XTJG,2025-06-27 07:29:16.554951,21bfcfb3-7981-5ed6-9bdc-7b11d5b04205,bf996092-8d66-408a-8d8e-5065ca3330c2,23142979-9fb6-4fd3-bd82-62d7e0add75f,Expansion Joint Treatment Checklist,active,,8254b66e-5369-480c-a940-b6b9ad7d2d1e,pg.template_type.quality
V9Q2X946QA52XTJG,2025-06-27 07:29:55.621187,eca5b1d9-498d-5188-9012-26bb48765ee7,bf996092-8d66-408a-8d8e-5065ca3330c2,23142979-9fb6-4fd3-bd82-62d7e0add75f,Excavation Checklist,active,,2aefdc1c-037e-4f42-82ec-88517e9f9713,pg.template_type.quality
V9Q2X946QA52XTJG,2025-06-27 07:31:22.2722,954d03a3-fa87-5fc8-8c5a-d79d3e490ed1,bf996092-8d66-408a-8d8e-5065ca3330c2,23142979-9fb6-4fd3-bd82-62d7e0add75f, Door Windows Checklist,active,,20898d27-a6e7-4a67-8bb1-93d98659f58a,pg.template_type.quality
V9Q2X946QA52XTJG,2025-06-27 07:32:06.884636,de4945b0-1186-523f-9919-4abea0ab897e,bf996092-8d66-408a-8d8e-5065ca3330c2,23142979-9fb6-4fd3-bd82-62d7e0add75f,Brick Masonry Checklist,active,,7a2de8dc-d8d6-467a-ac36-4539c4474bad,pg.template_type.quality
V9Q2X946QA52XTJG,2025-06-27 07:32:37.131534,3f41c1da-5d10-5f20-baf5-03166acd88b7,bf996092-8d66-408a-8d8e-5065ca3330c2,23142979-9fb6-4fd3-bd82-62d7e0add75f,Backfilling Checklist,active,,5dfc5387-2cdb-4692-a189-9cda5b0a481a,pg.template_type.quality
V9Q2X946QA52XTJG,2025-06-27 07:33:08.811567,0f0bc9b9-3cbd-5ec6-bdf0-e251f9e63119,bf996092-8d66-408a-8d8e-5065ca3330c2,23142979-9fb6-4fd3-bd82-62d7e0add75f,Anti-Termite Treatment Checklist,active,,dc905115-a983-4472-86b4-8555b791fc07,pg.template_type.quality
V9Q2X946QA52XTJG,2025-06-27 08:34:23.988398,c5db3f78-df37-5950-bb75-2786a74695e7,bf996092-8d66-408a-8d8e-5065ca3330c2,23142979-9fb6-4fd3-bd82-62d7e0add75f,AAC Block Masonry Checklist,active,,9ecf4eaa-95c6-4fb2-9d9d-3ba78431128b,pg.template_type.quality
V9Q2X946QA52XTJG,2025-06-27 07:37:25.447463,20f5093b-a5cf-4b79-9038-a80844f59b04,bf996092-8d66-408a-8d8e-5065ca3330c2,967e785d-d83c-490b-8d6a-2ed926c956ac,D-Wall Concreting Details,active,bdf18da2-0087-4546-849e-be786ce4a5f3,,pg.template_type.quality
V9Q2X946QA52XTJG,2025-06-27 07:44:06.205228,80081729-6dbc-5629-b6d7-f197e0f97208,bf996092-8d66-408a-8d8e-5065ca3330c2,967e785d-d83c-490b-8d6a-2ed926c956ac,Anchor Acceptance Test Trial Anchor,active,e0b8b665-7c78-404b-8951-3eb767c9683e,,pg.template_type.quality
V9Q2X946QA52XTJG,2025-06-27 07:44:06.235386,4e957955-0577-55c1-8943-a3f9ba60ede2,bf996092-8d66-408a-8d8e-5065ca3330c2,967e785d-d83c-490b-8d6a-2ed926c956ac,Lifts - Other Cut-Outs Dimensions Checklist,active,8c468b74-87bf-40d8-9ff1-5c5a38c2bfbe,,pg.template_type.quality
V9Q2X946QA52XTJG,2025-06-27 07:44:06.238352,d853e610-023d-509c-bcd1-92f66171cb77,bf996092-8d66-408a-8d8e-5065ca3330c2,967e785d-d83c-490b-8d6a-2ed926c956ac,Anchor Bracket Fixing Checklist with fastener,active,86221c25-c8e2-4ec4-aa4a-989b7edbcf3e,,pg.template_type.quality
V9Q2X946QA52XTJG,2025-06-27 07:44:06.245932,98792fc6-c9b5-5547-adc2-472001067ecb,bf996092-8d66-408a-8d8e-5065ca3330c2,967e785d-d83c-490b-8d6a-2ed926c956ac,Concrete Placement Record,active,6a01c180-5f28-4e81-b092-2af0dc12cbf6,,pg.template_type.quality
V9Q2X946QA52XTJG,2025-06-27 07:44:06.258179,82a4e690-3a96-50f9-b7ab-60425cd1cc7a,bf996092-8d66-408a-8d8e-5065ca3330c2,967e785d-d83c-490b-8d6a-2ed926c956ac,D-Wall Grabbing,active,6a5d7123-a441-4ce2-864d-d83d8a9dea62,,pg.template_type.quality
V9Q2X946QA52XTJG,2025-07-30 04:17:59.389572,01f42fc2-8e3a-5894-b5de-2550121920d7,bf996092-8d66-408a-8d8e-5065ca3330c2,967e785d-d83c-490b-8d6a-2ed926c956ac,Routine Test Checklist,active,a339d469-4741-4931-9b23-33505ca95594,,pg.template_type.quality
V9Q2X946QA52XTJG,2025-06-27 07:52:19.184866,d977853b-236f-4654-a786-6fedc5820444,bf996092-8d66-408a-8d8e-5065ca3330c2,f6ab14eb-1a66-4ea5-8a0f-0afbda444403,D-Wall Concreting Details,active,4322e951-ff2e-44a7-b351-90a3a7756e2c,,pg.template_type.quality
V9Q2X946QA52XTJG,2025-06-27 07:59:34.359944,f071eafb-93ea-49ad-b796-39d28cc4c2e4,bf996092-8d66-408a-8d8e-5065ca3330c2,f679f4cf-c089-4a2b-9b84-b14129630601,D-Wall Concreting Details,active,045cae99-a0aa-4246-aa80-08423d340e0a,,pg.template_type.quality
V9Q2X946QA52XTJG,2025-07-29 04:29:31.006166,56e57d7f-37d6-57a8-b2aa-76b5881c3af1,bf996092-8d66-408a-8d8e-5065ca3330c2,f679f4cf-c089-4a2b-9b84-b14129630601,Anchor Acceptance Test Trial Anchor,active,05a5b7c6-b929-4650-bef5-709aff542cb8,,pg.template_type.quality
V9Q2X946QA52XTJG,2025-06-27 08:02:42.306978,6f668d8e-f63e-557c-9aaa-30ba6167412e,bf996092-8d66-408a-8d8e-5065ca3330c2,f679f4cf-c089-4a2b-9b84-b14129630601,Lifts - Other Cut-Outs Dimensions Checklist,active,2efd70d8-c04a-4b27-846a-c6310c4bec4f,,pg.template_type.quality
V9Q2X946QA52XTJG,2025-07-29 04:29:43.626527,f6e4e98c-e129-533c-9776-9e2f6e7b8be7,bf996092-8d66-408a-8d8e-5065ca3330c2,f679f4cf-c089-4a2b-9b84-b14129630601,Anchor Bracket Fixing Checklist with fastener,active,0b53d316-777f-46d4-ace4-1a793c2cc59c,,pg.template_type.quality
V9Q2X946QA52XTJG,2025-06-27 08:37:07.505036,ae558366-1623-56f0-a612-b301f56876b4,bf996092-8d66-408a-8d8e-5065ca3330c2,77d5fb8c-5d83-4fa8-8c81-169306f7a8f7,Permit for Confined Space Work Checklist,active,,d8b237cb-231d-4872-a421-40d4c5bbda78,pg.template_type.safety
V9Q2X946QA52XTJG,2025-06-27 08:39:21.482042,3e3618fd-8cc7-54c3-bfba-989e1a4004b1,bf996092-8d66-408a-8d8e-5065ca3330c2,77d5fb8c-5d83-4fa8-8c81-169306f7a8f7,Monitoring For Personal Protective Equipment Checklist,active,,e3d39876-bd0f-4b1b-85b4-6bb82ceba88d,pg.template_type.safety
V9Q2X946QA52XTJG,2025-06-27 08:41:34.180586,c0b31220-f656-5442-9fae-38fe5098c6ba,bf996092-8d66-408a-8d8e-5065ca3330c2,77d5fb8c-5d83-4fa8-8c81-169306f7a8f7,Monitoring For Mobile Crane Operation Checklist,active,,aea12a69-f476-4215-b2da-ec435d20b030,pg.template_type.safety
V9Q2X946QA52XTJG,2025-06-27 08:42:11.420454,4685eefe-7bc4-58a7-a6e6-cf25f9274256,bf996092-8d66-408a-8d8e-5065ca3330c2,77d5fb8c-5d83-4fa8-8c81-169306f7a8f7,Monitoring For Machine Safeguarding Checklist,active,,b464df81-9630-41b6-8d3b-9be0c740c649,pg.template_type.safety
P6VEMMUUKNDV,2025-02-21 13:16:35.879951,34d8fd65-a196-4e98-af7d-cc730ae0fa63,bf996092-8d66-408a-8d8e-5065ca3330c2,d3e63b56-0fd8-48c4-a595-b59dec992cd7,(Sample) Time Sheet,active,69647bde-3498-4fa5-917f-0b8eb0326d60,,pg.template_type.time_sheet
P6VEMMUUKNDV,2025-02-21 13:16:36.033166,d4646ce1-25f7-4306-83c4-9585fb578a45,bf996092-8d66-408a-8d8e-5065ca3330c2,d3e63b56-0fd8-48c4-a595-b59dec992cd7,(Sample) Daily Report,active,,49261c12-8331-4b43-b880-6acf1655dd12,pg.template_type.daily_report
V9Q2X946QA52XTJG,2025-07-01 12:12:28.136745,c79466f5-e1c9-5f74-9d96-9580480cbcf8,bf996092-8d66-408a-8d8e-5065ca3330c2,967e785d-d83c-490b-8d6a-2ed926c956ac,Permit for Hot Works Checklist,active,,c9e99357-36da-4e79-96ae-255dca3eb1da,pg.template_type.safety
V9Q2X946QA52XTJG,2025-07-01 09:55:34.633021,cf30a3f8-3e94-5645-bb7e-75763f14b9ab,bf996092-8d66-408a-8d8e-5065ca3330c2,967e785d-d83c-490b-8d6a-2ed926c956ac,Anti-Termite Treatment Checklist,active,,6997a185-b392-4827-acef-479a9171f42f,pg.template_type.quality
V9Q2X946QA52XTJG,2025-07-01 09:55:34.650073,27aab77f-7375-5552-9fef-a54b1b03e186,bf996092-8d66-408a-8d8e-5065ca3330c2,967e785d-d83c-490b-8d6a-2ed926c956ac,Marble Flooring Checklist,active,,c54d1f78-5bff-4504-8636-979fc9dc71fa,pg.template_type.quality
V9Q2X946QA52XTJG,2025-07-01 09:55:34.770985,7fdbcedc-4936-50ad-a102-0122637d4a8d,bf996092-8d66-408a-8d8e-5065ca3330c2,967e785d-d83c-490b-8d6a-2ed926c956ac, External Glazing Checklist,active,,a387c864-e807-4506-916d-2b629b577494,pg.template_type.quality
V9Q2X946QA52XTJG,2025-07-01 09:55:34.648668,90733a87-4003-5939-bcee-b147542eb2ec,bf996092-8d66-408a-8d8e-5065ca3330c2,967e785d-d83c-490b-8d6a-2ed926c956ac,Internal Plaster Checklist,active,,2df81f72-c7c9-4352-b1e7-c622a5f36d11,pg.template_type.quality
V9Q2X946QA52XTJG,2025-06-27 07:09:43.969814,b1c764e8-ffb2-5057-adb7-a1b19ba1b771,bf996092-8d66-408a-8d8e-5065ca3330c2,23142979-9fb6-4fd3-bd82-62d7e0add75f,Pavement Quality Concrete Checklist (PQC),active,,e33d6774-07a1-4741-9466-0e9c703a4bd8,pg.template_type.quality
V9Q2X946QA52XTJG,2025-06-27 06:57:50.513448,2c5bbfac-f4b8-592f-8675-8af44f2aeecf,bf996092-8d66-408a-8d8e-5065ca3330c2,23142979-9fb6-4fd3-bd82-62d7e0add75f,Wood Work Checklist,active,,ea76c320-0070-4123-a656-ab08c52223a6,pg.template_type.quality
V9Q2X946QA52XTJG,2025-06-27 06:51:16.176061,0b9f2fb0-b4cf-594c-9f77-7c6c91e77868,bf996092-8d66-408a-8d8e-5065ca3330c2,23142979-9fb6-4fd3-bd82-62d7e0add75f,Panel & Distribution Board (DB) Works  Checklist,active,,48a49d5e-08a8-4031-8737-7932192760da,pg.template_type.quality
CMJ2N3U8MSMRM8ZA,2025-07-17 06:04:31.457867,eb77ea0d-5d1c-4bd5-bb4e-d858e42449c2,bf996092-8d66-408a-8d8e-5065ca3330c2,61c6206e-6e04-428a-836e-f68959d2a057,a,active,,cfc61b08-7227-4423-8a3b-e904e2af5c07,pg.template_type.quality
V9Q2X946QA52XTJG,2025-05-07 06:06:15.832485,6c91624a-bd30-5c54-b27e-fd2c3d50e25a,bf996092-8d66-408a-8d8e-5065ca3330c2,23142979-9fb6-4fd3-bd82-62d7e0add75f,Anchor Acceptance Test Trial Anchor,active,098217e1-ad32-49cf-8408-1b9ceebf883d,,pg.template_type.quality
V9Q2X946QA52XTJG,2025-05-07 06:06:15.85125,fed4d4ef-5b10-59fd-a7d3-02403c3fb0cc,bf996092-8d66-408a-8d8e-5065ca3330c2,23142979-9fb6-4fd3-bd82-62d7e0add75f,D-Wall Grabbing,active,4ee72e02-0002-48c3-af83-cd162e64be14,,pg.template_type.quality
V9Q2X946QA52XTJG,2025-05-07 06:06:15.9051,1cdf6980-d45b-5495-a906-39b7f710ba5e,bf996092-8d66-408a-8d8e-5065ca3330c2,23142979-9fb6-4fd3-bd82-62d7e0add75f,Anchor Bracket Fixing Checklist with fastener,active,a2630b38-7fd0-49f6-ad3a-dd6be8cf73b6,,pg.template_type.quality
V9Q2X946QA52XTJG,2025-05-07 06:06:15.936043,4e7fd3b4-0d12-5ac6-89cf-6f869327d8bc,bf996092-8d66-408a-8d8e-5065ca3330c2,23142979-9fb6-4fd3-bd82-62d7e0add75f,Lifts - Other Cut-Outs Dimensions Checklist,active,0d0abdec-ce4e-4911-9a27-20083c172090,,pg.template_type.quality
V9Q2X946QA52XTJG,2025-06-27 06:49:05.878887,a6ee9bbf-3d08-5e02-b18a-ac61cff130e8,bf996092-8d66-408a-8d8e-5065ca3330c2,23142979-9fb6-4fd3-bd82-62d7e0add75f,Guide Wall Pour Card Checklist,active,,aaf7299a-97ab-4ae9-83c9-439e88ae0cb5,pg.template_type.quality
V9Q2X946QA52XTJG,2025-05-07 06:06:16.023752,f48e2625-4b24-5409-a7c4-9866f209cd2c,bf996092-8d66-408a-8d8e-5065ca3330c2,23142979-9fb6-4fd3-bd82-62d7e0add75f,Anchor Drilling,active,077644c0-190b-4a1a-b0b3-83043cd5506b,,pg.template_type.quality
V9Q2X946QA52XTJG,2025-05-07 06:06:16.240916,a9e96e1f-0282-5f0f-b7a3-9fc594bfdf09,bf996092-8d66-408a-8d8e-5065ca3330c2,23142979-9fb6-4fd3-bd82-62d7e0add75f,Concrete Placement Record,active,49be75e5-c54e-4b00-8529-d67339ff0ef3,,pg.template_type.quality
V9Q2X946QA52XTJG,2025-06-27 06:49:39.995977,f3348b11-8a6a-5775-9ab0-c04eb5337502,bf996092-8d66-408a-8d8e-5065ca3330c2,23142979-9fb6-4fd3-bd82-62d7e0add75f,Bore Hole Checklist,active,,0d98d7ad-956d-4411-9d97-718ae9a3604b,pg.template_type.quality
V9Q2X946QA52XTJG,2025-05-07 06:06:16.306341,ede5887b-3907-5f6e-b115-adc46ed32c68,bf996092-8d66-408a-8d8e-5065ca3330c2,23142979-9fb6-4fd3-bd82-62d7e0add75f,Routine Test Checklist,active,df696992-6c46-49f4-88ba-57d74df5bd6b,,pg.template_type.quality
V9Q2X946QA52XTJG,2025-05-07 06:06:16.488707,4c76985e-7992-5b33-a632-40a73c51a9df,bf996092-8d66-408a-8d8e-5065ca3330c2,23142979-9fb6-4fd3-bd82-62d7e0add75f,Anchor Grouting,active,2f76ec18-5950-4c93-9f8e-c4147c4d9331,,pg.template_type.quality
P6VEMMUUKNDV,2025-04-22 05:29:26.804972,b8727565-5997-5f2a-812a-c7721f2754a2,bf996092-8d66-408a-8d8e-5065ca3330c2,ada6015d-9fce-4f2c-b20f-fc9122d2face,(Sample) Job Hazard Analysis,inactive,213ba4e1-fb11-4886-aec6-82417a38223d,,pg.template_type.safety
P6VEMMUUKNDV,2025-04-22 05:29:26.63068,1a3c8442-86a5-532b-85ab-007c9e984416,bf996092-8d66-408a-8d8e-5065ca3330c2,ada6015d-9fce-4f2c-b20f-fc9122d2face,(Sample) Daily Report,inactive,,a447ddf2-759c-4d0b-85df-280c86bed8e1,pg.template_type.daily_report
P6VEMMUUKNDV,2025-04-22 05:29:26.746762,4cc961ea-8767-564d-b579-5ca65ac663a4,bf996092-8d66-408a-8d8e-5065ca3330c2,ada6015d-9fce-4f2c-b20f-fc9122d2face,(Sample) Daily Safety Inspection,inactive,c9f2efa0-2182-4bb7-bab1-a8776296cc7e,,pg.template_type.safety
P6VEMMUUKNDV,2025-04-22 05:29:27.021722,b4b6b391-a765-5866-acc0-0a5d33cf967f,bf996092-8d66-408a-8d8e-5065ca3330c2,ada6015d-9fce-4f2c-b20f-fc9122d2face,(Sample) Time Sheet,inactive,11fe7775-e757-4cf3-8fe5-026fac7ab317,,pg.template_type.time_sheet
V9Q2X946QA52XTJG,2025-07-01 12:12:28.355026,ce1c7f67-6577-5b65-b198-d6cc90c42280,bf996092-8d66-408a-8d8e-5065ca3330c2,967e785d-d83c-490b-8d6a-2ed926c956ac,Permit For Working At Height Checklist,active,,d8ae1450-373f-47d1-87a6-f48419535478,pg.template_type.safety
V9Q2X946QA52XTJG,2025-04-24 09:04:11.143697,7f08516f-698b-5adc-a673-cb66366a09e8,bf996092-8d66-408a-8d8e-5065ca3330c2,ada6015d-9fce-4f2c-b20f-fc9122d2face,AAC Block Masonry Checklist,active,,ea7713f3-66ab-45c8-9340-86c8385bd515,pg.template_type.quality
V9Q2X946QA52XTJG,2025-04-24 09:04:11.146851,71edd97d-bb73-5ebf-85f1-d1657e2bf831,bf996092-8d66-408a-8d8e-5065ca3330c2,ada6015d-9fce-4f2c-b20f-fc9122d2face,Backfilling Checklist,active,,1b1962f3-69aa-4eb9-bc52-c0af1a73a3bc,pg.template_type.quality
P6VEMMUUKNDV,2025-06-27 05:20:38.315851,43d1fee0-82ed-56e3-9461-63c938fc19a8,bf996092-8d66-408a-8d8e-5065ca3330c2,f6ab14eb-1a66-4ea5-8a0f-0afbda444403,Permit for Hot Works Checklist,active,,351b2625-686e-4601-aefa-04e75bc41d99,pg.template_type.safety
P6VEMMUUKNDV,2025-06-27 05:11:42.180912,425fb59b-bae9-589a-8085-aba053bd9b41,bf996092-8d66-408a-8d8e-5065ca3330c2,f6ab14eb-1a66-4ea5-8a0f-0afbda444403,Monitoring For Machine Safeguarding Checklist,active,,a4409805-8f72-4952-b58b-404c35e1095a,pg.template_type.safety
P6VEMMUUKNDV,2025-06-27 05:10:06.905397,77f00008-fefe-57b3-9863-ba268bc29d45,bf996092-8d66-408a-8d8e-5065ca3330c2,f6ab14eb-1a66-4ea5-8a0f-0afbda444403,Monitoring For Operations Of Power Hand Tool & Other Equipment Checklist,active,,f0eac6b6-b73f-4803-896b-ddd1a185f0a0,pg.template_type.safety
V9Q2X946QA52XTJG,2025-04-24 09:04:11.944033,d278719e-434d-5adf-a829-f31e96327530,bf996092-8d66-408a-8d8e-5065ca3330c2,ada6015d-9fce-4f2c-b20f-fc9122d2face,Dry Lean Concrete Checklist (DLC),active,,6921ac9f-aeec-49e7-abce-06165d13344f,pg.template_type.quality
V9Q2X946QA52XTJG,2025-04-21 11:25:39.653133,bb6647fe-53f5-5d13-a156-8f7980fa3b04,bf996092-8d66-408a-8d8e-5065ca3330c2,ada6015d-9fce-4f2c-b20f-fc9122d2face,External Plaster Checklist,deleted,,2a6ee136-3a71-4c24-af13-aee21a0115b0,pg.template_type.quality
V9Q2X946QA52XTJG,2025-04-21 12:18:35.559246,a360f165-a38f-5770-b5a9-55ba9f3f0ba7,bf996092-8d66-408a-8d8e-5065ca3330c2,ada6015d-9fce-4f2c-b20f-fc9122d2face,Waterproofing (Terrace) Checklist,deleted,,7fc25323-3271-4a46-a95a-38d2690e3360,pg.template_type.quality
V9Q2X946QA52XTJG,2025-04-21 11:25:39.405245,6a066eaf-b0c8-5441-9f15-a50922b22361,bf996092-8d66-408a-8d8e-5065ca3330c2,ada6015d-9fce-4f2c-b20f-fc9122d2face,Brick Masonry Checklist,deleted,,e9463dd3-2ae1-4193-a7cb-4306bef4c37d,pg.template_type.quality
V9Q2X946QA52XTJG,2025-04-21 11:25:39.524465,488ca437-8622-5962-b85c-1193cd4d34e5,bf996092-8d66-408a-8d8e-5065ca3330c2,ada6015d-9fce-4f2c-b20f-fc9122d2face,Brick Masonry Checklist,deleted,,cd301882-57f3-4286-9942-a855fc439993,pg.template_type.quality
V9Q2X946QA52XTJG,2025-06-26 12:26:51.01181,e5930423-a873-5857-a4b7-63bb5bf824f1,bf996092-8d66-408a-8d8e-5065ca3330c2,f679f4cf-c089-4a2b-9b84-b14129630601,Permit for Confined Space Work Checklist,active,,e5663ff7-d802-4e43-ab0a-9e1ad33b4f87,pg.template_type.safety
V9Q2X946QA52XTJG,2025-06-26 12:25:55.595619,fdb13437-1fd0-5c7c-b847-fd6c6dde62d7,bf996092-8d66-408a-8d8e-5065ca3330c2,f679f4cf-c089-4a2b-9b84-b14129630601,Permit For Excavation Work Checklist,active,,b5814dcb-5b64-4812-b079-e2ff61efc782,pg.template_type.safety
V9Q2X946QA52XTJG,2025-05-19 06:19:06.943515,5ea15d3f-7d83-5942-9ca7-68f37ac02476,bf996092-8d66-408a-8d8e-5065ca3330c2,f679f4cf-c089-4a2b-9b84-b14129630601,Tool Box Talk,active,7a3e604d-32af-4cb9-b331-e88695be80db,,pg.template_type.safety
V9Q2X946QA52XTJG,2025-05-19 06:19:07.430587,b6c8bd5b-9171-5964-973e-faadcd1de162,bf996092-8d66-408a-8d8e-5065ca3330c2,f679f4cf-c089-4a2b-9b84-b14129630601,Monthly Incident Investigation,active,849a4226-0d8e-4cd7-b4f5-d03e5e272f7e,,pg.template_type.safety
V9Q2X946QA52XTJG,2025-06-26 12:30:11.99588,cd1e0bca-3487-5799-99df-21e28cf01213,bf996092-8d66-408a-8d8e-5065ca3330c2,f679f4cf-c089-4a2b-9b84-b14129630601,Monitoring For Personal Protective Equipment Checklist,active,,b82036a9-1d5d-444e-8049-6fef42713dbd,pg.template_type.safety
CMJ2N3U8MSMRM8ZA,2025-07-24 10:42:03.438661,b0ff71a1-ba46-57d9-9ec6-7c112acc3f6b,bf996092-8d66-408a-8d8e-5065ca3330c2,f6ab14eb-1a66-4ea5-8a0f-0afbda444403,Bill Submission Checklist - Submittals,deleted,cda721df-98c6-4dfa-b10d-9ced36db61d3,,pg.template_type.other
CMJ2N3U8MSMRM8ZA,2025-07-24 10:42:03.487985,8405028c-699f-50ac-8001-52d6e249fea8,bf996092-8d66-408a-8d8e-5065ca3330c2,f6ab14eb-1a66-4ea5-8a0f-0afbda444403,Bill Submission Checklist - Submittals,deleted,a8371661-f848-44eb-a4cf-624cbafa10b3,,pg.template_type.other
CMJ2N3U8MSMRM8ZA,2025-07-24 10:42:03.385035,8c6c275f-b9ee-5fa3-b804-b7c448992c6c,bf996092-8d66-408a-8d8e-5065ca3330c2,f6ab14eb-1a66-4ea5-8a0f-0afbda444403,Bill Submission Checklist - Submittals,deleted,d15768bf-0a9c-42d0-9e79-bc247f152f85,,pg.template_type.other
V9Q2X946QA52XTJG,2025-06-27 07:44:06.303709,4058994f-d5a9-5599-870b-afbb3ec211d7,bf996092-8d66-408a-8d8e-5065ca3330c2,967e785d-d83c-490b-8d6a-2ed926c956ac,Guide Wall Pour Card Checklist,active,,7d49e2d6-4f0c-482c-8c84-3260cb6f49d7,pg.template_type.quality
V9Q2X946QA52XTJG,2025-07-01 11:24:01.76521,98b52251-1727-54c2-8c3a-e16ca842632f,bf996092-8d66-408a-8d8e-5065ca3330c2,967e785d-d83c-490b-8d6a-2ed926c956ac,Plumbing Work Checklist,active,,cab7cad2-9fe8-4955-870e-1ccf9890ced2,pg.template_type.quality
V9Q2X946QA52XTJG,2025-07-01 11:24:01.73369,841f7d43-392d-5dbf-8c1c-26b1e6213cf0,bf996092-8d66-408a-8d8e-5065ca3330c2,967e785d-d83c-490b-8d6a-2ed926c956ac,Panel & Distribution Board (DB) Works  Checklist,active,,55ec33b0-bc03-47ed-8afd-64a04986e24d,pg.template_type.quality
V9Q2X946QA52XTJG,2025-07-01 11:24:01.723871,f1d59a32-4838-5325-8317-382ee63bb9ac,bf996092-8d66-408a-8d8e-5065ca3330c2,967e785d-d83c-490b-8d6a-2ed926c956ac,MV Panel Work Checklist,active,,d692fc39-375e-41e3-8e57-09c987bcecee,pg.template_type.quality
V9Q2X946QA52XTJG,2025-07-01 11:24:01.962336,4e909c7d-5f67-591d-ba80-115aa496ea2a,bf996092-8d66-408a-8d8e-5065ca3330c2,967e785d-d83c-490b-8d6a-2ed926c956ac,Lighting & Switching Works Checklist,active,,bfe06354-7725-4837-b7fc-821ec52199a5,pg.template_type.quality
V9Q2X946QA52XTJG,2025-07-01 11:24:01.976281,688d05e1-8a66-5b08-97a9-7f93be0c0047,bf996092-8d66-408a-8d8e-5065ca3330c2,967e785d-d83c-490b-8d6a-2ed926c956ac,GI Box Work Checklist,active,,28d0545e-0c32-452a-80da-cd785849fa89,pg.template_type.quality
V9Q2X946QA52XTJG,2025-07-01 11:24:01.984048,c598fd54-8e60-521f-8ee0-d7b745777335,bf996092-8d66-408a-8d8e-5065ca3330c2,967e785d-d83c-490b-8d6a-2ed926c956ac,Earthing Work Checklist,active,,b67aaa23-4963-43cd-9197-aa001419c421,pg.template_type.quality
V9Q2X946QA52XTJG,2025-07-01 11:24:01.737583,fa9ef3c1-d114-5ed2-bb3f-578803eedaf8,bf996092-8d66-408a-8d8e-5065ca3330c2,967e785d-d83c-490b-8d6a-2ed926c956ac,Conduiting Work Checklist,active,,38000f2b-db10-4745-81b9-7c93f0b25f11,pg.template_type.quality
V9Q2X946QA52XTJG,2025-07-01 11:23:43.156836,4baad7b8-2461-5437-a41a-e5b694a575d2,bf996092-8d66-408a-8d8e-5065ca3330c2,967e785d-d83c-490b-8d6a-2ed926c956ac,Cable Work Checklist,active,,4de281e8-c041-425f-99f5-1e6600afda40,pg.template_type.quality
V9Q2X946QA52XTJG,2025-07-01 09:55:34.767517,2d1f4798-2446-5e63-ac1b-52119f8c2e0c,bf996092-8d66-408a-8d8e-5065ca3330c2,967e785d-d83c-490b-8d6a-2ed926c956ac,Waterproofing Checklist (Balcony Sunken),active,,5945556e-82d9-4f79-9197-246b4c60c11f,pg.template_type.quality
V9Q2X946QA52XTJG,2025-07-01 09:55:34.6535,badb25c0-74d1-5d99-84d7-90e3edd65554,bf996092-8d66-408a-8d8e-5065ca3330c2,967e785d-d83c-490b-8d6a-2ed926c956ac,Tile Flooring Checklist (Vitrified/Ceramic),active,,4d7fb14c-90ad-47b1-8877-de99d407751b,pg.template_type.quality
V9Q2X946QA52XTJG,2025-07-01 09:55:34.770722,ecb224f5-de76-5108-b0bc-08e5ee963827,bf996092-8d66-408a-8d8e-5065ca3330c2,967e785d-d83c-490b-8d6a-2ed926c956ac,Pavement Quality Concrete Checklist (PQC),active,,26c03565-e258-4172-a306-95e7210bb740,pg.template_type.quality
V9Q2X946QA52XTJG,2025-07-01 09:55:34.756185,4cabc9ab-0e3a-5563-b15c-04af6d026512,bf996092-8d66-408a-8d8e-5065ca3330c2,967e785d-d83c-490b-8d6a-2ed926c956ac,Paint Work Checklist,active,,13068c86-1e47-4a0b-93cc-ed02ca0ead2f,pg.template_type.quality
V9Q2X946QA52XTJG,2025-07-01 09:55:34.629505,251e4cee-63c2-5b64-8349-d6a30cdd90e5,bf996092-8d66-408a-8d8e-5065ca3330c2,967e785d-d83c-490b-8d6a-2ed926c956ac,GRC Works Checklist,active,,b9f0602a-b3be-4c9e-b545-c1ec55e4cdfd,pg.template_type.quality
V9Q2X946QA52XTJG,2025-07-01 09:55:34.641284,43d1b9d0-95fe-53aa-9597-8f5f5e88f842,bf996092-8d66-408a-8d8e-5065ca3330c2,967e785d-d83c-490b-8d6a-2ed926c956ac,False Ceiling Checklist,active,,ed9bc4a1-8c04-4d23-832d-454a21dcb501,pg.template_type.quality
V9Q2X946QA52XTJG,2025-07-01 09:55:34.647484,0686a8d5-7ec1-5e5a-ba2d-33dd94bfdb53,bf996092-8d66-408a-8d8e-5065ca3330c2,967e785d-d83c-490b-8d6a-2ed926c956ac,External Plaster Checklist,active,,c1057252-a5eb-40f4-81b7-a1ce3023e928,pg.template_type.quality
V9Q2X946QA52XTJG,2025-07-01 09:55:34.649515,9a01b6b5-e5e1-5e9f-bff2-46c08489e3a5,bf996092-8d66-408a-8d8e-5065ca3330c2,967e785d-d83c-490b-8d6a-2ed926c956ac,Dry Lean Concrete Checklist (DLC),active,,85a70a18-6a93-4546-b1f0-d7b96ff45da5,pg.template_type.quality
V9Q2X946QA52XTJG,2025-07-01 09:55:34.135333,441db610-0a8b-5473-ac66-3e814ef250f0,bf996092-8d66-408a-8d8e-5065ca3330c2,967e785d-d83c-490b-8d6a-2ed926c956ac,Brick Masonry Checklist,active,,39543121-1a10-45d5-ad0d-fcb54f2b7c7e,pg.template_type.quality
V9Q2X946QA52XTJG,2025-07-01 09:55:34.65566,f78ada75-db5f-5cba-9a68-1b255a4756c9,bf996092-8d66-408a-8d8e-5065ca3330c2,967e785d-d83c-490b-8d6a-2ed926c956ac,Backfilling Checklist,active,,0a45caf4-21c6-4edd-918d-b36bae5865fa,pg.template_type.quality
V9Q2X946QA52XTJG,2025-06-26 10:15:20.949018,a89b8f5e-2ebe-597b-9c4a-78860e33dc09,bf996092-8d66-408a-8d8e-5065ca3330c2,967e785d-d83c-490b-8d6a-2ed926c956ac,Monitoring For Scaffolding Checklist,active,,00b769dc-0f8a-4a4d-96f8-076948813965,pg.template_type.safety
V9Q2X946QA52XTJG,2025-06-26 10:18:03.439176,1b26a5de-1533-590d-9495-f2890ab9a20e,bf996092-8d66-408a-8d8e-5065ca3330c2,967e785d-d83c-490b-8d6a-2ed926c956ac,Monitoring For Personal Protective Equipment Checklist,active,,7e02aaed-add8-44ec-a24c-be3d3fd6d800,pg.template_type.safety
V9Q2X946QA52XTJG,2025-06-26 10:19:31.822607,96b903a7-900a-52b5-bcdc-892a4e4f357b,bf996092-8d66-408a-8d8e-5065ca3330c2,967e785d-d83c-490b-8d6a-2ed926c956ac,Monitoring For Operations Of Power Hand Tool & Other Equipment Checklist,active,,d1dfcfb7-e6eb-43e8-a555-97e2996005aa,pg.template_type.safety
V9Q2X946QA52XTJG,2025-06-26 10:20:17.63989,d2dd2455-08dc-5954-a3d2-4af1b89a7539,bf996092-8d66-408a-8d8e-5065ca3330c2,967e785d-d83c-490b-8d6a-2ed926c956ac,Monitoring For Mobile Crane Operation Checklist,active,,4d9e78b4-b8d8-4226-9898-9af12f3abe95,pg.template_type.safety
V9Q2X946QA52XTJG,2025-06-26 10:21:33.274025,3bd25cf9-0038-518e-8bac-eb2047fcc92c,bf996092-8d66-408a-8d8e-5065ca3330c2,967e785d-d83c-490b-8d6a-2ed926c956ac,Monitoring For Machine Safeguarding Checklist,active,,21a36de6-5f12-46a9-af8d-a887fcdab535,pg.template_type.safety
V9Q2X946QA52XTJG,2025-06-26 10:22:10.785572,f157257a-ba34-5148-bf04-7f45d6d6328a,bf996092-8d66-408a-8d8e-5065ca3330c2,967e785d-d83c-490b-8d6a-2ed926c956ac,Monitoring For Ladders Checklist,active,,b22ce729-1b2a-4cc7-affc-fae821650ceb,pg.template_type.safety
V9Q2X946QA52XTJG,2025-06-26 10:25:08.562911,ef35f36b-ab1e-57f5-adb1-4ace6a8e6e6e,bf996092-8d66-408a-8d8e-5065ca3330c2,967e785d-d83c-490b-8d6a-2ed926c956ac,Monitoring For Labor Camp Checklist,active,,8df19a50-5ea4-45bd-8658-51f8a536f137,pg.template_type.safety
V9Q2X946QA52XTJG,2025-06-26 10:26:49.797774,289fc905-3f3c-5d0f-ab5d-dda3ee2e416a,bf996092-8d66-408a-8d8e-5065ca3330c2,967e785d-d83c-490b-8d6a-2ed926c956ac,Monitoring For Equipment/ Vehicles Fitness Checklist,active,,e456a23e-3104-4c43-99b8-5ba858ae6089,pg.template_type.safety
V9Q2X946QA52XTJG,2025-07-01 12:12:28.360007,64f91d6c-6647-5250-84dc-fffaf797ad1a,bf996092-8d66-408a-8d8e-5065ca3330c2,967e785d-d83c-490b-8d6a-2ed926c956ac,Permit For Working At Night Checklist,active,,29f1a6e7-1641-4b9c-b084-ea3aa9c75c2f,pg.template_type.safety
V9Q2X946QA52XTJG,2025-07-01 12:13:05.58336,e82b6cba-484f-5e56-bf5d-521ed8a4c179,bf996092-8d66-408a-8d8e-5065ca3330c2,967e785d-d83c-490b-8d6a-2ed926c956ac,Permit For Excavation Work Checklist,active,,5228d047-ed91-415d-b52c-954fcb481d6d,pg.template_type.safety
V9Q2X946QA52XTJG,2025-07-01 12:12:27.682189,4d79105b-833b-55c0-886f-3b8f4b80a81f,bf996092-8d66-408a-8d8e-5065ca3330c2,967e785d-d83c-490b-8d6a-2ed926c956ac,Permit for Confined Space Work Checklist,active,,ee11a736-e283-4cd3-bc82-2552dcc49c61,pg.template_type.safety
V9Q2X946QA52XTJG,2025-06-26 10:52:45.787171,61dc1313-071f-5e6a-8db2-d46c754fd46f,bf996092-8d66-408a-8d8e-5065ca3330c2,f679f4cf-c089-4a2b-9b84-b14129630601,Plumbing Work Checklist,active,,34fdd527-0d2d-4184-8001-db8e8e88f997,pg.template_type.quality
V9Q2X946QA52XTJG,2025-07-01 09:55:34.255405,71ed8a4c-39c7-5b83-86d7-c7ce1793efea,bf996092-8d66-408a-8d8e-5065ca3330c2,967e785d-d83c-490b-8d6a-2ed926c956ac,AAC Block Masonry Checklist,active,,53698a02-f890-447b-bebe-df1ddb851d80,pg.template_type.quality
V9Q2X946QA52XTJG,2025-07-01 09:55:35.277413,726c5b9d-14a3-5c25-9a61-f32bfcd7297f,bf996092-8d66-408a-8d8e-5065ca3330c2,967e785d-d83c-490b-8d6a-2ed926c956ac,Foam Concrete Checklist,active,,31a03cc0-f917-41fb-85ab-b527a2faaad4,pg.template_type.quality
V9Q2X946QA52XTJG,2025-06-27 08:59:26.335205,8bb6f3db-e5a3-5a9b-8a61-c67b70e5e367,bf996092-8d66-408a-8d8e-5065ca3330c2,77d5fb8c-5d83-4fa8-8c81-169306f7a8f7,Bore Hole Checklist,active,,2cfc9240-d78d-482d-b62a-81c8f51817e3,pg.template_type.quality
V9Q2X946QA52XTJG,2025-05-12 10:38:21.025049,0dee32a1-358b-5f0b-93c6-200f67c2aa5a,bf996092-8d66-408a-8d8e-5065ca3330c2,77d5fb8c-5d83-4fa8-8c81-169306f7a8f7,Lifts - Other Cut-Outs Dimensions Checklist,active,9981e8bc-bf62-47ba-a6cc-073cfebb960d,,pg.template_type.quality
V9Q2X946QA52XTJG,2025-05-12 10:38:21.261019,25e11ceb-07b6-5afa-bd9b-cbc795e2c7c4,bf996092-8d66-408a-8d8e-5065ca3330c2,77d5fb8c-5d83-4fa8-8c81-169306f7a8f7,Routine Test Checklist,active,e3a20562-b12c-4a9b-87e4-bbb88d40841b,,pg.template_type.quality
V9Q2X946QA52XTJG,2025-06-27 08:56:02.92946,abc90524-7abb-5553-bbdb-0fc96049de07,bf996092-8d66-408a-8d8e-5065ca3330c2,77d5fb8c-5d83-4fa8-8c81-169306f7a8f7,Pour Card Checklist,active,,e826a31f-5a53-47ed-844a-465af4dee026,pg.template_type.quality
V9Q2X946QA52XTJG,2025-05-12 10:38:58.058014,c0b7a502-851d-53b9-852a-49b7719f2be5,bf996092-8d66-408a-8d8e-5065ca3330c2,2f551e7d-05e6-4bfc-8ee1-0ef3a8487c11,Concrete Placement Record,deleted,f37a33e9-75c6-4614-8b83-2a5fa3848a59,,pg.template_type.quality
V9Q2X946QA52XTJG,2025-05-12 10:38:58.154614,a2c6b188-ad6a-539f-b100-6cde8f3283ae,bf996092-8d66-408a-8d8e-5065ca3330c2,2f551e7d-05e6-4bfc-8ee1-0ef3a8487c11,Pour Card Checklist,deleted,,ef72a7b2-44c8-4c17-be0e-7c2d6e82bd5a,pg.template_type.quality
V9Q2X946QA52XTJG,2025-05-12 10:40:34.077008,f2229eae-bda3-535c-9076-659394f03eb6,bf996092-8d66-408a-8d8e-5065ca3330c2,2f551e7d-05e6-4bfc-8ee1-0ef3a8487c11,Anchor Acceptance Test Trial Anchor,active,6e10a166-2771-472d-a4ca-c957965cf2f3,,pg.template_type.quality
V9Q2X946QA52XTJG,2025-05-12 10:40:34.089428,6d7d7390-f455-5db9-bf1e-28f871585f2b,bf996092-8d66-408a-8d8e-5065ca3330c2,2f551e7d-05e6-4bfc-8ee1-0ef3a8487c11,Anchor Drilling,active,b44c8219-9f03-4db5-906a-b8df3ac47d01,,pg.template_type.quality
V9Q2X946QA52XTJG,2025-05-12 10:40:34.100526,a5923e2c-1d07-5a2c-b2a8-c19adc498356,bf996092-8d66-408a-8d8e-5065ca3330c2,2f551e7d-05e6-4bfc-8ee1-0ef3a8487c11,Concrete Placement Record,active,1be7c144-93b7-4f01-81f5-9d00082c1b14,,pg.template_type.quality
V9Q2X946QA52XTJG,2025-05-12 10:40:34.112,f6d46c42-069a-5840-8680-ce0c1b459894,bf996092-8d66-408a-8d8e-5065ca3330c2,2f551e7d-05e6-4bfc-8ee1-0ef3a8487c11,Anchor Grouting,active,00528d35-e1e0-43fa-b1e3-60489cc2a025,,pg.template_type.quality
V9Q2X946QA52XTJG,2025-05-12 10:40:34.113496,e0ac3aac-6982-53b4-8351-97a6021a147a,bf996092-8d66-408a-8d8e-5065ca3330c2,2f551e7d-05e6-4bfc-8ee1-0ef3a8487c11,Anchor Bracket Fixing Checklist with fastener,active,b76a047e-9141-4717-88d3-fb670a24de20,,pg.template_type.quality
V9Q2X946QA52XTJG,2025-05-12 10:40:34.522413,655e8fa1-8650-5b5d-bf7c-4d429fb6d435,bf996092-8d66-408a-8d8e-5065ca3330c2,2f551e7d-05e6-4bfc-8ee1-0ef3a8487c11,Lifts - Other Cut-Outs Dimensions Checklist,active,78757920-8390-4693-8ca7-4613be65cb1a,,pg.template_type.quality
V9Q2X946QA52XTJG,2025-05-12 10:40:34.746888,cc328d5a-a89f-5fec-80fe-ab8a2a9a2c72,bf996092-8d66-408a-8d8e-5065ca3330c2,2f551e7d-05e6-4bfc-8ee1-0ef3a8487c11,Routine Test Checklist,active,f0fa27ba-1486-43af-b468-53d79ab6cffe,,pg.template_type.quality
V9Q2X946QA52XTJG,2025-05-12 10:40:35.032169,dd7f9257-32ae-5632-aa52-d9bae32e3593,bf996092-8d66-408a-8d8e-5065ca3330c2,2f551e7d-05e6-4bfc-8ee1-0ef3a8487c11,D-Wall Grabbing,active,e1754ce2-95ab-4b46-8e3d-fb518aef7742,,pg.template_type.quality
V9Q2X946QA52XTJG,2025-06-28 04:56:17.056908,3bd4e65e-c020-5ada-8676-483c5c445fbd,bf996092-8d66-408a-8d8e-5065ca3330c2,2f551e7d-05e6-4bfc-8ee1-0ef3a8487c11,Pour Card Checklist,active,,fb488dbd-06a6-4aa7-b954-d360586a89d2,pg.template_type.quality
V9Q2X946QA52XTJG,2025-04-24 09:04:11.152874,5e8931ab-b2ac-5ace-8f1a-8ee633f9fe5a,bf996092-8d66-408a-8d8e-5065ca3330c2,ada6015d-9fce-4f2c-b20f-fc9122d2face,Excavation Checklist,active,,dc9fd074-f596-4e7d-973a-705d19f3befa,pg.template_type.quality
V9Q2X946QA52XTJG,2025-04-29 12:45:55.082121,238788ca-8630-59ef-b053-ecc5f9f46f70,bf996092-8d66-408a-8d8e-5065ca3330c2,23142979-9fb6-4fd3-bd82-62d7e0add75f,Excavation Checklist (Section Assignee),inactive,,286038c6-08b6-4351-9a3c-74c3157a021b,pg.template_type.quality
V9Q2X946QA52XTJG,2025-04-24 09:04:11.681022,38f47ad3-0496-5601-8bb3-18f8a4a54bbc,bf996092-8d66-408a-8d8e-5065ca3330c2,ada6015d-9fce-4f2c-b20f-fc9122d2face,Internal Plaster Checklist,active,,e93ca9c6-af35-4c9d-bfbe-165b8485b9fd,pg.template_type.quality
V9Q2X946QA52XTJG,2025-07-29 04:29:53.70198,3f374d9f-6e5f-59a0-b6d0-414094641b21,bf996092-8d66-408a-8d8e-5065ca3330c2,f679f4cf-c089-4a2b-9b84-b14129630601,Anchor Drilling,active,38ef101a-0c65-4053-a852-d10dd6a49082,,pg.template_type.quality
V9Q2X946QA52XTJG,2025-07-29 04:29:11.442777,0212464f-8566-5c14-83df-893d6c718503,bf996092-8d66-408a-8d8e-5065ca3330c2,f679f4cf-c089-4a2b-9b84-b14129630601,Pour Card Checklist,active,,22473326-7385-41fc-9b86-8bced58a4e2f,pg.template_type.quality
V9Q2X946QA52XTJG,2025-07-29 04:31:41.825254,ef4529ac-2da7-5e58-8ce1-e8ac59817978,bf996092-8d66-408a-8d8e-5065ca3330c2,f679f4cf-c089-4a2b-9b84-b14129630601,Routine Test Checklist,active,00e34927-590e-4cda-b301-942eae762f10,,pg.template_type.quality
V9Q2X946QA52XTJG,2025-06-27 08:02:42.294115,f643f8bc-1d74-5762-901a-2e74dcd49747,bf996092-8d66-408a-8d8e-5065ca3330c2,f679f4cf-c089-4a2b-9b84-b14129630601,Concrete Placement Record,active,dbb4de33-157c-4808-bb4b-0c72819a9b64,,pg.template_type.quality
V9Q2X946QA52XTJG,2025-06-27 08:02:42.29135,a210368f-0e89-54b0-9b4a-9a095ba18d5c,bf996092-8d66-408a-8d8e-5065ca3330c2,f679f4cf-c089-4a2b-9b84-b14129630601,D-Wall Grabbing,active,80f51edf-b57c-4988-a624-203b9f8dfbbe,,pg.template_type.quality
V9Q2X946QA52XTJG,2025-07-29 04:30:33.964492,2c3f817b-a29a-5167-96b9-eb115b3668ee,bf996092-8d66-408a-8d8e-5065ca3330c2,f679f4cf-c089-4a2b-9b84-b14129630601,Bore Hole Checklist,active,,dc7bcadc-4859-4580-aeb7-5672ee616951,pg.template_type.quality
V9Q2X946QA52XTJG,2025-06-27 08:02:42.32837,fd67923a-bf29-5510-be7f-fb04d4a5990e,bf996092-8d66-408a-8d8e-5065ca3330c2,f679f4cf-c089-4a2b-9b84-b14129630601,Guide Wall Pour Card Checklist,active,,d33244a3-80fd-4587-a2eb-38f728057b7d,pg.template_type.quality
V9Q2X946QA52XTJG,2025-05-19 05:14:46.239384,1cd6f342-b7b9-48f1-9405-016992cfb1fa,bf996092-8d66-408a-8d8e-5065ca3330c2,ada6015d-9fce-4f2c-b20f-fc9122d2face,Anchor Bracket Fixing Checklist with fastener,inactive,bbc3e507-b54c-4c22-93f8-571dd6540478,,
V9Q2X946QA52XTJG,2025-05-19 05:14:46.28796,97da64ea-1a92-4f89-88c4-f35f197d3f5d,bf996092-8d66-408a-8d8e-5065ca3330c2,ada6015d-9fce-4f2c-b20f-fc9122d2face,Anchor Acceptance Test Trial Anchor,inactive,f1a49ed4-caff-470f-9a13-bdef99026d00,,
V9Q2X946QA52XTJG,2025-05-19 05:14:46.338917,2d3caa2f-0013-4b71-bf47-1845ec880a64,bf996092-8d66-408a-8d8e-5065ca3330c2,ada6015d-9fce-4f2c-b20f-fc9122d2face,Tool Box Talk,inactive,deda518c-98c6-47ba-bc33-186d5c41e78a,,
V9Q2X946QA52XTJG,2025-05-19 05:18:14.35528,52321506-b993-5e69-9fc8-51cacaad0417,bf996092-8d66-408a-8d8e-5065ca3330c2,ada6015d-9fce-4f2c-b20f-fc9122d2face,Anchor Bracket Fixing Checklist with fastener,active,b4095204-da16-41fc-a1e0-36097b5f2e49,,pg.template_type.quality
V9Q2X946QA52XTJG,2025-05-19 05:18:14.287439,14b9f733-377d-519b-a363-77d490a20917,bf996092-8d66-408a-8d8e-5065ca3330c2,ada6015d-9fce-4f2c-b20f-fc9122d2face,Anchor Grouting,active,98484454-9ede-4121-893b-fcd06c00ff38,,pg.template_type.quality
V9Q2X946QA52XTJG,2025-05-19 05:18:14.285725,2b924f23-f749-5c6e-abaa-6ddcd93e6ad1,bf996092-8d66-408a-8d8e-5065ca3330c2,ada6015d-9fce-4f2c-b20f-fc9122d2face,D-Wall Grabbing,active,1ccd0027-598a-435e-bb99-4485b24f5cde,,pg.template_type.quality
V9Q2X946QA52XTJG,2025-05-19 05:18:13.792763,e2b6abf0-c6cb-5b54-885c-9191e55564aa,bf996092-8d66-408a-8d8e-5065ca3330c2,ada6015d-9fce-4f2c-b20f-fc9122d2face,Lifts - Other Cut-Outs Dimensions Checklist,active,99719eaa-6a17-4742-9ef7-ee5185ac5da5,,pg.template_type.quality
V9Q2X946QA52XTJG,2025-05-19 05:20:50.545975,4ef82290-758e-55cc-82cf-64f939094f1f,bf996092-8d66-408a-8d8e-5065ca3330c2,ada6015d-9fce-4f2c-b20f-fc9122d2face,Guide Wall Pour Card Checklist,active,,3ecab9a7-91e7-4fdd-9ace-c41e3280c9b9,pg.template_type.quality
V9Q2X946QA52XTJG,2025-05-19 05:19:22.467937,bd18eae4-d101-59da-8675-ccbe63245442,bf996092-8d66-408a-8d8e-5065ca3330c2,ada6015d-9fce-4f2c-b20f-fc9122d2face,Bore Hole Checklist,active,,6e5d295b-dacb-466c-9124-38e4d13b34bc,pg.template_type.quality
V9Q2X946QA52XTJG,2025-06-27 07:44:06.284164,5c127cac-cd92-5405-b0a1-4e5b45588c14,bf996092-8d66-408a-8d8e-5065ca3330c2,967e785d-d83c-490b-8d6a-2ed926c956ac,Pour Card Checklist,active,,6666eff2-5c57-4cd2-a1cb-8474337fd6a7,pg.template_type.quality
P6VEMMUUKNDV,2025-06-27 05:12:23.944039,f4b4f9aa-7961-51eb-bd44-57c467083521,bf996092-8d66-408a-8d8e-5065ca3330c2,f6ab14eb-1a66-4ea5-8a0f-0afbda444403,Monitoring For Ladders Checklist,active,,45acec2c-8f44-4157-9cfb-87c7da2b757c,pg.template_type.safety
P6VEMMUUKNDV,2025-06-27 05:15:35.975809,1d07fca7-096d-5c8f-b762-2fc52db15fbf,bf996092-8d66-408a-8d8e-5065ca3330c2,f6ab14eb-1a66-4ea5-8a0f-0afbda444403,Monitoring For Labor Camp Checklist,active,,c6e16125-76c5-4b55-b0d7-839151cfbdfe,pg.template_type.safety
P6VEMMUUKNDV,2025-06-27 05:17:48.015054,1ea727b7-db1a-5a44-b7d4-db63fca07b20,bf996092-8d66-408a-8d8e-5065ca3330c2,f6ab14eb-1a66-4ea5-8a0f-0afbda444403,Monitoring For Electrical Works Checklist,active,,2668f1a9-962d-4b12-a890-590758d76843,pg.template_type.safety
V9Q2X946QA52XTJG,2025-06-27 06:30:48.856785,ac87a24d-12eb-5a2b-bec5-b73588cf3108,bf996092-8d66-408a-8d8e-5065ca3330c2,23142979-9fb6-4fd3-bd82-62d7e0add75f,Monitoring For Scaffolding Checklist,active,,7c02582b-59a2-4c83-b37d-80df0d1533fa,pg.template_type.safety
V9Q2X946QA52XTJG,2025-06-27 06:31:31.778026,23e3bcc7-97bd-5962-84ef-ca8520876c66,bf996092-8d66-408a-8d8e-5065ca3330c2,23142979-9fb6-4fd3-bd82-62d7e0add75f,Monitoring For Personal Protective Equipment Checklist,active,,2b302221-3d79-4045-8527-2fd1e1f51eff,pg.template_type.safety
V9Q2X946QA52XTJG,2025-06-27 06:32:22.769097,e9d1d210-acab-54b6-8138-9f7c4720bfee,bf996092-8d66-408a-8d8e-5065ca3330c2,23142979-9fb6-4fd3-bd82-62d7e0add75f,Monitoring For Operations Of Power Hand Tool & Other Equipment Checklist,active,,08e77f14-6753-4670-9f52-5c16a074c624,pg.template_type.safety
V9Q2X946QA52XTJG,2025-06-27 06:33:06.273605,3386d62b-b62e-59dd-8614-845e8fac05bc,bf996092-8d66-408a-8d8e-5065ca3330c2,23142979-9fb6-4fd3-bd82-62d7e0add75f,Monitoring For Mobile Crane Operation Checklist,active,,099d20d5-6a45-4a46-a92f-0626ba328d19,pg.template_type.safety
V9Q2X946QA52XTJG,2025-06-27 06:33:41.983856,0562ecdc-36c8-5811-85b6-e382c365d6a0,bf996092-8d66-408a-8d8e-5065ca3330c2,23142979-9fb6-4fd3-bd82-62d7e0add75f,Monitoring For Machine Safeguarding Checklist,active,,b99c3ad3-5a62-46f1-a9c5-9762b0da1732,pg.template_type.safety
V9Q2X946QA52XTJG,2025-06-27 06:34:15.682371,2b38b8e1-d1a9-52ee-acb9-2c29db4e4640,bf996092-8d66-408a-8d8e-5065ca3330c2,23142979-9fb6-4fd3-bd82-62d7e0add75f,Monitoring For Ladders Checklist,active,,7b2bd3a9-6585-42f5-91b8-864efb114391,pg.template_type.safety
V9Q2X946QA52XTJG,2025-06-27 06:36:53.119347,6818d75e-7610-5fef-a998-c38e356d528a,bf996092-8d66-408a-8d8e-5065ca3330c2,23142979-9fb6-4fd3-bd82-62d7e0add75f,Monitoring For Labor Camp Checklist,active,,cd7f354d-e320-4212-b8b7-ae81aaa043e9,pg.template_type.safety
V9Q2X946QA52XTJG,2025-06-27 06:38:06.470538,7bb88ec7-28e6-5ed3-a551-acb966ea07ba,bf996092-8d66-408a-8d8e-5065ca3330c2,23142979-9fb6-4fd3-bd82-62d7e0add75f,Monitoring For Equipment/ Vehicles Fitness Checklist,active,,3a43d7af-ab63-405e-abaa-c6a788e2ae63,pg.template_type.safety
V9Q2X946QA52XTJG,2025-06-27 06:38:50.149052,42587e85-b64c-54e6-9df5-a5b26391b03c,bf996092-8d66-408a-8d8e-5065ca3330c2,23142979-9fb6-4fd3-bd82-62d7e0add75f,Monitoring For Electrical Works Checklist,active,,4de21bc1-b42e-4496-ba7b-a3c45581a3c1,pg.template_type.safety
V9Q2X946QA52XTJG,2025-06-27 06:41:33.478336,7e59f110-0ef7-5074-9108-fdbfeab0abb0,bf996092-8d66-408a-8d8e-5065ca3330c2,23142979-9fb6-4fd3-bd82-62d7e0add75f,Permit for Hot Works Checklist,active,,d7586bfb-207c-4c3c-8183-74c51076cbcc,pg.template_type.safety
V9Q2X946QA52XTJG,2025-06-27 06:42:22.682686,48fbd44a-8add-57ea-9714-facee2aa88ad,bf996092-8d66-408a-8d8e-5065ca3330c2,23142979-9fb6-4fd3-bd82-62d7e0add75f,Permit For Excavation Work Checklist,active,,d6bf68ec-58ea-4ed6-b911-06b070a15df6,pg.template_type.safety
V9Q2X946QA52XTJG,2025-06-27 07:35:27.907494,b06325eb-49e0-5d80-b91e-3ac01a402d56,bf996092-8d66-408a-8d8e-5065ca3330c2,23142979-9fb6-4fd3-bd82-62d7e0add75f,Permit for Confined Space Work Checklist,active,,0f1409d0-101b-4d88-89cf-1509c9479f78,pg.template_type.safety
V9Q2X946QA52XTJG,2025-06-27 06:50:35.162478,e131c34e-d75e-552f-9bf0-7e27d39b82c4,bf996092-8d66-408a-8d8e-5065ca3330c2,23142979-9fb6-4fd3-bd82-62d7e0add75f,Plumbing Work Checklist,active,,8b10559e-bdaf-47f8-9907-fec955339d27,pg.template_type.quality
V9Q2X946QA52XTJG,2025-06-28 04:32:40.010694,2364116e-65a3-5356-a958-5f3248fa41c3,bf996092-8d66-408a-8d8e-5065ca3330c2,2f551e7d-05e6-4bfc-8ee1-0ef3a8487c11,Monitoring For Personal Protective Equipment Checklist,active,,60b663af-0195-4f1c-9ad7-ef4d73c0c383,pg.template_type.safety
V9Q2X946QA52XTJG,2025-06-28 04:33:55.552697,640a5d38-be96-573d-a740-e164b96f6e43,bf996092-8d66-408a-8d8e-5065ca3330c2,2f551e7d-05e6-4bfc-8ee1-0ef3a8487c11,Monitoring For Operations Of Power Hand Tool & Other Equipment Checklist,active,,7d87e78a-a286-4c20-8f92-676ebdee09bc,pg.template_type.safety
V9Q2X946QA52XTJG,2025-06-28 04:36:25.551963,681d2bbe-8b4a-5eee-b56f-a06d02e9292b,bf996092-8d66-408a-8d8e-5065ca3330c2,2f551e7d-05e6-4bfc-8ee1-0ef3a8487c11,Monitoring For Ladders Checklist,active,,7a963ebb-b461-4052-95a0-fa960b4b91fa,pg.template_type.safety
V9Q2X946QA52XTJG,2025-06-28 04:42:45.866471,2246179c-fd3e-5ad6-9333-784e8eacc3c6,bf996092-8d66-408a-8d8e-5065ca3330c2,2f551e7d-05e6-4bfc-8ee1-0ef3a8487c11,Monitoring For Equipment/ Vehicles Fitness Checklist,active,,4c18d398-50dd-4d9e-874d-43071a3d1dc2,pg.template_type.safety
V9Q2X946QA52XTJG,2025-06-28 04:43:27.390074,20690ddb-7636-5726-8cba-d5166eda7f13,bf996092-8d66-408a-8d8e-5065ca3330c2,2f551e7d-05e6-4bfc-8ee1-0ef3a8487c11,Monitoring For Electrical Works Checklist,active,,c866b301-a4a3-4d9c-866b-66dea047bfae,pg.template_type.safety
V9Q2X946QA52XTJG,2025-06-28 04:44:10.801507,af57cc65-87fb-5337-a9d5-f54c2f6bc11a,bf996092-8d66-408a-8d8e-5065ca3330c2,2f551e7d-05e6-4bfc-8ee1-0ef3a8487c11,Permit For Working At Night Checklist,active,,ed19f778-0a9d-4dc0-9f3e-ab82be87027c,pg.template_type.safety
V9Q2X946QA52XTJG,2025-06-28 04:46:29.861026,281cea64-dfd8-53ab-b46f-26e45de75a10,bf996092-8d66-408a-8d8e-5065ca3330c2,2f551e7d-05e6-4bfc-8ee1-0ef3a8487c11,Permit For Working At Height Checklist,active,,c4adbe43-b40a-4397-b529-c79165e522b9,pg.template_type.safety
V9Q2X946QA52XTJG,2025-06-28 04:51:40.90014,8ab04f2a-36c2-50c0-91c8-bdf936710e87,bf996092-8d66-408a-8d8e-5065ca3330c2,2f551e7d-05e6-4bfc-8ee1-0ef3a8487c11,Permit for Confined Space Work Checklist,active,,4f08cf74-7a45-4add-b702-56c2461052bf,pg.template_type.safety
V9Q2X946QA52XTJG,2025-06-28 04:58:36.269481,dd9b855c-49e6-58f6-b4bf-7269c740d11d,bf996092-8d66-408a-8d8e-5065ca3330c2,2f551e7d-05e6-4bfc-8ee1-0ef3a8487c11,Guide Wall Pour Card Checklist,active,,ce8a9ab5-f2ab-4859-9390-6dc81ab00756,pg.template_type.quality
V9Q2X946QA52XTJG,2025-06-28 04:59:16.47426,0888c453-6008-57dc-985c-594dda361f7f,bf996092-8d66-408a-8d8e-5065ca3330c2,2f551e7d-05e6-4bfc-8ee1-0ef3a8487c11,Bore Hole Checklist,active,,78f3cbcb-7895-400f-a4c4-503c03165c02,pg.template_type.quality
V9Q2X946QA52XTJG,2025-06-28 05:00:18.709115,cc34fb36-b454-50ea-802d-3d0bfeea499f,bf996092-8d66-408a-8d8e-5065ca3330c2,2f551e7d-05e6-4bfc-8ee1-0ef3a8487c11,Plumbing Work Checklist,active,,55784d5f-7c8e-492f-91d9-80a71385940e,pg.template_type.quality
V9Q2X946QA52XTJG,2025-06-28 05:01:19.448022,17bb1e84-edab-5e4c-b2a8-f304c52159c4,bf996092-8d66-408a-8d8e-5065ca3330c2,2f551e7d-05e6-4bfc-8ee1-0ef3a8487c11,MV Panel Work Checklist,active,,29b97031-f35f-4778-83af-cc1fe1b9531d,pg.template_type.quality
V9Q2X946QA52XTJG,2025-06-28 05:03:24.211794,c070f195-b7f1-5f88-b4c6-5bb5800fe576,bf996092-8d66-408a-8d8e-5065ca3330c2,2f551e7d-05e6-4bfc-8ee1-0ef3a8487c11,GI Box Work Checklist,active,,e39538fa-e629-4c26-890a-bfa0dc49f916,pg.template_type.quality
V9Q2X946QA52XTJG,2025-06-28 05:03:59.69971,c59ebdf6-7ecc-50f2-983d-04b7e32e63cb,bf996092-8d66-408a-8d8e-5065ca3330c2,2f551e7d-05e6-4bfc-8ee1-0ef3a8487c11,Earthing Work Checklist,active,,3a6719d8-4923-47cf-8783-fcd548a0b74b,pg.template_type.quality
V9Q2X946QA52XTJG,2025-06-28 05:04:49.040278,50e229f9-a767-591c-9ab9-cc10a8e97b14,bf996092-8d66-408a-8d8e-5065ca3330c2,2f551e7d-05e6-4bfc-8ee1-0ef3a8487c11,Conduiting Work Checklist,active,,ec167da6-aa20-4dba-92b8-bbb838aa1f12,pg.template_type.quality
V9Q2X946QA52XTJG,2025-06-28 05:05:16.055403,a6d6bbde-62d8-522c-9682-4b058cab763d,bf996092-8d66-408a-8d8e-5065ca3330c2,2f551e7d-05e6-4bfc-8ee1-0ef3a8487c11,Cable Work Checklist,active,,083ddb3b-63af-4361-9e2e-da18fab41607,pg.template_type.quality
V9Q2X946QA52XTJG,2025-06-28 05:08:20.919043,a10e4e26-fddb-52d7-a3c7-1da3139070ee,bf996092-8d66-408a-8d8e-5065ca3330c2,2f551e7d-05e6-4bfc-8ee1-0ef3a8487c11,Wood Work Checklist,active,,4de5e697-1606-45a6-83e3-f5e44d548a24,pg.template_type.quality
V9Q2X946QA52XTJG,2025-06-28 05:09:44.6184,d6c5c6a0-d8c5-577a-8a0b-eb7495aa5168,bf996092-8d66-408a-8d8e-5065ca3330c2,2f551e7d-05e6-4bfc-8ee1-0ef3a8487c11,Waterproofing Checklist (Terrace),active,,396cd1fa-b60b-4baa-9d66-df47c8f260a5,pg.template_type.quality
V9Q2X946QA52XTJG,2025-06-28 05:10:47.003997,e941a2e9-6227-54ee-9e25-3a6ccb5438b2,bf996092-8d66-408a-8d8e-5065ca3330c2,2f551e7d-05e6-4bfc-8ee1-0ef3a8487c11,Waterproofing Checklist (Balcony Sunken),active,,8efd1d42-1918-47f6-98d6-a87d970401d8,pg.template_type.quality
V9Q2X946QA52XTJG,2025-06-28 05:12:13.346744,0db609d3-aeb2-555f-8bb3-1251c67cf247,bf996092-8d66-408a-8d8e-5065ca3330c2,2f551e7d-05e6-4bfc-8ee1-0ef3a8487c11,VD Flooring Checklist,active,,89f3a57e-f4e5-461f-9b1c-fe1b8bf8f582,pg.template_type.quality
V9Q2X946QA52XTJG,2025-06-28 05:13:37.313639,8e220c2f-0a06-5500-82c2-a85e399fe14e,bf996092-8d66-408a-8d8e-5065ca3330c2,2f551e7d-05e6-4bfc-8ee1-0ef3a8487c11,Tile Flooring Checklist (Vitrified/Ceramic),active,,83062cc4-5558-452d-aaee-980d36d00844,pg.template_type.quality
V9Q2X946QA52XTJG,2025-06-28 05:14:44.043637,0ab16f4f-8f96-59a7-a59c-fa4054469e57,bf996092-8d66-408a-8d8e-5065ca3330c2,2f551e7d-05e6-4bfc-8ee1-0ef3a8487c11,SS Railing Work Checklist (Balcony / Staircase),active,,0d5eeaf8-d12d-4188-9f1b-46af8d43c0c9,pg.template_type.quality
V9Q2X946QA52XTJG,2025-06-28 05:18:49.592765,6430d671-7ec8-5d0c-b17e-c5cdcc7d4ea4,bf996092-8d66-408a-8d8e-5065ca3330c2,2f551e7d-05e6-4bfc-8ee1-0ef3a8487c11,Marble Flooring Checklist,active,,51be993f-7156-4246-baff-e92a54f63da0,pg.template_type.quality
V9Q2X946QA52XTJG,2025-06-28 05:20:01.87744,f9d972ee-eee4-554d-a647-33f427389c2e,bf996092-8d66-408a-8d8e-5065ca3330c2,2f551e7d-05e6-4bfc-8ee1-0ef3a8487c11,IPS Work Checklist,active,,6540963f-dc33-48fe-8cab-0cc248444245,pg.template_type.quality
V9Q2X946QA52XTJG,2025-06-28 05:22:35.762828,b7edd60e-3955-50e2-91c7-d8a41fde2637,bf996092-8d66-408a-8d8e-5065ca3330c2,2f551e7d-05e6-4bfc-8ee1-0ef3a8487c11,GRC Works Checklist,active,,6813f5a2-4675-4210-8cdf-3699cadb949c,pg.template_type.quality
V9Q2X946QA52XTJG,2025-06-28 05:24:36.478378,d48cff29-9c6f-5eb9-9ea1-ba5ed2e1ce32,bf996092-8d66-408a-8d8e-5065ca3330c2,2f551e7d-05e6-4bfc-8ee1-0ef3a8487c11,Foam Concrete Checklist,active,,d609ecc9-7087-4acc-84a3-c21ac5d5309e,pg.template_type.quality
V9Q2X946QA52XTJG,2025-06-28 05:27:49.951849,5f29612f-aedb-54d1-9f27-d9286d007000,bf996092-8d66-408a-8d8e-5065ca3330c2,2f551e7d-05e6-4bfc-8ee1-0ef3a8487c11,External Plaster Checklist,active,,d77db3d0-2b6e-4c81-853e-39973bcac2be,pg.template_type.quality
V9Q2X946QA52XTJG,2025-06-28 05:37:02.787838,79c96651-a28f-5c87-a047-1f76caafb9a4,bf996092-8d66-408a-8d8e-5065ca3330c2,2f551e7d-05e6-4bfc-8ee1-0ef3a8487c11, Door Windows Checklist,active,,877cfb0a-0122-4dad-b091-106294d16c0d,pg.template_type.quality
V9Q2X946QA52XTJG,2025-06-28 05:40:42.735151,ab6cd885-d11b-5483-9389-ea71564a97b2,bf996092-8d66-408a-8d8e-5065ca3330c2,2f551e7d-05e6-4bfc-8ee1-0ef3a8487c11,AAC Block Masonry Checklist,active,,0ec31182-d35f-4458-9238-ccf2b856ee9b,pg.template_type.quality
V9Q2X946QA52XTJG,2025-07-05 07:19:36.383669,8a92b628-4072-540a-86c7-dde1c2a5b5e3,bf996092-8d66-408a-8d8e-5065ca3330c2,23142979-9fb6-4fd3-bd82-62d7e0add75f,Bill Submission Checklist - Submittals,active,93612d7e-d07b-43b2-87a4-279fb8126861,,pg.template_type.other
V9Q2X946QA52XTJG,2025-07-05 07:31:12.677018,e849ec19-fcca-58b9-aeb6-bba36cef02bf,bf996092-8d66-408a-8d8e-5065ca3330c2,2f551e7d-05e6-4bfc-8ee1-0ef3a8487c11,Bill Submission Checklist - Submittals,active,3040ff5c-45f5-45a8-9724-831e40a7191b,,pg.template_type.other
V9Q2X946QA52XTJG,2025-07-05 07:31:24.405472,8a4569c7-083e-5c11-a154-b072b4037b4d,bf996092-8d66-408a-8d8e-5065ca3330c2,77d5fb8c-5d83-4fa8-8c81-169306f7a8f7,Bill Submission Checklist - Submittals,active,5e85b116-6636-4dd2-a3b9-5df22f504abb,,pg.template_type.other
