id,bim360_account_id,bim360_project_id,meeting_id,autodesk_id,type,status,created_by,updated_by,created_at,updated_at,deleted_at
81a91b71-9d66-4089-9a73-5de5ac55eade,bf996092-8d66-408a-8d8e-5065ca3330c2,f6ab14eb-1a66-4ea5-8a0f-0afbda444403,d10bfd86-87e0-4523-9a74-09dc032f8dce,ACNJW4H2RJFR53AV,organizer,,ACNJW4H2RJFR53AV,ACNJW4H2RJFR53AV,2025-05-30 06:47:57,2025-05-30 06:47:57,
06ac5b24-ee73-4098-89d1-21096fda659f,bf996092-8d66-408a-8d8e-5065ca3330c2,ada6015d-9fce-4f2c-b20f-fc9122d2face,5d82b82c-facc-4ee1-9354-2b8d2ab74ab3,3NH2Q57QKQWJE37V,organizer,,3NH2Q57QKQWJE37V,3NH2Q57QKQWJE37V,2025-05-30 06:47:50,2025-05-30 06:47:50,
e789bf93-1583-4526-8d2b-611c50bd27eb,bf996092-8d66-408a-8d8e-5065ca3330c2,ada6015d-9fce-4f2c-b20f-fc9122d2face,2a1adb93-2045-4b29-844f-ca925a5a4401,V9Q2X946QA52XTJG,organizer,present,V9Q2X946QA52XTJG,V9Q2X946QA52XTJG,2025-05-30 06:47:14,2025-05-30 06:52:21,
a6592a6e-f088-4704-b992-167c3a897d43,bf996092-8d66-408a-8d8e-5065ca3330c2,ada6015d-9fce-4f2c-b20f-fc9122d2face,2a1adb93-2045-4b29-844f-ca925a5a4401,3NH2Q57QKQWJE37V,invitee,present,V9Q2X946QA52XTJG,V9Q2X946QA52XTJG,2025-05-30 06:48:27,2025-05-30 06:52:14,
b45a1a41-1305-4b83-b913-67d32255bca7,bf996092-8d66-408a-8d8e-5065ca3330c2,ada6015d-9fce-4f2c-b20f-fc9122d2face,2a1adb93-2045-4b29-844f-ca925a5a4401,CMJ2N3U8MSMRM8ZA,invitee,present,V9Q2X946QA52XTJG,V9Q2X946QA52XTJG,2025-05-30 06:48:27,2025-05-30 06:52:12,
4d67587d-4eb8-45fe-90a5-39abf6dcd5c4,bf996092-8d66-408a-8d8e-5065ca3330c2,ada6015d-9fce-4f2c-b20f-fc9122d2face,2a1adb93-2045-4b29-844f-ca925a5a4401,DQ72WAMCK3PT3T58,invitee,present,V9Q2X946QA52XTJG,V9Q2X946QA52XTJG,2025-05-30 06:48:27,2025-05-30 06:52:15,
615a3d12-a18e-4247-93b9-d41350134484,bf996092-8d66-408a-8d8e-5065ca3330c2,ada6015d-9fce-4f2c-b20f-fc9122d2face,2a1adb93-2045-4b29-844f-ca925a5a4401,H4J29KZBMAKAE737,invitee,present,V9Q2X946QA52XTJG,V9Q2X946QA52XTJG,2025-05-30 06:48:27,2025-05-30 06:52:09,
07cd39a8-0cdb-4abf-be51-82d158c30329,bf996092-8d66-408a-8d8e-5065ca3330c2,ada6015d-9fce-4f2c-b20f-fc9122d2face,2a1adb93-2045-4b29-844f-ca925a5a4401,DX6J5SASN4NA66QN,invitee,missing,V9Q2X946QA52XTJG,V9Q2X946QA52XTJG,2025-05-30 06:48:27,2025-05-30 06:52:20,
34ca119d-5b75-4aa1-960b-f5e013d03540,bf996092-8d66-408a-8d8e-5065ca3330c2,ada6015d-9fce-4f2c-b20f-fc9122d2face,567d4462-095c-4030-a049-1f8ebd87af3e,DX6J5SASN4NA66QN,invitee,missing,V9Q2X946QA52XTJG,V9Q2X946QA52XTJG,2025-05-30 06:54:39,2025-05-30 06:54:39,
07261870-d806-4177-9d73-69af792719be,bf996092-8d66-408a-8d8e-5065ca3330c2,ada6015d-9fce-4f2c-b20f-fc9122d2face,567d4462-095c-4030-a049-1f8ebd87af3e,CMJ2N3U8MSMRM8ZA,invitee,missing,V9Q2X946QA52XTJG,V9Q2X946QA52XTJG,2025-05-30 06:54:39,2025-05-30 06:54:39,
3f2397ef-5d27-4511-824a-f704b278121b,bf996092-8d66-408a-8d8e-5065ca3330c2,ada6015d-9fce-4f2c-b20f-fc9122d2face,567d4462-095c-4030-a049-1f8ebd87af3e,H4J29KZBMAKAE737,invitee,missing,V9Q2X946QA52XTJG,V9Q2X946QA52XTJG,2025-05-30 06:54:39,2025-05-30 06:54:39,
0c04461e-1cac-49f3-9f17-f9fd01f06b21,bf996092-8d66-408a-8d8e-5065ca3330c2,ada6015d-9fce-4f2c-b20f-fc9122d2face,567d4462-095c-4030-a049-1f8ebd87af3e,V9Q2X946QA52XTJG,organizer,missing,V9Q2X946QA52XTJG,V9Q2X946QA52XTJG,2025-05-30 06:54:39,2025-05-30 06:54:39,
958f1750-88cb-4c65-9252-686aae09826b,bf996092-8d66-408a-8d8e-5065ca3330c2,ada6015d-9fce-4f2c-b20f-fc9122d2face,567d4462-095c-4030-a049-1f8ebd87af3e,DQ72WAMCK3PT3T58,invitee,missing,V9Q2X946QA52XTJG,V9Q2X946QA52XTJG,2025-05-30 06:54:39,2025-05-30 06:54:39,
379f70b5-8a8c-49e6-9128-4d1975c95245,bf996092-8d66-408a-8d8e-5065ca3330c2,ada6015d-9fce-4f2c-b20f-fc9122d2face,567d4462-095c-4030-a049-1f8ebd87af3e,3NH2Q57QKQWJE37V,invitee,missing,V9Q2X946QA52XTJG,V9Q2X946QA52XTJG,2025-05-30 06:54:39,2025-05-30 06:54:39,
724aa477-262d-4d35-affc-91d122a766d0,bf996092-8d66-408a-8d8e-5065ca3330c2,ada6015d-9fce-4f2c-b20f-fc9122d2face,567d4462-095c-4030-a049-1f8ebd87af3e,S8W2PRCHQXETHD6D,invitee,missing,V9Q2X946QA52XTJG,V9Q2X946QA52XTJG,2025-05-30 06:55:42,2025-05-30 06:55:42,
2bc19a6e-9c88-4b30-b794-b4a4ccc02f8a,bf996092-8d66-408a-8d8e-5065ca3330c2,ada6015d-9fce-4f2c-b20f-fc9122d2face,b83a17db-25d2-4104-bdc4-8ac64304a3bc,CMJ2N3U8MSMRM8ZA,invitee,missing,V9Q2X946QA52XTJG,V9Q2X946QA52XTJG,2025-04-03 10:56:55,2025-04-03 10:56:55,
ef34b6f8-1213-4629-81bd-7fd64e3bd664,bf996092-8d66-408a-8d8e-5065ca3330c2,ada6015d-9fce-4f2c-b20f-fc9122d2face,b83a17db-25d2-4104-bdc4-8ac64304a3bc,V9Q2X946QA52XTJG,organizer,missing,V9Q2X946QA52XTJG,V9Q2X946QA52XTJG,2025-04-03 10:56:55,2025-04-03 10:56:55,
0d294e3c-1941-45fb-baa4-5e1b596fa42a,bf996092-8d66-408a-8d8e-5065ca3330c2,ada6015d-9fce-4f2c-b20f-fc9122d2face,b83a17db-25d2-4104-bdc4-8ac64304a3bc,Z3429E4KRUPBNHD4,invitee,missing,V9Q2X946QA52XTJG,V9Q2X946QA52XTJG,2025-04-03 10:56:55,2025-04-03 10:56:55,
0361640a-d351-46ee-9b3d-3614d9654937,bf996092-8d66-408a-8d8e-5065ca3330c2,ada6015d-9fce-4f2c-b20f-fc9122d2face,20aa6fbd-0e8d-4260-abbb-915525b6cb9a,CMJ2N3U8MSMRM8ZA,organizer,,CMJ2N3U8MSMRM8ZA,CMJ2N3U8MSMRM8ZA,2025-05-08 06:04:24,2025-05-08 06:04:24,
341b9b7e-79c8-485b-baf9-675721ec55f1,bf996092-8d66-408a-8d8e-5065ca3330c2,ada6015d-9fce-4f2c-b20f-fc9122d2face,20aa6fbd-0e8d-4260-abbb-915525b6cb9a,V9Q2X946QA52XTJG,invitee,missing,CMJ2N3U8MSMRM8ZA,CMJ2N3U8MSMRM8ZA,2025-05-08 06:05:11,2025-05-08 06:05:11,
cebafd35-2ade-4d26-94bc-b3651212581d,bf996092-8d66-408a-8d8e-5065ca3330c2,ada6015d-9fce-4f2c-b20f-fc9122d2face,20aa6fbd-0e8d-4260-abbb-915525b6cb9a,DQ72WAMCK3PT3T58,invitee,missing,CMJ2N3U8MSMRM8ZA,CMJ2N3U8MSMRM8ZA,2025-05-08 06:05:11,2025-05-08 06:05:11,
ee15c4cf-b043-42ec-8398-077e5ed3d775,bf996092-8d66-408a-8d8e-5065ca3330c2,ada6015d-9fce-4f2c-b20f-fc9122d2face,b628b131-83cb-40b9-ac15-13b2b6d81480,V9Q2X946QA52XTJG,organizer,present,V9Q2X946QA52XTJG,V9Q2X946QA52XTJG,2025-05-08 06:19:47,2025-05-08 06:31:13,
473616b7-f019-4e42-ab4e-895914977ba8,bf996092-8d66-408a-8d8e-5065ca3330c2,2f551e7d-05e6-4bfc-8ee1-0ef3a8487c11,3bf70d25-fe70-45c4-b5ec-58663d6b6fd6,M3S24VBQJBGLZH2B,organizer,,M3S24VBQJBGLZH2B,M3S24VBQJBGLZH2B,2025-07-31 09:38:08,2025-07-31 09:38:08,
a3ad109c-d3dd-42e2-b6c7-3af25a4aa4d8,bf996092-8d66-408a-8d8e-5065ca3330c2,ada6015d-9fce-4f2c-b20f-fc9122d2face,682021fa-69d1-4ea7-a040-dac2551bb6f3,3NH2Q57QKQWJE37V,invitee,missing,M3S24VBQJBGLZH2B,M3S24VBQJBGLZH2B,2025-07-31 09:45:11,2025-07-31 09:45:11,
75b2b913-000d-466d-b31b-b7b65901f1b6,bf996092-8d66-408a-8d8e-5065ca3330c2,ada6015d-9fce-4f2c-b20f-fc9122d2face,682021fa-69d1-4ea7-a040-dac2551bb6f3,CMJ2N3U8MSMRM8ZA,invitee,missing,M3S24VBQJBGLZH2B,M3S24VBQJBGLZH2B,2025-07-31 09:45:11,2025-07-31 09:45:11,
b1d3d896-01c7-4fb8-b36e-f75cbe3905f2,bf996092-8d66-408a-8d8e-5065ca3330c2,ada6015d-9fce-4f2c-b20f-fc9122d2face,682021fa-69d1-4ea7-a040-dac2551bb6f3,M3S24VBQJBGLZH2B,organizer,missing,M3S24VBQJBGLZH2B,M3S24VBQJBGLZH2B,2025-07-31 09:45:11,2025-07-31 09:45:11,
1210c93f-c905-4dd4-b404-1503324f3a50,bf996092-8d66-408a-8d8e-5065ca3330c2,ada6015d-9fce-4f2c-b20f-fc9122d2face,5919a53f-9ef2-4806-b5c2-87af72275970,CMJ2N3U8MSMRM8ZA,invitee,missing,M3S24VBQJBGLZH2B,M3S24VBQJBGLZH2B,2025-07-31 09:39:28,2025-07-31 09:39:28,
96045b05-d115-4dac-bbc4-766e3afef5a7,bf996092-8d66-408a-8d8e-5065ca3330c2,ada6015d-9fce-4f2c-b20f-fc9122d2face,5919a53f-9ef2-4806-b5c2-87af72275970,M3S24VBQJBGLZH2B,organizer,present,M3S24VBQJBGLZH2B,M3S24VBQJBGLZH2B,2025-07-31 09:38:36,2025-07-31 09:42:53,
697dc6b3-bead-474e-9860-50916e3074c1,bf996092-8d66-408a-8d8e-5065ca3330c2,ada6015d-9fce-4f2c-b20f-fc9122d2face,5919a53f-9ef2-4806-b5c2-87af72275970,3NH2Q57QKQWJE37V,invitee,present,M3S24VBQJBGLZH2B,M3S24VBQJBGLZH2B,2025-07-31 09:39:28,2025-07-31 09:42:57,
4e6e7a30-a974-4e90-8915-e2a47ee9b70f,bf996092-8d66-408a-8d8e-5065ca3330c2,ada6015d-9fce-4f2c-b20f-fc9122d2face,13022148-c1bf-427a-84fd-7d20c43f3322,7XGJKR7GMJ4QN93J,organizer,,7XGJKR7GMJ4QN93J,7XGJKR7GMJ4QN93J,2025-06-05 09:32:10,2025-06-05 09:32:10,
4d81c001-fa89-475c-9e74-ee846f7e4864,bf996092-8d66-408a-8d8e-5065ca3330c2,ada6015d-9fce-4f2c-b20f-fc9122d2face,03abab20-024c-42d5-9d36-5a36042af463,E8X2CHN6NP9MT4HA,organizer,missing,E8X2CHN6NP9MT4HA,E8X2CHN6NP9MT4HA,2025-06-05 10:29:42,2025-06-05 10:29:42,
16d9e5f5-bc5e-4f3e-996a-436d06eceddc,bf996092-8d66-408a-8d8e-5065ca3330c2,ada6015d-9fce-4f2c-b20f-fc9122d2face,03abab20-024c-42d5-9d36-5a36042af463,JPRBPWYY6F8Q,invitee,missing,E8X2CHN6NP9MT4HA,E8X2CHN6NP9MT4HA,2025-06-05 10:29:42,2025-06-05 10:29:42,
e190875f-8525-4aa8-8c0f-f397f7dcb881,bf996092-8d66-408a-8d8e-5065ca3330c2,ada6015d-9fce-4f2c-b20f-fc9122d2face,f5260134-2bd9-41f0-80f6-b41e3fef4350,7XGJKR7GMJ4QN93J,organizer,missing,7XGJKR7GMJ4QN93J,CMJ2N3U8MSMRM8ZA,2025-06-05 09:36:31,2025-06-05 10:20:38,
02875576-3662-4654-b2dc-2573e9aa2cdb,bf996092-8d66-408a-8d8e-5065ca3330c2,ada6015d-9fce-4f2c-b20f-fc9122d2face,f5260134-2bd9-41f0-80f6-b41e3fef4350,CMJ2N3U8MSMRM8ZA,invitee,missing,7XGJKR7GMJ4QN93J,7XGJKR7GMJ4QN93J,2025-06-05 09:39:08,2025-06-05 10:21:19,
1732d88d-c9ef-4825-acc8-20c493080153,bf996092-8d66-408a-8d8e-5065ca3330c2,ada6015d-9fce-4f2c-b20f-fc9122d2face,f5260134-2bd9-41f0-80f6-b41e3fef4350,HJQ2F2PVKF9BT95Z,invitee,missing,7XGJKR7GMJ4QN93J,7XGJKR7GMJ4QN93J,2025-06-05 10:21:00,2025-06-05 10:21:19,
3ee54644-d103-415f-857f-cd29dfe8b3d8,bf996092-8d66-408a-8d8e-5065ca3330c2,ada6015d-9fce-4f2c-b20f-fc9122d2face,f5260134-2bd9-41f0-80f6-b41e3fef4350,YJV2UM8AM54LC85B,invitee,missing,7XGJKR7GMJ4QN93J,7XGJKR7GMJ4QN93J,2025-06-05 10:21:00,2025-06-05 10:21:19,
2754e11e-4d2d-45f2-9039-49418596dc78,bf996092-8d66-408a-8d8e-5065ca3330c2,f679f4cf-c089-4a2b-9b84-b14129630601,e41dad05-e632-4871-b558-ebca9d545769,7XGJKR7GMJ4QN93J,organizer,,7XGJKR7GMJ4QN93J,7XGJKR7GMJ4QN93J,2025-06-05 10:54:22,2025-06-05 10:54:22,
ef738a2d-84af-42d8-ab45-6766137b8438,bf996092-8d66-408a-8d8e-5065ca3330c2,f679f4cf-c089-4a2b-9b84-b14129630601,e41dad05-e632-4871-b558-ebca9d545769,DQ72WAMCK3PT3T58,invitee,present,7XGJKR7GMJ4QN93J,7XGJKR7GMJ4QN93J,2025-06-05 11:03:38,2025-06-05 11:03:50,
51f64e1e-2422-401c-81ae-a6f3aa3414b0,bf996092-8d66-408a-8d8e-5065ca3330c2,f679f4cf-c089-4a2b-9b84-b14129630601,e41dad05-e632-4871-b558-ebca9d545769,YQH2SLPMM8Q48DDT,invitee,missing,7XGJKR7GMJ4QN93J,7XGJKR7GMJ4QN93J,2025-06-05 11:03:38,2025-06-05 11:03:38,
808bc4d0-c0c1-48f8-9ba8-db06a2cb5ab3,bf996092-8d66-408a-8d8e-5065ca3330c2,f679f4cf-c089-4a2b-9b84-b14129630601,e41dad05-e632-4871-b558-ebca9d545769,CMJ2N3U8MSMRM8ZA,invitee,missing,7XGJKR7GMJ4QN93J,7XGJKR7GMJ4QN93J,2025-06-05 11:03:38,2025-06-05 11:03:38,
36b0b66b-2080-4775-882b-ff7a87db65df,bf996092-8d66-408a-8d8e-5065ca3330c2,f679f4cf-c089-4a2b-9b84-b14129630601,e41dad05-e632-4871-b558-ebca9d545769,WGZMNSNY5MBR,invitee,present,7XGJKR7GMJ4QN93J,7XGJKR7GMJ4QN93J,2025-06-05 11:03:38,2025-06-05 11:03:44,
de6b5dd5-c6bf-46d1-bec2-55ff26746f5e,bf996092-8d66-408a-8d8e-5065ca3330c2,f679f4cf-c089-4a2b-9b84-b14129630601,e41dad05-e632-4871-b558-ebca9d545769,UVZ2LVH7JFCRPWMD,invitee,present,7XGJKR7GMJ4QN93J,7XGJKR7GMJ4QN93J,2025-06-05 11:03:38,2025-06-05 11:03:47,
718c301c-0114-4791-9664-47eb25d6bcce,bf996092-8d66-408a-8d8e-5065ca3330c2,f679f4cf-c089-4a2b-9b84-b14129630601,e41dad05-e632-4871-b558-ebca9d545769,3NGJNZCXN8PBNTRV,invitee,missing,7XGJKR7GMJ4QN93J,7XGJKR7GMJ4QN93J,2025-06-05 11:14:35,2025-06-05 11:14:35,
4f3cdcec-86a7-4b7e-b78b-a0e4193b1967,bf996092-8d66-408a-8d8e-5065ca3330c2,f679f4cf-c089-4a2b-9b84-b14129630601,e41dad05-e632-4871-b558-ebca9d545769,YJV2UM8AM54LC85B,invitee,missing,7XGJKR7GMJ4QN93J,7XGJKR7GMJ4QN93J,2025-06-05 11:14:35,2025-06-05 11:14:35,
a4d38be3-bcc3-4b79-b049-4836fe452c57,bf996092-8d66-408a-8d8e-5065ca3330c2,f679f4cf-c089-4a2b-9b84-b14129630601,e41dad05-e632-4871-b558-ebca9d545769,HJQ2F2PVKF9BT95Z,invitee,missing,7XGJKR7GMJ4QN93J,7XGJKR7GMJ4QN93J,2025-06-05 11:14:35,2025-06-05 11:14:35,
af559a51-eafc-4031-9cf6-77ab15bf3651,bf996092-8d66-408a-8d8e-5065ca3330c2,f679f4cf-c089-4a2b-9b84-b14129630601,e41dad05-e632-4871-b558-ebca9d545769,3AJ2UBWNPMNWLHCM,invitee,missing,7XGJKR7GMJ4QN93J,7XGJKR7GMJ4QN93J,2025-06-05 11:14:35,2025-06-05 11:14:35,
23d57591-4d4a-4f08-b7e8-af68a14aec4b,bf996092-8d66-408a-8d8e-5065ca3330c2,ada6015d-9fce-4f2c-b20f-fc9122d2face,2f7a80e8-624f-4263-91ed-04e3f821346a,E8X2CHN6NP9MT4HA,organizer,missing,E8X2CHN6NP9MT4HA,E8X2CHN6NP9MT4HA,2025-05-30 09:53:27,2025-05-30 09:54:17,
3a84c5a6-9cd1-405a-a1f9-cbcd48bdeb71,bf996092-8d66-408a-8d8e-5065ca3330c2,ada6015d-9fce-4f2c-b20f-fc9122d2face,2f7a80e8-624f-4263-91ed-04e3f821346a,JPRBPWYY6F8Q,invitee,present,E8X2CHN6NP9MT4HA,E8X2CHN6NP9MT4HA,2025-05-30 09:54:14,2025-05-30 09:54:20,
dcb69aaa-f3eb-4d07-8461-a2fa25ed8534,bf996092-8d66-408a-8d8e-5065ca3330c2,ada6015d-9fce-4f2c-b20f-fc9122d2face,ce847fd9-5768-4625-9476-2188ba8aebd1,U732BF28QXVF87C9,organizer,missing,U732BF28QXVF87C9,U732BF28QXVF87C9,2025-04-24 09:41:08,2025-04-24 09:41:08,
70b6aa60-2cd1-45ab-ae19-c9e552a8d66e,bf996092-8d66-408a-8d8e-5065ca3330c2,ada6015d-9fce-4f2c-b20f-fc9122d2face,e38669b3-34dc-4e63-a012-506dd95651de,CMJ2N3U8MSMRM8ZA,invitee,missing,U732BF28QXVF87C9,U732BF28QXVF87C9,2025-04-24 09:41:29,2025-04-24 09:41:29,
a9aab743-59c8-4cc6-a4d2-d7ae61809ed6,bf996092-8d66-408a-8d8e-5065ca3330c2,ada6015d-9fce-4f2c-b20f-fc9122d2face,e38669b3-34dc-4e63-a012-506dd95651de,U732BF28QXVF87C9,organizer,missing,U732BF28QXVF87C9,U732BF28QXVF87C9,2025-04-24 09:41:29,2025-04-24 09:41:29,
f76c28cb-19a8-4836-8450-8a919a9d5536,bf996092-8d66-408a-8d8e-5065ca3330c2,ada6015d-9fce-4f2c-b20f-fc9122d2face,e38669b3-34dc-4e63-a012-506dd95651de,V9Q2X946QA52XTJG,invitee,missing,U732BF28QXVF87C9,U732BF28QXVF87C9,2025-04-24 09:41:29,2025-04-24 09:41:29,
85d4d2ed-b42e-4267-95d7-21642cda1010,bf996092-8d66-408a-8d8e-5065ca3330c2,ada6015d-9fce-4f2c-b20f-fc9122d2face,d45ebf10-4d8c-4ddf-8021-6041fde96c40,U732BF28QXVF87C9,organizer,,U732BF28QXVF87C9,U732BF28QXVF87C9,2025-04-24 09:36:24,2025-04-24 09:36:24,
0229bffd-1401-4226-9046-e5f63f41fc22,bf996092-8d66-408a-8d8e-5065ca3330c2,ada6015d-9fce-4f2c-b20f-fc9122d2face,d45ebf10-4d8c-4ddf-8021-6041fde96c40,CMJ2N3U8MSMRM8ZA,invitee,missing,U732BF28QXVF87C9,U732BF28QXVF87C9,2025-04-24 09:38:13,2025-04-24 09:38:13,
5f5d6a91-86c6-4a61-9d19-220eddf83e8a,bf996092-8d66-408a-8d8e-5065ca3330c2,ada6015d-9fce-4f2c-b20f-fc9122d2face,d45ebf10-4d8c-4ddf-8021-6041fde96c40,V9Q2X946QA52XTJG,invitee,missing,U732BF28QXVF87C9,U732BF28QXVF87C9,2025-04-24 09:38:30,2025-04-24 09:38:30,
f067fd42-9b68-4ec3-aa7c-e9a434033824,bf996092-8d66-408a-8d8e-5065ca3330c2,ada6015d-9fce-4f2c-b20f-fc9122d2face,1f1aecf7-0aa0-4fe7-a39c-fbb80d2c7139,U732BF28QXVF87C9,organizer,,U732BF28QXVF87C9,U732BF28QXVF87C9,2025-04-24 09:40:38,2025-04-24 09:40:38,
aa56fdbc-0a8e-4e72-9783-a507d3ef410c,bf996092-8d66-408a-8d8e-5065ca3330c2,f679f4cf-c089-4a2b-9b84-b14129630601,a505e973-8aeb-4b1b-b41b-e8dd77f972b9,YJV2UM8AM54LC85B,invitee,missing,7XGJKR7GMJ4QN93J,7XGJKR7GMJ4QN93J,2025-08-04 03:50:04,2025-08-04 03:50:04,
23cc759d-e8d0-48fb-8ab8-500a22299be6,bf996092-8d66-408a-8d8e-5065ca3330c2,f679f4cf-c089-4a2b-9b84-b14129630601,a505e973-8aeb-4b1b-b41b-e8dd77f972b9,HJQ2F2PVKF9BT95Z,invitee,missing,7XGJKR7GMJ4QN93J,7XGJKR7GMJ4QN93J,2025-08-04 03:50:04,2025-08-04 03:50:04,
09fee37a-c9ac-429d-a945-204d12cff306,bf996092-8d66-408a-8d8e-5065ca3330c2,f679f4cf-c089-4a2b-9b84-b14129630601,a505e973-8aeb-4b1b-b41b-e8dd77f972b9,3NGJNZCXN8PBNTRV,invitee,missing,7XGJKR7GMJ4QN93J,7XGJKR7GMJ4QN93J,2025-08-04 03:50:04,2025-08-04 03:50:04,
f0c71301-df81-40b3-a01e-a45c59a3a8c4,bf996092-8d66-408a-8d8e-5065ca3330c2,f679f4cf-c089-4a2b-9b84-b14129630601,a505e973-8aeb-4b1b-b41b-e8dd77f972b9,3AJ2UBWNPMNWLHCM,invitee,missing,7XGJKR7GMJ4QN93J,7XGJKR7GMJ4QN93J,2025-08-04 03:50:04,2025-08-04 03:50:04,
dda08959-fc52-424e-882b-ceb739542218,bf996092-8d66-408a-8d8e-5065ca3330c2,f679f4cf-c089-4a2b-9b84-b14129630601,a505e973-8aeb-4b1b-b41b-e8dd77f972b9,7XGJKR7GMJ4QN93J,organizer,missing,7XGJKR7GMJ4QN93J,7XGJKR7GMJ4QN93J,2025-08-04 03:50:04,2025-08-04 03:50:04,
c074cfed-902d-481c-a3ea-ed56273fdbf6,bf996092-8d66-408a-8d8e-5065ca3330c2,f679f4cf-c089-4a2b-9b84-b14129630601,a505e973-8aeb-4b1b-b41b-e8dd77f972b9,UVZ2LVH7JFCRPWMD,invitee,missing,7XGJKR7GMJ4QN93J,7XGJKR7GMJ4QN93J,2025-08-04 03:50:04,2025-08-04 03:50:04,
01f01c77-8de5-4ffe-b50f-8fc13f253f54,bf996092-8d66-408a-8d8e-5065ca3330c2,f679f4cf-c089-4a2b-9b84-b14129630601,a505e973-8aeb-4b1b-b41b-e8dd77f972b9,YQH2SLPMM8Q48DDT,invitee,missing,7XGJKR7GMJ4QN93J,7XGJKR7GMJ4QN93J,2025-08-04 03:50:04,2025-08-04 03:50:04,
e80f3719-99ca-4c61-a45c-5221b801ebff,bf996092-8d66-408a-8d8e-5065ca3330c2,f679f4cf-c089-4a2b-9b84-b14129630601,a505e973-8aeb-4b1b-b41b-e8dd77f972b9,DQ72WAMCK3PT3T58,invitee,missing,7XGJKR7GMJ4QN93J,7XGJKR7GMJ4QN93J,2025-08-04 03:50:04,2025-08-04 03:50:04,
7c7bfb0d-72ea-4490-bb4d-12b98ae87555,bf996092-8d66-408a-8d8e-5065ca3330c2,f679f4cf-c089-4a2b-9b84-b14129630601,a505e973-8aeb-4b1b-b41b-e8dd77f972b9,WGZMNSNY5MBR,invitee,missing,7XGJKR7GMJ4QN93J,7XGJKR7GMJ4QN93J,2025-08-04 03:50:04,2025-08-04 03:50:04,
60ecd139-92b1-4edb-bfa6-0bd689891470,bf996092-8d66-408a-8d8e-5065ca3330c2,f679f4cf-c089-4a2b-9b84-b14129630601,a505e973-8aeb-4b1b-b41b-e8dd77f972b9,CMJ2N3U8MSMRM8ZA,invitee,missing,7XGJKR7GMJ4QN93J,7XGJKR7GMJ4QN93J,2025-08-04 03:50:04,2025-08-04 03:50:04,
f8f04b7e-d4d9-4d57-9cb1-3b6b199b96d8,bf996092-8d66-408a-8d8e-5065ca3330c2,e9b596f2-48ee-419b-a199-da304b38c398,f947e284-c777-4f09-a56c-2b766e343e17,7UBTJ2JUZS54,organizer,,7UBTJ2JUZS54,7UBTJ2JUZS54,2025-06-12 11:38:30,2025-06-12 11:43:27,2025-06-12 11:43:27
a4314481-722d-48d9-944d-071e08d4976d,bf996092-8d66-408a-8d8e-5065ca3330c2,e9b596f2-48ee-419b-a199-da304b38c398,4021ef5d-e887-47a8-bd78-02d65db17cc0,CMJ2N3U8MSMRM8ZA,invitee,present,7UBTJ2JUZS54,7UBTJ2JUZS54,2025-07-17 08:35:29,2025-07-17 09:01:34,
f7e0bc29-46d6-436b-8fb9-c8bfc23d985a,bf996092-8d66-408a-8d8e-5065ca3330c2,e9b596f2-48ee-419b-a199-da304b38c398,4021ef5d-e887-47a8-bd78-02d65db17cc0,G5LJ2CH9PRAMRT7X,invitee,present,7UBTJ2JUZS54,7UBTJ2JUZS54,2025-07-17 08:35:29,2025-07-17 09:01:36,
cf5a8e8b-a301-4747-908a-c082473be27f,bf996092-8d66-408a-8d8e-5065ca3330c2,e9b596f2-48ee-419b-a199-da304b38c398,4021ef5d-e887-47a8-bd78-02d65db17cc0,WMZ2BALML3JQXZCF,invitee,present,7UBTJ2JUZS54,7UBTJ2JUZS54,2025-07-17 08:35:29,2025-07-17 09:01:32,
30de5dc1-f750-4f55-9ced-c6f9dcb1442f,bf996092-8d66-408a-8d8e-5065ca3330c2,e9b596f2-48ee-419b-a199-da304b38c398,4021ef5d-e887-47a8-bd78-02d65db17cc0,7UBTJ2JUZS54,organizer,present,7UBTJ2JUZS54,7UBTJ2JUZS54,2025-07-17 08:35:29,2025-07-17 09:01:31,
51becfcb-940c-4857-9894-2c6e903c96a6,bf996092-8d66-408a-8d8e-5065ca3330c2,e9b596f2-48ee-419b-a199-da304b38c398,4021ef5d-e887-47a8-bd78-02d65db17cc0,7U4JFSY4QDWLDBBX,invitee,present,7UBTJ2JUZS54,7UBTJ2JUZS54,2025-07-17 08:35:29,2025-07-17 09:01:34,
ac82f7b7-d2ad-4a8e-971a-32ab5a00e953,bf996092-8d66-408a-8d8e-5065ca3330c2,e9b596f2-48ee-419b-a199-da304b38c398,4021ef5d-e887-47a8-bd78-02d65db17cc0,DEFJY3LUP6UBKWPS,invitee,present,7UBTJ2JUZS54,7UBTJ2JUZS54,2025-07-17 08:35:29,2025-07-17 09:01:38,
d886d84b-0e84-4673-afb6-519e2e234f5a,bf996092-8d66-408a-8d8e-5065ca3330c2,e9b596f2-48ee-419b-a199-da304b38c398,4021ef5d-e887-47a8-bd78-02d65db17cc0,H4J29KZBMAKAE737,invitee,present,7UBTJ2JUZS54,7UBTJ2JUZS54,2025-07-17 08:35:29,2025-07-17 09:01:33,
f087d405-b70c-487b-bbb7-623cfc19e81f,bf996092-8d66-408a-8d8e-5065ca3330c2,e9b596f2-48ee-419b-a199-da304b38c398,4021ef5d-e887-47a8-bd78-02d65db17cc0,E8X2CHN6NP9MT4HA,invitee,present,7UBTJ2JUZS54,7UBTJ2JUZS54,2025-07-17 08:35:29,2025-07-17 09:01:35,
44405a03-0001-41f4-a532-6f5720c1d941,bf996092-8d66-408a-8d8e-5065ca3330c2,e9b596f2-48ee-419b-a199-da304b38c398,4021ef5d-e887-47a8-bd78-02d65db17cc0,EAW249MULVNEJUNK,invitee,present,7UBTJ2JUZS54,7UBTJ2JUZS54,2025-07-17 08:35:29,2025-07-17 09:01:33,
34df3d00-a3a7-40e9-a21c-bc3813463728,bf996092-8d66-408a-8d8e-5065ca3330c2,e9b596f2-48ee-419b-a199-da304b38c398,4021ef5d-e887-47a8-bd78-02d65db17cc0,S762NMGBKUB423MM,invitee,present,7UBTJ2JUZS54,7UBTJ2JUZS54,2025-07-17 08:35:29,2025-07-17 09:01:34,
9f81d53e-7ef8-47f0-8535-24b1ccdfe49c,bf996092-8d66-408a-8d8e-5065ca3330c2,e9b596f2-48ee-419b-a199-da304b38c398,4021ef5d-e887-47a8-bd78-02d65db17cc0,MLE243XQQX2UK86L,invitee,present,7UBTJ2JUZS54,7UBTJ2JUZS54,2025-07-17 08:35:29,2025-07-17 09:01:36,
cd4af488-621f-4baa-8851-16bb7f43fdfb,bf996092-8d66-408a-8d8e-5065ca3330c2,e9b596f2-48ee-419b-a199-da304b38c398,4021ef5d-e887-47a8-bd78-02d65db17cc0,7PG2TJVQJYH2TVV7,invitee,present,7UBTJ2JUZS54,7UBTJ2JUZS54,2025-07-17 08:35:29,2025-07-17 09:01:41,
da8e0b75-1b68-4a82-bd55-b7a3fa4e30ae,bf996092-8d66-408a-8d8e-5065ca3330c2,e9b596f2-48ee-419b-a199-da304b38c398,4021ef5d-e887-47a8-bd78-02d65db17cc0,D5ZKMDH5JP7L,invitee,present,7UBTJ2JUZS54,7UBTJ2JUZS54,2025-07-17 08:35:29,2025-07-17 09:01:42,
2d9ebade-4aff-450a-ac40-8ad8b7cadcf4,bf996092-8d66-408a-8d8e-5065ca3330c2,e9b596f2-48ee-419b-a199-da304b38c398,4021ef5d-e887-47a8-bd78-02d65db17cc0,JPRBPWYY6F8Q,invitee,present,7UBTJ2JUZS54,7UBTJ2JUZS54,2025-07-17 08:35:29,2025-07-17 09:01:43,
fe411ac6-5c5e-473e-9efb-7e64602527cc,bf996092-8d66-408a-8d8e-5065ca3330c2,e9b596f2-48ee-419b-a199-da304b38c398,4021ef5d-e887-47a8-bd78-02d65db17cc0,NTHFQB8P8X3C,invitee,present,7UBTJ2JUZS54,7UBTJ2JUZS54,2025-07-17 08:35:29,2025-07-17 09:01:44,
bead63fb-b195-4fb1-ae2c-b4dabd00b11c,bf996092-8d66-408a-8d8e-5065ca3330c2,e9b596f2-48ee-419b-a199-da304b38c398,4021ef5d-e887-47a8-bd78-02d65db17cc0,DQ72WAMCK3PT3T58,invitee,present,7UBTJ2JUZS54,7UBTJ2JUZS54,2025-07-17 08:35:29,2025-07-17 09:01:45,
63b959ed-62fd-4e76-8424-0c4ebfc30bf1,bf996092-8d66-408a-8d8e-5065ca3330c2,e9b596f2-48ee-419b-a199-da304b38c398,4021ef5d-e887-47a8-bd78-02d65db17cc0,DX6J5SASN4NA66QN,invitee,present,7UBTJ2JUZS54,7UBTJ2JUZS54,2025-07-17 08:35:29,2025-07-17 09:01:46,
b9918c9a-0ab2-4980-a499-5c3b82b39011,bf996092-8d66-408a-8d8e-5065ca3330c2,e9b596f2-48ee-419b-a199-da304b38c398,4021ef5d-e887-47a8-bd78-02d65db17cc0,ACNJW4H2RJFR53AV,invitee,present,7UBTJ2JUZS54,7UBTJ2JUZS54,2025-07-17 08:35:29,2025-07-17 09:01:47,
fc817bd5-8ad5-41a0-8f71-538d38614514,bf996092-8d66-408a-8d8e-5065ca3330c2,e9b596f2-48ee-419b-a199-da304b38c398,4021ef5d-e887-47a8-bd78-02d65db17cc0,TDJ2KMS3MD4GTLDN,invitee,present,7UBTJ2JUZS54,7UBTJ2JUZS54,2025-07-17 08:35:29,2025-07-17 09:01:49,
83686e24-ae72-4e85-b16f-25dfe7ec2c91,bf996092-8d66-408a-8d8e-5065ca3330c2,e9b596f2-48ee-419b-a199-da304b38c398,4021ef5d-e887-47a8-bd78-02d65db17cc0,6QZ2KANQN4NBQ45Q,invitee,present,7UBTJ2JUZS54,7UBTJ2JUZS54,2025-07-17 09:02:44,2025-07-17 09:02:49,
09e22228-a814-47fc-967a-43c19a09be4a,bf996092-8d66-408a-8d8e-5065ca3330c2,e9b596f2-48ee-419b-a199-da304b38c398,4021ef5d-e887-47a8-bd78-02d65db17cc0,SXWJ8XC9NZMVF72P,invitee,present,7UBTJ2JUZS54,7UBTJ2JUZS54,2025-07-17 09:04:35,2025-07-17 09:04:54,
e4c76aa8-fc7e-4424-bd45-d7f7573ea5ac,bf996092-8d66-408a-8d8e-5065ca3330c2,ada6015d-9fce-4f2c-b20f-fc9122d2face,a2a32dd0-02c3-4719-8c48-23a48cace433,DVW2J8GUNHESYYKC,organizer,,DVW2J8GUNHESYYKC,DVW2J8GUNHESYYKC,2025-07-08 07:48:27,2025-07-08 07:50:41,2025-07-08 07:50:41
ef428a69-7906-4104-b1f0-6a16f9861e29,bf996092-8d66-408a-8d8e-5065ca3330c2,ada6015d-9fce-4f2c-b20f-fc9122d2face,a2a32dd0-02c3-4719-8c48-23a48cace433,3NH2Q57QKQWJE37V,invitee,missing,DVW2J8GUNHESYYKC,DVW2J8GUNHESYYKC,2025-07-08 07:49:55,2025-07-08 07:50:41,2025-07-08 07:50:41
3e30ae02-d966-48d6-8dbe-17533f8ed2ff,bf996092-8d66-408a-8d8e-5065ca3330c2,e9b596f2-48ee-419b-a199-da304b38c398,f6f1392f-81cb-4025-8674-3426d0a66075,H4J29KZBMAKAE737,invitee,present,7UBTJ2JUZS54,7UBTJ2JUZS54,2025-06-19 07:27:53,2025-06-19 09:36:38,
80673488-0da0-4c05-bd03-7d7e7ed5a84e,bf996092-8d66-408a-8d8e-5065ca3330c2,e9b596f2-48ee-419b-a199-da304b38c398,f6f1392f-81cb-4025-8674-3426d0a66075,EAW249MULVNEJUNK,invitee,present,7UBTJ2JUZS54,7UBTJ2JUZS54,2025-06-19 07:27:53,2025-06-19 09:36:38,
587c8efa-dbcb-41e9-a9d3-5c337e23c063,bf996092-8d66-408a-8d8e-5065ca3330c2,e9b596f2-48ee-419b-a199-da304b38c398,f6f1392f-81cb-4025-8674-3426d0a66075,WMZ2BALML3JQXZCF,invitee,present,7UBTJ2JUZS54,7UBTJ2JUZS54,2025-06-19 07:27:53,2025-06-19 09:36:36,
c7035c05-e86e-4f8e-be24-c55d1d5c202a,bf996092-8d66-408a-8d8e-5065ca3330c2,e9b596f2-48ee-419b-a199-da304b38c398,f6f1392f-81cb-4025-8674-3426d0a66075,S762NMGBKUB423MM,invitee,present,7UBTJ2JUZS54,7UBTJ2JUZS54,2025-06-19 07:27:53,2025-06-19 09:36:40,
1352ca8d-5f64-4284-9ed6-5b020b66ffba,bf996092-8d66-408a-8d8e-5065ca3330c2,e9b596f2-48ee-419b-a199-da304b38c398,f6f1392f-81cb-4025-8674-3426d0a66075,7U4JFSY4QDWLDBBX,invitee,present,7UBTJ2JUZS54,7UBTJ2JUZS54,2025-06-19 07:27:53,2025-06-19 09:36:44,
b978d5ef-3358-4287-91c5-1bf9da84a1f7,bf996092-8d66-408a-8d8e-5065ca3330c2,e9b596f2-48ee-419b-a199-da304b38c398,f6f1392f-81cb-4025-8674-3426d0a66075,E8X2CHN6NP9MT4HA,invitee,present,7UBTJ2JUZS54,7UBTJ2JUZS54,2025-06-19 07:27:53,2025-06-19 09:36:49,
bdcef534-d837-4443-95a1-b1b89c851319,bf996092-8d66-408a-8d8e-5065ca3330c2,e9b596f2-48ee-419b-a199-da304b38c398,f6f1392f-81cb-4025-8674-3426d0a66075,G5LJ2CH9PRAMRT7X,invitee,present,7UBTJ2JUZS54,7UBTJ2JUZS54,2025-06-19 07:27:53,2025-06-19 09:36:53,
1ac113dc-c625-4536-99c6-b2ebe5027c77,bf996092-8d66-408a-8d8e-5065ca3330c2,e9b596f2-48ee-419b-a199-da304b38c398,f6f1392f-81cb-4025-8674-3426d0a66075,ACNJW4H2RJFR53AV,invitee,present,7UBTJ2JUZS54,7UBTJ2JUZS54,2025-06-19 07:27:53,2025-06-19 09:37:02,
eaa6280c-9397-443f-9270-b5cfce341218,bf996092-8d66-408a-8d8e-5065ca3330c2,e9b596f2-48ee-419b-a199-da304b38c398,f6f1392f-81cb-4025-8674-3426d0a66075,DEFJY3LUP6UBKWPS,invitee,present,7UBTJ2JUZS54,7UBTJ2JUZS54,2025-06-19 07:27:53,2025-06-19 09:37:22,
bd9f1e86-9ccc-47d3-bcba-19b3330bc295,bf996092-8d66-408a-8d8e-5065ca3330c2,e9b596f2-48ee-419b-a199-da304b38c398,f6f1392f-81cb-4025-8674-3426d0a66075,MLE243XQQX2UK86L,invitee,present,7UBTJ2JUZS54,7UBTJ2JUZS54,2025-06-19 07:27:53,2025-06-19 09:37:21,
52432f96-b31f-45bc-b4af-41d1806f8390,bf996092-8d66-408a-8d8e-5065ca3330c2,e9b596f2-48ee-419b-a199-da304b38c398,f6f1392f-81cb-4025-8674-3426d0a66075,JPRBPWYY6F8Q,invitee,present,7UBTJ2JUZS54,7UBTJ2JUZS54,2025-06-19 07:27:53,2025-06-19 09:37:26,
2b010d59-27f5-44f2-9978-3bccfe3c3775,bf996092-8d66-408a-8d8e-5065ca3330c2,e9b596f2-48ee-419b-a199-da304b38c398,f6f1392f-81cb-4025-8674-3426d0a66075,CMJ2N3U8MSMRM8ZA,invitee,present,7UBTJ2JUZS54,7UBTJ2JUZS54,2025-06-19 07:27:53,2025-06-19 09:37:19,
16152014-aa56-440e-b5df-0ca3eb014f49,bf996092-8d66-408a-8d8e-5065ca3330c2,e9b596f2-48ee-419b-a199-da304b38c398,f6f1392f-81cb-4025-8674-3426d0a66075,DX6J5SASN4NA66QN,invitee,present,7UBTJ2JUZS54,7UBTJ2JUZS54,2025-06-19 07:27:53,2025-06-19 09:37:06,
40f30377-3a5b-4195-8ff6-b8687adb6576,bf996092-8d66-408a-8d8e-5065ca3330c2,e9b596f2-48ee-419b-a199-da304b38c398,f6f1392f-81cb-4025-8674-3426d0a66075,DQ72WAMCK3PT3T58,invitee,present,7UBTJ2JUZS54,7UBTJ2JUZS54,2025-06-19 07:27:53,2025-06-19 09:37:25,
97b0fbd7-f599-46b6-9b8c-70e1049d2282,bf996092-8d66-408a-8d8e-5065ca3330c2,e9b596f2-48ee-419b-a199-da304b38c398,f6f1392f-81cb-4025-8674-3426d0a66075,7UBTJ2JUZS54,organizer,present,7UBTJ2JUZS54,7UBTJ2JUZS54,2025-06-19 07:27:53,2025-06-19 09:37:10,
a4fda6eb-a58f-4e02-b8dc-2d034d1bc292,bf996092-8d66-408a-8d8e-5065ca3330c2,e9b596f2-48ee-419b-a199-da304b38c398,f6f1392f-81cb-4025-8674-3426d0a66075,NTHFQB8P8X3C,invitee,present,7UBTJ2JUZS54,7UBTJ2JUZS54,2025-06-19 07:27:53,2025-06-19 09:37:55,
24688967-f3a0-4610-8406-e8c8c45a6a99,bf996092-8d66-408a-8d8e-5065ca3330c2,e9b596f2-48ee-419b-a199-da304b38c398,f6f1392f-81cb-4025-8674-3426d0a66075,TDJ2KMS3MD4GTLDN,invitee,present,7UBTJ2JUZS54,7UBTJ2JUZS54,2025-06-19 07:27:53,2025-06-19 09:39:28,
8f993525-53e4-4992-aa51-d55c1c09d511,bf996092-8d66-408a-8d8e-5065ca3330c2,e9b596f2-48ee-419b-a199-da304b38c398,f6f1392f-81cb-4025-8674-3426d0a66075,7PG2TJVQJYH2TVV7,invitee,present,7UBTJ2JUZS54,7UBTJ2JUZS54,2025-06-19 07:27:53,2025-06-19 09:39:30,
025a2183-e8ce-44ec-a001-966ab26e1bf1,bf996092-8d66-408a-8d8e-5065ca3330c2,e9b596f2-48ee-419b-a199-da304b38c398,f6f1392f-81cb-4025-8674-3426d0a66075,D5ZKMDH5JP7L,invitee,missing,7UBTJ2JUZS54,7UBTJ2JUZS54,2025-06-19 07:27:53,2025-06-19 09:39:36,
e574982c-3df9-439e-8521-d86634b437b2,bf996092-8d66-408a-8d8e-5065ca3330c2,967e785d-d83c-490b-8d6a-2ed926c956ac,35b91d1b-7f4f-4376-af12-37a0a66403ff,U8Q2F3P4M3PWWQXF,organizer,present,U8Q2F3P4M3PWWQXF,U8Q2F3P4M3PWWQXF,2025-06-21 08:30:58,2025-06-21 08:52:19,
f0c60fac-d0a1-492d-8bdb-bb9d515dfaba,bf996092-8d66-408a-8d8e-5065ca3330c2,967e785d-d83c-490b-8d6a-2ed926c956ac,35b91d1b-7f4f-4376-af12-37a0a66403ff,CMJ2N3U8MSMRM8ZA,invitee,missing,U8Q2F3P4M3PWWQXF,U8Q2F3P4M3PWWQXF,2025-06-21 08:32:38,2025-06-21 08:52:09,
0d688466-3d21-4bce-9109-7c011decc84e,bf996092-8d66-408a-8d8e-5065ca3330c2,967e785d-d83c-490b-8d6a-2ed926c956ac,35b91d1b-7f4f-4376-af12-37a0a66403ff,Y2W2RXA2P4MPP325,invitee,missing,U8Q2F3P4M3PWWQXF,U8Q2F3P4M3PWWQXF,2025-06-21 08:32:38,2025-06-21 08:32:38,
047c1117-b369-42b4-81df-6b72bbbb40ca,bf996092-8d66-408a-8d8e-5065ca3330c2,967e785d-d83c-490b-8d6a-2ed926c956ac,35b91d1b-7f4f-4376-af12-37a0a66403ff,HAF3KK94JCSG,invitee,missing,U8Q2F3P4M3PWWQXF,U8Q2F3P4M3PWWQXF,2025-06-21 08:32:38,2025-06-21 08:32:38,
4836f60f-9ce0-42f6-b653-5a778dc851e8,bf996092-8d66-408a-8d8e-5065ca3330c2,967e785d-d83c-490b-8d6a-2ed926c956ac,35b91d1b-7f4f-4376-af12-37a0a66403ff,DQ72WAMCK3PT3T58,invitee,present,U8Q2F3P4M3PWWQXF,U8Q2F3P4M3PWWQXF,2025-06-21 08:32:38,2025-06-21 08:52:14,
6ba61212-141c-4b51-9744-3c8d834ed28f,bf996092-8d66-408a-8d8e-5065ca3330c2,967e785d-d83c-490b-8d6a-2ed926c956ac,35b91d1b-7f4f-4376-af12-37a0a66403ff,Q8AJCWZUMM834EBP,invitee,missing,U8Q2F3P4M3PWWQXF,U8Q2F3P4M3PWWQXF,2025-06-21 08:32:38,2025-06-21 08:52:12,
759bc64c-350c-44bd-b001-2674cdfc4d01,bf996092-8d66-408a-8d8e-5065ca3330c2,967e785d-d83c-490b-8d6a-2ed926c956ac,35b91d1b-7f4f-4376-af12-37a0a66403ff,KNL28BHPJJMCM75F,invitee,present,U8Q2F3P4M3PWWQXF,U8Q2F3P4M3PWWQXF,2025-06-21 08:32:38,2025-06-21 08:52:10,
1fc90301-08f5-41fc-b389-2b2e9d1d08f9,bf996092-8d66-408a-8d8e-5065ca3330c2,967e785d-d83c-490b-8d6a-2ed926c956ac,35b91d1b-7f4f-4376-af12-37a0a66403ff,C6Z2RETEN3MN8XZF,invitee,missing,U8Q2F3P4M3PWWQXF,U8Q2F3P4M3PWWQXF,2025-06-21 08:32:38,2025-06-21 08:32:38,
13c18bf2-7bf7-4b0d-be75-61a570fa3859,bf996092-8d66-408a-8d8e-5065ca3330c2,ada6015d-9fce-4f2c-b20f-fc9122d2face,a9ef7a63-d07f-4542-b821-0176fd170589,33L2A5D3QH5AE8PE,organizer,,33L2A5D3QH5AE8PE,33L2A5D3QH5AE8PE,2025-06-21 09:23:16,2025-06-21 09:23:16,
5fa1f7e6-f81b-4672-9453-fbf78ab1461a,bf996092-8d66-408a-8d8e-5065ca3330c2,ada6015d-9fce-4f2c-b20f-fc9122d2face,bf887a94-226f-4277-a1fc-8d814f0b3cd0,33L2A5D3QH5AE8PE,organizer,,33L2A5D3QH5AE8PE,33L2A5D3QH5AE8PE,2025-06-21 09:24:17,2025-06-21 09:24:17,
cbae514d-788d-4ad4-9ec7-d50ecaf9f9e6,bf996092-8d66-408a-8d8e-5065ca3330c2,ada6015d-9fce-4f2c-b20f-fc9122d2face,a567a9ba-2101-4529-ae17-6e619a00e431,33L2A5D3QH5AE8PE,organizer,,33L2A5D3QH5AE8PE,33L2A5D3QH5AE8PE,2025-06-21 09:24:59,2025-06-21 09:24:59,
bbb319cb-1d1f-43a2-a6a3-076cb3354719,bf996092-8d66-408a-8d8e-5065ca3330c2,ada6015d-9fce-4f2c-b20f-fc9122d2face,34c64be7-9a9c-46dd-a8fd-15a465b956e4,7XGJKR7GMJ4QN93J,invitee,missing,V9Q2X946QA52XTJG,V9Q2X946QA52XTJG,2025-06-21 10:51:39,2025-06-21 10:51:39,
36eba012-441b-4b22-beec-163a9c7535e9,bf996092-8d66-408a-8d8e-5065ca3330c2,ada6015d-9fce-4f2c-b20f-fc9122d2face,34c64be7-9a9c-46dd-a8fd-15a465b956e4,3NH2Q57QKQWJE37V,invitee,missing,V9Q2X946QA52XTJG,V9Q2X946QA52XTJG,2025-06-21 10:50:44,2025-06-21 10:50:44,
04d8c9b7-22ce-4435-99b0-3878c977dfc9,bf996092-8d66-408a-8d8e-5065ca3330c2,ada6015d-9fce-4f2c-b20f-fc9122d2face,34c64be7-9a9c-46dd-a8fd-15a465b956e4,CMJ2N3U8MSMRM8ZA,invitee,missing,V9Q2X946QA52XTJG,V9Q2X946QA52XTJG,2025-06-21 10:50:44,2025-06-21 10:50:44,
e13debb8-6aab-4529-b9e6-e2a8584ca6cb,bf996092-8d66-408a-8d8e-5065ca3330c2,ada6015d-9fce-4f2c-b20f-fc9122d2face,34c64be7-9a9c-46dd-a8fd-15a465b956e4,DQ72WAMCK3PT3T58,invitee,missing,V9Q2X946QA52XTJG,V9Q2X946QA52XTJG,2025-06-21 10:50:44,2025-06-21 10:51:19,2025-06-21 10:51:19
23d3fc88-391f-4f98-9cde-15cabf9af3a9,bf996092-8d66-408a-8d8e-5065ca3330c2,ada6015d-9fce-4f2c-b20f-fc9122d2face,34c64be7-9a9c-46dd-a8fd-15a465b956e4,V9Q2X946QA52XTJG,organizer,missing,V9Q2X946QA52XTJG,V9Q2X946QA52XTJG,2025-06-21 10:50:44,2025-06-21 10:50:44,
b06aee68-8c18-4ccd-aab3-6cff89522616,bf996092-8d66-408a-8d8e-5065ca3330c2,ada6015d-9fce-4f2c-b20f-fc9122d2face,1b89d592-c380-420e-b087-00f06bbe7b75,V9Q2X946QA52XTJG,organizer,,V9Q2X946QA52XTJG,V9Q2X946QA52XTJG,2025-06-21 10:44:08,2025-06-21 10:44:08,
9ee455a5-40ac-48e5-8d00-e2b16642dccf,bf996092-8d66-408a-8d8e-5065ca3330c2,ada6015d-9fce-4f2c-b20f-fc9122d2face,1b89d592-c380-420e-b087-00f06bbe7b75,CMJ2N3U8MSMRM8ZA,invitee,present,V9Q2X946QA52XTJG,V9Q2X946QA52XTJG,2025-06-21 10:45:39,2025-06-21 10:47:33,
a52aca5b-d0cb-4645-8094-520a488dfc0e,bf996092-8d66-408a-8d8e-5065ca3330c2,ada6015d-9fce-4f2c-b20f-fc9122d2face,1b89d592-c380-420e-b087-00f06bbe7b75,3NH2Q57QKQWJE37V,invitee,present,V9Q2X946QA52XTJG,V9Q2X946QA52XTJG,2025-06-21 10:45:39,2025-06-21 10:47:35,
e797581b-d532-4897-843c-cd9fc11f1cd0,bf996092-8d66-408a-8d8e-5065ca3330c2,ada6015d-9fce-4f2c-b20f-fc9122d2face,1b89d592-c380-420e-b087-00f06bbe7b75,DQ72WAMCK3PT3T58,invitee,missing,V9Q2X946QA52XTJG,V9Q2X946QA52XTJG,2025-06-21 10:45:39,2025-06-21 10:45:39,
e39c6a7d-2b4d-485c-b7f6-dee27d099a06,bf996092-8d66-408a-8d8e-5065ca3330c2,ada6015d-9fce-4f2c-b20f-fc9122d2face,dca63b9b-6e96-4be7-91e4-c136ba77059c,DVW2J8GUNHESYYKC,organizer,,DVW2J8GUNHESYYKC,DVW2J8GUNHESYYKC,2025-08-12 08:43:07,2025-08-12 08:45:10,2025-08-12 08:45:10
94f8019a-b872-4131-9992-eb1f5d6571bb,bf996092-8d66-408a-8d8e-5065ca3330c2,f6ab14eb-1a66-4ea5-8a0f-0afbda444403,cfa7f298-1fdc-4bb1-871c-baea1a3a21cb,TZXRKN44WBAJ,organizer,,TZXRKN44WBAJ,TZXRKN44WBAJ,2025-06-19 11:50:14,2025-06-19 11:50:14,
612bb249-d029-4d45-9091-594345c138fa,bf996092-8d66-408a-8d8e-5065ca3330c2,f6ab14eb-1a66-4ea5-8a0f-0afbda444403,0f607dda-6e71-4d0e-903c-eb3036e28666,TZXRKN44WBAJ,organizer,,TZXRKN44WBAJ,TZXRKN44WBAJ,2025-06-19 11:51:13,2025-07-04 10:15:32,2025-07-04 10:15:32
f394cc13-39f6-42b0-82da-33fb8f843a6f,bf996092-8d66-408a-8d8e-5065ca3330c2,f6ab14eb-1a66-4ea5-8a0f-0afbda444403,213810bb-dfe9-43b7-960d-1e6434aa8dda,6QZ2KANQN4NBQ45Q,invitee,missing,TZXRKN44WBAJ,TZXRKN44WBAJ,2025-07-31 05:27:56,2025-07-31 05:27:56,
b74a8e4e-f087-403a-b667-ca33ad00a93e,bf996092-8d66-408a-8d8e-5065ca3330c2,f6ab14eb-1a66-4ea5-8a0f-0afbda444403,213810bb-dfe9-43b7-960d-1e6434aa8dda,7PG2TJVQJYH2TVV7,invitee,missing,TZXRKN44WBAJ,TZXRKN44WBAJ,2025-07-31 05:27:56,2025-07-31 05:27:56,
bfb24af4-2d08-423a-889b-991f200c4598,bf996092-8d66-408a-8d8e-5065ca3330c2,f6ab14eb-1a66-4ea5-8a0f-0afbda444403,213810bb-dfe9-43b7-960d-1e6434aa8dda,ACNJW4H2RJFR53AV,invitee,missing,TZXRKN44WBAJ,TZXRKN44WBAJ,2025-07-31 05:27:56,2025-07-31 05:27:56,
f0c81d3c-ca43-4f49-a3fc-d72c8e4f9226,bf996092-8d66-408a-8d8e-5065ca3330c2,f6ab14eb-1a66-4ea5-8a0f-0afbda444403,213810bb-dfe9-43b7-960d-1e6434aa8dda,CMJ2N3U8MSMRM8ZA,invitee,missing,TZXRKN44WBAJ,TZXRKN44WBAJ,2025-07-31 05:27:56,2025-07-31 05:27:56,
095d025f-9906-4a65-84df-e9791354e55e,bf996092-8d66-408a-8d8e-5065ca3330c2,f6ab14eb-1a66-4ea5-8a0f-0afbda444403,213810bb-dfe9-43b7-960d-1e6434aa8dda,DEFJY3LUP6UBKWPS,invitee,missing,TZXRKN44WBAJ,TZXRKN44WBAJ,2025-07-31 05:27:56,2025-07-31 05:27:56,
69f05bc5-e827-495f-98db-f9165541dc61,bf996092-8d66-408a-8d8e-5065ca3330c2,f6ab14eb-1a66-4ea5-8a0f-0afbda444403,213810bb-dfe9-43b7-960d-1e6434aa8dda,DQ72WAMCK3PT3T58,invitee,missing,TZXRKN44WBAJ,TZXRKN44WBAJ,2025-07-31 05:27:56,2025-07-31 05:27:56,
84c623c8-889b-437d-bb43-0586afa96f4c,bf996092-8d66-408a-8d8e-5065ca3330c2,f6ab14eb-1a66-4ea5-8a0f-0afbda444403,213810bb-dfe9-43b7-960d-1e6434aa8dda,DX6J5SASN4NA66QN,invitee,missing,TZXRKN44WBAJ,TZXRKN44WBAJ,2025-07-31 05:27:56,2025-07-31 05:27:56,
6ff6056e-7767-47da-ae57-c6d0d404c06b,bf996092-8d66-408a-8d8e-5065ca3330c2,f6ab14eb-1a66-4ea5-8a0f-0afbda444403,213810bb-dfe9-43b7-960d-1e6434aa8dda,EAW249MULVNEJUNK,invitee,missing,TZXRKN44WBAJ,TZXRKN44WBAJ,2025-07-31 05:27:56,2025-07-31 05:27:56,
7f026a09-09c3-47c9-8631-56ec9aa9ad19,bf996092-8d66-408a-8d8e-5065ca3330c2,f6ab14eb-1a66-4ea5-8a0f-0afbda444403,213810bb-dfe9-43b7-960d-1e6434aa8dda,FM42EJFZPNC5F3HF,invitee,missing,TZXRKN44WBAJ,TZXRKN44WBAJ,2025-07-31 05:27:56,2025-07-31 05:27:56,
5c31b255-fd68-4285-bc91-cf1c5a287b13,bf996092-8d66-408a-8d8e-5065ca3330c2,f6ab14eb-1a66-4ea5-8a0f-0afbda444403,213810bb-dfe9-43b7-960d-1e6434aa8dda,G5LJ2CH9PRAMRT7X,invitee,missing,TZXRKN44WBAJ,TZXRKN44WBAJ,2025-07-31 05:27:56,2025-07-31 05:27:56,
5ef0baf3-47da-4df8-8dfa-0253658d95a5,bf996092-8d66-408a-8d8e-5065ca3330c2,f6ab14eb-1a66-4ea5-8a0f-0afbda444403,213810bb-dfe9-43b7-960d-1e6434aa8dda,H4J29KZBMAKAE737,invitee,missing,TZXRKN44WBAJ,TZXRKN44WBAJ,2025-07-31 05:27:56,2025-07-31 05:27:56,
8c93feb6-bd39-412b-a875-d14e8c35ec77,bf996092-8d66-408a-8d8e-5065ca3330c2,f6ab14eb-1a66-4ea5-8a0f-0afbda444403,213810bb-dfe9-43b7-960d-1e6434aa8dda,MLE243XQQX2UK86L,invitee,missing,TZXRKN44WBAJ,TZXRKN44WBAJ,2025-07-31 05:27:56,2025-07-31 05:27:56,
eca89046-a49c-48eb-b267-ed6b4aabae78,bf996092-8d66-408a-8d8e-5065ca3330c2,f6ab14eb-1a66-4ea5-8a0f-0afbda444403,213810bb-dfe9-43b7-960d-1e6434aa8dda,NTHFQB8P8X3C,invitee,missing,TZXRKN44WBAJ,TZXRKN44WBAJ,2025-07-31 05:27:56,2025-07-31 05:27:56,
a4609037-fb67-4d01-b349-c2c04df42b9c,bf996092-8d66-408a-8d8e-5065ca3330c2,f6ab14eb-1a66-4ea5-8a0f-0afbda444403,213810bb-dfe9-43b7-960d-1e6434aa8dda,S762NMGBKUB423MM,invitee,missing,TZXRKN44WBAJ,TZXRKN44WBAJ,2025-07-31 05:27:56,2025-07-31 05:27:56,
fd1343a1-9859-413c-a8b4-23953c4729f4,bf996092-8d66-408a-8d8e-5065ca3330c2,f6ab14eb-1a66-4ea5-8a0f-0afbda444403,213810bb-dfe9-43b7-960d-1e6434aa8dda,SXWJ8XC9NZMVF72P,invitee,missing,TZXRKN44WBAJ,TZXRKN44WBAJ,2025-07-31 05:27:56,2025-07-31 05:27:56,
cdad626d-e01a-4f7d-9189-513d7e0f667d,bf996092-8d66-408a-8d8e-5065ca3330c2,f6ab14eb-1a66-4ea5-8a0f-0afbda444403,213810bb-dfe9-43b7-960d-1e6434aa8dda,TZXRKN44WBAJ,organizer,missing,TZXRKN44WBAJ,TZXRKN44WBAJ,2025-07-31 05:27:56,2025-07-31 05:27:56,
0e0219e6-701b-482d-8f2b-94096f6bd3c6,bf996092-8d66-408a-8d8e-5065ca3330c2,f6ab14eb-1a66-4ea5-8a0f-0afbda444403,213810bb-dfe9-43b7-960d-1e6434aa8dda,WMZ2BALML3JQXZCF,invitee,missing,TZXRKN44WBAJ,TZXRKN44WBAJ,2025-07-31 05:27:56,2025-07-31 05:27:56,
574b8462-39bf-498f-8a5b-e3b5ec7838a7,bf996092-8d66-408a-8d8e-5065ca3330c2,ada6015d-9fce-4f2c-b20f-fc9122d2face,cd040a1c-2eab-478a-b07d-9332a9461f17,755J89QWMS5SYD8P,organizer,,755J89QWMS5SYD8P,755J89QWMS5SYD8P,2025-04-04 10:16:08,2025-04-04 10:16:08,
acab775e-f940-40fa-8954-85ade6b6b262,bf996092-8d66-408a-8d8e-5065ca3330c2,ada6015d-9fce-4f2c-b20f-fc9122d2face,44f5f222-6831-46e5-9189-3233d66c06f9,755J89QWMS5SYD8P,organizer,missing,755J89QWMS5SYD8P,755J89QWMS5SYD8P,2025-04-04 10:23:14,2025-04-04 10:23:14,
c94b57b8-18e1-40a0-8aef-6141ac14bc68,bf996092-8d66-408a-8d8e-5065ca3330c2,23142979-9fb6-4fd3-bd82-62d7e0add75f,505dbcb0-e695-4618-84ce-68637cb93864,CB529JQ2QBCAWGUE,organizer,,CB529JQ2QBCAWGUE,CB529JQ2QBCAWGUE,2025-06-10 06:45:21,2025-06-10 06:45:21,
83e78ea3-53f3-4318-a11e-2dce18b729e0,bf996092-8d66-408a-8d8e-5065ca3330c2,ada6015d-9fce-4f2c-b20f-fc9122d2face,bf9bc3e3-d55b-41cd-954f-0bcbaa74c7a4,7XGJKR7GMJ4QN93J,organizer,,7XGJKR7GMJ4QN93J,7XGJKR7GMJ4QN93J,2025-07-02 11:43:37,2025-07-02 11:43:37,
8f538ea8-df21-49a2-8dc5-8ce9e31472a4,bf996092-8d66-408a-8d8e-5065ca3330c2,f6ab14eb-1a66-4ea5-8a0f-0afbda444403,5e13d72e-f70c-496d-9189-338a238f4944,TZXRKN44WBAJ,organizer,,TZXRKN44WBAJ,TZXRKN44WBAJ,2025-06-13 05:05:23,2025-06-13 05:05:23,
1da7d718-08a3-4473-a5be-6136e42b8f01,bf996092-8d66-408a-8d8e-5065ca3330c2,f6ab14eb-1a66-4ea5-8a0f-0afbda444403,5e13d72e-f70c-496d-9189-338a238f4944,DQ72WAMCK3PT3T58,invitee,missing,TZXRKN44WBAJ,TZXRKN44WBAJ,2025-06-13 07:28:30,2025-06-13 07:28:30,
0d358c02-460b-4262-a2ce-35cf8c74d246,bf996092-8d66-408a-8d8e-5065ca3330c2,f6ab14eb-1a66-4ea5-8a0f-0afbda444403,5e13d72e-f70c-496d-9189-338a238f4944,DEFJY3LUP6UBKWPS,invitee,missing,TZXRKN44WBAJ,TZXRKN44WBAJ,2025-06-13 07:28:30,2025-06-13 07:28:30,
b09bd748-4bb7-43fb-af7c-aae2f94da1f4,bf996092-8d66-408a-8d8e-5065ca3330c2,f6ab14eb-1a66-4ea5-8a0f-0afbda444403,5e13d72e-f70c-496d-9189-338a238f4944,NTHFQB8P8X3C,invitee,missing,TZXRKN44WBAJ,TZXRKN44WBAJ,2025-06-13 07:28:30,2025-06-13 07:28:30,
12c3b95f-c95a-481d-bdb7-3c222f00c2f2,bf996092-8d66-408a-8d8e-5065ca3330c2,f6ab14eb-1a66-4ea5-8a0f-0afbda444403,5e13d72e-f70c-496d-9189-338a238f4944,H4J29KZBMAKAE737,invitee,missing,TZXRKN44WBAJ,TZXRKN44WBAJ,2025-06-13 07:28:30,2025-06-13 07:28:30,
f967a155-865c-4e1c-95e8-df7ae58739ed,bf996092-8d66-408a-8d8e-5065ca3330c2,f6ab14eb-1a66-4ea5-8a0f-0afbda444403,5e13d72e-f70c-496d-9189-338a238f4944,EAW249MULVNEJUNK,invitee,missing,TZXRKN44WBAJ,TZXRKN44WBAJ,2025-06-13 07:28:30,2025-06-13 07:28:30,
b6619f79-094c-4da4-96f6-c0884d9bd93d,bf996092-8d66-408a-8d8e-5065ca3330c2,f6ab14eb-1a66-4ea5-8a0f-0afbda444403,5e13d72e-f70c-496d-9189-338a238f4944,G5LJ2CH9PRAMRT7X,invitee,missing,TZXRKN44WBAJ,TZXRKN44WBAJ,2025-06-13 07:28:30,2025-06-13 07:28:30,
744cf077-fbfc-4c9c-97e3-769ae49b8055,bf996092-8d66-408a-8d8e-5065ca3330c2,f6ab14eb-1a66-4ea5-8a0f-0afbda444403,5e13d72e-f70c-496d-9189-338a238f4944,ACNJW4H2RJFR53AV,invitee,missing,TZXRKN44WBAJ,TZXRKN44WBAJ,2025-06-13 07:28:30,2025-06-13 07:28:30,
e0a254c7-7685-442f-9af9-6d4c06ba8895,bf996092-8d66-408a-8d8e-5065ca3330c2,f6ab14eb-1a66-4ea5-8a0f-0afbda444403,5e13d72e-f70c-496d-9189-338a238f4944,FM42EJFZPNC5F3HF,invitee,missing,TZXRKN44WBAJ,TZXRKN44WBAJ,2025-06-13 07:28:30,2025-06-13 07:28:30,
071d1076-f2d9-4272-a6a5-9e20ace9fc63,bf996092-8d66-408a-8d8e-5065ca3330c2,f6ab14eb-1a66-4ea5-8a0f-0afbda444403,5e13d72e-f70c-496d-9189-338a238f4944,WMZ2BALML3JQXZCF,invitee,missing,TZXRKN44WBAJ,TZXRKN44WBAJ,2025-06-13 07:28:30,2025-06-13 07:28:30,
9da55f72-5ea0-4dec-bc33-45efb74a55ff,bf996092-8d66-408a-8d8e-5065ca3330c2,f6ab14eb-1a66-4ea5-8a0f-0afbda444403,5e13d72e-f70c-496d-9189-338a238f4944,MLE243XQQX2UK86L,invitee,missing,TZXRKN44WBAJ,TZXRKN44WBAJ,2025-06-13 07:28:30,2025-06-13 07:28:30,
79e5df8c-42ab-47f8-b7bf-0024b6745077,bf996092-8d66-408a-8d8e-5065ca3330c2,f6ab14eb-1a66-4ea5-8a0f-0afbda444403,5e13d72e-f70c-496d-9189-338a238f4944,7PG2TJVQJYH2TVV7,invitee,missing,TZXRKN44WBAJ,TZXRKN44WBAJ,2025-06-13 07:28:30,2025-06-13 07:28:30,
e083950d-1f66-466a-b6af-e90677b5f124,bf996092-8d66-408a-8d8e-5065ca3330c2,f6ab14eb-1a66-4ea5-8a0f-0afbda444403,5e13d72e-f70c-496d-9189-338a238f4944,CMJ2N3U8MSMRM8ZA,invitee,missing,TZXRKN44WBAJ,TZXRKN44WBAJ,2025-06-13 07:28:30,2025-06-13 07:28:30,
37bbfc86-f899-466a-9911-e1cdd8b61362,bf996092-8d66-408a-8d8e-5065ca3330c2,f6ab14eb-1a66-4ea5-8a0f-0afbda444403,5e13d72e-f70c-496d-9189-338a238f4944,S762NMGBKUB423MM,invitee,missing,TZXRKN44WBAJ,TZXRKN44WBAJ,2025-06-13 07:28:30,2025-06-13 07:28:30,
6b8369dc-2784-45f1-8b6a-cfafa566bd7a,bf996092-8d66-408a-8d8e-5065ca3330c2,f6ab14eb-1a66-4ea5-8a0f-0afbda444403,5e13d72e-f70c-496d-9189-338a238f4944,DX6J5SASN4NA66QN,invitee,missing,TZXRKN44WBAJ,TZXRKN44WBAJ,2025-06-13 07:28:30,2025-06-13 07:28:30,
70d6016d-7edd-49c6-92ec-02f6be5f5a54,bf996092-8d66-408a-8d8e-5065ca3330c2,ada6015d-9fce-4f2c-b20f-fc9122d2face,7ad09128-4e96-4a14-b480-7ffc594240af,DVW2J8GUNHESYYKC,organizer,missing,DVW2J8GUNHESYYKC,DVW2J8GUNHESYYKC,2025-06-13 05:56:42,2025-06-13 05:56:42,
e479cd97-b39d-44d9-b8bc-932c402f7a23,bf996092-8d66-408a-8d8e-5065ca3330c2,ada6015d-9fce-4f2c-b20f-fc9122d2face,7ad09128-4e96-4a14-b480-7ffc594240af,3NH2Q57QKQWJE37V,invitee,missing,DVW2J8GUNHESYYKC,DVW2J8GUNHESYYKC,2025-06-13 05:56:42,2025-06-13 05:56:42,
6ff18961-b3d9-4172-8e47-3b2708df7779,bf996092-8d66-408a-8d8e-5065ca3330c2,ada6015d-9fce-4f2c-b20f-fc9122d2face,a7c6b312-1453-4e9a-920d-8820f564bbf0,3NH2Q57QKQWJE37V,invitee,missing,CMJ2N3U8MSMRM8ZA,CMJ2N3U8MSMRM8ZA,2025-06-13 09:02:22,2025-06-13 09:02:22,
f142d1f4-3975-47f8-a7fd-009beaa821f1,bf996092-8d66-408a-8d8e-5065ca3330c2,ada6015d-9fce-4f2c-b20f-fc9122d2face,a7c6b312-1453-4e9a-920d-8820f564bbf0,56E2WKNZLVXE6PJS,invitee,missing,CMJ2N3U8MSMRM8ZA,CMJ2N3U8MSMRM8ZA,2025-06-13 09:02:22,2025-06-13 09:02:22,
04ca9233-5008-452b-8f9e-fd18ede0ff74,bf996092-8d66-408a-8d8e-5065ca3330c2,ada6015d-9fce-4f2c-b20f-fc9122d2face,a7c6b312-1453-4e9a-920d-8820f564bbf0,CMJ2N3U8MSMRM8ZA,organizer,missing,CMJ2N3U8MSMRM8ZA,CMJ2N3U8MSMRM8ZA,2025-06-13 09:02:22,2025-06-13 09:02:22,
2024e69e-bcf4-4bf4-9735-2668ec544b1a,bf996092-8d66-408a-8d8e-5065ca3330c2,ada6015d-9fce-4f2c-b20f-fc9122d2face,a7c6b312-1453-4e9a-920d-8820f564bbf0,NXBJU9KZRN2LR6EX,invitee,missing,CMJ2N3U8MSMRM8ZA,CMJ2N3U8MSMRM8ZA,2025-06-13 09:02:22,2025-06-13 09:02:22,
69b93127-30a4-4bed-ad0e-262603a6f72f,bf996092-8d66-408a-8d8e-5065ca3330c2,ada6015d-9fce-4f2c-b20f-fc9122d2face,a7c6b312-1453-4e9a-920d-8820f564bbf0,SFB2VPYZKPQ7XEGT,invitee,missing,CMJ2N3U8MSMRM8ZA,CMJ2N3U8MSMRM8ZA,2025-06-13 09:02:22,2025-06-13 09:02:22,
aea59013-86d1-41a4-9f56-b5d10014d138,bf996092-8d66-408a-8d8e-5065ca3330c2,ada6015d-9fce-4f2c-b20f-fc9122d2face,a7c6b312-1453-4e9a-920d-8820f564bbf0,ZR82A9P9NTQM2CS6,invitee,missing,CMJ2N3U8MSMRM8ZA,CMJ2N3U8MSMRM8ZA,2025-06-13 09:02:22,2025-06-13 09:02:22,
e548ef83-f5f8-45ed-82d8-e1d1e8e01a24,bf996092-8d66-408a-8d8e-5065ca3330c2,ada6015d-9fce-4f2c-b20f-fc9122d2face,2dd1457e-f6c8-4057-8c44-36306a0fb2b1,V9Q2X946QA52XTJG,organizer,,V9Q2X946QA52XTJG,V9Q2X946QA52XTJG,2025-05-27 11:38:34,2025-05-27 11:38:34,
d38b4da6-01bf-4fd7-a70c-a8b2e92bbd90,bf996092-8d66-408a-8d8e-5065ca3330c2,ada6015d-9fce-4f2c-b20f-fc9122d2face,2dd1457e-f6c8-4057-8c44-36306a0fb2b1,QTY2BLR8NFP8RWJ4,invitee,present,V9Q2X946QA52XTJG,V9Q2X946QA52XTJG,2025-05-27 11:40:11,2025-05-27 11:47:19,
f692f018-3878-4d98-b4bf-1a6d49ed25f8,bf996092-8d66-408a-8d8e-5065ca3330c2,ada6015d-9fce-4f2c-b20f-fc9122d2face,2dd1457e-f6c8-4057-8c44-36306a0fb2b1,CMJ2N3U8MSMRM8ZA,invitee,missing,V9Q2X946QA52XTJG,V9Q2X946QA52XTJG,2025-05-27 11:40:11,2025-05-27 11:40:11,
5e057d43-9fed-4da9-a3a2-34c4d0fc8d17,bf996092-8d66-408a-8d8e-5065ca3330c2,ada6015d-9fce-4f2c-b20f-fc9122d2face,2dd1457e-f6c8-4057-8c44-36306a0fb2b1,3NH2Q57QKQWJE37V,invitee,missing,V9Q2X946QA52XTJG,V9Q2X946QA52XTJG,2025-05-27 11:40:11,2025-05-27 11:40:11,
57ec8608-2f9a-4f9f-a630-bc1c97826c4d,bf996092-8d66-408a-8d8e-5065ca3330c2,f6ab14eb-1a66-4ea5-8a0f-0afbda444403,7237d155-cc89-4bc4-afb0-718a6a65e9c2,ACNJW4H2RJFR53AV,invitee,missing,TZXRKN44WBAJ,TZXRKN44WBAJ,2025-07-18 12:00:29,2025-07-18 12:00:29,
8422cbfb-6321-466d-bf26-02c736adf361,bf996092-8d66-408a-8d8e-5065ca3330c2,f6ab14eb-1a66-4ea5-8a0f-0afbda444403,7237d155-cc89-4bc4-afb0-718a6a65e9c2,CMJ2N3U8MSMRM8ZA,invitee,missing,TZXRKN44WBAJ,TZXRKN44WBAJ,2025-07-18 12:00:29,2025-07-18 12:00:29,
249bf499-5b5f-441e-b3fc-f62989045771,bf996092-8d66-408a-8d8e-5065ca3330c2,f6ab14eb-1a66-4ea5-8a0f-0afbda444403,7237d155-cc89-4bc4-afb0-718a6a65e9c2,DEFJY3LUP6UBKWPS,invitee,missing,TZXRKN44WBAJ,TZXRKN44WBAJ,2025-07-18 12:00:29,2025-07-18 12:00:29,
75bc4eaa-6fba-4014-891c-c8f1b66e7e7d,bf996092-8d66-408a-8d8e-5065ca3330c2,2f551e7d-05e6-4bfc-8ee1-0ef3a8487c11,e2ba4de6-f6e0-46dc-aabe-2315d706ca12,HU9244LDK3XBZH6G,organizer,,HU9244LDK3XBZH6G,HU9244LDK3XBZH6G,2025-08-19 09:04:29,2025-08-19 09:04:29,
cf126681-d4e7-40d9-8f85-01bbffdc2a9b,bf996092-8d66-408a-8d8e-5065ca3330c2,ada6015d-9fce-4f2c-b20f-fc9122d2face,9ed1d040-4040-4afd-9f38-2ff09a8d0c68,7UBTJ2JUZS54,organizer,,7UBTJ2JUZS54,7UBTJ2JUZS54,2025-06-05 07:52:27,2025-06-05 07:52:27,
b42fe80e-32aa-42ae-9892-2b01ea6d0954,bf996092-8d66-408a-8d8e-5065ca3330c2,ada6015d-9fce-4f2c-b20f-fc9122d2face,9ed1d040-4040-4afd-9f38-2ff09a8d0c68,V9Q2X946QA52XTJG,invitee,present,7UBTJ2JUZS54,7UBTJ2JUZS54,2025-06-05 07:53:37,2025-06-05 07:53:44,
397cefe7-be87-4ba8-a7db-9b1336c3d8ef,bf996092-8d66-408a-8d8e-5065ca3330c2,ada6015d-9fce-4f2c-b20f-fc9122d2face,9ed1d040-4040-4afd-9f38-2ff09a8d0c68,CMJ2N3U8MSMRM8ZA,invitee,present,7UBTJ2JUZS54,7UBTJ2JUZS54,2025-06-05 07:53:37,2025-06-05 07:53:45,
0a4509e0-e47e-4ac1-98c2-1f10d4abccb2,bf996092-8d66-408a-8d8e-5065ca3330c2,ada6015d-9fce-4f2c-b20f-fc9122d2face,915d39ad-1cc3-471b-b38a-e5c0c4fa4dab,CMJ2N3U8MSMRM8ZA,organizer,,CMJ2N3U8MSMRM8ZA,CMJ2N3U8MSMRM8ZA,2025-05-19 10:15:32,2025-05-19 10:15:32,
33d13f54-2f8a-428f-a7cc-51045677e6dc,bf996092-8d66-408a-8d8e-5065ca3330c2,ada6015d-9fce-4f2c-b20f-fc9122d2face,42effba4-2bb7-4d0c-a98a-2ad2b7f36312,CMJ2N3U8MSMRM8ZA,invitee,missing,3NGJNZCXN8PBNTRV,3NGJNZCXN8PBNTRV,2025-06-07 10:04:46,2025-06-07 10:04:46,
4a42db4d-543b-4ed6-9c66-0b56c90c2c56,bf996092-8d66-408a-8d8e-5065ca3330c2,ada6015d-9fce-4f2c-b20f-fc9122d2face,42effba4-2bb7-4d0c-a98a-2ad2b7f36312,7XGJKR7GMJ4QN93J,invitee,present,3NGJNZCXN8PBNTRV,3NGJNZCXN8PBNTRV,2025-06-07 10:04:46,2025-06-07 10:10:55,
45b02758-aebb-48fb-a9b9-ef31e0627048,bf996092-8d66-408a-8d8e-5065ca3330c2,ada6015d-9fce-4f2c-b20f-fc9122d2face,42effba4-2bb7-4d0c-a98a-2ad2b7f36312,HJQ2F2PVKF9BT95Z,invitee,present,3NGJNZCXN8PBNTRV,3NGJNZCXN8PBNTRV,2025-06-07 10:04:46,2025-06-07 10:10:46,
18ae115e-1145-4d22-8bb0-0e77b07dc884,bf996092-8d66-408a-8d8e-5065ca3330c2,ada6015d-9fce-4f2c-b20f-fc9122d2face,42effba4-2bb7-4d0c-a98a-2ad2b7f36312,YJV2UM8AM54LC85B,invitee,present,3NGJNZCXN8PBNTRV,3NGJNZCXN8PBNTRV,2025-06-07 10:04:46,2025-06-07 10:10:56,
9162a0a5-d771-4c91-acbe-2bfda67c0a7e,bf996092-8d66-408a-8d8e-5065ca3330c2,ada6015d-9fce-4f2c-b20f-fc9122d2face,42effba4-2bb7-4d0c-a98a-2ad2b7f36312,3AJ2UBWNPMNWLHCM,invitee,present,3NGJNZCXN8PBNTRV,3NGJNZCXN8PBNTRV,2025-06-07 10:04:46,2025-06-07 10:10:49,
6c18f259-89c9-415c-851a-3ceaa56facd2,bf996092-8d66-408a-8d8e-5065ca3330c2,ada6015d-9fce-4f2c-b20f-fc9122d2face,42effba4-2bb7-4d0c-a98a-2ad2b7f36312,3NGJNZCXN8PBNTRV,organizer,present,3NGJNZCXN8PBNTRV,3NGJNZCXN8PBNTRV,2025-06-07 10:01:32,2025-06-07 10:11:03,
3417e063-de15-4db5-adb2-f079ca46e0e7,bf996092-8d66-408a-8d8e-5065ca3330c2,ada6015d-9fce-4f2c-b20f-fc9122d2face,3560602d-d6ed-4972-81e9-fe794055c06c,YJV2UM8AM54LC85B,invitee,missing,3NGJNZCXN8PBNTRV,3NGJNZCXN8PBNTRV,2025-06-07 10:16:42,2025-06-07 10:16:42,
b4996f9d-f9fb-45ec-af8c-ec3f3fc8c955,bf996092-8d66-408a-8d8e-5065ca3330c2,ada6015d-9fce-4f2c-b20f-fc9122d2face,3560602d-d6ed-4972-81e9-fe794055c06c,3NGJNZCXN8PBNTRV,organizer,missing,3NGJNZCXN8PBNTRV,3NGJNZCXN8PBNTRV,2025-06-07 10:16:42,2025-06-07 10:16:42,
7121e4fe-feb0-46d9-9590-dd3bdb18f18f,bf996092-8d66-408a-8d8e-5065ca3330c2,ada6015d-9fce-4f2c-b20f-fc9122d2face,3560602d-d6ed-4972-81e9-fe794055c06c,7XGJKR7GMJ4QN93J,invitee,missing,3NGJNZCXN8PBNTRV,3NGJNZCXN8PBNTRV,2025-06-07 10:16:42,2025-06-07 10:16:42,
06242929-33aa-4961-aea8-e1e43d16c8b7,bf996092-8d66-408a-8d8e-5065ca3330c2,ada6015d-9fce-4f2c-b20f-fc9122d2face,3560602d-d6ed-4972-81e9-fe794055c06c,HJQ2F2PVKF9BT95Z,invitee,missing,3NGJNZCXN8PBNTRV,3NGJNZCXN8PBNTRV,2025-06-07 10:16:42,2025-06-07 10:16:42,
ce0b1940-a9d2-414b-b0bd-6aea536c193d,bf996092-8d66-408a-8d8e-5065ca3330c2,ada6015d-9fce-4f2c-b20f-fc9122d2face,3560602d-d6ed-4972-81e9-fe794055c06c,CMJ2N3U8MSMRM8ZA,invitee,missing,3NGJNZCXN8PBNTRV,3NGJNZCXN8PBNTRV,2025-06-07 10:16:42,2025-06-07 10:16:42,
4e7a199a-ee2a-43e0-a4e2-a338dfd6a899,bf996092-8d66-408a-8d8e-5065ca3330c2,ada6015d-9fce-4f2c-b20f-fc9122d2face,3560602d-d6ed-4972-81e9-fe794055c06c,3AJ2UBWNPMNWLHCM,invitee,missing,3NGJNZCXN8PBNTRV,3NGJNZCXN8PBNTRV,2025-06-07 10:16:42,2025-06-07 10:16:42,
42ee76b7-f8aa-46e9-ad5b-44d75c02446b,bf996092-8d66-408a-8d8e-5065ca3330c2,ada6015d-9fce-4f2c-b20f-fc9122d2face,217b172a-0e31-476b-a16f-77e5042c52d7,V9Q2X946QA52XTJG,organizer,missing,V9Q2X946QA52XTJG,V9Q2X946QA52XTJG,2025-05-27 11:48:50,2025-05-27 11:48:50,
75581d7c-a872-4f54-ab02-37607beaba09,bf996092-8d66-408a-8d8e-5065ca3330c2,ada6015d-9fce-4f2c-b20f-fc9122d2face,217b172a-0e31-476b-a16f-77e5042c52d7,3NH2Q57QKQWJE37V,invitee,missing,V9Q2X946QA52XTJG,V9Q2X946QA52XTJG,2025-05-27 11:48:50,2025-05-27 11:48:50,
55b47c99-ac63-4561-b2d4-40ee21b5e5ac,bf996092-8d66-408a-8d8e-5065ca3330c2,ada6015d-9fce-4f2c-b20f-fc9122d2face,217b172a-0e31-476b-a16f-77e5042c52d7,CMJ2N3U8MSMRM8ZA,invitee,missing,V9Q2X946QA52XTJG,V9Q2X946QA52XTJG,2025-05-27 11:48:50,2025-05-27 11:48:59,2025-05-27 11:48:59
e66204d6-c7d9-4291-816d-acc2e82ec971,bf996092-8d66-408a-8d8e-5065ca3330c2,ada6015d-9fce-4f2c-b20f-fc9122d2face,217b172a-0e31-476b-a16f-77e5042c52d7,QTY2BLR8NFP8RWJ4,invitee,missing,V9Q2X946QA52XTJG,V9Q2X946QA52XTJG,2025-05-27 11:48:50,2025-05-27 11:49:03,2025-05-27 11:49:03
1fea1b38-f648-4c42-a6a7-e45b271e1764,bf996092-8d66-408a-8d8e-5065ca3330c2,ada6015d-9fce-4f2c-b20f-fc9122d2face,c65702d6-a1f3-4264-9124-6d6a893bdfec,V9Q2X946QA52XTJG,invitee,missing,CMJ2N3U8MSMRM8ZA,CMJ2N3U8MSMRM8ZA,2025-05-08 06:21:30,2025-05-08 12:14:42,2025-05-08 12:14:42
36d7c491-dad9-423c-bfd0-d1c8999e3b5b,bf996092-8d66-408a-8d8e-5065ca3330c2,ada6015d-9fce-4f2c-b20f-fc9122d2face,c65702d6-a1f3-4264-9124-6d6a893bdfec,DQ72WAMCK3PT3T58,invitee,present,CMJ2N3U8MSMRM8ZA,CMJ2N3U8MSMRM8ZA,2025-05-08 06:21:30,2025-05-08 06:31:31,
dd0dd4fa-ee23-41f1-b3a1-4502f482d64e,bf996092-8d66-408a-8d8e-5065ca3330c2,ada6015d-9fce-4f2c-b20f-fc9122d2face,c65702d6-a1f3-4264-9124-6d6a893bdfec,CMJ2N3U8MSMRM8ZA,organizer,present,CMJ2N3U8MSMRM8ZA,CMJ2N3U8MSMRM8ZA,2025-05-08 06:16:32,2025-05-08 06:31:31,
5c7d229c-bb7f-49f3-8a99-ae59e9ee21dd,bf996092-8d66-408a-8d8e-5065ca3330c2,967e785d-d83c-490b-8d6a-2ed926c956ac,58fda15d-6158-4640-acdb-3b79962494de,CMJ2N3U8MSMRM8ZA,organizer,present,CMJ2N3U8MSMRM8ZA,CMJ2N3U8MSMRM8ZA,2025-05-08 07:30:28,2025-05-08 12:00:45,
71c1a676-2df4-4f39-8a93-b6a96c4b0a1c,bf996092-8d66-408a-8d8e-5065ca3330c2,967e785d-d83c-490b-8d6a-2ed926c956ac,58fda15d-6158-4640-acdb-3b79962494de,Y2W2RXA2P4MPP325,invitee,present,CMJ2N3U8MSMRM8ZA,CMJ2N3U8MSMRM8ZA,2025-05-08 12:00:40,2025-05-08 12:00:54,
0c8212ea-b043-4b6f-b4f9-478f29a8df30,bf996092-8d66-408a-8d8e-5065ca3330c2,967e785d-d83c-490b-8d6a-2ed926c956ac,58fda15d-6158-4640-acdb-3b79962494de,KNL28BHPJJMCM75F,invitee,present,CMJ2N3U8MSMRM8ZA,CMJ2N3U8MSMRM8ZA,2025-05-08 12:00:40,2025-05-08 12:00:52,
bc3d5c61-1d2a-44a9-b9e1-6d4b54cff782,bf996092-8d66-408a-8d8e-5065ca3330c2,967e785d-d83c-490b-8d6a-2ed926c956ac,58fda15d-6158-4640-acdb-3b79962494de,DQ72WAMCK3PT3T58,invitee,present,CMJ2N3U8MSMRM8ZA,CMJ2N3U8MSMRM8ZA,2025-05-08 12:00:40,2025-05-08 12:00:56,
3b1b5fb0-417d-4256-9c5f-958609e7a9eb,bf996092-8d66-408a-8d8e-5065ca3330c2,967e785d-d83c-490b-8d6a-2ed926c956ac,58fda15d-6158-4640-acdb-3b79962494de,HAF3KK94JCSG,invitee,present,CMJ2N3U8MSMRM8ZA,CMJ2N3U8MSMRM8ZA,2025-05-08 12:00:40,2025-05-08 12:00:49,
53c188bd-86e3-4e72-bb2a-66f79f70a766,bf996092-8d66-408a-8d8e-5065ca3330c2,967e785d-d83c-490b-8d6a-2ed926c956ac,58fda15d-6158-4640-acdb-3b79962494de,U8Q2F3P4M3PWWQXF,invitee,present,CMJ2N3U8MSMRM8ZA,CMJ2N3U8MSMRM8ZA,2025-05-08 12:00:40,2025-05-08 12:00:51,
2acb9831-3027-4c5e-b160-0ea3b94dacf0,bf996092-8d66-408a-8d8e-5065ca3330c2,967e785d-d83c-490b-8d6a-2ed926c956ac,58fda15d-6158-4640-acdb-3b79962494de,Q8AJCWZUMM834EBP,invitee,present,CMJ2N3U8MSMRM8ZA,CMJ2N3U8MSMRM8ZA,2025-05-08 12:00:40,2025-05-08 12:00:48,
b7e641db-1513-4019-8063-81691fea0002,bf996092-8d66-408a-8d8e-5065ca3330c2,ada6015d-9fce-4f2c-b20f-fc9122d2face,3caae483-49b0-499c-937b-8b08a2d004d5,3NH2Q57QKQWJE37V,organizer,,3NH2Q57QKQWJE37V,3NH2Q57QKQWJE37V,2025-06-11 04:20:23,2025-06-11 04:20:23,
ac831665-1703-42da-a1fb-a584e7131c3c,bf996092-8d66-408a-8d8e-5065ca3330c2,ada6015d-9fce-4f2c-b20f-fc9122d2face,7a7199a2-9d4c-4cbe-9903-72ce7bbb2870,NXBJU9KZRN2LR6EX,invitee,present,CMJ2N3U8MSMRM8ZA,CMJ2N3U8MSMRM8ZA,2025-06-13 08:56:26,2025-06-13 08:56:40,
422bbf8a-5824-42e5-a83d-ba9bc7f8fae2,bf996092-8d66-408a-8d8e-5065ca3330c2,ada6015d-9fce-4f2c-b20f-fc9122d2face,7a7199a2-9d4c-4cbe-9903-72ce7bbb2870,56E2WKNZLVXE6PJS,invitee,missing,CMJ2N3U8MSMRM8ZA,CMJ2N3U8MSMRM8ZA,2025-06-13 08:56:26,2025-06-13 08:56:26,
c73873ad-ccc3-4b6d-8140-c895eda59ffe,bf996092-8d66-408a-8d8e-5065ca3330c2,ada6015d-9fce-4f2c-b20f-fc9122d2face,7a7199a2-9d4c-4cbe-9903-72ce7bbb2870,3NH2Q57QKQWJE37V,invitee,present,CMJ2N3U8MSMRM8ZA,CMJ2N3U8MSMRM8ZA,2025-06-13 08:56:26,2025-06-13 08:56:42,
99e91a38-6642-42ec-b659-63d0b1f4bc5f,bf996092-8d66-408a-8d8e-5065ca3330c2,ada6015d-9fce-4f2c-b20f-fc9122d2face,7a7199a2-9d4c-4cbe-9903-72ce7bbb2870,ZR82A9P9NTQM2CS6,invitee,present,CMJ2N3U8MSMRM8ZA,CMJ2N3U8MSMRM8ZA,2025-06-13 08:56:26,2025-06-13 08:56:39,
ce6e627b-be18-42f0-a1d0-f40102e7008f,bf996092-8d66-408a-8d8e-5065ca3330c2,ada6015d-9fce-4f2c-b20f-fc9122d2face,7a7199a2-9d4c-4cbe-9903-72ce7bbb2870,SFB2VPYZKPQ7XEGT,invitee,present,CMJ2N3U8MSMRM8ZA,CMJ2N3U8MSMRM8ZA,2025-06-13 08:56:26,2025-06-13 08:56:38,
91479621-75f0-4be1-82ba-c286e7323181,bf996092-8d66-408a-8d8e-5065ca3330c2,ada6015d-9fce-4f2c-b20f-fc9122d2face,7a7199a2-9d4c-4cbe-9903-72ce7bbb2870,CMJ2N3U8MSMRM8ZA,organizer,present,CMJ2N3U8MSMRM8ZA,CMJ2N3U8MSMRM8ZA,2025-06-13 08:55:00,2025-06-13 08:56:36,
ef6973b7-d73a-430a-b66e-cb60f47576ba,bf996092-8d66-408a-8d8e-5065ca3330c2,ada6015d-9fce-4f2c-b20f-fc9122d2face,7a7199a2-9d4c-4cbe-9903-72ce7bbb2870,YEYJGRGXQH2X5DAY,organizer,missing,CMJ2N3U8MSMRM8ZA,CMJ2N3U8MSMRM8ZA,2025-06-13 09:24:26,2025-06-13 09:24:36,
ee2eccdc-860c-4265-97d5-cd2c607cece0,bf996092-8d66-408a-8d8e-5065ca3330c2,ada6015d-9fce-4f2c-b20f-fc9122d2face,93d4bb14-2355-4fc8-9b11-76feb1bfc484,3NH2Q57QKQWJE37V,organizer,,3NH2Q57QKQWJE37V,3NH2Q57QKQWJE37V,2025-06-11 06:55:16,2025-06-11 06:55:16,
11131e93-8dc9-451e-93b8-692ab6f48843,bf996092-8d66-408a-8d8e-5065ca3330c2,ada6015d-9fce-4f2c-b20f-fc9122d2face,93d4bb14-2355-4fc8-9b11-76feb1bfc484,DVW2J8GUNHESYYKC,invitee,missing,3NH2Q57QKQWJE37V,3NH2Q57QKQWJE37V,2025-06-11 07:00:51,2025-06-11 07:00:51,
1d4eab11-ccf5-41de-aa2a-477d8ce22071,bf996092-8d66-408a-8d8e-5065ca3330c2,ada6015d-9fce-4f2c-b20f-fc9122d2face,20ed9669-b36a-4a97-abf9-61f826cd79fc,DVW2J8GUNHESYYKC,organizer,,DVW2J8GUNHESYYKC,DVW2J8GUNHESYYKC,2025-06-11 06:56:10,2025-06-11 06:56:10,
24353240-5a11-4b47-9e5a-0689ab34aafb,bf996092-8d66-408a-8d8e-5065ca3330c2,ada6015d-9fce-4f2c-b20f-fc9122d2face,20ed9669-b36a-4a97-abf9-61f826cd79fc,3NH2Q57QKQWJE37V,invitee,missing,DVW2J8GUNHESYYKC,DVW2J8GUNHESYYKC,2025-06-11 06:58:35,2025-06-11 06:58:35,
6c8db9c6-361c-49c6-a7c4-0de66640d2c8,bf996092-8d66-408a-8d8e-5065ca3330c2,ada6015d-9fce-4f2c-b20f-fc9122d2face,6bccdc18-d0e9-4444-870f-85168c69074b,3NH2Q57QKQWJE37V,invitee,missing,DVW2J8GUNHESYYKC,DVW2J8GUNHESYYKC,2025-06-11 07:22:16,2025-06-11 07:22:16,
d6378d3e-6559-4545-acd6-72aeb4416ab5,bf996092-8d66-408a-8d8e-5065ca3330c2,ada6015d-9fce-4f2c-b20f-fc9122d2face,6bccdc18-d0e9-4444-870f-85168c69074b,DVW2J8GUNHESYYKC,organizer,missing,DVW2J8GUNHESYYKC,DVW2J8GUNHESYYKC,2025-06-11 07:22:16,2025-06-11 07:22:16,
d952b1bb-5621-42ed-b6f3-887eeb29cdd0,bf996092-8d66-408a-8d8e-5065ca3330c2,ada6015d-9fce-4f2c-b20f-fc9122d2face,8398f43e-b3d9-4df2-90b8-3a16da0bf1f4,DVW2J8GUNHESYYKC,organizer,missing,DVW2J8GUNHESYYKC,DVW2J8GUNHESYYKC,2025-06-11 07:25:14,2025-06-11 07:25:14,
401c46ff-c741-45cf-9c95-f37fededccfb,bf996092-8d66-408a-8d8e-5065ca3330c2,ada6015d-9fce-4f2c-b20f-fc9122d2face,8398f43e-b3d9-4df2-90b8-3a16da0bf1f4,3NH2Q57QKQWJE37V,invitee,missing,DVW2J8GUNHESYYKC,DVW2J8GUNHESYYKC,2025-06-11 07:25:14,2025-06-11 07:25:14,
95c04a65-9c7e-454a-9d20-6f85f02fe98e,bf996092-8d66-408a-8d8e-5065ca3330c2,e9b596f2-48ee-419b-a199-da304b38c398,d92be0e3-07e9-4098-a667-80c691ddb85b,7UBTJ2JUZS54,organizer,present,7UBTJ2JUZS54,7UBTJ2JUZS54,2025-06-12 07:08:49,2025-06-12 08:44:12,
a07b7d0f-1765-48a0-95ad-dc9c74f27fc6,bf996092-8d66-408a-8d8e-5065ca3330c2,e9b596f2-48ee-419b-a199-da304b38c398,d92be0e3-07e9-4098-a667-80c691ddb85b,NTHFQB8P8X3C,invitee,missing,7UBTJ2JUZS54,7UBTJ2JUZS54,2025-06-12 08:43:02,2025-06-12 08:43:02,
6cbd16eb-893e-47ff-af08-aef8cc5ff40f,bf996092-8d66-408a-8d8e-5065ca3330c2,e9b596f2-48ee-419b-a199-da304b38c398,d92be0e3-07e9-4098-a667-80c691ddb85b,7PG2TJVQJYH2TVV7,invitee,missing,7UBTJ2JUZS54,7UBTJ2JUZS54,2025-06-12 08:43:02,2025-06-12 08:43:02,
1ac8893e-8fd1-4096-af39-9ae641c9f8a9,bf996092-8d66-408a-8d8e-5065ca3330c2,e9b596f2-48ee-419b-a199-da304b38c398,d92be0e3-07e9-4098-a667-80c691ddb85b,TDJ2KMS3MD4GTLDN,invitee,missing,7UBTJ2JUZS54,7UBTJ2JUZS54,2025-06-12 08:43:02,2025-06-12 08:43:02,
1dece1a6-e702-4d85-a646-8e7f3d01a6c0,bf996092-8d66-408a-8d8e-5065ca3330c2,e9b596f2-48ee-419b-a199-da304b38c398,d92be0e3-07e9-4098-a667-80c691ddb85b,D5ZKMDH5JP7L,invitee,missing,7UBTJ2JUZS54,7UBTJ2JUZS54,2025-06-12 08:43:02,2025-06-12 08:43:02,
3b555595-99d1-4c28-b289-a97beb4d35c4,bf996092-8d66-408a-8d8e-5065ca3330c2,e9b596f2-48ee-419b-a199-da304b38c398,d92be0e3-07e9-4098-a667-80c691ddb85b,MLE243XQQX2UK86L,invitee,missing,7UBTJ2JUZS54,7UBTJ2JUZS54,2025-06-12 08:43:02,2025-06-12 08:43:02,
3b034b1d-f506-4afd-8083-6bc0cba6d6fd,bf996092-8d66-408a-8d8e-5065ca3330c2,e9b596f2-48ee-419b-a199-da304b38c398,d92be0e3-07e9-4098-a667-80c691ddb85b,WMZ2BALML3JQXZCF,invitee,present,7UBTJ2JUZS54,7UBTJ2JUZS54,2025-06-12 08:43:02,2025-06-12 08:43:11,
10218dcc-d615-400e-87fe-0100456003bb,bf996092-8d66-408a-8d8e-5065ca3330c2,e9b596f2-48ee-419b-a199-da304b38c398,d92be0e3-07e9-4098-a667-80c691ddb85b,H4J29KZBMAKAE737,invitee,present,7UBTJ2JUZS54,7UBTJ2JUZS54,2025-06-12 08:43:02,2025-06-12 08:43:14,
8de87401-9cea-488c-a438-0f916e04d588,bf996092-8d66-408a-8d8e-5065ca3330c2,e9b596f2-48ee-419b-a199-da304b38c398,d92be0e3-07e9-4098-a667-80c691ddb85b,S762NMGBKUB423MM,invitee,missing,7UBTJ2JUZS54,7UBTJ2JUZS54,2025-06-12 08:43:02,2025-06-12 08:43:17,
e1cd64b9-b995-45d3-bb2e-34a742cf0b3c,bf996092-8d66-408a-8d8e-5065ca3330c2,e9b596f2-48ee-419b-a199-da304b38c398,d92be0e3-07e9-4098-a667-80c691ddb85b,7U4JFSY4QDWLDBBX,invitee,present,7UBTJ2JUZS54,7UBTJ2JUZS54,2025-06-12 08:43:02,2025-06-12 08:43:23,
26e8e75c-1805-4bae-bd7b-600a99bdce65,bf996092-8d66-408a-8d8e-5065ca3330c2,e9b596f2-48ee-419b-a199-da304b38c398,d92be0e3-07e9-4098-a667-80c691ddb85b,CMJ2N3U8MSMRM8ZA,invitee,present,7UBTJ2JUZS54,7UBTJ2JUZS54,2025-06-12 08:43:02,2025-06-12 08:43:21,
83d9c156-0b29-4967-a7c4-3cd538061353,bf996092-8d66-408a-8d8e-5065ca3330c2,e9b596f2-48ee-419b-a199-da304b38c398,d92be0e3-07e9-4098-a667-80c691ddb85b,ACNJW4H2RJFR53AV,invitee,present,7UBTJ2JUZS54,7UBTJ2JUZS54,2025-06-12 08:43:02,2025-06-12 08:43:37,
84b5f795-9bc8-4653-b368-1fb1a023b6c0,bf996092-8d66-408a-8d8e-5065ca3330c2,e9b596f2-48ee-419b-a199-da304b38c398,d92be0e3-07e9-4098-a667-80c691ddb85b,JPRBPWYY6F8Q,invitee,present,7UBTJ2JUZS54,7UBTJ2JUZS54,2025-06-12 08:43:02,2025-06-12 08:43:52,
9469a807-3e78-4f71-bf8a-467c5de85e95,bf996092-8d66-408a-8d8e-5065ca3330c2,e9b596f2-48ee-419b-a199-da304b38c398,d92be0e3-07e9-4098-a667-80c691ddb85b,DQ72WAMCK3PT3T58,invitee,present,7UBTJ2JUZS54,7UBTJ2JUZS54,2025-06-12 08:43:02,2025-06-12 08:43:40,
5ab66895-9934-44c1-8ccf-0cd5859ae388,bf996092-8d66-408a-8d8e-5065ca3330c2,e9b596f2-48ee-419b-a199-da304b38c398,d92be0e3-07e9-4098-a667-80c691ddb85b,DX6J5SASN4NA66QN,invitee,present,7UBTJ2JUZS54,7UBTJ2JUZS54,2025-06-12 08:43:02,2025-06-12 08:43:39,
aa738ff3-609f-485b-bb5e-ff02a4928345,bf996092-8d66-408a-8d8e-5065ca3330c2,e9b596f2-48ee-419b-a199-da304b38c398,d92be0e3-07e9-4098-a667-80c691ddb85b,E8X2CHN6NP9MT4HA,invitee,present,7UBTJ2JUZS54,7UBTJ2JUZS54,2025-06-12 08:43:02,2025-06-12 08:44:28,
43567d2e-2076-4a96-b582-53915877be8e,bf996092-8d66-408a-8d8e-5065ca3330c2,e9b596f2-48ee-419b-a199-da304b38c398,d92be0e3-07e9-4098-a667-80c691ddb85b,4Q72Z7YYNCV4JKCW,invitee,missing,7UBTJ2JUZS54,7UBTJ2JUZS54,2025-06-12 08:43:02,2025-06-12 08:44:49,2025-06-12 08:44:49
214ef689-d4ac-4260-ba5c-88a69504bc42,bf996092-8d66-408a-8d8e-5065ca3330c2,e9b596f2-48ee-419b-a199-da304b38c398,d92be0e3-07e9-4098-a667-80c691ddb85b,G5LJ2CH9PRAMRT7X,invitee,present,7UBTJ2JUZS54,7UBTJ2JUZS54,2025-06-12 08:43:02,2025-06-12 08:45:07,
fa278095-6257-4883-8efa-df8da916b45d,bf996092-8d66-408a-8d8e-5065ca3330c2,e9b596f2-48ee-419b-a199-da304b38c398,d92be0e3-07e9-4098-a667-80c691ddb85b,DEFJY3LUP6UBKWPS,invitee,present,7UBTJ2JUZS54,7UBTJ2JUZS54,2025-06-12 08:43:02,2025-06-12 08:45:18,
57f46cbc-8b90-49f2-be76-a06400fc116c,bf996092-8d66-408a-8d8e-5065ca3330c2,e9b596f2-48ee-419b-a199-da304b38c398,d92be0e3-07e9-4098-a667-80c691ddb85b,EAW249MULVNEJUNK,invitee,present,7UBTJ2JUZS54,7UBTJ2JUZS54,2025-06-12 08:43:02,2025-06-12 08:45:23,
36a42b46-052e-4dcb-87d2-f3402effc639,bf996092-8d66-408a-8d8e-5065ca3330c2,967e785d-d83c-490b-8d6a-2ed926c956ac,0d4781dc-812f-49c0-a17c-7a9856da1fa1,U8Q2F3P4M3PWWQXF,organizer,,U8Q2F3P4M3PWWQXF,U8Q2F3P4M3PWWQXF,2025-06-12 09:39:28,2025-06-12 09:39:28,
7efce8c1-0469-4bfb-9f18-cc74902722ec,bf996092-8d66-408a-8d8e-5065ca3330c2,f679f4cf-c089-4a2b-9b84-b14129630601,8c0bbf79-5d5a-4e5a-a7e2-57f366cf287b,HJQ2F2PVKF9BT95Z,invitee,present,7XGJKR7GMJ4QN93J,7XGJKR7GMJ4QN93J,2025-07-02 11:33:22,2025-07-02 11:42:35,2025-07-02 11:42:35
ddbb5692-fd39-483c-9f0e-d4cf6c11ffa5,bf996092-8d66-408a-8d8e-5065ca3330c2,f679f4cf-c089-4a2b-9b84-b14129630601,8c0bbf79-5d5a-4e5a-a7e2-57f366cf287b,3AJ2UBWNPMNWLHCM,invitee,present,7XGJKR7GMJ4QN93J,7XGJKR7GMJ4QN93J,2025-07-02 11:33:22,2025-07-02 11:42:36,2025-07-02 11:42:36
2e5c5661-b878-4e46-8d89-38df59b5eafd,bf996092-8d66-408a-8d8e-5065ca3330c2,f679f4cf-c089-4a2b-9b84-b14129630601,8c0bbf79-5d5a-4e5a-a7e2-57f366cf287b,G5LJ2CH9PRAMRT7X,invitee,present,7XGJKR7GMJ4QN93J,7XGJKR7GMJ4QN93J,2025-07-02 11:33:22,2025-07-02 11:42:42,2025-07-02 11:42:42
914aae04-4089-4e62-aead-c9dc9d96ffe5,bf996092-8d66-408a-8d8e-5065ca3330c2,f679f4cf-c089-4a2b-9b84-b14129630601,8c0bbf79-5d5a-4e5a-a7e2-57f366cf287b,CMJ2N3U8MSMRM8ZA,invitee,present,7XGJKR7GMJ4QN93J,7XGJKR7GMJ4QN93J,2025-07-02 11:33:46,2025-07-02 11:42:40,2025-07-02 11:42:40
cb71a35a-84ba-4103-b364-5c34e459e1cb,bf996092-8d66-408a-8d8e-5065ca3330c2,f679f4cf-c089-4a2b-9b84-b14129630601,8c0bbf79-5d5a-4e5a-a7e2-57f366cf287b,D5ZKMDH5JP7L,invitee,present,7XGJKR7GMJ4QN93J,7XGJKR7GMJ4QN93J,2025-07-02 11:33:46,2025-07-02 11:42:46,2025-07-02 11:42:46
d966f1d4-9297-4611-b68c-5b76e8b509a3,bf996092-8d66-408a-8d8e-5065ca3330c2,f679f4cf-c089-4a2b-9b84-b14129630601,8c0bbf79-5d5a-4e5a-a7e2-57f366cf287b,WGZMNSNY5MBR,invitee,present,7XGJKR7GMJ4QN93J,7XGJKR7GMJ4QN93J,2025-07-02 11:33:22,2025-07-02 11:42:32,2025-07-02 11:42:32
83b7312c-858e-4ead-bd28-7338990313cd,bf996092-8d66-408a-8d8e-5065ca3330c2,f679f4cf-c089-4a2b-9b84-b14129630601,8c0bbf79-5d5a-4e5a-a7e2-57f366cf287b,3NGJNZCXN8PBNTRV,invitee,present,7XGJKR7GMJ4QN93J,7XGJKR7GMJ4QN93J,2025-07-02 11:33:22,2025-07-02 11:42:45,2025-07-02 11:42:45
c807a6a4-d06f-4ae0-a402-b9bf07c632e9,bf996092-8d66-408a-8d8e-5065ca3330c2,f679f4cf-c089-4a2b-9b84-b14129630601,8c0bbf79-5d5a-4e5a-a7e2-57f366cf287b,S762NMGBKUB423MM,invitee,present,7XGJKR7GMJ4QN93J,7XGJKR7GMJ4QN93J,2025-07-02 11:33:22,2025-07-02 11:42:38,2025-07-02 11:42:38
cc3d66ad-c711-4131-88ba-764a65aab492,bf996092-8d66-408a-8d8e-5065ca3330c2,f679f4cf-c089-4a2b-9b84-b14129630601,8c0bbf79-5d5a-4e5a-a7e2-57f366cf287b,UVZ2LVH7JFCRPWMD,invitee,present,7XGJKR7GMJ4QN93J,7XGJKR7GMJ4QN93J,2025-07-02 11:33:22,2025-07-02 11:42:39,2025-07-02 11:42:39
a0ae1b7d-63a3-4f56-90e3-5dc6cab96cb4,bf996092-8d66-408a-8d8e-5065ca3330c2,f679f4cf-c089-4a2b-9b84-b14129630601,8c0bbf79-5d5a-4e5a-a7e2-57f366cf287b,YQH2SLPMM8Q48DDT,invitee,present,7XGJKR7GMJ4QN93J,7XGJKR7GMJ4QN93J,2025-07-02 11:33:22,2025-07-02 11:42:42,2025-07-02 11:42:42
091ea11f-2587-4059-bc0b-60e4efd7a377,bf996092-8d66-408a-8d8e-5065ca3330c2,f679f4cf-c089-4a2b-9b84-b14129630601,8c0bbf79-5d5a-4e5a-a7e2-57f366cf287b,7XGJKR7GMJ4QN93J,organizer,,7XGJKR7GMJ4QN93J,7XGJKR7GMJ4QN93J,2025-07-02 11:26:56,2025-07-02 11:42:55,2025-07-02 11:42:55
745f06bb-7106-49d0-a19c-e40acac0a88d,bf996092-8d66-408a-8d8e-5065ca3330c2,f679f4cf-c089-4a2b-9b84-b14129630601,8c0bbf79-5d5a-4e5a-a7e2-57f366cf287b,YNUJS2S8LSSR8AJW,invitee,present,7XGJKR7GMJ4QN93J,7XGJKR7GMJ4QN93J,2025-07-02 11:33:22,2025-07-02 11:42:51,2025-07-02 11:42:51
addc077e-0ea9-4301-a5cb-3419435fc100,bf996092-8d66-408a-8d8e-5065ca3330c2,f679f4cf-c089-4a2b-9b84-b14129630601,8c0bbf79-5d5a-4e5a-a7e2-57f366cf287b,YJV2UM8AM54LC85B,invitee,present,7XGJKR7GMJ4QN93J,7XGJKR7GMJ4QN93J,2025-07-02 11:33:22,2025-07-02 11:42:49,2025-07-02 11:42:49
868323fd-d4a2-4b09-a477-58ae31b5ec09,bf996092-8d66-408a-8d8e-5065ca3330c2,f679f4cf-c089-4a2b-9b84-b14129630601,8c0bbf79-5d5a-4e5a-a7e2-57f366cf287b,DQ72WAMCK3PT3T58,invitee,present,7XGJKR7GMJ4QN93J,7XGJKR7GMJ4QN93J,2025-07-02 11:33:46,2025-07-02 11:42:48,2025-07-02 11:42:48
72a76dff-ca18-4266-a320-e54d02cccfc9,bf996092-8d66-408a-8d8e-5065ca3330c2,f679f4cf-c089-4a2b-9b84-b14129630601,1f259767-c020-4837-9f6a-270841b55596,7XGJKR7GMJ4QN93J,organizer,,7XGJKR7GMJ4QN93J,7XGJKR7GMJ4QN93J,2025-07-02 11:48:05,2025-07-02 11:48:05,
f18476b8-3d9b-455c-bfdc-ead8f5846a35,bf996092-8d66-408a-8d8e-5065ca3330c2,f679f4cf-c089-4a2b-9b84-b14129630601,1f259767-c020-4837-9f6a-270841b55596,3AJ2UBWNPMNWLHCM,invitee,missing,7XGJKR7GMJ4QN93J,7XGJKR7GMJ4QN93J,2025-07-02 11:58:19,2025-07-02 11:58:19,
d1596051-d0d3-4d58-a591-806b131e1d17,bf996092-8d66-408a-8d8e-5065ca3330c2,f679f4cf-c089-4a2b-9b84-b14129630601,1f259767-c020-4837-9f6a-270841b55596,YQH2SLPMM8Q48DDT,invitee,missing,7XGJKR7GMJ4QN93J,7XGJKR7GMJ4QN93J,2025-07-02 11:58:19,2025-07-02 11:58:19,
819cf9af-e450-40b3-9153-dbe2b3edbc21,bf996092-8d66-408a-8d8e-5065ca3330c2,f679f4cf-c089-4a2b-9b84-b14129630601,1f259767-c020-4837-9f6a-270841b55596,WGZMNSNY5MBR,invitee,missing,7XGJKR7GMJ4QN93J,7XGJKR7GMJ4QN93J,2025-07-02 11:58:19,2025-07-02 11:58:19,
3559815a-cf9a-4ba5-abaa-cc757f8ea957,bf996092-8d66-408a-8d8e-5065ca3330c2,f679f4cf-c089-4a2b-9b84-b14129630601,1f259767-c020-4837-9f6a-270841b55596,CMJ2N3U8MSMRM8ZA,invitee,missing,7XGJKR7GMJ4QN93J,7XGJKR7GMJ4QN93J,2025-07-02 11:58:19,2025-07-02 11:58:19,
f1da4633-0b51-4184-8f71-d581dc22ceaf,bf996092-8d66-408a-8d8e-5065ca3330c2,f679f4cf-c089-4a2b-9b84-b14129630601,1f259767-c020-4837-9f6a-270841b55596,3NGJNZCXN8PBNTRV,invitee,missing,7XGJKR7GMJ4QN93J,7XGJKR7GMJ4QN93J,2025-07-02 11:58:19,2025-07-02 11:58:19,
71a36f8f-1f7f-4f59-8221-d5561c6472e2,bf996092-8d66-408a-8d8e-5065ca3330c2,f679f4cf-c089-4a2b-9b84-b14129630601,1f259767-c020-4837-9f6a-270841b55596,D5ZKMDH5JP7L,invitee,missing,7XGJKR7GMJ4QN93J,7XGJKR7GMJ4QN93J,2025-07-02 11:58:19,2025-07-02 11:58:19,
ee117576-eba0-4d59-afcb-0ec1530d0c8b,bf996092-8d66-408a-8d8e-5065ca3330c2,f679f4cf-c089-4a2b-9b84-b14129630601,1f259767-c020-4837-9f6a-270841b55596,UVZ2LVH7JFCRPWMD,invitee,missing,7XGJKR7GMJ4QN93J,7XGJKR7GMJ4QN93J,2025-07-02 11:58:19,2025-07-02 11:58:19,
fcb6c70c-510b-42fb-9e88-55e7d7c9d8b0,bf996092-8d66-408a-8d8e-5065ca3330c2,f679f4cf-c089-4a2b-9b84-b14129630601,1f259767-c020-4837-9f6a-270841b55596,HJQ2F2PVKF9BT95Z,invitee,missing,7XGJKR7GMJ4QN93J,7XGJKR7GMJ4QN93J,2025-07-02 11:58:19,2025-07-02 11:58:19,
438c2e15-7890-4ffb-8398-3dc835036da4,bf996092-8d66-408a-8d8e-5065ca3330c2,ada6015d-9fce-4f2c-b20f-fc9122d2face,2b699cc5-2d5c-4fa8-8fc4-a174aae8c97c,V9Q2X946QA52XTJG,organizer,,V9Q2X946QA52XTJG,V9Q2X946QA52XTJG,2025-04-03 10:45:34,2025-04-03 10:45:34,
23b4531e-259a-4ab6-be69-596d5f402379,bf996092-8d66-408a-8d8e-5065ca3330c2,ada6015d-9fce-4f2c-b20f-fc9122d2face,2b699cc5-2d5c-4fa8-8fc4-a174aae8c97c,CMJ2N3U8MSMRM8ZA,invitee,missing,V9Q2X946QA52XTJG,V9Q2X946QA52XTJG,2025-04-03 10:49:14,2025-04-03 10:49:14,
109eaf08-eb92-4806-8bd5-d4ed55187335,bf996092-8d66-408a-8d8e-5065ca3330c2,ada6015d-9fce-4f2c-b20f-fc9122d2face,2b699cc5-2d5c-4fa8-8fc4-a174aae8c97c,Z3429E4KRUPBNHD4,invitee,missing,V9Q2X946QA52XTJG,V9Q2X946QA52XTJG,2025-04-03 10:49:14,2025-04-03 10:49:14,
19957cba-118d-4853-921d-acf7b1307a16,bf996092-8d66-408a-8d8e-5065ca3330c2,967e785d-d83c-490b-8d6a-2ed926c956ac,064238df-60de-4e38-99bc-9526805ffd10,3NH2Q57QKQWJE37V,organizer,,3NH2Q57QKQWJE37V,3NH2Q57QKQWJE37V,2025-05-30 08:41:21,2025-05-30 08:41:21,
87e44042-72fb-4af6-988f-edd666ca48c0,bf996092-8d66-408a-8d8e-5065ca3330c2,e9b596f2-48ee-419b-a199-da304b38c398,b34c69f8-7317-4ef1-90bb-87ddac1b5e36,7UBTJ2JUZS54,organizer,,7UBTJ2JUZS54,7UBTJ2JUZS54,2025-06-06 05:32:37,2025-06-12 08:54:17,2025-06-12 08:54:17
294fe7f3-9ccd-4e11-ac78-4c189c7f1016,bf996092-8d66-408a-8d8e-5065ca3330c2,ada6015d-9fce-4f2c-b20f-fc9122d2face,658962a2-94fd-409c-969c-389d4b870ca1,2KP2ZDFMJNQ5UEM8,organizer,,2KP2ZDFMJNQ5UEM8,2KP2ZDFMJNQ5UEM8,2025-05-21 10:09:44,2025-05-21 10:09:44,
4e23f615-0839-454b-80a9-7ab684e009c5,bf996092-8d66-408a-8d8e-5065ca3330c2,f679f4cf-c089-4a2b-9b84-b14129630601,f1ca0844-719a-4205-92ff-4a5d0a27b06c,WMZ2BALML3JQXZCF,invitee,present,NTHFQB8P8X3C,NTHFQB8P8X3C,2025-07-31 10:09:09,2025-07-31 10:09:17,
d658f0d1-b431-4c25-b121-6c9e2bf96d02,bf996092-8d66-408a-8d8e-5065ca3330c2,f679f4cf-c089-4a2b-9b84-b14129630601,f1ca0844-719a-4205-92ff-4a5d0a27b06c,EAW249MULVNEJUNK,invitee,present,NTHFQB8P8X3C,NTHFQB8P8X3C,2025-07-31 10:09:09,2025-07-31 10:09:18,
d2563709-f3e3-4350-b0cd-0a5d707251c4,bf996092-8d66-408a-8d8e-5065ca3330c2,f679f4cf-c089-4a2b-9b84-b14129630601,f1ca0844-719a-4205-92ff-4a5d0a27b06c,H4J29KZBMAKAE737,invitee,present,NTHFQB8P8X3C,NTHFQB8P8X3C,2025-07-31 10:09:09,2025-07-31 10:09:20,
a0076972-408d-473e-b541-6fb5bb6f31bb,bf996092-8d66-408a-8d8e-5065ca3330c2,f679f4cf-c089-4a2b-9b84-b14129630601,f1ca0844-719a-4205-92ff-4a5d0a27b06c,S762NMGBKUB423MM,invitee,present,NTHFQB8P8X3C,NTHFQB8P8X3C,2025-07-31 10:09:09,2025-08-04 09:53:57,
139790e1-8695-40c9-a7d2-3df0a71459bf,bf996092-8d66-408a-8d8e-5065ca3330c2,f679f4cf-c089-4a2b-9b84-b14129630601,f1ca0844-719a-4205-92ff-4a5d0a27b06c,MLE243XQQX2UK86L,invitee,present,NTHFQB8P8X3C,NTHFQB8P8X3C,2025-07-31 10:09:09,2025-08-04 09:53:59,
7de882ea-f541-40ee-816c-111fba7ca857,bf996092-8d66-408a-8d8e-5065ca3330c2,f679f4cf-c089-4a2b-9b84-b14129630601,f1ca0844-719a-4205-92ff-4a5d0a27b06c,G5LJ2CH9PRAMRT7X,invitee,present,NTHFQB8P8X3C,NTHFQB8P8X3C,2025-07-31 10:09:09,2025-08-04 09:54:01,
1b7e8e05-ac9c-4389-a4ed-9947c548de06,bf996092-8d66-408a-8d8e-5065ca3330c2,f679f4cf-c089-4a2b-9b84-b14129630601,f1ca0844-719a-4205-92ff-4a5d0a27b06c,JUHJ6WJ5RTY5UEUM,invitee,present,NTHFQB8P8X3C,NTHFQB8P8X3C,2025-07-31 10:09:09,2025-08-04 09:54:08,
8b72c513-13be-48e7-9bc6-4d534d3e8ec8,bf996092-8d66-408a-8d8e-5065ca3330c2,f679f4cf-c089-4a2b-9b84-b14129630601,f1ca0844-719a-4205-92ff-4a5d0a27b06c,DEFJY3LUP6UBKWPS,invitee,present,NTHFQB8P8X3C,NTHFQB8P8X3C,2025-07-31 10:09:09,2025-08-04 09:54:09,
ef314e4b-50cb-4c0a-9642-e3d53573f2b8,bf996092-8d66-408a-8d8e-5065ca3330c2,f679f4cf-c089-4a2b-9b84-b14129630601,f1ca0844-719a-4205-92ff-4a5d0a27b06c,7PG2TJVQJYH2TVV7,invitee,present,NTHFQB8P8X3C,NTHFQB8P8X3C,2025-07-31 10:09:09,2025-08-04 09:54:07,
5588e0a0-3ffe-4eeb-9587-b1c2b1cb67df,bf996092-8d66-408a-8d8e-5065ca3330c2,f679f4cf-c089-4a2b-9b84-b14129630601,f1ca0844-719a-4205-92ff-4a5d0a27b06c,DQ72WAMCK3PT3T58,invitee,present,NTHFQB8P8X3C,NTHFQB8P8X3C,2025-07-31 10:09:09,2025-08-04 09:54:21,
8c2e36ff-94ee-4ce7-93cc-7954cd4f7a8a,bf996092-8d66-408a-8d8e-5065ca3330c2,f679f4cf-c089-4a2b-9b84-b14129630601,f1ca0844-719a-4205-92ff-4a5d0a27b06c,DX6J5SASN4NA66QN,invitee,present,NTHFQB8P8X3C,NTHFQB8P8X3C,2025-07-31 10:09:09,2025-08-04 09:54:06,
f497549b-5f7d-4b3b-ba3d-499a4e20dedd,bf996092-8d66-408a-8d8e-5065ca3330c2,f679f4cf-c089-4a2b-9b84-b14129630601,f1ca0844-719a-4205-92ff-4a5d0a27b06c,ACNJW4H2RJFR53AV,invitee,present,NTHFQB8P8X3C,NTHFQB8P8X3C,2025-07-31 10:09:09,2025-08-04 09:54:04,
6da4a04c-cabb-4834-8b0a-3cac06a4126d,bf996092-8d66-408a-8d8e-5065ca3330c2,f679f4cf-c089-4a2b-9b84-b14129630601,f1ca0844-719a-4205-92ff-4a5d0a27b06c,FM42EJFZPNC5F3HF,invitee,present,NTHFQB8P8X3C,NTHFQB8P8X3C,2025-07-31 10:09:09,2025-08-04 09:54:05,
fe8fb396-b537-4429-94df-6a099da7ea5f,bf996092-8d66-408a-8d8e-5065ca3330c2,f679f4cf-c089-4a2b-9b84-b14129630601,f1ca0844-719a-4205-92ff-4a5d0a27b06c,CMJ2N3U8MSMRM8ZA,invitee,present,NTHFQB8P8X3C,NTHFQB8P8X3C,2025-07-31 10:09:09,2025-08-04 09:53:58,
600e807a-11e3-40eb-98bd-4e300c0d7f36,bf996092-8d66-408a-8d8e-5065ca3330c2,f679f4cf-c089-4a2b-9b84-b14129630601,f1ca0844-719a-4205-92ff-4a5d0a27b06c,7U4JFSY4QDWLDBBX,invitee,present,NTHFQB8P8X3C,NTHFQB8P8X3C,2025-07-31 10:09:09,2025-08-04 09:53:59,
239ba006-b83b-4abd-91d9-afb3b968267c,bf996092-8d66-408a-8d8e-5065ca3330c2,f679f4cf-c089-4a2b-9b84-b14129630601,f1ca0844-719a-4205-92ff-4a5d0a27b06c,NTHFQB8P8X3C,organizer,present,NTHFQB8P8X3C,NTHFQB8P8X3C,2025-07-31 10:03:42,2025-07-31 10:09:16,
5b54a991-3e18-41cb-b4ab-91d0ac7af01a,bf996092-8d66-408a-8d8e-5065ca3330c2,ada6015d-9fce-4f2c-b20f-fc9122d2face,4c271871-24d6-49c4-9557-c3ee9675e873,7XGJKR7GMJ4QN93J,organizer,,7XGJKR7GMJ4QN93J,7XGJKR7GMJ4QN93J,2025-08-04 10:50:42,2025-08-04 10:50:42,
5bb17c30-155a-4619-a30c-24413e76a71e,bf996092-8d66-408a-8d8e-5065ca3330c2,f6ab14eb-1a66-4ea5-8a0f-0afbda444403,44ffbd97-5119-4039-98b7-4a40d47a55f5,7PG2TJVQJYH2TVV7,invitee,missing,TZXRKN44WBAJ,TZXRKN44WBAJ,2025-07-04 09:58:18,2025-07-04 09:58:18,
6b802bcc-487f-44ec-a65f-c3a5a83b081d,bf996092-8d66-408a-8d8e-5065ca3330c2,f6ab14eb-1a66-4ea5-8a0f-0afbda444403,44ffbd97-5119-4039-98b7-4a40d47a55f5,ACNJW4H2RJFR53AV,invitee,missing,TZXRKN44WBAJ,TZXRKN44WBAJ,2025-07-04 09:58:18,2025-07-04 09:58:18,
910d7eed-39d0-47d4-be48-b3485c52847c,bf996092-8d66-408a-8d8e-5065ca3330c2,f6ab14eb-1a66-4ea5-8a0f-0afbda444403,44ffbd97-5119-4039-98b7-4a40d47a55f5,CMJ2N3U8MSMRM8ZA,invitee,missing,TZXRKN44WBAJ,TZXRKN44WBAJ,2025-07-04 09:58:18,2025-07-04 09:58:18,
6b433b00-6858-4432-ac33-ed3534701518,bf996092-8d66-408a-8d8e-5065ca3330c2,f6ab14eb-1a66-4ea5-8a0f-0afbda444403,44ffbd97-5119-4039-98b7-4a40d47a55f5,DEFJY3LUP6UBKWPS,invitee,missing,TZXRKN44WBAJ,TZXRKN44WBAJ,2025-07-04 09:58:18,2025-07-04 09:58:18,
45d37105-08cf-42f9-aa88-05a25bfeb6bd,bf996092-8d66-408a-8d8e-5065ca3330c2,f6ab14eb-1a66-4ea5-8a0f-0afbda444403,44ffbd97-5119-4039-98b7-4a40d47a55f5,DQ72WAMCK3PT3T58,invitee,missing,TZXRKN44WBAJ,TZXRKN44WBAJ,2025-07-04 09:58:18,2025-07-04 09:58:18,
56edfab3-16d4-4012-a342-7d6b190d6fa4,bf996092-8d66-408a-8d8e-5065ca3330c2,f6ab14eb-1a66-4ea5-8a0f-0afbda444403,44ffbd97-5119-4039-98b7-4a40d47a55f5,DX6J5SASN4NA66QN,invitee,missing,TZXRKN44WBAJ,TZXRKN44WBAJ,2025-07-04 09:58:18,2025-07-04 09:58:18,
2b061d79-b2ea-47f0-ae32-ff2ade74c62e,bf996092-8d66-408a-8d8e-5065ca3330c2,f6ab14eb-1a66-4ea5-8a0f-0afbda444403,44ffbd97-5119-4039-98b7-4a40d47a55f5,EAW249MULVNEJUNK,invitee,missing,TZXRKN44WBAJ,TZXRKN44WBAJ,2025-07-04 09:58:18,2025-07-04 09:58:18,
599f36f0-be2b-4100-9512-fa005a27ec60,bf996092-8d66-408a-8d8e-5065ca3330c2,f6ab14eb-1a66-4ea5-8a0f-0afbda444403,44ffbd97-5119-4039-98b7-4a40d47a55f5,FM42EJFZPNC5F3HF,invitee,missing,TZXRKN44WBAJ,TZXRKN44WBAJ,2025-07-04 09:58:18,2025-07-04 09:58:18,
5bd1f235-006e-4848-9977-a14e50cc5da8,bf996092-8d66-408a-8d8e-5065ca3330c2,f6ab14eb-1a66-4ea5-8a0f-0afbda444403,44ffbd97-5119-4039-98b7-4a40d47a55f5,G5LJ2CH9PRAMRT7X,invitee,missing,TZXRKN44WBAJ,TZXRKN44WBAJ,2025-07-04 09:58:18,2025-07-04 09:58:18,
3d7abe93-c04d-46e0-8f2e-5695761a357e,bf996092-8d66-408a-8d8e-5065ca3330c2,f6ab14eb-1a66-4ea5-8a0f-0afbda444403,44ffbd97-5119-4039-98b7-4a40d47a55f5,H4J29KZBMAKAE737,invitee,missing,TZXRKN44WBAJ,TZXRKN44WBAJ,2025-07-04 09:58:18,2025-07-04 09:58:18,
34a1d857-db9b-4c83-9fae-2f80dc9666e8,bf996092-8d66-408a-8d8e-5065ca3330c2,f6ab14eb-1a66-4ea5-8a0f-0afbda444403,44ffbd97-5119-4039-98b7-4a40d47a55f5,MLE243XQQX2UK86L,invitee,missing,TZXRKN44WBAJ,TZXRKN44WBAJ,2025-07-04 09:58:18,2025-07-04 09:58:18,
a40d227d-050e-40e8-9702-7044c61cf756,bf996092-8d66-408a-8d8e-5065ca3330c2,f6ab14eb-1a66-4ea5-8a0f-0afbda444403,44ffbd97-5119-4039-98b7-4a40d47a55f5,NTHFQB8P8X3C,invitee,missing,TZXRKN44WBAJ,TZXRKN44WBAJ,2025-07-04 09:58:18,2025-07-04 09:58:18,
bc69e391-0fb5-4623-9937-527ceacf2c63,bf996092-8d66-408a-8d8e-5065ca3330c2,f6ab14eb-1a66-4ea5-8a0f-0afbda444403,44ffbd97-5119-4039-98b7-4a40d47a55f5,S762NMGBKUB423MM,invitee,missing,TZXRKN44WBAJ,TZXRKN44WBAJ,2025-07-04 09:58:18,2025-07-04 09:58:18,
be6bcb6e-41e3-4411-8c98-6dab2bf42988,bf996092-8d66-408a-8d8e-5065ca3330c2,f6ab14eb-1a66-4ea5-8a0f-0afbda444403,44ffbd97-5119-4039-98b7-4a40d47a55f5,TZXRKN44WBAJ,organizer,missing,TZXRKN44WBAJ,TZXRKN44WBAJ,2025-07-04 09:58:18,2025-07-04 09:58:18,
7bee21c8-bd9b-41dc-8a86-fbf56d701d88,bf996092-8d66-408a-8d8e-5065ca3330c2,f6ab14eb-1a66-4ea5-8a0f-0afbda444403,44ffbd97-5119-4039-98b7-4a40d47a55f5,WMZ2BALML3JQXZCF,invitee,missing,TZXRKN44WBAJ,TZXRKN44WBAJ,2025-07-04 09:58:18,2025-07-04 09:58:18,
bb41a102-5787-4c46-acc4-285928235fa9,bf996092-8d66-408a-8d8e-5065ca3330c2,2f551e7d-05e6-4bfc-8ee1-0ef3a8487c11,fb1eb260-7659-4911-be0a-851ed90f6915,HU9244LDK3XBZH6G,organizer,,HU9244LDK3XBZH6G,HU9244LDK3XBZH6G,2025-08-05 09:53:49,2025-08-05 09:54:24,2025-08-05 09:54:24
f6c1ab4b-cb1b-4eae-af25-06adcabbfd01,bf996092-8d66-408a-8d8e-5065ca3330c2,967e785d-d83c-490b-8d6a-2ed926c956ac,f6c1ab4b-cb1b-4eae-af25-06adcabbfd01,7M5KQ3PKABFC,organizer,,7M5KQ3PKABFC,7M5KQ3PKABFC,2025-07-25 10:44:33,2025-07-25 10:45:13,2025-07-25 10:45:13
5caf418e-15f4-41da-8dfc-d2c3b98d8b3e,bf996092-8d66-408a-8d8e-5065ca3330c2,e9b596f2-48ee-419b-a199-da304b38c398,415cb38c-59de-43b3-9535-2c6f72e659d9,DX6J5SASN4NA66QN,invitee,present,7UBTJ2JUZS54,7UBTJ2JUZS54,2025-07-03 06:04:14,2025-07-03 12:57:48,
64495e7c-6856-4512-88a7-62bbe07ac1cb,bf996092-8d66-408a-8d8e-5065ca3330c2,e9b596f2-48ee-419b-a199-da304b38c398,415cb38c-59de-43b3-9535-2c6f72e659d9,S762NMGBKUB423MM,invitee,present,7UBTJ2JUZS54,7UBTJ2JUZS54,2025-07-03 06:04:14,2025-07-03 12:57:27,
aee3ee88-228a-44b1-b7e6-e77f8edd4775,bf996092-8d66-408a-8d8e-5065ca3330c2,e9b596f2-48ee-419b-a199-da304b38c398,415cb38c-59de-43b3-9535-2c6f72e659d9,EAW249MULVNEJUNK,invitee,present,7UBTJ2JUZS54,7UBTJ2JUZS54,2025-07-03 06:04:14,2025-07-03 12:57:25,
0ad7fbfe-f8f4-49b3-8c4c-6beab3f44516,bf996092-8d66-408a-8d8e-5065ca3330c2,e9b596f2-48ee-419b-a199-da304b38c398,415cb38c-59de-43b3-9535-2c6f72e659d9,MLE243XQQX2UK86L,invitee,present,7UBTJ2JUZS54,7UBTJ2JUZS54,2025-07-03 06:04:14,2025-07-03 12:57:29,
2d3abb86-1dd7-44e3-83c1-d755fe0e5227,bf996092-8d66-408a-8d8e-5065ca3330c2,e9b596f2-48ee-419b-a199-da304b38c398,415cb38c-59de-43b3-9535-2c6f72e659d9,WMZ2BALML3JQXZCF,invitee,present,7UBTJ2JUZS54,7UBTJ2JUZS54,2025-07-03 06:04:14,2025-07-03 12:57:24,
9f803fcd-7029-4012-a103-25eb6ac15d67,bf996092-8d66-408a-8d8e-5065ca3330c2,e9b596f2-48ee-419b-a199-da304b38c398,415cb38c-59de-43b3-9535-2c6f72e659d9,NTHFQB8P8X3C,invitee,present,7UBTJ2JUZS54,7UBTJ2JUZS54,2025-07-03 06:04:14,2025-07-03 12:57:39,
0e2424c7-cb00-49c0-91f1-496b9c0f6b4d,bf996092-8d66-408a-8d8e-5065ca3330c2,e9b596f2-48ee-419b-a199-da304b38c398,415cb38c-59de-43b3-9535-2c6f72e659d9,E8X2CHN6NP9MT4HA,invitee,present,7UBTJ2JUZS54,7UBTJ2JUZS54,2025-07-03 06:04:14,2025-07-03 12:57:29,
e1fa1d0e-35c8-4bfe-a8f4-63e9bacd197f,bf996092-8d66-408a-8d8e-5065ca3330c2,e9b596f2-48ee-419b-a199-da304b38c398,415cb38c-59de-43b3-9535-2c6f72e659d9,7U4JFSY4QDWLDBBX,invitee,present,7UBTJ2JUZS54,7UBTJ2JUZS54,2025-07-03 06:04:14,2025-07-03 12:57:28,
e7d77026-c38a-474f-9af8-86e3f16641f6,bf996092-8d66-408a-8d8e-5065ca3330c2,e9b596f2-48ee-419b-a199-da304b38c398,415cb38c-59de-43b3-9535-2c6f72e659d9,G5LJ2CH9PRAMRT7X,invitee,present,7UBTJ2JUZS54,7UBTJ2JUZS54,2025-07-03 06:04:14,2025-07-03 12:57:31,
071ca873-ef56-4a22-ac08-07da0ce9da5c,bf996092-8d66-408a-8d8e-5065ca3330c2,e9b596f2-48ee-419b-a199-da304b38c398,415cb38c-59de-43b3-9535-2c6f72e659d9,7UBTJ2JUZS54,organizer,present,7UBTJ2JUZS54,7UBTJ2JUZS54,2025-07-03 06:04:14,2025-07-03 12:57:23,
adca0e1a-3996-4fa0-8b4d-a165236a46cc,bf996092-8d66-408a-8d8e-5065ca3330c2,e9b596f2-48ee-419b-a199-da304b38c398,415cb38c-59de-43b3-9535-2c6f72e659d9,TDJ2KMS3MD4GTLDN,invitee,present,7UBTJ2JUZS54,7UBTJ2JUZS54,2025-07-03 06:04:14,2025-07-03 12:57:33,
2803fa74-a0c9-41a5-9ff7-746f52e0aacc,bf996092-8d66-408a-8d8e-5065ca3330c2,e9b596f2-48ee-419b-a199-da304b38c398,415cb38c-59de-43b3-9535-2c6f72e659d9,CMJ2N3U8MSMRM8ZA,invitee,present,7UBTJ2JUZS54,7UBTJ2JUZS54,2025-07-03 06:04:14,2025-07-03 12:57:26,
e8c55565-5519-48db-81c0-f2d30c686c10,bf996092-8d66-408a-8d8e-5065ca3330c2,e9b596f2-48ee-419b-a199-da304b38c398,415cb38c-59de-43b3-9535-2c6f72e659d9,H4J29KZBMAKAE737,invitee,present,7UBTJ2JUZS54,7UBTJ2JUZS54,2025-07-03 06:04:14,2025-07-03 12:57:25,
49c6e904-338c-47e0-bccb-e8db0f841394,bf996092-8d66-408a-8d8e-5065ca3330c2,e9b596f2-48ee-419b-a199-da304b38c398,415cb38c-59de-43b3-9535-2c6f72e659d9,JPRBPWYY6F8Q,invitee,present,7UBTJ2JUZS54,7UBTJ2JUZS54,2025-07-03 06:04:14,2025-07-03 12:57:39,
de72a987-40b2-4e8f-807a-39f82f713c60,bf996092-8d66-408a-8d8e-5065ca3330c2,e9b596f2-48ee-419b-a199-da304b38c398,415cb38c-59de-43b3-9535-2c6f72e659d9,DEFJY3LUP6UBKWPS,invitee,present,7UBTJ2JUZS54,7UBTJ2JUZS54,2025-07-03 06:04:14,2025-07-03 12:57:32,
7e825145-04a0-4370-89a1-d5990d2fe07f,bf996092-8d66-408a-8d8e-5065ca3330c2,e9b596f2-48ee-419b-a199-da304b38c398,415cb38c-59de-43b3-9535-2c6f72e659d9,DQ72WAMCK3PT3T58,invitee,present,7UBTJ2JUZS54,7UBTJ2JUZS54,2025-07-03 06:04:14,2025-07-03 12:57:48,
28aff12d-f59e-4e1a-b7b8-9507bbed5657,bf996092-8d66-408a-8d8e-5065ca3330c2,e9b596f2-48ee-419b-a199-da304b38c398,415cb38c-59de-43b3-9535-2c6f72e659d9,7PG2TJVQJYH2TVV7,invitee,present,7UBTJ2JUZS54,7UBTJ2JUZS54,2025-07-03 06:04:14,2025-07-03 12:57:35,
af4570cb-ad22-4420-9096-2b2bb9e88f14,bf996092-8d66-408a-8d8e-5065ca3330c2,e9b596f2-48ee-419b-a199-da304b38c398,415cb38c-59de-43b3-9535-2c6f72e659d9,ACNJW4H2RJFR53AV,invitee,present,7UBTJ2JUZS54,7UBTJ2JUZS54,2025-07-03 06:04:14,2025-07-03 12:57:50,
64090922-5e45-4f26-aca4-6efee9b5d633,bf996092-8d66-408a-8d8e-5065ca3330c2,e9b596f2-48ee-419b-a199-da304b38c398,415cb38c-59de-43b3-9535-2c6f72e659d9,D5ZKMDH5JP7L,invitee,present,7UBTJ2JUZS54,7UBTJ2JUZS54,2025-07-03 06:04:14,2025-07-03 12:57:51,
d9efaed0-4773-468c-a45c-f4bbb3b9ca63,bf996092-8d66-408a-8d8e-5065ca3330c2,f679f4cf-c089-4a2b-9b84-b14129630601,1f259767-c020-4837-9f6a-270841b55596,YJV2UM8AM54LC85B,invitee,missing,7XGJKR7GMJ4QN93J,7XGJKR7GMJ4QN93J,2025-07-02 11:58:19,2025-07-02 11:58:19,
50942aa7-a0e9-4492-9b53-bbaec13cd836,bf996092-8d66-408a-8d8e-5065ca3330c2,f679f4cf-c089-4a2b-9b84-b14129630601,1f259767-c020-4837-9f6a-270841b55596,YNUJS2S8LSSR8AJW,invitee,missing,7XGJKR7GMJ4QN93J,7XGJKR7GMJ4QN93J,2025-07-02 11:58:19,2025-07-02 11:58:19,
f9a2d5b0-ce19-41ea-8df9-d7df54146d78,bf996092-8d66-408a-8d8e-5065ca3330c2,f679f4cf-c089-4a2b-9b84-b14129630601,1f259767-c020-4837-9f6a-270841b55596,DQ72WAMCK3PT3T58,invitee,missing,7XGJKR7GMJ4QN93J,7XGJKR7GMJ4QN93J,2025-07-02 11:58:19,2025-07-02 11:58:19,
b93079e9-5ca1-473f-b63c-5123774b07ea,bf996092-8d66-408a-8d8e-5065ca3330c2,f679f4cf-c089-4a2b-9b84-b14129630601,1f259767-c020-4837-9f6a-270841b55596,G5LJ2CH9PRAMRT7X,invitee,missing,7XGJKR7GMJ4QN93J,7XGJKR7GMJ4QN93J,2025-07-02 11:58:19,2025-07-02 11:58:19,
4ff818d7-3dea-40e3-9e07-b51fe900be4f,bf996092-8d66-408a-8d8e-5065ca3330c2,f679f4cf-c089-4a2b-9b84-b14129630601,1f259767-c020-4837-9f6a-270841b55596,S762NMGBKUB423MM,invitee,missing,7XGJKR7GMJ4QN93J,7XGJKR7GMJ4QN93J,2025-07-02 11:58:19,2025-07-02 11:58:19,
bc3480a0-ff3f-4a8b-b5e9-d3c70ea5f096,bf996092-8d66-408a-8d8e-5065ca3330c2,2f551e7d-05e6-4bfc-8ee1-0ef3a8487c11,5b4369f6-2c7e-4038-b9df-b22160415ac8,ZK3JZTPXLBYUA53X,organizer,,ZK3JZTPXLBYUA53X,ZK3JZTPXLBYUA53X,2025-08-12 09:41:48,2025-08-12 09:41:48,
4ccc0fc9-fdfb-403a-bc83-813756dc76ed,bf996092-8d66-408a-8d8e-5065ca3330c2,f6ab14eb-1a66-4ea5-8a0f-0afbda444403,7237d155-cc89-4bc4-afb0-718a6a65e9c2,EAW249MULVNEJUNK,invitee,missing,TZXRKN44WBAJ,TZXRKN44WBAJ,2025-07-18 12:00:29,2025-07-18 12:00:29,
e8119582-30a8-4318-9a99-d84bc2cfa60d,bf996092-8d66-408a-8d8e-5065ca3330c2,f6ab14eb-1a66-4ea5-8a0f-0afbda444403,7237d155-cc89-4bc4-afb0-718a6a65e9c2,FM42EJFZPNC5F3HF,invitee,missing,TZXRKN44WBAJ,TZXRKN44WBAJ,2025-07-18 12:00:29,2025-07-18 12:00:29,
8d977116-2783-4d52-a551-ff743c80467b,bf996092-8d66-408a-8d8e-5065ca3330c2,f6ab14eb-1a66-4ea5-8a0f-0afbda444403,7237d155-cc89-4bc4-afb0-718a6a65e9c2,G5LJ2CH9PRAMRT7X,invitee,missing,TZXRKN44WBAJ,TZXRKN44WBAJ,2025-07-18 12:00:29,2025-07-18 12:00:29,
0fccb1f9-01ff-4635-a9a7-3cc853125a2b,bf996092-8d66-408a-8d8e-5065ca3330c2,f6ab14eb-1a66-4ea5-8a0f-0afbda444403,7237d155-cc89-4bc4-afb0-718a6a65e9c2,H4J29KZBMAKAE737,invitee,missing,TZXRKN44WBAJ,TZXRKN44WBAJ,2025-07-18 12:00:29,2025-07-18 12:00:29,
7fc9ea22-277f-4a57-af5a-3ccabffe78d2,bf996092-8d66-408a-8d8e-5065ca3330c2,f6ab14eb-1a66-4ea5-8a0f-0afbda444403,7237d155-cc89-4bc4-afb0-718a6a65e9c2,MLE243XQQX2UK86L,invitee,missing,TZXRKN44WBAJ,TZXRKN44WBAJ,2025-07-18 12:00:29,2025-07-18 12:00:29,
6e9bc6d9-373c-4ff3-96ec-34cd63fccb98,bf996092-8d66-408a-8d8e-5065ca3330c2,f6ab14eb-1a66-4ea5-8a0f-0afbda444403,7237d155-cc89-4bc4-afb0-718a6a65e9c2,S762NMGBKUB423MM,invitee,missing,TZXRKN44WBAJ,TZXRKN44WBAJ,2025-07-18 12:00:29,2025-07-18 12:00:29,
718a7c46-6da2-4eb4-9c57-eab189ec1eb9,bf996092-8d66-408a-8d8e-5065ca3330c2,f6ab14eb-1a66-4ea5-8a0f-0afbda444403,7237d155-cc89-4bc4-afb0-718a6a65e9c2,DQ72WAMCK3PT3T58,invitee,missing,TZXRKN44WBAJ,TZXRKN44WBAJ,2025-07-18 12:00:29,2025-07-18 12:00:29,
d8819fca-9bd4-4c3f-a06b-a0ce658daade,bf996092-8d66-408a-8d8e-5065ca3330c2,f6ab14eb-1a66-4ea5-8a0f-0afbda444403,7237d155-cc89-4bc4-afb0-718a6a65e9c2,WMZ2BALML3JQXZCF,invitee,missing,TZXRKN44WBAJ,TZXRKN44WBAJ,2025-07-18 12:00:29,2025-07-18 12:00:29,
a9858180-8bfd-47ad-8d08-d33094d2a671,bf996092-8d66-408a-8d8e-5065ca3330c2,f6ab14eb-1a66-4ea5-8a0f-0afbda444403,7237d155-cc89-4bc4-afb0-718a6a65e9c2,TZXRKN44WBAJ,organizer,missing,TZXRKN44WBAJ,TZXRKN44WBAJ,2025-07-18 12:00:29,2025-07-18 12:00:29,
937b30cd-1853-4115-8941-7cb246706c31,bf996092-8d66-408a-8d8e-5065ca3330c2,f6ab14eb-1a66-4ea5-8a0f-0afbda444403,7237d155-cc89-4bc4-afb0-718a6a65e9c2,DX6J5SASN4NA66QN,invitee,missing,TZXRKN44WBAJ,TZXRKN44WBAJ,2025-07-18 12:00:29,2025-07-18 12:00:29,
f007113a-0cc2-4c00-ae38-fe07c2d948ba,bf996092-8d66-408a-8d8e-5065ca3330c2,f6ab14eb-1a66-4ea5-8a0f-0afbda444403,7237d155-cc89-4bc4-afb0-718a6a65e9c2,NTHFQB8P8X3C,invitee,missing,TZXRKN44WBAJ,TZXRKN44WBAJ,2025-07-18 12:00:29,2025-07-18 12:00:29,
3ffbae7e-049b-4ec2-9e31-e2843fa65c79,bf996092-8d66-408a-8d8e-5065ca3330c2,f6ab14eb-1a66-4ea5-8a0f-0afbda444403,7237d155-cc89-4bc4-afb0-718a6a65e9c2,7PG2TJVQJYH2TVV7,invitee,missing,TZXRKN44WBAJ,TZXRKN44WBAJ,2025-07-18 12:00:29,2025-07-18 12:00:29,
6ef49a93-4342-4c6f-93ee-094bcba8acf0,bf996092-8d66-408a-8d8e-5065ca3330c2,f6ab14eb-1a66-4ea5-8a0f-0afbda444403,7237d155-cc89-4bc4-afb0-718a6a65e9c2,SXWJ8XC9NZMVF72P,invitee,missing,TZXRKN44WBAJ,TZXRKN44WBAJ,2025-07-18 12:32:09,2025-07-18 12:32:09,
4bfd99a2-f67a-404b-a7b1-f98a8f63e6cc,bf996092-8d66-408a-8d8e-5065ca3330c2,f6ab14eb-1a66-4ea5-8a0f-0afbda444403,7237d155-cc89-4bc4-afb0-718a6a65e9c2,6QZ2KANQN4NBQ45Q,invitee,missing,TZXRKN44WBAJ,TZXRKN44WBAJ,2025-07-18 12:32:09,2025-07-18 12:32:09,
4e8fee30-800b-4f0c-84f4-8291ba879df1,bf996092-8d66-408a-8d8e-5065ca3330c2,f6ab14eb-1a66-4ea5-8a0f-0afbda444403,b318925e-4d3c-4da7-b427-d919809edb03,WMZ2BALML3JQXZCF,invitee,missing,TZXRKN44WBAJ,TZXRKN44WBAJ,2025-06-19 11:54:17,2025-06-19 11:54:17,
42678ae4-34bc-497f-9090-1308b1fafbe4,bf996092-8d66-408a-8d8e-5065ca3330c2,f6ab14eb-1a66-4ea5-8a0f-0afbda444403,b318925e-4d3c-4da7-b427-d919809edb03,DQ72WAMCK3PT3T58,invitee,missing,TZXRKN44WBAJ,TZXRKN44WBAJ,2025-06-19 11:54:17,2025-06-19 11:54:17,
c675f2b4-ed2c-4716-a0bc-4354f3cefee5,bf996092-8d66-408a-8d8e-5065ca3330c2,f6ab14eb-1a66-4ea5-8a0f-0afbda444403,b318925e-4d3c-4da7-b427-d919809edb03,G5LJ2CH9PRAMRT7X,invitee,missing,TZXRKN44WBAJ,TZXRKN44WBAJ,2025-06-19 11:54:17,2025-06-19 11:54:17,
f98165eb-18d8-4b19-ac8d-73cfb3362470,bf996092-8d66-408a-8d8e-5065ca3330c2,f6ab14eb-1a66-4ea5-8a0f-0afbda444403,b318925e-4d3c-4da7-b427-d919809edb03,TZXRKN44WBAJ,organizer,missing,TZXRKN44WBAJ,TZXRKN44WBAJ,2025-06-19 11:54:17,2025-06-19 11:54:17,
10099aee-6ef9-4461-a5de-8453a0320183,bf996092-8d66-408a-8d8e-5065ca3330c2,f6ab14eb-1a66-4ea5-8a0f-0afbda444403,b318925e-4d3c-4da7-b427-d919809edb03,FM42EJFZPNC5F3HF,invitee,missing,TZXRKN44WBAJ,TZXRKN44WBAJ,2025-06-19 11:54:17,2025-06-19 11:54:17,
8354f228-a702-428f-985d-ee18df8a4e9b,bf996092-8d66-408a-8d8e-5065ca3330c2,f6ab14eb-1a66-4ea5-8a0f-0afbda444403,b318925e-4d3c-4da7-b427-d919809edb03,EAW249MULVNEJUNK,invitee,missing,TZXRKN44WBAJ,TZXRKN44WBAJ,2025-06-19 11:54:17,2025-06-19 11:54:17,
0ce98a30-f5e1-4936-9556-ec2e79ee895d,bf996092-8d66-408a-8d8e-5065ca3330c2,f6ab14eb-1a66-4ea5-8a0f-0afbda444403,b318925e-4d3c-4da7-b427-d919809edb03,7PG2TJVQJYH2TVV7,invitee,missing,TZXRKN44WBAJ,TZXRKN44WBAJ,2025-06-19 11:54:17,2025-06-19 11:54:17,
8dd1eea6-20cc-436c-8a00-d0ba8ce3707e,bf996092-8d66-408a-8d8e-5065ca3330c2,f6ab14eb-1a66-4ea5-8a0f-0afbda444403,b318925e-4d3c-4da7-b427-d919809edb03,NTHFQB8P8X3C,invitee,missing,TZXRKN44WBAJ,TZXRKN44WBAJ,2025-06-19 11:54:17,2025-06-19 11:54:17,
285375ae-6e9e-4c2d-a8fd-03e447d987ce,bf996092-8d66-408a-8d8e-5065ca3330c2,f6ab14eb-1a66-4ea5-8a0f-0afbda444403,b318925e-4d3c-4da7-b427-d919809edb03,S762NMGBKUB423MM,invitee,missing,TZXRKN44WBAJ,TZXRKN44WBAJ,2025-06-19 11:54:17,2025-06-19 11:54:17,
a2bd967f-afbc-4303-abdb-8c5d065ac699,bf996092-8d66-408a-8d8e-5065ca3330c2,f6ab14eb-1a66-4ea5-8a0f-0afbda444403,b318925e-4d3c-4da7-b427-d919809edb03,H4J29KZBMAKAE737,invitee,missing,TZXRKN44WBAJ,TZXRKN44WBAJ,2025-06-19 11:54:17,2025-06-19 11:54:17,
df348ef9-2803-4702-ac30-02f941d445d5,bf996092-8d66-408a-8d8e-5065ca3330c2,f6ab14eb-1a66-4ea5-8a0f-0afbda444403,b318925e-4d3c-4da7-b427-d919809edb03,MLE243XQQX2UK86L,invitee,missing,TZXRKN44WBAJ,TZXRKN44WBAJ,2025-06-19 11:54:17,2025-06-19 11:54:17,
2d5eddad-d690-4513-8385-34e96b9fcd4b,bf996092-8d66-408a-8d8e-5065ca3330c2,f6ab14eb-1a66-4ea5-8a0f-0afbda444403,b318925e-4d3c-4da7-b427-d919809edb03,DX6J5SASN4NA66QN,invitee,missing,TZXRKN44WBAJ,TZXRKN44WBAJ,2025-06-19 11:54:17,2025-06-19 11:54:17,
8762e81e-40ac-4a27-8437-a28c6bb51daf,bf996092-8d66-408a-8d8e-5065ca3330c2,f6ab14eb-1a66-4ea5-8a0f-0afbda444403,b318925e-4d3c-4da7-b427-d919809edb03,DEFJY3LUP6UBKWPS,invitee,missing,TZXRKN44WBAJ,TZXRKN44WBAJ,2025-06-19 11:54:17,2025-06-19 11:54:17,
35b1af48-e513-48e8-a264-6c06162bb6dd,bf996092-8d66-408a-8d8e-5065ca3330c2,f6ab14eb-1a66-4ea5-8a0f-0afbda444403,b318925e-4d3c-4da7-b427-d919809edb03,ACNJW4H2RJFR53AV,invitee,missing,TZXRKN44WBAJ,TZXRKN44WBAJ,2025-06-19 11:54:17,2025-06-19 11:54:17,
788c246d-4c12-435a-910a-8f711b99e902,bf996092-8d66-408a-8d8e-5065ca3330c2,f6ab14eb-1a66-4ea5-8a0f-0afbda444403,b318925e-4d3c-4da7-b427-d919809edb03,CMJ2N3U8MSMRM8ZA,invitee,missing,TZXRKN44WBAJ,TZXRKN44WBAJ,2025-06-19 11:54:17,2025-06-19 11:54:17,
89e9ba35-cbb2-4489-b41d-ed6e7b00fc9c,bf996092-8d66-408a-8d8e-5065ca3330c2,2f551e7d-05e6-4bfc-8ee1-0ef3a8487c11,58ace718-d104-4afd-87fc-0d22450bf456,HU9244LDK3XBZH6G,organizer,,HU9244LDK3XBZH6G,HU9244LDK3XBZH6G,2025-08-25 09:58:09,2025-08-25 09:58:09,
1a22c047-0feb-40fb-808a-cacf2aff4fac,bf996092-8d66-408a-8d8e-5065ca3330c2,f679f4cf-c089-4a2b-9b84-b14129630601,a0055014-4991-4859-885c-a3447fbb0c10,WMZ2BALML3JQXZCF,invitee,missing,NTHFQB8P8X3C,NTHFQB8P8X3C,2025-08-07 10:23:57,2025-08-07 10:23:57,
aa0d2a7c-4c70-4fe5-b168-034089f0b1e4,bf996092-8d66-408a-8d8e-5065ca3330c2,f679f4cf-c089-4a2b-9b84-b14129630601,a0055014-4991-4859-885c-a3447fbb0c10,FM42EJFZPNC5F3HF,invitee,missing,NTHFQB8P8X3C,NTHFQB8P8X3C,2025-08-07 10:23:57,2025-08-07 10:23:57,
3b0b3ccc-8fa0-4506-9708-5f40f5c78e8d,bf996092-8d66-408a-8d8e-5065ca3330c2,f679f4cf-c089-4a2b-9b84-b14129630601,a0055014-4991-4859-885c-a3447fbb0c10,G5LJ2CH9PRAMRT7X,invitee,missing,NTHFQB8P8X3C,NTHFQB8P8X3C,2025-08-07 10:23:57,2025-08-07 10:23:57,
818a74d4-84d4-4b77-985f-3aa3814f7401,bf996092-8d66-408a-8d8e-5065ca3330c2,f679f4cf-c089-4a2b-9b84-b14129630601,a0055014-4991-4859-885c-a3447fbb0c10,DX6J5SASN4NA66QN,invitee,missing,NTHFQB8P8X3C,NTHFQB8P8X3C,2025-08-07 10:23:57,2025-08-07 10:23:57,
39bf02fb-2fa2-4e5f-aa64-6c359a245f09,bf996092-8d66-408a-8d8e-5065ca3330c2,f679f4cf-c089-4a2b-9b84-b14129630601,a0055014-4991-4859-885c-a3447fbb0c10,7U4JFSY4QDWLDBBX,invitee,missing,NTHFQB8P8X3C,NTHFQB8P8X3C,2025-08-07 10:23:57,2025-08-07 10:23:57,
c708845a-7e8a-425b-b001-a776fc424d02,bf996092-8d66-408a-8d8e-5065ca3330c2,f679f4cf-c089-4a2b-9b84-b14129630601,a0055014-4991-4859-885c-a3447fbb0c10,7PG2TJVQJYH2TVV7,invitee,missing,NTHFQB8P8X3C,NTHFQB8P8X3C,2025-08-07 10:23:57,2025-08-07 10:23:57,
4c07fee9-5273-4656-9ec9-2d568580b553,bf996092-8d66-408a-8d8e-5065ca3330c2,f679f4cf-c089-4a2b-9b84-b14129630601,a0055014-4991-4859-885c-a3447fbb0c10,S762NMGBKUB423MM,invitee,missing,NTHFQB8P8X3C,NTHFQB8P8X3C,2025-08-07 10:23:57,2025-08-07 10:23:57,
ea3d609a-8c18-4e1f-a323-c5e5d5dcdc77,bf996092-8d66-408a-8d8e-5065ca3330c2,f679f4cf-c089-4a2b-9b84-b14129630601,a0055014-4991-4859-885c-a3447fbb0c10,H4J29KZBMAKAE737,invitee,missing,NTHFQB8P8X3C,NTHFQB8P8X3C,2025-08-07 10:23:57,2025-08-07 10:23:57,
be8ff7b1-65a3-482d-9e46-8c9ff50535ba,bf996092-8d66-408a-8d8e-5065ca3330c2,f679f4cf-c089-4a2b-9b84-b14129630601,a0055014-4991-4859-885c-a3447fbb0c10,DQ72WAMCK3PT3T58,invitee,missing,NTHFQB8P8X3C,NTHFQB8P8X3C,2025-08-07 10:23:57,2025-08-07 10:23:57,
53461a7e-b8b0-4287-8aee-2465a2c902b3,bf996092-8d66-408a-8d8e-5065ca3330c2,f679f4cf-c089-4a2b-9b84-b14129630601,a0055014-4991-4859-885c-a3447fbb0c10,DEFJY3LUP6UBKWPS,invitee,missing,NTHFQB8P8X3C,NTHFQB8P8X3C,2025-08-07 10:23:57,2025-08-07 10:23:57,
632644ba-0532-415c-a718-d283bc007041,bf996092-8d66-408a-8d8e-5065ca3330c2,f679f4cf-c089-4a2b-9b84-b14129630601,a0055014-4991-4859-885c-a3447fbb0c10,CMJ2N3U8MSMRM8ZA,invitee,missing,NTHFQB8P8X3C,NTHFQB8P8X3C,2025-08-07 10:23:57,2025-08-07 10:23:57,
a6c93142-4612-4636-80a0-a08cdc96c577,bf996092-8d66-408a-8d8e-5065ca3330c2,f679f4cf-c089-4a2b-9b84-b14129630601,a0055014-4991-4859-885c-a3447fbb0c10,NTHFQB8P8X3C,organizer,missing,NTHFQB8P8X3C,NTHFQB8P8X3C,2025-08-07 10:23:57,2025-08-07 10:23:57,
b8ca9727-ba2d-4264-a470-b4da711a9435,bf996092-8d66-408a-8d8e-5065ca3330c2,f679f4cf-c089-4a2b-9b84-b14129630601,a0055014-4991-4859-885c-a3447fbb0c10,MLE243XQQX2UK86L,invitee,missing,NTHFQB8P8X3C,NTHFQB8P8X3C,2025-08-07 10:23:57,2025-08-07 10:23:57,
427e705d-b5ba-4dbb-83b9-4c6135082a64,bf996092-8d66-408a-8d8e-5065ca3330c2,f679f4cf-c089-4a2b-9b84-b14129630601,a0055014-4991-4859-885c-a3447fbb0c10,ACNJW4H2RJFR53AV,invitee,missing,NTHFQB8P8X3C,NTHFQB8P8X3C,2025-08-07 10:23:57,2025-08-07 10:23:57,
4de32163-c292-4428-85a9-aed7f41678d9,bf996092-8d66-408a-8d8e-5065ca3330c2,f679f4cf-c089-4a2b-9b84-b14129630601,a0055014-4991-4859-885c-a3447fbb0c10,EAW249MULVNEJUNK,invitee,missing,NTHFQB8P8X3C,NTHFQB8P8X3C,2025-08-07 10:23:57,2025-08-07 10:23:57,
b571f4aa-7258-4c82-bfee-33541cf37d6b,bf996092-8d66-408a-8d8e-5065ca3330c2,f679f4cf-c089-4a2b-9b84-b14129630601,a0055014-4991-4859-885c-a3447fbb0c10,JUHJ6WJ5RTY5UEUM,invitee,missing,NTHFQB8P8X3C,NTHFQB8P8X3C,2025-08-07 10:23:57,2025-08-07 10:23:57,
b11d2a93-b90d-402d-b636-e82827596740,bf996092-8d66-408a-8d8e-5065ca3330c2,f679f4cf-c089-4a2b-9b84-b14129630601,0a43672c-1645-4042-86d8-a51faf4553cb,9G32CNVKP6CGM935,invitee,missing,7XGJKR7GMJ4QN93J,7XGJKR7GMJ4QN93J,2025-08-04 04:07:21,2025-08-04 04:07:21,
12aa7093-5251-4df0-84d4-e49cc96331c2,bf996092-8d66-408a-8d8e-5065ca3330c2,f679f4cf-c089-4a2b-9b84-b14129630601,0a43672c-1645-4042-86d8-a51faf4553cb,LNE25BSEJ246QCRG,invitee,missing,7XGJKR7GMJ4QN93J,7XGJKR7GMJ4QN93J,2025-08-04 04:07:21,2025-08-04 04:07:21,
43858cbd-8731-440d-94f2-7dcec8537258,bf996092-8d66-408a-8d8e-5065ca3330c2,f679f4cf-c089-4a2b-9b84-b14129630601,0a43672c-1645-4042-86d8-a51faf4553cb,CMJ2N3U8MSMRM8ZA,invitee,missing,7XGJKR7GMJ4QN93J,7XGJKR7GMJ4QN93J,2025-08-04 04:07:21,2025-08-11 07:12:34,
f188beb1-80e5-478b-9169-2ae0a8b12527,bf996092-8d66-408a-8d8e-5065ca3330c2,f679f4cf-c089-4a2b-9b84-b14129630601,0a43672c-1645-4042-86d8-a51faf4553cb,3NGJNZCXN8PBNTRV,invitee,missing,7XGJKR7GMJ4QN93J,7XGJKR7GMJ4QN93J,2025-08-04 04:07:21,2025-08-04 04:07:21,
05023e55-e041-46c7-b3ea-7c2263d2cb71,bf996092-8d66-408a-8d8e-5065ca3330c2,f679f4cf-c089-4a2b-9b84-b14129630601,0a43672c-1645-4042-86d8-a51faf4553cb,HJQ2F2PVKF9BT95Z,invitee,missing,7XGJKR7GMJ4QN93J,7XGJKR7GMJ4QN93J,2025-08-04 04:07:21,2025-08-04 04:07:21,
c128d7a8-e54b-4e2d-b3a5-2b6b54367698,bf996092-8d66-408a-8d8e-5065ca3330c2,f679f4cf-c089-4a2b-9b84-b14129630601,0a43672c-1645-4042-86d8-a51faf4553cb,YJV2UM8AM54LC85B,invitee,missing,7XGJKR7GMJ4QN93J,7XGJKR7GMJ4QN93J,2025-08-04 04:07:21,2025-08-04 04:07:21,
a00b9ee2-7cf7-4845-9a6c-ea607aef9aa5,bf996092-8d66-408a-8d8e-5065ca3330c2,f679f4cf-c089-4a2b-9b84-b14129630601,0a43672c-1645-4042-86d8-a51faf4553cb,3AJ2UBWNPMNWLHCM,invitee,missing,7XGJKR7GMJ4QN93J,7XGJKR7GMJ4QN93J,2025-08-04 04:07:21,2025-08-04 04:07:21,
df2bc424-215e-4eeb-b9bc-05f36bb152a4,bf996092-8d66-408a-8d8e-5065ca3330c2,f679f4cf-c089-4a2b-9b84-b14129630601,0a43672c-1645-4042-86d8-a51faf4553cb,ZJH2RHQUNVSL9PTZ,invitee,missing,7XGJKR7GMJ4QN93J,7XGJKR7GMJ4QN93J,2025-08-04 04:07:21,2025-08-11 07:12:39,
a13b8d29-a19d-4766-b715-f07ac3000971,bf996092-8d66-408a-8d8e-5065ca3330c2,f679f4cf-c089-4a2b-9b84-b14129630601,0a43672c-1645-4042-86d8-a51faf4553cb,7XGJKR7GMJ4QN93J,organizer,present,7XGJKR7GMJ4QN93J,7XGJKR7GMJ4QN93J,2025-08-04 03:53:07,2025-08-11 07:12:44,
66641f63-6ea6-44cf-88e1-32333f8dfeb7,bf996092-8d66-408a-8d8e-5065ca3330c2,f679f4cf-c089-4a2b-9b84-b14129630601,0a43672c-1645-4042-86d8-a51faf4553cb,UVZ2LVH7JFCRPWMD,invitee,present,7XGJKR7GMJ4QN93J,7XGJKR7GMJ4QN93J,2025-08-04 04:07:21,2025-08-11 07:12:28,
517373f8-3a5e-4134-b768-559336b0403b,bf996092-8d66-408a-8d8e-5065ca3330c2,f679f4cf-c089-4a2b-9b84-b14129630601,0a43672c-1645-4042-86d8-a51faf4553cb,DQ72WAMCK3PT3T58,invitee,present,7XGJKR7GMJ4QN93J,7XGJKR7GMJ4QN93J,2025-08-04 04:07:21,2025-08-11 07:12:41,
ddc001bd-7a46-4239-8957-22487f622d3c,bf996092-8d66-408a-8d8e-5065ca3330c2,2f551e7d-05e6-4bfc-8ee1-0ef3a8487c11,bc334f39-f752-4faf-abed-e311d0868fd4,U732BF28QXVF87C9,organizer,,U732BF28QXVF87C9,U732BF28QXVF87C9,2025-04-24 09:35:54,2025-04-24 09:35:54,
9500caae-60f7-4b5a-ac77-52f4e1cc0f35,bf996092-8d66-408a-8d8e-5065ca3330c2,f6ab14eb-1a66-4ea5-8a0f-0afbda444403,5db2f99e-9247-431a-9f4e-e9f20184dc31,DQ72WAMCK3PT3T58,invitee,missing,TZXRKN44WBAJ,TZXRKN44WBAJ,2025-07-31 11:04:32,2025-07-31 11:04:32,
a7a7c38f-d2e0-4d1f-84c6-736f796ac54d,bf996092-8d66-408a-8d8e-5065ca3330c2,f6ab14eb-1a66-4ea5-8a0f-0afbda444403,5db2f99e-9247-431a-9f4e-e9f20184dc31,SXWJ8XC9NZMVF72P,invitee,missing,TZXRKN44WBAJ,TZXRKN44WBAJ,2025-07-31 11:04:32,2025-07-31 11:04:32,
ba525d96-71ff-4cf1-9902-dcbeda599876,bf996092-8d66-408a-8d8e-5065ca3330c2,f6ab14eb-1a66-4ea5-8a0f-0afbda444403,5db2f99e-9247-431a-9f4e-e9f20184dc31,G5LJ2CH9PRAMRT7X,invitee,missing,TZXRKN44WBAJ,TZXRKN44WBAJ,2025-07-31 11:04:32,2025-07-31 11:04:32,
7f9e8bf5-1fa3-4d45-a543-7a3153ee1b30,bf996092-8d66-408a-8d8e-5065ca3330c2,f6ab14eb-1a66-4ea5-8a0f-0afbda444403,5db2f99e-9247-431a-9f4e-e9f20184dc31,7PG2TJVQJYH2TVV7,invitee,missing,TZXRKN44WBAJ,TZXRKN44WBAJ,2025-07-31 11:04:32,2025-07-31 11:04:32,
df075d65-7a65-4e81-9c24-877e5fccf590,bf996092-8d66-408a-8d8e-5065ca3330c2,f6ab14eb-1a66-4ea5-8a0f-0afbda444403,5db2f99e-9247-431a-9f4e-e9f20184dc31,TZXRKN44WBAJ,organizer,missing,TZXRKN44WBAJ,TZXRKN44WBAJ,2025-07-31 11:04:32,2025-07-31 11:04:32,
630ce222-7849-479b-9b1c-68f046ce79ad,bf996092-8d66-408a-8d8e-5065ca3330c2,f6ab14eb-1a66-4ea5-8a0f-0afbda444403,5db2f99e-9247-431a-9f4e-e9f20184dc31,DEFJY3LUP6UBKWPS,invitee,missing,TZXRKN44WBAJ,TZXRKN44WBAJ,2025-07-31 11:04:32,2025-07-31 11:04:32,
a1545e54-34af-4757-9fb1-3c6ab2b4d624,bf996092-8d66-408a-8d8e-5065ca3330c2,f6ab14eb-1a66-4ea5-8a0f-0afbda444403,5db2f99e-9247-431a-9f4e-e9f20184dc31,FM42EJFZPNC5F3HF,invitee,missing,TZXRKN44WBAJ,TZXRKN44WBAJ,2025-07-31 11:04:32,2025-07-31 11:04:32,
da8043cc-5af8-4594-94a5-322cd0e2a818,bf996092-8d66-408a-8d8e-5065ca3330c2,f6ab14eb-1a66-4ea5-8a0f-0afbda444403,5db2f99e-9247-431a-9f4e-e9f20184dc31,CMJ2N3U8MSMRM8ZA,invitee,missing,TZXRKN44WBAJ,TZXRKN44WBAJ,2025-07-31 11:04:32,2025-07-31 11:04:32,
e27f6acf-2e1c-4538-8b47-9de2dc362dac,bf996092-8d66-408a-8d8e-5065ca3330c2,f6ab14eb-1a66-4ea5-8a0f-0afbda444403,5db2f99e-9247-431a-9f4e-e9f20184dc31,S762NMGBKUB423MM,invitee,missing,TZXRKN44WBAJ,TZXRKN44WBAJ,2025-07-31 11:04:32,2025-07-31 11:04:32,
5cce0dca-abf7-407c-9ce9-7ee35d42c089,bf996092-8d66-408a-8d8e-5065ca3330c2,f6ab14eb-1a66-4ea5-8a0f-0afbda444403,5db2f99e-9247-431a-9f4e-e9f20184dc31,DX6J5SASN4NA66QN,invitee,missing,TZXRKN44WBAJ,TZXRKN44WBAJ,2025-07-31 11:04:32,2025-07-31 11:04:32,
879cc36e-7ede-4728-b6e3-2cd18b041056,bf996092-8d66-408a-8d8e-5065ca3330c2,f6ab14eb-1a66-4ea5-8a0f-0afbda444403,5db2f99e-9247-431a-9f4e-e9f20184dc31,MLE243XQQX2UK86L,invitee,missing,TZXRKN44WBAJ,TZXRKN44WBAJ,2025-07-31 11:04:32,2025-07-31 11:04:32,
61dd3fff-89fe-40a6-acb6-bd1a5d006cb4,bf996092-8d66-408a-8d8e-5065ca3330c2,f6ab14eb-1a66-4ea5-8a0f-0afbda444403,5db2f99e-9247-431a-9f4e-e9f20184dc31,H4J29KZBMAKAE737,invitee,missing,TZXRKN44WBAJ,TZXRKN44WBAJ,2025-07-31 11:04:32,2025-07-31 11:04:32,
12cc80f3-21ef-43e9-8afc-1ee4dee6d58d,bf996092-8d66-408a-8d8e-5065ca3330c2,f6ab14eb-1a66-4ea5-8a0f-0afbda444403,5db2f99e-9247-431a-9f4e-e9f20184dc31,6QZ2KANQN4NBQ45Q,invitee,missing,TZXRKN44WBAJ,TZXRKN44WBAJ,2025-07-31 11:04:32,2025-07-31 11:04:32,
210b3942-016a-4d60-9165-b010e6880df4,bf996092-8d66-408a-8d8e-5065ca3330c2,f6ab14eb-1a66-4ea5-8a0f-0afbda444403,5db2f99e-9247-431a-9f4e-e9f20184dc31,WMZ2BALML3JQXZCF,invitee,missing,TZXRKN44WBAJ,TZXRKN44WBAJ,2025-07-31 11:04:32,2025-07-31 11:04:32,
e15efece-0013-4066-96dc-b2b9d0275e7f,bf996092-8d66-408a-8d8e-5065ca3330c2,f6ab14eb-1a66-4ea5-8a0f-0afbda444403,5db2f99e-9247-431a-9f4e-e9f20184dc31,NTHFQB8P8X3C,invitee,missing,TZXRKN44WBAJ,TZXRKN44WBAJ,2025-07-31 11:04:32,2025-07-31 11:04:32,
7cb12662-b3f2-4bf5-a222-9510ccb5a426,bf996092-8d66-408a-8d8e-5065ca3330c2,f6ab14eb-1a66-4ea5-8a0f-0afbda444403,5db2f99e-9247-431a-9f4e-e9f20184dc31,EAW249MULVNEJUNK,invitee,missing,TZXRKN44WBAJ,TZXRKN44WBAJ,2025-07-31 11:04:32,2025-07-31 11:04:32,
389e9b02-54c2-4aed-ad9b-03cdbc30339f,bf996092-8d66-408a-8d8e-5065ca3330c2,f6ab14eb-1a66-4ea5-8a0f-0afbda444403,5db2f99e-9247-431a-9f4e-e9f20184dc31,ACNJW4H2RJFR53AV,invitee,missing,TZXRKN44WBAJ,TZXRKN44WBAJ,2025-07-31 11:04:32,2025-07-31 11:04:32,
ab2fcf7c-a5bc-4ce1-8a6e-2bd36808b17d,bf996092-8d66-408a-8d8e-5065ca3330c2,ada6015d-9fce-4f2c-b20f-fc9122d2face,8c8a4b68-c1b5-4473-8c6b-0b2e701f63c8,QNTJJ3CVR726KX4Z,organizer,,QNTJJ3CVR726KX4Z,QNTJJ3CVR726KX4Z,2025-03-20 09:56:25,2025-03-20 09:56:25,
d1bd6ca8-89fd-45c5-a637-81f0885fad4f,bf996092-8d66-408a-8d8e-5065ca3330c2,23142979-9fb6-4fd3-bd82-62d7e0add75f,ae28b3b7-a99e-403c-ba42-b0fe6c436c8d,QNTJJ3CVR726KX4Z,organizer,,QNTJJ3CVR726KX4Z,QNTJJ3CVR726KX4Z,2025-04-03 06:19:27,2025-04-03 06:24:50,2025-04-03 06:24:50
c751a03c-3d89-4fa1-97e7-f2a8a1104db7,bf996092-8d66-408a-8d8e-5065ca3330c2,23142979-9fb6-4fd3-bd82-62d7e0add75f,ae28b3b7-a99e-403c-ba42-b0fe6c436c8d,S8W2PRCHQXETHD6D,invitee,missing,QNTJJ3CVR726KX4Z,QNTJJ3CVR726KX4Z,2025-04-03 06:21:07,2025-04-03 06:24:50,2025-04-03 06:24:50
b28394fa-57d2-42f8-aaf8-0d565bcb43d3,bf996092-8d66-408a-8d8e-5065ca3330c2,23142979-9fb6-4fd3-bd82-62d7e0add75f,ae28b3b7-a99e-403c-ba42-b0fe6c436c8d,Y892LF63N69HWYZS,invitee,missing,QNTJJ3CVR726KX4Z,QNTJJ3CVR726KX4Z,2025-04-03 06:21:25,2025-04-03 06:24:50,2025-04-03 06:24:50
e097d10e-290c-4266-a9b1-ef02fca0c32f,bf996092-8d66-408a-8d8e-5065ca3330c2,23142979-9fb6-4fd3-bd82-62d7e0add75f,ae28b3b7-a99e-403c-ba42-b0fe6c436c8d,DD32N498P9ESXEBL,invitee,missing,QNTJJ3CVR726KX4Z,QNTJJ3CVR726KX4Z,2025-04-03 06:21:25,2025-04-03 06:24:50,2025-04-03 06:24:50
e63495dd-e461-42c1-8514-1c567fc9b5a2,bf996092-8d66-408a-8d8e-5065ca3330c2,23142979-9fb6-4fd3-bd82-62d7e0add75f,fda03b41-e710-49f4-b36c-125c78b779a3,Y892LF63N69HWYZS,organizer,,Y892LF63N69HWYZS,Y892LF63N69HWYZS,2025-04-03 06:28:38,2025-04-03 06:28:38,
715fc5d0-50d8-4c59-9e6c-9fdf0ed59abb,bf996092-8d66-408a-8d8e-5065ca3330c2,23142979-9fb6-4fd3-bd82-62d7e0add75f,b6a1c962-6a91-4485-a62c-16ed27c1d136,Y892LF63N69HWYZS,invitee,missing,QNTJJ3CVR726KX4Z,QNTJJ3CVR726KX4Z,2025-04-03 06:28:39,2025-04-03 06:39:38,2025-04-03 06:39:38
86a28f57-d733-4d98-8d8b-18651c288e89,bf996092-8d66-408a-8d8e-5065ca3330c2,23142979-9fb6-4fd3-bd82-62d7e0add75f,b6a1c962-6a91-4485-a62c-16ed27c1d136,DD32N498P9ESXEBL,invitee,missing,QNTJJ3CVR726KX4Z,QNTJJ3CVR726KX4Z,2025-04-03 06:28:39,2025-04-03 06:39:38,2025-04-03 06:39:38
71bbc56a-06a8-4c0a-aa28-3b3742542252,bf996092-8d66-408a-8d8e-5065ca3330c2,23142979-9fb6-4fd3-bd82-62d7e0add75f,b6a1c962-6a91-4485-a62c-16ed27c1d136,S8W2PRCHQXETHD6D,invitee,missing,QNTJJ3CVR726KX4Z,QNTJJ3CVR726KX4Z,2025-04-03 06:28:39,2025-04-03 06:39:38,2025-04-03 06:39:38
b105bade-369e-4a19-b763-6afad1fd7bce,bf996092-8d66-408a-8d8e-5065ca3330c2,23142979-9fb6-4fd3-bd82-62d7e0add75f,b6a1c962-6a91-4485-a62c-16ed27c1d136,QNTJJ3CVR726KX4Z,organizer,,QNTJJ3CVR726KX4Z,QNTJJ3CVR726KX4Z,2025-04-03 06:25:08,2025-04-03 06:39:38,2025-04-03 06:39:38
64ccb8c2-9524-4c8d-af90-b67eeb517683,bf996092-8d66-408a-8d8e-5065ca3330c2,23142979-9fb6-4fd3-bd82-62d7e0add75f,7cce4994-9ad2-4c8e-a3a5-7ea8d23ad8c1,QNTJJ3CVR726KX4Z,organizer,,QNTJJ3CVR726KX4Z,QNTJJ3CVR726KX4Z,2025-04-03 06:40:12,2025-04-03 06:40:42,2025-04-03 06:40:42
bcdf2c14-0b8f-416e-8bd4-6aa0ff6a9a3e,bf996092-8d66-408a-8d8e-5065ca3330c2,ada6015d-9fce-4f2c-b20f-fc9122d2face,7642d8a6-16ff-458a-a564-1c4247b6061c,CMJ2N3U8MSMRM8ZA,organizer,present,CMJ2N3U8MSMRM8ZA,CMJ2N3U8MSMRM8ZA,2025-08-01 10:26:47,2025-08-01 10:30:50,
c7282705-9231-42e5-9488-596e4d883c4a,bf996092-8d66-408a-8d8e-5065ca3330c2,ada6015d-9fce-4f2c-b20f-fc9122d2face,7642d8a6-16ff-458a-a564-1c4247b6061c,755J89QWMS5SYD8P,invitee,present,CMJ2N3U8MSMRM8ZA,CMJ2N3U8MSMRM8ZA,2025-08-01 10:27:57,2025-08-01 10:30:52,
186d1eda-141f-4ae4-8066-b2cc6cc84ef5,bf996092-8d66-408a-8d8e-5065ca3330c2,ada6015d-9fce-4f2c-b20f-fc9122d2face,7642d8a6-16ff-458a-a564-1c4247b6061c,5HF27NF2JLGRJEMD,invitee,missing,CMJ2N3U8MSMRM8ZA,CMJ2N3U8MSMRM8ZA,2025-08-01 10:27:57,2025-08-01 10:27:57,
d65e9cfb-5104-473b-8bb2-184663c7dacf,bf996092-8d66-408a-8d8e-5065ca3330c2,ada6015d-9fce-4f2c-b20f-fc9122d2face,7642d8a6-16ff-458a-a564-1c4247b6061c,3NH2Q57QKQWJE37V,invitee,present,CMJ2N3U8MSMRM8ZA,CMJ2N3U8MSMRM8ZA,2025-08-01 10:27:57,2025-08-01 10:31:03,
aaa0873f-e0c0-4a14-b68f-441f608dfdba,bf996092-8d66-408a-8d8e-5065ca3330c2,ada6015d-9fce-4f2c-b20f-fc9122d2face,7642d8a6-16ff-458a-a564-1c4247b6061c,8622GQF8MXBKE2WA,invitee,present,CMJ2N3U8MSMRM8ZA,CMJ2N3U8MSMRM8ZA,2025-08-01 10:27:57,2025-08-01 10:31:04,
ec89b678-8d25-4ca9-8c72-bd39e3fbeb02,bf996092-8d66-408a-8d8e-5065ca3330c2,ada6015d-9fce-4f2c-b20f-fc9122d2face,7642d8a6-16ff-458a-a564-1c4247b6061c,TB52D24RMGKR7MPQ,invitee,present,CMJ2N3U8MSMRM8ZA,CMJ2N3U8MSMRM8ZA,2025-08-01 10:27:57,2025-08-01 10:31:01,
eb2fa372-b2ca-46af-9b8c-6a7ccf636dd7,bf996092-8d66-408a-8d8e-5065ca3330c2,ada6015d-9fce-4f2c-b20f-fc9122d2face,8b803dda-e6b3-4a19-b068-8614ab8225fe,3NH2Q57QKQWJE37V,invitee,missing,CMJ2N3U8MSMRM8ZA,CMJ2N3U8MSMRM8ZA,2025-08-01 10:34:09,2025-08-01 10:34:09,
0f2f9d29-226b-449c-8745-3a3d895066bf,bf996092-8d66-408a-8d8e-5065ca3330c2,ada6015d-9fce-4f2c-b20f-fc9122d2face,8b803dda-e6b3-4a19-b068-8614ab8225fe,5HF27NF2JLGRJEMD,invitee,missing,CMJ2N3U8MSMRM8ZA,CMJ2N3U8MSMRM8ZA,2025-08-01 10:34:09,2025-08-01 10:34:09,
731869e3-950b-451e-9ff8-e052dbf84336,bf996092-8d66-408a-8d8e-5065ca3330c2,ada6015d-9fce-4f2c-b20f-fc9122d2face,8b803dda-e6b3-4a19-b068-8614ab8225fe,755J89QWMS5SYD8P,invitee,missing,CMJ2N3U8MSMRM8ZA,CMJ2N3U8MSMRM8ZA,2025-08-01 10:34:09,2025-08-01 10:34:09,
31c8bb9a-8915-49d5-bc3d-40bd386df570,bf996092-8d66-408a-8d8e-5065ca3330c2,ada6015d-9fce-4f2c-b20f-fc9122d2face,8b803dda-e6b3-4a19-b068-8614ab8225fe,8622GQF8MXBKE2WA,invitee,missing,CMJ2N3U8MSMRM8ZA,CMJ2N3U8MSMRM8ZA,2025-08-01 10:34:09,2025-08-01 10:34:09,
67357995-a80c-438b-ac24-65b1e97b0f73,bf996092-8d66-408a-8d8e-5065ca3330c2,ada6015d-9fce-4f2c-b20f-fc9122d2face,8b803dda-e6b3-4a19-b068-8614ab8225fe,CMJ2N3U8MSMRM8ZA,organizer,missing,CMJ2N3U8MSMRM8ZA,CMJ2N3U8MSMRM8ZA,2025-08-01 10:34:09,2025-08-01 10:34:09,
3145fe55-dc0b-4962-9cfb-985a03949060,bf996092-8d66-408a-8d8e-5065ca3330c2,ada6015d-9fce-4f2c-b20f-fc9122d2face,8b803dda-e6b3-4a19-b068-8614ab8225fe,TB52D24RMGKR7MPQ,invitee,missing,CMJ2N3U8MSMRM8ZA,CMJ2N3U8MSMRM8ZA,2025-08-01 10:34:09,2025-08-01 10:34:09,
398849bb-db2a-41ec-a16d-632165894727,bf996092-8d66-408a-8d8e-5065ca3330c2,ada6015d-9fce-4f2c-b20f-fc9122d2face,3bc24103-6c42-4a21-9494-91724bbefc64,3NH2Q57QKQWJE37V,organizer,,3NH2Q57QKQWJE37V,3NH2Q57QKQWJE37V,2025-06-10 09:26:48,2025-06-10 09:26:48,
f6586640-927e-4958-b695-3b77a8ab9590,bf996092-8d66-408a-8d8e-5065ca3330c2,f679f4cf-c089-4a2b-9b84-b14129630601,ccc3556a-5376-462b-9bd8-072fe939fc08,7U4JFSY4QDWLDBBX,invitee,missing,NTHFQB8P8X3C,NTHFQB8P8X3C,2025-08-21 10:25:43,2025-08-21 10:25:43,
b7d5c450-3b8d-48aa-96a2-5ce64d859088,bf996092-8d66-408a-8d8e-5065ca3330c2,f679f4cf-c089-4a2b-9b84-b14129630601,ccc3556a-5376-462b-9bd8-072fe939fc08,ACNJW4H2RJFR53AV,invitee,missing,NTHFQB8P8X3C,NTHFQB8P8X3C,2025-08-21 10:25:43,2025-08-21 10:25:43,
eef8869e-855e-49de-bccd-56eabce016b4,bf996092-8d66-408a-8d8e-5065ca3330c2,f679f4cf-c089-4a2b-9b84-b14129630601,ccc3556a-5376-462b-9bd8-072fe939fc08,FM42EJFZPNC5F3HF,invitee,missing,NTHFQB8P8X3C,NTHFQB8P8X3C,2025-08-21 10:25:43,2025-08-21 10:25:43,
070e725d-7b40-491d-bdb2-387215463b8e,bf996092-8d66-408a-8d8e-5065ca3330c2,f679f4cf-c089-4a2b-9b84-b14129630601,ccc3556a-5376-462b-9bd8-072fe939fc08,DX6J5SASN4NA66QN,invitee,missing,NTHFQB8P8X3C,NTHFQB8P8X3C,2025-08-21 10:25:43,2025-08-21 10:25:43,
e6727e00-1a63-417e-aaa7-e231fd516738,bf996092-8d66-408a-8d8e-5065ca3330c2,f679f4cf-c089-4a2b-9b84-b14129630601,ccc3556a-5376-462b-9bd8-072fe939fc08,G5LJ2CH9PRAMRT7X,invitee,missing,NTHFQB8P8X3C,NTHFQB8P8X3C,2025-08-21 10:25:43,2025-08-21 10:25:43,
01178110-1855-4e33-a180-ada2eed0fd59,bf996092-8d66-408a-8d8e-5065ca3330c2,f679f4cf-c089-4a2b-9b84-b14129630601,ccc3556a-5376-462b-9bd8-072fe939fc08,DEFJY3LUP6UBKWPS,invitee,missing,NTHFQB8P8X3C,NTHFQB8P8X3C,2025-08-21 10:25:43,2025-08-21 10:25:43,
e62e1239-9e1e-4801-a4fe-4d7a4c5915bb,bf996092-8d66-408a-8d8e-5065ca3330c2,f679f4cf-c089-4a2b-9b84-b14129630601,ccc3556a-5376-462b-9bd8-072fe939fc08,DQ72WAMCK3PT3T58,invitee,missing,NTHFQB8P8X3C,NTHFQB8P8X3C,2025-08-21 10:25:43,2025-08-21 10:25:43,
b418a189-1740-41d8-bbd6-402d85d6fceb,bf996092-8d66-408a-8d8e-5065ca3330c2,f679f4cf-c089-4a2b-9b84-b14129630601,ccc3556a-5376-462b-9bd8-072fe939fc08,JUHJ6WJ5RTY5UEUM,invitee,missing,NTHFQB8P8X3C,NTHFQB8P8X3C,2025-08-21 10:25:43,2025-08-21 10:25:43,
b1f54033-09a6-44c0-98f5-9ac2d05b0075,bf996092-8d66-408a-8d8e-5065ca3330c2,f679f4cf-c089-4a2b-9b84-b14129630601,ccc3556a-5376-462b-9bd8-072fe939fc08,MLE243XQQX2UK86L,invitee,missing,NTHFQB8P8X3C,NTHFQB8P8X3C,2025-08-21 10:25:43,2025-08-21 10:25:43,
f93b56c7-c4b4-4f2c-9dec-567f322d6779,bf996092-8d66-408a-8d8e-5065ca3330c2,f679f4cf-c089-4a2b-9b84-b14129630601,ccc3556a-5376-462b-9bd8-072fe939fc08,7PG2TJVQJYH2TVV7,invitee,missing,NTHFQB8P8X3C,NTHFQB8P8X3C,2025-08-21 10:25:43,2025-08-21 10:25:43,
9205d42f-1c54-43fe-bd38-c1153fdbeb99,bf996092-8d66-408a-8d8e-5065ca3330c2,f679f4cf-c089-4a2b-9b84-b14129630601,ccc3556a-5376-462b-9bd8-072fe939fc08,NTHFQB8P8X3C,organizer,missing,NTHFQB8P8X3C,NTHFQB8P8X3C,2025-08-21 10:25:43,2025-08-21 10:25:43,
3e7c9506-e37c-4669-974d-1cc7bd173c2d,bf996092-8d66-408a-8d8e-5065ca3330c2,f679f4cf-c089-4a2b-9b84-b14129630601,ccc3556a-5376-462b-9bd8-072fe939fc08,H4J29KZBMAKAE737,invitee,missing,NTHFQB8P8X3C,NTHFQB8P8X3C,2025-08-21 10:25:43,2025-08-21 10:40:45,
cffc6a5d-aecc-4906-b9e8-1c4d6e2a1394,bf996092-8d66-408a-8d8e-5065ca3330c2,f679f4cf-c089-4a2b-9b84-b14129630601,ccc3556a-5376-462b-9bd8-072fe939fc08,EAW249MULVNEJUNK,invitee,missing,NTHFQB8P8X3C,NTHFQB8P8X3C,2025-08-21 10:25:43,2025-08-21 10:40:45,
f1bf554a-e448-40c9-8ac0-6643e9b4b8b7,bf996092-8d66-408a-8d8e-5065ca3330c2,f679f4cf-c089-4a2b-9b84-b14129630601,ccc3556a-5376-462b-9bd8-072fe939fc08,S762NMGBKUB423MM,invitee,missing,NTHFQB8P8X3C,NTHFQB8P8X3C,2025-08-21 10:25:43,2025-08-21 10:40:46,
23b7ec75-31a4-497b-b903-2a39db36363f,bf996092-8d66-408a-8d8e-5065ca3330c2,f679f4cf-c089-4a2b-9b84-b14129630601,ccc3556a-5376-462b-9bd8-072fe939fc08,CMJ2N3U8MSMRM8ZA,invitee,missing,NTHFQB8P8X3C,NTHFQB8P8X3C,2025-08-21 10:25:43,2025-08-21 10:40:43,
c356d66c-b34d-42aa-8a90-fd48d4885a82,bf996092-8d66-408a-8d8e-5065ca3330c2,f679f4cf-c089-4a2b-9b84-b14129630601,ccc3556a-5376-462b-9bd8-072fe939fc08,WMZ2BALML3JQXZCF,invitee,missing,NTHFQB8P8X3C,NTHFQB8P8X3C,2025-08-21 10:25:43,2025-08-21 10:40:45,
12a3f30d-4e7c-4718-82ea-cb867a2f55c8,bf996092-8d66-408a-8d8e-5065ca3330c2,967e785d-d83c-490b-8d6a-2ed926c956ac,c065d6a1-6346-4fb6-8b9b-cf0344c020cd,U8Q2F3P4M3PWWQXF,organizer,,U8Q2F3P4M3PWWQXF,U8Q2F3P4M3PWWQXF,2025-06-11 10:50:04,2025-06-11 10:50:04,
4c44ce40-13ba-4171-8b8a-1d936d91cff8,bf996092-8d66-408a-8d8e-5065ca3330c2,967e785d-d83c-490b-8d6a-2ed926c956ac,c065d6a1-6346-4fb6-8b9b-cf0344c020cd,Y2W2RXA2P4MPP325,invitee,missing,U8Q2F3P4M3PWWQXF,U8Q2F3P4M3PWWQXF,2025-06-11 10:54:15,2025-06-11 10:54:15,
27f1fc4f-cfbc-4732-a36c-f9eff3250b87,bf996092-8d66-408a-8d8e-5065ca3330c2,967e785d-d83c-490b-8d6a-2ed926c956ac,c065d6a1-6346-4fb6-8b9b-cf0344c020cd,KNL28BHPJJMCM75F,invitee,missing,U8Q2F3P4M3PWWQXF,U8Q2F3P4M3PWWQXF,2025-06-11 10:54:15,2025-06-11 10:54:15,
2f83dc0b-b2b9-401a-8849-56051e0af8c3,bf996092-8d66-408a-8d8e-5065ca3330c2,967e785d-d83c-490b-8d6a-2ed926c956ac,c065d6a1-6346-4fb6-8b9b-cf0344c020cd,DQ72WAMCK3PT3T58,invitee,missing,U8Q2F3P4M3PWWQXF,U8Q2F3P4M3PWWQXF,2025-06-11 10:54:15,2025-06-11 10:54:15,
7f44b02f-edaa-4e28-9659-87888cd2c7ff,bf996092-8d66-408a-8d8e-5065ca3330c2,967e785d-d83c-490b-8d6a-2ed926c956ac,c065d6a1-6346-4fb6-8b9b-cf0344c020cd,C6Z2RETEN3MN8XZF,invitee,missing,U8Q2F3P4M3PWWQXF,U8Q2F3P4M3PWWQXF,2025-06-11 10:54:15,2025-06-11 10:54:15,
8f0e7d49-19e7-4f2d-bc21-6959a0930137,bf996092-8d66-408a-8d8e-5065ca3330c2,967e785d-d83c-490b-8d6a-2ed926c956ac,c065d6a1-6346-4fb6-8b9b-cf0344c020cd,CMJ2N3U8MSMRM8ZA,invitee,missing,U8Q2F3P4M3PWWQXF,U8Q2F3P4M3PWWQXF,2025-06-11 10:54:15,2025-06-11 10:54:15,
60b4b23b-fb13-4a1d-b97d-1effa7eccc12,bf996092-8d66-408a-8d8e-5065ca3330c2,967e785d-d83c-490b-8d6a-2ed926c956ac,c065d6a1-6346-4fb6-8b9b-cf0344c020cd,Q8AJCWZUMM834EBP,invitee,missing,U8Q2F3P4M3PWWQXF,U8Q2F3P4M3PWWQXF,2025-06-11 10:54:15,2025-06-11 10:54:15,
41235066-6301-4dc9-b3b0-192a7170e4a3,bf996092-8d66-408a-8d8e-5065ca3330c2,967e785d-d83c-490b-8d6a-2ed926c956ac,c065d6a1-6346-4fb6-8b9b-cf0344c020cd,HAF3KK94JCSG,invitee,missing,U8Q2F3P4M3PWWQXF,U8Q2F3P4M3PWWQXF,2025-06-11 10:54:15,2025-06-11 10:54:15,
1006e1b2-b653-4172-ad43-bfbc3acedc9c,bf996092-8d66-408a-8d8e-5065ca3330c2,967e785d-d83c-490b-8d6a-2ed926c956ac,0df25ebf-7a04-44d6-a9c6-fa67b2cea72f,U8Q2F3P4M3PWWQXF,organizer,,U8Q2F3P4M3PWWQXF,U8Q2F3P4M3PWWQXF,2025-06-11 11:15:23,2025-06-11 11:15:23,
dd49302c-9bc8-4fae-9581-f61ddf6d73bf,bf996092-8d66-408a-8d8e-5065ca3330c2,f6ab14eb-1a66-4ea5-8a0f-0afbda444403,318ae2f4-ecd4-440c-b3b0-75cdc6926624,6QZ2KANQN4NBQ45Q,organizer,,6QZ2KANQN4NBQ45Q,6QZ2KANQN4NBQ45Q,2025-07-03 05:44:12,2025-07-03 05:44:12,
c39add47-9e54-4b07-b20e-d4fd17829a01,bf996092-8d66-408a-8d8e-5065ca3330c2,f6ab14eb-1a66-4ea5-8a0f-0afbda444403,d5c45c01-52e2-4d26-9c11-ff97e66379b1,NTHFQB8P8X3C,organizer,,NTHFQB8P8X3C,NTHFQB8P8X3C,2025-08-22 09:39:32,2025-08-22 09:39:32,
7966cd1c-a4bb-4d24-aaab-4af6cb86c993,bf996092-8d66-408a-8d8e-5065ca3330c2,f6ab14eb-1a66-4ea5-8a0f-0afbda444403,d5c45c01-52e2-4d26-9c11-ff97e66379b1,WMZ2BALML3JQXZCF,invitee,missing,NTHFQB8P8X3C,NTHFQB8P8X3C,2025-08-22 09:53:36,2025-08-22 09:53:36,
2ae0a561-43f1-41e2-8984-5c5093863641,bf996092-8d66-408a-8d8e-5065ca3330c2,f6ab14eb-1a66-4ea5-8a0f-0afbda444403,d5c45c01-52e2-4d26-9c11-ff97e66379b1,H4J29KZBMAKAE737,invitee,missing,NTHFQB8P8X3C,NTHFQB8P8X3C,2025-08-22 09:53:36,2025-08-22 09:53:36,
56ac68dc-910b-4bc8-964b-b9497baa5d19,bf996092-8d66-408a-8d8e-5065ca3330c2,f6ab14eb-1a66-4ea5-8a0f-0afbda444403,d5c45c01-52e2-4d26-9c11-ff97e66379b1,S762NMGBKUB423MM,invitee,missing,NTHFQB8P8X3C,NTHFQB8P8X3C,2025-08-22 09:53:36,2025-08-22 09:53:36,
785bdb39-76d8-40ec-956c-fd8532e6eac3,bf996092-8d66-408a-8d8e-5065ca3330c2,f6ab14eb-1a66-4ea5-8a0f-0afbda444403,d5c45c01-52e2-4d26-9c11-ff97e66379b1,DEFJY3LUP6UBKWPS,invitee,missing,NTHFQB8P8X3C,NTHFQB8P8X3C,2025-08-22 09:53:36,2025-08-22 09:53:36,
5ea33592-85d7-4967-96f5-65643051ca45,bf996092-8d66-408a-8d8e-5065ca3330c2,f6ab14eb-1a66-4ea5-8a0f-0afbda444403,d5c45c01-52e2-4d26-9c11-ff97e66379b1,ACNJW4H2RJFR53AV,invitee,missing,NTHFQB8P8X3C,NTHFQB8P8X3C,2025-08-22 09:53:36,2025-08-22 09:53:36,
1800f231-c696-4c2a-b8e7-dc3ba633b6fe,bf996092-8d66-408a-8d8e-5065ca3330c2,f6ab14eb-1a66-4ea5-8a0f-0afbda444403,d5c45c01-52e2-4d26-9c11-ff97e66379b1,DX6J5SASN4NA66QN,invitee,missing,NTHFQB8P8X3C,NTHFQB8P8X3C,2025-08-22 09:53:36,2025-08-22 09:53:36,
5543080d-b4d0-4d23-afad-559f450bcaab,bf996092-8d66-408a-8d8e-5065ca3330c2,f6ab14eb-1a66-4ea5-8a0f-0afbda444403,d5c45c01-52e2-4d26-9c11-ff97e66379b1,7PG2TJVQJYH2TVV7,invitee,missing,NTHFQB8P8X3C,NTHFQB8P8X3C,2025-08-22 09:53:36,2025-08-22 09:53:36,
2983c790-2fc5-4e5c-bea4-76c6ed69d055,bf996092-8d66-408a-8d8e-5065ca3330c2,f6ab14eb-1a66-4ea5-8a0f-0afbda444403,d5c45c01-52e2-4d26-9c11-ff97e66379b1,CMJ2N3U8MSMRM8ZA,invitee,missing,NTHFQB8P8X3C,NTHFQB8P8X3C,2025-08-22 09:53:36,2025-08-22 09:53:36,
83f9f455-87ce-4d0e-99eb-d81875af9e2f,bf996092-8d66-408a-8d8e-5065ca3330c2,f6ab14eb-1a66-4ea5-8a0f-0afbda444403,d5c45c01-52e2-4d26-9c11-ff97e66379b1,MM92S32ERSK2YS7H,invitee,missing,NTHFQB8P8X3C,NTHFQB8P8X3C,2025-08-22 09:53:36,2025-08-22 09:53:36,
19f9c9fd-ed80-42b3-8a30-5e9f772179ce,bf996092-8d66-408a-8d8e-5065ca3330c2,f6ab14eb-1a66-4ea5-8a0f-0afbda444403,d5c45c01-52e2-4d26-9c11-ff97e66379b1,TJ92FSAHL5HQP7TF,invitee,missing,NTHFQB8P8X3C,NTHFQB8P8X3C,2025-08-22 09:53:36,2025-08-22 09:53:36,
511cd97f-a9c4-4151-9c24-17bfc42e5156,bf996092-8d66-408a-8d8e-5065ca3330c2,f6ab14eb-1a66-4ea5-8a0f-0afbda444403,d5c45c01-52e2-4d26-9c11-ff97e66379b1,G5LJ2CH9PRAMRT7X,invitee,missing,NTHFQB8P8X3C,NTHFQB8P8X3C,2025-08-22 09:53:36,2025-08-22 09:53:36,
99cac806-4f19-454e-b57a-ef1f9f3a15a5,bf996092-8d66-408a-8d8e-5065ca3330c2,f6ab14eb-1a66-4ea5-8a0f-0afbda444403,d5c45c01-52e2-4d26-9c11-ff97e66379b1,SFB2VPYZKPQ7XEGT,invitee,missing,NTHFQB8P8X3C,NTHFQB8P8X3C,2025-08-22 09:53:36,2025-08-22 09:53:36,
e8ddffb1-3151-4e66-9720-55fa5282e131,bf996092-8d66-408a-8d8e-5065ca3330c2,f6ab14eb-1a66-4ea5-8a0f-0afbda444403,d5c45c01-52e2-4d26-9c11-ff97e66379b1,FM42EJFZPNC5F3HF,invitee,missing,NTHFQB8P8X3C,NTHFQB8P8X3C,2025-08-22 09:53:36,2025-08-22 09:53:36,
45d28ff2-cdd3-49d2-acad-5535d92df90e,bf996092-8d66-408a-8d8e-5065ca3330c2,f6ab14eb-1a66-4ea5-8a0f-0afbda444403,d5c45c01-52e2-4d26-9c11-ff97e66379b1,DQ72WAMCK3PT3T58,invitee,missing,NTHFQB8P8X3C,NTHFQB8P8X3C,2025-08-22 09:53:36,2025-08-22 09:53:36,
7967842c-9c75-4c62-aa91-55f612db30ef,bf996092-8d66-408a-8d8e-5065ca3330c2,f6ab14eb-1a66-4ea5-8a0f-0afbda444403,d5c45c01-52e2-4d26-9c11-ff97e66379b1,MLE243XQQX2UK86L,invitee,missing,NTHFQB8P8X3C,NTHFQB8P8X3C,2025-08-22 09:53:36,2025-08-22 09:53:36,
44b083e9-021b-438d-9b0a-c7486c0169aa,bf996092-8d66-408a-8d8e-5065ca3330c2,f6ab14eb-1a66-4ea5-8a0f-0afbda444403,d5c45c01-52e2-4d26-9c11-ff97e66379b1,6QZ2KANQN4NBQ45Q,invitee,missing,NTHFQB8P8X3C,NTHFQB8P8X3C,2025-08-22 09:53:36,2025-08-22 09:53:36,
b6dc2577-e4f5-48c4-91c3-8ad2ffd81c65,bf996092-8d66-408a-8d8e-5065ca3330c2,ada6015d-9fce-4f2c-b20f-fc9122d2face,5e4db0c1-1b3d-461d-92a3-f4b5063094c3,3NH2Q57QKQWJE37V,organizer,,3NH2Q57QKQWJE37V,3NH2Q57QKQWJE37V,2025-08-06 04:56:44,2025-08-06 04:56:44,
cabbf987-8ee8-48cb-a6f7-3b97de05b98d,bf996092-8d66-408a-8d8e-5065ca3330c2,f679f4cf-c089-4a2b-9b84-b14129630601,2632fa80-abed-418e-937a-6b34ac183292,NTHFQB8P8X3C,organizer,,NTHFQB8P8X3C,NTHFQB8P8X3C,2025-08-28 11:07:12,2025-08-28 12:16:33,2025-08-28 12:16:33
47bac073-85f1-4b0a-b938-3d32fb26a4a0,bf996092-8d66-408a-8d8e-5065ca3330c2,f679f4cf-c089-4a2b-9b84-b14129630601,dd0bf32f-3704-4361-8846-dcad04d83cce,DX6J5SASN4NA66QN,invitee,missing,NTHFQB8P8X3C,NTHFQB8P8X3C,2025-08-28 11:08:59,2025-08-28 11:08:59,
3128591b-b76d-4de6-b33a-3fd93bc9a9f8,bf996092-8d66-408a-8d8e-5065ca3330c2,f679f4cf-c089-4a2b-9b84-b14129630601,dd0bf32f-3704-4361-8846-dcad04d83cce,EAW249MULVNEJUNK,invitee,missing,NTHFQB8P8X3C,NTHFQB8P8X3C,2025-08-28 11:08:59,2025-08-28 11:08:59,
3924b477-b77d-45c3-a22c-41c318ca9c5d,bf996092-8d66-408a-8d8e-5065ca3330c2,f679f4cf-c089-4a2b-9b84-b14129630601,dd0bf32f-3704-4361-8846-dcad04d83cce,H4J29KZBMAKAE737,invitee,missing,NTHFQB8P8X3C,NTHFQB8P8X3C,2025-08-28 11:08:59,2025-08-28 11:08:59,
b5a1c2e0-9029-4762-8013-e5ec734371b8,bf996092-8d66-408a-8d8e-5065ca3330c2,f679f4cf-c089-4a2b-9b84-b14129630601,dd0bf32f-3704-4361-8846-dcad04d83cce,DEFJY3LUP6UBKWPS,invitee,missing,NTHFQB8P8X3C,NTHFQB8P8X3C,2025-08-28 11:08:59,2025-08-28 11:08:59,
faa29f49-2d3e-42d9-b6d6-4153080cafab,bf996092-8d66-408a-8d8e-5065ca3330c2,f679f4cf-c089-4a2b-9b84-b14129630601,dd0bf32f-3704-4361-8846-dcad04d83cce,NTHFQB8P8X3C,organizer,missing,NTHFQB8P8X3C,NTHFQB8P8X3C,2025-08-28 11:08:59,2025-08-28 11:08:59,
7e3855d0-4d32-4c64-9529-d31ee9ee3b2f,bf996092-8d66-408a-8d8e-5065ca3330c2,f679f4cf-c089-4a2b-9b84-b14129630601,dd0bf32f-3704-4361-8846-dcad04d83cce,7U4JFSY4QDWLDBBX,invitee,missing,NTHFQB8P8X3C,NTHFQB8P8X3C,2025-08-28 11:08:59,2025-08-28 11:08:59,
701e49a7-306e-453a-9a0b-544c24820fb5,bf996092-8d66-408a-8d8e-5065ca3330c2,f679f4cf-c089-4a2b-9b84-b14129630601,dd0bf32f-3704-4361-8846-dcad04d83cce,DQ72WAMCK3PT3T58,invitee,missing,NTHFQB8P8X3C,NTHFQB8P8X3C,2025-08-28 11:08:59,2025-08-28 11:08:59,
ca431520-adb3-4e20-9178-75eed4ce0ba2,bf996092-8d66-408a-8d8e-5065ca3330c2,f679f4cf-c089-4a2b-9b84-b14129630601,dd0bf32f-3704-4361-8846-dcad04d83cce,G5LJ2CH9PRAMRT7X,invitee,missing,NTHFQB8P8X3C,NTHFQB8P8X3C,2025-08-28 11:08:59,2025-08-28 11:08:59,
4f90d93e-2cca-468c-8c26-9b7f1ea4ebf4,bf996092-8d66-408a-8d8e-5065ca3330c2,f679f4cf-c089-4a2b-9b84-b14129630601,dd0bf32f-3704-4361-8846-dcad04d83cce,ACNJW4H2RJFR53AV,invitee,missing,NTHFQB8P8X3C,NTHFQB8P8X3C,2025-08-28 11:08:59,2025-08-28 11:08:59,
62c8efdb-f850-4939-ab9f-3f4412366e37,bf996092-8d66-408a-8d8e-5065ca3330c2,f679f4cf-c089-4a2b-9b84-b14129630601,dd0bf32f-3704-4361-8846-dcad04d83cce,FM42EJFZPNC5F3HF,invitee,missing,NTHFQB8P8X3C,NTHFQB8P8X3C,2025-08-28 11:08:59,2025-08-28 11:08:59,
e42ca96d-a1e2-4d1a-abd4-82fe39d74b48,bf996092-8d66-408a-8d8e-5065ca3330c2,f679f4cf-c089-4a2b-9b84-b14129630601,dd0bf32f-3704-4361-8846-dcad04d83cce,JUHJ6WJ5RTY5UEUM,invitee,missing,NTHFQB8P8X3C,NTHFQB8P8X3C,2025-08-28 11:08:59,2025-08-28 11:08:59,
be697631-622e-4edd-bc59-0ff5f20c2354,bf996092-8d66-408a-8d8e-5065ca3330c2,f679f4cf-c089-4a2b-9b84-b14129630601,dd0bf32f-3704-4361-8846-dcad04d83cce,S762NMGBKUB423MM,invitee,missing,NTHFQB8P8X3C,NTHFQB8P8X3C,2025-08-28 11:08:59,2025-08-28 11:08:59,
0e780d5a-ed76-4fa8-8def-503993a7517b,bf996092-8d66-408a-8d8e-5065ca3330c2,f679f4cf-c089-4a2b-9b84-b14129630601,dd0bf32f-3704-4361-8846-dcad04d83cce,MLE243XQQX2UK86L,invitee,missing,NTHFQB8P8X3C,NTHFQB8P8X3C,2025-08-28 11:08:59,2025-08-28 11:08:59,
eb38be75-732d-4295-bbd2-2f63faec8b44,bf996092-8d66-408a-8d8e-5065ca3330c2,f679f4cf-c089-4a2b-9b84-b14129630601,dd0bf32f-3704-4361-8846-dcad04d83cce,CMJ2N3U8MSMRM8ZA,invitee,missing,NTHFQB8P8X3C,NTHFQB8P8X3C,2025-08-28 11:08:59,2025-08-28 11:08:59,
cd7057ba-741f-446e-9155-296a56749bc7,bf996092-8d66-408a-8d8e-5065ca3330c2,f679f4cf-c089-4a2b-9b84-b14129630601,dd0bf32f-3704-4361-8846-dcad04d83cce,7PG2TJVQJYH2TVV7,invitee,missing,NTHFQB8P8X3C,NTHFQB8P8X3C,2025-08-28 11:08:59,2025-08-28 11:08:59,
b4c8e506-3803-489e-9ba1-b41a27aa1aab,bf996092-8d66-408a-8d8e-5065ca3330c2,f679f4cf-c089-4a2b-9b84-b14129630601,dd0bf32f-3704-4361-8846-dcad04d83cce,WMZ2BALML3JQXZCF,invitee,missing,NTHFQB8P8X3C,NTHFQB8P8X3C,2025-08-28 11:08:59,2025-08-28 11:08:59,
7790e21a-aad9-4c88-8b9f-f8998db83251,bf996092-8d66-408a-8d8e-5065ca3330c2,f6ab14eb-1a66-4ea5-8a0f-0afbda444403,e5133227-5ec6-492c-a093-34d6216e96ec,MM92S32ERSK2YS7H,invitee,missing,NTHFQB8P8X3C,NTHFQB8P8X3C,2025-08-28 11:48:49,2025-08-28 11:48:49,
971e48ef-9078-4d03-84e7-30e006b2e3c8,bf996092-8d66-408a-8d8e-5065ca3330c2,f6ab14eb-1a66-4ea5-8a0f-0afbda444403,e5133227-5ec6-492c-a093-34d6216e96ec,6QZ2KANQN4NBQ45Q,invitee,missing,NTHFQB8P8X3C,NTHFQB8P8X3C,2025-08-28 11:48:49,2025-08-28 11:48:49,
e0f9f780-f420-4e8d-b79a-fbd62f5b7b29,bf996092-8d66-408a-8d8e-5065ca3330c2,f6ab14eb-1a66-4ea5-8a0f-0afbda444403,e5133227-5ec6-492c-a093-34d6216e96ec,G5LJ2CH9PRAMRT7X,invitee,missing,NTHFQB8P8X3C,NTHFQB8P8X3C,2025-08-28 11:48:49,2025-08-28 11:48:49,
10a52fee-5874-4d07-8829-4e8f3d007833,bf996092-8d66-408a-8d8e-5065ca3330c2,f6ab14eb-1a66-4ea5-8a0f-0afbda444403,e5133227-5ec6-492c-a093-34d6216e96ec,ACNJW4H2RJFR53AV,invitee,missing,NTHFQB8P8X3C,NTHFQB8P8X3C,2025-08-28 11:48:49,2025-08-28 11:48:49,
febfe58c-98ed-41a0-87f2-8f462c96b8de,bf996092-8d66-408a-8d8e-5065ca3330c2,f6ab14eb-1a66-4ea5-8a0f-0afbda444403,e5133227-5ec6-492c-a093-34d6216e96ec,SFB2VPYZKPQ7XEGT,invitee,missing,NTHFQB8P8X3C,NTHFQB8P8X3C,2025-08-28 11:48:49,2025-08-28 11:48:49,
6a627be4-98c8-482c-bc82-e1b5928b2824,bf996092-8d66-408a-8d8e-5065ca3330c2,f6ab14eb-1a66-4ea5-8a0f-0afbda444403,e5133227-5ec6-492c-a093-34d6216e96ec,S762NMGBKUB423MM,invitee,missing,NTHFQB8P8X3C,NTHFQB8P8X3C,2025-08-28 11:48:49,2025-08-28 11:48:49,
29ae3a59-5a15-44db-afa4-d97ddaac825b,bf996092-8d66-408a-8d8e-5065ca3330c2,f6ab14eb-1a66-4ea5-8a0f-0afbda444403,e5133227-5ec6-492c-a093-34d6216e96ec,H4J29KZBMAKAE737,invitee,missing,NTHFQB8P8X3C,NTHFQB8P8X3C,2025-08-28 11:48:49,2025-08-28 11:48:49,
ed365944-6570-4b5d-ae44-9c1e723446f3,bf996092-8d66-408a-8d8e-5065ca3330c2,f6ab14eb-1a66-4ea5-8a0f-0afbda444403,e5133227-5ec6-492c-a093-34d6216e96ec,DQ72WAMCK3PT3T58,invitee,missing,NTHFQB8P8X3C,NTHFQB8P8X3C,2025-08-28 11:48:49,2025-08-28 11:48:49,
485502a0-b19b-48cc-856e-a0274c884a51,bf996092-8d66-408a-8d8e-5065ca3330c2,f6ab14eb-1a66-4ea5-8a0f-0afbda444403,e5133227-5ec6-492c-a093-34d6216e96ec,DX6J5SASN4NA66QN,invitee,missing,NTHFQB8P8X3C,NTHFQB8P8X3C,2025-08-28 11:48:49,2025-08-28 11:48:49,
dad3995c-8132-4c4b-b95b-af49ebe419e9,bf996092-8d66-408a-8d8e-5065ca3330c2,f6ab14eb-1a66-4ea5-8a0f-0afbda444403,e5133227-5ec6-492c-a093-34d6216e96ec,CMJ2N3U8MSMRM8ZA,invitee,missing,NTHFQB8P8X3C,NTHFQB8P8X3C,2025-08-28 11:48:49,2025-08-28 11:48:49,
f6e51710-a106-4727-897c-7c137af4a212,bf996092-8d66-408a-8d8e-5065ca3330c2,f6ab14eb-1a66-4ea5-8a0f-0afbda444403,e5133227-5ec6-492c-a093-34d6216e96ec,DEFJY3LUP6UBKWPS,invitee,missing,NTHFQB8P8X3C,NTHFQB8P8X3C,2025-08-28 11:48:49,2025-08-28 11:48:49,
56d006d6-ecd3-4e93-ae46-f51464813e53,bf996092-8d66-408a-8d8e-5065ca3330c2,f6ab14eb-1a66-4ea5-8a0f-0afbda444403,e5133227-5ec6-492c-a093-34d6216e96ec,7PG2TJVQJYH2TVV7,invitee,missing,NTHFQB8P8X3C,NTHFQB8P8X3C,2025-08-28 11:48:49,2025-08-28 11:48:49,
35b66143-ff72-4868-87a3-3359f1b013e5,bf996092-8d66-408a-8d8e-5065ca3330c2,f6ab14eb-1a66-4ea5-8a0f-0afbda444403,e5133227-5ec6-492c-a093-34d6216e96ec,TJ92FSAHL5HQP7TF,invitee,missing,NTHFQB8P8X3C,NTHFQB8P8X3C,2025-08-28 11:48:49,2025-08-28 11:48:49,
e6628e2c-e27d-4386-afc0-d4858a0e78b8,bf996092-8d66-408a-8d8e-5065ca3330c2,f6ab14eb-1a66-4ea5-8a0f-0afbda444403,e5133227-5ec6-492c-a093-34d6216e96ec,MLE243XQQX2UK86L,invitee,missing,NTHFQB8P8X3C,NTHFQB8P8X3C,2025-08-28 11:48:49,2025-08-28 11:48:49,
0a5108bf-3518-4a84-a31d-24240a641de0,bf996092-8d66-408a-8d8e-5065ca3330c2,f6ab14eb-1a66-4ea5-8a0f-0afbda444403,e5133227-5ec6-492c-a093-34d6216e96ec,FM42EJFZPNC5F3HF,invitee,missing,NTHFQB8P8X3C,NTHFQB8P8X3C,2025-08-28 11:48:49,2025-08-28 11:48:49,
82300b80-56ff-40c7-90f5-0c1fda3442be,bf996092-8d66-408a-8d8e-5065ca3330c2,f6ab14eb-1a66-4ea5-8a0f-0afbda444403,e5133227-5ec6-492c-a093-34d6216e96ec,WMZ2BALML3JQXZCF,invitee,missing,NTHFQB8P8X3C,NTHFQB8P8X3C,2025-08-28 11:48:49,2025-08-28 11:48:49,
091b4fe7-2cb6-4da9-9da6-edb7ae34100e,bf996092-8d66-408a-8d8e-5065ca3330c2,f6ab14eb-1a66-4ea5-8a0f-0afbda444403,e5133227-5ec6-492c-a093-34d6216e96ec,NTHFQB8P8X3C,organizer,missing,NTHFQB8P8X3C,NTHFQB8P8X3C,2025-08-28 11:48:49,2025-08-28 11:48:49,
