id,bim360_account_id,bim360_project_id,title,size,status,annotation,punch,creator_id,deleter_id,updater_id,lat,lng,uid,description,image_type,type,taken_on,locked_at,is_public,created_at,user_created_at,updated_on,deleted_at,project,seq_id,sheet
100876007,bf996092-8d66-408a-8d8e-5065ca3330c2,967e785d-d83c-490b-8d6a-2ed926c956ac,IMG-20250614-WA0008.jpg,0,"",,,RQ92XKNVL7KYFP4W,,RQ92XKNVL7KYFP4W,,,b6fd53f3-8108-4312-9554-2e441f15490c,"",normal,form,,,t,2025-06-14 10:39:28.66656,2025-06-14 10:39:19.087,2025-06-14 10:39:36.055585,,967e785d-d83c-490b-8d6a-2ed926c956ac,212586422,
100876008,bf996092-8d66-408a-8d8e-5065ca3330c2,967e785d-d83c-490b-8d6a-2ed926c956ac,IMG-20250614-WA0007.jpg,0,"",,,RQ92XKNVL7KYFP4W,,RQ92XKNVL7KYFP4W,,,8371a288-24ef-42d4-89c1-84a3645dbd97,"",normal,form,,,t,2025-06-14 10:39:35.043662,2025-06-14 10:39:19.303,2025-06-14 10:39:36.577656,,967e785d-d83c-490b-8d6a-2ed926c956ac,212586423,
100876053,bf996092-8d66-408a-8d8e-5065ca3330c2,967e785d-d83c-490b-8d6a-2ed926c956ac,IMG-20250614-WA0008.jpg,0,"",,,RQ92XKNVL7KYFP4W,,RQ92XKNVL7KYFP4W,,,a9a87514-7397-4c82-9df3-e20c2b89e9af,"",normal,form,,,t,2025-06-14 10:43:33.791185,2025-06-14 10:43:26.891,2025-06-14 10:43:34.488515,,967e785d-d83c-490b-8d6a-2ed926c956ac,212586519,
100886340,bf996092-8d66-408a-8d8e-5065ca3330c2,967e785d-d83c-490b-8d6a-2ed926c956ac,IMG-20250614-WA0003.jpg,0,"",,,RQ92XKNVL7KYFP4W,,RQ92XKNVL7KYFP4W,,,794b58df-f46e-4c33-b5e6-57f9c7cfbcf8,"",normal,form,,,t,2025-06-14 11:26:09.227426,2025-06-14 11:25:55.442,2025-06-14 11:26:10.156087,,967e785d-d83c-490b-8d6a-2ed926c956ac,212601822,
100886356,bf996092-8d66-408a-8d8e-5065ca3330c2,967e785d-d83c-490b-8d6a-2ed926c956ac,IMG-20250614-WA0003.jpg,0,"",,,RQ92XKNVL7KYFP4W,,RQ92XKNVL7KYFP4W,,,973b8287-ca20-4f3c-b521-b199d5471b32,"",normal,form,,,t,2025-06-14 11:27:23.902466,2025-06-14 11:27:15.682,2025-06-14 11:27:24.840705,,967e785d-d83c-490b-8d6a-2ed926c956ac,212602454,
101047872,bf996092-8d66-408a-8d8e-5065ca3330c2,967e785d-d83c-490b-8d6a-2ed926c956ac,IMG20250616184708.jpg,0,"",,,MJU2FLVXJAQLGRH7,,MJU2FLVXJAQLGRH7,,,066674a8-4c14-41a2-a7f3-0b1004436f83,"",normal,form,2025-06-16 13:17:08.656,,t,2025-06-16 13:20:06.422667,2025-06-16 13:22:18.54,2025-06-16 13:20:16.368328,,967e785d-d83c-490b-8d6a-2ed926c956ac,212939755,
101047898,bf996092-8d66-408a-8d8e-5065ca3330c2,967e785d-d83c-490b-8d6a-2ed926c956ac,IMG20250616184532.jpg,0,"",,,MJU2FLVXJAQLGRH7,,MJU2FLVXJAQLGRH7,,,2860951c-2f3e-462c-a17f-0804b3a1ba71,"",normal,form,2025-06-16 13:15:32.856,,t,2025-06-16 13:20:15.74335,2025-06-16 13:22:18.817,2025-06-16 13:20:16.780654,,967e785d-d83c-490b-8d6a-2ed926c956ac,212939757,
101048424,bf996092-8d66-408a-8d8e-5065ca3330c2,967e785d-d83c-490b-8d6a-2ed926c956ac,20250616_185406_photo,0,"",,,MJU2FLVXJAQLGRH7,,MJU2FLVXJAQLGRH7,,,74c5ba8a-1c8e-4ddd-a1f5-5abf2d52335b,"",normal,form,2025-06-16 13:24:06.922,,t,2025-06-16 13:22:21.142409,2025-06-16 13:24:10.1,2025-06-16 13:22:23.953091,,967e785d-d83c-490b-8d6a-2ed926c956ac,212940863,
101060260,bf996092-8d66-408a-8d8e-5065ca3330c2,967e785d-d83c-490b-8d6a-2ed926c956ac,IMG20250616191024.jpg,0,"",,,MJU2FLVXJAQLGRH7,,MJU2FLVXJAQLGRH7,,,c172af2a-e7d5-4d10-8148-318ca064f26c,"",normal,form,2025-06-16 13:40:24.648,,t,2025-06-16 14:01:22.093178,2025-06-16 14:03:42.838,2025-06-16 14:01:22.822366,,967e785d-d83c-490b-8d6a-2ed926c956ac,212965800,
101061530,bf996092-8d66-408a-8d8e-5065ca3330c2,967e785d-d83c-490b-8d6a-2ed926c956ac,IMG20250616191020.jpg,0,"",,,MJU2FLVXJAQLGRH7,,MJU2FLVXJAQLGRH7,,,954542a0-da5d-4966-93d9-e6190e4f999d,"",normal,form,2025-06-16 13:40:20.178,,t,2025-06-16 14:05:32.23021,2025-06-16 14:06:54.732,2025-06-16 14:05:32.732907,,967e785d-d83c-490b-8d6a-2ed926c956ac,212968552,
113414570,bf996092-8d66-408a-8d8e-5065ca3330c2,967e785d-d83c-490b-8d6a-2ed926c956ac,Screenshot_20250808-100617.ACC.png,0,"",,,VYKJ7GRWMX37AKTY,,VYKJ7GRWMX37AKTY,,,723efbd3-515e-4819-bdee-952b8d73f951,"",normal,form,,,t,2025-08-08 04:37:53.561238,2025-08-08 04:37:45.159,2025-08-08 04:37:53.972396,,967e785d-d83c-490b-8d6a-2ed926c956ac,237964728,
113414582,bf996092-8d66-408a-8d8e-5065ca3330c2,967e785d-d83c-490b-8d6a-2ed926c956ac,Screenshot_20250808-100617.ACC.png,0,"",,,VYKJ7GRWMX37AKTY,,VYKJ7GRWMX37AKTY,,,bd4ca0c4-8901-4cff-bb51-cf43ef2d88c1,"",normal,form,,,t,2025-08-08 04:38:23.147515,2025-08-08 04:38:16.644,2025-08-08 04:38:23.563582,,967e785d-d83c-490b-8d6a-2ed926c956ac,237964757,
113414610,bf996092-8d66-408a-8d8e-5065ca3330c2,967e785d-d83c-490b-8d6a-2ed926c956ac,Screenshot_20250808-100617.ACC.png,0,"",,,VYKJ7GRWMX37AKTY,,VYKJ7GRWMX37AKTY,,,5636f03b-7d64-4222-92d5-16290e542823,"",normal,form,,,t,2025-08-08 04:39:07.868547,2025-08-08 04:39:02.634,2025-08-08 04:39:08.218783,,967e785d-d83c-490b-8d6a-2ed926c956ac,237964813,
113414637,bf996092-8d66-408a-8d8e-5065ca3330c2,967e785d-d83c-490b-8d6a-2ed926c956ac,20250808_100949_photo,0,"",,,VYKJ7GRWMX37AKTY,,VYKJ7GRWMX37AKTY,27.563501,77.662825,fd905dd6-d0e1-4292-9bd6-bb858caf24aa,"",normal,form,2025-08-08 04:39:49.216,,t,2025-08-08 04:40:01.064938,2025-08-08 04:39:53.918,2025-08-08 04:40:01.442964,,967e785d-d83c-490b-8d6a-2ed926c956ac,237964865,
113430183,bf996092-8d66-408a-8d8e-5065ca3330c2,967e785d-d83c-490b-8d6a-2ed926c956ac,20250808_155243_photo,0,"",,,WK7J3NJWMTCK9UWQ,,WK7J3NJWMTCK9UWQ,,,44af2226-73a2-46d3-a572-16165b6caea8,"",normal,rfi,2025-08-08 10:22:18,,f,2025-08-08 10:22:59.292816,2025-08-08 10:22:43.517,2025-08-08 10:22:59.292816,,967e785d-d83c-490b-8d6a-2ed926c956ac,237997660,
113430189,bf996092-8d66-408a-8d8e-5065ca3330c2,967e785d-d83c-490b-8d6a-2ed926c956ac,20250808_155243_photo,0,"",,,WK7J3NJWMTCK9UWQ,,WK7J3NJWMTCK9UWQ,,,b409e29b-8526-499d-aeef-c412a1efa423,"",normal,rfi,2025-08-08 10:22:20,,f,2025-08-08 10:23:04.952481,2025-08-08 10:22:43.741,2025-08-08 10:23:04.952481,,967e785d-d83c-490b-8d6a-2ed926c956ac,237997672,
101505061,bf996092-8d66-408a-8d8e-5065ca3330c2,967e785d-d83c-490b-8d6a-2ed926c956ac,20250618_093222_photo,0,"",,,MJU2FLVXJAQLGRH7,,MJU2FLVXJAQLGRH7,,,531eb0d0-118c-43e5-8fb2-08940f0be3d1,"",normal,form,2025-06-18 04:02:22.013,,t,2025-06-18 04:00:22.062674,2025-06-18 04:02:26.911,2025-06-18 04:00:22.714865,,967e785d-d83c-490b-8d6a-2ed926c956ac,213870935,
101505151,bf996092-8d66-408a-8d8e-5065ca3330c2,967e785d-d83c-490b-8d6a-2ed926c956ac,20250618_093449_photo,0,"",,,MJU2FLVXJAQLGRH7,,MJU2FLVXJAQLGRH7,,,9c144c08-492a-419f-b18d-2b62d15daeec,"",normal,form,2025-06-18 04:04:49.652,,t,2025-06-18 04:05:38.611517,2025-06-18 04:04:55.884,2025-06-18 04:05:39.28871,,967e785d-d83c-490b-8d6a-2ed926c956ac,213871185,
101505956,bf996092-8d66-408a-8d8e-5065ca3330c2,967e785d-d83c-490b-8d6a-2ed926c956ac,IMG_20250618_100218_1.jpg,0,"",,,VYKJ7GRWMX37AKTY,,VYKJ7GRWMX37AKTY,,,5e7a5106-700b-45e8-9162-f80af5e139b5,"",normal,form,2025-06-18 04:32:18.9,,t,2025-06-18 04:38:47.595482,2025-06-18 04:38:14.646,2025-06-18 04:38:48.590122,,967e785d-d83c-490b-8d6a-2ed926c956ac,213872784,
101507806,bf996092-8d66-408a-8d8e-5065ca3330c2,967e785d-d83c-490b-8d6a-2ed926c956ac,IMG-20250618-WA0006.jpg,0,"",,,RQ92XKNVL7KYFP4W,,RQ92XKNVL7KYFP4W,,,b048bf11-39dd-4a9e-a6b8-90255dbf55a1,"",normal,form,,,t,2025-06-18 05:29:49.164825,2025-06-18 05:29:41.018,2025-06-18 05:29:54.821984,,967e785d-d83c-490b-8d6a-2ed926c956ac,213876795,
101507809,bf996092-8d66-408a-8d8e-5065ca3330c2,967e785d-d83c-490b-8d6a-2ed926c956ac,IMG-20250618-WA0005.jpg,0,"",,,RQ92XKNVL7KYFP4W,,RQ92XKNVL7KYFP4W,,,31779b4d-b27f-4467-804b-a36713085bd5,"",normal,form,,,t,2025-06-18 05:29:54.286407,2025-06-18 05:29:41.276,2025-06-18 05:29:55.290371,,967e785d-d83c-490b-8d6a-2ed926c956ac,213876798,
101507817,bf996092-8d66-408a-8d8e-5065ca3330c2,967e785d-d83c-490b-8d6a-2ed926c956ac,IMG-20250618-WA0006.jpg,0,"",,,RQ92XKNVL7KYFP4W,,RQ92XKNVL7KYFP4W,,,f6401236-d243-4312-b464-167ca59f73a8,"",normal,form,,,t,2025-06-18 05:30:10.643839,2025-06-18 05:30:03.782,2025-06-18 05:30:11.318257,,967e785d-d83c-490b-8d6a-2ed926c956ac,213876814,
101510013,bf996092-8d66-408a-8d8e-5065ca3330c2,f679f4cf-c089-4a2b-9b84-b14129630601,20250618_115401_photo,0,"",,,3TSJN3BRN9YVX2DX,,3TSJN3BRN9YVX2DX,28.669394,77.431536,f751252d-aa67-4063-ae48-c4913bc2fe94,"",normal,gallery,2025-06-18 06:24:01.492,,t,2025-06-18 06:24:05.78751,2025-06-18 06:24:01.384,2025-06-18 06:24:05.78751,,f679f4cf-c089-4a2b-9b84-b14129630601,213881851,
101510023,bf996092-8d66-408a-8d8e-5065ca3330c2,f679f4cf-c089-4a2b-9b84-b14129630601,20250618_115429_photo,0,"",,,3TSJN3BRN9YVX2DX,,3TSJN3BRN9YVX2DX,28.669353,77.431769,4cc16da5-4fdb-41ac-b252-ff62f4edddd7,"",normal,gallery,2025-06-18 06:24:29.62,,t,2025-06-18 06:24:34.028145,2025-06-18 06:24:29.514,2025-06-18 06:24:34.028145,,f679f4cf-c089-4a2b-9b84-b14129630601,213881886,
101510033,bf996092-8d66-408a-8d8e-5065ca3330c2,967e785d-d83c-490b-8d6a-2ed926c956ac,20250618_115422_photo,0,"",,,VYKJ7GRWMX37AKTY,,VYKJ7GRWMX37AKTY,27.563116,77.662907,8ce42ab0-c881-44f1-9689-b354d6c0c46a,"",normal,form,2025-06-18 06:24:22.67,,t,2025-06-18 06:24:48.513268,2025-06-18 06:24:39.311,2025-06-18 06:24:58.291272,,967e785d-d83c-490b-8d6a-2ed926c956ac,213881924,
101510042,bf996092-8d66-408a-8d8e-5065ca3330c2,967e785d-d83c-490b-8d6a-2ed926c956ac,20250618_115428_photo,0,"",,,VYKJ7GRWMX37AKTY,,VYKJ7GRWMX37AKTY,27.563116,77.662907,a0d5404d-64d9-46c6-a6b2-45c6223412b5,"",normal,form,2025-06-18 06:24:28.86,,t,2025-06-18 06:24:57.69935,2025-06-18 06:24:39.55,2025-06-18 06:24:58.713307,,967e785d-d83c-490b-8d6a-2ed926c956ac,213881927,
101510048,bf996092-8d66-408a-8d8e-5065ca3330c2,f679f4cf-c089-4a2b-9b84-b14129630601,20250618_115500_photo,0,"",,,3TSJN3BRN9YVX2DX,,3TSJN3BRN9YVX2DX,28.669322,77.431778,c6004d08-4946-43e8-adee-6e19ead51868,"",normal,gallery,2025-06-18 06:25:00.982,,t,2025-06-18 06:25:05.28745,2025-06-18 06:25:00.876,2025-06-18 06:25:05.28745,,f679f4cf-c089-4a2b-9b84-b14129630601,213881938,
101510052,bf996092-8d66-408a-8d8e-5065ca3330c2,f679f4cf-c089-4a2b-9b84-b14129630601,20250618_115500_photo,0,"",,,3TSJN3BRN9YVX2DX,,3TSJN3BRN9YVX2DX,28.669306,77.431753,7bc51ef5-6321-421d-8827-0e2203a8c429,"",normal,gallery,2025-06-18 06:25:00.992,,t,2025-06-18 06:25:09.622676,2025-06-18 06:25:00.876,2025-07-19 07:41:53.669606,,f679f4cf-c089-4a2b-9b84-b14129630601,228622192,
101510067,bf996092-8d66-408a-8d8e-5065ca3330c2,f679f4cf-c089-4a2b-9b84-b14129630601,20250618_115539_photo,0,"",,,3TSJN3BRN9YVX2DX,,3TSJN3BRN9YVX2DX,28.669331,77.431669,36b5c899-12e8-4228-9bb7-ed908e833359,"",normal,gallery,2025-06-18 06:25:39.42,,t,2025-06-18 06:25:43.196696,2025-06-18 06:25:39.314,2025-06-18 06:25:43.196696,,f679f4cf-c089-4a2b-9b84-b14129630601,213881993,
101510075,bf996092-8d66-408a-8d8e-5065ca3330c2,f679f4cf-c089-4a2b-9b84-b14129630601,e26e43cc-bf2a-4bf6-b776-e591e6b32175,0,"",,,3TSJN3BRN9YVX2DX,,3TSJN3BRN9YVX2DX,28.669331,77.431669,75316f1d-35bc-409f-a993-b77de5f86c5d,"",normal,gallery,2025-06-18 06:25:58.084,,t,2025-06-18 06:26:02.241977,2025-06-18 06:25:57.857,2025-06-18 06:26:02.241977,,f679f4cf-c089-4a2b-9b84-b14129630601,213882008,
101510078,bf996092-8d66-408a-8d8e-5065ca3330c2,f679f4cf-c089-4a2b-9b84-b14129630601,82c199e2-198b-4b48-8ad9-859e7d68d61b,0,"",,,3TSJN3BRN9YVX2DX,,3TSJN3BRN9YVX2DX,28.669353,77.431769,eccbc207-c3d6-4d98-8f50-b8f5907e6e8b,"",normal,gallery,2025-06-18 06:25:58.299,,t,2025-06-18 06:26:06.729012,2025-06-18 06:25:58.095,2025-06-18 06:26:06.729012,,f679f4cf-c089-4a2b-9b84-b14129630601,213882013,
101510082,bf996092-8d66-408a-8d8e-5065ca3330c2,f679f4cf-c089-4a2b-9b84-b14129630601,20250618_115614_photo,0,"",,,3TSJN3BRN9YVX2DX,,3TSJN3BRN9YVX2DX,28.669353,77.431619,f6492555-b504-48c4-bc98-99e5b6108fb4,"",normal,gallery,2025-06-18 06:26:14.172,,t,2025-06-18 06:26:19.520825,2025-06-18 06:26:14.07,2025-06-18 06:26:19.520825,,f679f4cf-c089-4a2b-9b84-b14129630601,213882028,
101510091,bf996092-8d66-408a-8d8e-5065ca3330c2,f679f4cf-c089-4a2b-9b84-b14129630601,20250618_115625_photo,0,"",,,3TSJN3BRN9YVX2DX,,3TSJN3BRN9YVX2DX,28.669339,77.431622,3a8bfd72-63bf-4668-81cf-eaf2431196e0,"",normal,gallery,2025-06-18 06:26:25.61,,t,2025-06-18 06:26:30.233543,2025-06-18 06:26:25.506,2025-06-18 06:26:30.233543,,f679f4cf-c089-4a2b-9b84-b14129630601,213882045,
101510236,bf996092-8d66-408a-8d8e-5065ca3330c2,967e785d-d83c-490b-8d6a-2ed926c956ac,IMG-20250618-WA0006.jpg,0,"",,,RQ92XKNVL7KYFP4W,,RQ92XKNVL7KYFP4W,,,b810bcff-8dec-4df8-897a-dde24ef516fb,"",normal,form,,,t,2025-06-18 06:30:16.317847,2025-06-18 06:30:08.171,2025-06-18 06:30:16.909735,,967e785d-d83c-490b-8d6a-2ed926c956ac,213882404,
101510239,bf996092-8d66-408a-8d8e-5065ca3330c2,967e785d-d83c-490b-8d6a-2ed926c956ac,IMG-20250618-WA0005.jpg,0,"",,,RQ92XKNVL7KYFP4W,,RQ92XKNVL7KYFP4W,,,6f5220d1-a6f2-4aea-b974-285135d27d7a,"",normal,form,,,t,2025-06-18 06:30:39.94367,2025-06-18 06:30:32.388,2025-06-18 06:30:40.459267,,967e785d-d83c-490b-8d6a-2ed926c956ac,213882424,
101510285,bf996092-8d66-408a-8d8e-5065ca3330c2,967e785d-d83c-490b-8d6a-2ed926c956ac,IMG-20250618-WA0005.jpg,0,"",,,RQ92XKNVL7KYFP4W,,RQ92XKNVL7KYFP4W,,,e85c742b-ce5c-4b24-ac33-c015c1478728,"",normal,form,,,t,2025-06-18 06:31:45.362348,2025-06-18 06:31:39.441,2025-06-18 06:31:45.875651,,967e785d-d83c-490b-8d6a-2ed926c956ac,213882502,
101510390,bf996092-8d66-408a-8d8e-5065ca3330c2,967e785d-d83c-490b-8d6a-2ed926c956ac,IMG-20250618-WA0005.jpg,0,"",,,RQ92XKNVL7KYFP4W,,RQ92XKNVL7KYFP4W,,,5d9a4bc3-5bd0-4d06-a241-85cfd3785d68,"",normal,form,,,t,2025-06-18 06:33:36.877013,2025-06-18 06:33:30.931,2025-06-18 06:33:37.38399,,967e785d-d83c-490b-8d6a-2ed926c956ac,213882756,
101512288,bf996092-8d66-408a-8d8e-5065ca3330c2,f679f4cf-c089-4a2b-9b84-b14129630601,20250618_123751_photo,0,"",,,3TSJN3BRN9YVX2DX,,3TSJN3BRN9YVX2DX,28.669303,77.431756,2ae80ba8-ce46-443f-b4e1-3673f8c098d1,"",normal,gallery,2025-06-18 07:07:51.11,,t,2025-06-18 07:07:55.557266,2025-06-18 07:07:51.034,2025-06-22 04:32:30.442702,,f679f4cf-c089-4a2b-9b84-b14129630601,215757068,
101512347,bf996092-8d66-408a-8d8e-5065ca3330c2,f679f4cf-c089-4a2b-9b84-b14129630601,20250618_123852_photo,0,"",,,3TSJN3BRN9YVX2DX,,3TSJN3BRN9YVX2DX,28.669294,77.431647,a7c2fe99-ec19-43a3-ae68-68c4057d03f6,"",normal,gallery,2025-06-18 07:08:52.866,,t,2025-06-18 07:09:03.799504,2025-06-18 07:08:52.764,2025-07-19 07:41:53.295676,,f679f4cf-c089-4a2b-9b84-b14129630601,228622191,
101512379,bf996092-8d66-408a-8d8e-5065ca3330c2,f679f4cf-c089-4a2b-9b84-b14129630601,20250618_123955_photo,0,"",,,3TSJN3BRN9YVX2DX,,3TSJN3BRN9YVX2DX,28.669253,77.431631,ed5858c8-3ce6-4123-9b02-b51d2252f3f1,"",normal,gallery,2025-06-18 07:09:55.958,,t,2025-06-18 07:10:01.198965,2025-06-18 07:09:55.842,2025-06-18 07:10:01.198965,,f679f4cf-c089-4a2b-9b84-b14129630601,213887464,
101512395,bf996092-8d66-408a-8d8e-5065ca3330c2,f679f4cf-c089-4a2b-9b84-b14129630601,a852381f-dab7-4af8-b92c-7418ff9899ef,0,"",,,3TSJN3BRN9YVX2DX,,3TSJN3BRN9YVX2DX,28.669253,77.431631,fd57bc1c-05df-4dcf-a249-2f0278b350b5,"",normal,gallery,2025-06-18 07:10:15.195,,t,2025-06-18 07:10:20.523927,2025-06-18 07:10:14.98,2025-06-18 07:10:20.523927,,f679f4cf-c089-4a2b-9b84-b14129630601,213887526,
101521685,bf996092-8d66-408a-8d8e-5065ca3330c2,f679f4cf-c089-4a2b-9b84-b14129630601,20250618_150036_photo,0,"",,,3TSJN3BRN9YVX2DX,,3TSJN3BRN9YVX2DX,28.669311,77.431578,b8024926-12aa-4c8f-8309-32a6c70e1021,"",normal,gallery,2025-06-18 09:30:37.05,,t,2025-06-18 09:30:41.347106,2025-06-18 09:30:36.943,2025-06-18 09:30:41.347106,,f679f4cf-c089-4a2b-9b84-b14129630601,213909487,
101521852,bf996092-8d66-408a-8d8e-5065ca3330c2,967e785d-d83c-490b-8d6a-2ed926c956ac,20250618_150535_photo,0,"",,,MJU2FLVXJAQLGRH7,,MJU2FLVXJAQLGRH7,,,ded7d413-ad93-4998-b880-a7d717fe8800,"",normal,form,2025-06-18 09:35:35.735,,t,2025-06-18 09:33:29.38288,2025-06-18 09:35:39.997,2025-06-18 09:33:30.008692,,967e785d-d83c-490b-8d6a-2ed926c956ac,213909794,
101522790,bf996092-8d66-408a-8d8e-5065ca3330c2,967e785d-d83c-490b-8d6a-2ed926c956ac,20250618_150935_photo,0,"",,,MJU2FLVXJAQLGRH7,,MJU2FLVXJAQLGRH7,,,ad5fc0cc-69e7-43af-873d-d4cb45507391,"",normal,form,2025-06-18 09:39:35.009,,t,2025-06-18 09:44:53.204774,2025-06-18 09:39:41.692,2025-06-18 09:44:57.303909,,967e785d-d83c-490b-8d6a-2ed926c956ac,213911830,
101540883,bf996092-8d66-408a-8d8e-5065ca3330c2,967e785d-d83c-490b-8d6a-2ed926c956ac,20250618_173248_photo,0,"",,,MJU2FLVXJAQLGRH7,,MJU2FLVXJAQLGRH7,,,4ee4325f-14d9-4cd1-a09e-3a04843b57e0,"",normal,form,2025-06-18 12:02:48.197,,t,2025-06-18 12:00:46.419516,2025-06-18 12:02:55.261,2025-06-18 12:00:46.893908,,967e785d-d83c-490b-8d6a-2ed926c956ac,213950732,
101541692,bf996092-8d66-408a-8d8e-5065ca3330c2,967e785d-d83c-490b-8d6a-2ed926c956ac,20250618_173339_photo,0,"",,,VYKJ7GRWMX37AKTY,,VYKJ7GRWMX37AKTY,27.563049,77.662981,f06bab4c-8ca7-4a12-b1f2-8556498b3086,"",normal,form,2025-06-18 12:03:39.46,,t,2025-06-18 12:03:53.934065,2025-06-18 12:03:49.203,2025-06-18 12:03:54.823013,,967e785d-d83c-490b-8d6a-2ed926c956ac,213952436,
101541733,bf996092-8d66-408a-8d8e-5065ca3330c2,967e785d-d83c-490b-8d6a-2ed926c956ac,20250618_173619_photo,0,"",,,MJU2FLVXJAQLGRH7,,MJU2FLVXJAQLGRH7,,,d58e1292-b5d9-498b-a190-50f18b78df64,"",normal,form,2025-06-18 12:06:19.582,,t,2025-06-18 12:04:01.392064,2025-06-18 12:06:23.837,2025-06-18 12:04:02.042697,,967e785d-d83c-490b-8d6a-2ed926c956ac,213952522,
101543366,bf996092-8d66-408a-8d8e-5065ca3330c2,967e785d-d83c-490b-8d6a-2ed926c956ac,20250618_174406_photo,0,"",,,MJU2FLVXJAQLGRH7,,MJU2FLVXJAQLGRH7,,,31faa894-f80f-49bc-b7b8-4b13f430c518,"",normal,form,2025-06-18 12:14:06.559,,t,2025-06-18 12:11:51.928703,2025-06-18 12:14:09.129,2025-06-18 12:11:52.397288,,967e785d-d83c-490b-8d6a-2ed926c956ac,213956241,
101548250,bf996092-8d66-408a-8d8e-5065ca3330c2,967e785d-d83c-490b-8d6a-2ed926c956ac,20250618_175442_photo,0,"",,,MJU2FLVXJAQLGRH7,,MJU2FLVXJAQLGRH7,,,593fa859-3357-4e40-a057-f813becc7f6b,"",normal,form,2025-06-18 12:24:42.926,,t,2025-06-18 12:29:52.854652,2025-06-18 12:24:53.536,2025-06-18 12:32:38.479407,,967e785d-d83c-490b-8d6a-2ed926c956ac,213968089,
101549055,bf996092-8d66-408a-8d8e-5065ca3330c2,967e785d-d83c-490b-8d6a-2ed926c956ac,20250618_175450_photo,0,"",,,MJU2FLVXJAQLGRH7,,MJU2FLVXJAQLGRH7,,,9bf9e003-2b45-42de-b2e9-1ea18a2105f0,"",normal,form,2025-06-18 12:24:50.863,,t,2025-06-18 12:32:37.828935,2025-06-18 12:24:53.727,2025-06-18 12:32:39.151476,,967e785d-d83c-490b-8d6a-2ed926c956ac,213968099,
101549305,bf996092-8d66-408a-8d8e-5065ca3330c2,967e785d-d83c-490b-8d6a-2ed926c956ac,20250618_175635_photo,0,"",,,MJU2FLVXJAQLGRH7,,MJU2FLVXJAQLGRH7,,,603ce1bb-6f64-4821-b40b-34ff1e8d2479,"",normal,form,2025-06-18 12:26:35.644,,t,2025-06-18 12:33:18.496514,2025-06-18 12:26:38.47,2025-06-18 12:33:19.134472,,967e785d-d83c-490b-8d6a-2ed926c956ac,213968523,
101550394,bf996092-8d66-408a-8d8e-5065ca3330c2,967e785d-d83c-490b-8d6a-2ed926c956ac,IMG_20250618_174753_1.jpg,0,"",,,VYKJ7GRWMX37AKTY,,VYKJ7GRWMX37AKTY,,,0940e0aa-1677-45ba-8b28-cdb9c305cd87,"",normal,form,2025-06-18 12:17:53.48,,t,2025-06-18 12:36:03.0412,2025-06-18 12:35:58.393,2025-06-18 12:36:03.713958,,967e785d-d83c-490b-8d6a-2ed926c956ac,213970695,
101579612,bf996092-8d66-408a-8d8e-5065ca3330c2,967e785d-d83c-490b-8d6a-2ed926c956ac,20250618_192448_video,0,"",,,VYKJ7GRWMX37AKTY,,VYKJ7GRWMX37AKTY,,,9afb2a83-82a5-419d-a23f-a8ddbe31f3ad,"",video,form,2025-06-18 13:54:48,,t,2025-06-18 14:03:08.594205,2025-06-18 14:02:31.989,2025-06-18 14:03:09.347899,,967e785d-d83c-490b-8d6a-2ed926c956ac,214029991,
101580309,bf996092-8d66-408a-8d8e-5065ca3330c2,967e785d-d83c-490b-8d6a-2ed926c956ac,IMG_20250618_192453.jpg,0,"",,,VYKJ7GRWMX37AKTY,,VYKJ7GRWMX37AKTY,,,b0d8ebd5-8206-4fbe-92ee-35a562f93193,"",normal,form,2025-06-18 13:54:53.76,,t,2025-06-18 14:05:12.691003,2025-06-18 14:05:12.691003,2025-06-18 14:05:19.467298,,967e785d-d83c-490b-8d6a-2ed926c956ac,214031362,
113672159,bf996092-8d66-408a-8d8e-5065ca3330c2,967e785d-d83c-490b-8d6a-2ed926c956ac,20250810_104732_photo,0,"",,,WK7J3NJWMTCK9UWQ,,WK7J3NJWMTCK9UWQ,27.563100,77.662956,c992cc1f-5de0-4911-9f68-267a29eae316,"",normal,rfi,2025-08-10 05:14:53,,f,2025-08-10 05:17:47.179063,2025-08-10 05:17:32.609,2025-08-10 05:17:47.179063,,967e785d-d83c-490b-8d6a-2ed926c956ac,238481798,
113672160,bf996092-8d66-408a-8d8e-5065ca3330c2,967e785d-d83c-490b-8d6a-2ed926c956ac,20250810_104732_photo,0,"",,,WK7J3NJWMTCK9UWQ,,WK7J3NJWMTCK9UWQ,27.563100,77.662956,a897ed08-f2d0-4815-a221-b66d515c470a,"",normal,rfi,2025-08-10 05:14:56,,f,2025-08-10 05:17:54.515526,2025-08-10 05:17:32.832,2025-08-10 05:17:54.515526,,967e785d-d83c-490b-8d6a-2ed926c956ac,238481801,
113672161,bf996092-8d66-408a-8d8e-5065ca3330c2,967e785d-d83c-490b-8d6a-2ed926c956ac,20250810_104732_photo,0,"",,,WK7J3NJWMTCK9UWQ,,WK7J3NJWMTCK9UWQ,27.563100,77.662956,bcd3e9c7-725b-460e-a3cf-d237dc66bede,"",normal,rfi,2025-08-10 05:16:35,,f,2025-08-10 05:18:00.510182,2025-08-10 05:17:32.991,2025-08-10 05:18:00.510182,,967e785d-d83c-490b-8d6a-2ed926c956ac,238481803,
113672162,bf996092-8d66-408a-8d8e-5065ca3330c2,967e785d-d83c-490b-8d6a-2ed926c956ac,20250810_104733_photo,0,"",,,WK7J3NJWMTCK9UWQ,,WK7J3NJWMTCK9UWQ,27.563100,77.662956,3588ec2a-8072-4022-b54b-35b5d4ec33c3,"",normal,rfi,2025-08-10 05:17:25,,f,2025-08-10 05:18:07.340422,2025-08-10 05:17:33.148,2025-08-10 05:18:07.340422,,967e785d-d83c-490b-8d6a-2ed926c956ac,238481806,
113672850,bf996092-8d66-408a-8d8e-5065ca3330c2,967e785d-d83c-490b-8d6a-2ed926c956ac,20250810_124328_photo,0,"",,,VYKJ7GRWMX37AKTY,,VYKJ7GRWMX37AKTY,27.563501,77.662830,48e20068-442b-49cd-89b3-30ff1263e46d,"",normal,form,2025-08-10 07:13:28.843,,t,2025-08-10 07:14:35.07866,2025-08-10 07:13:31.523,2025-08-10 07:14:35.57601,,967e785d-d83c-490b-8d6a-2ed926c956ac,238483289,
113672875,bf996092-8d66-408a-8d8e-5065ca3330c2,967e785d-d83c-490b-8d6a-2ed926c956ac,Screenshot_20250810-124704.ACC.png,0,"",,,VYKJ7GRWMX37AKTY,,VYKJ7GRWMX37AKTY,,,00a2e758-5615-4d0d-adb9-3cf847b40ead,"",normal,form,,,t,2025-08-10 07:19:37.976765,2025-08-10 07:18:45.253,2025-08-10 07:19:38.504918,,967e785d-d83c-490b-8d6a-2ed926c956ac,238483345,
113672887,bf996092-8d66-408a-8d8e-5065ca3330c2,967e785d-d83c-490b-8d6a-2ed926c956ac,Screenshot_20250810-124704.ACC.png,0,"",,,VYKJ7GRWMX37AKTY,,VYKJ7GRWMX37AKTY,,,8f76b87e-a273-4940-a202-a197f28e808c,"",normal,form,,,t,2025-08-10 07:20:21.697249,2025-08-10 07:19:10.861,2025-08-10 07:20:22.270175,,967e785d-d83c-490b-8d6a-2ed926c956ac,238483360,
113672914,bf996092-8d66-408a-8d8e-5065ca3330c2,967e785d-d83c-490b-8d6a-2ed926c956ac,Screenshot_20250810-124704.ACC.png,0,"",,,VYKJ7GRWMX37AKTY,,VYKJ7GRWMX37AKTY,,,6fb8c352-82e4-4e01-b47e-8249955dc52c,"",normal,form,,,t,2025-08-10 07:21:42.188964,2025-08-10 07:21:09.274,2025-08-10 07:21:42.802571,,967e785d-d83c-490b-8d6a-2ed926c956ac,238483421,
113672916,bf996092-8d66-408a-8d8e-5065ca3330c2,967e785d-d83c-490b-8d6a-2ed926c956ac,Screenshot_20250810-124704.ACC.png,0,"",,,VYKJ7GRWMX37AKTY,,VYKJ7GRWMX37AKTY,,,5c859825-caef-45e6-af2b-2dd8e460f2e9,"",normal,form,,,t,2025-08-10 07:22:20.238875,2025-08-10 07:21:44.021,2025-08-10 07:22:21.906448,,967e785d-d83c-490b-8d6a-2ed926c956ac,238483425,
113672924,bf996092-8d66-408a-8d8e-5065ca3330c2,967e785d-d83c-490b-8d6a-2ed926c956ac,20250810_125229_photo,0,"",,,VYKJ7GRWMX37AKTY,,VYKJ7GRWMX37AKTY,27.563503,77.662831,c0301ecb-3cb6-4d1d-ac0d-d6c6e8fdfeaa,"",normal,form,2025-08-10 07:22:29.558,,t,2025-08-10 07:23:07.884076,2025-08-10 07:22:32.376,2025-08-10 07:23:08.643659,,967e785d-d83c-490b-8d6a-2ed926c956ac,238483442,
101605795,bf996092-8d66-408a-8d8e-5065ca3330c2,f679f4cf-c089-4a2b-9b84-b14129630601,20250618_204133_photo,0,"",,,3TSJN3BRN9YVX2DX,,3TSJN3BRN9YVX2DX,28.669361,77.431739,03410bad-2d6a-4df5-8e5d-471a34d6645a,"",normal,gallery,2025-06-18 15:11:33.873,,t,2025-06-18 15:11:39.949474,2025-06-18 15:11:33.787,2025-07-19 07:35:55.051832,,f679f4cf-c089-4a2b-9b84-b14129630601,228622025,
101605816,bf996092-8d66-408a-8d8e-5065ca3330c2,f679f4cf-c089-4a2b-9b84-b14129630601,20250618_204133_photo,0,"",,,3TSJN3BRN9YVX2DX,,3TSJN3BRN9YVX2DX,28.669361,77.431736,ea036184-9e2a-4530-9ff9-42d6a811dd58,"",normal,gallery,2025-06-18 15:11:33.89,,t,2025-06-18 15:11:44.253617,2025-06-18 15:11:33.786,2025-06-18 15:11:44.253617,,f679f4cf-c089-4a2b-9b84-b14129630601,214082131,
101605936,bf996092-8d66-408a-8d8e-5065ca3330c2,f679f4cf-c089-4a2b-9b84-b14129630601,20250618_204202_photo,0,"",,,3TSJN3BRN9YVX2DX,,3TSJN3BRN9YVX2DX,28.669317,77.431717,8306b6dd-bb7e-497c-b9d2-e1cc55fef82a,"",normal,gallery,2025-06-18 15:12:02.232,,t,2025-06-18 15:12:06.211728,2025-06-18 15:12:02.148,2025-06-18 15:12:06.211728,,f679f4cf-c089-4a2b-9b84-b14129630601,214082383,
113699648,bf996092-8d66-408a-8d8e-5065ca3330c2,967e785d-d83c-490b-8d6a-2ed926c956ac,20250811_112136_photo,0,"",,,VYKJ7GRWMX37AKTY,,VYKJ7GRWMX37AKTY,27.563368,77.663745,2bc06b86-d7f2-43e2-8c3f-37bd71a46bb5,"",normal,form,2025-08-11 05:51:36.096,,t,2025-08-11 05:52:03.897404,2025-08-11 05:51:40.047,2025-08-11 05:52:04.489268,,967e785d-d83c-490b-8d6a-2ed926c956ac,238538321,
113704225,bf996092-8d66-408a-8d8e-5065ca3330c2,967e785d-d83c-490b-8d6a-2ed926c956ac,Screenshot_20250811-132353.ACC.png,0,"",,,VYKJ7GRWMX37AKTY,,VYKJ7GRWMX37AKTY,,,042117cd-4af4-4d21-b6a0-95ec3d93283f,"",normal,form,,,t,2025-08-11 07:54:32.022197,2025-08-11 07:54:23.714,2025-08-11 07:54:32.559441,,967e785d-d83c-490b-8d6a-2ed926c956ac,238548418,
113704245,bf996092-8d66-408a-8d8e-5065ca3330c2,967e785d-d83c-490b-8d6a-2ed926c956ac,Screenshot_20250811-132353.ACC.png,0,"",,,VYKJ7GRWMX37AKTY,,VYKJ7GRWMX37AKTY,,,8b553131-20c5-44e2-9120-5dfe3118e6b9,"",normal,form,,,t,2025-08-11 07:54:55.676649,2025-08-11 07:54:49.14,2025-08-11 07:54:56.192521,,967e785d-d83c-490b-8d6a-2ed926c956ac,238548458,
113704261,bf996092-8d66-408a-8d8e-5065ca3330c2,967e785d-d83c-490b-8d6a-2ed926c956ac,Screenshot_20250811-132353.ACC.png,0,"",,,VYKJ7GRWMX37AKTY,,VYKJ7GRWMX37AKTY,,,863cb2f4-897e-4042-9131-5d518637e903,"",normal,form,,,t,2025-08-11 07:55:20.455518,2025-08-11 07:55:14.86,2025-08-11 07:55:20.867835,,967e785d-d83c-490b-8d6a-2ed926c956ac,238548497,
113704294,bf996092-8d66-408a-8d8e-5065ca3330c2,967e785d-d83c-490b-8d6a-2ed926c956ac,Screenshot_20250811-132353.ACC.png,0,"",,,VYKJ7GRWMX37AKTY,,VYKJ7GRWMX37AKTY,,,d829f215-7034-418a-938f-c6e1a27804e7,"",normal,form,,,t,2025-08-11 07:55:54.281088,2025-08-11 07:55:47.183,2025-08-11 07:55:54.874414,,967e785d-d83c-490b-8d6a-2ed926c956ac,238548566,
113704316,bf996092-8d66-408a-8d8e-5065ca3330c2,967e785d-d83c-490b-8d6a-2ed926c956ac,Screenshot_20250811-132353.ACC.png,0,"",,,VYKJ7GRWMX37AKTY,,VYKJ7GRWMX37AKTY,,,889612b9-6743-4abc-a47e-100971dd8129,"",normal,form,,,t,2025-08-11 07:56:21.594799,2025-08-11 07:56:16.735,2025-08-11 07:56:22.010288,,967e785d-d83c-490b-8d6a-2ed926c956ac,238548611,
113704438,bf996092-8d66-408a-8d8e-5065ca3330c2,967e785d-d83c-490b-8d6a-2ed926c956ac,Screenshot_20250811-132952.ACC.png,0,"",,,VYKJ7GRWMX37AKTY,,VYKJ7GRWMX37AKTY,,,9f03a1d5-52f1-4620-a9cb-a697d61ae7d8,"",normal,form,,,t,2025-08-11 08:00:37.593715,2025-08-11 08:00:29.159,2025-08-11 08:00:38.112843,,967e785d-d83c-490b-8d6a-2ed926c956ac,238548949,
113704469,bf996092-8d66-408a-8d8e-5065ca3330c2,967e785d-d83c-490b-8d6a-2ed926c956ac,Screenshot_20250811-132952.ACC.png,0,"",,,VYKJ7GRWMX37AKTY,,VYKJ7GRWMX37AKTY,,,1f3f8c35-6b0a-49f4-ad26-54806e572600,"",normal,form,,,t,2025-08-11 08:01:28.187041,2025-08-11 08:01:23.336,2025-08-11 08:01:28.582639,,967e785d-d83c-490b-8d6a-2ed926c956ac,238549018,
113704492,bf996092-8d66-408a-8d8e-5065ca3330c2,967e785d-d83c-490b-8d6a-2ed926c956ac,Screenshot_20250811-132952.ACC.png,0,"",,,VYKJ7GRWMX37AKTY,,VYKJ7GRWMX37AKTY,,,fe173577-c5c3-4be5-880e-6a82a1b88fa2,"",normal,form,,,t,2025-08-11 08:01:52.350196,2025-08-11 08:01:47.191,2025-08-11 08:01:52.7539,,967e785d-d83c-490b-8d6a-2ed926c956ac,238549070,
113704524,bf996092-8d66-408a-8d8e-5065ca3330c2,967e785d-d83c-490b-8d6a-2ed926c956ac,Screenshot_20250811-132952.ACC.png,0,"",,,VYKJ7GRWMX37AKTY,,VYKJ7GRWMX37AKTY,,,36c19b57-66d4-45c7-8464-9c3bda6a81c3,"",normal,form,,,t,2025-08-11 08:02:30.543739,2025-08-11 08:02:24.27,2025-08-11 08:02:30.958326,,967e785d-d83c-490b-8d6a-2ed926c956ac,238549139,
113704772,bf996092-8d66-408a-8d8e-5065ca3330c2,967e785d-d83c-490b-8d6a-2ed926c956ac,20250811_133326_photo,0,"",,,VYKJ7GRWMX37AKTY,,VYKJ7GRWMX37AKTY,27.563502,77.662831,0558198c-02dc-459e-8e48-20050940ac7a,"",normal,form,2025-08-11 08:03:26.454,,t,2025-08-11 08:06:32.407778,2025-08-11 08:06:25.871,2025-08-11 08:06:33.015323,,967e785d-d83c-490b-8d6a-2ed926c956ac,238549625,
113704826,bf996092-8d66-408a-8d8e-5065ca3330c2,967e785d-d83c-490b-8d6a-2ed926c956ac,20250811_133723_photo,0,"",,,VYKJ7GRWMX37AKTY,,VYKJ7GRWMX37AKTY,27.563501,77.662830,47a0241e-3501-42b8-84f4-4d7ec82a2a01,"",normal,form,2025-08-11 08:07:23.42,,t,2025-08-11 08:07:33.843819,2025-08-11 08:07:28.229,2025-08-11 08:07:34.267039,,967e785d-d83c-490b-8d6a-2ed926c956ac,238549724,
113704919,bf996092-8d66-408a-8d8e-5065ca3330c2,967e785d-d83c-490b-8d6a-2ed926c956ac,20250811_133827_photo,0,"",,,VYKJ7GRWMX37AKTY,,VYKJ7GRWMX37AKTY,27.563833,77.661991,f0dde568-2495-4d89-8824-b48475e9ff42,"",normal,form,2025-08-11 08:08:27.308,,t,2025-08-11 08:08:54.726352,2025-08-11 08:08:42.903,2025-08-11 08:08:55.201832,,967e785d-d83c-490b-8d6a-2ed926c956ac,238549951,
113704977,bf996092-8d66-408a-8d8e-5065ca3330c2,967e785d-d83c-490b-8d6a-2ed926c956ac,Screenshot_20250811-133923.ACC.png,0,"",,,VYKJ7GRWMX37AKTY,,VYKJ7GRWMX37AKTY,,,63db25a2-9182-4ce0-a44b-bcb62338698a,"",normal,form,,,t,2025-08-11 08:10:07.999428,2025-08-11 08:09:56.828,2025-08-11 08:10:08.476646,,967e785d-d83c-490b-8d6a-2ed926c956ac,238550056,
113704990,bf996092-8d66-408a-8d8e-5065ca3330c2,967e785d-d83c-490b-8d6a-2ed926c956ac,Screenshot_20250811-133923.ACC.png,0,"",,,VYKJ7GRWMX37AKTY,,VYKJ7GRWMX37AKTY,,,6e769e75-887b-443f-a5f2-795a1f79d7f2,"",normal,form,,,t,2025-08-11 08:10:31.135954,2025-08-11 08:10:21.507,2025-08-11 08:10:31.685145,,967e785d-d83c-490b-8d6a-2ed926c956ac,238550105,
113704999,bf996092-8d66-408a-8d8e-5065ca3330c2,967e785d-d83c-490b-8d6a-2ed926c956ac,Screenshot_20250811-133923.ACC.png,0,"",,,VYKJ7GRWMX37AKTY,,VYKJ7GRWMX37AKTY,,,281a8c7a-79f1-46cb-9967-cac5eefdb2d5,"",normal,form,,,t,2025-08-11 08:10:55.343711,2025-08-11 08:10:45.088,2025-08-11 08:10:55.844351,,967e785d-d83c-490b-8d6a-2ed926c956ac,238550118,
113705017,bf996092-8d66-408a-8d8e-5065ca3330c2,967e785d-d83c-490b-8d6a-2ed926c956ac,Screenshot_20250811-133923.ACC.png,0,"",,,VYKJ7GRWMX37AKTY,,VYKJ7GRWMX37AKTY,,,f0048464-c323-4ee5-87cf-e8ef97fce672,"",normal,form,,,t,2025-08-11 08:11:24.163497,2025-08-11 08:11:15.627,2025-08-11 08:11:24.658916,,967e785d-d83c-490b-8d6a-2ed926c956ac,238550153,
113705173,bf996092-8d66-408a-8d8e-5065ca3330c2,967e785d-d83c-490b-8d6a-2ed926c956ac,Screenshot_20250811-134315.ACC.png,0,"",,,VYKJ7GRWMX37AKTY,,VYKJ7GRWMX37AKTY,,,d3c46a45-ee30-4a54-b70a-b7af5ef9055a,"",normal,form,,,t,2025-08-11 08:15:23.386017,2025-08-11 08:15:15.049,2025-08-11 08:15:23.871236,,967e785d-d83c-490b-8d6a-2ed926c956ac,238550456,
113705201,bf996092-8d66-408a-8d8e-5065ca3330c2,967e785d-d83c-490b-8d6a-2ed926c956ac,Screenshot_20250811-134315.ACC.png,0,"",,,VYKJ7GRWMX37AKTY,,VYKJ7GRWMX37AKTY,,,ccb52d4e-3104-4f23-a085-68083dc25021,"",normal,form,,,t,2025-08-11 08:16:10.417772,2025-08-11 08:16:03.474,2025-08-11 08:16:10.908991,,967e785d-d83c-490b-8d6a-2ed926c956ac,238550542,
113705262,bf996092-8d66-408a-8d8e-5065ca3330c2,967e785d-d83c-490b-8d6a-2ed926c956ac,Screenshot_20250811-134315.ACC.png,0,"",,,VYKJ7GRWMX37AKTY,,VYKJ7GRWMX37AKTY,,,9638cead-5d20-4c22-aca2-50ba52d2a7cb,"",normal,form,,,t,2025-08-11 08:18:08.444134,2025-08-11 08:18:02.264,2025-08-11 08:18:08.928362,,967e785d-d83c-490b-8d6a-2ed926c956ac,238550653,
113705301,bf996092-8d66-408a-8d8e-5065ca3330c2,967e785d-d83c-490b-8d6a-2ed926c956ac,Screenshot_20250811-134315.ACC.png,0,"",,,VYKJ7GRWMX37AKTY,,VYKJ7GRWMX37AKTY,,,004499ad-890e-441c-95ec-6b7f05b9c00c,"",normal,form,,,t,2025-08-11 08:19:25.024955,2025-08-11 08:19:16.729,2025-08-11 08:19:25.543943,,967e785d-d83c-490b-8d6a-2ed926c956ac,238550743,
113705310,bf996092-8d66-408a-8d8e-5065ca3330c2,967e785d-d83c-490b-8d6a-2ed926c956ac,Screenshot_20250811-134315.ACC.png,0,"",,,VYKJ7GRWMX37AKTY,,VYKJ7GRWMX37AKTY,,,72f6c23e-acaf-4b30-a855-004bffd41b06,"",normal,form,,,t,2025-08-11 08:20:01.515045,2025-08-11 08:19:54.426,2025-08-11 08:20:02.003342,,967e785d-d83c-490b-8d6a-2ed926c956ac,238550776,
113705340,bf996092-8d66-408a-8d8e-5065ca3330c2,967e785d-d83c-490b-8d6a-2ed926c956ac,Screenshot_20250811-134315.ACC.png,0,"",,,VYKJ7GRWMX37AKTY,,VYKJ7GRWMX37AKTY,,,197d0927-c429-4270-9b38-07393be2a5a9,"",normal,form,,,t,2025-08-11 08:21:05.109693,2025-08-11 08:20:57.922,2025-08-11 08:21:05.549053,,967e785d-d83c-490b-8d6a-2ed926c956ac,238550830,
113705404,bf996092-8d66-408a-8d8e-5065ca3330c2,967e785d-d83c-490b-8d6a-2ed926c956ac,20250811_135227_photo,0,"",,,VYKJ7GRWMX37AKTY,,VYKJ7GRWMX37AKTY,27.563501,77.662828,b0989a25-1bc7-4491-a486-598e031d9276,"",normal,form,2025-08-11 08:22:27.49,,t,2025-08-11 08:22:39.206913,2025-08-11 08:22:32.241,2025-08-11 08:22:39.69894,,967e785d-d83c-490b-8d6a-2ed926c956ac,238550988,
113705432,bf996092-8d66-408a-8d8e-5065ca3330c2,967e785d-d83c-490b-8d6a-2ed926c956ac,20250811_135350_photo,0,"",,,VYKJ7GRWMX37AKTY,,VYKJ7GRWMX37AKTY,27.563501,77.662826,dfd518ea-8904-45e2-89f8-68ad114dbfbc,"",normal,form,2025-08-11 08:23:50.157,,t,2025-08-11 08:24:03.48316,2025-08-11 08:23:58.126,2025-08-11 08:24:03.948888,,967e785d-d83c-490b-8d6a-2ed926c956ac,238551045,
113705456,bf996092-8d66-408a-8d8e-5065ca3330c2,967e785d-d83c-490b-8d6a-2ed926c956ac,20250811_135459_photo,0,"",,,VYKJ7GRWMX37AKTY,,VYKJ7GRWMX37AKTY,27.563501,77.662831,50a5593d-c17c-4559-9987-47b755f09ae8,"",normal,form,2025-08-11 08:24:59.066,,t,2025-08-11 08:25:09.924676,2025-08-11 08:25:03.161,2025-08-11 08:25:10.996698,,967e785d-d83c-490b-8d6a-2ed926c956ac,238551094,
113705504,bf996092-8d66-408a-8d8e-5065ca3330c2,967e785d-d83c-490b-8d6a-2ed926c956ac,20250811_135604_photo,0,"",,,VYKJ7GRWMX37AKTY,,VYKJ7GRWMX37AKTY,27.563499,77.662680,3951e508-f683-4d7f-9b8b-42309d652849,"",normal,form,2025-08-11 08:26:04.295,,t,2025-08-11 08:26:14.83449,2025-08-11 08:26:09.727,2025-08-11 08:26:15.266618,,967e785d-d83c-490b-8d6a-2ed926c956ac,238551201,
113705558,bf996092-8d66-408a-8d8e-5065ca3330c2,967e785d-d83c-490b-8d6a-2ed926c956ac,Screenshot_20250811-135712.ACC.png,0,"",,,VYKJ7GRWMX37AKTY,,VYKJ7GRWMX37AKTY,,,b22256e0-7325-4a36-8eac-9b21318ccec0,"",normal,form,,,t,2025-08-11 08:28:05.699232,2025-08-11 08:27:58.94,2025-08-11 08:28:06.142958,,967e785d-d83c-490b-8d6a-2ed926c956ac,238551310,
113705579,bf996092-8d66-408a-8d8e-5065ca3330c2,967e785d-d83c-490b-8d6a-2ed926c956ac,Screenshot_20250811-135712.ACC.png,0,"",,,VYKJ7GRWMX37AKTY,,VYKJ7GRWMX37AKTY,,,45593aa7-2764-40cc-be32-94c5a455837c,"",normal,form,,,t,2025-08-11 08:28:36.137962,2025-08-11 08:28:31.199,2025-08-11 08:28:36.581437,,967e785d-d83c-490b-8d6a-2ed926c956ac,238551367,
113705601,bf996092-8d66-408a-8d8e-5065ca3330c2,967e785d-d83c-490b-8d6a-2ed926c956ac,Screenshot_20250811-135712.ACC.png,0,"",,,VYKJ7GRWMX37AKTY,,VYKJ7GRWMX37AKTY,,,353db963-19d6-4d7c-9e30-1df729d54ea9,"",normal,form,,,t,2025-08-11 08:29:14.072658,2025-08-11 08:29:09.367,2025-08-11 08:29:14.556371,,967e785d-d83c-490b-8d6a-2ed926c956ac,238551409,
113705623,bf996092-8d66-408a-8d8e-5065ca3330c2,967e785d-d83c-490b-8d6a-2ed926c956ac,Screenshot_20250811-135712.ACC.png,0,"",,,VYKJ7GRWMX37AKTY,,VYKJ7GRWMX37AKTY,,,d7fef047-f56f-4f12-b1cf-725436a1e3e5,"",normal,form,,,t,2025-08-11 08:29:44.854608,2025-08-11 08:29:39.875,2025-08-11 08:29:45.381998,,967e785d-d83c-490b-8d6a-2ed926c956ac,238551463,
113705658,bf996092-8d66-408a-8d8e-5065ca3330c2,967e785d-d83c-490b-8d6a-2ed926c956ac,20250811_140011_photo,0,"",,,VYKJ7GRWMX37AKTY,,VYKJ7GRWMX37AKTY,27.563501,77.662831,0a9e813b-4f58-4ca3-ae6c-3227c087788d,"",normal,form,2025-08-11 08:30:11.429,,t,2025-08-11 08:30:21.213827,2025-08-11 08:30:15.482,2025-08-11 08:30:21.633326,,967e785d-d83c-490b-8d6a-2ed926c956ac,238551525,
113705865,bf996092-8d66-408a-8d8e-5065ca3330c2,967e785d-d83c-490b-8d6a-2ed926c956ac,IMG_20250808_153314010_HDR.jpg,0,"",,,VYKJ7GRWMX37AKTY,,VYKJ7GRWMX37AKTY,,,d10956bd-b858-4bca-b54e-0d1bad567abe,"",normal,form,2025-08-08 10:03:14.33,,t,2025-08-11 08:35:38.775523,2025-08-11 08:35:29.174,2025-08-11 08:35:39.268171,,967e785d-d83c-490b-8d6a-2ed926c956ac,238551947,
113706417,bf996092-8d66-408a-8d8e-5065ca3330c2,967e785d-d83c-490b-8d6a-2ed926c956ac,IMG_20250731_142230201.jpg,0,"",,,VYKJ7GRWMX37AKTY,,VYKJ7GRWMX37AKTY,,,5edefed7-cfe9-4dfc-90f4-c46173dd27fc,"",normal,form,2025-07-31 08:52:31.033,,t,2025-08-11 08:50:31.802892,2025-08-11 08:50:24.178,2025-08-11 08:50:32.209781,,967e785d-d83c-490b-8d6a-2ed926c956ac,238553113,
113706464,bf996092-8d66-408a-8d8e-5065ca3330c2,967e785d-d83c-490b-8d6a-2ed926c956ac,IMG_20250801_105414863.jpg,0,"",,,VYKJ7GRWMX37AKTY,,VYKJ7GRWMX37AKTY,,,fd1b555e-7e76-4bc4-be36-1c2cc3d78689,"",normal,form,2025-08-01 05:24:15.651,,t,2025-08-11 08:51:10.94629,2025-08-11 08:51:06.048,2025-08-11 08:51:11.297676,,967e785d-d83c-490b-8d6a-2ed926c956ac,238553204,
113706501,bf996092-8d66-408a-8d8e-5065ca3330c2,967e785d-d83c-490b-8d6a-2ed926c956ac,20250811_142138_photo,0,"",,,VYKJ7GRWMX37AKTY,,VYKJ7GRWMX37AKTY,27.563501,77.662828,5072480d-a505-4cd5-a762-2fa6fd156145,"",normal,form,2025-08-11 08:51:38.43,,t,2025-08-11 08:51:50.448432,2025-08-11 08:51:43.634,2025-08-11 08:51:50.805676,,967e785d-d83c-490b-8d6a-2ed926c956ac,238553282,
101849124,bf996092-8d66-408a-8d8e-5065ca3330c2,967e785d-d83c-490b-8d6a-2ed926c956ac,WhatsApp Image 2025-06-19 at 4.01.41 PM,222004,"",,,KNL28BHPJJMCM75F,,KNL28BHPJJMCM75F,,,84859c60-0f96-4c7e-881f-b773386a99ee,"",normal,issue,,,t,2025-06-19 10:36:45.496376,2025-06-19 10:36:45.496376,2025-06-19 10:36:50.574648,,967e785d-d83c-490b-8d6a-2ed926c956ac,214605446,
101851809,bf996092-8d66-408a-8d8e-5065ca3330c2,967e785d-d83c-490b-8d6a-2ed926c956ac,IMG-20250618-WA0006.jpg,0,"",,,RQ92XKNVL7KYFP4W,,RQ92XKNVL7KYFP4W,,,2571a872-81d5-4a17-b312-05db7d5bdccf,"",normal,form,,,t,2025-06-19 11:02:43.685872,2025-06-19 11:02:20.833,2025-06-19 11:02:54.444308,,967e785d-d83c-490b-8d6a-2ed926c956ac,214610896,
101851830,bf996092-8d66-408a-8d8e-5065ca3330c2,967e785d-d83c-490b-8d6a-2ed926c956ac,IMG-20250618-WA0005.jpg,0,"",,,RQ92XKNVL7KYFP4W,,RQ92XKNVL7KYFP4W,,,de7b4c83-9347-4193-bd1c-7568777d1d01,"",normal,form,,,t,2025-06-19 11:02:53.927543,2025-06-19 11:02:21.114,2025-06-19 11:02:54.913243,,967e785d-d83c-490b-8d6a-2ed926c956ac,214610902,
101851863,bf996092-8d66-408a-8d8e-5065ca3330c2,967e785d-d83c-490b-8d6a-2ed926c956ac,IMG-20250618-WA0005.jpg,0,"",,,RQ92XKNVL7KYFP4W,,RQ92XKNVL7KYFP4W,,,090c48b6-7132-481e-abc8-3d04b8129641,"",normal,form,,,t,2025-06-19 11:03:10.958364,2025-06-19 11:02:56.713,2025-06-19 11:03:12.539135,,967e785d-d83c-490b-8d6a-2ed926c956ac,214610955,
101852205,bf996092-8d66-408a-8d8e-5065ca3330c2,967e785d-d83c-490b-8d6a-2ed926c956ac,19040101_052110_video,0,"",,,RQ92XKNVL7KYFP4W,,RQ92XKNVL7KYFP4W,,,386b0283-ec0a-44f1-aa70-a42305d396b1,"",video,form,1904-01-01 00:00:00,,t,2025-06-19 11:06:40.100174,2025-06-19 11:05:18.91,2025-06-19 11:06:40.630615,,967e785d-d83c-490b-8d6a-2ed926c956ac,214611568,
101866448,bf996092-8d66-408a-8d8e-5065ca3330c2,967e785d-d83c-490b-8d6a-2ed926c956ac,IMG20250619165652.jpg,0,"",,,RQ92XKNVL7KYFP4W,,RQ92XKNVL7KYFP4W,,,b8fbc920-ec20-4aed-91a1-c0dd88e84109,"",normal,form,2025-06-19 11:26:52.491,,t,2025-06-19 12:17:18.305215,2025-06-19 12:16:23.032,2025-06-19 12:17:18.862276,,967e785d-d83c-490b-8d6a-2ed926c956ac,214640798,
101872821,bf996092-8d66-408a-8d8e-5065ca3330c2,967e785d-d83c-490b-8d6a-2ed926c956ac,IMG20250619165507.jpg,0,"",,,RQ92XKNVL7KYFP4W,,RQ92XKNVL7KYFP4W,,,2cec84ed-eb4e-4e5b-950b-4b5da540fda4,"",normal,form,2025-06-19 11:25:07.369,,t,2025-06-19 12:40:46.337125,2025-06-19 12:40:33.741,2025-06-19 12:40:56.930448,,967e785d-d83c-490b-8d6a-2ed926c956ac,214653972,
101872857,bf996092-8d66-408a-8d8e-5065ca3330c2,967e785d-d83c-490b-8d6a-2ed926c956ac,19040101_052110_video,0,"",,,RQ92XKNVL7KYFP4W,,RQ92XKNVL7KYFP4W,,,7efe1d08-f0f2-4d1c-8ffb-350e78fba097,"",video,form,1904-01-01 00:00:00,,t,2025-06-19 12:40:56.375025,2025-06-19 12:40:34.22,2025-06-19 12:40:57.458059,,967e785d-d83c-490b-8d6a-2ed926c956ac,214653977,
101875597,bf996092-8d66-408a-8d8e-5065ca3330c2,967e785d-d83c-490b-8d6a-2ed926c956ac,IMG20250619165617.jpg,0,"",,,RQ92XKNVL7KYFP4W,,RQ92XKNVL7KYFP4W,,,c49fa433-824f-417d-b711-0382a57fd477,"",normal,form,2025-06-19 11:26:17.427,,t,2025-06-19 12:50:45.519517,2025-06-19 12:50:24.068,2025-06-19 12:50:46.361422,,967e785d-d83c-490b-8d6a-2ed926c956ac,214659274,
102109394,bf996092-8d66-408a-8d8e-5065ca3330c2,967e785d-d83c-490b-8d6a-2ed926c956ac,IMG_20250620_170647.jpg,0,"",,,VYKJ7GRWMX37AKTY,,VYKJ7GRWMX37AKTY,,,0ed33d1b-dea1-4551-87f6-f60354af5a9f,"",normal,form,,,t,2025-06-20 11:42:54.134071,2025-06-20 11:42:48.794,2025-06-20 11:42:54.597594,,967e785d-d83c-490b-8d6a-2ed926c956ac,215142132,
102109848,bf996092-8d66-408a-8d8e-5065ca3330c2,967e785d-d83c-490b-8d6a-2ed926c956ac,IMG-20250612-WA0021.jpg,0,"",,,RQ92XKNVL7KYFP4W,,RQ92XKNVL7KYFP4W,,,1d48a5f3-345e-4477-b4a3-c8c24adbfd09,"",normal,form,,,t,2025-06-20 11:45:26.473581,2025-06-20 11:45:19.058,2025-06-20 11:45:31.464146,,967e785d-d83c-490b-8d6a-2ed926c956ac,215143059,
102109859,bf996092-8d66-408a-8d8e-5065ca3330c2,967e785d-d83c-490b-8d6a-2ed926c956ac,IMG-20250612-WA0020.jpg,0,"",,,RQ92XKNVL7KYFP4W,,RQ92XKNVL7KYFP4W,,,f5490c77-8ca1-454f-b2a9-2c2e59871759,"",normal,form,,,t,2025-06-20 11:45:30.911852,2025-06-20 11:45:19.316,2025-06-20 11:45:31.858841,,967e785d-d83c-490b-8d6a-2ed926c956ac,215143061,
102111865,bf996092-8d66-408a-8d8e-5065ca3330c2,967e785d-d83c-490b-8d6a-2ed926c956ac,IMG_20250620_172606.jpg,0,"",,,VYKJ7GRWMX37AKTY,,VYKJ7GRWMX37AKTY,,,36b07a55-6b2b-4daa-a7e9-50f5888df605,"",normal,form,,,t,2025-06-20 11:56:27.043334,2025-06-20 11:56:19.089,2025-06-20 11:56:27.647076,,967e785d-d83c-490b-8d6a-2ed926c956ac,215147456,
102111994,bf996092-8d66-408a-8d8e-5065ca3330c2,967e785d-d83c-490b-8d6a-2ed926c956ac,IMG_20250620_120002_1.jpg,0,"",,,VYKJ7GRWMX37AKTY,,VYKJ7GRWMX37AKTY,,,8e828829-71a1-469a-af4b-b8053bca5500,"",normal,form,2025-06-20 06:30:02.35,,t,2025-06-20 11:57:23.424698,2025-06-20 11:57:11.488,2025-06-20 11:57:24.271744,,967e785d-d83c-490b-8d6a-2ed926c956ac,215147718,
102112176,bf996092-8d66-408a-8d8e-5065ca3330c2,967e785d-d83c-490b-8d6a-2ed926c956ac,IMG_20250620_120032_1.jpg,0,"",,,VYKJ7GRWMX37AKTY,,VYKJ7GRWMX37AKTY,,,0b42ab97-cb0a-414f-a7d3-d92a98ad7aa2,"",normal,form,2025-06-20 06:30:32.37,,t,2025-06-20 11:58:23.54934,2025-06-20 11:58:04.583,2025-06-20 11:58:24.206666,,967e785d-d83c-490b-8d6a-2ed926c956ac,215148163,
102112800,bf996092-8d66-408a-8d8e-5065ca3330c2,967e785d-d83c-490b-8d6a-2ed926c956ac,20250619_085843_video,0,"",,,VYKJ7GRWMX37AKTY,,VYKJ7GRWMX37AKTY,,,a67307cd-35d8-4459-9367-767dc4518132,"",video,form,2025-06-19 03:28:43,,t,2025-06-20 12:01:18.921448,2025-06-20 12:00:10.497,2025-06-20 12:01:19.595768,,967e785d-d83c-490b-8d6a-2ed926c956ac,215149457,
102112899,bf996092-8d66-408a-8d8e-5065ca3330c2,967e785d-d83c-490b-8d6a-2ed926c956ac,IMG_20250620_115959.jpg,0,"",,,VYKJ7GRWMX37AKTY,,VYKJ7GRWMX37AKTY,,,55e03bbb-d281-4a5c-a036-ac02d7750511,"",normal,form,2025-06-20 06:29:59.31,,t,2025-06-20 12:01:33.648894,2025-06-20 12:00:36.574,2025-06-20 12:01:34.281322,,967e785d-d83c-490b-8d6a-2ed926c956ac,215149659,
102112990,bf996092-8d66-408a-8d8e-5065ca3330c2,967e785d-d83c-490b-8d6a-2ed926c956ac,IMG_20250620_105449.jpg,0,"",,,VYKJ7GRWMX37AKTY,,VYKJ7GRWMX37AKTY,,,77994378-4173-43db-b6d5-61c8112a3e51,"",normal,form,2025-06-20 05:24:49.37,,t,2025-06-20 12:01:52.515551,2025-06-20 12:00:58.293,2025-06-20 12:01:53.624008,,967e785d-d83c-490b-8d6a-2ed926c956ac,215149838,
102115700,bf996092-8d66-408a-8d8e-5065ca3330c2,967e785d-d83c-490b-8d6a-2ed926c956ac,IMG_20250620_174301.jpg,0,"",,,VYKJ7GRWMX37AKTY,,VYKJ7GRWMX37AKTY,,,6cbba3d1-3450-414d-9746-1e48d65c0f74,"",normal,form,,,t,2025-06-20 12:13:29.588304,2025-06-20 12:13:21.959,2025-06-20 12:13:30.11117,,967e785d-d83c-490b-8d6a-2ed926c956ac,215155431,
102308604,bf996092-8d66-408a-8d8e-5065ca3330c2,967e785d-d83c-490b-8d6a-2ed926c956ac,IMG_20250621_170941.jpg,0,"",,,VYKJ7GRWMX37AKTY,,VYKJ7GRWMX37AKTY,,,b86d1f0f-f114-494d-a657-b6bd7747c725,"",normal,form,,,t,2025-06-21 11:41:45.617595,2025-06-21 11:41:39.015,2025-06-21 11:41:46.149948,,967e785d-d83c-490b-8d6a-2ed926c956ac,215543125,
102308953,bf996092-8d66-408a-8d8e-5065ca3330c2,967e785d-d83c-490b-8d6a-2ed926c956ac,IMG_20250621_170929.jpg,0,"",,,VYKJ7GRWMX37AKTY,,VYKJ7GRWMX37AKTY,,,7f721782-5963-42cb-8e07-48f486588e3d,"",normal,form,,,t,2025-06-21 11:46:14.088348,2025-06-21 11:46:09.32,2025-06-21 11:46:14.52092,,967e785d-d83c-490b-8d6a-2ed926c956ac,215543725,
102309074,bf996092-8d66-408a-8d8e-5065ca3330c2,967e785d-d83c-490b-8d6a-2ed926c956ac,IMG_20250621_170941.jpg,0,"",,,VYKJ7GRWMX37AKTY,,VYKJ7GRWMX37AKTY,,,6df76dae-521e-403b-9a52-422d488ac224,"",normal,form,,,t,2025-06-21 11:48:01.740491,2025-06-21 11:47:58.019,2025-06-21 11:48:05.814476,,967e785d-d83c-490b-8d6a-2ed926c956ac,215543927,
102309078,bf996092-8d66-408a-8d8e-5065ca3330c2,967e785d-d83c-490b-8d6a-2ed926c956ac,IMG_20250621_170929.jpg,0,"",,,VYKJ7GRWMX37AKTY,,VYKJ7GRWMX37AKTY,,,06755a4b-8ad2-4571-b7bf-d15740241613,"",normal,form,,,t,2025-06-21 11:48:05.30461,2025-06-21 11:47:58.256,2025-06-21 11:48:06.282337,,967e785d-d83c-490b-8d6a-2ed926c956ac,215543929,
102314301,bf996092-8d66-408a-8d8e-5065ca3330c2,f679f4cf-c089-4a2b-9b84-b14129630601,20250621_183438_photo,0,"",,,3TSJN3BRN9YVX2DX,,3TSJN3BRN9YVX2DX,28.669344,77.430975,e7ae2153-245b-4b81-b247-011debc1b642,"",normal,gallery,2025-06-21 13:04:38.958,,t,2025-06-21 13:04:43.300203,2025-06-21 13:04:38.867,2025-07-18 05:56:53.260064,,f679f4cf-c089-4a2b-9b84-b14129630601,227848383,
100974485,bf996092-8d66-408a-8d8e-5065ca3330c2,f679f4cf-c089-4a2b-9b84-b14129630601,20250615_183917_photo,0,"",,,3TSJN3BRN9YVX2DX,,3TSJN3BRN9YVX2DX,28.669250,77.431633,a77968a4-0a30-4ca1-bd65-7007c472bba0,"",normal,gallery,2025-06-15 13:09:17.561,,t,2025-06-15 13:09:22.031859,2025-06-15 13:09:17.456,2025-06-22 04:42:27.97724,,f679f4cf-c089-4a2b-9b84-b14129630601,215757353,
86788928,bf996092-8d66-408a-8d8e-5065ca3330c2,77d5fb8c-5d83-4fa8-8c81-169306f7a8f7,20250403_150730_photo,0,"",,,U3F2BJBAPUR25GG2,,U3F2BJBAPUR25GG2,,,a6f0057d-3dfa-45fb-aef0-8dfb37d6e89a,"",normal,gallery,2025-04-03 09:37:30.343,,t,2025-04-03 09:38:01.898334,2025-04-03 09:37:54.381,2025-04-03 09:38:01.898334,,77d5fb8c-5d83-4fa8-8c81-169306f7a8f7,183472966,
93443313,bf996092-8d66-408a-8d8e-5065ca3330c2,ada6015d-9fce-4f2c-b20f-fc9122d2face,20250506_132141_photo,0,"",,,MJU2FLVXJAQLGRH7,,MJU2FLVXJAQLGRH7,,,99d06d16-65bb-48a0-ad04-8dc54caf6587,"",normal,issue,2025-05-06 07:51:41.42,,t,2025-05-06 07:49:56.519194,2025-05-06 07:51:57.241,2025-05-06 07:49:56.939639,,ada6015d-9fce-4f2c-b20f-fc9122d2face,197253764,
93452084,bf996092-8d66-408a-8d8e-5065ca3330c2,967e785d-d83c-490b-8d6a-2ed926c956ac,20250506_153058_photo,0,"",,,RQ92XKNVL7KYFP4W,,RQ92XKNVL7KYFP4W,,,25feafc4-a1d6-4772-9693-39c2585e784d,"",normal,form,2025-05-06 10:00:39,,t,2025-05-06 10:01:06.551702,2025-05-06 10:00:58.068,2025-05-06 10:01:37.889549,,967e785d-d83c-490b-8d6a-2ed926c956ac,197273506,
93452094,bf996092-8d66-408a-8d8e-5065ca3330c2,967e785d-d83c-490b-8d6a-2ed926c956ac,20250506_153058_photo,0,"",,,RQ92XKNVL7KYFP4W,,RQ92XKNVL7KYFP4W,,,7c4a712c-0c3d-44ab-993c-9bcafae23047,"",normal,form,2025-05-06 10:00:49,,t,2025-05-06 10:01:37.065842,2025-05-06 10:00:58.38,2025-05-06 10:01:38.29543,,967e785d-d83c-490b-8d6a-2ed926c956ac,197273510,
93452242,bf996092-8d66-408a-8d8e-5065ca3330c2,967e785d-d83c-490b-8d6a-2ed926c956ac,20250506_153324_photo,0,"",,,RQ92XKNVL7KYFP4W,,RQ92XKNVL7KYFP4W,,,3ac65b14-91c9-4cdd-a54f-40a9979e1a1b,"",normal,form,2025-05-06 10:03:16,,t,2025-05-06 10:03:30.516878,2025-05-06 10:03:24.781,2025-05-06 10:03:31.124854,,967e785d-d83c-490b-8d6a-2ed926c956ac,197273800,
93454725,bf996092-8d66-408a-8d8e-5065ca3330c2,967e785d-d83c-490b-8d6a-2ed926c956ac,20250506_155814_photo,0,"",,,MWZJGXW9MEMP2RFR,,MWZJGXW9MEMP2RFR,27.563628,77.662708,d117980f-e498-4282-af86-9b0e05065825,"",normal,form,2025-05-06 10:28:02,,t,2025-05-06 10:28:37.385774,2025-05-06 10:28:14.868,2025-05-06 10:28:38.330946,,967e785d-d83c-490b-8d6a-2ed926c956ac,197279224,
93455050,bf996092-8d66-408a-8d8e-5065ca3330c2,967e785d-d83c-490b-8d6a-2ed926c956ac,20250506_160150_photo,0,"",,,RQ92XKNVL7KYFP4W,,RQ92XKNVL7KYFP4W,,,8c6c0d69-651d-428b-9713-6e1a6a06e118,"",normal,form,2025-05-06 10:31:44,,t,2025-05-06 10:31:59.011678,2025-05-06 10:31:50.236,2025-05-06 10:32:05.812277,,967e785d-d83c-490b-8d6a-2ed926c956ac,197279932,
93455055,bf996092-8d66-408a-8d8e-5065ca3330c2,967e785d-d83c-490b-8d6a-2ed926c956ac,20250506_160150_photo,0,"",,,RQ92XKNVL7KYFP4W,,RQ92XKNVL7KYFP4W,,,a094222c-1854-41ee-8985-2fe1493e9eed,"",normal,form,2025-05-06 10:31:46,,t,2025-05-06 10:32:05.310509,2025-05-06 10:31:50.54,2025-05-06 10:32:06.272276,,967e785d-d83c-490b-8d6a-2ed926c956ac,197279935,
93455146,bf996092-8d66-408a-8d8e-5065ca3330c2,967e785d-d83c-490b-8d6a-2ed926c956ac,20250506_160244_photo,0,"",,,DQ72WAMCK3PT3T58,,DQ72WAMCK3PT3T58,27.563497,77.662738,0ebcbb76-9832-47dc-a4b5-aa73471636c1,"",normal,issue,2025-05-06 10:32:44.105,,t,2025-05-06 10:32:59.943606,2025-05-06 10:32:48.914,2025-05-06 10:33:00.558174,,967e785d-d83c-490b-8d6a-2ed926c956ac,197280114,
93455282,bf996092-8d66-408a-8d8e-5065ca3330c2,967e785d-d83c-490b-8d6a-2ed926c956ac,20250506_160345_photo,0,"",,,DQ72WAMCK3PT3T58,,DQ72WAMCK3PT3T58,27.563428,77.662866,2cb9fedd-6e3f-4b26-98f1-781cc4c3db97,"",normal,issue,2025-05-06 10:33:45.636,,t,2025-05-06 10:34:00.097118,2025-05-06 10:33:50.152,2025-05-06 10:34:00.672109,,967e785d-d83c-490b-8d6a-2ed926c956ac,197280363,
93455373,bf996092-8d66-408a-8d8e-5065ca3330c2,967e785d-d83c-490b-8d6a-2ed926c956ac,20250506_160421_photo,0,"",,,MWZJGXW9MEMP2RFR,,MWZJGXW9MEMP2RFR,27.563245,77.663192,422c3bdc-5690-4da0-9c3d-84887e4086de,"",normal,form,2025-05-06 10:34:13,,t,2025-05-06 10:34:33.954591,2025-05-06 10:34:21.098,2025-05-06 10:34:34.527483,,967e785d-d83c-490b-8d6a-2ed926c956ac,197280549,
93458734,bf996092-8d66-408a-8d8e-5065ca3330c2,967e785d-d83c-490b-8d6a-2ed926c956ac,20250506_163409_photo,0,"",,,RQ92XKNVL7KYFP4W,,RQ92XKNVL7KYFP4W,,,10e7f605-9ddd-4f7e-9cc9-8c16ca6c4ffe,"",normal,form,2025-05-06 11:04:03,,t,2025-05-06 11:05:58.676802,2025-05-06 11:04:09.504,2025-05-06 11:05:59.240746,,967e785d-d83c-490b-8d6a-2ed926c956ac,197287674,
93458762,bf996092-8d66-408a-8d8e-5065ca3330c2,967e785d-d83c-490b-8d6a-2ed926c956ac,20250506_163538_photo,0,"",,,RQ92XKNVL7KYFP4W,,RQ92XKNVL7KYFP4W,,,9a39fd86-8873-4098-9145-a6b31a9e56ae,"",normal,form,2025-05-06 11:05:32,,t,2025-05-06 11:06:09.569537,2025-05-06 11:05:38.37,2025-05-06 11:06:10.198841,,967e785d-d83c-490b-8d6a-2ed926c956ac,197287736,
93459237,bf996092-8d66-408a-8d8e-5065ca3330c2,967e785d-d83c-490b-8d6a-2ed926c956ac,20250506_163945_photo,0,"",,,RQ92XKNVL7KYFP4W,,RQ92XKNVL7KYFP4W,,,65859de2-6d9d-490a-82be-1e03832f1e78,"",normal,form,2025-05-06 11:09:37,,t,2025-05-06 11:09:50.490816,2025-05-06 11:09:45.193,2025-05-06 11:09:50.964622,,967e785d-d83c-490b-8d6a-2ed926c956ac,197288736,
114231263,bf996092-8d66-408a-8d8e-5065ca3330c2,f6ab14eb-1a66-4ea5-8a0f-0afbda444403,WhatsApp Image 2025-08-03 at 11.12.50 AM,196745,"",,,4UJ23BUBLD77JPG2,,4UJ23BUBLD77JPG2,,,ffb88d64-9bbd-402a-be78-93664fa803cc,"",normal,gallery,,,t,2025-08-13 10:26:55.352859,2025-08-13 10:26:55.352859,2025-08-13 10:26:55.352859,,f6ab14eb-1a66-4ea5-8a0f-0afbda444403,239607797,
114232084,bf996092-8d66-408a-8d8e-5065ca3330c2,f6ab14eb-1a66-4ea5-8a0f-0afbda444403,3d61588b-3a22-4292-ab0a-94edc35b32c8,1240855,"",,,4UJ23BUBLD77JPG2,,4UJ23BUBLD77JPG2,,,1a605598-7a79-416d-a78f-7e1127450eb1,"",normal,rfi,,,f,2025-08-13 10:35:59.654801,2025-08-13 10:35:59.654801,2025-08-13 10:36:17.511665,,f6ab14eb-1a66-4ea5-8a0f-0afbda444403,239608007,
93461289,bf996092-8d66-408a-8d8e-5065ca3330c2,967e785d-d83c-490b-8d6a-2ed926c956ac,20250506_165348_photo,0,"",,,EG32WDYGKFZYZ24Q,,EG32WDYGKFZYZ24Q,27.563234,77.663355,431ccc99-ed7d-4096-affd-02a0221af63c,"",normal,form,2025-05-06 11:23:48.223,,t,2025-05-06 11:24:12.385597,2025-05-06 11:23:57.731,2025-05-06 11:24:12.831162,,967e785d-d83c-490b-8d6a-2ed926c956ac,197292936,
93461477,bf996092-8d66-408a-8d8e-5065ca3330c2,967e785d-d83c-490b-8d6a-2ed926c956ac,20250506_165511_photo,0,"",,,EG32WDYGKFZYZ24Q,,EG32WDYGKFZYZ24Q,27.563308,77.663296,77e22b64-5501-4049-b7b3-d1b34b72a9e0,"",normal,form,2025-05-06 11:25:11.467,,t,2025-05-06 11:25:35.299107,2025-05-06 11:25:17.965,2025-05-06 11:25:35.794079,,967e785d-d83c-490b-8d6a-2ed926c956ac,197293294,
93461645,bf996092-8d66-408a-8d8e-5065ca3330c2,967e785d-d83c-490b-8d6a-2ed926c956ac,20250506_165606_photo,0,"",,,EG32WDYGKFZYZ24Q,,EG32WDYGKFZYZ24Q,27.563086,77.663640,31997851-5283-4df5-8e32-f1cd7bb0002c,"",normal,form,2025-05-06 11:26:06.883,,t,2025-05-06 11:26:27.945986,2025-05-06 11:26:15.303,2025-05-06 11:26:28.382617,,967e785d-d83c-490b-8d6a-2ed926c956ac,197293653,
114232195,bf996092-8d66-408a-8d8e-5065ca3330c2,f679f4cf-c089-4a2b-9b84-b14129630601,7b13359d-71b4-45fa-ab6c-ea15554a2583,0,"",,,3TSJN3BRN9YVX2DX,,3TSJN3BRN9YVX2DX,,,4dcbc9e9-2c8e-4e88-97e3-64cbcf2e2ad8,"",normal,gallery,2025-08-13 10:36:45.924,,t,2025-08-13 10:37:06.471009,2025-08-13 10:36:45.874,2025-08-13 10:37:46.167407,,f679f4cf-c089-4a2b-9b84-b14129630601,239608397,
93461975,bf996092-8d66-408a-8d8e-5065ca3330c2,967e785d-d83c-490b-8d6a-2ed926c956ac,20250506_165807_photo,0,"",,,EG32WDYGKFZYZ24Q,,EG32WDYGKFZYZ24Q,27.563497,77.662738,0cc6ca55-4f6b-457b-a4a4-5903c794e5ec,"",normal,form,2025-05-06 11:28:07.46,,t,2025-05-06 11:28:38.884119,2025-05-06 11:28:16.086,2025-05-06 11:28:39.683058,,967e785d-d83c-490b-8d6a-2ed926c956ac,197294352,
93462010,bf996092-8d66-408a-8d8e-5065ca3330c2,967e785d-d83c-490b-8d6a-2ed926c956ac,20250506_165845_photo,0,"",,,RQ92XKNVL7KYFP4W,,RQ92XKNVL7KYFP4W,,,7f9d66b3-f156-4635-b818-777509eb6586,"",normal,form,2025-05-06 11:28:40,,t,2025-05-06 11:28:53.253764,2025-05-06 11:28:45.669,2025-05-06 11:28:53.755989,,967e785d-d83c-490b-8d6a-2ed926c956ac,197294420,
93462486,bf996092-8d66-408a-8d8e-5065ca3330c2,967e785d-d83c-490b-8d6a-2ed926c956ac,20250506_170125_photo,0,"",,,MWZJGXW9MEMP2RFR,,MWZJGXW9MEMP2RFR,27.563046,77.663402,9ff7ce3f-5c30-4f4b-b73b-264e70618cce,"",normal,form,2025-05-06 11:30:56,,t,2025-05-06 11:31:33.730052,2025-05-06 11:31:25.859,2025-05-06 11:31:34.264817,,967e785d-d83c-490b-8d6a-2ed926c956ac,197295374,
93462831,bf996092-8d66-408a-8d8e-5065ca3330c2,967e785d-d83c-490b-8d6a-2ed926c956ac,20250506_170312_photo,0,"",,,RQ92XKNVL7KYFP4W,,RQ92XKNVL7KYFP4W,,,6d6f3a66-a632-422e-804e-a51e9c48dd30,"",normal,form,2025-05-06 11:32:54,,t,2025-05-06 11:33:20.719251,2025-05-06 11:33:12.499,2025-05-06 11:33:27.416179,,967e785d-d83c-490b-8d6a-2ed926c956ac,197296087,
93462845,bf996092-8d66-408a-8d8e-5065ca3330c2,967e785d-d83c-490b-8d6a-2ed926c956ac,20250506_170312_photo,0,"",,,RQ92XKNVL7KYFP4W,,RQ92XKNVL7KYFP4W,,,45e54cc7-8959-4908-b131-af6685ba0aae,"",normal,form,2025-05-06 11:33:07,,t,2025-05-06 11:33:26.919335,2025-05-06 11:33:12.786,2025-05-06 11:33:27.819575,,967e785d-d83c-490b-8d6a-2ed926c956ac,197296091,
93463362,bf996092-8d66-408a-8d8e-5065ca3330c2,967e785d-d83c-490b-8d6a-2ed926c956ac,20250506_170617_photo,0,"",,,VYKJ7GRWMX37AKTY,,VYKJ7GRWMX37AKTY,27.563418,77.663213,ed4dc7b4-e45e-4fa1-ae6e-ce85d71eaec0,"",normal,form,2025-05-06 11:36:17.39,,t,2025-05-06 11:36:33.098085,2025-05-06 11:36:29.063,2025-05-06 11:36:33.793333,,967e785d-d83c-490b-8d6a-2ed926c956ac,197297160,
93464473,bf996092-8d66-408a-8d8e-5065ca3330c2,967e785d-d83c-490b-8d6a-2ed926c956ac,20250506_171217_photo,0,"",,,VYKJ7GRWMX37AKTY,,VYKJ7GRWMX37AKTY,27.563168,77.663228,320d12aa-35c4-4431-8414-3e6e51fc0c2e,"",normal,form,2025-05-06 11:42:17.21,,t,2025-05-06 11:42:34.965369,2025-05-06 11:42:27.307,2025-05-06 11:42:35.698877,,967e785d-d83c-490b-8d6a-2ed926c956ac,197299560,
93464478,bf996092-8d66-408a-8d8e-5065ca3330c2,967e785d-d83c-490b-8d6a-2ed926c956ac,20250506_171230_photo,0,"",,,MWZJGXW9MEMP2RFR,,MWZJGXW9MEMP2RFR,27.563646,77.663345,0e6a95a2-bd17-4ff3-8522-9ead84024e4a,"",normal,form,2025-05-06 11:42:21,,t,2025-05-06 11:42:37.739448,2025-05-06 11:42:30.55,2025-05-06 11:42:38.269899,,967e785d-d83c-490b-8d6a-2ed926c956ac,197299574,
102676969,bf996092-8d66-408a-8d8e-5065ca3330c2,967e785d-d83c-490b-8d6a-2ed926c956ac,Screenshot_2025-06-23-09-25-12-562_com.whatsapp.jpg,0,"",,,VYKJ7GRWMX37AKTY,,VYKJ7GRWMX37AKTY,,,fc0e035b-ddfa-4d6a-b4a2-bb3fe1c3a7c9,"",normal,form,,,t,2025-06-23 13:49:43.265383,2025-06-23 13:49:39.786,2025-06-23 13:49:43.897936,,967e785d-d83c-490b-8d6a-2ed926c956ac,216300388,
102677443,bf996092-8d66-408a-8d8e-5065ca3330c2,967e785d-d83c-490b-8d6a-2ed926c956ac,IMG_20250623_092612.jpg,0,"",,,VYKJ7GRWMX37AKTY,,VYKJ7GRWMX37AKTY,,,e273ed71-478c-4e08-8d8b-8cdc1040606c,"",normal,form,2025-06-23 03:56:12.26,,t,2025-06-23 13:50:53.582721,2025-06-23 13:50:49.885,2025-06-23 13:50:54.171938,,967e785d-d83c-490b-8d6a-2ed926c956ac,216301352,
93485885,bf996092-8d66-408a-8d8e-5065ca3330c2,967e785d-d83c-490b-8d6a-2ed926c956ac,20250506_184316_photo,0,"",,,U8Q2F3P4M3PWWQXF,,U8Q2F3P4M3PWWQXF,27.563479,77.662832,0d822f42-3b3a-426c-8baa-02f51011db13,"",normal,form,2025-05-06 13:13:16.837,,t,2025-05-06 13:13:34.28737,2025-05-06 13:13:27.628,2025-05-06 13:13:34.829808,,967e785d-d83c-490b-8d6a-2ed926c956ac,197343599,
114248959,bf996092-8d66-408a-8d8e-5065ca3330c2,f6ab14eb-1a66-4ea5-8a0f-0afbda444403,cfde543e-2a01-46bd-a011-34ae9bd79ae1,222427,"",,,4UJ23BUBLD77JPG2,,4UJ23BUBLD77JPG2,,,ca29009a-ea53-47aa-ba5c-5fcbf9f181b9,"",normal,rfi,,,f,2025-08-13 12:17:31.297941,2025-08-13 12:17:31.297941,2025-08-13 12:17:44.843908,,f6ab14eb-1a66-4ea5-8a0f-0afbda444403,239641181,
114255162,bf996092-8d66-408a-8d8e-5065ca3330c2,f6ab14eb-1a66-4ea5-8a0f-0afbda444403,2773a666-21e8-495a-b1e0-e03c37a3242a,869161,"",,,4UJ23BUBLD77JPG2,,4UJ23BUBLD77JPG2,,,acce44dd-c8f9-4265-a718-fe8878bd286d,"",normal,rfi,,,f,2025-08-13 12:37:53.147383,2025-08-13 12:37:53.147383,2025-08-13 12:38:34.610973,,f6ab14eb-1a66-4ea5-8a0f-0afbda444403,239653992,
114256015,bf996092-8d66-408a-8d8e-5065ca3330c2,f6ab14eb-1a66-4ea5-8a0f-0afbda444403,3887da21-1344-482e-95b3-1c8bc4f0f7dc,998290,"",,,4UJ23BUBLD77JPG2,,4UJ23BUBLD77JPG2,,,55decd29-039d-463a-997d-adad5186789e,"",normal,rfi,,,f,2025-08-13 12:40:57.801691,2025-08-13 12:40:57.801691,2025-08-13 12:41:02.654893,,f6ab14eb-1a66-4ea5-8a0f-0afbda444403,239655400,
93676516,bf996092-8d66-408a-8d8e-5065ca3330c2,ada6015d-9fce-4f2c-b20f-fc9122d2face,20250507_122155_photo,0,"",,,WK7J3NJWMTCK9UWQ,,WK7J3NJWMTCK9UWQ,,,abe28498-1352-4129-b529-2517e34c083f,"",normal,issue,2025-05-07 12:21:48,,t,2025-05-07 06:52:01.980705,2025-05-07 06:51:55.799,2025-05-07 06:52:07.649985,,ada6015d-9fce-4f2c-b20f-fc9122d2face,197727199,
93676520,bf996092-8d66-408a-8d8e-5065ca3330c2,ada6015d-9fce-4f2c-b20f-fc9122d2face,20250507_122155_photo,0,"",,,WK7J3NJWMTCK9UWQ,,WK7J3NJWMTCK9UWQ,,,d2185f35-93dc-4143-be0f-d7f52e03d22f,"",normal,issue,2025-05-07 12:21:49,,t,2025-05-07 06:52:07.043604,2025-05-07 06:51:55.946,2025-05-07 06:52:08.247999,,ada6015d-9fce-4f2c-b20f-fc9122d2face,197727209,
93676640,bf996092-8d66-408a-8d8e-5065ca3330c2,ada6015d-9fce-4f2c-b20f-fc9122d2face,20250507_122427_photo,0,"",,,RQ92XKNVL7KYFP4W,,RQ92XKNVL7KYFP4W,27.563414,77.662810,01cb272e-0478-4263-b691-a70ad7404b42,"",normal,form,2025-05-07 12:24:19,,t,2025-05-07 06:54:33.016543,2025-05-07 06:54:27.557,2025-05-07 06:54:33.596867,,ada6015d-9fce-4f2c-b20f-fc9122d2face,197727487,
93676738,bf996092-8d66-408a-8d8e-5065ca3330c2,ada6015d-9fce-4f2c-b20f-fc9122d2face,20250507_122621_photo,0,"",,,RQ92XKNVL7KYFP4W,,RQ92XKNVL7KYFP4W,27.562889,77.663319,9eea9adc-c5bc-4e39-9aa9-1894c1bb8d24,"",normal,form,2025-05-07 12:26:15,,t,2025-05-07 06:56:26.584875,2025-05-07 06:56:21.595,2025-05-07 06:56:27.141023,,ada6015d-9fce-4f2c-b20f-fc9122d2face,197727714,
93676927,bf996092-8d66-408a-8d8e-5065ca3330c2,ada6015d-9fce-4f2c-b20f-fc9122d2face,20250507_122837_photo,0,"",,,RQ92XKNVL7KYFP4W,,RQ92XKNVL7KYFP4W,27.563489,77.662752,059fafa3-ae29-4696-a68e-56dea10d963e,"",normal,form,2025-05-07 12:28:31,,t,2025-05-07 06:58:41.834928,2025-05-07 06:58:37.572,2025-05-07 06:58:42.27572,,ada6015d-9fce-4f2c-b20f-fc9122d2face,197728110,
93676957,bf996092-8d66-408a-8d8e-5065ca3330c2,ada6015d-9fce-4f2c-b20f-fc9122d2face,20250507_122913_photo,0,"",,,RQ92XKNVL7KYFP4W,,RQ92XKNVL7KYFP4W,27.563491,77.662748,c6c48ec3-e672-47b1-b14a-c035fa03f190,"",normal,form,2025-05-07 12:29:08,,t,2025-05-07 06:59:20.784703,2025-05-07 06:59:13.7,2025-05-07 06:59:21.444562,,ada6015d-9fce-4f2c-b20f-fc9122d2face,197728200,
93677007,bf996092-8d66-408a-8d8e-5065ca3330c2,ada6015d-9fce-4f2c-b20f-fc9122d2face,20250507_123007_photo,0,"",,,RQ92XKNVL7KYFP4W,,RQ92XKNVL7KYFP4W,27.563493,77.662734,7854641a-b52b-40c9-839a-74867912f049,"",normal,form,2025-05-07 12:30:00,,t,2025-05-07 07:00:12.987234,2025-05-07 07:00:07.639,2025-05-07 07:00:13.5254,,ada6015d-9fce-4f2c-b20f-fc9122d2face,197728319,
93677056,bf996092-8d66-408a-8d8e-5065ca3330c2,ada6015d-9fce-4f2c-b20f-fc9122d2face,20250507_123057_photo,0,"",,,RQ92XKNVL7KYFP4W,,RQ92XKNVL7KYFP4W,27.563492,77.662745,3adccf51-5399-45d1-9a3c-373d772b0057,"",normal,form,2025-05-07 12:30:53,,t,2025-05-07 07:01:02.555573,2025-05-07 07:00:57.88,2025-05-07 07:01:03.055898,,ada6015d-9fce-4f2c-b20f-fc9122d2face,197728454,
93677142,bf996092-8d66-408a-8d8e-5065ca3330c2,ada6015d-9fce-4f2c-b20f-fc9122d2face,20250507_123203_photo,0,"",,,RQ92XKNVL7KYFP4W,,RQ92XKNVL7KYFP4W,27.563489,77.662749,d9377f1d-0527-40e5-8426-d96f7b4c8a21,"",normal,form,2025-05-07 12:31:50,,t,2025-05-07 07:02:07.835979,2025-05-07 07:02:03.418,2025-05-07 07:02:11.749099,,ada6015d-9fce-4f2c-b20f-fc9122d2face,197728643,
93677145,bf996092-8d66-408a-8d8e-5065ca3330c2,ada6015d-9fce-4f2c-b20f-fc9122d2face,20250507_123203_photo,0,"",,,RQ92XKNVL7KYFP4W,,RQ92XKNVL7KYFP4W,27.563489,77.662749,29d4fd84-91e9-48cc-b386-0dc3f4966c8e,"",normal,form,2025-05-07 12:31:58,,t,2025-05-07 07:02:11.179254,2025-05-07 07:02:03.556,2025-05-07 07:02:12.249312,,ada6015d-9fce-4f2c-b20f-fc9122d2face,197728658,
93677260,bf996092-8d66-408a-8d8e-5065ca3330c2,ada6015d-9fce-4f2c-b20f-fc9122d2face,20250507_123316_photo,0,"",,,RQ92XKNVL7KYFP4W,,RQ92XKNVL7KYFP4W,27.562890,77.663323,700e7920-b64f-4e0b-946d-36faa282a09e,"",normal,form,2025-05-07 12:33:10,,t,2025-05-07 07:03:20.884663,2025-05-07 07:03:16.485,2025-05-07 07:03:21.458837,,ada6015d-9fce-4f2c-b20f-fc9122d2face,197728874,
93677342,bf996092-8d66-408a-8d8e-5065ca3330c2,ada6015d-9fce-4f2c-b20f-fc9122d2face,20250507_123412_photo,0,"",,,RQ92XKNVL7KYFP4W,,RQ92XKNVL7KYFP4W,27.563491,77.662751,3b4ae786-be25-4eb6-8689-de8b4eb25592,"",normal,form,2025-05-07 12:34:09,,t,2025-05-07 07:04:17.324698,2025-05-07 07:04:12.898,2025-05-07 07:04:17.898554,,ada6015d-9fce-4f2c-b20f-fc9122d2face,197729057,
114281005,bf996092-8d66-408a-8d8e-5065ca3330c2,967e785d-d83c-490b-8d6a-2ed926c956ac,20250813_192259_photo,0,"",,,VYKJ7GRWMX37AKTY,,VYKJ7GRWMX37AKTY,27.563501,77.662829,96ee0de4-d263-43df-bd1e-10b87a991966,"",normal,form,2025-08-13 13:52:59.849,,t,2025-08-13 13:53:21.61468,2025-08-13 13:53:07.006,2025-08-13 13:53:22.124897,,967e785d-d83c-490b-8d6a-2ed926c956ac,239706086,
93677728,bf996092-8d66-408a-8d8e-5065ca3330c2,ada6015d-9fce-4f2c-b20f-fc9122d2face,20250507_123918_photo,0,"",,,MWZJGXW9MEMP2RFR,,MWZJGXW9MEMP2RFR,27.563446,77.662768,6feb37c6-e654-439e-a288-314f6dd195d9,"",normal,form,2025-05-07 12:39:13,,t,2025-05-07 07:09:36.281937,2025-05-07 07:09:18.995,2025-05-07 07:09:36.90586,,ada6015d-9fce-4f2c-b20f-fc9122d2face,197729850,
114281089,bf996092-8d66-408a-8d8e-5065ca3330c2,967e785d-d83c-490b-8d6a-2ed926c956ac,Screenshot_20250813-192227.ACC.png,0,"",,,VYKJ7GRWMX37AKTY,,VYKJ7GRWMX37AKTY,,,a118eccf-1e6a-45e8-b3d5-af8efb07d0a1,"",normal,form,,,t,2025-08-13 13:53:37.505464,2025-08-13 13:53:18.076,2025-08-13 13:53:37.946853,,967e785d-d83c-490b-8d6a-2ed926c956ac,239706240,
93678289,bf996092-8d66-408a-8d8e-5065ca3330c2,ada6015d-9fce-4f2c-b20f-fc9122d2face,20250507_124832_photo,0,"",,,RQ92XKNVL7KYFP4W,,RQ92XKNVL7KYFP4W,27.563493,77.662734,529d7679-1c53-41d6-8819-1c4642eca32a,"",normal,form,2025-05-07 12:48:27,,t,2025-05-07 07:18:42.245959,2025-05-07 07:18:32.921,2025-05-07 07:18:42.827231,,ada6015d-9fce-4f2c-b20f-fc9122d2face,197731130,
114281260,bf996092-8d66-408a-8d8e-5065ca3330c2,967e785d-d83c-490b-8d6a-2ed926c956ac,Screenshot_20250813-192227.ACC.png,0,"",,,VYKJ7GRWMX37AKTY,,VYKJ7GRWMX37AKTY,,,1a70c5f3-0166-4d2d-8c47-351b83f47989,"",normal,form,,,t,2025-08-13 13:54:00.283687,2025-08-13 13:53:48.711,2025-08-13 13:54:00.782444,,967e785d-d83c-490b-8d6a-2ed926c956ac,239706616,
93678965,bf996092-8d66-408a-8d8e-5065ca3330c2,ada6015d-9fce-4f2c-b20f-fc9122d2face,20250507_125922_photo,0,"",,,RQ92XKNVL7KYFP4W,,RQ92XKNVL7KYFP4W,27.563492,77.662742,6fbcfd38-aaed-41b2-8749-fe30eac3ac3e,"",normal,form,2025-05-07 12:59:16,,t,2025-05-07 07:29:33.066651,2025-05-07 07:29:22.372,2025-05-07 07:29:34.109436,,ada6015d-9fce-4f2c-b20f-fc9122d2face,197732658,
93679051,bf996092-8d66-408a-8d8e-5065ca3330c2,ada6015d-9fce-4f2c-b20f-fc9122d2face,20250507_130021_photo,0,"",,,RQ92XKNVL7KYFP4W,,RQ92XKNVL7KYFP4W,27.563477,77.662823,9bff231e-3b80-4b8b-8702-94f05b1ce823,"",normal,form,2025-05-07 13:00:16,,t,2025-05-07 07:30:28.22853,2025-05-07 07:30:21.8,2025-05-07 07:30:28.753993,,ada6015d-9fce-4f2c-b20f-fc9122d2face,197732840,
114281399,bf996092-8d66-408a-8d8e-5065ca3330c2,967e785d-d83c-490b-8d6a-2ed926c956ac,Screenshot_20250813-192227.ACC.png,0,"",,,VYKJ7GRWMX37AKTY,,VYKJ7GRWMX37AKTY,,,354e2538-93d0-439e-8858-330a55225a09,"",normal,form,,,t,2025-08-13 13:54:22.026595,2025-08-13 13:54:12.359,2025-08-13 13:54:22.472208,,967e785d-d83c-490b-8d6a-2ed926c956ac,239706927,
93679293,bf996092-8d66-408a-8d8e-5065ca3330c2,ada6015d-9fce-4f2c-b20f-fc9122d2face,20250507_130415_photo,0,"",,,VYKJ7GRWMX37AKTY,,VYKJ7GRWMX37AKTY,27.563495,77.662745,16929584-fc1e-4551-bd7a-b356b3f72a86,"",normal,form,2025-05-07 07:34:15.57,,t,2025-05-07 07:34:18.247174,2025-05-07 07:34:20.312,2025-05-07 07:34:19.212786,,ada6015d-9fce-4f2c-b20f-fc9122d2face,197733347,
114281587,bf996092-8d66-408a-8d8e-5065ca3330c2,967e785d-d83c-490b-8d6a-2ed926c956ac,Screenshot_20250813-192227.ACC.png,0,"",,,VYKJ7GRWMX37AKTY,,VYKJ7GRWMX37AKTY,,,81816c02-ccf1-451d-9fce-aa0b48be73e6,"",normal,form,,,t,2025-08-13 13:54:48.324179,2025-08-13 13:54:38.222,2025-08-13 13:54:48.759126,,967e785d-d83c-490b-8d6a-2ed926c956ac,239707274,
93679880,bf996092-8d66-408a-8d8e-5065ca3330c2,ada6015d-9fce-4f2c-b20f-fc9122d2face,20250507_131230_photo,0,"",,,VYKJ7GRWMX37AKTY,,VYKJ7GRWMX37AKTY,27.563493,77.662736,6b884c54-23aa-4ada-9b80-fc796afbe9b7,"",normal,form,2025-05-07 07:42:30.9,,t,2025-05-07 07:42:35.735933,2025-05-07 07:42:35.716,2025-05-07 07:42:36.461023,,ada6015d-9fce-4f2c-b20f-fc9122d2face,197734711,
93680001,bf996092-8d66-408a-8d8e-5065ca3330c2,ada6015d-9fce-4f2c-b20f-fc9122d2face,20250507_131426_photo,0,"",,,VYKJ7GRWMX37AKTY,,VYKJ7GRWMX37AKTY,27.563492,77.662735,f1c7a711-45fe-4b28-8656-2ee72fcaf223,"",normal,form,2025-05-07 07:44:26.39,,t,2025-05-07 07:44:29.237109,2025-05-07 07:44:30.462,2025-05-07 07:44:30.427603,,ada6015d-9fce-4f2c-b20f-fc9122d2face,197734956,
93680238,bf996092-8d66-408a-8d8e-5065ca3330c2,ada6015d-9fce-4f2c-b20f-fc9122d2face,20250507_131811_photo,0,"",,,VYKJ7GRWMX37AKTY,,VYKJ7GRWMX37AKTY,27.563492,77.662735,9ff9735d-486c-4522-9c5d-288db14c932c,"",normal,form,2025-05-07 07:48:11.84,,t,2025-05-07 07:48:17.2292,2025-05-07 07:48:19.959,2025-05-07 07:48:17.824389,,ada6015d-9fce-4f2c-b20f-fc9122d2face,197735493,
114281966,bf996092-8d66-408a-8d8e-5065ca3330c2,967e785d-d83c-490b-8d6a-2ed926c956ac,IMG_20250717_162720201_HDR.jpg,0,"",,,VYKJ7GRWMX37AKTY,,VYKJ7GRWMX37AKTY,,,6b38ae6c-fcc6-4f18-ac15-74771383f841,"",normal,form,2025-07-17 10:57:20.712,,t,2025-08-13 13:55:53.709391,2025-08-13 13:55:43.67,2025-08-13 13:55:54.187577,,967e785d-d83c-490b-8d6a-2ed926c956ac,239708029,
93681303,bf996092-8d66-408a-8d8e-5065ca3330c2,ada6015d-9fce-4f2c-b20f-fc9122d2face,20250507_133021_photo,0,"",,,VYKJ7GRWMX37AKTY,,VYKJ7GRWMX37AKTY,27.563462,77.662797,4c704747-2133-41da-9030-db4e5cd06fd5,"",normal,form,2025-05-07 08:00:21.89,,t,2025-05-07 08:00:25.398213,2025-05-07 08:00:24.081,2025-05-07 08:00:26.171529,,ada6015d-9fce-4f2c-b20f-fc9122d2face,197737886,
93681424,bf996092-8d66-408a-8d8e-5065ca3330c2,ada6015d-9fce-4f2c-b20f-fc9122d2face,20250507_133208_photo,0,"",,,VYKJ7GRWMX37AKTY,,VYKJ7GRWMX37AKTY,27.563497,77.662738,cb049c5b-ebe0-404b-9fd5-f12836908294,"",normal,form,2025-05-07 08:02:08.16,,t,2025-05-07 08:02:10.410171,2025-05-07 08:02:11.64,2025-05-07 08:02:11.084582,,ada6015d-9fce-4f2c-b20f-fc9122d2face,197738218,
93701155,bf996092-8d66-408a-8d8e-5065ca3330c2,967e785d-d83c-490b-8d6a-2ed926c956ac,20250507_165044_photo,0,"",,,RQ92XKNVL7KYFP4W,,RQ92XKNVL7KYFP4W,27.563479,77.662817,81ef0df1-2e14-4feb-81d5-093bed4dec98,"",normal,form,2025-05-07 11:20:39,,t,2025-05-07 11:20:51.880853,2025-05-07 11:20:44.945,2025-05-07 11:20:52.416207,,967e785d-d83c-490b-8d6a-2ed926c956ac,197781519,
93701500,bf996092-8d66-408a-8d8e-5065ca3330c2,967e785d-d83c-490b-8d6a-2ed926c956ac,20250507_165304_photo,0,"",,,RQ92XKNVL7KYFP4W,,RQ92XKNVL7KYFP4W,27.563212,77.663738,390ff57e-17b9-4cb8-be08-810d5799fee1,"",normal,form,2025-05-07 11:23:01,,t,2025-05-07 11:23:12.609663,2025-05-07 11:23:04.885,2025-05-07 11:23:13.109253,,967e785d-d83c-490b-8d6a-2ed926c956ac,197782241,
93724123,bf996092-8d66-408a-8d8e-5065ca3330c2,967e785d-d83c-490b-8d6a-2ed926c956ac,20250507_183402_photo,0,"",,,VYKJ7GRWMX37AKTY,,VYKJ7GRWMX37AKTY,27.563045,77.662122,4f703db1-1586-4565-9f87-d88cd3d1b464,"",normal,form,2025-05-07 13:04:02.4,,t,2025-05-07 13:04:56.746578,2025-05-07 13:04:18.337,2025-05-07 13:04:57.366684,,967e785d-d83c-490b-8d6a-2ed926c956ac,197829505,
102857064,bf996092-8d66-408a-8d8e-5065ca3330c2,967e785d-d83c-490b-8d6a-2ed926c956ac,IMG_20250623_192459.jpg,0,"",,,VYKJ7GRWMX37AKTY,,VYKJ7GRWMX37AKTY,,,79f3420d-70dc-4d3a-a242-0a92398eda5c,"",normal,form,2025-06-23 13:54:59.84,,t,2025-06-24 03:50:16.286832,2025-06-24 03:50:11.592,2025-06-24 03:50:16.718887,,967e785d-d83c-490b-8d6a-2ed926c956ac,216663472,
102857107,bf996092-8d66-408a-8d8e-5065ca3330c2,967e785d-d83c-490b-8d6a-2ed926c956ac,IMG_20250623_192459.jpg,0,"",,,VYKJ7GRWMX37AKTY,,VYKJ7GRWMX37AKTY,,,2f26c1d6-38bd-457e-8c09-f10c4f6a118a,"",normal,form,2025-06-23 13:54:59.84,,t,2025-06-24 03:51:21.467105,2025-06-24 03:51:18.968,2025-06-24 03:51:21.94579,,967e785d-d83c-490b-8d6a-2ed926c956ac,216663572,
101605954,bf996092-8d66-408a-8d8e-5065ca3330c2,f679f4cf-c089-4a2b-9b84-b14129630601,20250618_204202_photo,0,"",,,3TSJN3BRN9YVX2DX,,3TSJN3BRN9YVX2DX,28.669308,77.431722,da896f00-b2a8-47e3-914f-1c2cb2e171f5,"",normal,gallery,2025-06-18 15:12:02.238,,t,2025-06-18 15:12:10.374345,2025-06-18 15:12:02.148,2025-06-24 07:43:02.465479,,f679f4cf-c089-4a2b-9b84-b14129630601,216687874,
93907728,bf996092-8d66-408a-8d8e-5065ca3330c2,967e785d-d83c-490b-8d6a-2ed926c956ac,20250508_092731_photo,0,"",,,EG32WDYGKFZYZ24Q,,EG32WDYGKFZYZ24Q,27.563472,77.662818,4fe906ce-50a0-4b18-aecf-0abfec56072a,"",normal,form,2025-05-08 03:57:31.386,,t,2025-05-08 03:58:04.117942,2025-05-08 03:57:53.606,2025-05-08 03:58:13.594272,,967e785d-d83c-490b-8d6a-2ed926c956ac,198200981,
93907739,bf996092-8d66-408a-8d8e-5065ca3330c2,967e785d-d83c-490b-8d6a-2ed926c956ac,20250508_092735_photo,0,"",,,EG32WDYGKFZYZ24Q,,EG32WDYGKFZYZ24Q,27.563472,77.662818,c27b869c-bdc1-46e9-aa0d-02f9b3b7be1e,"",normal,form,2025-05-08 03:57:35.193,,t,2025-05-08 03:58:12.753056,2025-05-08 03:57:53.803,2025-05-08 03:58:14.060873,,967e785d-d83c-490b-8d6a-2ed926c956ac,198200983,
93907779,bf996092-8d66-408a-8d8e-5065ca3330c2,967e785d-d83c-490b-8d6a-2ed926c956ac,20250508_092836_photo,0,"",,,EG32WDYGKFZYZ24Q,,EG32WDYGKFZYZ24Q,27.562928,77.663636,a616ce93-6196-4da6-a9e3-e104c856ea54,"",normal,form,2025-05-08 03:58:36.252,,t,2025-05-08 03:59:01.418378,2025-05-08 03:58:42.964,2025-05-08 03:59:01.949365,,967e785d-d83c-490b-8d6a-2ed926c956ac,198201051,
93908150,bf996092-8d66-408a-8d8e-5065ca3330c2,967e785d-d83c-490b-8d6a-2ed926c956ac,20250508_093505_photo,0,"",,,EG32WDYGKFZYZ24Q,,EG32WDYGKFZYZ24Q,27.563062,77.664095,100f8189-6652-4961-8d99-011720766218,"",normal,form,2025-05-08 04:05:05.102,,t,2025-05-08 04:05:21.514406,2025-05-08 04:05:10.207,2025-05-08 04:05:22.030336,,967e785d-d83c-490b-8d6a-2ed926c956ac,198201844,
93908684,bf996092-8d66-408a-8d8e-5065ca3330c2,967e785d-d83c-490b-8d6a-2ed926c956ac,20250508_094831_photo,0,"",,,RQ92XKNVL7KYFP4W,,RQ92XKNVL7KYFP4W,,,b8f75a94-7e9a-4cac-8092-5cf303bdb98f,"",normal,form,2025-05-08 04:18:26,,t,2025-05-08 04:18:39.617759,2025-05-08 04:18:31.182,2025-05-08 04:18:40.328265,,967e785d-d83c-490b-8d6a-2ed926c956ac,198203019,
93908778,bf996092-8d66-408a-8d8e-5065ca3330c2,967e785d-d83c-490b-8d6a-2ed926c956ac,20250508_095014_photo,0,"",,,RQ92XKNVL7KYFP4W,,RQ92XKNVL7KYFP4W,,,249e0bae-255a-4087-ad42-5a5826856960,"",normal,form,2025-05-08 04:20:09,,t,2025-05-08 04:20:21.542019,2025-05-08 04:20:14.068,2025-05-08 04:20:22.093809,,967e785d-d83c-490b-8d6a-2ed926c956ac,198203223,
93931147,bf996092-8d66-408a-8d8e-5065ca3330c2,967e785d-d83c-490b-8d6a-2ed926c956ac,20250508_152736_photo,0,"",,,VYKJ7GRWMX37AKTY,,VYKJ7GRWMX37AKTY,27.563086,77.663963,7ad12f62-2b53-4afa-8d87-76bae8d773f7,"",normal,form,2025-05-08 09:57:36.44,,t,2025-05-08 09:58:10.470393,2025-05-08 09:57:50.911,2025-05-08 09:58:11.113839,,967e785d-d83c-490b-8d6a-2ed926c956ac,198253026,
93950185,bf996092-8d66-408a-8d8e-5065ca3330c2,967e785d-d83c-490b-8d6a-2ed926c956ac,20250508_174139_photo,0,"",,,EG32WDYGKFZYZ24Q,,EG32WDYGKFZYZ24Q,27.563497,77.662736,05f12b17-bd45-472c-b56c-775f7a96f4a3,"",normal,form,2025-05-08 12:11:39.714,,t,2025-05-08 12:11:55.137989,2025-05-08 12:11:47.389,2025-05-08 12:11:55.724077,,967e785d-d83c-490b-8d6a-2ed926c956ac,198293005,
102912008,bf996092-8d66-408a-8d8e-5065ca3330c2,967e785d-d83c-490b-8d6a-2ed926c956ac,IMG_20250623_192459.jpg,0,"",,,VYKJ7GRWMX37AKTY,,VYKJ7GRWMX37AKTY,,,e5db1a7c-d4fe-43b4-9d6d-c6705990ddeb,"",normal,form,2025-06-23 13:54:59.84,,t,2025-06-24 13:12:39.533283,2025-06-24 13:12:36.24,2025-06-24 13:12:39.970648,,967e785d-d83c-490b-8d6a-2ed926c956ac,216780734,
102912502,bf996092-8d66-408a-8d8e-5065ca3330c2,967e785d-d83c-490b-8d6a-2ed926c956ac,IMG_20250624_184348.jpg,0,"",,,VYKJ7GRWMX37AKTY,,VYKJ7GRWMX37AKTY,,,511672d6-b5cb-492c-be1f-090c6ebd0bd1,"",normal,form,,,t,2025-06-24 13:14:20.036968,2025-06-24 13:14:19.131,2025-06-24 13:14:20.606845,,967e785d-d83c-490b-8d6a-2ed926c956ac,216781971,
89517389,bf996092-8d66-408a-8d8e-5065ca3330c2,ada6015d-9fce-4f2c-b20f-fc9122d2face,20250418_164203_photo,0,"",,,V9Q2X946QA52XTJG,,V9Q2X946QA52XTJG,,,e0d755e5-18ed-4199-9a78-7af44700af31,"",normal,form,2025-04-18 11:12:03.458,,t,2025-04-18 11:12:16.434507,2025-04-18 11:12:08.245,2025-04-18 11:12:16.904858,,ada6015d-9fce-4f2c-b20f-fc9122d2face,189025475,
89517455,bf996092-8d66-408a-8d8e-5065ca3330c2,ada6015d-9fce-4f2c-b20f-fc9122d2face,20250418_164243_photo,0,"",,,V9Q2X946QA52XTJG,,V9Q2X946QA52XTJG,,,e369215b-6c32-4fd0-bca5-ca90a0321346,"",normal,form,2025-04-18 11:12:43.973,,t,2025-04-18 11:12:53.22834,2025-04-18 11:12:45.888,2025-04-18 11:12:53.748339,,ada6015d-9fce-4f2c-b20f-fc9122d2face,189025617,
89517478,bf996092-8d66-408a-8d8e-5065ca3330c2,ada6015d-9fce-4f2c-b20f-fc9122d2face,20250418_164302_photo,0,"",,,V9Q2X946QA52XTJG,,V9Q2X946QA52XTJG,,,e62036e4-b823-4f43-ac91-d07105e8a269,"",normal,form,2025-04-18 11:13:02.931,,t,2025-04-18 11:13:12.25545,2025-04-18 11:13:05.548,2025-04-18 11:13:13.125705,,ada6015d-9fce-4f2c-b20f-fc9122d2face,189025661,
89518011,bf996092-8d66-408a-8d8e-5065ca3330c2,ada6015d-9fce-4f2c-b20f-fc9122d2face,20250418_164816_photo,0,"",,,V9Q2X946QA52XTJG,,V9Q2X946QA52XTJG,,,e26c68b1-32fb-4f02-a088-908be4c1d7f9,"",normal,form,2025-04-18 11:18:16.866,,t,2025-04-18 11:18:31.022731,2025-04-18 11:18:23.417,2025-04-18 11:18:31.708297,,ada6015d-9fce-4f2c-b20f-fc9122d2face,189026778,
89518100,bf996092-8d66-408a-8d8e-5065ca3330c2,ada6015d-9fce-4f2c-b20f-fc9122d2face,20250418_164922_photo,0,"",,,CMJ2N3U8MSMRM8ZA,,CMJ2N3U8MSMRM8ZA,28.543209,77.257201,291cdb62-f8bf-428b-99fe-2cdbecc88f50,"",normal,form,2025-04-18 11:19:22.071,,t,2025-04-18 11:19:29.578859,2025-04-18 11:19:25.109,2025-04-18 11:19:30.218478,,ada6015d-9fce-4f2c-b20f-fc9122d2face,189026983,
89518163,bf996092-8d66-408a-8d8e-5065ca3330c2,ada6015d-9fce-4f2c-b20f-fc9122d2face,20250418_165031_photo,0,"",,,CMJ2N3U8MSMRM8ZA,,CMJ2N3U8MSMRM8ZA,28.543180,77.257217,e27237ae-9964-4c91-871d-25194224ba34,"",normal,form,2025-04-18 11:20:31.59,,t,2025-04-18 11:20:41.22965,2025-04-18 11:20:35.729,2025-04-18 11:20:41.753148,,ada6015d-9fce-4f2c-b20f-fc9122d2face,189027120,
89518334,bf996092-8d66-408a-8d8e-5065ca3330c2,ada6015d-9fce-4f2c-b20f-fc9122d2face,20250418_165213_photo,0,"",,,V9Q2X946QA52XTJG,,V9Q2X946QA52XTJG,,,8808fa04-58aa-4084-9830-afd32581bd10,"",normal,form,2025-04-18 11:22:13.47,,t,2025-04-18 11:22:19.534941,2025-04-18 11:22:15.755,2025-04-18 11:22:20.201256,,ada6015d-9fce-4f2c-b20f-fc9122d2face,189027420,
89518368,bf996092-8d66-408a-8d8e-5065ca3330c2,ada6015d-9fce-4f2c-b20f-fc9122d2face,20250418_165231_photo,0,"",,,V9Q2X946QA52XTJG,,V9Q2X946QA52XTJG,,,286d9d8b-d1ca-428d-9da3-16ce9f111e2c,"",normal,form,2025-04-18 11:22:31.686,,t,2025-04-18 11:22:41.331817,2025-04-18 11:22:34.607,2025-04-18 11:22:41.995308,,ada6015d-9fce-4f2c-b20f-fc9122d2face,189027478,
89518461,bf996092-8d66-408a-8d8e-5065ca3330c2,ada6015d-9fce-4f2c-b20f-fc9122d2face,20250418_165338_photo,0,"",,,V9Q2X946QA52XTJG,,V9Q2X946QA52XTJG,,,54c25371-f84b-435a-8516-c9159860a73b,"",normal,form,2025-04-18 11:23:38.225,,t,2025-04-18 11:23:49.949045,2025-04-18 11:23:45.917,2025-04-18 11:23:53.121314,,ada6015d-9fce-4f2c-b20f-fc9122d2face,189027649,
89518552,bf996092-8d66-408a-8d8e-5065ca3330c2,ada6015d-9fce-4f2c-b20f-fc9122d2face,20250418_165422_photo,0,"",,,V9Q2X946QA52XTJG,,V9Q2X946QA52XTJG,,,883b4065-a703-43f5-8842-345ed9272213,"",normal,form,2025-04-18 11:24:22.121,,t,2025-04-18 11:24:34.023227,2025-04-18 11:24:28.545,2025-04-18 11:24:34.688564,,ada6015d-9fce-4f2c-b20f-fc9122d2face,189027826,
89518625,bf996092-8d66-408a-8d8e-5065ca3330c2,ada6015d-9fce-4f2c-b20f-fc9122d2face,20250418_165457_photo,0,"",,,V9Q2X946QA52XTJG,,V9Q2X946QA52XTJG,,,a260a756-2b90-4dbb-9015-81a52639a009,"",normal,form,2025-04-18 11:24:57.082,,t,2025-04-18 11:25:04.590881,2025-04-18 11:24:59.086,2025-04-18 11:25:05.147087,,ada6015d-9fce-4f2c-b20f-fc9122d2face,189027963,
89518722,bf996092-8d66-408a-8d8e-5065ca3330c2,ada6015d-9fce-4f2c-b20f-fc9122d2face,20250418_165533_photo,0,"",,,CMJ2N3U8MSMRM8ZA,,CMJ2N3U8MSMRM8ZA,28.543191,77.257189,2be782e6-c612-4885-a46b-21caf658abb7,"",normal,form,2025-04-18 11:25:33.671,,t,2025-04-18 11:25:42.590257,2025-04-18 11:25:38.452,2025-04-18 11:25:43.109831,,ada6015d-9fce-4f2c-b20f-fc9122d2face,189028177,
89519045,bf996092-8d66-408a-8d8e-5065ca3330c2,ada6015d-9fce-4f2c-b20f-fc9122d2face,20250418_165749_photo,0,"",,,CMJ2N3U8MSMRM8ZA,,CMJ2N3U8MSMRM8ZA,28.543191,77.257220,5442f142-50e8-479b-b676-82082db005d3,"",normal,form,2025-04-18 11:27:49.325,,t,2025-04-18 11:28:06.987217,2025-04-18 11:28:01.749,2025-04-18 11:28:25.876362,,ada6015d-9fce-4f2c-b20f-fc9122d2face,189028869,
89519058,bf996092-8d66-408a-8d8e-5065ca3330c2,ada6015d-9fce-4f2c-b20f-fc9122d2face,20250418_165751_photo,0,"",,,CMJ2N3U8MSMRM8ZA,,CMJ2N3U8MSMRM8ZA,28.543191,77.257220,596849a3-cfd9-49fd-bd7d-7a4205224a28,"",normal,form,2025-04-18 11:27:51.899,,t,2025-04-18 11:28:12.100407,2025-04-18 11:28:01.81,2025-04-18 11:28:26.351908,,ada6015d-9fce-4f2c-b20f-fc9122d2face,189028873,
89519068,bf996092-8d66-408a-8d8e-5065ca3330c2,ada6015d-9fce-4f2c-b20f-fc9122d2face,20250418_165753_photo,0,"",,,CMJ2N3U8MSMRM8ZA,,CMJ2N3U8MSMRM8ZA,28.543191,77.257220,e6e06086-09ba-4dd0-84a4-1aa5bef39ac5,"",normal,form,2025-04-18 11:27:53.222,,t,2025-04-18 11:28:16.428654,2025-04-18 11:28:01.856,2025-04-18 11:28:26.850879,,ada6015d-9fce-4f2c-b20f-fc9122d2face,189028875,
89519079,bf996092-8d66-408a-8d8e-5065ca3330c2,ada6015d-9fce-4f2c-b20f-fc9122d2face,20250418_165755_photo,0,"",,,CMJ2N3U8MSMRM8ZA,,CMJ2N3U8MSMRM8ZA,28.543191,77.257220,4be01714-fb29-4da4-ac43-98c9b7075e9b,"",normal,form,2025-04-18 11:27:55.4,,t,2025-04-18 11:28:20.769517,2025-04-18 11:28:01.898,2025-04-18 11:28:27.30679,,ada6015d-9fce-4f2c-b20f-fc9122d2face,189028876,
89519089,bf996092-8d66-408a-8d8e-5065ca3330c2,ada6015d-9fce-4f2c-b20f-fc9122d2face,20250418_165756_photo,0,"",,,CMJ2N3U8MSMRM8ZA,,CMJ2N3U8MSMRM8ZA,28.543191,77.257220,78e26627-a6b8-4dd4-9acf-b96853cafd85,"",normal,form,2025-04-18 11:27:56.474,,t,2025-04-18 11:28:25.366779,2025-04-18 11:28:01.944,2025-04-18 11:28:27.660506,,ada6015d-9fce-4f2c-b20f-fc9122d2face,189028879,
89519157,bf996092-8d66-408a-8d8e-5065ca3330c2,ada6015d-9fce-4f2c-b20f-fc9122d2face,20250418_165902_photo,0,"",,,V9Q2X946QA52XTJG,,V9Q2X946QA52XTJG,,,72a05dc4-c37f-4ef2-9d64-01f7097c4f1a,"",normal,form,2025-04-18 11:29:02.277,,t,2025-04-18 11:29:08.297507,2025-04-18 11:29:03.893,2025-04-18 11:29:08.963384,,ada6015d-9fce-4f2c-b20f-fc9122d2face,189029003,
89519189,bf996092-8d66-408a-8d8e-5065ca3330c2,ada6015d-9fce-4f2c-b20f-fc9122d2face,20250418_165923_photo,0,"",,,V9Q2X946QA52XTJG,,V9Q2X946QA52XTJG,,,54ccd953-2f83-4c59-913c-cd6303d088a7,"",normal,form,2025-04-18 11:29:23.152,,t,2025-04-18 11:29:33.267902,2025-04-18 11:29:25.493,2025-04-18 11:29:33.708064,,ada6015d-9fce-4f2c-b20f-fc9122d2face,189029066,
89519468,bf996092-8d66-408a-8d8e-5065ca3330c2,ada6015d-9fce-4f2c-b20f-fc9122d2face,20250418_170251_photo,0,"",,,CMJ2N3U8MSMRM8ZA,,CMJ2N3U8MSMRM8ZA,28.543193,77.257220,99cc934a-8a7e-4bf4-8e52-2551d4de8438,"",normal,form,2025-04-18 11:32:51.803,,t,2025-04-18 11:33:04.488854,2025-04-18 11:32:55.252,2025-04-18 11:33:05.337967,,ada6015d-9fce-4f2c-b20f-fc9122d2face,189029549,
89519574,bf996092-8d66-408a-8d8e-5065ca3330c2,ada6015d-9fce-4f2c-b20f-fc9122d2face,20250418_170328_photo,0,"",,,CMJ2N3U8MSMRM8ZA,,CMJ2N3U8MSMRM8ZA,28.543199,77.257196,d88d15d4-e7ef-4b6e-a72c-9de27c206a62,"",normal,form,2025-04-18 11:33:28.913,,t,2025-04-18 11:33:57.748414,2025-04-18 11:33:52.948,2025-04-18 11:33:58.253138,,ada6015d-9fce-4f2c-b20f-fc9122d2face,189029736,
89520320,bf996092-8d66-408a-8d8e-5065ca3330c2,ada6015d-9fce-4f2c-b20f-fc9122d2face,20250418_170951_photo,0,"",,,CMJ2N3U8MSMRM8ZA,,CMJ2N3U8MSMRM8ZA,28.543201,77.257213,f272bbea-7000-4e94-8a09-2b0283b6fd3f,"",normal,form,2025-04-18 11:39:51.176,,t,2025-04-18 11:39:59.894355,2025-04-18 11:39:54.132,2025-04-18 11:40:00.430275,,ada6015d-9fce-4f2c-b20f-fc9122d2face,189031197,
89520389,bf996092-8d66-408a-8d8e-5065ca3330c2,ada6015d-9fce-4f2c-b20f-fc9122d2face,20250418_171021_photo,0,"",,,CMJ2N3U8MSMRM8ZA,,CMJ2N3U8MSMRM8ZA,28.543203,77.257213,28f5e07f-e1cd-4fe4-a3c2-518dcef78d7c,"",normal,form,2025-04-18 11:40:21.851,,t,2025-04-18 11:40:30.059309,2025-04-18 11:40:24.661,2025-04-18 11:40:30.686075,,ada6015d-9fce-4f2c-b20f-fc9122d2face,189031305,
89520716,bf996092-8d66-408a-8d8e-5065ca3330c2,ada6015d-9fce-4f2c-b20f-fc9122d2face,20250418_171227_photo,0,"",,,V9Q2X946QA52XTJG,,V9Q2X946QA52XTJG,,,36b8d7aa-afaa-424e-8724-8f098b2daaa5,"",normal,form,2025-04-18 11:42:27.874,,t,2025-04-18 11:42:45.66374,2025-04-18 11:42:29.458,2025-04-18 11:42:46.151706,,ada6015d-9fce-4f2c-b20f-fc9122d2face,189031954,
89520794,bf996092-8d66-408a-8d8e-5065ca3330c2,ada6015d-9fce-4f2c-b20f-fc9122d2face,20250418_171301_photo,0,"",,,V9Q2X946QA52XTJG,,V9Q2X946QA52XTJG,,,0d45e344-ebd1-4687-b2a2-ab94625658c9,"",normal,form,2025-04-18 11:43:01.237,,t,2025-04-18 11:43:26.569513,2025-04-18 11:43:02.942,2025-04-18 11:43:27.511555,,ada6015d-9fce-4f2c-b20f-fc9122d2face,189032094,
89520881,bf996092-8d66-408a-8d8e-5065ca3330c2,ada6015d-9fce-4f2c-b20f-fc9122d2face,20250418_171347_photo,0,"",,,V9Q2X946QA52XTJG,,V9Q2X946QA52XTJG,,,ad83a68a-0e94-4883-bc5b-e7949e9a427b,"",normal,form,2025-04-18 11:43:47.195,,t,2025-04-18 11:44:14.957898,2025-04-18 11:43:59.425,2025-04-18 11:44:15.529346,,ada6015d-9fce-4f2c-b20f-fc9122d2face,189032246,
89521362,bf996092-8d66-408a-8d8e-5065ca3330c2,ada6015d-9fce-4f2c-b20f-fc9122d2face,20250418_171906_photo,0,"",,,CMJ2N3U8MSMRM8ZA,,V9Q2X946QA52XTJG,28.543132,77.257158,322f925d-b882-43fd-aa39-33d5f8eaf655,"",normal,form,2025-04-18 11:49:06.698,,t,2025-04-18 11:49:15.858301,2025-04-18 11:49:09.526,2025-04-23 10:20:16.665454,,ada6015d-9fce-4f2c-b20f-fc9122d2face,191545406,
114470969,bf996092-8d66-408a-8d8e-5065ca3330c2,967e785d-d83c-490b-8d6a-2ed926c956ac,IMG-20250813-WA0045.jpg,0,"",,,KDBLMPH5JM9X,,KDBLMPH5JM9X,,,9d28df48-d842-4487-8c2c-570d94a1aaaa,"",normal,form,,,t,2025-08-14 04:16:36.526769,2025-08-14 04:16:26.795,2025-08-14 04:16:37.077505,,967e785d-d83c-490b-8d6a-2ed926c956ac,240080620,
114471118,bf996092-8d66-408a-8d8e-5065ca3330c2,967e785d-d83c-490b-8d6a-2ed926c956ac,IMG-20250813-WA0045.jpg,0,"",,,KDBLMPH5JM9X,,KDBLMPH5JM9X,,,57c4165a-088d-4059-97de-6c2bd983ec0f,"",normal,form,,,t,2025-08-14 04:21:26.775507,2025-08-14 04:21:18.69,2025-08-14 04:21:27.282043,,967e785d-d83c-490b-8d6a-2ed926c956ac,240080942,
114471180,bf996092-8d66-408a-8d8e-5065ca3330c2,967e785d-d83c-490b-8d6a-2ed926c956ac,IMG-20250813-WA0045.jpg,0,"",,,KDBLMPH5JM9X,,KDBLMPH5JM9X,,,3b155b31-d601-461f-9364-d75998bdeca3,"",normal,form,,,t,2025-08-14 04:23:11.738546,2025-08-14 04:23:04.117,2025-08-14 04:23:12.497198,,967e785d-d83c-490b-8d6a-2ed926c956ac,240081077,
103192884,bf996092-8d66-408a-8d8e-5065ca3330c2,967e785d-d83c-490b-8d6a-2ed926c956ac,IMG_20250625_191041.jpg,0,"",,,VYKJ7GRWMX37AKTY,,VYKJ7GRWMX37AKTY,,,8c5611b3-3e3e-43ff-b139-0735a01fe637,"",normal,form,2025-06-25 13:40:07.112,,t,2025-06-25 13:45:03.0736,2025-06-25 13:44:55.724,2025-06-25 13:45:03.55479,,967e785d-d83c-490b-8d6a-2ed926c956ac,217346046,
103194136,bf996092-8d66-408a-8d8e-5065ca3330c2,967e785d-d83c-490b-8d6a-2ed926c956ac,IMG_20250625_190955.jpg,0,"",,,VYKJ7GRWMX37AKTY,,VYKJ7GRWMX37AKTY,,,df97fdd9-57f0-4dee-a780-d23ba1fe0b4e,"",normal,form,2025-06-25 13:39:12.63,,t,2025-06-25 13:48:54.921387,2025-06-25 13:48:49.146,2025-06-25 13:48:55.394803,,967e785d-d83c-490b-8d6a-2ed926c956ac,217348531,
103194536,bf996092-8d66-408a-8d8e-5065ca3330c2,967e785d-d83c-490b-8d6a-2ed926c956ac,IMG_20250625_190955.jpg,0,"",,,VYKJ7GRWMX37AKTY,,VYKJ7GRWMX37AKTY,,,8ecee1ad-722c-4a60-9108-cd6a981abc53,"",normal,form,2025-06-25 13:39:12.63,,t,2025-06-25 13:49:51.488659,2025-06-25 13:49:45.656,2025-06-25 13:49:52.018749,,967e785d-d83c-490b-8d6a-2ed926c956ac,217349249,
103194837,bf996092-8d66-408a-8d8e-5065ca3330c2,967e785d-d83c-490b-8d6a-2ed926c956ac,IMG_20250625_190955.jpg,0,"",,,VYKJ7GRWMX37AKTY,,VYKJ7GRWMX37AKTY,,,cf7d0a00-3aab-4651-877a-4aabf943d066,"",normal,form,2025-06-25 13:39:12.63,,t,2025-06-25 13:50:32.617837,2025-06-25 13:50:26.859,2025-06-25 13:50:33.194741,,967e785d-d83c-490b-8d6a-2ed926c956ac,217349867,
94535073,bf996092-8d66-408a-8d8e-5065ca3330c2,967e785d-d83c-490b-8d6a-2ed926c956ac,20250510_142510_photo,0,"",,,RQ92XKNVL7KYFP4W,,RQ92XKNVL7KYFP4W,,,d1d07679-5d06-4202-b3ce-ce88d29b76f7,"",normal,form,2025-05-10 08:55:05,,t,2025-05-10 08:55:17.141733,2025-05-10 08:55:10.161,2025-05-10 08:55:17.908094,,967e785d-d83c-490b-8d6a-2ed926c956ac,199460210,
94535110,bf996092-8d66-408a-8d8e-5065ca3330c2,967e785d-d83c-490b-8d6a-2ed926c956ac,20250510_142715_photo,0,"",,,RQ92XKNVL7KYFP4W,,RQ92XKNVL7KYFP4W,,,84c21bc2-82b7-4c4e-9042-16c2007f87c6,"",normal,form,2025-05-10 08:57:04,,t,2025-05-10 08:57:21.978068,2025-05-10 08:57:15.256,2025-05-10 08:57:22.569796,,967e785d-d83c-490b-8d6a-2ed926c956ac,199460295,
94535170,bf996092-8d66-408a-8d8e-5065ca3330c2,967e785d-d83c-490b-8d6a-2ed926c956ac,20250510_142836_photo,0,"",,,RQ92XKNVL7KYFP4W,,RQ92XKNVL7KYFP4W,,,da350fac-4553-49bc-a0e2-4cc207cfa410,"",normal,form,2025-05-10 08:58:33,,t,2025-05-10 08:58:42.2102,2025-05-10 08:58:36.198,2025-05-10 08:58:42.917612,,967e785d-d83c-490b-8d6a-2ed926c956ac,199460402,
94535253,bf996092-8d66-408a-8d8e-5065ca3330c2,967e785d-d83c-490b-8d6a-2ed926c956ac,20250510_143015_photo,0,"",,,RQ92XKNVL7KYFP4W,,RQ92XKNVL7KYFP4W,,,a01bff7a-c123-4c63-98ff-9d5f65e29c0b,"",normal,form,2025-05-10 09:00:00,,t,2025-05-10 09:00:22.834618,2025-05-10 09:00:15.328,2025-05-10 09:00:23.350723,,967e785d-d83c-490b-8d6a-2ed926c956ac,199460589,
94578187,bf996092-8d66-408a-8d8e-5065ca3330c2,967e785d-d83c-490b-8d6a-2ed926c956ac,20250511_142851_photo,0,"",,,RQ92XKNVL7KYFP4W,,RQ92XKNVL7KYFP4W,27.563722,77.663098,f1122c82-92e7-40a5-988a-e1729c9b58d1,"",normal,form,2025-05-11 08:58:31,,t,2025-05-11 08:58:59.17238,2025-05-11 08:58:51.248,2025-05-11 08:59:05.377256,,967e785d-d83c-490b-8d6a-2ed926c956ac,199547948,
94578188,bf996092-8d66-408a-8d8e-5065ca3330c2,967e785d-d83c-490b-8d6a-2ed926c956ac,20250511_142851_photo,0,"",,,RQ92XKNVL7KYFP4W,,RQ92XKNVL7KYFP4W,27.563722,77.663098,21cc8239-2ae4-4e51-b71f-ffad8122d029,"",normal,form,2025-05-11 08:58:46,,t,2025-05-11 08:59:04.818619,2025-05-11 08:58:51.545,2025-05-11 08:59:05.98258,,967e785d-d83c-490b-8d6a-2ed926c956ac,199547950,
94578203,bf996092-8d66-408a-8d8e-5065ca3330c2,967e785d-d83c-490b-8d6a-2ed926c956ac,20250511_143156_photo,0,"",,,RQ92XKNVL7KYFP4W,,RQ92XKNVL7KYFP4W,27.563162,77.663245,cd62ae9c-e9cc-4643-9e5c-3bfca2dab2fa,"",normal,form,2025-05-11 09:01:38,,t,2025-05-11 09:02:02.571999,2025-05-11 09:01:56.64,2025-05-11 09:02:03.41643,,967e785d-d83c-490b-8d6a-2ed926c956ac,199547979,
94578533,bf996092-8d66-408a-8d8e-5065ca3330c2,967e785d-d83c-490b-8d6a-2ed926c956ac,20250511_153339_photo,0,"",,,MWZJGXW9MEMP2RFR,,MWZJGXW9MEMP2RFR,27.562710,77.663435,9a35714d-fd73-4fb8-a881-98b2d97ee423,"",normal,form,2025-05-11 10:03:30,,t,2025-05-11 10:03:51.565816,2025-05-11 10:03:39.152,2025-05-11 10:03:52.478547,,967e785d-d83c-490b-8d6a-2ed926c956ac,199548659,
94597418,bf996092-8d66-408a-8d8e-5065ca3330c2,967e785d-d83c-490b-8d6a-2ed926c956ac,20250512_100025_photo,0,"",,,MWZJGXW9MEMP2RFR,,MWZJGXW9MEMP2RFR,27.563203,77.663252,97e70fd8-eebe-4c7d-a975-316629de84af,"",normal,form,2025-05-12 04:30:08,,t,2025-05-12 04:30:40.85846,2025-05-12 04:30:25.426,2025-05-12 04:30:41.468151,,967e785d-d83c-490b-8d6a-2ed926c956ac,199588243,
94597432,bf996092-8d66-408a-8d8e-5065ca3330c2,967e785d-d83c-490b-8d6a-2ed926c956ac,20250512_100106_photo,0,"",,,MWZJGXW9MEMP2RFR,,MWZJGXW9MEMP2RFR,27.563122,77.663232,6bf4fedf-df28-4a1f-8cbe-d224e8a5c8ef,"",normal,form,2025-05-12 04:30:56,,t,2025-05-12 04:31:20.178922,2025-05-12 04:31:06.988,2025-05-12 04:31:20.846015,,967e785d-d83c-490b-8d6a-2ed926c956ac,199588274,
94597574,bf996092-8d66-408a-8d8e-5065ca3330c2,967e785d-d83c-490b-8d6a-2ed926c956ac,20250512_100638_photo,0,"",,,MWZJGXW9MEMP2RFR,,MWZJGXW9MEMP2RFR,27.563033,77.663083,af01b044-4463-4fde-8867-300354d080c9,"",normal,form,2025-05-12 04:36:23,,t,2025-05-12 04:36:48.77884,2025-05-12 04:36:38.523,2025-05-12 04:36:49.652785,,967e785d-d83c-490b-8d6a-2ed926c956ac,199588548,
94600392,bf996092-8d66-408a-8d8e-5065ca3330c2,967e785d-d83c-490b-8d6a-2ed926c956ac,20250512_113816_photo,0,"",,,U8Q2F3P4M3PWWQXF,,U8Q2F3P4M3PWWQXF,27.563489,77.662765,ca2ec044-3672-4584-9bd4-13dbe9751852,"",normal,form,2025-05-12 06:08:16.097,,t,2025-05-12 06:10:12.40107,2025-05-12 06:10:04.074,2025-05-12 06:10:22.527655,,967e785d-d83c-490b-8d6a-2ed926c956ac,199594925,
94600397,bf996092-8d66-408a-8d8e-5065ca3330c2,967e785d-d83c-490b-8d6a-2ed926c956ac,20250512_113846_photo,0,"",,,U8Q2F3P4M3PWWQXF,,U8Q2F3P4M3PWWQXF,27.563489,77.662765,2f7147d9-bffb-455e-ad61-d89106227c1b,"",normal,form,2025-05-12 06:08:46.166,,t,2025-05-12 06:10:17.301821,2025-05-12 06:10:04.321,2025-05-12 06:10:23.00191,,967e785d-d83c-490b-8d6a-2ed926c956ac,199594926,
94600398,bf996092-8d66-408a-8d8e-5065ca3330c2,967e785d-d83c-490b-8d6a-2ed926c956ac,20250512_113928_photo,0,"",,,U8Q2F3P4M3PWWQXF,,U8Q2F3P4M3PWWQXF,27.563489,77.662765,54accb20-d037-49a0-8f00-ce9951d32e4f,"",normal,form,2025-05-12 06:09:28.729,,t,2025-05-12 06:10:22.053829,2025-05-12 06:10:04.538,2025-05-12 06:10:23.503086,,967e785d-d83c-490b-8d6a-2ed926c956ac,199594927,
94600399,bf996092-8d66-408a-8d8e-5065ca3330c2,967e785d-d83c-490b-8d6a-2ed926c956ac,20250512_114009_photo,0,"",,,U8Q2F3P4M3PWWQXF,,U8Q2F3P4M3PWWQXF,27.563094,77.663484,fe16cc4e-227a-41d1-ae25-1752e1ba4134,"",normal,form,2025-05-12 06:10:09.424,,t,2025-05-12 06:10:29.555185,2025-05-12 06:10:12.244,2025-05-12 06:10:30.19556,,967e785d-d83c-490b-8d6a-2ed926c956ac,199594929,
94617683,bf996092-8d66-408a-8d8e-5065ca3330c2,967e785d-d83c-490b-8d6a-2ed926c956ac,20250512_162129_photo,0,"",,,U8Q2F3P4M3PWWQXF,,U8Q2F3P4M3PWWQXF,,,fb8d344f-eee5-464a-8e95-4f02276c5c91,"",normal,rfi,2025-05-12 10:51:29.202,,f,2025-05-12 10:52:53.22425,2025-05-12 10:51:58.45,2025-05-12 10:52:53.22425,,967e785d-d83c-490b-8d6a-2ed926c956ac,199633609,
94617688,bf996092-8d66-408a-8d8e-5065ca3330c2,967e785d-d83c-490b-8d6a-2ed926c956ac,20250512_162141_photo,0,"",,,U8Q2F3P4M3PWWQXF,,U8Q2F3P4M3PWWQXF,,,d4aff4f7-7c3d-4b9a-8324-0f4b017139ec,"",normal,rfi,2025-05-12 10:51:41.521,,f,2025-05-12 10:52:57.239281,2025-05-12 10:51:58.603,2025-05-12 10:52:57.239281,,967e785d-d83c-490b-8d6a-2ed926c956ac,199633618,
94617706,bf996092-8d66-408a-8d8e-5065ca3330c2,967e785d-d83c-490b-8d6a-2ed926c956ac,20250512_162151_photo,0,"",,,U8Q2F3P4M3PWWQXF,,U8Q2F3P4M3PWWQXF,,,7aeed487-3955-46d5-ace7-e5075fc4d577,"",normal,rfi,2025-05-12 10:51:51.112,,f,2025-05-12 10:53:01.643823,2025-05-12 10:51:58.705,2025-05-12 10:53:01.643823,,967e785d-d83c-490b-8d6a-2ed926c956ac,199633642,
94617708,bf996092-8d66-408a-8d8e-5065ca3330c2,967e785d-d83c-490b-8d6a-2ed926c956ac,20250512_162219_photo,0,"",,,U8Q2F3P4M3PWWQXF,,U8Q2F3P4M3PWWQXF,,,36fd5db9-61b0-46f7-a0b8-1ebc3389c89b,"",normal,rfi,2025-05-12 10:52:19.488,,f,2025-05-12 10:53:05.793168,2025-05-12 10:52:22.51,2025-05-12 10:53:05.793168,,967e785d-d83c-490b-8d6a-2ed926c956ac,199633651,
94617716,bf996092-8d66-408a-8d8e-5065ca3330c2,967e785d-d83c-490b-8d6a-2ed926c956ac,20250512_162236_photo,0,"",,,U8Q2F3P4M3PWWQXF,,U8Q2F3P4M3PWWQXF,,,4b063f25-5dbb-47f5-bd77-511e3af22f8e,"",normal,rfi,2025-05-12 10:52:36.067,,f,2025-05-12 10:53:09.546449,2025-05-12 10:52:39.186,2025-05-12 10:53:09.546449,,967e785d-d83c-490b-8d6a-2ed926c956ac,199633662,
94627046,bf996092-8d66-408a-8d8e-5065ca3330c2,967e785d-d83c-490b-8d6a-2ed926c956ac,20250512_172711_photo,0,"",,,RQ92XKNVL7KYFP4W,,RQ92XKNVL7KYFP4W,27.562836,77.663591,d797ea82-d169-4bc6-bb7f-fa84f88103de,"",normal,form,2025-05-12 11:56:43,,t,2025-05-12 11:57:30.276405,2025-05-12 11:57:11.702,2025-05-12 11:57:56.536843,,967e785d-d83c-490b-8d6a-2ed926c956ac,199653275,
94627094,bf996092-8d66-408a-8d8e-5065ca3330c2,967e785d-d83c-490b-8d6a-2ed926c956ac,20250512_172711_photo,0,"",,,RQ92XKNVL7KYFP4W,,RQ92XKNVL7KYFP4W,27.562836,77.663591,07b9bdcc-34e6-4828-b6f1-817912903cd7,"",normal,form,2025-05-12 11:56:55,,t,2025-05-12 11:57:44.772919,2025-05-12 11:57:11.994,2025-05-12 11:57:56.974722,,967e785d-d83c-490b-8d6a-2ed926c956ac,199653280,
94627121,bf996092-8d66-408a-8d8e-5065ca3330c2,967e785d-d83c-490b-8d6a-2ed926c956ac,20250512_172712_photo,0,"",,,RQ92XKNVL7KYFP4W,,RQ92XKNVL7KYFP4W,27.562836,77.663591,c6696b9c-7c77-4884-b0c6-6be23f65d1c2,"",normal,form,2025-05-12 11:57:04,,t,2025-05-12 11:57:55.813029,2025-05-12 11:57:12.209,2025-05-12 11:57:57.427758,,967e785d-d83c-490b-8d6a-2ed926c956ac,199653289,
94628365,bf996092-8d66-408a-8d8e-5065ca3330c2,967e785d-d83c-490b-8d6a-2ed926c956ac,20250512_173421_photo,0,"",,,RQ92XKNVL7KYFP4W,,RQ92XKNVL7KYFP4W,27.562884,77.663441,e663bd78-0c06-4b62-a8ea-955563dbe625,"",normal,form,2025-05-12 12:03:54,,t,2025-05-12 12:04:41.003439,2025-05-12 12:04:21.672,2025-05-12 12:05:17.685541,,967e785d-d83c-490b-8d6a-2ed926c956ac,199655985,
94628428,bf996092-8d66-408a-8d8e-5065ca3330c2,967e785d-d83c-490b-8d6a-2ed926c956ac,20250512_173421_photo,0,"",,,RQ92XKNVL7KYFP4W,,RQ92XKNVL7KYFP4W,27.562884,77.663441,7c9a4a60-c723-4655-b0c9-81d61b254c8f,"",normal,form,2025-05-12 12:04:03,,t,2025-05-12 12:04:59.931065,2025-05-12 12:04:21.961,2025-05-12 12:05:18.407627,,967e785d-d83c-490b-8d6a-2ed926c956ac,199655991,
94628480,bf996092-8d66-408a-8d8e-5065ca3330c2,967e785d-d83c-490b-8d6a-2ed926c956ac,20250512_173422_photo,0,"",,,RQ92XKNVL7KYFP4W,,RQ92XKNVL7KYFP4W,27.562884,77.663441,1bfd96fc-d692-4ec3-a505-b1863565feb0,"",normal,form,2025-05-12 12:04:14,,t,2025-05-12 12:05:17.025195,2025-05-12 12:04:22.222,2025-05-12 12:05:18.915268,,967e785d-d83c-490b-8d6a-2ed926c956ac,199655994,
94628862,bf996092-8d66-408a-8d8e-5065ca3330c2,967e785d-d83c-490b-8d6a-2ed926c956ac,20250512_173708_photo,0,"",,,RQ92XKNVL7KYFP4W,,RQ92XKNVL7KYFP4W,27.562947,77.663694,9412850b-b03c-484b-a399-ce2f7d629eae,"",normal,form,2025-05-12 12:06:42,,t,2025-05-12 12:07:28.054,2025-05-12 12:07:08.63,2025-05-12 12:08:13.834248,,967e785d-d83c-490b-8d6a-2ed926c956ac,199657069,
94628910,bf996092-8d66-408a-8d8e-5065ca3330c2,967e785d-d83c-490b-8d6a-2ed926c956ac,20250512_173708_photo,0,"",,,RQ92XKNVL7KYFP4W,,RQ92XKNVL7KYFP4W,27.562947,77.663694,69f1f80c-cd53-484c-a86f-97721eda2fd7,"",normal,form,2025-05-12 12:06:51,,t,2025-05-12 12:07:46.430312,2025-05-12 12:07:08.906,2025-05-12 12:08:14.746136,,967e785d-d83c-490b-8d6a-2ed926c956ac,199657080,
94629020,bf996092-8d66-408a-8d8e-5065ca3330c2,967e785d-d83c-490b-8d6a-2ed926c956ac,20250512_173709_photo,0,"",,,RQ92XKNVL7KYFP4W,,RQ92XKNVL7KYFP4W,27.562947,77.663694,b05c44e8-2e74-415f-adce-169804ea8cae,"",normal,form,2025-05-12 12:06:59,,t,2025-05-12 12:08:13.150112,2025-05-12 12:07:09.162,2025-05-12 12:08:15.543277,,967e785d-d83c-490b-8d6a-2ed926c956ac,199657092,
103260036,bf996092-8d66-408a-8d8e-5065ca3330c2,967e785d-d83c-490b-8d6a-2ed926c956ac,Screenshot_20250625-221205.WhatsApp.png,0,"",,,VYKJ7GRWMX37AKTY,,VYKJ7GRWMX37AKTY,,,79276823-c576-4718-b82d-25bf3016643f,"",normal,form,,,t,2025-06-25 16:43:41.922001,2025-06-25 16:43:36.233,2025-06-25 16:43:42.412803,,967e785d-d83c-490b-8d6a-2ed926c956ac,217476870,
94629203,bf996092-8d66-408a-8d8e-5065ca3330c2,967e785d-d83c-490b-8d6a-2ed926c956ac,20250512_173821_photo,0,"",,,RQ92XKNVL7KYFP4W,,RQ92XKNVL7KYFP4W,27.563472,77.662818,614d375b-17e4-4297-adba-1987aea9ff66,"",normal,form,2025-05-12 12:08:02,,t,2025-05-12 12:08:49.81115,2025-05-12 12:08:21.352,2025-05-12 12:11:23.244474,,967e785d-d83c-490b-8d6a-2ed926c956ac,199658471,
94629313,bf996092-8d66-408a-8d8e-5065ca3330c2,967e785d-d83c-490b-8d6a-2ed926c956ac,20250512_173821_photo,0,"",,,RQ92XKNVL7KYFP4W,,RQ92XKNVL7KYFP4W,27.563472,77.662818,1210c975-a695-4edf-88b3-04839ddf8697,"",normal,form,2025-05-12 12:08:10,,t,2025-05-12 12:09:15.3611,2025-05-12 12:08:21.626,2025-05-12 12:11:23.728051,,967e785d-d83c-490b-8d6a-2ed926c956ac,199658475,
94629678,bf996092-8d66-408a-8d8e-5065ca3330c2,967e785d-d83c-490b-8d6a-2ed926c956ac,20250512_173821_photo,0,"",,,RQ92XKNVL7KYFP4W,,RQ92XKNVL7KYFP4W,27.563472,77.662818,9074ecdf-437c-4226-9c05-76391b95654a,"",normal,form,2025-05-12 12:08:17,,t,2025-05-12 12:11:22.362523,2025-05-12 12:08:21.859,2025-05-12 12:11:24.170415,,967e785d-d83c-490b-8d6a-2ed926c956ac,199658484,
94634191,bf996092-8d66-408a-8d8e-5065ca3330c2,967e785d-d83c-490b-8d6a-2ed926c956ac,20250512_180212_photo,0,"",,,MWZJGXW9MEMP2RFR,,MWZJGXW9MEMP2RFR,27.563237,77.663162,7f49fc86-6b63-4016-8ba9-15e5c98ffa49,"",normal,form,2025-05-12 12:31:27,,t,2025-05-12 12:32:24.888483,2025-05-12 12:32:12.685,2025-05-12 12:32:45.824281,,967e785d-d83c-490b-8d6a-2ed926c956ac,199668478,
94634229,bf996092-8d66-408a-8d8e-5065ca3330c2,967e785d-d83c-490b-8d6a-2ed926c956ac,20250512_180213_photo,0,"",,,MWZJGXW9MEMP2RFR,,MWZJGXW9MEMP2RFR,27.563237,77.663162,c8c0e874-3ad0-4d1d-902c-447c2e874fb9,"",normal,form,2025-05-12 12:31:38,,t,2025-05-12 12:32:34.974878,2025-05-12 12:32:13.071,2025-05-12 12:32:46.46695,,967e785d-d83c-490b-8d6a-2ed926c956ac,199668483,
94634264,bf996092-8d66-408a-8d8e-5065ca3330c2,967e785d-d83c-490b-8d6a-2ed926c956ac,20250512_180213_photo,0,"",,,MWZJGXW9MEMP2RFR,,MWZJGXW9MEMP2RFR,27.563237,77.663162,2ae2306a-e1d9-4848-a523-d9ab89ff3a5f,"",normal,form,2025-05-12 12:31:51,,t,2025-05-12 12:32:44.945539,2025-05-12 12:32:13.256,2025-05-12 12:32:47.08791,,967e785d-d83c-490b-8d6a-2ed926c956ac,199668485,
94634977,bf996092-8d66-408a-8d8e-5065ca3330c2,967e785d-d83c-490b-8d6a-2ed926c956ac,20250512_180544_photo,0,"",,,MWZJGXW9MEMP2RFR,,MWZJGXW9MEMP2RFR,27.563035,77.663313,a6ba0d1b-cbb7-4693-8d9e-9ac393e1efbc,"",normal,form,2025-05-12 12:35:28,,t,2025-05-12 12:35:56.071587,2025-05-12 12:35:44.876,2025-05-12 12:35:56.705336,,967e785d-d83c-490b-8d6a-2ed926c956ac,199670060,
94636880,bf996092-8d66-408a-8d8e-5065ca3330c2,967e785d-d83c-490b-8d6a-2ed926c956ac,TimePhoto_20250512_172653.jpg,0,"",,,U8Q2F3P4M3PWWQXF,,U8Q2F3P4M3PWWQXF,,,132ade1c-dba1-43da-a8d4-0242f7c712ff,"",normal,form,2025-05-12 11:56:53,,t,2025-05-12 12:43:03.844796,2025-05-12 12:42:57.048,2025-05-12 12:43:17.017342,,967e785d-d83c-490b-8d6a-2ed926c956ac,199673990,
94636913,bf996092-8d66-408a-8d8e-5065ca3330c2,967e785d-d83c-490b-8d6a-2ed926c956ac,TimePhoto_20250512_172704.jpg,0,"",,,U8Q2F3P4M3PWWQXF,,U8Q2F3P4M3PWWQXF,,,dbff3135-d2bb-43f9-a91f-9469cbb17fcd,"",normal,form,2025-05-12 11:57:04,,t,2025-05-12 12:43:10.90904,2025-05-12 12:42:57.3,2025-05-12 12:43:17.403112,,967e785d-d83c-490b-8d6a-2ed926c956ac,199673993,
94636949,bf996092-8d66-408a-8d8e-5065ca3330c2,967e785d-d83c-490b-8d6a-2ed926c956ac,TimePhoto_20250512_172810.jpg,0,"",,,U8Q2F3P4M3PWWQXF,,U8Q2F3P4M3PWWQXF,,,0a8b1dd1-891a-4602-9d41-e0386c51d014,"",normal,form,2025-05-12 11:58:10,,t,2025-05-12 12:43:16.546898,2025-05-12 12:42:57.507,2025-05-12 12:43:17.763815,,967e785d-d83c-490b-8d6a-2ed926c956ac,199673996,
94638848,bf996092-8d66-408a-8d8e-5065ca3330c2,967e785d-d83c-490b-8d6a-2ed926c956ac,20250512_181853_photo,0,"",,,RQ92XKNVL7KYFP4W,,RQ92XKNVL7KYFP4W,27.562704,77.663603,f40a26b0-729b-4e6f-a249-18fa99768b6b,"",normal,form,2025-05-12 12:48:47,,t,2025-05-12 12:50:02.830213,2025-05-12 12:48:53.646,2025-05-12 12:50:03.458906,,967e785d-d83c-490b-8d6a-2ed926c956ac,199677705,
94639167,bf996092-8d66-408a-8d8e-5065ca3330c2,967e785d-d83c-490b-8d6a-2ed926c956ac,20250512_182002_photo,0,"",,,RQ92XKNVL7KYFP4W,,RQ92XKNVL7KYFP4W,27.562815,77.663715,91aa1d6d-b32c-4c50-906f-265976c0858e,"",normal,form,2025-05-12 12:49:58,,t,2025-05-12 12:51:12.032549,2025-05-12 12:50:02.627,2025-05-12 12:51:12.721123,,967e785d-d83c-490b-8d6a-2ed926c956ac,199678390,
94656124,bf996092-8d66-408a-8d8e-5065ca3330c2,967e785d-d83c-490b-8d6a-2ed926c956ac,IMG-20250512-WA0045.jpg,0,"",,,U8Q2F3P4M3PWWQXF,,U8Q2F3P4M3PWWQXF,,,39f9c7a2-02ec-4ab8-bac5-3b2dd56af40a,"",normal,form,,,t,2025-05-12 13:46:10.326451,2025-05-12 13:46:04.956,2025-05-12 13:46:15.897445,,967e785d-d83c-490b-8d6a-2ed926c956ac,199713589,
94656145,bf996092-8d66-408a-8d8e-5065ca3330c2,967e785d-d83c-490b-8d6a-2ed926c956ac,IMG-20250512-WA0047.jpg,0,"",,,U8Q2F3P4M3PWWQXF,,U8Q2F3P4M3PWWQXF,,,d0666b12-96b8-4559-b5d6-3aa72aa33d3e,"",normal,form,,,t,2025-05-12 13:46:15.189286,2025-05-12 13:46:05.057,2025-05-12 13:46:16.459838,,967e785d-d83c-490b-8d6a-2ed926c956ac,199713598,
94846908,bf996092-8d66-408a-8d8e-5065ca3330c2,967e785d-d83c-490b-8d6a-2ed926c956ac,20250513_144235_photo,0,"",,,RQ92XKNVL7KYFP4W,,RQ92XKNVL7KYFP4W,,,4f26fa87-7998-47df-beba-a1af2cb62aa0,"",normal,form,2025-05-13 09:12:30,,t,2025-05-13 09:12:43.321748,2025-05-13 09:12:35.021,2025-05-13 09:12:43.892997,,967e785d-d83c-490b-8d6a-2ed926c956ac,200097015,
94846993,bf996092-8d66-408a-8d8e-5065ca3330c2,967e785d-d83c-490b-8d6a-2ed926c956ac,20250513_144323_photo,0,"",,,RQ92XKNVL7KYFP4W,,RQ92XKNVL7KYFP4W,,,1f6e1bf3-f7ea-496b-8a8b-13a32e6899d4,"",normal,form,2025-05-13 09:13:21,,t,2025-05-13 09:13:30.876696,2025-05-13 09:13:23.762,2025-05-13 09:13:31.395932,,967e785d-d83c-490b-8d6a-2ed926c956ac,200097179,
94848905,bf996092-8d66-408a-8d8e-5065ca3330c2,967e785d-d83c-490b-8d6a-2ed926c956ac,20250513_145942_photo,0,"",,,VYKJ7GRWMX37AKTY,,VYKJ7GRWMX37AKTY,27.563478,77.662821,7852ec44-d06c-450f-a38c-bba8bb66f46e,"",normal,form,2025-05-13 09:29:42.42,,t,2025-05-13 09:29:52.207378,2025-05-13 09:29:47.398,2025-05-13 09:29:52.852627,,967e785d-d83c-490b-8d6a-2ed926c956ac,200101535,
94852339,bf996092-8d66-408a-8d8e-5065ca3330c2,967e785d-d83c-490b-8d6a-2ed926c956ac,20250513_153552_photo,0,"",,,UTSJVWURK8KCQAQQ,,UTSJVWURK8KCQAQQ,27.563294,77.663483,28f779e9-a6d7-4f65-9f09-9e551ce2fbe5,"",normal,gallery,2025-05-13 10:05:52.493,,t,2025-05-13 10:13:19.491423,2025-05-13 10:05:52.386,2025-05-13 10:13:19.491423,,967e785d-d83c-490b-8d6a-2ed926c956ac,200109069,
94852710,bf996092-8d66-408a-8d8e-5065ca3330c2,967e785d-d83c-490b-8d6a-2ed926c956ac,20250513_154603_photo,0,"",,,VYKJ7GRWMX37AKTY,,VYKJ7GRWMX37AKTY,27.565352,77.661752,55beb7f9-28e5-4742-8710-54c5eda8fb69,"",normal,form,2025-05-13 10:16:03.86,,t,2025-05-13 10:16:34.715364,2025-05-13 10:16:25.305,2025-05-13 10:16:49.154077,,967e785d-d83c-490b-8d6a-2ed926c956ac,200109906,
94852728,bf996092-8d66-408a-8d8e-5065ca3330c2,967e785d-d83c-490b-8d6a-2ed926c956ac,20250513_154613_photo,0,"",,,VYKJ7GRWMX37AKTY,,VYKJ7GRWMX37AKTY,27.565352,77.661752,ecfc9c5b-2923-4446-9de7-5563d7910ef9,"",normal,form,2025-05-13 10:16:13.77,,t,2025-05-13 10:16:48.491919,2025-05-13 10:16:25.525,2025-05-13 10:16:50.118293,,967e785d-d83c-490b-8d6a-2ed926c956ac,200109908,
94860372,bf996092-8d66-408a-8d8e-5065ca3330c2,967e785d-d83c-490b-8d6a-2ed926c956ac,20250513_165321_photo,0,"",,,RQ92XKNVL7KYFP4W,,RQ92XKNVL7KYFP4W,,,0c3986e7-913f-4176-a231-7c4fbff64c16,"",normal,form,2025-05-13 11:23:10,,t,2025-05-13 11:23:31.498078,2025-05-13 11:23:21.943,2025-05-13 11:23:32.158408,,967e785d-d83c-490b-8d6a-2ed926c956ac,200126138,
94860793,bf996092-8d66-408a-8d8e-5065ca3330c2,967e785d-d83c-490b-8d6a-2ed926c956ac,20250513_165446_photo,0,"",,,RQ92XKNVL7KYFP4W,,RQ92XKNVL7KYFP4W,,,30a57d76-096a-4641-8ce5-650d8972b6e8,"",normal,form,2025-05-13 11:24:40,,t,2025-05-13 11:24:54.666352,2025-05-13 11:24:46.795,2025-05-13 11:24:55.206161,,967e785d-d83c-490b-8d6a-2ed926c956ac,200127013,
94879802,bf996092-8d66-408a-8d8e-5065ca3330c2,967e785d-d83c-490b-8d6a-2ed926c956ac,20250513_181832_photo,0,"",,,EG32WDYGKFZYZ24Q,,EG32WDYGKFZYZ24Q,27.563477,77.662821,6d103c9b-bd8d-4f7e-b597-1cb43d9f92cd,"",normal,form,2025-05-13 12:48:32.988,,t,2025-05-13 12:48:51.157942,2025-05-13 12:48:38.363,2025-05-13 12:48:51.784815,,967e785d-d83c-490b-8d6a-2ed926c956ac,200166980,
94881330,bf996092-8d66-408a-8d8e-5065ca3330c2,967e785d-d83c-490b-8d6a-2ed926c956ac,20250513_182348_photo,0,"",,,VYKJ7GRWMX37AKTY,,VYKJ7GRWMX37AKTY,27.563382,77.663243,c11fc7f7-d42f-485d-a587-b5be902cdf65,"",normal,form,2025-05-13 12:53:48.14,,t,2025-05-13 12:54:07.57595,2025-05-13 12:53:57.622,2025-05-13 12:54:08.43206,,967e785d-d83c-490b-8d6a-2ed926c956ac,200170238,
94886512,bf996092-8d66-408a-8d8e-5065ca3330c2,967e785d-d83c-490b-8d6a-2ed926c956ac,20250513_184046_photo,0,"",,,EG32WDYGKFZYZ24Q,,EG32WDYGKFZYZ24Q,27.563116,77.662741,d06bc567-e801-47a1-8b91-ad1be20a90bf,"",normal,form,2025-05-13 13:10:46.974,,t,2025-05-13 13:11:04.605246,2025-05-13 13:10:57.248,2025-05-13 13:11:05.138392,,967e785d-d83c-490b-8d6a-2ed926c956ac,200181014,
94919945,bf996092-8d66-408a-8d8e-5065ca3330c2,967e785d-d83c-490b-8d6a-2ed926c956ac,IMG-20250513-WA0026.jpg,0,"",,,U8Q2F3P4M3PWWQXF,,U8Q2F3P4M3PWWQXF,,,74aa163c-dc86-40c4-ad45-cb8631cdb30c,"",normal,form,,,t,2025-05-13 14:52:34.425744,2025-05-13 14:52:27.951,2025-05-13 14:52:35.088846,,967e785d-d83c-490b-8d6a-2ed926c956ac,200248819,
95098597,bf996092-8d66-408a-8d8e-5065ca3330c2,967e785d-d83c-490b-8d6a-2ed926c956ac,20250514_151045_photo,0,"",,,RQ92XKNVL7KYFP4W,,RQ92XKNVL7KYFP4W,,,8189fedd-8f48-4fe6-a651-067fb96d52da,"",normal,form,2025-05-14 09:39:49,,t,2025-05-14 09:40:51.780335,2025-05-14 09:40:45.266,2025-05-14 09:40:52.329108,,967e785d-d83c-490b-8d6a-2ed926c956ac,200610343,
95099340,bf996092-8d66-408a-8d8e-5065ca3330c2,967e785d-d83c-490b-8d6a-2ed926c956ac,20250514_152110_photo,0,"",,,RQ92XKNVL7KYFP4W,,RQ92XKNVL7KYFP4W,,,54983a73-2e52-439a-8ef6-6140bbf61e61,"",normal,form,2025-05-14 09:51:06,,t,2025-05-14 09:51:17.02311,2025-05-14 09:51:10.125,2025-05-14 09:51:17.489443,,967e785d-d83c-490b-8d6a-2ed926c956ac,200612004,
95100562,bf996092-8d66-408a-8d8e-5065ca3330c2,967e785d-d83c-490b-8d6a-2ed926c956ac,20250514_153714_photo,0,"",,,UTSJVWURK8KCQAQQ,,UTSJVWURK8KCQAQQ,27.563264,77.663506,9756a6ff-8e43-4603-82ad-e08427e9d213,"",normal,gallery,2025-05-14 10:07:14.816,,t,2025-05-14 10:07:19.452987,2025-05-14 10:07:14.675,2025-05-14 10:07:19.452987,,967e785d-d83c-490b-8d6a-2ed926c956ac,200614540,
95100576,bf996092-8d66-408a-8d8e-5065ca3330c2,967e785d-d83c-490b-8d6a-2ed926c956ac,20250514_153714_photo,0,"",,,UTSJVWURK8KCQAQQ,,UTSJVWURK8KCQAQQ,27.563269,77.663506,349277ac-b3d6-460a-8958-91ebd6e50963,"",normal,gallery,2025-05-14 10:07:14.865,,t,2025-05-14 10:07:25.822175,2025-05-14 10:07:14.675,2025-05-14 10:07:25.822175,,967e785d-d83c-490b-8d6a-2ed926c956ac,200614562,
95101955,bf996092-8d66-408a-8d8e-5065ca3330c2,967e785d-d83c-490b-8d6a-2ed926c956ac,20250514_155152_photo,0,"",,,VYKJ7GRWMX37AKTY,,VYKJ7GRWMX37AKTY,27.563254,77.663538,58bdb2b7-2f51-4b3c-835b-a0eda598e195,"",normal,form,2025-05-14 10:21:52.58,,t,2025-05-14 10:22:10.210932,2025-05-14 10:22:03.899,2025-05-14 10:22:10.860806,,967e785d-d83c-490b-8d6a-2ed926c956ac,200617476,
95103129,bf996092-8d66-408a-8d8e-5065ca3330c2,967e785d-d83c-490b-8d6a-2ed926c956ac,IMG-20250514-WA0070.jpg,0,"",,,YNUJS2S8LSSR8AJW,,YNUJS2S8LSSR8AJW,,,a0d4ca5e-a3c5-42b8-855e-8eb4275648a4,"",normal,issue,,,t,2025-05-14 10:33:45.409092,2025-05-14 10:33:41.975,2025-05-14 10:33:45.956857,,967e785d-d83c-490b-8d6a-2ed926c956ac,200619869,
95128589,bf996092-8d66-408a-8d8e-5065ca3330c2,967e785d-d83c-490b-8d6a-2ed926c956ac,20250514_181549_photo,0,"",,,U8Q2F3P4M3PWWQXF,,U8Q2F3P4M3PWWQXF,27.563160,77.663128,e00a293b-009f-40c3-92ee-2202f5c01aee,"",normal,form,2025-05-14 12:45:49.238,,t,2025-05-14 12:46:03.209865,2025-05-14 12:45:55.885,2025-05-14 12:46:03.717584,,967e785d-d83c-490b-8d6a-2ed926c956ac,200673176,
95138124,bf996092-8d66-408a-8d8e-5065ca3330c2,967e785d-d83c-490b-8d6a-2ed926c956ac,20250514_185012_photo,0,"",,,RQ92XKNVL7KYFP4W,,RQ92XKNVL7KYFP4W,,,7f57c0c2-5015-4164-86b9-b36af3140991,"",normal,form,2025-05-14 13:20:03,,t,2025-05-14 13:20:20.083576,2025-05-14 13:20:12.03,2025-05-14 13:20:20.719073,,967e785d-d83c-490b-8d6a-2ed926c956ac,200692406,
95138752,bf996092-8d66-408a-8d8e-5065ca3330c2,967e785d-d83c-490b-8d6a-2ed926c956ac,20250514_185200_photo,0,"",,,RQ92XKNVL7KYFP4W,,RQ92XKNVL7KYFP4W,,,01d8f6b0-95ef-4d84-9ebd-e2f674fd4989,"",normal,form,2025-05-14 13:21:55,,t,2025-05-14 13:22:05.90631,2025-05-14 13:22:00.517,2025-05-14 13:22:06.390114,,967e785d-d83c-490b-8d6a-2ed926c956ac,200693879,
95142712,bf996092-8d66-408a-8d8e-5065ca3330c2,967e785d-d83c-490b-8d6a-2ed926c956ac,20250514_190649_photo,0,"",,,VYKJ7GRWMX37AKTY,,VYKJ7GRWMX37AKTY,27.563009,77.664292,68130ba1-7864-4e0d-beaf-659c4b88b679,"",normal,form,2025-05-14 13:36:49.58,,t,2025-05-14 13:37:06.910798,2025-05-14 13:36:57.423,2025-05-14 13:37:07.675623,,967e785d-d83c-490b-8d6a-2ed926c956ac,200701476,
95347690,bf996092-8d66-408a-8d8e-5065ca3330c2,967e785d-d83c-490b-8d6a-2ed926c956ac,20250515_102059_photo,0,"",,,U8Q2F3P4M3PWWQXF,,U8Q2F3P4M3PWWQXF,27.563198,77.663529,a5f9b3de-cd1e-4173-bb51-46a7bea093d9,"",normal,form,2025-05-15 04:50:59.785,,t,2025-05-15 04:51:59.74503,2025-05-15 04:51:51.944,2025-05-15 04:52:05.678084,,967e785d-d83c-490b-8d6a-2ed926c956ac,201108131,
95347695,bf996092-8d66-408a-8d8e-5065ca3330c2,967e785d-d83c-490b-8d6a-2ed926c956ac,20250515_102127_photo,0,"",,,U8Q2F3P4M3PWWQXF,,U8Q2F3P4M3PWWQXF,27.563198,77.663529,e4b19e4c-0f05-4524-b4d8-b91577f59450,"",normal,form,2025-05-15 04:51:27.762,,t,2025-05-15 04:52:05.030803,2025-05-15 04:51:52.238,2025-05-15 04:52:06.323277,,967e785d-d83c-490b-8d6a-2ed926c956ac,201108134,
95347808,bf996092-8d66-408a-8d8e-5065ca3330c2,967e785d-d83c-490b-8d6a-2ed926c956ac,IMG-20250514-WA0028.jpg,0,"",,,U8Q2F3P4M3PWWQXF,,U8Q2F3P4M3PWWQXF,,,c080eedb-3c70-4094-ae5c-f89094abeae4,"",normal,form,,,t,2025-05-15 04:53:28.946943,2025-05-15 04:53:22.431,2025-05-15 04:53:29.450056,,967e785d-d83c-490b-8d6a-2ed926c956ac,201108324,
103647703,bf996092-8d66-408a-8d8e-5065ca3330c2,967e785d-d83c-490b-8d6a-2ed926c956ac,20250627_103732_photo,0,"",,,U8Q2F3P4M3PWWQXF,,U8Q2F3P4M3PWWQXF,27.563009,77.662795,b896b851-7a1b-4c06-9eb6-84f9243ba83c,"",normal,rfi,2025-06-27 05:07:32.803,,f,2025-06-27 05:07:51.322403,2025-06-27 05:07:38.276,2025-06-27 05:07:51.322403,,967e785d-d83c-490b-8d6a-2ed926c956ac,218251454,
95438386,bf996092-8d66-408a-8d8e-5065ca3330c2,967e785d-d83c-490b-8d6a-2ed926c956ac,20250515_191409_photo,0,"",,,RQ92XKNVL7KYFP4W,,RQ92XKNVL7KYFP4W,,,78ae57c8-6677-431b-a670-1fa18acb8173,"",normal,form,,,t,2025-05-15 14:58:19.861508,2025-05-15 14:58:19.861508,2025-05-16 04:01:34.648487,,967e785d-d83c-490b-8d6a-2ed926c956ac,201620871,
95439285,bf996092-8d66-408a-8d8e-5065ca3330c2,967e785d-d83c-490b-8d6a-2ed926c956ac,20250515_191602_photo,0,"",,,RQ92XKNVL7KYFP4W,,RQ92XKNVL7KYFP4W,,,fcdc3c20-bb33-4427-8119-a2154d4f0566,"",normal,form,,,t,2025-05-15 15:00:37.24159,2025-05-15 15:00:37.24159,2025-05-16 04:01:42.146076,,967e785d-d83c-490b-8d6a-2ed926c956ac,201620876,
103707655,bf996092-8d66-408a-8d8e-5065ca3330c2,967e785d-d83c-490b-8d6a-2ed926c956ac,20250627_190137_photo,0,"",,,VYKJ7GRWMX37AKTY,,VYKJ7GRWMX37AKTY,27.563305,77.663644,9d10cca6-7f04-4ae2-b378-19e6f5f9ce7f,"",normal,form,2025-06-27 13:31:37.457,,t,2025-06-27 13:31:54.072257,2025-06-27 13:31:44.699,2025-06-27 13:31:54.646708,,967e785d-d83c-490b-8d6a-2ed926c956ac,218378739,
103707936,bf996092-8d66-408a-8d8e-5065ca3330c2,967e785d-d83c-490b-8d6a-2ed926c956ac,20250627_190221_photo,0,"",,,VYKJ7GRWMX37AKTY,,VYKJ7GRWMX37AKTY,27.563086,77.662970,62ae4032-5566-406f-a44c-1daa077b3810,"",normal,form,2025-06-27 13:32:21.107,,t,2025-06-27 13:32:35.535321,2025-06-27 13:32:26.487,2025-06-27 13:32:35.981327,,967e785d-d83c-490b-8d6a-2ed926c956ac,218379238,
103708186,bf996092-8d66-408a-8d8e-5065ca3330c2,967e785d-d83c-490b-8d6a-2ed926c956ac,20250627_190310_photo,0,"",,,VYKJ7GRWMX37AKTY,,VYKJ7GRWMX37AKTY,27.563099,77.663020,66572f62-d2c5-4ca3-a121-8fa8e2b90af6,"",normal,form,2025-06-27 13:33:10.774,,t,2025-06-27 13:33:21.362413,2025-06-27 13:33:14.845,2025-06-27 13:33:21.834146,,967e785d-d83c-490b-8d6a-2ed926c956ac,218379800,
95601502,bf996092-8d66-408a-8d8e-5065ca3330c2,967e785d-d83c-490b-8d6a-2ed926c956ac,20250516_093402_photo,0,"",,,RQ92XKNVL7KYFP4W,,RQ92XKNVL7KYFP4W,27.564411,77.662740,355c9e7b-9be6-4ca1-aa4c-5b9d889478bd,"",normal,form,2025-05-16 04:03:57,,t,2025-05-16 04:04:09.382378,2025-05-16 04:04:02.18,2025-05-16 04:04:10.038535,,967e785d-d83c-490b-8d6a-2ed926c956ac,201621091,
95601545,bf996092-8d66-408a-8d8e-5065ca3330c2,967e785d-d83c-490b-8d6a-2ed926c956ac,20250516_093540_photo,0,"",,,RQ92XKNVL7KYFP4W,,RQ92XKNVL7KYFP4W,27.563722,77.663098,ed96e5bd-ec04-45cd-a396-0ab85408177d,"",normal,form,2025-05-16 04:05:14,,t,2025-05-16 04:05:48.407327,2025-05-16 04:05:40.225,2025-05-16 04:05:49.014255,,967e785d-d83c-490b-8d6a-2ed926c956ac,201621207,
95605027,bf996092-8d66-408a-8d8e-5065ca3330c2,967e785d-d83c-490b-8d6a-2ed926c956ac,20250516_110611_photo,0,"",,,RQ92XKNVL7KYFP4W,,RQ92XKNVL7KYFP4W,27.563350,77.662958,1bc711b9-7422-40dc-8894-d8bb5f585db6,"",normal,form,2025-05-16 05:36:06,,t,2025-05-16 05:36:20.230191,2025-05-16 05:36:11.923,2025-05-16 05:36:20.805505,,967e785d-d83c-490b-8d6a-2ed926c956ac,201628629,
95605092,bf996092-8d66-408a-8d8e-5065ca3330c2,967e785d-d83c-490b-8d6a-2ed926c956ac,20250516_110750_photo,0,"",,,RQ92XKNVL7KYFP4W,,RQ92XKNVL7KYFP4W,27.563484,77.662764,f6668c86-dd36-4e7f-9b97-3ad1c74d011e,"",normal,form,2025-05-16 05:37:44,,t,2025-05-16 05:37:58.112176,2025-05-16 05:37:50.922,2025-05-16 05:37:58.676987,,967e785d-d83c-490b-8d6a-2ed926c956ac,201628737,
95605183,bf996092-8d66-408a-8d8e-5065ca3330c2,967e785d-d83c-490b-8d6a-2ed926c956ac,20250516_110932_photo,0,"",,,RQ92XKNVL7KYFP4W,,RQ92XKNVL7KYFP4W,27.563722,77.663098,d78ec0e9-40fc-482b-b6b2-bdc46ac9d1c9,"",normal,form,2025-05-16 05:39:24,,t,2025-05-16 05:39:40.124849,2025-05-16 05:39:32.949,2025-05-16 05:39:40.930146,,967e785d-d83c-490b-8d6a-2ed926c956ac,201628882,
95605248,bf996092-8d66-408a-8d8e-5065ca3330c2,967e785d-d83c-490b-8d6a-2ed926c956ac,20250516_111043_photo,0,"",,,RQ92XKNVL7KYFP4W,,RQ92XKNVL7KYFP4W,27.563466,77.662816,9259c9a2-7eaa-4578-ad3a-860aad448966,"",normal,form,2025-05-16 05:40:38,,t,2025-05-16 05:40:51.194524,2025-05-16 05:40:43.344,2025-05-16 05:40:51.67733,,967e785d-d83c-490b-8d6a-2ed926c956ac,201628993,
95610320,bf996092-8d66-408a-8d8e-5065ca3330c2,967e785d-d83c-490b-8d6a-2ed926c956ac,20250516_123157_photo,0,"",,,VYKJ7GRWMX37AKTY,,VYKJ7GRWMX37AKTY,27.563236,77.663452,d2a813b3-3251-442b-907e-6a2489ab74be,"",normal,form,2025-05-16 07:01:57.93,,t,2025-05-16 07:03:18.438051,2025-05-16 07:02:13.348,2025-05-16 07:03:19.238493,,967e785d-d83c-490b-8d6a-2ed926c956ac,201639444,
95616333,bf996092-8d66-408a-8d8e-5065ca3330c2,967e785d-d83c-490b-8d6a-2ed926c956ac,IMG-20250516-WA0019.jpg,0,"",,,U8Q2F3P4M3PWWQXF,,U8Q2F3P4M3PWWQXF,,,9a8689c6-4b8d-409a-918d-896406f578ea,"",normal,form,,,t,2025-05-16 08:50:53.072283,2025-05-16 08:50:44.833,2025-05-16 08:50:53.796782,,967e785d-d83c-490b-8d6a-2ed926c956ac,201652438,
95618146,bf996092-8d66-408a-8d8e-5065ca3330c2,967e785d-d83c-490b-8d6a-2ed926c956ac,IMG_20250516_144711.jpg,0,"",,,VYKJ7GRWMX37AKTY,,VYKJ7GRWMX37AKTY,,,ec968549-d073-47a5-b361-526453eb69d1,"",normal,form,,,t,2025-05-16 09:19:19.151399,2025-05-16 09:19:25.636,2025-05-16 09:19:19.907464,,967e785d-d83c-490b-8d6a-2ed926c956ac,201656873,
95620237,bf996092-8d66-408a-8d8e-5065ca3330c2,967e785d-d83c-490b-8d6a-2ed926c956ac,20250516_152019_photo,0,"",,,RQ92XKNVL7KYFP4W,,RQ92XKNVL7KYFP4W,27.563722,77.663098,577a0f2e-8de3-4d49-9775-29cb154d07e4,"",normal,form,2025-05-16 09:50:12,,t,2025-05-16 09:50:28.745686,2025-05-16 09:50:19.623,2025-05-16 09:50:29.385971,,967e785d-d83c-490b-8d6a-2ed926c956ac,201661662,
95620372,bf996092-8d66-408a-8d8e-5065ca3330c2,967e785d-d83c-490b-8d6a-2ed926c956ac,20250516_152156_photo,0,"",,,RQ92XKNVL7KYFP4W,,RQ92XKNVL7KYFP4W,27.563461,77.662841,e9343142-330d-4d03-8bee-7c783f4d5601,"",normal,form,2025-05-16 09:51:50,,t,2025-05-16 09:52:04.547898,2025-05-16 09:51:56.931,2025-05-16 09:52:05.072438,,967e785d-d83c-490b-8d6a-2ed926c956ac,201661940,
95630438,bf996092-8d66-408a-8d8e-5065ca3330c2,967e785d-d83c-490b-8d6a-2ed926c956ac,20250516_165854_photo,0,"",,,VYKJ7GRWMX37AKTY,,VYKJ7GRWMX37AKTY,27.563334,77.663733,74826a45-b37b-41e5-9575-a812c2181cb3,"",normal,form,2025-05-16 11:28:54.66,,t,2025-05-16 11:29:06.391193,2025-05-16 11:29:04.381,2025-05-16 11:29:06.989386,,967e785d-d83c-490b-8d6a-2ed926c956ac,201683371,
95630569,bf996092-8d66-408a-8d8e-5065ca3330c2,967e785d-d83c-490b-8d6a-2ed926c956ac,20250516_165934_photo,0,"",,,VYKJ7GRWMX37AKTY,,VYKJ7GRWMX37AKTY,27.563092,77.663569,a90eb1c8-a748-41d4-9596-c42d5988361a,"",normal,form,2025-05-16 11:29:34.28,,t,2025-05-16 11:29:43.232642,2025-05-16 11:29:42.977,2025-05-16 11:29:43.77135,,967e785d-d83c-490b-8d6a-2ed926c956ac,201683644,
95632797,bf996092-8d66-408a-8d8e-5065ca3330c2,967e785d-d83c-490b-8d6a-2ed926c956ac,20250516_171206_photo,0,"",,,RQ92XKNVL7KYFP4W,,RQ92XKNVL7KYFP4W,27.563425,77.663813,8d5e9e9e-65cd-4472-9f6e-c4ba9c592009,"",normal,form,2025-05-16 11:42:02,,t,2025-05-16 11:42:15.762673,2025-05-16 11:42:06.79,2025-05-16 11:42:16.469584,,967e785d-d83c-490b-8d6a-2ed926c956ac,201688271,
95632917,bf996092-8d66-408a-8d8e-5065ca3330c2,967e785d-d83c-490b-8d6a-2ed926c956ac,20250516_171310_photo,0,"",,,RQ92XKNVL7KYFP4W,,RQ92XKNVL7KYFP4W,27.563095,77.663092,ce307c10-ae56-4b30-b68c-7f7370841a92,"",normal,form,2025-05-16 11:43:07,,t,2025-05-16 11:43:17.120693,2025-05-16 11:43:10.027,2025-05-16 11:43:17.700985,,967e785d-d83c-490b-8d6a-2ed926c956ac,201688518,
95633711,bf996092-8d66-408a-8d8e-5065ca3330c2,967e785d-d83c-490b-8d6a-2ed926c956ac,20250516_171707_photo,0,"",,,VYKJ7GRWMX37AKTY,,VYKJ7GRWMX37AKTY,27.563234,77.663098,86bc361d-9a72-4d7e-823f-9ea5f303a67b,"",normal,form,2025-05-16 11:47:07.8,,t,2025-05-16 11:47:46.71731,2025-05-16 11:47:18.736,2025-05-16 11:47:47.291027,,967e785d-d83c-490b-8d6a-2ed926c956ac,201690158,
95828025,bf996092-8d66-408a-8d8e-5065ca3330c2,967e785d-d83c-490b-8d6a-2ed926c956ac,IMG-20250517-WA0013.jpg,0,"",,,U8Q2F3P4M3PWWQXF,,U8Q2F3P4M3PWWQXF,,,ba027301-3253-475c-82e0-8b90033daaeb,"",normal,form,,,t,2025-05-17 11:24:21.539375,2025-05-17 11:24:15.34,2025-05-17 11:24:22.176043,,967e785d-d83c-490b-8d6a-2ed926c956ac,202081297,
95828223,bf996092-8d66-408a-8d8e-5065ca3330c2,967e785d-d83c-490b-8d6a-2ed926c956ac,IMG-20250517-WA0014.jpg,0,"",,,U8Q2F3P4M3PWWQXF,,U8Q2F3P4M3PWWQXF,,,eb84fa54-2fdf-4e05-9b66-2c9908761431,"",normal,form,,,t,2025-05-17 11:28:31.486072,2025-05-17 11:28:24.481,2025-05-19 10:02:53.411568,,967e785d-d83c-490b-8d6a-2ed926c956ac,202275342,
95833178,bf996092-8d66-408a-8d8e-5065ca3330c2,967e785d-d83c-490b-8d6a-2ed926c956ac,20250517_182755_photo,0,"",,,RQ92XKNVL7KYFP4W,,RQ92XKNVL7KYFP4W,,,c46efbe8-7160-4af1-ad96-d8ae455a776a,"",normal,form,2025-05-17 12:57:52,,t,2025-05-17 12:58:04.178382,2025-05-17 12:57:55.473,2025-05-17 12:58:04.809742,,967e785d-d83c-490b-8d6a-2ed926c956ac,202091716,
95842679,bf996092-8d66-408a-8d8e-5065ca3330c2,967e785d-d83c-490b-8d6a-2ed926c956ac,IMG_20250517_202948.jpg,0,"",,,VYKJ7GRWMX37AKTY,,U8Q2F3P4M3PWWQXF,,,da962fb9-beeb-4e41-849d-d801cf257b68,"",normal,form,,,t,2025-05-17 15:02:06.615774,2025-05-17 15:01:57.051,2025-05-19 10:06:02.921474,,967e785d-d83c-490b-8d6a-2ed926c956ac,202275734,
95872523,bf996092-8d66-408a-8d8e-5065ca3330c2,ada6015d-9fce-4f2c-b20f-fc9122d2face,20250518_080245_photo,0,"",,,CMJ2N3U8MSMRM8ZA,,CMJ2N3U8MSMRM8ZA,29.112011,77.258983,9de13db1-b816-4ebc-889b-c08dcfb3ca6f,"",normal,form,2025-05-18 02:32:45.601,,t,2025-05-18 02:32:58.345111,2025-05-18 02:32:51.377,2025-05-18 02:32:59.616362,,ada6015d-9fce-4f2c-b20f-fc9122d2face,202172725,
95877226,bf996092-8d66-408a-8d8e-5065ca3330c2,967e785d-d83c-490b-8d6a-2ed926c956ac,20250518_143946_photo,0,"",,,RQ92XKNVL7KYFP4W,,RQ92XKNVL7KYFP4W,27.563403,77.663374,df25d2f7-a049-4900-a847-59bd8babe958,"",normal,form,2025-05-18 09:09:31,,t,2025-05-18 09:09:53.826748,2025-05-18 09:09:46.37,2025-05-18 09:09:54.379417,,967e785d-d83c-490b-8d6a-2ed926c956ac,202182876,
95877275,bf996092-8d66-408a-8d8e-5065ca3330c2,967e785d-d83c-490b-8d6a-2ed926c956ac,20250518_145024_photo,0,"",,,RQ92XKNVL7KYFP4W,,RQ92XKNVL7KYFP4W,27.563722,77.663098,cb3f3941-8681-4ed4-a05e-04228289bf7d,"",normal,form,2025-05-18 09:20:13,,t,2025-05-18 09:20:32.589823,2025-05-18 09:20:24.74,2025-05-18 09:20:33.132521,,967e785d-d83c-490b-8d6a-2ed926c956ac,202183044,
95877282,bf996092-8d66-408a-8d8e-5065ca3330c2,967e785d-d83c-490b-8d6a-2ed926c956ac,20250518_145210_photo,0,"",,,RQ92XKNVL7KYFP4W,,RQ92XKNVL7KYFP4W,27.563361,77.663098,dba22b74-b642-43e1-baca-bbb8ee5c9d38,"",normal,form,2025-05-18 09:22:06,,t,2025-05-18 09:22:18.254767,2025-05-18 09:22:10.485,2025-05-18 09:22:18.93488,,967e785d-d83c-490b-8d6a-2ed926c956ac,202183061,
95877424,bf996092-8d66-408a-8d8e-5065ca3330c2,967e785d-d83c-490b-8d6a-2ed926c956ac,IMG_20250518_150844.jpg,0,"",,,VYKJ7GRWMX37AKTY,,VYKJ7GRWMX37AKTY,,,56be17f2-84a2-4ddf-9b36-4cdb27eceaea,"",normal,form,,,t,2025-05-18 09:38:48.781708,2025-05-18 09:38:57.471,2025-05-18 09:38:49.329266,,967e785d-d83c-490b-8d6a-2ed926c956ac,202183397,
95877512,bf996092-8d66-408a-8d8e-5065ca3330c2,967e785d-d83c-490b-8d6a-2ed926c956ac,20250518_151443_photo,0,"",,,RQ92XKNVL7KYFP4W,,RQ92XKNVL7KYFP4W,27.563357,77.663438,cd281c7e-1a4f-4da8-bbc8-0b2e6b9f4f09,"",normal,form,2025-05-18 09:44:35,,t,2025-05-18 09:56:42.641103,2025-05-18 09:44:43.863,2025-05-18 09:56:43.411556,,967e785d-d83c-490b-8d6a-2ed926c956ac,202183607,
95877514,bf996092-8d66-408a-8d8e-5065ca3330c2,967e785d-d83c-490b-8d6a-2ed926c956ac,20250518_151550_photo,0,"",,,RQ92XKNVL7KYFP4W,,RQ92XKNVL7KYFP4W,27.563722,77.663098,cea63df5-361b-4119-bd7f-18b387a30fa4,"",normal,form,2025-05-18 09:45:46,,t,2025-05-18 09:57:07.90018,2025-05-18 09:45:50.76,2025-05-18 09:57:08.537177,,967e785d-d83c-490b-8d6a-2ed926c956ac,202183612,
95877530,bf996092-8d66-408a-8d8e-5065ca3330c2,967e785d-d83c-490b-8d6a-2ed926c956ac,IMG-20250518-WA0027.jpg,0,"",,,RQ92XKNVL7KYFP4W,,RQ92XKNVL7KYFP4W,,,45038382-1a9a-408b-8e4a-70533ad3f50d,"",normal,form,,,t,2025-05-18 10:01:48.204986,2025-05-18 10:01:41.219,2025-05-18 10:01:54.371256,,967e785d-d83c-490b-8d6a-2ed926c956ac,202183646,
95877531,bf996092-8d66-408a-8d8e-5065ca3330c2,967e785d-d83c-490b-8d6a-2ed926c956ac,IMG-20250518-WA0026.jpg,0,"",,,RQ92XKNVL7KYFP4W,,RQ92XKNVL7KYFP4W,,,56e0b9e1-deee-497a-b053-8bee03896db6,"",normal,form,,,t,2025-05-18 10:01:53.661633,2025-05-18 10:01:41.493,2025-05-18 10:01:54.82335,,967e785d-d83c-490b-8d6a-2ed926c956ac,202183647,
95877532,bf996092-8d66-408a-8d8e-5065ca3330c2,967e785d-d83c-490b-8d6a-2ed926c956ac,IMG-20250518-WA0026.jpg,0,"",,,RQ92XKNVL7KYFP4W,,RQ92XKNVL7KYFP4W,,,e89a0fd6-9c62-4ad1-a44a-913c73b24672,"",normal,form,,,t,2025-05-18 10:02:25.989347,2025-05-18 10:02:19.815,2025-05-18 10:02:26.593601,,967e785d-d83c-490b-8d6a-2ed926c956ac,202183649,
95877605,bf996092-8d66-408a-8d8e-5065ca3330c2,967e785d-d83c-490b-8d6a-2ed926c956ac,IMG-20250518-WA0027.jpg,0,"",,,RQ92XKNVL7KYFP4W,,RQ92XKNVL7KYFP4W,,,5674627d-a52c-4fb3-ad09-bf6f4ec2e0c8,"",normal,form,,,t,2025-05-18 10:13:03.284053,2025-05-18 10:12:56.688,2025-05-18 10:13:03.911735,,967e785d-d83c-490b-8d6a-2ed926c956ac,202183813,
95877623,bf996092-8d66-408a-8d8e-5065ca3330c2,967e785d-d83c-490b-8d6a-2ed926c956ac,IMG-20250518-WA0026.jpg,0,"",,,RQ92XKNVL7KYFP4W,,RQ92XKNVL7KYFP4W,,,901621f2-8ba6-4e93-8060-226ee65b7993,"",normal,form,,,t,2025-05-18 10:14:05.99149,2025-05-18 10:14:00.616,2025-05-18 10:14:06.830566,,967e785d-d83c-490b-8d6a-2ed926c956ac,202183851,
95877820,bf996092-8d66-408a-8d8e-5065ca3330c2,967e785d-d83c-490b-8d6a-2ed926c956ac,Screenshot_2025-05-18-15-45-02-55_3e27e7f3f4d8fe940c7dc84ec90a7ae8.jpg,0,"",,,RQ92XKNVL7KYFP4W,,RQ92XKNVL7KYFP4W,,,5ea41f10-37c4-42cc-abab-3fea3ac5f630,"",normal,form,2025-05-18 10:15:02.551,,t,2025-05-18 10:26:49.862524,2025-05-18 10:16:13.251,2025-05-18 10:26:50.578515,,967e785d-d83c-490b-8d6a-2ed926c956ac,202184260,
95877823,bf996092-8d66-408a-8d8e-5065ca3330c2,967e785d-d83c-490b-8d6a-2ed926c956ac,Screenshot_2025-05-18-15-45-02-55_3e27e7f3f4d8fe940c7dc84ec90a7ae8.jpg_edited,0,"",,,RQ92XKNVL7KYFP4W,,RQ92XKNVL7KYFP4W,,,7bc12a43-bd54-4283-90ef-119408e5eebb,"",normal,form,2025-05-18 10:15:02.551,,t,2025-05-18 10:26:56.408681,2025-05-18 10:16:35.833,2025-05-18 10:26:56.975287,,967e785d-d83c-490b-8d6a-2ed926c956ac,202184264,
95877832,bf996092-8d66-408a-8d8e-5065ca3330c2,967e785d-d83c-490b-8d6a-2ed926c956ac,IMG-20250518-WA0026.jpg,0,"",,,RQ92XKNVL7KYFP4W,,RQ92XKNVL7KYFP4W,,,2e3ed21a-a7d9-4f9f-a2a3-c66f3e52713a,"",normal,form,,,t,2025-05-18 10:29:14.921906,2025-05-18 10:29:09.758,2025-05-18 10:29:15.578658,,967e785d-d83c-490b-8d6a-2ed926c956ac,202184285,
95877843,bf996092-8d66-408a-8d8e-5065ca3330c2,967e785d-d83c-490b-8d6a-2ed926c956ac,IMG-20250518-WA0026.jpg,0,"",,,RQ92XKNVL7KYFP4W,,RQ92XKNVL7KYFP4W,,,35778cd0-c5e3-4b5e-9b7c-e9032c88752e,"",normal,form,,,t,2025-05-18 10:30:58.270398,2025-05-18 10:30:52.801,2025-05-18 10:30:58.765582,,967e785d-d83c-490b-8d6a-2ed926c956ac,202184312,
95878324,bf996092-8d66-408a-8d8e-5065ca3330c2,967e785d-d83c-490b-8d6a-2ed926c956ac,Screenshot_2025-05-18-16-47-53-693_com.whatsapp.jpg,0,"",,,VYKJ7GRWMX37AKTY,,VYKJ7GRWMX37AKTY,,,800bf540-13e3-4b29-98bb-e067f7787591,"",normal,form,,,t,2025-05-18 11:22:11.837478,2025-05-18 11:22:07.088,2025-05-18 11:22:12.458375,,967e785d-d83c-490b-8d6a-2ed926c956ac,202185508,
95878359,bf996092-8d66-408a-8d8e-5065ca3330c2,967e785d-d83c-490b-8d6a-2ed926c956ac,IMG_20250518_164919.jpg,0,"",,,VYKJ7GRWMX37AKTY,,VYKJ7GRWMX37AKTY,,,33eb8b32-738f-4e58-957c-45ccddc5d261,"",normal,form,,,t,2025-05-18 11:24:34.516186,2025-05-18 11:24:29.93,2025-05-18 11:24:35.328168,,967e785d-d83c-490b-8d6a-2ed926c956ac,202185613,
95879934,bf996092-8d66-408a-8d8e-5065ca3330c2,967e785d-d83c-490b-8d6a-2ed926c956ac,20250518_182309_photo,0,"",,,WK7J3NJWMTCK9UWQ,,WK7J3NJWMTCK9UWQ,27.563504,77.662746,d092334a-841c-4911-bf2e-70453825bd20,"",normal,rfi,2025-05-18 12:52:41,,f,2025-05-18 12:53:18.315843,2025-05-18 12:53:09.224,2025-05-18 12:53:33.135334,,967e785d-d83c-490b-8d6a-2ed926c956ac,202188804,
95879935,bf996092-8d66-408a-8d8e-5065ca3330c2,967e785d-d83c-490b-8d6a-2ed926c956ac,20250518_182309_photo,0,"",,,WK7J3NJWMTCK9UWQ,,WK7J3NJWMTCK9UWQ,27.563504,77.662746,be7374ba-ab4e-4540-93e6-8736c0ee95aa,"",normal,rfi,2025-05-18 12:52:55,,f,2025-05-18 12:53:25.387804,2025-05-18 12:53:09.405,2025-05-18 12:53:33.688387,,967e785d-d83c-490b-8d6a-2ed926c956ac,202188805,
95879936,bf996092-8d66-408a-8d8e-5065ca3330c2,967e785d-d83c-490b-8d6a-2ed926c956ac,20250518_182309_photo,0,"",,,WK7J3NJWMTCK9UWQ,,WK7J3NJWMTCK9UWQ,27.563504,77.662746,40f8dba6-8d6e-4dfa-bffd-fd336a05dbcc,"",normal,rfi,2025-05-18 12:53:03,,f,2025-05-18 12:53:32.593581,2025-05-18 12:53:09.526,2025-05-18 12:53:34.168564,,967e785d-d83c-490b-8d6a-2ed926c956ac,202188807,
103881904,bf996092-8d66-408a-8d8e-5065ca3330c2,967e785d-d83c-490b-8d6a-2ed926c956ac,WhatsApp Image 2025-06-28 at 5.11.40 PM,361684,"",,,KNL28BHPJJMCM75F,,KNL28BHPJJMCM75F,,,22d320d1-7f39-460e-9139-731921fa8275,"",normal,issue,,,t,2025-06-28 11:44:17.895673,2025-06-28 11:44:17.895673,2025-06-28 11:44:24.801261,,967e785d-d83c-490b-8d6a-2ed926c956ac,218728360,
103881906,bf996092-8d66-408a-8d8e-5065ca3330c2,967e785d-d83c-490b-8d6a-2ed926c956ac,WhatsApp Image 2025-06-28 at 5.09.33 PM (1),209510,"",,,KNL28BHPJJMCM75F,,KNL28BHPJJMCM75F,,,a7fb4b35-db65-42ed-afd4-a67bc1828039,"",normal,issue,,,t,2025-06-28 11:44:18.721252,2025-06-28 11:44:18.721252,2025-06-28 11:44:24.214473,,967e785d-d83c-490b-8d6a-2ed926c956ac,218728362,
103881910,bf996092-8d66-408a-8d8e-5065ca3330c2,967e785d-d83c-490b-8d6a-2ed926c956ac,WhatsApp Image 2025-06-28 at 5.09.33 PM,154485,"",,,KNL28BHPJJMCM75F,,KNL28BHPJJMCM75F,,,79d88a42-c7ac-4efa-8403-3f27b8aa6205,"",normal,issue,,,t,2025-06-28 11:44:19.78065,2025-06-28 11:44:19.78065,2025-06-28 11:44:24.174345,,967e785d-d83c-490b-8d6a-2ed926c956ac,218728363,
103881905,bf996092-8d66-408a-8d8e-5065ca3330c2,967e785d-d83c-490b-8d6a-2ed926c956ac,WhatsApp Image 2025-06-28 at 5.09.33 PM (2),301479,"",,,KNL28BHPJJMCM75F,,KNL28BHPJJMCM75F,,,db23f603-714c-4175-a4e1-d4f81c4000c3,"",normal,issue,,,t,2025-06-28 11:44:17.953192,2025-06-28 11:44:17.953192,2025-06-28 11:44:24.175496,,967e785d-d83c-490b-8d6a-2ed926c956ac,218728365,
103881907,bf996092-8d66-408a-8d8e-5065ca3330c2,967e785d-d83c-490b-8d6a-2ed926c956ac,WhatsApp Image 2025-06-28 at 5.11.39 PM,435555,"",,,KNL28BHPJJMCM75F,,KNL28BHPJJMCM75F,,,4733f699-cb59-410e-bb6f-ee2f931d8d75,"",normal,issue,,,t,2025-06-28 11:44:18.730873,2025-06-28 11:44:18.730873,2025-06-28 11:44:24.220103,,967e785d-d83c-490b-8d6a-2ed926c956ac,218728367,
103887523,bf996092-8d66-408a-8d8e-5065ca3330c2,967e785d-d83c-490b-8d6a-2ed926c956ac,Screenshot_20250628-171655.WhatsApp.png,0,"",,,VYKJ7GRWMX37AKTY,,VYKJ7GRWMX37AKTY,,,8c0cd1c0-dba3-4b15-b40a-31fcc3fe2b3b,"",normal,form,,,t,2025-06-28 13:05:23.112217,2025-06-28 13:05:16.85,2025-06-28 13:05:23.612179,,967e785d-d83c-490b-8d6a-2ed926c956ac,218739316,
95918253,bf996092-8d66-408a-8d8e-5065ca3330c2,ada6015d-9fce-4f2c-b20f-fc9122d2face,20250519_151039_photo,0,"",,,CMJ2N3U8MSMRM8ZA,,CMJ2N3U8MSMRM8ZA,,,8517d648-6383-4a58-a245-1faf08258c87,"",normal,form,2025-05-19 09:40:39.202,,t,2025-05-19 09:40:49.959698,2025-05-19 09:40:43.534,2025-05-19 09:40:50.424274,,ada6015d-9fce-4f2c-b20f-fc9122d2face,202271334,
95918482,bf996092-8d66-408a-8d8e-5065ca3330c2,ada6015d-9fce-4f2c-b20f-fc9122d2face,20250519_151307_photo,0,"",,,CMJ2N3U8MSMRM8ZA,,CMJ2N3U8MSMRM8ZA,,,18aeac68-63cb-4072-95dc-61b26a960022,"",normal,form,2025-05-19 09:43:07.539,,t,2025-05-19 09:43:16.137298,2025-05-19 09:43:10.77,2025-05-19 09:43:16.63746,,ada6015d-9fce-4f2c-b20f-fc9122d2face,202271971,
95919653,bf996092-8d66-408a-8d8e-5065ca3330c2,ada6015d-9fce-4f2c-b20f-fc9122d2face,20250519_152723_photo,0,"",,,YJV2UM8AM54LC85B,,YJV2UM8AM54LC85B,28.669230,77.431060,281de875-f8b4-486b-a9a9-ccc80411ad2d,"",normal,form,2025-05-19 09:57:23,,t,2025-05-19 09:57:37.679657,2025-05-19 09:57:27.923,2025-05-19 09:57:38.627199,,ada6015d-9fce-4f2c-b20f-fc9122d2face,202274654,
95919676,bf996092-8d66-408a-8d8e-5065ca3330c2,ada6015d-9fce-4f2c-b20f-fc9122d2face,20250519_152809_photo,0,"",,,YJV2UM8AM54LC85B,,YJV2UM8AM54LC85B,28.669230,77.431059,43509991-496b-4dd7-a7fe-f6cd633d9097,"",normal,form,2025-05-19 09:58:09.184,,t,2025-05-19 09:58:16.951391,2025-05-19 09:58:12.896,2025-05-19 09:58:17.908134,,ada6015d-9fce-4f2c-b20f-fc9122d2face,202274711,
95920193,bf996092-8d66-408a-8d8e-5065ca3330c2,ada6015d-9fce-4f2c-b20f-fc9122d2face,20250519_153653_photo,0,"",,,7XGJKR7GMJ4QN93J,,7XGJKR7GMJ4QN93J,28.669287,77.431112,cda61b48-afeb-46af-a1fa-85ffa372b3f2,"",normal,form,2025-05-19 10:06:53.063,,t,2025-05-19 10:07:07.109174,2025-05-19 10:06:59.919,2025-05-19 10:07:07.725932,,ada6015d-9fce-4f2c-b20f-fc9122d2face,202275941,
95920281,bf996092-8d66-408a-8d8e-5065ca3330c2,967e785d-d83c-490b-8d6a-2ed926c956ac,IMG-20250519-WA0014.jpg,0,"",,,U8Q2F3P4M3PWWQXF,,U8Q2F3P4M3PWWQXF,,,43fe319f-b33e-43ba-a12d-2d1c57e9ea46,"",normal,form,,,t,2025-05-19 10:08:21.898655,2025-05-19 10:08:15.051,2025-05-19 10:08:22.374775,,967e785d-d83c-490b-8d6a-2ed926c956ac,202276119,
95920398,bf996092-8d66-408a-8d8e-5065ca3330c2,967e785d-d83c-490b-8d6a-2ed926c956ac,IMG-20250519-WA0015.jpg,0,"",,,U8Q2F3P4M3PWWQXF,,U8Q2F3P4M3PWWQXF,,,0d338a7b-2cd3-441c-946b-de008de5f9e3,"",normal,form,,,t,2025-05-19 10:10:21.915029,2025-05-19 10:10:16.902,2025-05-19 10:10:22.611258,,967e785d-d83c-490b-8d6a-2ed926c956ac,202276375,
95920538,bf996092-8d66-408a-8d8e-5065ca3330c2,967e785d-d83c-490b-8d6a-2ed926c956ac,IMG-20250518-WA0024.jpg,0,"",,,U8Q2F3P4M3PWWQXF,,U8Q2F3P4M3PWWQXF,,,dcf8c0eb-0821-44db-bfc5-5f62c811d070,"",normal,form,,,t,2025-05-19 10:12:06.674975,2025-05-19 10:12:01.395,2025-05-19 10:12:07.123138,,967e785d-d83c-490b-8d6a-2ed926c956ac,202276684,
95920572,bf996092-8d66-408a-8d8e-5065ca3330c2,967e785d-d83c-490b-8d6a-2ed926c956ac,20250519_154214_photo,0,"",,,RQ92XKNVL7KYFP4W,,RQ92XKNVL7KYFP4W,27.563054,77.663641,646d84c0-7860-4cfb-9dac-92df13e4d31e,"",normal,form,2025-05-19 10:12:07,,t,2025-05-19 10:12:24.330721,2025-05-19 10:12:14.393,2025-05-19 10:12:25.578056,,967e785d-d83c-490b-8d6a-2ed926c956ac,202276762,
95920791,bf996092-8d66-408a-8d8e-5065ca3330c2,ada6015d-9fce-4f2c-b20f-fc9122d2face,20250519_154404_photo,0,"",,,YQH2SLPMM8Q48DDT,,YQH2SLPMM8Q48DDT,28.669342,77.431178,ead15cfb-1afb-4497-8657-2ef8cbc7bf16,"",normal,form,2025-05-19 10:14:04.105,,t,2025-05-19 10:14:27.207948,2025-05-19 10:14:15.911,2025-05-19 10:14:27.72475,,ada6015d-9fce-4f2c-b20f-fc9122d2face,202277202,
95920970,bf996092-8d66-408a-8d8e-5065ca3330c2,967e785d-d83c-490b-8d6a-2ed926c956ac,20250519_154622_photo,0,"",,,RQ92XKNVL7KYFP4W,,RQ92XKNVL7KYFP4W,27.563722,77.663098,174ddc31-d01e-42a5-8767-22968448c77c,"",normal,form,2025-05-19 10:16:19,,t,2025-05-19 10:16:30.815586,2025-05-19 10:16:22.749,2025-05-19 10:16:32.025814,,967e785d-d83c-490b-8d6a-2ed926c956ac,202277638,
95921015,bf996092-8d66-408a-8d8e-5065ca3330c2,967e785d-d83c-490b-8d6a-2ed926c956ac,20250519_154700_photo,0,"",,,RQ92XKNVL7KYFP4W,,RQ92XKNVL7KYFP4W,27.563316,77.662950,f05a3fd4-ea2e-4858-bbe3-321bcb2b87b7,"",normal,form,2025-05-19 10:16:54,,t,2025-05-19 10:17:08.553753,2025-05-19 10:17:00.496,2025-05-19 10:17:09.404855,,967e785d-d83c-490b-8d6a-2ed926c956ac,202277730,
95921058,bf996092-8d66-408a-8d8e-5065ca3330c2,ada6015d-9fce-4f2c-b20f-fc9122d2face,20250519_154730_photo,0,"",,,YQH2SLPMM8Q48DDT,,YQH2SLPMM8Q48DDT,28.669378,77.431222,b3d0891a-3431-4a05-a45a-d85707177fc1,"",normal,form,2025-05-19 10:17:30.314,,t,2025-05-19 10:17:46.439304,2025-05-19 10:17:37.332,2025-05-19 10:17:47.103234,,ada6015d-9fce-4f2c-b20f-fc9122d2face,202277805,
95921824,bf996092-8d66-408a-8d8e-5065ca3330c2,ada6015d-9fce-4f2c-b20f-fc9122d2face,20250519_155703_photo,0,"",,,YQH2SLPMM8Q48DDT,,YQH2SLPMM8Q48DDT,28.669483,77.431470,4ee78eff-d120-466a-b209-5e626586f682,"",normal,form,2025-05-19 10:27:03.309,,t,2025-05-19 10:27:18.08443,2025-05-19 10:27:09.192,2025-05-19 10:27:18.599603,,ada6015d-9fce-4f2c-b20f-fc9122d2face,202279307,
95921885,bf996092-8d66-408a-8d8e-5065ca3330c2,ada6015d-9fce-4f2c-b20f-fc9122d2face,20250519_155809_photo,0,"",,,YQH2SLPMM8Q48DDT,,YQH2SLPMM8Q48DDT,28.669218,77.431058,298611a0-8c06-4de2-a0da-c5dd23808f9c,"",normal,form,2025-05-19 10:28:09.091,,t,2025-05-19 10:28:28.366508,2025-05-19 10:28:20.023,2025-05-19 10:28:29.177827,,ada6015d-9fce-4f2c-b20f-fc9122d2face,202279441,
95921931,bf996092-8d66-408a-8d8e-5065ca3330c2,ada6015d-9fce-4f2c-b20f-fc9122d2face,20250519_155855_photo,0,"",,,YQH2SLPMM8Q48DDT,,YQH2SLPMM8Q48DDT,28.669405,77.431254,f5076b57-43d3-45c1-b804-54d5ea17f974,"",normal,form,2025-05-19 10:28:55.512,,t,2025-05-19 10:29:11.861643,2025-05-19 10:29:04.047,2025-05-19 10:29:12.403468,,ada6015d-9fce-4f2c-b20f-fc9122d2face,202279532,
95922054,bf996092-8d66-408a-8d8e-5065ca3330c2,ada6015d-9fce-4f2c-b20f-fc9122d2face,20250519_160040_photo,0,"",,,CMJ2N3U8MSMRM8ZA,,CMJ2N3U8MSMRM8ZA,,,399de4c8-3415-4770-80aa-487cb319e82d,"",normal,form,2025-05-19 10:30:40.913,,t,2025-05-19 10:30:50.9123,2025-05-19 10:30:44.697,2025-05-19 10:30:51.550423,,ada6015d-9fce-4f2c-b20f-fc9122d2face,202279832,
95922110,bf996092-8d66-408a-8d8e-5065ca3330c2,ada6015d-9fce-4f2c-b20f-fc9122d2face,20250519_160122_photo,0,"",,,CMJ2N3U8MSMRM8ZA,,CMJ2N3U8MSMRM8ZA,,,1c7711f4-b9f1-48b6-af15-9043538c83da,"",normal,form,2025-05-19 10:31:22.12,,t,2025-05-19 10:31:29.407576,2025-05-19 10:31:24.196,2025-05-19 10:31:29.990501,,ada6015d-9fce-4f2c-b20f-fc9122d2face,202279937,
95922258,bf996092-8d66-408a-8d8e-5065ca3330c2,ada6015d-9fce-4f2c-b20f-fc9122d2face,20250519_160329_photo,0,"",,,YQH2SLPMM8Q48DDT,,YQH2SLPMM8Q48DDT,28.669364,77.431205,1c7d1286-feac-45a6-875b-6139b59e7b62,"",normal,form,2025-05-19 10:33:29.281,,t,2025-05-19 10:33:40.349334,2025-05-19 10:33:32.048,2025-05-19 10:33:41.140771,,ada6015d-9fce-4f2c-b20f-fc9122d2face,202280255,
95922447,bf996092-8d66-408a-8d8e-5065ca3330c2,ada6015d-9fce-4f2c-b20f-fc9122d2face,20250519_160532_photo,0,"",,,YJV2UM8AM54LC85B,,V9Q2X946QA52XTJG,28.669230,77.431060,0c789961-4be2-4395-b561-d05cf872e594,"",normal,form,2025-05-19 10:35:32.499,,t,2025-05-19 10:35:40.74156,2025-05-19 10:35:36.933,2025-05-19 10:46:05.343967,,ada6015d-9fce-4f2c-b20f-fc9122d2face,202282323,
95922453,bf996092-8d66-408a-8d8e-5065ca3330c2,ada6015d-9fce-4f2c-b20f-fc9122d2face,20250519_160533_photo,0,"",,,YJV2UM8AM54LC85B,,YJV2UM8AM54LC85B,28.669230,77.431060,8b3ca907-97a9-4182-9c9f-ecc9b68b33a7,"",normal,form,2025-05-19 10:35:33.487,,t,2025-05-19 10:35:45.965802,2025-05-19 10:35:37.12,2025-05-19 10:35:46.919819,,ada6015d-9fce-4f2c-b20f-fc9122d2face,202280667,
95922452,bf996092-8d66-408a-8d8e-5065ca3330c2,ada6015d-9fce-4f2c-b20f-fc9122d2face,20250519_160530_photo,0,"",,,YQH2SLPMM8Q48DDT,,YQH2SLPMM8Q48DDT,28.669227,77.431057,2206abf4-0e79-49d5-9124-62629f47a6ac,"",normal,form,2025-05-19 10:35:30.26,,t,2025-05-19 10:35:45.786759,2025-05-19 10:35:37.582,2025-05-19 10:35:53.473874,,ada6015d-9fce-4f2c-b20f-fc9122d2face,202280678,
95922462,bf996092-8d66-408a-8d8e-5065ca3330c2,ada6015d-9fce-4f2c-b20f-fc9122d2face,20250519_160530_photo,0,"",,,YQH2SLPMM8Q48DDT,,YQH2SLPMM8Q48DDT,28.669227,77.431057,a06ded8f-ab4c-4fbc-8f0b-e358eaa10749,"",normal,form,2025-05-19 10:35:30.64,,t,2025-05-19 10:35:52.971303,2025-05-19 10:35:37.782,2025-05-19 10:35:53.939402,,ada6015d-9fce-4f2c-b20f-fc9122d2face,202280680,
95922970,bf996092-8d66-408a-8d8e-5065ca3330c2,ada6015d-9fce-4f2c-b20f-fc9122d2face,20250519_161144_photo,0,"",,,7XGJKR7GMJ4QN93J,,7XGJKR7GMJ4QN93J,28.669276,77.431186,9d3cab53-8658-434e-af34-7760879bcbbc,"",normal,form,2025-05-19 10:41:44.078,,t,2025-05-19 10:41:53.487159,2025-05-19 10:41:47.681,2025-05-19 10:41:54.315819,,ada6015d-9fce-4f2c-b20f-fc9122d2face,202281669,
95923204,bf996092-8d66-408a-8d8e-5065ca3330c2,ada6015d-9fce-4f2c-b20f-fc9122d2face,20250519_161516_photo,0,"",,,V9Q2X946QA52XTJG,,V9Q2X946QA52XTJG,,,d63d3679-d4f1-4f52-b34d-568a32e44105,"",normal,form,2025-05-19 10:45:16.274,,t,2025-05-19 10:45:24.645782,2025-05-19 10:45:18.09,2025-05-19 10:45:25.091677,,ada6015d-9fce-4f2c-b20f-fc9122d2face,202282192,
95923246,bf996092-8d66-408a-8d8e-5065ca3330c2,ada6015d-9fce-4f2c-b20f-fc9122d2face,20250519_161532_photo,0,"",,,V9Q2X946QA52XTJG,,V9Q2X946QA52XTJG,,,53cda523-90f3-40e5-b4fe-5c5099267571,"",normal,form,2025-05-19 10:45:32.461,,t,2025-05-19 10:45:43.590483,2025-05-19 10:45:34.321,2025-05-19 10:45:44.219633,,ada6015d-9fce-4f2c-b20f-fc9122d2face,202282264,
95923301,bf996092-8d66-408a-8d8e-5065ca3330c2,ada6015d-9fce-4f2c-b20f-fc9122d2face,20250519_161617_photo,0,"",,,V9Q2X946QA52XTJG,,V9Q2X946QA52XTJG,,,2a4068bd-b7b2-4c2e-a353-60f7a6428a29,"",normal,form,2025-05-19 10:46:17.812,,t,2025-05-19 10:46:35.148799,2025-05-19 10:46:19.656,2025-05-19 10:46:35.64011,,ada6015d-9fce-4f2c-b20f-fc9122d2face,202282373,
95923592,bf996092-8d66-408a-8d8e-5065ca3330c2,ada6015d-9fce-4f2c-b20f-fc9122d2face,20250519_162006_photo,0,"",,,V9Q2X946QA52XTJG,,V9Q2X946QA52XTJG,,,e31952da-5167-4769-b683-bc798806153f,"",normal,form,2025-05-19 10:50:06.46,,t,2025-05-19 10:50:18.994102,2025-05-19 10:50:07.875,2025-05-19 10:50:19.415904,,ada6015d-9fce-4f2c-b20f-fc9122d2face,202282961,
95923600,bf996092-8d66-408a-8d8e-5065ca3330c2,ada6015d-9fce-4f2c-b20f-fc9122d2face,20250519_162019_photo,0,"",,,V9Q2X946QA52XTJG,,V9Q2X946QA52XTJG,,,8618573b-96b2-4124-8be5-b4c0c08236f3,"",normal,form,2025-05-19 10:50:19.874,,t,2025-05-19 10:50:31.547375,2025-05-19 10:50:21.26,2025-05-19 10:50:31.997833,,ada6015d-9fce-4f2c-b20f-fc9122d2face,202282989,
95923987,bf996092-8d66-408a-8d8e-5065ca3330c2,ada6015d-9fce-4f2c-b20f-fc9122d2face,20250519_162532_photo,0,"",,,V9Q2X946QA52XTJG,,V9Q2X946QA52XTJG,,,2144f259-5285-48c8-bf90-fd2d988c957c,"",normal,form,2025-05-19 10:55:32.437,,t,2025-05-19 10:55:40.653468,2025-05-19 10:55:34.541,2025-05-19 10:55:41.069047,,ada6015d-9fce-4f2c-b20f-fc9122d2face,202283850,
95924446,bf996092-8d66-408a-8d8e-5065ca3330c2,ada6015d-9fce-4f2c-b20f-fc9122d2face,20250519_163154_photo,0,"",,,3TSJN3BRN9YVX2DX,,3TSJN3BRN9YVX2DX,28.669328,77.431067,7765b7c1-6627-4d57-8fad-7e2c96d0e812,"",normal,gallery,2025-05-19 11:01:54.881,,t,2025-05-19 11:01:59.432321,2025-05-19 11:01:54.792,2025-05-19 11:01:59.432321,,ada6015d-9fce-4f2c-b20f-fc9122d2face,202284789,
103978564,bf996092-8d66-408a-8d8e-5065ca3330c2,967e785d-d83c-490b-8d6a-2ed926c956ac,19040101_052110_video,0,"",,,VYKJ7GRWMX37AKTY,,VYKJ7GRWMX37AKTY,,,3e606ff3-bcaa-475a-a17f-20b4fe38c34b,"",video,form,1904-01-01 00:00:00,,t,2025-06-29 04:21:36.915711,2025-06-29 04:21:28.503,2025-06-29 04:21:37.435536,,967e785d-d83c-490b-8d6a-2ed926c956ac,218920422,
96122197,bf996092-8d66-408a-8d8e-5065ca3330c2,967e785d-d83c-490b-8d6a-2ed926c956ac,20250520_104247_photo,0,"",,,VYKJ7GRWMX37AKTY,,VYKJ7GRWMX37AKTY,27.563035,77.663397,1afb4c06-ef5c-4e19-854f-2b09126cedbc,"",normal,form,2025-05-20 05:12:47.96,,t,2025-05-20 05:13:41.462224,2025-05-20 05:12:56.402,2025-05-20 05:13:42.611827,,967e785d-d83c-490b-8d6a-2ed926c956ac,202692111,
96122658,bf996092-8d66-408a-8d8e-5065ca3330c2,967e785d-d83c-490b-8d6a-2ed926c956ac,IMG20250520103707.jpg,0,"",,,RQ92XKNVL7KYFP4W,,RQ92XKNVL7KYFP4W,27.563311,77.663086,e29d404a-d330-4cd6-b1a3-ce6c7a5049b4,"",normal,form,2025-05-20 05:06:40,,t,2025-05-20 05:25:49.777633,2025-05-20 05:25:38.332,2025-05-20 05:25:50.690713,,967e785d-d83c-490b-8d6a-2ed926c956ac,202693195,
96122784,bf996092-8d66-408a-8d8e-5065ca3330c2,967e785d-d83c-490b-8d6a-2ed926c956ac,20250520_105804_photo,0,"",,,RQ92XKNVL7KYFP4W,,RQ92XKNVL7KYFP4W,27.563722,77.663098,9365d730-9ed7-4285-b920-67403f54819e,"",normal,form,2025-05-20 05:27:55,,t,2025-05-20 05:28:13.459361,2025-05-20 05:28:04.251,2025-05-20 05:28:14.109442,,967e785d-d83c-490b-8d6a-2ed926c956ac,202693463,
96122876,bf996092-8d66-408a-8d8e-5065ca3330c2,967e785d-d83c-490b-8d6a-2ed926c956ac,20250520_105940_photo,0,"",,,RQ92XKNVL7KYFP4W,,RQ92XKNVL7KYFP4W,27.563722,77.663098,dd7217e7-61eb-431f-9d89-a16b88e9da76,"",normal,form,2025-05-20 05:29:37,,t,2025-05-20 05:29:48.620003,2025-05-20 05:29:40.894,2025-05-20 05:29:49.182626,,967e785d-d83c-490b-8d6a-2ed926c956ac,202693680,
96122899,bf996092-8d66-408a-8d8e-5065ca3330c2,967e785d-d83c-490b-8d6a-2ed926c956ac,20250520_110002_photo,0,"",,,RQ92XKNVL7KYFP4W,,RQ92XKNVL7KYFP4W,27.562873,77.663320,a5fba623-bdd1-4413-8042-0cdbf5e502a1,"",normal,form,2025-05-20 05:29:58,,t,2025-05-20 05:30:10.329211,2025-05-20 05:30:02.398,2025-05-20 05:30:11.673556,,967e785d-d83c-490b-8d6a-2ed926c956ac,202693726,
96123041,bf996092-8d66-408a-8d8e-5065ca3330c2,967e785d-d83c-490b-8d6a-2ed926c956ac,20250520_110249_photo,0,"",,,RQ92XKNVL7KYFP4W,,RQ92XKNVL7KYFP4W,27.563722,77.663098,49417180-87d0-4c72-be12-25ad2c3e9979,"",normal,form,2025-05-20 05:32:39,,t,2025-05-20 05:33:06.982286,2025-05-20 05:32:49.468,2025-05-20 05:33:07.655911,,967e785d-d83c-490b-8d6a-2ed926c956ac,202694049,
96123736,bf996092-8d66-408a-8d8e-5065ca3330c2,967e785d-d83c-490b-8d6a-2ed926c956ac,20250520_111547_photo,0,"",,,VYKJ7GRWMX37AKTY,,VYKJ7GRWMX37AKTY,27.563035,77.663397,d27ab17f-5564-404a-b726-ad6d29e928ad,"",normal,form,2025-05-20 05:45:47.46,,t,2025-05-20 05:46:38.698225,2025-05-20 05:45:56.599,2025-05-20 05:46:39.788512,,967e785d-d83c-490b-8d6a-2ed926c956ac,202695498,
96123821,bf996092-8d66-408a-8d8e-5065ca3330c2,967e785d-d83c-490b-8d6a-2ed926c956ac,20250520_111655_photo,0,"",,,VYKJ7GRWMX37AKTY,,VYKJ7GRWMX37AKTY,27.563035,77.663397,483fe192-8de8-4076-a96d-abd227795f0c,"",normal,form,2025-05-20 05:46:55.1,,t,2025-05-20 05:48:08.677039,2025-05-20 05:47:40.86,2025-05-20 05:48:09.403828,,967e785d-d83c-490b-8d6a-2ed926c956ac,202695679,
96123966,bf996092-8d66-408a-8d8e-5065ca3330c2,967e785d-d83c-490b-8d6a-2ed926c956ac,20250520_112059_photo,0,"",,,VYKJ7GRWMX37AKTY,,U8Q2F3P4M3PWWQXF,27.563035,77.663397,72e38d35-c867-4208-9f90-0512b1a1075a,"",normal,form,2025-05-20 05:50:59.2,,t,2025-05-20 05:51:20.735383,2025-05-20 05:51:07.736,2025-05-21 11:37:13.116235,,967e785d-d83c-490b-8d6a-2ed926c956ac,203346659,
96124021,bf996092-8d66-408a-8d8e-5065ca3330c2,967e785d-d83c-490b-8d6a-2ed926c956ac,20250520_112219_photo,0,"",,,RQ92XKNVL7KYFP4W,,RQ92XKNVL7KYFP4W,27.563459,77.662806,99f361d5-60c5-4cae-9562-dbcedec9fae1,"",normal,form,2025-05-20 05:52:06,,t,2025-05-20 05:52:29.084731,2025-05-20 05:52:19.733,2025-05-20 05:52:29.681389,,967e785d-d83c-490b-8d6a-2ed926c956ac,202696130,
96124077,bf996092-8d66-408a-8d8e-5065ca3330c2,967e785d-d83c-490b-8d6a-2ed926c956ac,20250520_112324_photo,0,"",,,RQ92XKNVL7KYFP4W,,RQ92XKNVL7KYFP4W,27.563722,77.663098,6be263d1-eedc-4555-ac8e-f03ecdb210c3,"",normal,form,2025-05-20 05:53:21,,t,2025-05-20 05:53:31.721262,2025-05-20 05:53:24.836,2025-05-20 05:53:32.317657,,967e785d-d83c-490b-8d6a-2ed926c956ac,202696266,
96124834,bf996092-8d66-408a-8d8e-5065ca3330c2,967e785d-d83c-490b-8d6a-2ed926c956ac,IMG-20250520-WA0009.jpg,0,"",,,U8Q2F3P4M3PWWQXF,,U8Q2F3P4M3PWWQXF,,,13c2a8ab-5655-46f6-b969-9b349663b498,"",normal,form,,,t,2025-05-20 06:13:51.105256,2025-05-20 06:13:45.353,2025-05-20 06:13:51.542888,,967e785d-d83c-490b-8d6a-2ed926c956ac,202697925,
103983388,bf996092-8d66-408a-8d8e-5065ca3330c2,967e785d-d83c-490b-8d6a-2ed926c956ac,Screenshot_20250629-095905.WhatsApp.png,0,"",,,VYKJ7GRWMX37AKTY,,VYKJ7GRWMX37AKTY,,,441c0d16-1434-4d3d-937c-b3acd5dc8212,"",normal,form,2025-06-29 04:29:05.863,,t,2025-06-29 04:30:44.454148,2025-06-29 04:30:37.045,2025-06-29 04:30:44.954956,,967e785d-d83c-490b-8d6a-2ed926c956ac,218927911,
103983505,bf996092-8d66-408a-8d8e-5065ca3330c2,967e785d-d83c-490b-8d6a-2ed926c956ac,19040101_052110_video,0,"",,,VYKJ7GRWMX37AKTY,,VYKJ7GRWMX37AKTY,,,0296617e-5726-4fbe-9648-0858cd69b802,"",video,form,1904-01-01 00:00:00,,t,2025-06-29 04:33:07.905786,2025-06-29 04:32:59.742,2025-06-29 04:33:08.447704,,967e785d-d83c-490b-8d6a-2ed926c956ac,218929052,
103983522,bf996092-8d66-408a-8d8e-5065ca3330c2,967e785d-d83c-490b-8d6a-2ed926c956ac,19040101_052110_video,0,"",,,VYKJ7GRWMX37AKTY,,VYKJ7GRWMX37AKTY,,,fac45a79-2223-447b-a9d7-9c31a337b1d6,"",video,form,1904-01-01 00:00:00,,t,2025-06-29 04:34:43.85592,2025-06-29 04:34:36.919,2025-06-29 04:34:44.393723,,967e785d-d83c-490b-8d6a-2ed926c956ac,218929871,
96142173,bf996092-8d66-408a-8d8e-5065ca3330c2,f679f4cf-c089-4a2b-9b84-b14129630601,Screenshot 2025-05-20 155107,321343,"",,,7XGJKR7GMJ4QN93J,,7XGJKR7GMJ4QN93J,,,0466dc22-7158-4b80-b6a3-b1afa93cb5e4,"",normal,rfi,,,f,2025-05-20 10:26:22.128135,2025-05-20 10:26:22.128135,2025-05-20 10:26:25.634814,,f679f4cf-c089-4a2b-9b84-b14129630601,202736547,
96142170,bf996092-8d66-408a-8d8e-5065ca3330c2,f679f4cf-c089-4a2b-9b84-b14129630601,Screenshot 2025-05-20 155053,309100,"",,,7XGJKR7GMJ4QN93J,,7XGJKR7GMJ4QN93J,,,45699ac3-f689-46c2-92c4-4e79b885cc7b,"",normal,rfi,,,f,2025-05-20 10:26:22.019023,2025-05-20 10:26:22.019023,2025-05-20 10:26:25.638972,,f679f4cf-c089-4a2b-9b84-b14129630601,202736548,
104056654,bf996092-8d66-408a-8d8e-5065ca3330c2,967e785d-d83c-490b-8d6a-2ed926c956ac,IMG-20250630-WA0004.jpg,0,"",,,MJU2FLVXJAQLGRH7,,MJU2FLVXJAQLGRH7,,,cc809b78-e128-4aaf-b19f-9566d0d8e5e5,"",normal,form,,,t,2025-06-30 11:03:20.137617,2025-06-30 11:05:54.621,2025-06-30 11:03:20.779105,,967e785d-d83c-490b-8d6a-2ed926c956ac,219087033,
104065552,bf996092-8d66-408a-8d8e-5065ca3330c2,f6ab14eb-1a66-4ea5-8a0f-0afbda444403,beam reinforcenet,458745,"",,,U2622GRJM8M9JZ4F,,U2622GRJM8M9JZ4F,,,f79ac8cd-5337-400d-a5d1-91b85dbeafa8,"",normal,formfield,,,t,2025-06-30 12:02:41.38829,2025-06-30 12:02:41.38829,2025-06-30 12:02:41.38829,,f6ab14eb-1a66-4ea5-8a0f-0afbda444403,219105476,
104067965,bf996092-8d66-408a-8d8e-5065ca3330c2,f6ab14eb-1a66-4ea5-8a0f-0afbda444403,steel selfiee,168853,"",,,U2622GRJM8M9JZ4F,,U2622GRJM8M9JZ4F,,,9f7cc193-9922-4a9c-a933-ce1f88b80c1b,"",normal,formfield,,,t,2025-06-30 12:16:20.127447,2025-06-30 12:16:20.127447,2025-06-30 12:16:20.127447,,f6ab14eb-1a66-4ea5-8a0f-0afbda444403,219110471,
104071223,bf996092-8d66-408a-8d8e-5065ca3330c2,967e785d-d83c-490b-8d6a-2ed926c956ac,IMG-20250630-WA0032.jpg,0,"",,,VYKJ7GRWMX37AKTY,,VYKJ7GRWMX37AKTY,,,758878a1-6384-4236-b80f-9b2e9e16d211,"",normal,form,,,t,2025-06-30 12:33:05.099673,2025-06-30 12:32:58.917,2025-06-30 12:33:05.629665,,967e785d-d83c-490b-8d6a-2ed926c956ac,219117257,
104071560,bf996092-8d66-408a-8d8e-5065ca3330c2,967e785d-d83c-490b-8d6a-2ed926c956ac,Screenshot_20250630-175812.WhatsApp.png,0,"",,,VYKJ7GRWMX37AKTY,,VYKJ7GRWMX37AKTY,,,0c632889-e7c5-4b48-9099-80cd2f1f3154,"",normal,form,,,t,2025-06-30 12:34:22.076291,2025-06-30 12:34:09.32,2025-06-30 12:34:22.584954,,967e785d-d83c-490b-8d6a-2ed926c956ac,219117911,
104071792,bf996092-8d66-408a-8d8e-5065ca3330c2,967e785d-d83c-490b-8d6a-2ed926c956ac,IMG_20250630_161851282_HDR.jpg,0,"",,,VYKJ7GRWMX37AKTY,,VYKJ7GRWMX37AKTY,,,bc07bd89-09dc-469e-ae4a-a13738934719,"",normal,form,2025-06-30 10:48:51.743,,t,2025-06-30 12:35:20.319936,2025-06-30 12:35:13.508,2025-06-30 12:35:20.805615,,967e785d-d83c-490b-8d6a-2ed926c956ac,219118407,
104071932,bf996092-8d66-408a-8d8e-5065ca3330c2,967e785d-d83c-490b-8d6a-2ed926c956ac,IMG_20250629_123708647_HDR.jpg,0,"",,,VYKJ7GRWMX37AKTY,,VYKJ7GRWMX37AKTY,,,fea88434-4c84-4f5f-92d6-cf21e2c7b982,"",normal,form,2025-06-29 07:07:09.036,,t,2025-06-30 12:35:55.712593,2025-06-30 12:35:48.442,2025-06-30 12:35:56.159353,,967e785d-d83c-490b-8d6a-2ed926c956ac,219118681,
104072377,bf996092-8d66-408a-8d8e-5065ca3330c2,967e785d-d83c-490b-8d6a-2ed926c956ac,IMG_20250629_122012723_HDR.jpg,0,"",,,VYKJ7GRWMX37AKTY,,VYKJ7GRWMX37AKTY,,,35312336-b32e-4e6c-bb1f-36b62e2140a4,"",normal,form,2025-06-29 06:50:13.104,,t,2025-06-30 12:38:06.553308,2025-06-30 12:37:58.882,2025-06-30 12:38:07.044528,,967e785d-d83c-490b-8d6a-2ed926c956ac,219119588,
104072922,bf996092-8d66-408a-8d8e-5065ca3330c2,967e785d-d83c-490b-8d6a-2ed926c956ac,Screenshot_20250630-180958.Photos.png,0,"",,,VYKJ7GRWMX37AKTY,,VYKJ7GRWMX37AKTY,,,64f78a0a-fe06-4978-9e08-5c18217acb10,"",normal,form,2025-06-30 12:39:58.679,,t,2025-06-30 12:40:23.982401,2025-06-30 12:40:15.684,2025-06-30 12:40:24.472085,,967e785d-d83c-490b-8d6a-2ed926c956ac,219120673,
104074927,bf996092-8d66-408a-8d8e-5065ca3330c2,967e785d-d83c-490b-8d6a-2ed926c956ac,IMG_20250629_123708647_HDR.jpg,0,"",,,VYKJ7GRWMX37AKTY,,VYKJ7GRWMX37AKTY,,,216daaff-1518-44af-8aa8-08961869a5d6,"",normal,form,2025-06-29 07:07:09.036,,t,2025-06-30 12:47:33.257282,2025-06-30 12:47:22.675,2025-06-30 12:47:33.740234,,967e785d-d83c-490b-8d6a-2ed926c956ac,219124389,
104080194,bf996092-8d66-408a-8d8e-5065ca3330c2,967e785d-d83c-490b-8d6a-2ed926c956ac,IMG_20250630_183433849_HDR.jpg,0,"",,,VYKJ7GRWMX37AKTY,,VYKJ7GRWMX37AKTY,,,281fd92c-10a7-48e0-a8a3-4984e79aa76b,"",normal,form,2025-06-30 13:04:34.268,,t,2025-06-30 13:07:21.418838,2025-06-30 13:07:12.428,2025-06-30 13:07:21.911115,,967e785d-d83c-490b-8d6a-2ed926c956ac,219134805,
104089338,bf996092-8d66-408a-8d8e-5065ca3330c2,967e785d-d83c-490b-8d6a-2ed926c956ac,IMG-20250630-WA0037.jpg,0,"",,,VYKJ7GRWMX37AKTY,,VYKJ7GRWMX37AKTY,,,1f4fa300-4163-4a78-be47-70b47fff307c,"",normal,form,,,t,2025-06-30 13:37:43.033401,2025-06-30 13:37:36.434,2025-06-30 13:37:43.652696,,967e785d-d83c-490b-8d6a-2ed926c956ac,219152973,
104089769,bf996092-8d66-408a-8d8e-5065ca3330c2,967e785d-d83c-490b-8d6a-2ed926c956ac,IMG-20250630-WA0037.jpg,0,"",,,VYKJ7GRWMX37AKTY,,VYKJ7GRWMX37AKTY,,,0096f019-cc5e-4f8e-8c4c-369acb3621fb,"",normal,form,,,t,2025-06-30 13:39:07.407578,2025-06-30 13:39:01.651,2025-06-30 13:39:08.03638,,967e785d-d83c-490b-8d6a-2ed926c956ac,219153780,
104091074,bf996092-8d66-408a-8d8e-5065ca3330c2,967e785d-d83c-490b-8d6a-2ed926c956ac,IMG_20250630_185125175_HDR.jpg,0,"",,,VYKJ7GRWMX37AKTY,,VYKJ7GRWMX37AKTY,,,903cf83d-4a7c-4549-8ec2-dd54eee5aa2d,"",normal,form,2025-06-30 13:21:25.499,,t,2025-06-30 13:42:55.973828,2025-06-30 13:42:44.167,2025-06-30 13:42:56.485389,,967e785d-d83c-490b-8d6a-2ed926c956ac,219156277,
96398488,bf996092-8d66-408a-8d8e-5065ca3330c2,967e785d-d83c-490b-8d6a-2ed926c956ac,IMG-20250520-WA0034.jpg,0,"",,,U8Q2F3P4M3PWWQXF,,U8Q2F3P4M3PWWQXF,,,26ba5325-098f-469b-b4f7-c4e03d1e8f98,"",normal,form,,,t,2025-05-21 11:41:30.532549,2025-05-21 11:41:24.032,2025-05-21 11:41:31.111311,,967e785d-d83c-490b-8d6a-2ed926c956ac,203347971,
114951169,bf996092-8d66-408a-8d8e-5065ca3330c2,f6ab14eb-1a66-4ea5-8a0f-0afbda444403,Screenshot 2025-08-16 101855,155227,"",,,FXYJ2FJQL3UMY6KM,,FXYJ2FJQL3UMY6KM,,,334abca7-7ce9-48bd-a157-a68f215302d0,"",normal,rfi,,,f,2025-08-16 04:54:56.371009,2025-08-16 04:54:56.371009,2025-08-16 04:55:18.421438,,f6ab14eb-1a66-4ea5-8a0f-0afbda444403,241049092,
114951152,bf996092-8d66-408a-8d8e-5065ca3330c2,f6ab14eb-1a66-4ea5-8a0f-0afbda444403,F12,1727886,"",,,FXYJ2FJQL3UMY6KM,,FXYJ2FJQL3UMY6KM,,,0dcb0479-3005-4655-9a48-778720b23cc9,"",normal,rfi,,,f,2025-08-16 04:54:29.751453,2025-08-16 04:54:29.751453,2025-08-16 04:55:19.112345,,f6ab14eb-1a66-4ea5-8a0f-0afbda444403,241049093,
114951622,bf996092-8d66-408a-8d8e-5065ca3330c2,f6ab14eb-1a66-4ea5-8a0f-0afbda444403,Screenshot 2025-08-16 103807,19793,"",,,FXYJ2FJQL3UMY6KM,,FXYJ2FJQL3UMY6KM,,,afacf584-3f00-437b-8f58-102db9275ef5,"",normal,rfi,,,f,2025-08-16 05:10:23.821973,2025-08-16 05:10:23.821973,2025-08-16 05:10:55.206263,,f6ab14eb-1a66-4ea5-8a0f-0afbda444403,241050019,
114951877,bf996092-8d66-408a-8d8e-5065ca3330c2,f6ab14eb-1a66-4ea5-8a0f-0afbda444403,col 172,998079,"",,,FXYJ2FJQL3UMY6KM,,FXYJ2FJQL3UMY6KM,,,5af0bc24-ab44-4db0-b69e-766ab1d46246,"",normal,rfi,,,f,2025-08-16 05:22:41.353442,2025-08-16 05:22:41.353442,2025-08-16 05:22:49.734697,,f6ab14eb-1a66-4ea5-8a0f-0afbda444403,241050473,
114951874,bf996092-8d66-408a-8d8e-5065ca3330c2,f6ab14eb-1a66-4ea5-8a0f-0afbda444403,Screenshot 2025-08-16 105110,14058,"",,,FXYJ2FJQL3UMY6KM,,FXYJ2FJQL3UMY6KM,,,56d3d9b9-df12-430c-b58d-21d9f0748814,"",normal,rfi,,,f,2025-08-16 05:21:24.147702,2025-08-16 05:21:24.147702,2025-08-16 05:22:50.452116,,f6ab14eb-1a66-4ea5-8a0f-0afbda444403,241050474,
114952305,bf996092-8d66-408a-8d8e-5065ca3330c2,967e785d-d83c-490b-8d6a-2ed926c956ac,IMG-20250815-WA0179.jpg,0,"",,,KDBLMPH5JM9X,,KDBLMPH5JM9X,,,a95af093-e281-4675-9104-0db8ffe872bb,"",normal,form,,,t,2025-08-16 05:53:22.328468,2025-08-16 05:53:15.979,2025-08-16 05:53:22.899083,,967e785d-d83c-490b-8d6a-2ed926c956ac,241051438,
114952315,bf996092-8d66-408a-8d8e-5065ca3330c2,967e785d-d83c-490b-8d6a-2ed926c956ac,19040101_052110_video,0,"",,,KDBLMPH5JM9X,,KDBLMPH5JM9X,,,a3fe33fb-5026-4bc3-8407-5f12d65cd79e,"",video,form,1904-01-01 00:00:00,,t,2025-08-16 05:55:00.681508,2025-08-16 05:54:53.905,2025-08-16 05:55:01.175454,,967e785d-d83c-490b-8d6a-2ed926c956ac,241051459,
114952317,bf996092-8d66-408a-8d8e-5065ca3330c2,967e785d-d83c-490b-8d6a-2ed926c956ac,19040101_052110_video,0,"",,,KDBLMPH5JM9X,,KDBLMPH5JM9X,,,fd106c70-b841-4142-a8a9-c981f11e9aec,"",video,form,1904-01-01 00:00:00,,t,2025-08-16 05:55:54.83117,2025-08-16 05:55:49.644,2025-08-16 05:55:55.37884,,967e785d-d83c-490b-8d6a-2ed926c956ac,241051465,
96613750,bf996092-8d66-408a-8d8e-5065ca3330c2,ada6015d-9fce-4f2c-b20f-fc9122d2face,20250522_094704_photo,0,"",,,3TSJN3BRN9YVX2DX,,3TSJN3BRN9YVX2DX,28.669225,77.431044,b86968fe-7922-4f84-a39b-012c3769ada5,"",normal,gallery,2025-05-22 04:17:05.048,,t,2025-05-22 04:17:14.330602,2025-05-22 04:17:04.908,2025-05-22 04:17:14.330602,,ada6015d-9fce-4f2c-b20f-fc9122d2face,203783107,
96613751,bf996092-8d66-408a-8d8e-5065ca3330c2,ada6015d-9fce-4f2c-b20f-fc9122d2face,20250522_094704_photo,0,"",,,3TSJN3BRN9YVX2DX,,3TSJN3BRN9YVX2DX,28.669217,77.431019,9f18725a-c9e0-41d9-90ac-69ccd80587ee,"",normal,gallery,2025-05-22 04:17:05.06,,t,2025-05-22 04:17:19.929981,2025-05-22 04:17:04.908,2025-05-22 04:17:19.929981,,ada6015d-9fce-4f2c-b20f-fc9122d2face,203783110,
96613755,bf996092-8d66-408a-8d8e-5065ca3330c2,ada6015d-9fce-4f2c-b20f-fc9122d2face,20250522_094704_photo,0,"",,,3TSJN3BRN9YVX2DX,,CMJ2N3U8MSMRM8ZA,28.669186,77.431006,a9a44aa1-f837-4efc-88e6-3a9f5d9dd135,"",normal,gallery,2025-05-22 04:17:05.066,,t,2025-05-22 04:17:24.456236,2025-05-22 04:17:04.908,2025-08-01 10:11:17.332912,,ada6015d-9fce-4f2c-b20f-fc9122d2face,235421021,
96618795,bf996092-8d66-408a-8d8e-5065ca3330c2,967e785d-d83c-490b-8d6a-2ed926c956ac,IMG-20250522-WA0004.jpg,0,"",,,RQ92XKNVL7KYFP4W,,RQ92XKNVL7KYFP4W,,,7e33ae6e-705f-4521-b810-be69f55f7113,"",normal,form,,,t,2025-05-22 06:19:12.603951,2025-05-22 06:19:06.09,2025-05-22 06:19:13.244532,,967e785d-d83c-490b-8d6a-2ed926c956ac,203793399,
96618814,bf996092-8d66-408a-8d8e-5065ca3330c2,967e785d-d83c-490b-8d6a-2ed926c956ac,IMG-20250521-WA0003.jpg,0,"",,,RQ92XKNVL7KYFP4W,,RQ92XKNVL7KYFP4W,,,50e6bd1c-cfec-4c63-b71c-9f63f5a03fe2,"",normal,form,,,t,2025-05-22 06:19:32.423567,2025-05-22 06:19:26.693,2025-05-22 06:19:32.912347,,967e785d-d83c-490b-8d6a-2ed926c956ac,203793499,
96619443,bf996092-8d66-408a-8d8e-5065ca3330c2,967e785d-d83c-490b-8d6a-2ed926c956ac,IMG-20250520-WA0046.jpg,0,"",,,RQ92XKNVL7KYFP4W,,RQ92XKNVL7KYFP4W,,,14abe021-db7b-4878-bcc5-92400d5b9567,"",normal,form,,,t,2025-05-22 06:29:45.60914,2025-05-22 06:29:37.144,2025-05-22 06:29:46.096638,,967e785d-d83c-490b-8d6a-2ed926c956ac,203794957,
96619983,bf996092-8d66-408a-8d8e-5065ca3330c2,f679f4cf-c089-4a2b-9b84-b14129630601,Screenshot 2025-05-22 114451,189835,"",,,7XGJKR7GMJ4QN93J,,7XGJKR7GMJ4QN93J,,,a85b6f3f-034d-4033-9c0f-188b4d0fa47d,"",normal,gallery,,,t,2025-05-22 06:37:40.60098,2025-05-22 06:37:40.60098,2025-05-22 06:37:40.60098,,f679f4cf-c089-4a2b-9b84-b14129630601,203796865,
96620000,bf996092-8d66-408a-8d8e-5065ca3330c2,f679f4cf-c089-4a2b-9b84-b14129630601,Screenshot 2025-05-22 114451,189835,"",,,7XGJKR7GMJ4QN93J,,7XGJKR7GMJ4QN93J,,,e1bdbfe0-d55e-4788-96ae-c5f7d76c25a1,"",normal,rfi,,,f,2025-05-22 06:38:03.15695,2025-05-22 06:38:03.15695,2025-05-22 06:38:06.744008,,f679f4cf-c089-4a2b-9b84-b14129630601,203796192,
96626029,bf996092-8d66-408a-8d8e-5065ca3330c2,967e785d-d83c-490b-8d6a-2ed926c956ac,IMG20250522132727.jpg,0,"",,,RQ92XKNVL7KYFP4W,,RQ92XKNVL7KYFP4W,,,683f8a16-e263-4357-abb0-3758559b3b42,"",normal,form,2025-05-22 07:57:27.625,,t,2025-05-22 08:25:48.936011,2025-05-22 08:25:41.544,2025-05-22 08:25:55.697668,,967e785d-d83c-490b-8d6a-2ed926c956ac,203810565,
96626035,bf996092-8d66-408a-8d8e-5065ca3330c2,967e785d-d83c-490b-8d6a-2ed926c956ac,IMG20250522132713.jpg,0,"",,,RQ92XKNVL7KYFP4W,,RQ92XKNVL7KYFP4W,,,0bb89710-cead-4ce0-bab7-ec6b1c831eb2,"",normal,form,2025-05-22 07:57:13.475,,t,2025-05-22 08:25:55.071235,2025-05-22 08:25:41.973,2025-05-22 08:25:56.187721,,967e785d-d83c-490b-8d6a-2ed926c956ac,203810569,
96626112,bf996092-8d66-408a-8d8e-5065ca3330c2,967e785d-d83c-490b-8d6a-2ed926c956ac,IMG20250522132727.jpg,0,"",,,RQ92XKNVL7KYFP4W,,RQ92XKNVL7KYFP4W,,,e69da84d-adee-44c6-b1bf-80c81c4eb641,"",normal,form,2025-05-22 07:57:27.625,,t,2025-05-22 08:27:07.179056,2025-05-22 08:26:59.245,2025-05-22 08:27:07.742374,,967e785d-d83c-490b-8d6a-2ed926c956ac,203810732,
96626258,bf996092-8d66-408a-8d8e-5065ca3330c2,967e785d-d83c-490b-8d6a-2ed926c956ac,IMG20250522132727.jpg,0,"",,,RQ92XKNVL7KYFP4W,,RQ92XKNVL7KYFP4W,,,e86dbdfd-6a9c-41f6-832a-fe73d09c5e23,"",normal,form,2025-05-22 07:57:27.625,,t,2025-05-22 08:29:18.296529,2025-05-22 08:29:10.36,2025-05-22 08:29:18.995174,,967e785d-d83c-490b-8d6a-2ed926c956ac,203811023,
96626345,bf996092-8d66-408a-8d8e-5065ca3330c2,967e785d-d83c-490b-8d6a-2ed926c956ac,IMG20250522132713.jpg,0,"",,,RQ92XKNVL7KYFP4W,,RQ92XKNVL7KYFP4W,,,be81a3ee-e58a-477d-94f3-036dfe5768ff,"",normal,form,2025-05-22 07:57:13.475,,t,2025-05-22 08:31:09.602343,2025-05-22 08:31:01.857,2025-05-22 08:31:10.166999,,967e785d-d83c-490b-8d6a-2ed926c956ac,203811256,
96626422,bf996092-8d66-408a-8d8e-5065ca3330c2,967e785d-d83c-490b-8d6a-2ed926c956ac,IMG20250522132727.jpg,0,"",,,RQ92XKNVL7KYFP4W,,RQ92XKNVL7KYFP4W,,,328f1292-131e-4eab-8ca5-8e2d75537fc6,"",normal,form,2025-05-22 07:57:27.625,,t,2025-05-22 08:32:03.292887,2025-05-22 08:31:56.095,2025-05-22 08:32:03.98666,,967e785d-d83c-490b-8d6a-2ed926c956ac,203811447,
96627267,bf996092-8d66-408a-8d8e-5065ca3330c2,967e785d-d83c-490b-8d6a-2ed926c956ac,IMG20250522132727.jpg,0,"",,,RQ92XKNVL7KYFP4W,,RQ92XKNVL7KYFP4W,,,d28014da-f362-4d07-99bc-79c4334cd17d,"",normal,form,2025-05-22 07:57:27.625,,t,2025-05-22 08:46:04.804296,2025-05-22 08:45:56.774,2025-05-22 08:46:05.378605,,967e785d-d83c-490b-8d6a-2ed926c956ac,203813542,
96627291,bf996092-8d66-408a-8d8e-5065ca3330c2,967e785d-d83c-490b-8d6a-2ed926c956ac,IMG20250522132713.jpg,0,"",,,RQ92XKNVL7KYFP4W,,RQ92XKNVL7KYFP4W,,,6165f637-b282-45d1-8095-cdb8e0af3f6f,"",normal,form,2025-05-22 07:57:13.475,,t,2025-05-22 08:46:13.48648,2025-05-22 08:46:01.268,2025-05-22 08:46:14.035248,,967e785d-d83c-490b-8d6a-2ed926c956ac,203813590,
96627343,bf996092-8d66-408a-8d8e-5065ca3330c2,967e785d-d83c-490b-8d6a-2ed926c956ac,20250522_141654_photo,0,"",,,RQ92XKNVL7KYFP4W,,RQ92XKNVL7KYFP4W,27.563463,77.662825,c1e062d4-f793-4a43-819d-c05476ccf39a,"",normal,form,2025-05-22 08:46:15,,t,2025-05-22 08:47:00.572128,2025-05-22 08:46:54.202,2025-05-22 08:47:19.398371,,967e785d-d83c-490b-8d6a-2ed926c956ac,203813777,
96627360,bf996092-8d66-408a-8d8e-5065ca3330c2,967e785d-d83c-490b-8d6a-2ed926c956ac,20250522_141654_photo,0,"",,,RQ92XKNVL7KYFP4W,,RQ92XKNVL7KYFP4W,27.563463,77.662825,10ffcc4a-b0b9-4a6c-9f76-5cd4ece9a900,"",normal,form,2025-05-22 08:46:23,,t,2025-05-22 08:47:09.013918,2025-05-22 08:46:54.406,2025-05-22 08:47:19.921593,,967e785d-d83c-490b-8d6a-2ed926c956ac,203813779,
96627365,bf996092-8d66-408a-8d8e-5065ca3330c2,967e785d-d83c-490b-8d6a-2ed926c956ac,20250522_141654_photo,0,"",,,RQ92XKNVL7KYFP4W,,RQ92XKNVL7KYFP4W,27.563463,77.662825,d7476955-44b5-474d-974a-52237ee13ad6,"",normal,form,2025-05-22 08:46:31,,t,2025-05-22 08:47:14.30576,2025-05-22 08:46:54.555,2025-05-22 08:47:20.42906,,967e785d-d83c-490b-8d6a-2ed926c956ac,203813780,
96627372,bf996092-8d66-408a-8d8e-5065ca3330c2,967e785d-d83c-490b-8d6a-2ed926c956ac,20250522_141654_photo,0,"",,,RQ92XKNVL7KYFP4W,,RQ92XKNVL7KYFP4W,27.563463,77.662825,fdd6144b-773a-4188-9cbf-82afcf0d973f,"",normal,form,2025-05-22 08:46:40,,t,2025-05-22 08:47:18.917966,2025-05-22 08:46:54.702,2025-05-22 08:47:20.932447,,967e785d-d83c-490b-8d6a-2ed926c956ac,203813783,
96630526,bf996092-8d66-408a-8d8e-5065ca3330c2,f679f4cf-c089-4a2b-9b84-b14129630601,20250522_150613_photo,0,"",,,3TSJN3BRN9YVX2DX,,3TSJN3BRN9YVX2DX,28.669203,77.431069,9c0f3da4-5231-49d0-bc96-4d3a898e6956,"",normal,gallery,2025-05-22 09:36:13.164,,t,2025-05-22 09:36:19.700542,2025-05-22 09:36:13.077,2025-05-22 09:36:19.700542,,f679f4cf-c089-4a2b-9b84-b14129630601,203821277,
96630663,bf996092-8d66-408a-8d8e-5065ca3330c2,f679f4cf-c089-4a2b-9b84-b14129630601,20250522_150730_photo,0,"",,,3TSJN3BRN9YVX2DX,,3TSJN3BRN9YVX2DX,28.669147,77.431061,f4bf3d74-608f-4d2e-95ef-d2757b48646d,"",normal,gallery,2025-05-22 09:37:31.053,,t,2025-05-22 09:37:36.214448,2025-05-22 09:37:30.95,2025-05-22 09:37:36.214448,,f679f4cf-c089-4a2b-9b84-b14129630601,203821535,
96630691,bf996092-8d66-408a-8d8e-5065ca3330c2,f679f4cf-c089-4a2b-9b84-b14129630601,20250522_150807_photo,0,"",,,3TSJN3BRN9YVX2DX,,3TSJN3BRN9YVX2DX,28.669183,77.431003,c0e4d8b6-b744-4ea7-81b7-1b4d9b02b5fb,"",normal,gallery,2025-05-22 09:38:07.219,,t,2025-05-22 09:38:11.56975,2025-05-22 09:38:07.126,2025-05-22 09:38:11.56975,,f679f4cf-c089-4a2b-9b84-b14129630601,203821622,
96636453,bf996092-8d66-408a-8d8e-5065ca3330c2,967e785d-d83c-490b-8d6a-2ed926c956ac,IMG_20250522_161246.jpg,0,"",,,VYKJ7GRWMX37AKTY,,VYKJ7GRWMX37AKTY,,,84a07bfa-c804-4251-a64d-3fe198cde49d,"",normal,form,2025-05-22 10:16:28.97,,t,2025-05-22 10:43:10.850599,2025-05-22 10:43:03.799,2025-05-22 10:43:11.3491,,967e785d-d83c-490b-8d6a-2ed926c956ac,203833985,
96644867,bf996092-8d66-408a-8d8e-5065ca3330c2,f679f4cf-c089-4a2b-9b84-b14129630601,IMG_6447,0,"",,,3TSJN3BRN9YVX2DX,,3TSJN3BRN9YVX2DX,28.669292,77.431092,308b04d6-5d33-44a9-81d9-58e31af5dc66,"",normal,gallery,2025-05-22 11:41:45,,t,2025-05-22 11:43:06.434333,2025-05-22 11:43:01.678,2025-05-22 11:43:06.434333,,f679f4cf-c089-4a2b-9b84-b14129630601,203851662,
96644880,bf996092-8d66-408a-8d8e-5065ca3330c2,f679f4cf-c089-4a2b-9b84-b14129630601,IMG_6448,0,"",,,3TSJN3BRN9YVX2DX,,3TSJN3BRN9YVX2DX,28.669161,77.431161,d465f255-3bd5-4338-9971-845ea051be1a,"",normal,gallery,2025-05-22 11:42:02,,t,2025-05-22 11:43:10.295878,2025-05-22 11:43:01.899,2025-05-22 11:43:10.295878,,f679f4cf-c089-4a2b-9b84-b14129630601,203851688,
96645295,bf996092-8d66-408a-8d8e-5065ca3330c2,f679f4cf-c089-4a2b-9b84-b14129630601,20250522_171504_photo,0,"",,,3TSJN3BRN9YVX2DX,,3TSJN3BRN9YVX2DX,28.669219,77.431044,e15be34e-ebcc-49ad-ac5d-5093ce1338b7,"",normal,gallery,2025-05-22 11:45:04.138,,t,2025-05-22 11:45:08.384086,2025-05-22 11:45:04.032,2025-05-22 11:45:08.384086,,f679f4cf-c089-4a2b-9b84-b14129630601,203852576,
96645314,bf996092-8d66-408a-8d8e-5065ca3330c2,f679f4cf-c089-4a2b-9b84-b14129630601,20250522_171504_photo,0,"",,,3TSJN3BRN9YVX2DX,,3TSJN3BRN9YVX2DX,28.669161,77.431031,b1c36c7f-6c2e-49af-9e45-dd9b8187ce35,"",normal,gallery,2025-05-22 11:45:04.148,,t,2025-05-22 11:45:13.511175,2025-05-22 11:45:04.033,2025-05-22 11:45:13.511175,,f679f4cf-c089-4a2b-9b84-b14129630601,203852679,
96848687,bf996092-8d66-408a-8d8e-5065ca3330c2,f679f4cf-c089-4a2b-9b84-b14129630601,20250523_093033_photo,0,"",,,3AJ2UBWNPMNWLHCM,,3AJ2UBWNPMNWLHCM,28.669227,77.431056,c3950975-0ffd-4ae5-b25c-6bac14346c7f,"",normal,form,2025-05-23 04:00:33.298,,t,2025-05-23 04:01:38.275385,2025-05-23 04:01:31.292,2025-05-23 04:01:38.833901,,f679f4cf-c089-4a2b-9b84-b14129630601,204282955,
96848723,bf996092-8d66-408a-8d8e-5065ca3330c2,967e785d-d83c-490b-8d6a-2ed926c956ac,IMG_20250523_091844.jpg,0,"",,,RQ92XKNVL7KYFP4W,,RQ92XKNVL7KYFP4W,,,f6abe4e3-c7d5-4fc9-8ebb-bc698ff1938a,"",normal,form,2025-05-23 03:46:33.335,,t,2025-05-23 04:03:14.463561,2025-05-23 04:03:08.171,2025-05-23 04:03:29.125979,,967e785d-d83c-490b-8d6a-2ed926c956ac,204283055,
96848725,bf996092-8d66-408a-8d8e-5065ca3330c2,967e785d-d83c-490b-8d6a-2ed926c956ac,IMG_20250523_091826.jpg,0,"",,,RQ92XKNVL7KYFP4W,,RQ92XKNVL7KYFP4W,,,75eb051e-0b53-4af9-9999-b5f1b763a2ba,"",normal,form,2025-05-23 03:46:36.228,,t,2025-05-23 04:03:19.10866,2025-05-23 04:03:08.374,2025-05-23 04:03:29.602797,,967e785d-d83c-490b-8d6a-2ed926c956ac,204283056,
96848728,bf996092-8d66-408a-8d8e-5065ca3330c2,967e785d-d83c-490b-8d6a-2ed926c956ac,IMG_20250523_091801.jpg,0,"",,,RQ92XKNVL7KYFP4W,,RQ92XKNVL7KYFP4W,,,509650f9-2312-46d6-a652-b3a28f8f2b5e,"",normal,form,2025-05-23 03:46:38.634,,t,2025-05-23 04:03:24.202176,2025-05-23 04:03:08.488,2025-05-23 04:03:30.210262,,967e785d-d83c-490b-8d6a-2ed926c956ac,204283057,
96848729,bf996092-8d66-408a-8d8e-5065ca3330c2,967e785d-d83c-490b-8d6a-2ed926c956ac,IMG_20250523_091741.jpg,0,"",,,RQ92XKNVL7KYFP4W,,RQ92XKNVL7KYFP4W,,,55141ebb-391f-4538-ba6b-accbd77566b4,"",normal,form,2025-05-23 03:46:42.236,,t,2025-05-23 04:03:28.386277,2025-05-23 04:03:08.593,2025-05-23 04:03:30.684602,,967e785d-d83c-490b-8d6a-2ed926c956ac,204283059,
96865903,bf996092-8d66-408a-8d8e-5065ca3330c2,f679f4cf-c089-4a2b-9b84-b14129630601,20250523_151516_photo,0,"",,,3TSJN3BRN9YVX2DX,,3TSJN3BRN9YVX2DX,28.669828,77.431578,0fa7c74b-c41e-47a3-b750-c6f228d92713,"",normal,gallery,2025-05-23 09:45:16.935,,t,2025-05-23 09:45:22.737712,2025-05-23 09:45:16.83,2025-05-23 09:45:22.737712,,f679f4cf-c089-4a2b-9b84-b14129630601,204320579,
96868868,bf996092-8d66-408a-8d8e-5065ca3330c2,f679f4cf-c089-4a2b-9b84-b14129630601,20250523_155003_photo,0,"",,,3TSJN3BRN9YVX2DX,,3TSJN3BRN9YVX2DX,28.669231,77.431108,ba103f08-2928-49c5-b5f2-6aef6540f1e2,"",normal,gallery,2025-05-23 10:20:03.885,,t,2025-05-23 10:20:08.135192,2025-05-23 10:20:03.774,2025-05-23 10:20:08.135192,,f679f4cf-c089-4a2b-9b84-b14129630601,204327410,
96868959,bf996092-8d66-408a-8d8e-5065ca3330c2,f679f4cf-c089-4a2b-9b84-b14129630601,e985f281-93a6-4ff7-ad7b-5002775aee5b,0,"",,,3TSJN3BRN9YVX2DX,,3TSJN3BRN9YVX2DX,28.669828,77.431578,7445cebc-68e5-4120-85c7-f288e2e0c2bf,"",normal,gallery,2025-05-23 10:21:13.463,,t,2025-05-23 10:21:17.768521,2025-05-23 10:21:13.252,2025-05-23 10:21:17.768521,,f679f4cf-c089-4a2b-9b84-b14129630601,204327645,
96868962,bf996092-8d66-408a-8d8e-5065ca3330c2,f679f4cf-c089-4a2b-9b84-b14129630601,fae1f9fc-50ac-494b-99a6-0ae9a3d0ecf5,0,"",,,3TSJN3BRN9YVX2DX,,3TSJN3BRN9YVX2DX,28.669231,77.431108,644c28f5-0785-4da2-86be-53f278c79571,"",normal,gallery,2025-05-23 10:21:13.677,,t,2025-05-23 10:21:22.395393,2025-05-23 10:21:13.475,2025-05-23 10:21:22.395393,,f679f4cf-c089-4a2b-9b84-b14129630601,204327659,
96868969,bf996092-8d66-408a-8d8e-5065ca3330c2,f679f4cf-c089-4a2b-9b84-b14129630601,fae1f9fc-50ac-494b-99a6-0ae9a3d0ecf5,0,"",,,3TSJN3BRN9YVX2DX,,3TSJN3BRN9YVX2DX,28.669231,77.431108,50790004-b9ba-4e84-9317-510007439425,"",normal,gallery,2025-05-23 10:21:36.717,,t,2025-05-23 10:21:41.11805,2025-05-23 10:21:36.505,2025-05-23 10:21:41.11805,,f679f4cf-c089-4a2b-9b84-b14129630601,204327682,
104329593,bf996092-8d66-408a-8d8e-5065ca3330c2,967e785d-d83c-490b-8d6a-2ed926c956ac,20250701_171716_photo,0,"",,,VYKJ7GRWMX37AKTY,,VYKJ7GRWMX37AKTY,27.563159,77.662974,21b9db6f-fdb4-413b-95cf-39737b998800,"",normal,form,2025-07-01 11:47:16.726,,t,2025-07-01 11:47:28.725495,2025-07-01 11:47:22.189,2025-07-01 11:47:29.207468,,967e785d-d83c-490b-8d6a-2ed926c956ac,219634656,
104333776,bf996092-8d66-408a-8d8e-5065ca3330c2,967e785d-d83c-490b-8d6a-2ed926c956ac,20250701_173602_photo,0,"",,,VYKJ7GRWMX37AKTY,,VYKJ7GRWMX37AKTY,27.563072,77.663103,4a78f449-7a12-43f2-bdc6-7ae61a686758,"",normal,form,2025-07-01 12:06:02.352,,t,2025-07-01 12:06:36.690387,2025-07-01 12:06:05.986,2025-07-01 12:06:37.355554,,967e785d-d83c-490b-8d6a-2ed926c956ac,219643182,
97032724,bf996092-8d66-408a-8d8e-5065ca3330c2,f679f4cf-c089-4a2b-9b84-b14129630601,29e111f2-bbad-40f2-8a09-92e24c04086d,0,"",,,3TSJN3BRN9YVX2DX,,3TSJN3BRN9YVX2DX,,,5f762a23-9105-45ce-8195-862886ade8ea,"",normal,gallery,2025-05-24 04:21:25.133,,t,2025-05-24 04:21:32.800349,2025-05-24 04:21:25.053,2025-05-24 04:21:32.800349,,f679f4cf-c089-4a2b-9b84-b14129630601,204688423,
97032813,bf996092-8d66-408a-8d8e-5065ca3330c2,f679f4cf-c089-4a2b-9b84-b14129630601,20250524_095516_photo,0,"",,,3TSJN3BRN9YVX2DX,,3TSJN3BRN9YVX2DX,28.669200,77.431111,6cd7802c-5af3-4539-a286-56bc65edd27d,"",normal,gallery,2025-05-24 04:25:17.102,,t,2025-05-24 04:25:21.581946,2025-05-24 04:25:16.984,2025-05-24 04:25:21.581946,,f679f4cf-c089-4a2b-9b84-b14129630601,204688586,
97032815,bf996092-8d66-408a-8d8e-5065ca3330c2,f679f4cf-c089-4a2b-9b84-b14129630601,20250524_095516_photo,0,"",,,3TSJN3BRN9YVX2DX,,3TSJN3BRN9YVX2DX,28.669203,77.431111,860b6c36-81a6-4840-bb67-e590cff12676,"",normal,gallery,2025-05-24 04:25:17.11,,t,2025-05-24 04:25:25.862294,2025-05-24 04:25:16.984,2025-05-24 04:25:25.862294,,f679f4cf-c089-4a2b-9b84-b14129630601,204688590,
97040434,bf996092-8d66-408a-8d8e-5065ca3330c2,967e785d-d83c-490b-8d6a-2ed926c956ac,IMG20250523215955.jpg,0,"",,,RQ92XKNVL7KYFP4W,,RQ92XKNVL7KYFP4W,,,55c18111-ec44-44b8-b774-73b37255824c,"",normal,form,2025-05-23 16:29:55.067,,t,2025-05-24 07:43:18.160007,2025-05-24 07:42:56.047,2025-05-24 07:43:18.602105,,967e785d-d83c-490b-8d6a-2ed926c956ac,204766663,
97040442,bf996092-8d66-408a-8d8e-5065ca3330c2,967e785d-d83c-490b-8d6a-2ed926c956ac,IMG20250524092844.jpg,0,"",,,RQ92XKNVL7KYFP4W,,RQ92XKNVL7KYFP4W,27.562847,77.663186,fccc7764-3218-4698-8e6f-e67b643fb489,"",normal,form,2025-05-24 03:58:36,,t,2025-05-24 07:44:36.466412,2025-05-24 07:44:24.179,2025-05-24 07:44:55.252956,,967e785d-d83c-490b-8d6a-2ed926c956ac,204766812,
97040444,bf996092-8d66-408a-8d8e-5065ca3330c2,967e785d-d83c-490b-8d6a-2ed926c956ac,IMG20250524092832.jpg,0,"",,,RQ92XKNVL7KYFP4W,,RQ92XKNVL7KYFP4W,,,b4f59ecf-eac8-48dd-8ddc-6add7a32b0db,"",normal,form,2025-05-24 03:58:32.531,,t,2025-05-24 07:44:42.910447,2025-05-24 07:44:24.59,2025-05-24 07:44:55.7317,,967e785d-d83c-490b-8d6a-2ed926c956ac,204766814,
97040448,bf996092-8d66-408a-8d8e-5065ca3330c2,967e785d-d83c-490b-8d6a-2ed926c956ac,IMG20250524092835.jpg,0,"",,,RQ92XKNVL7KYFP4W,,RQ92XKNVL7KYFP4W,27.563458,77.662811,b6af6a60-2dbb-4f6b-bec8-00428803507e,"",normal,form,2025-05-24 03:55:21,,t,2025-05-24 07:44:54.725304,2025-05-24 07:44:24.913,2025-05-24 07:44:56.209021,,967e785d-d83c-490b-8d6a-2ed926c956ac,204766820,
97040461,bf996092-8d66-408a-8d8e-5065ca3330c2,967e785d-d83c-490b-8d6a-2ed926c956ac,IMG20250524092844.jpg,0,"",,,RQ92XKNVL7KYFP4W,,RQ92XKNVL7KYFP4W,27.562847,77.663186,c27ac08c-c6e4-404d-a4b7-e6d09e83707c,"",normal,form,2025-05-24 03:58:36,,t,2025-05-24 07:45:27.558359,2025-05-24 07:45:16.864,2025-05-24 07:45:33.097342,,967e785d-d83c-490b-8d6a-2ed926c956ac,204766877,
97041980,bf996092-8d66-408a-8d8e-5065ca3330c2,967e785d-d83c-490b-8d6a-2ed926c956ac,IMG20250524140939.jpg,0,"",,,RQ92XKNVL7KYFP4W,,RQ92XKNVL7KYFP4W,27.563072,77.663903,d5ca4378-a372-4427-b478-7852f1beef6e,"",normal,form,2025-05-24 08:39:13,,t,2025-05-24 08:58:14.407224,2025-05-24 08:54:27.235,2025-05-24 08:58:15.898931,,967e785d-d83c-490b-8d6a-2ed926c956ac,204790292,
97041982,bf996092-8d66-408a-8d8e-5065ca3330c2,967e785d-d83c-490b-8d6a-2ed926c956ac,IMG-20250524-WA0034.jpg,0,"",,,RQ92XKNVL7KYFP4W,,RQ92XKNVL7KYFP4W,,,e35d12f5-d70f-4cbf-8ece-1cb0a9ef1997,"",normal,form,,,t,2025-05-24 08:58:21.769507,2025-05-24 08:57:05.095,2025-05-24 08:58:22.573215,,967e785d-d83c-490b-8d6a-2ed926c956ac,204790295,
97041976,bf996092-8d66-408a-8d8e-5065ca3330c2,967e785d-d83c-490b-8d6a-2ed926c956ac,IMG20250524141028.jpg,0,"",,,RQ92XKNVL7KYFP4W,,RQ92XKNVL7KYFP4W,27.562750,77.656294,e80fa444-b129-4c2b-a41b-0de0d0b700c3,"",normal,form,2025-05-24 08:39:09,,t,2025-05-24 08:57:46.093928,2025-05-24 08:54:26.232,2025-05-24 08:58:14.940097,,967e785d-d83c-490b-8d6a-2ed926c956ac,204790289,
97041978,bf996092-8d66-408a-8d8e-5065ca3330c2,967e785d-d83c-490b-8d6a-2ed926c956ac,IMG20250524140959.jpg,0,"",,,RQ92XKNVL7KYFP4W,,RQ92XKNVL7KYFP4W,27.563072,77.663903,aace7936-d198-43ba-890b-cd47ac5f2a3c,"",normal,form,2025-05-24 08:39:13,,t,2025-05-24 08:57:58.556251,2025-05-24 08:54:26.764,2025-05-24 08:58:15.36713,,967e785d-d83c-490b-8d6a-2ed926c956ac,204790290,
97041988,bf996092-8d66-408a-8d8e-5065ca3330c2,967e785d-d83c-490b-8d6a-2ed926c956ac,IMG20250524141028.jpg,0,"",,,RQ92XKNVL7KYFP4W,,RQ92XKNVL7KYFP4W,27.562750,77.656294,8565d698-2e4d-476b-a94e-eb9362014184,"",normal,form,2025-05-24 08:39:09,,t,2025-05-24 08:58:55.978649,2025-05-24 08:58:19.716,2025-05-24 08:58:57.383362,,967e785d-d83c-490b-8d6a-2ed926c956ac,204790310,
97041989,bf996092-8d66-408a-8d8e-5065ca3330c2,967e785d-d83c-490b-8d6a-2ed926c956ac,IMG20250524141028.jpg,0,"",,,RQ92XKNVL7KYFP4W,,RQ92XKNVL7KYFP4W,27.562750,77.656294,8f60cfc6-f470-4e5f-a5f0-edd59a6bfb00,"",normal,form,2025-05-24 08:39:09,,t,2025-05-24 08:59:09.792864,2025-05-24 08:58:42.222,2025-05-24 08:59:10.468023,,967e785d-d83c-490b-8d6a-2ed926c956ac,204790313,
97041993,bf996092-8d66-408a-8d8e-5065ca3330c2,967e785d-d83c-490b-8d6a-2ed926c956ac,IMG-20250524-WA0035.jpg,0,"",,,RQ92XKNVL7KYFP4W,,RQ92XKNVL7KYFP4W,,,6606ce4c-eb79-4bf3-82c5-6b6a6e31758a,"",normal,form,,,t,2025-05-24 08:59:35.322747,2025-05-24 08:59:29.687,2025-05-24 08:59:35.768366,,967e785d-d83c-490b-8d6a-2ed926c956ac,204790321,
97041994,bf996092-8d66-408a-8d8e-5065ca3330c2,967e785d-d83c-490b-8d6a-2ed926c956ac,IMG20250524141028.jpg,0,"",,,RQ92XKNVL7KYFP4W,,RQ92XKNVL7KYFP4W,27.562750,77.656294,b54a50ee-cc50-41b2-ac0e-0cde4ceeedbd,"",normal,form,2025-05-24 08:39:09,,t,2025-05-24 08:59:49.351128,2025-05-24 08:59:37.727,2025-05-24 08:59:50.253539,,967e785d-d83c-490b-8d6a-2ed926c956ac,204790324,
97042000,bf996092-8d66-408a-8d8e-5065ca3330c2,967e785d-d83c-490b-8d6a-2ed926c956ac,IMG20250524141028.jpg,0,"",,,RQ92XKNVL7KYFP4W,,RQ92XKNVL7KYFP4W,27.562750,77.656294,566bd6ab-c30b-456d-a107-8ab9dec59816,"",normal,form,2025-05-24 08:39:09,,t,2025-05-24 09:00:17.952877,2025-05-24 09:00:06.511,2025-05-24 09:00:18.444498,,967e785d-d83c-490b-8d6a-2ed926c956ac,204790337,
97042002,bf996092-8d66-408a-8d8e-5065ca3330c2,967e785d-d83c-490b-8d6a-2ed926c956ac,IMG20250524141028.jpg,0,"",,,RQ92XKNVL7KYFP4W,,RQ92XKNVL7KYFP4W,27.562750,77.656294,4df8f02c-c41b-4283-9c68-c68fc862a6d7,"",normal,form,2025-05-24 08:39:09,,t,2025-05-24 09:00:55.514294,2025-05-24 09:00:44.687,2025-05-24 09:00:56.169952,,967e785d-d83c-490b-8d6a-2ed926c956ac,204790343,
97042030,bf996092-8d66-408a-8d8e-5065ca3330c2,967e785d-d83c-490b-8d6a-2ed926c956ac,IMG20250524140939.jpg,0,"",,,RQ92XKNVL7KYFP4W,,RQ92XKNVL7KYFP4W,27.563072,77.663903,16bec9aa-e59b-4fd7-ba4d-c0740a4d55dc,"",normal,form,2025-05-24 08:39:13,,t,2025-05-24 09:04:40.303937,2025-05-24 09:04:19.197,2025-05-24 09:04:41.149458,,967e785d-d83c-490b-8d6a-2ed926c956ac,204790411,
97042040,bf996092-8d66-408a-8d8e-5065ca3330c2,967e785d-d83c-490b-8d6a-2ed926c956ac,IMG20250524140939.jpg,0,"",,,RQ92XKNVL7KYFP4W,,RQ92XKNVL7KYFP4W,27.563072,77.663903,658998bd-ae0b-4e19-b19d-9a772c1e0c62,"",normal,form,2025-05-24 08:39:13,,t,2025-05-24 09:06:04.500215,2025-05-24 09:05:46.457,2025-05-24 09:06:04.986941,,967e785d-d83c-490b-8d6a-2ed926c956ac,204790431,
97042053,bf996092-8d66-408a-8d8e-5065ca3330c2,967e785d-d83c-490b-8d6a-2ed926c956ac,IMG20250524140959.jpg,0,"",,,RQ92XKNVL7KYFP4W,,RQ92XKNVL7KYFP4W,27.563072,77.663903,ece6a6cd-348f-4d7a-a4ce-497b072ae1c4,"",normal,form,2025-05-24 08:39:13,,t,2025-05-24 09:07:26.26894,2025-05-24 09:07:09.507,2025-05-24 09:07:26.778789,,967e785d-d83c-490b-8d6a-2ed926c956ac,204790461,
97042056,bf996092-8d66-408a-8d8e-5065ca3330c2,967e785d-d83c-490b-8d6a-2ed926c956ac,IMG-20250524-WA0034.jpg,0,"",,,RQ92XKNVL7KYFP4W,,RQ92XKNVL7KYFP4W,,,3d2ff5ed-c5db-4789-808f-437350d2577b,"",normal,form,,,t,2025-05-24 09:07:32.371999,2025-05-24 09:07:21.211,2025-05-24 09:07:34.097038,,967e785d-d83c-490b-8d6a-2ed926c956ac,204790465,
97042069,bf996092-8d66-408a-8d8e-5065ca3330c2,967e785d-d83c-490b-8d6a-2ed926c956ac,IMG20250524140959.jpg,0,"",,,RQ92XKNVL7KYFP4W,,RQ92XKNVL7KYFP4W,27.563072,77.663903,70c6f648-6147-484b-ae61-5aadf1198585,"",normal,form,2025-05-24 08:39:13,,t,2025-05-24 09:08:22.811664,2025-05-24 09:08:09.954,2025-05-24 09:08:35.904806,,967e785d-d83c-490b-8d6a-2ed926c956ac,204790494,
97042072,bf996092-8d66-408a-8d8e-5065ca3330c2,967e785d-d83c-490b-8d6a-2ed926c956ac,IMG20250524140939.jpg,0,"",,,RQ92XKNVL7KYFP4W,,RQ92XKNVL7KYFP4W,27.563072,77.663903,a9a54a22-f655-4b86-afcc-ac8e17407bc7,"",normal,form,2025-05-24 08:39:13,,t,2025-05-24 09:08:35.408768,2025-05-24 09:08:10.484,2025-05-24 09:08:36.376272,,967e785d-d83c-490b-8d6a-2ed926c956ac,204790497,
97049444,bf996092-8d66-408a-8d8e-5065ca3330c2,967e785d-d83c-490b-8d6a-2ed926c956ac,IMG_20250524_193021.jpg,0,"",,,VYKJ7GRWMX37AKTY,,VYKJ7GRWMX37AKTY,,,c92dfe9d-9b50-42f8-9da4-4ad9ac473177,"",normal,form,,,t,2025-05-24 14:02:27.764346,2025-05-24 14:02:26.216,2025-05-24 14:02:28.535703,,967e785d-d83c-490b-8d6a-2ed926c956ac,204805294,
97049548,bf996092-8d66-408a-8d8e-5065ca3330c2,967e785d-d83c-490b-8d6a-2ed926c956ac,IMG_20250524_193021.jpg,0,"",,,VYKJ7GRWMX37AKTY,,VYKJ7GRWMX37AKTY,,,91e497c5-045f-4687-a99a-63942f361c02,"",normal,form,,,t,2025-05-24 14:04:11.817293,2025-05-24 14:04:11.485,2025-05-24 14:04:12.413378,,967e785d-d83c-490b-8d6a-2ed926c956ac,204805528,
97049601,bf996092-8d66-408a-8d8e-5065ca3330c2,967e785d-d83c-490b-8d6a-2ed926c956ac,IMG_20250524_193035.jpg,0,"",,,VYKJ7GRWMX37AKTY,,VYKJ7GRWMX37AKTY,,,0cf88d56-daed-4692-848d-8e5ac7f15983,"",normal,form,,,t,2025-05-24 14:05:32.309099,2025-05-24 14:05:30.629,2025-05-24 14:05:32.698593,,967e785d-d83c-490b-8d6a-2ed926c956ac,204805642,
97049629,bf996092-8d66-408a-8d8e-5065ca3330c2,967e785d-d83c-490b-8d6a-2ed926c956ac,IMG_20250524_193035.jpg,0,"",,,VYKJ7GRWMX37AKTY,,VYKJ7GRWMX37AKTY,,,06316455-f6b7-41e7-866e-b9bf682528f3,"",normal,form,,,t,2025-05-24 14:06:33.02053,2025-05-24 14:06:31.828,2025-05-24 14:06:33.407639,,967e785d-d83c-490b-8d6a-2ed926c956ac,204805714,
97082136,bf996092-8d66-408a-8d8e-5065ca3330c2,967e785d-d83c-490b-8d6a-2ed926c956ac,IMG20250525144705.jpg,0,"",,,RQ92XKNVL7KYFP4W,,RQ92XKNVL7KYFP4W,,,7f7cb387-733f-4430-9142-100a907fba2a,"",normal,form,2025-05-25 09:17:01,,t,2025-05-26 01:01:34.34228,2025-05-26 01:01:34.34228,2025-05-26 04:46:06.982312,,967e785d-d83c-490b-8d6a-2ed926c956ac,204885730,
97089081,bf996092-8d66-408a-8d8e-5065ca3330c2,967e785d-d83c-490b-8d6a-2ed926c956ac,IMG-20250524-WA0073.jpg,0,"",,,RQ92XKNVL7KYFP4W,,RQ92XKNVL7KYFP4W,,,a05eca28-d104-458b-9037-68860149de11,"",normal,form,,,t,2025-05-26 04:45:32.760499,2025-05-25 09:28:27.556,2025-05-26 04:46:30.697578,,967e785d-d83c-490b-8d6a-2ed926c956ac,204885758,
97089064,bf996092-8d66-408a-8d8e-5065ca3330c2,967e785d-d83c-490b-8d6a-2ed926c956ac,IMG20250525144705.jpg,0,"",,,RQ92XKNVL7KYFP4W,,RQ92XKNVL7KYFP4W,27.563111,77.663519,db05e4e0-0dac-46b6-87d7-f7c972badd69,"",normal,form,2025-05-25 09:17:01,,t,2025-05-26 04:45:05.951311,2025-05-25 09:27:44.572,2025-05-26 04:46:26.668672,,967e785d-d83c-490b-8d6a-2ed926c956ac,204885751,
97089067,bf996092-8d66-408a-8d8e-5065ca3330c2,967e785d-d83c-490b-8d6a-2ed926c956ac,IMG-20250524-WA0070.jpg,0,"",,,RQ92XKNVL7KYFP4W,,RQ92XKNVL7KYFP4W,,,7e394372-1bad-4784-935b-17f47b078230,"",normal,form,,,t,2025-05-26 04:45:16.572874,2025-05-25 09:28:27.254,2025-05-26 04:46:29.738689,,967e785d-d83c-490b-8d6a-2ed926c956ac,204885756,
97089069,bf996092-8d66-408a-8d8e-5065ca3330c2,967e785d-d83c-490b-8d6a-2ed926c956ac,IMG-20250524-WA0072.jpg,0,"",,,RQ92XKNVL7KYFP4W,,RQ92XKNVL7KYFP4W,,,91498143-93c8-4d58-bef6-e0067de4ea1a,"",normal,form,,,t,2025-05-26 04:45:20.836372,2025-05-25 09:28:27.442,2025-05-26 04:46:30.179185,,967e785d-d83c-490b-8d6a-2ed926c956ac,204885757,
97089087,bf996092-8d66-408a-8d8e-5065ca3330c2,967e785d-d83c-490b-8d6a-2ed926c956ac,IMG-20250524-WA0070.jpg,0,"",,,RQ92XKNVL7KYFP4W,,RQ92XKNVL7KYFP4W,,,ebb17148-954c-41ef-ac02-fe65220b2bb3,"",normal,form,,,t,2025-05-26 04:45:37.985844,2025-05-25 09:29:33.017,2025-05-26 04:46:51.523864,,967e785d-d83c-490b-8d6a-2ed926c956ac,204885781,
97089526,bf996092-8d66-408a-8d8e-5065ca3330c2,967e785d-d83c-490b-8d6a-2ed926c956ac,IMG_20250525_115442.jpg,0,"",,,VYKJ7GRWMX37AKTY,,VYKJ7GRWMX37AKTY,,,a63944c4-8121-4f46-876f-194abe644aaf,"",normal,form,2025-05-25 06:24:42.32,,t,2025-05-26 04:56:16.372831,2025-05-26 04:55:05.614,2025-05-26 04:56:16.948567,,967e785d-d83c-490b-8d6a-2ed926c956ac,204886571,
97089558,bf996092-8d66-408a-8d8e-5065ca3330c2,967e785d-d83c-490b-8d6a-2ed926c956ac,IMG_20250525_115442.jpg,0,"",,,VYKJ7GRWMX37AKTY,,VYKJ7GRWMX37AKTY,,,52de4a93-052b-426a-9712-74ee77310237,"",normal,form,2025-05-25 06:24:42.32,,t,2025-05-26 04:57:07.796141,2025-05-26 04:56:13.109,2025-05-26 04:57:08.356432,,967e785d-d83c-490b-8d6a-2ed926c956ac,204886655,
97089623,bf996092-8d66-408a-8d8e-5065ca3330c2,967e785d-d83c-490b-8d6a-2ed926c956ac,20250526_102938_photo,0,"",,,VYKJ7GRWMX37AKTY,,VYKJ7GRWMX37AKTY,27.563043,77.663606,410112c6-0fbe-4bc9-b91b-b1c58d738ebf,"",normal,form,2025-05-26 04:59:38.47,,t,2025-05-26 05:00:01.484253,2025-05-26 04:59:50.898,2025-05-26 05:00:02.048162,,967e785d-d83c-490b-8d6a-2ed926c956ac,204886794,
97090879,bf996092-8d66-408a-8d8e-5065ca3330c2,967e785d-d83c-490b-8d6a-2ed926c956ac,IMG20250526104226.jpg,0,"",,,RQ92XKNVL7KYFP4W,,RQ92XKNVL7KYFP4W,27.563078,77.663461,51b3a2f5-94cd-41a2-81e9-613567a60961,"",normal,form,2025-05-26 05:12:08,,t,2025-05-26 05:38:34.059283,2025-05-26 05:33:36.513,2025-05-26 13:04:26.539826,,967e785d-d83c-490b-8d6a-2ed926c956ac,204945292,
97090882,bf996092-8d66-408a-8d8e-5065ca3330c2,967e785d-d83c-490b-8d6a-2ed926c956ac,IMG20250526104114.jpg,0,"",,,RQ92XKNVL7KYFP4W,,RQ92XKNVL7KYFP4W,27.563269,77.663283,739741ec-8284-4f59-b104-950d749feac7,"",normal,form,2025-05-26 05:11:07,,t,2025-05-26 05:38:39.151044,2025-05-26 05:33:36.935,2025-05-26 13:04:27.037602,,967e785d-d83c-490b-8d6a-2ed926c956ac,204945293,
97090888,bf996092-8d66-408a-8d8e-5065ca3330c2,967e785d-d83c-490b-8d6a-2ed926c956ac,IMG20250526103957.jpg,0,"",,,RQ92XKNVL7KYFP4W,,RQ92XKNVL7KYFP4W,27.563297,77.663278,f8a87a18-6ba4-4956-b9c8-49d33677f120,"",normal,form,2025-05-26 05:09:50,,t,2025-05-26 05:38:45.689056,2025-05-26 05:33:37.268,2025-05-26 13:04:27.488977,,967e785d-d83c-490b-8d6a-2ed926c956ac,204945294,
97090893,bf996092-8d66-408a-8d8e-5065ca3330c2,967e785d-d83c-490b-8d6a-2ed926c956ac,IMG20250526104107.jpg,0,"",,,RQ92XKNVL7KYFP4W,,RQ92XKNVL7KYFP4W,27.563269,77.663283,e787980e-3473-43de-ba99-fd23b39ba479,"",normal,form,2025-05-26 05:11:07,,t,2025-05-26 05:38:51.595705,2025-05-26 05:33:37.681,2025-05-26 13:04:27.953583,,967e785d-d83c-490b-8d6a-2ed926c956ac,204945296,
97090896,bf996092-8d66-408a-8d8e-5065ca3330c2,967e785d-d83c-490b-8d6a-2ed926c956ac,IMG20250526102629.jpg,0,"",,,RQ92XKNVL7KYFP4W,,RQ92XKNVL7KYFP4W,27.564147,77.663811,63f5d0f1-0547-4c98-8709-cda5cdb6a7ea,"",normal,form,2025-05-26 04:55:30,,t,2025-05-26 05:38:57.008518,2025-05-26 05:33:37.998,2025-05-26 13:04:28.412142,,967e785d-d83c-490b-8d6a-2ed926c956ac,204945300,
97090899,bf996092-8d66-408a-8d8e-5065ca3330c2,967e785d-d83c-490b-8d6a-2ed926c956ac,IMG20250526102626.jpg,0,"",,,RQ92XKNVL7KYFP4W,,RQ92XKNVL7KYFP4W,27.564147,77.663811,c7f05065-ce20-42b1-b6df-da47ba89a15c,"",normal,form,2025-05-26 04:55:30,,t,2025-05-26 05:39:02.202174,2025-05-26 05:33:38.313,2025-05-26 13:04:28.88627,,967e785d-d83c-490b-8d6a-2ed926c956ac,204945302,
97091163,bf996092-8d66-408a-8d8e-5065ca3330c2,967e785d-d83c-490b-8d6a-2ed926c956ac,20250526_111300_photo,0,"",,,U8Q2F3P4M3PWWQXF,,U8Q2F3P4M3PWWQXF,27.563473,77.662830,d1799e16-7455-477e-b1f3-8daed1f60038,"",normal,rfi,2025-05-26 05:43:00.652,,f,2025-05-26 05:43:36.987751,2025-05-26 05:43:19.302,2025-05-26 05:43:36.987751,,967e785d-d83c-490b-8d6a-2ed926c956ac,204890189,
97091166,bf996092-8d66-408a-8d8e-5065ca3330c2,967e785d-d83c-490b-8d6a-2ed926c956ac,20250526_111311_photo,0,"",,,U8Q2F3P4M3PWWQXF,,U8Q2F3P4M3PWWQXF,27.563473,77.662830,8960237b-808e-422f-b20d-041568e71266,"",normal,rfi,2025-05-26 05:43:11.235,,f,2025-05-26 05:43:40.427736,2025-05-26 05:43:19.418,2025-05-26 05:43:40.427736,,967e785d-d83c-490b-8d6a-2ed926c956ac,204890194,
97115464,bf996092-8d66-408a-8d8e-5065ca3330c2,967e785d-d83c-490b-8d6a-2ed926c956ac,IMG20250526102533.jpg,0,"",,,RQ92XKNVL7KYFP4W,,RQ92XKNVL7KYFP4W,27.563367,77.663069,f345e393-e626-4e89-9b55-3bc542a4a878,"",normal,form,2025-05-26 04:55:34,,t,2025-05-26 13:04:14.14039,2025-05-26 05:33:38.67,2025-05-26 13:04:29.42103,,967e785d-d83c-490b-8d6a-2ed926c956ac,204945304,
97115586,bf996092-8d66-408a-8d8e-5065ca3330c2,967e785d-d83c-490b-8d6a-2ed926c956ac,IMG20250526102626.jpg,0,"",,,RQ92XKNVL7KYFP4W,,RQ92XKNVL7KYFP4W,27.564147,77.663811,6bb0752f-bbe8-4233-b667-f0558736c157,"",normal,form,2025-05-26 04:55:30,,t,2025-05-26 13:05:28.055946,2025-05-26 05:34:38.061,2025-05-26 13:05:51.908377,,967e785d-d83c-490b-8d6a-2ed926c956ac,204945599,
97115602,bf996092-8d66-408a-8d8e-5065ca3330c2,967e785d-d83c-490b-8d6a-2ed926c956ac,IMG20250526102629.jpg,0,"",,,RQ92XKNVL7KYFP4W,,RQ92XKNVL7KYFP4W,27.564147,77.663811,afeff853-5929-4116-ac0b-901abf0690a9,"",normal,form,2025-05-26 04:55:30,,t,2025-05-26 13:05:37.04035,2025-05-26 05:34:38.461,2025-05-26 13:05:52.346656,,967e785d-d83c-490b-8d6a-2ed926c956ac,204945601,
97115616,bf996092-8d66-408a-8d8e-5065ca3330c2,967e785d-d83c-490b-8d6a-2ed926c956ac,IMG20250526103957.jpg,0,"",,,RQ92XKNVL7KYFP4W,,RQ92XKNVL7KYFP4W,27.563297,77.663278,f3a9d34b-928b-446f-8f76-91c10505a8fc,"",normal,form,2025-05-26 05:09:50,,t,2025-05-26 13:05:51.396904,2025-05-26 05:34:38.788,2025-05-26 13:05:52.738849,,967e785d-d83c-490b-8d6a-2ed926c956ac,204945615,
97115656,bf996092-8d66-408a-8d8e-5065ca3330c2,967e785d-d83c-490b-8d6a-2ed926c956ac,IMG20250526104226.jpg,0,"",,,RQ92XKNVL7KYFP4W,,RQ92XKNVL7KYFP4W,27.563078,77.663461,ced39428-d77d-4efe-af76-9b3e5436a49c,"",normal,form,2025-05-26 05:12:08,,t,2025-05-26 13:06:15.926473,2025-05-26 05:35:10.713,2025-05-26 13:07:55.79014,,967e785d-d83c-490b-8d6a-2ed926c956ac,204946086,
97115672,bf996092-8d66-408a-8d8e-5065ca3330c2,967e785d-d83c-490b-8d6a-2ed926c956ac,IMG20250526104114.jpg,0,"",,,RQ92XKNVL7KYFP4W,,RQ92XKNVL7KYFP4W,27.563269,77.663283,947ee54b-1dcf-4295-a523-6c1bd2d97ad0,"",normal,form,2025-05-26 05:11:07,,t,2025-05-26 13:06:24.501845,2025-05-26 05:35:11.107,2025-05-26 13:07:56.209795,,967e785d-d83c-490b-8d6a-2ed926c956ac,204946087,
97115712,bf996092-8d66-408a-8d8e-5065ca3330c2,967e785d-d83c-490b-8d6a-2ed926c956ac,IMG20250526104107.jpg,0,"",,,RQ92XKNVL7KYFP4W,,RQ92XKNVL7KYFP4W,27.563269,77.663283,96f6194e-200e-4627-9225-a89841047edd,"",normal,form,2025-05-26 05:11:07,,t,2025-05-26 13:06:38.882369,2025-05-26 05:35:11.43,2025-05-26 13:07:56.630776,,967e785d-d83c-490b-8d6a-2ed926c956ac,204946091,
97115727,bf996092-8d66-408a-8d8e-5065ca3330c2,967e785d-d83c-490b-8d6a-2ed926c956ac,IMG20250526103957.jpg,0,"",,,RQ92XKNVL7KYFP4W,,RQ92XKNVL7KYFP4W,27.563297,77.663278,5c7852a7-7d7c-4588-ad5c-e4b26f21a99f,"",normal,form,2025-05-26 05:09:50,,t,2025-05-26 13:06:47.979736,2025-05-26 05:35:11.834,2025-05-26 13:07:57.036818,,967e785d-d83c-490b-8d6a-2ed926c956ac,204946094,
97115779,bf996092-8d66-408a-8d8e-5065ca3330c2,967e785d-d83c-490b-8d6a-2ed926c956ac,IMG20250526102629.jpg,0,"",,,RQ92XKNVL7KYFP4W,,RQ92XKNVL7KYFP4W,27.564147,77.663811,d3302e42-d897-4d73-8a29-e9a9b55cb8a6,"",normal,form,2025-05-26 04:55:30,,t,2025-05-26 13:07:25.804196,2025-05-26 05:35:12.27,2025-05-26 13:07:57.412228,,967e785d-d83c-490b-8d6a-2ed926c956ac,204946096,
97115811,bf996092-8d66-408a-8d8e-5065ca3330c2,967e785d-d83c-490b-8d6a-2ed926c956ac,IMG20250526102626.jpg,0,"",,,RQ92XKNVL7KYFP4W,,RQ92XKNVL7KYFP4W,27.564147,77.663811,1cf36286-2905-4198-beed-7b9dc0f6cbd6,"",normal,form,2025-05-26 04:55:30,,t,2025-05-26 13:07:39.308909,2025-05-26 05:35:12.628,2025-05-26 13:07:57.809535,,967e785d-d83c-490b-8d6a-2ed926c956ac,204946097,
97115849,bf996092-8d66-408a-8d8e-5065ca3330c2,967e785d-d83c-490b-8d6a-2ed926c956ac,IMG20250526102533.jpg,0,"",,,RQ92XKNVL7KYFP4W,,RQ92XKNVL7KYFP4W,27.563367,77.663069,026323a2-6157-469f-88af-ceebf6f0c52e,"",normal,form,2025-05-26 04:55:34,,t,2025-05-26 13:07:55.336563,2025-05-26 05:35:13.04,2025-05-26 13:07:58.27658,,967e785d-d83c-490b-8d6a-2ed926c956ac,204946098,
97115943,bf996092-8d66-408a-8d8e-5065ca3330c2,967e785d-d83c-490b-8d6a-2ed926c956ac,IMG20250525112127.jpg,0,"",,,RQ92XKNVL7KYFP4W,,RQ92XKNVL7KYFP4W,,,50aea677-425c-47fa-b23f-683535634275,"",normal,form,2025-05-25 05:51:27.218,,t,2025-05-26 13:09:04.175428,2025-05-26 13:07:57.497,2025-05-26 13:09:04.652537,,967e785d-d83c-490b-8d6a-2ed926c956ac,204946279,
97116067,bf996092-8d66-408a-8d8e-5065ca3330c2,967e785d-d83c-490b-8d6a-2ed926c956ac,IMG_20250526_184108.jpg,0,"",,,RQ92XKNVL7KYFP4W,,RQ92XKNVL7KYFP4W,,,83e875cb-63c8-4260-8a42-3eb09a8ccc43,"",normal,form,2025-05-26 13:10:24.514,,t,2025-05-26 13:11:36.592038,2025-05-26 13:11:18.494,2025-05-26 13:11:37.115873,,967e785d-d83c-490b-8d6a-2ed926c956ac,204946587,
97116127,bf996092-8d66-408a-8d8e-5065ca3330c2,967e785d-d83c-490b-8d6a-2ed926c956ac,IMG20250526153905.jpg,0,"",,,RQ92XKNVL7KYFP4W,,RQ92XKNVL7KYFP4W,27.562928,77.663431,2dfdeb86-a375-44ed-87f8-e23a08b44ec9,"",normal,form,2025-05-26 10:08:49,,t,2025-05-26 13:12:15.644382,2025-05-26 13:11:57.594,2025-05-26 13:12:42.591085,,967e785d-d83c-490b-8d6a-2ed926c956ac,204946780,
97116139,bf996092-8d66-408a-8d8e-5065ca3330c2,967e785d-d83c-490b-8d6a-2ed926c956ac,IMG20250526153901.jpg,0,"",,,RQ92XKNVL7KYFP4W,,RQ92XKNVL7KYFP4W,27.562928,77.663431,d8a3949c-fbc6-40e8-ab5a-688e003800a1,"",normal,form,2025-05-26 10:08:49,,t,2025-05-26 13:12:27.846656,2025-05-26 13:11:58.129,2025-05-26 13:12:42.961954,,967e785d-d83c-490b-8d6a-2ed926c956ac,204946782,
97116161,bf996092-8d66-408a-8d8e-5065ca3330c2,967e785d-d83c-490b-8d6a-2ed926c956ac,IMG20250526153853.jpg,0,"",,,RQ92XKNVL7KYFP4W,,RQ92XKNVL7KYFP4W,27.562928,77.663431,b72bdf76-311e-49a5-a67c-d7ef1cd2d0c2,"",normal,form,2025-05-26 10:08:49,,t,2025-05-26 13:12:42.166912,2025-05-26 13:11:58.534,2025-05-26 13:12:43.330677,,967e785d-d83c-490b-8d6a-2ed926c956ac,204946789,
97116196,bf996092-8d66-408a-8d8e-5065ca3330c2,967e785d-d83c-490b-8d6a-2ed926c956ac,IMG20250526153905.jpg,0,"",,,RQ92XKNVL7KYFP4W,,RQ92XKNVL7KYFP4W,27.562928,77.663431,8e34908a-89bb-4602-9bd3-de7e0940e371,"",normal,form,2025-05-26 10:08:49,,t,2025-05-26 13:13:04.395183,2025-05-26 13:12:23.381,2025-05-26 13:13:04.962422,,967e785d-d83c-490b-8d6a-2ed926c956ac,204946845,
97121040,bf996092-8d66-408a-8d8e-5065ca3330c2,967e785d-d83c-490b-8d6a-2ed926c956ac,IMG-20250526-WA0043.jpg,0,"",,,RQ92XKNVL7KYFP4W,,RQ92XKNVL7KYFP4W,,,8bacb84c-bf46-4509-a9fc-123ba115c872,"",normal,form,,,t,2025-05-26 14:15:52.601409,2025-05-26 14:15:12.316,2025-05-26 14:15:53.112403,,967e785d-d83c-490b-8d6a-2ed926c956ac,204957160,
97121047,bf996092-8d66-408a-8d8e-5065ca3330c2,967e785d-d83c-490b-8d6a-2ed926c956ac,IMG-20250526-WA0042.jpg,0,"",,,RQ92XKNVL7KYFP4W,,RQ92XKNVL7KYFP4W,,,9fe12a92-827b-4d94-adfc-d59457c494dd,"",normal,form,,,t,2025-05-26 14:16:10.204144,2025-05-26 14:15:50.537,2025-05-26 14:16:11.329824,,967e785d-d83c-490b-8d6a-2ed926c956ac,204957176,
97122910,bf996092-8d66-408a-8d8e-5065ca3330c2,967e785d-d83c-490b-8d6a-2ed926c956ac,IMG_20250526_201520.jpg,0,"",,,VYKJ7GRWMX37AKTY,,VYKJ7GRWMX37AKTY,,,680d845e-3ca0-47cf-a67e-508acad3d239,"",normal,form,,,t,2025-05-26 14:45:59.954517,2025-05-26 14:45:40.172,2025-05-26 14:46:00.901859,,967e785d-d83c-490b-8d6a-2ed926c956ac,204961117,
97123121,bf996092-8d66-408a-8d8e-5065ca3330c2,967e785d-d83c-490b-8d6a-2ed926c956ac,IMG_20250526_201340.jpg,0,"",,,VYKJ7GRWMX37AKTY,,VYKJ7GRWMX37AKTY,,,cbe6fffe-ede0-4097-9110-c55383c5727e,"",normal,form,,,t,2025-05-26 14:49:39.470514,2025-05-26 14:49:33.692,2025-05-26 14:49:40.050008,,967e785d-d83c-490b-8d6a-2ed926c956ac,204961507,
97124749,bf996092-8d66-408a-8d8e-5065ca3330c2,967e785d-d83c-490b-8d6a-2ed926c956ac,IMG_20250526_204406.jpg,0,"",,,VYKJ7GRWMX37AKTY,,VYKJ7GRWMX37AKTY,,,9815214c-ef21-4f2e-9e7c-6d879399b4ef,"",normal,form,,,t,2025-05-26 15:15:02.106455,2025-05-26 15:14:57.043,2025-05-26 15:15:02.862825,,967e785d-d83c-490b-8d6a-2ed926c956ac,204964556,
97167690,bf996092-8d66-408a-8d8e-5065ca3330c2,967e785d-d83c-490b-8d6a-2ed926c956ac,IMG20250526153901.jpg,0,"",,,RQ92XKNVL7KYFP4W,,RQ92XKNVL7KYFP4W,27.562928,77.663431,bcf6b770-9ee6-4a7d-9386-c6cff59af3fe,"",normal,form,2025-05-26 10:08:49,,t,2025-05-27 07:35:58.715625,2025-05-27 07:35:18.364,2025-05-27 07:35:59.426782,,967e785d-d83c-490b-8d6a-2ed926c956ac,205056981,
97167706,bf996092-8d66-408a-8d8e-5065ca3330c2,967e785d-d83c-490b-8d6a-2ed926c956ac,IMG20250526153853.jpg,0,"",,,RQ92XKNVL7KYFP4W,,RQ92XKNVL7KYFP4W,27.562928,77.663431,55b935a4-eec5-404f-9718-dcb71ff9733a,"",normal,form,2025-05-26 10:08:49,,t,2025-05-27 07:36:14.702241,2025-05-27 07:35:55.707,2025-05-27 07:36:15.129492,,967e785d-d83c-490b-8d6a-2ed926c956ac,205057014,
97172530,bf996092-8d66-408a-8d8e-5065ca3330c2,f679f4cf-c089-4a2b-9b84-b14129630601,20250527_143316_photo,0,"",,,3TSJN3BRN9YVX2DX,,3TSJN3BRN9YVX2DX,28.669131,77.431014,52a3bf8a-482b-4eca-a378-ff3a99b70d39,"",normal,gallery,2025-05-27 09:03:16.651,,t,2025-05-27 09:03:21.241395,2025-05-27 09:03:16.554,2025-05-27 09:03:21.241395,,f679f4cf-c089-4a2b-9b84-b14129630601,205068302,
97197790,bf996092-8d66-408a-8d8e-5065ca3330c2,f679f4cf-c089-4a2b-9b84-b14129630601,1a6d4150-6d32-4cce-b558-0934d1f6fa48,0,"",,,3TSJN3BRN9YVX2DX,,3TSJN3BRN9YVX2DX,,,eb87cca9-1507-494b-8b29-2ec44c778da8,"",normal,gallery,2025-05-27 12:36:35.922,,t,2025-05-27 12:36:40.92037,2025-05-27 12:36:35.832,2025-05-27 12:36:40.92037,,f679f4cf-c089-4a2b-9b84-b14129630601,205121425,
97197819,bf996092-8d66-408a-8d8e-5065ca3330c2,f679f4cf-c089-4a2b-9b84-b14129630601,19184265-b87e-4078-bddd-ec056ff1b296,0,"",,,3TSJN3BRN9YVX2DX,,3TSJN3BRN9YVX2DX,,,2001a8ac-4ef8-4a8d-99a8-4dfaae91b635,"",normal,gallery,2025-05-27 12:36:40.596,,t,2025-05-27 12:36:45.956792,2025-05-27 12:36:40.522,2025-05-27 12:36:45.956792,,f679f4cf-c089-4a2b-9b84-b14129630601,205121470,
97197839,bf996092-8d66-408a-8d8e-5065ca3330c2,f679f4cf-c089-4a2b-9b84-b14129630601,4fe8cb8c-480d-4a21-ac9d-6a816e07fabd,0,"",,,3TSJN3BRN9YVX2DX,,3TSJN3BRN9YVX2DX,,,24163454-df60-4362-a321-4cc0d8feae12,"",normal,gallery,2025-05-27 12:36:44.919,,t,2025-05-27 12:36:50.141098,2025-05-27 12:36:44.845,2025-05-27 12:36:50.141098,,f679f4cf-c089-4a2b-9b84-b14129630601,205121520,
97197855,bf996092-8d66-408a-8d8e-5065ca3330c2,f679f4cf-c089-4a2b-9b84-b14129630601,3500bcbe-73cf-49ee-9eb7-28a71d1f78fa,0,"",,,3TSJN3BRN9YVX2DX,,3TSJN3BRN9YVX2DX,,,95efcb0c-72e1-42f0-be1a-289d9c9dc895,"",normal,gallery,2025-05-27 12:36:45.005,,t,2025-05-27 12:36:54.289867,2025-05-27 12:36:44.931,2025-05-27 12:36:54.289867,,f679f4cf-c089-4a2b-9b84-b14129630601,205121548,
97272750,bf996092-8d66-408a-8d8e-5065ca3330c2,967e785d-d83c-490b-8d6a-2ed926c956ac,IMG_20250527_224335.jpg,0,"",,,VYKJ7GRWMX37AKTY,,VYKJ7GRWMX37AKTY,,,32189c73-8973-4312-9600-a8f28d856f9f,"",normal,form,,,t,2025-05-27 17:14:16.614623,2025-05-27 17:14:00.934,2025-05-27 17:14:17.320108,,967e785d-d83c-490b-8d6a-2ed926c956ac,205269421,
97384502,bf996092-8d66-408a-8d8e-5065ca3330c2,967e785d-d83c-490b-8d6a-2ed926c956ac,20250528_094102_video,0,"",,,VYKJ7GRWMX37AKTY,,VYKJ7GRWMX37AKTY,,,ec591f97-f143-41fa-87e4-7b6ee259ab6d,"",video,form,2025-05-28 04:11:02,,t,2025-05-28 04:54:43.32099,2025-05-28 04:52:55.985,2025-05-28 04:54:44.237435,,967e785d-d83c-490b-8d6a-2ed926c956ac,205511437,
104565655,bf996092-8d66-408a-8d8e-5065ca3330c2,f6ab14eb-1a66-4ea5-8a0f-0afbda444403,photo AK,127546,"",,,SFB2VPYZKPQ7XEGT,,SFB2VPYZKPQ7XEGT,,,2cb2eb77-d031-4e8f-96fd-881c6c942855,"",normal,formfield,,,t,2025-07-02 05:39:44.504857,2025-07-02 05:39:44.504857,2025-07-02 05:39:44.504857,,f6ab14eb-1a66-4ea5-8a0f-0afbda444403,220144878,
104565747,bf996092-8d66-408a-8d8e-5065ca3330c2,f6ab14eb-1a66-4ea5-8a0f-0afbda444403,photo AK,127546,"",,,SFB2VPYZKPQ7XEGT,,SFB2VPYZKPQ7XEGT,,,0f5a0f9a-616d-428d-891f-3e23dc3fbf65,"",normal,formfield,,,t,2025-07-02 05:42:22.821649,2025-07-02 05:42:22.821649,2025-07-02 05:42:22.821649,,f6ab14eb-1a66-4ea5-8a0f-0afbda444403,220145090,
97404253,bf996092-8d66-408a-8d8e-5065ca3330c2,f679f4cf-c089-4a2b-9b84-b14129630601,Screenshot 2025-05-28 151120,11261,"",,,7XGJKR7GMJ4QN93J,,7XGJKR7GMJ4QN93J,,,b30146ea-8a75-43cd-af4d-cf428f02a845,"",normal,rfi,,,f,2025-05-28 10:37:43.09015,2025-05-28 10:37:43.09015,2025-05-28 10:39:10.144166,,f679f4cf-c089-4a2b-9b84-b14129630601,205556549,
97404255,bf996092-8d66-408a-8d8e-5065ca3330c2,f679f4cf-c089-4a2b-9b84-b14129630601,Screenshot 2025-05-28 151301,38483,"",,,7XGJKR7GMJ4QN93J,,7XGJKR7GMJ4QN93J,,,8b14c235-e217-4e52-a5c9-93c0c1598886,"",normal,rfi,,,f,2025-05-28 10:37:44.044532,2025-05-28 10:37:44.044532,2025-05-28 10:39:10.607088,,f679f4cf-c089-4a2b-9b84-b14129630601,205556550,
97404254,bf996092-8d66-408a-8d8e-5065ca3330c2,f679f4cf-c089-4a2b-9b84-b14129630601,Screenshot 2025-05-28 152033,39740,"",,,7XGJKR7GMJ4QN93J,,7XGJKR7GMJ4QN93J,,,b3b62e7b-9c79-4f75-8318-185c63ce061e,"",normal,rfi,,,f,2025-05-28 10:37:43.101681,2025-05-28 10:37:43.101681,2025-05-28 10:39:11.02152,,f679f4cf-c089-4a2b-9b84-b14129630601,205556552,
97404534,bf996092-8d66-408a-8d8e-5065ca3330c2,f679f4cf-c089-4a2b-9b84-b14129630601,Sketch D-wall,108474,"",,,7XGJKR7GMJ4QN93J,,7XGJKR7GMJ4QN93J,,,7c8012ae-bd8d-4348-b019-a7b03781c185,"",normal,rfi,,,f,2025-05-28 10:40:16.495581,2025-05-28 10:40:16.495581,2025-05-28 10:40:19.771305,,f679f4cf-c089-4a2b-9b84-b14129630601,205556844,
104583988,bf996092-8d66-408a-8d8e-5065ca3330c2,967e785d-d83c-490b-8d6a-2ed926c956ac,20250702_161028_photo,0,"",,,MJU2FLVXJAQLGRH7,,MJU2FLVXJAQLGRH7,,,7f90739e-1086-4f4c-880f-e47d4488d493,"",normal,form,2025-07-02 10:40:28.335,,t,2025-07-02 10:38:28.460733,2025-07-02 10:40:31.785,2025-07-02 10:38:29.077482,,967e785d-d83c-490b-8d6a-2ed926c956ac,220186277,
104584065,bf996092-8d66-408a-8d8e-5065ca3330c2,967e785d-d83c-490b-8d6a-2ed926c956ac,20250702_161045_photo,0,"",,,MJU2FLVXJAQLGRH7,,MJU2FLVXJAQLGRH7,,,0d5237d7-652a-4bea-97ba-5359c82e92ac,"",normal,form,2025-07-02 10:40:45.462,,t,2025-07-02 10:39:23.26089,2025-07-02 10:40:50.728,2025-07-02 10:39:23.931718,,967e785d-d83c-490b-8d6a-2ed926c956ac,220186458,
104584401,bf996092-8d66-408a-8d8e-5065ca3330c2,967e785d-d83c-490b-8d6a-2ed926c956ac,20250702_161441_photo,0,"",,,MJU2FLVXJAQLGRH7,,MJU2FLVXJAQLGRH7,,,f2d65499-c2c1-41cd-baee-5045eb5e3a73,"",normal,form,2025-07-02 10:44:41.772,,t,2025-07-02 10:42:32.649264,2025-07-02 10:44:51.6,2025-07-02 10:42:46.769237,,967e785d-d83c-490b-8d6a-2ed926c956ac,220187260,
104584427,bf996092-8d66-408a-8d8e-5065ca3330c2,967e785d-d83c-490b-8d6a-2ed926c956ac,20250702_161448_photo,0,"",,,MJU2FLVXJAQLGRH7,,MJU2FLVXJAQLGRH7,,,fa96cf1a-c9a1-4e74-afad-9d338e3d7bd3,"",normal,form,2025-07-02 10:44:48.34,,t,2025-07-02 10:42:46.105463,2025-07-02 10:44:51.809,2025-07-02 10:42:47.412389,,967e785d-d83c-490b-8d6a-2ed926c956ac,220187265,
104585038,bf996092-8d66-408a-8d8e-5065ca3330c2,967e785d-d83c-490b-8d6a-2ed926c956ac,20250702_161508_photo,0,"",,,MJU2FLVXJAQLGRH7,,MJU2FLVXJAQLGRH7,,,8327cd6e-1be5-4a71-907c-afde7dcb6257,"",normal,form,2025-07-02 10:45:08.041,,t,2025-07-02 10:48:19.897216,2025-07-02 10:45:14.412,2025-07-02 10:48:20.553776,,967e785d-d83c-490b-8d6a-2ed926c956ac,220188517,
97430065,bf996092-8d66-408a-8d8e-5065ca3330c2,967e785d-d83c-490b-8d6a-2ed926c956ac,IMG20250528170000.jpg,0,"",,,RQ92XKNVL7KYFP4W,,RQ92XKNVL7KYFP4W,,,8cfaa318-c50a-4b0f-a7b7-89307bea7bb2,"",normal,form,2025-05-28 11:30:00.104,,t,2025-05-28 12:57:54.928522,2025-05-28 12:57:15.141,2025-05-28 12:57:55.473791,,967e785d-d83c-490b-8d6a-2ed926c956ac,205609147,
97430331,bf996092-8d66-408a-8d8e-5065ca3330c2,967e785d-d83c-490b-8d6a-2ed926c956ac,IMG20250528170000.jpg,0,"",,,RQ92XKNVL7KYFP4W,,RQ92XKNVL7KYFP4W,,,fa28ced4-c022-4f81-acf7-6ad0ec6f9b64,"",normal,form,2025-05-28 11:30:00.104,,t,2025-05-28 12:58:47.988362,2025-05-28 12:58:03.806,2025-05-28 12:58:48.543478,,967e785d-d83c-490b-8d6a-2ed926c956ac,205609685,
97430557,bf996092-8d66-408a-8d8e-5065ca3330c2,967e785d-d83c-490b-8d6a-2ed926c956ac,IMG20250528171341.jpg,0,"",,,RQ92XKNVL7KYFP4W,,RQ92XKNVL7KYFP4W,,,535a2066-1ade-4034-bf7f-e3fdffc845ae,"",normal,form,2025-05-28 11:43:41.045,,t,2025-05-28 12:59:31.671693,2025-05-28 12:58:54.377,2025-05-28 13:03:26.084534,,967e785d-d83c-490b-8d6a-2ed926c956ac,205612311,
97430741,bf996092-8d66-408a-8d8e-5065ca3330c2,967e785d-d83c-490b-8d6a-2ed926c956ac,IMG20250528171336.jpg,0,"",,,RQ92XKNVL7KYFP4W,,RQ92XKNVL7KYFP4W,,,c4cd6a2d-9397-4293-b2b5-e0c667d85a07,"",normal,form,2025-05-28 11:43:36.805,,t,2025-05-28 13:00:04.105942,2025-05-28 12:58:54.801,2025-05-28 13:03:26.551102,,967e785d-d83c-490b-8d6a-2ed926c956ac,205612313,
97430921,bf996092-8d66-408a-8d8e-5065ca3330c2,967e785d-d83c-490b-8d6a-2ed926c956ac,IMG20250528171333.jpg,0,"",,,RQ92XKNVL7KYFP4W,,RQ92XKNVL7KYFP4W,,,d58202bb-bd75-4e0a-8a9c-e78a7493781c,"",normal,form,2025-05-28 11:43:33.388,,t,2025-05-28 13:00:40.550339,2025-05-28 12:58:55.184,2025-05-28 13:03:27.848279,,967e785d-d83c-490b-8d6a-2ed926c956ac,205612327,
97431129,bf996092-8d66-408a-8d8e-5065ca3330c2,967e785d-d83c-490b-8d6a-2ed926c956ac,IMG20250528171331.jpg,0,"",,,RQ92XKNVL7KYFP4W,,RQ92XKNVL7KYFP4W,,,adffcf21-fc5d-4803-976f-d7ca6bffb376,"",normal,form,2025-05-28 11:43:31.078,,t,2025-05-28 13:01:26.730768,2025-05-28 12:58:55.644,2025-05-28 13:03:28.456859,,967e785d-d83c-490b-8d6a-2ed926c956ac,205612332,
97431230,bf996092-8d66-408a-8d8e-5065ca3330c2,967e785d-d83c-490b-8d6a-2ed926c956ac,IMG-20250528-WA0015.jpeg,0,"",,,RQ92XKNVL7KYFP4W,,RQ92XKNVL7KYFP4W,,,66a2176f-8c9f-4980-886a-ed1021c16698,"",normal,form,2025-05-28 11:42:36,,t,2025-05-28 13:01:51.319141,2025-05-28 12:58:56.105,2025-05-28 13:03:29.090175,,967e785d-d83c-490b-8d6a-2ed926c956ac,205612341,
97431414,bf996092-8d66-408a-8d8e-5065ca3330c2,967e785d-d83c-490b-8d6a-2ed926c956ac,IMG20250528170159.jpg,0,"",,,RQ92XKNVL7KYFP4W,,RQ92XKNVL7KYFP4W,,,275fd732-2455-4d5b-a1d7-a5e301649f07,"",normal,form,2025-05-28 11:31:59.501,,t,2025-05-28 13:02:25.177084,2025-05-28 12:58:56.393,2025-05-28 13:03:29.488612,,967e785d-d83c-490b-8d6a-2ed926c956ac,205612343,
97431580,bf996092-8d66-408a-8d8e-5065ca3330c2,967e785d-d83c-490b-8d6a-2ed926c956ac,IMG20250528165945.jpg,0,"",,,RQ92XKNVL7KYFP4W,,RQ92XKNVL7KYFP4W,,,fb56f6d4-b539-4cc2-8060-6440cc1c81f9,"",normal,form,2025-05-28 11:29:45.919,,t,2025-05-28 13:02:57.811839,2025-05-28 12:58:56.896,2025-05-28 13:03:30.187774,,967e785d-d83c-490b-8d6a-2ed926c956ac,205612353,
97431720,bf996092-8d66-408a-8d8e-5065ca3330c2,967e785d-d83c-490b-8d6a-2ed926c956ac,IMG20250528165926.jpg,0,"",,,RQ92XKNVL7KYFP4W,,RQ92XKNVL7KYFP4W,,,a6d6007b-b67f-46b1-81c7-e3a87e799a20,"",normal,form,2025-05-28 11:29:26.364,,t,2025-05-28 13:03:25.450634,2025-05-28 12:58:57.375,2025-05-28 13:03:30.852326,,967e785d-d83c-490b-8d6a-2ed926c956ac,205612361,
97432019,bf996092-8d66-408a-8d8e-5065ca3330c2,967e785d-d83c-490b-8d6a-2ed926c956ac,IMG-20250528-WA0015.jpeg,0,"",,,RQ92XKNVL7KYFP4W,,RQ92XKNVL7KYFP4W,,,d1404bb2-7b51-47af-b5f8-89d47caff620,"",normal,form,2025-05-28 11:42:36,,t,2025-05-28 13:04:16.137719,2025-05-28 13:00:05.24,2025-05-28 13:04:16.818402,,967e785d-d83c-490b-8d6a-2ed926c956ac,205612885,
97432158,bf996092-8d66-408a-8d8e-5065ca3330c2,967e785d-d83c-490b-8d6a-2ed926c956ac,IMG20250528170159.jpg,0,"",,,RQ92XKNVL7KYFP4W,,RQ92XKNVL7KYFP4W,,,7cbe6bae-b04f-4a3b-80ed-eebd73eb1d69,"",normal,form,2025-05-28 11:31:59.501,,t,2025-05-28 13:04:55.588651,2025-05-28 13:00:26.255,2025-05-28 13:04:56.24869,,967e785d-d83c-490b-8d6a-2ed926c956ac,205613169,
104587039,bf996092-8d66-408a-8d8e-5065ca3330c2,967e785d-d83c-490b-8d6a-2ed926c956ac,20250702_161503_photo,0,"",,,MJU2FLVXJAQLGRH7,,MJU2FLVXJAQLGRH7,,,c97b9a81-eb4f-4dcd-aad4-06a0a77346d0,"",normal,form,2025-07-02 10:45:03.642,,t,2025-07-02 11:08:58.277204,2025-07-02 11:08:58.277204,2025-07-02 11:09:13.658136,,967e785d-d83c-490b-8d6a-2ed926c956ac,220192850,
104588099,bf996092-8d66-408a-8d8e-5065ca3330c2,967e785d-d83c-490b-8d6a-2ed926c956ac,IMG-20250702-WA0008.jpeg,0,"",,,MWZJGXW9MEMP2RFR,,MWZJGXW9MEMP2RFR,,,4ac7a9e6-4f4c-4f48-9d73-e95416d59131,"",normal,form,2025-07-02 11:12:37,,t,2025-07-02 11:15:17.023865,2025-07-02 11:14:56.663,2025-07-02 11:15:17.491783,,967e785d-d83c-490b-8d6a-2ed926c956ac,220195003,
104588121,bf996092-8d66-408a-8d8e-5065ca3330c2,967e785d-d83c-490b-8d6a-2ed926c956ac,IMG-20250702-WA0006.jpeg,0,"",,,MWZJGXW9MEMP2RFR,,MWZJGXW9MEMP2RFR,,,eab78084-068e-42fc-82ed-377615561408,"",normal,form,2025-07-02 11:12:29,,t,2025-07-02 11:15:42.366779,2025-07-02 11:15:09.658,2025-07-02 11:15:49.070056,,967e785d-d83c-490b-8d6a-2ed926c956ac,220195092,
104588357,bf996092-8d66-408a-8d8e-5065ca3330c2,967e785d-d83c-490b-8d6a-2ed926c956ac,20250702_164634_photo,0,"",,,MWZJGXW9MEMP2RFR,,MWZJGXW9MEMP2RFR,27.563038,77.663167,21e03a01-16df-4d06-860b-658352f17acf,"",normal,form,2025-07-02 11:16:24,,t,2025-07-02 11:16:52.730566,2025-07-02 11:16:34.502,2025-07-02 11:16:53.427607,,967e785d-d83c-490b-8d6a-2ed926c956ac,220195559,
104588749,bf996092-8d66-408a-8d8e-5065ca3330c2,967e785d-d83c-490b-8d6a-2ed926c956ac,IMG-20250702-WA0003.jpg,0,"",,,MJU2FLVXJAQLGRH7,,MJU2FLVXJAQLGRH7,,,85ad98c8-0c22-4163-b40b-9c5c12c96df2,"",normal,form,,,t,2025-07-02 11:19:16.379668,2025-07-02 11:21:29.949,2025-07-02 11:19:16.91464,,967e785d-d83c-490b-8d6a-2ed926c956ac,220196397,
104588806,bf996092-8d66-408a-8d8e-5065ca3330c2,967e785d-d83c-490b-8d6a-2ed926c956ac,IMG-20250702-WA0003.jpg,0,"",,,MJU2FLVXJAQLGRH7,,MJU2FLVXJAQLGRH7,,,5268ccc2-5419-4b50-af04-7abeff24ee64,"",normal,form,,,t,2025-07-02 11:19:52.288025,2025-07-02 11:22:25.836,2025-07-02 11:19:52.744337,,967e785d-d83c-490b-8d6a-2ed926c956ac,220196512,
104589718,bf996092-8d66-408a-8d8e-5065ca3330c2,967e785d-d83c-490b-8d6a-2ed926c956ac,IMG-20250702-WA0003.jpg,0,"",,,MJU2FLVXJAQLGRH7,,MJU2FLVXJAQLGRH7,,,4b639014-cd44-40d3-af3b-ef1f9a42c3f4,"",normal,form,,,t,2025-07-02 11:24:22.38896,2025-07-02 11:26:09.916,2025-07-02 11:24:22.874514,,967e785d-d83c-490b-8d6a-2ed926c956ac,220198308,
97453398,bf996092-8d66-408a-8d8e-5065ca3330c2,967e785d-d83c-490b-8d6a-2ed926c956ac,IMG_20250528_185440.jpg,0,"",,,VYKJ7GRWMX37AKTY,,VYKJ7GRWMX37AKTY,,,a04af7b6-d356-4b88-9cd1-5f12bbcddc13,"",normal,form,,,t,2025-05-28 14:20:57.274107,2025-05-28 14:20:16.356,2025-05-28 14:21:01.565528,,967e785d-d83c-490b-8d6a-2ed926c956ac,205654649,
97453866,bf996092-8d66-408a-8d8e-5065ca3330c2,967e785d-d83c-490b-8d6a-2ed926c956ac,IMG_20250528_185440.jpg,0,"",,,VYKJ7GRWMX37AKTY,,VYKJ7GRWMX37AKTY,,,60f5aee3-924b-43c8-8ea6-906feae7f8a4,"",normal,form,,,t,2025-05-28 14:22:19.357204,2025-05-28 14:22:04.591,2025-05-28 14:22:20.091244,,967e785d-d83c-490b-8d6a-2ed926c956ac,205655522,
104639416,bf996092-8d66-408a-8d8e-5065ca3330c2,967e785d-d83c-490b-8d6a-2ed926c956ac,IMG-20250702-WA0003.jpg,0,"",,,MJU2FLVXJAQLGRH7,,MJU2FLVXJAQLGRH7,,,f69d4602-1742-49ff-9a9a-4c2306939e18,"",normal,form,,,t,2025-07-02 14:20:57.444643,2025-07-02 11:26:45.006,2025-07-02 14:20:58.079933,,967e785d-d83c-490b-8d6a-2ed926c956ac,220296499,
97598489,bf996092-8d66-408a-8d8e-5065ca3330c2,967e785d-d83c-490b-8d6a-2ed926c956ac,19040101_052110_video,0,"",,,RQ92XKNVL7KYFP4W,,RQ92XKNVL7KYFP4W,,,1e83cc6d-95d7-4665-b0a4-06e13a846009,"",video,form,1904-01-01 00:00:00,,t,2025-05-29 00:16:36.565725,2025-05-29 00:16:27.778,2025-05-29 00:16:37.018734,,967e785d-d83c-490b-8d6a-2ed926c956ac,205940769,
97647594,bf996092-8d66-408a-8d8e-5065ca3330c2,967e785d-d83c-490b-8d6a-2ed926c956ac,IMG_20250529_094704_1.jpg,0,"",,,VYKJ7GRWMX37AKTY,,VYKJ7GRWMX37AKTY,,,40f44396-4bef-4072-9537-fd30b206dfdd,"",normal,form,2025-05-29 04:17:04.77,,t,2025-05-29 12:24:19.84531,2025-05-29 12:24:11.928,2025-05-29 12:24:20.493594,,967e785d-d83c-490b-8d6a-2ed926c956ac,206044338,
97704285,bf996092-8d66-408a-8d8e-5065ca3330c2,967e785d-d83c-490b-8d6a-2ed926c956ac,IMG-20250529-WA0037.jpg,0,"",,,RQ92XKNVL7KYFP4W,,RQ92XKNVL7KYFP4W,,,d08fffea-2dd8-404f-ae8b-e421c3aeb05a,"",normal,form,,,t,2025-05-29 15:22:35.89429,2025-05-29 14:40:13.362,2025-05-29 15:22:36.513497,,967e785d-d83c-490b-8d6a-2ed926c956ac,206157265,
97704448,bf996092-8d66-408a-8d8e-5065ca3330c2,967e785d-d83c-490b-8d6a-2ed926c956ac,IMG-20250529-WA0034.jpg,0,"",,,RQ92XKNVL7KYFP4W,,RQ92XKNVL7KYFP4W,,,50d86723-a0f6-4e1d-90d8-cb4d9b088c12,"",normal,form,,,t,2025-05-29 15:23:06.400799,2025-05-29 14:41:21.647,2025-05-29 15:23:07.052432,,967e785d-d83c-490b-8d6a-2ed926c956ac,206157622,
97733855,bf996092-8d66-408a-8d8e-5065ca3330c2,967e785d-d83c-490b-8d6a-2ed926c956ac,IMG_20250526_184108.jpg,0,"",,,RQ92XKNVL7KYFP4W,,RQ92XKNVL7KYFP4W,,,104678c5-6edb-41f4-8449-6cf7f61f0fa4,"",normal,form,2025-05-26 13:10:24.514,,t,2025-05-29 17:05:53.083706,2025-05-29 17:05:53.083706,2025-05-29 17:07:26.830581,,967e785d-d83c-490b-8d6a-2ed926c956ac,206216672,
97733922,bf996092-8d66-408a-8d8e-5065ca3330c2,967e785d-d83c-490b-8d6a-2ed926c956ac,IMG-20250529-WA0036.jpg,0,"",,,RQ92XKNVL7KYFP4W,,RQ92XKNVL7KYFP4W,,,4b1d5b31-d5c6-4eda-8960-6edd01f1116e,"",normal,form,,,t,2025-05-29 17:06:10.239826,2025-05-29 17:06:10.239826,2025-05-29 17:07:33.708009,,967e785d-d83c-490b-8d6a-2ed926c956ac,206216727,
97733923,bf996092-8d66-408a-8d8e-5065ca3330c2,967e785d-d83c-490b-8d6a-2ed926c956ac,IMG-20250529-WA0035.jpg,0,"",,,RQ92XKNVL7KYFP4W,,RQ92XKNVL7KYFP4W,,,3a437689-c3e4-4747-a8d5-240663ac9003,"",normal,form,,,t,2025-05-29 17:06:10.822872,2025-05-29 17:06:10.822872,2025-05-29 17:07:37.630018,,967e785d-d83c-490b-8d6a-2ed926c956ac,206216757,
97846962,bf996092-8d66-408a-8d8e-5065ca3330c2,967e785d-d83c-490b-8d6a-2ed926c956ac,IMG20250530090139.jpg,0,"",,,RQ92XKNVL7KYFP4W,,RQ92XKNVL7KYFP4W,,,d0e3830c-abb6-4bbc-b374-9265823f7158,"",normal,form,2025-05-30 03:31:39.21,,t,2025-05-30 03:36:16.392504,2025-05-30 03:34:20.317,2025-05-30 03:37:20.642771,,967e785d-d83c-490b-8d6a-2ed926c956ac,206444900,
97846976,bf996092-8d66-408a-8d8e-5065ca3330c2,967e785d-d83c-490b-8d6a-2ed926c956ac,IMG20250530090124.jpg,0,"",,,RQ92XKNVL7KYFP4W,,RQ92XKNVL7KYFP4W,,,65a85433-1c66-48fb-adbf-66abd36d311f,"",normal,form,2025-05-30 03:31:24.638,,t,2025-05-30 03:37:19.92479,2025-05-30 03:34:20.847,2025-05-30 03:37:21.103559,,967e785d-d83c-490b-8d6a-2ed926c956ac,206444901,
97847112,bf996092-8d66-408a-8d8e-5065ca3330c2,967e785d-d83c-490b-8d6a-2ed926c956ac,IMG20250530090139.jpg,0,"",,,RQ92XKNVL7KYFP4W,,RQ92XKNVL7KYFP4W,,,1c25b02b-54eb-4185-9484-6b27d6a86871,"",normal,form,2025-05-30 03:31:39.21,,t,2025-05-30 03:39:50.317857,2025-05-30 03:35:26.622,2025-05-30 03:39:51.052275,,967e785d-d83c-490b-8d6a-2ed926c956ac,206445160,
97851743,bf996092-8d66-408a-8d8e-5065ca3330c2,967e785d-d83c-490b-8d6a-2ed926c956ac,IMG20250530091538.jpg,0,"",,,RQ92XKNVL7KYFP4W,,RQ92XKNVL7KYFP4W,,,38d7da23-c4c6-446e-8e17-4d8b74e5b319,"",normal,form,2025-05-30 03:45:38.593,,t,2025-05-30 06:02:51.824281,2025-05-30 06:02:04.818,2025-05-30 06:02:52.491467,,967e785d-d83c-490b-8d6a-2ed926c956ac,206454702,
97851878,bf996092-8d66-408a-8d8e-5065ca3330c2,967e785d-d83c-490b-8d6a-2ed926c956ac,IMG20250530113307.jpg,0,"",,,RQ92XKNVL7KYFP4W,,RQ92XKNVL7KYFP4W,,,237211f3-d744-4b53-89ee-b4a209912481,"",normal,form,2025-05-30 06:03:07.757,,t,2025-05-30 06:07:42.631665,2025-05-30 06:07:02.025,2025-05-30 06:07:43.683928,,967e785d-d83c-490b-8d6a-2ed926c956ac,206454998,
97851896,bf996092-8d66-408a-8d8e-5065ca3330c2,967e785d-d83c-490b-8d6a-2ed926c956ac,IMG20250530113307.jpg,0,"",,,RQ92XKNVL7KYFP4W,,RQ92XKNVL7KYFP4W,,,727a3c97-4f89-416e-b792-ce353ec34816,"",normal,form,2025-05-30 06:03:07.757,,t,2025-05-30 06:08:38.268383,2025-05-30 06:08:08.711,2025-05-30 06:08:38.828192,,967e785d-d83c-490b-8d6a-2ed926c956ac,206455046,
97855357,bf996092-8d66-408a-8d8e-5065ca3330c2,f679f4cf-c089-4a2b-9b84-b14129630601,20250530_131655_photo,0,"",,,3TSJN3BRN9YVX2DX,,3TSJN3BRN9YVX2DX,28.669211,77.431381,87b58267-5601-4cfa-8033-d4249cac9e52,"",normal,gallery,2025-05-30 07:46:55.315,,t,2025-05-30 07:47:12.450995,2025-05-30 07:46:55.206,2025-05-30 07:47:12.450995,,f679f4cf-c089-4a2b-9b84-b14129630601,206461923,
97855433,bf996092-8d66-408a-8d8e-5065ca3330c2,f679f4cf-c089-4a2b-9b84-b14129630601,20250530_131841_photo,0,"",,,3TSJN3BRN9YVX2DX,,3TSJN3BRN9YVX2DX,28.669169,77.431378,b5eb99e0-93cf-4f34-80ba-3eb48c2cc08e,"",normal,gallery,2025-05-30 07:48:41.977,,t,2025-05-30 07:48:49.016047,2025-05-30 07:48:41.848,2025-05-30 07:48:49.016047,,f679f4cf-c089-4a2b-9b84-b14129630601,206462089,
97855437,bf996092-8d66-408a-8d8e-5065ca3330c2,f679f4cf-c089-4a2b-9b84-b14129630601,20250530_131841_photo,0,"",,,3TSJN3BRN9YVX2DX,,3TSJN3BRN9YVX2DX,28.669169,77.431375,f61b4f0c-7996-4481-89b7-d7eadbf24e69,"",normal,gallery,2025-05-30 07:48:41.985,,t,2025-05-30 07:48:55.011698,2025-05-30 07:48:41.848,2025-05-30 07:48:55.011698,,f679f4cf-c089-4a2b-9b84-b14129630601,206462109,
97855441,bf996092-8d66-408a-8d8e-5065ca3330c2,f679f4cf-c089-4a2b-9b84-b14129630601,20250530_131841_photo,0,"",,,3TSJN3BRN9YVX2DX,,3TSJN3BRN9YVX2DX,28.669172,77.431383,9f8caeee-2591-421c-a14d-875de859c934,"",normal,gallery,2025-05-30 07:48:41.991,,t,2025-05-30 07:49:01.09813,2025-05-30 07:48:41.848,2025-05-30 07:49:01.09813,,f679f4cf-c089-4a2b-9b84-b14129630601,206462117,
97855492,bf996092-8d66-408a-8d8e-5065ca3330c2,f679f4cf-c089-4a2b-9b84-b14129630601,20250530_132008_photo,0,"",,,3TSJN3BRN9YVX2DX,,3TSJN3BRN9YVX2DX,28.669169,77.431378,a66097c6-45d3-42ba-af4f-973ee2f04b30,"",normal,gallery,2025-05-30 07:50:08.134,,t,2025-05-30 07:50:14.667691,2025-05-30 07:50:08.026,2025-05-30 07:50:14.667691,,f679f4cf-c089-4a2b-9b84-b14129630601,206462231,
97855507,bf996092-8d66-408a-8d8e-5065ca3330c2,f679f4cf-c089-4a2b-9b84-b14129630601,20250530_132048_photo,0,"",,,3TSJN3BRN9YVX2DX,,3TSJN3BRN9YVX2DX,28.669172,77.431306,8ce07989-883d-48bb-8a32-35d12a805ef3,"",normal,gallery,2025-05-30 07:50:48.392,,t,2025-05-30 07:50:53.482258,2025-05-30 07:50:48.287,2025-05-30 07:50:53.482258,,f679f4cf-c089-4a2b-9b84-b14129630601,206462267,
97855599,bf996092-8d66-408a-8d8e-5065ca3330c2,f679f4cf-c089-4a2b-9b84-b14129630601,20250530_132241_photo,0,"",,,3TSJN3BRN9YVX2DX,,3TSJN3BRN9YVX2DX,28.669225,77.431331,69ea65f5-b2c7-4a88-82a8-e35041cc835b,"",normal,gallery,2025-05-30 07:52:41.736,,t,2025-05-30 07:52:46.68812,2025-05-30 07:52:41.628,2025-05-30 07:52:46.68812,,f679f4cf-c089-4a2b-9b84-b14129630601,206462467,
97855646,bf996092-8d66-408a-8d8e-5065ca3330c2,f679f4cf-c089-4a2b-9b84-b14129630601,20250530_132352_photo,0,"",,,3TSJN3BRN9YVX2DX,,3TSJN3BRN9YVX2DX,28.669292,77.431086,ae968925-2660-4cfc-87a3-1923a748f778,"",normal,gallery,2025-05-30 07:53:52.151,,t,2025-05-30 07:53:56.56244,2025-05-30 07:53:52.038,2025-05-30 07:53:56.56244,,f679f4cf-c089-4a2b-9b84-b14129630601,206462578,
97857385,bf996092-8d66-408a-8d8e-5065ca3330c2,f679f4cf-c089-4a2b-9b84-b14129630601,20250530_140113_photo,0,"",,,3TSJN3BRN9YVX2DX,,3TSJN3BRN9YVX2DX,28.669206,77.431308,a521708b-f628-4fec-8484-7dc9ecca85e7,"",normal,gallery,2025-05-30 08:31:13.92,,t,2025-05-30 08:31:20.828508,2025-05-30 08:31:13.801,2025-05-30 08:31:20.828508,,f679f4cf-c089-4a2b-9b84-b14129630601,206466285,
97857434,bf996092-8d66-408a-8d8e-5065ca3330c2,f679f4cf-c089-4a2b-9b84-b14129630601,20250530_140231_photo,0,"",,,3TSJN3BRN9YVX2DX,,3TSJN3BRN9YVX2DX,28.669203,77.431361,f2457984-7d72-4411-8f75-92308f2a5d94,"",normal,gallery,2025-05-30 08:32:31.166,,t,2025-05-30 08:32:36.269574,2025-05-30 08:32:31.053,2025-05-30 08:32:36.269574,,f679f4cf-c089-4a2b-9b84-b14129630601,206466382,
97857439,bf996092-8d66-408a-8d8e-5065ca3330c2,f679f4cf-c089-4a2b-9b84-b14129630601,20250530_140231_photo,0,"",,,3TSJN3BRN9YVX2DX,,3TSJN3BRN9YVX2DX,28.669208,77.431361,d77396dc-db95-405f-9815-7c3506408f97,"",normal,gallery,2025-05-30 08:32:31.172,,t,2025-05-30 08:32:43.68565,2025-05-30 08:32:31.053,2025-05-30 08:32:43.68565,,f679f4cf-c089-4a2b-9b84-b14129630601,206466391,
97857450,bf996092-8d66-408a-8d8e-5065ca3330c2,f679f4cf-c089-4a2b-9b84-b14129630601,20250530_140253_photo,0,"",,,3TSJN3BRN9YVX2DX,,3TSJN3BRN9YVX2DX,28.669206,77.431364,26928ca5-f55e-48b5-98ce-00bc8202e96b,"",normal,gallery,2025-05-30 08:32:53.378,,t,2025-05-30 08:32:58.249686,2025-05-30 08:32:53.272,2025-05-30 08:32:58.249686,,f679f4cf-c089-4a2b-9b84-b14129630601,206466422,
97857473,bf996092-8d66-408a-8d8e-5065ca3330c2,f679f4cf-c089-4a2b-9b84-b14129630601,20250530_140356_photo,0,"",,,3TSJN3BRN9YVX2DX,,3TSJN3BRN9YVX2DX,28.669206,77.431364,084b3a29-380e-487e-b71f-247dca9c4677,"",normal,gallery,2025-05-30 08:33:56.45,,t,2025-05-30 08:33:59.916434,2025-05-30 08:33:56.355,2025-05-30 08:33:59.916434,,f679f4cf-c089-4a2b-9b84-b14129630601,206466489,
97857490,bf996092-8d66-408a-8d8e-5065ca3330c2,f679f4cf-c089-4a2b-9b84-b14129630601,20250530_140417_photo,0,"",,,3TSJN3BRN9YVX2DX,,3TSJN3BRN9YVX2DX,28.669203,77.431392,08504f4e-196b-49da-b0b3-1f472b7cf087,"",normal,gallery,2025-05-30 08:34:17.421,,t,2025-05-30 08:34:24.475945,2025-05-30 08:34:17.306,2025-05-30 08:34:24.475945,,f679f4cf-c089-4a2b-9b84-b14129630601,206466519,
97857516,bf996092-8d66-408a-8d8e-5065ca3330c2,f679f4cf-c089-4a2b-9b84-b14129630601,20250530_140455_photo,0,"",,,3TSJN3BRN9YVX2DX,,3TSJN3BRN9YVX2DX,28.669208,77.431339,c3b57e73-ab84-4be4-891f-a4d6a4809ce3,"",normal,gallery,2025-05-30 08:34:56.047,,t,2025-05-30 08:35:02.030671,2025-05-30 08:34:55.939,2025-05-30 08:35:02.030671,,f679f4cf-c089-4a2b-9b84-b14129630601,206466587,
97857520,bf996092-8d66-408a-8d8e-5065ca3330c2,f679f4cf-c089-4a2b-9b84-b14129630601,20250530_140455_photo,0,"",,,3TSJN3BRN9YVX2DX,,3TSJN3BRN9YVX2DX,28.669211,77.431339,2856a0b4-8d5f-4c2f-8e21-24bf6718156b,"",normal,gallery,2025-05-30 08:34:56.052,,t,2025-05-30 08:35:07.2517,2025-05-30 08:34:55.939,2025-05-30 08:35:07.2517,,f679f4cf-c089-4a2b-9b84-b14129630601,206466594,
97869844,bf996092-8d66-408a-8d8e-5065ca3330c2,967e785d-d83c-490b-8d6a-2ed926c956ac,20250530_165649_photo,0,"",,,VYKJ7GRWMX37AKTY,,VYKJ7GRWMX37AKTY,27.562988,77.663990,677d31af-1417-4b24-83e9-08388eab5652,"",normal,form,2025-05-30 11:26:49.67,,t,2025-05-30 11:27:14.663721,2025-05-30 11:26:58.486,2025-05-30 11:27:15.406353,,967e785d-d83c-490b-8d6a-2ed926c956ac,206491778,
97870292,bf996092-8d66-408a-8d8e-5065ca3330c2,967e785d-d83c-490b-8d6a-2ed926c956ac,20250530_165912_photo,0,"",,,VYKJ7GRWMX37AKTY,,VYKJ7GRWMX37AKTY,27.563451,77.662818,1f462db4-35a8-4c0f-9d9a-e24d89b4ad4e,"",normal,form,2025-05-30 11:29:12.51,,t,2025-05-30 11:30:29.56375,2025-05-30 11:29:18.453,2025-05-30 11:30:30.282256,,967e785d-d83c-490b-8d6a-2ed926c956ac,206492630,
97873673,bf996092-8d66-408a-8d8e-5065ca3330c2,f679f4cf-c089-4a2b-9b84-b14129630601,20250530_172121_photo,0,"",,,3AJ2UBWNPMNWLHCM,,3AJ2UBWNPMNWLHCM,28.669613,77.431271,ad50e44d-5c5e-482e-9e5b-1086e39b4f7e,"",normal,form,2025-05-30 11:51:21.755,,t,2025-05-30 11:51:37.961683,2025-05-30 11:51:29.854,2025-05-30 11:51:39.054744,,f679f4cf-c089-4a2b-9b84-b14129630601,206499498,
115274929,bf996092-8d66-408a-8d8e-5065ca3330c2,967e785d-d83c-490b-8d6a-2ed926c956ac,IMG-20250818-WA0028.jpeg,0,"",,,KDBLMPH5JM9X,,KDBLMPH5JM9X,,,8eba1fab-89d1-4a30-b19e-909ad474d374,"",normal,form,2025-08-18 03:53:46.05,,t,2025-08-19 03:28:50.773392,2025-08-19 03:28:41.522,2025-08-19 03:28:51.398298,,967e785d-d83c-490b-8d6a-2ed926c956ac,241706244,
115274988,bf996092-8d66-408a-8d8e-5065ca3330c2,967e785d-d83c-490b-8d6a-2ed926c956ac,IMG20250818092508.jpg,0,"",,,KDBLMPH5JM9X,,KDBLMPH5JM9X,27.563236,77.662897,cea37fa0-3bff-499b-b5c0-2e28f4bd30f4,"",normal,form,2025-08-18 03:54:58,,t,2025-08-19 03:29:21.894987,2025-08-19 03:29:12.85,2025-08-19 03:29:22.416164,,967e785d-d83c-490b-8d6a-2ed926c956ac,241706355,
115278478,bf996092-8d66-408a-8d8e-5065ca3330c2,f679f4cf-c089-4a2b-9b84-b14129630601,67780b15-1f49-4a5d-98fa-31855fe759cc,0,"",,,3TSJN3BRN9YVX2DX,,3TSJN3BRN9YVX2DX,,,a0f32fff-fea5-438b-beca-7dae06ffbcd3,"",normal,gallery,2025-08-19 04:15:02.622,,t,2025-08-19 04:15:06.823083,2025-08-19 04:15:02.57,2025-08-19 04:15:06.823083,,f679f4cf-c089-4a2b-9b84-b14129630601,241713491,
98059598,bf996092-8d66-408a-8d8e-5065ca3330c2,967e785d-d83c-490b-8d6a-2ed926c956ac,Screenshot_20250531_093348_WhatsApp.jpg,0,"",,,YNUJS2S8LSSR8AJW,,YNUJS2S8LSSR8AJW,,,a912ecf3-4afb-4b62-a123-03eb28a1c0b6,"",normal,issue,2025-05-31 04:03:48.574,,t,2025-05-31 04:47:31.300979,2025-05-31 04:47:25.934,2025-05-31 04:47:32.439902,,967e785d-d83c-490b-8d6a-2ed926c956ac,206874034,
98060677,bf996092-8d66-408a-8d8e-5065ca3330c2,967e785d-d83c-490b-8d6a-2ed926c956ac,IMG_20250531_105133.jpg,0,"",,,VYKJ7GRWMX37AKTY,,VYKJ7GRWMX37AKTY,,,82a76bfc-e01f-4852-9d40-6d2b7f3614e9,"",normal,form,,,t,2025-05-31 05:26:24.470783,2025-05-31 05:26:15.281,2025-05-31 05:26:25.011498,,967e785d-d83c-490b-8d6a-2ed926c956ac,206876518,
98060730,bf996092-8d66-408a-8d8e-5065ca3330c2,967e785d-d83c-490b-8d6a-2ed926c956ac,20250531_105829_photo,0,"",,,VYKJ7GRWMX37AKTY,,VYKJ7GRWMX37AKTY,27.563476,77.662826,73f41823-68cb-42d3-8095-615c53354186,"",normal,form,2025-05-31 05:28:29.18,,t,2025-05-31 05:28:40.459023,2025-05-31 05:28:36.934,2025-05-31 05:28:41.239093,,967e785d-d83c-490b-8d6a-2ed926c956ac,206876631,
98060752,bf996092-8d66-408a-8d8e-5065ca3330c2,967e785d-d83c-490b-8d6a-2ed926c956ac,20250531_105933_photo,0,"",,,VYKJ7GRWMX37AKTY,,VYKJ7GRWMX37AKTY,27.563467,77.662814,241ff799-19cf-4e62-a559-c4f4a1b7b5c3,"",normal,form,2025-05-31 05:29:33.82,,t,2025-05-31 05:29:52.073154,2025-05-31 05:29:42.21,2025-05-31 05:29:52.852897,,967e785d-d83c-490b-8d6a-2ed926c956ac,206876714,
98060763,bf996092-8d66-408a-8d8e-5065ca3330c2,967e785d-d83c-490b-8d6a-2ed926c956ac,20250531_105947_photo,0,"",,,VYKJ7GRWMX37AKTY,,VYKJ7GRWMX37AKTY,27.563467,77.662814,029d5bd8-d55e-4d38-a4ea-83b6bf77fe2c,"",normal,form,2025-05-31 05:29:47.2,,t,2025-05-31 05:30:10.900731,2025-05-31 05:29:52.048,2025-05-31 05:30:11.401484,,967e785d-d83c-490b-8d6a-2ed926c956ac,206876730,
98060766,bf996092-8d66-408a-8d8e-5065ca3330c2,967e785d-d83c-490b-8d6a-2ed926c956ac,IMG_20250531_105540.jpg,0,"",,,VYKJ7GRWMX37AKTY,,VYKJ7GRWMX37AKTY,,,01d49d99-2236-4a4f-bba8-028571ff7da1,"",normal,form,,,t,2025-05-31 05:30:21.514496,2025-05-31 05:29:57.532,2025-05-31 05:30:22.115449,,967e785d-d83c-490b-8d6a-2ed926c956ac,206876757,
98061978,bf996092-8d66-408a-8d8e-5065ca3330c2,f679f4cf-c089-4a2b-9b84-b14129630601,2393a6a5-1f75-4a15-bd92-3fdf6d9145c6,0,"",,,3TSJN3BRN9YVX2DX,,3TSJN3BRN9YVX2DX,28.669206,77.431364,5191c42f-bf91-48ce-a777-91eb717b3655,"",normal,gallery,2025-05-31 07:08:40.731,,t,2025-05-31 07:08:47.644699,2025-05-31 07:08:40.522,2025-06-21 13:04:00.885247,,f679f4cf-c089-4a2b-9b84-b14129630601,215554625,
98062007,bf996092-8d66-408a-8d8e-5065ca3330c2,f679f4cf-c089-4a2b-9b84-b14129630601,20250531_123950_photo,0,"",,,3TSJN3BRN9YVX2DX,,3TSJN3BRN9YVX2DX,28.669656,77.431383,1938d0af-ac55-4503-b83d-c9bc5ae117c3,"",normal,gallery,2025-05-31 07:09:50.179,,t,2025-05-31 07:09:55.105688,2025-05-31 07:09:50.102,2025-05-31 07:09:55.105688,,f679f4cf-c089-4a2b-9b84-b14129630601,206879494,
115303063,bf996092-8d66-408a-8d8e-5065ca3330c2,967e785d-d83c-490b-8d6a-2ed926c956ac,20250819_154549_photo,0,"",,,U8Q2F3P4M3PWWQXF,,U8Q2F3P4M3PWWQXF,27.563509,77.662827,832ec325-22ca-4760-b8ae-f5ddcab6ee86,"",normal,rfi,2025-08-19 10:15:49.797,,f,2025-08-19 10:23:55.649443,2025-08-19 10:15:56.867,2025-08-19 10:23:56.222726,,967e785d-d83c-490b-8d6a-2ed926c956ac,241768957,
98119274,bf996092-8d66-408a-8d8e-5065ca3330c2,f679f4cf-c089-4a2b-9b84-b14129630601,20250601_092910_photo,0,"",,,3TSJN3BRN9YVX2DX,,3TSJN3BRN9YVX2DX,28.669447,77.431119,a2c8b302-e93b-4e24-a184-db019d0d390d,"",normal,gallery,2025-06-01 03:59:10.594,,t,2025-06-01 03:59:14.584814,2025-06-01 03:59:10.5,2025-06-01 03:59:14.584814,,f679f4cf-c089-4a2b-9b84-b14129630601,206992942,
98122117,bf996092-8d66-408a-8d8e-5065ca3330c2,967e785d-d83c-490b-8d6a-2ed926c956ac,20250601_150740_photo,0,"",,,WK7J3NJWMTCK9UWQ,,WK7J3NJWMTCK9UWQ,,,6b9dad0e-509f-40e9-8bd0-fd2a83cd3805,"",normal,rfi,2025-06-01 09:36:50,,f,2025-06-01 09:38:03.119151,2025-06-01 09:37:40.426,2025-06-01 09:38:03.119151,,967e785d-d83c-490b-8d6a-2ed926c956ac,206998781,
98122118,bf996092-8d66-408a-8d8e-5065ca3330c2,967e785d-d83c-490b-8d6a-2ed926c956ac,20250601_150740_photo,0,"",,,WK7J3NJWMTCK9UWQ,,WK7J3NJWMTCK9UWQ,,,c20e0141-a32e-4942-9063-e00d3837b20e,"",normal,rfi,2025-06-01 09:37:23,,f,2025-06-01 09:38:08.445777,2025-06-01 09:37:40.578,2025-06-01 09:38:08.445777,,967e785d-d83c-490b-8d6a-2ed926c956ac,206998783,
98122119,bf996092-8d66-408a-8d8e-5065ca3330c2,967e785d-d83c-490b-8d6a-2ed926c956ac,20250601_150740_photo,0,"",,,WK7J3NJWMTCK9UWQ,,WK7J3NJWMTCK9UWQ,,,4e034554-c25a-485a-bb51-b2567de5e87f,"",normal,rfi,2025-06-01 09:37:36,,f,2025-06-01 09:38:12.842478,2025-06-01 09:37:40.682,2025-06-01 09:38:12.842478,,967e785d-d83c-490b-8d6a-2ed926c956ac,206998785,
98122143,bf996092-8d66-408a-8d8e-5065ca3330c2,967e785d-d83c-490b-8d6a-2ed926c956ac,20250601_151501_photo,0,"",,,WK7J3NJWMTCK9UWQ,,WK7J3NJWMTCK9UWQ,,,8309b685-d7fe-4834-b171-ebb8f75f9a19,"",normal,rfi,2025-06-01 09:44:49,,f,2025-06-01 09:45:15.43477,2025-06-01 09:45:01.931,2025-06-01 09:45:15.43477,,967e785d-d83c-490b-8d6a-2ed926c956ac,206998817,
98122144,bf996092-8d66-408a-8d8e-5065ca3330c2,967e785d-d83c-490b-8d6a-2ed926c956ac,20250601_151502_photo,0,"",,,WK7J3NJWMTCK9UWQ,,WK7J3NJWMTCK9UWQ,,,cbc56505-9543-45b4-92c7-27c0d0d5e4cb,"",normal,rfi,2025-06-01 09:44:57,,f,2025-06-01 09:45:20.247218,2025-06-01 09:45:02.072,2025-06-01 09:45:20.247218,,967e785d-d83c-490b-8d6a-2ed926c956ac,206998819,
98122955,bf996092-8d66-408a-8d8e-5065ca3330c2,967e785d-d83c-490b-8d6a-2ed926c956ac,20250601_170750_photo,0,"",,,VYKJ7GRWMX37AKTY,,VYKJ7GRWMX37AKTY,27.562444,77.663630,7b6d2ae6-5f8a-4b65-b762-98f9f47bdd03,"",normal,form,2025-06-01 11:37:50.17,,t,2025-06-01 11:38:17.327498,2025-06-01 11:38:02.348,2025-06-01 11:38:18.001704,,967e785d-d83c-490b-8d6a-2ed926c956ac,207000762,
98122963,bf996092-8d66-408a-8d8e-5065ca3330c2,967e785d-d83c-490b-8d6a-2ed926c956ac,20250601_170930_photo,0,"",,,VYKJ7GRWMX37AKTY,,VYKJ7GRWMX37AKTY,27.563220,77.664601,54887cbd-a6ab-4c00-b593-59055659a159,"",normal,form,2025-06-01 11:39:30.46,,t,2025-06-01 11:39:53.104084,2025-06-01 11:39:41.211,2025-06-01 11:39:53.929155,,967e785d-d83c-490b-8d6a-2ed926c956ac,207000778,
98130068,bf996092-8d66-408a-8d8e-5065ca3330c2,967e785d-d83c-490b-8d6a-2ed926c956ac,IMG_20250601_200829.jpg,0,"",,,VYKJ7GRWMX37AKTY,,VYKJ7GRWMX37AKTY,,,67a92c13-5278-4561-948a-dc43084b9e54,"",normal,form,2025-06-01 14:38:29.59,,t,2025-06-01 15:48:03.545165,2025-06-01 15:48:00.98,2025-06-01 15:48:04.228324,,967e785d-d83c-490b-8d6a-2ed926c956ac,207014311,
98148757,bf996092-8d66-408a-8d8e-5065ca3330c2,f679f4cf-c089-4a2b-9b84-b14129630601,20250602_112921_photo,0,"",,,3TSJN3BRN9YVX2DX,,3TSJN3BRN9YVX2DX,28.669656,77.431383,605ed10d-c128-487e-884a-2b2552dc5fdb,"",normal,gallery,2025-06-02 05:59:21.249,,t,2025-06-02 05:59:26.18358,2025-06-02 05:59:21.165,2025-06-02 05:59:26.18358,,f679f4cf-c089-4a2b-9b84-b14129630601,207052895,
98148811,bf996092-8d66-408a-8d8e-5065ca3330c2,f679f4cf-c089-4a2b-9b84-b14129630601,a495a7d9-cbc4-4418-ae7c-eb6aae5a2a4b,0,"",,,3TSJN3BRN9YVX2DX,,3TSJN3BRN9YVX2DX,28.669656,77.431383,d3dc031c-abb3-4493-a75b-3ca3b6799d19,"",normal,gallery,2025-06-02 06:01:30.943,,t,2025-06-02 06:01:34.783019,2025-06-02 06:01:30.783,2025-08-05 07:24:08.602814,,f679f4cf-c089-4a2b-9b84-b14129630601,236423967,
98149420,bf996092-8d66-408a-8d8e-5065ca3330c2,f679f4cf-c089-4a2b-9b84-b14129630601,20250602_115112_photo,0,"",,,3TSJN3BRN9YVX2DX,,3TSJN3BRN9YVX2DX,28.669206,77.431261,bfd92077-609c-4ede-afdb-1730f9c807e8,"",normal,gallery,2025-06-02 06:21:12.481,,t,2025-06-02 06:21:16.370531,2025-06-02 06:21:12.388,2025-08-05 07:25:24.588348,,f679f4cf-c089-4a2b-9b84-b14129630601,236424135,
98149512,bf996092-8d66-408a-8d8e-5065ca3330c2,f679f4cf-c089-4a2b-9b84-b14129630601,20250602_115420_photo,0,"",,,3TSJN3BRN9YVX2DX,,3TSJN3BRN9YVX2DX,28.669228,77.431247,53c1c49a-a2f3-452b-999d-89cc0f4f5edb,"",normal,gallery,2025-06-02 06:24:21.098,,t,2025-06-02 06:24:25.623601,2025-06-02 06:24:20.989,2025-06-02 06:24:25.623601,,f679f4cf-c089-4a2b-9b84-b14129630601,207054716,
98149517,bf996092-8d66-408a-8d8e-5065ca3330c2,f679f4cf-c089-4a2b-9b84-b14129630601,20250602_115420_photo,0,"",,,3TSJN3BRN9YVX2DX,,3TSJN3BRN9YVX2DX,28.669228,77.431247,d293bbf7-b680-4f40-bead-ea9608215a14,"",normal,gallery,2025-06-02 06:24:21.104,,t,2025-06-02 06:24:29.618084,2025-06-02 06:24:20.989,2025-06-02 06:24:29.618084,,f679f4cf-c089-4a2b-9b84-b14129630601,207054723,
98149594,bf996092-8d66-408a-8d8e-5065ca3330c2,f679f4cf-c089-4a2b-9b84-b14129630601,20250602_115603_photo,0,"",,,3TSJN3BRN9YVX2DX,,3TSJN3BRN9YVX2DX,28.669200,77.431194,09aa64c9-858b-4a18-81a7-25de1afb310d,"",normal,gallery,2025-06-02 06:26:03.236,,t,2025-06-02 06:26:07.679988,2025-06-02 06:26:03.099,2025-06-02 06:26:07.679988,,f679f4cf-c089-4a2b-9b84-b14129630601,207054858,
98149596,bf996092-8d66-408a-8d8e-5065ca3330c2,f679f4cf-c089-4a2b-9b84-b14129630601,20250602_115603_photo,0,"",,,3TSJN3BRN9YVX2DX,,3TSJN3BRN9YVX2DX,28.669181,77.431211,b3917c94-333f-43fd-9c35-aacef6d33d4c,"",normal,gallery,2025-06-02 06:26:03.243,,t,2025-06-02 06:26:13.267426,2025-06-02 06:26:03.099,2025-06-02 06:26:13.267426,,f679f4cf-c089-4a2b-9b84-b14129630601,207054863,
98375801,bf996092-8d66-408a-8d8e-5065ca3330c2,f679f4cf-c089-4a2b-9b84-b14129630601,20250603_101105_photo,0,"",,,3TSJN3BRN9YVX2DX,,3TSJN3BRN9YVX2DX,28.669239,77.431181,4edff311-3123-4d07-a4f0-eb039ef75d86,"",normal,gallery,2025-06-03 04:41:05.862,,t,2025-06-03 04:41:10.784564,2025-06-03 04:41:05.747,2025-06-03 04:41:10.784564,,f679f4cf-c089-4a2b-9b84-b14129630601,207516012,
98375895,bf996092-8d66-408a-8d8e-5065ca3330c2,f679f4cf-c089-4a2b-9b84-b14129630601,20250603_101334_photo,0,"",,,3TSJN3BRN9YVX2DX,,3TSJN3BRN9YVX2DX,28.669239,77.431144,2db08a9b-ad7d-421f-a0e6-c03da079392d,"",normal,gallery,2025-06-03 04:43:34.146,,t,2025-06-03 04:43:39.69715,2025-06-03 04:43:34.059,2025-06-26 05:16:51.850102,,f679f4cf-c089-4a2b-9b84-b14129630601,217737829,
98376545,bf996092-8d66-408a-8d8e-5065ca3330c2,f679f4cf-c089-4a2b-9b84-b14129630601,20250603_103304_photo,0,"",,,3TSJN3BRN9YVX2DX,,3TSJN3BRN9YVX2DX,28.669239,77.431261,b51da3a5-7c6b-4f6b-9fc8-221aef1def68,"",normal,gallery,2025-06-03 05:03:05.002,,t,2025-06-03 05:03:10.519928,2025-06-03 05:03:04.9,2025-06-03 05:03:10.519928,,f679f4cf-c089-4a2b-9b84-b14129630601,207517592,
98376581,bf996092-8d66-408a-8d8e-5065ca3330c2,f679f4cf-c089-4a2b-9b84-b14129630601,20250603_103359_photo,0,"",,,3TSJN3BRN9YVX2DX,,3TSJN3BRN9YVX2DX,28.669217,77.431247,5554d8cf-dea2-4432-89dc-b198375332e7,"",normal,gallery,2025-06-03 05:03:59.89,,t,2025-06-03 05:04:03.666709,2025-06-03 05:03:59.81,2025-06-03 05:04:03.666709,,f679f4cf-c089-4a2b-9b84-b14129630601,207517666,
98377287,bf996092-8d66-408a-8d8e-5065ca3330c2,f679f4cf-c089-4a2b-9b84-b14129630601,IMG_6777,0,"",,,3TSJN3BRN9YVX2DX,,3TSJN3BRN9YVX2DX,28.669225,77.431161,d30f6c98-4da2-445a-84c6-43827eb8d024,"",normal,gallery,2025-06-03 05:14:54,,t,2025-06-03 05:19:52.983203,2025-06-03 05:19:48.049,2025-06-03 05:19:52.983203,,f679f4cf-c089-4a2b-9b84-b14129630601,207519138,
98377298,bf996092-8d66-408a-8d8e-5065ca3330c2,f679f4cf-c089-4a2b-9b84-b14129630601,IMG_6777,0,"",,,3TSJN3BRN9YVX2DX,,3TSJN3BRN9YVX2DX,28.669225,77.431161,d91981f1-3848-444d-af9b-4b1effa4e6ca,"",normal,gallery,2025-06-03 05:14:54,,t,2025-06-03 05:20:09.022489,2025-06-03 05:20:02.987,2025-06-03 05:20:09.022489,,f679f4cf-c089-4a2b-9b84-b14129630601,207519160,
98379074,bf996092-8d66-408a-8d8e-5065ca3330c2,f679f4cf-c089-4a2b-9b84-b14129630601,20250603_113037_photo,0,"",,,3TSJN3BRN9YVX2DX,,3TSJN3BRN9YVX2DX,28.669278,77.431272,81e99ab3-38e0-4122-adf7-a76d00b9e654,"",normal,gallery,2025-06-03 06:00:37.447,,t,2025-06-03 06:00:41.610107,2025-06-03 06:00:37.348,2025-06-03 06:00:41.610107,,f679f4cf-c089-4a2b-9b84-b14129630601,207523121,
98381989,bf996092-8d66-408a-8d8e-5065ca3330c2,f679f4cf-c089-4a2b-9b84-b14129630601,20250603_123459_photo,0,"",,,3TSJN3BRN9YVX2DX,,3TSJN3BRN9YVX2DX,28.669236,77.431169,78e69360-f5cb-4ab7-9efe-07753ed0124b,"",normal,gallery,2025-06-03 07:04:59.729,,t,2025-06-03 07:05:07.813078,2025-06-03 07:04:59.635,2025-06-03 07:05:07.813078,,f679f4cf-c089-4a2b-9b84-b14129630601,207529247,
98381999,bf996092-8d66-408a-8d8e-5065ca3330c2,f679f4cf-c089-4a2b-9b84-b14129630601,20250603_123459_photo,0,"",,,3TSJN3BRN9YVX2DX,,3TSJN3BRN9YVX2DX,28.669239,77.431169,c26ff80f-d697-41ca-87db-b6490ec96798,"",normal,gallery,2025-06-03 07:04:59.755,,t,2025-06-03 07:05:11.812135,2025-06-03 07:04:59.634,2025-06-21 06:25:57.328092,,f679f4cf-c089-4a2b-9b84-b14129630601,215528437,
98395633,bf996092-8d66-408a-8d8e-5065ca3330c2,967e785d-d83c-490b-8d6a-2ed926c956ac,20250603_160208_photo,0,"",,,WK7J3NJWMTCK9UWQ,,WK7J3NJWMTCK9UWQ,27.563485,77.662831,321001d5-0cdd-4102-9a4b-3d93d901a9d8,"",normal,rfi,2025-06-03 10:30:54,,f,2025-06-03 10:32:15.96368,2025-06-03 10:32:08.625,2025-06-03 10:32:35.17968,,967e785d-d83c-490b-8d6a-2ed926c956ac,207560674,
98395641,bf996092-8d66-408a-8d8e-5065ca3330c2,967e785d-d83c-490b-8d6a-2ed926c956ac,20250603_160208_photo,0,"",,,WK7J3NJWMTCK9UWQ,,WK7J3NJWMTCK9UWQ,27.563485,77.662831,677a5271-5096-4fe7-a89b-6643486cae4c,"",normal,rfi,2025-06-03 10:31:09,,f,2025-06-03 10:32:20.425035,2025-06-03 10:32:08.861,2025-06-03 10:32:35.674828,,967e785d-d83c-490b-8d6a-2ed926c956ac,207560680,
98395656,bf996092-8d66-408a-8d8e-5065ca3330c2,967e785d-d83c-490b-8d6a-2ed926c956ac,20250603_160209_photo,0,"",,,WK7J3NJWMTCK9UWQ,,WK7J3NJWMTCK9UWQ,27.563485,77.662831,f868c50e-2f59-4b9e-b3c1-bdc3df9415b9,"",normal,rfi,2025-06-03 10:31:29,,f,2025-06-03 10:32:25.43861,2025-06-03 10:32:09.009,2025-06-03 10:32:36.129089,,967e785d-d83c-490b-8d6a-2ed926c956ac,207560684,
98395668,bf996092-8d66-408a-8d8e-5065ca3330c2,967e785d-d83c-490b-8d6a-2ed926c956ac,20250603_160209_photo,0,"",,,WK7J3NJWMTCK9UWQ,,WK7J3NJWMTCK9UWQ,27.563485,77.662831,634f5d92-cbd6-4174-bd54-ef4042aa52ed,"",normal,rfi,2025-06-03 10:31:52,,f,2025-06-03 10:32:30.186242,2025-06-03 10:32:09.154,2025-06-03 10:32:36.61159,,967e785d-d83c-490b-8d6a-2ed926c956ac,207560686,
98395679,bf996092-8d66-408a-8d8e-5065ca3330c2,967e785d-d83c-490b-8d6a-2ed926c956ac,20250603_160209_photo,0,"",,,WK7J3NJWMTCK9UWQ,,WK7J3NJWMTCK9UWQ,27.563485,77.662831,c929c31d-30ee-4c01-a63d-dd8767132e78,"",normal,rfi,2025-06-03 10:32:02,,f,2025-06-03 10:32:34.668573,2025-06-03 10:32:09.313,2025-06-03 10:32:36.961183,,967e785d-d83c-490b-8d6a-2ed926c956ac,207560689,
98459933,bf996092-8d66-408a-8d8e-5065ca3330c2,967e785d-d83c-490b-8d6a-2ed926c956ac,IMG-20250603-WA0027.jpg,0,"",,,RQ92XKNVL7KYFP4W,,RQ92XKNVL7KYFP4W,,,6d4303ec-52c6-4f2f-95bc-bffea9dd2740,"",normal,form,,,t,2025-06-03 14:55:05.208011,2025-06-03 14:54:48.677,2025-06-03 14:55:06.372574,,967e785d-d83c-490b-8d6a-2ed926c956ac,207689165,
98460176,bf996092-8d66-408a-8d8e-5065ca3330c2,967e785d-d83c-490b-8d6a-2ed926c956ac,IMG-20250603-WA0027.jpg,0,"",,,RQ92XKNVL7KYFP4W,,RQ92XKNVL7KYFP4W,,,86747a6c-2304-45bc-a49c-aeba3970d098,"",normal,form,,,t,2025-06-03 14:56:02.239819,2025-06-03 14:55:52.428,2025-06-03 14:56:02.967065,,967e785d-d83c-490b-8d6a-2ed926c956ac,207689615,
105083319,bf996092-8d66-408a-8d8e-5065ca3330c2,f679f4cf-c089-4a2b-9b84-b14129630601,20250704_085340_photo,0,"",,,3TSJN3BRN9YVX2DX,,3TSJN3BRN9YVX2DX,28.669383,77.431567,80a04ef4-b57b-4771-83f4-d07c73c374a7,"",normal,gallery,2025-07-04 03:23:40.437,,t,2025-07-04 03:23:45.27285,2025-07-04 03:23:40.339,2025-07-04 03:23:45.27285,,f679f4cf-c089-4a2b-9b84-b14129630601,221187859,
105083354,bf996092-8d66-408a-8d8e-5065ca3330c2,f679f4cf-c089-4a2b-9b84-b14129630601,20250704_085512_photo,0,"",,,3TSJN3BRN9YVX2DX,,3TSJN3BRN9YVX2DX,28.669389,77.431936,00e7cb70-a173-4586-af44-ced148ec04cf,"",normal,gallery,2025-07-04 03:25:12.922,,t,2025-07-04 03:25:16.840141,2025-07-04 03:25:12.828,2025-07-04 06:36:42.324878,,f679f4cf-c089-4a2b-9b84-b14129630601,221200373,
105083502,bf996092-8d66-408a-8d8e-5065ca3330c2,f679f4cf-c089-4a2b-9b84-b14129630601,20250704_090248_photo,0,"",,,3TSJN3BRN9YVX2DX,,3TSJN3BRN9YVX2DX,28.669372,77.431767,f6f61b6b-6eff-4da1-aa55-790c608ce224,"",normal,gallery,2025-07-04 03:32:48.942,,t,2025-07-04 03:32:54.539773,2025-07-04 03:32:48.851,2025-07-04 03:32:54.539773,,f679f4cf-c089-4a2b-9b84-b14129630601,221188312,
98474804,bf996092-8d66-408a-8d8e-5065ca3330c2,967e785d-d83c-490b-8d6a-2ed926c956ac,20250603_210804_video,0,"",,,MWZJGXW9MEMP2RFR,,MWZJGXW9MEMP2RFR,,,3af25623-0258-4ec9-a10e-ca3898f5090e,"",video,form,2025-06-03 15:38:04,,t,2025-06-03 15:42:38.050489,2025-06-03 15:41:43.733,2025-06-03 15:42:38.81927,,967e785d-d83c-490b-8d6a-2ed926c956ac,207718656,
105155632,bf996092-8d66-408a-8d8e-5065ca3330c2,f679f4cf-c089-4a2b-9b84-b14129630601,20250705_122951_photo,0,"",,,3TSJN3BRN9YVX2DX,,3TSJN3BRN9YVX2DX,28.669342,77.431733,1f2c9568-95d5-4461-9916-3ef16d7d20c7,"",normal,gallery,2025-07-05 06:59:52.169,,t,2025-07-05 06:59:57.051665,2025-07-05 06:59:51.976,2025-07-18 04:37:48.287989,,f679f4cf-c089-4a2b-9b84-b14129630601,227824298,
98646001,bf996092-8d66-408a-8d8e-5065ca3330c2,967e785d-d83c-490b-8d6a-2ed926c956ac,IMG-20250604-WA0042.jpg,0,"",,,RQ92XKNVL7KYFP4W,,RQ92XKNVL7KYFP4W,,,f1106fcb-1d87-4d93-bb3f-3c3c4afc06be,"",normal,form,,,t,2025-06-04 05:29:05.261508,2025-06-04 05:28:55.436,2025-06-04 05:29:06.447805,,967e785d-d83c-490b-8d6a-2ed926c956ac,208058352,
98646133,bf996092-8d66-408a-8d8e-5065ca3330c2,967e785d-d83c-490b-8d6a-2ed926c956ac,IMG-20250604-WA0043.jpg,0,"",,,RQ92XKNVL7KYFP4W,,RQ92XKNVL7KYFP4W,,,ed90f190-b982-472f-a376-db0fe1b22b0d,"",normal,form,,,t,2025-06-04 05:31:47.846694,2025-06-04 05:31:41.868,2025-06-04 05:31:48.35957,,967e785d-d83c-490b-8d6a-2ed926c956ac,208058649,
105171951,bf996092-8d66-408a-8d8e-5065ca3330c2,967e785d-d83c-490b-8d6a-2ed926c956ac,IMG_20250705_143457559.jpg,0,"",,,VYKJ7GRWMX37AKTY,,VYKJ7GRWMX37AKTY,,,f44c1b90-c543-4475-8d97-c60857924d22,"",normal,form,2025-07-05 09:04:58.419,,t,2025-07-05 14:08:13.689292,2025-07-05 14:08:13.689292,2025-07-05 14:08:24.432502,,967e785d-d83c-490b-8d6a-2ed926c956ac,221379446,
105174431,bf996092-8d66-408a-8d8e-5065ca3330c2,967e785d-d83c-490b-8d6a-2ed926c956ac,Screenshot_20250705-192349.WhatsApp.png,0,"",,,VYKJ7GRWMX37AKTY,,VYKJ7GRWMX37AKTY,,,3e1572e0-3a93-467c-897d-8b5016ab3e44,"",normal,form,,,t,2025-07-05 15:57:59.537505,2025-07-05 15:57:51.408,2025-07-05 15:58:00.208719,,967e785d-d83c-490b-8d6a-2ed926c956ac,221383881,
105174448,bf996092-8d66-408a-8d8e-5065ca3330c2,967e785d-d83c-490b-8d6a-2ed926c956ac,Screenshot_20250705-192416.WhatsApp.png,0,"",,,VYKJ7GRWMX37AKTY,,VYKJ7GRWMX37AKTY,,,961252be-6d41-49dd-bd1e-ffc2fcdf399d,"",normal,form,,,t,2025-07-05 15:59:10.819456,2025-07-05 15:59:03.055,2025-07-05 15:59:11.298641,,967e785d-d83c-490b-8d6a-2ed926c956ac,221383905,
105174475,bf996092-8d66-408a-8d8e-5065ca3330c2,967e785d-d83c-490b-8d6a-2ed926c956ac,Screenshot_20250705-192416.WhatsApp.png,0,"",,,VYKJ7GRWMX37AKTY,,VYKJ7GRWMX37AKTY,,,1db9b4dd-ac85-4496-abb9-b20547ab335c,"",normal,form,,,t,2025-07-05 16:00:15.670627,2025-07-05 16:00:08.314,2025-07-05 16:00:16.160011,,967e785d-d83c-490b-8d6a-2ed926c956ac,221383974,
105174486,bf996092-8d66-408a-8d8e-5065ca3330c2,967e785d-d83c-490b-8d6a-2ed926c956ac,Screenshot_20250705-192416.WhatsApp.png,0,"",,,VYKJ7GRWMX37AKTY,,VYKJ7GRWMX37AKTY,,,350f368e-f2a7-428b-992d-5ea08e61a2a3,"",normal,form,,,t,2025-07-05 16:00:58.06668,2025-07-05 16:00:49.373,2025-07-05 16:00:58.627163,,967e785d-d83c-490b-8d6a-2ed926c956ac,221384015,
105184647,bf996092-8d66-408a-8d8e-5065ca3330c2,f679f4cf-c089-4a2b-9b84-b14129630601,IMG_7643,0,"",,,3TSJN3BRN9YVX2DX,,3TSJN3BRN9YVX2DX,28.669011,77.430986,2dd5417e-a6e5-4e53-967e-a540ab258757,"",normal,gallery,2025-07-03 06:21:30,,t,2025-07-06 04:55:45.020526,2025-07-06 04:55:38.187,2025-07-06 04:55:45.020526,,f679f4cf-c089-4a2b-9b84-b14129630601,221405844,
105184687,bf996092-8d66-408a-8d8e-5065ca3330c2,f679f4cf-c089-4a2b-9b84-b14129630601,IMG_7643,0,"",,,3TSJN3BRN9YVX2DX,,3TSJN3BRN9YVX2DX,28.669011,77.430986,64450626-7424-4252-a75d-9cd68e602383,"",normal,gallery,2025-07-03 06:21:30,,t,2025-07-06 05:03:50.293063,2025-07-06 05:03:45.317,2025-07-06 05:03:50.293063,,f679f4cf-c089-4a2b-9b84-b14129630601,221405937,
98706821,bf996092-8d66-408a-8d8e-5065ca3330c2,967e785d-d83c-490b-8d6a-2ed926c956ac,IMG-20250604-WA0023.jpg,0,"",,,MJU2FLVXJAQLGRH7,,MJU2FLVXJAQLGRH7,,,761e942d-eab5-4abe-9dc7-f05ad540e3de,"",normal,form,,,t,2025-06-04 13:26:12.330355,2025-06-04 13:28:02.253,2025-06-04 13:26:13.04784,,967e785d-d83c-490b-8d6a-2ed926c956ac,208187401,
98709813,bf996092-8d66-408a-8d8e-5065ca3330c2,967e785d-d83c-490b-8d6a-2ed926c956ac,IMG-20250604-WA0036.jpeg,0,"",,,MWZJGXW9MEMP2RFR,,MWZJGXW9MEMP2RFR,,,0b2ea140-6eae-4b94-9f22-1c673d718b00,"",normal,form,2025-06-04 13:26:07,,t,2025-06-04 13:34:52.201426,2025-06-04 13:34:35.155,2025-06-04 13:34:52.879487,,967e785d-d83c-490b-8d6a-2ed926c956ac,208193205,
105222157,bf996092-8d66-408a-8d8e-5065ca3330c2,f6ab14eb-1a66-4ea5-8a0f-0afbda444403,form checker photo,716827,"",,,BFH2KAVSNP5G463F,,BFH2KAVSNP5G463F,,,9376c553-36bd-4131-96cc-1b14d9a8ee7c,"",normal,formfield,,,t,2025-07-07 09:01:05.606891,2025-07-07 09:01:05.606891,2025-07-07 09:01:05.606891,,f6ab14eb-1a66-4ea5-8a0f-0afbda444403,221490671,
105222199,bf996092-8d66-408a-8d8e-5065ca3330c2,f6ab14eb-1a66-4ea5-8a0f-0afbda444403,form checker photo,716827,"",,,BFH2KAVSNP5G463F,,BFH2KAVSNP5G463F,,,3ae89d1d-d57f-4d4d-8827-0320bd07223a,"",normal,formfield,,,t,2025-07-07 09:02:06.957967,2025-07-07 09:02:06.957967,2025-07-07 09:02:06.957967,,f6ab14eb-1a66-4ea5-8a0f-0afbda444403,221490770,
105222256,bf996092-8d66-408a-8d8e-5065ca3330c2,f6ab14eb-1a66-4ea5-8a0f-0afbda444403,beam reinforcenet,458745,"",,,BFH2KAVSNP5G463F,,BFH2KAVSNP5G463F,,,ad2cc6b6-935f-40a1-a97c-168856cbf28d,"",normal,gallery,,,t,2025-07-07 09:03:31.919007,2025-07-07 09:03:31.919007,2025-07-07 09:03:31.919007,,f6ab14eb-1a66-4ea5-8a0f-0afbda444403,221491848,
105222852,bf996092-8d66-408a-8d8e-5065ca3330c2,f6ab14eb-1a66-4ea5-8a0f-0afbda444403,foam work 1,102729,"",,,BFH2KAVSNP5G463F,,BFH2KAVSNP5G463F,,,38e07920-98b5-4c7f-a1e8-dba3ca401217,"",normal,formfield,,,t,2025-07-07 09:14:56.661234,2025-07-07 09:14:56.661234,2025-07-07 09:14:56.661234,,f6ab14eb-1a66-4ea5-8a0f-0afbda444403,221492351,
105223176,bf996092-8d66-408a-8d8e-5065ca3330c2,f6ab14eb-1a66-4ea5-8a0f-0afbda444403,concreting selfie,107797,"",,,BFH2KAVSNP5G463F,,BFH2KAVSNP5G463F,,,dfe0ee9d-4cc6-4e20-8e80-bd9b101fad7d,"",normal,formfield,,,t,2025-07-07 09:18:37.386893,2025-07-07 09:18:37.386893,2025-07-07 09:18:37.386893,,f6ab14eb-1a66-4ea5-8a0f-0afbda444403,221493187,
105223404,bf996092-8d66-408a-8d8e-5065ca3330c2,f6ab14eb-1a66-4ea5-8a0f-0afbda444403,cob,75805,"",,,BFH2KAVSNP5G463F,,BFH2KAVSNP5G463F,,,900c9f8a-813f-4ee5-904b-9e25fa9b4e35,"",normal,formfield,,,t,2025-07-07 09:21:04.488976,2025-07-07 09:21:04.488976,2025-07-07 09:21:04.488976,,f6ab14eb-1a66-4ea5-8a0f-0afbda444403,221493683,
105223012,bf996092-8d66-408a-8d8e-5065ca3330c2,f6ab14eb-1a66-4ea5-8a0f-0afbda444403,during concrete,121370,"",,,BFH2KAVSNP5G463F,,BFH2KAVSNP5G463F,,,e99643f1-2521-4fe3-9fb7-6df470d9bcd3,"",normal,gallery,,,t,2025-07-07 09:17:26.278413,2025-07-07 09:17:26.278413,2025-07-07 09:17:26.278413,,f6ab14eb-1a66-4ea5-8a0f-0afbda444403,221494287,
105224399,bf996092-8d66-408a-8d8e-5065ca3330c2,f6ab14eb-1a66-4ea5-8a0f-0afbda444403,after concrete,327495,"",,,BFH2KAVSNP5G463F,,BFH2KAVSNP5G463F,,,f7167ce4-8945-45d5-b217-44bcc73bb314,"",normal,formfield,,,t,2025-07-07 09:35:59.774913,2025-07-07 09:35:59.774913,2025-07-07 09:35:59.774913,,f6ab14eb-1a66-4ea5-8a0f-0afbda444403,221496050,
105237939,bf996092-8d66-408a-8d8e-5065ca3330c2,f6ab14eb-1a66-4ea5-8a0f-0afbda444403,WhatsApp Image 2025-07-07 at 17.01.12 (1),41533,"",,,NXBJU9KZRN2LR6EX,,NXBJU9KZRN2LR6EX,,,d39d403a-3fdd-422a-b71b-dc7a6aa24747,"",normal,formfield,,,t,2025-07-07 11:31:58.062112,2025-07-07 11:31:58.062112,2025-07-07 11:31:58.062112,,f6ab14eb-1a66-4ea5-8a0f-0afbda444403,221525866,
105238227,bf996092-8d66-408a-8d8e-5065ca3330c2,f6ab14eb-1a66-4ea5-8a0f-0afbda444403,WhatsApp Image 2025-07-07 at 17.01.12 (1),41533,"",,,NXBJU9KZRN2LR6EX,,NXBJU9KZRN2LR6EX,,,f2b3a654-03b3-4867-b536-29eaacb1f238,"",normal,formfield,,,t,2025-07-07 11:33:03.80595,2025-07-07 11:33:03.80595,2025-07-07 11:33:03.80595,,f6ab14eb-1a66-4ea5-8a0f-0afbda444403,221526336,
105238849,bf996092-8d66-408a-8d8e-5065ca3330c2,f6ab14eb-1a66-4ea5-8a0f-0afbda444403,WhatsApp Image 2025-07-07 at 17.01.12 (1),41533,"",,,NXBJU9KZRN2LR6EX,,NXBJU9KZRN2LR6EX,,,e51abd84-fb9d-49fd-9f80-1ef58f18c5b9,"",normal,formfield,,,t,2025-07-07 11:35:30.4222,2025-07-07 11:35:30.4222,2025-07-07 11:35:30.4222,,f6ab14eb-1a66-4ea5-8a0f-0afbda444403,221527657,
105238938,bf996092-8d66-408a-8d8e-5065ca3330c2,967e785d-d83c-490b-8d6a-2ed926c956ac,IMG_20250707_144351045_HDR.jpg,0,"",,,VYKJ7GRWMX37AKTY,,VYKJ7GRWMX37AKTY,,,c720154d-bcca-4f32-8a9a-343b9c9b8bd2,"",normal,form,2025-07-07 09:13:51.828,,t,2025-07-07 11:35:47.750127,2025-07-07 11:35:38.37,2025-07-07 11:35:48.315031,,967e785d-d83c-490b-8d6a-2ed926c956ac,221527795,
105249154,bf996092-8d66-408a-8d8e-5065ca3330c2,967e785d-d83c-490b-8d6a-2ed926c956ac,IMG_20250707_144351045_HDR.jpg,0,"",,,VYKJ7GRWMX37AKTY,,VYKJ7GRWMX37AKTY,,,e532f2bb-da9a-4ab5-90f2-71bdce3e41f0,"",normal,form,2025-07-07 09:13:51.828,,t,2025-07-07 12:17:12.851081,2025-07-07 12:17:04.724,2025-07-07 12:17:13.386817,,967e785d-d83c-490b-8d6a-2ed926c956ac,221548576,
105249933,bf996092-8d66-408a-8d8e-5065ca3330c2,967e785d-d83c-490b-8d6a-2ed926c956ac,IMG_20250707_144351045_HDR.jpg,0,"",,,VYKJ7GRWMX37AKTY,,VYKJ7GRWMX37AKTY,,,5139bed4-1ce5-497e-947d-6810af335d5b,"",normal,form,2025-07-07 09:13:51.828,,t,2025-07-07 12:20:02.646244,2025-07-07 12:19:54.12,2025-07-07 12:20:03.511298,,967e785d-d83c-490b-8d6a-2ed926c956ac,221550091,
105250262,bf996092-8d66-408a-8d8e-5065ca3330c2,967e785d-d83c-490b-8d6a-2ed926c956ac,IMG_20250707_144351045_HDR.jpg,0,"",,,VYKJ7GRWMX37AKTY,,VYKJ7GRWMX37AKTY,,,8aebffea-df8e-47f4-9bb0-ee3a4eb77a11,"",normal,form,2025-07-07 09:13:51.828,,t,2025-07-07 12:21:06.769224,2025-07-07 12:20:59.745,2025-07-07 12:21:07.391273,,967e785d-d83c-490b-8d6a-2ed926c956ac,221550756,
105250890,bf996092-8d66-408a-8d8e-5065ca3330c2,967e785d-d83c-490b-8d6a-2ed926c956ac,IMG_20250706_084905903.jpg,0,"",,,VYKJ7GRWMX37AKTY,,VYKJ7GRWMX37AKTY,,,9e1dcb43-b693-47cb-8eee-f248f0f14ab2,"",normal,form,2025-07-06 03:19:06.633,,t,2025-07-07 12:23:14.05816,2025-07-07 12:23:06.608,2025-07-07 12:23:14.553937,,967e785d-d83c-490b-8d6a-2ed926c956ac,221552091,
105251060,bf996092-8d66-408a-8d8e-5065ca3330c2,967e785d-d83c-490b-8d6a-2ed926c956ac,IMG_20250706_084905903.jpg,0,"",,,VYKJ7GRWMX37AKTY,,VYKJ7GRWMX37AKTY,,,9d4abbbf-81bf-4f07-b02f-ee9aeb0484cc,"",normal,form,2025-07-06 03:19:06.633,,t,2025-07-07 12:23:55.377761,2025-07-07 12:23:47.989,2025-07-07 12:23:55.917328,,967e785d-d83c-490b-8d6a-2ed926c956ac,221552431,
98933432,bf996092-8d66-408a-8d8e-5065ca3330c2,967e785d-d83c-490b-8d6a-2ed926c956ac,20250605_172027_photo,0,"",,,U8Q2F3P4M3PWWQXF,,U8Q2F3P4M3PWWQXF,27.563483,77.662831,fb1404c6-badf-4451-bc65-ec406b32d72f,"",normal,rfi,2025-06-05 11:50:27.531,,f,2025-06-05 11:51:12.710311,2025-06-05 11:51:00.588,2025-06-05 11:51:12.710311,,967e785d-d83c-490b-8d6a-2ed926c956ac,208648675,
98933448,bf996092-8d66-408a-8d8e-5065ca3330c2,967e785d-d83c-490b-8d6a-2ed926c956ac,20250605_172042_photo,0,"",,,U8Q2F3P4M3PWWQXF,,U8Q2F3P4M3PWWQXF,27.563483,77.662831,7b09f359-d72b-47d3-8d00-8e4bfc03ebf7,"",normal,rfi,2025-06-05 11:50:42.664,,f,2025-06-05 11:51:18.445086,2025-06-05 11:51:00.722,2025-06-05 11:51:18.445086,,967e785d-d83c-490b-8d6a-2ed926c956ac,208648706,
98933465,bf996092-8d66-408a-8d8e-5065ca3330c2,967e785d-d83c-490b-8d6a-2ed926c956ac,20250605_172052_photo,0,"",,,U8Q2F3P4M3PWWQXF,,U8Q2F3P4M3PWWQXF,27.563483,77.662831,e96c6b51-bacb-4ebe-8d8e-e6c6743c85b2,"",normal,rfi,2025-06-05 11:50:52.721,,f,2025-06-05 11:51:23.189714,2025-06-05 11:51:00.812,2025-06-05 11:51:23.189714,,967e785d-d83c-490b-8d6a-2ed926c956ac,208648738,
98976582,bf996092-8d66-408a-8d8e-5065ca3330c2,967e785d-d83c-490b-8d6a-2ed926c956ac,20250605_195100_photo,0,"",,,MJU2FLVXJAQLGRH7,,MJU2FLVXJAQLGRH7,,,081ddac8-7b81-4fb1-b45c-24bcd01a21cb,"",normal,form,2025-06-05 14:21:00.874,,t,2025-06-05 14:19:20.596435,2025-06-05 14:21:08.58,2025-06-05 14:19:21.124112,,967e785d-d83c-490b-8d6a-2ed926c956ac,208735650,
98976732,bf996092-8d66-408a-8d8e-5065ca3330c2,967e785d-d83c-490b-8d6a-2ed926c956ac,20250605_195129_photo,0,"",,,MJU2FLVXJAQLGRH7,,MJU2FLVXJAQLGRH7,,,a4d487d7-ac7d-4549-8da8-002150f2f157,"",normal,form,2025-06-05 14:21:29.677,,t,2025-06-05 14:19:43.447964,2025-06-05 14:21:33.08,2025-06-05 14:19:43.929382,,967e785d-d83c-490b-8d6a-2ed926c956ac,208735956,
98981275,bf996092-8d66-408a-8d8e-5065ca3330c2,967e785d-d83c-490b-8d6a-2ed926c956ac,IMG-20250605-WA0029.jpeg,0,"",,,MWZJGXW9MEMP2RFR,,MWZJGXW9MEMP2RFR,,,35af367b-0b33-48de-bd3a-8d0abf74fbcc,"",normal,form,2025-06-05 13:38:57,,t,2025-06-05 14:32:23.239032,2025-06-05 14:32:01.08,2025-06-05 14:32:23.94221,,967e785d-d83c-490b-8d6a-2ed926c956ac,208745433,
98981606,bf996092-8d66-408a-8d8e-5065ca3330c2,967e785d-d83c-490b-8d6a-2ed926c956ac,20250605_200517_photo,0,"",,,MJU2FLVXJAQLGRH7,,MJU2FLVXJAQLGRH7,,,18ca190d-b8f2-4a48-855f-0346835bd426,"",normal,form,2025-06-05 14:35:17.034,,t,2025-06-05 14:33:33.460797,2025-06-05 14:35:21.261,2025-06-05 14:33:34.026684,,967e785d-d83c-490b-8d6a-2ed926c956ac,208746072,
98981788,bf996092-8d66-408a-8d8e-5065ca3330c2,967e785d-d83c-490b-8d6a-2ed926c956ac,20250605_200355_photo,0,"",,,MWZJGXW9MEMP2RFR,,MWZJGXW9MEMP2RFR,27.563062,77.663384,51a1046e-e6e5-4ec3-980b-39a8e6e45f05,"",normal,form,2025-06-05 14:32:41,,t,2025-06-05 14:34:05.726476,2025-06-05 14:33:55.392,2025-06-05 14:34:29.990177,,967e785d-d83c-490b-8d6a-2ed926c956ac,208746798,
98981868,bf996092-8d66-408a-8d8e-5065ca3330c2,967e785d-d83c-490b-8d6a-2ed926c956ac,20250605_200355_photo,0,"",,,MWZJGXW9MEMP2RFR,,MWZJGXW9MEMP2RFR,27.563062,77.663384,c5a6f9ac-5855-4339-9b7b-ed7941e0969d,"",normal,form,2025-06-05 14:32:53,,t,2025-06-05 14:34:17.805558,2025-06-05 14:33:55.556,2025-06-05 14:34:30.656079,,967e785d-d83c-490b-8d6a-2ed926c956ac,208746806,
98981946,bf996092-8d66-408a-8d8e-5065ca3330c2,967e785d-d83c-490b-8d6a-2ed926c956ac,20250605_200355_photo,0,"",,,MWZJGXW9MEMP2RFR,,MWZJGXW9MEMP2RFR,27.563062,77.663384,03507f5e-32e6-4baa-b39e-44cc2c2bf259,"",normal,form,2025-06-05 14:33:06,,t,2025-06-05 14:34:29.298121,2025-06-05 14:33:55.667,2025-06-05 14:34:31.411245,,967e785d-d83c-490b-8d6a-2ed926c956ac,208746818,
98982598,bf996092-8d66-408a-8d8e-5065ca3330c2,967e785d-d83c-490b-8d6a-2ed926c956ac,20250605_200554_photo,0,"",,,MWZJGXW9MEMP2RFR,,MWZJGXW9MEMP2RFR,27.563047,77.663320,11bc5021-b0ee-4b27-a140-e70d8306236f,"",normal,form,2025-06-05 14:34:23,,t,2025-06-05 14:36:03.947256,2025-06-05 14:35:54.392,2025-06-05 14:36:14.72254,,967e785d-d83c-490b-8d6a-2ed926c956ac,208748119,
98982656,bf996092-8d66-408a-8d8e-5065ca3330c2,967e785d-d83c-490b-8d6a-2ed926c956ac,20250605_200554_photo,0,"",,,MWZJGXW9MEMP2RFR,,MWZJGXW9MEMP2RFR,27.563047,77.663320,807da9be-6f05-41ef-9d1e-104bb59952d0,"",normal,form,2025-06-05 14:35:43,,t,2025-06-05 14:36:13.987784,2025-06-05 14:35:54.501,2025-06-05 14:36:15.231819,,967e785d-d83c-490b-8d6a-2ed926c956ac,208748128,
98996725,bf996092-8d66-408a-8d8e-5065ca3330c2,967e785d-d83c-490b-8d6a-2ed926c956ac,20250605_204028_video,0,"",,,MWZJGXW9MEMP2RFR,,MWZJGXW9MEMP2RFR,27.563439,77.663098,95478215-a7c0-4e26-b8aa-f302b02e59d0,"",video,form,2025-06-05 15:10:28,,t,2025-06-05 15:10:55.457845,2025-06-05 15:10:43.958,2025-06-05 15:10:56.122305,,967e785d-d83c-490b-8d6a-2ed926c956ac,208775895,
98996968,bf996092-8d66-408a-8d8e-5065ca3330c2,967e785d-d83c-490b-8d6a-2ed926c956ac,20250605_204058_photo,0,"",,,MJU2FLVXJAQLGRH7,,MJU2FLVXJAQLGRH7,,,994eab14-ce1b-4dff-9a29-eb2629aad77b,"",normal,form,2025-06-05 15:10:58.41,,t,2025-06-05 15:11:30.740277,2025-06-05 15:11:01.448,2025-06-05 15:11:31.812228,,967e785d-d83c-490b-8d6a-2ed926c956ac,208776366,
115557609,bf996092-8d66-408a-8d8e-5065ca3330c2,f679f4cf-c089-4a2b-9b84-b14129630601,5ede19ec-4df6-4239-a279-f1e9673db0e5,0,"",,,3TSJN3BRN9YVX2DX,,3TSJN3BRN9YVX2DX,,,018b582e-6c6b-4da6-994d-fa3826ebea68,"",normal,gallery,2025-08-20 05:25:51.626,,t,2025-08-20 05:25:57.691128,2025-08-20 05:25:51.54,2025-08-20 05:25:57.691128,,f679f4cf-c089-4a2b-9b84-b14129630601,242270063,
115560784,bf996092-8d66-408a-8d8e-5065ca3330c2,967e785d-d83c-490b-8d6a-2ed926c956ac,Screenshot_20250820-120140.WhatsApp.png,0,"",,,VYKJ7GRWMX37AKTY,,VYKJ7GRWMX37AKTY,,,56691b4c-0632-4219-9a31-f558ccf2acd1,"",normal,form,,,t,2025-08-20 06:32:16.703579,2025-08-20 06:32:09.021,2025-08-20 06:32:17.127438,,967e785d-d83c-490b-8d6a-2ed926c956ac,242277362,
115560808,bf996092-8d66-408a-8d8e-5065ca3330c2,967e785d-d83c-490b-8d6a-2ed926c956ac,Screenshot_20250820-120140.WhatsApp.png,0,"",,,VYKJ7GRWMX37AKTY,,VYKJ7GRWMX37AKTY,,,40b9aef3-bfd1-4149-9240-03d42808f7a7,"",normal,form,,,t,2025-08-20 06:32:39.319347,2025-08-20 06:32:33.482,2025-08-20 06:32:39.830631,,967e785d-d83c-490b-8d6a-2ed926c956ac,242277412,
115560831,bf996092-8d66-408a-8d8e-5065ca3330c2,967e785d-d83c-490b-8d6a-2ed926c956ac,Screenshot_20250820-120140.WhatsApp.png,0,"",,,VYKJ7GRWMX37AKTY,,VYKJ7GRWMX37AKTY,,,261bf083-8c1b-44c7-91bb-66db9cca5371,"",normal,form,,,t,2025-08-20 06:33:04.514059,2025-08-20 06:32:53.821,2025-08-20 06:33:05.021834,,967e785d-d83c-490b-8d6a-2ed926c956ac,242277457,
115560853,bf996092-8d66-408a-8d8e-5065ca3330c2,967e785d-d83c-490b-8d6a-2ed926c956ac,20250820_120327_photo,0,"",,,VYKJ7GRWMX37AKTY,,VYKJ7GRWMX37AKTY,27.563504,77.662809,0712bb49-15c3-4b55-b561-c242e3cf2fc4,"",normal,form,2025-08-20 06:33:27.918,,t,2025-08-20 06:33:37.935923,2025-08-20 06:33:32.439,2025-08-20 06:33:38.399201,,967e785d-d83c-490b-8d6a-2ed926c956ac,242277504,
115560863,bf996092-8d66-408a-8d8e-5065ca3330c2,967e785d-d83c-490b-8d6a-2ed926c956ac,20250820_120345_photo,0,"",,,VYKJ7GRWMX37AKTY,,VYKJ7GRWMX37AKTY,27.563504,77.662809,9e1b7d93-6c93-496d-bb77-1700d8cd479b,"",normal,form,2025-08-20 06:33:45.973,,t,2025-08-20 06:33:58.570552,2025-08-20 06:33:53.105,2025-08-20 06:33:59.067384,,967e785d-d83c-490b-8d6a-2ed926c956ac,242277520,
115560897,bf996092-8d66-408a-8d8e-5065ca3330c2,967e785d-d83c-490b-8d6a-2ed926c956ac,20250820_120427_photo,0,"",,,KDBLMPH5JM9X,,KDBLMPH5JM9X,27.563501,77.662828,81764be0-b82d-404c-b235-08d9f27ae7e6,"",normal,form,2025-08-20 06:34:27.415,,t,2025-08-20 06:34:54.504539,2025-08-20 06:34:45.7,2025-08-20 06:34:55.032316,,967e785d-d83c-490b-8d6a-2ed926c956ac,242277582,
115561215,bf996092-8d66-408a-8d8e-5065ca3330c2,967e785d-d83c-490b-8d6a-2ed926c956ac,Screenshot_20250808-100316.ACC.png,0,"",,,VYKJ7GRWMX37AKTY,,VYKJ7GRWMX37AKTY,,,f468a91d-0802-47be-baf6-2d99722da45a,"",normal,form,,,t,2025-08-20 06:42:32.253392,2025-08-20 06:41:01.509,2025-08-20 06:42:32.857129,,967e785d-d83c-490b-8d6a-2ed926c956ac,242278252,
115561266,bf996092-8d66-408a-8d8e-5065ca3330c2,967e785d-d83c-490b-8d6a-2ed926c956ac,Screenshot_20250810-124704.ACC.png,0,"",,,VYKJ7GRWMX37AKTY,,VYKJ7GRWMX37AKTY,,,9c93d65b-bd68-42d9-8847-cf992e73e642,"",normal,form,,,t,2025-08-20 06:43:40.306421,2025-08-20 06:41:32.212,2025-08-20 06:43:41.029916,,967e785d-d83c-490b-8d6a-2ed926c956ac,242278363,
115561325,bf996092-8d66-408a-8d8e-5065ca3330c2,967e785d-d83c-490b-8d6a-2ed926c956ac,Screenshot_20250810-124704.ACC.png,0,"",,,VYKJ7GRWMX37AKTY,,VYKJ7GRWMX37AKTY,,,54d1a257-b697-4857-9ef8-0f2dc01c3739,"",normal,form,,,t,2025-08-20 06:44:30.685375,2025-08-20 06:41:54.603,2025-08-20 06:44:31.445803,,967e785d-d83c-490b-8d6a-2ed926c956ac,242278464,
115561386,bf996092-8d66-408a-8d8e-5065ca3330c2,967e785d-d83c-490b-8d6a-2ed926c956ac,20250820_121307_photo,0,"",,,VYKJ7GRWMX37AKTY,,VYKJ7GRWMX37AKTY,27.563509,77.662830,b1bb3036-0205-40e3-a775-4337c27adfa1,"",normal,form,2025-08-20 06:43:07.287,,t,2025-08-20 06:45:26.393908,2025-08-20 06:43:10.807,2025-08-20 06:45:26.958824,,967e785d-d83c-490b-8d6a-2ed926c956ac,242278581,
115561859,bf996092-8d66-408a-8d8e-5065ca3330c2,967e785d-d83c-490b-8d6a-2ed926c956ac,20250820_122659_photo,0,"",,,VYKJ7GRWMX37AKTY,,VYKJ7GRWMX37AKTY,27.563508,77.662829,926feff6-40e8-4d15-bfb0-24012551e471,"",normal,form,2025-08-20 06:56:59.978,,t,2025-08-20 06:57:13.619175,2025-08-20 06:57:04.868,2025-08-20 06:57:14.193626,,967e785d-d83c-490b-8d6a-2ed926c956ac,242279552,
115561897,bf996092-8d66-408a-8d8e-5065ca3330c2,967e785d-d83c-490b-8d6a-2ed926c956ac,Screenshot_20250820-122741.ACC.png,0,"",,,VYKJ7GRWMX37AKTY,,VYKJ7GRWMX37AKTY,,,b06bb9b8-1554-48a8-9135-feb7b4efa0f4,"",normal,form,,,t,2025-08-20 06:58:35.500835,2025-08-20 06:58:26.298,2025-08-20 06:58:35.928864,,967e785d-d83c-490b-8d6a-2ed926c956ac,242279639,
115561910,bf996092-8d66-408a-8d8e-5065ca3330c2,967e785d-d83c-490b-8d6a-2ed926c956ac,Screenshot_20250820-122741.ACC.png,0,"",,,VYKJ7GRWMX37AKTY,,VYKJ7GRWMX37AKTY,,,1044f434-8c9d-4400-97f9-875ae90bc8f2,"",normal,form,,,t,2025-08-20 06:59:00.501841,2025-08-20 06:58:54.77,2025-08-20 06:59:00.891874,,967e785d-d83c-490b-8d6a-2ed926c956ac,242279666,
115562029,bf996092-8d66-408a-8d8e-5065ca3330c2,967e785d-d83c-490b-8d6a-2ed926c956ac,Screenshot_20250820-122741.ACC.png,0,"",,,VYKJ7GRWMX37AKTY,,VYKJ7GRWMX37AKTY,,,7d7eb6ab-eeb5-4bda-ae76-b31a3ab0c56e,"",normal,form,,,t,2025-08-20 07:01:01.54037,2025-08-20 07:00:54.62,2025-08-20 07:01:01.918818,,967e785d-d83c-490b-8d6a-2ed926c956ac,242279904,
115562042,bf996092-8d66-408a-8d8e-5065ca3330c2,967e785d-d83c-490b-8d6a-2ed926c956ac,20250820_123114_photo,0,"",,,VYKJ7GRWMX37AKTY,,VYKJ7GRWMX37AKTY,27.563502,77.662830,163d09e0-c083-44d2-aa9d-fe85414fffd5,"",normal,form,2025-08-20 07:01:14.134,,t,2025-08-20 07:01:24.443655,2025-08-20 07:01:19.448,2025-08-20 07:01:24.81618,,967e785d-d83c-490b-8d6a-2ed926c956ac,242279943,
115562123,bf996092-8d66-408a-8d8e-5065ca3330c2,967e785d-d83c-490b-8d6a-2ed926c956ac,Screenshot_20250820-122741.ACC.png,0,"",,,VYKJ7GRWMX37AKTY,,VYKJ7GRWMX37AKTY,,,fb1b364c-4f51-4bc0-a4ec-39aac94ead0c,"",normal,form,,,t,2025-08-20 07:02:57.178326,2025-08-20 07:02:51.945,2025-08-20 07:02:57.536011,,967e785d-d83c-490b-8d6a-2ed926c956ac,242280113,
115562147,bf996092-8d66-408a-8d8e-5065ca3330c2,967e785d-d83c-490b-8d6a-2ed926c956ac,Screenshot_20250820-122741.ACC.png,0,"",,,VYKJ7GRWMX37AKTY,,VYKJ7GRWMX37AKTY,,,a08a4afa-3eca-4be0-b47e-272e44a53ff2,"",normal,form,,,t,2025-08-20 07:03:33.186267,2025-08-20 07:03:24.966,2025-08-20 07:03:33.615649,,967e785d-d83c-490b-8d6a-2ed926c956ac,242280166,
115562164,bf996092-8d66-408a-8d8e-5065ca3330c2,967e785d-d83c-490b-8d6a-2ed926c956ac,Screenshot_20250820-122741.ACC.png,0,"",,,VYKJ7GRWMX37AKTY,,VYKJ7GRWMX37AKTY,,,d7d13d47-d21d-4282-8c6b-202a2f4cff75,"",normal,form,,,t,2025-08-20 07:03:48.916964,2025-08-20 07:03:43.432,2025-08-20 07:03:49.288033,,967e785d-d83c-490b-8d6a-2ed926c956ac,242280189,
115562285,bf996092-8d66-408a-8d8e-5065ca3330c2,967e785d-d83c-490b-8d6a-2ed926c956ac,IMG-20250819-WA0025.jpg,0,"",,,KDBLMPH5JM9X,,KDBLMPH5JM9X,,,47aea0ce-2885-4f41-b394-ae6177cf8705,"",normal,form,,,t,2025-08-20 07:06:38.230322,2025-08-20 07:05:43.072,2025-08-20 07:06:38.747596,,967e785d-d83c-490b-8d6a-2ed926c956ac,242280480,
115562333,bf996092-8d66-408a-8d8e-5065ca3330c2,967e785d-d83c-490b-8d6a-2ed926c956ac,IMG-20250819-WA0033.jpeg,0,"",,,KDBLMPH5JM9X,,KDBLMPH5JM9X,,,3c02d9e9-0532-47a8-89af-19d0c32e5e45,"",normal,form,2025-08-19 03:59:28.999,,t,2025-08-20 07:08:04.423635,2025-08-20 07:07:55.519,2025-08-20 07:08:04.869747,,967e785d-d83c-490b-8d6a-2ed926c956ac,242280584,
115562352,bf996092-8d66-408a-8d8e-5065ca3330c2,967e785d-d83c-490b-8d6a-2ed926c956ac,IMG-20250819-WA0021.jpg,0,"",,,KDBLMPH5JM9X,,KDBLMPH5JM9X,,,39cc7d44-b250-4819-ac92-1da516843460,"",normal,form,,,t,2025-08-20 07:08:18.791921,2025-08-20 07:08:12.847,2025-08-20 07:08:19.323756,,967e785d-d83c-490b-8d6a-2ed926c956ac,242280614,
115562477,bf996092-8d66-408a-8d8e-5065ca3330c2,967e785d-d83c-490b-8d6a-2ed926c956ac,IMG-20250819-WA0018.jpg,0,"",,,KDBLMPH5JM9X,,KDBLMPH5JM9X,,,7790e156-4a44-4331-9543-f898a6d8750c,"",normal,form,,,t,2025-08-20 07:10:33.909621,2025-08-20 07:08:30.873,2025-08-20 07:10:34.335646,,967e785d-d83c-490b-8d6a-2ed926c956ac,242280956,
115563417,bf996092-8d66-408a-8d8e-5065ca3330c2,f679f4cf-c089-4a2b-9b84-b14129630601,7ed729e0-72b7-4b10-b4d8-47162b1436d7,0,"",,,3TSJN3BRN9YVX2DX,,3TSJN3BRN9YVX2DX,,,a183ab3e-0676-4c2a-8557-7905748ceaa3,"",normal,gallery,2025-08-20 07:26:47.642,,t,2025-08-20 07:26:53.509213,2025-08-20 07:26:47.573,2025-08-20 07:26:53.509213,,f679f4cf-c089-4a2b-9b84-b14129630601,242283149,
115567182,bf996092-8d66-408a-8d8e-5065ca3330c2,967e785d-d83c-490b-8d6a-2ed926c956ac,20250820_140412_photo,0,"",,,VYKJ7GRWMX37AKTY,,VYKJ7GRWMX37AKTY,27.563523,77.662838,00f2d4b4-9c77-4db8-9d7b-0dd57c89c673,"",normal,form,2025-08-20 08:34:12.287,,t,2025-08-20 08:34:27.176572,2025-08-20 08:34:16.623,2025-08-20 08:34:27.556142,,967e785d-d83c-490b-8d6a-2ed926c956ac,242291546,
115567474,bf996092-8d66-408a-8d8e-5065ca3330c2,967e785d-d83c-490b-8d6a-2ed926c956ac,IMG_20250814_144925213_HDR.jpg,0,"",,,VYKJ7GRWMX37AKTY,,VYKJ7GRWMX37AKTY,,,40ecb17f-649a-4b38-9a68-cdcfc2c48303,"",normal,form,2025-08-14 09:19:25.571,,t,2025-08-20 08:38:40.831202,2025-08-20 08:38:29.905,2025-08-20 08:38:41.249033,,967e785d-d83c-490b-8d6a-2ed926c956ac,242292192,
115567607,bf996092-8d66-408a-8d8e-5065ca3330c2,967e785d-d83c-490b-8d6a-2ed926c956ac,IMG_20250808_153308490_HDR.jpg,0,"",,,VYKJ7GRWMX37AKTY,,VYKJ7GRWMX37AKTY,,,db03865c-bcbf-4d65-b6ff-ba45d6196097,"",normal,form,2025-08-08 10:03:08.863,,t,2025-08-20 08:40:04.506332,2025-08-20 08:39:58.753,2025-08-20 08:40:04.916335,,967e785d-d83c-490b-8d6a-2ed926c956ac,242292435,
115567655,bf996092-8d66-408a-8d8e-5065ca3330c2,967e785d-d83c-490b-8d6a-2ed926c956ac,IMG_20250814_144925213_HDR.jpg,0,"",,,VYKJ7GRWMX37AKTY,,VYKJ7GRWMX37AKTY,,,47ac2e35-3258-4509-adfc-df004d62b6fa,"",normal,form,2025-08-14 09:19:25.571,,t,2025-08-20 08:40:39.837323,2025-08-20 08:40:34.036,2025-08-20 08:40:40.238561,,967e785d-d83c-490b-8d6a-2ed926c956ac,242292550,
115567715,bf996092-8d66-408a-8d8e-5065ca3330c2,967e785d-d83c-490b-8d6a-2ed926c956ac,IMG_20250814_144925213_HDR.jpg,0,"",,,VYKJ7GRWMX37AKTY,,VYKJ7GRWMX37AKTY,,,9176be0d-157c-44af-b9ed-effe7d568535,"",normal,form,2025-08-14 09:19:25.571,,t,2025-08-20 08:41:25.61477,2025-08-20 08:41:17.239,2025-08-20 08:41:26.110513,,967e785d-d83c-490b-8d6a-2ed926c956ac,242292692,
115567965,bf996092-8d66-408a-8d8e-5065ca3330c2,967e785d-d83c-490b-8d6a-2ed926c956ac,Screenshot_20250820-141426.ACC.png,0,"",,,VYKJ7GRWMX37AKTY,,VYKJ7GRWMX37AKTY,,,99172c7e-f392-46af-9758-17dadbe56322,"",normal,form,,,t,2025-08-20 08:45:12.387351,2025-08-20 08:45:06.65,2025-08-20 08:45:12.773863,,967e785d-d83c-490b-8d6a-2ed926c956ac,242293214,
115567972,bf996092-8d66-408a-8d8e-5065ca3330c2,967e785d-d83c-490b-8d6a-2ed926c956ac,Screenshot_20250820-141426.ACC.png,0,"",,,VYKJ7GRWMX37AKTY,,VYKJ7GRWMX37AKTY,,,aa5fa03a-73b2-43a7-a178-47064062749a,"",normal,form,,,t,2025-08-20 08:45:32.594977,2025-08-20 08:45:25.703,2025-08-20 08:45:33.000394,,967e785d-d83c-490b-8d6a-2ed926c956ac,242293248,
115567981,bf996092-8d66-408a-8d8e-5065ca3330c2,967e785d-d83c-490b-8d6a-2ed926c956ac,Screenshot_20250820-141426.ACC.png,0,"",,,VYKJ7GRWMX37AKTY,,VYKJ7GRWMX37AKTY,,,81ef97fe-6ebb-45ad-bdc5-4701bdf65d6a,"",normal,form,,,t,2025-08-20 08:45:49.278427,2025-08-20 08:45:41.234,2025-08-20 08:45:49.699152,,967e785d-d83c-490b-8d6a-2ed926c956ac,242293266,
115567998,bf996092-8d66-408a-8d8e-5065ca3330c2,967e785d-d83c-490b-8d6a-2ed926c956ac,Screenshot_20250820-141426.ACC.png,0,"",,,VYKJ7GRWMX37AKTY,,VYKJ7GRWMX37AKTY,,,317d29c1-86db-4be8-a86e-b51fbe20ff93,"",normal,form,,,t,2025-08-20 08:46:01.308988,2025-08-20 08:45:56.091,2025-08-20 08:46:01.787312,,967e785d-d83c-490b-8d6a-2ed926c956ac,242293300,
99195484,bf996092-8d66-408a-8d8e-5065ca3330c2,967e785d-d83c-490b-8d6a-2ed926c956ac,IMG-20250606-WA0063.jpg,0,"",,,RQ92XKNVL7KYFP4W,,RQ92XKNVL7KYFP4W,,,0966e332-60b0-4870-bfca-098cd09d3402,"",normal,form,,,t,2025-06-06 12:19:44.7435,2025-06-06 12:19:36.85,2025-06-06 12:19:45.296711,,967e785d-d83c-490b-8d6a-2ed926c956ac,209178882,
99196108,bf996092-8d66-408a-8d8e-5065ca3330c2,967e785d-d83c-490b-8d6a-2ed926c956ac,IMG-20250606-WA0063.jpg,0,"",,,RQ92XKNVL7KYFP4W,,RQ92XKNVL7KYFP4W,,,87f3f9a7-b2f4-415d-b348-37169ffa1638,"",normal,form,,,t,2025-06-06 12:22:06.625287,2025-06-06 12:22:00.38,2025-06-06 12:22:07.133445,,967e785d-d83c-490b-8d6a-2ed926c956ac,209180185,
99196355,bf996092-8d66-408a-8d8e-5065ca3330c2,967e785d-d83c-490b-8d6a-2ed926c956ac,IMG-20250606-WA0063.jpg,0,"",,,RQ92XKNVL7KYFP4W,,RQ92XKNVL7KYFP4W,,,0af0daac-0f20-4636-b2dc-3f6485ccf6dd,"",normal,form,,,t,2025-06-06 12:23:10.274835,2025-06-06 12:23:04.346,2025-06-06 12:23:10.815242,,967e785d-d83c-490b-8d6a-2ed926c956ac,209180670,
99196669,bf996092-8d66-408a-8d8e-5065ca3330c2,967e785d-d83c-490b-8d6a-2ed926c956ac,IMG-20250606-WA0066.jpg,0,"",,,RQ92XKNVL7KYFP4W,,RQ92XKNVL7KYFP4W,,,37705621-bb91-4af6-877e-c1dad2591326,"",normal,form,,,t,2025-06-06 12:24:38.067426,2025-06-06 12:24:29.814,2025-06-06 12:24:38.67727,,967e785d-d83c-490b-8d6a-2ed926c956ac,209181294,
99196725,bf996092-8d66-408a-8d8e-5065ca3330c2,967e785d-d83c-490b-8d6a-2ed926c956ac,IMG-20250606-WA0063.jpg,0,"",,,RQ92XKNVL7KYFP4W,,RQ92XKNVL7KYFP4W,,,969af42f-54cf-4e20-8912-1c13a6980e61,"",normal,form,,,t,2025-06-06 12:24:48.232448,2025-06-06 12:24:41.674,2025-06-06 12:24:48.875315,,967e785d-d83c-490b-8d6a-2ed926c956ac,209181403,
99202446,bf996092-8d66-408a-8d8e-5065ca3330c2,967e785d-d83c-490b-8d6a-2ed926c956ac,IMG20250606181350.jpg,0,"",,,MJU2FLVXJAQLGRH7,,MJU2FLVXJAQLGRH7,,,ecfbb8d9-f8e4-44e1-a5dc-919688c5eee9,"",normal,form,2025-06-06 12:43:50.3,,t,2025-06-06 12:48:06.641785,2025-06-06 12:49:16.346,2025-06-06 12:50:38.73805,,967e785d-d83c-490b-8d6a-2ed926c956ac,209194277,
99202719,bf996092-8d66-408a-8d8e-5065ca3330c2,967e785d-d83c-490b-8d6a-2ed926c956ac,IMG20250606181323.jpg,0,"",,,MJU2FLVXJAQLGRH7,,MJU2FLVXJAQLGRH7,,,51882a11-082e-4df3-96ba-a9d2b3f78833,"",normal,form,2025-06-06 12:43:23.097,,t,2025-06-06 12:49:19.230498,2025-06-06 12:49:16.619,2025-06-06 12:50:39.1525,,967e785d-d83c-490b-8d6a-2ed926c956ac,209194281,
99202798,bf996092-8d66-408a-8d8e-5065ca3330c2,967e785d-d83c-490b-8d6a-2ed926c956ac,IMG20250606181317.jpg,0,"",,,MJU2FLVXJAQLGRH7,,MJU2FLVXJAQLGRH7,,,b14ada99-28d1-44ea-8013-7c81caa02992,"",normal,form,2025-06-06 12:43:17.42,,t,2025-06-06 12:49:39.809008,2025-06-06 12:49:16.834,2025-06-06 12:50:39.578014,,967e785d-d83c-490b-8d6a-2ed926c956ac,209194285,
99202868,bf996092-8d66-408a-8d8e-5065ca3330c2,967e785d-d83c-490b-8d6a-2ed926c956ac,IMG20250606181303.jpg,0,"",,,MJU2FLVXJAQLGRH7,,MJU2FLVXJAQLGRH7,,,ceab1e6a-1211-4a8c-834b-ea8a1ab72fcd,"",normal,form,2025-06-06 12:43:03.896,,t,2025-06-06 12:50:03.968756,2025-06-06 12:49:17.034,2025-06-06 12:50:40.045398,,967e785d-d83c-490b-8d6a-2ed926c956ac,209194289,
99202981,bf996092-8d66-408a-8d8e-5065ca3330c2,967e785d-d83c-490b-8d6a-2ed926c956ac,IMG20250606181236.jpg,0,"",,,MJU2FLVXJAQLGRH7,,MJU2FLVXJAQLGRH7,,,09f89d41-145a-4226-a818-a3824cbe1100,"",normal,form,2025-06-06 12:42:36.262,,t,2025-06-06 12:50:37.929655,2025-06-06 12:49:17.239,2025-06-06 12:50:40.490385,,967e785d-d83c-490b-8d6a-2ed926c956ac,209194291,
99213867,bf996092-8d66-408a-8d8e-5065ca3330c2,967e785d-d83c-490b-8d6a-2ed926c956ac,IMG-20250606-WA0075.jpg,0,"",,,RQ92XKNVL7KYFP4W,,RQ92XKNVL7KYFP4W,,,8f3237aa-23c0-4a98-bd59-aaa4661da989,"",normal,form,,,t,2025-06-06 13:30:53.656795,2025-06-06 13:29:14.628,2025-06-06 13:31:29.381766,,967e785d-d83c-490b-8d6a-2ed926c956ac,209216658,
99213484,bf996092-8d66-408a-8d8e-5065ca3330c2,967e785d-d83c-490b-8d6a-2ed926c956ac,IMG-20250606-WA0079.jpg,0,"",,,RQ92XKNVL7KYFP4W,,RQ92XKNVL7KYFP4W,,,5908be98-357c-42f0-a99f-8c94c109611d,"",normal,form,,,t,2025-06-06 13:29:38.510864,2025-06-06 13:29:14.247,2025-06-06 13:31:27.970795,,967e785d-d83c-490b-8d6a-2ed926c956ac,209216646,
99213560,bf996092-8d66-408a-8d8e-5065ca3330c2,967e785d-d83c-490b-8d6a-2ed926c956ac,IMG-20250606-WA0076.jpg,0,"",,,RQ92XKNVL7KYFP4W,,RQ92XKNVL7KYFP4W,,,c1bee565-ec1e-4b22-889d-f8ef95eb2d8a,"",normal,form,,,t,2025-06-06 13:29:54.766243,2025-06-06 13:29:14.418,2025-06-06 13:31:28.458604,,967e785d-d83c-490b-8d6a-2ed926c956ac,209216650,
99213711,bf996092-8d66-408a-8d8e-5065ca3330c2,967e785d-d83c-490b-8d6a-2ed926c956ac,IMG-20250606-WA0077.jpg,0,"",,,RQ92XKNVL7KYFP4W,,RQ92XKNVL7KYFP4W,,,8cd24c48-6911-43a5-8056-350eb1e44d2d,"",normal,form,,,t,2025-06-06 13:30:28.129843,2025-06-06 13:29:14.523,2025-06-06 13:31:28.936358,,967e785d-d83c-490b-8d6a-2ed926c956ac,209216654,
99213965,bf996092-8d66-408a-8d8e-5065ca3330c2,967e785d-d83c-490b-8d6a-2ed926c956ac,IMG-20250606-WA0074.jpg,0,"",,,RQ92XKNVL7KYFP4W,,RQ92XKNVL7KYFP4W,,,606c9236-a5cd-40f4-8ef4-d80d6431b98e,"",normal,form,,,t,2025-06-06 13:31:11.432992,2025-06-06 13:29:14.727,2025-06-06 13:31:29.8286,,967e785d-d83c-490b-8d6a-2ed926c956ac,209216662,
99214063,bf996092-8d66-408a-8d8e-5065ca3330c2,967e785d-d83c-490b-8d6a-2ed926c956ac,IMG-20250606-WA0073.jpg,0,"",,,RQ92XKNVL7KYFP4W,,RQ92XKNVL7KYFP4W,,,0afa5237-b8c8-4ebb-b7e2-0d095c48247d,"",normal,form,,,t,2025-06-06 13:31:27.446433,2025-06-06 13:29:14.826,2025-06-06 13:31:30.317374,,967e785d-d83c-490b-8d6a-2ed926c956ac,209216665,
99214261,bf996092-8d66-408a-8d8e-5065ca3330c2,967e785d-d83c-490b-8d6a-2ed926c956ac,IMG-20250606-WA0076.jpg,0,"",,,RQ92XKNVL7KYFP4W,,RQ92XKNVL7KYFP4W,,,beda010c-8216-4443-8e40-3dcb70be6ab6,"",normal,form,,,t,2025-06-06 13:32:08.454543,2025-06-06 13:30:14.586,2025-06-06 13:32:09.067829,,967e785d-d83c-490b-8d6a-2ed926c956ac,209217019,
99214320,bf996092-8d66-408a-8d8e-5065ca3330c2,967e785d-d83c-490b-8d6a-2ed926c956ac,IMG-20250606-WA0077.jpg,0,"",,,RQ92XKNVL7KYFP4W,,RQ92XKNVL7KYFP4W,,,f3370ce4-2efc-4fed-9360-d52c01e0f4e8,"",normal,form,,,t,2025-06-06 13:32:23.677607,2025-06-06 13:30:47.349,2025-06-06 13:32:24.256177,,967e785d-d83c-490b-8d6a-2ed926c956ac,209217142,
99214437,bf996092-8d66-408a-8d8e-5065ca3330c2,967e785d-d83c-490b-8d6a-2ed926c956ac,IMG-20250606-WA0077.jpg,0,"",,,RQ92XKNVL7KYFP4W,,RQ92XKNVL7KYFP4W,,,f3d7dff4-558f-44c5-9b7d-8f53e5b8dff6,"",normal,form,,,t,2025-06-06 13:32:51.851895,2025-06-06 13:31:54.42,2025-06-06 13:32:52.440953,,967e785d-d83c-490b-8d6a-2ed926c956ac,209217388,
99220293,bf996092-8d66-408a-8d8e-5065ca3330c2,967e785d-d83c-490b-8d6a-2ed926c956ac,IMG-20250606-WA0079.jpg,0,"",,,RQ92XKNVL7KYFP4W,,RQ92XKNVL7KYFP4W,,,57376efa-9d20-4e95-bf4a-d8278f3e9ea3,"",normal,form,,,t,2025-06-06 13:51:50.998318,2025-06-06 13:51:44.541,2025-06-06 13:51:51.546787,,967e785d-d83c-490b-8d6a-2ed926c956ac,209229076,
99220693,bf996092-8d66-408a-8d8e-5065ca3330c2,967e785d-d83c-490b-8d6a-2ed926c956ac,IMG-20250606-WA0079.jpg,0,"",,,RQ92XKNVL7KYFP4W,,RQ92XKNVL7KYFP4W,,,db1bb2d4-ad25-4078-a249-96691f88e2c5,"",normal,form,,,t,2025-06-06 13:53:06.679967,2025-06-06 13:52:53.056,2025-06-06 13:53:07.596648,,967e785d-d83c-490b-8d6a-2ed926c956ac,209229963,
99225217,bf996092-8d66-408a-8d8e-5065ca3330c2,967e785d-d83c-490b-8d6a-2ed926c956ac,IMG-20250606-WA0039.jpg,0,"",,,MWZJGXW9MEMP2RFR,,MWZJGXW9MEMP2RFR,,,47ab9239-c042-4e40-b5c1-e25a6f7f637a,"",normal,form,,,t,2025-06-06 14:09:24.829075,2025-06-06 14:09:15.116,2025-06-06 14:09:25.266683,,967e785d-d83c-490b-8d6a-2ed926c956ac,209238994,
99225523,bf996092-8d66-408a-8d8e-5065ca3330c2,967e785d-d83c-490b-8d6a-2ed926c956ac,IMG-20250606-WA0039.jpg,0,"",,,MWZJGXW9MEMP2RFR,,MWZJGXW9MEMP2RFR,,,00d88231-4ba3-4e2f-af08-af2b0291977d,"",normal,form,,,t,2025-06-06 14:10:25.963463,2025-06-06 14:10:10.594,2025-06-06 14:10:26.665271,,967e785d-d83c-490b-8d6a-2ed926c956ac,209239506,
99225951,bf996092-8d66-408a-8d8e-5065ca3330c2,967e785d-d83c-490b-8d6a-2ed926c956ac,IMG-20250606-WA0032.jpeg,0,"",,,MWZJGXW9MEMP2RFR,,MWZJGXW9MEMP2RFR,,,5ab2a7fc-1b7f-478c-958a-50ea1c5e29ec,"",normal,form,2025-06-06 13:15:17,,t,2025-06-06 14:12:00.330674,2025-06-06 14:10:48.038,2025-06-06 14:12:01.026702,,967e785d-d83c-490b-8d6a-2ed926c956ac,209240341,
99226295,bf996092-8d66-408a-8d8e-5065ca3330c2,967e785d-d83c-490b-8d6a-2ed926c956ac,IMG-20250606-WA0028.jpeg,0,"",,,MWZJGXW9MEMP2RFR,,MWZJGXW9MEMP2RFR,,,b826a250-01f1-42ff-af92-ec811ec8cff0,"",normal,form,2025-06-06 13:14:26,,t,2025-06-06 14:13:15.384586,2025-06-06 14:11:30.421,2025-06-06 14:13:47.1455,,967e785d-d83c-490b-8d6a-2ed926c956ac,209241286,
99226362,bf996092-8d66-408a-8d8e-5065ca3330c2,967e785d-d83c-490b-8d6a-2ed926c956ac,IMG-20250606-WA0030.jpeg,0,"",,,MWZJGXW9MEMP2RFR,,MWZJGXW9MEMP2RFR,,,a818b59d-f115-4996-bbde-0c7e79ccf4f0,"",normal,form,2025-06-06 13:14:50,,t,2025-06-06 14:13:32.929732,2025-06-06 14:11:30.849,2025-06-06 14:13:47.60794,,967e785d-d83c-490b-8d6a-2ed926c956ac,209241292,
99226394,bf996092-8d66-408a-8d8e-5065ca3330c2,967e785d-d83c-490b-8d6a-2ed926c956ac,IMG-20250606-WA0026.jpeg,0,"",,,MWZJGXW9MEMP2RFR,,MWZJGXW9MEMP2RFR,,,fd447edf-e870-4a33-b9b0-ee17844b24b6,"",normal,form,2025-06-06 13:14:20,,t,2025-06-06 14:13:40.314031,2025-06-06 14:11:31.182,2025-06-06 14:13:48.266875,,967e785d-d83c-490b-8d6a-2ed926c956ac,209241297,
99226425,bf996092-8d66-408a-8d8e-5065ca3330c2,967e785d-d83c-490b-8d6a-2ed926c956ac,IMG-20250606-WA0024.jpeg,0,"",,,MWZJGXW9MEMP2RFR,,MWZJGXW9MEMP2RFR,,,b3935590-aec4-44fe-92fa-48f548c981f9,"",normal,form,2025-06-06 13:14:05,,t,2025-06-06 14:13:46.697194,2025-06-06 14:11:31.561,2025-06-06 14:13:48.805652,,967e785d-d83c-490b-8d6a-2ed926c956ac,209241314,
99234128,bf996092-8d66-408a-8d8e-5065ca3330c2,967e785d-d83c-490b-8d6a-2ed926c956ac,IMG-20250606-WA0028.jpeg,0,"",,,MWZJGXW9MEMP2RFR,,MWZJGXW9MEMP2RFR,,,1611df31-9ff0-4572-b608-b672e846ac2a,"",normal,form,2025-06-06 13:14:26,,t,2025-06-06 14:40:22.882344,2025-06-06 14:40:22.882344,2025-06-06 14:40:46.130421,,967e785d-d83c-490b-8d6a-2ed926c956ac,209257115,
105467430,bf996092-8d66-408a-8d8e-5065ca3330c2,f6ab14eb-1a66-4ea5-8a0f-0afbda444403,WhatsApp Image 2025-07-08 at 11.21.14,94470,"",,,NXBJU9KZRN2LR6EX,,NXBJU9KZRN2LR6EX,,,c54b7173-8772-42cf-b7b8-dd250fac27b2,"",normal,rfi,,,f,2025-07-08 07:51:56.929199,2025-07-08 07:51:56.929199,2025-07-08 07:52:00.305808,,f6ab14eb-1a66-4ea5-8a0f-0afbda444403,221990921,
105467441,bf996092-8d66-408a-8d8e-5065ca3330c2,f6ab14eb-1a66-4ea5-8a0f-0afbda444403,WhatsApp Image 2025-07-08 at 11.22.06,98763,"",,,NXBJU9KZRN2LR6EX,,NXBJU9KZRN2LR6EX,,,1d65b7e6-05f4-4ebe-ad58-1e30fc76a229,"",normal,rfi,,,f,2025-07-08 07:52:23.894493,2025-07-08 07:52:23.894493,2025-07-08 07:52:28.846737,,f6ab14eb-1a66-4ea5-8a0f-0afbda444403,221990954,
105467469,bf996092-8d66-408a-8d8e-5065ca3330c2,f6ab14eb-1a66-4ea5-8a0f-0afbda444403,WhatsApp Image 2025-07-08 at 13.20.27,61751,"",,,NXBJU9KZRN2LR6EX,,NXBJU9KZRN2LR6EX,,,a358eae0-b838-41a2-836b-76ba4242df92,"",normal,rfi,,,f,2025-07-08 07:52:50.503102,2025-07-08 07:52:50.503102,2025-07-08 07:52:54.835838,,f6ab14eb-1a66-4ea5-8a0f-0afbda444403,221991020,
99361889,bf996092-8d66-408a-8d8e-5065ca3330c2,967e785d-d83c-490b-8d6a-2ed926c956ac,IMG-20250606-WA0039.jpg,0,"",,,MWZJGXW9MEMP2RFR,,MWZJGXW9MEMP2RFR,,,d6b6d42c-1e1b-4b42-a8cd-f6d21084bb03,"",normal,form,,,t,2025-06-07 04:53:00.386918,2025-06-07 04:52:53.651,2025-06-07 04:53:06.244497,,967e785d-d83c-490b-8d6a-2ed926c956ac,209518250,
99361892,bf996092-8d66-408a-8d8e-5065ca3330c2,967e785d-d83c-490b-8d6a-2ed926c956ac,IMG-20250606-WA0019.jpg,0,"",,,MWZJGXW9MEMP2RFR,,MWZJGXW9MEMP2RFR,,,23bf72ac-696a-4e1c-84c5-db7bb83b7c90,"",normal,form,,,t,2025-06-07 04:53:05.698941,2025-06-07 04:52:53.994,2025-06-07 04:53:06.658716,,967e785d-d83c-490b-8d6a-2ed926c956ac,209518251,
99366198,bf996092-8d66-408a-8d8e-5065ca3330c2,967e785d-d83c-490b-8d6a-2ed926c956ac,20250607_154338_photo,0,"",,,WK7J3NJWMTCK9UWQ,,WK7J3NJWMTCK9UWQ,,,0454c551-873b-428f-9410-9c46de6c6dca,"",normal,rfi,2025-06-07 10:13:27,,f,2025-06-07 10:13:55.560392,2025-06-07 10:13:38.47,2025-06-07 10:13:55.560392,,967e785d-d83c-490b-8d6a-2ed926c956ac,209526747,
99366202,bf996092-8d66-408a-8d8e-5065ca3330c2,967e785d-d83c-490b-8d6a-2ed926c956ac,20250607_154338_photo,0,"",,,WK7J3NJWMTCK9UWQ,,WK7J3NJWMTCK9UWQ,,,7e91ac43-9ac1-4a26-9ede-26d60166b94f,"",normal,rfi,2025-06-07 10:13:28,,f,2025-06-07 10:14:03.016794,2025-06-07 10:13:38.648,2025-06-07 10:14:03.016794,,967e785d-d83c-490b-8d6a-2ed926c956ac,209526755,
99372952,bf996092-8d66-408a-8d8e-5065ca3330c2,967e785d-d83c-490b-8d6a-2ed926c956ac,IMG-20250607-WA0029.jpg,0,"",,,RQ92XKNVL7KYFP4W,,RQ92XKNVL7KYFP4W,,,f113c4f6-0211-451c-8874-9f4a002b4e6f,"",normal,form,,,t,2025-06-07 12:53:15.47877,2025-06-07 12:53:06.492,2025-06-07 12:53:35.57431,,967e785d-d83c-490b-8d6a-2ed926c956ac,209539882,
99372959,bf996092-8d66-408a-8d8e-5065ca3330c2,967e785d-d83c-490b-8d6a-2ed926c956ac,IMG-20250606-WA0076.jpg,0,"",,,RQ92XKNVL7KYFP4W,,RQ92XKNVL7KYFP4W,,,45d4d694-2619-4850-b82d-f53362e2aa13,"",normal,form,,,t,2025-06-07 12:53:21.68133,2025-06-07 12:53:06.697,2025-06-07 12:53:36.171814,,967e785d-d83c-490b-8d6a-2ed926c956ac,209539887,
99372994,bf996092-8d66-408a-8d8e-5065ca3330c2,967e785d-d83c-490b-8d6a-2ed926c956ac,IMG-20250606-WA0075.jpg,0,"",,,RQ92XKNVL7KYFP4W,,RQ92XKNVL7KYFP4W,,,55ada775-e82e-43b1-88a1-05ec23bb074b,"",normal,form,,,t,2025-06-07 12:53:27.91137,2025-06-07 12:53:06.813,2025-06-07 12:53:36.727564,,967e785d-d83c-490b-8d6a-2ed926c956ac,209539892,
99373005,bf996092-8d66-408a-8d8e-5065ca3330c2,967e785d-d83c-490b-8d6a-2ed926c956ac,IMG-20250606-WA0073.jpg,0,"",,,RQ92XKNVL7KYFP4W,,RQ92XKNVL7KYFP4W,,,41fa1432-d7a1-472a-86fc-8032444218a8,"",normal,form,,,t,2025-06-07 12:53:34.827587,2025-06-07 12:53:06.918,2025-06-07 12:53:37.226216,,967e785d-d83c-490b-8d6a-2ed926c956ac,209539896,
99373100,bf996092-8d66-408a-8d8e-5065ca3330c2,967e785d-d83c-490b-8d6a-2ed926c956ac,IMG-20250607-WA0028.jpg,0,"",,,RQ92XKNVL7KYFP4W,,RQ92XKNVL7KYFP4W,,,d2807189-0154-4f26-b87a-8f87975ac75a,"",normal,form,,,t,2025-06-07 12:54:37.770606,2025-06-07 12:54:31.492,2025-06-07 12:54:38.686649,,967e785d-d83c-490b-8d6a-2ed926c956ac,209540080,
99375674,bf996092-8d66-408a-8d8e-5065ca3330c2,967e785d-d83c-490b-8d6a-2ed926c956ac,IMG_20250607_185318.jpg,0,"",,,VYKJ7GRWMX37AKTY,,VYKJ7GRWMX37AKTY,,,96399a0f-ef48-466d-b143-541e41de8fdc,"",normal,form,,,t,2025-06-07 13:23:58.178688,2025-06-07 13:23:52.363,2025-06-07 13:23:58.91975,,967e785d-d83c-490b-8d6a-2ed926c956ac,209545442,
99375686,bf996092-8d66-408a-8d8e-5065ca3330c2,967e785d-d83c-490b-8d6a-2ed926c956ac,IMG_20250607_185300.jpg,0,"",,,VYKJ7GRWMX37AKTY,,VYKJ7GRWMX37AKTY,,,197f2416-6d7f-4717-b9a3-09eed6e23b01,"",normal,form,,,t,2025-06-07 13:24:06.826376,2025-06-07 13:23:57.641,2025-06-07 13:24:07.374562,,967e785d-d83c-490b-8d6a-2ed926c956ac,209545470,
99375739,bf996092-8d66-408a-8d8e-5065ca3330c2,967e785d-d83c-490b-8d6a-2ed926c956ac,IMG_20250607_185246.jpg,0,"",,,VYKJ7GRWMX37AKTY,,VYKJ7GRWMX37AKTY,,,25682ed1-8c94-4063-bb21-f33c91bb15bc,"",normal,form,,,t,2025-06-07 13:24:48.663176,2025-06-07 13:24:46.606,2025-06-07 13:24:49.345005,,967e785d-d83c-490b-8d6a-2ed926c956ac,209545547,
99376056,bf996092-8d66-408a-8d8e-5065ca3330c2,967e785d-d83c-490b-8d6a-2ed926c956ac,IMG-20250607-WA0040.jpg,0,"",,,RQ92XKNVL7KYFP4W,,RQ92XKNVL7KYFP4W,,,11bf8dc5-60be-45c4-8246-6fb95c69b284,"",normal,form,,,t,2025-06-07 13:28:58.570679,2025-06-07 13:28:49.842,2025-06-07 13:28:59.158075,,967e785d-d83c-490b-8d6a-2ed926c956ac,209546160,
99376144,bf996092-8d66-408a-8d8e-5065ca3330c2,967e785d-d83c-490b-8d6a-2ed926c956ac,IMG-20250607-WA0040.jpg,0,"",,,RQ92XKNVL7KYFP4W,,RQ92XKNVL7KYFP4W,,,b44e576b-b334-4f80-8cbc-b73f8b40461c,"",normal,form,,,t,2025-06-07 13:30:06.347974,2025-06-07 13:29:58.398,2025-06-07 13:30:07.120279,,967e785d-d83c-490b-8d6a-2ed926c956ac,209546335,
99376241,bf996092-8d66-408a-8d8e-5065ca3330c2,967e785d-d83c-490b-8d6a-2ed926c956ac,IMG-20250607-WA0040.jpg,0,"",,,RQ92XKNVL7KYFP4W,,RQ92XKNVL7KYFP4W,,,dc1b5b8f-f2ae-4d89-b8e6-9ae106893776,"",normal,form,,,t,2025-06-07 13:30:43.459854,2025-06-07 13:30:36.558,2025-06-07 13:30:44.001557,,967e785d-d83c-490b-8d6a-2ed926c956ac,209546497,
99376404,bf996092-8d66-408a-8d8e-5065ca3330c2,967e785d-d83c-490b-8d6a-2ed926c956ac,IMG-20250607-WA0040.jpg,0,"",,,RQ92XKNVL7KYFP4W,,RQ92XKNVL7KYFP4W,,,887336ee-4a3f-46e2-9e51-c831f9ee37e1,"",normal,form,,,t,2025-06-07 13:31:40.045492,2025-06-07 13:31:32.698,2025-06-07 13:31:40.536582,,967e785d-d83c-490b-8d6a-2ed926c956ac,209546777,
99379590,bf996092-8d66-408a-8d8e-5065ca3330c2,967e785d-d83c-490b-8d6a-2ed926c956ac,IMG_20250607_193832.jpg,0,"",,,VYKJ7GRWMX37AKTY,,VYKJ7GRWMX37AKTY,,,93ac1226-fa84-4297-922f-36ecec98f9b9,"",normal,form,,,t,2025-06-07 14:09:16.541824,2025-06-07 14:09:14.586,2025-06-07 14:09:17.107669,,967e785d-d83c-490b-8d6a-2ed926c956ac,209552744,
99379655,bf996092-8d66-408a-8d8e-5065ca3330c2,967e785d-d83c-490b-8d6a-2ed926c956ac,IMG_20250607_193832.jpg,0,"",,,VYKJ7GRWMX37AKTY,,VYKJ7GRWMX37AKTY,,,6168c30f-679d-432a-b8c8-c107f455c881,"",normal,form,,,t,2025-06-07 14:10:12.491092,2025-06-07 14:10:10.269,2025-06-07 14:10:13.303272,,967e785d-d83c-490b-8d6a-2ed926c956ac,209552874,
115624287,bf996092-8d66-408a-8d8e-5065ca3330c2,967e785d-d83c-490b-8d6a-2ed926c956ac,20250820_192059_photo,0,"",,,VYKJ7GRWMX37AKTY,,VYKJ7GRWMX37AKTY,27.563506,77.662827,3d89de7b-8179-4065-90d3-e10fbc393e22,"",normal,form,2025-08-20 13:50:59.069,,t,2025-08-20 13:51:12.811872,2025-08-20 13:51:03.247,2025-08-20 13:51:13.204718,,967e785d-d83c-490b-8d6a-2ed926c956ac,242407286,
115624428,bf996092-8d66-408a-8d8e-5065ca3330c2,967e785d-d83c-490b-8d6a-2ed926c956ac,20250820_192119_photo,0,"",,,VYKJ7GRWMX37AKTY,,VYKJ7GRWMX37AKTY,27.563503,77.662830,5f7d137b-379e-45c5-a730-0053d2916454,"",normal,form,2025-08-20 13:51:19.083,,t,2025-08-20 13:51:31.013926,2025-08-20 13:51:23.411,2025-08-20 13:51:31.418136,,967e785d-d83c-490b-8d6a-2ed926c956ac,242407600,
115624560,bf996092-8d66-408a-8d8e-5065ca3330c2,967e785d-d83c-490b-8d6a-2ed926c956ac,20250820_192137_photo,0,"",,,VYKJ7GRWMX37AKTY,,VYKJ7GRWMX37AKTY,27.563506,77.662826,d47085a2-8044-4cb9-9fbe-e51b843c0924,"",normal,form,2025-08-20 13:51:37.604,,t,2025-08-20 13:51:50.176259,2025-08-20 13:51:44.726,2025-08-20 13:51:50.594666,,967e785d-d83c-490b-8d6a-2ed926c956ac,242407825,
115625251,bf996092-8d66-408a-8d8e-5065ca3330c2,967e785d-d83c-490b-8d6a-2ed926c956ac,Screenshot_20250820-192231.ACC.png,0,"",,,VYKJ7GRWMX37AKTY,,VYKJ7GRWMX37AKTY,,,3fea0ac7-b4be-4d54-a84b-85b86c3b10ce,"",normal,form,,,t,2025-08-20 13:53:30.490841,2025-08-20 13:53:24.843,2025-08-20 13:53:30.854266,,967e785d-d83c-490b-8d6a-2ed926c956ac,242409176,
115625407,bf996092-8d66-408a-8d8e-5065ca3330c2,967e785d-d83c-490b-8d6a-2ed926c956ac,20250820_192347_photo,0,"",,,VYKJ7GRWMX37AKTY,,VYKJ7GRWMX37AKTY,27.563506,77.662826,7b2a30d9-4702-4d4d-ba43-3142e8c89cb5,"",normal,form,2025-08-20 13:53:47.497,,t,2025-08-20 13:54:01.998447,2025-08-20 13:53:56.739,2025-08-20 13:54:02.362442,,967e785d-d83c-490b-8d6a-2ed926c956ac,242409501,
115626183,bf996092-8d66-408a-8d8e-5065ca3330c2,967e785d-d83c-490b-8d6a-2ed926c956ac,RFI-41,118624,"",,,U8Q2F3P4M3PWWQXF,,U8Q2F3P4M3PWWQXF,,,092c066e-6760-4a6b-9379-14bbc54dca02,"",normal,rfi,,,f,2025-08-20 13:56:05.296659,2025-08-20 13:56:05.296659,2025-08-20 13:56:12.314303,,967e785d-d83c-490b-8d6a-2ed926c956ac,242411104,
115626493,bf996092-8d66-408a-8d8e-5065ca3330c2,967e785d-d83c-490b-8d6a-2ed926c956ac,20250820_192643_photo,0,"",,,VYKJ7GRWMX37AKTY,,VYKJ7GRWMX37AKTY,27.563508,77.662828,9ab1cd45-0eb9-4f13-998f-254a82e3e882,"",normal,form,2025-08-20 13:56:43.308,,t,2025-08-20 13:57:02.072822,2025-08-20 13:56:48.674,2025-08-20 13:57:02.505816,,967e785d-d83c-490b-8d6a-2ed926c956ac,242411632,
115626590,bf996092-8d66-408a-8d8e-5065ca3330c2,967e785d-d83c-490b-8d6a-2ed926c956ac,20250820_192700_photo,0,"",,,VYKJ7GRWMX37AKTY,,VYKJ7GRWMX37AKTY,27.563508,77.662828,db2534e2-4dfd-4592-b689-4e5e4b2bd98a,"",normal,form,2025-08-20 13:57:00.145,,t,2025-08-20 13:57:15.296941,2025-08-20 13:57:07.427,2025-08-20 13:57:15.717472,,967e785d-d83c-490b-8d6a-2ed926c956ac,242411822,
115627229,bf996092-8d66-408a-8d8e-5065ca3330c2,967e785d-d83c-490b-8d6a-2ed926c956ac,20250820_192849_photo,0,"",,,VYKJ7GRWMX37AKTY,,VYKJ7GRWMX37AKTY,27.563509,77.662830,e5ab9a34-a55a-436a-9a5b-b4ab7617e239,"",normal,form,2025-08-20 13:58:49.462,,t,2025-08-20 13:59:00.472925,2025-08-20 13:58:54.993,2025-08-20 13:59:00.857418,,967e785d-d83c-490b-8d6a-2ed926c956ac,242413029,
115627290,bf996092-8d66-408a-8d8e-5065ca3330c2,967e785d-d83c-490b-8d6a-2ed926c956ac,20250820_192906_photo,0,"",,,VYKJ7GRWMX37AKTY,,VYKJ7GRWMX37AKTY,27.563521,77.662798,d0eb42d1-a7ba-44fa-a0ca-46b769c8f72c,"",normal,form,2025-08-20 13:59:06.6,,t,2025-08-20 13:59:17.259926,2025-08-20 13:59:11.173,2025-08-20 13:59:17.643152,,967e785d-d83c-490b-8d6a-2ed926c956ac,242413153,
115627435,bf996092-8d66-408a-8d8e-5065ca3330c2,967e785d-d83c-490b-8d6a-2ed926c956ac,20250820_192931_photo,0,"",,,VYKJ7GRWMX37AKTY,,VYKJ7GRWMX37AKTY,27.563470,77.662659,5f294979-9262-4c12-878f-63a14f671cf4,"",normal,form,2025-08-20 13:59:31.339,,t,2025-08-20 14:00:01.375695,2025-08-20 13:59:38.72,2025-08-20 14:00:01.75583,,967e785d-d83c-490b-8d6a-2ed926c956ac,242413475,
99520477,bf996092-8d66-408a-8d8e-5065ca3330c2,967e785d-d83c-490b-8d6a-2ed926c956ac,IMG-20250607-WA0040.jpg,0,"",,,RQ92XKNVL7KYFP4W,,RQ92XKNVL7KYFP4W,,,6f9dd52a-d227-4f79-aa38-56f8dddf6389,"",normal,form,,,t,2025-06-08 11:56:26.716579,2025-06-08 11:56:16.101,2025-06-08 11:56:27.325125,,967e785d-d83c-490b-8d6a-2ed926c956ac,209833884,
99520541,bf996092-8d66-408a-8d8e-5065ca3330c2,967e785d-d83c-490b-8d6a-2ed926c956ac,IMG-20250608-WA0022.jpg,0,"",,,RQ92XKNVL7KYFP4W,,RQ92XKNVL7KYFP4W,,,14a199d2-da7a-40f3-9bdf-8cfe28366016,"",normal,form,,,t,2025-06-08 11:59:12.760514,2025-06-08 11:59:05.733,2025-06-08 11:59:13.363397,,967e785d-d83c-490b-8d6a-2ed926c956ac,209834000,
99520553,bf996092-8d66-408a-8d8e-5065ca3330c2,967e785d-d83c-490b-8d6a-2ed926c956ac,IMG-20250607-WA0040.jpg,0,"",,,RQ92XKNVL7KYFP4W,,RQ92XKNVL7KYFP4W,,,33ceff80-d453-4356-bad8-e9413bf1286a,"",normal,form,,,t,2025-06-08 12:00:09.532685,2025-06-08 12:00:03.94,2025-06-08 12:00:11.016896,,967e785d-d83c-490b-8d6a-2ed926c956ac,209834027,
99520583,bf996092-8d66-408a-8d8e-5065ca3330c2,967e785d-d83c-490b-8d6a-2ed926c956ac,IMG-20250607-WA0040.jpg,0,"",,,RQ92XKNVL7KYFP4W,,RQ92XKNVL7KYFP4W,,,a2e70ec2-6a0b-4f7a-96cb-f6ff92bb9702,"",normal,form,,,t,2025-06-08 12:03:41.698145,2025-06-08 12:03:36.201,2025-06-08 12:03:42.309392,,967e785d-d83c-490b-8d6a-2ed926c956ac,209834090,
99520610,bf996092-8d66-408a-8d8e-5065ca3330c2,967e785d-d83c-490b-8d6a-2ed926c956ac,IMG-20250608-WA0038.jpg,0,"",,,RQ92XKNVL7KYFP4W,,RQ92XKNVL7KYFP4W,,,e5b8dd73-8c73-454f-9f86-863ca85a1027,"",normal,form,,,t,2025-06-08 12:04:49.547017,2025-06-08 12:04:43.79,2025-06-08 12:04:50.273757,,967e785d-d83c-490b-8d6a-2ed926c956ac,209834146,
99520622,bf996092-8d66-408a-8d8e-5065ca3330c2,967e785d-d83c-490b-8d6a-2ed926c956ac,IMG-20250608-WA0038.jpg,0,"",,,RQ92XKNVL7KYFP4W,,RQ92XKNVL7KYFP4W,,,be8f1bde-e195-43b1-8037-c1da08ced8fb,"",normal,form,,,t,2025-06-08 12:06:20.543817,2025-06-08 12:06:13.47,2025-06-08 12:06:21.459914,,967e785d-d83c-490b-8d6a-2ed926c956ac,209834177,
99520631,bf996092-8d66-408a-8d8e-5065ca3330c2,967e785d-d83c-490b-8d6a-2ed926c956ac,IMG-20250608-WA0038.jpg,0,"",,,RQ92XKNVL7KYFP4W,,RQ92XKNVL7KYFP4W,,,cd0a4234-99ce-4177-9090-458139d89380,"",normal,form,,,t,2025-06-08 12:06:42.372608,2025-06-08 12:06:34.545,2025-06-08 12:06:42.954737,,967e785d-d83c-490b-8d6a-2ed926c956ac,209834194,
99538484,bf996092-8d66-408a-8d8e-5065ca3330c2,967e785d-d83c-490b-8d6a-2ed926c956ac,IMG_20250608_195355.jpg,0,"",,,VYKJ7GRWMX37AKTY,,VYKJ7GRWMX37AKTY,,,62f4f942-93b4-45f0-aa68-cecbadfd7658,"",normal,form,,,t,2025-06-08 14:26:51.375023,2025-06-08 14:26:49.547,2025-06-08 14:27:05.694707,,967e785d-d83c-490b-8d6a-2ed926c956ac,209870178,
99538485,bf996092-8d66-408a-8d8e-5065ca3330c2,967e785d-d83c-490b-8d6a-2ed926c956ac,IMG_20250608_195319.jpg,0,"",,,VYKJ7GRWMX37AKTY,,VYKJ7GRWMX37AKTY,,,252d487e-a54f-4ec1-86bc-116c7a53f2c7,"",normal,form,,,t,2025-06-08 14:26:55.961393,2025-06-08 14:26:49.771,2025-06-08 14:27:06.043578,,967e785d-d83c-490b-8d6a-2ed926c956ac,209870180,
99538487,bf996092-8d66-408a-8d8e-5065ca3330c2,967e785d-d83c-490b-8d6a-2ed926c956ac,IMG_20250608_195013.jpg,0,"",,,VYKJ7GRWMX37AKTY,,VYKJ7GRWMX37AKTY,,,9ff582cb-6642-4e96-9533-a16392b12f46,"",normal,form,,,t,2025-06-08 14:27:01.304083,2025-06-08 14:26:49.954,2025-06-08 14:27:06.402842,,967e785d-d83c-490b-8d6a-2ed926c956ac,209870181,
99538488,bf996092-8d66-408a-8d8e-5065ca3330c2,967e785d-d83c-490b-8d6a-2ed926c956ac,IMG_20250608_195629.jpg,0,"",,,VYKJ7GRWMX37AKTY,,VYKJ7GRWMX37AKTY,,,21613a64-e55a-4f74-bbdb-26371637f93a,"",normal,form,,,t,2025-06-08 14:27:04.885703,2025-06-08 14:26:50.18,2025-06-08 14:27:06.730913,,967e785d-d83c-490b-8d6a-2ed926c956ac,209870183,
99538531,bf996092-8d66-408a-8d8e-5065ca3330c2,967e785d-d83c-490b-8d6a-2ed926c956ac,IMG_20250608_195013.jpg,0,"",,,VYKJ7GRWMX37AKTY,,VYKJ7GRWMX37AKTY,,,16c0b319-2109-4269-be28-0740b5776a54,"",normal,form,,,t,2025-06-08 14:28:32.650034,2025-06-08 14:28:31.991,2025-06-08 14:28:33.386127,,967e785d-d83c-490b-8d6a-2ed926c956ac,209870266,
99538546,bf996092-8d66-408a-8d8e-5065ca3330c2,967e785d-d83c-490b-8d6a-2ed926c956ac,IMG_20250608_195319.jpg,0,"",,,VYKJ7GRWMX37AKTY,,VYKJ7GRWMX37AKTY,,,a78376fe-6c91-4ec0-a5c1-98fb95219a3d,"",normal,form,,,t,2025-06-08 14:29:21.881148,2025-06-08 14:29:20.903,2025-06-08 14:29:22.318341,,967e785d-d83c-490b-8d6a-2ed926c956ac,209870298,
99577531,bf996092-8d66-408a-8d8e-5065ca3330c2,f679f4cf-c089-4a2b-9b84-b14129630601,20250609_142921_photo,0,"",,,3TSJN3BRN9YVX2DX,,3TSJN3BRN9YVX2DX,28.669414,77.430981,602231b3-5cb4-495a-b644-f7d07467fa1f,"",normal,gallery,2025-06-09 08:59:21.901,,t,2025-06-09 08:59:25.983677,2025-06-09 08:59:21.804,2025-07-19 07:51:18.89062,,f679f4cf-c089-4a2b-9b84-b14129630601,228622764,
99586185,bf996092-8d66-408a-8d8e-5065ca3330c2,967e785d-d83c-490b-8d6a-2ed926c956ac,IMG-20250609-WA0012.jpg,0,"",,,MJU2FLVXJAQLGRH7,,MJU2FLVXJAQLGRH7,,,1fb6d5f9-d9e4-4663-8269-a5fa0fd51fab,"",normal,form,,,t,2025-06-09 11:15:23.814719,2025-06-09 11:17:42.997,2025-06-09 11:15:32.309558,,967e785d-d83c-490b-8d6a-2ed926c956ac,209968699,
99586195,bf996092-8d66-408a-8d8e-5065ca3330c2,967e785d-d83c-490b-8d6a-2ed926c956ac,IMG-20250609-WA0014.jpg,0,"",,,MJU2FLVXJAQLGRH7,,MJU2FLVXJAQLGRH7,,,73e73dd2-d86e-4170-9707-e6d7fa128ad6,"",normal,form,,,t,2025-06-09 11:15:31.846131,2025-06-09 11:17:43.198,2025-06-09 11:15:32.743076,,967e785d-d83c-490b-8d6a-2ed926c956ac,209968703,
99587282,bf996092-8d66-408a-8d8e-5065ca3330c2,967e785d-d83c-490b-8d6a-2ed926c956ac,IMG-20250609-WA0013.jpg,0,"",,,RQ92XKNVL7KYFP4W,,RQ92XKNVL7KYFP4W,,,d17cf851-36d0-444f-8c65-40b9657a53d3,"",normal,form,,,t,2025-06-09 11:25:09.596,2025-06-09 11:25:00.517,2025-06-09 11:25:15.447067,,967e785d-d83c-490b-8d6a-2ed926c956ac,209970870,
99587289,bf996092-8d66-408a-8d8e-5065ca3330c2,967e785d-d83c-490b-8d6a-2ed926c956ac,IMG-20250609-WA0026.jpg,0,"",,,RQ92XKNVL7KYFP4W,,RQ92XKNVL7KYFP4W,,,bd232f8a-c3e8-4c25-a8c0-c497d00dbe04,"",normal,form,,,t,2025-06-09 11:25:14.753071,2025-06-09 11:25:00.77,2025-06-09 11:25:15.934781,,967e785d-d83c-490b-8d6a-2ed926c956ac,209970871,
99587388,bf996092-8d66-408a-8d8e-5065ca3330c2,967e785d-d83c-490b-8d6a-2ed926c956ac,IMG-20250609-WA0026.jpg,0,"",,,RQ92XKNVL7KYFP4W,,RQ92XKNVL7KYFP4W,,,8cf3f276-ea46-4ff9-8656-bb7156409310,"",normal,form,,,t,2025-06-09 11:26:20.358661,2025-06-09 11:26:14.832,2025-06-09 11:26:21.048485,,967e785d-d83c-490b-8d6a-2ed926c956ac,209971090,
99631957,bf996092-8d66-408a-8d8e-5065ca3330c2,967e785d-d83c-490b-8d6a-2ed926c956ac,IMG-20250609-WA0062.jpg,0,"",,,RQ92XKNVL7KYFP4W,,RQ92XKNVL7KYFP4W,,,4f268dce-33ac-471a-b396-9983b7304a8f,"",normal,form,,,t,2025-06-09 14:11:02.33402,2025-06-09 14:10:46.005,2025-06-09 14:11:34.891227,,967e785d-d83c-490b-8d6a-2ed926c956ac,210059508,
99631875,bf996092-8d66-408a-8d8e-5065ca3330c2,967e785d-d83c-490b-8d6a-2ed926c956ac,IMG-20250609-WA0063.jpg,0,"",,,RQ92XKNVL7KYFP4W,,RQ92XKNVL7KYFP4W,,,d44e29cc-a7c4-4174-8a2d-d0f450864f26,"",normal,form,,,t,2025-06-09 14:10:57.643254,2025-06-09 14:10:45.825,2025-06-09 14:11:34.031721,,967e785d-d83c-490b-8d6a-2ed926c956ac,210059484,
99632042,bf996092-8d66-408a-8d8e-5065ca3330c2,967e785d-d83c-490b-8d6a-2ed926c956ac,IMG-20250609-WA0061.jpg,0,"",,,RQ92XKNVL7KYFP4W,,RQ92XKNVL7KYFP4W,,,898342d0-e7cc-4759-b034-c084b9174ea1,"",normal,form,,,t,2025-06-09 14:11:07.676666,2025-06-09 14:10:46.133,2025-06-09 14:11:35.800536,,967e785d-d83c-490b-8d6a-2ed926c956ac,210059526,
99632146,bf996092-8d66-408a-8d8e-5065ca3330c2,967e785d-d83c-490b-8d6a-2ed926c956ac,IMG-20250609-WA0059.jpg,0,"",,,RQ92XKNVL7KYFP4W,,RQ92XKNVL7KYFP4W,,,459d6283-4532-4978-8f7f-d41ad352e60d,"",normal,form,,,t,2025-06-09 14:11:15.044921,2025-06-09 14:10:46.238,2025-06-09 14:11:36.735674,,967e785d-d83c-490b-8d6a-2ed926c956ac,210059552,
99632236,bf996092-8d66-408a-8d8e-5065ca3330c2,967e785d-d83c-490b-8d6a-2ed926c956ac,IMG-20250609-WA0057.jpg,0,"",,,RQ92XKNVL7KYFP4W,,RQ92XKNVL7KYFP4W,,,f24bb1ac-cd53-4de7-9c75-a0736917fe55,"",normal,form,,,t,2025-06-09 14:11:20.25703,2025-06-09 14:10:46.341,2025-06-09 14:11:37.714827,,967e785d-d83c-490b-8d6a-2ed926c956ac,210059574,
99632349,bf996092-8d66-408a-8d8e-5065ca3330c2,967e785d-d83c-490b-8d6a-2ed926c956ac,IMG-20250609-WA0060.jpg,0,"",,,RQ92XKNVL7KYFP4W,,RQ92XKNVL7KYFP4W,,,b8e038a7-db90-494e-89fc-8f58e1d78a17,"",normal,form,,,t,2025-06-09 14:11:25.745694,2025-06-09 14:10:46.476,2025-06-09 14:11:38.689733,,967e785d-d83c-490b-8d6a-2ed926c956ac,210059599,
99632501,bf996092-8d66-408a-8d8e-5065ca3330c2,967e785d-d83c-490b-8d6a-2ed926c956ac,IMG-20250609-WA0058.jpg,0,"",,,RQ92XKNVL7KYFP4W,,RQ92XKNVL7KYFP4W,,,769f0dcf-82b0-4176-907e-7da03b314c98,"",normal,form,,,t,2025-06-09 14:11:33.100145,2025-06-09 14:10:46.607,2025-06-09 14:11:39.713421,,967e785d-d83c-490b-8d6a-2ed926c956ac,210059627,
99636589,bf996092-8d66-408a-8d8e-5065ca3330c2,967e785d-d83c-490b-8d6a-2ed926c956ac,IMG-20250609-WA0062.jpg,0,"",,,RQ92XKNVL7KYFP4W,,RQ92XKNVL7KYFP4W,,,e1be2ce2-ae67-4d42-9913-c80fde6491cd,"",normal,form,,,t,2025-06-09 14:15:33.387293,2025-06-09 14:15:26.326,2025-06-09 14:15:40.239814,,967e785d-d83c-490b-8d6a-2ed926c956ac,210065471,
99636732,bf996092-8d66-408a-8d8e-5065ca3330c2,967e785d-d83c-490b-8d6a-2ed926c956ac,IMG-20250609-WA0061.jpg,0,"",,,RQ92XKNVL7KYFP4W,,RQ92XKNVL7KYFP4W,,,66a88c7d-3adb-4188-9e15-9bc1602fd7d0,"",normal,form,,,t,2025-06-09 14:15:39.582923,2025-06-09 14:15:26.462,2025-06-09 14:15:40.955435,,967e785d-d83c-490b-8d6a-2ed926c956ac,210065492,
99639165,bf996092-8d66-408a-8d8e-5065ca3330c2,967e785d-d83c-490b-8d6a-2ed926c956ac,IMG-20250609-WA0058.jpg,0,"",,,RQ92XKNVL7KYFP4W,,RQ92XKNVL7KYFP4W,,,5b652886-ee73-4438-9713-a741f433cd91,"",normal,form,,,t,2025-06-09 14:19:36.194006,2025-06-09 14:19:01.973,2025-06-09 14:19:42.75486,,967e785d-d83c-490b-8d6a-2ed926c956ac,210069655,
99639090,bf996092-8d66-408a-8d8e-5065ca3330c2,967e785d-d83c-490b-8d6a-2ed926c956ac,IMG-20250609-WA0059.jpg,0,"",,,RQ92XKNVL7KYFP4W,,RQ92XKNVL7KYFP4W,,,ba83dda8-8305-4cbb-b51c-f4acb33e26a6,"",normal,form,,,t,2025-06-09 14:19:12.045821,2025-06-09 14:19:01.83,2025-06-09 14:19:42.243143,,967e785d-d83c-490b-8d6a-2ed926c956ac,210069648,
99639183,bf996092-8d66-408a-8d8e-5065ca3330c2,967e785d-d83c-490b-8d6a-2ed926c956ac,IMG-20250609-WA0060.jpg,0,"",,,RQ92XKNVL7KYFP4W,,RQ92XKNVL7KYFP4W,,,493038b4-12f9-4987-8791-9854923e456e,"",normal,form,,,t,2025-06-09 14:19:41.723301,2025-06-09 14:19:02.097,2025-06-09 14:19:43.263304,,967e785d-d83c-490b-8d6a-2ed926c956ac,210069662,
99640908,bf996092-8d66-408a-8d8e-5065ca3330c2,967e785d-d83c-490b-8d6a-2ed926c956ac,IMG-20250609-WA0060.jpg,0,"",,,RQ92XKNVL7KYFP4W,,RQ92XKNVL7KYFP4W,,,2899736a-9126-4d9c-bdd8-77658dc2e63d,"",normal,form,,,t,2025-06-09 14:25:12.921228,2025-06-09 14:25:03.094,2025-06-09 14:25:13.803622,,967e785d-d83c-490b-8d6a-2ed926c956ac,210073747,
99642410,bf996092-8d66-408a-8d8e-5065ca3330c2,967e785d-d83c-490b-8d6a-2ed926c956ac,IMG-20250609-WA0062.jpg,0,"",,,RQ92XKNVL7KYFP4W,,RQ92XKNVL7KYFP4W,,,392c7766-45f1-494c-9d18-49ecd9ee6ccf,"",normal,form,,,t,2025-06-09 14:30:36.194711,2025-06-09 14:30:28.876,2025-06-09 14:30:36.729341,,967e785d-d83c-490b-8d6a-2ed926c956ac,210077454,
99642494,bf996092-8d66-408a-8d8e-5065ca3330c2,967e785d-d83c-490b-8d6a-2ed926c956ac,IMG-20250609-WA0067.jpg,0,"",,,RQ92XKNVL7KYFP4W,,RQ92XKNVL7KYFP4W,,,1d2b46f3-73ac-4ccb-9d2e-3497aee81a96,"",normal,form,,,t,2025-06-09 14:30:55.72178,2025-06-09 14:30:49.03,2025-06-09 14:30:56.327122,,967e785d-d83c-490b-8d6a-2ed926c956ac,210077648,
99642572,bf996092-8d66-408a-8d8e-5065ca3330c2,967e785d-d83c-490b-8d6a-2ed926c956ac,IMG-20250609-WA0067.jpg,0,"",,,RQ92XKNVL7KYFP4W,,RQ92XKNVL7KYFP4W,,,267491d4-82ff-400c-9310-e50231495968,"",normal,form,,,t,2025-06-09 14:31:15.49545,2025-06-09 14:31:09.788,2025-06-09 14:31:16.210443,,967e785d-d83c-490b-8d6a-2ed926c956ac,210077872,
99652030,bf996092-8d66-408a-8d8e-5065ca3330c2,967e785d-d83c-490b-8d6a-2ed926c956ac,IMG_20250609_202637.jpg,0,"",,,VYKJ7GRWMX37AKTY,,VYKJ7GRWMX37AKTY,,,e61090c1-ec5a-4731-b924-9cea383f8b4e,"",normal,form,2025-06-09 14:56:36.97,,t,2025-06-09 14:58:52.616742,2025-06-09 14:58:24.482,2025-06-09 15:00:03.649538,,967e785d-d83c-490b-8d6a-2ed926c956ac,210099892,
99652227,bf996092-8d66-408a-8d8e-5065ca3330c2,967e785d-d83c-490b-8d6a-2ed926c956ac,IMG_20250609_200152.jpg,0,"",,,VYKJ7GRWMX37AKTY,,VYKJ7GRWMX37AKTY,,,170d1852-6ddd-4370-8b60-07e1b948611c,"",normal,form,2025-06-09 14:31:52.26,,t,2025-06-09 14:59:22.917314,2025-06-09 14:58:25.056,2025-06-09 15:00:04.59144,,967e785d-d83c-490b-8d6a-2ed926c956ac,210099911,
99652338,bf996092-8d66-408a-8d8e-5065ca3330c2,967e785d-d83c-490b-8d6a-2ed926c956ac,IMG_20250609_195858.jpg,0,"",,,VYKJ7GRWMX37AKTY,,VYKJ7GRWMX37AKTY,,,13c23caa-1cb0-442f-a61f-e3e0920f4ffc,"",normal,form,2025-06-09 14:28:58.96,,t,2025-06-09 14:59:40.048096,2025-06-09 14:58:25.587,2025-06-09 15:00:07.415678,,967e785d-d83c-490b-8d6a-2ed926c956ac,210099961,
99652502,bf996092-8d66-408a-8d8e-5065ca3330c2,967e785d-d83c-490b-8d6a-2ed926c956ac,IMG_20250609_195855.jpg,0,"",,,VYKJ7GRWMX37AKTY,,VYKJ7GRWMX37AKTY,,,f41171fd-31ae-42ca-807e-5603d7cfefc7,"",normal,form,2025-06-09 14:28:55.62,,t,2025-06-09 15:00:02.436515,2025-06-09 14:58:26.145,2025-06-09 15:00:08.559727,,967e785d-d83c-490b-8d6a-2ed926c956ac,210099986,
99653017,bf996092-8d66-408a-8d8e-5065ca3330c2,967e785d-d83c-490b-8d6a-2ed926c956ac,IMG_20250609_200152.jpg,0,"",,,VYKJ7GRWMX37AKTY,,VYKJ7GRWMX37AKTY,,,ba512c56-40f8-4687-89d9-e4c8702218f0,"",normal,form,2025-06-09 14:31:52.26,,t,2025-06-09 15:01:44.283028,2025-06-09 15:00:58.938,2025-06-09 15:01:44.935146,,967e785d-d83c-490b-8d6a-2ed926c956ac,210101069,
99653127,bf996092-8d66-408a-8d8e-5065ca3330c2,967e785d-d83c-490b-8d6a-2ed926c956ac,IMG_20250609_202637.jpg,0,"",,,VYKJ7GRWMX37AKTY,,VYKJ7GRWMX37AKTY,,,aad17edd-cde2-4e85-ae3d-14e6bfd48798,"",normal,form,2025-06-09 14:56:36.97,,t,2025-06-09 15:02:06.273844,2025-06-09 15:01:28.973,2025-06-09 15:02:06.925686,,967e785d-d83c-490b-8d6a-2ed926c956ac,210101318,
99809937,bf996092-8d66-408a-8d8e-5065ca3330c2,967e785d-d83c-490b-8d6a-2ed926c956ac,WhatsApp Image 2025-06-10 at 10.47.02 AM (1),146367,"",,,KNL28BHPJJMCM75F,,KNL28BHPJJMCM75F,,,a8cebdf0-9cda-4b63-a013-4798d7fb3104,"",normal,issue,,,t,2025-06-10 05:19:52.156435,2025-06-10 05:19:52.156435,2025-06-10 05:20:00.342418,,967e785d-d83c-490b-8d6a-2ed926c956ac,210424354,
99809938,bf996092-8d66-408a-8d8e-5065ca3330c2,967e785d-d83c-490b-8d6a-2ed926c956ac,WhatsApp Image 2025-06-10 at 10.47.02 AM,176885,"",,,KNL28BHPJJMCM75F,,KNL28BHPJJMCM75F,,,b3d502ef-c2d8-459b-b1aa-6ed5b9a6ab03,"",normal,issue,,,t,2025-06-10 05:19:53.555228,2025-06-10 05:19:53.555228,2025-06-10 05:19:59.766685,,967e785d-d83c-490b-8d6a-2ed926c956ac,210424355,
99811053,bf996092-8d66-408a-8d8e-5065ca3330c2,967e785d-d83c-490b-8d6a-2ed926c956ac,WhatsApp Image 2025-06-10 at 11.01.01 AM,78687,"",,,KNL28BHPJJMCM75F,,KNL28BHPJJMCM75F,,,c8dffd78-51eb-468d-9711-a8a73ebe5c7a,"",normal,issue,,,t,2025-06-10 05:32:41.839012,2025-06-10 05:32:41.839012,2025-06-10 05:32:57.006319,,967e785d-d83c-490b-8d6a-2ed926c956ac,210426721,
99811057,bf996092-8d66-408a-8d8e-5065ca3330c2,967e785d-d83c-490b-8d6a-2ed926c956ac,WhatsApp Image 2025-06-10 at 11.01.01 AM (1),153023,"",,,KNL28BHPJJMCM75F,,KNL28BHPJJMCM75F,,,9750223a-78fe-49b5-b826-2e926ccf39ed,"",normal,issue,,,t,2025-06-10 05:32:42.324853,2025-06-10 05:32:42.324853,2025-06-10 05:32:57.036682,,967e785d-d83c-490b-8d6a-2ed926c956ac,210426728,
99815966,bf996092-8d66-408a-8d8e-5065ca3330c2,967e785d-d83c-490b-8d6a-2ed926c956ac,WhatsApp Image 2025-06-10 at 11.15.01 AM,166054,"",,,KNL28BHPJJMCM75F,,KNL28BHPJJMCM75F,,,cbb78734-e68a-4272-93d6-b59199277aa1,"",normal,issue,,,t,2025-06-10 05:46:32.131563,2025-06-10 05:46:32.131563,2025-06-10 05:46:37.799218,,967e785d-d83c-490b-8d6a-2ed926c956ac,210436939,
99816123,bf996092-8d66-408a-8d8e-5065ca3330c2,967e785d-d83c-490b-8d6a-2ed926c956ac,WhatsApp Image 2025-06-10 at 11.14.06 AM,157304,"",,,KNL28BHPJJMCM75F,,KNL28BHPJJMCM75F,,,ec976533-1dec-44e4-afe9-7362a6e713e3,"",normal,issue,,,t,2025-06-10 05:49:48.378502,2025-06-10 05:49:48.378502,2025-06-10 05:49:55.549792,,967e785d-d83c-490b-8d6a-2ed926c956ac,210437256,
99816124,bf996092-8d66-408a-8d8e-5065ca3330c2,967e785d-d83c-490b-8d6a-2ed926c956ac,WhatsApp Image 2025-06-10 at 11.14.07 AM,159122,"",,,KNL28BHPJJMCM75F,,KNL28BHPJJMCM75F,,,03a34001-3f52-4dbc-9f97-2033ae87f6d1,"",normal,issue,,,t,2025-06-10 05:49:49.271638,2025-06-10 05:49:49.271638,2025-06-10 05:49:55.535646,,967e785d-d83c-490b-8d6a-2ed926c956ac,210437257,
105739536,bf996092-8d66-408a-8d8e-5065ca3330c2,967e785d-d83c-490b-8d6a-2ed926c956ac,Screenshot_20250709-130652.WhatsApp.png,0,"",,,VYKJ7GRWMX37AKTY,,VYKJ7GRWMX37AKTY,,,48803e70-aca4-4791-bb05-76e0c53071d8,"",normal,form,,,t,2025-07-09 07:38:20.760556,2025-07-09 07:38:14.907,2025-07-09 07:38:21.168743,,967e785d-d83c-490b-8d6a-2ed926c956ac,222538207,
105739603,bf996092-8d66-408a-8d8e-5065ca3330c2,967e785d-d83c-490b-8d6a-2ed926c956ac,Screenshot_20250709-130652.WhatsApp.png,0,"",,,VYKJ7GRWMX37AKTY,,VYKJ7GRWMX37AKTY,,,cd245584-7203-4c82-8377-0bcb31a09193,"",normal,form,,,t,2025-07-09 07:39:19.421083,2025-07-09 07:39:13.723,2025-07-09 07:39:19.837339,,967e785d-d83c-490b-8d6a-2ed926c956ac,222538365,
105739657,bf996092-8d66-408a-8d8e-5065ca3330c2,967e785d-d83c-490b-8d6a-2ed926c956ac,Screenshot_20250709-130652.WhatsApp.png,0,"",,,VYKJ7GRWMX37AKTY,,VYKJ7GRWMX37AKTY,,,4016fb5c-f177-4a47-829f-84e6e6addc8c,"",normal,form,,,t,2025-07-09 07:40:00.924415,2025-07-09 07:39:56.056,2025-07-09 07:40:01.458034,,967e785d-d83c-490b-8d6a-2ed926c956ac,222538479,
105739709,bf996092-8d66-408a-8d8e-5065ca3330c2,967e785d-d83c-490b-8d6a-2ed926c956ac,Screenshot_20250709-130652.WhatsApp.png,0,"",,,VYKJ7GRWMX37AKTY,,VYKJ7GRWMX37AKTY,,,abba6625-110c-4f5d-b5ce-dedeb60af98a,"",normal,form,,,t,2025-07-09 07:40:41.565038,2025-07-09 07:40:36.968,2025-07-09 07:40:42.102727,,967e785d-d83c-490b-8d6a-2ed926c956ac,222538659,
105751410,bf996092-8d66-408a-8d8e-5065ca3330c2,967e785d-d83c-490b-8d6a-2ed926c956ac,20250709_160012_photo,0,"",,,VYKJ7GRWMX37AKTY,,VYKJ7GRWMX37AKTY,27.563204,77.662892,215842c2-4aa0-4a1d-8fc1-1cfa49873fbf,"",normal,form,2025-07-09 10:30:12.79,,t,2025-07-09 10:31:07.34985,2025-07-09 10:30:18.636,2025-07-09 10:32:02.591798,,967e785d-d83c-490b-8d6a-2ed926c956ac,222564693,
105751565,bf996092-8d66-408a-8d8e-5065ca3330c2,967e785d-d83c-490b-8d6a-2ed926c956ac,20250709_160014_photo,0,"",,,VYKJ7GRWMX37AKTY,,VYKJ7GRWMX37AKTY,27.563204,77.662892,2265eebe-d98b-4930-b7aa-c752a8c78159,"",normal,form,2025-07-09 10:30:14.075,,t,2025-07-09 10:32:02.00172,2025-07-09 10:30:18.8,2025-07-09 10:32:02.97611,,967e785d-d83c-490b-8d6a-2ed926c956ac,222564695,
105751668,bf996092-8d66-408a-8d8e-5065ca3330c2,967e785d-d83c-490b-8d6a-2ed926c956ac,20250709_160100_photo,0,"",,,VYKJ7GRWMX37AKTY,,VYKJ7GRWMX37AKTY,27.563121,77.662959,084b9a8b-6321-4b0e-82aa-84db41e9f80d,"",normal,form,2025-07-09 10:31:00.512,,t,2025-07-09 10:32:57.399784,2025-07-09 10:31:04.351,2025-07-09 10:32:57.925459,,967e785d-d83c-490b-8d6a-2ed926c956ac,222564885,
99896365,bf996092-8d66-408a-8d8e-5065ca3330c2,967e785d-d83c-490b-8d6a-2ed926c956ac,IMG-20250610-WA0056.jpg,0,"",,,RQ92XKNVL7KYFP4W,,RQ92XKNVL7KYFP4W,,,feb7cbc2-e8a5-4547-b5ab-f9adbf4d12c4,"",normal,form,,,t,2025-06-10 14:15:15.172745,2025-06-10 14:14:59.239,2025-06-10 14:15:15.729553,,967e785d-d83c-490b-8d6a-2ed926c956ac,210605684,
99898404,bf996092-8d66-408a-8d8e-5065ca3330c2,967e785d-d83c-490b-8d6a-2ed926c956ac,IMG-20250610-WA0056.jpg,0,"",,,RQ92XKNVL7KYFP4W,,RQ92XKNVL7KYFP4W,,,a395f020-db35-40d3-b936-4971ca6c4c8c,"",normal,form,,,t,2025-06-10 14:20:21.996598,2025-06-10 14:20:07.904,2025-06-10 14:20:22.735036,,967e785d-d83c-490b-8d6a-2ed926c956ac,210609618,
100150393,bf996092-8d66-408a-8d8e-5065ca3330c2,967e785d-d83c-490b-8d6a-2ed926c956ac,IMG-20250611-WA0044.jpg,0,"",,,RQ92XKNVL7KYFP4W,,RQ92XKNVL7KYFP4W,,,e261994a-d330-48fc-a128-d97da1c199a8,"",normal,form,,,t,2025-06-11 14:06:28.854373,2025-06-11 14:06:28.854373,2025-06-11 14:20:04.246663,,967e785d-d83c-490b-8d6a-2ed926c956ac,211127736,
100150404,bf996092-8d66-408a-8d8e-5065ca3330c2,967e785d-d83c-490b-8d6a-2ed926c956ac,IMG-20250611-WA0043.jpg,0,"",,,RQ92XKNVL7KYFP4W,,RQ92XKNVL7KYFP4W,,,a2306e38-555d-4fc1-8b06-2b1c850a60a3,"",normal,form,,,t,2025-06-11 14:06:31.698467,2025-06-11 14:06:31.698467,2025-06-11 14:19:49.013845,,967e785d-d83c-490b-8d6a-2ed926c956ac,211127366,
100154629,bf996092-8d66-408a-8d8e-5065ca3330c2,967e785d-d83c-490b-8d6a-2ed926c956ac,IMG-20250611-WA0044.jpg,0,"",,,RQ92XKNVL7KYFP4W,,RQ92XKNVL7KYFP4W,,,61e60fb4-876c-48c3-85dc-ffb3e14c35a5,"",normal,form,,,t,2025-06-11 14:18:54.850846,2025-06-11 11:59:19.268,2025-06-11 14:18:55.519175,,967e785d-d83c-490b-8d6a-2ed926c956ac,211126630,
100154700,bf996092-8d66-408a-8d8e-5065ca3330c2,967e785d-d83c-490b-8d6a-2ed926c956ac,IMG-20250611-WA0043.jpg,0,"",,,RQ92XKNVL7KYFP4W,,RQ92XKNVL7KYFP4W,,,1519a623-7f40-4d5e-87e1-933be1785cec,"",normal,form,,,t,2025-06-11 14:19:06.839166,2025-06-11 11:59:23.429,2025-06-11 14:19:07.545167,,967e785d-d83c-490b-8d6a-2ed926c956ac,211126772,
100154810,bf996092-8d66-408a-8d8e-5065ca3330c2,967e785d-d83c-490b-8d6a-2ed926c956ac,IMG-20250611-WA0044.jpg,0,"",,,RQ92XKNVL7KYFP4W,,RQ92XKNVL7KYFP4W,,,cabbc8c7-9d74-4fd2-8782-459440b4dc62,"",normal,form,,,t,2025-06-11 14:19:22.914106,2025-06-11 12:00:39.252,2025-06-11 14:19:33.610762,,967e785d-d83c-490b-8d6a-2ed926c956ac,211127110,
100154879,bf996092-8d66-408a-8d8e-5065ca3330c2,967e785d-d83c-490b-8d6a-2ed926c956ac,IMG-20250611-WA0043.jpg,0,"",,,RQ92XKNVL7KYFP4W,,RQ92XKNVL7KYFP4W,,,0a898fb5-07c4-459f-a577-abe5d7e0fce7,"",normal,form,,,t,2025-06-11 14:19:32.844763,2025-06-11 12:00:39.451,2025-06-11 14:19:34.282044,,967e785d-d83c-490b-8d6a-2ed926c956ac,211127117,
100155259,bf996092-8d66-408a-8d8e-5065ca3330c2,967e785d-d83c-490b-8d6a-2ed926c956ac,IMG-20250611-WA0060.jpg,0,"",,,RQ92XKNVL7KYFP4W,,RQ92XKNVL7KYFP4W,,,44198b34-50f4-42f2-9b62-74d67a2d5a83,"",normal,form,,,t,2025-06-11 14:20:25.76975,2025-06-11 14:06:42.6,2025-06-11 14:20:26.459836,,967e785d-d83c-490b-8d6a-2ed926c956ac,211128038,
100155389,bf996092-8d66-408a-8d8e-5065ca3330c2,967e785d-d83c-490b-8d6a-2ed926c956ac,IMG-20250611-WA0060.jpg,0,"",,,RQ92XKNVL7KYFP4W,,RQ92XKNVL7KYFP4W,,,a224f8a5-b170-4ac8-a2e6-acae5396eb82,"",normal,form,,,t,2025-06-11 14:20:52.330881,2025-06-11 14:07:13.333,2025-06-11 14:20:52.992486,,967e785d-d83c-490b-8d6a-2ed926c956ac,211128290,
100156005,bf996092-8d66-408a-8d8e-5065ca3330c2,967e785d-d83c-490b-8d6a-2ed926c956ac,IMG-20250611-WA0060.jpg,0,"",,,RQ92XKNVL7KYFP4W,,RQ92XKNVL7KYFP4W,,,19a95ca6-d87a-4cf9-9c18-a650f6c7abee,"",normal,form,,,t,2025-06-11 14:22:43.574811,2025-06-11 14:22:29.527,2025-06-11 14:22:44.362714,,967e785d-d83c-490b-8d6a-2ed926c956ac,211129494,
100333321,bf996092-8d66-408a-8d8e-5065ca3330c2,967e785d-d83c-490b-8d6a-2ed926c956ac,IMG-20250611-WA0044.jpg,0,"",,,RQ92XKNVL7KYFP4W,,RQ92XKNVL7KYFP4W,,,a5d3b537-164d-472d-8510-6bcba009ce14,"",normal,form,,,t,2025-06-12 06:03:43.314603,2025-06-12 06:02:48.098,2025-06-12 06:03:43.970986,,967e785d-d83c-490b-8d6a-2ed926c956ac,211485633,
100333576,bf996092-8d66-408a-8d8e-5065ca3330c2,967e785d-d83c-490b-8d6a-2ed926c956ac,IMG-20250611-WA0044.jpg,0,"",,,RQ92XKNVL7KYFP4W,,RQ92XKNVL7KYFP4W,,,5e5e567c-a50f-4b6a-a208-d313b3e3a861,"",normal,form,,,t,2025-06-12 06:07:27.535093,2025-06-12 06:06:55.821,2025-06-12 06:07:28.221102,,967e785d-d83c-490b-8d6a-2ed926c956ac,211486232,
100333984,bf996092-8d66-408a-8d8e-5065ca3330c2,967e785d-d83c-490b-8d6a-2ed926c956ac,IMG-20250611-WA0044.jpg,0,"",,,RQ92XKNVL7KYFP4W,,RQ92XKNVL7KYFP4W,,,721fbe54-1238-456a-8542-fc95041b7b37,"",normal,form,,,t,2025-06-12 06:17:00.275054,2025-06-12 06:16:48.577,2025-06-12 06:17:00.85759,,967e785d-d83c-490b-8d6a-2ed926c956ac,211487160,
100333990,bf996092-8d66-408a-8d8e-5065ca3330c2,967e785d-d83c-490b-8d6a-2ed926c956ac,IMG-20250611-WA0043.jpg,0,"",,,RQ92XKNVL7KYFP4W,,RQ92XKNVL7KYFP4W,,,d938c011-c9f3-4840-b535-41e3798e5896,"",normal,form,,,t,2025-06-12 06:17:33.696857,2025-06-12 06:17:16.808,2025-06-12 06:17:34.641082,,967e785d-d83c-490b-8d6a-2ed926c956ac,211487200,
100334105,bf996092-8d66-408a-8d8e-5065ca3330c2,967e785d-d83c-490b-8d6a-2ed926c956ac,IMG-20250612-WA0021.jpg,0,"",,,RQ92XKNVL7KYFP4W,,RQ92XKNVL7KYFP4W,,,c43f759b-e48a-4358-9336-b9ade3f64afa,"",normal,form,,,t,2025-06-12 06:20:29.968146,2025-06-12 06:19:10.356,2025-06-12 06:20:54.611842,,967e785d-d83c-490b-8d6a-2ed926c956ac,211487510,
100334122,bf996092-8d66-408a-8d8e-5065ca3330c2,967e785d-d83c-490b-8d6a-2ed926c956ac,IMG-20250612-WA0020.jpg,0,"",,,RQ92XKNVL7KYFP4W,,RQ92XKNVL7KYFP4W,,,2ca57848-e346-4b29-b4cf-3d0697911fda,"",normal,form,,,t,2025-06-12 06:20:53.955079,2025-06-12 06:19:10.53,2025-06-12 06:20:55.149071,,967e785d-d83c-490b-8d6a-2ed926c956ac,211487511,
100338190,bf996092-8d66-408a-8d8e-5065ca3330c2,967e785d-d83c-490b-8d6a-2ed926c956ac,IMG-20250612-WA0024.jpg,0,"",,,RQ92XKNVL7KYFP4W,,RQ92XKNVL7KYFP4W,,,8e7b5d38-a821-4397-bbaa-7ac9ff0cfbbe,"",normal,form,,,t,2025-06-12 07:22:52.031057,2025-06-12 07:22:35.829,2025-06-12 07:22:52.650259,,967e785d-d83c-490b-8d6a-2ed926c956ac,211496623,
100338271,bf996092-8d66-408a-8d8e-5065ca3330c2,967e785d-d83c-490b-8d6a-2ed926c956ac,IMG-20250612-WA0024.jpg,0,"",,,RQ92XKNVL7KYFP4W,,RQ92XKNVL7KYFP4W,,,6c852245-c780-4b62-88b1-a50a0a007b66,"",normal,form,,,t,2025-06-12 07:24:39.062619,2025-06-12 07:24:22.453,2025-06-12 07:24:39.758729,,967e785d-d83c-490b-8d6a-2ed926c956ac,211496795,
100346741,bf996092-8d66-408a-8d8e-5065ca3330c2,967e785d-d83c-490b-8d6a-2ed926c956ac,WhatsApp Image 2025-06-12 at 3.13.05 PM,111467,"",,,KNL28BHPJJMCM75F,,KNL28BHPJJMCM75F,,,7286353b-c81f-442d-9e8d-f59e0d1942ef,"",normal,issue,,,t,2025-06-12 09:43:43.674482,2025-06-12 09:43:43.674482,2025-06-12 09:43:50.419368,,967e785d-d83c-490b-8d6a-2ed926c956ac,211516440,
115850659,bf996092-8d66-408a-8d8e-5065ca3330c2,967e785d-d83c-490b-8d6a-2ed926c956ac,Screenshot_20250821-170508.ACC.png,0,"",,,VYKJ7GRWMX37AKTY,,VYKJ7GRWMX37AKTY,,,8c0e1b15-3f27-44ba-a43c-b5c0b457439c,"",normal,form,,,t,2025-08-21 11:35:52.170691,2025-08-21 11:35:42.277,2025-08-21 11:35:52.597767,,967e785d-d83c-490b-8d6a-2ed926c956ac,242865056,
115850797,bf996092-8d66-408a-8d8e-5065ca3330c2,967e785d-d83c-490b-8d6a-2ed926c956ac,Screenshot_20250821-170508.ACC.png,0,"",,,VYKJ7GRWMX37AKTY,,VYKJ7GRWMX37AKTY,,,492cdc21-36ad-4620-84dc-c790adf007e3,"",normal,form,,,t,2025-08-21 11:36:40.57701,2025-08-21 11:36:33.177,2025-08-21 11:36:40.931685,,967e785d-d83c-490b-8d6a-2ed926c956ac,242865353,
115850904,bf996092-8d66-408a-8d8e-5065ca3330c2,967e785d-d83c-490b-8d6a-2ed926c956ac,20250821_170708_photo,0,"",,,VYKJ7GRWMX37AKTY,,VYKJ7GRWMX37AKTY,27.563507,77.662828,3527cae9-cb51-48ce-aead-fa35c624f10b,"",normal,form,2025-08-21 11:37:08.392,,t,2025-08-21 11:37:19.331768,2025-08-21 11:37:13.528,2025-08-21 11:37:19.693057,,967e785d-d83c-490b-8d6a-2ed926c956ac,242865586,
115851376,bf996092-8d66-408a-8d8e-5065ca3330c2,967e785d-d83c-490b-8d6a-2ed926c956ac,Screenshot_20250821-170842.ACC.png,0,"",,,VYKJ7GRWMX37AKTY,,VYKJ7GRWMX37AKTY,,,c2433a19-72b1-4494-8dd5-1886244538f1,"",normal,form,,,t,2025-08-21 11:40:04.783937,2025-08-21 11:39:58.252,2025-08-21 11:40:05.221052,,967e785d-d83c-490b-8d6a-2ed926c956ac,242866561,
115851499,bf996092-8d66-408a-8d8e-5065ca3330c2,967e785d-d83c-490b-8d6a-2ed926c956ac,Screenshot_20250821-170842.ACC.png,0,"",,,VYKJ7GRWMX37AKTY,,VYKJ7GRWMX37AKTY,,,d8b10e37-a277-40f2-8e08-b4a45f957e14,"",normal,form,,,t,2025-08-21 11:40:49.553991,2025-08-21 11:40:44.786,2025-08-21 11:40:49.960279,,967e785d-d83c-490b-8d6a-2ed926c956ac,242866854,
115851537,bf996092-8d66-408a-8d8e-5065ca3330c2,967e785d-d83c-490b-8d6a-2ed926c956ac,Screenshot_20250821-170842.ACC.png,0,"",,,VYKJ7GRWMX37AKTY,,VYKJ7GRWMX37AKTY,,,0074addb-58b9-4f4b-8cee-9a6ef7b3f132,"",normal,form,,,t,2025-08-21 11:41:01.812743,2025-08-21 11:40:54.999,2025-08-21 11:41:02.16599,,967e785d-d83c-490b-8d6a-2ed926c956ac,242866935,
115851998,bf996092-8d66-408a-8d8e-5065ca3330c2,967e785d-d83c-490b-8d6a-2ed926c956ac,Screenshot_20250821-170842.ACC.png,0,"",,,VYKJ7GRWMX37AKTY,,VYKJ7GRWMX37AKTY,,,d50042a6-e309-4fda-a84f-915b7f12c1d5,"",normal,form,,,t,2025-08-21 11:43:40.083493,2025-08-21 11:43:34.553,2025-08-21 11:43:40.567169,,967e785d-d83c-490b-8d6a-2ed926c956ac,242867865,
115852210,bf996092-8d66-408a-8d8e-5065ca3330c2,967e785d-d83c-490b-8d6a-2ed926c956ac,Screenshot_20250821-170842.ACC.png,0,"",,,VYKJ7GRWMX37AKTY,,VYKJ7GRWMX37AKTY,,,3a63f74e-0abe-4f1a-bd0d-969ac41064c3,"",normal,form,,,t,2025-08-21 11:45:07.185328,2025-08-21 11:44:37.456,2025-08-21 11:45:07.599164,,967e785d-d83c-490b-8d6a-2ed926c956ac,242868263,
115852538,bf996092-8d66-408a-8d8e-5065ca3330c2,967e785d-d83c-490b-8d6a-2ed926c956ac,Screenshot_20250821-171645.ACC.png,0,"",,,VYKJ7GRWMX37AKTY,,VYKJ7GRWMX37AKTY,,,467a21b8-18ff-47be-b0fa-fe792b902389,"",normal,form,,,t,2025-08-21 11:47:21.130749,2025-08-21 11:47:10.421,2025-08-21 11:47:21.646314,,967e785d-d83c-490b-8d6a-2ed926c956ac,242868967,
115852594,bf996092-8d66-408a-8d8e-5065ca3330c2,967e785d-d83c-490b-8d6a-2ed926c956ac,Screenshot_20250821-171645.ACC.png,0,"",,,VYKJ7GRWMX37AKTY,,VYKJ7GRWMX37AKTY,,,4ce43b45-63a9-463f-99df-68b40e5357f9,"",normal,form,,,t,2025-08-21 11:47:39.143618,2025-08-21 11:47:30.104,2025-08-21 11:47:39.574761,,967e785d-d83c-490b-8d6a-2ed926c956ac,242869078,
115852656,bf996092-8d66-408a-8d8e-5065ca3330c2,967e785d-d83c-490b-8d6a-2ed926c956ac,Screenshot_20250821-171645.ACC.png,0,"",,,VYKJ7GRWMX37AKTY,,VYKJ7GRWMX37AKTY,,,e01a2db5-b08a-4e6f-9d30-26aaf71b7eaf,"",normal,form,,,t,2025-08-21 11:48:01.42115,2025-08-21 11:47:55.636,2025-08-21 11:48:01.899646,,967e785d-d83c-490b-8d6a-2ed926c956ac,242869197,
115852682,bf996092-8d66-408a-8d8e-5065ca3330c2,967e785d-d83c-490b-8d6a-2ed926c956ac,Screenshot_20250821-171645.ACC.png,0,"",,,VYKJ7GRWMX37AKTY,,VYKJ7GRWMX37AKTY,,,0d7b20ee-bae6-419d-878c-29f555fea32f,"",normal,form,,,t,2025-08-21 11:48:11.377098,2025-08-21 11:48:04.903,2025-08-21 11:48:11.758818,,967e785d-d83c-490b-8d6a-2ed926c956ac,242869245,
115856855,bf996092-8d66-408a-8d8e-5065ca3330c2,967e785d-d83c-490b-8d6a-2ed926c956ac,20250821_173623_photo,0,"",,,VYKJ7GRWMX37AKTY,,VYKJ7GRWMX37AKTY,27.563507,77.662830,116c373e-3fe1-49ef-a088-bd7c02db64bc,"",normal,form,2025-08-21 12:06:23.959,,t,2025-08-21 12:06:43.689783,2025-08-21 12:06:28.18,2025-08-21 12:06:44.107694,,967e785d-d83c-490b-8d6a-2ed926c956ac,242878449,
115856920,bf996092-8d66-408a-8d8e-5065ca3330c2,967e785d-d83c-490b-8d6a-2ed926c956ac,20250821_173646_photo,0,"",,,VYKJ7GRWMX37AKTY,,VYKJ7GRWMX37AKTY,27.563505,77.662828,6d4c9927-b91a-4480-abc1-ce6e0c393eb2,"",normal,form,2025-08-21 12:06:46.221,,t,2025-08-21 12:07:08.280013,2025-08-21 12:06:54.81,2025-08-21 12:07:08.688671,,967e785d-d83c-490b-8d6a-2ed926c956ac,242878583,
115861753,bf996092-8d66-408a-8d8e-5065ca3330c2,967e785d-d83c-490b-8d6a-2ed926c956ac,STP Column -1,92698,"",,,U8Q2F3P4M3PWWQXF,,U8Q2F3P4M3PWWQXF,,,ae8d2e6d-eb57-4a77-908a-82e5f467ba5d,"",normal,rfi,,,f,2025-08-21 12:27:53.213414,2025-08-21 12:27:53.213414,2025-08-21 12:28:05.856555,,967e785d-d83c-490b-8d6a-2ed926c956ac,242888948,
100420000,bf996092-8d66-408a-8d8e-5065ca3330c2,967e785d-d83c-490b-8d6a-2ed926c956ac,IMG-20250612-WA0047.jpg,0,"",,,RQ92XKNVL7KYFP4W,,RQ92XKNVL7KYFP4W,,,906351ba-2ef0-4da2-b63a-c06d60a79f0d,"",normal,form,,,t,2025-06-12 14:50:44.318146,2025-06-12 14:50:36.153,2025-06-12 14:50:50.042146,,967e785d-d83c-490b-8d6a-2ed926c956ac,211664271,
100420038,bf996092-8d66-408a-8d8e-5065ca3330c2,967e785d-d83c-490b-8d6a-2ed926c956ac,IMG-20250612-WA0046.jpg,0,"",,,RQ92XKNVL7KYFP4W,,RQ92XKNVL7KYFP4W,,,8c79883a-1dd3-4dc6-9e64-1cc17924a991,"",normal,form,,,t,2025-06-12 14:50:49.604364,2025-06-12 14:50:36.395,2025-06-12 14:50:50.404116,,967e785d-d83c-490b-8d6a-2ed926c956ac,211664275,
100420295,bf996092-8d66-408a-8d8e-5065ca3330c2,967e785d-d83c-490b-8d6a-2ed926c956ac,IMG-20250612-WA0047.jpg,0,"",,,RQ92XKNVL7KYFP4W,,RQ92XKNVL7KYFP4W,,,0c68fe86-4444-4108-87fd-546533b78b20,"",normal,form,,,t,2025-06-12 14:51:29.711141,2025-06-12 14:51:23.128,2025-06-12 14:51:30.293101,,967e785d-d83c-490b-8d6a-2ed926c956ac,211664827,
100421455,bf996092-8d66-408a-8d8e-5065ca3330c2,967e785d-d83c-490b-8d6a-2ed926c956ac,IMG-20250612-WA0047.jpg,0,"",,,RQ92XKNVL7KYFP4W,,RQ92XKNVL7KYFP4W,,,620b65ba-fb06-461a-b134-b50e264b3e2e,"",normal,form,,,t,2025-06-12 14:54:25.906959,2025-06-12 14:54:19.836,2025-06-12 14:54:26.382652,,967e785d-d83c-490b-8d6a-2ed926c956ac,211667059,
116078362,bf996092-8d66-408a-8d8e-5065ca3330c2,967e785d-d83c-490b-8d6a-2ed926c956ac,20250822_084138_photo,0,"",,,VYKJ7GRWMX37AKTY,,VYKJ7GRWMX37AKTY,27.563509,77.662826,c771d921-58fb-4c86-aea3-cb7e716fb2ac,"",normal,form,2025-08-22 03:11:38.524,,t,2025-08-22 03:11:54.433159,2025-08-22 03:11:46.849,2025-08-22 03:11:54.899368,,967e785d-d83c-490b-8d6a-2ed926c956ac,243322183,
116078381,bf996092-8d66-408a-8d8e-5065ca3330c2,967e785d-d83c-490b-8d6a-2ed926c956ac,20250822_084205_photo,0,"",,,VYKJ7GRWMX37AKTY,,VYKJ7GRWMX37AKTY,27.563509,77.662828,91158db4-ea6b-4dd3-a487-eee1f680e6c8,"",normal,form,2025-08-22 03:12:05.378,,t,2025-08-22 03:12:17.916288,2025-08-22 03:12:11.193,2025-08-22 03:12:18.280221,,967e785d-d83c-490b-8d6a-2ed926c956ac,243322221,
116078425,bf996092-8d66-408a-8d8e-5065ca3330c2,967e785d-d83c-490b-8d6a-2ed926c956ac,20250822_084232_photo,0,"",,,VYKJ7GRWMX37AKTY,,VYKJ7GRWMX37AKTY,27.563510,77.662830,fbf191fd-0023-4de6-896b-9f2335abb017,"",normal,form,2025-08-22 03:12:32.624,,t,2025-08-22 03:12:53.986525,2025-08-22 03:12:47.034,2025-08-22 03:12:55.483773,,967e785d-d83c-490b-8d6a-2ed926c956ac,243322337,
116078564,bf996092-8d66-408a-8d8e-5065ca3330c2,967e785d-d83c-490b-8d6a-2ed926c956ac,20250822_084522_photo,0,"",,,VYKJ7GRWMX37AKTY,,VYKJ7GRWMX37AKTY,27.563509,77.662826,b95fcca3-200b-4859-b348-3d11df056997,"",normal,form,2025-08-22 03:15:22.549,,t,2025-08-22 03:15:35.149705,2025-08-22 03:15:29.44,2025-08-22 03:15:40.083754,,967e785d-d83c-490b-8d6a-2ed926c956ac,243322663,
116078571,bf996092-8d66-408a-8d8e-5065ca3330c2,967e785d-d83c-490b-8d6a-2ed926c956ac,20250822_084522_photo,0,"",,,VYKJ7GRWMX37AKTY,,VYKJ7GRWMX37AKTY,27.563509,77.662826,b4c8267d-338b-48eb-94f8-8e0141890e7f,"",normal,form,2025-08-22 03:15:22.84,,t,2025-08-22 03:15:39.639353,2025-08-22 03:15:29.558,2025-08-22 03:15:40.397409,,967e785d-d83c-490b-8d6a-2ed926c956ac,243322666,
116078600,bf996092-8d66-408a-8d8e-5065ca3330c2,967e785d-d83c-490b-8d6a-2ed926c956ac,20250822_084555_photo,0,"",,,VYKJ7GRWMX37AKTY,,VYKJ7GRWMX37AKTY,27.563508,77.662825,fc42788b-02ae-4b43-8b90-ceab75f8ba9d,"",normal,form,2025-08-22 03:15:55.437,,t,2025-08-22 03:16:07.109837,2025-08-22 03:16:01.797,2025-08-22 03:16:07.503355,,967e785d-d83c-490b-8d6a-2ed926c956ac,243322738,
116078641,bf996092-8d66-408a-8d8e-5065ca3330c2,967e785d-d83c-490b-8d6a-2ed926c956ac,20250822_084629_photo,0,"",,,VYKJ7GRWMX37AKTY,,VYKJ7GRWMX37AKTY,27.563510,77.662830,1828815d-b48a-4d55-a5fb-646c15b4b865,"",normal,form,2025-08-22 03:16:29.953,,t,2025-08-22 03:16:43.680032,2025-08-22 03:16:38.288,2025-08-22 03:16:44.206993,,967e785d-d83c-490b-8d6a-2ed926c956ac,243322824,
116078669,bf996092-8d66-408a-8d8e-5065ca3330c2,967e785d-d83c-490b-8d6a-2ed926c956ac,20250822_084658_photo,0,"",,,VYKJ7GRWMX37AKTY,,VYKJ7GRWMX37AKTY,27.563509,77.662830,66ce2516-baa9-48f5-8b6b-d0488a2ac7f0,"",normal,form,2025-08-22 03:16:58.427,,t,2025-08-22 03:17:30.641432,2025-08-22 03:17:03.085,2025-08-22 03:17:31.30291,,967e785d-d83c-490b-8d6a-2ed926c956ac,243322888,
116078680,bf996092-8d66-408a-8d8e-5065ca3330c2,967e785d-d83c-490b-8d6a-2ed926c956ac,20250822_084715_photo,0,"",,,VYKJ7GRWMX37AKTY,,VYKJ7GRWMX37AKTY,27.563508,77.662826,3025d916-b49f-4abc-9ee2-dddcebbacc96,"",normal,form,2025-08-22 03:17:15.023,,t,2025-08-22 03:17:41.183887,2025-08-22 03:17:34.618,2025-08-22 03:17:41.923436,,967e785d-d83c-490b-8d6a-2ed926c956ac,243322908,
116078861,bf996092-8d66-408a-8d8e-5065ca3330c2,967e785d-d83c-490b-8d6a-2ed926c956ac,20250822_085113_photo,0,"",,,VYKJ7GRWMX37AKTY,,VYKJ7GRWMX37AKTY,27.563509,77.662827,e8a21be5-95fe-4dcb-bb51-b0a522c9f2e7,"",normal,form,2025-08-22 03:21:13.098,,t,2025-08-22 03:21:35.096933,2025-08-22 03:21:29.398,2025-08-22 03:21:35.563976,,967e785d-d83c-490b-8d6a-2ed926c956ac,243323302,
116079267,bf996092-8d66-408a-8d8e-5065ca3330c2,967e785d-d83c-490b-8d6a-2ed926c956ac,20250822_085728_photo,0,"",,,VYKJ7GRWMX37AKTY,,VYKJ7GRWMX37AKTY,27.563509,77.662830,489b91ec-6bea-4735-98c9-e205db24a22c,"",normal,form,2025-08-22 03:27:28.261,,t,2025-08-22 03:27:45.080164,2025-08-22 03:27:35.917,2025-08-22 03:27:45.600727,,967e785d-d83c-490b-8d6a-2ed926c956ac,243324081,
116079303,bf996092-8d66-408a-8d8e-5065ca3330c2,967e785d-d83c-490b-8d6a-2ed926c956ac,20250822_085832_photo,0,"",,,VYKJ7GRWMX37AKTY,,VYKJ7GRWMX37AKTY,27.563509,77.662825,a3edfab5-f6df-482a-9723-cde1136e0116,"",normal,form,2025-08-22 03:28:32.494,,t,2025-08-22 03:28:43.656747,2025-08-22 03:28:36.854,2025-08-22 03:28:44.166388,,967e785d-d83c-490b-8d6a-2ed926c956ac,243324179,
116079385,bf996092-8d66-408a-8d8e-5065ca3330c2,967e785d-d83c-490b-8d6a-2ed926c956ac,20250822_085955_photo,0,"",,,VYKJ7GRWMX37AKTY,,VYKJ7GRWMX37AKTY,27.563509,77.662828,54f01609-af87-499f-bbca-3f353c4bba2f,"",normal,form,2025-08-22 03:29:55.767,,t,2025-08-22 03:30:07.339358,2025-08-22 03:30:00.297,2025-08-22 03:30:07.830292,,967e785d-d83c-490b-8d6a-2ed926c956ac,243324335,
116079833,bf996092-8d66-408a-8d8e-5065ca3330c2,967e785d-d83c-490b-8d6a-2ed926c956ac,20250822_090759_photo,0,"",,,VYKJ7GRWMX37AKTY,,VYKJ7GRWMX37AKTY,27.563509,77.662826,6a175191-b4b2-4267-86b5-234b00e0d7bc,"",normal,form,2025-08-22 03:37:59.205,,t,2025-08-22 03:38:13.510142,2025-08-22 03:38:04.357,2025-08-22 03:38:13.924022,,967e785d-d83c-490b-8d6a-2ed926c956ac,243325225,
116079853,bf996092-8d66-408a-8d8e-5065ca3330c2,967e785d-d83c-490b-8d6a-2ed926c956ac,20250822_090830_photo,0,"",,,VYKJ7GRWMX37AKTY,,VYKJ7GRWMX37AKTY,27.563509,77.662828,316f40d9-2bb0-4ccb-b8ad-2506bdb62636,"",normal,form,2025-08-22 03:38:30.82,,t,2025-08-22 03:38:41.046901,2025-08-22 03:38:35.461,2025-08-22 03:38:41.559184,,967e785d-d83c-490b-8d6a-2ed926c956ac,243325269,
116079915,bf996092-8d66-408a-8d8e-5065ca3330c2,967e785d-d83c-490b-8d6a-2ed926c956ac,20250822_090947_photo,0,"",,,VYKJ7GRWMX37AKTY,,VYKJ7GRWMX37AKTY,27.563510,77.662827,7f54ec4f-d074-4c9b-9579-92bad936ac97,"",normal,form,2025-08-22 03:39:47.317,,t,2025-08-22 03:40:00.700648,2025-08-22 03:39:53.399,2025-08-22 03:40:01.06867,,967e785d-d83c-490b-8d6a-2ed926c956ac,243325404,
116087070,bf996092-8d66-408a-8d8e-5065ca3330c2,967e785d-d83c-490b-8d6a-2ed926c956ac,20250822_120214_photo,0,"",,,VYKJ7GRWMX37AKTY,,VYKJ7GRWMX37AKTY,27.563509,77.662828,f466d437-3713-4a04-87cb-6bc2f883bbb3,"",normal,form,2025-08-22 06:32:14.003,,t,2025-08-22 06:32:27.892436,2025-08-22 06:32:18.31,2025-08-22 06:32:28.423978,,967e785d-d83c-490b-8d6a-2ed926c956ac,243340694,
116087087,bf996092-8d66-408a-8d8e-5065ca3330c2,967e785d-d83c-490b-8d6a-2ed926c956ac,20250822_120234_photo,0,"",,,VYKJ7GRWMX37AKTY,,VYKJ7GRWMX37AKTY,27.563509,77.662830,2e3e77bb-2069-4ac8-87b6-495a02b97dd8,"",normal,form,2025-08-22 06:32:34.763,,t,2025-08-22 06:32:44.679103,2025-08-22 06:32:39.165,2025-08-22 06:32:45.312247,,967e785d-d83c-490b-8d6a-2ed926c956ac,243340732,
116087099,bf996092-8d66-408a-8d8e-5065ca3330c2,967e785d-d83c-490b-8d6a-2ed926c956ac,20250822_120248_photo,0,"",,,VYKJ7GRWMX37AKTY,,VYKJ7GRWMX37AKTY,27.563509,77.662830,58df8283-5d90-45a3-bd10-f35372145948,"",normal,form,2025-08-22 06:32:48.132,,t,2025-08-22 06:33:02.428239,2025-08-22 06:32:54.738,2025-08-22 06:33:02.851232,,967e785d-d83c-490b-8d6a-2ed926c956ac,243340759,
116087155,bf996092-8d66-408a-8d8e-5065ca3330c2,967e785d-d83c-490b-8d6a-2ed926c956ac,Screenshot_20250822-120416.ACC.png,0,"",,,VYKJ7GRWMX37AKTY,,VYKJ7GRWMX37AKTY,,,cb0bbb21-2dd7-4294-b982-1d789627e61d,"",normal,form,,,t,2025-08-22 06:35:08.107652,2025-08-22 06:35:03.007,2025-08-22 06:35:08.650272,,967e785d-d83c-490b-8d6a-2ed926c956ac,243340888,
116087170,bf996092-8d66-408a-8d8e-5065ca3330c2,967e785d-d83c-490b-8d6a-2ed926c956ac,Screenshot_20250822-120416.ACC.png,0,"",,,VYKJ7GRWMX37AKTY,,VYKJ7GRWMX37AKTY,,,c930916d-1183-4493-a74e-eece1c9b6ad0,"",normal,form,,,t,2025-08-22 06:35:52.186718,2025-08-22 06:35:46.666,2025-08-22 06:35:52.802808,,967e785d-d83c-490b-8d6a-2ed926c956ac,243340932,
116087176,bf996092-8d66-408a-8d8e-5065ca3330c2,967e785d-d83c-490b-8d6a-2ed926c956ac,Screenshot_20250822-120416.ACC.png,0,"",,,VYKJ7GRWMX37AKTY,,VYKJ7GRWMX37AKTY,,,7b15b2af-3007-4eaa-8f3a-8752b1fa9b1b,"",normal,form,,,t,2025-08-22 06:35:59.962746,2025-08-22 06:35:54.044,2025-08-22 06:36:00.486367,,967e785d-d83c-490b-8d6a-2ed926c956ac,243340946,
116087194,bf996092-8d66-408a-8d8e-5065ca3330c2,967e785d-d83c-490b-8d6a-2ed926c956ac,20250822_120611_photo,0,"",,,VYKJ7GRWMX37AKTY,,VYKJ7GRWMX37AKTY,27.563505,77.662830,88e8f953-d2e8-4567-aa1f-6495f75934d5,"",normal,form,2025-08-22 06:36:11.378,,t,2025-08-22 06:36:21.47061,2025-08-22 06:36:16.043,2025-08-22 06:36:21.976491,,967e785d-d83c-490b-8d6a-2ed926c956ac,243340982,
116087201,bf996092-8d66-408a-8d8e-5065ca3330c2,967e785d-d83c-490b-8d6a-2ed926c956ac,20250822_120634_photo,0,"",,,VYKJ7GRWMX37AKTY,,VYKJ7GRWMX37AKTY,27.563510,77.662827,f6a09698-544d-49e5-a04c-a3de545991f0,"",normal,form,2025-08-22 06:36:34.905,,t,2025-08-22 06:36:44.512732,2025-08-22 06:36:38.887,2025-08-22 06:36:44.925146,,967e785d-d83c-490b-8d6a-2ed926c956ac,243340995,
116087244,bf996092-8d66-408a-8d8e-5065ca3330c2,967e785d-d83c-490b-8d6a-2ed926c956ac,Screenshot_20250822-120718.ACC.png,0,"",,,VYKJ7GRWMX37AKTY,,VYKJ7GRWMX37AKTY,,,b96c6a26-da89-4086-bc6f-9deab857fb4b,"",normal,form,,,t,2025-08-22 06:37:50.166618,2025-08-22 06:37:41.55,2025-08-22 06:37:50.541674,,967e785d-d83c-490b-8d6a-2ed926c956ac,243341118,
116087267,bf996092-8d66-408a-8d8e-5065ca3330c2,967e785d-d83c-490b-8d6a-2ed926c956ac,Screenshot_20250822-120718.ACC.png,0,"",,,VYKJ7GRWMX37AKTY,,VYKJ7GRWMX37AKTY,,,8e8549a1-e8c6-444b-8bcf-752df52edd09,"",normal,form,,,t,2025-08-22 06:38:01.732116,2025-08-22 06:37:54.428,2025-08-22 06:38:02.155472,,967e785d-d83c-490b-8d6a-2ed926c956ac,243341156,
116087277,bf996092-8d66-408a-8d8e-5065ca3330c2,967e785d-d83c-490b-8d6a-2ed926c956ac,Screenshot_20250822-120718.ACC.png,0,"",,,VYKJ7GRWMX37AKTY,,VYKJ7GRWMX37AKTY,,,1b67255b-8b04-4185-849b-ecc7c3dcbf5b,"",normal,form,,,t,2025-08-22 06:38:24.65623,2025-08-22 06:38:19.38,2025-08-22 06:38:25.033769,,967e785d-d83c-490b-8d6a-2ed926c956ac,243341182,
116087279,bf996092-8d66-408a-8d8e-5065ca3330c2,967e785d-d83c-490b-8d6a-2ed926c956ac,Screenshot_20250822-120718.ACC.png,0,"",,,VYKJ7GRWMX37AKTY,,VYKJ7GRWMX37AKTY,,,81ca4e3d-f75c-4315-adf4-3fd1ca1882b4,"",normal,form,,,t,2025-08-22 06:38:38.867362,2025-08-22 06:38:33.192,2025-08-22 06:38:39.246212,,967e785d-d83c-490b-8d6a-2ed926c956ac,243341190,
116087291,bf996092-8d66-408a-8d8e-5065ca3330c2,967e785d-d83c-490b-8d6a-2ed926c956ac,Screenshot_20250822-120718.ACC.png,0,"",,,VYKJ7GRWMX37AKTY,,VYKJ7GRWMX37AKTY,,,1f4eedb5-51c4-47a5-9f5f-25388a92c3b9,"",normal,form,,,t,2025-08-22 06:38:52.607101,2025-08-22 06:38:47.1,2025-08-22 06:38:52.962431,,967e785d-d83c-490b-8d6a-2ed926c956ac,243341213,
116087293,bf996092-8d66-408a-8d8e-5065ca3330c2,967e785d-d83c-490b-8d6a-2ed926c956ac,Screenshot_20250822-120718.ACC.png,0,"",,,VYKJ7GRWMX37AKTY,,VYKJ7GRWMX37AKTY,,,1a9ded9a-86bf-4de2-a706-54d67bb6b7f7,"",normal,form,,,t,2025-08-22 06:39:02.588504,2025-08-22 06:38:57.135,2025-08-22 06:39:03.010608,,967e785d-d83c-490b-8d6a-2ed926c956ac,243341220,
116087302,bf996092-8d66-408a-8d8e-5065ca3330c2,967e785d-d83c-490b-8d6a-2ed926c956ac,20250822_120910_photo,0,"",,,VYKJ7GRWMX37AKTY,,VYKJ7GRWMX37AKTY,27.563508,77.662827,0c438ca1-91f6-4f63-ad23-8ac3a85aa16e,"",normal,form,2025-08-22 06:39:10.492,,t,2025-08-22 06:39:20.190435,2025-08-22 06:39:14.946,2025-08-22 06:39:20.671755,,967e785d-d83c-490b-8d6a-2ed926c956ac,243341240,
116087357,bf996092-8d66-408a-8d8e-5065ca3330c2,967e785d-d83c-490b-8d6a-2ed926c956ac,20250822_121030_photo,0,"",,,VYKJ7GRWMX37AKTY,,VYKJ7GRWMX37AKTY,27.563509,77.662825,3c29817c-9d46-4ff8-914d-b9ce1386eaa0,"",normal,form,2025-08-22 06:40:30.182,,t,2025-08-22 06:40:39.917289,2025-08-22 06:40:34.629,2025-08-22 06:40:40.320183,,967e785d-d83c-490b-8d6a-2ed926c956ac,243341380,
116087368,bf996092-8d66-408a-8d8e-5065ca3330c2,967e785d-d83c-490b-8d6a-2ed926c956ac,20250822_121042_photo,0,"",,,VYKJ7GRWMX37AKTY,,VYKJ7GRWMX37AKTY,27.563452,77.662868,0786105a-5b28-49ae-8fd4-a3155e3b9041,"",normal,form,2025-08-22 06:40:42.359,,t,2025-08-22 06:40:54.172989,2025-08-22 06:40:48.761,2025-08-22 06:40:54.6782,,967e785d-d83c-490b-8d6a-2ed926c956ac,243341398,
116087379,bf996092-8d66-408a-8d8e-5065ca3330c2,967e785d-d83c-490b-8d6a-2ed926c956ac,20250822_121105_photo,0,"",,,VYKJ7GRWMX37AKTY,,VYKJ7GRWMX37AKTY,27.563510,77.662828,0089f4ea-9d17-4333-9cdf-132b81cf14f4,"",normal,form,2025-08-22 06:41:05.079,,t,2025-08-22 06:41:14.88326,2025-08-22 06:41:09.53,2025-08-22 06:41:15.307978,,967e785d-d83c-490b-8d6a-2ed926c956ac,243341423,
116087439,bf996092-8d66-408a-8d8e-5065ca3330c2,967e785d-d83c-490b-8d6a-2ed926c956ac,20250822_121227_photo,0,"",,,VYKJ7GRWMX37AKTY,,VYKJ7GRWMX37AKTY,27.563509,77.662830,d2217458-59e7-4f97-a4cd-9a5c6d9ad83a,"",normal,form,2025-08-22 06:42:27.976,,t,2025-08-22 06:42:37.794348,2025-08-22 06:42:32.169,2025-08-22 06:42:38.198077,,967e785d-d83c-490b-8d6a-2ed926c956ac,243341544,
116087487,bf996092-8d66-408a-8d8e-5065ca3330c2,967e785d-d83c-490b-8d6a-2ed926c956ac,20250822_121301_photo,0,"",,,VYKJ7GRWMX37AKTY,,VYKJ7GRWMX37AKTY,27.563509,77.662830,05b6516e-ad62-4c8d-899a-609e51a0af2c,"",normal,form,2025-08-22 06:43:01.966,,t,2025-08-22 06:43:12.098222,2025-08-22 06:43:06.371,2025-08-22 06:43:12.493944,,967e785d-d83c-490b-8d6a-2ed926c956ac,243341646,
116087515,bf996092-8d66-408a-8d8e-5065ca3330c2,967e785d-d83c-490b-8d6a-2ed926c956ac,20250822_121325_photo,0,"",,,VYKJ7GRWMX37AKTY,,VYKJ7GRWMX37AKTY,27.563509,77.662829,e84dc8dc-9515-4895-b49f-16cdcef6398c,"",normal,form,2025-08-22 06:43:25.467,,t,2025-08-22 06:43:34.494041,2025-08-22 06:43:29.303,2025-08-22 06:43:34.88016,,967e785d-d83c-490b-8d6a-2ed926c956ac,243341704,
116087595,bf996092-8d66-408a-8d8e-5065ca3330c2,967e785d-d83c-490b-8d6a-2ed926c956ac,20250822_121539_photo,0,"",,,VYKJ7GRWMX37AKTY,,VYKJ7GRWMX37AKTY,27.563510,77.662829,5e497b03-6628-4117-bdeb-984a5ebf083f,"",normal,form,2025-08-22 06:45:39.347,,t,2025-08-22 06:45:49.482817,2025-08-22 06:45:43.968,2025-08-22 06:45:49.935221,,967e785d-d83c-490b-8d6a-2ed926c956ac,243341901,
116087605,bf996092-8d66-408a-8d8e-5065ca3330c2,967e785d-d83c-490b-8d6a-2ed926c956ac,20250822_121603_photo,0,"",,,VYKJ7GRWMX37AKTY,,VYKJ7GRWMX37AKTY,27.563509,77.662831,ce71fd76-ff42-4637-a8d5-635154940841,"",normal,form,2025-08-22 06:46:03.381,,t,2025-08-22 06:46:17.23091,2025-08-22 06:46:11.522,2025-08-22 06:46:17.748199,,967e785d-d83c-490b-8d6a-2ed926c956ac,243341935,
116087618,bf996092-8d66-408a-8d8e-5065ca3330c2,967e785d-d83c-490b-8d6a-2ed926c956ac,20250822_121624_photo,0,"",,,VYKJ7GRWMX37AKTY,,VYKJ7GRWMX37AKTY,27.563533,77.662846,e329f885-d071-40a9-97d5-fe4948dfc048,"",normal,form,2025-08-22 06:46:24.399,,t,2025-08-22 06:46:35.652251,2025-08-22 06:46:30.177,2025-08-22 06:46:36.179221,,967e785d-d83c-490b-8d6a-2ed926c956ac,243341963,
116087626,bf996092-8d66-408a-8d8e-5065ca3330c2,967e785d-d83c-490b-8d6a-2ed926c956ac,20250822_121644_photo,0,"",,,VYKJ7GRWMX37AKTY,,VYKJ7GRWMX37AKTY,27.563510,77.662830,9a9c4c35-80ad-439d-90d7-44758be20112,"",normal,form,2025-08-22 06:46:44.427,,t,2025-08-22 06:46:58.441498,2025-08-22 06:46:52.398,2025-08-22 06:47:02.952694,,967e785d-d83c-490b-8d6a-2ed926c956ac,243341998,
116087631,bf996092-8d66-408a-8d8e-5065ca3330c2,967e785d-d83c-490b-8d6a-2ed926c956ac,20250822_121645_photo,0,"",,,VYKJ7GRWMX37AKTY,,VYKJ7GRWMX37AKTY,27.563510,77.662830,8f79527b-e32f-4d4e-a03b-b2cc9d037098,"",normal,form,2025-08-22 06:46:45.785,,t,2025-08-22 06:47:02.499033,2025-08-22 06:46:52.521,2025-08-22 06:47:03.315587,,967e785d-d83c-490b-8d6a-2ed926c956ac,243342000,
116087639,bf996092-8d66-408a-8d8e-5065ca3330c2,967e785d-d83c-490b-8d6a-2ed926c956ac,20250822_121708_photo,0,"",,,VYKJ7GRWMX37AKTY,,VYKJ7GRWMX37AKTY,27.563509,77.662829,302e35ef-9911-4f25-b07e-169308ff7c57,"",normal,form,2025-08-22 06:47:08.528,,t,2025-08-22 06:47:20.901561,2025-08-22 06:47:15.719,2025-08-22 06:47:21.463008,,967e785d-d83c-490b-8d6a-2ed926c956ac,243342022,
116087646,bf996092-8d66-408a-8d8e-5065ca3330c2,967e785d-d83c-490b-8d6a-2ed926c956ac,20250822_121723_photo,0,"",,,VYKJ7GRWMX37AKTY,,VYKJ7GRWMX37AKTY,27.563526,77.662834,e361a8af-023e-4d9f-b715-7795267e1d6d,"",normal,form,2025-08-22 06:47:23.065,,t,2025-08-22 06:47:34.819173,2025-08-22 06:47:29.188,2025-08-22 06:47:35.172642,,967e785d-d83c-490b-8d6a-2ed926c956ac,243342034,
116087682,bf996092-8d66-408a-8d8e-5065ca3330c2,967e785d-d83c-490b-8d6a-2ed926c956ac,20250822_121846_photo,0,"",,,VYKJ7GRWMX37AKTY,,VYKJ7GRWMX37AKTY,27.563509,77.662829,a4dff44b-01bc-4ef5-8124-7f86eebc2e6a,"",normal,form,2025-08-22 06:48:46.081,,t,2025-08-22 06:48:55.684307,2025-08-22 06:48:50.451,2025-08-22 06:48:56.125753,,967e785d-d83c-490b-8d6a-2ed926c956ac,243342146,
116087709,bf996092-8d66-408a-8d8e-5065ca3330c2,967e785d-d83c-490b-8d6a-2ed926c956ac,20250822_121914_photo,0,"",,,VYKJ7GRWMX37AKTY,,VYKJ7GRWMX37AKTY,27.563510,77.662828,fb4d702c-c21f-463d-9bf9-0e4f96448ecf,"",normal,form,2025-08-22 06:49:14.206,,t,2025-08-22 06:49:23.760988,2025-08-22 06:49:18.707,2025-08-22 06:49:24.146175,,967e785d-d83c-490b-8d6a-2ed926c956ac,243342199,
116087721,bf996092-8d66-408a-8d8e-5065ca3330c2,967e785d-d83c-490b-8d6a-2ed926c956ac,20250822_121926_photo,0,"",,,VYKJ7GRWMX37AKTY,,VYKJ7GRWMX37AKTY,27.563514,77.662826,af89d006-2e49-4783-9060-733c98376951,"",normal,form,2025-08-22 06:49:26.24,,t,2025-08-22 06:49:37.529626,2025-08-22 06:49:32.183,2025-08-22 06:49:37.900256,,967e785d-d83c-490b-8d6a-2ed926c956ac,243342223,
116087735,bf996092-8d66-408a-8d8e-5065ca3330c2,967e785d-d83c-490b-8d6a-2ed926c956ac,20250822_121944_photo,0,"",,,VYKJ7GRWMX37AKTY,,VYKJ7GRWMX37AKTY,27.563519,77.662822,fcae9cb2-1d42-4e71-b00f-efe66fe7f492,"",normal,form,2025-08-22 06:49:44.48,,t,2025-08-22 06:49:57.712276,2025-08-22 06:49:51.176,2025-08-22 06:49:58.179772,,967e785d-d83c-490b-8d6a-2ed926c956ac,243342255,
116087769,bf996092-8d66-408a-8d8e-5065ca3330c2,967e785d-d83c-490b-8d6a-2ed926c956ac,20250822_122053_photo,0,"",,,VYKJ7GRWMX37AKTY,,VYKJ7GRWMX37AKTY,27.563508,77.662824,601a3382-0d9b-4bd2-bb44-68bc1de14af0,"",normal,form,2025-08-22 06:50:53.119,,t,2025-08-22 06:51:06.645741,2025-08-22 06:51:01.336,2025-08-22 06:51:07.185666,,967e785d-d83c-490b-8d6a-2ed926c956ac,243342342,
116087802,bf996092-8d66-408a-8d8e-5065ca3330c2,967e785d-d83c-490b-8d6a-2ed926c956ac,20250822_122149_photo,0,"",,,VYKJ7GRWMX37AKTY,,VYKJ7GRWMX37AKTY,27.563507,77.662827,01ed2ebb-5694-4ff7-966e-89124d9ed88f,"",normal,form,2025-08-22 06:51:49.967,,t,2025-08-22 06:52:00.034191,2025-08-22 06:51:54.36,2025-08-22 06:52:00.436323,,967e785d-d83c-490b-8d6a-2ed926c956ac,243342446,
116087827,bf996092-8d66-408a-8d8e-5065ca3330c2,967e785d-d83c-490b-8d6a-2ed926c956ac,20250822_122217_photo,0,"",,,VYKJ7GRWMX37AKTY,,VYKJ7GRWMX37AKTY,27.563506,77.662830,dd3eb80d-2443-4ec8-b6c2-133ac0d02558,"",normal,form,2025-08-22 06:52:17.431,,t,2025-08-22 06:52:26.491356,2025-08-22 06:52:21.388,2025-08-22 06:52:26.883879,,967e785d-d83c-490b-8d6a-2ed926c956ac,243342512,
116087832,bf996092-8d66-408a-8d8e-5065ca3330c2,967e785d-d83c-490b-8d6a-2ed926c956ac,20250822_122228_photo,0,"",,,VYKJ7GRWMX37AKTY,,VYKJ7GRWMX37AKTY,27.563525,77.662810,8b2c079e-6112-45f4-9d88-80533c6933f3,"",normal,form,2025-08-22 06:52:28.371,,t,2025-08-22 06:52:39.500568,2025-08-22 06:52:34.176,2025-08-22 06:52:39.894622,,967e785d-d83c-490b-8d6a-2ed926c956ac,243342526,
116087843,bf996092-8d66-408a-8d8e-5065ca3330c2,967e785d-d83c-490b-8d6a-2ed926c956ac,20250822_122248_photo,0,"",,,VYKJ7GRWMX37AKTY,,VYKJ7GRWMX37AKTY,27.563526,77.662806,c1ade6b0-bf10-4b41-a851-29da06f86f26,"",normal,form,2025-08-22 06:52:48.709,,t,2025-08-22 06:53:01.129075,2025-08-22 06:52:54.176,2025-08-22 06:53:01.609396,,967e785d-d83c-490b-8d6a-2ed926c956ac,243342557,
116087847,bf996092-8d66-408a-8d8e-5065ca3330c2,967e785d-d83c-490b-8d6a-2ed926c956ac,20250822_122302_photo,0,"",,,VYKJ7GRWMX37AKTY,,VYKJ7GRWMX37AKTY,27.563526,77.662806,ec157c69-dd69-44c1-ad6a-3f54e4e4b44e,"",normal,form,2025-08-22 06:53:02.378,,t,2025-08-22 06:53:09.047976,2025-08-22 06:53:04.11,2025-08-22 06:53:09.523645,,967e785d-d83c-490b-8d6a-2ed926c956ac,243342568,
116087906,bf996092-8d66-408a-8d8e-5065ca3330c2,967e785d-d83c-490b-8d6a-2ed926c956ac,Screenshot_20250822-122412.ACC.png,0,"",,,VYKJ7GRWMX37AKTY,,VYKJ7GRWMX37AKTY,,,443171aa-2bfc-4eaa-b8e9-a20f836d2a23,"",normal,form,,,t,2025-08-22 06:54:38.701262,2025-08-22 06:54:32.945,2025-08-22 06:54:39.215297,,967e785d-d83c-490b-8d6a-2ed926c956ac,243342689,
116087918,bf996092-8d66-408a-8d8e-5065ca3330c2,967e785d-d83c-490b-8d6a-2ed926c956ac,Screenshot_20250822-122412.ACC.png,0,"",,,VYKJ7GRWMX37AKTY,,VYKJ7GRWMX37AKTY,,,f98c2cd3-7409-40b6-b9d9-e7e9922c9784,"",normal,form,,,t,2025-08-22 06:55:03.027754,2025-08-22 06:54:57.435,2025-08-22 06:55:03.585509,,967e785d-d83c-490b-8d6a-2ed926c956ac,243342721,
116087938,bf996092-8d66-408a-8d8e-5065ca3330c2,967e785d-d83c-490b-8d6a-2ed926c956ac,Screenshot_20250822-122412.ACC.png,0,"",,,VYKJ7GRWMX37AKTY,,VYKJ7GRWMX37AKTY,,,52571e01-a57b-4f17-b866-408dd21712f8,"",normal,form,,,t,2025-08-22 06:55:35.447303,2025-08-22 06:55:30.099,2025-08-22 06:55:35.954521,,967e785d-d83c-490b-8d6a-2ed926c956ac,243342767,
116087945,bf996092-8d66-408a-8d8e-5065ca3330c2,967e785d-d83c-490b-8d6a-2ed926c956ac,Screenshot_20250822-122412.ACC.png,0,"",,,VYKJ7GRWMX37AKTY,,VYKJ7GRWMX37AKTY,,,8eb85d78-9531-484d-8237-d76069eec871,"",normal,form,,,t,2025-08-22 06:55:43.313341,2025-08-22 06:55:37.843,2025-08-22 06:55:43.733683,,967e785d-d83c-490b-8d6a-2ed926c956ac,243342778,
116087959,bf996092-8d66-408a-8d8e-5065ca3330c2,967e785d-d83c-490b-8d6a-2ed926c956ac,Screenshot_20250822-122412.ACC.png,0,"",,,VYKJ7GRWMX37AKTY,,VYKJ7GRWMX37AKTY,,,2cbf7cc2-6b60-4a4d-9674-aa47f8f04679,"",normal,form,,,t,2025-08-22 06:55:57.1419,2025-08-22 06:55:51.551,2025-08-22 06:55:57.672345,,967e785d-d83c-490b-8d6a-2ed926c956ac,243342807,
116087966,bf996092-8d66-408a-8d8e-5065ca3330c2,967e785d-d83c-490b-8d6a-2ed926c956ac,Screenshot_20250822-122412.ACC.png,0,"",,,VYKJ7GRWMX37AKTY,,VYKJ7GRWMX37AKTY,,,41512e31-5e7b-4429-8fc3-bb44f8ad9650,"",normal,form,,,t,2025-08-22 06:56:05.84658,2025-08-22 06:55:59.801,2025-08-22 06:56:06.354286,,967e785d-d83c-490b-8d6a-2ed926c956ac,243342820,
116088091,bf996092-8d66-408a-8d8e-5065ca3330c2,967e785d-d83c-490b-8d6a-2ed926c956ac,20250822_122752_photo,0,"",,,VYKJ7GRWMX37AKTY,,VYKJ7GRWMX37AKTY,27.563507,77.662828,276a597e-6b35-4b00-9d58-2a011afc1294,"",normal,form,2025-08-22 06:57:52.771,,t,2025-08-22 06:58:02.460813,2025-08-22 06:57:57.168,2025-08-22 06:58:02.876725,,967e785d-d83c-490b-8d6a-2ed926c956ac,243343102,
116088101,bf996092-8d66-408a-8d8e-5065ca3330c2,967e785d-d83c-490b-8d6a-2ed926c956ac,20250822_122816_photo,0,"",,,VYKJ7GRWMX37AKTY,,VYKJ7GRWMX37AKTY,27.563507,77.662827,0e829f61-3634-473f-940c-7f51140597a7,"",normal,form,2025-08-22 06:58:16.559,,t,2025-08-22 06:58:26.418363,2025-08-22 06:58:20.726,2025-08-22 06:58:26.848919,,967e785d-d83c-490b-8d6a-2ed926c956ac,243343123,
116088212,bf996092-8d66-408a-8d8e-5065ca3330c2,967e785d-d83c-490b-8d6a-2ed926c956ac,20250822_123122_photo,0,"",,,VYKJ7GRWMX37AKTY,,VYKJ7GRWMX37AKTY,27.563506,77.662829,1d41c8fd-bfc3-4e6f-8d3d-93806cf796d0,"",normal,form,2025-08-22 07:01:22.964,,t,2025-08-22 07:01:32.678022,2025-08-22 07:01:27.293,2025-08-22 07:01:33.123656,,967e785d-d83c-490b-8d6a-2ed926c956ac,243343391,
116088240,bf996092-8d66-408a-8d8e-5065ca3330c2,967e785d-d83c-490b-8d6a-2ed926c956ac,20250822_123153_photo,0,"",,,VYKJ7GRWMX37AKTY,,VYKJ7GRWMX37AKTY,27.563509,77.662823,6449486a-eb6e-439a-a0ef-d703392665bd,"",normal,form,2025-08-22 07:01:53.228,,t,2025-08-22 07:02:04.348439,2025-08-22 07:01:57.31,2025-08-22 07:02:04.874266,,967e785d-d83c-490b-8d6a-2ed926c956ac,243343444,
116088269,bf996092-8d66-408a-8d8e-5065ca3330c2,967e785d-d83c-490b-8d6a-2ed926c956ac,20250822_123224_photo,0,"",,,VYKJ7GRWMX37AKTY,,VYKJ7GRWMX37AKTY,27.563507,77.662830,8351725c-109e-431f-81b5-c576ee14b822,"",normal,form,2025-08-22 07:02:24.178,,t,2025-08-22 07:02:34.021469,2025-08-22 07:02:28.337,2025-08-22 07:02:34.431136,,967e785d-d83c-490b-8d6a-2ed926c956ac,243343502,
116088299,bf996092-8d66-408a-8d8e-5065ca3330c2,967e785d-d83c-490b-8d6a-2ed926c956ac,20250822_123246_photo,0,"",,,VYKJ7GRWMX37AKTY,,VYKJ7GRWMX37AKTY,27.563508,77.662823,39777092-3d6c-41f6-bb17-52c343a9fdb0,"",normal,form,2025-08-22 07:02:46.697,,t,2025-08-22 07:02:56.373649,2025-08-22 07:02:50.751,2025-08-22 07:02:56.890925,,967e785d-d83c-490b-8d6a-2ed926c956ac,243343563,
116088356,bf996092-8d66-408a-8d8e-5065ca3330c2,967e785d-d83c-490b-8d6a-2ed926c956ac,20250822_123425_photo,0,"",,,VYKJ7GRWMX37AKTY,,VYKJ7GRWMX37AKTY,27.563509,77.662823,69d1389c-52ad-4dde-a048-f3255079fa1f,"",normal,form,2025-08-22 07:04:25.472,,t,2025-08-22 07:04:37.561902,2025-08-22 07:04:30.284,2025-08-22 07:04:38.154146,,967e785d-d83c-490b-8d6a-2ed926c956ac,243343680,
116088372,bf996092-8d66-408a-8d8e-5065ca3330c2,967e785d-d83c-490b-8d6a-2ed926c956ac,20250822_123445_photo,0,"",,,VYKJ7GRWMX37AKTY,,VYKJ7GRWMX37AKTY,27.563523,77.662808,be0835be-ead6-4300-b3e5-bbbaa1fb6951,"",normal,form,2025-08-22 07:04:45.251,,t,2025-08-22 07:04:55.640716,2025-08-22 07:04:50.107,2025-08-22 07:04:56.098657,,967e785d-d83c-490b-8d6a-2ed926c956ac,243343707,
116093857,bf996092-8d66-408a-8d8e-5065ca3330c2,967e785d-d83c-490b-8d6a-2ed926c956ac,20250822_141427_photo,0,"",,,VYKJ7GRWMX37AKTY,,VYKJ7GRWMX37AKTY,27.563508,77.662829,fd4280d7-bc0f-4feb-94cf-2df02ed63431,"",normal,form,2025-08-22 08:44:27.732,,t,2025-08-22 08:44:41.330272,2025-08-22 08:44:32.325,2025-08-22 08:44:41.831297,,967e785d-d83c-490b-8d6a-2ed926c956ac,243356547,
116093960,bf996092-8d66-408a-8d8e-5065ca3330c2,967e785d-d83c-490b-8d6a-2ed926c956ac,20250822_141550_photo,0,"",,,VYKJ7GRWMX37AKTY,,VYKJ7GRWMX37AKTY,27.563508,77.662828,cd70fbd4-d237-42c7-82bc-f9774b7e3a42,"",normal,form,2025-08-22 08:45:50.469,,t,2025-08-22 08:46:02.552225,2025-08-22 08:45:55.388,2025-08-22 08:46:02.988946,,967e785d-d83c-490b-8d6a-2ed926c956ac,243356927,
116093983,bf996092-8d66-408a-8d8e-5065ca3330c2,967e785d-d83c-490b-8d6a-2ed926c956ac,20250822_141619_photo,0,"",,,VYKJ7GRWMX37AKTY,,VYKJ7GRWMX37AKTY,27.563507,77.662828,1962205a-dc04-4cd6-9f04-ceb72ab356e3,"",normal,form,2025-08-22 08:46:19.162,,t,2025-08-22 08:46:29.057702,2025-08-22 08:46:23.528,2025-08-22 08:46:29.621427,,967e785d-d83c-490b-8d6a-2ed926c956ac,243356989,
116094004,bf996092-8d66-408a-8d8e-5065ca3330c2,967e785d-d83c-490b-8d6a-2ed926c956ac,20250822_141643_photo,0,"",,,VYKJ7GRWMX37AKTY,,VYKJ7GRWMX37AKTY,27.563507,77.662829,6f860c04-3be2-4b8c-b9b6-26b9b9c6d1e6,"",normal,form,2025-08-22 08:46:43.159,,t,2025-08-22 08:46:56.757619,2025-08-22 08:46:47.21,2025-08-22 08:46:57.484853,,967e785d-d83c-490b-8d6a-2ed926c956ac,243357045,
116094016,bf996092-8d66-408a-8d8e-5065ca3330c2,967e785d-d83c-490b-8d6a-2ed926c956ac,20250822_141710_photo,0,"",,,VYKJ7GRWMX37AKTY,,VYKJ7GRWMX37AKTY,27.563504,77.662831,c9a01acf-05e0-44d1-9d70-fd5a3976190f,"",normal,form,2025-08-22 08:47:10.226,,t,2025-08-22 08:47:20.818925,2025-08-22 08:47:14.715,2025-08-22 08:47:21.519945,,967e785d-d83c-490b-8d6a-2ed926c956ac,243357087,
116094487,bf996092-8d66-408a-8d8e-5065ca3330c2,967e785d-d83c-490b-8d6a-2ed926c956ac,20250822_142456_photo,0,"",,,VYKJ7GRWMX37AKTY,,VYKJ7GRWMX37AKTY,27.563509,77.662829,0e1d9cf5-c25f-46bc-a5d7-5df810bb61f6,"",normal,form,2025-08-22 08:54:56.634,,t,2025-08-22 08:55:14.930927,2025-08-22 08:55:07.736,2025-08-22 08:55:15.371848,,967e785d-d83c-490b-8d6a-2ed926c956ac,243358235,
116094533,bf996092-8d66-408a-8d8e-5065ca3330c2,967e785d-d83c-490b-8d6a-2ed926c956ac,20250822_142618_photo,0,"",,,VYKJ7GRWMX37AKTY,,VYKJ7GRWMX37AKTY,27.563509,77.662829,e94a1cd6-4651-499b-9707-f53bcd45d5f8,"",normal,form,2025-08-22 08:56:18.162,,t,2025-08-22 08:56:31.638442,2025-08-22 08:56:22.702,2025-08-22 08:56:32.084302,,967e785d-d83c-490b-8d6a-2ed926c956ac,243358320,
116094685,bf996092-8d66-408a-8d8e-5065ca3330c2,967e785d-d83c-490b-8d6a-2ed926c956ac,Screenshot_20250822-142929.ACC.png,0,"",,,VYKJ7GRWMX37AKTY,,VYKJ7GRWMX37AKTY,,,19cd9490-c9b8-45cb-83d1-34d1976ca5ec,"",normal,form,,,t,2025-08-22 09:00:10.88953,2025-08-22 09:00:04.573,2025-08-22 09:00:11.283837,,967e785d-d83c-490b-8d6a-2ed926c956ac,243358618,
116094698,bf996092-8d66-408a-8d8e-5065ca3330c2,967e785d-d83c-490b-8d6a-2ed926c956ac,Screenshot_20250822-142929.ACC.png,0,"",,,VYKJ7GRWMX37AKTY,,VYKJ7GRWMX37AKTY,,,177829ab-92e7-4e95-a0e3-ccd6066e1011,"",normal,form,,,t,2025-08-22 09:00:52.354561,2025-08-22 09:00:43.8,2025-08-22 09:00:53.380207,,967e785d-d83c-490b-8d6a-2ed926c956ac,243358673,
116094714,bf996092-8d66-408a-8d8e-5065ca3330c2,967e785d-d83c-490b-8d6a-2ed926c956ac,Screenshot_20250822-142929.ACC.png,0,"",,,VYKJ7GRWMX37AKTY,,VYKJ7GRWMX37AKTY,,,cf957242-27b3-46d8-a195-bf9db455d4a0,"",normal,form,,,t,2025-08-22 09:01:07.911048,2025-08-22 09:01:01.334,2025-08-22 09:01:08.468443,,967e785d-d83c-490b-8d6a-2ed926c956ac,243358697,
116094719,bf996092-8d66-408a-8d8e-5065ca3330c2,967e785d-d83c-490b-8d6a-2ed926c956ac,Screenshot_20250822-142929.ACC.png,0,"",,,VYKJ7GRWMX37AKTY,,VYKJ7GRWMX37AKTY,,,124e631e-7f7f-4d10-9886-9e4e9a20fa74,"",normal,form,,,t,2025-08-22 09:01:16.420032,2025-08-22 09:01:10.627,2025-08-22 09:01:17.004471,,967e785d-d83c-490b-8d6a-2ed926c956ac,243358710,
116094739,bf996092-8d66-408a-8d8e-5065ca3330c2,967e785d-d83c-490b-8d6a-2ed926c956ac,Screenshot_20250822-142929.ACC.png,0,"",,,VYKJ7GRWMX37AKTY,,VYKJ7GRWMX37AKTY,,,fa2ea7ad-720b-495f-8a4d-28601ff39dc9,"",normal,form,,,t,2025-08-22 09:01:36.229968,2025-08-22 09:01:29.345,2025-08-22 09:01:36.719987,,967e785d-d83c-490b-8d6a-2ed926c956ac,243358753,
116094880,bf996092-8d66-408a-8d8e-5065ca3330c2,967e785d-d83c-490b-8d6a-2ed926c956ac,20250822_143400_photo,0,"",,,VYKJ7GRWMX37AKTY,,VYKJ7GRWMX37AKTY,27.563508,77.662826,0dadca7c-5ea6-4ced-8444-f32c33c145b6,"",normal,form,2025-08-22 09:04:00.4,,t,2025-08-22 09:04:16.533893,2025-08-22 09:04:04.709,2025-08-22 09:04:16.960657,,967e785d-d83c-490b-8d6a-2ed926c956ac,243359036,
116094890,bf996092-8d66-408a-8d8e-5065ca3330c2,967e785d-d83c-490b-8d6a-2ed926c956ac,20250822_143416_photo,0,"",,,VYKJ7GRWMX37AKTY,,VYKJ7GRWMX37AKTY,27.563508,77.662826,52b1853e-2e08-4c03-b25b-d15e5a2ea0d8,"",normal,form,2025-08-22 09:04:16.977,,t,2025-08-22 09:04:33.256762,2025-08-22 09:04:23.853,2025-08-22 09:04:33.65101,,967e785d-d83c-490b-8d6a-2ed926c956ac,243359055,
116094915,bf996092-8d66-408a-8d8e-5065ca3330c2,967e785d-d83c-490b-8d6a-2ed926c956ac,20250822_143445_photo,0,"",,,VYKJ7GRWMX37AKTY,,VYKJ7GRWMX37AKTY,27.563507,77.662831,7860d785-68d9-4496-99df-d4aecf7024b4,"",normal,form,2025-08-22 09:04:45.73,,t,2025-08-22 09:04:57.113765,2025-08-22 09:04:50.49,2025-08-22 09:04:57.534781,,967e785d-d83c-490b-8d6a-2ed926c956ac,243359104,
116094969,bf996092-8d66-408a-8d8e-5065ca3330c2,967e785d-d83c-490b-8d6a-2ed926c956ac,Screenshot_20250822-143558.ACC.png,0,"",,,VYKJ7GRWMX37AKTY,,VYKJ7GRWMX37AKTY,,,9fb9ad2a-897c-4346-acf6-ffe112819356,"",normal,form,,,t,2025-08-22 09:06:31.835366,2025-08-22 09:06:24.066,2025-08-22 09:06:32.657364,,967e785d-d83c-490b-8d6a-2ed926c956ac,243359236,
116094994,bf996092-8d66-408a-8d8e-5065ca3330c2,967e785d-d83c-490b-8d6a-2ed926c956ac,Screenshot_20250822-143558.ACC.png,0,"",,,VYKJ7GRWMX37AKTY,,VYKJ7GRWMX37AKTY,,,032be6b5-a110-4684-abcd-3b562720410d,"",normal,form,,,t,2025-08-22 09:06:52.198973,2025-08-22 09:06:44.32,2025-08-22 09:06:53.373501,,967e785d-d83c-490b-8d6a-2ed926c956ac,243359295,
116095010,bf996092-8d66-408a-8d8e-5065ca3330c2,967e785d-d83c-490b-8d6a-2ed926c956ac,Screenshot_20250822-143558.ACC.png,0,"",,,VYKJ7GRWMX37AKTY,,VYKJ7GRWMX37AKTY,,,57ac92f6-f6cc-4ff8-ad11-a5e2bb6a5510,"",normal,form,,,t,2025-08-22 09:07:06.548207,2025-08-22 09:07:00.075,2025-08-22 09:07:06.98954,,967e785d-d83c-490b-8d6a-2ed926c956ac,243359333,
116095015,bf996092-8d66-408a-8d8e-5065ca3330c2,967e785d-d83c-490b-8d6a-2ed926c956ac,Screenshot_20250822-143558.ACC.png,0,"",,,VYKJ7GRWMX37AKTY,,VYKJ7GRWMX37AKTY,,,0e8f7266-d402-41fb-9102-33f617ddf423,"",normal,form,,,t,2025-08-22 09:07:15.455856,2025-08-22 09:07:09.255,2025-08-22 09:07:16.472561,,967e785d-d83c-490b-8d6a-2ed926c956ac,243359347,
116095022,bf996092-8d66-408a-8d8e-5065ca3330c2,967e785d-d83c-490b-8d6a-2ed926c956ac,Screenshot_20250822-143558.ACC.png,0,"",,,VYKJ7GRWMX37AKTY,,VYKJ7GRWMX37AKTY,,,15891e78-8787-4aab-af90-1a77b9d41972,"",normal,form,,,t,2025-08-22 09:07:31.831021,2025-08-22 09:07:24.205,2025-08-22 09:07:32.19484,,967e785d-d83c-490b-8d6a-2ed926c956ac,243359365,
116095035,bf996092-8d66-408a-8d8e-5065ca3330c2,967e785d-d83c-490b-8d6a-2ed926c956ac,Screenshot_20250822-143558.ACC.png,0,"",,,VYKJ7GRWMX37AKTY,,VYKJ7GRWMX37AKTY,,,74cf90df-cf8f-4b50-9269-e24f069bfcc6,"",normal,form,,,t,2025-08-22 09:07:49.048556,2025-08-22 09:07:43.418,2025-08-22 09:07:49.448257,,967e785d-d83c-490b-8d6a-2ed926c956ac,243359399,
116095134,bf996092-8d66-408a-8d8e-5065ca3330c2,967e785d-d83c-490b-8d6a-2ed926c956ac,Screenshot_20250822-143840.ACC.png,0,"",,,VYKJ7GRWMX37AKTY,,VYKJ7GRWMX37AKTY,,,03fe12b8-f37b-497c-b46b-db7511ea5b58,"",normal,form,,,t,2025-08-22 09:09:28.876179,2025-08-22 09:09:18.956,2025-08-22 09:09:29.903579,,967e785d-d83c-490b-8d6a-2ed926c956ac,243359576,
116095141,bf996092-8d66-408a-8d8e-5065ca3330c2,967e785d-d83c-490b-8d6a-2ed926c956ac,Screenshot_20250822-143840.ACC.png,0,"",,,VYKJ7GRWMX37AKTY,,VYKJ7GRWMX37AKTY,,,e353801f-20e0-4e75-8220-01276945bab6,"",normal,form,,,t,2025-08-22 09:09:40.67659,2025-08-22 09:09:32.168,2025-08-22 09:09:41.077943,,967e785d-d83c-490b-8d6a-2ed926c956ac,243359591,
116095144,bf996092-8d66-408a-8d8e-5065ca3330c2,967e785d-d83c-490b-8d6a-2ed926c956ac,Screenshot_20250822-143840.ACC.png,0,"",,,VYKJ7GRWMX37AKTY,,VYKJ7GRWMX37AKTY,,,55ab9a8e-098f-4db4-a293-da24b8dfc20b,"",normal,form,,,t,2025-08-22 09:09:54.708737,2025-08-22 09:09:47.126,2025-08-22 09:09:55.168086,,967e785d-d83c-490b-8d6a-2ed926c956ac,243359597,
116095148,bf996092-8d66-408a-8d8e-5065ca3330c2,967e785d-d83c-490b-8d6a-2ed926c956ac,Screenshot_20250822-143840.ACC.png,0,"",,,VYKJ7GRWMX37AKTY,,VYKJ7GRWMX37AKTY,,,65a312df-e229-45e5-9dac-b28f832c9ae0,"",normal,form,,,t,2025-08-22 09:10:01.046715,2025-08-22 09:09:55.002,2025-08-22 09:10:01.621559,,967e785d-d83c-490b-8d6a-2ed926c956ac,243359605,
116095153,bf996092-8d66-408a-8d8e-5065ca3330c2,967e785d-d83c-490b-8d6a-2ed926c956ac,20250822_144014_photo,0,"",,,VYKJ7GRWMX37AKTY,,VYKJ7GRWMX37AKTY,27.563509,77.662828,9cc77004-fcb8-4568-84c3-f971cfe9f5e7,"",normal,form,2025-08-22 09:10:14.807,,t,2025-08-22 09:10:25.505852,2025-08-22 09:10:19.689,2025-08-22 09:10:26.021965,,967e785d-d83c-490b-8d6a-2ed926c956ac,243359646,
116095176,bf996092-8d66-408a-8d8e-5065ca3330c2,967e785d-d83c-490b-8d6a-2ed926c956ac,Screenshot_20250822-144057.ACC.png,0,"",,,VYKJ7GRWMX37AKTY,,VYKJ7GRWMX37AKTY,,,99f7e8fd-315c-4b14-89ee-393e906231d2,"",normal,form,,,t,2025-08-22 09:11:37.914717,2025-08-22 09:11:31.778,2025-08-22 09:11:38.592007,,967e785d-d83c-490b-8d6a-2ed926c956ac,243359698,
116095187,bf996092-8d66-408a-8d8e-5065ca3330c2,967e785d-d83c-490b-8d6a-2ed926c956ac,Screenshot_20250822-144057.ACC.png,0,"",,,VYKJ7GRWMX37AKTY,,VYKJ7GRWMX37AKTY,,,04f57036-550f-4bdf-b5ee-ae7d87a6612a,"",normal,form,,,t,2025-08-22 09:11:52.425864,2025-08-22 09:11:46.016,2025-08-22 09:11:52.869486,,967e785d-d83c-490b-8d6a-2ed926c956ac,243359710,
116095202,bf996092-8d66-408a-8d8e-5065ca3330c2,967e785d-d83c-490b-8d6a-2ed926c956ac,Screenshot_20250822-144057.ACC.png,0,"",,,VYKJ7GRWMX37AKTY,,VYKJ7GRWMX37AKTY,,,1513d330-596d-47bd-8614-9e4374be4261,"",normal,form,,,t,2025-08-22 09:12:01.563452,2025-08-22 09:11:54.895,2025-08-22 09:12:01.936468,,967e785d-d83c-490b-8d6a-2ed926c956ac,243359727,
116095249,bf996092-8d66-408a-8d8e-5065ca3330c2,967e785d-d83c-490b-8d6a-2ed926c956ac,Screenshot_20250822-144253.ACC.png,0,"",,,VYKJ7GRWMX37AKTY,,VYKJ7GRWMX37AKTY,,,9fae55fe-d495-4216-8cdc-98c91c76ec91,"",normal,form,,,t,2025-08-22 09:13:38.461923,2025-08-22 09:13:30.749,2025-08-22 09:13:38.876948,,967e785d-d83c-490b-8d6a-2ed926c956ac,243359822,
116095273,bf996092-8d66-408a-8d8e-5065ca3330c2,967e785d-d83c-490b-8d6a-2ed926c956ac,Screenshot_20250822-144253.ACC.png,0,"",,,VYKJ7GRWMX37AKTY,,VYKJ7GRWMX37AKTY,,,b7fe6f3d-231b-43d9-aeaa-6cb204bd3af6,"",normal,form,,,t,2025-08-22 09:13:55.939802,2025-08-22 09:13:49.295,2025-08-22 09:13:56.383954,,967e785d-d83c-490b-8d6a-2ed926c956ac,243359860,
116095278,bf996092-8d66-408a-8d8e-5065ca3330c2,967e785d-d83c-490b-8d6a-2ed926c956ac,Screenshot_20250822-144253.ACC.png,0,"",,,VYKJ7GRWMX37AKTY,,VYKJ7GRWMX37AKTY,,,7926177c-b0dd-468e-89c2-4ee5ba095ffa,"",normal,form,,,t,2025-08-22 09:14:07.34065,2025-08-22 09:13:58.665,2025-08-22 09:14:07.724659,,967e785d-d83c-490b-8d6a-2ed926c956ac,243359866,
116095285,bf996092-8d66-408a-8d8e-5065ca3330c2,967e785d-d83c-490b-8d6a-2ed926c956ac,20250822_144418_photo,0,"",,,VYKJ7GRWMX37AKTY,,VYKJ7GRWMX37AKTY,27.563509,77.662829,5bf1067d-5082-49cd-9165-97f27a2049ec,"",normal,form,2025-08-22 09:14:18.867,,t,2025-08-22 09:14:30.855951,2025-08-22 09:14:24.144,2025-08-22 09:14:31.270647,,967e785d-d83c-490b-8d6a-2ed926c956ac,243359883,
116095488,bf996092-8d66-408a-8d8e-5065ca3330c2,967e785d-d83c-490b-8d6a-2ed926c956ac,Screenshot_20250822-144847.ACC.png,0,"",,,VYKJ7GRWMX37AKTY,,VYKJ7GRWMX37AKTY,,,bd9a5e8a-6968-4df4-b44c-d71aeec297ef,"",normal,form,,,t,2025-08-22 09:19:20.909795,2025-08-22 09:19:12.741,2025-08-22 09:19:21.302747,,967e785d-d83c-490b-8d6a-2ed926c956ac,243360378,
116095519,bf996092-8d66-408a-8d8e-5065ca3330c2,967e785d-d83c-490b-8d6a-2ed926c956ac,Screenshot_20250822-144847.ACC.png,0,"",,,VYKJ7GRWMX37AKTY,,VYKJ7GRWMX37AKTY,,,f1bace7b-d989-4fa1-a2b9-f7b180de5228,"",normal,form,,,t,2025-08-22 09:19:44.195727,2025-08-22 09:19:36.655,2025-08-22 09:19:44.59144,,967e785d-d83c-490b-8d6a-2ed926c956ac,243360447,
116095546,bf996092-8d66-408a-8d8e-5065ca3330c2,967e785d-d83c-490b-8d6a-2ed926c956ac,Screenshot_20250822-144847.ACC.png,0,"",,,VYKJ7GRWMX37AKTY,,VYKJ7GRWMX37AKTY,,,dfc8ee70-3289-41a1-a678-f62861ac43f4,"",normal,form,,,t,2025-08-22 09:20:07.516149,2025-08-22 09:20:02.195,2025-08-22 09:20:07.977875,,967e785d-d83c-490b-8d6a-2ed926c956ac,243360503,
116095627,bf996092-8d66-408a-8d8e-5065ca3330c2,967e785d-d83c-490b-8d6a-2ed926c956ac,Screenshot_20250822-144847.ACC.png,0,"",,,VYKJ7GRWMX37AKTY,,VYKJ7GRWMX37AKTY,,,902b54aa-c272-489c-844b-c8681082fc40,"",normal,form,,,t,2025-08-22 09:21:41.442966,2025-08-22 09:21:36.122,2025-08-22 09:21:41.817671,,967e785d-d83c-490b-8d6a-2ed926c956ac,243360685,
116095657,bf996092-8d66-408a-8d8e-5065ca3330c2,967e785d-d83c-490b-8d6a-2ed926c956ac,Screenshot_20250822-144847.ACC.png,0,"",,,VYKJ7GRWMX37AKTY,,VYKJ7GRWMX37AKTY,,,a0276e60-5277-4480-8965-1d80cce91f61,"",normal,form,,,t,2025-08-22 09:22:07.453805,2025-08-22 09:22:00.165,2025-08-22 09:22:08.063095,,967e785d-d83c-490b-8d6a-2ed926c956ac,243360764,
116095682,bf996092-8d66-408a-8d8e-5065ca3330c2,967e785d-d83c-490b-8d6a-2ed926c956ac,Screenshot_20250822-144847.ACC.png,0,"",,,VYKJ7GRWMX37AKTY,,VYKJ7GRWMX37AKTY,,,f2fcacb0-471c-4604-9922-9d5b0c997d55,"",normal,form,,,t,2025-08-22 09:22:22.397785,2025-08-22 09:22:16.494,2025-08-22 09:22:22.745499,,967e785d-d83c-490b-8d6a-2ed926c956ac,243360799,
116095706,bf996092-8d66-408a-8d8e-5065ca3330c2,967e785d-d83c-490b-8d6a-2ed926c956ac,Screenshot_20250822-144847.ACC.png,0,"",,,VYKJ7GRWMX37AKTY,,VYKJ7GRWMX37AKTY,,,79098de0-2788-473f-b072-b3d023215505,"",normal,form,,,t,2025-08-22 09:22:38.730389,2025-08-22 09:22:33.141,2025-08-22 09:22:39.819805,,967e785d-d83c-490b-8d6a-2ed926c956ac,243360861,
116095723,bf996092-8d66-408a-8d8e-5065ca3330c2,967e785d-d83c-490b-8d6a-2ed926c956ac,Screenshot_20250822-144847.ACC.png,0,"",,,VYKJ7GRWMX37AKTY,,VYKJ7GRWMX37AKTY,,,2a286a6e-c0a2-4c87-a4a6-e9133c269a2a,"",normal,form,,,t,2025-08-22 09:22:48.631353,2025-08-22 09:22:42.727,2025-08-22 09:22:48.981754,,967e785d-d83c-490b-8d6a-2ed926c956ac,243360898,
116095736,bf996092-8d66-408a-8d8e-5065ca3330c2,967e785d-d83c-490b-8d6a-2ed926c956ac,Screenshot_20250822-144847.ACC.png,0,"",,,VYKJ7GRWMX37AKTY,,VYKJ7GRWMX37AKTY,,,3bb45f80-6d80-4f5c-824f-4e8818dd1f61,"",normal,form,,,t,2025-08-22 09:23:03.872568,2025-08-22 09:22:58.237,2025-08-22 09:23:04.247128,,967e785d-d83c-490b-8d6a-2ed926c956ac,243360924,
116095828,bf996092-8d66-408a-8d8e-5065ca3330c2,967e785d-d83c-490b-8d6a-2ed926c956ac,20250822_145423_photo,0,"",,,VYKJ7GRWMX37AKTY,,VYKJ7GRWMX37AKTY,27.563509,77.662829,1162f88d-a108-44f2-87ee-1d9882e4bf81,"",normal,form,2025-08-22 09:24:23.737,,t,2025-08-22 09:24:31.784784,2025-08-22 09:24:25.203,2025-08-22 09:24:32.59534,,967e785d-d83c-490b-8d6a-2ed926c956ac,243361095,
116095846,bf996092-8d66-408a-8d8e-5065ca3330c2,967e785d-d83c-490b-8d6a-2ed926c956ac,20250822_145443_photo,0,"",,,VYKJ7GRWMX37AKTY,,VYKJ7GRWMX37AKTY,27.563509,77.662822,95d8acd8-88d2-4912-9e2f-54846b2bae62,"",normal,form,2025-08-22 09:24:43.376,,t,2025-08-22 09:24:54.67261,2025-08-22 09:24:47.73,2025-08-22 09:24:55.106162,,967e785d-d83c-490b-8d6a-2ed926c956ac,243361125,
116095868,bf996092-8d66-408a-8d8e-5065ca3330c2,967e785d-d83c-490b-8d6a-2ed926c956ac,20250822_145500_photo,0,"",,,VYKJ7GRWMX37AKTY,,VYKJ7GRWMX37AKTY,27.563466,77.662678,aa9ca4d1-a67f-484b-adb0-01a5134ff7f2,"",normal,form,2025-08-22 09:25:00.369,,t,2025-08-22 09:25:13.113448,2025-08-22 09:25:06.752,2025-08-22 09:25:14.163409,,967e785d-d83c-490b-8d6a-2ed926c956ac,243361188,
116095885,bf996092-8d66-408a-8d8e-5065ca3330c2,967e785d-d83c-490b-8d6a-2ed926c956ac,20250822_145523_photo,0,"",,,VYKJ7GRWMX37AKTY,,VYKJ7GRWMX37AKTY,27.563508,77.662828,5d4c6a92-92a8-43ce-b1cf-608b2e94f420,"",normal,form,2025-08-22 09:25:23.587,,t,2025-08-22 09:25:34.317013,2025-08-22 09:25:28.21,2025-08-22 09:25:34.740228,,967e785d-d83c-490b-8d6a-2ed926c956ac,243361220,
116095895,bf996092-8d66-408a-8d8e-5065ca3330c2,967e785d-d83c-490b-8d6a-2ed926c956ac,20250822_145542_photo,0,"",,,VYKJ7GRWMX37AKTY,,VYKJ7GRWMX37AKTY,27.563507,77.662828,420cab6c-3be8-487a-ac88-25ed161b9941,"",normal,form,2025-08-22 09:25:42.548,,t,2025-08-22 09:25:56.952927,2025-08-22 09:25:50.419,2025-08-22 09:25:57.49573,,967e785d-d83c-490b-8d6a-2ed926c956ac,243361246,
116095914,bf996092-8d66-408a-8d8e-5065ca3330c2,967e785d-d83c-490b-8d6a-2ed926c956ac,20250822_145606_photo,0,"",,,VYKJ7GRWMX37AKTY,,VYKJ7GRWMX37AKTY,27.563506,77.662829,eac6d692-875a-40e3-90f2-0f61d3224073,"",normal,form,2025-08-22 09:26:06.256,,t,2025-08-22 09:26:17.334356,2025-08-22 09:26:10.9,2025-08-22 09:26:18.139212,,967e785d-d83c-490b-8d6a-2ed926c956ac,243361282,
116095957,bf996092-8d66-408a-8d8e-5065ca3330c2,967e785d-d83c-490b-8d6a-2ed926c956ac,Screenshot_20250822-145709.ACC.png,0,"",,,VYKJ7GRWMX37AKTY,,VYKJ7GRWMX37AKTY,,,6b46825e-4b44-40b3-ac38-8bf216b70e63,"",normal,form,,,t,2025-08-22 09:27:38.593266,2025-08-22 09:27:32.747,2025-08-22 09:27:38.965729,,967e785d-d83c-490b-8d6a-2ed926c956ac,243361387,
116095970,bf996092-8d66-408a-8d8e-5065ca3330c2,967e785d-d83c-490b-8d6a-2ed926c956ac,Screenshot_20250822-145709.ACC.png,0,"",,,VYKJ7GRWMX37AKTY,,VYKJ7GRWMX37AKTY,,,3b0dc16e-865f-42e8-840c-9038f9a47c5d,"",normal,form,,,t,2025-08-22 09:27:57.295363,2025-08-22 09:27:50.877,2025-08-22 09:27:58.01269,,967e785d-d83c-490b-8d6a-2ed926c956ac,243361409,
116095983,bf996092-8d66-408a-8d8e-5065ca3330c2,967e785d-d83c-490b-8d6a-2ed926c956ac,Screenshot_20250822-145709.ACC.png,0,"",,,VYKJ7GRWMX37AKTY,,VYKJ7GRWMX37AKTY,,,9c59bd44-93d0-4d67-9d7d-094137cdbc55,"",normal,form,,,t,2025-08-22 09:28:21.824479,2025-08-22 09:28:13.009,2025-08-22 09:28:22.234353,,967e785d-d83c-490b-8d6a-2ed926c956ac,243361435,
116103505,bf996092-8d66-408a-8d8e-5065ca3330c2,967e785d-d83c-490b-8d6a-2ed926c956ac,WhatsApp Image 2025-08-22 at 4.38.52 PM,73377,"",,,KNL28BHPJJMCM75F,,KNL28BHPJJMCM75F,,,4233722f-9be8-42a5-8c5a-f0cf64d495d1,"",normal,rfi,,,f,2025-08-22 11:10:18.129842,2025-08-22 11:10:18.129842,2025-08-22 11:10:22.564917,,967e785d-d83c-490b-8d6a-2ed926c956ac,243376883,
116117370,bf996092-8d66-408a-8d8e-5065ca3330c2,967e785d-d83c-490b-8d6a-2ed926c956ac,ST-1 RCC Pardi Detail,75909,"",,,U8Q2F3P4M3PWWQXF,,U8Q2F3P4M3PWWQXF,,,6a0fb457-c4c6-4798-93e3-9069ed745d69,"",normal,rfi,,,f,2025-08-22 12:23:55.194503,2025-08-22 12:23:55.194503,2025-08-22 12:23:59.796721,,967e785d-d83c-490b-8d6a-2ed926c956ac,243406177,
106701166,bf996092-8d66-408a-8d8e-5065ca3330c2,967e785d-d83c-490b-8d6a-2ed926c956ac,IMG_20250710_190638052_HDR.jpg,0,"",,,VYKJ7GRWMX37AKTY,,VYKJ7GRWMX37AKTY,,,55b6651c-010e-4f68-bac3-f0af94a0e3fe,"",normal,form,2025-07-10 13:36:38.392,,t,2025-07-13 05:02:43.023789,2025-07-13 05:02:35.54,2025-07-13 05:02:43.489741,,967e785d-d83c-490b-8d6a-2ed926c956ac,224473993,
106701172,bf996092-8d66-408a-8d8e-5065ca3330c2,967e785d-d83c-490b-8d6a-2ed926c956ac,IMG_20250710_190638052_HDR.jpg,0,"",,,VYKJ7GRWMX37AKTY,,VYKJ7GRWMX37AKTY,,,d1f26eeb-d3df-490e-988c-3c238a34dd76,"",normal,form,2025-07-10 13:36:38.392,,t,2025-07-13 05:03:57.341357,2025-07-13 05:03:51.211,2025-07-13 05:03:57.851644,,967e785d-d83c-490b-8d6a-2ed926c956ac,224474008,
106701175,bf996092-8d66-408a-8d8e-5065ca3330c2,967e785d-d83c-490b-8d6a-2ed926c956ac,IMG_20250710_190638052_HDR.jpg,0,"",,,VYKJ7GRWMX37AKTY,,VYKJ7GRWMX37AKTY,,,5aa398f2-340b-47fa-9c4a-f55644222033,"",normal,form,2025-07-10 13:36:38.392,,t,2025-07-13 05:04:32.127583,2025-07-13 05:04:24.569,2025-07-13 05:04:32.634891,,967e785d-d83c-490b-8d6a-2ed926c956ac,224474014,
106701176,bf996092-8d66-408a-8d8e-5065ca3330c2,967e785d-d83c-490b-8d6a-2ed926c956ac,IMG_20250710_190638052_HDR.jpg,0,"",,,VYKJ7GRWMX37AKTY,,VYKJ7GRWMX37AKTY,,,391c3f34-b3ca-4e98-bbfa-f9f7acfa6638,"",normal,form,2025-07-10 13:36:38.392,,t,2025-07-13 05:04:57.351735,2025-07-13 05:04:50.429,2025-07-13 05:04:57.827765,,967e785d-d83c-490b-8d6a-2ed926c956ac,224474016,
106701179,bf996092-8d66-408a-8d8e-5065ca3330c2,967e785d-d83c-490b-8d6a-2ed926c956ac,IMG_20250630_185125175_HDR.jpg,0,"",,,VYKJ7GRWMX37AKTY,,VYKJ7GRWMX37AKTY,,,c374d471-7877-4e19-bc23-6de39f47bf9b,"",normal,form,2025-06-30 13:21:25.499,,t,2025-07-13 05:06:41.661565,2025-07-13 05:06:35.228,2025-07-13 05:06:42.208984,,967e785d-d83c-490b-8d6a-2ed926c956ac,224474025,
106701194,bf996092-8d66-408a-8d8e-5065ca3330c2,967e785d-d83c-490b-8d6a-2ed926c956ac,IMG_20250712_195951233_HDR.jpg,0,"",,,VYKJ7GRWMX37AKTY,,VYKJ7GRWMX37AKTY,,,629dc7cc-6db0-4f32-b611-a831d6bbf32c,"",normal,form,2025-07-12 14:29:51.559,,t,2025-07-13 05:09:01.491622,2025-07-13 05:08:53.76,2025-07-13 05:09:01.906226,,967e785d-d83c-490b-8d6a-2ed926c956ac,224474050,
106701205,bf996092-8d66-408a-8d8e-5065ca3330c2,967e785d-d83c-490b-8d6a-2ed926c956ac,IMG_20250712_195951233_HDR.jpg,0,"",,,VYKJ7GRWMX37AKTY,,VYKJ7GRWMX37AKTY,,,687922a0-59fe-428b-b9c1-c22c2d0fe58c,"",normal,form,2025-07-12 14:29:51.559,,t,2025-07-13 05:09:29.438827,2025-07-13 05:09:22.25,2025-07-13 05:09:30.030828,,967e785d-d83c-490b-8d6a-2ed926c956ac,224474064,
106701211,bf996092-8d66-408a-8d8e-5065ca3330c2,967e785d-d83c-490b-8d6a-2ed926c956ac,IMG_20250712_195951233_HDR.jpg,0,"",,,VYKJ7GRWMX37AKTY,,VYKJ7GRWMX37AKTY,,,fed3ddd0-fa6d-454d-a669-ff3a976d285e,"",normal,form,2025-07-12 14:29:51.559,,t,2025-07-13 05:09:56.023034,2025-07-13 05:09:50.711,2025-07-13 05:09:56.540034,,967e785d-d83c-490b-8d6a-2ed926c956ac,224474077,
106701221,bf996092-8d66-408a-8d8e-5065ca3330c2,967e785d-d83c-490b-8d6a-2ed926c956ac,Screenshot_20250713-103801.WhatsApp.png,0,"",,,VYKJ7GRWMX37AKTY,,VYKJ7GRWMX37AKTY,,,024f80e4-75c3-454e-b11c-9698ff5fddf5,"",normal,form,,,t,2025-07-13 05:10:29.606107,2025-07-13 05:10:24.057,2025-07-13 05:10:30.138881,,967e785d-d83c-490b-8d6a-2ed926c956ac,224474097,
106701767,bf996092-8d66-408a-8d8e-5065ca3330c2,967e785d-d83c-490b-8d6a-2ed926c956ac,Screenshot_20250713-104204.WhatsApp.png,0,"",,,VYKJ7GRWMX37AKTY,,VYKJ7GRWMX37AKTY,,,34d4f993-c9ec-462f-a592-fb5ac4cebf9b,"",normal,form,,,t,2025-07-13 05:12:39.048699,2025-07-13 05:12:30.337,2025-07-13 05:12:39.772496,,967e785d-d83c-490b-8d6a-2ed926c956ac,224475198,
106703355,bf996092-8d66-408a-8d8e-5065ca3330c2,967e785d-d83c-490b-8d6a-2ed926c956ac,IMG_20250711_104303581_HDR.jpg,0,"",,,VYKJ7GRWMX37AKTY,,VYKJ7GRWMX37AKTY,,,ce9dd952-6997-4b12-9071-5674c325fb13,"",normal,form,2025-07-11 05:13:03.917,,t,2025-07-13 05:15:56.845075,2025-07-13 05:15:45.717,2025-07-13 05:15:58.874501,,967e785d-d83c-490b-8d6a-2ed926c956ac,224478402,
106703356,bf996092-8d66-408a-8d8e-5065ca3330c2,967e785d-d83c-490b-8d6a-2ed926c956ac,IMG_20250712_095806342_HDR.jpg,0,"",,,VYKJ7GRWMX37AKTY,,VYKJ7GRWMX37AKTY,,,aebbc09a-fc71-4a0c-a768-be82cd30eaed,"",normal,form,2025-07-12 04:28:06.717,,t,2025-07-13 05:16:51.736627,2025-07-13 05:16:37.575,2025-07-13 05:16:52.157921,,967e785d-d83c-490b-8d6a-2ed926c956ac,224478407,
106703357,bf996092-8d66-408a-8d8e-5065ca3330c2,967e785d-d83c-490b-8d6a-2ed926c956ac,IMG_20250709_141827204_HDR.jpg,0,"",,,VYKJ7GRWMX37AKTY,,VYKJ7GRWMX37AKTY,,,a3843b94-20a0-4b0e-92ba-32941ac57394,"",normal,form,2025-07-09 08:48:27.761,,t,2025-07-13 05:17:20.586745,2025-07-13 05:17:13.584,2025-07-13 05:17:21.05146,,967e785d-d83c-490b-8d6a-2ed926c956ac,224478409,
106703365,bf996092-8d66-408a-8d8e-5065ca3330c2,967e785d-d83c-490b-8d6a-2ed926c956ac,IMG_20250709_141827204_HDR.jpg,0,"",,,VYKJ7GRWMX37AKTY,,VYKJ7GRWMX37AKTY,,,0159c780-7af2-40de-9041-95c88439afd7,"",normal,form,2025-07-09 08:48:27.761,,t,2025-07-13 05:17:52.923979,2025-07-13 05:17:46.334,2025-07-13 05:17:53.491458,,967e785d-d83c-490b-8d6a-2ed926c956ac,224478428,
106714887,bf996092-8d66-408a-8d8e-5065ca3330c2,967e785d-d83c-490b-8d6a-2ed926c956ac,IMG_20250713_112001412_HDR.jpg,0,"",,,VYKJ7GRWMX37AKTY,,VYKJ7GRWMX37AKTY,,,8c4a7e54-09f3-4438-9482-9bf19809b1f7,"",normal,form,2025-07-13 05:50:01.782,,t,2025-07-13 07:01:15.187062,2025-07-13 07:01:08.093,2025-07-13 07:01:15.769961,,967e785d-d83c-490b-8d6a-2ed926c956ac,224501668,
106714892,bf996092-8d66-408a-8d8e-5065ca3330c2,967e785d-d83c-490b-8d6a-2ed926c956ac,Screenshot_20250713-123224.WhatsApp.png,0,"",,,VYKJ7GRWMX37AKTY,,VYKJ7GRWMX37AKTY,,,ad740ffe-8c72-4169-86b0-a7a76f5d53a4,"",normal,form,,,t,2025-07-13 07:02:55.410378,2025-07-13 07:02:47.196,2025-07-13 07:02:55.922661,,967e785d-d83c-490b-8d6a-2ed926c956ac,224501681,
106714895,bf996092-8d66-408a-8d8e-5065ca3330c2,967e785d-d83c-490b-8d6a-2ed926c956ac,IMG_20250713_112001412_HDR.jpg,0,"",,,VYKJ7GRWMX37AKTY,,VYKJ7GRWMX37AKTY,,,d0a7f6c9-4392-499f-9c8a-87249e2f5f57,"",normal,form,2025-07-13 05:50:01.782,,t,2025-07-13 07:03:32.584993,2025-07-13 07:03:25.819,2025-07-13 07:03:33.101348,,967e785d-d83c-490b-8d6a-2ed926c956ac,224501689,
106818865,bf996092-8d66-408a-8d8e-5065ca3330c2,f679f4cf-c089-4a2b-9b84-b14129630601,20250714_083743_photo,0,"",,,3TSJN3BRN9YVX2DX,,3TSJN3BRN9YVX2DX,28.669806,77.431731,16b259f9-badb-47d9-ad34-8cc0bef61fde,"",normal,gallery,2025-07-14 03:07:43.737,,t,2025-07-14 03:07:48.841646,2025-07-14 03:07:43.625,2025-07-14 03:07:55.129273,,f679f4cf-c089-4a2b-9b84-b14129630601,224712393,
106818940,bf996092-8d66-408a-8d8e-5065ca3330c2,f679f4cf-c089-4a2b-9b84-b14129630601,20250714_083949_photo,0,"",,,3TSJN3BRN9YVX2DX,,3TSJN3BRN9YVX2DX,28.669861,77.431819,560e3edf-9254-4ebf-af94-294609854929,"",normal,gallery,2025-07-14 03:09:49.585,,t,2025-07-14 03:09:54.845719,2025-07-14 03:09:49.49,2025-07-14 03:09:54.845719,,f679f4cf-c089-4a2b-9b84-b14129630601,224712605,
116298803,bf996092-8d66-408a-8d8e-5065ca3330c2,967e785d-d83c-490b-8d6a-2ed926c956ac,Screenshot_20250811-133923.ACC.png,0,"",,,VYKJ7GRWMX37AKTY,,VYKJ7GRWMX37AKTY,,,5b49b5c7-f198-457d-b2c1-f622e188b1ab,"",normal,form,,,t,2025-08-23 08:36:58.520073,2025-08-23 08:36:52.17,2025-08-23 08:36:58.936123,,967e785d-d83c-490b-8d6a-2ed926c956ac,243766377,
116298805,bf996092-8d66-408a-8d8e-5065ca3330c2,967e785d-d83c-490b-8d6a-2ed926c956ac,Screenshot_20250811-133923.ACC.png,0,"",,,VYKJ7GRWMX37AKTY,,VYKJ7GRWMX37AKTY,,,457eb1cd-262b-4fca-8bf6-6f9f5b8ddb05,"",normal,form,,,t,2025-08-23 08:37:34.175159,2025-08-23 08:37:28.931,2025-08-23 08:37:34.580111,,967e785d-d83c-490b-8d6a-2ed926c956ac,243766384,
116298811,bf996092-8d66-408a-8d8e-5065ca3330c2,967e785d-d83c-490b-8d6a-2ed926c956ac,Screenshot_20250811-133923.ACC.png,0,"",,,VYKJ7GRWMX37AKTY,,VYKJ7GRWMX37AKTY,,,e1d79913-5bb8-4236-ba2b-2bd3dc8e6222,"",normal,form,,,t,2025-08-23 08:38:06.299261,2025-08-23 08:38:01.563,2025-08-23 08:38:06.832232,,967e785d-d83c-490b-8d6a-2ed926c956ac,243766396,
116298821,bf996092-8d66-408a-8d8e-5065ca3330c2,967e785d-d83c-490b-8d6a-2ed926c956ac,20250823_140841_photo,0,"",,,VYKJ7GRWMX37AKTY,,VYKJ7GRWMX37AKTY,27.563520,77.662844,aeda645d-e973-466c-bdc2-8c9bc2f31890,"",normal,form,2025-08-23 08:38:41.147,,t,2025-08-23 08:38:50.699006,2025-08-23 08:38:45.432,2025-08-23 08:38:51.115821,,967e785d-d83c-490b-8d6a-2ed926c956ac,243766418,
116298826,bf996092-8d66-408a-8d8e-5065ca3330c2,967e785d-d83c-490b-8d6a-2ed926c956ac,20250823_140901_photo,0,"",,,VYKJ7GRWMX37AKTY,,VYKJ7GRWMX37AKTY,27.563530,77.662831,092d786d-452d-46e3-a0ae-6d8bbc7619be,"",normal,form,2025-08-23 08:39:01.976,,t,2025-08-23 08:39:10.485922,2025-08-23 08:39:07.418,2025-08-23 08:39:10.887457,,967e785d-d83c-490b-8d6a-2ed926c956ac,243766429,
116298829,bf996092-8d66-408a-8d8e-5065ca3330c2,967e785d-d83c-490b-8d6a-2ed926c956ac,20250823_140920_photo,0,"",,,VYKJ7GRWMX37AKTY,,VYKJ7GRWMX37AKTY,27.563530,77.662831,4e28c531-d4f8-4bd7-90a8-f0d039f6b876,"",normal,form,2025-08-23 08:39:20.257,,t,2025-08-23 08:39:30.114236,2025-08-23 08:39:26.778,2025-08-23 08:39:30.582313,,967e785d-d83c-490b-8d6a-2ed926c956ac,243766435,
116298832,bf996092-8d66-408a-8d8e-5065ca3330c2,967e785d-d83c-490b-8d6a-2ed926c956ac,20250823_140943_photo,0,"",,,VYKJ7GRWMX37AKTY,,VYKJ7GRWMX37AKTY,27.563520,77.662840,ea0f8e04-fdda-4be7-89a0-9ba93c47e40f,"",normal,form,2025-08-23 08:39:43.385,,t,2025-08-23 08:39:51.089493,2025-08-23 08:39:47.772,2025-08-23 08:39:51.546647,,967e785d-d83c-490b-8d6a-2ed926c956ac,243766442,
116298838,bf996092-8d66-408a-8d8e-5065ca3330c2,967e785d-d83c-490b-8d6a-2ed926c956ac,20250823_141002_photo,0,"",,,VYKJ7GRWMX37AKTY,,VYKJ7GRWMX37AKTY,27.563520,77.662840,6e9b64e3-5495-4d77-962f-a5caf38dd7f7,"",normal,form,2025-08-23 08:40:02.124,,t,2025-08-23 08:40:12.543562,2025-08-23 08:40:08.488,2025-08-23 08:40:13.068141,,967e785d-d83c-490b-8d6a-2ed926c956ac,243766454,
116298841,bf996092-8d66-408a-8d8e-5065ca3330c2,967e785d-d83c-490b-8d6a-2ed926c956ac,20250823_141021_photo,0,"",,,VYKJ7GRWMX37AKTY,,VYKJ7GRWMX37AKTY,27.563520,77.662840,d30b4c4b-b823-4e62-8e28-a48cb58ee231,"",normal,form,2025-08-23 08:40:21.216,,t,2025-08-23 08:40:31.724657,2025-08-23 08:40:28.097,2025-08-23 08:40:32.130104,,967e785d-d83c-490b-8d6a-2ed926c956ac,243766465,
116298843,bf996092-8d66-408a-8d8e-5065ca3330c2,967e785d-d83c-490b-8d6a-2ed926c956ac,20250823_141046_photo,0,"",,,VYKJ7GRWMX37AKTY,,VYKJ7GRWMX37AKTY,27.563507,77.662839,bdd5ec63-9ca4-4ae6-8cdd-d90092fb3c65,"",normal,form,2025-08-23 08:40:46.299,,t,2025-08-23 08:40:53.623948,2025-08-23 08:40:50.598,2025-08-23 08:40:54.014333,,967e785d-d83c-490b-8d6a-2ed926c956ac,243766469,
116298858,bf996092-8d66-408a-8d8e-5065ca3330c2,967e785d-d83c-490b-8d6a-2ed926c956ac,Screenshot_20250823-141214.ACC.png,0,"",,,VYKJ7GRWMX37AKTY,,VYKJ7GRWMX37AKTY,,,7107029c-caa3-4d24-9b1b-815c70983598,"",normal,form,,,t,2025-08-23 08:42:42.279259,2025-08-23 08:42:39.337,2025-08-23 08:42:42.656057,,967e785d-d83c-490b-8d6a-2ed926c956ac,243766495,
116298862,bf996092-8d66-408a-8d8e-5065ca3330c2,967e785d-d83c-490b-8d6a-2ed926c956ac,Screenshot_20250823-141214.ACC.png,0,"",,,VYKJ7GRWMX37AKTY,,VYKJ7GRWMX37AKTY,,,3c50f040-9ca1-4700-bb36-8216852e2910,"",normal,form,,,t,2025-08-23 08:43:00.204739,2025-08-23 08:42:57.409,2025-08-23 08:43:00.616674,,967e785d-d83c-490b-8d6a-2ed926c956ac,243766509,
116298872,bf996092-8d66-408a-8d8e-5065ca3330c2,967e785d-d83c-490b-8d6a-2ed926c956ac,Screenshot_20250823-141214.ACC.png,0,"",,,VYKJ7GRWMX37AKTY,,VYKJ7GRWMX37AKTY,,,7922f4ce-1205-4252-a3ca-5d3f5a6f4c6f,"",normal,form,,,t,2025-08-23 08:43:16.688184,2025-08-23 08:43:13.592,2025-08-23 08:43:17.526211,,967e785d-d83c-490b-8d6a-2ed926c956ac,243766531,
116298873,bf996092-8d66-408a-8d8e-5065ca3330c2,967e785d-d83c-490b-8d6a-2ed926c956ac,Screenshot_20250823-141214.ACC.png,0,"",,,VYKJ7GRWMX37AKTY,,VYKJ7GRWMX37AKTY,,,583e66c0-62ca-4089-b3cf-1b11fc56e6c6,"",normal,form,,,t,2025-08-23 08:43:28.989205,2025-08-23 08:43:26.044,2025-08-23 08:43:29.392824,,967e785d-d83c-490b-8d6a-2ed926c956ac,243766533,
116298874,bf996092-8d66-408a-8d8e-5065ca3330c2,967e785d-d83c-490b-8d6a-2ed926c956ac,Screenshot_20250823-141214.ACC.png,0,"",,,VYKJ7GRWMX37AKTY,,VYKJ7GRWMX37AKTY,,,15149c5e-6e4b-48ae-afb7-105edd398c3b,"",normal,form,,,t,2025-08-23 08:43:40.029127,2025-08-23 08:43:37.085,2025-08-23 08:43:40.452577,,967e785d-d83c-490b-8d6a-2ed926c956ac,243766535,
116298879,bf996092-8d66-408a-8d8e-5065ca3330c2,967e785d-d83c-490b-8d6a-2ed926c956ac,Screenshot_20250823-141214.ACC.png,0,"",,,VYKJ7GRWMX37AKTY,,VYKJ7GRWMX37AKTY,,,20e7a351-821d-4920-a900-14b97ece9baf,"",normal,form,,,t,2025-08-23 08:43:54.785637,2025-08-23 08:43:51.765,2025-08-23 08:43:55.202424,,967e785d-d83c-490b-8d6a-2ed926c956ac,243766550,
116298882,bf996092-8d66-408a-8d8e-5065ca3330c2,967e785d-d83c-490b-8d6a-2ed926c956ac,Screenshot_20250823-141214.ACC.png,0,"",,,VYKJ7GRWMX37AKTY,,VYKJ7GRWMX37AKTY,,,9f589fef-dff2-42e0-8c27-c617511b2edc,"",normal,form,,,t,2025-08-23 08:44:09.030405,2025-08-23 08:44:05.865,2025-08-23 08:44:09.375597,,967e785d-d83c-490b-8d6a-2ed926c956ac,243766556,
116298884,bf996092-8d66-408a-8d8e-5065ca3330c2,967e785d-d83c-490b-8d6a-2ed926c956ac,20250823_141423_photo,0,"",,,VYKJ7GRWMX37AKTY,,VYKJ7GRWMX37AKTY,27.563532,77.662829,556c3324-8c46-4633-bcc5-759ed7d8c261,"",normal,form,2025-08-23 08:44:23.559,,t,2025-08-23 08:44:30.560085,2025-08-23 08:44:27.642,2025-08-23 08:44:31.036729,,967e785d-d83c-490b-8d6a-2ed926c956ac,243766561,
116351183,bf996092-8d66-408a-8d8e-5065ca3330c2,967e785d-d83c-490b-8d6a-2ed926c956ac,Screenshot_20250824-090333.ACC.png,0,"",,,VYKJ7GRWMX37AKTY,,VYKJ7GRWMX37AKTY,,,47d7bf98-63cc-4456-a7ea-1dae70644c0f,"",normal,form,,,t,2025-08-24 03:34:07.63257,2025-08-24 03:34:00.952,2025-08-24 03:34:08.235958,,967e785d-d83c-490b-8d6a-2ed926c956ac,243874079,
116351187,bf996092-8d66-408a-8d8e-5065ca3330c2,967e785d-d83c-490b-8d6a-2ed926c956ac,Screenshot_20250824-090333.ACC.png,0,"",,,VYKJ7GRWMX37AKTY,,VYKJ7GRWMX37AKTY,,,9f70b05d-e251-4a6d-8317-51d8e9f1f872,"",normal,form,,,t,2025-08-24 03:34:23.277208,2025-08-24 03:34:18.243,2025-08-24 03:34:23.794775,,967e785d-d83c-490b-8d6a-2ed926c956ac,243874087,
116351197,bf996092-8d66-408a-8d8e-5065ca3330c2,967e785d-d83c-490b-8d6a-2ed926c956ac,Screenshot_20250824-090333.ACC.png,0,"",,,VYKJ7GRWMX37AKTY,,VYKJ7GRWMX37AKTY,,,0fdfb125-bdc7-432a-be77-54ca36a6f460,"",normal,form,,,t,2025-08-24 03:34:48.889679,2025-08-24 03:34:44.757,2025-08-24 03:34:49.513898,,967e785d-d83c-490b-8d6a-2ed926c956ac,243874112,
116351203,bf996092-8d66-408a-8d8e-5065ca3330c2,967e785d-d83c-490b-8d6a-2ed926c956ac,Screenshot_20250824-090333.ACC.png,0,"",,,VYKJ7GRWMX37AKTY,,VYKJ7GRWMX37AKTY,,,90dfaba1-2958-4baa-a3c6-03e42c18f089,"",normal,form,,,t,2025-08-24 03:35:04.040099,2025-08-24 03:35:00.907,2025-08-24 03:35:04.563136,,967e785d-d83c-490b-8d6a-2ed926c956ac,243874124,
116351222,bf996092-8d66-408a-8d8e-5065ca3330c2,967e785d-d83c-490b-8d6a-2ed926c956ac,Screenshot_20250824-090605.ACC.png,0,"",,,VYKJ7GRWMX37AKTY,,VYKJ7GRWMX37AKTY,,,8c674d2a-9bad-437e-bf6f-591fed724dae,"",normal,form,,,t,2025-08-24 03:36:29.637155,2025-08-24 03:36:26.364,2025-08-24 03:36:30.263012,,967e785d-d83c-490b-8d6a-2ed926c956ac,243874157,
116351228,bf996092-8d66-408a-8d8e-5065ca3330c2,967e785d-d83c-490b-8d6a-2ed926c956ac,Screenshot_20250824-090605.ACC.png,0,"",,,VYKJ7GRWMX37AKTY,,VYKJ7GRWMX37AKTY,,,0f3930fd-7d55-4a22-8ce8-1cba46ea7182,"",normal,form,,,t,2025-08-24 03:36:50.629676,2025-08-24 03:36:46.991,2025-08-24 03:36:51.076114,,967e785d-d83c-490b-8d6a-2ed926c956ac,243874167,
116351229,bf996092-8d66-408a-8d8e-5065ca3330c2,967e785d-d83c-490b-8d6a-2ed926c956ac,Screenshot_20250824-090605.ACC.png,0,"",,,VYKJ7GRWMX37AKTY,,VYKJ7GRWMX37AKTY,,,0e80b972-9407-4127-9fd2-bd373f0fb591,"",normal,form,,,t,2025-08-24 03:37:00.696607,2025-08-24 03:36:57.703,2025-08-24 03:37:01.137736,,967e785d-d83c-490b-8d6a-2ed926c956ac,243874169,
116351231,bf996092-8d66-408a-8d8e-5065ca3330c2,967e785d-d83c-490b-8d6a-2ed926c956ac,Screenshot_20250824-090605.ACC.png,0,"",,,VYKJ7GRWMX37AKTY,,VYKJ7GRWMX37AKTY,,,cafe0e9e-a3bb-4f93-965b-e759c5e484e9,"",normal,form,,,t,2025-08-24 03:37:12.365658,2025-08-24 03:37:08.083,2025-08-24 03:37:12.860491,,967e785d-d83c-490b-8d6a-2ed926c956ac,243874172,
116351233,bf996092-8d66-408a-8d8e-5065ca3330c2,967e785d-d83c-490b-8d6a-2ed926c956ac,Screenshot_20250824-090605.ACC.png,0,"",,,VYKJ7GRWMX37AKTY,,VYKJ7GRWMX37AKTY,,,2d65a291-ad67-4ab3-8e84-61d6339e854d,"",normal,form,,,t,2025-08-24 03:37:23.719833,2025-08-24 03:37:20.507,2025-08-24 03:37:24.240968,,967e785d-d83c-490b-8d6a-2ed926c956ac,243874175,
116351236,bf996092-8d66-408a-8d8e-5065ca3330c2,967e785d-d83c-490b-8d6a-2ed926c956ac,Screenshot_20250824-090605.ACC.png,0,"",,,VYKJ7GRWMX37AKTY,,VYKJ7GRWMX37AKTY,,,e2d4867e-55fb-48a0-aa06-8d019e9ac24a,"",normal,form,,,t,2025-08-24 03:37:34.441605,2025-08-24 03:37:31.153,2025-08-24 03:37:34.872102,,967e785d-d83c-490b-8d6a-2ed926c956ac,243874183,
116351254,bf996092-8d66-408a-8d8e-5065ca3330c2,967e785d-d83c-490b-8d6a-2ed926c956ac,20250824_090758_photo,0,"",,,VYKJ7GRWMX37AKTY,,VYKJ7GRWMX37AKTY,27.563507,77.662825,d942d728-db9a-47a7-a45d-3ca6fc7c4737,"",normal,form,2025-08-24 03:37:58.009,,t,2025-08-24 03:38:17.016302,2025-08-24 03:38:02.252,2025-08-24 03:38:17.467254,,967e785d-d83c-490b-8d6a-2ed926c956ac,243874219,
116351255,bf996092-8d66-408a-8d8e-5065ca3330c2,967e785d-d83c-490b-8d6a-2ed926c956ac,20250824_090822_photo,0,"",,,VYKJ7GRWMX37AKTY,,VYKJ7GRWMX37AKTY,27.563507,77.662826,5e6fa880-f23d-4fa8-930e-f9404ab2c546,"",normal,form,2025-08-24 03:38:22.875,,t,2025-08-24 03:38:30.177788,2025-08-24 03:38:26.916,2025-08-24 03:38:30.70537,,967e785d-d83c-490b-8d6a-2ed926c956ac,243874221,
116351256,bf996092-8d66-408a-8d8e-5065ca3330c2,967e785d-d83c-490b-8d6a-2ed926c956ac,Screenshot_20250824-090913.ACC.png,0,"",,,VYKJ7GRWMX37AKTY,,VYKJ7GRWMX37AKTY,,,3a8e6810-19ec-4568-b43a-c27f2be7b8c7,"",normal,form,,,t,2025-08-24 03:39:43.242759,2025-08-24 03:39:40.222,2025-08-24 03:39:43.707858,,967e785d-d83c-490b-8d6a-2ed926c956ac,243874228,
116351266,bf996092-8d66-408a-8d8e-5065ca3330c2,967e785d-d83c-490b-8d6a-2ed926c956ac,Screenshot_20250824-090913.ACC.png,0,"",,,VYKJ7GRWMX37AKTY,,VYKJ7GRWMX37AKTY,,,3ba55d3d-5737-423a-bee8-4d1de85338c1,"",normal,form,,,t,2025-08-24 03:40:00.899224,2025-08-24 03:39:57.889,2025-08-24 03:40:01.315292,,967e785d-d83c-490b-8d6a-2ed926c956ac,243874247,
116351274,bf996092-8d66-408a-8d8e-5065ca3330c2,967e785d-d83c-490b-8d6a-2ed926c956ac,Screenshot_20250824-090913.ACC.png,0,"",,,VYKJ7GRWMX37AKTY,,VYKJ7GRWMX37AKTY,,,6dba57d8-e831-4b2e-bbb5-88c3a198cb20,"",normal,form,,,t,2025-08-24 03:40:14.570252,2025-08-24 03:40:11.379,2025-08-24 03:40:15.005938,,967e785d-d83c-490b-8d6a-2ed926c956ac,243874264,
116351276,bf996092-8d66-408a-8d8e-5065ca3330c2,967e785d-d83c-490b-8d6a-2ed926c956ac,Screenshot_20250824-090913.ACC.png,0,"",,,VYKJ7GRWMX37AKTY,,VYKJ7GRWMX37AKTY,,,7946704f-497f-4656-8dff-1c6fc1109612,"",normal,form,,,t,2025-08-24 03:40:24.154018,2025-08-24 03:40:21.157,2025-08-24 03:40:24.667758,,967e785d-d83c-490b-8d6a-2ed926c956ac,243874268,
116351279,bf996092-8d66-408a-8d8e-5065ca3330c2,967e785d-d83c-490b-8d6a-2ed926c956ac,Screenshot_20250824-090913.ACC.png,0,"",,,VYKJ7GRWMX37AKTY,,VYKJ7GRWMX37AKTY,,,a491940e-26fb-456f-9f8f-aabdd89a156d,"",normal,form,,,t,2025-08-24 03:40:37.178736,2025-08-24 03:40:34.359,2025-08-24 03:40:37.533838,,967e785d-d83c-490b-8d6a-2ed926c956ac,243874274,
116351289,bf996092-8d66-408a-8d8e-5065ca3330c2,967e785d-d83c-490b-8d6a-2ed926c956ac,Screenshot_20250824-090913.ACC.png,0,"",,,VYKJ7GRWMX37AKTY,,VYKJ7GRWMX37AKTY,,,de7e07b6-22e2-470c-8144-310f7af5dbf8,"",normal,form,,,t,2025-08-24 03:40:54.180906,2025-08-24 03:40:51.311,2025-08-24 03:40:54.590644,,967e785d-d83c-490b-8d6a-2ed926c956ac,243874286,
116351290,bf996092-8d66-408a-8d8e-5065ca3330c2,967e785d-d83c-490b-8d6a-2ed926c956ac,20250824_091115_photo,0,"",,,VYKJ7GRWMX37AKTY,,VYKJ7GRWMX37AKTY,27.563507,77.662824,86537198-fc37-4099-b063-6041811b9876,"",normal,form,2025-08-24 03:41:15.156,,t,2025-08-24 03:41:22.308159,2025-08-24 03:41:19.266,2025-08-24 03:41:22.743378,,967e785d-d83c-490b-8d6a-2ed926c956ac,243874296,
116351292,bf996092-8d66-408a-8d8e-5065ca3330c2,967e785d-d83c-490b-8d6a-2ed926c956ac,Screenshot_20250824-091222.ACC.png,0,"",,,VYKJ7GRWMX37AKTY,,VYKJ7GRWMX37AKTY,,,6f7870a7-8246-4827-94d3-59914fcda18f,"",normal,form,,,t,2025-08-24 03:42:49.368973,2025-08-24 03:42:42.768,2025-08-24 03:42:49.873403,,967e785d-d83c-490b-8d6a-2ed926c956ac,243874300,
116351293,bf996092-8d66-408a-8d8e-5065ca3330c2,967e785d-d83c-490b-8d6a-2ed926c956ac,Screenshot_20250824-091222.ACC.png,0,"",,,VYKJ7GRWMX37AKTY,,VYKJ7GRWMX37AKTY,,,d4b6ca36-21c5-4ce7-be01-014964353de6,"",normal,form,,,t,2025-08-24 03:43:04.138511,2025-08-24 03:42:59.38,2025-08-24 03:43:04.640949,,967e785d-d83c-490b-8d6a-2ed926c956ac,243874302,
116351294,bf996092-8d66-408a-8d8e-5065ca3330c2,967e785d-d83c-490b-8d6a-2ed926c956ac,Screenshot_20250824-091222.ACC.png,0,"",,,VYKJ7GRWMX37AKTY,,VYKJ7GRWMX37AKTY,,,34f46df6-7b5b-45b8-a9d0-89d39c4a2146,"",normal,form,,,t,2025-08-24 03:43:21.483154,2025-08-24 03:43:18.241,2025-08-24 03:43:21.941073,,967e785d-d83c-490b-8d6a-2ed926c956ac,243874304,
116351295,bf996092-8d66-408a-8d8e-5065ca3330c2,967e785d-d83c-490b-8d6a-2ed926c956ac,Screenshot_20250824-091222.ACC.png,0,"",,,VYKJ7GRWMX37AKTY,,VYKJ7GRWMX37AKTY,,,34508f35-d942-40cd-a8db-26f59209130f,"",normal,form,,,t,2025-08-24 03:43:37.891013,2025-08-24 03:43:34.886,2025-08-24 03:43:38.292368,,967e785d-d83c-490b-8d6a-2ed926c956ac,243874306,
116351296,bf996092-8d66-408a-8d8e-5065ca3330c2,967e785d-d83c-490b-8d6a-2ed926c956ac,Screenshot_20250824-091222.ACC.png,0,"",,,VYKJ7GRWMX37AKTY,,VYKJ7GRWMX37AKTY,,,dd8174a7-6b4e-48fe-bea1-259310c2ee8a,"",normal,form,,,t,2025-08-24 03:43:49.92673,2025-08-24 03:43:46.378,2025-08-24 03:43:50.361538,,967e785d-d83c-490b-8d6a-2ed926c956ac,243874308,
116351306,bf996092-8d66-408a-8d8e-5065ca3330c2,967e785d-d83c-490b-8d6a-2ed926c956ac,Screenshot_20250824-091222.ACC.png,0,"",,,VYKJ7GRWMX37AKTY,,VYKJ7GRWMX37AKTY,,,392269d4-6ebd-4582-a8de-ad224941c684,"",normal,form,,,t,2025-08-24 03:44:25.54773,2025-08-24 03:44:22.345,2025-08-24 03:44:25.968699,,967e785d-d83c-490b-8d6a-2ed926c956ac,243874334,
116351308,bf996092-8d66-408a-8d8e-5065ca3330c2,967e785d-d83c-490b-8d6a-2ed926c956ac,Screenshot_20250824-091222.ACC.png,0,"",,,VYKJ7GRWMX37AKTY,,VYKJ7GRWMX37AKTY,,,6a4871e3-f2f8-46df-9688-40f7009bd1fa,"",normal,form,,,t,2025-08-24 03:44:36.557419,2025-08-24 03:44:31.75,2025-08-24 03:44:37.098156,,967e785d-d83c-490b-8d6a-2ed926c956ac,243874338,
116351310,bf996092-8d66-408a-8d8e-5065ca3330c2,967e785d-d83c-490b-8d6a-2ed926c956ac,Screenshot_20250824-091222.ACC.png,0,"",,,VYKJ7GRWMX37AKTY,,VYKJ7GRWMX37AKTY,,,9b209520-3ed7-405f-8842-8f039783d6ed,"",normal,form,,,t,2025-08-24 03:45:03.590268,2025-08-24 03:44:59.102,2025-08-24 03:45:04.105312,,967e785d-d83c-490b-8d6a-2ed926c956ac,243874342,
116351351,bf996092-8d66-408a-8d8e-5065ca3330c2,967e785d-d83c-490b-8d6a-2ed926c956ac,Screenshot_20250824-091627.ACC.png,0,"",,,VYKJ7GRWMX37AKTY,,VYKJ7GRWMX37AKTY,,,a71fafc6-f862-45bb-8478-22467ee1b653,"",normal,form,,,t,2025-08-24 03:47:49.592862,2025-08-24 03:47:45.732,2025-08-24 03:47:49.989221,,967e785d-d83c-490b-8d6a-2ed926c956ac,243874429,
116351352,bf996092-8d66-408a-8d8e-5065ca3330c2,967e785d-d83c-490b-8d6a-2ed926c956ac,Screenshot_20250824-091627.ACC.png,0,"",,,VYKJ7GRWMX37AKTY,,VYKJ7GRWMX37AKTY,,,babe0d6f-2d41-41e6-ba27-37245cc2ac46,"",normal,form,,,t,2025-08-24 03:48:04.36351,2025-08-24 03:48:01.284,2025-08-24 03:48:04.8697,,967e785d-d83c-490b-8d6a-2ed926c956ac,243874431,
116351353,bf996092-8d66-408a-8d8e-5065ca3330c2,967e785d-d83c-490b-8d6a-2ed926c956ac,Screenshot_20250824-091627.ACC.png,0,"",,,VYKJ7GRWMX37AKTY,,VYKJ7GRWMX37AKTY,,,5d3246df-73b6-422a-be0e-c99b8d654322,"",normal,form,,,t,2025-08-24 03:48:20.22009,2025-08-24 03:48:16.011,2025-08-24 03:48:20.738346,,967e785d-d83c-490b-8d6a-2ed926c956ac,243874433,
116351354,bf996092-8d66-408a-8d8e-5065ca3330c2,967e785d-d83c-490b-8d6a-2ed926c956ac,Screenshot_20250824-091627.ACC.png,0,"",,,VYKJ7GRWMX37AKTY,,VYKJ7GRWMX37AKTY,,,ef346554-9e51-4335-90a4-d60dcd7f33c2,"",normal,form,,,t,2025-08-24 03:48:31.877008,2025-08-24 03:48:28.915,2025-08-24 03:48:32.282495,,967e785d-d83c-490b-8d6a-2ed926c956ac,243874435,
116351356,bf996092-8d66-408a-8d8e-5065ca3330c2,967e785d-d83c-490b-8d6a-2ed926c956ac,Screenshot_20250824-091627.ACC.png,0,"",,,VYKJ7GRWMX37AKTY,,VYKJ7GRWMX37AKTY,,,21ef19f6-fe0b-4476-8a6f-df806339e4ce,"",normal,form,,,t,2025-08-24 03:48:45.7347,2025-08-24 03:48:42.609,2025-08-24 03:48:46.150492,,967e785d-d83c-490b-8d6a-2ed926c956ac,243874439,
116351357,bf996092-8d66-408a-8d8e-5065ca3330c2,967e785d-d83c-490b-8d6a-2ed926c956ac,Screenshot_20250824-091627.ACC.png,0,"",,,VYKJ7GRWMX37AKTY,,VYKJ7GRWMX37AKTY,,,66ce9d0f-48ab-4dc7-bbff-73bb529418a0,"",normal,form,,,t,2025-08-24 03:49:02.166275,2025-08-24 03:48:58.954,2025-08-24 03:49:02.705892,,967e785d-d83c-490b-8d6a-2ed926c956ac,243874441,
116351363,bf996092-8d66-408a-8d8e-5065ca3330c2,967e785d-d83c-490b-8d6a-2ed926c956ac,Screenshot_20250824-091627.ACC.png,0,"",,,VYKJ7GRWMX37AKTY,,VYKJ7GRWMX37AKTY,,,1dce5a10-da37-4735-af0b-ba3dac609fbf,"",normal,form,,,t,2025-08-24 03:49:15.843008,2025-08-24 03:49:12.613,2025-08-24 03:49:16.221673,,967e785d-d83c-490b-8d6a-2ed926c956ac,243874451,
116351368,bf996092-8d66-408a-8d8e-5065ca3330c2,967e785d-d83c-490b-8d6a-2ed926c956ac,Screenshot_20250824-091627.ACC.png,0,"",,,VYKJ7GRWMX37AKTY,,VYKJ7GRWMX37AKTY,,,8d917ef6-8c9b-45bf-84e7-7cca11d60495,"",normal,form,,,t,2025-08-24 03:49:27.579609,2025-08-24 03:49:24.565,2025-08-24 03:49:28.108847,,967e785d-d83c-490b-8d6a-2ed926c956ac,243874458,
116351377,bf996092-8d66-408a-8d8e-5065ca3330c2,967e785d-d83c-490b-8d6a-2ed926c956ac,20250824_092001_photo,0,"",,,VYKJ7GRWMX37AKTY,,VYKJ7GRWMX37AKTY,27.563507,77.662827,8e493f9f-cbf2-48f0-96af-9a042b53e801,"",normal,form,2025-08-24 03:50:01.084,,t,2025-08-24 03:50:08.859676,2025-08-24 03:50:05.727,2025-08-24 03:50:09.22123,,967e785d-d83c-490b-8d6a-2ed926c956ac,243874472,
116351382,bf996092-8d66-408a-8d8e-5065ca3330c2,967e785d-d83c-490b-8d6a-2ed926c956ac,Screenshot_20250824-092049.ACC.png,0,"",,,VYKJ7GRWMX37AKTY,,VYKJ7GRWMX37AKTY,,,db1b21bb-9e95-4bdd-ac9b-625f3d3dd1d7,"",normal,form,,,t,2025-08-24 03:51:11.841397,2025-08-24 03:51:08.806,2025-08-24 03:51:12.358452,,967e785d-d83c-490b-8d6a-2ed926c956ac,243874492,
116351383,bf996092-8d66-408a-8d8e-5065ca3330c2,967e785d-d83c-490b-8d6a-2ed926c956ac,Screenshot_20250824-092049.ACC.png,0,"",,,VYKJ7GRWMX37AKTY,,VYKJ7GRWMX37AKTY,,,b9ed9601-e333-4d52-890a-1a704c4caed6,"",normal,form,,,t,2025-08-24 03:51:21.673961,2025-08-24 03:51:18.869,2025-08-24 03:51:22.157141,,967e785d-d83c-490b-8d6a-2ed926c956ac,243874494,
116351384,bf996092-8d66-408a-8d8e-5065ca3330c2,967e785d-d83c-490b-8d6a-2ed926c956ac,Screenshot_20250824-092049.ACC.png,0,"",,,VYKJ7GRWMX37AKTY,,VYKJ7GRWMX37AKTY,,,73268092-3ace-42eb-891f-be4e42bcf9d2,"",normal,form,,,t,2025-08-24 03:51:31.641301,2025-08-24 03:51:28.798,2025-08-24 03:51:32.090531,,967e785d-d83c-490b-8d6a-2ed926c956ac,243874496,
116351385,bf996092-8d66-408a-8d8e-5065ca3330c2,967e785d-d83c-490b-8d6a-2ed926c956ac,Screenshot_20250824-092049.ACC.png,0,"",,,VYKJ7GRWMX37AKTY,,VYKJ7GRWMX37AKTY,,,86fa62ab-d00b-4eb0-a00d-ebb1778b5a5c,"",normal,form,,,t,2025-08-24 03:51:51.361211,2025-08-24 03:51:48.542,2025-08-24 03:51:51.724126,,967e785d-d83c-490b-8d6a-2ed926c956ac,243874498,
116351386,bf996092-8d66-408a-8d8e-5065ca3330c2,967e785d-d83c-490b-8d6a-2ed926c956ac,Screenshot_20250824-092049.ACC.png,0,"",,,VYKJ7GRWMX37AKTY,,VYKJ7GRWMX37AKTY,,,bc8c6473-dadf-4143-93c8-267a6bef10e6,"",normal,form,,,t,2025-08-24 03:52:04.833315,2025-08-24 03:52:01.992,2025-08-24 03:52:05.41069,,967e785d-d83c-490b-8d6a-2ed926c956ac,243874500,
116351387,bf996092-8d66-408a-8d8e-5065ca3330c2,967e785d-d83c-490b-8d6a-2ed926c956ac,Screenshot_20250824-092049.ACC.png,0,"",,,VYKJ7GRWMX37AKTY,,VYKJ7GRWMX37AKTY,,,b793ad38-6e2c-4daa-8a34-ff2d598ea54a,"",normal,form,,,t,2025-08-24 03:52:13.454504,2025-08-24 03:52:10.594,2025-08-24 03:52:13.908109,,967e785d-d83c-490b-8d6a-2ed926c956ac,243874502,
116351388,bf996092-8d66-408a-8d8e-5065ca3330c2,967e785d-d83c-490b-8d6a-2ed926c956ac,Screenshot_20250824-092049.ACC.png,0,"",,,VYKJ7GRWMX37AKTY,,VYKJ7GRWMX37AKTY,,,8a419db3-733d-4041-9644-60c821dd2539,"",normal,form,,,t,2025-08-24 03:52:25.508299,2025-08-24 03:52:22.652,2025-08-24 03:52:25.97109,,967e785d-d83c-490b-8d6a-2ed926c956ac,243874504,
116351390,bf996092-8d66-408a-8d8e-5065ca3330c2,967e785d-d83c-490b-8d6a-2ed926c956ac,Screenshot_20250824-092049.ACC.png,0,"",,,VYKJ7GRWMX37AKTY,,VYKJ7GRWMX37AKTY,,,a8fe7f7c-22dc-48d1-a318-47ff4071caee,"",normal,form,,,t,2025-08-24 03:52:57.900206,2025-08-24 03:52:55.188,2025-08-24 03:52:58.346382,,967e785d-d83c-490b-8d6a-2ed926c956ac,243874508,
116351395,bf996092-8d66-408a-8d8e-5065ca3330c2,967e785d-d83c-490b-8d6a-2ed926c956ac,Screenshot_20250824-092049.ACC.png,0,"",,,VYKJ7GRWMX37AKTY,,VYKJ7GRWMX37AKTY,,,35885442-556d-40e0-a0bc-46cf63fafb5b,"",normal,form,,,t,2025-08-24 03:53:44.564646,2025-08-24 03:53:41.794,2025-08-24 03:53:44.986595,,967e785d-d83c-490b-8d6a-2ed926c956ac,243874521,
116351396,bf996092-8d66-408a-8d8e-5065ca3330c2,967e785d-d83c-490b-8d6a-2ed926c956ac,Screenshot_20250824-092049.ACC.png,0,"",,,VYKJ7GRWMX37AKTY,,VYKJ7GRWMX37AKTY,,,c1d30cec-3555-4d14-b6e3-d1c8b4752699,"",normal,form,,,t,2025-08-24 03:53:57.451766,2025-08-24 03:53:54.497,2025-08-24 03:53:57.826143,,967e785d-d83c-490b-8d6a-2ed926c956ac,243874523,
116351397,bf996092-8d66-408a-8d8e-5065ca3330c2,967e785d-d83c-490b-8d6a-2ed926c956ac,20250824_092416_photo,0,"",,,VYKJ7GRWMX37AKTY,,VYKJ7GRWMX37AKTY,27.563507,77.662823,3b2b66d2-ce78-4687-8d81-4bb581f1fa48,"",normal,form,2025-08-24 03:54:16.493,,t,2025-08-24 03:54:24.043096,2025-08-24 03:54:20.991,2025-08-24 03:54:24.558444,,967e785d-d83c-490b-8d6a-2ed926c956ac,243874525,
116352680,bf996092-8d66-408a-8d8e-5065ca3330c2,967e785d-d83c-490b-8d6a-2ed926c956ac,Screenshot_20250824-122531.ACC.png,0,"",,,VYKJ7GRWMX37AKTY,,VYKJ7GRWMX37AKTY,,,67753aa3-4608-445c-9f4b-54fd54023ba5,"",normal,form,,,t,2025-08-24 06:56:21.380623,2025-08-24 06:56:16.338,2025-08-24 06:56:21.911825,,967e785d-d83c-490b-8d6a-2ed926c956ac,243877700,
116352685,bf996092-8d66-408a-8d8e-5065ca3330c2,967e785d-d83c-490b-8d6a-2ed926c956ac,Screenshot_20250824-122531.ACC.png,0,"",,,VYKJ7GRWMX37AKTY,,VYKJ7GRWMX37AKTY,,,1918891f-fe47-4f3b-a92a-4ada710ab7dd,"",normal,form,,,t,2025-08-24 06:56:41.764061,2025-08-24 06:56:35.004,2025-08-24 06:56:42.167641,,967e785d-d83c-490b-8d6a-2ed926c956ac,243877706,
116352697,bf996092-8d66-408a-8d8e-5065ca3330c2,967e785d-d83c-490b-8d6a-2ed926c956ac,Screenshot_20250824-122531.ACC.png,0,"",,,VYKJ7GRWMX37AKTY,,VYKJ7GRWMX37AKTY,,,253ca414-70cb-4db7-bcba-73f29489efe2,"",normal,form,,,t,2025-08-24 06:58:05.62882,2025-08-24 06:57:59.105,2025-08-24 06:58:06.045833,,967e785d-d83c-490b-8d6a-2ed926c956ac,243877754,
116352701,bf996092-8d66-408a-8d8e-5065ca3330c2,967e785d-d83c-490b-8d6a-2ed926c956ac,Screenshot_20250824-122531.ACC.png,0,"",,,VYKJ7GRWMX37AKTY,,VYKJ7GRWMX37AKTY,,,f902c70b-3acd-4ea7-8250-5046d5aa75f1,"",normal,form,,,t,2025-08-24 06:59:33.293849,2025-08-24 06:59:28.572,2025-08-24 06:59:33.810981,,967e785d-d83c-490b-8d6a-2ed926c956ac,243877781,
116352710,bf996092-8d66-408a-8d8e-5065ca3330c2,967e785d-d83c-490b-8d6a-2ed926c956ac,Screenshot_20250824-122705.WhatsApp.png,0,"",,,VYKJ7GRWMX37AKTY,,VYKJ7GRWMX37AKTY,,,0ef554a0-e688-49a9-8734-de840119f132,"",normal,form,,,t,2025-08-24 07:00:33.20161,2025-08-24 07:00:30.195,2025-08-24 07:00:33.569446,,967e785d-d83c-490b-8d6a-2ed926c956ac,243877791,
116359791,bf996092-8d66-408a-8d8e-5065ca3330c2,967e785d-d83c-490b-8d6a-2ed926c956ac,IMG20250810192352.jpg,0,"",,,MJU2FLVXJAQLGRH7,,MJU2FLVXJAQLGRH7,,,f1c28b55-e8d2-46a3-9088-63fa90b5b2ed,"",normal,form,2025-08-10 13:53:52.301,,t,2025-08-24 14:46:31.756232,2025-08-24 14:46:20.933,2025-08-24 14:46:50.252298,,967e785d-d83c-490b-8d6a-2ed926c956ac,243892062,
116359794,bf996092-8d66-408a-8d8e-5065ca3330c2,967e785d-d83c-490b-8d6a-2ed926c956ac,IMG20250809115923.jpg,0,"",,,MJU2FLVXJAQLGRH7,,MJU2FLVXJAQLGRH7,,,254af6c4-497b-429b-8497-a54008cafe76,"",normal,form,2025-08-09 06:29:23.357,,t,2025-08-24 14:46:41.448183,2025-08-24 14:46:21.233,2025-08-24 14:46:50.773078,,967e785d-d83c-490b-8d6a-2ed926c956ac,243892064,
116359800,bf996092-8d66-408a-8d8e-5065ca3330c2,967e785d-d83c-490b-8d6a-2ed926c956ac,IMG20250719185809.jpg,0,"",,,MJU2FLVXJAQLGRH7,,MJU2FLVXJAQLGRH7,,,b9c0b1ac-0af1-4e35-be70-265334b2c3de,"",normal,form,2025-07-19 13:28:09.972,,t,2025-08-24 14:46:49.76237,2025-08-24 14:46:21.533,2025-08-24 14:46:51.298606,,967e785d-d83c-490b-8d6a-2ed926c956ac,243892065,
116359932,bf996092-8d66-408a-8d8e-5065ca3330c2,967e785d-d83c-490b-8d6a-2ed926c956ac,IMG-20250824-WA0006.jpg,0,"",,,MJU2FLVXJAQLGRH7,,MJU2FLVXJAQLGRH7,,,3218a22e-de60-4427-a8cc-5072bd2fc0be,"",normal,form,,,t,2025-08-24 14:51:45.66734,2025-08-24 14:51:38.444,2025-08-24 14:51:46.356764,,967e785d-d83c-490b-8d6a-2ed926c956ac,243892291,
116359988,bf996092-8d66-408a-8d8e-5065ca3330c2,967e785d-d83c-490b-8d6a-2ed926c956ac,IMG-20250824-WA0009.jpg,0,"",,,MJU2FLVXJAQLGRH7,,MJU2FLVXJAQLGRH7,,,dbd06450-14b8-4697-ae16-e43fe6dc8660,"",normal,form,,,t,2025-08-24 14:53:35.691679,2025-08-24 14:53:27.385,2025-08-24 14:53:48.985835,,967e785d-d83c-490b-8d6a-2ed926c956ac,243892409,
116359992,bf996092-8d66-408a-8d8e-5065ca3330c2,967e785d-d83c-490b-8d6a-2ed926c956ac,IMG-20250824-WA0008.jpg,0,"",,,MJU2FLVXJAQLGRH7,,MJU2FLVXJAQLGRH7,,,3d67d09a-25cc-4fda-a693-ca1553b507cf,"",normal,form,,,t,2025-08-24 14:53:41.980792,2025-08-24 14:53:27.564,2025-08-24 14:53:49.716695,,967e785d-d83c-490b-8d6a-2ed926c956ac,243892410,
116359995,bf996092-8d66-408a-8d8e-5065ca3330c2,967e785d-d83c-490b-8d6a-2ed926c956ac,IMG-20250824-WA0007.jpg,0,"",,,MJU2FLVXJAQLGRH7,,MJU2FLVXJAQLGRH7,,,e4e0a105-dc2a-452d-b3c3-19b0ca195fe8,"",normal,form,,,t,2025-08-24 14:53:48.283592,2025-08-24 14:53:27.673,2025-08-24 14:53:50.160708,,967e785d-d83c-490b-8d6a-2ed926c956ac,243892411,
116359998,bf996092-8d66-408a-8d8e-5065ca3330c2,967e785d-d83c-490b-8d6a-2ed926c956ac,IMG-20250824-WA0008.jpg,0,"",,,MJU2FLVXJAQLGRH7,,MJU2FLVXJAQLGRH7,,,6c3d088c-012d-4435-8caa-f1283794be98,"",normal,form,,,t,2025-08-24 14:53:56.756929,2025-08-24 14:53:42.774,2025-08-24 14:53:57.3149,,967e785d-d83c-490b-8d6a-2ed926c956ac,243892415,
116360000,bf996092-8d66-408a-8d8e-5065ca3330c2,967e785d-d83c-490b-8d6a-2ed926c956ac,IMG-20250824-WA0009.jpg,0,"",,,MJU2FLVXJAQLGRH7,,MJU2FLVXJAQLGRH7,,,dad9f3a4-c7c6-4d27-b668-060a393862c8,"",normal,form,,,t,2025-08-24 14:54:03.491373,2025-08-24 14:53:51.507,2025-08-24 14:54:17.803068,,967e785d-d83c-490b-8d6a-2ed926c956ac,243892433,
116360002,bf996092-8d66-408a-8d8e-5065ca3330c2,967e785d-d83c-490b-8d6a-2ed926c956ac,IMG-20250824-WA0006.jpg,0,"",,,MJU2FLVXJAQLGRH7,,MJU2FLVXJAQLGRH7,,,946d1b25-2d1c-40f4-bacd-5e169a211171,"",normal,form,,,t,2025-08-24 14:54:10.660105,2025-08-24 14:53:51.641,2025-08-24 14:54:18.222067,,967e785d-d83c-490b-8d6a-2ed926c956ac,243892435,
116360008,bf996092-8d66-408a-8d8e-5065ca3330c2,967e785d-d83c-490b-8d6a-2ed926c956ac,IMG-20250824-WA0007.jpg,0,"",,,MJU2FLVXJAQLGRH7,,MJU2FLVXJAQLGRH7,,,c1f5215c-f03f-44a8-99e2-c1dd2f25303e,"",normal,form,,,t,2025-08-24 14:54:17.33021,2025-08-24 14:53:51.739,2025-08-24 14:54:18.63192,,967e785d-d83c-490b-8d6a-2ed926c956ac,243892437,
116397582,bf996092-8d66-408a-8d8e-5065ca3330c2,f6ab14eb-1a66-4ea5-8a0f-0afbda444403,PCC workdone,161019,"",,,FXYJ2FJQL3UMY6KM,,FXYJ2FJQL3UMY6KM,,,4590136f-4147-469e-9990-f6e5669038c5,"",normal,rfi,,,f,2025-08-25 05:51:13.582466,2025-08-25 05:51:13.582466,2025-08-25 05:51:19.527907,,f6ab14eb-1a66-4ea5-8a0f-0afbda444403,243973209,
116407938,bf996092-8d66-408a-8d8e-5065ca3330c2,f679f4cf-c089-4a2b-9b84-b14129630601,IMG_9796,0,"",,,3TSJN3BRN9YVX2DX,,3TSJN3BRN9YVX2DX,28.669436,77.431664,b0199503-c3de-47cd-ae5d-09f32ad18f9b,"",normal,gallery,2025-08-17 12:47:52,,t,2025-08-25 09:18:08.437618,2025-08-25 09:18:02.528,2025-08-25 09:18:08.437618,,f679f4cf-c089-4a2b-9b84-b14129630601,243998600,
116408810,bf996092-8d66-408a-8d8e-5065ca3330c2,f679f4cf-c089-4a2b-9b84-b14129630601,64BDCBCE-08AE-42AC-B619-ECF97B91B0F0,0,"",,,3TSJN3BRN9YVX2DX,,3TSJN3BRN9YVX2DX,,,272eef0a-574e-4065-9b57-755236f3ac02,"",normal,gallery,2025-08-21 06:43:49,,t,2025-08-25 09:30:17.931535,2025-08-25 09:30:10.51,2025-08-25 09:30:17.931535,,f679f4cf-c089-4a2b-9b84-b14129630601,244000724,
116409698,bf996092-8d66-408a-8d8e-5065ca3330c2,f679f4cf-c089-4a2b-9b84-b14129630601,64BDCBCE-08AE-42AC-B619-ECF97B91B0F0,0,"",,,3TSJN3BRN9YVX2DX,,3TSJN3BRN9YVX2DX,,,e15e9ed8-79a1-423f-bf0a-3faffa2972ce,"",normal,gallery,2025-08-21 06:43:49,,t,2025-08-25 09:41:26.484552,2025-08-25 09:41:20.135,2025-08-25 09:41:26.484552,,f679f4cf-c089-4a2b-9b84-b14129630601,244002761,
116411483,bf996092-8d66-408a-8d8e-5065ca3330c2,f679f4cf-c089-4a2b-9b84-b14129630601,bd45cd96-c369-4c5d-aa1b-6d70b73f260d,0,"",,,3TSJN3BRN9YVX2DX,,3TSJN3BRN9YVX2DX,,,3414acdc-fe2b-4135-a97a-d072339921ed,"",normal,gallery,2025-08-25 10:06:26.689,,t,2025-08-25 10:06:31.81778,2025-08-25 10:06:26.617,2025-08-25 10:06:31.81778,,f679f4cf-c089-4a2b-9b84-b14129630601,244006985,
116412365,bf996092-8d66-408a-8d8e-5065ca3330c2,f679f4cf-c089-4a2b-9b84-b14129630601,IMG_9794,0,"",,,3TSJN3BRN9YVX2DX,,3TSJN3BRN9YVX2DX,28.669447,77.431572,7c49222c-4a07-4929-98b6-a063b6f7caf7,"",normal,gallery,2025-08-17 12:47:27,,t,2025-08-25 10:18:56.388708,2025-08-25 10:18:50.584,2025-08-25 10:18:56.388708,,f679f4cf-c089-4a2b-9b84-b14129630601,244008793,
116412831,bf996092-8d66-408a-8d8e-5065ca3330c2,f679f4cf-c089-4a2b-9b84-b14129630601,IMG_8217,0,"",,,3TSJN3BRN9YVX2DX,,3TSJN3BRN9YVX2DX,28.669778,77.431656,700a6569-42dc-49d3-acfa-f747fbefb353,"",normal,gallery,2025-07-21 07:02:58,,t,2025-08-25 10:26:03.430699,2025-08-25 10:25:57.567,2025-08-25 10:26:03.430699,,f679f4cf-c089-4a2b-9b84-b14129630601,244009844,
116413571,bf996092-8d66-408a-8d8e-5065ca3330c2,f679f4cf-c089-4a2b-9b84-b14129630601,01af9be3-77bb-45f2-aca5-b07271d9a9b4,0,"",,,3TSJN3BRN9YVX2DX,,3TSJN3BRN9YVX2DX,,,97a5ea52-fb9c-4940-ba4d-44b193f0954f,"",normal,gallery,2025-08-25 10:36:51.007,,t,2025-08-25 10:36:56.585116,2025-08-25 10:36:50.936,2025-08-25 10:36:56.585116,,f679f4cf-c089-4a2b-9b84-b14129630601,244011368,
116413585,bf996092-8d66-408a-8d8e-5065ca3330c2,f679f4cf-c089-4a2b-9b84-b14129630601,IMG_9781,0,"",,,3TSJN3BRN9YVX2DX,,3TSJN3BRN9YVX2DX,28.669678,77.431594,5503ee07-0cf7-408e-89ab-6c066758b61b,"",normal,gallery,2025-08-17 06:30:03,,t,2025-08-25 10:37:15.940394,2025-08-25 10:37:10.021,2025-08-25 10:37:15.940394,,f679f4cf-c089-4a2b-9b84-b14129630601,244011399,
116415131,bf996092-8d66-408a-8d8e-5065ca3330c2,f679f4cf-c089-4a2b-9b84-b14129630601,64BDCBCE-08AE-42AC-B619-ECF97B91B0F0,0,"",,,3TSJN3BRN9YVX2DX,,3TSJN3BRN9YVX2DX,,,2815a37c-f9e3-4c6b-8c89-4b20feeb4d52,"",normal,gallery,2025-08-21 06:43:49,,t,2025-08-25 10:53:57.773321,2025-08-25 10:53:51.962,2025-08-25 10:53:57.773321,,f679f4cf-c089-4a2b-9b84-b14129630601,244014699,
116416215,bf996092-8d66-408a-8d8e-5065ca3330c2,f679f4cf-c089-4a2b-9b84-b14129630601,5bd62abc-1515-4779-a696-c1bbd12fc049,0,"",,,3TSJN3BRN9YVX2DX,,3TSJN3BRN9YVX2DX,,,d02cfd55-dfbe-4698-a5c3-cdd7c7a4f558,"",normal,gallery,2025-08-25 11:04:21.888,,t,2025-08-25 11:04:27.830029,2025-08-25 11:04:21.824,2025-08-25 11:04:27.830029,,f679f4cf-c089-4a2b-9b84-b14129630601,244017305,
116418194,bf996092-8d66-408a-8d8e-5065ca3330c2,f679f4cf-c089-4a2b-9b84-b14129630601,IMG_9504,0,"",,,3TSJN3BRN9YVX2DX,,3TSJN3BRN9YVX2DX,28.669353,77.431336,054f0248-6117-42fe-91b0-ec483bffa92d,"",normal,gallery,2025-08-11 12:23:22,,t,2025-08-25 11:19:07.793537,2025-08-25 11:19:00.192,2025-08-25 11:19:07.793537,,f679f4cf-c089-4a2b-9b84-b14129630601,244021420,
116423358,bf996092-8d66-408a-8d8e-5065ca3330c2,f679f4cf-c089-4a2b-9b84-b14129630601,IMG_7864,0,"",,,3TSJN3BRN9YVX2DX,,3TSJN3BRN9YVX2DX,28.669222,77.431786,fc4f1b48-90c7-4e12-b58f-47993287cc41,"",normal,gallery,2025-07-09 06:08:51,,t,2025-08-25 11:49:28.246385,2025-08-25 11:49:21.181,2025-08-25 11:49:28.246385,,f679f4cf-c089-4a2b-9b84-b14129630601,244032906,
116434327,bf996092-8d66-408a-8d8e-5065ca3330c2,f679f4cf-c089-4a2b-9b84-b14129630601,IMG_9282,0,"",,,3TSJN3BRN9YVX2DX,,3TSJN3BRN9YVX2DX,28.670167,77.431594,32d38f9c-94c1-4012-8ef2-b740c283b408,"",normal,gallery,2025-08-07 16:42:08,,t,2025-08-25 12:39:41.341812,2025-08-25 12:39:34.112,2025-08-25 12:39:41.341812,,f679f4cf-c089-4a2b-9b84-b14129630601,244056181,
116445280,bf996092-8d66-408a-8d8e-5065ca3330c2,f679f4cf-c089-4a2b-9b84-b14129630601,IMG_9795,0,"",,,3TSJN3BRN9YVX2DX,,3TSJN3BRN9YVX2DX,28.669444,77.431633,3009a5c9-5011-48ba-bedf-7d398306809b,"",normal,gallery,2025-08-17 12:47:41,,t,2025-08-25 13:22:42.873336,2025-08-25 13:22:36.049,2025-08-25 13:22:42.873336,,f679f4cf-c089-4a2b-9b84-b14129630601,244079362,
116636006,bf996092-8d66-408a-8d8e-5065ca3330c2,f679f4cf-c089-4a2b-9b84-b14129630601,52d7819a-1cdf-469d-9390-bd9bd8ab12df,0,"",,,3TSJN3BRN9YVX2DX,,3TSJN3BRN9YVX2DX,,,b09dd21b-3763-498a-88cf-86fdfe31355e,"",normal,gallery,2025-08-26 04:02:04.282,,t,2025-08-26 04:02:10.097441,2025-08-26 04:02:04.209,2025-08-26 04:02:10.097441,,f679f4cf-c089-4a2b-9b84-b14129630601,244453994,
116639955,bf996092-8d66-408a-8d8e-5065ca3330c2,f679f4cf-c089-4a2b-9b84-b14129630601,IMG_9481,0,"",,,3TSJN3BRN9YVX2DX,,3TSJN3BRN9YVX2DX,28.670039,77.431694,0c35d5d7-5714-4217-bc4f-3204e2781f28,"",normal,gallery,2025-08-10 06:18:55,,t,2025-08-26 05:41:21.133298,2025-08-26 05:41:14.988,2025-08-26 05:41:21.133298,,f679f4cf-c089-4a2b-9b84-b14129630601,244462096,
116649562,bf996092-8d66-408a-8d8e-5065ca3330c2,f679f4cf-c089-4a2b-9b84-b14129630601,105b30b4-d8d0-4f8f-a101-2d634ec6a606,0,"",,,3TSJN3BRN9YVX2DX,,3TSJN3BRN9YVX2DX,,,1073302f-f795-4416-bd9e-e468df9034c1,"",normal,gallery,2025-08-26 08:26:37.643,,t,2025-08-26 08:26:44.12772,2025-08-26 08:26:37.564,2025-08-26 08:26:44.12772,,f679f4cf-c089-4a2b-9b84-b14129630601,244484429,
116650475,bf996092-8d66-408a-8d8e-5065ca3330c2,f679f4cf-c089-4a2b-9b84-b14129630601,IMG_8217,0,"",,,3TSJN3BRN9YVX2DX,,3TSJN3BRN9YVX2DX,28.669778,77.431656,fe683c32-36e3-4439-8aba-1929ed19ff36,"",normal,gallery,2025-07-21 07:02:58,,t,2025-08-26 08:39:27.477977,2025-08-26 08:39:21.426,2025-08-26 08:39:27.477977,,f679f4cf-c089-4a2b-9b84-b14129630601,244486736,
116660346,bf996092-8d66-408a-8d8e-5065ca3330c2,f679f4cf-c089-4a2b-9b84-b14129630601,IMG_0070,0,"",,,3TSJN3BRN9YVX2DX,,3TSJN3BRN9YVX2DX,28.670008,77.431511,717dc812-76d6-4755-8b96-06e873570d57,"",normal,gallery,2025-08-21 06:50:02,,t,2025-08-26 10:36:40.335157,2025-08-26 10:36:34.048,2025-08-26 10:36:40.335157,,f679f4cf-c089-4a2b-9b84-b14129630601,244508478,
116661963,bf996092-8d66-408a-8d8e-5065ca3330c2,f679f4cf-c089-4a2b-9b84-b14129630601,IMG_9796,0,"",,,3TSJN3BRN9YVX2DX,,3TSJN3BRN9YVX2DX,28.669436,77.431664,38b7f417-1fd1-40f0-bc21-c1ef3740e107,"",normal,gallery,2025-08-17 12:47:52,,t,2025-08-26 10:49:06.181282,2025-08-26 10:49:00.024,2025-08-26 10:49:06.181282,,f679f4cf-c089-4a2b-9b84-b14129630601,244511909,
116677119,bf996092-8d66-408a-8d8e-5065ca3330c2,f679f4cf-c089-4a2b-9b84-b14129630601,IMG_8217,0,"",,,3TSJN3BRN9YVX2DX,,3TSJN3BRN9YVX2DX,28.669778,77.431656,ecae443f-7c60-4a7c-9d18-f53ba85b4bed,"",normal,gallery,2025-07-21 07:02:58,,t,2025-08-26 12:12:48.199954,2025-08-26 12:12:42.62,2025-08-26 12:12:48.199954,,f679f4cf-c089-4a2b-9b84-b14129630601,244543394,
116689891,bf996092-8d66-408a-8d8e-5065ca3330c2,f679f4cf-c089-4a2b-9b84-b14129630601,3a59cf7c-3553-4fcc-8daf-f2e7c0fc956a,0,"",,,3TSJN3BRN9YVX2DX,,3TSJN3BRN9YVX2DX,,,c6416dbd-8f2a-4329-b1f0-92f2322f5f35,"",normal,gallery,2025-08-26 13:00:05.878,,t,2025-08-26 13:00:11.568416,2025-08-26 13:00:05.818,2025-08-26 13:00:11.568416,,f679f4cf-c089-4a2b-9b84-b14129630601,244569871,
116717931,bf996092-8d66-408a-8d8e-5065ca3330c2,f679f4cf-c089-4a2b-9b84-b14129630601,5498600a-1949-489a-8452-03a4d3296cf8,0,"",,,3TSJN3BRN9YVX2DX,,3TSJN3BRN9YVX2DX,,,3bd973e9-6b86-4d60-a19f-f2d86ee00141,"",normal,gallery,2025-08-26 14:22:05.75,,t,2025-08-26 14:22:12.282377,2025-08-26 14:22:05.675,2025-08-26 14:22:12.282377,,f679f4cf-c089-4a2b-9b84-b14129630601,244625156,
116722109,bf996092-8d66-408a-8d8e-5065ca3330c2,967e785d-d83c-490b-8d6a-2ed926c956ac,IMG20250826195746.jpg,0,"",,,MJU2FLVXJAQLGRH7,,MJU2FLVXJAQLGRH7,,,5738ce87-866e-4893-b55a-ecc59f61d30d,"",normal,form,2025-08-26 14:27:46.228,,t,2025-08-26 14:33:50.128884,2025-08-26 14:33:12.758,2025-08-26 14:33:50.704223,,967e785d-d83c-490b-8d6a-2ed926c956ac,244633048,
116722692,bf996092-8d66-408a-8d8e-5065ca3330c2,f679f4cf-c089-4a2b-9b84-b14129630601,IMG_9481,0,"",,,3TSJN3BRN9YVX2DX,,3TSJN3BRN9YVX2DX,28.670039,77.431694,31b8789d-e14f-4f54-9305-65d507b01be5,"",normal,gallery,2025-08-10 06:18:55,,t,2025-08-26 14:35:26.348517,2025-08-26 14:35:18.554,2025-08-26 14:35:26.348517,,f679f4cf-c089-4a2b-9b84-b14129630601,244634079,
116726712,bf996092-8d66-408a-8d8e-5065ca3330c2,967e785d-d83c-490b-8d6a-2ed926c956ac,IMG-20250826-WA0003.jpg,0,"",,,MJU2FLVXJAQLGRH7,,MJU2FLVXJAQLGRH7,,,e4f609b6-c321-432c-9041-1a24ff110d86,"",normal,form,,,t,2025-08-26 14:45:16.611629,2025-08-26 14:44:55.564,2025-08-26 14:45:17.160137,,967e785d-d83c-490b-8d6a-2ed926c956ac,244641690,
116727244,bf996092-8d66-408a-8d8e-5065ca3330c2,967e785d-d83c-490b-8d6a-2ed926c956ac,IMG-20250826-WA0003.jpg,0,"",,,MJU2FLVXJAQLGRH7,,MJU2FLVXJAQLGRH7,,,c5fc5249-deb1-4faf-a9be-ad975436610a,"",normal,form,,,t,2025-08-26 14:46:36.368027,2025-08-26 14:46:18.52,2025-08-26 14:46:36.854752,,967e785d-d83c-490b-8d6a-2ed926c956ac,244642673,
116744809,bf996092-8d66-408a-8d8e-5065ca3330c2,967e785d-d83c-490b-8d6a-2ed926c956ac,IMG20250826200446.jpg,0,"",,,MJU2FLVXJAQLGRH7,,MJU2FLVXJAQLGRH7,,,f9bde888-34ba-4599-b47a-4da848767d8f,"",normal,form,2025-08-26 14:34:46.739,,t,2025-08-26 15:29:36.130159,2025-08-26 15:29:13.41,2025-08-26 15:30:04.036405,,967e785d-d83c-490b-8d6a-2ed926c956ac,244677233,
116744999,bf996092-8d66-408a-8d8e-5065ca3330c2,967e785d-d83c-490b-8d6a-2ed926c956ac,IMG20250826200421.jpg,0,"",,,MJU2FLVXJAQLGRH7,,MJU2FLVXJAQLGRH7,,,abe61389-14fa-4d46-a3e1-50bb9cba8608,"",normal,form,2025-08-26 14:34:21.522,,t,2025-08-26 15:30:03.335323,2025-08-26 15:29:13.66,2025-08-26 15:30:04.509188,,967e785d-d83c-490b-8d6a-2ed926c956ac,244677240,
116745244,bf996092-8d66-408a-8d8e-5065ca3330c2,967e785d-d83c-490b-8d6a-2ed926c956ac,IMG20250826200446.jpg,0,"",,,MJU2FLVXJAQLGRH7,,MJU2FLVXJAQLGRH7,,,0a17f75d-f211-4c6a-9107-fd6d4942eaaa,"",normal,form,2025-08-26 14:34:46.739,,t,2025-08-26 15:30:38.547655,2025-08-26 15:30:17.43,2025-08-26 15:30:39.34015,,967e785d-d83c-490b-8d6a-2ed926c956ac,244677703,
116746600,bf996092-8d66-408a-8d8e-5065ca3330c2,967e785d-d83c-490b-8d6a-2ed926c956ac,20250826_210334_photo,0,"",,,MJU2FLVXJAQLGRH7,,MJU2FLVXJAQLGRH7,,,c301edee-286a-47df-bef6-c534e681acd7,"",normal,form,2025-08-26 15:33:34.908,,t,2025-08-26 15:34:08.111642,2025-08-26 15:33:43.907,2025-08-26 15:34:08.603924,,967e785d-d83c-490b-8d6a-2ed926c956ac,244680432,
116747023,bf996092-8d66-408a-8d8e-5065ca3330c2,967e785d-d83c-490b-8d6a-2ed926c956ac,20250826_210419_photo,0,"",,,MJU2FLVXJAQLGRH7,,MJU2FLVXJAQLGRH7,,,5f3f9f0b-b1f6-406c-8d76-9ac07eea179f,"",normal,form,2025-08-26 15:34:19.457,,t,2025-08-26 15:35:12.287563,2025-08-26 15:34:35.995,2025-08-26 15:35:13.164681,,967e785d-d83c-490b-8d6a-2ed926c956ac,244681227,
116747177,bf996092-8d66-408a-8d8e-5065ca3330c2,967e785d-d83c-490b-8d6a-2ed926c956ac,20250826_210456_photo,0,"",,,MJU2FLVXJAQLGRH7,,MJU2FLVXJAQLGRH7,,,39bd8aca-4769-44c4-969c-250b349dfc7a,"",normal,form,2025-08-26 15:34:56.951,,t,2025-08-26 15:35:39.519642,2025-08-26 15:35:01.76,2025-08-26 15:35:40.124662,,967e785d-d83c-490b-8d6a-2ed926c956ac,244681518,
108046906,bf996092-8d66-408a-8d8e-5065ca3330c2,967e785d-d83c-490b-8d6a-2ed926c956ac,IMG_20250717_175101396_HDR.jpg,0,"",,,VYKJ7GRWMX37AKTY,,VYKJ7GRWMX37AKTY,,,84827496-2b92-4b04-96a8-dca1c1e9baeb,"",normal,form,2025-07-17 12:21:01.82,,t,2025-07-17 12:22:04.987769,2025-07-17 12:21:58.363,2025-07-17 12:22:05.517722,,967e785d-d83c-490b-8d6a-2ed926c956ac,227192351,
108047128,bf996092-8d66-408a-8d8e-5065ca3330c2,967e785d-d83c-490b-8d6a-2ed926c956ac,IMG_20250717_175101396_HDR.jpg,0,"",,,VYKJ7GRWMX37AKTY,,VYKJ7GRWMX37AKTY,,,ae39a7dd-6e4a-479b-9f2f-482d921e27fe,"",normal,form,2025-07-17 12:21:01.82,,t,2025-07-17 12:22:58.462252,2025-07-17 12:22:52.206,2025-07-17 12:22:59.093568,,967e785d-d83c-490b-8d6a-2ed926c956ac,227192818,
108047348,bf996092-8d66-408a-8d8e-5065ca3330c2,967e785d-d83c-490b-8d6a-2ed926c956ac,IMG_20250717_175101396_HDR.jpg,0,"",,,VYKJ7GRWMX37AKTY,,VYKJ7GRWMX37AKTY,,,03a4c9e6-4da7-4e60-9522-5f048f322833,"",normal,form,2025-07-17 12:21:01.82,,t,2025-07-17 12:23:42.262452,2025-07-17 12:23:36.148,2025-07-17 12:23:42.781171,,967e785d-d83c-490b-8d6a-2ed926c956ac,227193243,
108047552,bf996092-8d66-408a-8d8e-5065ca3330c2,967e785d-d83c-490b-8d6a-2ed926c956ac,IMG_20250717_162636115_HDR.jpg,0,"",,,VYKJ7GRWMX37AKTY,,VYKJ7GRWMX37AKTY,,,49b38ac7-5526-4569-be7c-6f82df1d4ec7,"",normal,form,2025-07-17 10:56:36.483,,t,2025-07-17 12:24:35.100142,2025-07-17 12:24:28.955,2025-07-17 12:24:35.637145,,967e785d-d83c-490b-8d6a-2ed926c956ac,227193637,
108048403,bf996092-8d66-408a-8d8e-5065ca3330c2,967e785d-d83c-490b-8d6a-2ed926c956ac,IMG_20250714_184953071_HDR.jpg,0,"",,,VYKJ7GRWMX37AKTY,,VYKJ7GRWMX37AKTY,,,6b0caa2d-8e3d-422e-90e3-d3c8f684b4f3,"",normal,form,2025-07-14 13:19:53.473,,t,2025-07-17 12:27:50.684142,2025-07-17 12:27:44.811,2025-07-17 12:27:51.225082,,967e785d-d83c-490b-8d6a-2ed926c956ac,227195235,
108048656,bf996092-8d66-408a-8d8e-5065ca3330c2,967e785d-d83c-490b-8d6a-2ed926c956ac,IMG_20250714_184953071_HDR.jpg,0,"",,,VYKJ7GRWMX37AKTY,,VYKJ7GRWMX37AKTY,,,beb3201c-5771-46c2-9fe3-87e0acdc954d,"",normal,form,2025-07-14 13:19:53.473,,t,2025-07-17 12:28:43.524755,2025-07-17 12:28:37.59,2025-07-17 12:28:44.057377,,967e785d-d83c-490b-8d6a-2ed926c956ac,227195749,
108048833,bf996092-8d66-408a-8d8e-5065ca3330c2,967e785d-d83c-490b-8d6a-2ed926c956ac,IMG_20250714_184953071_HDR.jpg,0,"",,,VYKJ7GRWMX37AKTY,,VYKJ7GRWMX37AKTY,,,f4b3033b-aa04-4c76-a20a-30cccf401f4f,"",normal,form,2025-07-14 13:19:53.473,,t,2025-07-17 12:29:20.399143,2025-07-17 12:29:13.535,2025-07-17 12:29:20.983438,,967e785d-d83c-490b-8d6a-2ed926c956ac,227196067,
108049034,bf996092-8d66-408a-8d8e-5065ca3330c2,967e785d-d83c-490b-8d6a-2ed926c956ac,IMG_20250714_184953071_HDR.jpg,0,"",,,VYKJ7GRWMX37AKTY,,VYKJ7GRWMX37AKTY,,,08443992-5b60-449c-8625-56eb94074a25,"",normal,form,2025-07-14 13:19:53.473,,t,2025-07-17 12:29:58.705974,2025-07-17 12:29:52.37,2025-07-17 12:29:59.226737,,967e785d-d83c-490b-8d6a-2ed926c956ac,227196422,
108049471,bf996092-8d66-408a-8d8e-5065ca3330c2,967e785d-d83c-490b-8d6a-2ed926c956ac,IMG_20250713_112006308_HDR.jpg,0,"",,,VYKJ7GRWMX37AKTY,,VYKJ7GRWMX37AKTY,,,deed3841-6328-4ac5-9997-e65338fd6a59,"",normal,form,2025-07-13 05:50:06.618,,t,2025-07-17 12:31:16.218319,2025-07-17 12:31:08.783,2025-07-17 12:31:16.817554,,967e785d-d83c-490b-8d6a-2ed926c956ac,227197294,
108049665,bf996092-8d66-408a-8d8e-5065ca3330c2,967e785d-d83c-490b-8d6a-2ed926c956ac,IMG_20250713_112006308_HDR.jpg,0,"",,,VYKJ7GRWMX37AKTY,,VYKJ7GRWMX37AKTY,,,2d46ffa2-eb3a-4a0c-9e9c-56b26127d2dc,"",normal,form,2025-07-13 05:50:06.618,,t,2025-07-17 12:31:57.992062,2025-07-17 12:31:52.384,2025-07-17 12:31:58.428372,,967e785d-d83c-490b-8d6a-2ed926c956ac,227197643,
108049931,bf996092-8d66-408a-8d8e-5065ca3330c2,967e785d-d83c-490b-8d6a-2ed926c956ac,IMG_20250713_112006308_HDR.jpg,0,"",,,VYKJ7GRWMX37AKTY,,VYKJ7GRWMX37AKTY,,,960230a0-a6f9-40ec-8089-50b5c531b630,"",normal,form,2025-07-13 05:50:06.618,,t,2025-07-17 12:32:56.111274,2025-07-17 12:32:50.464,2025-07-17 12:32:56.678552,,967e785d-d83c-490b-8d6a-2ed926c956ac,227198151,
116906670,bf996092-8d66-408a-8d8e-5065ca3330c2,967e785d-d83c-490b-8d6a-2ed926c956ac,Screenshot_20250827-085101.ACC.png,0,"",,,VYKJ7GRWMX37AKTY,,VYKJ7GRWMX37AKTY,,,10d77ea8-1723-4770-90ee-4502eaa3e508,"",normal,form,,,t,2025-08-27 04:17:06.619633,2025-08-27 04:16:57.702,2025-08-27 04:17:07.104162,,967e785d-d83c-490b-8d6a-2ed926c956ac,244999363,
116906746,bf996092-8d66-408a-8d8e-5065ca3330c2,967e785d-d83c-490b-8d6a-2ed926c956ac,Screenshot_20250827-085101.ACC.png,0,"",,,VYKJ7GRWMX37AKTY,,VYKJ7GRWMX37AKTY,,,ef906c89-55b6-436c-ac03-46cf44194349,"",normal,form,,,t,2025-08-27 04:18:10.126194,2025-08-27 04:18:01.199,2025-08-27 04:18:10.633946,,967e785d-d83c-490b-8d6a-2ed926c956ac,244999512,
116906752,bf996092-8d66-408a-8d8e-5065ca3330c2,967e785d-d83c-490b-8d6a-2ed926c956ac,Screenshot_20250827-085101.ACC.png,0,"",,,VYKJ7GRWMX37AKTY,,VYKJ7GRWMX37AKTY,,,56fef13b-d056-4c78-8b73-13232edb9ef5,"",normal,form,,,t,2025-08-27 04:18:29.326717,2025-08-27 04:18:19.796,2025-08-27 04:18:29.803609,,967e785d-d83c-490b-8d6a-2ed926c956ac,244999524,
116906771,bf996092-8d66-408a-8d8e-5065ca3330c2,967e785d-d83c-490b-8d6a-2ed926c956ac,Screenshot_20250827-085101.ACC.png,0,"",,,VYKJ7GRWMX37AKTY,,VYKJ7GRWMX37AKTY,,,0f69a5d6-9351-4cb9-9fab-df0cfe230860,"",normal,form,,,t,2025-08-27 04:19:00.695421,2025-08-27 04:18:49.037,2025-08-27 04:19:01.334213,,967e785d-d83c-490b-8d6a-2ed926c956ac,244999566,
116906773,bf996092-8d66-408a-8d8e-5065ca3330c2,967e785d-d83c-490b-8d6a-2ed926c956ac,IMG20250826200446.jpg,0,"",,,MJU2FLVXJAQLGRH7,,MJU2FLVXJAQLGRH7,,,70d52b71-06e8-492b-ae0c-4e0ef904d200,"",normal,form,2025-08-26 14:34:46.739,,t,2025-08-27 04:19:04.776497,2025-08-27 04:18:01.068,2025-08-27 04:19:05.49925,,967e785d-d83c-490b-8d6a-2ed926c956ac,244999572,
116906930,bf996092-8d66-408a-8d8e-5065ca3330c2,967e785d-d83c-490b-8d6a-2ed926c956ac,IMG20250826200421.jpg,0,"",,,MJU2FLVXJAQLGRH7,,MJU2FLVXJAQLGRH7,,,a7f56563-cf22-4a93-a76d-b1c749b4ae2b,"",normal,form,2025-08-26 14:34:21.522,,t,2025-08-27 04:21:46.78835,2025-08-27 04:21:04.265,2025-08-27 04:21:47.418283,,967e785d-d83c-490b-8d6a-2ed926c956ac,244999913,
116907021,bf996092-8d66-408a-8d8e-5065ca3330c2,967e785d-d83c-490b-8d6a-2ed926c956ac,IMG20250826200446.jpg,0,"",,,MJU2FLVXJAQLGRH7,,MJU2FLVXJAQLGRH7,,,5e1c12fb-c764-42cb-804c-39045cda4cff,"",normal,form,2025-08-26 14:34:46.739,,t,2025-08-27 04:23:23.281205,2025-08-27 04:22:27.569,2025-08-27 04:23:24.719646,,967e785d-d83c-490b-8d6a-2ed926c956ac,245000105,
116907050,bf996092-8d66-408a-8d8e-5065ca3330c2,967e785d-d83c-490b-8d6a-2ed926c956ac,IMG20250826200446.jpg,0,"",,,MJU2FLVXJAQLGRH7,,MJU2FLVXJAQLGRH7,,,ed489f7d-6783-49a5-9f37-7e94f7701115,"",normal,form,2025-08-26 14:34:46.739,,t,2025-08-27 04:24:04.305772,2025-08-27 04:23:18.404,2025-08-27 04:24:04.824666,,967e785d-d83c-490b-8d6a-2ed926c956ac,245000155,
116907077,bf996092-8d66-408a-8d8e-5065ca3330c2,967e785d-d83c-490b-8d6a-2ed926c956ac,IMG20250826200421.jpg,0,"",,,MJU2FLVXJAQLGRH7,,MJU2FLVXJAQLGRH7,,,32f52f34-ad98-4b77-9e03-da7448053659,"",normal,form,2025-08-26 14:34:21.522,,t,2025-08-27 04:24:32.418824,2025-08-27 04:24:04.843,2025-08-27 04:24:32.870733,,967e785d-d83c-490b-8d6a-2ed926c956ac,245000212,
116907210,bf996092-8d66-408a-8d8e-5065ca3330c2,967e785d-d83c-490b-8d6a-2ed926c956ac,IMG20250826200421.jpg,0,"",,,MJU2FLVXJAQLGRH7,,MJU2FLVXJAQLGRH7,,,ad5d9b1c-212f-4552-b623-fbe523c45ca6,"",normal,form,2025-08-26 14:34:21.522,,t,2025-08-27 04:28:30.081262,2025-08-27 04:28:20.727,2025-08-27 04:28:31.353157,,967e785d-d83c-490b-8d6a-2ed926c956ac,245000564,
116907372,bf996092-8d66-408a-8d8e-5065ca3330c2,967e785d-d83c-490b-8d6a-2ed926c956ac,IMG-20250826-WA0003.jpg,0,"",,,MJU2FLVXJAQLGRH7,,MJU2FLVXJAQLGRH7,,,2e7692e8-f36c-4cad-bfd6-dee2ea14c185,"",normal,form,,,t,2025-08-27 04:33:05.976994,2025-08-27 04:32:58.537,2025-08-27 04:33:06.405837,,967e785d-d83c-490b-8d6a-2ed926c956ac,245000918,
116907377,bf996092-8d66-408a-8d8e-5065ca3330c2,967e785d-d83c-490b-8d6a-2ed926c956ac,IMG20250826195746.jpg,0,"",,,MJU2FLVXJAQLGRH7,,MJU2FLVXJAQLGRH7,,,337b88fd-3eea-4aec-aa76-a194e4b8ba50,"",normal,form,2025-08-26 14:27:46.228,,t,2025-08-27 04:33:20.188124,2025-08-27 04:33:12.543,2025-08-27 04:33:20.627406,,967e785d-d83c-490b-8d6a-2ed926c956ac,245000931,
116907457,bf996092-8d66-408a-8d8e-5065ca3330c2,967e785d-d83c-490b-8d6a-2ed926c956ac,IMG-20250826-WA0003.jpg,0,"",,,MJU2FLVXJAQLGRH7,,MJU2FLVXJAQLGRH7,,,e5f95827-fd93-4812-a36f-1a1eb6b3cc47,"",normal,form,,,t,2025-08-27 04:36:27.493615,2025-08-27 04:36:10.663,2025-08-27 04:36:28.057311,,967e785d-d83c-490b-8d6a-2ed926c956ac,245001075,
116907487,bf996092-8d66-408a-8d8e-5065ca3330c2,967e785d-d83c-490b-8d6a-2ed926c956ac,IMG-20250826-WA0003.jpg,0,"",,,MJU2FLVXJAQLGRH7,,MJU2FLVXJAQLGRH7,,,67c86806-030e-4072-b16f-26fdc7ae7d08,"",normal,form,,,t,2025-08-27 04:38:05.877547,2025-08-27 04:37:56.353,2025-08-27 04:38:06.395037,,967e785d-d83c-490b-8d6a-2ed926c956ac,245001137,
116907519,bf996092-8d66-408a-8d8e-5065ca3330c2,967e785d-d83c-490b-8d6a-2ed926c956ac,IMG-20250826-WA0003.jpg,0,"",,,MJU2FLVXJAQLGRH7,,MJU2FLVXJAQLGRH7,,,7e587cca-b5fc-4436-bd77-fc8946aa7a52,"",normal,form,,,t,2025-08-27 04:39:12.164193,2025-08-27 04:38:53.393,2025-08-27 04:39:12.685301,,967e785d-d83c-490b-8d6a-2ed926c956ac,245001204,
116907652,bf996092-8d66-408a-8d8e-5065ca3330c2,967e785d-d83c-490b-8d6a-2ed926c956ac,IMG-20250826-WA0003.jpg,0,"",,,MJU2FLVXJAQLGRH7,,MJU2FLVXJAQLGRH7,,,24790ef6-3593-4cc5-862c-21f057309ebb,"",normal,form,,,t,2025-08-27 04:41:40.648334,2025-08-27 04:41:30.296,2025-08-27 04:41:41.105342,,967e785d-d83c-490b-8d6a-2ed926c956ac,245001460,
116907684,bf996092-8d66-408a-8d8e-5065ca3330c2,967e785d-d83c-490b-8d6a-2ed926c956ac,20250827_101315_photo,0,"",,,MJU2FLVXJAQLGRH7,,MJU2FLVXJAQLGRH7,,,d1fa6a65-ef83-4305-96e0-1cae2d77b7e3,"",normal,form,2025-08-27 04:43:15.574,,t,2025-08-27 04:43:34.891826,2025-08-27 04:43:21.639,2025-08-27 04:44:01.902795,,967e785d-d83c-490b-8d6a-2ed926c956ac,245001542,
116907694,bf996092-8d66-408a-8d8e-5065ca3330c2,967e785d-d83c-490b-8d6a-2ed926c956ac,20250827_101315_photo,0,"",,,MJU2FLVXJAQLGRH7,,MJU2FLVXJAQLGRH7,,,1bdbe0e0-b97b-421f-88ce-3b7d1d7ab506,"",normal,form,2025-08-27 04:43:15.965,,t,2025-08-27 04:44:01.487051,2025-08-27 04:43:21.824,2025-08-27 04:44:02.262626,,967e785d-d83c-490b-8d6a-2ed926c956ac,245001544,
116954501,bf996092-8d66-408a-8d8e-5065ca3330c2,f6ab14eb-1a66-4ea5-8a0f-0afbda444403,Screenshot 2025-08-27 175708,206989,"",,,FXYJ2FJQL3UMY6KM,,FXYJ2FJQL3UMY6KM,,,e597444a-0522-43a7-87ba-88f5f7b0450a,"",normal,rfi,,,f,2025-08-27 12:47:27.088735,2025-08-27 12:47:27.088735,2025-08-27 12:47:37.482721,,f6ab14eb-1a66-4ea5-8a0f-0afbda444403,245100504,
116973956,bf996092-8d66-408a-8d8e-5065ca3330c2,967e785d-d83c-490b-8d6a-2ed926c956ac,IMG-20250827-WA0006.jpg,0,"",,,MJU2FLVXJAQLGRH7,,MJU2FLVXJAQLGRH7,,,a8d644c7-26f4-4e3d-ae81-b55e26ff78d0,"",normal,form,,,t,2025-08-27 13:47:16.996914,2025-08-27 13:47:10.467,2025-08-27 13:47:17.493405,,967e785d-d83c-490b-8d6a-2ed926c956ac,245138822,
116974704,bf996092-8d66-408a-8d8e-5065ca3330c2,967e785d-d83c-490b-8d6a-2ed926c956ac,20250827_191810_photo,0,"",,,MJU2FLVXJAQLGRH7,,MJU2FLVXJAQLGRH7,,,c72d3f9d-d27b-4d37-8afa-c1728d7ca48e,"",normal,form,2025-08-27 13:48:10.772,,t,2025-08-27 13:49:29.597448,2025-08-27 13:49:18.077,2025-08-27 13:50:07.098207,,967e785d-d83c-490b-8d6a-2ed926c956ac,245140660,
116974781,bf996092-8d66-408a-8d8e-5065ca3330c2,967e785d-d83c-490b-8d6a-2ed926c956ac,20250827_191830_photo,0,"",,,MJU2FLVXJAQLGRH7,,MJU2FLVXJAQLGRH7,,,69c04522-5902-43db-8862-4cd5503e8f4b,"",normal,form,2025-08-27 13:48:30.251,,t,2025-08-27 13:49:43.513067,2025-08-27 13:49:18.241,2025-08-27 13:50:07.617254,,967e785d-d83c-490b-8d6a-2ed926c956ac,245140665,
116974817,bf996092-8d66-408a-8d8e-5065ca3330c2,967e785d-d83c-490b-8d6a-2ed926c956ac,20250827_191839_photo,0,"",,,MJU2FLVXJAQLGRH7,,MJU2FLVXJAQLGRH7,,,409edaca-bede-49e9-b642-b92454deaa17,"",normal,form,2025-08-27 13:48:39.831,,t,2025-08-27 13:49:50.798254,2025-08-27 13:49:18.391,2025-08-27 13:50:08.167767,,967e785d-d83c-490b-8d6a-2ed926c956ac,245140670,
116974864,bf996092-8d66-408a-8d8e-5065ca3330c2,967e785d-d83c-490b-8d6a-2ed926c956ac,20250827_191849_photo,0,"",,,MJU2FLVXJAQLGRH7,,MJU2FLVXJAQLGRH7,,,9a35d8aa-8906-469d-a597-a70eea9843fb,"",normal,form,2025-08-27 13:48:49.011,,t,2025-08-27 13:49:59.186491,2025-08-27 13:49:18.542,2025-08-27 13:50:08.730726,,967e785d-d83c-490b-8d6a-2ed926c956ac,245140674,
116974903,bf996092-8d66-408a-8d8e-5065ca3330c2,967e785d-d83c-490b-8d6a-2ed926c956ac,20250827_191904_photo,0,"",,,MJU2FLVXJAQLGRH7,,MJU2FLVXJAQLGRH7,,,1179292a-ed0f-485b-b825-17b3eee0cdac,"",normal,form,2025-08-27 13:49:04.679,,t,2025-08-27 13:50:06.534213,2025-08-27 13:49:18.69,2025-08-27 13:50:09.254136,,967e785d-d83c-490b-8d6a-2ed926c956ac,245140679,
116974956,bf996092-8d66-408a-8d8e-5065ca3330c2,967e785d-d83c-490b-8d6a-2ed926c956ac,20250827_191948_photo,0,"",,,MJU2FLVXJAQLGRH7,,MJU2FLVXJAQLGRH7,,,caefe087-6acd-4811-af12-2da4686a6063,"",normal,form,2025-08-27 13:49:48.381,,t,2025-08-27 13:50:25.979371,2025-08-27 13:50:17.478,2025-08-27 13:50:44.049312,,967e785d-d83c-490b-8d6a-2ed926c956ac,245140964,
116974995,bf996092-8d66-408a-8d8e-5065ca3330c2,967e785d-d83c-490b-8d6a-2ed926c956ac,20250827_191958_photo,0,"",,,MJU2FLVXJAQLGRH7,,MJU2FLVXJAQLGRH7,,,56859ecd-6adf-4463-bc9e-223e91825ad2,"",normal,form,2025-08-27 13:49:58.299,,t,2025-08-27 13:50:32.821165,2025-08-27 13:50:17.659,2025-08-27 13:50:44.655106,,967e785d-d83c-490b-8d6a-2ed926c956ac,245140972,
116975054,bf996092-8d66-408a-8d8e-5065ca3330c2,967e785d-d83c-490b-8d6a-2ed926c956ac,20250827_192011_photo,0,"",,,MJU2FLVXJAQLGRH7,,MJU2FLVXJAQLGRH7,,,9158fbe6-c991-46e0-8788-00c66b618e21,"",normal,form,2025-08-27 13:50:11.468,,t,2025-08-27 13:50:43.50328,2025-08-27 13:50:17.817,2025-08-27 13:50:45.188438,,967e785d-d83c-490b-8d6a-2ed926c956ac,245140981,
116975505,bf996092-8d66-408a-8d8e-5065ca3330c2,967e785d-d83c-490b-8d6a-2ed926c956ac,IMG-20250827-WA0006.jpg,0,"",,,MJU2FLVXJAQLGRH7,,MJU2FLVXJAQLGRH7,,,37d3248e-c5b6-4b3d-a3fc-a093b7f713b0,"",normal,form,,,t,2025-08-27 13:52:08.013233,2025-08-27 13:52:02.482,2025-08-27 13:52:08.543872,,967e785d-d83c-490b-8d6a-2ed926c956ac,245141797,
116975746,bf996092-8d66-408a-8d8e-5065ca3330c2,967e785d-d83c-490b-8d6a-2ed926c956ac,IMG-20250827-WA0006.jpg,0,"",,,MJU2FLVXJAQLGRH7,,MJU2FLVXJAQLGRH7,,,d96a7251-fe30-41ee-94da-2162c39e6296,"",normal,form,,,t,2025-08-27 13:53:04.468623,2025-08-27 13:52:56.071,2025-08-27 13:53:05.599252,,967e785d-d83c-490b-8d6a-2ed926c956ac,245142250,
116976366,bf996092-8d66-408a-8d8e-5065ca3330c2,967e785d-d83c-490b-8d6a-2ed926c956ac,IMG-20250827-WA0006.jpg,0,"",,,MJU2FLVXJAQLGRH7,,MJU2FLVXJAQLGRH7,,,691c855e-fb27-440e-9acd-559e7164c527,"",normal,form,,,t,2025-08-27 13:54:40.599627,2025-08-27 13:54:34.846,2025-08-27 13:54:41.090352,,967e785d-d83c-490b-8d6a-2ed926c956ac,245143341,
116976911,bf996092-8d66-408a-8d8e-5065ca3330c2,967e785d-d83c-490b-8d6a-2ed926c956ac,IMG-20250827-WA0006.jpg,0,"",,,MJU2FLVXJAQLGRH7,,MJU2FLVXJAQLGRH7,,,7b2e3b9d-1058-4be4-a13a-791017451458,"",normal,form,,,t,2025-08-27 13:56:23.097501,2025-08-27 13:56:17.852,2025-08-27 13:56:23.651393,,967e785d-d83c-490b-8d6a-2ed926c956ac,245144332,
116977225,bf996092-8d66-408a-8d8e-5065ca3330c2,967e785d-d83c-490b-8d6a-2ed926c956ac,IMG-20250827-WA0006.jpg,0,"",,,MJU2FLVXJAQLGRH7,,MJU2FLVXJAQLGRH7,,,6d2b419d-690d-4eb1-9e15-d3dc8a4ae9a7,"",normal,form,,,t,2025-08-27 13:57:18.873388,2025-08-27 13:57:11.662,2025-08-27 13:57:19.391005,,967e785d-d83c-490b-8d6a-2ed926c956ac,245144936,
116984362,bf996092-8d66-408a-8d8e-5065ca3330c2,967e785d-d83c-490b-8d6a-2ed926c956ac,IMG-20250827-WA0011.jpg,0,"",,,MJU2FLVXJAQLGRH7,,MJU2FLVXJAQLGRH7,,,d00348f9-97b4-48ea-a0ab-6e155a085cb9,"",normal,form,,,t,2025-08-27 14:18:22.411719,2025-08-27 14:18:11.189,2025-08-27 14:18:41.224008,,967e785d-d83c-490b-8d6a-2ed926c956ac,245159718,
116984478,bf996092-8d66-408a-8d8e-5065ca3330c2,967e785d-d83c-490b-8d6a-2ed926c956ac,IMG-20250827-WA0007.jpg,0,"",,,MJU2FLVXJAQLGRH7,,MJU2FLVXJAQLGRH7,,,b7d47585-e1d8-4ff0-b8d7-ebfaa84cab9f,"",normal,form,,,t,2025-08-27 14:18:36.464535,2025-08-27 14:18:11.484,2025-08-27 14:18:42.452576,,967e785d-d83c-490b-8d6a-2ed926c956ac,245159733,
116984322,bf996092-8d66-408a-8d8e-5065ca3330c2,967e785d-d83c-490b-8d6a-2ed926c956ac,IMG-20250827-WA0010.jpg,0,"",,,MJU2FLVXJAQLGRH7,,MJU2FLVXJAQLGRH7,,,d42c9887-7c12-4794-9a6b-f442185b9541,"",normal,form,,,t,2025-08-27 14:18:18.208828,2025-08-27 14:18:11.067,2025-08-27 14:18:40.810186,,967e785d-d83c-490b-8d6a-2ed926c956ac,245159714,
116984410,bf996092-8d66-408a-8d8e-5065ca3330c2,967e785d-d83c-490b-8d6a-2ed926c956ac,IMG-20250827-WA0008.jpg,0,"",,,MJU2FLVXJAQLGRH7,,MJU2FLVXJAQLGRH7,,,6b8ade7c-1006-4c4f-b531-a658f9a55637,"",normal,form,,,t,2025-08-27 14:18:27.906276,2025-08-27 14:18:11.278,2025-08-27 14:18:41.612255,,967e785d-d83c-490b-8d6a-2ed926c956ac,245159721,
116984447,bf996092-8d66-408a-8d8e-5065ca3330c2,967e785d-d83c-490b-8d6a-2ed926c956ac,IMG-20250827-WA0009.jpg,0,"",,,MJU2FLVXJAQLGRH7,,MJU2FLVXJAQLGRH7,,,9c2b04df-b70a-4be3-b0d5-238b4425bdf6,"",normal,form,,,t,2025-08-27 14:18:32.184715,2025-08-27 14:18:11.374,2025-08-27 14:18:42.009721,,967e785d-d83c-490b-8d6a-2ed926c956ac,245159727,
116984502,bf996092-8d66-408a-8d8e-5065ca3330c2,967e785d-d83c-490b-8d6a-2ed926c956ac,IMG-20250827-WA0013.jpg,0,"",,,MJU2FLVXJAQLGRH7,,MJU2FLVXJAQLGRH7,,,8626eff3-ed41-4ab0-b087-1ddcb811a7b8,"",normal,form,,,t,2025-08-27 14:18:40.294045,2025-08-27 14:18:11.584,2025-08-27 14:18:42.848158,,967e785d-d83c-490b-8d6a-2ed926c956ac,245159739,
116985610,bf996092-8d66-408a-8d8e-5065ca3330c2,967e785d-d83c-490b-8d6a-2ed926c956ac,IMG-20250827-WA0013.jpg,0,"",,,MJU2FLVXJAQLGRH7,,MJU2FLVXJAQLGRH7,,,d050dc61-c8cc-469e-b99e-908d35b374ce,"",normal,form,,,t,2025-08-27 14:20:49.987193,2025-08-27 14:20:44.324,2025-08-27 14:21:16.910036,,967e785d-d83c-490b-8d6a-2ed926c956ac,245162410,
116985829,bf996092-8d66-408a-8d8e-5065ca3330c2,967e785d-d83c-490b-8d6a-2ed926c956ac,IMG-20250827-WA0007.jpg,0,"",,,MJU2FLVXJAQLGRH7,,MJU2FLVXJAQLGRH7,,,07305eed-ac27-486f-818a-fbe1c19bd362,"",normal,form,,,t,2025-08-27 14:21:16.439639,2025-08-27 14:20:45.064,2025-08-27 14:21:19.697031,,967e785d-d83c-490b-8d6a-2ed926c956ac,245162454,
116985651,bf996092-8d66-408a-8d8e-5065ca3330c2,967e785d-d83c-490b-8d6a-2ed926c956ac,IMG-20250827-WA0010.jpg,0,"",,,MJU2FLVXJAQLGRH7,,MJU2FLVXJAQLGRH7,,,ed171fe5-3183-48cd-ac48-0cbd8bbd4eec,"",normal,form,,,t,2025-08-27 14:20:55.148206,2025-08-27 14:20:44.47,2025-08-27 14:21:17.357944,,967e785d-d83c-490b-8d6a-2ed926c956ac,245162419,
116985678,bf996092-8d66-408a-8d8e-5065ca3330c2,967e785d-d83c-490b-8d6a-2ed926c956ac,IMG-20250827-WA0012.jpg,0,"",,,MJU2FLVXJAQLGRH7,,MJU2FLVXJAQLGRH7,,,a6b391ee-10e6-4366-b846-dcda28fb3815,"",normal,form,,,t,2025-08-27 14:20:59.129865,2025-08-27 14:20:44.596,2025-08-27 14:21:17.783871,,967e785d-d83c-490b-8d6a-2ed926c956ac,245162425,
116985708,bf996092-8d66-408a-8d8e-5065ca3330c2,967e785d-d83c-490b-8d6a-2ed926c956ac,IMG-20250827-WA0008.jpg,0,"",,,MJU2FLVXJAQLGRH7,,MJU2FLVXJAQLGRH7,,,6e380d28-c885-4014-8376-3ae5d0040155,"",normal,form,,,t,2025-08-27 14:21:03.319606,2025-08-27 14:20:44.744,2025-08-27 14:21:18.257205,,967e785d-d83c-490b-8d6a-2ed926c956ac,245162434,
116985763,bf996092-8d66-408a-8d8e-5065ca3330c2,967e785d-d83c-490b-8d6a-2ed926c956ac,IMG-20250827-WA0011.jpg,0,"",,,MJU2FLVXJAQLGRH7,,MJU2FLVXJAQLGRH7,,,486a6115-d0b9-47cf-aeb5-301d88d938bf,"",normal,form,,,t,2025-08-27 14:21:08.323007,2025-08-27 14:20:44.848,2025-08-27 14:21:18.666236,,967e785d-d83c-490b-8d6a-2ed926c956ac,245162441,
116985807,bf996092-8d66-408a-8d8e-5065ca3330c2,967e785d-d83c-490b-8d6a-2ed926c956ac,IMG-20250827-WA0009.jpg,0,"",,,MJU2FLVXJAQLGRH7,,MJU2FLVXJAQLGRH7,,,ace128f2-f3cd-45a7-acd3-ec01ddcfd0d6,"",normal,form,,,t,2025-08-27 14:21:12.302423,2025-08-27 14:20:44.959,2025-08-27 14:21:19.300151,,967e785d-d83c-490b-8d6a-2ed926c956ac,245162447,
108382815,bf996092-8d66-408a-8d8e-5065ca3330c2,967e785d-d83c-490b-8d6a-2ed926c956ac,20250718_140243_photo,0,"",,,WK7J3NJWMTCK9UWQ,,WK7J3NJWMTCK9UWQ,27.563091,77.662962,55620974-11ba-41a4-acce-7827af69c814,"",normal,rfi,2025-07-18 08:32:29,,f,2025-07-18 08:32:59.043435,2025-07-18 08:32:43.785,2025-07-18 08:32:59.043435,,967e785d-d83c-490b-8d6a-2ed926c956ac,227866296,
108383730,bf996092-8d66-408a-8d8e-5065ca3330c2,967e785d-d83c-490b-8d6a-2ed926c956ac,20250718_142432_photo,0,"",,,WK7J3NJWMTCK9UWQ,,WK7J3NJWMTCK9UWQ,27.563201,77.662888,2611c3d7-d9ef-4f73-8bcf-e72c6ce2c5bb,"",normal,rfi,2025-07-18 08:54:16,,f,2025-07-18 08:54:45.931323,2025-07-18 08:54:32.96,2025-07-18 08:54:45.931323,,967e785d-d83c-490b-8d6a-2ed926c956ac,227868407,
108383733,bf996092-8d66-408a-8d8e-5065ca3330c2,967e785d-d83c-490b-8d6a-2ed926c956ac,20250718_142433_photo,0,"",,,WK7J3NJWMTCK9UWQ,,WK7J3NJWMTCK9UWQ,27.563201,77.662888,13e56970-0cac-41f8-8015-9fbf93d92dc0,"",normal,rfi,2025-07-18 08:54:22,,f,2025-07-18 08:54:52.043301,2025-07-18 08:54:33.147,2025-07-18 08:54:52.043301,,967e785d-d83c-490b-8d6a-2ed926c956ac,227868412,
108383928,bf996092-8d66-408a-8d8e-5065ca3330c2,967e785d-d83c-490b-8d6a-2ed926c956ac,20250718_142948_photo,0,"",,,U8Q2F3P4M3PWWQXF,,U8Q2F3P4M3PWWQXF,27.563486,77.662826,9375c40f-6a7a-4f7b-afa9-4723fb7cc60e,"",normal,rfi,2025-07-18 08:59:48.7,,f,2025-07-18 09:00:17.427823,2025-07-18 09:00:02.751,2025-07-18 09:00:18.097514,,967e785d-d83c-490b-8d6a-2ed926c956ac,227868945,
108383933,bf996092-8d66-408a-8d8e-5065ca3330c2,967e785d-d83c-490b-8d6a-2ed926c956ac,20250718_143023_photo,0,"",,,U8Q2F3P4M3PWWQXF,,U8Q2F3P4M3PWWQXF,27.563485,77.662828,b9894b1d-7a97-4f73-8333-d1b1a6667350,"",normal,rfi,2025-07-18 09:00:23.384,,f,2025-07-18 09:00:33.982392,2025-07-18 09:00:27.703,2025-07-18 09:00:34.54093,,967e785d-d83c-490b-8d6a-2ed926c956ac,227868960,
108383960,bf996092-8d66-408a-8d8e-5065ca3330c2,967e785d-d83c-490b-8d6a-2ed926c956ac,20250718_143051_photo,0,"",,,U8Q2F3P4M3PWWQXF,,U8Q2F3P4M3PWWQXF,27.563484,77.662828,43b5c88c-357e-4d59-8e84-e018dab6e999,"",normal,rfi,2025-07-18 09:00:51.907,,f,2025-07-18 09:01:02.569926,2025-07-18 09:00:55.752,2025-07-18 09:01:03.108812,,967e785d-d83c-490b-8d6a-2ed926c956ac,227869022,
108383990,bf996092-8d66-408a-8d8e-5065ca3330c2,967e785d-d83c-490b-8d6a-2ed926c956ac,20250718_143119_photo,0,"",,,U8Q2F3P4M3PWWQXF,,U8Q2F3P4M3PWWQXF,27.563486,77.662828,742fab44-74f7-4c6f-b4d7-c9a52851cdf4,"",normal,rfi,2025-07-18 09:01:19.806,,f,2025-07-18 09:01:30.400534,2025-07-18 09:01:24.564,2025-07-18 09:01:30.964055,,967e785d-d83c-490b-8d6a-2ed926c956ac,227869088,
108384022,bf996092-8d66-408a-8d8e-5065ca3330c2,967e785d-d83c-490b-8d6a-2ed926c956ac,20250718_143150_photo,0,"",,,U8Q2F3P4M3PWWQXF,,U8Q2F3P4M3PWWQXF,27.563485,77.662826,de937d1e-699e-4bf5-aa21-6d47af6511f2,"",normal,rfi,2025-07-18 09:01:50.579,,f,2025-07-18 09:02:05.647381,2025-07-18 09:01:55.967,2025-07-18 09:02:06.28647,,967e785d-d83c-490b-8d6a-2ed926c956ac,227869161,
117170469,bf996092-8d66-408a-8d8e-5065ca3330c2,967e785d-d83c-490b-8d6a-2ed926c956ac,IMG-20250827-WA0020.jpg,0,"",,,KDBLMPH5JM9X,,KDBLMPH5JM9X,,,30ec79ec-b9f2-4407-bead-c33704698012,"",normal,form,,,t,2025-08-28 03:31:13.353005,2025-08-28 03:31:06.679,2025-08-28 03:31:13.811561,,967e785d-d83c-490b-8d6a-2ed926c956ac,245527868,
117178294,bf996092-8d66-408a-8d8e-5065ca3330c2,967e785d-d83c-490b-8d6a-2ed926c956ac,IMG20250828102557.jpg,0,"",,,MJU2FLVXJAQLGRH7,,MJU2FLVXJAQLGRH7,,,305d6637-7068-4941-80fc-b790833a326d,"",normal,form,2025-08-28 04:55:57.898,,t,2025-08-28 06:14:21.776125,2025-08-28 06:14:10.386,2025-08-28 06:14:22.437063,,967e785d-d83c-490b-8d6a-2ed926c956ac,245544418,
117178307,bf996092-8d66-408a-8d8e-5065ca3330c2,967e785d-d83c-490b-8d6a-2ed926c956ac,IMG20250828102542.jpg,0,"",,,MJU2FLVXJAQLGRH7,,MJU2FLVXJAQLGRH7,,,5da3dea4-85c7-4d1c-9fa2-93138e25c25e,"",normal,form,2025-08-28 04:55:42.592,,t,2025-08-28 06:14:40.454833,2025-08-28 06:14:24.941,2025-08-28 06:15:01.06512,,967e785d-d83c-490b-8d6a-2ed926c956ac,245544474,
117178321,bf996092-8d66-408a-8d8e-5065ca3330c2,967e785d-d83c-490b-8d6a-2ed926c956ac,IMG20250828102431.jpg,0,"",,,MJU2FLVXJAQLGRH7,,MJU2FLVXJAQLGRH7,,,44c80b65-d164-4742-90aa-59fbf54481dc,"",normal,form,2025-08-28 04:54:31.263,,t,2025-08-28 06:15:00.277537,2025-08-28 06:14:25.165,2025-08-28 06:15:01.695001,,967e785d-d83c-490b-8d6a-2ed926c956ac,245544476,
117178483,bf996092-8d66-408a-8d8e-5065ca3330c2,967e785d-d83c-490b-8d6a-2ed926c956ac,IMG-20250827-WA0010.jpg,0,"",,,MJU2FLVXJAQLGRH7,,MJU2FLVXJAQLGRH7,,,cb5ea1a8-af94-4af8-9cae-8601f3e0c1bd,"",normal,form,,,t,2025-08-28 06:17:48.323709,2025-08-28 06:17:42.482,2025-08-28 06:17:48.81898,,967e785d-d83c-490b-8d6a-2ed926c956ac,245544841,
117178551,bf996092-8d66-408a-8d8e-5065ca3330c2,967e785d-d83c-490b-8d6a-2ed926c956ac,IMG-20250827-WA0008.jpg,0,"",,,MJU2FLVXJAQLGRH7,,MJU2FLVXJAQLGRH7,,,136c4a10-0f5c-4b7b-9024-7bfbb057b7e4,"",normal,form,,,t,2025-08-28 06:19:13.094706,2025-08-28 06:19:06.47,2025-08-28 06:19:13.61959,,967e785d-d83c-490b-8d6a-2ed926c956ac,245544966,
117178791,bf996092-8d66-408a-8d8e-5065ca3330c2,967e785d-d83c-490b-8d6a-2ed926c956ac,IMG-20250827-WA0007.jpg,0,"",,,MJU2FLVXJAQLGRH7,,MJU2FLVXJAQLGRH7,,,c7bfd904-73c3-47e5-a4e7-2cc4f35190b3,"",normal,form,,,t,2025-08-28 06:22:54.110255,2025-08-28 06:22:47.423,2025-08-28 06:22:54.781371,,967e785d-d83c-490b-8d6a-2ed926c956ac,245545569,
117178897,bf996092-8d66-408a-8d8e-5065ca3330c2,967e785d-d83c-490b-8d6a-2ed926c956ac,IMG-20250828-WA0015.jpg,0,"",,,MJU2FLVXJAQLGRH7,,MJU2FLVXJAQLGRH7,,,09c095ce-846c-4049-a379-2352abf9283f,"",normal,form,,,t,2025-08-28 06:24:26.992102,2025-08-28 06:24:19.15,2025-08-28 06:24:27.479844,,967e785d-d83c-490b-8d6a-2ed926c956ac,245545789,
117183317,bf996092-8d66-408a-8d8e-5065ca3330c2,967e785d-d83c-490b-8d6a-2ed926c956ac,Screenshot_20250828-130142.ACC.png,0,"",,,VYKJ7GRWMX37AKTY,,VYKJ7GRWMX37AKTY,,,d09bcade-e6f8-446e-a643-c1ce211bba86,"",normal,form,,,t,2025-08-28 07:32:08.470109,2025-08-28 07:32:02.246,2025-08-28 07:32:08.944526,,967e785d-d83c-490b-8d6a-2ed926c956ac,245554774,
117183411,bf996092-8d66-408a-8d8e-5065ca3330c2,967e785d-d83c-490b-8d6a-2ed926c956ac,Screenshot_20250828-130142.ACC.png,0,"",,,VYKJ7GRWMX37AKTY,,VYKJ7GRWMX37AKTY,,,a2eeedab-cf85-4624-a410-69bb39ec943e,"",normal,form,,,t,2025-08-28 07:33:31.427326,2025-08-28 07:33:26.117,2025-08-28 07:33:31.952797,,967e785d-d83c-490b-8d6a-2ed926c956ac,245554974,
117183434,bf996092-8d66-408a-8d8e-5065ca3330c2,967e785d-d83c-490b-8d6a-2ed926c956ac,Screenshot_20250828-130142.ACC.png,0,"",,,VYKJ7GRWMX37AKTY,,VYKJ7GRWMX37AKTY,,,271701c7-494c-4e04-bdb6-14a1c530a5a5,"",normal,form,,,t,2025-08-28 07:34:11.274949,2025-08-28 07:34:07.557,2025-08-28 07:34:11.68812,,967e785d-d83c-490b-8d6a-2ed926c956ac,245555022,
117183499,bf996092-8d66-408a-8d8e-5065ca3330c2,967e785d-d83c-490b-8d6a-2ed926c956ac,Screenshot_20250828-130540.WhatsApp.png,0,"",,,VYKJ7GRWMX37AKTY,,VYKJ7GRWMX37AKTY,,,a5338b15-49e3-4ce9-a257-1f2f18bf84b8,"",normal,form,,,t,2025-08-28 07:36:04.131914,2025-08-28 07:35:57.255,2025-08-28 07:36:04.967633,,967e785d-d83c-490b-8d6a-2ed926c956ac,245555190,
117183555,bf996092-8d66-408a-8d8e-5065ca3330c2,967e785d-d83c-490b-8d6a-2ed926c956ac,Screenshot_20250828-130540.WhatsApp.png,0,"",,,VYKJ7GRWMX37AKTY,,VYKJ7GRWMX37AKTY,,,e6695c0e-b593-42a3-b5e4-775b8c4ecfd6,"",normal,form,,,t,2025-08-28 07:37:17.638239,2025-08-28 07:37:14.321,2025-08-28 07:37:18.373931,,967e785d-d83c-490b-8d6a-2ed926c956ac,245555322,
117183697,bf996092-8d66-408a-8d8e-5065ca3330c2,967e785d-d83c-490b-8d6a-2ed926c956ac,Screenshot_20250828-130824.ACC.png,0,"",,,VYKJ7GRWMX37AKTY,,VYKJ7GRWMX37AKTY,,,96215948-62a7-4ea0-98aa-ae2e9f88d4ed,"",normal,form,,,t,2025-08-28 07:39:12.32426,2025-08-28 07:39:04.015,2025-08-28 07:39:12.754953,,967e785d-d83c-490b-8d6a-2ed926c956ac,245555625,
117183721,bf996092-8d66-408a-8d8e-5065ca3330c2,967e785d-d83c-490b-8d6a-2ed926c956ac,Screenshot_20250828-130824.ACC.png,0,"",,,VYKJ7GRWMX37AKTY,,VYKJ7GRWMX37AKTY,,,0e3651bb-bee1-4b6b-bce3-08bd6b95b550,"",normal,form,,,t,2025-08-28 07:39:48.785783,2025-08-28 07:39:43.414,2025-08-28 07:39:49.206776,,967e785d-d83c-490b-8d6a-2ed926c956ac,245555684,
117183738,bf996092-8d66-408a-8d8e-5065ca3330c2,967e785d-d83c-490b-8d6a-2ed926c956ac,Screenshot_20250828-130824.ACC.png,0,"",,,VYKJ7GRWMX37AKTY,,VYKJ7GRWMX37AKTY,,,0bb16f9c-6676-4bb1-8c7d-58afd0235f8b,"",normal,form,,,t,2025-08-28 07:40:11.315115,2025-08-28 07:40:06.629,2025-08-28 07:40:12.237036,,967e785d-d83c-490b-8d6a-2ed926c956ac,245555737,
117183772,bf996092-8d66-408a-8d8e-5065ca3330c2,967e785d-d83c-490b-8d6a-2ed926c956ac,Screenshot_20250828-130824.ACC.png,0,"",,,VYKJ7GRWMX37AKTY,,VYKJ7GRWMX37AKTY,,,e9f857fe-f845-44aa-bdd7-929a3829fe88,"",normal,form,,,t,2025-08-28 07:40:39.077924,2025-08-28 07:40:34.691,2025-08-28 07:40:39.825791,,967e785d-d83c-490b-8d6a-2ed926c956ac,245555866,
117183821,bf996092-8d66-408a-8d8e-5065ca3330c2,967e785d-d83c-490b-8d6a-2ed926c956ac,Screenshot_20250828-131125.ACC.png,0,"",,,VYKJ7GRWMX37AKTY,,VYKJ7GRWMX37AKTY,,,2a00fafd-4fa3-4cb4-a339-23cd585511c7,"",normal,form,,,t,2025-08-28 07:41:57.14009,2025-08-28 07:41:52.054,2025-08-28 07:41:57.550967,,967e785d-d83c-490b-8d6a-2ed926c956ac,245555969,
117183839,bf996092-8d66-408a-8d8e-5065ca3330c2,967e785d-d83c-490b-8d6a-2ed926c956ac,Screenshot_20250828-131125.ACC.png,0,"",,,VYKJ7GRWMX37AKTY,,VYKJ7GRWMX37AKTY,,,ddfd6738-8dfd-4903-ae17-8b0123030824,"",normal,form,,,t,2025-08-28 07:42:34.374825,2025-08-28 07:42:29.509,2025-08-28 07:42:34.8495,,967e785d-d83c-490b-8d6a-2ed926c956ac,245556034,
117183858,bf996092-8d66-408a-8d8e-5065ca3330c2,967e785d-d83c-490b-8d6a-2ed926c956ac,Screenshot_20250828-131125.ACC.png,0,"",,,VYKJ7GRWMX37AKTY,,VYKJ7GRWMX37AKTY,,,9520b81a-3b16-4c9a-b7f9-d0c5edc764f7,"",normal,form,,,t,2025-08-28 07:43:10.106595,2025-08-28 07:43:05.652,2025-08-28 07:43:10.543074,,967e785d-d83c-490b-8d6a-2ed926c956ac,245556078,
117183916,bf996092-8d66-408a-8d8e-5065ca3330c2,967e785d-d83c-490b-8d6a-2ed926c956ac,WhatsApp Image 2025-08-28 at 09.31.31,48428,"",,,MXG2L5VEMSKN8SVN,,MXG2L5VEMSKN8SVN,,,b6d9c923-75d3-4013-aa66-f87918a63454,"",normal,rfi,,,f,2025-08-28 07:44:32.597997,2025-08-28 07:44:32.597997,2025-08-28 07:44:37.875183,,967e785d-d83c-490b-8d6a-2ed926c956ac,245556235,
117183961,bf996092-8d66-408a-8d8e-5065ca3330c2,967e785d-d83c-490b-8d6a-2ed926c956ac,Screenshot_20250828-131501.WhatsApp.png,0,"",,,VYKJ7GRWMX37AKTY,,VYKJ7GRWMX37AKTY,,,e7c1f128-61d8-4877-a877-fd5a601b748b,"",normal,form,,,t,2025-08-28 07:45:35.194482,2025-08-28 07:45:29.096,2025-08-28 07:45:35.62889,,967e785d-d83c-490b-8d6a-2ed926c956ac,245556374,
117183991,bf996092-8d66-408a-8d8e-5065ca3330c2,967e785d-d83c-490b-8d6a-2ed926c956ac,Screenshot_20250828-131501.WhatsApp.png,0,"",,,VYKJ7GRWMX37AKTY,,VYKJ7GRWMX37AKTY,,,27c112b7-b63b-494e-9468-6f9943aed3e7,"",normal,form,,,t,2025-08-28 07:46:07.248598,2025-08-28 07:46:04.117,2025-08-28 07:46:07.667209,,967e785d-d83c-490b-8d6a-2ed926c956ac,245556433,
117188377,bf996092-8d66-408a-8d8e-5065ca3330c2,967e785d-d83c-490b-8d6a-2ed926c956ac,20250828_143311_photo,0,"",,,VYKJ7GRWMX37AKTY,,VYKJ7GRWMX37AKTY,27.563512,77.662825,2c7c8791-7800-49e4-8aca-fd5d63497dfd,"",normal,form,2025-08-28 09:03:11.686,,t,2025-08-28 09:03:23.391491,2025-08-28 09:03:16.576,2025-08-28 09:03:23.913308,,967e785d-d83c-490b-8d6a-2ed926c956ac,245566203,
117188409,bf996092-8d66-408a-8d8e-5065ca3330c2,967e785d-d83c-490b-8d6a-2ed926c956ac,20250828_143347_photo,0,"",,,VYKJ7GRWMX37AKTY,,VYKJ7GRWMX37AKTY,27.563511,77.662826,7be52421-c1fd-4665-8bfb-00c9da232949,"",normal,form,2025-08-28 09:03:47.364,,t,2025-08-28 09:03:57.593259,2025-08-28 09:03:51.671,2025-08-28 09:03:58.0113,,967e785d-d83c-490b-8d6a-2ed926c956ac,245566287,
117188433,bf996092-8d66-408a-8d8e-5065ca3330c2,967e785d-d83c-490b-8d6a-2ed926c956ac,20250828_143408_photo,0,"",,,VYKJ7GRWMX37AKTY,,VYKJ7GRWMX37AKTY,27.563512,77.662824,2b5e6094-f47e-4cdc-be6d-7af6b1deb01d,"",normal,form,2025-08-28 09:04:08.676,,t,2025-08-28 09:04:16.433064,2025-08-28 09:04:12.767,2025-08-28 09:04:16.82131,,967e785d-d83c-490b-8d6a-2ed926c956ac,245566321,
117188456,bf996092-8d66-408a-8d8e-5065ca3330c2,967e785d-d83c-490b-8d6a-2ed926c956ac,20250828_143433_photo,0,"",,,VYKJ7GRWMX37AKTY,,VYKJ7GRWMX37AKTY,27.563513,77.662826,ca9853da-b568-48e0-9d4f-cc423e3fb059,"",normal,form,2025-08-28 09:04:33.466,,t,2025-08-28 09:04:42.448099,2025-08-28 09:04:37.351,2025-08-28 09:04:42.818442,,967e785d-d83c-490b-8d6a-2ed926c956ac,245566368,
117188476,bf996092-8d66-408a-8d8e-5065ca3330c2,967e785d-d83c-490b-8d6a-2ed926c956ac,20250828_143458_photo,0,"",,,VYKJ7GRWMX37AKTY,,VYKJ7GRWMX37AKTY,27.563505,77.662828,94c6d573-b778-4952-bb8c-b393bb3ae4e0,"",normal,form,2025-08-28 09:04:58.258,,t,2025-08-28 09:05:05.103043,2025-08-28 09:05:02.04,2025-08-28 09:05:05.518715,,967e785d-d83c-490b-8d6a-2ed926c956ac,245566424,
117188577,bf996092-8d66-408a-8d8e-5065ca3330c2,967e785d-d83c-490b-8d6a-2ed926c956ac,Screenshot_20250824-091627.ACC.png,0,"",,,VYKJ7GRWMX37AKTY,,VYKJ7GRWMX37AKTY,,,e17f4911-549f-4fc5-a120-9479d8b0e930,"",normal,form,,,t,2025-08-28 09:06:42.777637,2025-08-28 09:06:39.272,2025-08-28 09:06:43.285908,,967e785d-d83c-490b-8d6a-2ed926c956ac,245566655,
117188601,bf996092-8d66-408a-8d8e-5065ca3330c2,967e785d-d83c-490b-8d6a-2ed926c956ac,Screenshot_20250824-091627.ACC.png,0,"",,,VYKJ7GRWMX37AKTY,,VYKJ7GRWMX37AKTY,,,32849041-f2fb-4178-b136-ea96d8267f5d,"",normal,form,,,t,2025-08-28 09:07:03.237102,2025-08-28 09:06:59.693,2025-08-28 09:07:03.646786,,967e785d-d83c-490b-8d6a-2ed926c956ac,245566703,
117188625,bf996092-8d66-408a-8d8e-5065ca3330c2,967e785d-d83c-490b-8d6a-2ed926c956ac,Screenshot_20250824-091627.ACC.png,0,"",,,VYKJ7GRWMX37AKTY,,VYKJ7GRWMX37AKTY,,,a5bf8bd3-e7e3-45d4-ad72-3093a8590326,"",normal,form,,,t,2025-08-28 09:07:20.15714,2025-08-28 09:07:16.787,2025-08-28 09:07:20.551239,,967e785d-d83c-490b-8d6a-2ed926c956ac,245566751,
117188659,bf996092-8d66-408a-8d8e-5065ca3330c2,967e785d-d83c-490b-8d6a-2ed926c956ac,20250828_143740_photo,0,"",,,VYKJ7GRWMX37AKTY,,VYKJ7GRWMX37AKTY,27.563512,77.662826,45f23a70-f0ca-42a2-a82f-9c31ea4324fc,"",normal,form,2025-08-28 09:07:40.619,,t,2025-08-28 09:07:47.85367,2025-08-28 09:07:44.547,2025-08-28 09:07:48.251731,,967e785d-d83c-490b-8d6a-2ed926c956ac,245566815,
117188680,bf996092-8d66-408a-8d8e-5065ca3330c2,967e785d-d83c-490b-8d6a-2ed926c956ac,20250828_143759_photo,0,"",,,VYKJ7GRWMX37AKTY,,VYKJ7GRWMX37AKTY,27.563512,77.662826,e508512a-0c36-49ad-bf63-08e4b41fd828,"",normal,form,2025-08-28 09:07:59.938,,t,2025-08-28 09:08:10.192356,2025-08-28 09:08:06.886,2025-08-28 09:08:10.559015,,967e785d-d83c-490b-8d6a-2ed926c956ac,245566859,
117188701,bf996092-8d66-408a-8d8e-5065ca3330c2,967e785d-d83c-490b-8d6a-2ed926c956ac,20250828_143824_photo,0,"",,,VYKJ7GRWMX37AKTY,,VYKJ7GRWMX37AKTY,27.563512,77.662824,5c4d6c25-2902-4119-b7cc-42b93f1c8e05,"",normal,form,2025-08-28 09:08:24.204,,t,2025-08-28 09:08:33.73219,2025-08-28 09:08:28.565,2025-08-28 09:08:34.177988,,967e785d-d83c-490b-8d6a-2ed926c956ac,245566907,
117188742,bf996092-8d66-408a-8d8e-5065ca3330c2,967e785d-d83c-490b-8d6a-2ed926c956ac,20250828_143903_photo,0,"",,,VYKJ7GRWMX37AKTY,,VYKJ7GRWMX37AKTY,27.563510,77.662827,a33fd608-2760-4626-9494-d8722e6b3a69,"",normal,form,2025-08-28 09:09:03.964,,t,2025-08-28 09:09:11.759676,2025-08-28 09:09:08.314,2025-08-28 09:09:12.170826,,967e785d-d83c-490b-8d6a-2ed926c956ac,245566987,
117188803,bf996092-8d66-408a-8d8e-5065ca3330c2,967e785d-d83c-490b-8d6a-2ed926c956ac,Screenshot_20250828-144005.ACC.png,0,"",,,VYKJ7GRWMX37AKTY,,VYKJ7GRWMX37AKTY,,,9b6f73c9-7439-4414-9a33-17c4011435e0,"",normal,form,,,t,2025-08-28 09:10:26.831083,2025-08-28 09:10:21.215,2025-08-28 09:10:27.336633,,967e785d-d83c-490b-8d6a-2ed926c956ac,245567123,
117188812,bf996092-8d66-408a-8d8e-5065ca3330c2,967e785d-d83c-490b-8d6a-2ed926c956ac,Screenshot_20250828-144005.ACC.png,0,"",,,VYKJ7GRWMX37AKTY,,VYKJ7GRWMX37AKTY,,,a57caa49-dc66-42b5-8b6c-62ffa93aefca,"",normal,form,,,t,2025-08-28 09:10:37.57594,2025-08-28 09:10:32.965,2025-08-28 09:10:38.102792,,967e785d-d83c-490b-8d6a-2ed926c956ac,245567139,
117188830,bf996092-8d66-408a-8d8e-5065ca3330c2,967e785d-d83c-490b-8d6a-2ed926c956ac,Screenshot_20250828-144005.ACC.png,0,"",,,VYKJ7GRWMX37AKTY,,VYKJ7GRWMX37AKTY,,,79ac3533-67f1-4600-be50-8e392314c3e8,"",normal,form,,,t,2025-08-28 09:10:55.39503,2025-08-28 09:10:51.603,2025-08-28 09:10:55.742885,,967e785d-d83c-490b-8d6a-2ed926c956ac,245567168,
117188971,bf996092-8d66-408a-8d8e-5065ca3330c2,967e785d-d83c-490b-8d6a-2ed926c956ac,Screenshot_20250828-144005.ACC.png,0,"",,,VYKJ7GRWMX37AKTY,,VYKJ7GRWMX37AKTY,,,25de7bc4-fdb9-4696-8c38-681615dfbdd9,"",normal,form,,,t,2025-08-28 09:12:15.569052,2025-08-28 09:12:11.942,2025-08-28 09:12:15.985472,,967e785d-d83c-490b-8d6a-2ed926c956ac,245567406,
117189020,bf996092-8d66-408a-8d8e-5065ca3330c2,967e785d-d83c-490b-8d6a-2ed926c956ac,Screenshot_20250828-144005.ACC.png,0,"",,,VYKJ7GRWMX37AKTY,,VYKJ7GRWMX37AKTY,,,44f36211-5bef-4704-843f-151d317eae29,"",normal,form,,,t,2025-08-28 09:12:34.866698,2025-08-28 09:12:31.777,2025-08-28 09:12:35.538543,,967e785d-d83c-490b-8d6a-2ed926c956ac,245567516,
117189056,bf996092-8d66-408a-8d8e-5065ca3330c2,967e785d-d83c-490b-8d6a-2ed926c956ac,20250828_144253_photo,0,"",,,VYKJ7GRWMX37AKTY,,VYKJ7GRWMX37AKTY,27.563508,77.662829,3f160b37-175f-4922-abc7-cccf1bb08f1a,"",normal,form,2025-08-28 09:12:53.155,,t,2025-08-28 09:13:02.073621,2025-08-28 09:12:56.982,2025-08-28 09:13:02.485443,,967e785d-d83c-490b-8d6a-2ed926c956ac,245567567,
117189182,bf996092-8d66-408a-8d8e-5065ca3330c2,967e785d-d83c-490b-8d6a-2ed926c956ac,20250828_144442_photo,0,"",,,VYKJ7GRWMX37AKTY,,VYKJ7GRWMX37AKTY,27.563508,77.662829,5771513d-38f1-453d-aed0-13191936715f,"",normal,form,2025-08-28 09:14:42.276,,t,2025-08-28 09:14:50.155323,2025-08-28 09:14:46.238,2025-08-28 09:14:50.616222,,967e785d-d83c-490b-8d6a-2ed926c956ac,245567843,
117189192,bf996092-8d66-408a-8d8e-5065ca3330c2,967e785d-d83c-490b-8d6a-2ed926c956ac,20250828_144509_photo,0,"",,,VYKJ7GRWMX37AKTY,,VYKJ7GRWMX37AKTY,27.563511,77.662822,253eb59b-075d-4a84-a45e-3797e9098f39,"",normal,form,2025-08-28 09:15:09.141,,t,2025-08-28 09:15:16.510496,2025-08-28 09:15:13.06,2025-08-28 09:15:16.874675,,967e785d-d83c-490b-8d6a-2ed926c956ac,245567882,
117189195,bf996092-8d66-408a-8d8e-5065ca3330c2,967e785d-d83c-490b-8d6a-2ed926c956ac,20250828_144527_photo,0,"",,,VYKJ7GRWMX37AKTY,,VYKJ7GRWMX37AKTY,27.563508,77.662801,70dd1a38-06bd-455e-815b-efead06ab0ba,"",normal,form,2025-08-28 09:15:27.7,,t,2025-08-28 09:15:37.215107,2025-08-28 09:15:34.127,2025-08-28 09:15:37.620302,,967e785d-d83c-490b-8d6a-2ed926c956ac,245567889,
117189226,bf996092-8d66-408a-8d8e-5065ca3330c2,967e785d-d83c-490b-8d6a-2ed926c956ac,20250828_144559_photo,0,"",,,VYKJ7GRWMX37AKTY,,VYKJ7GRWMX37AKTY,27.563509,77.662822,d1bfe6df-9b72-4646-8432-11af51e18f48,"",normal,form,2025-08-28 09:15:59.852,,t,2025-08-28 09:16:06.955495,2025-08-28 09:16:03.652,2025-08-28 09:16:07.334955,,967e785d-d83c-490b-8d6a-2ed926c956ac,245567950,
117189239,bf996092-8d66-408a-8d8e-5065ca3330c2,967e785d-d83c-490b-8d6a-2ed926c956ac,20250828_144626_photo,0,"",,,VYKJ7GRWMX37AKTY,,VYKJ7GRWMX37AKTY,27.563509,77.662822,67ac8864-2afe-4125-b31f-f7f2d701d0dc,"",normal,form,2025-08-28 09:16:26.148,,t,2025-08-28 09:16:33.512018,2025-08-28 09:16:30.064,2025-08-28 09:16:33.937603,,967e785d-d83c-490b-8d6a-2ed926c956ac,245567976,
117189824,bf996092-8d66-408a-8d8e-5065ca3330c2,967e785d-d83c-490b-8d6a-2ed926c956ac,20250828_145512_photo,0,"",,,VYKJ7GRWMX37AKTY,,VYKJ7GRWMX37AKTY,27.563507,77.662828,e91be49b-1d2a-48ed-9318-dd2d8216062d,"",normal,form,2025-08-28 09:25:12.931,,t,2025-08-28 09:25:22.007592,2025-08-28 09:25:16.726,2025-08-28 09:25:22.535761,,967e785d-d83c-490b-8d6a-2ed926c956ac,245569326,
117189976,bf996092-8d66-408a-8d8e-5065ca3330c2,967e785d-d83c-490b-8d6a-2ed926c956ac,20250828_145751_photo,0,"",,,VYKJ7GRWMX37AKTY,,VYKJ7GRWMX37AKTY,27.563510,77.662821,787136df-669d-4a9c-a63b-5d3bc23046b2,"",normal,form,2025-08-28 09:27:51.622,,t,2025-08-28 09:27:58.958449,2025-08-28 09:27:55.934,2025-08-28 09:27:59.598537,,967e785d-d83c-490b-8d6a-2ed926c956ac,245569666,
117190138,bf996092-8d66-408a-8d8e-5065ca3330c2,967e785d-d83c-490b-8d6a-2ed926c956ac,20250828_150002_photo,0,"",,,VYKJ7GRWMX37AKTY,,VYKJ7GRWMX37AKTY,27.563509,77.662826,d2336749-e1f9-4115-9e62-11fd4c13da93,"",normal,form,2025-08-28 09:30:02.359,,t,2025-08-28 09:30:11.698994,2025-08-28 09:30:06.757,2025-08-28 09:30:12.21763,,967e785d-d83c-490b-8d6a-2ed926c956ac,245569978,
117190326,bf996092-8d66-408a-8d8e-5065ca3330c2,967e785d-d83c-490b-8d6a-2ed926c956ac,Screenshot_20250828-150235.ACC.png,0,"",,,VYKJ7GRWMX37AKTY,,VYKJ7GRWMX37AKTY,,,63287301-c156-45e4-a9d1-bb444c9e3b1e,"",normal,form,,,t,2025-08-28 09:33:16.12332,2025-08-28 09:33:10.905,2025-08-28 09:33:16.644523,,967e785d-d83c-490b-8d6a-2ed926c956ac,245570372,
117190340,bf996092-8d66-408a-8d8e-5065ca3330c2,967e785d-d83c-490b-8d6a-2ed926c956ac,Screenshot_20250828-150235.ACC.png,0,"",,,VYKJ7GRWMX37AKTY,,VYKJ7GRWMX37AKTY,,,2842899e-47b5-444b-af01-1396bfa7533e,"",normal,form,,,t,2025-08-28 09:33:27.999271,2025-08-28 09:33:24.63,2025-08-28 09:33:28.513073,,967e785d-d83c-490b-8d6a-2ed926c956ac,245570400,
117190372,bf996092-8d66-408a-8d8e-5065ca3330c2,967e785d-d83c-490b-8d6a-2ed926c956ac,20250828_150355_photo,0,"",,,VYKJ7GRWMX37AKTY,,VYKJ7GRWMX37AKTY,27.563510,77.662822,8fa60a06-74f5-4a96-8170-fba5510514af,"",normal,form,2025-08-28 09:33:55.435,,t,2025-08-28 09:34:03.391467,2025-08-28 09:33:59.196,2025-08-28 09:34:03.962717,,967e785d-d83c-490b-8d6a-2ed926c956ac,245570469,
117190503,bf996092-8d66-408a-8d8e-5065ca3330c2,967e785d-d83c-490b-8d6a-2ed926c956ac,20250828_150612_photo,0,"",,,VYKJ7GRWMX37AKTY,,VYKJ7GRWMX37AKTY,27.563510,77.662827,227eaa30-9c8b-402b-bca4-51e0da028879,"",normal,form,2025-08-28 09:36:12.604,,t,2025-08-28 09:36:20.04455,2025-08-28 09:36:16.593,2025-08-28 09:36:20.530052,,967e785d-d83c-490b-8d6a-2ed926c956ac,245570750,
117190607,bf996092-8d66-408a-8d8e-5065ca3330c2,967e785d-d83c-490b-8d6a-2ed926c956ac,20250828_150826_photo,0,"",,,VYKJ7GRWMX37AKTY,,VYKJ7GRWMX37AKTY,27.563511,77.662828,359c6e28-bbb3-4aa9-8081-5feb0319d538,"",normal,form,2025-08-28 09:38:26.394,,t,2025-08-28 09:38:35.02954,2025-08-28 09:38:30.229,2025-08-28 09:38:35.628846,,967e785d-d83c-490b-8d6a-2ed926c956ac,245570973,
117190624,bf996092-8d66-408a-8d8e-5065ca3330c2,967e785d-d83c-490b-8d6a-2ed926c956ac,20250828_150856_photo,0,"",,,VYKJ7GRWMX37AKTY,,VYKJ7GRWMX37AKTY,27.563507,77.662829,90399f91-5dd9-456f-b1dd-77b725a35a3b,"",normal,form,2025-08-28 09:38:56.336,,t,2025-08-28 09:39:03.567292,2025-08-28 09:39:00.038,2025-08-28 09:39:03.984591,,967e785d-d83c-490b-8d6a-2ed926c956ac,245571008,
117190671,bf996092-8d66-408a-8d8e-5065ca3330c2,967e785d-d83c-490b-8d6a-2ed926c956ac,20250828_150921_photo,0,"",,,VYKJ7GRWMX37AKTY,,VYKJ7GRWMX37AKTY,27.563509,77.662826,30a4f5fc-2561-49dc-869f-6cd9a302559e,"",normal,form,2025-08-28 09:39:21.396,,t,2025-08-28 09:39:28.968912,2025-08-28 09:39:25.218,2025-08-28 09:39:29.475427,,967e785d-d83c-490b-8d6a-2ed926c956ac,245571104,
117190934,bf996092-8d66-408a-8d8e-5065ca3330c2,967e785d-d83c-490b-8d6a-2ed926c956ac,20250828_151333_photo,0,"",,,VYKJ7GRWMX37AKTY,,VYKJ7GRWMX37AKTY,27.563509,77.662826,c5678ccc-e1a7-47d3-a317-5c4cbf86c168,"",normal,form,2025-08-28 09:43:33.306,,t,2025-08-28 09:43:44.455111,2025-08-28 09:43:37.351,2025-08-28 09:43:44.877683,,967e785d-d83c-490b-8d6a-2ed926c956ac,245571690,
117190973,bf996092-8d66-408a-8d8e-5065ca3330c2,967e785d-d83c-490b-8d6a-2ed926c956ac,20250828_151404_photo,0,"",,,VYKJ7GRWMX37AKTY,,VYKJ7GRWMX37AKTY,27.563510,77.662821,107b599f-a794-4010-9b1c-5daddc7df752,"",normal,form,2025-08-28 09:44:04.692,,t,2025-08-28 09:44:13.950739,2025-08-28 09:44:08.889,2025-08-28 09:44:14.478415,,967e785d-d83c-490b-8d6a-2ed926c956ac,245571795,
117191165,bf996092-8d66-408a-8d8e-5065ca3330c2,967e785d-d83c-490b-8d6a-2ed926c956ac,Screenshot_20250828-144005.ACC.png,0,"",,,VYKJ7GRWMX37AKTY,,VYKJ7GRWMX37AKTY,,,a056a0bb-6a62-4e13-8167-0ba9dfc2ecd0,"",normal,form,,,t,2025-08-28 09:46:55.898949,2025-08-28 09:46:52.831,2025-08-28 09:46:56.309367,,967e785d-d83c-490b-8d6a-2ed926c956ac,245572242,
117191183,bf996092-8d66-408a-8d8e-5065ca3330c2,967e785d-d83c-490b-8d6a-2ed926c956ac,Screenshot_20250828-144005.ACC.png,0,"",,,VYKJ7GRWMX37AKTY,,VYKJ7GRWMX37AKTY,,,1de5b308-2d0f-4458-93cf-293918d6e507,"",normal,form,,,t,2025-08-28 09:47:34.331917,2025-08-28 09:47:31.388,2025-08-28 09:47:34.746109,,967e785d-d83c-490b-8d6a-2ed926c956ac,245572275,
117191209,bf996092-8d66-408a-8d8e-5065ca3330c2,967e785d-d83c-490b-8d6a-2ed926c956ac,Screenshot_20250828-144005.ACC.png,0,"",,,VYKJ7GRWMX37AKTY,,VYKJ7GRWMX37AKTY,,,ee15bb56-4cec-4f7c-86a6-1a9d94b04326,"",normal,form,,,t,2025-08-28 09:48:12.504418,2025-08-28 09:48:09.361,2025-08-28 09:48:12.918636,,967e785d-d83c-490b-8d6a-2ed926c956ac,245572342,
117191235,bf996092-8d66-408a-8d8e-5065ca3330c2,967e785d-d83c-490b-8d6a-2ed926c956ac,Screenshot_20250828-144005.ACC.png,0,"",,,VYKJ7GRWMX37AKTY,,VYKJ7GRWMX37AKTY,,,1a7b722e-1ed3-468f-bc02-b60a9be257db,"",normal,form,,,t,2025-08-28 09:48:37.605554,2025-08-28 09:48:34.631,2025-08-28 09:48:38.046667,,967e785d-d83c-490b-8d6a-2ed926c956ac,245572396,
117191278,bf996092-8d66-408a-8d8e-5065ca3330c2,967e785d-d83c-490b-8d6a-2ed926c956ac,Screenshot_20250828-144005.ACC.png,0,"",,,VYKJ7GRWMX37AKTY,,VYKJ7GRWMX37AKTY,,,a783a924-f9a3-4ad6-a678-f6299a5ebf85,"",normal,form,,,t,2025-08-28 09:49:02.445328,2025-08-28 09:48:56.552,2025-08-28 09:49:02.864924,,967e785d-d83c-490b-8d6a-2ed926c956ac,245572484,
117191308,bf996092-8d66-408a-8d8e-5065ca3330c2,967e785d-d83c-490b-8d6a-2ed926c956ac,20250828_151911_photo,0,"",,,VYKJ7GRWMX37AKTY,,VYKJ7GRWMX37AKTY,27.563511,77.662826,d79f655d-99e8-4682-9828-121c38424315,"",normal,form,2025-08-28 09:49:11.796,,t,2025-08-28 09:49:18.616756,2025-08-28 09:49:15.548,2025-08-28 09:49:19.113686,,967e785d-d83c-490b-8d6a-2ed926c956ac,245572541,
117191533,bf996092-8d66-408a-8d8e-5065ca3330c2,967e785d-d83c-490b-8d6a-2ed926c956ac,20250828_152217_photo,0,"",,,VYKJ7GRWMX37AKTY,,VYKJ7GRWMX37AKTY,27.563510,77.662826,937e1e06-0706-407d-85cd-55a9a376673e,"",normal,form,2025-08-28 09:52:17.21,,t,2025-08-28 09:52:24.455278,2025-08-28 09:52:21.114,2025-08-28 09:52:24.865103,,967e785d-d83c-490b-8d6a-2ed926c956ac,245573027,
117191808,bf996092-8d66-408a-8d8e-5065ca3330c2,967e785d-d83c-490b-8d6a-2ed926c956ac,20250828_152536_photo,0,"",,,VYKJ7GRWMX37AKTY,,VYKJ7GRWMX37AKTY,27.563510,77.662826,304e591c-418e-442a-afdd-bd58f0b06242,"",normal,form,2025-08-28 09:55:36.482,,t,2025-08-28 09:55:48.740178,2025-08-28 09:55:40.387,2025-08-28 09:55:49.171101,,967e785d-d83c-490b-8d6a-2ed926c956ac,245573659,
117191910,bf996092-8d66-408a-8d8e-5065ca3330c2,967e785d-d83c-490b-8d6a-2ed926c956ac,Screenshot_20250828-152638.ACC.png,0,"",,,VYKJ7GRWMX37AKTY,,VYKJ7GRWMX37AKTY,,,387ca928-017f-495b-8fca-e482c9a11e04,"",normal,form,,,t,2025-08-28 09:57:03.709955,2025-08-28 09:57:00.142,2025-08-28 09:57:04.07168,,967e785d-d83c-490b-8d6a-2ed926c956ac,245573871,
117191972,bf996092-8d66-408a-8d8e-5065ca3330c2,967e785d-d83c-490b-8d6a-2ed926c956ac,Screenshot_20250828-152638.ACC.png,0,"",,,VYKJ7GRWMX37AKTY,,VYKJ7GRWMX37AKTY,,,32a871a4-13a6-4e55-8562-04fd12770ed6,"",normal,form,,,t,2025-08-28 09:57:38.255591,2025-08-28 09:57:35.199,2025-08-28 09:57:38.729699,,967e785d-d83c-490b-8d6a-2ed926c956ac,245573979,
117192030,bf996092-8d66-408a-8d8e-5065ca3330c2,967e785d-d83c-490b-8d6a-2ed926c956ac,20250828_152815_photo,0,"",,,VYKJ7GRWMX37AKTY,,VYKJ7GRWMX37AKTY,27.563512,77.662826,b9def85d-d83d-49c7-a51d-2882c45256b9,"",normal,form,2025-08-28 09:58:15.49,,t,2025-08-28 09:58:23.40969,2025-08-28 09:58:19.401,2025-08-28 09:58:23.888046,,967e785d-d83c-490b-8d6a-2ed926c956ac,245574068,
117192247,bf996092-8d66-408a-8d8e-5065ca3330c2,967e785d-d83c-490b-8d6a-2ed926c956ac,20250828_153004_photo,0,"",,,VYKJ7GRWMX37AKTY,,VYKJ7GRWMX37AKTY,27.563511,77.662824,0de1cca0-9156-46dc-96f9-913519ca31b5,"",normal,form,2025-08-28 10:00:04.628,,t,2025-08-28 10:00:14.186035,2025-08-28 10:00:08.879,2025-08-28 10:00:14.624719,,967e785d-d83c-490b-8d6a-2ed926c956ac,245574475,
117192323,bf996092-8d66-408a-8d8e-5065ca3330c2,967e785d-d83c-490b-8d6a-2ed926c956ac,20250828_153051_photo,0,"",,,VYKJ7GRWMX37AKTY,,VYKJ7GRWMX37AKTY,27.563512,77.662827,676bf1b5-9b83-4276-be82-3b7b36008b1c,"",normal,form,2025-08-28 10:00:51.841,,t,2025-08-28 10:00:58.945938,2025-08-28 10:00:55.57,2025-08-28 10:00:59.446853,,967e785d-d83c-490b-8d6a-2ed926c956ac,245574670,
117192365,bf996092-8d66-408a-8d8e-5065ca3330c2,967e785d-d83c-490b-8d6a-2ed926c956ac,20250828_153119_photo,0,"",,,VYKJ7GRWMX37AKTY,,VYKJ7GRWMX37AKTY,27.563511,77.662826,edf508dd-2776-43af-9bc9-b512b63311fe,"",normal,form,2025-08-28 10:01:19.944,,t,2025-08-28 10:01:27.585326,2025-08-28 10:01:23.93,2025-08-28 10:01:28.007906,,967e785d-d83c-490b-8d6a-2ed926c956ac,245574759,
117192381,bf996092-8d66-408a-8d8e-5065ca3330c2,967e785d-d83c-490b-8d6a-2ed926c956ac,20250828_153143_photo,0,"",,,VYKJ7GRWMX37AKTY,,VYKJ7GRWMX37AKTY,27.563512,77.662827,3c7d14b8-bf8a-44cf-bfce-91fe251212ba,"",normal,form,2025-08-28 10:01:43.199,,t,2025-08-28 10:01:50.019795,2025-08-28 10:01:46.879,2025-08-28 10:01:50.434329,,967e785d-d83c-490b-8d6a-2ed926c956ac,245574793,
117192912,bf996092-8d66-408a-8d8e-5065ca3330c2,967e785d-d83c-490b-8d6a-2ed926c956ac,Screenshot_20250828-153511.ACC.png,0,"",,,VYKJ7GRWMX37AKTY,,VYKJ7GRWMX37AKTY,,,d0b311b3-9415-4753-af1b-bc5e5298c4cd,"",normal,form,,,t,2025-08-28 10:06:41.222606,2025-08-28 10:06:34.213,2025-08-28 10:06:41.706645,,967e785d-d83c-490b-8d6a-2ed926c956ac,245575781,
117198377,bf996092-8d66-408a-8d8e-5065ca3330c2,967e785d-d83c-490b-8d6a-2ed926c956ac,20250828_163056_photo,0,"",,,VYKJ7GRWMX37AKTY,,VYKJ7GRWMX37AKTY,27.563508,77.662829,1d1a4bba-a067-4f2a-a29e-2780793d6230,"",normal,form,2025-08-28 11:00:56.431,,t,2025-08-28 11:01:04.247493,2025-08-28 11:01:00.962,2025-08-28 11:01:04.787477,,967e785d-d83c-490b-8d6a-2ed926c956ac,245586943,
117199396,bf996092-8d66-408a-8d8e-5065ca3330c2,967e785d-d83c-490b-8d6a-2ed926c956ac,20250828_163812_photo,0,"",,,VYKJ7GRWMX37AKTY,,VYKJ7GRWMX37AKTY,27.563511,77.662825,75bf7377-f797-4d92-ac92-139d58f7e136,"",normal,form,2025-08-28 11:08:12.193,,t,2025-08-28 11:08:21.413019,2025-08-28 11:08:15.949,2025-08-28 11:08:21.816307,,967e785d-d83c-490b-8d6a-2ed926c956ac,245589014,
117199428,bf996092-8d66-408a-8d8e-5065ca3330c2,967e785d-d83c-490b-8d6a-2ed926c956ac,20250828_163823_photo,0,"",,,VYKJ7GRWMX37AKTY,,VYKJ7GRWMX37AKTY,27.563511,77.662825,987fc2df-255c-481c-a6a7-6a64c5db7279,"",normal,form,2025-08-28 11:08:23.647,,t,2025-08-28 11:08:37.41054,2025-08-28 11:08:30.561,2025-08-28 11:08:37.833146,,967e785d-d83c-490b-8d6a-2ed926c956ac,245589064,
117200606,bf996092-8d66-408a-8d8e-5065ca3330c2,967e785d-d83c-490b-8d6a-2ed926c956ac,Screenshot_20250828-164638.ACC.png,0,"",,,VYKJ7GRWMX37AKTY,,VYKJ7GRWMX37AKTY,,,08d48550-f9c5-40f0-bdd0-0e8e4e2b800f,"",normal,form,,,t,2025-08-28 11:17:11.752038,2025-08-28 11:17:04.116,2025-08-28 11:17:12.204552,,967e785d-d83c-490b-8d6a-2ed926c956ac,245591607,
117200810,bf996092-8d66-408a-8d8e-5065ca3330c2,967e785d-d83c-490b-8d6a-2ed926c956ac,Screenshot_20250828-164638.ACC.png,0,"",,,VYKJ7GRWMX37AKTY,,VYKJ7GRWMX37AKTY,,,4836a3dc-1de8-4815-a806-38bc31a7746a,"",normal,form,,,t,2025-08-28 11:18:31.620671,2025-08-28 11:18:28.074,2025-08-28 11:18:32.152174,,967e785d-d83c-490b-8d6a-2ed926c956ac,245591980,
117201058,bf996092-8d66-408a-8d8e-5065ca3330c2,967e785d-d83c-490b-8d6a-2ed926c956ac,Screenshot_20250828-164638.ACC.png,0,"",,,VYKJ7GRWMX37AKTY,,VYKJ7GRWMX37AKTY,,,f19d6561-76f5-4069-8de8-d104f75baa2a,"",normal,form,,,t,2025-08-28 11:19:34.031573,2025-08-28 11:19:29.355,2025-08-28 11:19:34.527872,,967e785d-d83c-490b-8d6a-2ed926c956ac,245592410,
117201153,bf996092-8d66-408a-8d8e-5065ca3330c2,967e785d-d83c-490b-8d6a-2ed926c956ac,20250828_164958_photo,0,"",,,VYKJ7GRWMX37AKTY,,VYKJ7GRWMX37AKTY,27.563510,77.662826,cda8233a-6ce7-4aad-b0e5-d1e4a4d826ae,"",normal,form,2025-08-28 11:19:58.242,,t,2025-08-28 11:20:06.240523,2025-08-28 11:20:02.097,2025-08-28 11:20:06.681894,,967e785d-d83c-490b-8d6a-2ed926c956ac,245592588,
117201277,bf996092-8d66-408a-8d8e-5065ca3330c2,967e785d-d83c-490b-8d6a-2ed926c956ac,Screenshot_20250828-164638.ACC.png,0,"",,,VYKJ7GRWMX37AKTY,,VYKJ7GRWMX37AKTY,,,fc1e9c0d-c5c3-44fc-a7a8-148d2d045e35,"",normal,form,,,t,2025-08-28 11:20:34.541872,2025-08-28 11:20:31.539,2025-08-28 11:20:34.938491,,967e785d-d83c-490b-8d6a-2ed926c956ac,245592849,
117201339,bf996092-8d66-408a-8d8e-5065ca3330c2,967e785d-d83c-490b-8d6a-2ed926c956ac,Screenshot_20250828-164638.ACC.png,0,"",,,VYKJ7GRWMX37AKTY,,VYKJ7GRWMX37AKTY,,,449a1107-763b-4953-87db-66436e425670,"",normal,form,,,t,2025-08-28 11:20:49.078611,2025-08-28 11:20:45.772,2025-08-28 11:20:49.535252,,967e785d-d83c-490b-8d6a-2ed926c956ac,245592962,
117203968,bf996092-8d66-408a-8d8e-5065ca3330c2,967e785d-d83c-490b-8d6a-2ed926c956ac,20250828_170318_photo,0,"",,,VYKJ7GRWMX37AKTY,,VYKJ7GRWMX37AKTY,27.563508,77.662828,5856f3b9-197d-44ab-9a12-dce9081ca7de,"",normal,form,2025-08-28 11:33:18.145,,t,2025-08-28 11:33:27.058072,2025-08-28 11:33:22.059,2025-08-28 11:33:27.45023,,967e785d-d83c-490b-8d6a-2ed926c956ac,245598225,
117204060,bf996092-8d66-408a-8d8e-5065ca3330c2,967e785d-d83c-490b-8d6a-2ed926c956ac,20250828_170347_photo,0,"",,,VYKJ7GRWMX37AKTY,,VYKJ7GRWMX37AKTY,27.563510,77.662826,176ed073-d65a-42a9-b254-c565804fc268,"",normal,form,2025-08-28 11:33:47.943,,t,2025-08-28 11:33:59.055552,2025-08-28 11:33:51.965,2025-08-28 11:33:59.434783,,967e785d-d83c-490b-8d6a-2ed926c956ac,245598420,
117204105,bf996092-8d66-408a-8d8e-5065ca3330c2,967e785d-d83c-490b-8d6a-2ed926c956ac,20250828_170401_photo,0,"",,,VYKJ7GRWMX37AKTY,,VYKJ7GRWMX37AKTY,27.563510,77.662826,8a4dbddc-b3ed-4983-9656-200ba3d28961,"",normal,form,2025-08-28 11:34:01.127,,t,2025-08-28 11:34:13.816125,2025-08-28 11:34:08.956,2025-08-28 11:34:14.20082,,967e785d-d83c-490b-8d6a-2ed926c956ac,245598502,
117205343,bf996092-8d66-408a-8d8e-5065ca3330c2,967e785d-d83c-490b-8d6a-2ed926c956ac,20250828_171004_photo,0,"",,,VYKJ7GRWMX37AKTY,,VYKJ7GRWMX37AKTY,27.563507,77.662828,632d308c-891e-46a7-8381-f4199be3c07c,"",normal,form,2025-08-28 11:40:04.398,,t,2025-08-28 11:40:15.027123,2025-08-28 11:40:08.617,2025-08-28 11:40:15.613409,,967e785d-d83c-490b-8d6a-2ed926c956ac,245601258,
117205700,bf996092-8d66-408a-8d8e-5065ca3330c2,967e785d-d83c-490b-8d6a-2ed926c956ac,20250828_171130_photo,0,"",,,VYKJ7GRWMX37AKTY,,VYKJ7GRWMX37AKTY,27.563509,77.662822,5e53f6eb-6639-4e1d-8f30-5373806c490b,"",normal,form,2025-08-28 11:41:30.243,,t,2025-08-28 11:41:38.547569,2025-08-28 11:41:34.596,2025-08-28 11:41:38.977607,,967e785d-d83c-490b-8d6a-2ed926c956ac,245602135,
117207235,bf996092-8d66-408a-8d8e-5065ca3330c2,967e785d-d83c-490b-8d6a-2ed926c956ac,20250828_171921_photo,0,"",,,VYKJ7GRWMX37AKTY,,VYKJ7GRWMX37AKTY,27.563504,77.662829,57c3b25f-a7f9-4d7c-8421-984be93afb22,"",normal,form,2025-08-28 11:49:21.319,,t,2025-08-28 11:49:32.669224,2025-08-28 11:49:25.435,2025-08-28 11:49:33.187004,,967e785d-d83c-490b-8d6a-2ed926c956ac,245605364,
117207762,bf996092-8d66-408a-8d8e-5065ca3330c2,967e785d-d83c-490b-8d6a-2ed926c956ac,Screenshot_20250828-172119.ACC.png,0,"",,,VYKJ7GRWMX37AKTY,,VYKJ7GRWMX37AKTY,,,2c79bfad-393a-4363-b441-888f4de3ef8a,"",normal,form,,,t,2025-08-28 11:52:00.970727,2025-08-28 11:51:41.127,2025-08-28 11:52:01.446895,,967e785d-d83c-490b-8d6a-2ed926c956ac,245606450,
117207951,bf996092-8d66-408a-8d8e-5065ca3330c2,967e785d-d83c-490b-8d6a-2ed926c956ac,Screenshot_20250828-172119.ACC.png,0,"",,,VYKJ7GRWMX37AKTY,,VYKJ7GRWMX37AKTY,,,87bea46f-de63-440a-8197-a3523362341f,"",normal,form,,,t,2025-08-28 11:53:03.363268,2025-08-28 11:52:55.136,2025-08-28 11:53:04.022267,,967e785d-d83c-490b-8d6a-2ed926c956ac,245606884,
117208057,bf996092-8d66-408a-8d8e-5065ca3330c2,967e785d-d83c-490b-8d6a-2ed926c956ac,Screenshot_20250828-172119.ACC.png,0,"",,,VYKJ7GRWMX37AKTY,,VYKJ7GRWMX37AKTY,,,0ae4535c-e7d9-4a30-a045-48d7d12b7e7b,"",normal,form,,,t,2025-08-28 11:53:35.532996,2025-08-28 11:53:27.177,2025-08-28 11:53:36.02908,,967e785d-d83c-490b-8d6a-2ed926c956ac,245607062,
108760491,bf996092-8d66-408a-8d8e-5065ca3330c2,f679f4cf-c089-4a2b-9b84-b14129630601,0aa47bce-863c-4a00-9160-fa2b37f0b50c,0,"",,,3TSJN3BRN9YVX2DX,,3TSJN3BRN9YVX2DX,,,0e58931b-e3c2-4902-9fdf-2e6ff4131cbd,"",normal,gallery,2025-07-19 07:50:35.74,,t,2025-07-19 07:50:42.445639,2025-07-19 07:50:35.671,2025-07-19 07:50:42.445639,,f679f4cf-c089-4a2b-9b84-b14129630601,228622755,
100974479,bf996092-8d66-408a-8d8e-5065ca3330c2,f679f4cf-c089-4a2b-9b84-b14129630601,20250615_183804_photo,0,"",,,3TSJN3BRN9YVX2DX,,3TSJN3BRN9YVX2DX,28.669697,77.431522,fc55b992-1fbc-4734-9e82-85bdb1703cc0,"",normal,gallery,2025-06-15 13:08:04.687,,t,2025-06-15 13:08:09.375165,2025-06-15 13:08:04.487,2025-07-19 07:51:18.39658,,f679f4cf-c089-4a2b-9b84-b14129630601,228622763,
108763648,bf996092-8d66-408a-8d8e-5065ca3330c2,f679f4cf-c089-4a2b-9b84-b14129630601,20250719_161832_photo,0,"",,,3TSJN3BRN9YVX2DX,,3TSJN3BRN9YVX2DX,28.669500,77.431039,f4a8525c-b584-413e-a207-0bb0da41de19,"",normal,gallery,2025-07-19 10:48:32.944,,t,2025-07-19 10:48:38.619316,2025-07-19 10:48:32.838,2025-07-19 10:48:38.619316,,f679f4cf-c089-4a2b-9b84-b14129630601,228629682,
108763718,bf996092-8d66-408a-8d8e-5065ca3330c2,f679f4cf-c089-4a2b-9b84-b14129630601,20250719_162020_photo,0,"",,,3TSJN3BRN9YVX2DX,,3TSJN3BRN9YVX2DX,28.669656,77.431161,e3f1a141-1553-44b1-b6cc-15d1092c4ae2,"",normal,gallery,2025-07-19 10:50:21.084,,t,2025-07-19 10:50:26.466284,2025-07-19 10:50:20.987,2025-07-19 11:26:12.747282,,f679f4cf-c089-4a2b-9b84-b14129630601,228631679,
117261000,bf996092-8d66-408a-8d8e-5065ca3330c2,967e785d-d83c-490b-8d6a-2ed926c956ac,IMG-20250828-WA0022.jpg,0,"",,,MJU2FLVXJAQLGRH7,,MJU2FLVXJAQLGRH7,,,be38aeb6-d2e4-4eae-922a-c5be3da1675f,"",normal,form,,,t,2025-08-28 14:40:59.917685,2025-08-28 14:40:50.967,2025-08-28 14:41:00.492072,,967e785d-d83c-490b-8d6a-2ed926c956ac,245713556,
117261060,bf996092-8d66-408a-8d8e-5065ca3330c2,967e785d-d83c-490b-8d6a-2ed926c956ac,IMG-20250828-WA0021.jpg,0,"",,,MJU2FLVXJAQLGRH7,,MJU2FLVXJAQLGRH7,,,83b8f4c4-d9e8-4107-9181-a8e25d58d136,"",normal,form,,,t,2025-08-28 14:41:08.278071,2025-08-28 14:40:59.52,2025-08-28 14:41:08.872728,,967e785d-d83c-490b-8d6a-2ed926c956ac,245713663,
117262666,bf996092-8d66-408a-8d8e-5065ca3330c2,967e785d-d83c-490b-8d6a-2ed926c956ac,20250828_201332_photo,0,"",,,MJU2FLVXJAQLGRH7,,MJU2FLVXJAQLGRH7,,,ee9d3b79-45ab-41cc-b3a7-2fb57f68d729,"",normal,form,2025-08-28 14:43:32.288,,t,2025-08-28 14:44:41.205247,2025-08-28 14:44:26.905,2025-08-28 14:44:52.184059,,967e785d-d83c-490b-8d6a-2ed926c956ac,245717113,
117262719,bf996092-8d66-408a-8d8e-5065ca3330c2,967e785d-d83c-490b-8d6a-2ed926c956ac,20250828_201420_photo,0,"",,,MJU2FLVXJAQLGRH7,,MJU2FLVXJAQLGRH7,,,21564825-7c84-49c3-9350-7ce2687e93ce,"",normal,form,2025-08-28 14:44:20.083,,t,2025-08-28 14:44:51.69923,2025-08-28 14:44:27.069,2025-08-28 14:44:52.678953,,967e785d-d83c-490b-8d6a-2ed926c956ac,245717123,
117262829,bf996092-8d66-408a-8d8e-5065ca3330c2,967e785d-d83c-490b-8d6a-2ed926c956ac,IMG-20250828-WA0022.jpg,0,"",,,MJU2FLVXJAQLGRH7,,MJU2FLVXJAQLGRH7,,,b0577f80-4247-417d-a921-45cf31174dbb,"",normal,form,,,t,2025-08-28 14:45:13.663827,2025-08-28 14:45:05.577,2025-08-28 14:45:19.55614,,967e785d-d83c-490b-8d6a-2ed926c956ac,245717419,
117262865,bf996092-8d66-408a-8d8e-5065ca3330c2,967e785d-d83c-490b-8d6a-2ed926c956ac,IMG-20250828-WA0021.jpg,0,"",,,MJU2FLVXJAQLGRH7,,MJU2FLVXJAQLGRH7,,,b0b0349d-1d94-4227-bf27-90db84c9ec11,"",normal,form,,,t,2025-08-28 14:45:19.107684,2025-08-28 14:45:05.685,2025-08-28 14:45:19.971626,,967e785d-d83c-490b-8d6a-2ed926c956ac,245717423,
117263011,bf996092-8d66-408a-8d8e-5065ca3330c2,967e785d-d83c-490b-8d6a-2ed926c956ac,20250828_201525_photo,0,"",,,MJU2FLVXJAQLGRH7,,MJU2FLVXJAQLGRH7,,,11032ef4-02f6-46eb-b81d-c98c7a017dc4,"",normal,form,2025-08-28 14:45:25.627,,t,2025-08-28 14:45:42.033613,2025-08-28 14:45:30.726,2025-08-28 14:45:42.733552,,967e785d-d83c-490b-8d6a-2ed926c956ac,245717686,
117263247,bf996092-8d66-408a-8d8e-5065ca3330c2,967e785d-d83c-490b-8d6a-2ed926c956ac,IMG20250828102431.jpg,0,"",,,MJU2FLVXJAQLGRH7,,MJU2FLVXJAQLGRH7,,,3ae591db-f267-4666-a2cc-4baaf747722e,"",normal,form,2025-08-28 04:54:31.263,,t,2025-08-28 14:46:26.523265,2025-08-28 14:46:15.56,2025-08-28 14:46:38.411339,,967e785d-d83c-490b-8d6a-2ed926c956ac,245718284,
117263300,bf996092-8d66-408a-8d8e-5065ca3330c2,967e785d-d83c-490b-8d6a-2ed926c956ac,IMG20250828102557.jpg,0,"",,,MJU2FLVXJAQLGRH7,,MJU2FLVXJAQLGRH7,,,774b9921-2ef6-4f83-ae6d-b325679ce379,"",normal,form,2025-08-28 04:55:57.898,,t,2025-08-28 14:46:37.804452,2025-08-28 14:46:15.775,2025-08-28 14:46:38.849141,,967e785d-d83c-490b-8d6a-2ed926c956ac,245718290,
117263569,bf996092-8d66-408a-8d8e-5065ca3330c2,967e785d-d83c-490b-8d6a-2ed926c956ac,IMG20250828102542.jpg,0,"",,,MJU2FLVXJAQLGRH7,,MJU2FLVXJAQLGRH7,,,4bfd9460-ff1f-48c6-a3f4-0b7e9045f386,"",normal,form,2025-08-28 04:55:42.592,,t,2025-08-28 14:47:22.991069,2025-08-28 14:47:11.959,2025-08-28 14:47:23.472158,,967e785d-d83c-490b-8d6a-2ed926c956ac,245718866,
117264033,bf996092-8d66-408a-8d8e-5065ca3330c2,967e785d-d83c-490b-8d6a-2ed926c956ac,IMG-20250828-WA0021.jpg,0,"",,,MJU2FLVXJAQLGRH7,,MJU2FLVXJAQLGRH7,,,8221efed-945c-44c5-a307-2e8f119ce2ca,"",normal,form,,,t,2025-08-28 14:48:40.245136,2025-08-28 14:48:33.409,2025-08-28 14:48:40.855091,,967e785d-d83c-490b-8d6a-2ed926c956ac,245719787,
117264300,bf996092-8d66-408a-8d8e-5065ca3330c2,967e785d-d83c-490b-8d6a-2ed926c956ac,IMG-20250828-WA0022.jpg,0,"",,,MJU2FLVXJAQLGRH7,,MJU2FLVXJAQLGRH7,,,a7b8fc21-ac95-4525-9d19-c8603466dfa5,"",normal,form,,,t,2025-08-28 14:49:15.744558,2025-08-28 14:49:09.57,2025-08-28 14:49:16.286583,,967e785d-d83c-490b-8d6a-2ed926c956ac,245720317,
117265131,bf996092-8d66-408a-8d8e-5065ca3330c2,967e785d-d83c-490b-8d6a-2ed926c956ac,IMG-20250828-WA0021.jpg,0,"",,,MJU2FLVXJAQLGRH7,,MJU2FLVXJAQLGRH7,,,ba276233-e92b-4137-825f-56c969c04c96,"",normal,form,,,t,2025-08-28 14:51:27.864321,2025-08-28 14:51:21.787,2025-08-28 14:51:29.990691,,967e785d-d83c-490b-8d6a-2ed926c956ac,245721920,
109158996,bf996092-8d66-408a-8d8e-5065ca3330c2,967e785d-d83c-490b-8d6a-2ed926c956ac,IMG_20250719_201756375_HDR.jpg,0,"",,,VYKJ7GRWMX37AKTY,,VYKJ7GRWMX37AKTY,,,650e41d3-3406-4a45-913b-1f151be1960c,"",normal,form,2025-07-19 14:47:56.739,,t,2025-07-21 06:04:11.281531,2025-07-21 06:04:02.538,2025-07-21 06:04:11.794217,,967e785d-d83c-490b-8d6a-2ed926c956ac,229425177,
109159033,bf996092-8d66-408a-8d8e-5065ca3330c2,967e785d-d83c-490b-8d6a-2ed926c956ac,IMG_20250719_202536510_HDR.jpg,0,"",,,VYKJ7GRWMX37AKTY,,VYKJ7GRWMX37AKTY,,,d7e2a0fc-f335-4c3c-85e4-078929a47819,"",normal,form,2025-07-19 14:55:36.874,,t,2025-07-21 06:05:01.232735,2025-07-21 06:04:53.592,2025-07-21 06:05:01.844169,,967e785d-d83c-490b-8d6a-2ed926c956ac,229425278,
109159062,bf996092-8d66-408a-8d8e-5065ca3330c2,967e785d-d83c-490b-8d6a-2ed926c956ac,IMG_20250719_202536510_HDR.jpg,0,"",,,VYKJ7GRWMX37AKTY,,VYKJ7GRWMX37AKTY,,,6e05631d-f539-4f5e-bdb5-c8df186d0429,"",normal,form,2025-07-19 14:55:36.874,,t,2025-07-21 06:05:56.008301,2025-07-21 06:05:51.132,2025-07-21 06:05:56.527861,,967e785d-d83c-490b-8d6a-2ed926c956ac,229425343,
109159099,bf996092-8d66-408a-8d8e-5065ca3330c2,967e785d-d83c-490b-8d6a-2ed926c956ac,IMG_20250720_121018783_HDR.jpg,0,"",,,VYKJ7GRWMX37AKTY,,VYKJ7GRWMX37AKTY,,,56c5ddf0-7e51-4e89-bb29-34aa332a5f65,"",normal,form,2025-07-20 06:40:19.158,,t,2025-07-21 06:07:06.061633,2025-07-21 06:07:00.456,2025-07-21 06:07:06.58868,,967e785d-d83c-490b-8d6a-2ed926c956ac,229425430,
109159123,bf996092-8d66-408a-8d8e-5065ca3330c2,967e785d-d83c-490b-8d6a-2ed926c956ac,IMG_20250720_121018783_HDR.jpg,0,"",,,VYKJ7GRWMX37AKTY,,VYKJ7GRWMX37AKTY,,,ddb0cb67-e191-459d-9f54-1248cbd9f14f,"",normal,form,2025-07-20 06:40:19.158,,t,2025-07-21 06:08:00.742073,2025-07-21 06:07:54.468,2025-07-21 06:08:01.245691,,967e785d-d83c-490b-8d6a-2ed926c956ac,229425490,
109159143,bf996092-8d66-408a-8d8e-5065ca3330c2,967e785d-d83c-490b-8d6a-2ed926c956ac,IMG_20250720_121018783_HDR.jpg,0,"",,,VYKJ7GRWMX37AKTY,,VYKJ7GRWMX37AKTY,,,c897d6eb-8e35-49f1-8dae-c68372a9e8c3,"",normal,form,2025-07-20 06:40:19.158,,t,2025-07-21 06:08:39.417774,2025-07-21 06:08:32.322,2025-07-21 06:08:39.909575,,967e785d-d83c-490b-8d6a-2ed926c956ac,229425529,
109159193,bf996092-8d66-408a-8d8e-5065ca3330c2,967e785d-d83c-490b-8d6a-2ed926c956ac,IMG_20250720_121031087_HDR.jpg,0,"",,,VYKJ7GRWMX37AKTY,,VYKJ7GRWMX37AKTY,,,7094f0ac-58e7-4e2d-b016-2b8fba17b07e,"",normal,form,2025-07-20 06:40:31.568,,t,2025-07-21 06:09:07.854307,2025-07-21 06:09:02.204,2025-07-21 06:09:08.281814,,967e785d-d83c-490b-8d6a-2ed926c956ac,229425694,
109159226,bf996092-8d66-408a-8d8e-5065ca3330c2,967e785d-d83c-490b-8d6a-2ed926c956ac,IMG_20250719_201756375_HDR.jpg,0,"",,,VYKJ7GRWMX37AKTY,,VYKJ7GRWMX37AKTY,,,61699663-1c71-44bb-89c4-d351dc7de091,"",normal,form,2025-07-19 14:47:56.739,,t,2025-07-21 06:10:22.856158,2025-07-21 06:10:17.828,2025-07-21 06:10:23.391973,,967e785d-d83c-490b-8d6a-2ed926c956ac,229425775,
109159326,bf996092-8d66-408a-8d8e-5065ca3330c2,967e785d-d83c-490b-8d6a-2ed926c956ac,IMG_20250720_121031087_HDR.jpg,0,"",,,VYKJ7GRWMX37AKTY,,VYKJ7GRWMX37AKTY,,,e32b75e1-7f80-41f1-9643-340430e69ba8,"",normal,form,2025-07-20 06:40:31.568,,t,2025-07-21 06:11:57.728028,2025-07-21 06:11:52.247,2025-07-21 06:11:58.131169,,967e785d-d83c-490b-8d6a-2ed926c956ac,229426002,
109159367,bf996092-8d66-408a-8d8e-5065ca3330c2,967e785d-d83c-490b-8d6a-2ed926c956ac,IMG_20250720_121031087_HDR.jpg,0,"",,,VYKJ7GRWMX37AKTY,,VYKJ7GRWMX37AKTY,,,2f2070c7-f6f9-4114-8210-ef6932513c8b,"",normal,form,2025-07-20 06:40:31.568,,t,2025-07-21 06:12:55.259296,2025-07-21 06:12:49.485,2025-07-21 06:12:55.755778,,967e785d-d83c-490b-8d6a-2ed926c956ac,229426095,
109165233,bf996092-8d66-408a-8d8e-5065ca3330c2,f679f4cf-c089-4a2b-9b84-b14129630601,20250721_132503_photo,0,"",,,3TSJN3BRN9YVX2DX,,3TSJN3BRN9YVX2DX,28.669850,77.430967,9c6f4606-8753-478c-b18d-b439fe0b30ca,"",normal,gallery,2025-07-21 07:55:03.836,,t,2025-07-21 07:55:10.322909,2025-07-21 07:55:03.735,2025-07-21 07:55:10.322909,,f679f4cf-c089-4a2b-9b84-b14129630601,229439617,
109165366,bf996092-8d66-408a-8d8e-5065ca3330c2,f679f4cf-c089-4a2b-9b84-b14129630601,20250721_132619_photo,0,"",,,3TSJN3BRN9YVX2DX,,3TSJN3BRN9YVX2DX,28.669967,77.431189,1d170ccf-0b95-4747-ae20-b7a5c05cd0fc,"",normal,gallery,2025-07-21 07:56:19.615,,t,2025-07-21 07:56:25.025014,2025-07-21 07:56:19.521,2025-08-13 10:40:39.325115,,f679f4cf-c089-4a2b-9b84-b14129630601,239609086,
109201083,bf996092-8d66-408a-8d8e-5065ca3330c2,967e785d-d83c-490b-8d6a-2ed926c956ac,20250721_165926_photo,0,"",,,U8Q2F3P4M3PWWQXF,,U8Q2F3P4M3PWWQXF,27.563484,77.662824,54542692-e6db-43bb-885a-ed0074563fa4,"",normal,rfi,2025-07-21 11:29:26.629,,f,2025-07-21 11:30:33.376224,2025-07-21 11:29:34.764,2025-07-21 11:30:33.376224,,967e785d-d83c-490b-8d6a-2ed926c956ac,229512729,
109202758,bf996092-8d66-408a-8d8e-5065ca3330c2,967e785d-d83c-490b-8d6a-2ed926c956ac,20250721_171145_photo,0,"",,,U8Q2F3P4M3PWWQXF,,U8Q2F3P4M3PWWQXF,27.563483,77.662827,28f307c1-ea34-4a14-9dde-0bc08f5a4adc,"",normal,rfi,2025-07-21 11:41:45.011,,f,2025-07-21 11:42:01.6248,2025-07-21 11:41:51.013,2025-07-21 11:42:01.6248,,967e785d-d83c-490b-8d6a-2ed926c956ac,229515916,
110138018,bf996092-8d66-408a-8d8e-5065ca3330c2,f679f4cf-c089-4a2b-9b84-b14129630601,20250723_155239_photo,0,"",,,3TSJN3BRN9YVX2DX,,3TSJN3BRN9YVX2DX,28.670092,77.431211,976cd829-3162-4540-8721-3881ee6db64a,"",normal,gallery,2025-07-23 10:22:39.595,,t,2025-07-23 10:22:46.738155,2025-07-23 10:22:39.462,2025-07-23 10:22:46.738155,,f679f4cf-c089-4a2b-9b84-b14129630601,231388566,
110138029,bf996092-8d66-408a-8d8e-5065ca3330c2,f679f4cf-c089-4a2b-9b84-b14129630601,20250723_155239_photo,0,"",,,3TSJN3BRN9YVX2DX,,3TSJN3BRN9YVX2DX,28.670103,77.431206,8122388e-3a80-49c2-a0af-ad13206d4ced,"",normal,gallery,2025-07-23 10:22:39.623,,t,2025-07-23 10:22:52.700198,2025-07-23 10:22:39.462,2025-07-24 09:23:02.609639,,f679f4cf-c089-4a2b-9b84-b14129630601,232073894,
110436047,bf996092-8d66-408a-8d8e-5065ca3330c2,967e785d-d83c-490b-8d6a-2ed926c956ac,IMG-20250724-WA0031.jpg,0,"",,,VYKJ7GRWMX37AKTY,,VYKJ7GRWMX37AKTY,,,750ee3fe-5042-40ec-b417-6d1e3e39aebf,"",normal,form,,,t,2025-07-24 05:08:05.14526,2025-07-24 05:07:57.242,2025-07-24 05:08:05.735988,,967e785d-d83c-490b-8d6a-2ed926c956ac,231984178,
110436205,bf996092-8d66-408a-8d8e-5065ca3330c2,967e785d-d83c-490b-8d6a-2ed926c956ac,Screenshot_20250724-104010.Photos.png,0,"",,,VYKJ7GRWMX37AKTY,,VYKJ7GRWMX37AKTY,,,aead1d08-151e-4e26-b97a-18208a78c59c,"",normal,form,,,t,2025-07-24 05:11:30.772293,2025-07-24 05:11:23.92,2025-07-24 05:11:31.296758,,967e785d-d83c-490b-8d6a-2ed926c956ac,231984632,
110436215,bf996092-8d66-408a-8d8e-5065ca3330c2,967e785d-d83c-490b-8d6a-2ed926c956ac,Screenshot_20250724-104010.Photos.png,0,"",,,VYKJ7GRWMX37AKTY,,VYKJ7GRWMX37AKTY,,,e1d0d545-79ea-4411-bfe2-ba538b291c02,"",normal,form,,,t,2025-07-24 05:12:03.420425,2025-07-24 05:11:56.398,2025-07-24 05:12:04.138892,,967e785d-d83c-490b-8d6a-2ed926c956ac,231984647,
110436224,bf996092-8d66-408a-8d8e-5065ca3330c2,967e785d-d83c-490b-8d6a-2ed926c956ac,Screenshot_20250724-104010.Photos.png,0,"",,,VYKJ7GRWMX37AKTY,,VYKJ7GRWMX37AKTY,,,e9dd55cc-6997-4daf-b219-02bbad59f52c,"",normal,form,,,t,2025-07-24 05:12:31.276191,2025-07-24 05:12:24.529,2025-07-24 05:12:31.789329,,967e785d-d83c-490b-8d6a-2ed926c956ac,231984662,
110571749,bf996092-8d66-408a-8d8e-5065ca3330c2,f679f4cf-c089-4a2b-9b84-b14129630601,20250724_200606_photo,0,"",,,3TSJN3BRN9YVX2DX,,3TSJN3BRN9YVX2DX,28.670075,77.430989,7248ce1a-5c10-4394-b26e-55d9386ef6c2,"",normal,gallery,2025-07-24 14:36:06.504,,t,2025-07-24 14:36:27.640404,2025-07-24 14:36:06.407,2025-07-24 14:36:27.640404,,f679f4cf-c089-4a2b-9b84-b14129630601,232261839,
110572160,bf996092-8d66-408a-8d8e-5065ca3330c2,f679f4cf-c089-4a2b-9b84-b14129630601,20250724_200727_photo,0,"",,,3TSJN3BRN9YVX2DX,,3TSJN3BRN9YVX2DX,28.670067,77.431169,a7b6304d-b695-4da9-beb9-97d1adc81824,"",normal,gallery,2025-07-24 14:37:27.748,,t,2025-07-24 14:37:33.240405,2025-07-24 14:37:27.653,2025-08-13 10:37:46.809717,,f679f4cf-c089-4a2b-9b84-b14129630601,239608400,
110572193,bf996092-8d66-408a-8d8e-5065ca3330c2,f679f4cf-c089-4a2b-9b84-b14129630601,20250724_200727_photo,0,"",,,3TSJN3BRN9YVX2DX,,3TSJN3BRN9YVX2DX,28.670067,77.431169,9be6319f-8def-4a31-b39f-b62689b03622,"",normal,gallery,2025-07-24 14:37:27.758,,t,2025-07-24 14:37:39.219252,2025-07-24 14:37:27.653,2025-07-24 14:37:39.219252,,f679f4cf-c089-4a2b-9b84-b14129630601,232262703,
110781078,bf996092-8d66-408a-8d8e-5065ca3330c2,f679f4cf-c089-4a2b-9b84-b14129630601,230392d9-dbed-454f-889e-460821067a3b,0,"",,,3TSJN3BRN9YVX2DX,,3TSJN3BRN9YVX2DX,28.670067,77.431169,00707251-2776-4a0a-b7dc-dfb1fbe2d7ab,"",normal,gallery,2025-07-25 12:31:04.065,,t,2025-07-25 12:31:09.253397,2025-07-25 12:31:03.888,2025-07-25 12:31:09.253397,,f679f4cf-c089-4a2b-9b84-b14129630601,232682063,
110991632,bf996092-8d66-408a-8d8e-5065ca3330c2,967e785d-d83c-490b-8d6a-2ed926c956ac,Screenshot_20250726-115718.Photos.png,0,"",,,VYKJ7GRWMX37AKTY,,VYKJ7GRWMX37AKTY,,,812f6275-934f-41be-9e18-c8913e002987,"",normal,form,,,t,2025-07-26 06:27:46.409158,2025-07-26 06:27:37.935,2025-07-26 06:27:47.054083,,967e785d-d83c-490b-8d6a-2ed926c956ac,233108896,
110991732,bf996092-8d66-408a-8d8e-5065ca3330c2,967e785d-d83c-490b-8d6a-2ed926c956ac,IMG_20250724_201841607_HDR.jpg,0,"",,,VYKJ7GRWMX37AKTY,,VYKJ7GRWMX37AKTY,,,ef08a82d-626e-469a-b65a-776a20d8d425,"",normal,form,2025-07-24 14:48:42.034,,t,2025-07-26 06:32:07.375866,2025-07-26 06:31:57.503,2025-07-26 06:32:07.864952,,967e785d-d83c-490b-8d6a-2ed926c956ac,233109097,
110991764,bf996092-8d66-408a-8d8e-5065ca3330c2,967e785d-d83c-490b-8d6a-2ed926c956ac,IMG_20250719_201756375_HDR.jpg,0,"",,,VYKJ7GRWMX37AKTY,,VYKJ7GRWMX37AKTY,,,45fcda0f-96c3-4753-aff1-3c06f7e9dbe0,"",normal,form,2025-07-19 14:47:56.739,,t,2025-07-26 06:33:02.340789,2025-07-26 06:32:48.566,2025-07-26 06:33:02.913909,,967e785d-d83c-490b-8d6a-2ed926c956ac,233109167,
110991864,bf996092-8d66-408a-8d8e-5065ca3330c2,967e785d-d83c-490b-8d6a-2ed926c956ac,Screenshot_20250726-120411.WhatsApp.png,0,"",,,VYKJ7GRWMX37AKTY,,VYKJ7GRWMX37AKTY,,,7296c2b7-4375-454c-a631-84c206100a2c,"",normal,form,,,t,2025-07-26 06:35:16.64235,2025-07-26 06:35:08.122,2025-07-26 06:35:17.105412,,967e785d-d83c-490b-8d6a-2ed926c956ac,233109314,
110991886,bf996092-8d66-408a-8d8e-5065ca3330c2,967e785d-d83c-490b-8d6a-2ed926c956ac,Screenshot_20250726-120411.WhatsApp.png,0,"",,,VYKJ7GRWMX37AKTY,,VYKJ7GRWMX37AKTY,,,7d242ee2-710a-4123-a45d-fc37da4ecbe0,"",normal,form,,,t,2025-07-26 06:35:46.131649,2025-07-26 06:35:38.469,2025-07-26 06:35:46.719466,,967e785d-d83c-490b-8d6a-2ed926c956ac,233109350,
110991910,bf996092-8d66-408a-8d8e-5065ca3330c2,967e785d-d83c-490b-8d6a-2ed926c956ac,Screenshot_20250726-120411.WhatsApp.png,0,"",,,VYKJ7GRWMX37AKTY,,VYKJ7GRWMX37AKTY,,,7eff7104-060e-413d-8c63-4758074d4b9b,"",normal,form,,,t,2025-07-26 06:36:12.461941,2025-07-26 06:36:04.154,2025-07-26 06:36:12.953304,,967e785d-d83c-490b-8d6a-2ed926c956ac,233109377,
110991928,bf996092-8d66-408a-8d8e-5065ca3330c2,967e785d-d83c-490b-8d6a-2ed926c956ac,Screenshot_20250726-120411.WhatsApp.png,0,"",,,VYKJ7GRWMX37AKTY,,VYKJ7GRWMX37AKTY,,,113ae0f0-a4c1-47d6-a394-1e079e265345,"",normal,form,,,t,2025-07-26 06:36:50.225674,2025-07-26 06:36:44.098,2025-07-26 06:36:50.736997,,967e785d-d83c-490b-8d6a-2ed926c956ac,233109421,
111057329,bf996092-8d66-408a-8d8e-5065ca3330c2,f679f4cf-c089-4a2b-9b84-b14129630601,0aa47bce-863c-4a00-9160-fa2b37f0b50c,0,"",,,3TSJN3BRN9YVX2DX,,3TSJN3BRN9YVX2DX,,,f90deab2-aaae-48f1-b3bf-7efa0ea00b3f,"",normal,gallery,2025-07-27 11:33:03.174,,t,2025-07-27 11:33:08.714904,2025-07-27 11:33:03.123,2025-07-27 11:33:08.714904,,f679f4cf-c089-4a2b-9b84-b14129630601,233244162,
111057344,bf996092-8d66-408a-8d8e-5065ca3330c2,f679f4cf-c089-4a2b-9b84-b14129630601,20250727_170406_photo,0,"",,,3TSJN3BRN9YVX2DX,,3TSJN3BRN9YVX2DX,28.670161,77.431139,9027040e-7ac3-4e95-9a29-2a6333bb8b18,"",normal,gallery,2025-07-27 11:34:07.159,,t,2025-07-27 11:34:12.353788,2025-07-27 11:34:06.959,2025-07-27 11:34:12.353788,,f679f4cf-c089-4a2b-9b84-b14129630601,233244194,
111057346,bf996092-8d66-408a-8d8e-5065ca3330c2,f679f4cf-c089-4a2b-9b84-b14129630601,20250727_170406_photo,0,"",,,3TSJN3BRN9YVX2DX,,3TSJN3BRN9YVX2DX,28.670158,77.431133,09251d27-447b-4f04-945d-0a1f5abb6e59,"",normal,gallery,2025-07-27 11:34:07.169,,t,2025-07-27 11:34:16.753121,2025-07-27 11:34:06.958,2025-07-27 11:34:16.753121,,f679f4cf-c089-4a2b-9b84-b14129630601,233244198,
111057377,bf996092-8d66-408a-8d8e-5065ca3330c2,f679f4cf-c089-4a2b-9b84-b14129630601,da981f49-5533-4164-b115-f61eea2ca1d1,0,"",,,3TSJN3BRN9YVX2DX,,3TSJN3BRN9YVX2DX,28.670158,77.431133,c0b3b048-53bf-40b1-b17d-a56f891f263d,"",normal,gallery,2025-07-27 11:36:39.679,,t,2025-07-27 11:36:45.254481,2025-07-27 11:36:39.474,2025-07-27 11:37:43.293323,,f679f4cf-c089-4a2b-9b84-b14129630601,233244285,
111057430,bf996092-8d66-408a-8d8e-5065ca3330c2,f679f4cf-c089-4a2b-9b84-b14129630601,fc723719-0862-40cc-89e9-61edbfe4f322,0,"",,,3TSJN3BRN9YVX2DX,,3TSJN3BRN9YVX2DX,28.670075,77.430989,b8c4a79e-abe5-442d-be8c-f16488bad5da,"",normal,gallery,2025-07-27 11:39:55.042,,t,2025-07-27 11:40:01.015788,2025-07-27 11:39:54.848,2025-07-27 11:40:01.015788,,f679f4cf-c089-4a2b-9b84-b14129630601,233244370,
111057460,bf996092-8d66-408a-8d8e-5065ca3330c2,f679f4cf-c089-4a2b-9b84-b14129630601,28dd034d-541f-4c3c-9cca-73a33f8b19d0,0,"",,,3TSJN3BRN9YVX2DX,,3TSJN3BRN9YVX2DX,28.670161,77.431139,434263af-8244-481f-a582-87e9c313971c,"",normal,gallery,2025-07-27 11:40:57.16,,t,2025-07-27 11:41:02.689205,2025-07-27 11:40:56.958,2025-07-27 11:41:02.689205,,f679f4cf-c089-4a2b-9b84-b14129630601,233244431,
111082757,bf996092-8d66-408a-8d8e-5065ca3330c2,f679f4cf-c089-4a2b-9b84-b14129630601,20250728_105516_photo,0,"",,,3TSJN3BRN9YVX2DX,,3TSJN3BRN9YVX2DX,28.669833,77.430939,7cbb23e6-c52e-46c9-8215-8f126acfbcb1,"",normal,gallery,2025-07-28 05:25:16.888,,t,2025-07-28 05:25:23.111627,2025-07-28 05:25:16.761,2025-07-28 05:25:23.111627,,f679f4cf-c089-4a2b-9b84-b14129630601,233297119,
111082777,bf996092-8d66-408a-8d8e-5065ca3330c2,f679f4cf-c089-4a2b-9b84-b14129630601,20250728_105601_photo,0,"",,,3TSJN3BRN9YVX2DX,,3TSJN3BRN9YVX2DX,28.669756,77.430925,cf60e86d-454f-47d7-93d7-61e2fa3e28ed,"",normal,gallery,2025-07-28 05:26:02.051,,t,2025-07-28 05:26:05.970373,2025-07-28 05:26:01.953,2025-07-28 05:26:05.970373,,f679f4cf-c089-4a2b-9b84-b14129630601,233297160,
111082802,bf996092-8d66-408a-8d8e-5065ca3330c2,f679f4cf-c089-4a2b-9b84-b14129630601,20250728_105649_photo,0,"",,,3TSJN3BRN9YVX2DX,,3TSJN3BRN9YVX2DX,28.669814,77.430867,e3474b5d-ff62-4f47-81b5-7b4a9f730eea,"",normal,gallery,2025-07-28 05:26:49.147,,t,2025-07-28 05:26:54.225215,2025-07-28 05:26:49.061,2025-08-13 10:31:54.937097,,f679f4cf-c089-4a2b-9b84-b14129630601,239607216,
111120182,bf996092-8d66-408a-8d8e-5065ca3330c2,967e785d-d83c-490b-8d6a-2ed926c956ac,IMG_20250728_182941.jpg,0,"",,,U8Q2F3P4M3PWWQXF,,U8Q2F3P4M3PWWQXF,,,86b1572b-ce64-4c26-a835-82f6ec20c275,"",normal,rfi,2025-07-28 12:58:14.193,,f,2025-07-28 13:07:13.42742,2025-07-28 13:00:13.534,2025-07-28 13:07:13.42742,,967e785d-d83c-490b-8d6a-2ed926c956ac,233375361,
111120249,bf996092-8d66-408a-8d8e-5065ca3330c2,967e785d-d83c-490b-8d6a-2ed926c956ac,20250728_183434_photo,0,"",,,U8Q2F3P4M3PWWQXF,,U8Q2F3P4M3PWWQXF,27.563495,77.662823,d1fbd7ac-6048-45d0-9a90-b7eafb15ae0f,"",normal,rfi,2025-07-28 13:04:34.462,,f,2025-07-28 13:07:26.960503,2025-07-28 13:05:13.872,2025-07-28 13:07:26.960503,,967e785d-d83c-490b-8d6a-2ed926c956ac,233375484,
111120283,bf996092-8d66-408a-8d8e-5065ca3330c2,967e785d-d83c-490b-8d6a-2ed926c956ac,20250728_183540_photo,0,"",,,U8Q2F3P4M3PWWQXF,,U8Q2F3P4M3PWWQXF,27.563493,77.662809,39dc0d2f-f7e4-4256-8e78-4cf7a44e6ef7,"",normal,rfi,2025-07-28 13:05:40.178,,f,2025-07-28 13:07:33.755796,2025-07-28 13:05:44.821,2025-07-28 13:07:33.755796,,967e785d-d83c-490b-8d6a-2ed926c956ac,233375550,
111319778,bf996092-8d66-408a-8d8e-5065ca3330c2,f679f4cf-c089-4a2b-9b84-b14129630601,IMG_8519,0,"",,,3TSJN3BRN9YVX2DX,,3TSJN3BRN9YVX2DX,28.668789,77.430986,3907d739-b646-481f-80d0-25e0c80bdc47,"",normal,gallery,2025-07-29 05:14:59,,t,2025-07-29 05:38:48.306784,2025-07-29 05:38:42.973,2025-07-29 05:38:48.306784,,f679f4cf-c089-4a2b-9b84-b14129630601,233773185,
112136077,bf996092-8d66-408a-8d8e-5065ca3330c2,967e785d-d83c-490b-8d6a-2ed926c956ac,WhatsApp Image 2025-07-26 at 4.26.01 PM,272582,"",,,KNL28BHPJJMCM75F,,KNL28BHPJJMCM75F,,,993dd7e6-7f68-4243-8215-eb33d46224e4,"",normal,issue,,,t,2025-08-01 05:18:02.777005,2025-08-01 05:18:02.777005,2025-08-01 05:18:08.181205,,967e785d-d83c-490b-8d6a-2ed926c956ac,235393731,
112136078,bf996092-8d66-408a-8d8e-5065ca3330c2,967e785d-d83c-490b-8d6a-2ed926c956ac,WhatsApp Image 2025-07-26 at 4.25.58 PM,266425,"",,,KNL28BHPJJMCM75F,,KNL28BHPJJMCM75F,,,3760c736-2a92-4278-940c-78e314c6c67f,"",normal,issue,,,t,2025-08-01 05:18:03.257562,2025-08-01 05:18:03.257562,2025-08-01 05:18:08.200997,,967e785d-d83c-490b-8d6a-2ed926c956ac,235393732,
112136079,bf996092-8d66-408a-8d8e-5065ca3330c2,967e785d-d83c-490b-8d6a-2ed926c956ac,WhatsApp Image 2025-07-26 at 4.26.25 PM,265922,"",,,KNL28BHPJJMCM75F,,KNL28BHPJJMCM75F,,,7f51d7fe-536a-4a5d-b7c3-2315bfda767a,"",normal,issue,,,t,2025-08-01 05:18:03.609415,2025-08-01 05:18:03.609415,2025-08-01 05:18:08.202442,,967e785d-d83c-490b-8d6a-2ed926c956ac,235393733,
112136171,bf996092-8d66-408a-8d8e-5065ca3330c2,967e785d-d83c-490b-8d6a-2ed926c956ac,WhatsApp Image 2025-07-31 at 10.33.05 PM (1),118874,"",,,KNL28BHPJJMCM75F,,KNL28BHPJJMCM75F,,,6195fec5-5889-43dd-b76d-d3311f4063a8,"",normal,issue,,,t,2025-08-01 05:22:32.766421,2025-08-01 05:22:32.766421,2025-08-01 05:22:38.079638,,967e785d-d83c-490b-8d6a-2ed926c956ac,235393934,
112136172,bf996092-8d66-408a-8d8e-5065ca3330c2,967e785d-d83c-490b-8d6a-2ed926c956ac,WhatsApp Image 2025-07-31 at 10.33.05 PM,141787,"",,,KNL28BHPJJMCM75F,,KNL28BHPJJMCM75F,,,f9d83803-278c-47b1-b667-894d8b61366e,"",normal,issue,,,t,2025-08-01 05:22:33.063866,2025-08-01 05:22:33.063866,2025-08-01 05:22:38.082504,,967e785d-d83c-490b-8d6a-2ed926c956ac,235393935,
112136480,bf996092-8d66-408a-8d8e-5065ca3330c2,967e785d-d83c-490b-8d6a-2ed926c956ac,20250801_110127_photo,0,"",,,WK7J3NJWMTCK9UWQ,,WK7J3NJWMTCK9UWQ,27.563103,77.662956,6f8a8b19-6a5a-4681-9606-9a41f3955201,"",normal,rfi,2025-08-01 05:31:13,,f,2025-08-01 05:31:45.553065,2025-08-01 05:31:27.652,2025-08-01 05:31:45.553065,,967e785d-d83c-490b-8d6a-2ed926c956ac,235394506,
112136842,bf996092-8d66-408a-8d8e-5065ca3330c2,967e785d-d83c-490b-8d6a-2ed926c956ac,IMG_20250731_180200633.jpg,0,"",,,VYKJ7GRWMX37AKTY,,VYKJ7GRWMX37AKTY,,,e9cc7013-a13f-4366-9d4e-fe9551e12eb0,"",normal,form,2025-07-31 12:32:01.388,,t,2025-08-01 05:48:42.466077,2025-08-01 05:48:34.118,2025-08-01 05:48:42.996027,,967e785d-d83c-490b-8d6a-2ed926c956ac,235395261,
112136852,bf996092-8d66-408a-8d8e-5065ca3330c2,967e785d-d83c-490b-8d6a-2ed926c956ac,IMG_20250731_180200633.jpg,0,"",,,VYKJ7GRWMX37AKTY,,VYKJ7GRWMX37AKTY,,,83cbb271-71da-48f0-aa23-0cfe59fe861a,"",normal,form,2025-07-31 12:32:01.388,,t,2025-08-01 05:49:36.723294,2025-08-01 05:49:30.771,2025-08-01 05:49:37.159846,,967e785d-d83c-490b-8d6a-2ed926c956ac,235395282,
112136878,bf996092-8d66-408a-8d8e-5065ca3330c2,967e785d-d83c-490b-8d6a-2ed926c956ac,IMG_20250731_180200633.jpg,0,"",,,VYKJ7GRWMX37AKTY,,VYKJ7GRWMX37AKTY,,,538f81a8-8299-4cfb-86bc-75c6c7a35539,"",normal,form,2025-07-31 12:32:01.388,,t,2025-08-01 05:51:03.495024,2025-08-01 05:50:57.161,2025-08-01 05:51:03.877759,,967e785d-d83c-490b-8d6a-2ed926c956ac,235395337,
112137218,bf996092-8d66-408a-8d8e-5065ca3330c2,967e785d-d83c-490b-8d6a-2ed926c956ac,Screenshot_20250801-112801.WhatsApp.png,0,"",,,VYKJ7GRWMX37AKTY,,VYKJ7GRWMX37AKTY,,,89490521-e492-4d71-805e-34324f815265,"",normal,form,,,t,2025-08-01 06:00:40.697851,2025-08-01 06:00:33.58,2025-08-01 06:00:41.141756,,967e785d-d83c-490b-8d6a-2ed926c956ac,235396068,
112137284,bf996092-8d66-408a-8d8e-5065ca3330c2,967e785d-d83c-490b-8d6a-2ed926c956ac,Screenshot_20250801-112801.WhatsApp.png,0,"",,,VYKJ7GRWMX37AKTY,,VYKJ7GRWMX37AKTY,,,40653699-2cdc-4aeb-8fbb-d375256832f3,"",normal,form,,,t,2025-08-01 06:01:53.100052,2025-08-01 06:01:47.124,2025-08-01 06:01:53.538628,,967e785d-d83c-490b-8d6a-2ed926c956ac,235396174,
112137346,bf996092-8d66-408a-8d8e-5065ca3330c2,967e785d-d83c-490b-8d6a-2ed926c956ac,Screenshot_20250705-192349.WhatsApp.png,0,"",,,VYKJ7GRWMX37AKTY,,VYKJ7GRWMX37AKTY,,,a1ee98a9-cc56-42fe-a8e0-ac950cc0b648,"",normal,form,,,t,2025-08-01 06:03:32.47276,2025-08-01 06:03:26.831,2025-08-01 06:03:32.94766,,967e785d-d83c-490b-8d6a-2ed926c956ac,235396298,
112137388,bf996092-8d66-408a-8d8e-5065ca3330c2,967e785d-d83c-490b-8d6a-2ed926c956ac,IMG_20250720_121031087_HDR.jpg,0,"",,,VYKJ7GRWMX37AKTY,,VYKJ7GRWMX37AKTY,,,c8bd1d1a-8082-4a1e-8467-a8e47f5e191f,"",normal,form,2025-07-20 06:40:31.568,,t,2025-08-01 06:05:36.126594,2025-08-01 06:05:29.907,2025-08-01 06:05:36.556018,,967e785d-d83c-490b-8d6a-2ed926c956ac,235396415,
112137441,bf996092-8d66-408a-8d8e-5065ca3330c2,967e785d-d83c-490b-8d6a-2ed926c956ac,IMG_20250717_162720201_HDR.jpg,0,"",,,VYKJ7GRWMX37AKTY,,VYKJ7GRWMX37AKTY,,,c798c3ae-7b9c-481a-aad7-0c80933453d3,"",normal,form,2025-07-17 10:57:20.712,,t,2025-08-01 06:07:30.109797,2025-08-01 06:07:24.102,2025-08-01 06:07:30.525656,,967e785d-d83c-490b-8d6a-2ed926c956ac,235396513,
112137516,bf996092-8d66-408a-8d8e-5065ca3330c2,967e785d-d83c-490b-8d6a-2ed926c956ac,IMG_20250801_105424558.jpg,0,"",,,VYKJ7GRWMX37AKTY,,VYKJ7GRWMX37AKTY,,,4ae2db29-d786-4afd-9a47-da0d0c60483b,"",normal,form,2025-08-01 05:24:25.271,,t,2025-08-01 06:11:17.435674,2025-08-01 06:11:10.099,2025-08-01 06:11:17.807112,,967e785d-d83c-490b-8d6a-2ed926c956ac,235396696,
112137523,bf996092-8d66-408a-8d8e-5065ca3330c2,967e785d-d83c-490b-8d6a-2ed926c956ac,IMG_20250801_105424558.jpg,0,"",,,VYKJ7GRWMX37AKTY,,VYKJ7GRWMX37AKTY,,,65e8e9a3-38ff-48d0-8f05-9ec01c7e2505,"",normal,form,2025-08-01 05:24:25.271,,t,2025-08-01 06:11:47.934387,2025-08-01 06:11:42.087,2025-08-01 06:11:48.493092,,967e785d-d83c-490b-8d6a-2ed926c956ac,235396709,
112137530,bf996092-8d66-408a-8d8e-5065ca3330c2,967e785d-d83c-490b-8d6a-2ed926c956ac,IMG_20250801_105424558.jpg,0,"",,,VYKJ7GRWMX37AKTY,,VYKJ7GRWMX37AKTY,,,ca2046ed-c301-4c60-8c7d-18af5a0c57a9,"",normal,form,2025-08-01 05:24:25.271,,t,2025-08-01 06:12:20.709323,2025-08-01 06:12:15.601,2025-08-01 06:12:21.126752,,967e785d-d83c-490b-8d6a-2ed926c956ac,235396723,
112137641,bf996092-8d66-408a-8d8e-5065ca3330c2,967e785d-d83c-490b-8d6a-2ed926c956ac,Screenshot_20250713-121910.WhatsApp.png,0,"",,,VYKJ7GRWMX37AKTY,,VYKJ7GRWMX37AKTY,,,a89773d7-c703-4b73-905d-8044f7e3bc50,"",normal,form,,,t,2025-08-01 06:16:26.084573,2025-08-01 06:16:19.42,2025-08-01 06:16:26.588101,,967e785d-d83c-490b-8d6a-2ed926c956ac,235396997,
112137652,bf996092-8d66-408a-8d8e-5065ca3330c2,967e785d-d83c-490b-8d6a-2ed926c956ac,Screenshot_20250713-121910.WhatsApp.png,0,"",,,VYKJ7GRWMX37AKTY,,VYKJ7GRWMX37AKTY,,,8051cc4c-e9e1-45a8-8fcf-4a25e298806c,"",normal,form,,,t,2025-08-01 06:17:01.195257,2025-08-01 06:16:54.865,2025-08-01 06:17:02.279424,,967e785d-d83c-490b-8d6a-2ed926c956ac,235397020,
112137685,bf996092-8d66-408a-8d8e-5065ca3330c2,967e785d-d83c-490b-8d6a-2ed926c956ac,Screenshot_20250709-130652.WhatsApp.png,0,"",,,VYKJ7GRWMX37AKTY,,VYKJ7GRWMX37AKTY,,,b5fb9f8c-0673-45c6-8b1c-a9a7e1ddfbc8,"",normal,form,,,t,2025-08-01 06:17:32.739879,2025-08-01 06:17:25.637,2025-08-01 06:17:33.16512,,967e785d-d83c-490b-8d6a-2ed926c956ac,235397091,
112137738,bf996092-8d66-408a-8d8e-5065ca3330c2,967e785d-d83c-490b-8d6a-2ed926c956ac,Screenshot_20250713-121848.WhatsApp.png,0,"",,,VYKJ7GRWMX37AKTY,,VYKJ7GRWMX37AKTY,,,883a4204-6733-4d13-a5f0-6aded767298b,"",normal,form,2025-07-13 06:48:48.571,,t,2025-08-01 06:20:29.54329,2025-08-01 06:20:24.257,2025-08-01 06:20:30.043955,,967e785d-d83c-490b-8d6a-2ed926c956ac,235397227,
112137750,bf996092-8d66-408a-8d8e-5065ca3330c2,967e785d-d83c-490b-8d6a-2ed926c956ac,Screenshot_20250713-121848.WhatsApp.png,0,"",,,VYKJ7GRWMX37AKTY,,VYKJ7GRWMX37AKTY,,,0624a05f-dec6-460b-8a7a-3d2a62441f83,"",normal,form,2025-07-13 06:48:48.571,,t,2025-08-01 06:20:59.919425,2025-08-01 06:20:53.839,2025-08-01 06:21:00.497602,,967e785d-d83c-490b-8d6a-2ed926c956ac,235397256,
112137756,bf996092-8d66-408a-8d8e-5065ca3330c2,967e785d-d83c-490b-8d6a-2ed926c956ac,Screenshot_20250713-121910.WhatsApp.png,0,"",,,VYKJ7GRWMX37AKTY,,VYKJ7GRWMX37AKTY,,,ecbbe345-09ba-4076-96f1-5b6742191d78,"",normal,form,,,t,2025-08-01 06:21:18.430863,2025-08-01 06:21:12.499,2025-08-01 06:21:18.845708,,967e785d-d83c-490b-8d6a-2ed926c956ac,235397266,
112137796,bf996092-8d66-408a-8d8e-5065ca3330c2,967e785d-d83c-490b-8d6a-2ed926c956ac,IMG_20250717_162720201_HDR.jpg,0,"",,,VYKJ7GRWMX37AKTY,,VYKJ7GRWMX37AKTY,,,6daa4c8f-76ec-4153-b84e-b5d8457aac24,"",normal,form,2025-07-17 10:57:20.712,,t,2025-08-01 06:22:35.747252,2025-08-01 06:22:30.526,2025-08-01 06:22:36.164781,,967e785d-d83c-490b-8d6a-2ed926c956ac,235397353,
112137844,bf996092-8d66-408a-8d8e-5065ca3330c2,967e785d-d83c-490b-8d6a-2ed926c956ac,IMG_20250801_105443765.jpg,0,"",,,VYKJ7GRWMX37AKTY,,VYKJ7GRWMX37AKTY,,,92711f82-a3f7-41d0-a982-4969aa243128,"",normal,form,2025-08-01 05:24:44.449,,t,2025-08-01 06:24:31.923694,2025-08-01 06:24:26.725,2025-08-01 06:24:32.482115,,967e785d-d83c-490b-8d6a-2ed926c956ac,235397440,
112137874,bf996092-8d66-408a-8d8e-5065ca3330c2,967e785d-d83c-490b-8d6a-2ed926c956ac,IMG_20250713_112318966_HDR.jpg,0,"",,,VYKJ7GRWMX37AKTY,,VYKJ7GRWMX37AKTY,,,b51e2fc8-6dd4-4d80-9bac-049e923949f7,"",normal,form,2025-07-13 05:53:19.397,,t,2025-08-01 06:26:21.240312,2025-08-01 06:26:14.447,2025-08-01 06:26:21.646253,,967e785d-d83c-490b-8d6a-2ed926c956ac,235397527,
112138086,bf996092-8d66-408a-8d8e-5065ca3330c2,967e785d-d83c-490b-8d6a-2ed926c956ac,IMG_20250713_112318966_HDR.jpg,0,"",,,VYKJ7GRWMX37AKTY,,VYKJ7GRWMX37AKTY,,,d1d64eca-52e7-4c87-ac8d-eb43f6b569c7,"",normal,form,2025-07-13 05:53:19.397,,t,2025-08-01 06:31:38.580717,2025-08-01 06:31:27.601,2025-08-01 06:31:38.992212,,967e785d-d83c-490b-8d6a-2ed926c956ac,235398041,
112138113,bf996092-8d66-408a-8d8e-5065ca3330c2,967e785d-d83c-490b-8d6a-2ed926c956ac,IMG_20250713_164245561_HDR.jpg,0,"",,,VYKJ7GRWMX37AKTY,,VYKJ7GRWMX37AKTY,,,3e43abb3-28de-4fa6-9fca-4c75af906257,"",normal,form,2025-07-13 11:12:46.052,,t,2025-08-01 06:33:04.531356,2025-08-01 06:32:49.04,2025-08-01 06:33:05.17157,,967e785d-d83c-490b-8d6a-2ed926c956ac,235398102,
112138160,bf996092-8d66-408a-8d8e-5065ca3330c2,967e785d-d83c-490b-8d6a-2ed926c956ac,IMG_20250720_121031087_HDR.jpg,0,"",,,VYKJ7GRWMX37AKTY,,VYKJ7GRWMX37AKTY,,,48d8ac9b-2ff4-43ab-a29d-72261a77f090,"",normal,form,2025-07-20 06:40:31.568,,t,2025-08-01 06:35:21.848931,2025-08-01 06:35:11.91,2025-08-01 06:35:22.331164,,967e785d-d83c-490b-8d6a-2ed926c956ac,235398223,
112142408,bf996092-8d66-408a-8d8e-5065ca3330c2,967e785d-d83c-490b-8d6a-2ed926c956ac,IMG20250801133812.jpg,0,"",,,U8Q2F3P4M3PWWQXF,,U8Q2F3P4M3PWWQXF,,,683d3c14-90af-484e-bb68-3236ddc972c3,"",normal,form,2025-08-01 08:08:12.481,,t,2025-08-01 08:11:58.072219,2025-08-01 08:11:49.236,2025-08-01 08:11:58.602215,,967e785d-d83c-490b-8d6a-2ed926c956ac,235407544,
112142725,bf996092-8d66-408a-8d8e-5065ca3330c2,967e785d-d83c-490b-8d6a-2ed926c956ac,IMG20250801133812.jpg,0,"",,,U8Q2F3P4M3PWWQXF,,U8Q2F3P4M3PWWQXF,,,bd756201-211f-4b93-866e-483d42188185,"",normal,form,2025-08-01 08:08:12.481,,t,2025-08-01 08:19:10.650214,2025-08-01 08:19:01.44,2025-08-01 08:19:11.140218,,967e785d-d83c-490b-8d6a-2ed926c956ac,235408235,
112142780,bf996092-8d66-408a-8d8e-5065ca3330c2,967e785d-d83c-490b-8d6a-2ed926c956ac,IMG20250801133812.jpg,0,"",,,U8Q2F3P4M3PWWQXF,,U8Q2F3P4M3PWWQXF,,,94fc8b12-0e41-4c75-b571-d5ca6c94e638,"",normal,form,2025-08-01 08:08:12.481,,t,2025-08-01 08:20:04.075978,2025-08-01 08:19:57.782,2025-08-01 08:20:04.578788,,967e785d-d83c-490b-8d6a-2ed926c956ac,235408308,
112142794,bf996092-8d66-408a-8d8e-5065ca3330c2,967e785d-d83c-490b-8d6a-2ed926c956ac,IMG20250801133812.jpg,0,"",,,U8Q2F3P4M3PWWQXF,,U8Q2F3P4M3PWWQXF,,,d448fdf3-d4fa-403f-87ca-cde87c0b1ee8,"",normal,form,2025-08-01 08:08:12.481,,t,2025-08-01 08:20:59.577028,2025-08-01 08:20:51.751,2025-08-01 08:20:59.997569,,967e785d-d83c-490b-8d6a-2ed926c956ac,235408410,
112142957,bf996092-8d66-408a-8d8e-5065ca3330c2,967e785d-d83c-490b-8d6a-2ed926c956ac,IMG_20250720_121031087_HDR.jpg,0,"",,,VYKJ7GRWMX37AKTY,,VYKJ7GRWMX37AKTY,,,e7c4b0ac-4c43-4c55-8bbb-a609087e556d,"",normal,form,2025-07-20 06:40:31.568,,t,2025-08-01 08:24:41.667869,2025-08-01 08:24:34.675,2025-08-01 08:24:42.178219,,967e785d-d83c-490b-8d6a-2ed926c956ac,235408775,
112142999,bf996092-8d66-408a-8d8e-5065ca3330c2,967e785d-d83c-490b-8d6a-2ed926c956ac,IMG20250801133812.jpg,0,"",,,U8Q2F3P4M3PWWQXF,,U8Q2F3P4M3PWWQXF,,,c163c591-10e8-45a6-b99a-5f528e8dfe21,"",normal,form,2025-08-01 08:08:12.481,,t,2025-08-01 08:25:26.119048,2025-08-01 08:25:18.123,2025-08-01 08:25:26.653725,,967e785d-d83c-490b-8d6a-2ed926c956ac,235408876,
112143114,bf996092-8d66-408a-8d8e-5065ca3330c2,967e785d-d83c-490b-8d6a-2ed926c956ac,IMG20250801133812.jpg,0,"",,,U8Q2F3P4M3PWWQXF,,U8Q2F3P4M3PWWQXF,,,6fa8e79a-529b-4174-b5f3-616df72fcdaf,"",normal,form,2025-08-01 08:08:12.481,,t,2025-08-01 08:27:32.005336,2025-08-01 08:27:25.596,2025-08-01 08:27:32.513954,,967e785d-d83c-490b-8d6a-2ed926c956ac,235409153,
112143307,bf996092-8d66-408a-8d8e-5065ca3330c2,967e785d-d83c-490b-8d6a-2ed926c956ac,IMG20250801133812.jpg,0,"",,,U8Q2F3P4M3PWWQXF,,U8Q2F3P4M3PWWQXF,,,d0a787e6-a0ee-4af0-b506-5392bb2226f2,"",normal,form,2025-08-01 08:08:12.481,,t,2025-08-01 08:32:03.831157,2025-08-01 08:31:56.386,2025-08-01 08:32:04.283464,,967e785d-d83c-490b-8d6a-2ed926c956ac,235409637,
112143695,bf996092-8d66-408a-8d8e-5065ca3330c2,967e785d-d83c-490b-8d6a-2ed926c956ac,IMG20250801133812.jpg,0,"",,,U8Q2F3P4M3PWWQXF,,U8Q2F3P4M3PWWQXF,,,bb122dac-1706-4131-ab41-a6b9787e720a,"",normal,form,2025-08-01 08:08:12.481,,t,2025-08-01 08:37:52.332663,2025-08-01 08:37:44.384,2025-08-01 08:37:52.857442,,967e785d-d83c-490b-8d6a-2ed926c956ac,235410447,
112143794,bf996092-8d66-408a-8d8e-5065ca3330c2,967e785d-d83c-490b-8d6a-2ed926c956ac,IMG20250801133812.jpg,0,"",,,U8Q2F3P4M3PWWQXF,,U8Q2F3P4M3PWWQXF,,,a6cda88a-a119-404e-aa04-1a6622aebbc4,"",normal,form,2025-08-01 08:08:12.481,,t,2025-08-01 08:39:42.207668,2025-08-01 08:39:33.361,2025-08-01 08:39:42.630034,,967e785d-d83c-490b-8d6a-2ed926c956ac,235410662,
112143810,bf996092-8d66-408a-8d8e-5065ca3330c2,967e785d-d83c-490b-8d6a-2ed926c956ac,IMG20250801133812.jpg,0,"",,,U8Q2F3P4M3PWWQXF,,U8Q2F3P4M3PWWQXF,,,596a2158-ef36-44c5-bf51-a8a3d39489b8,"",normal,form,2025-08-01 08:08:12.481,,t,2025-08-01 08:40:31.234179,2025-08-01 08:40:25.823,2025-08-01 08:40:31.624355,,967e785d-d83c-490b-8d6a-2ed926c956ac,235410708,
112143859,bf996092-8d66-408a-8d8e-5065ca3330c2,967e785d-d83c-490b-8d6a-2ed926c956ac,IMG20250801133812.jpg,0,"",,,U8Q2F3P4M3PWWQXF,,U8Q2F3P4M3PWWQXF,,,9dd695ab-dda5-4a93-8ea9-c3e3394a1c15,"",normal,form,2025-08-01 08:08:12.481,,t,2025-08-01 08:41:24.918601,2025-08-01 08:41:18.997,2025-08-01 08:41:25.553393,,967e785d-d83c-490b-8d6a-2ed926c956ac,235410827,
112143883,bf996092-8d66-408a-8d8e-5065ca3330c2,967e785d-d83c-490b-8d6a-2ed926c956ac,IMG20250801133812.jpg,0,"",,,U8Q2F3P4M3PWWQXF,,U8Q2F3P4M3PWWQXF,,,8cfa1830-3b2a-4b47-a0ab-9fd15a6054f8,"",normal,form,2025-08-01 08:08:12.481,,t,2025-08-01 08:42:34.533632,2025-08-01 08:42:25.765,2025-08-01 08:42:35.074732,,967e785d-d83c-490b-8d6a-2ed926c956ac,235410882,
112143944,bf996092-8d66-408a-8d8e-5065ca3330c2,967e785d-d83c-490b-8d6a-2ed926c956ac,IMG20250801133812.jpg,0,"",,,U8Q2F3P4M3PWWQXF,,U8Q2F3P4M3PWWQXF,,,c1a64211-390a-4c8a-8f6c-702ade318eed,"",normal,form,2025-08-01 08:08:12.481,,t,2025-08-01 08:43:36.408172,2025-08-01 08:43:30.618,2025-08-01 08:43:36.805147,,967e785d-d83c-490b-8d6a-2ed926c956ac,235411014,
112144056,bf996092-8d66-408a-8d8e-5065ca3330c2,967e785d-d83c-490b-8d6a-2ed926c956ac,IMG20250801133812.jpg,0,"",,,U8Q2F3P4M3PWWQXF,,U8Q2F3P4M3PWWQXF,,,9e43b392-7690-48e4-8357-fd46dca2464e,"",normal,form,2025-08-01 08:08:12.481,,t,2025-08-01 08:45:41.411055,2025-08-01 08:45:35.898,2025-08-01 08:45:41.851936,,967e785d-d83c-490b-8d6a-2ed926c956ac,235411297,
112144181,bf996092-8d66-408a-8d8e-5065ca3330c2,967e785d-d83c-490b-8d6a-2ed926c956ac,IMG_20250719_185323423_HDR.jpg,0,"",,,VYKJ7GRWMX37AKTY,,VYKJ7GRWMX37AKTY,,,ce73ece0-97fb-456a-86e2-fbaf7f77a627,"",normal,form,2025-07-19 13:23:23.77,,t,2025-08-01 08:48:40.831608,2025-08-01 08:48:32.696,2025-08-01 08:48:41.90333,,967e785d-d83c-490b-8d6a-2ed926c956ac,235411587,
112144225,bf996092-8d66-408a-8d8e-5065ca3330c2,967e785d-d83c-490b-8d6a-2ed926c956ac,IMG_20250713_112309970_HDR.jpg,0,"",,,VYKJ7GRWMX37AKTY,,VYKJ7GRWMX37AKTY,,,f64d4ab6-0ef5-4f27-ade9-f400da871405,"",normal,form,2025-07-13 05:53:10.46,,t,2025-08-01 08:49:34.580372,2025-08-01 08:49:27.964,2025-08-01 08:49:34.991264,,967e785d-d83c-490b-8d6a-2ed926c956ac,235411696,
112144366,bf996092-8d66-408a-8d8e-5065ca3330c2,967e785d-d83c-490b-8d6a-2ed926c956ac,IMG_20250713_164245561_HDR.jpg,0,"",,,VYKJ7GRWMX37AKTY,,VYKJ7GRWMX37AKTY,,,53b6512e-7275-49f1-8e49-e233eb50ebf5,"",normal,form,2025-07-13 11:12:46.052,,t,2025-08-01 08:50:39.830046,2025-08-01 08:50:34.527,2025-08-01 08:50:40.229403,,967e785d-d83c-490b-8d6a-2ed926c956ac,235411893,
112144451,bf996092-8d66-408a-8d8e-5065ca3330c2,967e785d-d83c-490b-8d6a-2ed926c956ac,IMG_20250720_121031087_HDR.jpg,0,"",,,VYKJ7GRWMX37AKTY,,VYKJ7GRWMX37AKTY,,,8b84599b-5bc3-488f-b9f2-4ba3308d0ee0,"",normal,form,2025-07-20 06:40:31.568,,t,2025-08-01 08:51:43.02025,2025-08-01 08:51:36.621,2025-08-01 08:51:43.376768,,967e785d-d83c-490b-8d6a-2ed926c956ac,235412170,
112144499,bf996092-8d66-408a-8d8e-5065ca3330c2,967e785d-d83c-490b-8d6a-2ed926c956ac,IMG20250801133812.jpg,0,"",,,U8Q2F3P4M3PWWQXF,,U8Q2F3P4M3PWWQXF,,,31822e36-e81e-49ff-8ab8-1af0cdb77dd3,"",normal,form,2025-08-01 08:08:12.481,,t,2025-08-01 08:52:39.189044,2025-08-01 08:52:31.093,2025-08-01 08:52:39.587873,,967e785d-d83c-490b-8d6a-2ed926c956ac,235412258,
112144656,bf996092-8d66-408a-8d8e-5065ca3330c2,967e785d-d83c-490b-8d6a-2ed926c956ac,IMG20250801133812.jpg,0,"",,,U8Q2F3P4M3PWWQXF,,U8Q2F3P4M3PWWQXF,,,eae71f11-8a77-4cda-924d-90647e7f81fd,"",normal,form,2025-08-01 08:08:12.481,,t,2025-08-01 08:55:51.84634,2025-08-01 08:55:44.478,2025-08-01 08:55:52.280895,,967e785d-d83c-490b-8d6a-2ed926c956ac,235412596,
112144679,bf996092-8d66-408a-8d8e-5065ca3330c2,967e785d-d83c-490b-8d6a-2ed926c956ac,IMG20250801133812.jpg,0,"",,,U8Q2F3P4M3PWWQXF,,U8Q2F3P4M3PWWQXF,,,69f2091f-4c9c-41d1-863a-776182a9a0f7,"",normal,form,2025-08-01 08:08:12.481,,t,2025-08-01 08:56:36.281536,2025-08-01 08:56:29.982,2025-08-01 08:56:36.683469,,967e785d-d83c-490b-8d6a-2ed926c956ac,235412649,
112144743,bf996092-8d66-408a-8d8e-5065ca3330c2,967e785d-d83c-490b-8d6a-2ed926c956ac,IMG20250801133812.jpg,0,"",,,U8Q2F3P4M3PWWQXF,,U8Q2F3P4M3PWWQXF,,,42cd0505-3e64-4e0b-962c-1ff823b1d0f0,"",normal,form,2025-08-01 08:08:12.481,,t,2025-08-01 08:58:15.821869,2025-08-01 08:58:09.686,2025-08-01 08:58:16.345532,,967e785d-d83c-490b-8d6a-2ed926c956ac,235412768,
112144818,bf996092-8d66-408a-8d8e-5065ca3330c2,967e785d-d83c-490b-8d6a-2ed926c956ac,IMG20250801133812.jpg,0,"",,,U8Q2F3P4M3PWWQXF,,U8Q2F3P4M3PWWQXF,,,6ac3c6d3-92a9-4e4f-95ed-b45dd57aa6b7,"",normal,form,2025-08-01 08:08:12.481,,t,2025-08-01 09:00:12.25326,2025-08-01 09:00:04.239,2025-08-01 09:00:12.687686,,967e785d-d83c-490b-8d6a-2ed926c956ac,235412910,
112144986,bf996092-8d66-408a-8d8e-5065ca3330c2,967e785d-d83c-490b-8d6a-2ed926c956ac,20250801_143314_photo,0,"",,,U8Q2F3P4M3PWWQXF,,U8Q2F3P4M3PWWQXF,27.566160,77.660540,f58c91b5-aa38-48fa-8dcf-96328246d8c2,"",normal,form,2025-08-01 09:03:14.878,,t,2025-08-01 09:03:28.050193,2025-08-01 09:03:22.8,2025-08-01 09:03:28.546047,,967e785d-d83c-490b-8d6a-2ed926c956ac,235413259,
112145192,bf996092-8d66-408a-8d8e-5065ca3330c2,967e785d-d83c-490b-8d6a-2ed926c956ac,IMG20250801133812.jpg,0,"",,,U8Q2F3P4M3PWWQXF,,U8Q2F3P4M3PWWQXF,,,6c1b5455-8162-4bf6-a53c-3acc0313fcf0,"",normal,form,2025-08-01 08:08:12.481,,t,2025-08-01 09:06:47.690654,2025-08-01 09:06:42.242,2025-08-01 09:06:48.065641,,967e785d-d83c-490b-8d6a-2ed926c956ac,235413647,
112145267,bf996092-8d66-408a-8d8e-5065ca3330c2,967e785d-d83c-490b-8d6a-2ed926c956ac,IMG20250801133812.jpg,0,"",,,U8Q2F3P4M3PWWQXF,,U8Q2F3P4M3PWWQXF,,,7bd3dcd1-bccc-4f78-aeba-b000c3b46183,"",normal,form,2025-08-01 08:08:12.481,,t,2025-08-01 09:08:25.136807,2025-08-01 09:08:19.204,2025-08-01 09:08:25.501025,,967e785d-d83c-490b-8d6a-2ed926c956ac,235413815,
112331734,bf996092-8d66-408a-8d8e-5065ca3330c2,967e785d-d83c-490b-8d6a-2ed926c956ac,20250802_111500_photo,0,"",,,VYKJ7GRWMX37AKTY,,VYKJ7GRWMX37AKTY,27.563503,77.662828,317e9f8b-d640-4a73-9e25-922a5426b19a,"",normal,form,2025-08-02 05:45:00.325,,t,2025-08-02 05:45:14.074016,2025-08-02 05:45:05.532,2025-08-02 05:45:14.601148,,967e785d-d83c-490b-8d6a-2ed926c956ac,235785917,
112331738,bf996092-8d66-408a-8d8e-5065ca3330c2,967e785d-d83c-490b-8d6a-2ed926c956ac,20250802_111553_photo,0,"",,,VYKJ7GRWMX37AKTY,,VYKJ7GRWMX37AKTY,27.563499,77.662828,6b3e7b56-84a9-4ab0-bb73-f9ef25b40798,"",normal,form,2025-08-02 05:45:53.969,,t,2025-08-02 05:46:05.125373,2025-08-02 05:45:58.788,2025-08-02 05:46:05.695698,,967e785d-d83c-490b-8d6a-2ed926c956ac,235785925,
112331933,bf996092-8d66-408a-8d8e-5065ca3330c2,967e785d-d83c-490b-8d6a-2ed926c956ac,IMG_20250629_122012723_HDR.jpg,0,"",,,VYKJ7GRWMX37AKTY,,VYKJ7GRWMX37AKTY,,,3398191a-f908-4ed0-aca6-869d7a0c11f2,"",normal,form,2025-06-29 06:50:13.104,,t,2025-08-02 05:55:58.17457,2025-08-02 05:55:48.875,2025-08-02 05:55:58.611483,,967e785d-d83c-490b-8d6a-2ed926c956ac,235786344,
112332035,bf996092-8d66-408a-8d8e-5065ca3330c2,967e785d-d83c-490b-8d6a-2ed926c956ac,20250802_112950_photo,0,"",,,VYKJ7GRWMX37AKTY,,VYKJ7GRWMX37AKTY,27.563499,77.662828,aaa8065f-5440-4366-bef3-4299446c9690,"",normal,form,2025-08-02 05:59:50.274,,t,2025-08-02 06:00:03.759572,2025-08-02 05:59:56.006,2025-08-02 06:00:04.169983,,967e785d-d83c-490b-8d6a-2ed926c956ac,235786540,
112332051,bf996092-8d66-408a-8d8e-5065ca3330c2,967e785d-d83c-490b-8d6a-2ed926c956ac,20250802_113026_photo,0,"",,,VYKJ7GRWMX37AKTY,,VYKJ7GRWMX37AKTY,27.563499,77.662828,5efb0fab-c37f-4f81-bbd9-7bc46a9590a7,"",normal,form,2025-08-02 06:00:26.931,,t,2025-08-02 06:00:36.626444,2025-08-02 06:00:31.447,2025-08-02 06:00:37.050066,,967e785d-d83c-490b-8d6a-2ed926c956ac,235786569,
112332108,bf996092-8d66-408a-8d8e-5065ca3330c2,967e785d-d83c-490b-8d6a-2ed926c956ac,IMG_20250801_105414863.jpg,0,"",,,VYKJ7GRWMX37AKTY,,VYKJ7GRWMX37AKTY,,,8e3251ab-f840-456c-ba61-cf87c257af64,"",normal,form,2025-08-01 05:24:15.651,,t,2025-08-02 06:02:31.310797,2025-08-02 06:02:25.369,2025-08-02 06:02:31.837536,,967e785d-d83c-490b-8d6a-2ed926c956ac,235786721,
112332129,bf996092-8d66-408a-8d8e-5065ca3330c2,967e785d-d83c-490b-8d6a-2ed926c956ac,IMG_20250801_105443765.jpg,0,"",,,VYKJ7GRWMX37AKTY,,VYKJ7GRWMX37AKTY,,,f48f0ea3-87eb-4834-826a-82ffcdc1e584,"",normal,form,2025-08-01 05:24:44.449,,t,2025-08-02 06:03:28.354819,2025-08-02 06:03:22.399,2025-08-02 06:03:28.765701,,967e785d-d83c-490b-8d6a-2ed926c956ac,235786762,
112332203,bf996092-8d66-408a-8d8e-5065ca3330c2,967e785d-d83c-490b-8d6a-2ed926c956ac,Screenshot_20250713-121910.WhatsApp.png,0,"",,,VYKJ7GRWMX37AKTY,,VYKJ7GRWMX37AKTY,,,8aed7ace-213c-4018-962b-280cbccd6bdc,"",normal,form,,,t,2025-08-02 06:06:40.57791,2025-08-02 06:06:33.834,2025-08-02 06:06:40.973418,,967e785d-d83c-490b-8d6a-2ed926c956ac,235786913,
112332241,bf996092-8d66-408a-8d8e-5065ca3330c2,967e785d-d83c-490b-8d6a-2ed926c956ac,20250802_113732_photo,0,"",,,VYKJ7GRWMX37AKTY,,VYKJ7GRWMX37AKTY,27.563496,77.662812,efc1b00b-cd08-4bea-99f9-bd9b37c29c2d,"",normal,form,2025-08-02 06:07:32.343,,t,2025-08-02 06:07:46.192706,2025-08-02 06:07:37.848,2025-08-02 06:07:46.715472,,967e785d-d83c-490b-8d6a-2ed926c956ac,235786988,
112332247,bf996092-8d66-408a-8d8e-5065ca3330c2,967e785d-d83c-490b-8d6a-2ed926c956ac,20250802_113813_photo,0,"",,,VYKJ7GRWMX37AKTY,,VYKJ7GRWMX37AKTY,27.563505,77.662830,73f1cb42-9381-4e4d-92c9-abe575644da2,"",normal,form,2025-08-02 06:08:13.443,,t,2025-08-02 06:08:25.316662,2025-08-02 06:08:18.695,2025-08-02 06:08:25.801504,,967e785d-d83c-490b-8d6a-2ed926c956ac,235787000,
112332251,bf996092-8d66-408a-8d8e-5065ca3330c2,967e785d-d83c-490b-8d6a-2ed926c956ac,20250802_113846_photo,0,"",,,VYKJ7GRWMX37AKTY,,VYKJ7GRWMX37AKTY,27.563499,77.662828,fedd2ae7-00be-4610-91ca-26578b41b0f6,"",normal,form,2025-08-02 06:08:46.946,,t,2025-08-02 06:08:57.578314,2025-08-02 06:08:52.192,2025-08-02 06:08:58.100104,,967e785d-d83c-490b-8d6a-2ed926c956ac,235787007,
112332301,bf996092-8d66-408a-8d8e-5065ca3330c2,967e785d-d83c-490b-8d6a-2ed926c956ac,IMG_20250719_202536510_HDR.jpg,0,"",,,VYKJ7GRWMX37AKTY,,VYKJ7GRWMX37AKTY,,,40d20bf0-191b-4e3a-bc1d-de7b666c13ca,"",normal,form,2025-07-19 14:55:36.874,,t,2025-08-02 06:11:36.720655,2025-08-02 06:11:31.798,2025-08-02 06:11:37.245758,,967e785d-d83c-490b-8d6a-2ed926c956ac,235787089,
112332332,bf996092-8d66-408a-8d8e-5065ca3330c2,967e785d-d83c-490b-8d6a-2ed926c956ac,20250802_114336_photo,0,"",,,VYKJ7GRWMX37AKTY,,VYKJ7GRWMX37AKTY,27.563500,77.662827,69ec50dd-c74b-4613-a8f5-491e2bf49ba8,"",normal,form,2025-08-02 06:13:36.488,,t,2025-08-02 06:13:47.745716,2025-08-02 06:13:40.748,2025-08-02 06:13:48.303383,,967e785d-d83c-490b-8d6a-2ed926c956ac,235787149,
112332355,bf996092-8d66-408a-8d8e-5065ca3330c2,967e785d-d83c-490b-8d6a-2ed926c956ac,20250802_114459_photo,0,"",,,VYKJ7GRWMX37AKTY,,VYKJ7GRWMX37AKTY,27.563499,77.662828,01787d21-32df-489c-b8b9-8ed93d078c5f,"",normal,form,2025-08-02 06:14:59.346,,t,2025-08-02 06:15:09.613719,2025-08-02 06:15:04.491,2025-08-02 06:15:10.150541,,967e785d-d83c-490b-8d6a-2ed926c956ac,235787199,
112332378,bf996092-8d66-408a-8d8e-5065ca3330c2,967e785d-d83c-490b-8d6a-2ed926c956ac,IMG_20250712_195951233_HDR.jpg,0,"",,,VYKJ7GRWMX37AKTY,,VYKJ7GRWMX37AKTY,,,828cb089-b738-47a7-8b33-fa2e5870a1a5,"",normal,form,2025-07-12 14:29:51.559,,t,2025-08-02 06:16:18.545455,2025-08-02 06:16:11.578,2025-08-02 06:16:18.92736,,967e785d-d83c-490b-8d6a-2ed926c956ac,235787241,
112332410,bf996092-8d66-408a-8d8e-5065ca3330c2,967e785d-d83c-490b-8d6a-2ed926c956ac,20250802_114735_photo,0,"",,,VYKJ7GRWMX37AKTY,,VYKJ7GRWMX37AKTY,27.563502,77.662829,55f0ac3f-baa1-46f0-95cb-acf630a6fe50,"",normal,form,2025-08-02 06:17:35.026,,t,2025-08-02 06:17:45.647603,2025-08-02 06:17:40.272,2025-08-02 06:17:46.152996,,967e785d-d83c-490b-8d6a-2ed926c956ac,235787306,
112332413,bf996092-8d66-408a-8d8e-5065ca3330c2,967e785d-d83c-490b-8d6a-2ed926c956ac,20250802_114826_photo,0,"",,,VYKJ7GRWMX37AKTY,,VYKJ7GRWMX37AKTY,27.563500,77.662828,c9efa595-b495-4054-b7a0-7d576efb0d73,"",normal,form,2025-08-02 06:18:26.513,,t,2025-08-02 06:18:35.512954,2025-08-02 06:18:30.853,2025-08-02 06:18:36.03448,,967e785d-d83c-490b-8d6a-2ed926c956ac,235787312,
112332519,bf996092-8d66-408a-8d8e-5065ca3330c2,967e785d-d83c-490b-8d6a-2ed926c956ac,20250802_115541_photo,0,"",,,VYKJ7GRWMX37AKTY,,VYKJ7GRWMX37AKTY,27.563499,77.662828,0debaefb-7b6d-45e9-bb2a-8af59c78481f,"",normal,form,2025-08-02 06:25:41.414,,t,2025-08-02 06:25:55.748332,2025-08-02 06:25:47.294,2025-08-02 06:25:56.268395,,967e785d-d83c-490b-8d6a-2ed926c956ac,235787506,
112332697,bf996092-8d66-408a-8d8e-5065ca3330c2,967e785d-d83c-490b-8d6a-2ed926c956ac,Screenshot_20250802-120113.ACC.png,0,"",,,VYKJ7GRWMX37AKTY,,VYKJ7GRWMX37AKTY,,,f0330b5a-6ac3-48a2-9884-adff13c5d835,"",normal,form,,,t,2025-08-02 06:32:11.970584,2025-08-02 06:32:04.24,2025-08-02 06:32:12.486286,,967e785d-d83c-490b-8d6a-2ed926c956ac,235787905,
112332737,bf996092-8d66-408a-8d8e-5065ca3330c2,967e785d-d83c-490b-8d6a-2ed926c956ac,Screenshot_20250802-120113.ACC.png,0,"",,,VYKJ7GRWMX37AKTY,,VYKJ7GRWMX37AKTY,,,247ec9ec-9d58-4dcc-8e04-60f9edfa6084,"",normal,form,,,t,2025-08-02 06:35:39.300462,2025-08-02 06:35:32.706,2025-08-02 06:35:39.849023,,967e785d-d83c-490b-8d6a-2ed926c956ac,235787982,
112332752,bf996092-8d66-408a-8d8e-5065ca3330c2,967e785d-d83c-490b-8d6a-2ed926c956ac,Screenshot_20250802-120113.ACC.png,0,"",,,VYKJ7GRWMX37AKTY,,VYKJ7GRWMX37AKTY,,,aaa71270-1441-4bdc-b937-286a2cd3ea8b,"",normal,form,,,t,2025-08-02 06:36:27.874635,2025-08-02 06:36:22.894,2025-08-02 06:36:28.382819,,967e785d-d83c-490b-8d6a-2ed926c956ac,235788009,
112332778,bf996092-8d66-408a-8d8e-5065ca3330c2,967e785d-d83c-490b-8d6a-2ed926c956ac,20250802_120652_photo,0,"",,,VYKJ7GRWMX37AKTY,,VYKJ7GRWMX37AKTY,27.563500,77.662814,004fc119-a913-4907-a029-a0928722bc91,"",normal,form,2025-08-02 06:36:52.195,,t,2025-08-02 06:37:02.684484,2025-08-02 06:36:57.31,2025-08-02 06:37:03.087613,,967e785d-d83c-490b-8d6a-2ed926c956ac,235788051,
112332885,bf996092-8d66-408a-8d8e-5065ca3330c2,967e785d-d83c-490b-8d6a-2ed926c956ac,Screenshot_20250726-120807.Photos.png,0,"",,,VYKJ7GRWMX37AKTY,,VYKJ7GRWMX37AKTY,,,1f158e40-6791-4a29-974b-d15c8888bed5,"",normal,form,,,t,2025-08-02 06:44:30.904211,2025-08-02 06:44:22.367,2025-08-02 06:44:31.321069,,967e785d-d83c-490b-8d6a-2ed926c956ac,235788261,
112332894,bf996092-8d66-408a-8d8e-5065ca3330c2,967e785d-d83c-490b-8d6a-2ed926c956ac,Screenshot_20250726-120807.Photos.png,0,"",,,VYKJ7GRWMX37AKTY,,VYKJ7GRWMX37AKTY,,,60531e08-5255-441f-9442-7a81ad4e6995,"",normal,form,,,t,2025-08-02 06:45:04.181561,2025-08-02 06:44:57.64,2025-08-02 06:45:04.576052,,967e785d-d83c-490b-8d6a-2ed926c956ac,235788281,
112332926,bf996092-8d66-408a-8d8e-5065ca3330c2,967e785d-d83c-490b-8d6a-2ed926c956ac,20250802_121548_photo,0,"",,,VYKJ7GRWMX37AKTY,,VYKJ7GRWMX37AKTY,27.563498,77.662828,66df9678-d773-4ec6-ad74-cf33531ba36d,"",normal,form,2025-08-02 06:45:48.087,,t,2025-08-02 06:45:57.834839,2025-08-02 06:45:53.164,2025-08-02 06:45:58.257648,,967e785d-d83c-490b-8d6a-2ed926c956ac,235788342,
112333462,bf996092-8d66-408a-8d8e-5065ca3330c2,967e785d-d83c-490b-8d6a-2ed926c956ac,Screenshot_20250801-114817.WhatsApp.png,0,"",,,VYKJ7GRWMX37AKTY,,VYKJ7GRWMX37AKTY,,,ffb01671-11e3-47ad-b3cb-f81f687a1afa,"",normal,form,,,t,2025-08-02 07:06:20.734459,2025-08-02 07:06:12.654,2025-08-02 07:06:21.355875,,967e785d-d83c-490b-8d6a-2ed926c956ac,235789478,
112333483,bf996092-8d66-408a-8d8e-5065ca3330c2,967e785d-d83c-490b-8d6a-2ed926c956ac,Screenshot_20250801-114817.WhatsApp.png,0,"",,,VYKJ7GRWMX37AKTY,,VYKJ7GRWMX37AKTY,,,fb44442b-676d-4f5d-a6ef-902bab543bac,"",normal,form,,,t,2025-08-02 07:07:56.260265,2025-08-02 07:07:48.465,2025-08-02 07:07:56.78216,,967e785d-d83c-490b-8d6a-2ed926c956ac,235789526,
112333494,bf996092-8d66-408a-8d8e-5065ca3330c2,967e785d-d83c-490b-8d6a-2ed926c956ac,Screenshot_20250801-114817.WhatsApp.png,0,"",,,VYKJ7GRWMX37AKTY,,VYKJ7GRWMX37AKTY,,,476a52a5-ad77-4208-8b9a-fe7424aaabc0,"",normal,form,,,t,2025-08-02 07:08:25.460668,2025-08-02 07:08:20.559,2025-08-02 07:08:26.002566,,967e785d-d83c-490b-8d6a-2ed926c956ac,235789550,
112333515,bf996092-8d66-408a-8d8e-5065ca3330c2,967e785d-d83c-490b-8d6a-2ed926c956ac,20250802_123902_photo,0,"",,,VYKJ7GRWMX37AKTY,,VYKJ7GRWMX37AKTY,27.563496,77.662816,ede5a6f5-a1f0-40c1-b601-d969832f13c4,"",normal,form,2025-08-02 07:09:02.602,,t,2025-08-02 07:09:15.039055,2025-08-02 07:09:08.573,2025-08-02 07:09:15.532336,,967e785d-d83c-490b-8d6a-2ed926c956ac,235789585,
112333563,bf996092-8d66-408a-8d8e-5065ca3330c2,967e785d-d83c-490b-8d6a-2ed926c956ac,Screenshot_20250802-124020.ACC.png,0,"",,,VYKJ7GRWMX37AKTY,,VYKJ7GRWMX37AKTY,,,1dce3fbb-1e57-45da-b8df-c7e90190f026,"",normal,form,,,t,2025-08-02 07:11:33.872476,2025-08-02 07:11:28.67,2025-08-02 07:11:34.403838,,967e785d-d83c-490b-8d6a-2ed926c956ac,235789681,
112333569,bf996092-8d66-408a-8d8e-5065ca3330c2,967e785d-d83c-490b-8d6a-2ed926c956ac,Screenshot_20250802-124020.ACC.png,0,"",,,VYKJ7GRWMX37AKTY,,VYKJ7GRWMX37AKTY,,,d6223937-a273-4d82-8956-beead9aa967e,"",normal,form,,,t,2025-08-02 07:12:14.322221,2025-08-02 07:12:09.415,2025-08-02 07:12:14.844794,,967e785d-d83c-490b-8d6a-2ed926c956ac,235789698,
112333580,bf996092-8d66-408a-8d8e-5065ca3330c2,967e785d-d83c-490b-8d6a-2ed926c956ac,Screenshot_20250802-124020.ACC.png,0,"",,,VYKJ7GRWMX37AKTY,,VYKJ7GRWMX37AKTY,,,21c09735-7f04-474e-991d-7b4ee100893b,"",normal,form,,,t,2025-08-02 07:12:47.270175,2025-08-02 07:12:40.465,2025-08-02 07:12:47.713156,,967e785d-d83c-490b-8d6a-2ed926c956ac,235789716,
112333606,bf996092-8d66-408a-8d8e-5065ca3330c2,967e785d-d83c-490b-8d6a-2ed926c956ac,20250802_124425_photo,0,"",,,VYKJ7GRWMX37AKTY,,VYKJ7GRWMX37AKTY,27.563502,77.662829,4773592c-7a5e-4ad8-bf53-99afd6fed45b,"",normal,form,2025-08-02 07:14:25.818,,t,2025-08-02 07:14:36.566601,2025-08-02 07:14:31.565,2025-08-02 07:14:37.271246,,967e785d-d83c-490b-8d6a-2ed926c956ac,235789781,
112333641,bf996092-8d66-408a-8d8e-5065ca3330c2,967e785d-d83c-490b-8d6a-2ed926c956ac,Screenshot_20250802-124620.ACC.png,0,"",,,VYKJ7GRWMX37AKTY,,VYKJ7GRWMX37AKTY,,,d8e0d8c3-23de-43fa-b61f-cbbff2d1e610,"",normal,form,,,t,2025-08-02 07:17:22.136288,2025-08-02 07:17:14.504,2025-08-02 07:17:22.642923,,967e785d-d83c-490b-8d6a-2ed926c956ac,235789845,
112333663,bf996092-8d66-408a-8d8e-5065ca3330c2,967e785d-d83c-490b-8d6a-2ed926c956ac,Screenshot_20250802-124620.ACC.png,0,"",,,VYKJ7GRWMX37AKTY,,VYKJ7GRWMX37AKTY,,,e0372d89-b38f-4eaa-a3e7-438d938d398e,"",normal,form,,,t,2025-08-02 07:17:51.109977,2025-08-02 07:17:46.268,2025-08-02 07:17:51.548221,,967e785d-d83c-490b-8d6a-2ed926c956ac,235789885,
112333678,bf996092-8d66-408a-8d8e-5065ca3330c2,967e785d-d83c-490b-8d6a-2ed926c956ac,20250802_124818_photo,0,"",,,VYKJ7GRWMX37AKTY,,VYKJ7GRWMX37AKTY,27.563504,77.662829,d8c8f59d-297b-4ea2-b2a0-3c74de90165d,"",normal,form,2025-08-02 07:18:18.315,,t,2025-08-02 07:18:29.415073,2025-08-02 07:18:22.479,2025-08-02 07:18:29.845261,,967e785d-d83c-490b-8d6a-2ed926c956ac,235789913,
112333700,bf996092-8d66-408a-8d8e-5065ca3330c2,967e785d-d83c-490b-8d6a-2ed926c956ac,Screenshot_20250802-124918.ACC.png,0,"",,,VYKJ7GRWMX37AKTY,,VYKJ7GRWMX37AKTY,,,a65f061e-6ee3-4320-8105-a8701ef278b6,"",normal,form,,,t,2025-08-02 07:20:04.342522,2025-08-02 07:19:55.432,2025-08-02 07:20:04.856392,,967e785d-d83c-490b-8d6a-2ed926c956ac,235789965,
112333702,bf996092-8d66-408a-8d8e-5065ca3330c2,967e785d-d83c-490b-8d6a-2ed926c956ac,Screenshot_20250802-124918.ACC.png,0,"",,,VYKJ7GRWMX37AKTY,,VYKJ7GRWMX37AKTY,,,fe455f5c-1590-43dc-ac3c-a580fbb1aed3,"",normal,form,,,t,2025-08-02 07:20:44.047038,2025-08-02 07:20:39.131,2025-08-02 07:20:44.498579,,967e785d-d83c-490b-8d6a-2ed926c956ac,235789973,
112333708,bf996092-8d66-408a-8d8e-5065ca3330c2,967e785d-d83c-490b-8d6a-2ed926c956ac,Screenshot_20250802-124918.ACC.png,0,"",,,VYKJ7GRWMX37AKTY,,VYKJ7GRWMX37AKTY,,,e472b5d7-4810-45a8-a2b8-99d6d992bb15,"",normal,form,,,t,2025-08-02 07:21:13.453954,2025-08-02 07:21:06.468,2025-08-02 07:21:13.907264,,967e785d-d83c-490b-8d6a-2ed926c956ac,235789985,
112333715,bf996092-8d66-408a-8d8e-5065ca3330c2,967e785d-d83c-490b-8d6a-2ed926c956ac,20250802_125147_photo,0,"",,,VYKJ7GRWMX37AKTY,,VYKJ7GRWMX37AKTY,27.563496,77.662815,b97f883a-9d8a-4f99-8d9e-0af6b6dc5542,"",normal,form,2025-08-02 07:21:47.267,,t,2025-08-02 07:21:56.357743,2025-08-02 07:21:51.403,2025-08-02 07:21:56.86901,,967e785d-d83c-490b-8d6a-2ed926c956ac,235789998,
112333791,bf996092-8d66-408a-8d8e-5065ca3330c2,967e785d-d83c-490b-8d6a-2ed926c956ac,20250802_125624_photo,0,"",,,VYKJ7GRWMX37AKTY,,VYKJ7GRWMX37AKTY,27.563500,77.662831,4413964e-b030-4a68-87a6-91d6a61ba788,"",normal,form,2025-08-02 07:26:24.873,,t,2025-08-02 07:26:38.673973,2025-08-02 07:26:29.996,2025-08-02 07:26:39.368242,,967e785d-d83c-490b-8d6a-2ed926c956ac,235790156,
112333829,bf996092-8d66-408a-8d8e-5065ca3330c2,967e785d-d83c-490b-8d6a-2ed926c956ac,20250802_125828_photo,0,"",,,VYKJ7GRWMX37AKTY,,VYKJ7GRWMX37AKTY,27.563497,77.662828,d9b29176-29df-4d24-88d5-1bbd9a74bbd3,"",normal,form,2025-08-02 07:28:28.498,,t,2025-08-02 07:28:39.517879,2025-08-02 07:28:32.487,2025-08-02 07:28:40.034893,,967e785d-d83c-490b-8d6a-2ed926c956ac,235790241,
112381618,bf996092-8d66-408a-8d8e-5065ca3330c2,967e785d-d83c-490b-8d6a-2ed926c956ac,20250803_101159_photo,0,"",,,VYKJ7GRWMX37AKTY,,VYKJ7GRWMX37AKTY,27.563503,77.662828,250fe8bf-c304-43a6-a145-899e806ba7ee,"",normal,form,2025-08-03 04:41:59.656,,t,2025-08-03 04:42:12.171209,2025-08-03 04:42:03.806,2025-08-03 04:42:12.641772,,967e785d-d83c-490b-8d6a-2ed926c956ac,235884252,
112381623,bf996092-8d66-408a-8d8e-5065ca3330c2,967e785d-d83c-490b-8d6a-2ed926c956ac,20250803_101229_photo,0,"",,,VYKJ7GRWMX37AKTY,,VYKJ7GRWMX37AKTY,27.563502,77.662828,a5caf20d-d45e-41bd-995f-fd887b393cf4,"",normal,form,2025-08-03 04:42:29.231,,t,2025-08-03 04:42:40.227246,2025-08-03 04:42:34.936,2025-08-03 04:42:40.746027,,967e785d-d83c-490b-8d6a-2ed926c956ac,235884263,
112381626,bf996092-8d66-408a-8d8e-5065ca3330c2,967e785d-d83c-490b-8d6a-2ed926c956ac,20250803_101300_photo,0,"",,,VYKJ7GRWMX37AKTY,,VYKJ7GRWMX37AKTY,27.563499,77.662827,eebd0e61-54cd-441c-9a28-ac4ef0f6e579,"",normal,form,2025-08-03 04:43:00.814,,t,2025-08-03 04:43:11.659697,2025-08-03 04:43:05.25,2025-08-03 04:43:12.096417,,967e785d-d83c-490b-8d6a-2ed926c956ac,235884269,
112381631,bf996092-8d66-408a-8d8e-5065ca3330c2,967e785d-d83c-490b-8d6a-2ed926c956ac,20250803_101422_photo,0,"",,,VYKJ7GRWMX37AKTY,,VYKJ7GRWMX37AKTY,27.563502,77.662830,d8f468a7-037f-4d09-9f04-5cca9b63ad77,"",normal,form,2025-08-03 04:44:22.466,,t,2025-08-03 04:44:31.431356,2025-08-03 04:44:26.548,2025-08-03 04:44:31.952706,,967e785d-d83c-490b-8d6a-2ed926c956ac,235884282,
112381654,bf996092-8d66-408a-8d8e-5065ca3330c2,967e785d-d83c-490b-8d6a-2ed926c956ac,20250803_102211_photo,0,"",,,VYKJ7GRWMX37AKTY,,VYKJ7GRWMX37AKTY,27.563503,77.662829,7d93eea2-b734-4cb3-ae39-34b7ec1af3e6,"",normal,form,2025-08-03 04:52:11.249,,t,2025-08-03 04:52:22.690948,2025-08-03 04:52:15.567,2025-08-03 04:52:23.20254,,967e785d-d83c-490b-8d6a-2ed926c956ac,235884339,
112381657,bf996092-8d66-408a-8d8e-5065ca3330c2,967e785d-d83c-490b-8d6a-2ed926c956ac,Screenshot_20250803-102603.ACC.png,0,"",,,VYKJ7GRWMX37AKTY,,VYKJ7GRWMX37AKTY,,,92edfd2a-b7b6-4add-b2a4-474768619b3f,"",normal,form,,,t,2025-08-03 04:56:44.448152,2025-08-03 04:56:36.822,2025-08-03 04:56:45.048269,,967e785d-d83c-490b-8d6a-2ed926c956ac,235884347,
112381666,bf996092-8d66-408a-8d8e-5065ca3330c2,967e785d-d83c-490b-8d6a-2ed926c956ac,20250803_103014_photo,0,"",,,VYKJ7GRWMX37AKTY,,VYKJ7GRWMX37AKTY,27.563504,77.662829,35e97649-dcf3-466b-9a4f-15dcd0ade95c,"",normal,form,2025-08-03 05:00:14.271,,t,2025-08-03 05:00:25.417962,2025-08-03 05:00:18.778,2025-08-03 05:00:25.895084,,967e785d-d83c-490b-8d6a-2ed926c956ac,235884373,
112381663,bf996092-8d66-408a-8d8e-5065ca3330c2,967e785d-d83c-490b-8d6a-2ed926c956ac,20250803_102744_photo,0,"",,,VYKJ7GRWMX37AKTY,,VYKJ7GRWMX37AKTY,27.563503,77.662829,145471c6-e4fd-4c0a-a178-fea4205be6f9,"",normal,form,2025-08-03 04:57:44.382,,t,2025-08-03 04:57:55.632354,2025-08-03 04:57:49.006,2025-08-03 04:57:56.085506,,967e785d-d83c-490b-8d6a-2ed926c956ac,235884362,
112381706,bf996092-8d66-408a-8d8e-5065ca3330c2,967e785d-d83c-490b-8d6a-2ed926c956ac,20250803_103500_photo,0,"",,,VYKJ7GRWMX37AKTY,,VYKJ7GRWMX37AKTY,27.563503,77.662828,8f155fe9-fa2a-475d-98fb-bcfd61e125bb,"",normal,form,2025-08-03 05:05:00.927,,t,2025-08-03 05:05:13.774095,2025-08-03 05:05:05.408,2025-08-03 05:05:14.285763,,967e785d-d83c-490b-8d6a-2ed926c956ac,235884453,
112381729,bf996092-8d66-408a-8d8e-5065ca3330c2,967e785d-d83c-490b-8d6a-2ed926c956ac,Screenshot_20250726-120807.Photos.png,0,"",,,VYKJ7GRWMX37AKTY,,VYKJ7GRWMX37AKTY,,,7c80fff5-1e56-4168-a102-08ee36d27da3,"",normal,form,,,t,2025-08-03 05:06:47.779772,2025-08-03 05:06:39.058,2025-08-03 05:06:48.292015,,967e785d-d83c-490b-8d6a-2ed926c956ac,235884481,
112381743,bf996092-8d66-408a-8d8e-5065ca3330c2,967e785d-d83c-490b-8d6a-2ed926c956ac,Screenshot_20250726-120807.Photos.png,0,"",,,VYKJ7GRWMX37AKTY,,VYKJ7GRWMX37AKTY,,,754e370e-1c9b-4c67-bcaa-9328d21ff691,"",normal,form,,,t,2025-08-03 05:07:14.90954,2025-08-03 05:07:09.794,2025-08-03 05:07:15.317695,,967e785d-d83c-490b-8d6a-2ed926c956ac,235884497,
112381749,bf996092-8d66-408a-8d8e-5065ca3330c2,967e785d-d83c-490b-8d6a-2ed926c956ac,Screenshot_20250726-120807.Photos.png,0,"",,,VYKJ7GRWMX37AKTY,,VYKJ7GRWMX37AKTY,,,0fa2c21c-a237-469e-91c9-9f0ce5f5cd81,"",normal,form,,,t,2025-08-03 05:08:03.756306,2025-08-03 05:07:58.231,2025-08-03 05:08:04.271165,,967e785d-d83c-490b-8d6a-2ed926c956ac,235884507,
112381751,bf996092-8d66-408a-8d8e-5065ca3330c2,967e785d-d83c-490b-8d6a-2ed926c956ac,20250803_103828_photo,0,"",,,VYKJ7GRWMX37AKTY,,VYKJ7GRWMX37AKTY,27.563503,77.662830,32e5f96a-d4b5-4679-a118-aae6a3d87a6c,"",normal,form,2025-08-03 05:08:28.593,,t,2025-08-03 05:08:37.658621,2025-08-03 05:08:32.792,2025-08-03 05:08:38.172383,,967e785d-d83c-490b-8d6a-2ed926c956ac,235884511,
112381995,bf996092-8d66-408a-8d8e-5065ca3330c2,967e785d-d83c-490b-8d6a-2ed926c956ac,20250803_114028_photo,0,deleted,,,KDBLMPH5JM9X,CMJ2N3U8MSMRM8ZA,KDBLMPH5JM9X,,,1518c313-fba3-44dd-977d-e61f8e09abbd,"",normal,gallery,,,t,2025-08-03 06:10:33.603499,2025-08-03 06:10:28.401,2025-08-03 06:13:32.08411,2025-08-05 06:15:42.853375,967e785d-d83c-490b-8d6a-2ed926c956ac,236417101,
