id,bim360_account_id,bim360_project_id,project_id,referencer_urn,participant_id,participant_type,created_at
67268785,bf996092-8d66-408a-8d8e-5065ca3330c2,f679f4cf-c089-4a2b-9b84-b14129630601,f679f4cf-c089-4a2b-9b84-b14129630601,urn:acs.rfis:rfi:f679f4cf-c089-4a2b-9b84-b14129630601/45153a66-5422-4e2f-9a8e-0e3713ff9d2f,501989665,group,2025-06-16 12:12:00.67709
68091150,bf996092-8d66-408a-8d8e-5065ca3330c2,967e785d-d83c-490b-8d6a-2ed926c956ac,967e785d-d83c-490b-8d6a-2ed926c956ac,urn:acs.rfis:rfi:967e785d-d83c-490b-8d6a-2ed926c956ac/fcdfb5a9-1e9c-4797-afb5-46f7615f2e46,501949008,group,2025-06-27 05:07:54.402472
68091151,bf996092-8d66-408a-8d8e-5065ca3330c2,967e785d-d83c-490b-8d6a-2ed926c956ac,967e785d-d83c-490b-8d6a-2ed926c956ac,urn:acs.rfis:rfi:967e785d-d83c-490b-8d6a-2ed926c956ac/fcdfb5a9-1e9c-4797-afb5-46f7615f2e46,501949038,group,2025-06-27 05:07:54.402476
68091152,bf996092-8d66-408a-8d8e-5065ca3330c2,967e785d-d83c-490b-8d6a-2ed926c956ac,967e785d-d83c-490b-8d6a-2ed926c956ac,urn:acs.rfis:rfi:967e785d-d83c-490b-8d6a-2ed926c956ac/fcdfb5a9-1e9c-4797-afb5-46f7615f2e46,501949062,group,2025-06-27 05:07:54.402478
68091153,bf996092-8d66-408a-8d8e-5065ca3330c2,967e785d-d83c-490b-8d6a-2ed926c956ac,967e785d-d83c-490b-8d6a-2ed926c956ac,urn:acs.rfis:rfi:967e785d-d83c-490b-8d6a-2ed926c956ac/fcdfb5a9-1e9c-4797-afb5-46f7615f2e46,501949065,group,2025-06-27 05:07:54.402479
68091154,bf996092-8d66-408a-8d8e-5065ca3330c2,967e785d-d83c-490b-8d6a-2ed926c956ac,967e785d-d83c-490b-8d6a-2ed926c956ac,urn:acs.rfis:rfi:967e785d-d83c-490b-8d6a-2ed926c956ac/fcdfb5a9-1e9c-4797-afb5-46f7615f2e46,501949067,group,2025-06-27 05:07:54.40248
68091155,bf996092-8d66-408a-8d8e-5065ca3330c2,967e785d-d83c-490b-8d6a-2ed926c956ac,967e785d-d83c-490b-8d6a-2ed926c956ac,urn:acs.rfis:rfi:967e785d-d83c-490b-8d6a-2ed926c956ac/fcdfb5a9-1e9c-4797-afb5-46f7615f2e46,501949075,group,2025-06-27 05:07:54.402481
68091156,bf996092-8d66-408a-8d8e-5065ca3330c2,967e785d-d83c-490b-8d6a-2ed926c956ac,967e785d-d83c-490b-8d6a-2ed926c956ac,urn:acs.rfis:rfi:967e785d-d83c-490b-8d6a-2ed926c956ac/fcdfb5a9-1e9c-4797-afb5-46f7615f2e46,501949064,group,2025-06-27 05:07:54.402482
68091157,bf996092-8d66-408a-8d8e-5065ca3330c2,967e785d-d83c-490b-8d6a-2ed926c956ac,967e785d-d83c-490b-8d6a-2ed926c956ac,urn:acs.rfis:rfi:967e785d-d83c-490b-8d6a-2ed926c956ac/fcdfb5a9-1e9c-4797-afb5-46f7615f2e46,501949076,group,2025-06-27 05:07:54.402483
68091158,bf996092-8d66-408a-8d8e-5065ca3330c2,967e785d-d83c-490b-8d6a-2ed926c956ac,967e785d-d83c-490b-8d6a-2ed926c956ac,urn:acs.rfis:rfi:967e785d-d83c-490b-8d6a-2ed926c956ac/fcdfb5a9-1e9c-4797-afb5-46f7615f2e46,501949068,group,2025-06-27 05:07:54.402484
68091190,bf996092-8d66-408a-8d8e-5065ca3330c2,967e785d-d83c-490b-8d6a-2ed926c956ac,967e785d-d83c-490b-8d6a-2ed926c956ac,urn:acs.rfis:rfi:967e785d-d83c-490b-8d6a-2ed926c956ac/fcdfb5a9-1e9c-4797-afb5-46f7615f2e46,CMJ2N3U8MSMRM8ZA,user,2025-06-27 05:11:14.154236
68091191,bf996092-8d66-408a-8d8e-5065ca3330c2,967e785d-d83c-490b-8d6a-2ed926c956ac,967e785d-d83c-490b-8d6a-2ed926c956ac,urn:acs.rfis:rfi:967e785d-d83c-490b-8d6a-2ed926c956ac/fcdfb5a9-1e9c-4797-afb5-46f7615f2e46,UQ72RJ7QKZSW8XTA,user,2025-06-27 05:11:14.15424
68091192,bf996092-8d66-408a-8d8e-5065ca3330c2,967e785d-d83c-490b-8d6a-2ed926c956ac,967e785d-d83c-490b-8d6a-2ed926c956ac,urn:acs.rfis:rfi:967e785d-d83c-490b-8d6a-2ed926c956ac/fcdfb5a9-1e9c-4797-afb5-46f7615f2e46,VYKJ7GRWMX37AKTY,user,2025-06-27 05:11:14.154241
68093712,bf996092-8d66-408a-8d8e-5065ca3330c2,967e785d-d83c-490b-8d6a-2ed926c956ac,967e785d-d83c-490b-8d6a-2ed926c956ac,urn:acs.rfis:rfi:967e785d-d83c-490b-8d6a-2ed926c956ac/fcdfb5a9-1e9c-4797-afb5-46f7615f2e46,S762NMGBKUB423MM,user,2025-06-27 09:33:16.447933
68093745,bf996092-8d66-408a-8d8e-5065ca3330c2,967e785d-d83c-490b-8d6a-2ed926c956ac,967e785d-d83c-490b-8d6a-2ed926c956ac,urn:acs.rfis:rfi:967e785d-d83c-490b-8d6a-2ed926c956ac/fcdfb5a9-1e9c-4797-afb5-46f7615f2e46,G5LJ2CH9PRAMRT7X,user,2025-06-27 09:33:16.448003
60646206,bf996092-8d66-408a-8d8e-5065ca3330c2,3473261e-0400-4f3f-881d-b12012018bee,3473261e-0400-4f3f-881d-b12012018bee,urn:acs.rfis:rfi:3473261e-0400-4f3f-881d-b12012018bee/8526edfc-ea2a-44bd-9b09-edb1072ac332,CMJ2N3U8MSMRM8ZA,user,2025-03-05 10:26:10.951863
60646207,bf996092-8d66-408a-8d8e-5065ca3330c2,3473261e-0400-4f3f-881d-b12012018bee,3473261e-0400-4f3f-881d-b12012018bee,urn:acs.rfis:rfi:3473261e-0400-4f3f-881d-b12012018bee/8526edfc-ea2a-44bd-9b09-edb1072ac332,DQ72WAMCK3PT3T58,user,2025-03-05 10:26:10.951868
68780207,bf996092-8d66-408a-8d8e-5065ca3330c2,f679f4cf-c089-4a2b-9b84-b14129630601,f679f4cf-c089-4a2b-9b84-b14129630601,urn:acs.rfis:rfi:f679f4cf-c089-4a2b-9b84-b14129630601/bff81e2b-9089-470d-8f07-7311d06b75a7,FM42EJFZPNC5F3HF,user,2025-07-09 06:07:18.594689
68780208,bf996092-8d66-408a-8d8e-5065ca3330c2,f679f4cf-c089-4a2b-9b84-b14129630601,f679f4cf-c089-4a2b-9b84-b14129630601,urn:acs.rfis:rfi:f679f4cf-c089-4a2b-9b84-b14129630601/bff81e2b-9089-470d-8f07-7311d06b75a7,S762NMGBKUB423MM,user,2025-07-09 06:07:18.59469
68780209,bf996092-8d66-408a-8d8e-5065ca3330c2,f679f4cf-c089-4a2b-9b84-b14129630601,f679f4cf-c089-4a2b-9b84-b14129630601,urn:acs.rfis:rfi:f679f4cf-c089-4a2b-9b84-b14129630601/bff81e2b-9089-470d-8f07-7311d06b75a7,501989717,group,2025-07-09 06:07:18.594691
68780210,bf996092-8d66-408a-8d8e-5065ca3330c2,f679f4cf-c089-4a2b-9b84-b14129630601,f679f4cf-c089-4a2b-9b84-b14129630601,urn:acs.rfis:rfi:f679f4cf-c089-4a2b-9b84-b14129630601/bff81e2b-9089-470d-8f07-7311d06b75a7,501989750,group,2025-07-09 06:07:18.594693
68780211,bf996092-8d66-408a-8d8e-5065ca3330c2,f679f4cf-c089-4a2b-9b84-b14129630601,f679f4cf-c089-4a2b-9b84-b14129630601,urn:acs.rfis:rfi:f679f4cf-c089-4a2b-9b84-b14129630601/bff81e2b-9089-470d-8f07-7311d06b75a7,501989757,group,2025-07-09 06:07:18.594694
68780212,bf996092-8d66-408a-8d8e-5065ca3330c2,f679f4cf-c089-4a2b-9b84-b14129630601,f679f4cf-c089-4a2b-9b84-b14129630601,urn:acs.rfis:rfi:f679f4cf-c089-4a2b-9b84-b14129630601/bff81e2b-9089-470d-8f07-7311d06b75a7,501989753,group,2025-07-09 06:07:18.594695
68780213,bf996092-8d66-408a-8d8e-5065ca3330c2,f679f4cf-c089-4a2b-9b84-b14129630601,f679f4cf-c089-4a2b-9b84-b14129630601,urn:acs.rfis:rfi:f679f4cf-c089-4a2b-9b84-b14129630601/bff81e2b-9089-470d-8f07-7311d06b75a7,501989766,group,2025-07-09 06:07:18.594696
68780214,bf996092-8d66-408a-8d8e-5065ca3330c2,f679f4cf-c089-4a2b-9b84-b14129630601,f679f4cf-c089-4a2b-9b84-b14129630601,urn:acs.rfis:rfi:f679f4cf-c089-4a2b-9b84-b14129630601/bff81e2b-9089-470d-8f07-7311d06b75a7,501989751,group,2025-07-09 06:07:18.594697
68780215,bf996092-8d66-408a-8d8e-5065ca3330c2,f679f4cf-c089-4a2b-9b84-b14129630601,f679f4cf-c089-4a2b-9b84-b14129630601,urn:acs.rfis:rfi:f679f4cf-c089-4a2b-9b84-b14129630601/bff81e2b-9089-470d-8f07-7311d06b75a7,501989760,group,2025-07-09 06:07:18.594698
68780216,bf996092-8d66-408a-8d8e-5065ca3330c2,f679f4cf-c089-4a2b-9b84-b14129630601,f679f4cf-c089-4a2b-9b84-b14129630601,urn:acs.rfis:rfi:f679f4cf-c089-4a2b-9b84-b14129630601/bff81e2b-9089-470d-8f07-7311d06b75a7,501989755,group,2025-07-09 06:07:18.594699
68780217,bf996092-8d66-408a-8d8e-5065ca3330c2,f679f4cf-c089-4a2b-9b84-b14129630601,f679f4cf-c089-4a2b-9b84-b14129630601,urn:acs.rfis:rfi:f679f4cf-c089-4a2b-9b84-b14129630601/bff81e2b-9089-470d-8f07-7311d06b75a7,UVZ2LVH7JFCRPWMD,user,2025-07-09 06:07:18.5947
68780218,bf996092-8d66-408a-8d8e-5065ca3330c2,f679f4cf-c089-4a2b-9b84-b14129630601,f679f4cf-c089-4a2b-9b84-b14129630601,urn:acs.rfis:rfi:f679f4cf-c089-4a2b-9b84-b14129630601/bff81e2b-9089-470d-8f07-7311d06b75a7,3NGJNZCXN8PBNTRV,user,2025-07-09 06:07:18.594701
68780219,bf996092-8d66-408a-8d8e-5065ca3330c2,f679f4cf-c089-4a2b-9b84-b14129630601,f679f4cf-c089-4a2b-9b84-b14129630601,urn:acs.rfis:rfi:f679f4cf-c089-4a2b-9b84-b14129630601/bff81e2b-9089-470d-8f07-7311d06b75a7,D5ZKMDH5JP7L,user,2025-07-09 06:07:18.594702
68780220,bf996092-8d66-408a-8d8e-5065ca3330c2,f679f4cf-c089-4a2b-9b84-b14129630601,f679f4cf-c089-4a2b-9b84-b14129630601,urn:acs.rfis:rfi:f679f4cf-c089-4a2b-9b84-b14129630601/bff81e2b-9089-470d-8f07-7311d06b75a7,HJQ2F2PVKF9BT95Z,user,2025-07-09 06:07:18.594703
68780221,bf996092-8d66-408a-8d8e-5065ca3330c2,f679f4cf-c089-4a2b-9b84-b14129630601,f679f4cf-c089-4a2b-9b84-b14129630601,urn:acs.rfis:rfi:f679f4cf-c089-4a2b-9b84-b14129630601/bff81e2b-9089-470d-8f07-7311d06b75a7,YJV2UM8AM54LC85B,user,2025-07-09 06:07:18.594704
68780222,bf996092-8d66-408a-8d8e-5065ca3330c2,f679f4cf-c089-4a2b-9b84-b14129630601,f679f4cf-c089-4a2b-9b84-b14129630601,urn:acs.rfis:rfi:f679f4cf-c089-4a2b-9b84-b14129630601/bff81e2b-9089-470d-8f07-7311d06b75a7,3AJ2UBWNPMNWLHCM,user,2025-07-09 06:07:18.594705
68780223,bf996092-8d66-408a-8d8e-5065ca3330c2,f679f4cf-c089-4a2b-9b84-b14129630601,f679f4cf-c089-4a2b-9b84-b14129630601,urn:acs.rfis:rfi:f679f4cf-c089-4a2b-9b84-b14129630601/bff81e2b-9089-470d-8f07-7311d06b75a7,YE326RSUMRX2SZD4,user,2025-07-09 06:07:18.594706
68780224,bf996092-8d66-408a-8d8e-5065ca3330c2,f679f4cf-c089-4a2b-9b84-b14129630601,f679f4cf-c089-4a2b-9b84-b14129630601,urn:acs.rfis:rfi:f679f4cf-c089-4a2b-9b84-b14129630601/bff81e2b-9089-470d-8f07-7311d06b75a7,CMJ2N3U8MSMRM8ZA,user,2025-07-09 06:07:18.594707
68780225,bf996092-8d66-408a-8d8e-5065ca3330c2,f679f4cf-c089-4a2b-9b84-b14129630601,f679f4cf-c089-4a2b-9b84-b14129630601,urn:acs.rfis:rfi:f679f4cf-c089-4a2b-9b84-b14129630601/bff81e2b-9089-470d-8f07-7311d06b75a7,501989668,group,2025-07-09 06:07:18.594708
68780258,bf996092-8d66-408a-8d8e-5065ca3330c2,f679f4cf-c089-4a2b-9b84-b14129630601,f679f4cf-c089-4a2b-9b84-b14129630601,urn:acs.rfis:rfi:f679f4cf-c089-4a2b-9b84-b14129630601/bff81e2b-9089-470d-8f07-7311d06b75a7,G5LJ2CH9PRAMRT7X,user,2025-07-09 06:07:18.594743
68781031,bf996092-8d66-408a-8d8e-5065ca3330c2,f679f4cf-c089-4a2b-9b84-b14129630601,f679f4cf-c089-4a2b-9b84-b14129630601,urn:acs.rfis:rfi:f679f4cf-c089-4a2b-9b84-b14129630601/edd56e40-575f-4677-9b28-55fe6b858745,H4J29KZBMAKAE737,user,2025-07-09 06:47:36.262169
68781033,bf996092-8d66-408a-8d8e-5065ca3330c2,f679f4cf-c089-4a2b-9b84-b14129630601,f679f4cf-c089-4a2b-9b84-b14129630601,urn:acs.rfis:rfi:f679f4cf-c089-4a2b-9b84-b14129630601/edd56e40-575f-4677-9b28-55fe6b858745,WE82WHZJPFH7CVC8,user,2025-07-09 06:47:36.262171
68781034,bf996092-8d66-408a-8d8e-5065ca3330c2,f679f4cf-c089-4a2b-9b84-b14129630601,f679f4cf-c089-4a2b-9b84-b14129630601,urn:acs.rfis:rfi:f679f4cf-c089-4a2b-9b84-b14129630601/edd56e40-575f-4677-9b28-55fe6b858745,501989717,group,2025-07-09 06:47:36.262172
68781035,bf996092-8d66-408a-8d8e-5065ca3330c2,f679f4cf-c089-4a2b-9b84-b14129630601,f679f4cf-c089-4a2b-9b84-b14129630601,urn:acs.rfis:rfi:f679f4cf-c089-4a2b-9b84-b14129630601/edd56e40-575f-4677-9b28-55fe6b858745,501989750,group,2025-07-09 06:47:36.262173
68781036,bf996092-8d66-408a-8d8e-5065ca3330c2,f679f4cf-c089-4a2b-9b84-b14129630601,f679f4cf-c089-4a2b-9b84-b14129630601,urn:acs.rfis:rfi:f679f4cf-c089-4a2b-9b84-b14129630601/edd56e40-575f-4677-9b28-55fe6b858745,501989757,group,2025-07-09 06:47:36.262174
68781037,bf996092-8d66-408a-8d8e-5065ca3330c2,f679f4cf-c089-4a2b-9b84-b14129630601,f679f4cf-c089-4a2b-9b84-b14129630601,urn:acs.rfis:rfi:f679f4cf-c089-4a2b-9b84-b14129630601/edd56e40-575f-4677-9b28-55fe6b858745,501989753,group,2025-07-09 06:47:36.262175
68781038,bf996092-8d66-408a-8d8e-5065ca3330c2,f679f4cf-c089-4a2b-9b84-b14129630601,f679f4cf-c089-4a2b-9b84-b14129630601,urn:acs.rfis:rfi:f679f4cf-c089-4a2b-9b84-b14129630601/edd56e40-575f-4677-9b28-55fe6b858745,501989766,group,2025-07-09 06:47:36.262176
68781039,bf996092-8d66-408a-8d8e-5065ca3330c2,f679f4cf-c089-4a2b-9b84-b14129630601,f679f4cf-c089-4a2b-9b84-b14129630601,urn:acs.rfis:rfi:f679f4cf-c089-4a2b-9b84-b14129630601/edd56e40-575f-4677-9b28-55fe6b858745,501989751,group,2025-07-09 06:47:36.262177
68781040,bf996092-8d66-408a-8d8e-5065ca3330c2,f679f4cf-c089-4a2b-9b84-b14129630601,f679f4cf-c089-4a2b-9b84-b14129630601,urn:acs.rfis:rfi:f679f4cf-c089-4a2b-9b84-b14129630601/edd56e40-575f-4677-9b28-55fe6b858745,501989760,group,2025-07-09 06:47:36.262178
68781041,bf996092-8d66-408a-8d8e-5065ca3330c2,f679f4cf-c089-4a2b-9b84-b14129630601,f679f4cf-c089-4a2b-9b84-b14129630601,urn:acs.rfis:rfi:f679f4cf-c089-4a2b-9b84-b14129630601/edd56e40-575f-4677-9b28-55fe6b858745,501989755,group,2025-07-09 06:47:36.262179
68781042,bf996092-8d66-408a-8d8e-5065ca3330c2,f679f4cf-c089-4a2b-9b84-b14129630601,f679f4cf-c089-4a2b-9b84-b14129630601,urn:acs.rfis:rfi:f679f4cf-c089-4a2b-9b84-b14129630601/edd56e40-575f-4677-9b28-55fe6b858745,UVZ2LVH7JFCRPWMD,user,2025-07-09 06:47:36.26218
68781043,bf996092-8d66-408a-8d8e-5065ca3330c2,f679f4cf-c089-4a2b-9b84-b14129630601,f679f4cf-c089-4a2b-9b84-b14129630601,urn:acs.rfis:rfi:f679f4cf-c089-4a2b-9b84-b14129630601/edd56e40-575f-4677-9b28-55fe6b858745,DQ72WAMCK3PT3T58,user,2025-07-09 06:47:36.262181
68781044,bf996092-8d66-408a-8d8e-5065ca3330c2,f679f4cf-c089-4a2b-9b84-b14129630601,f679f4cf-c089-4a2b-9b84-b14129630601,urn:acs.rfis:rfi:f679f4cf-c089-4a2b-9b84-b14129630601/edd56e40-575f-4677-9b28-55fe6b858745,CMJ2N3U8MSMRM8ZA,user,2025-07-09 06:47:36.262182
68781045,bf996092-8d66-408a-8d8e-5065ca3330c2,f679f4cf-c089-4a2b-9b84-b14129630601,f679f4cf-c089-4a2b-9b84-b14129630601,urn:acs.rfis:rfi:f679f4cf-c089-4a2b-9b84-b14129630601/edd56e40-575f-4677-9b28-55fe6b858745,HJQ2F2PVKF9BT95Z,user,2025-07-09 06:47:36.262183
68781046,bf996092-8d66-408a-8d8e-5065ca3330c2,f679f4cf-c089-4a2b-9b84-b14129630601,f679f4cf-c089-4a2b-9b84-b14129630601,urn:acs.rfis:rfi:f679f4cf-c089-4a2b-9b84-b14129630601/edd56e40-575f-4677-9b28-55fe6b858745,3NGJNZCXN8PBNTRV,user,2025-07-09 06:47:36.262184
68781047,bf996092-8d66-408a-8d8e-5065ca3330c2,f679f4cf-c089-4a2b-9b84-b14129630601,f679f4cf-c089-4a2b-9b84-b14129630601,urn:acs.rfis:rfi:f679f4cf-c089-4a2b-9b84-b14129630601/edd56e40-575f-4677-9b28-55fe6b858745,D5ZKMDH5JP7L,user,2025-07-09 06:47:36.262185
68781048,bf996092-8d66-408a-8d8e-5065ca3330c2,f679f4cf-c089-4a2b-9b84-b14129630601,f679f4cf-c089-4a2b-9b84-b14129630601,urn:acs.rfis:rfi:f679f4cf-c089-4a2b-9b84-b14129630601/edd56e40-575f-4677-9b28-55fe6b858745,501989668,group,2025-07-09 06:47:36.262187
68781081,bf996092-8d66-408a-8d8e-5065ca3330c2,f679f4cf-c089-4a2b-9b84-b14129630601,f679f4cf-c089-4a2b-9b84-b14129630601,urn:acs.rfis:rfi:f679f4cf-c089-4a2b-9b84-b14129630601/edd56e40-575f-4677-9b28-55fe6b858745,G5LJ2CH9PRAMRT7X,user,2025-07-09 06:47:36.26222
69580970,bf996092-8d66-408a-8d8e-5065ca3330c2,967e785d-d83c-490b-8d6a-2ed926c956ac,967e785d-d83c-490b-8d6a-2ed926c956ac,urn:acs.rfis:rfi:967e785d-d83c-490b-8d6a-2ed926c956ac/86d9b4a1-5f2b-4586-94a4-b228db89c15c,501949008,group,2025-07-21 11:30:35.805236
67074351,bf996092-8d66-408a-8d8e-5065ca3330c2,ada6015d-9fce-4f2c-b20f-fc9122d2face,ada6015d-9fce-4f2c-b20f-fc9122d2face,urn:acs.rfis:rfi:ada6015d-9fce-4f2c-b20f-fc9122d2face/7282e0b3-873b-4574-bd2c-3fc97d553ee9,DVW2J8GUNHESYYKC,user,2025-06-12 05:29:35.056015
67074352,bf996092-8d66-408a-8d8e-5065ca3330c2,ada6015d-9fce-4f2c-b20f-fc9122d2face,ada6015d-9fce-4f2c-b20f-fc9122d2face,urn:acs.rfis:rfi:ada6015d-9fce-4f2c-b20f-fc9122d2face/7282e0b3-873b-4574-bd2c-3fc97d553ee9,3NH2Q57QKQWJE37V,user,2025-06-12 05:29:35.056019
67172615,bf996092-8d66-408a-8d8e-5065ca3330c2,ada6015d-9fce-4f2c-b20f-fc9122d2face,ada6015d-9fce-4f2c-b20f-fc9122d2face,urn:acs.rfis:rfi:ada6015d-9fce-4f2c-b20f-fc9122d2face/ebae4fd9-7df4-4399-b7d0-5c192d69587c,CMJ2N3U8MSMRM8ZA,user,2025-06-13 08:49:42.014208
67172616,bf996092-8d66-408a-8d8e-5065ca3330c2,ada6015d-9fce-4f2c-b20f-fc9122d2face,ada6015d-9fce-4f2c-b20f-fc9122d2face,urn:acs.rfis:rfi:ada6015d-9fce-4f2c-b20f-fc9122d2face/ebae4fd9-7df4-4399-b7d0-5c192d69587c,Z3429E4KRUPBNHD4,user,2025-06-13 08:49:42.014213
67172617,bf996092-8d66-408a-8d8e-5065ca3330c2,ada6015d-9fce-4f2c-b20f-fc9122d2face,ada6015d-9fce-4f2c-b20f-fc9122d2face,urn:acs.rfis:rfi:ada6015d-9fce-4f2c-b20f-fc9122d2face/ebae4fd9-7df4-4399-b7d0-5c192d69587c,ZK3JZTPXLBYUA53X,user,2025-06-13 08:49:42.014214
67172618,bf996092-8d66-408a-8d8e-5065ca3330c2,ada6015d-9fce-4f2c-b20f-fc9122d2face,ada6015d-9fce-4f2c-b20f-fc9122d2face,urn:acs.rfis:rfi:ada6015d-9fce-4f2c-b20f-fc9122d2face/ebae4fd9-7df4-4399-b7d0-5c192d69587c,3NH2Q57QKQWJE37V,user,2025-06-13 08:49:42.014216
67172619,bf996092-8d66-408a-8d8e-5065ca3330c2,ada6015d-9fce-4f2c-b20f-fc9122d2face,ada6015d-9fce-4f2c-b20f-fc9122d2face,urn:acs.rfis:rfi:ada6015d-9fce-4f2c-b20f-fc9122d2face/ebae4fd9-7df4-4399-b7d0-5c192d69587c,490203428,group,2025-06-13 08:49:42.014217
67172620,bf996092-8d66-408a-8d8e-5065ca3330c2,ada6015d-9fce-4f2c-b20f-fc9122d2face,ada6015d-9fce-4f2c-b20f-fc9122d2face,urn:acs.rfis:rfi:ada6015d-9fce-4f2c-b20f-fc9122d2face/ebae4fd9-7df4-4399-b7d0-5c192d69587c,SFB2VPYZKPQ7XEGT,user,2025-06-13 08:49:42.014218
67172621,bf996092-8d66-408a-8d8e-5065ca3330c2,ada6015d-9fce-4f2c-b20f-fc9122d2face,ada6015d-9fce-4f2c-b20f-fc9122d2face,urn:acs.rfis:rfi:ada6015d-9fce-4f2c-b20f-fc9122d2face/ebae4fd9-7df4-4399-b7d0-5c192d69587c,490203402,group,2025-06-13 08:49:42.01422
67172622,bf996092-8d66-408a-8d8e-5065ca3330c2,ada6015d-9fce-4f2c-b20f-fc9122d2face,ada6015d-9fce-4f2c-b20f-fc9122d2face,urn:acs.rfis:rfi:ada6015d-9fce-4f2c-b20f-fc9122d2face/ebae4fd9-7df4-4399-b7d0-5c192d69587c,V9Q2X946QA52XTJG,user,2025-06-13 08:49:42.014222
67172626,bf996092-8d66-408a-8d8e-5065ca3330c2,ada6015d-9fce-4f2c-b20f-fc9122d2face,ada6015d-9fce-4f2c-b20f-fc9122d2face,urn:acs.rfis:rfi:ada6015d-9fce-4f2c-b20f-fc9122d2face/ebae4fd9-7df4-4399-b7d0-5c192d69587c,S762NMGBKUB423MM,user,2025-06-13 08:49:42.014228
67172790,bf996092-8d66-408a-8d8e-5065ca3330c2,ada6015d-9fce-4f2c-b20f-fc9122d2face,ada6015d-9fce-4f2c-b20f-fc9122d2face,urn:acs.rfis:rfi:ada6015d-9fce-4f2c-b20f-fc9122d2face/ebae4fd9-7df4-4399-b7d0-5c192d69587c,490203399,group,2025-06-13 08:50:48.130911
67811605,bf996092-8d66-408a-8d8e-5065ca3330c2,f679f4cf-c089-4a2b-9b84-b14129630601,f679f4cf-c089-4a2b-9b84-b14129630601,urn:acs.rfis:rfi:f679f4cf-c089-4a2b-9b84-b14129630601/0cd75373-6a38-46af-b878-5abccb5640ca,7XGJKR7GMJ4QN93J,user,2025-06-24 06:19:11.44378
67811606,bf996092-8d66-408a-8d8e-5065ca3330c2,f679f4cf-c089-4a2b-9b84-b14129630601,f679f4cf-c089-4a2b-9b84-b14129630601,urn:acs.rfis:rfi:f679f4cf-c089-4a2b-9b84-b14129630601/0cd75373-6a38-46af-b878-5abccb5640ca,G5LJ2CH9PRAMRT7X,user,2025-06-24 06:19:11.443783
67811607,bf996092-8d66-408a-8d8e-5065ca3330c2,f679f4cf-c089-4a2b-9b84-b14129630601,f679f4cf-c089-4a2b-9b84-b14129630601,urn:acs.rfis:rfi:f679f4cf-c089-4a2b-9b84-b14129630601/0cd75373-6a38-46af-b878-5abccb5640ca,LVH2DEFULGBL4AFH,user,2025-06-24 06:19:11.443785
67811611,bf996092-8d66-408a-8d8e-5065ca3330c2,f679f4cf-c089-4a2b-9b84-b14129630601,f679f4cf-c089-4a2b-9b84-b14129630601,urn:acs.rfis:rfi:f679f4cf-c089-4a2b-9b84-b14129630601/0cd75373-6a38-46af-b878-5abccb5640ca,501989717,group,2025-06-24 06:19:11.443789
67811612,bf996092-8d66-408a-8d8e-5065ca3330c2,f679f4cf-c089-4a2b-9b84-b14129630601,f679f4cf-c089-4a2b-9b84-b14129630601,urn:acs.rfis:rfi:f679f4cf-c089-4a2b-9b84-b14129630601/0cd75373-6a38-46af-b878-5abccb5640ca,501989750,group,2025-06-24 06:19:11.44379
67811613,bf996092-8d66-408a-8d8e-5065ca3330c2,f679f4cf-c089-4a2b-9b84-b14129630601,f679f4cf-c089-4a2b-9b84-b14129630601,urn:acs.rfis:rfi:f679f4cf-c089-4a2b-9b84-b14129630601/0cd75373-6a38-46af-b878-5abccb5640ca,501989757,group,2025-06-24 06:19:11.443791
67811614,bf996092-8d66-408a-8d8e-5065ca3330c2,f679f4cf-c089-4a2b-9b84-b14129630601,f679f4cf-c089-4a2b-9b84-b14129630601,urn:acs.rfis:rfi:f679f4cf-c089-4a2b-9b84-b14129630601/0cd75373-6a38-46af-b878-5abccb5640ca,501989753,group,2025-06-24 06:19:11.443792
67811615,bf996092-8d66-408a-8d8e-5065ca3330c2,f679f4cf-c089-4a2b-9b84-b14129630601,f679f4cf-c089-4a2b-9b84-b14129630601,urn:acs.rfis:rfi:f679f4cf-c089-4a2b-9b84-b14129630601/0cd75373-6a38-46af-b878-5abccb5640ca,501989766,group,2025-06-24 06:19:11.443794
67811616,bf996092-8d66-408a-8d8e-5065ca3330c2,f679f4cf-c089-4a2b-9b84-b14129630601,f679f4cf-c089-4a2b-9b84-b14129630601,urn:acs.rfis:rfi:f679f4cf-c089-4a2b-9b84-b14129630601/0cd75373-6a38-46af-b878-5abccb5640ca,501989751,group,2025-06-24 06:19:11.443795
67811617,bf996092-8d66-408a-8d8e-5065ca3330c2,f679f4cf-c089-4a2b-9b84-b14129630601,f679f4cf-c089-4a2b-9b84-b14129630601,urn:acs.rfis:rfi:f679f4cf-c089-4a2b-9b84-b14129630601/0cd75373-6a38-46af-b878-5abccb5640ca,501989760,group,2025-06-24 06:19:11.443796
67811618,bf996092-8d66-408a-8d8e-5065ca3330c2,f679f4cf-c089-4a2b-9b84-b14129630601,f679f4cf-c089-4a2b-9b84-b14129630601,urn:acs.rfis:rfi:f679f4cf-c089-4a2b-9b84-b14129630601/0cd75373-6a38-46af-b878-5abccb5640ca,501989755,group,2025-06-24 06:19:11.443797
67811619,bf996092-8d66-408a-8d8e-5065ca3330c2,f679f4cf-c089-4a2b-9b84-b14129630601,f679f4cf-c089-4a2b-9b84-b14129630601,urn:acs.rfis:rfi:f679f4cf-c089-4a2b-9b84-b14129630601/0cd75373-6a38-46af-b878-5abccb5640ca,D5ZKMDH5JP7L,user,2025-06-24 06:19:11.443798
67811620,bf996092-8d66-408a-8d8e-5065ca3330c2,f679f4cf-c089-4a2b-9b84-b14129630601,f679f4cf-c089-4a2b-9b84-b14129630601,urn:acs.rfis:rfi:f679f4cf-c089-4a2b-9b84-b14129630601/0cd75373-6a38-46af-b878-5abccb5640ca,DQ72WAMCK3PT3T58,user,2025-06-24 06:19:11.443799
67811621,bf996092-8d66-408a-8d8e-5065ca3330c2,f679f4cf-c089-4a2b-9b84-b14129630601,f679f4cf-c089-4a2b-9b84-b14129630601,urn:acs.rfis:rfi:f679f4cf-c089-4a2b-9b84-b14129630601/0cd75373-6a38-46af-b878-5abccb5640ca,UVZ2LVH7JFCRPWMD,user,2025-06-24 06:19:11.4438
67811622,bf996092-8d66-408a-8d8e-5065ca3330c2,f679f4cf-c089-4a2b-9b84-b14129630601,f679f4cf-c089-4a2b-9b84-b14129630601,urn:acs.rfis:rfi:f679f4cf-c089-4a2b-9b84-b14129630601/0cd75373-6a38-46af-b878-5abccb5640ca,HJQ2F2PVKF9BT95Z,user,2025-06-24 06:19:11.443801
67811623,bf996092-8d66-408a-8d8e-5065ca3330c2,f679f4cf-c089-4a2b-9b84-b14129630601,f679f4cf-c089-4a2b-9b84-b14129630601,urn:acs.rfis:rfi:f679f4cf-c089-4a2b-9b84-b14129630601/0cd75373-6a38-46af-b878-5abccb5640ca,3NGJNZCXN8PBNTRV,user,2025-06-24 06:19:11.443802
67811624,bf996092-8d66-408a-8d8e-5065ca3330c2,f679f4cf-c089-4a2b-9b84-b14129630601,f679f4cf-c089-4a2b-9b84-b14129630601,urn:acs.rfis:rfi:f679f4cf-c089-4a2b-9b84-b14129630601/0cd75373-6a38-46af-b878-5abccb5640ca,CMJ2N3U8MSMRM8ZA,user,2025-06-24 06:19:11.443803
67811625,bf996092-8d66-408a-8d8e-5065ca3330c2,f679f4cf-c089-4a2b-9b84-b14129630601,f679f4cf-c089-4a2b-9b84-b14129630601,urn:acs.rfis:rfi:f679f4cf-c089-4a2b-9b84-b14129630601/0cd75373-6a38-46af-b878-5abccb5640ca,501989668,group,2025-06-24 06:19:11.443804
67812358,bf996092-8d66-408a-8d8e-5065ca3330c2,967e785d-d83c-490b-8d6a-2ed926c956ac,967e785d-d83c-490b-8d6a-2ed926c956ac,urn:acs.rfis:rfi:967e785d-d83c-490b-8d6a-2ed926c956ac/703cfc1d-6e3f-4588-8cce-bb97d726d407,RQ92XKNVL7KYFP4W,user,2025-06-24 07:06:29.984558
67812359,bf996092-8d66-408a-8d8e-5065ca3330c2,967e785d-d83c-490b-8d6a-2ed926c956ac,967e785d-d83c-490b-8d6a-2ed926c956ac,urn:acs.rfis:rfi:967e785d-d83c-490b-8d6a-2ed926c956ac/703cfc1d-6e3f-4588-8cce-bb97d726d407,Q8AJCWZUMM834EBP,user,2025-06-24 07:06:29.984562
67812360,bf996092-8d66-408a-8d8e-5065ca3330c2,967e785d-d83c-490b-8d6a-2ed926c956ac,967e785d-d83c-490b-8d6a-2ed926c956ac,urn:acs.rfis:rfi:967e785d-d83c-490b-8d6a-2ed926c956ac/703cfc1d-6e3f-4588-8cce-bb97d726d407,C6Z2RETEN3MN8XZF,user,2025-06-24 07:06:29.984564
67812361,bf996092-8d66-408a-8d8e-5065ca3330c2,967e785d-d83c-490b-8d6a-2ed926c956ac,967e785d-d83c-490b-8d6a-2ed926c956ac,urn:acs.rfis:rfi:967e785d-d83c-490b-8d6a-2ed926c956ac/703cfc1d-6e3f-4588-8cce-bb97d726d407,MXG2L5VEMSKN8SVN,user,2025-06-24 07:06:29.984565
67812362,bf996092-8d66-408a-8d8e-5065ca3330c2,967e785d-d83c-490b-8d6a-2ed926c956ac,967e785d-d83c-490b-8d6a-2ed926c956ac,urn:acs.rfis:rfi:967e785d-d83c-490b-8d6a-2ed926c956ac/703cfc1d-6e3f-4588-8cce-bb97d726d407,KNL28BHPJJMCM75F,user,2025-06-24 07:06:29.984566
67812363,bf996092-8d66-408a-8d8e-5065ca3330c2,967e785d-d83c-490b-8d6a-2ed926c956ac,967e785d-d83c-490b-8d6a-2ed926c956ac,urn:acs.rfis:rfi:967e785d-d83c-490b-8d6a-2ed926c956ac/703cfc1d-6e3f-4588-8cce-bb97d726d407,MJU2FLVXJAQLGRH7,user,2025-06-24 07:06:29.984567
67812364,bf996092-8d66-408a-8d8e-5065ca3330c2,967e785d-d83c-490b-8d6a-2ed926c956ac,967e785d-d83c-490b-8d6a-2ed926c956ac,urn:acs.rfis:rfi:967e785d-d83c-490b-8d6a-2ed926c956ac/703cfc1d-6e3f-4588-8cce-bb97d726d407,501949007,group,2025-06-24 07:06:29.984569
67812777,bf996092-8d66-408a-8d8e-5065ca3330c2,967e785d-d83c-490b-8d6a-2ed926c956ac,967e785d-d83c-490b-8d6a-2ed926c956ac,urn:acs.rfis:rfi:967e785d-d83c-490b-8d6a-2ed926c956ac/a8f7f8a0-223e-43e2-8f86-03c530677d76,RQ92XKNVL7KYFP4W,user,2025-06-24 07:26:12.050686
67812778,bf996092-8d66-408a-8d8e-5065ca3330c2,967e785d-d83c-490b-8d6a-2ed926c956ac,967e785d-d83c-490b-8d6a-2ed926c956ac,urn:acs.rfis:rfi:967e785d-d83c-490b-8d6a-2ed926c956ac/a8f7f8a0-223e-43e2-8f86-03c530677d76,Q8AJCWZUMM834EBP,user,2025-06-24 07:26:12.050689
67812779,bf996092-8d66-408a-8d8e-5065ca3330c2,967e785d-d83c-490b-8d6a-2ed926c956ac,967e785d-d83c-490b-8d6a-2ed926c956ac,urn:acs.rfis:rfi:967e785d-d83c-490b-8d6a-2ed926c956ac/a8f7f8a0-223e-43e2-8f86-03c530677d76,C6Z2RETEN3MN8XZF,user,2025-06-24 07:26:12.050691
67812780,bf996092-8d66-408a-8d8e-5065ca3330c2,967e785d-d83c-490b-8d6a-2ed926c956ac,967e785d-d83c-490b-8d6a-2ed926c956ac,urn:acs.rfis:rfi:967e785d-d83c-490b-8d6a-2ed926c956ac/a8f7f8a0-223e-43e2-8f86-03c530677d76,VYKJ7GRWMX37AKTY,user,2025-06-24 07:26:12.050692
67812781,bf996092-8d66-408a-8d8e-5065ca3330c2,967e785d-d83c-490b-8d6a-2ed926c956ac,967e785d-d83c-490b-8d6a-2ed926c956ac,urn:acs.rfis:rfi:967e785d-d83c-490b-8d6a-2ed926c956ac/a8f7f8a0-223e-43e2-8f86-03c530677d76,MXG2L5VEMSKN8SVN,user,2025-06-24 07:26:12.050693
67812782,bf996092-8d66-408a-8d8e-5065ca3330c2,967e785d-d83c-490b-8d6a-2ed926c956ac,967e785d-d83c-490b-8d6a-2ed926c956ac,urn:acs.rfis:rfi:967e785d-d83c-490b-8d6a-2ed926c956ac/a8f7f8a0-223e-43e2-8f86-03c530677d76,KNL28BHPJJMCM75F,user,2025-06-24 07:26:12.050694
67812783,bf996092-8d66-408a-8d8e-5065ca3330c2,967e785d-d83c-490b-8d6a-2ed926c956ac,967e785d-d83c-490b-8d6a-2ed926c956ac,urn:acs.rfis:rfi:967e785d-d83c-490b-8d6a-2ed926c956ac/a8f7f8a0-223e-43e2-8f86-03c530677d76,MJU2FLVXJAQLGRH7,user,2025-06-24 07:26:12.050695
67812784,bf996092-8d66-408a-8d8e-5065ca3330c2,967e785d-d83c-490b-8d6a-2ed926c956ac,967e785d-d83c-490b-8d6a-2ed926c956ac,urn:acs.rfis:rfi:967e785d-d83c-490b-8d6a-2ed926c956ac/a8f7f8a0-223e-43e2-8f86-03c530677d76,MWZJGXW9MEMP2RFR,user,2025-06-24 07:26:12.050696
67812785,bf996092-8d66-408a-8d8e-5065ca3330c2,967e785d-d83c-490b-8d6a-2ed926c956ac,967e785d-d83c-490b-8d6a-2ed926c956ac,urn:acs.rfis:rfi:967e785d-d83c-490b-8d6a-2ed926c956ac/a8f7f8a0-223e-43e2-8f86-03c530677d76,501949007,group,2025-06-24 07:26:12.050697
68164002,bf996092-8d66-408a-8d8e-5065ca3330c2,f679f4cf-c089-4a2b-9b84-b14129630601,f679f4cf-c089-4a2b-9b84-b14129630601,urn:acs.rfis:rfi:f679f4cf-c089-4a2b-9b84-b14129630601/0cd75373-6a38-46af-b878-5abccb5640ca,WGZMNSNY5MBR,user,2025-06-28 03:31:15.154669
68164003,bf996092-8d66-408a-8d8e-5065ca3330c2,f679f4cf-c089-4a2b-9b84-b14129630601,f679f4cf-c089-4a2b-9b84-b14129630601,urn:acs.rfis:rfi:f679f4cf-c089-4a2b-9b84-b14129630601/0cd75373-6a38-46af-b878-5abccb5640ca,530426924,group,2025-06-28 03:31:15.154672
68164004,bf996092-8d66-408a-8d8e-5065ca3330c2,f679f4cf-c089-4a2b-9b84-b14129630601,f679f4cf-c089-4a2b-9b84-b14129630601,urn:acs.rfis:rfi:f679f4cf-c089-4a2b-9b84-b14129630601/0cd75373-6a38-46af-b878-5abccb5640ca,YQH2SLPMM8Q48DDT,user,2025-06-28 03:31:15.154674
68560859,bf996092-8d66-408a-8d8e-5065ca3330c2,f679f4cf-c089-4a2b-9b84-b14129630601,f679f4cf-c089-4a2b-9b84-b14129630601,urn:acs.rfis:rfi:f679f4cf-c089-4a2b-9b84-b14129630601/0cd75373-6a38-46af-b878-5abccb5640ca,501989665,group,2025-07-05 03:48:49.550843
68560860,bf996092-8d66-408a-8d8e-5065ca3330c2,f679f4cf-c089-4a2b-9b84-b14129630601,f679f4cf-c089-4a2b-9b84-b14129630601,urn:acs.rfis:rfi:f679f4cf-c089-4a2b-9b84-b14129630601/53f61369-aaca-4d22-952f-b49d2e81fbf4,501989665,group,2025-07-05 03:50:56.252084
60814901,bf996092-8d66-408a-8d8e-5065ca3330c2,ada6015d-9fce-4f2c-b20f-fc9122d2face,ada6015d-9fce-4f2c-b20f-fc9122d2face,urn:acs.rfis:rfi:ada6015d-9fce-4f2c-b20f-fc9122d2face/5d584edc-7355-457f-97d2-16c8a0318d6b,490203402,group,2025-03-07 07:51:43.942309
60814902,bf996092-8d66-408a-8d8e-5065ca3330c2,ada6015d-9fce-4f2c-b20f-fc9122d2face,ada6015d-9fce-4f2c-b20f-fc9122d2face,urn:acs.rfis:rfi:ada6015d-9fce-4f2c-b20f-fc9122d2face/5d584edc-7355-457f-97d2-16c8a0318d6b,Z3429E4KRUPBNHD4,user,2025-03-07 07:51:43.942312
60814903,bf996092-8d66-408a-8d8e-5065ca3330c2,ada6015d-9fce-4f2c-b20f-fc9122d2face,ada6015d-9fce-4f2c-b20f-fc9122d2face,urn:acs.rfis:rfi:ada6015d-9fce-4f2c-b20f-fc9122d2face/5d584edc-7355-457f-97d2-16c8a0318d6b,EHAJMY6KJEY6BP5Y,user,2025-03-07 07:51:43.942314
60814939,bf996092-8d66-408a-8d8e-5065ca3330c2,ada6015d-9fce-4f2c-b20f-fc9122d2face,ada6015d-9fce-4f2c-b20f-fc9122d2face,urn:acs.rfis:rfi:ada6015d-9fce-4f2c-b20f-fc9122d2face/5d584edc-7355-457f-97d2-16c8a0318d6b,490203399,group,2025-03-07 07:56:03.994027
60814978,bf996092-8d66-408a-8d8e-5065ca3330c2,ada6015d-9fce-4f2c-b20f-fc9122d2face,ada6015d-9fce-4f2c-b20f-fc9122d2face,urn:acs.rfis:rfi:ada6015d-9fce-4f2c-b20f-fc9122d2face/82eab9df-677f-4593-8f6d-8c74e38a1ff6,EHAJMY6KJEY6BP5Y,user,2025-03-07 08:00:31.775798
60814979,bf996092-8d66-408a-8d8e-5065ca3330c2,ada6015d-9fce-4f2c-b20f-fc9122d2face,ada6015d-9fce-4f2c-b20f-fc9122d2face,urn:acs.rfis:rfi:ada6015d-9fce-4f2c-b20f-fc9122d2face/82eab9df-677f-4593-8f6d-8c74e38a1ff6,Z3429E4KRUPBNHD4,user,2025-03-07 08:00:31.775803
60814980,bf996092-8d66-408a-8d8e-5065ca3330c2,ada6015d-9fce-4f2c-b20f-fc9122d2face,ada6015d-9fce-4f2c-b20f-fc9122d2face,urn:acs.rfis:rfi:ada6015d-9fce-4f2c-b20f-fc9122d2face/82eab9df-677f-4593-8f6d-8c74e38a1ff6,490203438,group,2025-03-07 08:00:31.775806
60814981,bf996092-8d66-408a-8d8e-5065ca3330c2,ada6015d-9fce-4f2c-b20f-fc9122d2face,ada6015d-9fce-4f2c-b20f-fc9122d2face,urn:acs.rfis:rfi:ada6015d-9fce-4f2c-b20f-fc9122d2face/82eab9df-677f-4593-8f6d-8c74e38a1ff6,490203402,group,2025-03-07 08:00:31.775808
60815019,bf996092-8d66-408a-8d8e-5065ca3330c2,ada6015d-9fce-4f2c-b20f-fc9122d2face,ada6015d-9fce-4f2c-b20f-fc9122d2face,urn:acs.rfis:rfi:ada6015d-9fce-4f2c-b20f-fc9122d2face/82eab9df-677f-4593-8f6d-8c74e38a1ff6,490203399,group,2025-03-07 08:04:06.554152
68677243,bf996092-8d66-408a-8d8e-5065ca3330c2,f6ab14eb-1a66-4ea5-8a0f-0afbda444403,f6ab14eb-1a66-4ea5-8a0f-0afbda444403,urn:acs.rfis:rfi:f6ab14eb-1a66-4ea5-8a0f-0afbda444403/dab585c9-a66f-4494-9db2-798dc6fc7e3e,531853798,group,2025-07-08 07:54:04.942154
68677244,bf996092-8d66-408a-8d8e-5065ca3330c2,f6ab14eb-1a66-4ea5-8a0f-0afbda444403,f6ab14eb-1a66-4ea5-8a0f-0afbda444403,urn:acs.rfis:rfi:f6ab14eb-1a66-4ea5-8a0f-0afbda444403/dab585c9-a66f-4494-9db2-798dc6fc7e3e,531853829,group,2025-07-08 07:54:04.94216
68677245,bf996092-8d66-408a-8d8e-5065ca3330c2,f6ab14eb-1a66-4ea5-8a0f-0afbda444403,f6ab14eb-1a66-4ea5-8a0f-0afbda444403,urn:acs.rfis:rfi:f6ab14eb-1a66-4ea5-8a0f-0afbda444403/dab585c9-a66f-4494-9db2-798dc6fc7e3e,531853846,group,2025-07-08 07:54:04.942163
68677246,bf996092-8d66-408a-8d8e-5065ca3330c2,f6ab14eb-1a66-4ea5-8a0f-0afbda444403,f6ab14eb-1a66-4ea5-8a0f-0afbda444403,urn:acs.rfis:rfi:f6ab14eb-1a66-4ea5-8a0f-0afbda444403/dab585c9-a66f-4494-9db2-798dc6fc7e3e,531853851,group,2025-07-08 07:54:04.942166
68677248,bf996092-8d66-408a-8d8e-5065ca3330c2,f6ab14eb-1a66-4ea5-8a0f-0afbda444403,f6ab14eb-1a66-4ea5-8a0f-0afbda444403,urn:acs.rfis:rfi:f6ab14eb-1a66-4ea5-8a0f-0afbda444403/dab585c9-a66f-4494-9db2-798dc6fc7e3e,NXBJU9KZRN2LR6EX,user,2025-07-08 07:54:04.942171
68677336,bf996092-8d66-408a-8d8e-5065ca3330c2,f6ab14eb-1a66-4ea5-8a0f-0afbda444403,f6ab14eb-1a66-4ea5-8a0f-0afbda444403,urn:acs.rfis:rfi:f6ab14eb-1a66-4ea5-8a0f-0afbda444403/dab585c9-a66f-4494-9db2-798dc6fc7e3e,G5LJ2CH9PRAMRT7X,user,2025-07-08 07:57:40.86616
68677372,bf996092-8d66-408a-8d8e-5065ca3330c2,f6ab14eb-1a66-4ea5-8a0f-0afbda444403,f6ab14eb-1a66-4ea5-8a0f-0afbda444403,urn:acs.rfis:rfi:f6ab14eb-1a66-4ea5-8a0f-0afbda444403/dab585c9-a66f-4494-9db2-798dc6fc7e3e,D5ZKMDH5JP7L,user,2025-07-08 07:57:40.866199
68677373,bf996092-8d66-408a-8d8e-5065ca3330c2,f6ab14eb-1a66-4ea5-8a0f-0afbda444403,f6ab14eb-1a66-4ea5-8a0f-0afbda444403,urn:acs.rfis:rfi:f6ab14eb-1a66-4ea5-8a0f-0afbda444403/dab585c9-a66f-4494-9db2-798dc6fc7e3e,DYZ2AGTWN2M29L9F,user,2025-07-08 07:57:40.8662
68891205,bf996092-8d66-408a-8d8e-5065ca3330c2,f6ab14eb-1a66-4ea5-8a0f-0afbda444403,f6ab14eb-1a66-4ea5-8a0f-0afbda444403,urn:acs.rfis:rfi:f6ab14eb-1a66-4ea5-8a0f-0afbda444403/dab585c9-a66f-4494-9db2-798dc6fc7e3e,BFH2KAVSNP5G463F,user,2025-07-10 13:19:16.80783
69580971,bf996092-8d66-408a-8d8e-5065ca3330c2,967e785d-d83c-490b-8d6a-2ed926c956ac,967e785d-d83c-490b-8d6a-2ed926c956ac,urn:acs.rfis:rfi:967e785d-d83c-490b-8d6a-2ed926c956ac/86d9b4a1-5f2b-4586-94a4-b228db89c15c,501949038,group,2025-07-21 11:30:35.80524
69580972,bf996092-8d66-408a-8d8e-5065ca3330c2,967e785d-d83c-490b-8d6a-2ed926c956ac,967e785d-d83c-490b-8d6a-2ed926c956ac,urn:acs.rfis:rfi:967e785d-d83c-490b-8d6a-2ed926c956ac/86d9b4a1-5f2b-4586-94a4-b228db89c15c,501949062,group,2025-07-21 11:30:35.805241
69580973,bf996092-8d66-408a-8d8e-5065ca3330c2,967e785d-d83c-490b-8d6a-2ed926c956ac,967e785d-d83c-490b-8d6a-2ed926c956ac,urn:acs.rfis:rfi:967e785d-d83c-490b-8d6a-2ed926c956ac/86d9b4a1-5f2b-4586-94a4-b228db89c15c,501949065,group,2025-07-21 11:30:35.805242
69580974,bf996092-8d66-408a-8d8e-5065ca3330c2,967e785d-d83c-490b-8d6a-2ed926c956ac,967e785d-d83c-490b-8d6a-2ed926c956ac,urn:acs.rfis:rfi:967e785d-d83c-490b-8d6a-2ed926c956ac/86d9b4a1-5f2b-4586-94a4-b228db89c15c,501949067,group,2025-07-21 11:30:35.805243
69580975,bf996092-8d66-408a-8d8e-5065ca3330c2,967e785d-d83c-490b-8d6a-2ed926c956ac,967e785d-d83c-490b-8d6a-2ed926c956ac,urn:acs.rfis:rfi:967e785d-d83c-490b-8d6a-2ed926c956ac/86d9b4a1-5f2b-4586-94a4-b228db89c15c,501949075,group,2025-07-21 11:30:35.805244
69580976,bf996092-8d66-408a-8d8e-5065ca3330c2,967e785d-d83c-490b-8d6a-2ed926c956ac,967e785d-d83c-490b-8d6a-2ed926c956ac,urn:acs.rfis:rfi:967e785d-d83c-490b-8d6a-2ed926c956ac/86d9b4a1-5f2b-4586-94a4-b228db89c15c,501949064,group,2025-07-21 11:30:35.805245
69580977,bf996092-8d66-408a-8d8e-5065ca3330c2,967e785d-d83c-490b-8d6a-2ed926c956ac,967e785d-d83c-490b-8d6a-2ed926c956ac,urn:acs.rfis:rfi:967e785d-d83c-490b-8d6a-2ed926c956ac/86d9b4a1-5f2b-4586-94a4-b228db89c15c,501949076,group,2025-07-21 11:30:35.805246
69580978,bf996092-8d66-408a-8d8e-5065ca3330c2,967e785d-d83c-490b-8d6a-2ed926c956ac,967e785d-d83c-490b-8d6a-2ed926c956ac,urn:acs.rfis:rfi:967e785d-d83c-490b-8d6a-2ed926c956ac/86d9b4a1-5f2b-4586-94a4-b228db89c15c,501949068,group,2025-07-21 11:30:35.805247
69580992,bf996092-8d66-408a-8d8e-5065ca3330c2,967e785d-d83c-490b-8d6a-2ed926c956ac,967e785d-d83c-490b-8d6a-2ed926c956ac,urn:acs.rfis:rfi:967e785d-d83c-490b-8d6a-2ed926c956ac/86d9b4a1-5f2b-4586-94a4-b228db89c15c,UQ72RJ7QKZSW8XTA,user,2025-07-21 11:32:01.939324
69580993,bf996092-8d66-408a-8d8e-5065ca3330c2,967e785d-d83c-490b-8d6a-2ed926c956ac,967e785d-d83c-490b-8d6a-2ed926c956ac,urn:acs.rfis:rfi:967e785d-d83c-490b-8d6a-2ed926c956ac/86d9b4a1-5f2b-4586-94a4-b228db89c15c,VYKJ7GRWMX37AKTY,user,2025-07-21 11:32:01.939325
69580994,bf996092-8d66-408a-8d8e-5065ca3330c2,967e785d-d83c-490b-8d6a-2ed926c956ac,967e785d-d83c-490b-8d6a-2ed926c956ac,urn:acs.rfis:rfi:967e785d-d83c-490b-8d6a-2ed926c956ac/86d9b4a1-5f2b-4586-94a4-b228db89c15c,D5ZKMDH5JP7L,user,2025-07-21 11:32:01.939327
69580995,bf996092-8d66-408a-8d8e-5065ca3330c2,967e785d-d83c-490b-8d6a-2ed926c956ac,967e785d-d83c-490b-8d6a-2ed926c956ac,urn:acs.rfis:rfi:967e785d-d83c-490b-8d6a-2ed926c956ac/86d9b4a1-5f2b-4586-94a4-b228db89c15c,DQ72WAMCK3PT3T58,user,2025-07-21 11:32:01.939328
69580996,bf996092-8d66-408a-8d8e-5065ca3330c2,967e785d-d83c-490b-8d6a-2ed926c956ac,967e785d-d83c-490b-8d6a-2ed926c956ac,urn:acs.rfis:rfi:967e785d-d83c-490b-8d6a-2ed926c956ac/86d9b4a1-5f2b-4586-94a4-b228db89c15c,Y2W2RXA2P4MPP325,user,2025-07-21 11:32:01.939329
69581014,bf996092-8d66-408a-8d8e-5065ca3330c2,967e785d-d83c-490b-8d6a-2ed926c956ac,967e785d-d83c-490b-8d6a-2ed926c956ac,urn:acs.rfis:rfi:967e785d-d83c-490b-8d6a-2ed926c956ac/86d9b4a1-5f2b-4586-94a4-b228db89c15c,67E2T63RRMUGH3NG,user,2025-07-21 11:32:01.939347
69581030,bf996092-8d66-408a-8d8e-5065ca3330c2,967e785d-d83c-490b-8d6a-2ed926c956ac,967e785d-d83c-490b-8d6a-2ed926c956ac,urn:acs.rfis:rfi:967e785d-d83c-490b-8d6a-2ed926c956ac/86d9b4a1-5f2b-4586-94a4-b228db89c15c,G5LJ2CH9PRAMRT7X,user,2025-07-21 11:32:01.939365
65003873,bf996092-8d66-408a-8d8e-5065ca3330c2,967e785d-d83c-490b-8d6a-2ed926c956ac,967e785d-d83c-490b-8d6a-2ed926c956ac,urn:acs.rfis:rfi:967e785d-d83c-490b-8d6a-2ed926c956ac/bb9665af-a15e-4e99-8e86-9e5464b23c45,D5ZKMDH5JP7L,user,2025-05-10 06:27:04.967174
65003874,bf996092-8d66-408a-8d8e-5065ca3330c2,967e785d-d83c-490b-8d6a-2ed926c956ac,967e785d-d83c-490b-8d6a-2ed926c956ac,urn:acs.rfis:rfi:967e785d-d83c-490b-8d6a-2ed926c956ac/bb9665af-a15e-4e99-8e86-9e5464b23c45,501949055,group,2025-05-10 06:27:04.967176
65003875,bf996092-8d66-408a-8d8e-5065ca3330c2,967e785d-d83c-490b-8d6a-2ed926c956ac,967e785d-d83c-490b-8d6a-2ed926c956ac,urn:acs.rfis:rfi:967e785d-d83c-490b-8d6a-2ed926c956ac/bb9665af-a15e-4e99-8e86-9e5464b23c45,501949050,group,2025-05-10 06:27:04.967177
65003876,bf996092-8d66-408a-8d8e-5065ca3330c2,967e785d-d83c-490b-8d6a-2ed926c956ac,967e785d-d83c-490b-8d6a-2ed926c956ac,urn:acs.rfis:rfi:967e785d-d83c-490b-8d6a-2ed926c956ac/bb9665af-a15e-4e99-8e86-9e5464b23c45,501949038,group,2025-05-10 06:27:04.967178
65003877,bf996092-8d66-408a-8d8e-5065ca3330c2,967e785d-d83c-490b-8d6a-2ed926c956ac,967e785d-d83c-490b-8d6a-2ed926c956ac,urn:acs.rfis:rfi:967e785d-d83c-490b-8d6a-2ed926c956ac/bb9665af-a15e-4e99-8e86-9e5464b23c45,501949062,group,2025-05-10 06:27:04.967179
65003878,bf996092-8d66-408a-8d8e-5065ca3330c2,967e785d-d83c-490b-8d6a-2ed926c956ac,967e785d-d83c-490b-8d6a-2ed926c956ac,urn:acs.rfis:rfi:967e785d-d83c-490b-8d6a-2ed926c956ac/bb9665af-a15e-4e99-8e86-9e5464b23c45,501949065,group,2025-05-10 06:27:04.96718
65003879,bf996092-8d66-408a-8d8e-5065ca3330c2,967e785d-d83c-490b-8d6a-2ed926c956ac,967e785d-d83c-490b-8d6a-2ed926c956ac,urn:acs.rfis:rfi:967e785d-d83c-490b-8d6a-2ed926c956ac/bb9665af-a15e-4e99-8e86-9e5464b23c45,501949067,group,2025-05-10 06:27:04.967181
65003880,bf996092-8d66-408a-8d8e-5065ca3330c2,967e785d-d83c-490b-8d6a-2ed926c956ac,967e785d-d83c-490b-8d6a-2ed926c956ac,urn:acs.rfis:rfi:967e785d-d83c-490b-8d6a-2ed926c956ac/bb9665af-a15e-4e99-8e86-9e5464b23c45,501949075,group,2025-05-10 06:27:04.967182
65003881,bf996092-8d66-408a-8d8e-5065ca3330c2,967e785d-d83c-490b-8d6a-2ed926c956ac,967e785d-d83c-490b-8d6a-2ed926c956ac,urn:acs.rfis:rfi:967e785d-d83c-490b-8d6a-2ed926c956ac/bb9665af-a15e-4e99-8e86-9e5464b23c45,501949064,group,2025-05-10 06:27:04.967182
65003882,bf996092-8d66-408a-8d8e-5065ca3330c2,967e785d-d83c-490b-8d6a-2ed926c956ac,967e785d-d83c-490b-8d6a-2ed926c956ac,urn:acs.rfis:rfi:967e785d-d83c-490b-8d6a-2ed926c956ac/bb9665af-a15e-4e99-8e86-9e5464b23c45,501949076,group,2025-05-10 06:27:04.967183
65003883,bf996092-8d66-408a-8d8e-5065ca3330c2,967e785d-d83c-490b-8d6a-2ed926c956ac,967e785d-d83c-490b-8d6a-2ed926c956ac,urn:acs.rfis:rfi:967e785d-d83c-490b-8d6a-2ed926c956ac/bb9665af-a15e-4e99-8e86-9e5464b23c45,501949068,group,2025-05-10 06:27:04.967184
65003884,bf996092-8d66-408a-8d8e-5065ca3330c2,967e785d-d83c-490b-8d6a-2ed926c956ac,967e785d-d83c-490b-8d6a-2ed926c956ac,urn:acs.rfis:rfi:967e785d-d83c-490b-8d6a-2ed926c956ac/bb9665af-a15e-4e99-8e86-9e5464b23c45,501949008,group,2025-05-10 06:27:04.967185
65003909,bf996092-8d66-408a-8d8e-5065ca3330c2,967e785d-d83c-490b-8d6a-2ed926c956ac,967e785d-d83c-490b-8d6a-2ed926c956ac,urn:acs.rfis:rfi:967e785d-d83c-490b-8d6a-2ed926c956ac/bb9665af-a15e-4e99-8e86-9e5464b23c45,S762NMGBKUB423MM,user,2025-05-10 06:27:04.96721
65003911,bf996092-8d66-408a-8d8e-5065ca3330c2,967e785d-d83c-490b-8d6a-2ed926c956ac,967e785d-d83c-490b-8d6a-2ed926c956ac,urn:acs.rfis:rfi:967e785d-d83c-490b-8d6a-2ed926c956ac/bb9665af-a15e-4e99-8e86-9e5464b23c45,G5LJ2CH9PRAMRT7X,user,2025-05-10 06:27:04.967212
65004373,bf996092-8d66-408a-8d8e-5065ca3330c2,967e785d-d83c-490b-8d6a-2ed926c956ac,967e785d-d83c-490b-8d6a-2ed926c956ac,urn:acs.rfis:rfi:967e785d-d83c-490b-8d6a-2ed926c956ac/bb9665af-a15e-4e99-8e86-9e5464b23c45,DQ72WAMCK3PT3T58,user,2025-05-10 07:18:40.328414
65004374,bf996092-8d66-408a-8d8e-5065ca3330c2,967e785d-d83c-490b-8d6a-2ed926c956ac,967e785d-d83c-490b-8d6a-2ed926c956ac,urn:acs.rfis:rfi:967e785d-d83c-490b-8d6a-2ed926c956ac/bb9665af-a15e-4e99-8e86-9e5464b23c45,CMJ2N3U8MSMRM8ZA,user,2025-05-10 07:18:40.328418
65004375,bf996092-8d66-408a-8d8e-5065ca3330c2,967e785d-d83c-490b-8d6a-2ed926c956ac,967e785d-d83c-490b-8d6a-2ed926c956ac,urn:acs.rfis:rfi:967e785d-d83c-490b-8d6a-2ed926c956ac/bb9665af-a15e-4e99-8e86-9e5464b23c45,Y2W2RXA2P4MPP325,user,2025-05-10 07:18:40.328419
65219635,bf996092-8d66-408a-8d8e-5065ca3330c2,967e785d-d83c-490b-8d6a-2ed926c956ac,967e785d-d83c-490b-8d6a-2ed926c956ac,urn:acs.rfis:rfi:967e785d-d83c-490b-8d6a-2ed926c956ac/b6c962b1-dc41-4ce0-a21f-9bbfcfbea40a,501949008,group,2025-05-14 09:52:33.874546
65219636,bf996092-8d66-408a-8d8e-5065ca3330c2,967e785d-d83c-490b-8d6a-2ed926c956ac,967e785d-d83c-490b-8d6a-2ed926c956ac,urn:acs.rfis:rfi:967e785d-d83c-490b-8d6a-2ed926c956ac/b6c962b1-dc41-4ce0-a21f-9bbfcfbea40a,501949044,group,2025-05-14 09:52:33.874549
65219637,bf996092-8d66-408a-8d8e-5065ca3330c2,967e785d-d83c-490b-8d6a-2ed926c956ac,967e785d-d83c-490b-8d6a-2ed926c956ac,urn:acs.rfis:rfi:967e785d-d83c-490b-8d6a-2ed926c956ac/b6c962b1-dc41-4ce0-a21f-9bbfcfbea40a,501949039,group,2025-05-14 09:52:33.874551
65219638,bf996092-8d66-408a-8d8e-5065ca3330c2,967e785d-d83c-490b-8d6a-2ed926c956ac,967e785d-d83c-490b-8d6a-2ed926c956ac,urn:acs.rfis:rfi:967e785d-d83c-490b-8d6a-2ed926c956ac/b6c962b1-dc41-4ce0-a21f-9bbfcfbea40a,501949045,group,2025-05-14 09:52:33.874552
65219639,bf996092-8d66-408a-8d8e-5065ca3330c2,967e785d-d83c-490b-8d6a-2ed926c956ac,967e785d-d83c-490b-8d6a-2ed926c956ac,urn:acs.rfis:rfi:967e785d-d83c-490b-8d6a-2ed926c956ac/b6c962b1-dc41-4ce0-a21f-9bbfcfbea40a,501949122,group,2025-05-14 09:52:33.874553
65219640,bf996092-8d66-408a-8d8e-5065ca3330c2,967e785d-d83c-490b-8d6a-2ed926c956ac,967e785d-d83c-490b-8d6a-2ed926c956ac,urn:acs.rfis:rfi:967e785d-d83c-490b-8d6a-2ed926c956ac/b6c962b1-dc41-4ce0-a21f-9bbfcfbea40a,501949120,group,2025-05-14 09:52:33.874554
65219641,bf996092-8d66-408a-8d8e-5065ca3330c2,967e785d-d83c-490b-8d6a-2ed926c956ac,967e785d-d83c-490b-8d6a-2ed926c956ac,urn:acs.rfis:rfi:967e785d-d83c-490b-8d6a-2ed926c956ac/b6c962b1-dc41-4ce0-a21f-9bbfcfbea40a,501949042,group,2025-05-14 09:52:33.874555
65219642,bf996092-8d66-408a-8d8e-5065ca3330c2,967e785d-d83c-490b-8d6a-2ed926c956ac,967e785d-d83c-490b-8d6a-2ed926c956ac,urn:acs.rfis:rfi:967e785d-d83c-490b-8d6a-2ed926c956ac/b6c962b1-dc41-4ce0-a21f-9bbfcfbea40a,501949040,group,2025-05-14 09:52:33.874556
65219643,bf996092-8d66-408a-8d8e-5065ca3330c2,967e785d-d83c-490b-8d6a-2ed926c956ac,967e785d-d83c-490b-8d6a-2ed926c956ac,urn:acs.rfis:rfi:967e785d-d83c-490b-8d6a-2ed926c956ac/b6c962b1-dc41-4ce0-a21f-9bbfcfbea40a,501949041,group,2025-05-14 09:52:33.874556
65219644,bf996092-8d66-408a-8d8e-5065ca3330c2,967e785d-d83c-490b-8d6a-2ed926c956ac,967e785d-d83c-490b-8d6a-2ed926c956ac,urn:acs.rfis:rfi:967e785d-d83c-490b-8d6a-2ed926c956ac/b6c962b1-dc41-4ce0-a21f-9bbfcfbea40a,501949118,group,2025-05-14 09:52:33.874557
65219645,bf996092-8d66-408a-8d8e-5065ca3330c2,967e785d-d83c-490b-8d6a-2ed926c956ac,967e785d-d83c-490b-8d6a-2ed926c956ac,urn:acs.rfis:rfi:967e785d-d83c-490b-8d6a-2ed926c956ac/b6c962b1-dc41-4ce0-a21f-9bbfcfbea40a,501949054,group,2025-05-14 09:52:33.874558
65219646,bf996092-8d66-408a-8d8e-5065ca3330c2,967e785d-d83c-490b-8d6a-2ed926c956ac,967e785d-d83c-490b-8d6a-2ed926c956ac,urn:acs.rfis:rfi:967e785d-d83c-490b-8d6a-2ed926c956ac/b6c962b1-dc41-4ce0-a21f-9bbfcfbea40a,501949056,group,2025-05-14 09:52:33.87456
65219647,bf996092-8d66-408a-8d8e-5065ca3330c2,967e785d-d83c-490b-8d6a-2ed926c956ac,967e785d-d83c-490b-8d6a-2ed926c956ac,urn:acs.rfis:rfi:967e785d-d83c-490b-8d6a-2ed926c956ac/b6c962b1-dc41-4ce0-a21f-9bbfcfbea40a,501949035,group,2025-05-14 09:52:33.87456
65219648,bf996092-8d66-408a-8d8e-5065ca3330c2,967e785d-d83c-490b-8d6a-2ed926c956ac,967e785d-d83c-490b-8d6a-2ed926c956ac,urn:acs.rfis:rfi:967e785d-d83c-490b-8d6a-2ed926c956ac/b6c962b1-dc41-4ce0-a21f-9bbfcfbea40a,501949043,group,2025-05-14 09:52:33.874561
65219649,bf996092-8d66-408a-8d8e-5065ca3330c2,967e785d-d83c-490b-8d6a-2ed926c956ac,967e785d-d83c-490b-8d6a-2ed926c956ac,urn:acs.rfis:rfi:967e785d-d83c-490b-8d6a-2ed926c956ac/b6c962b1-dc41-4ce0-a21f-9bbfcfbea40a,501949036,group,2025-05-14 09:52:33.874562
65219650,bf996092-8d66-408a-8d8e-5065ca3330c2,967e785d-d83c-490b-8d6a-2ed926c956ac,967e785d-d83c-490b-8d6a-2ed926c956ac,urn:acs.rfis:rfi:967e785d-d83c-490b-8d6a-2ed926c956ac/b6c962b1-dc41-4ce0-a21f-9bbfcfbea40a,501949047,group,2025-05-14 09:52:33.874563
65219651,bf996092-8d66-408a-8d8e-5065ca3330c2,967e785d-d83c-490b-8d6a-2ed926c956ac,967e785d-d83c-490b-8d6a-2ed926c956ac,urn:acs.rfis:rfi:967e785d-d83c-490b-8d6a-2ed926c956ac/b6c962b1-dc41-4ce0-a21f-9bbfcfbea40a,501949086,group,2025-05-14 09:52:33.874564
65219652,bf996092-8d66-408a-8d8e-5065ca3330c2,967e785d-d83c-490b-8d6a-2ed926c956ac,967e785d-d83c-490b-8d6a-2ed926c956ac,urn:acs.rfis:rfi:967e785d-d83c-490b-8d6a-2ed926c956ac/b6c962b1-dc41-4ce0-a21f-9bbfcfbea40a,501949084,group,2025-05-14 09:52:33.874565
65219653,bf996092-8d66-408a-8d8e-5065ca3330c2,967e785d-d83c-490b-8d6a-2ed926c956ac,967e785d-d83c-490b-8d6a-2ed926c956ac,urn:acs.rfis:rfi:967e785d-d83c-490b-8d6a-2ed926c956ac/b6c962b1-dc41-4ce0-a21f-9bbfcfbea40a,501949088,group,2025-05-14 09:52:33.874567
65219654,bf996092-8d66-408a-8d8e-5065ca3330c2,967e785d-d83c-490b-8d6a-2ed926c956ac,967e785d-d83c-490b-8d6a-2ed926c956ac,urn:acs.rfis:rfi:967e785d-d83c-490b-8d6a-2ed926c956ac/b6c962b1-dc41-4ce0-a21f-9bbfcfbea40a,501949089,group,2025-05-14 09:52:33.874568
65219655,bf996092-8d66-408a-8d8e-5065ca3330c2,967e785d-d83c-490b-8d6a-2ed926c956ac,967e785d-d83c-490b-8d6a-2ed926c956ac,urn:acs.rfis:rfi:967e785d-d83c-490b-8d6a-2ed926c956ac/b6c962b1-dc41-4ce0-a21f-9bbfcfbea40a,501949037,group,2025-05-14 09:52:33.874569
65219656,bf996092-8d66-408a-8d8e-5065ca3330c2,967e785d-d83c-490b-8d6a-2ed926c956ac,967e785d-d83c-490b-8d6a-2ed926c956ac,urn:acs.rfis:rfi:967e785d-d83c-490b-8d6a-2ed926c956ac/b6c962b1-dc41-4ce0-a21f-9bbfcfbea40a,501949057,group,2025-05-14 09:52:33.87457
65219657,bf996092-8d66-408a-8d8e-5065ca3330c2,967e785d-d83c-490b-8d6a-2ed926c956ac,967e785d-d83c-490b-8d6a-2ed926c956ac,urn:acs.rfis:rfi:967e785d-d83c-490b-8d6a-2ed926c956ac/b6c962b1-dc41-4ce0-a21f-9bbfcfbea40a,501949091,group,2025-05-14 09:52:33.874572
65219658,bf996092-8d66-408a-8d8e-5065ca3330c2,967e785d-d83c-490b-8d6a-2ed926c956ac,967e785d-d83c-490b-8d6a-2ed926c956ac,urn:acs.rfis:rfi:967e785d-d83c-490b-8d6a-2ed926c956ac/b6c962b1-dc41-4ce0-a21f-9bbfcfbea40a,501949085,group,2025-05-14 09:52:33.874573
65219659,bf996092-8d66-408a-8d8e-5065ca3330c2,967e785d-d83c-490b-8d6a-2ed926c956ac,967e785d-d83c-490b-8d6a-2ed926c956ac,urn:acs.rfis:rfi:967e785d-d83c-490b-8d6a-2ed926c956ac/b6c962b1-dc41-4ce0-a21f-9bbfcfbea40a,501949038,group,2025-05-14 09:52:33.874574
65219660,bf996092-8d66-408a-8d8e-5065ca3330c2,967e785d-d83c-490b-8d6a-2ed926c956ac,967e785d-d83c-490b-8d6a-2ed926c956ac,urn:acs.rfis:rfi:967e785d-d83c-490b-8d6a-2ed926c956ac/b6c962b1-dc41-4ce0-a21f-9bbfcfbea40a,501949055,group,2025-05-14 09:52:33.874575
65219661,bf996092-8d66-408a-8d8e-5065ca3330c2,967e785d-d83c-490b-8d6a-2ed926c956ac,967e785d-d83c-490b-8d6a-2ed926c956ac,urn:acs.rfis:rfi:967e785d-d83c-490b-8d6a-2ed926c956ac/b6c962b1-dc41-4ce0-a21f-9bbfcfbea40a,501949050,group,2025-05-14 09:52:33.874576
65219662,bf996092-8d66-408a-8d8e-5065ca3330c2,967e785d-d83c-490b-8d6a-2ed926c956ac,967e785d-d83c-490b-8d6a-2ed926c956ac,urn:acs.rfis:rfi:967e785d-d83c-490b-8d6a-2ed926c956ac/b6c962b1-dc41-4ce0-a21f-9bbfcfbea40a,501949062,group,2025-05-14 09:52:33.874577
65219663,bf996092-8d66-408a-8d8e-5065ca3330c2,967e785d-d83c-490b-8d6a-2ed926c956ac,967e785d-d83c-490b-8d6a-2ed926c956ac,urn:acs.rfis:rfi:967e785d-d83c-490b-8d6a-2ed926c956ac/b6c962b1-dc41-4ce0-a21f-9bbfcfbea40a,501949065,group,2025-05-14 09:52:33.874578
65219664,bf996092-8d66-408a-8d8e-5065ca3330c2,967e785d-d83c-490b-8d6a-2ed926c956ac,967e785d-d83c-490b-8d6a-2ed926c956ac,urn:acs.rfis:rfi:967e785d-d83c-490b-8d6a-2ed926c956ac/b6c962b1-dc41-4ce0-a21f-9bbfcfbea40a,501949067,group,2025-05-14 09:52:33.874579
65219665,bf996092-8d66-408a-8d8e-5065ca3330c2,967e785d-d83c-490b-8d6a-2ed926c956ac,967e785d-d83c-490b-8d6a-2ed926c956ac,urn:acs.rfis:rfi:967e785d-d83c-490b-8d6a-2ed926c956ac/b6c962b1-dc41-4ce0-a21f-9bbfcfbea40a,501949075,group,2025-05-14 09:52:33.87458
65219666,bf996092-8d66-408a-8d8e-5065ca3330c2,967e785d-d83c-490b-8d6a-2ed926c956ac,967e785d-d83c-490b-8d6a-2ed926c956ac,urn:acs.rfis:rfi:967e785d-d83c-490b-8d6a-2ed926c956ac/b6c962b1-dc41-4ce0-a21f-9bbfcfbea40a,501949064,group,2025-05-14 09:52:33.874581
65219667,bf996092-8d66-408a-8d8e-5065ca3330c2,967e785d-d83c-490b-8d6a-2ed926c956ac,967e785d-d83c-490b-8d6a-2ed926c956ac,urn:acs.rfis:rfi:967e785d-d83c-490b-8d6a-2ed926c956ac/b6c962b1-dc41-4ce0-a21f-9bbfcfbea40a,501949076,group,2025-05-14 09:52:33.874582
65219668,bf996092-8d66-408a-8d8e-5065ca3330c2,967e785d-d83c-490b-8d6a-2ed926c956ac,967e785d-d83c-490b-8d6a-2ed926c956ac,urn:acs.rfis:rfi:967e785d-d83c-490b-8d6a-2ed926c956ac/b6c962b1-dc41-4ce0-a21f-9bbfcfbea40a,501949068,group,2025-05-14 09:52:33.874583
65219669,bf996092-8d66-408a-8d8e-5065ca3330c2,967e785d-d83c-490b-8d6a-2ed926c956ac,967e785d-d83c-490b-8d6a-2ed926c956ac,urn:acs.rfis:rfi:967e785d-d83c-490b-8d6a-2ed926c956ac/b6c962b1-dc41-4ce0-a21f-9bbfcfbea40a,CMJ2N3U8MSMRM8ZA,user,2025-05-14 09:52:33.874584
65219670,bf996092-8d66-408a-8d8e-5065ca3330c2,967e785d-d83c-490b-8d6a-2ed926c956ac,967e785d-d83c-490b-8d6a-2ed926c956ac,urn:acs.rfis:rfi:967e785d-d83c-490b-8d6a-2ed926c956ac/122c766e-4a34-4a13-8641-637176d1ce2c,501949008,group,2025-05-14 09:53:06.867084
65219671,bf996092-8d66-408a-8d8e-5065ca3330c2,967e785d-d83c-490b-8d6a-2ed926c956ac,967e785d-d83c-490b-8d6a-2ed926c956ac,urn:acs.rfis:rfi:967e785d-d83c-490b-8d6a-2ed926c956ac/122c766e-4a34-4a13-8641-637176d1ce2c,501949044,group,2025-05-14 09:53:06.867088
65219672,bf996092-8d66-408a-8d8e-5065ca3330c2,967e785d-d83c-490b-8d6a-2ed926c956ac,967e785d-d83c-490b-8d6a-2ed926c956ac,urn:acs.rfis:rfi:967e785d-d83c-490b-8d6a-2ed926c956ac/122c766e-4a34-4a13-8641-637176d1ce2c,501949039,group,2025-05-14 09:53:06.867089
65219673,bf996092-8d66-408a-8d8e-5065ca3330c2,967e785d-d83c-490b-8d6a-2ed926c956ac,967e785d-d83c-490b-8d6a-2ed926c956ac,urn:acs.rfis:rfi:967e785d-d83c-490b-8d6a-2ed926c956ac/122c766e-4a34-4a13-8641-637176d1ce2c,501949045,group,2025-05-14 09:53:06.86709
65219674,bf996092-8d66-408a-8d8e-5065ca3330c2,967e785d-d83c-490b-8d6a-2ed926c956ac,967e785d-d83c-490b-8d6a-2ed926c956ac,urn:acs.rfis:rfi:967e785d-d83c-490b-8d6a-2ed926c956ac/122c766e-4a34-4a13-8641-637176d1ce2c,501949122,group,2025-05-14 09:53:06.867091
65219675,bf996092-8d66-408a-8d8e-5065ca3330c2,967e785d-d83c-490b-8d6a-2ed926c956ac,967e785d-d83c-490b-8d6a-2ed926c956ac,urn:acs.rfis:rfi:967e785d-d83c-490b-8d6a-2ed926c956ac/122c766e-4a34-4a13-8641-637176d1ce2c,501949120,group,2025-05-14 09:53:06.867092
65219676,bf996092-8d66-408a-8d8e-5065ca3330c2,967e785d-d83c-490b-8d6a-2ed926c956ac,967e785d-d83c-490b-8d6a-2ed926c956ac,urn:acs.rfis:rfi:967e785d-d83c-490b-8d6a-2ed926c956ac/122c766e-4a34-4a13-8641-637176d1ce2c,501949042,group,2025-05-14 09:53:06.867093
65219677,bf996092-8d66-408a-8d8e-5065ca3330c2,967e785d-d83c-490b-8d6a-2ed926c956ac,967e785d-d83c-490b-8d6a-2ed926c956ac,urn:acs.rfis:rfi:967e785d-d83c-490b-8d6a-2ed926c956ac/122c766e-4a34-4a13-8641-637176d1ce2c,501949040,group,2025-05-14 09:53:06.867094
65219678,bf996092-8d66-408a-8d8e-5065ca3330c2,967e785d-d83c-490b-8d6a-2ed926c956ac,967e785d-d83c-490b-8d6a-2ed926c956ac,urn:acs.rfis:rfi:967e785d-d83c-490b-8d6a-2ed926c956ac/122c766e-4a34-4a13-8641-637176d1ce2c,501949041,group,2025-05-14 09:53:06.867095
65219679,bf996092-8d66-408a-8d8e-5065ca3330c2,967e785d-d83c-490b-8d6a-2ed926c956ac,967e785d-d83c-490b-8d6a-2ed926c956ac,urn:acs.rfis:rfi:967e785d-d83c-490b-8d6a-2ed926c956ac/122c766e-4a34-4a13-8641-637176d1ce2c,501949118,group,2025-05-14 09:53:06.867096
65219680,bf996092-8d66-408a-8d8e-5065ca3330c2,967e785d-d83c-490b-8d6a-2ed926c956ac,967e785d-d83c-490b-8d6a-2ed926c956ac,urn:acs.rfis:rfi:967e785d-d83c-490b-8d6a-2ed926c956ac/122c766e-4a34-4a13-8641-637176d1ce2c,501949054,group,2025-05-14 09:53:06.867096
65219681,bf996092-8d66-408a-8d8e-5065ca3330c2,967e785d-d83c-490b-8d6a-2ed926c956ac,967e785d-d83c-490b-8d6a-2ed926c956ac,urn:acs.rfis:rfi:967e785d-d83c-490b-8d6a-2ed926c956ac/122c766e-4a34-4a13-8641-637176d1ce2c,501949056,group,2025-05-14 09:53:06.867097
65219682,bf996092-8d66-408a-8d8e-5065ca3330c2,967e785d-d83c-490b-8d6a-2ed926c956ac,967e785d-d83c-490b-8d6a-2ed926c956ac,urn:acs.rfis:rfi:967e785d-d83c-490b-8d6a-2ed926c956ac/122c766e-4a34-4a13-8641-637176d1ce2c,501949035,group,2025-05-14 09:53:06.867098
65219683,bf996092-8d66-408a-8d8e-5065ca3330c2,967e785d-d83c-490b-8d6a-2ed926c956ac,967e785d-d83c-490b-8d6a-2ed926c956ac,urn:acs.rfis:rfi:967e785d-d83c-490b-8d6a-2ed926c956ac/122c766e-4a34-4a13-8641-637176d1ce2c,501949043,group,2025-05-14 09:53:06.867099
65219684,bf996092-8d66-408a-8d8e-5065ca3330c2,967e785d-d83c-490b-8d6a-2ed926c956ac,967e785d-d83c-490b-8d6a-2ed926c956ac,urn:acs.rfis:rfi:967e785d-d83c-490b-8d6a-2ed926c956ac/122c766e-4a34-4a13-8641-637176d1ce2c,501949036,group,2025-05-14 09:53:06.8671
65219685,bf996092-8d66-408a-8d8e-5065ca3330c2,967e785d-d83c-490b-8d6a-2ed926c956ac,967e785d-d83c-490b-8d6a-2ed926c956ac,urn:acs.rfis:rfi:967e785d-d83c-490b-8d6a-2ed926c956ac/122c766e-4a34-4a13-8641-637176d1ce2c,501949047,group,2025-05-14 09:53:06.867101
65219686,bf996092-8d66-408a-8d8e-5065ca3330c2,967e785d-d83c-490b-8d6a-2ed926c956ac,967e785d-d83c-490b-8d6a-2ed926c956ac,urn:acs.rfis:rfi:967e785d-d83c-490b-8d6a-2ed926c956ac/122c766e-4a34-4a13-8641-637176d1ce2c,501949086,group,2025-05-14 09:53:06.867102
65219687,bf996092-8d66-408a-8d8e-5065ca3330c2,967e785d-d83c-490b-8d6a-2ed926c956ac,967e785d-d83c-490b-8d6a-2ed926c956ac,urn:acs.rfis:rfi:967e785d-d83c-490b-8d6a-2ed926c956ac/122c766e-4a34-4a13-8641-637176d1ce2c,501949084,group,2025-05-14 09:53:06.867103
65219688,bf996092-8d66-408a-8d8e-5065ca3330c2,967e785d-d83c-490b-8d6a-2ed926c956ac,967e785d-d83c-490b-8d6a-2ed926c956ac,urn:acs.rfis:rfi:967e785d-d83c-490b-8d6a-2ed926c956ac/122c766e-4a34-4a13-8641-637176d1ce2c,501949088,group,2025-05-14 09:53:06.867104
65219689,bf996092-8d66-408a-8d8e-5065ca3330c2,967e785d-d83c-490b-8d6a-2ed926c956ac,967e785d-d83c-490b-8d6a-2ed926c956ac,urn:acs.rfis:rfi:967e785d-d83c-490b-8d6a-2ed926c956ac/122c766e-4a34-4a13-8641-637176d1ce2c,501949089,group,2025-05-14 09:53:06.867105
65219690,bf996092-8d66-408a-8d8e-5065ca3330c2,967e785d-d83c-490b-8d6a-2ed926c956ac,967e785d-d83c-490b-8d6a-2ed926c956ac,urn:acs.rfis:rfi:967e785d-d83c-490b-8d6a-2ed926c956ac/122c766e-4a34-4a13-8641-637176d1ce2c,501949037,group,2025-05-14 09:53:06.867106
65219691,bf996092-8d66-408a-8d8e-5065ca3330c2,967e785d-d83c-490b-8d6a-2ed926c956ac,967e785d-d83c-490b-8d6a-2ed926c956ac,urn:acs.rfis:rfi:967e785d-d83c-490b-8d6a-2ed926c956ac/122c766e-4a34-4a13-8641-637176d1ce2c,501949057,group,2025-05-14 09:53:06.867107
65219692,bf996092-8d66-408a-8d8e-5065ca3330c2,967e785d-d83c-490b-8d6a-2ed926c956ac,967e785d-d83c-490b-8d6a-2ed926c956ac,urn:acs.rfis:rfi:967e785d-d83c-490b-8d6a-2ed926c956ac/122c766e-4a34-4a13-8641-637176d1ce2c,501949091,group,2025-05-14 09:53:06.867108
65219693,bf996092-8d66-408a-8d8e-5065ca3330c2,967e785d-d83c-490b-8d6a-2ed926c956ac,967e785d-d83c-490b-8d6a-2ed926c956ac,urn:acs.rfis:rfi:967e785d-d83c-490b-8d6a-2ed926c956ac/122c766e-4a34-4a13-8641-637176d1ce2c,501949085,group,2025-05-14 09:53:06.867109
65219694,bf996092-8d66-408a-8d8e-5065ca3330c2,967e785d-d83c-490b-8d6a-2ed926c956ac,967e785d-d83c-490b-8d6a-2ed926c956ac,urn:acs.rfis:rfi:967e785d-d83c-490b-8d6a-2ed926c956ac/122c766e-4a34-4a13-8641-637176d1ce2c,501949038,group,2025-05-14 09:53:06.86711
65219695,bf996092-8d66-408a-8d8e-5065ca3330c2,967e785d-d83c-490b-8d6a-2ed926c956ac,967e785d-d83c-490b-8d6a-2ed926c956ac,urn:acs.rfis:rfi:967e785d-d83c-490b-8d6a-2ed926c956ac/122c766e-4a34-4a13-8641-637176d1ce2c,501949055,group,2025-05-14 09:53:06.867111
65219696,bf996092-8d66-408a-8d8e-5065ca3330c2,967e785d-d83c-490b-8d6a-2ed926c956ac,967e785d-d83c-490b-8d6a-2ed926c956ac,urn:acs.rfis:rfi:967e785d-d83c-490b-8d6a-2ed926c956ac/122c766e-4a34-4a13-8641-637176d1ce2c,501949050,group,2025-05-14 09:53:06.867112
65219697,bf996092-8d66-408a-8d8e-5065ca3330c2,967e785d-d83c-490b-8d6a-2ed926c956ac,967e785d-d83c-490b-8d6a-2ed926c956ac,urn:acs.rfis:rfi:967e785d-d83c-490b-8d6a-2ed926c956ac/122c766e-4a34-4a13-8641-637176d1ce2c,501949062,group,2025-05-14 09:53:06.867114
65219698,bf996092-8d66-408a-8d8e-5065ca3330c2,967e785d-d83c-490b-8d6a-2ed926c956ac,967e785d-d83c-490b-8d6a-2ed926c956ac,urn:acs.rfis:rfi:967e785d-d83c-490b-8d6a-2ed926c956ac/122c766e-4a34-4a13-8641-637176d1ce2c,501949065,group,2025-05-14 09:53:06.867115
65219699,bf996092-8d66-408a-8d8e-5065ca3330c2,967e785d-d83c-490b-8d6a-2ed926c956ac,967e785d-d83c-490b-8d6a-2ed926c956ac,urn:acs.rfis:rfi:967e785d-d83c-490b-8d6a-2ed926c956ac/122c766e-4a34-4a13-8641-637176d1ce2c,501949067,group,2025-05-14 09:53:06.867116
65219700,bf996092-8d66-408a-8d8e-5065ca3330c2,967e785d-d83c-490b-8d6a-2ed926c956ac,967e785d-d83c-490b-8d6a-2ed926c956ac,urn:acs.rfis:rfi:967e785d-d83c-490b-8d6a-2ed926c956ac/122c766e-4a34-4a13-8641-637176d1ce2c,501949075,group,2025-05-14 09:53:06.867117
65219701,bf996092-8d66-408a-8d8e-5065ca3330c2,967e785d-d83c-490b-8d6a-2ed926c956ac,967e785d-d83c-490b-8d6a-2ed926c956ac,urn:acs.rfis:rfi:967e785d-d83c-490b-8d6a-2ed926c956ac/122c766e-4a34-4a13-8641-637176d1ce2c,501949064,group,2025-05-14 09:53:06.867117
65219702,bf996092-8d66-408a-8d8e-5065ca3330c2,967e785d-d83c-490b-8d6a-2ed926c956ac,967e785d-d83c-490b-8d6a-2ed926c956ac,urn:acs.rfis:rfi:967e785d-d83c-490b-8d6a-2ed926c956ac/122c766e-4a34-4a13-8641-637176d1ce2c,501949076,group,2025-05-14 09:53:06.867118
65219703,bf996092-8d66-408a-8d8e-5065ca3330c2,967e785d-d83c-490b-8d6a-2ed926c956ac,967e785d-d83c-490b-8d6a-2ed926c956ac,urn:acs.rfis:rfi:967e785d-d83c-490b-8d6a-2ed926c956ac/122c766e-4a34-4a13-8641-637176d1ce2c,501949068,group,2025-05-14 09:53:06.867119
65219704,bf996092-8d66-408a-8d8e-5065ca3330c2,967e785d-d83c-490b-8d6a-2ed926c956ac,967e785d-d83c-490b-8d6a-2ed926c956ac,urn:acs.rfis:rfi:967e785d-d83c-490b-8d6a-2ed926c956ac/122c766e-4a34-4a13-8641-637176d1ce2c,CMJ2N3U8MSMRM8ZA,user,2025-05-14 09:53:06.86712
65221763,bf996092-8d66-408a-8d8e-5065ca3330c2,ada6015d-9fce-4f2c-b20f-fc9122d2face,ada6015d-9fce-4f2c-b20f-fc9122d2face,urn:acs.rfis:rfi:ada6015d-9fce-4f2c-b20f-fc9122d2face/bfaf378f-5271-4593-8374-2d1495aacea0,YEYJGRGXQH2X5DAY,user,2025-05-14 11:27:38.986829
65221764,bf996092-8d66-408a-8d8e-5065ca3330c2,ada6015d-9fce-4f2c-b20f-fc9122d2face,ada6015d-9fce-4f2c-b20f-fc9122d2face,urn:acs.rfis:rfi:ada6015d-9fce-4f2c-b20f-fc9122d2face/bfaf378f-5271-4593-8374-2d1495aacea0,EHAJMY6KJEY6BP5Y,user,2025-05-14 11:27:38.986831
65221765,bf996092-8d66-408a-8d8e-5065ca3330c2,ada6015d-9fce-4f2c-b20f-fc9122d2face,ada6015d-9fce-4f2c-b20f-fc9122d2face,urn:acs.rfis:rfi:ada6015d-9fce-4f2c-b20f-fc9122d2face/bfaf378f-5271-4593-8374-2d1495aacea0,V9Q2X946QA52XTJG,user,2025-05-14 11:27:38.986833
65221766,bf996092-8d66-408a-8d8e-5065ca3330c2,ada6015d-9fce-4f2c-b20f-fc9122d2face,ada6015d-9fce-4f2c-b20f-fc9122d2face,urn:acs.rfis:rfi:ada6015d-9fce-4f2c-b20f-fc9122d2face/bfaf378f-5271-4593-8374-2d1495aacea0,Z3429E4KRUPBNHD4,user,2025-05-14 11:27:38.986834
65221767,bf996092-8d66-408a-8d8e-5065ca3330c2,ada6015d-9fce-4f2c-b20f-fc9122d2face,ada6015d-9fce-4f2c-b20f-fc9122d2face,urn:acs.rfis:rfi:ada6015d-9fce-4f2c-b20f-fc9122d2face/bfaf378f-5271-4593-8374-2d1495aacea0,ZK3JZTPXLBYUA53X,user,2025-05-14 11:27:38.986835
65221768,bf996092-8d66-408a-8d8e-5065ca3330c2,ada6015d-9fce-4f2c-b20f-fc9122d2face,ada6015d-9fce-4f2c-b20f-fc9122d2face,urn:acs.rfis:rfi:ada6015d-9fce-4f2c-b20f-fc9122d2face/bfaf378f-5271-4593-8374-2d1495aacea0,CMJ2N3U8MSMRM8ZA,user,2025-05-14 11:27:38.986836
65221769,bf996092-8d66-408a-8d8e-5065ca3330c2,ada6015d-9fce-4f2c-b20f-fc9122d2face,ada6015d-9fce-4f2c-b20f-fc9122d2face,urn:acs.rfis:rfi:ada6015d-9fce-4f2c-b20f-fc9122d2face/bfaf378f-5271-4593-8374-2d1495aacea0,490203438,group,2025-05-14 11:27:38.986838
65221770,bf996092-8d66-408a-8d8e-5065ca3330c2,ada6015d-9fce-4f2c-b20f-fc9122d2face,ada6015d-9fce-4f2c-b20f-fc9122d2face,urn:acs.rfis:rfi:ada6015d-9fce-4f2c-b20f-fc9122d2face/bfaf378f-5271-4593-8374-2d1495aacea0,490203402,group,2025-05-14 11:27:38.986839
70085252,bf996092-8d66-408a-8d8e-5065ca3330c2,967e785d-d83c-490b-8d6a-2ed926c956ac,967e785d-d83c-490b-8d6a-2ed926c956ac,urn:acs.rfis:rfi:967e785d-d83c-490b-8d6a-2ed926c956ac/2446521d-2a01-483c-9946-10b851691706,501949008,group,2025-07-28 13:07:37.394572
70085253,bf996092-8d66-408a-8d8e-5065ca3330c2,967e785d-d83c-490b-8d6a-2ed926c956ac,967e785d-d83c-490b-8d6a-2ed926c956ac,urn:acs.rfis:rfi:967e785d-d83c-490b-8d6a-2ed926c956ac/2446521d-2a01-483c-9946-10b851691706,501949038,group,2025-07-28 13:07:37.394576
70085254,bf996092-8d66-408a-8d8e-5065ca3330c2,967e785d-d83c-490b-8d6a-2ed926c956ac,967e785d-d83c-490b-8d6a-2ed926c956ac,urn:acs.rfis:rfi:967e785d-d83c-490b-8d6a-2ed926c956ac/2446521d-2a01-483c-9946-10b851691706,501949062,group,2025-07-28 13:07:37.394578
70085255,bf996092-8d66-408a-8d8e-5065ca3330c2,967e785d-d83c-490b-8d6a-2ed926c956ac,967e785d-d83c-490b-8d6a-2ed926c956ac,urn:acs.rfis:rfi:967e785d-d83c-490b-8d6a-2ed926c956ac/2446521d-2a01-483c-9946-10b851691706,501949065,group,2025-07-28 13:07:37.394579
70085256,bf996092-8d66-408a-8d8e-5065ca3330c2,967e785d-d83c-490b-8d6a-2ed926c956ac,967e785d-d83c-490b-8d6a-2ed926c956ac,urn:acs.rfis:rfi:967e785d-d83c-490b-8d6a-2ed926c956ac/2446521d-2a01-483c-9946-10b851691706,501949067,group,2025-07-28 13:07:37.39458
70085257,bf996092-8d66-408a-8d8e-5065ca3330c2,967e785d-d83c-490b-8d6a-2ed926c956ac,967e785d-d83c-490b-8d6a-2ed926c956ac,urn:acs.rfis:rfi:967e785d-d83c-490b-8d6a-2ed926c956ac/2446521d-2a01-483c-9946-10b851691706,501949075,group,2025-07-28 13:07:37.394581
70085258,bf996092-8d66-408a-8d8e-5065ca3330c2,967e785d-d83c-490b-8d6a-2ed926c956ac,967e785d-d83c-490b-8d6a-2ed926c956ac,urn:acs.rfis:rfi:967e785d-d83c-490b-8d6a-2ed926c956ac/2446521d-2a01-483c-9946-10b851691706,501949064,group,2025-07-28 13:07:37.394582
70085259,bf996092-8d66-408a-8d8e-5065ca3330c2,967e785d-d83c-490b-8d6a-2ed926c956ac,967e785d-d83c-490b-8d6a-2ed926c956ac,urn:acs.rfis:rfi:967e785d-d83c-490b-8d6a-2ed926c956ac/2446521d-2a01-483c-9946-10b851691706,501949076,group,2025-07-28 13:07:37.394583
70085260,bf996092-8d66-408a-8d8e-5065ca3330c2,967e785d-d83c-490b-8d6a-2ed926c956ac,967e785d-d83c-490b-8d6a-2ed926c956ac,urn:acs.rfis:rfi:967e785d-d83c-490b-8d6a-2ed926c956ac/2446521d-2a01-483c-9946-10b851691706,501949068,group,2025-07-28 13:07:37.394584
65685597,bf996092-8d66-408a-8d8e-5065ca3330c2,967e785d-d83c-490b-8d6a-2ed926c956ac,967e785d-d83c-490b-8d6a-2ed926c956ac,urn:acs.rfis:rfi:967e785d-d83c-490b-8d6a-2ed926c956ac/bb9665af-a15e-4e99-8e86-9e5464b23c45,501949007,group,2025-05-21 12:31:26.188604
67642087,bf996092-8d66-408a-8d8e-5065ca3330c2,ada6015d-9fce-4f2c-b20f-fc9122d2face,ada6015d-9fce-4f2c-b20f-fc9122d2face,urn:acs.rfis:rfi:ada6015d-9fce-4f2c-b20f-fc9122d2face/7282e0b3-873b-4574-bd2c-3fc97d553ee9,Z3429E4KRUPBNHD4,user,2025-06-20 12:34:20.322543
67642088,bf996092-8d66-408a-8d8e-5065ca3330c2,ada6015d-9fce-4f2c-b20f-fc9122d2face,ada6015d-9fce-4f2c-b20f-fc9122d2face,urn:acs.rfis:rfi:ada6015d-9fce-4f2c-b20f-fc9122d2face/7282e0b3-873b-4574-bd2c-3fc97d553ee9,ZK3JZTPXLBYUA53X,user,2025-06-20 12:34:20.322547
67642089,bf996092-8d66-408a-8d8e-5065ca3330c2,ada6015d-9fce-4f2c-b20f-fc9122d2face,ada6015d-9fce-4f2c-b20f-fc9122d2face,urn:acs.rfis:rfi:ada6015d-9fce-4f2c-b20f-fc9122d2face/7282e0b3-873b-4574-bd2c-3fc97d553ee9,490203428,group,2025-06-20 12:34:20.322548
67642090,bf996092-8d66-408a-8d8e-5065ca3330c2,ada6015d-9fce-4f2c-b20f-fc9122d2face,ada6015d-9fce-4f2c-b20f-fc9122d2face,urn:acs.rfis:rfi:ada6015d-9fce-4f2c-b20f-fc9122d2face/7282e0b3-873b-4574-bd2c-3fc97d553ee9,490203402,group,2025-06-20 12:34:20.322549
67642103,bf996092-8d66-408a-8d8e-5065ca3330c2,ada6015d-9fce-4f2c-b20f-fc9122d2face,ada6015d-9fce-4f2c-b20f-fc9122d2face,urn:acs.rfis:rfi:ada6015d-9fce-4f2c-b20f-fc9122d2face/7282e0b3-873b-4574-bd2c-3fc97d553ee9,490203399,group,2025-06-20 12:35:21.074796
69046440,bf996092-8d66-408a-8d8e-5065ca3330c2,967e785d-d83c-490b-8d6a-2ed926c956ac,967e785d-d83c-490b-8d6a-2ed926c956ac,urn:acs.rfis:rfi:967e785d-d83c-490b-8d6a-2ed926c956ac/fcdfb5a9-1e9c-4797-afb5-46f7615f2e46,MXG2L5VEMSKN8SVN,user,2025-07-13 07:00:38.109884
69046441,bf996092-8d66-408a-8d8e-5065ca3330c2,967e785d-d83c-490b-8d6a-2ed926c956ac,967e785d-d83c-490b-8d6a-2ed926c956ac,urn:acs.rfis:rfi:967e785d-d83c-490b-8d6a-2ed926c956ac/fcdfb5a9-1e9c-4797-afb5-46f7615f2e46,KNL28BHPJJMCM75F,user,2025-07-13 07:00:38.109889
69046442,bf996092-8d66-408a-8d8e-5065ca3330c2,967e785d-d83c-490b-8d6a-2ed926c956ac,967e785d-d83c-490b-8d6a-2ed926c956ac,urn:acs.rfis:rfi:967e785d-d83c-490b-8d6a-2ed926c956ac/fcdfb5a9-1e9c-4797-afb5-46f7615f2e46,WK7J3NJWMTCK9UWQ,user,2025-07-13 07:00:38.109891
69046443,bf996092-8d66-408a-8d8e-5065ca3330c2,967e785d-d83c-490b-8d6a-2ed926c956ac,967e785d-d83c-490b-8d6a-2ed926c956ac,urn:acs.rfis:rfi:967e785d-d83c-490b-8d6a-2ed926c956ac/fcdfb5a9-1e9c-4797-afb5-46f7615f2e46,Y2W2RXA2P4MPP325,user,2025-07-13 07:00:38.109893
69046444,bf996092-8d66-408a-8d8e-5065ca3330c2,967e785d-d83c-490b-8d6a-2ed926c956ac,967e785d-d83c-490b-8d6a-2ed926c956ac,urn:acs.rfis:rfi:967e785d-d83c-490b-8d6a-2ed926c956ac/fcdfb5a9-1e9c-4797-afb5-46f7615f2e46,DQ72WAMCK3PT3T58,user,2025-07-13 07:00:38.109895
69046445,bf996092-8d66-408a-8d8e-5065ca3330c2,967e785d-d83c-490b-8d6a-2ed926c956ac,967e785d-d83c-490b-8d6a-2ed926c956ac,urn:acs.rfis:rfi:967e785d-d83c-490b-8d6a-2ed926c956ac/fcdfb5a9-1e9c-4797-afb5-46f7615f2e46,501949007,group,2025-07-13 07:00:38.109896
69046470,bf996092-8d66-408a-8d8e-5065ca3330c2,967e785d-d83c-490b-8d6a-2ed926c956ac,967e785d-d83c-490b-8d6a-2ed926c956ac,urn:acs.rfis:rfi:967e785d-d83c-490b-8d6a-2ed926c956ac/9442770e-e584-4ce9-87d8-309ec0e35dde,MXG2L5VEMSKN8SVN,user,2025-07-13 07:07:32.166379
69046471,bf996092-8d66-408a-8d8e-5065ca3330c2,967e785d-d83c-490b-8d6a-2ed926c956ac,967e785d-d83c-490b-8d6a-2ed926c956ac,urn:acs.rfis:rfi:967e785d-d83c-490b-8d6a-2ed926c956ac/9442770e-e584-4ce9-87d8-309ec0e35dde,KNL28BHPJJMCM75F,user,2025-07-13 07:07:32.166384
69046472,bf996092-8d66-408a-8d8e-5065ca3330c2,967e785d-d83c-490b-8d6a-2ed926c956ac,967e785d-d83c-490b-8d6a-2ed926c956ac,urn:acs.rfis:rfi:967e785d-d83c-490b-8d6a-2ed926c956ac/9442770e-e584-4ce9-87d8-309ec0e35dde,WK7J3NJWMTCK9UWQ,user,2025-07-13 07:07:32.166386
69046473,bf996092-8d66-408a-8d8e-5065ca3330c2,967e785d-d83c-490b-8d6a-2ed926c956ac,967e785d-d83c-490b-8d6a-2ed926c956ac,urn:acs.rfis:rfi:967e785d-d83c-490b-8d6a-2ed926c956ac/9442770e-e584-4ce9-87d8-309ec0e35dde,501949007,group,2025-07-13 07:07:32.166388
69173531,bf996092-8d66-408a-8d8e-5065ca3330c2,f679f4cf-c089-4a2b-9b84-b14129630601,f679f4cf-c089-4a2b-9b84-b14129630601,urn:acs.rfis:rfi:f679f4cf-c089-4a2b-9b84-b14129630601/edd56e40-575f-4677-9b28-55fe6b858745,YQH2SLPMM8Q48DDT,user,2025-07-15 09:13:44.988609
69173532,bf996092-8d66-408a-8d8e-5065ca3330c2,f679f4cf-c089-4a2b-9b84-b14129630601,f679f4cf-c089-4a2b-9b84-b14129630601,urn:acs.rfis:rfi:f679f4cf-c089-4a2b-9b84-b14129630601/edd56e40-575f-4677-9b28-55fe6b858745,WGZMNSNY5MBR,user,2025-07-15 09:13:44.988615
69173533,bf996092-8d66-408a-8d8e-5065ca3330c2,f679f4cf-c089-4a2b-9b84-b14129630601,f679f4cf-c089-4a2b-9b84-b14129630601,urn:acs.rfis:rfi:f679f4cf-c089-4a2b-9b84-b14129630601/edd56e40-575f-4677-9b28-55fe6b858745,3AJ2UBWNPMNWLHCM,user,2025-07-15 09:13:44.988618
69173534,bf996092-8d66-408a-8d8e-5065ca3330c2,f679f4cf-c089-4a2b-9b84-b14129630601,f679f4cf-c089-4a2b-9b84-b14129630601,urn:acs.rfis:rfi:f679f4cf-c089-4a2b-9b84-b14129630601/edd56e40-575f-4677-9b28-55fe6b858745,YJV2UM8AM54LC85B,user,2025-07-15 09:13:44.98862
69173535,bf996092-8d66-408a-8d8e-5065ca3330c2,f679f4cf-c089-4a2b-9b84-b14129630601,f679f4cf-c089-4a2b-9b84-b14129630601,urn:acs.rfis:rfi:f679f4cf-c089-4a2b-9b84-b14129630601/edd56e40-575f-4677-9b28-55fe6b858745,501989665,group,2025-07-15 09:13:44.988621
69480013,bf996092-8d66-408a-8d8e-5065ca3330c2,967e785d-d83c-490b-8d6a-2ed926c956ac,967e785d-d83c-490b-8d6a-2ed926c956ac,urn:acs.rfis:rfi:967e785d-d83c-490b-8d6a-2ed926c956ac/c1f224e8-c8d7-4d3e-9ca9-66288b4b943e,WK7J3NJWMTCK9UWQ,user,2025-07-18 08:33:01.822272
69480028,bf996092-8d66-408a-8d8e-5065ca3330c2,967e785d-d83c-490b-8d6a-2ed926c956ac,967e785d-d83c-490b-8d6a-2ed926c956ac,urn:acs.rfis:rfi:967e785d-d83c-490b-8d6a-2ed926c956ac/c1f224e8-c8d7-4d3e-9ca9-66288b4b943e,501949008,group,2025-07-18 08:33:57.365977
69480029,bf996092-8d66-408a-8d8e-5065ca3330c2,967e785d-d83c-490b-8d6a-2ed926c956ac,967e785d-d83c-490b-8d6a-2ed926c956ac,urn:acs.rfis:rfi:967e785d-d83c-490b-8d6a-2ed926c956ac/c1f224e8-c8d7-4d3e-9ca9-66288b4b943e,501949038,group,2025-07-18 08:33:57.36598
69480030,bf996092-8d66-408a-8d8e-5065ca3330c2,967e785d-d83c-490b-8d6a-2ed926c956ac,967e785d-d83c-490b-8d6a-2ed926c956ac,urn:acs.rfis:rfi:967e785d-d83c-490b-8d6a-2ed926c956ac/c1f224e8-c8d7-4d3e-9ca9-66288b4b943e,501949062,group,2025-07-18 08:33:57.365982
69480031,bf996092-8d66-408a-8d8e-5065ca3330c2,967e785d-d83c-490b-8d6a-2ed926c956ac,967e785d-d83c-490b-8d6a-2ed926c956ac,urn:acs.rfis:rfi:967e785d-d83c-490b-8d6a-2ed926c956ac/c1f224e8-c8d7-4d3e-9ca9-66288b4b943e,501949065,group,2025-07-18 08:33:57.365983
69480032,bf996092-8d66-408a-8d8e-5065ca3330c2,967e785d-d83c-490b-8d6a-2ed926c956ac,967e785d-d83c-490b-8d6a-2ed926c956ac,urn:acs.rfis:rfi:967e785d-d83c-490b-8d6a-2ed926c956ac/c1f224e8-c8d7-4d3e-9ca9-66288b4b943e,501949067,group,2025-07-18 08:33:57.365984
69480033,bf996092-8d66-408a-8d8e-5065ca3330c2,967e785d-d83c-490b-8d6a-2ed926c956ac,967e785d-d83c-490b-8d6a-2ed926c956ac,urn:acs.rfis:rfi:967e785d-d83c-490b-8d6a-2ed926c956ac/c1f224e8-c8d7-4d3e-9ca9-66288b4b943e,501949075,group,2025-07-18 08:33:57.365985
69480034,bf996092-8d66-408a-8d8e-5065ca3330c2,967e785d-d83c-490b-8d6a-2ed926c956ac,967e785d-d83c-490b-8d6a-2ed926c956ac,urn:acs.rfis:rfi:967e785d-d83c-490b-8d6a-2ed926c956ac/c1f224e8-c8d7-4d3e-9ca9-66288b4b943e,501949064,group,2025-07-18 08:33:57.365986
69480035,bf996092-8d66-408a-8d8e-5065ca3330c2,967e785d-d83c-490b-8d6a-2ed926c956ac,967e785d-d83c-490b-8d6a-2ed926c956ac,urn:acs.rfis:rfi:967e785d-d83c-490b-8d6a-2ed926c956ac/c1f224e8-c8d7-4d3e-9ca9-66288b4b943e,501949076,group,2025-07-18 08:33:57.365987
69480036,bf996092-8d66-408a-8d8e-5065ca3330c2,967e785d-d83c-490b-8d6a-2ed926c956ac,967e785d-d83c-490b-8d6a-2ed926c956ac,urn:acs.rfis:rfi:967e785d-d83c-490b-8d6a-2ed926c956ac/c1f224e8-c8d7-4d3e-9ca9-66288b4b943e,501949068,group,2025-07-18 08:33:57.365988
69480475,bf996092-8d66-408a-8d8e-5065ca3330c2,967e785d-d83c-490b-8d6a-2ed926c956ac,967e785d-d83c-490b-8d6a-2ed926c956ac,urn:acs.rfis:rfi:967e785d-d83c-490b-8d6a-2ed926c956ac/96a263f8-ed22-464e-91e0-cfa64dc3b89b,WK7J3NJWMTCK9UWQ,user,2025-07-18 08:54:55.049571
69480487,bf996092-8d66-408a-8d8e-5065ca3330c2,967e785d-d83c-490b-8d6a-2ed926c956ac,967e785d-d83c-490b-8d6a-2ed926c956ac,urn:acs.rfis:rfi:967e785d-d83c-490b-8d6a-2ed926c956ac/96a263f8-ed22-464e-91e0-cfa64dc3b89b,501949008,group,2025-07-18 08:55:09.142742
69480488,bf996092-8d66-408a-8d8e-5065ca3330c2,967e785d-d83c-490b-8d6a-2ed926c956ac,967e785d-d83c-490b-8d6a-2ed926c956ac,urn:acs.rfis:rfi:967e785d-d83c-490b-8d6a-2ed926c956ac/96a263f8-ed22-464e-91e0-cfa64dc3b89b,501949038,group,2025-07-18 08:55:09.142746
69480489,bf996092-8d66-408a-8d8e-5065ca3330c2,967e785d-d83c-490b-8d6a-2ed926c956ac,967e785d-d83c-490b-8d6a-2ed926c956ac,urn:acs.rfis:rfi:967e785d-d83c-490b-8d6a-2ed926c956ac/96a263f8-ed22-464e-91e0-cfa64dc3b89b,501949062,group,2025-07-18 08:55:09.142747
69480490,bf996092-8d66-408a-8d8e-5065ca3330c2,967e785d-d83c-490b-8d6a-2ed926c956ac,967e785d-d83c-490b-8d6a-2ed926c956ac,urn:acs.rfis:rfi:967e785d-d83c-490b-8d6a-2ed926c956ac/96a263f8-ed22-464e-91e0-cfa64dc3b89b,501949065,group,2025-07-18 08:55:09.142748
69480491,bf996092-8d66-408a-8d8e-5065ca3330c2,967e785d-d83c-490b-8d6a-2ed926c956ac,967e785d-d83c-490b-8d6a-2ed926c956ac,urn:acs.rfis:rfi:967e785d-d83c-490b-8d6a-2ed926c956ac/96a263f8-ed22-464e-91e0-cfa64dc3b89b,501949067,group,2025-07-18 08:55:09.142749
69480492,bf996092-8d66-408a-8d8e-5065ca3330c2,967e785d-d83c-490b-8d6a-2ed926c956ac,967e785d-d83c-490b-8d6a-2ed926c956ac,urn:acs.rfis:rfi:967e785d-d83c-490b-8d6a-2ed926c956ac/96a263f8-ed22-464e-91e0-cfa64dc3b89b,501949075,group,2025-07-18 08:55:09.14275
69480493,bf996092-8d66-408a-8d8e-5065ca3330c2,967e785d-d83c-490b-8d6a-2ed926c956ac,967e785d-d83c-490b-8d6a-2ed926c956ac,urn:acs.rfis:rfi:967e785d-d83c-490b-8d6a-2ed926c956ac/96a263f8-ed22-464e-91e0-cfa64dc3b89b,501949064,group,2025-07-18 08:55:09.142751
69480494,bf996092-8d66-408a-8d8e-5065ca3330c2,967e785d-d83c-490b-8d6a-2ed926c956ac,967e785d-d83c-490b-8d6a-2ed926c956ac,urn:acs.rfis:rfi:967e785d-d83c-490b-8d6a-2ed926c956ac/96a263f8-ed22-464e-91e0-cfa64dc3b89b,501949076,group,2025-07-18 08:55:09.142752
69480495,bf996092-8d66-408a-8d8e-5065ca3330c2,967e785d-d83c-490b-8d6a-2ed926c956ac,967e785d-d83c-490b-8d6a-2ed926c956ac,urn:acs.rfis:rfi:967e785d-d83c-490b-8d6a-2ed926c956ac/96a263f8-ed22-464e-91e0-cfa64dc3b89b,501949068,group,2025-07-18 08:55:09.142754
69883145,bf996092-8d66-408a-8d8e-5065ca3330c2,967e785d-d83c-490b-8d6a-2ed926c956ac,967e785d-d83c-490b-8d6a-2ed926c956ac,urn:acs.rfis:rfi:967e785d-d83c-490b-8d6a-2ed926c956ac/c1f224e8-c8d7-4d3e-9ca9-66288b4b943e,D5ZKMDH5JP7L,user,2025-07-24 06:03:09.762862
69883146,bf996092-8d66-408a-8d8e-5065ca3330c2,967e785d-d83c-490b-8d6a-2ed926c956ac,967e785d-d83c-490b-8d6a-2ed926c956ac,urn:acs.rfis:rfi:967e785d-d83c-490b-8d6a-2ed926c956ac/c1f224e8-c8d7-4d3e-9ca9-66288b4b943e,MXG2L5VEMSKN8SVN,user,2025-07-24 06:03:09.762866
69883147,bf996092-8d66-408a-8d8e-5065ca3330c2,967e785d-d83c-490b-8d6a-2ed926c956ac,967e785d-d83c-490b-8d6a-2ed926c956ac,urn:acs.rfis:rfi:967e785d-d83c-490b-8d6a-2ed926c956ac/c1f224e8-c8d7-4d3e-9ca9-66288b4b943e,501949007,group,2025-07-24 06:03:09.762867
65487547,bf996092-8d66-408a-8d8e-5065ca3330c2,f679f4cf-c089-4a2b-9b84-b14129630601,f679f4cf-c089-4a2b-9b84-b14129630601,urn:acs.rfis:rfi:f679f4cf-c089-4a2b-9b84-b14129630601/c1b95096-23e6-4519-8f28-09c0eb95fafd,YQH2SLPMM8Q48DDT,user,2025-05-19 07:28:03.854987
65487548,bf996092-8d66-408a-8d8e-5065ca3330c2,f679f4cf-c089-4a2b-9b84-b14129630601,f679f4cf-c089-4a2b-9b84-b14129630601,urn:acs.rfis:rfi:f679f4cf-c089-4a2b-9b84-b14129630601/c1b95096-23e6-4519-8f28-09c0eb95fafd,G5LJ2CH9PRAMRT7X,user,2025-05-19 07:28:03.85499
65487552,bf996092-8d66-408a-8d8e-5065ca3330c2,f679f4cf-c089-4a2b-9b84-b14129630601,f679f4cf-c089-4a2b-9b84-b14129630601,urn:acs.rfis:rfi:f679f4cf-c089-4a2b-9b84-b14129630601/c1b95096-23e6-4519-8f28-09c0eb95fafd,501989717,group,2025-05-19 07:28:03.854994
65487553,bf996092-8d66-408a-8d8e-5065ca3330c2,f679f4cf-c089-4a2b-9b84-b14129630601,f679f4cf-c089-4a2b-9b84-b14129630601,urn:acs.rfis:rfi:f679f4cf-c089-4a2b-9b84-b14129630601/c1b95096-23e6-4519-8f28-09c0eb95fafd,501989750,group,2025-05-19 07:28:03.854995
65487554,bf996092-8d66-408a-8d8e-5065ca3330c2,f679f4cf-c089-4a2b-9b84-b14129630601,f679f4cf-c089-4a2b-9b84-b14129630601,urn:acs.rfis:rfi:f679f4cf-c089-4a2b-9b84-b14129630601/c1b95096-23e6-4519-8f28-09c0eb95fafd,501989757,group,2025-05-19 07:28:03.854997
65487555,bf996092-8d66-408a-8d8e-5065ca3330c2,f679f4cf-c089-4a2b-9b84-b14129630601,f679f4cf-c089-4a2b-9b84-b14129630601,urn:acs.rfis:rfi:f679f4cf-c089-4a2b-9b84-b14129630601/c1b95096-23e6-4519-8f28-09c0eb95fafd,501989753,group,2025-05-19 07:28:03.854998
65487556,bf996092-8d66-408a-8d8e-5065ca3330c2,f679f4cf-c089-4a2b-9b84-b14129630601,f679f4cf-c089-4a2b-9b84-b14129630601,urn:acs.rfis:rfi:f679f4cf-c089-4a2b-9b84-b14129630601/c1b95096-23e6-4519-8f28-09c0eb95fafd,501989766,group,2025-05-19 07:28:03.854999
65487557,bf996092-8d66-408a-8d8e-5065ca3330c2,f679f4cf-c089-4a2b-9b84-b14129630601,f679f4cf-c089-4a2b-9b84-b14129630601,urn:acs.rfis:rfi:f679f4cf-c089-4a2b-9b84-b14129630601/c1b95096-23e6-4519-8f28-09c0eb95fafd,501989751,group,2025-05-19 07:28:03.855
65487558,bf996092-8d66-408a-8d8e-5065ca3330c2,f679f4cf-c089-4a2b-9b84-b14129630601,f679f4cf-c089-4a2b-9b84-b14129630601,urn:acs.rfis:rfi:f679f4cf-c089-4a2b-9b84-b14129630601/c1b95096-23e6-4519-8f28-09c0eb95fafd,501989760,group,2025-05-19 07:28:03.855
65487559,bf996092-8d66-408a-8d8e-5065ca3330c2,f679f4cf-c089-4a2b-9b84-b14129630601,f679f4cf-c089-4a2b-9b84-b14129630601,urn:acs.rfis:rfi:f679f4cf-c089-4a2b-9b84-b14129630601/c1b95096-23e6-4519-8f28-09c0eb95fafd,501989755,group,2025-05-19 07:28:03.855001
65487560,bf996092-8d66-408a-8d8e-5065ca3330c2,f679f4cf-c089-4a2b-9b84-b14129630601,f679f4cf-c089-4a2b-9b84-b14129630601,urn:acs.rfis:rfi:f679f4cf-c089-4a2b-9b84-b14129630601/c1b95096-23e6-4519-8f28-09c0eb95fafd,UVZ2LVH7JFCRPWMD,user,2025-05-19 07:28:03.855002
65487561,bf996092-8d66-408a-8d8e-5065ca3330c2,f679f4cf-c089-4a2b-9b84-b14129630601,f679f4cf-c089-4a2b-9b84-b14129630601,urn:acs.rfis:rfi:f679f4cf-c089-4a2b-9b84-b14129630601/c1b95096-23e6-4519-8f28-09c0eb95fafd,DQ72WAMCK3PT3T58,user,2025-05-19 07:28:03.855003
65487562,bf996092-8d66-408a-8d8e-5065ca3330c2,f679f4cf-c089-4a2b-9b84-b14129630601,f679f4cf-c089-4a2b-9b84-b14129630601,urn:acs.rfis:rfi:f679f4cf-c089-4a2b-9b84-b14129630601/c1b95096-23e6-4519-8f28-09c0eb95fafd,CMJ2N3U8MSMRM8ZA,user,2025-05-19 07:28:03.855004
65487563,bf996092-8d66-408a-8d8e-5065ca3330c2,f679f4cf-c089-4a2b-9b84-b14129630601,f679f4cf-c089-4a2b-9b84-b14129630601,urn:acs.rfis:rfi:f679f4cf-c089-4a2b-9b84-b14129630601/c1b95096-23e6-4519-8f28-09c0eb95fafd,3NGJNZCXN8PBNTRV,user,2025-05-19 07:28:03.855005
65487564,bf996092-8d66-408a-8d8e-5065ca3330c2,f679f4cf-c089-4a2b-9b84-b14129630601,f679f4cf-c089-4a2b-9b84-b14129630601,urn:acs.rfis:rfi:f679f4cf-c089-4a2b-9b84-b14129630601/c1b95096-23e6-4519-8f28-09c0eb95fafd,3AJ2UBWNPMNWLHCM,user,2025-05-19 07:28:03.855006
65487565,bf996092-8d66-408a-8d8e-5065ca3330c2,f679f4cf-c089-4a2b-9b84-b14129630601,f679f4cf-c089-4a2b-9b84-b14129630601,urn:acs.rfis:rfi:f679f4cf-c089-4a2b-9b84-b14129630601/c1b95096-23e6-4519-8f28-09c0eb95fafd,YJV2UM8AM54LC85B,user,2025-05-19 07:28:03.855007
65487566,bf996092-8d66-408a-8d8e-5065ca3330c2,f679f4cf-c089-4a2b-9b84-b14129630601,f679f4cf-c089-4a2b-9b84-b14129630601,urn:acs.rfis:rfi:f679f4cf-c089-4a2b-9b84-b14129630601/c1b95096-23e6-4519-8f28-09c0eb95fafd,S762NMGBKUB423MM,user,2025-05-19 07:28:03.855008
65487567,bf996092-8d66-408a-8d8e-5065ca3330c2,f679f4cf-c089-4a2b-9b84-b14129630601,f679f4cf-c089-4a2b-9b84-b14129630601,urn:acs.rfis:rfi:f679f4cf-c089-4a2b-9b84-b14129630601/c1b95096-23e6-4519-8f28-09c0eb95fafd,501989668,group,2025-05-19 07:28:03.855009
65487591,bf996092-8d66-408a-8d8e-5065ca3330c2,f679f4cf-c089-4a2b-9b84-b14129630601,f679f4cf-c089-4a2b-9b84-b14129630601,urn:acs.rfis:rfi:f679f4cf-c089-4a2b-9b84-b14129630601/c1b95096-23e6-4519-8f28-09c0eb95fafd,D5ZKMDH5JP7L,user,2025-05-19 07:28:03.855034
65492882,bf996092-8d66-408a-8d8e-5065ca3330c2,967e785d-d83c-490b-8d6a-2ed926c956ac,967e785d-d83c-490b-8d6a-2ed926c956ac,urn:acs.rfis:rfi:967e785d-d83c-490b-8d6a-2ed926c956ac/16f0e834-6a58-48ab-b7f8-2c678dcbffaa,S762NMGBKUB423MM,user,2025-05-19 11:05:21.085853
65492883,bf996092-8d66-408a-8d8e-5065ca3330c2,967e785d-d83c-490b-8d6a-2ed926c956ac,967e785d-d83c-490b-8d6a-2ed926c956ac,urn:acs.rfis:rfi:967e785d-d83c-490b-8d6a-2ed926c956ac/16f0e834-6a58-48ab-b7f8-2c678dcbffaa,DQ72WAMCK3PT3T58,user,2025-05-19 11:05:21.085854
65492884,bf996092-8d66-408a-8d8e-5065ca3330c2,967e785d-d83c-490b-8d6a-2ed926c956ac,967e785d-d83c-490b-8d6a-2ed926c956ac,urn:acs.rfis:rfi:967e785d-d83c-490b-8d6a-2ed926c956ac/16f0e834-6a58-48ab-b7f8-2c678dcbffaa,Y2W2RXA2P4MPP325,user,2025-05-19 11:05:21.085856
65492908,bf996092-8d66-408a-8d8e-5065ca3330c2,967e785d-d83c-490b-8d6a-2ed926c956ac,967e785d-d83c-490b-8d6a-2ed926c956ac,urn:acs.rfis:rfi:967e785d-d83c-490b-8d6a-2ed926c956ac/16f0e834-6a58-48ab-b7f8-2c678dcbffaa,G5LJ2CH9PRAMRT7X,user,2025-05-19 11:05:21.085881
70087816,bf996092-8d66-408a-8d8e-5065ca3330c2,967e785d-d83c-490b-8d6a-2ed926c956ac,967e785d-d83c-490b-8d6a-2ed926c956ac,urn:acs.rfis:rfi:967e785d-d83c-490b-8d6a-2ed926c956ac/2446521d-2a01-483c-9946-10b851691706,VYKJ7GRWMX37AKTY,user,2025-07-28 13:20:43.018608
70087817,bf996092-8d66-408a-8d8e-5065ca3330c2,967e785d-d83c-490b-8d6a-2ed926c956ac,967e785d-d83c-490b-8d6a-2ed926c956ac,urn:acs.rfis:rfi:967e785d-d83c-490b-8d6a-2ed926c956ac/2446521d-2a01-483c-9946-10b851691706,D5ZKMDH5JP7L,user,2025-07-28 13:20:43.018613
70087818,bf996092-8d66-408a-8d8e-5065ca3330c2,967e785d-d83c-490b-8d6a-2ed926c956ac,967e785d-d83c-490b-8d6a-2ed926c956ac,urn:acs.rfis:rfi:967e785d-d83c-490b-8d6a-2ed926c956ac/2446521d-2a01-483c-9946-10b851691706,KNL28BHPJJMCM75F,user,2025-07-28 13:20:43.018614
65852893,bf996092-8d66-408a-8d8e-5065ca3330c2,f679f4cf-c089-4a2b-9b84-b14129630601,f679f4cf-c089-4a2b-9b84-b14129630601,urn:acs.rfis:rfi:f679f4cf-c089-4a2b-9b84-b14129630601/346cb945-c348-4f4c-8402-11dc4e7e4628,501989665,group,2025-05-23 08:27:12.915767
67554469,bf996092-8d66-408a-8d8e-5065ca3330c2,ada6015d-9fce-4f2c-b20f-fc9122d2face,ada6015d-9fce-4f2c-b20f-fc9122d2face,urn:acs.rfis:rfi:ada6015d-9fce-4f2c-b20f-fc9122d2face/e911b3a0-8a76-4e79-8397-1a01a94d58bb,490203428,group,2025-06-19 06:36:29.373342
68164972,bf996092-8d66-408a-8d8e-5065ca3330c2,f679f4cf-c089-4a2b-9b84-b14129630601,f679f4cf-c089-4a2b-9b84-b14129630601,urn:acs.rfis:rfi:f679f4cf-c089-4a2b-9b84-b14129630601/c1b95096-23e6-4519-8f28-09c0eb95fafd,HJQ2F2PVKF9BT95Z,user,2025-06-28 06:43:46.745331
68471936,bf996092-8d66-408a-8d8e-5065ca3330c2,f679f4cf-c089-4a2b-9b84-b14129630601,f679f4cf-c089-4a2b-9b84-b14129630601,urn:acs.rfis:rfi:f679f4cf-c089-4a2b-9b84-b14129630601/53f61369-aaca-4d22-952f-b49d2e81fbf4,S762NMGBKUB423MM,user,2025-07-03 08:39:47.643671
68471937,bf996092-8d66-408a-8d8e-5065ca3330c2,f679f4cf-c089-4a2b-9b84-b14129630601,f679f4cf-c089-4a2b-9b84-b14129630601,urn:acs.rfis:rfi:f679f4cf-c089-4a2b-9b84-b14129630601/53f61369-aaca-4d22-952f-b49d2e81fbf4,501989717,group,2025-07-03 08:39:47.643672
68471938,bf996092-8d66-408a-8d8e-5065ca3330c2,f679f4cf-c089-4a2b-9b84-b14129630601,f679f4cf-c089-4a2b-9b84-b14129630601,urn:acs.rfis:rfi:f679f4cf-c089-4a2b-9b84-b14129630601/53f61369-aaca-4d22-952f-b49d2e81fbf4,501989750,group,2025-07-03 08:39:47.643674
68471939,bf996092-8d66-408a-8d8e-5065ca3330c2,f679f4cf-c089-4a2b-9b84-b14129630601,f679f4cf-c089-4a2b-9b84-b14129630601,urn:acs.rfis:rfi:f679f4cf-c089-4a2b-9b84-b14129630601/53f61369-aaca-4d22-952f-b49d2e81fbf4,501989757,group,2025-07-03 08:39:47.643675
68471940,bf996092-8d66-408a-8d8e-5065ca3330c2,f679f4cf-c089-4a2b-9b84-b14129630601,f679f4cf-c089-4a2b-9b84-b14129630601,urn:acs.rfis:rfi:f679f4cf-c089-4a2b-9b84-b14129630601/53f61369-aaca-4d22-952f-b49d2e81fbf4,501989753,group,2025-07-03 08:39:47.643676
68471941,bf996092-8d66-408a-8d8e-5065ca3330c2,f679f4cf-c089-4a2b-9b84-b14129630601,f679f4cf-c089-4a2b-9b84-b14129630601,urn:acs.rfis:rfi:f679f4cf-c089-4a2b-9b84-b14129630601/53f61369-aaca-4d22-952f-b49d2e81fbf4,501989766,group,2025-07-03 08:39:47.643678
68471942,bf996092-8d66-408a-8d8e-5065ca3330c2,f679f4cf-c089-4a2b-9b84-b14129630601,f679f4cf-c089-4a2b-9b84-b14129630601,urn:acs.rfis:rfi:f679f4cf-c089-4a2b-9b84-b14129630601/53f61369-aaca-4d22-952f-b49d2e81fbf4,501989751,group,2025-07-03 08:39:47.643679
68471943,bf996092-8d66-408a-8d8e-5065ca3330c2,f679f4cf-c089-4a2b-9b84-b14129630601,f679f4cf-c089-4a2b-9b84-b14129630601,urn:acs.rfis:rfi:f679f4cf-c089-4a2b-9b84-b14129630601/53f61369-aaca-4d22-952f-b49d2e81fbf4,501989760,group,2025-07-03 08:39:47.64368
68471944,bf996092-8d66-408a-8d8e-5065ca3330c2,f679f4cf-c089-4a2b-9b84-b14129630601,f679f4cf-c089-4a2b-9b84-b14129630601,urn:acs.rfis:rfi:f679f4cf-c089-4a2b-9b84-b14129630601/53f61369-aaca-4d22-952f-b49d2e81fbf4,501989755,group,2025-07-03 08:39:47.643682
68471945,bf996092-8d66-408a-8d8e-5065ca3330c2,f679f4cf-c089-4a2b-9b84-b14129630601,f679f4cf-c089-4a2b-9b84-b14129630601,urn:acs.rfis:rfi:f679f4cf-c089-4a2b-9b84-b14129630601/53f61369-aaca-4d22-952f-b49d2e81fbf4,CMJ2N3U8MSMRM8ZA,user,2025-07-03 08:39:47.643683
68471946,bf996092-8d66-408a-8d8e-5065ca3330c2,f679f4cf-c089-4a2b-9b84-b14129630601,f679f4cf-c089-4a2b-9b84-b14129630601,urn:acs.rfis:rfi:f679f4cf-c089-4a2b-9b84-b14129630601/53f61369-aaca-4d22-952f-b49d2e81fbf4,UVZ2LVH7JFCRPWMD,user,2025-07-03 08:39:47.643685
68471947,bf996092-8d66-408a-8d8e-5065ca3330c2,f679f4cf-c089-4a2b-9b84-b14129630601,f679f4cf-c089-4a2b-9b84-b14129630601,urn:acs.rfis:rfi:f679f4cf-c089-4a2b-9b84-b14129630601/53f61369-aaca-4d22-952f-b49d2e81fbf4,D5ZKMDH5JP7L,user,2025-07-03 08:39:47.643686
68471948,bf996092-8d66-408a-8d8e-5065ca3330c2,f679f4cf-c089-4a2b-9b84-b14129630601,f679f4cf-c089-4a2b-9b84-b14129630601,urn:acs.rfis:rfi:f679f4cf-c089-4a2b-9b84-b14129630601/53f61369-aaca-4d22-952f-b49d2e81fbf4,3NGJNZCXN8PBNTRV,user,2025-07-03 08:39:47.643687
68471949,bf996092-8d66-408a-8d8e-5065ca3330c2,f679f4cf-c089-4a2b-9b84-b14129630601,f679f4cf-c089-4a2b-9b84-b14129630601,urn:acs.rfis:rfi:f679f4cf-c089-4a2b-9b84-b14129630601/53f61369-aaca-4d22-952f-b49d2e81fbf4,HJQ2F2PVKF9BT95Z,user,2025-07-03 08:39:47.643689
68471950,bf996092-8d66-408a-8d8e-5065ca3330c2,f679f4cf-c089-4a2b-9b84-b14129630601,f679f4cf-c089-4a2b-9b84-b14129630601,urn:acs.rfis:rfi:f679f4cf-c089-4a2b-9b84-b14129630601/53f61369-aaca-4d22-952f-b49d2e81fbf4,3AJ2UBWNPMNWLHCM,user,2025-07-03 08:39:47.64369
68471951,bf996092-8d66-408a-8d8e-5065ca3330c2,f679f4cf-c089-4a2b-9b84-b14129630601,f679f4cf-c089-4a2b-9b84-b14129630601,urn:acs.rfis:rfi:f679f4cf-c089-4a2b-9b84-b14129630601/53f61369-aaca-4d22-952f-b49d2e81fbf4,501989668,group,2025-07-03 08:39:47.643691
68471984,bf996092-8d66-408a-8d8e-5065ca3330c2,f679f4cf-c089-4a2b-9b84-b14129630601,f679f4cf-c089-4a2b-9b84-b14129630601,urn:acs.rfis:rfi:f679f4cf-c089-4a2b-9b84-b14129630601/53f61369-aaca-4d22-952f-b49d2e81fbf4,G5LJ2CH9PRAMRT7X,user,2025-07-03 08:39:47.643737
68682178,bf996092-8d66-408a-8d8e-5065ca3330c2,f6ab14eb-1a66-4ea5-8a0f-0afbda444403,f6ab14eb-1a66-4ea5-8a0f-0afbda444403,urn:acs.rfis:rfi:f6ab14eb-1a66-4ea5-8a0f-0afbda444403/dab585c9-a66f-4494-9db2-798dc6fc7e3e,H4J29KZBMAKAE737,user,2025-07-08 10:32:26.890022
68786106,bf996092-8d66-408a-8d8e-5065ca3330c2,967e785d-d83c-490b-8d6a-2ed926c956ac,967e785d-d83c-490b-8d6a-2ed926c956ac,urn:acs.rfis:rfi:967e785d-d83c-490b-8d6a-2ed926c956ac/fcdfb5a9-1e9c-4797-afb5-46f7615f2e46,67E2T63RRMUGH3NG,user,2025-07-09 10:31:16.033469
68884079,bf996092-8d66-408a-8d8e-5065ca3330c2,f679f4cf-c089-4a2b-9b84-b14129630601,f679f4cf-c089-4a2b-9b84-b14129630601,urn:acs.rfis:rfi:f679f4cf-c089-4a2b-9b84-b14129630601/87adb94e-c40f-4f41-be00-b99e961003af,S762NMGBKUB423MM,user,2025-07-10 11:45:38.084261
68884080,bf996092-8d66-408a-8d8e-5065ca3330c2,f679f4cf-c089-4a2b-9b84-b14129630601,f679f4cf-c089-4a2b-9b84-b14129630601,urn:acs.rfis:rfi:f679f4cf-c089-4a2b-9b84-b14129630601/87adb94e-c40f-4f41-be00-b99e961003af,501989717,group,2025-07-10 11:45:38.084263
68884081,bf996092-8d66-408a-8d8e-5065ca3330c2,f679f4cf-c089-4a2b-9b84-b14129630601,f679f4cf-c089-4a2b-9b84-b14129630601,urn:acs.rfis:rfi:f679f4cf-c089-4a2b-9b84-b14129630601/87adb94e-c40f-4f41-be00-b99e961003af,501989750,group,2025-07-10 11:45:38.084264
68884082,bf996092-8d66-408a-8d8e-5065ca3330c2,f679f4cf-c089-4a2b-9b84-b14129630601,f679f4cf-c089-4a2b-9b84-b14129630601,urn:acs.rfis:rfi:f679f4cf-c089-4a2b-9b84-b14129630601/87adb94e-c40f-4f41-be00-b99e961003af,501989757,group,2025-07-10 11:45:38.084265
68884083,bf996092-8d66-408a-8d8e-5065ca3330c2,f679f4cf-c089-4a2b-9b84-b14129630601,f679f4cf-c089-4a2b-9b84-b14129630601,urn:acs.rfis:rfi:f679f4cf-c089-4a2b-9b84-b14129630601/87adb94e-c40f-4f41-be00-b99e961003af,501989753,group,2025-07-10 11:45:38.084266
68884084,bf996092-8d66-408a-8d8e-5065ca3330c2,f679f4cf-c089-4a2b-9b84-b14129630601,f679f4cf-c089-4a2b-9b84-b14129630601,urn:acs.rfis:rfi:f679f4cf-c089-4a2b-9b84-b14129630601/87adb94e-c40f-4f41-be00-b99e961003af,501989766,group,2025-07-10 11:45:38.084267
68884085,bf996092-8d66-408a-8d8e-5065ca3330c2,f679f4cf-c089-4a2b-9b84-b14129630601,f679f4cf-c089-4a2b-9b84-b14129630601,urn:acs.rfis:rfi:f679f4cf-c089-4a2b-9b84-b14129630601/87adb94e-c40f-4f41-be00-b99e961003af,501989751,group,2025-07-10 11:45:38.084268
68884086,bf996092-8d66-408a-8d8e-5065ca3330c2,f679f4cf-c089-4a2b-9b84-b14129630601,f679f4cf-c089-4a2b-9b84-b14129630601,urn:acs.rfis:rfi:f679f4cf-c089-4a2b-9b84-b14129630601/87adb94e-c40f-4f41-be00-b99e961003af,501989760,group,2025-07-10 11:45:38.084269
68884087,bf996092-8d66-408a-8d8e-5065ca3330c2,f679f4cf-c089-4a2b-9b84-b14129630601,f679f4cf-c089-4a2b-9b84-b14129630601,urn:acs.rfis:rfi:f679f4cf-c089-4a2b-9b84-b14129630601/87adb94e-c40f-4f41-be00-b99e961003af,501989755,group,2025-07-10 11:45:38.08427
68884088,bf996092-8d66-408a-8d8e-5065ca3330c2,f679f4cf-c089-4a2b-9b84-b14129630601,f679f4cf-c089-4a2b-9b84-b14129630601,urn:acs.rfis:rfi:f679f4cf-c089-4a2b-9b84-b14129630601/87adb94e-c40f-4f41-be00-b99e961003af,UVZ2LVH7JFCRPWMD,user,2025-07-10 11:45:38.084272
68884089,bf996092-8d66-408a-8d8e-5065ca3330c2,f679f4cf-c089-4a2b-9b84-b14129630601,f679f4cf-c089-4a2b-9b84-b14129630601,urn:acs.rfis:rfi:f679f4cf-c089-4a2b-9b84-b14129630601/87adb94e-c40f-4f41-be00-b99e961003af,DQ72WAMCK3PT3T58,user,2025-07-10 11:45:38.084273
68884090,bf996092-8d66-408a-8d8e-5065ca3330c2,f679f4cf-c089-4a2b-9b84-b14129630601,f679f4cf-c089-4a2b-9b84-b14129630601,urn:acs.rfis:rfi:f679f4cf-c089-4a2b-9b84-b14129630601/87adb94e-c40f-4f41-be00-b99e961003af,CMJ2N3U8MSMRM8ZA,user,2025-07-10 11:45:38.084274
68884091,bf996092-8d66-408a-8d8e-5065ca3330c2,f679f4cf-c089-4a2b-9b84-b14129630601,f679f4cf-c089-4a2b-9b84-b14129630601,urn:acs.rfis:rfi:f679f4cf-c089-4a2b-9b84-b14129630601/87adb94e-c40f-4f41-be00-b99e961003af,3NGJNZCXN8PBNTRV,user,2025-07-10 11:45:38.084274
68884092,bf996092-8d66-408a-8d8e-5065ca3330c2,f679f4cf-c089-4a2b-9b84-b14129630601,f679f4cf-c089-4a2b-9b84-b14129630601,urn:acs.rfis:rfi:f679f4cf-c089-4a2b-9b84-b14129630601/87adb94e-c40f-4f41-be00-b99e961003af,D5ZKMDH5JP7L,user,2025-07-10 11:45:38.084275
68884093,bf996092-8d66-408a-8d8e-5065ca3330c2,f679f4cf-c089-4a2b-9b84-b14129630601,f679f4cf-c089-4a2b-9b84-b14129630601,urn:acs.rfis:rfi:f679f4cf-c089-4a2b-9b84-b14129630601/87adb94e-c40f-4f41-be00-b99e961003af,YJV2UM8AM54LC85B,user,2025-07-10 11:45:38.084276
68884094,bf996092-8d66-408a-8d8e-5065ca3330c2,f679f4cf-c089-4a2b-9b84-b14129630601,f679f4cf-c089-4a2b-9b84-b14129630601,urn:acs.rfis:rfi:f679f4cf-c089-4a2b-9b84-b14129630601/87adb94e-c40f-4f41-be00-b99e961003af,3AJ2UBWNPMNWLHCM,user,2025-07-10 11:45:38.084277
68884095,bf996092-8d66-408a-8d8e-5065ca3330c2,f679f4cf-c089-4a2b-9b84-b14129630601,f679f4cf-c089-4a2b-9b84-b14129630601,urn:acs.rfis:rfi:f679f4cf-c089-4a2b-9b84-b14129630601/87adb94e-c40f-4f41-be00-b99e961003af,501989668,group,2025-07-10 11:45:38.084278
68884128,bf996092-8d66-408a-8d8e-5065ca3330c2,f679f4cf-c089-4a2b-9b84-b14129630601,f679f4cf-c089-4a2b-9b84-b14129630601,urn:acs.rfis:rfi:f679f4cf-c089-4a2b-9b84-b14129630601/87adb94e-c40f-4f41-be00-b99e961003af,G5LJ2CH9PRAMRT7X,user,2025-07-10 11:45:38.084311
69569959,bf996092-8d66-408a-8d8e-5065ca3330c2,f679f4cf-c089-4a2b-9b84-b14129630601,f679f4cf-c089-4a2b-9b84-b14129630601,urn:acs.rfis:rfi:f679f4cf-c089-4a2b-9b84-b14129630601/64d26f6f-7580-4bc1-98ba-8ae54eed99fb,G5LJ2CH9PRAMRT7X,user,2025-07-21 04:12:06.050213
69569960,bf996092-8d66-408a-8d8e-5065ca3330c2,f679f4cf-c089-4a2b-9b84-b14129630601,f679f4cf-c089-4a2b-9b84-b14129630601,urn:acs.rfis:rfi:f679f4cf-c089-4a2b-9b84-b14129630601/64d26f6f-7580-4bc1-98ba-8ae54eed99fb,501989717,group,2025-07-21 04:12:06.050215
69569961,bf996092-8d66-408a-8d8e-5065ca3330c2,f679f4cf-c089-4a2b-9b84-b14129630601,f679f4cf-c089-4a2b-9b84-b14129630601,urn:acs.rfis:rfi:f679f4cf-c089-4a2b-9b84-b14129630601/64d26f6f-7580-4bc1-98ba-8ae54eed99fb,501989750,group,2025-07-21 04:12:06.050216
69569962,bf996092-8d66-408a-8d8e-5065ca3330c2,f679f4cf-c089-4a2b-9b84-b14129630601,f679f4cf-c089-4a2b-9b84-b14129630601,urn:acs.rfis:rfi:f679f4cf-c089-4a2b-9b84-b14129630601/64d26f6f-7580-4bc1-98ba-8ae54eed99fb,501989757,group,2025-07-21 04:12:06.050217
69569963,bf996092-8d66-408a-8d8e-5065ca3330c2,f679f4cf-c089-4a2b-9b84-b14129630601,f679f4cf-c089-4a2b-9b84-b14129630601,urn:acs.rfis:rfi:f679f4cf-c089-4a2b-9b84-b14129630601/64d26f6f-7580-4bc1-98ba-8ae54eed99fb,501989753,group,2025-07-21 04:12:06.050218
69569964,bf996092-8d66-408a-8d8e-5065ca3330c2,f679f4cf-c089-4a2b-9b84-b14129630601,f679f4cf-c089-4a2b-9b84-b14129630601,urn:acs.rfis:rfi:f679f4cf-c089-4a2b-9b84-b14129630601/64d26f6f-7580-4bc1-98ba-8ae54eed99fb,501989766,group,2025-07-21 04:12:06.050219
69569965,bf996092-8d66-408a-8d8e-5065ca3330c2,f679f4cf-c089-4a2b-9b84-b14129630601,f679f4cf-c089-4a2b-9b84-b14129630601,urn:acs.rfis:rfi:f679f4cf-c089-4a2b-9b84-b14129630601/64d26f6f-7580-4bc1-98ba-8ae54eed99fb,501989751,group,2025-07-21 04:12:06.05022
69569966,bf996092-8d66-408a-8d8e-5065ca3330c2,f679f4cf-c089-4a2b-9b84-b14129630601,f679f4cf-c089-4a2b-9b84-b14129630601,urn:acs.rfis:rfi:f679f4cf-c089-4a2b-9b84-b14129630601/64d26f6f-7580-4bc1-98ba-8ae54eed99fb,501989760,group,2025-07-21 04:12:06.050221
69569967,bf996092-8d66-408a-8d8e-5065ca3330c2,f679f4cf-c089-4a2b-9b84-b14129630601,f679f4cf-c089-4a2b-9b84-b14129630601,urn:acs.rfis:rfi:f679f4cf-c089-4a2b-9b84-b14129630601/64d26f6f-7580-4bc1-98ba-8ae54eed99fb,501989755,group,2025-07-21 04:12:06.050222
69569968,bf996092-8d66-408a-8d8e-5065ca3330c2,f679f4cf-c089-4a2b-9b84-b14129630601,f679f4cf-c089-4a2b-9b84-b14129630601,urn:acs.rfis:rfi:f679f4cf-c089-4a2b-9b84-b14129630601/64d26f6f-7580-4bc1-98ba-8ae54eed99fb,UVZ2LVH7JFCRPWMD,user,2025-07-21 04:12:06.050223
69569969,bf996092-8d66-408a-8d8e-5065ca3330c2,f679f4cf-c089-4a2b-9b84-b14129630601,f679f4cf-c089-4a2b-9b84-b14129630601,urn:acs.rfis:rfi:f679f4cf-c089-4a2b-9b84-b14129630601/64d26f6f-7580-4bc1-98ba-8ae54eed99fb,3NGJNZCXN8PBNTRV,user,2025-07-21 04:12:06.050224
69569970,bf996092-8d66-408a-8d8e-5065ca3330c2,f679f4cf-c089-4a2b-9b84-b14129630601,f679f4cf-c089-4a2b-9b84-b14129630601,urn:acs.rfis:rfi:f679f4cf-c089-4a2b-9b84-b14129630601/64d26f6f-7580-4bc1-98ba-8ae54eed99fb,D5ZKMDH5JP7L,user,2025-07-21 04:12:06.050225
69569971,bf996092-8d66-408a-8d8e-5065ca3330c2,f679f4cf-c089-4a2b-9b84-b14129630601,f679f4cf-c089-4a2b-9b84-b14129630601,urn:acs.rfis:rfi:f679f4cf-c089-4a2b-9b84-b14129630601/64d26f6f-7580-4bc1-98ba-8ae54eed99fb,CMJ2N3U8MSMRM8ZA,user,2025-07-21 04:12:06.050226
69569972,bf996092-8d66-408a-8d8e-5065ca3330c2,f679f4cf-c089-4a2b-9b84-b14129630601,f679f4cf-c089-4a2b-9b84-b14129630601,urn:acs.rfis:rfi:f679f4cf-c089-4a2b-9b84-b14129630601/64d26f6f-7580-4bc1-98ba-8ae54eed99fb,HJQ2F2PVKF9BT95Z,user,2025-07-21 04:12:06.050227
69569973,bf996092-8d66-408a-8d8e-5065ca3330c2,f679f4cf-c089-4a2b-9b84-b14129630601,f679f4cf-c089-4a2b-9b84-b14129630601,urn:acs.rfis:rfi:f679f4cf-c089-4a2b-9b84-b14129630601/64d26f6f-7580-4bc1-98ba-8ae54eed99fb,501989668,group,2025-07-21 04:12:06.050228
65765367,bf996092-8d66-408a-8d8e-5065ca3330c2,ada6015d-9fce-4f2c-b20f-fc9122d2face,ada6015d-9fce-4f2c-b20f-fc9122d2face,urn:acs.rfis:rfi:ada6015d-9fce-4f2c-b20f-fc9122d2face/63a8591c-f7bd-4448-8d90-e3894eb810e8,3TSJN3BRN9YVX2DX,user,2025-05-22 04:20:03.449199
65765416,bf996092-8d66-408a-8d8e-5065ca3330c2,ada6015d-9fce-4f2c-b20f-fc9122d2face,ada6015d-9fce-4f2c-b20f-fc9122d2face,urn:acs.rfis:rfi:ada6015d-9fce-4f2c-b20f-fc9122d2face/63a8591c-f7bd-4448-8d90-e3894eb810e8,7XGJKR7GMJ4QN93J,user,2025-05-22 04:21:54.436935
65765420,bf996092-8d66-408a-8d8e-5065ca3330c2,ada6015d-9fce-4f2c-b20f-fc9122d2face,ada6015d-9fce-4f2c-b20f-fc9122d2face,urn:acs.rfis:rfi:ada6015d-9fce-4f2c-b20f-fc9122d2face/63a8591c-f7bd-4448-8d90-e3894eb810e8,YQH2SLPMM8Q48DDT,user,2025-05-22 04:23:16.450506
65765421,bf996092-8d66-408a-8d8e-5065ca3330c2,ada6015d-9fce-4f2c-b20f-fc9122d2face,ada6015d-9fce-4f2c-b20f-fc9122d2face,urn:acs.rfis:rfi:ada6015d-9fce-4f2c-b20f-fc9122d2face/63a8591c-f7bd-4448-8d90-e3894eb810e8,UVZ2LVH7JFCRPWMD,user,2025-05-22 04:23:16.450509
65765422,bf996092-8d66-408a-8d8e-5065ca3330c2,ada6015d-9fce-4f2c-b20f-fc9122d2face,ada6015d-9fce-4f2c-b20f-fc9122d2face,urn:acs.rfis:rfi:ada6015d-9fce-4f2c-b20f-fc9122d2face/63a8591c-f7bd-4448-8d90-e3894eb810e8,YJV2UM8AM54LC85B,user,2025-05-22 04:23:16.450511
65765423,bf996092-8d66-408a-8d8e-5065ca3330c2,ada6015d-9fce-4f2c-b20f-fc9122d2face,ada6015d-9fce-4f2c-b20f-fc9122d2face,urn:acs.rfis:rfi:ada6015d-9fce-4f2c-b20f-fc9122d2face/63a8591c-f7bd-4448-8d90-e3894eb810e8,3AJ2UBWNPMNWLHCM,user,2025-05-22 04:23:16.450512
65765424,bf996092-8d66-408a-8d8e-5065ca3330c2,ada6015d-9fce-4f2c-b20f-fc9122d2face,ada6015d-9fce-4f2c-b20f-fc9122d2face,urn:acs.rfis:rfi:ada6015d-9fce-4f2c-b20f-fc9122d2face/63a8591c-f7bd-4448-8d90-e3894eb810e8,HJQ2F2PVKF9BT95Z,user,2025-05-22 04:23:16.450513
65766362,bf996092-8d66-408a-8d8e-5065ca3330c2,f679f4cf-c089-4a2b-9b84-b14129630601,f679f4cf-c089-4a2b-9b84-b14129630601,urn:acs.rfis:rfi:f679f4cf-c089-4a2b-9b84-b14129630601/346cb945-c348-4f4c-8402-11dc4e7e4628,FM42EJFZPNC5F3HF,user,2025-05-22 05:46:07.409871
65767618,bf996092-8d66-408a-8d8e-5065ca3330c2,ada6015d-9fce-4f2c-b20f-fc9122d2face,ada6015d-9fce-4f2c-b20f-fc9122d2face,urn:acs.rfis:rfi:ada6015d-9fce-4f2c-b20f-fc9122d2face/940d0f6c-6d48-4a8e-884b-f75a8b003042,490203402,group,2025-05-22 06:28:24.631449
65767619,bf996092-8d66-408a-8d8e-5065ca3330c2,ada6015d-9fce-4f2c-b20f-fc9122d2face,ada6015d-9fce-4f2c-b20f-fc9122d2face,urn:acs.rfis:rfi:ada6015d-9fce-4f2c-b20f-fc9122d2face/940d0f6c-6d48-4a8e-884b-f75a8b003042,V9Q2X946QA52XTJG,user,2025-05-22 06:28:24.631452
65767620,bf996092-8d66-408a-8d8e-5065ca3330c2,ada6015d-9fce-4f2c-b20f-fc9122d2face,ada6015d-9fce-4f2c-b20f-fc9122d2face,urn:acs.rfis:rfi:ada6015d-9fce-4f2c-b20f-fc9122d2face/940d0f6c-6d48-4a8e-884b-f75a8b003042,Z3429E4KRUPBNHD4,user,2025-05-22 06:28:24.631454
65767621,bf996092-8d66-408a-8d8e-5065ca3330c2,ada6015d-9fce-4f2c-b20f-fc9122d2face,ada6015d-9fce-4f2c-b20f-fc9122d2face,urn:acs.rfis:rfi:ada6015d-9fce-4f2c-b20f-fc9122d2face/940d0f6c-6d48-4a8e-884b-f75a8b003042,ZK3JZTPXLBYUA53X,user,2025-05-22 06:28:24.631455
65767622,bf996092-8d66-408a-8d8e-5065ca3330c2,ada6015d-9fce-4f2c-b20f-fc9122d2face,ada6015d-9fce-4f2c-b20f-fc9122d2face,urn:acs.rfis:rfi:ada6015d-9fce-4f2c-b20f-fc9122d2face/940d0f6c-6d48-4a8e-884b-f75a8b003042,YEYJGRGXQH2X5DAY,user,2025-05-22 06:28:24.631456
65767623,bf996092-8d66-408a-8d8e-5065ca3330c2,ada6015d-9fce-4f2c-b20f-fc9122d2face,ada6015d-9fce-4f2c-b20f-fc9122d2face,urn:acs.rfis:rfi:ada6015d-9fce-4f2c-b20f-fc9122d2face/940d0f6c-6d48-4a8e-884b-f75a8b003042,CMJ2N3U8MSMRM8ZA,user,2025-05-22 06:28:24.631457
65767983,bf996092-8d66-408a-8d8e-5065ca3330c2,f679f4cf-c089-4a2b-9b84-b14129630601,f679f4cf-c089-4a2b-9b84-b14129630601,urn:acs.rfis:rfi:f679f4cf-c089-4a2b-9b84-b14129630601/4dbed860-0879-4aa4-9a98-1f20405dd952,S762NMGBKUB423MM,user,2025-05-22 06:41:37.283231
65853662,bf996092-8d66-408a-8d8e-5065ca3330c2,f679f4cf-c089-4a2b-9b84-b14129630601,f679f4cf-c089-4a2b-9b84-b14129630601,urn:acs.rfis:rfi:f679f4cf-c089-4a2b-9b84-b14129630601/4dbed860-0879-4aa4-9a98-1f20405dd952,501989665,group,2025-05-23 09:40:05.74811
66149853,bf996092-8d66-408a-8d8e-5065ca3330c2,967e785d-d83c-490b-8d6a-2ed926c956ac,967e785d-d83c-490b-8d6a-2ed926c956ac,urn:acs.rfis:rfi:967e785d-d83c-490b-8d6a-2ed926c956ac/16f0e834-6a58-48ab-b7f8-2c678dcbffaa,KNL28BHPJJMCM75F,user,2025-05-29 10:28:33.631855
68879205,bf996092-8d66-408a-8d8e-5065ca3330c2,967e785d-d83c-490b-8d6a-2ed926c956ac,967e785d-d83c-490b-8d6a-2ed926c956ac,urn:acs.rfis:rfi:967e785d-d83c-490b-8d6a-2ed926c956ac/9442770e-e584-4ce9-87d8-309ec0e35dde,67E2T63RRMUGH3NG,user,2025-07-10 09:44:52.465544
68879206,bf996092-8d66-408a-8d8e-5065ca3330c2,967e785d-d83c-490b-8d6a-2ed926c956ac,967e785d-d83c-490b-8d6a-2ed926c956ac,urn:acs.rfis:rfi:967e785d-d83c-490b-8d6a-2ed926c956ac/9442770e-e584-4ce9-87d8-309ec0e35dde,501949038,group,2025-07-10 09:44:52.465546
68879207,bf996092-8d66-408a-8d8e-5065ca3330c2,967e785d-d83c-490b-8d6a-2ed926c956ac,967e785d-d83c-490b-8d6a-2ed926c956ac,urn:acs.rfis:rfi:967e785d-d83c-490b-8d6a-2ed926c956ac/9442770e-e584-4ce9-87d8-309ec0e35dde,501949062,group,2025-07-10 09:44:52.465548
68879208,bf996092-8d66-408a-8d8e-5065ca3330c2,967e785d-d83c-490b-8d6a-2ed926c956ac,967e785d-d83c-490b-8d6a-2ed926c956ac,urn:acs.rfis:rfi:967e785d-d83c-490b-8d6a-2ed926c956ac/9442770e-e584-4ce9-87d8-309ec0e35dde,501949065,group,2025-07-10 09:44:52.465549
68879209,bf996092-8d66-408a-8d8e-5065ca3330c2,967e785d-d83c-490b-8d6a-2ed926c956ac,967e785d-d83c-490b-8d6a-2ed926c956ac,urn:acs.rfis:rfi:967e785d-d83c-490b-8d6a-2ed926c956ac/9442770e-e584-4ce9-87d8-309ec0e35dde,501949067,group,2025-07-10 09:44:52.46555
68879210,bf996092-8d66-408a-8d8e-5065ca3330c2,967e785d-d83c-490b-8d6a-2ed926c956ac,967e785d-d83c-490b-8d6a-2ed926c956ac,urn:acs.rfis:rfi:967e785d-d83c-490b-8d6a-2ed926c956ac/9442770e-e584-4ce9-87d8-309ec0e35dde,501949075,group,2025-07-10 09:44:52.465551
68879211,bf996092-8d66-408a-8d8e-5065ca3330c2,967e785d-d83c-490b-8d6a-2ed926c956ac,967e785d-d83c-490b-8d6a-2ed926c956ac,urn:acs.rfis:rfi:967e785d-d83c-490b-8d6a-2ed926c956ac/9442770e-e584-4ce9-87d8-309ec0e35dde,501949064,group,2025-07-10 09:44:52.465553
68879212,bf996092-8d66-408a-8d8e-5065ca3330c2,967e785d-d83c-490b-8d6a-2ed926c956ac,967e785d-d83c-490b-8d6a-2ed926c956ac,urn:acs.rfis:rfi:967e785d-d83c-490b-8d6a-2ed926c956ac/9442770e-e584-4ce9-87d8-309ec0e35dde,501949076,group,2025-07-10 09:44:52.465554
68879213,bf996092-8d66-408a-8d8e-5065ca3330c2,967e785d-d83c-490b-8d6a-2ed926c956ac,967e785d-d83c-490b-8d6a-2ed926c956ac,urn:acs.rfis:rfi:967e785d-d83c-490b-8d6a-2ed926c956ac/9442770e-e584-4ce9-87d8-309ec0e35dde,501949068,group,2025-07-10 09:44:52.465555
68879214,bf996092-8d66-408a-8d8e-5065ca3330c2,967e785d-d83c-490b-8d6a-2ed926c956ac,967e785d-d83c-490b-8d6a-2ed926c956ac,urn:acs.rfis:rfi:967e785d-d83c-490b-8d6a-2ed926c956ac/9442770e-e584-4ce9-87d8-309ec0e35dde,C6Z2RETEN3MN8XZF,user,2025-07-10 09:44:52.465556
68879215,bf996092-8d66-408a-8d8e-5065ca3330c2,967e785d-d83c-490b-8d6a-2ed926c956ac,967e785d-d83c-490b-8d6a-2ed926c956ac,urn:acs.rfis:rfi:967e785d-d83c-490b-8d6a-2ed926c956ac/9442770e-e584-4ce9-87d8-309ec0e35dde,VYKJ7GRWMX37AKTY,user,2025-07-10 09:44:52.465558
68879217,bf996092-8d66-408a-8d8e-5065ca3330c2,967e785d-d83c-490b-8d6a-2ed926c956ac,967e785d-d83c-490b-8d6a-2ed926c956ac,urn:acs.rfis:rfi:967e785d-d83c-490b-8d6a-2ed926c956ac/9442770e-e584-4ce9-87d8-309ec0e35dde,DQ72WAMCK3PT3T58,user,2025-07-10 09:44:52.46556
68879218,bf996092-8d66-408a-8d8e-5065ca3330c2,967e785d-d83c-490b-8d6a-2ed926c956ac,967e785d-d83c-490b-8d6a-2ed926c956ac,urn:acs.rfis:rfi:967e785d-d83c-490b-8d6a-2ed926c956ac/9442770e-e584-4ce9-87d8-309ec0e35dde,Y2W2RXA2P4MPP325,user,2025-07-10 09:44:52.465561
68879219,bf996092-8d66-408a-8d8e-5065ca3330c2,967e785d-d83c-490b-8d6a-2ed926c956ac,967e785d-d83c-490b-8d6a-2ed926c956ac,urn:acs.rfis:rfi:967e785d-d83c-490b-8d6a-2ed926c956ac/9442770e-e584-4ce9-87d8-309ec0e35dde,501949008,group,2025-07-10 09:44:52.465563
68879252,bf996092-8d66-408a-8d8e-5065ca3330c2,967e785d-d83c-490b-8d6a-2ed926c956ac,967e785d-d83c-490b-8d6a-2ed926c956ac,urn:acs.rfis:rfi:967e785d-d83c-490b-8d6a-2ed926c956ac/9442770e-e584-4ce9-87d8-309ec0e35dde,G5LJ2CH9PRAMRT7X,user,2025-07-10 09:44:52.465604
69380135,bf996092-8d66-408a-8d8e-5065ca3330c2,f679f4cf-c089-4a2b-9b84-b14129630601,f679f4cf-c089-4a2b-9b84-b14129630601,urn:acs.rfis:rfi:f679f4cf-c089-4a2b-9b84-b14129630601/b03f59d3-7897-46cc-83ec-36e8415858d3,LVH2DEFULGBL4AFH,user,2025-07-17 06:26:28.289477
69380137,bf996092-8d66-408a-8d8e-5065ca3330c2,f679f4cf-c089-4a2b-9b84-b14129630601,f679f4cf-c089-4a2b-9b84-b14129630601,urn:acs.rfis:rfi:f679f4cf-c089-4a2b-9b84-b14129630601/b03f59d3-7897-46cc-83ec-36e8415858d3,501989717,group,2025-07-17 06:26:28.28948
69380138,bf996092-8d66-408a-8d8e-5065ca3330c2,f679f4cf-c089-4a2b-9b84-b14129630601,f679f4cf-c089-4a2b-9b84-b14129630601,urn:acs.rfis:rfi:f679f4cf-c089-4a2b-9b84-b14129630601/b03f59d3-7897-46cc-83ec-36e8415858d3,501989750,group,2025-07-17 06:26:28.289482
69380139,bf996092-8d66-408a-8d8e-5065ca3330c2,f679f4cf-c089-4a2b-9b84-b14129630601,f679f4cf-c089-4a2b-9b84-b14129630601,urn:acs.rfis:rfi:f679f4cf-c089-4a2b-9b84-b14129630601/b03f59d3-7897-46cc-83ec-36e8415858d3,501989757,group,2025-07-17 06:26:28.289483
69380140,bf996092-8d66-408a-8d8e-5065ca3330c2,f679f4cf-c089-4a2b-9b84-b14129630601,f679f4cf-c089-4a2b-9b84-b14129630601,urn:acs.rfis:rfi:f679f4cf-c089-4a2b-9b84-b14129630601/b03f59d3-7897-46cc-83ec-36e8415858d3,501989753,group,2025-07-17 06:26:28.289484
69380141,bf996092-8d66-408a-8d8e-5065ca3330c2,f679f4cf-c089-4a2b-9b84-b14129630601,f679f4cf-c089-4a2b-9b84-b14129630601,urn:acs.rfis:rfi:f679f4cf-c089-4a2b-9b84-b14129630601/b03f59d3-7897-46cc-83ec-36e8415858d3,501989766,group,2025-07-17 06:26:28.289486
69380142,bf996092-8d66-408a-8d8e-5065ca3330c2,f679f4cf-c089-4a2b-9b84-b14129630601,f679f4cf-c089-4a2b-9b84-b14129630601,urn:acs.rfis:rfi:f679f4cf-c089-4a2b-9b84-b14129630601/b03f59d3-7897-46cc-83ec-36e8415858d3,501989751,group,2025-07-17 06:26:28.289487
69380143,bf996092-8d66-408a-8d8e-5065ca3330c2,f679f4cf-c089-4a2b-9b84-b14129630601,f679f4cf-c089-4a2b-9b84-b14129630601,urn:acs.rfis:rfi:f679f4cf-c089-4a2b-9b84-b14129630601/b03f59d3-7897-46cc-83ec-36e8415858d3,501989760,group,2025-07-17 06:26:28.289488
69380144,bf996092-8d66-408a-8d8e-5065ca3330c2,f679f4cf-c089-4a2b-9b84-b14129630601,f679f4cf-c089-4a2b-9b84-b14129630601,urn:acs.rfis:rfi:f679f4cf-c089-4a2b-9b84-b14129630601/b03f59d3-7897-46cc-83ec-36e8415858d3,501989755,group,2025-07-17 06:26:28.28949
69380145,bf996092-8d66-408a-8d8e-5065ca3330c2,f679f4cf-c089-4a2b-9b84-b14129630601,f679f4cf-c089-4a2b-9b84-b14129630601,urn:acs.rfis:rfi:f679f4cf-c089-4a2b-9b84-b14129630601/b03f59d3-7897-46cc-83ec-36e8415858d3,DQ72WAMCK3PT3T58,user,2025-07-17 06:26:28.289491
69380146,bf996092-8d66-408a-8d8e-5065ca3330c2,f679f4cf-c089-4a2b-9b84-b14129630601,f679f4cf-c089-4a2b-9b84-b14129630601,urn:acs.rfis:rfi:f679f4cf-c089-4a2b-9b84-b14129630601/b03f59d3-7897-46cc-83ec-36e8415858d3,UVZ2LVH7JFCRPWMD,user,2025-07-17 06:26:28.289493
69380147,bf996092-8d66-408a-8d8e-5065ca3330c2,f679f4cf-c089-4a2b-9b84-b14129630601,f679f4cf-c089-4a2b-9b84-b14129630601,urn:acs.rfis:rfi:f679f4cf-c089-4a2b-9b84-b14129630601/b03f59d3-7897-46cc-83ec-36e8415858d3,CMJ2N3U8MSMRM8ZA,user,2025-07-17 06:26:28.289495
69380148,bf996092-8d66-408a-8d8e-5065ca3330c2,f679f4cf-c089-4a2b-9b84-b14129630601,f679f4cf-c089-4a2b-9b84-b14129630601,urn:acs.rfis:rfi:f679f4cf-c089-4a2b-9b84-b14129630601/b03f59d3-7897-46cc-83ec-36e8415858d3,3NGJNZCXN8PBNTRV,user,2025-07-17 06:26:28.289496
69380149,bf996092-8d66-408a-8d8e-5065ca3330c2,f679f4cf-c089-4a2b-9b84-b14129630601,f679f4cf-c089-4a2b-9b84-b14129630601,urn:acs.rfis:rfi:f679f4cf-c089-4a2b-9b84-b14129630601/b03f59d3-7897-46cc-83ec-36e8415858d3,D5ZKMDH5JP7L,user,2025-07-17 06:26:28.289497
69380150,bf996092-8d66-408a-8d8e-5065ca3330c2,f679f4cf-c089-4a2b-9b84-b14129630601,f679f4cf-c089-4a2b-9b84-b14129630601,urn:acs.rfis:rfi:f679f4cf-c089-4a2b-9b84-b14129630601/b03f59d3-7897-46cc-83ec-36e8415858d3,HJQ2F2PVKF9BT95Z,user,2025-07-17 06:26:28.289499
69380151,bf996092-8d66-408a-8d8e-5065ca3330c2,f679f4cf-c089-4a2b-9b84-b14129630601,f679f4cf-c089-4a2b-9b84-b14129630601,urn:acs.rfis:rfi:f679f4cf-c089-4a2b-9b84-b14129630601/b03f59d3-7897-46cc-83ec-36e8415858d3,YJV2UM8AM54LC85B,user,2025-07-17 06:26:28.289501
69380152,bf996092-8d66-408a-8d8e-5065ca3330c2,f679f4cf-c089-4a2b-9b84-b14129630601,f679f4cf-c089-4a2b-9b84-b14129630601,urn:acs.rfis:rfi:f679f4cf-c089-4a2b-9b84-b14129630601/b03f59d3-7897-46cc-83ec-36e8415858d3,YNUJS2S8LSSR8AJW,user,2025-07-17 06:26:28.289502
69380153,bf996092-8d66-408a-8d8e-5065ca3330c2,f679f4cf-c089-4a2b-9b84-b14129630601,f679f4cf-c089-4a2b-9b84-b14129630601,urn:acs.rfis:rfi:f679f4cf-c089-4a2b-9b84-b14129630601/b03f59d3-7897-46cc-83ec-36e8415858d3,501989668,group,2025-07-17 06:26:28.289503
69380186,bf996092-8d66-408a-8d8e-5065ca3330c2,f679f4cf-c089-4a2b-9b84-b14129630601,f679f4cf-c089-4a2b-9b84-b14129630601,urn:acs.rfis:rfi:f679f4cf-c089-4a2b-9b84-b14129630601/b03f59d3-7897-46cc-83ec-36e8415858d3,G5LJ2CH9PRAMRT7X,user,2025-07-17 06:26:28.289549
69673211,bf996092-8d66-408a-8d8e-5065ca3330c2,967e785d-d83c-490b-8d6a-2ed926c956ac,967e785d-d83c-490b-8d6a-2ed926c956ac,urn:acs.rfis:rfi:967e785d-d83c-490b-8d6a-2ed926c956ac/96a263f8-ed22-464e-91e0-cfa64dc3b89b,S762NMGBKUB423MM,user,2025-07-22 04:47:46.07766
69779108,bf996092-8d66-408a-8d8e-5065ca3330c2,f679f4cf-c089-4a2b-9b84-b14129630601,f679f4cf-c089-4a2b-9b84-b14129630601,urn:acs.rfis:rfi:f679f4cf-c089-4a2b-9b84-b14129630601/64d26f6f-7580-4bc1-98ba-8ae54eed99fb,501989665,group,2025-07-23 04:54:36.286516
69779148,bf996092-8d66-408a-8d8e-5065ca3330c2,f679f4cf-c089-4a2b-9b84-b14129630601,f679f4cf-c089-4a2b-9b84-b14129630601,urn:acs.rfis:rfi:f679f4cf-c089-4a2b-9b84-b14129630601/bff81e2b-9089-470d-8f07-7311d06b75a7,501989665,group,2025-07-23 04:59:02.846924
65147910,bf996092-8d66-408a-8d8e-5065ca3330c2,967e785d-d83c-490b-8d6a-2ed926c956ac,967e785d-d83c-490b-8d6a-2ed926c956ac,urn:acs.rfis:rfi:967e785d-d83c-490b-8d6a-2ed926c956ac/bb9665af-a15e-4e99-8e86-9e5464b23c45,C6Z2RETEN3MN8XZF,user,2025-05-13 15:01:50.023087
65473476,bf996092-8d66-408a-8d8e-5065ca3330c2,967e785d-d83c-490b-8d6a-2ed926c956ac,967e785d-d83c-490b-8d6a-2ed926c956ac,urn:acs.rfis:rfi:967e785d-d83c-490b-8d6a-2ed926c956ac/16f0e834-6a58-48ab-b7f8-2c678dcbffaa,WK7J3NJWMTCK9UWQ,user,2025-05-18 12:53:38.345455
65473477,bf996092-8d66-408a-8d8e-5065ca3330c2,967e785d-d83c-490b-8d6a-2ed926c956ac,967e785d-d83c-490b-8d6a-2ed926c956ac,urn:acs.rfis:rfi:967e785d-d83c-490b-8d6a-2ed926c956ac/16f0e834-6a58-48ab-b7f8-2c678dcbffaa,501949008,group,2025-05-18 12:53:55.417998
65473480,bf996092-8d66-408a-8d8e-5065ca3330c2,967e785d-d83c-490b-8d6a-2ed926c956ac,967e785d-d83c-490b-8d6a-2ed926c956ac,urn:acs.rfis:rfi:967e785d-d83c-490b-8d6a-2ed926c956ac/16f0e834-6a58-48ab-b7f8-2c678dcbffaa,501949038,group,2025-05-18 12:53:55.418005
65473481,bf996092-8d66-408a-8d8e-5065ca3330c2,967e785d-d83c-490b-8d6a-2ed926c956ac,967e785d-d83c-490b-8d6a-2ed926c956ac,urn:acs.rfis:rfi:967e785d-d83c-490b-8d6a-2ed926c956ac/16f0e834-6a58-48ab-b7f8-2c678dcbffaa,501949062,group,2025-05-18 12:53:55.418007
65473482,bf996092-8d66-408a-8d8e-5065ca3330c2,967e785d-d83c-490b-8d6a-2ed926c956ac,967e785d-d83c-490b-8d6a-2ed926c956ac,urn:acs.rfis:rfi:967e785d-d83c-490b-8d6a-2ed926c956ac/16f0e834-6a58-48ab-b7f8-2c678dcbffaa,501949065,group,2025-05-18 12:53:55.41801
65473483,bf996092-8d66-408a-8d8e-5065ca3330c2,967e785d-d83c-490b-8d6a-2ed926c956ac,967e785d-d83c-490b-8d6a-2ed926c956ac,urn:acs.rfis:rfi:967e785d-d83c-490b-8d6a-2ed926c956ac/16f0e834-6a58-48ab-b7f8-2c678dcbffaa,501949067,group,2025-05-18 12:53:55.418012
65473484,bf996092-8d66-408a-8d8e-5065ca3330c2,967e785d-d83c-490b-8d6a-2ed926c956ac,967e785d-d83c-490b-8d6a-2ed926c956ac,urn:acs.rfis:rfi:967e785d-d83c-490b-8d6a-2ed926c956ac/16f0e834-6a58-48ab-b7f8-2c678dcbffaa,501949075,group,2025-05-18 12:53:55.418013
65473485,bf996092-8d66-408a-8d8e-5065ca3330c2,967e785d-d83c-490b-8d6a-2ed926c956ac,967e785d-d83c-490b-8d6a-2ed926c956ac,urn:acs.rfis:rfi:967e785d-d83c-490b-8d6a-2ed926c956ac/16f0e834-6a58-48ab-b7f8-2c678dcbffaa,501949064,group,2025-05-18 12:53:55.418016
65473486,bf996092-8d66-408a-8d8e-5065ca3330c2,967e785d-d83c-490b-8d6a-2ed926c956ac,967e785d-d83c-490b-8d6a-2ed926c956ac,urn:acs.rfis:rfi:967e785d-d83c-490b-8d6a-2ed926c956ac/16f0e834-6a58-48ab-b7f8-2c678dcbffaa,501949076,group,2025-05-18 12:53:55.418018
65473487,bf996092-8d66-408a-8d8e-5065ca3330c2,967e785d-d83c-490b-8d6a-2ed926c956ac,967e785d-d83c-490b-8d6a-2ed926c956ac,urn:acs.rfis:rfi:967e785d-d83c-490b-8d6a-2ed926c956ac/16f0e834-6a58-48ab-b7f8-2c678dcbffaa,501949068,group,2025-05-18 12:53:55.41802
65579731,bf996092-8d66-408a-8d8e-5065ca3330c2,f679f4cf-c089-4a2b-9b84-b14129630601,f679f4cf-c089-4a2b-9b84-b14129630601,urn:acs.rfis:rfi:f679f4cf-c089-4a2b-9b84-b14129630601/346cb945-c348-4f4c-8402-11dc4e7e4628,S762NMGBKUB423MM,user,2025-05-20 10:30:16.354386
65579734,bf996092-8d66-408a-8d8e-5065ca3330c2,f679f4cf-c089-4a2b-9b84-b14129630601,f679f4cf-c089-4a2b-9b84-b14129630601,urn:acs.rfis:rfi:f679f4cf-c089-4a2b-9b84-b14129630601/346cb945-c348-4f4c-8402-11dc4e7e4628,501989717,group,2025-05-20 10:30:16.354394
65579735,bf996092-8d66-408a-8d8e-5065ca3330c2,f679f4cf-c089-4a2b-9b84-b14129630601,f679f4cf-c089-4a2b-9b84-b14129630601,urn:acs.rfis:rfi:f679f4cf-c089-4a2b-9b84-b14129630601/346cb945-c348-4f4c-8402-11dc4e7e4628,501989750,group,2025-05-20 10:30:16.354396
65579736,bf996092-8d66-408a-8d8e-5065ca3330c2,f679f4cf-c089-4a2b-9b84-b14129630601,f679f4cf-c089-4a2b-9b84-b14129630601,urn:acs.rfis:rfi:f679f4cf-c089-4a2b-9b84-b14129630601/346cb945-c348-4f4c-8402-11dc4e7e4628,501989757,group,2025-05-20 10:30:16.354398
65579737,bf996092-8d66-408a-8d8e-5065ca3330c2,f679f4cf-c089-4a2b-9b84-b14129630601,f679f4cf-c089-4a2b-9b84-b14129630601,urn:acs.rfis:rfi:f679f4cf-c089-4a2b-9b84-b14129630601/346cb945-c348-4f4c-8402-11dc4e7e4628,501989753,group,2025-05-20 10:30:16.3544
65579738,bf996092-8d66-408a-8d8e-5065ca3330c2,f679f4cf-c089-4a2b-9b84-b14129630601,f679f4cf-c089-4a2b-9b84-b14129630601,urn:acs.rfis:rfi:f679f4cf-c089-4a2b-9b84-b14129630601/346cb945-c348-4f4c-8402-11dc4e7e4628,501989766,group,2025-05-20 10:30:16.354401
65579739,bf996092-8d66-408a-8d8e-5065ca3330c2,f679f4cf-c089-4a2b-9b84-b14129630601,f679f4cf-c089-4a2b-9b84-b14129630601,urn:acs.rfis:rfi:f679f4cf-c089-4a2b-9b84-b14129630601/346cb945-c348-4f4c-8402-11dc4e7e4628,501989751,group,2025-05-20 10:30:16.354403
65579740,bf996092-8d66-408a-8d8e-5065ca3330c2,f679f4cf-c089-4a2b-9b84-b14129630601,f679f4cf-c089-4a2b-9b84-b14129630601,urn:acs.rfis:rfi:f679f4cf-c089-4a2b-9b84-b14129630601/346cb945-c348-4f4c-8402-11dc4e7e4628,501989760,group,2025-05-20 10:30:16.354406
65579741,bf996092-8d66-408a-8d8e-5065ca3330c2,f679f4cf-c089-4a2b-9b84-b14129630601,f679f4cf-c089-4a2b-9b84-b14129630601,urn:acs.rfis:rfi:f679f4cf-c089-4a2b-9b84-b14129630601/346cb945-c348-4f4c-8402-11dc4e7e4628,501989755,group,2025-05-20 10:30:16.354408
65579742,bf996092-8d66-408a-8d8e-5065ca3330c2,f679f4cf-c089-4a2b-9b84-b14129630601,f679f4cf-c089-4a2b-9b84-b14129630601,urn:acs.rfis:rfi:f679f4cf-c089-4a2b-9b84-b14129630601/346cb945-c348-4f4c-8402-11dc4e7e4628,D5ZKMDH5JP7L,user,2025-05-20 10:30:16.35441
65579743,bf996092-8d66-408a-8d8e-5065ca3330c2,f679f4cf-c089-4a2b-9b84-b14129630601,f679f4cf-c089-4a2b-9b84-b14129630601,urn:acs.rfis:rfi:f679f4cf-c089-4a2b-9b84-b14129630601/346cb945-c348-4f4c-8402-11dc4e7e4628,DQ72WAMCK3PT3T58,user,2025-05-20 10:30:16.354412
65579744,bf996092-8d66-408a-8d8e-5065ca3330c2,f679f4cf-c089-4a2b-9b84-b14129630601,f679f4cf-c089-4a2b-9b84-b14129630601,urn:acs.rfis:rfi:f679f4cf-c089-4a2b-9b84-b14129630601/346cb945-c348-4f4c-8402-11dc4e7e4628,CMJ2N3U8MSMRM8ZA,user,2025-05-20 10:30:16.354414
65579745,bf996092-8d66-408a-8d8e-5065ca3330c2,f679f4cf-c089-4a2b-9b84-b14129630601,f679f4cf-c089-4a2b-9b84-b14129630601,urn:acs.rfis:rfi:f679f4cf-c089-4a2b-9b84-b14129630601/346cb945-c348-4f4c-8402-11dc4e7e4628,UVZ2LVH7JFCRPWMD,user,2025-05-20 10:30:16.354416
65579746,bf996092-8d66-408a-8d8e-5065ca3330c2,f679f4cf-c089-4a2b-9b84-b14129630601,f679f4cf-c089-4a2b-9b84-b14129630601,urn:acs.rfis:rfi:f679f4cf-c089-4a2b-9b84-b14129630601/346cb945-c348-4f4c-8402-11dc4e7e4628,HJQ2F2PVKF9BT95Z,user,2025-05-20 10:30:16.354418
65579747,bf996092-8d66-408a-8d8e-5065ca3330c2,f679f4cf-c089-4a2b-9b84-b14129630601,f679f4cf-c089-4a2b-9b84-b14129630601,urn:acs.rfis:rfi:f679f4cf-c089-4a2b-9b84-b14129630601/346cb945-c348-4f4c-8402-11dc4e7e4628,YJV2UM8AM54LC85B,user,2025-05-20 10:30:16.35442
65579748,bf996092-8d66-408a-8d8e-5065ca3330c2,f679f4cf-c089-4a2b-9b84-b14129630601,f679f4cf-c089-4a2b-9b84-b14129630601,urn:acs.rfis:rfi:f679f4cf-c089-4a2b-9b84-b14129630601/346cb945-c348-4f4c-8402-11dc4e7e4628,501989668,group,2025-05-20 10:30:16.354422
65579772,bf996092-8d66-408a-8d8e-5065ca3330c2,f679f4cf-c089-4a2b-9b84-b14129630601,f679f4cf-c089-4a2b-9b84-b14129630601,urn:acs.rfis:rfi:f679f4cf-c089-4a2b-9b84-b14129630601/346cb945-c348-4f4c-8402-11dc4e7e4628,G5LJ2CH9PRAMRT7X,user,2025-05-20 10:30:16.35447
66055906,bf996092-8d66-408a-8d8e-5065ca3330c2,f679f4cf-c089-4a2b-9b84-b14129630601,f679f4cf-c089-4a2b-9b84-b14129630601,urn:acs.rfis:rfi:f679f4cf-c089-4a2b-9b84-b14129630601/45153a66-5422-4e2f-9a8e-0e3713ff9d2f,7XGJKR7GMJ4QN93J,user,2025-05-28 10:43:59.019975
66055907,bf996092-8d66-408a-8d8e-5065ca3330c2,f679f4cf-c089-4a2b-9b84-b14129630601,f679f4cf-c089-4a2b-9b84-b14129630601,urn:acs.rfis:rfi:f679f4cf-c089-4a2b-9b84-b14129630601/45153a66-5422-4e2f-9a8e-0e3713ff9d2f,G5LJ2CH9PRAMRT7X,user,2025-05-28 10:43:59.01998
66055911,bf996092-8d66-408a-8d8e-5065ca3330c2,f679f4cf-c089-4a2b-9b84-b14129630601,f679f4cf-c089-4a2b-9b84-b14129630601,urn:acs.rfis:rfi:f679f4cf-c089-4a2b-9b84-b14129630601/45153a66-5422-4e2f-9a8e-0e3713ff9d2f,501989717,group,2025-05-28 10:43:59.019987
66055912,bf996092-8d66-408a-8d8e-5065ca3330c2,f679f4cf-c089-4a2b-9b84-b14129630601,f679f4cf-c089-4a2b-9b84-b14129630601,urn:acs.rfis:rfi:f679f4cf-c089-4a2b-9b84-b14129630601/45153a66-5422-4e2f-9a8e-0e3713ff9d2f,501989750,group,2025-05-28 10:43:59.019988
66149854,bf996092-8d66-408a-8d8e-5065ca3330c2,967e785d-d83c-490b-8d6a-2ed926c956ac,967e785d-d83c-490b-8d6a-2ed926c956ac,urn:acs.rfis:rfi:967e785d-d83c-490b-8d6a-2ed926c956ac/16f0e834-6a58-48ab-b7f8-2c678dcbffaa,UQ72RJ7QKZSW8XTA,user,2025-05-29 10:28:33.631858
66149855,bf996092-8d66-408a-8d8e-5065ca3330c2,967e785d-d83c-490b-8d6a-2ed926c956ac,967e785d-d83c-490b-8d6a-2ed926c956ac,urn:acs.rfis:rfi:967e785d-d83c-490b-8d6a-2ed926c956ac/16f0e834-6a58-48ab-b7f8-2c678dcbffaa,C6Z2RETEN3MN8XZF,user,2025-05-29 10:28:33.631859
66149856,bf996092-8d66-408a-8d8e-5065ca3330c2,967e785d-d83c-490b-8d6a-2ed926c956ac,967e785d-d83c-490b-8d6a-2ed926c956ac,urn:acs.rfis:rfi:967e785d-d83c-490b-8d6a-2ed926c956ac/16f0e834-6a58-48ab-b7f8-2c678dcbffaa,VYKJ7GRWMX37AKTY,user,2025-05-29 10:28:33.631861
66149857,bf996092-8d66-408a-8d8e-5065ca3330c2,967e785d-d83c-490b-8d6a-2ed926c956ac,967e785d-d83c-490b-8d6a-2ed926c956ac,urn:acs.rfis:rfi:967e785d-d83c-490b-8d6a-2ed926c956ac/16f0e834-6a58-48ab-b7f8-2c678dcbffaa,501949007,group,2025-05-29 10:28:33.631862
70279301,bf996092-8d66-408a-8d8e-5065ca3330c2,967e785d-d83c-490b-8d6a-2ed926c956ac,967e785d-d83c-490b-8d6a-2ed926c956ac,urn:acs.rfis:rfi:967e785d-d83c-490b-8d6a-2ed926c956ac/912a0928-1599-459b-b703-92e9c6ac1f29,501949008,group,2025-07-30 05:37:28.347396
70279302,bf996092-8d66-408a-8d8e-5065ca3330c2,967e785d-d83c-490b-8d6a-2ed926c956ac,967e785d-d83c-490b-8d6a-2ed926c956ac,urn:acs.rfis:rfi:967e785d-d83c-490b-8d6a-2ed926c956ac/912a0928-1599-459b-b703-92e9c6ac1f29,501949038,group,2025-07-30 05:37:28.3474
70279303,bf996092-8d66-408a-8d8e-5065ca3330c2,967e785d-d83c-490b-8d6a-2ed926c956ac,967e785d-d83c-490b-8d6a-2ed926c956ac,urn:acs.rfis:rfi:967e785d-d83c-490b-8d6a-2ed926c956ac/912a0928-1599-459b-b703-92e9c6ac1f29,501949062,group,2025-07-30 05:37:28.347401
70279304,bf996092-8d66-408a-8d8e-5065ca3330c2,967e785d-d83c-490b-8d6a-2ed926c956ac,967e785d-d83c-490b-8d6a-2ed926c956ac,urn:acs.rfis:rfi:967e785d-d83c-490b-8d6a-2ed926c956ac/912a0928-1599-459b-b703-92e9c6ac1f29,501949065,group,2025-07-30 05:37:28.347402
70279305,bf996092-8d66-408a-8d8e-5065ca3330c2,967e785d-d83c-490b-8d6a-2ed926c956ac,967e785d-d83c-490b-8d6a-2ed926c956ac,urn:acs.rfis:rfi:967e785d-d83c-490b-8d6a-2ed926c956ac/912a0928-1599-459b-b703-92e9c6ac1f29,501949067,group,2025-07-30 05:37:28.347403
70279306,bf996092-8d66-408a-8d8e-5065ca3330c2,967e785d-d83c-490b-8d6a-2ed926c956ac,967e785d-d83c-490b-8d6a-2ed926c956ac,urn:acs.rfis:rfi:967e785d-d83c-490b-8d6a-2ed926c956ac/912a0928-1599-459b-b703-92e9c6ac1f29,501949075,group,2025-07-30 05:37:28.347404
70279307,bf996092-8d66-408a-8d8e-5065ca3330c2,967e785d-d83c-490b-8d6a-2ed926c956ac,967e785d-d83c-490b-8d6a-2ed926c956ac,urn:acs.rfis:rfi:967e785d-d83c-490b-8d6a-2ed926c956ac/912a0928-1599-459b-b703-92e9c6ac1f29,501949064,group,2025-07-30 05:37:28.347405
70279308,bf996092-8d66-408a-8d8e-5065ca3330c2,967e785d-d83c-490b-8d6a-2ed926c956ac,967e785d-d83c-490b-8d6a-2ed926c956ac,urn:acs.rfis:rfi:967e785d-d83c-490b-8d6a-2ed926c956ac/912a0928-1599-459b-b703-92e9c6ac1f29,501949076,group,2025-07-30 05:37:28.347406
70279309,bf996092-8d66-408a-8d8e-5065ca3330c2,967e785d-d83c-490b-8d6a-2ed926c956ac,967e785d-d83c-490b-8d6a-2ed926c956ac,urn:acs.rfis:rfi:967e785d-d83c-490b-8d6a-2ed926c956ac/912a0928-1599-459b-b703-92e9c6ac1f29,501949068,group,2025-07-30 05:37:28.347408
70279311,bf996092-8d66-408a-8d8e-5065ca3330c2,967e785d-d83c-490b-8d6a-2ed926c956ac,967e785d-d83c-490b-8d6a-2ed926c956ac,urn:acs.rfis:rfi:967e785d-d83c-490b-8d6a-2ed926c956ac/912a0928-1599-459b-b703-92e9c6ac1f29,WK7J3NJWMTCK9UWQ,user,2025-07-30 05:37:28.347409
70280123,bf996092-8d66-408a-8d8e-5065ca3330c2,967e785d-d83c-490b-8d6a-2ed926c956ac,967e785d-d83c-490b-8d6a-2ed926c956ac,urn:acs.rfis:rfi:967e785d-d83c-490b-8d6a-2ed926c956ac/912a0928-1599-459b-b703-92e9c6ac1f29,CMJ2N3U8MSMRM8ZA,user,2025-07-30 06:10:36.502719
70280124,bf996092-8d66-408a-8d8e-5065ca3330c2,967e785d-d83c-490b-8d6a-2ed926c956ac,967e785d-d83c-490b-8d6a-2ed926c956ac,urn:acs.rfis:rfi:967e785d-d83c-490b-8d6a-2ed926c956ac/912a0928-1599-459b-b703-92e9c6ac1f29,UQ72RJ7QKZSW8XTA,user,2025-07-30 06:10:36.50272
70280125,bf996092-8d66-408a-8d8e-5065ca3330c2,967e785d-d83c-490b-8d6a-2ed926c956ac,967e785d-d83c-490b-8d6a-2ed926c956ac,urn:acs.rfis:rfi:967e785d-d83c-490b-8d6a-2ed926c956ac/912a0928-1599-459b-b703-92e9c6ac1f29,KNL28BHPJJMCM75F,user,2025-07-30 06:10:36.502721
70280126,bf996092-8d66-408a-8d8e-5065ca3330c2,967e785d-d83c-490b-8d6a-2ed926c956ac,967e785d-d83c-490b-8d6a-2ed926c956ac,urn:acs.rfis:rfi:967e785d-d83c-490b-8d6a-2ed926c956ac/912a0928-1599-459b-b703-92e9c6ac1f29,DQ72WAMCK3PT3T58,user,2025-07-30 06:10:36.502722
70280127,bf996092-8d66-408a-8d8e-5065ca3330c2,967e785d-d83c-490b-8d6a-2ed926c956ac,967e785d-d83c-490b-8d6a-2ed926c956ac,urn:acs.rfis:rfi:967e785d-d83c-490b-8d6a-2ed926c956ac/912a0928-1599-459b-b703-92e9c6ac1f29,HAF3KK94JCSG,user,2025-07-30 06:10:36.502723
70280128,bf996092-8d66-408a-8d8e-5065ca3330c2,967e785d-d83c-490b-8d6a-2ed926c956ac,967e785d-d83c-490b-8d6a-2ed926c956ac,urn:acs.rfis:rfi:967e785d-d83c-490b-8d6a-2ed926c956ac/912a0928-1599-459b-b703-92e9c6ac1f29,Y2W2RXA2P4MPP325,user,2025-07-30 06:10:36.502724
66624903,bf996092-8d66-408a-8d8e-5065ca3330c2,967e785d-d83c-490b-8d6a-2ed926c956ac,967e785d-d83c-490b-8d6a-2ed926c956ac,urn:acs.rfis:rfi:967e785d-d83c-490b-8d6a-2ed926c956ac/bcae37c7-7f8f-43ab-974a-debf55497cc3,501949008,group,2025-06-05 11:51:26.102258
66624904,bf996092-8d66-408a-8d8e-5065ca3330c2,967e785d-d83c-490b-8d6a-2ed926c956ac,967e785d-d83c-490b-8d6a-2ed926c956ac,urn:acs.rfis:rfi:967e785d-d83c-490b-8d6a-2ed926c956ac/bcae37c7-7f8f-43ab-974a-debf55497cc3,501949038,group,2025-06-05 11:51:26.102261
66624905,bf996092-8d66-408a-8d8e-5065ca3330c2,967e785d-d83c-490b-8d6a-2ed926c956ac,967e785d-d83c-490b-8d6a-2ed926c956ac,urn:acs.rfis:rfi:967e785d-d83c-490b-8d6a-2ed926c956ac/bcae37c7-7f8f-43ab-974a-debf55497cc3,501949062,group,2025-06-05 11:51:26.102263
66624906,bf996092-8d66-408a-8d8e-5065ca3330c2,967e785d-d83c-490b-8d6a-2ed926c956ac,967e785d-d83c-490b-8d6a-2ed926c956ac,urn:acs.rfis:rfi:967e785d-d83c-490b-8d6a-2ed926c956ac/bcae37c7-7f8f-43ab-974a-debf55497cc3,501949065,group,2025-06-05 11:51:26.102264
66624907,bf996092-8d66-408a-8d8e-5065ca3330c2,967e785d-d83c-490b-8d6a-2ed926c956ac,967e785d-d83c-490b-8d6a-2ed926c956ac,urn:acs.rfis:rfi:967e785d-d83c-490b-8d6a-2ed926c956ac/bcae37c7-7f8f-43ab-974a-debf55497cc3,501949067,group,2025-06-05 11:51:26.102265
66624908,bf996092-8d66-408a-8d8e-5065ca3330c2,967e785d-d83c-490b-8d6a-2ed926c956ac,967e785d-d83c-490b-8d6a-2ed926c956ac,urn:acs.rfis:rfi:967e785d-d83c-490b-8d6a-2ed926c956ac/bcae37c7-7f8f-43ab-974a-debf55497cc3,501949075,group,2025-06-05 11:51:26.102266
66624909,bf996092-8d66-408a-8d8e-5065ca3330c2,967e785d-d83c-490b-8d6a-2ed926c956ac,967e785d-d83c-490b-8d6a-2ed926c956ac,urn:acs.rfis:rfi:967e785d-d83c-490b-8d6a-2ed926c956ac/bcae37c7-7f8f-43ab-974a-debf55497cc3,501949064,group,2025-06-05 11:51:26.102268
66624910,bf996092-8d66-408a-8d8e-5065ca3330c2,967e785d-d83c-490b-8d6a-2ed926c956ac,967e785d-d83c-490b-8d6a-2ed926c956ac,urn:acs.rfis:rfi:967e785d-d83c-490b-8d6a-2ed926c956ac/bcae37c7-7f8f-43ab-974a-debf55497cc3,501949076,group,2025-06-05 11:51:26.102269
66624911,bf996092-8d66-408a-8d8e-5065ca3330c2,967e785d-d83c-490b-8d6a-2ed926c956ac,967e785d-d83c-490b-8d6a-2ed926c956ac,urn:acs.rfis:rfi:967e785d-d83c-490b-8d6a-2ed926c956ac/bcae37c7-7f8f-43ab-974a-debf55497cc3,501949068,group,2025-06-05 11:51:26.102271
66624927,bf996092-8d66-408a-8d8e-5065ca3330c2,967e785d-d83c-490b-8d6a-2ed926c956ac,967e785d-d83c-490b-8d6a-2ed926c956ac,urn:acs.rfis:rfi:967e785d-d83c-490b-8d6a-2ed926c956ac/bcae37c7-7f8f-43ab-974a-debf55497cc3,S762NMGBKUB423MM,user,2025-06-05 11:53:13.678499
66624928,bf996092-8d66-408a-8d8e-5065ca3330c2,967e785d-d83c-490b-8d6a-2ed926c956ac,967e785d-d83c-490b-8d6a-2ed926c956ac,urn:acs.rfis:rfi:967e785d-d83c-490b-8d6a-2ed926c956ac/bcae37c7-7f8f-43ab-974a-debf55497cc3,CMJ2N3U8MSMRM8ZA,user,2025-06-05 11:53:13.678503
66624929,bf996092-8d66-408a-8d8e-5065ca3330c2,967e785d-d83c-490b-8d6a-2ed926c956ac,967e785d-d83c-490b-8d6a-2ed926c956ac,urn:acs.rfis:rfi:967e785d-d83c-490b-8d6a-2ed926c956ac/bcae37c7-7f8f-43ab-974a-debf55497cc3,UQ72RJ7QKZSW8XTA,user,2025-06-05 11:53:13.678505
66624930,bf996092-8d66-408a-8d8e-5065ca3330c2,967e785d-d83c-490b-8d6a-2ed926c956ac,967e785d-d83c-490b-8d6a-2ed926c956ac,urn:acs.rfis:rfi:967e785d-d83c-490b-8d6a-2ed926c956ac/bcae37c7-7f8f-43ab-974a-debf55497cc3,D5ZKMDH5JP7L,user,2025-06-05 11:53:13.678506
66624931,bf996092-8d66-408a-8d8e-5065ca3330c2,967e785d-d83c-490b-8d6a-2ed926c956ac,967e785d-d83c-490b-8d6a-2ed926c956ac,urn:acs.rfis:rfi:967e785d-d83c-490b-8d6a-2ed926c956ac/bcae37c7-7f8f-43ab-974a-debf55497cc3,DQ72WAMCK3PT3T58,user,2025-06-05 11:53:13.678507
66624932,bf996092-8d66-408a-8d8e-5065ca3330c2,967e785d-d83c-490b-8d6a-2ed926c956ac,967e785d-d83c-490b-8d6a-2ed926c956ac,urn:acs.rfis:rfi:967e785d-d83c-490b-8d6a-2ed926c956ac/bcae37c7-7f8f-43ab-974a-debf55497cc3,Y2W2RXA2P4MPP325,user,2025-06-05 11:53:13.678509
66624964,bf996092-8d66-408a-8d8e-5065ca3330c2,967e785d-d83c-490b-8d6a-2ed926c956ac,967e785d-d83c-490b-8d6a-2ed926c956ac,urn:acs.rfis:rfi:967e785d-d83c-490b-8d6a-2ed926c956ac/bcae37c7-7f8f-43ab-974a-debf55497cc3,G5LJ2CH9PRAMRT7X,user,2025-06-05 11:53:13.678546
71562046,bf996092-8d66-408a-8d8e-5065ca3330c2,967e785d-d83c-490b-8d6a-2ed926c956ac,967e785d-d83c-490b-8d6a-2ed926c956ac,urn:acs.rfis:rfi:967e785d-d83c-490b-8d6a-2ed926c956ac/cf8e4bda-8147-4a37-8653-852692a83d1c,U8Q2F3P4M3PWWQXF,user,2025-08-18 08:41:06.602889
66055913,bf996092-8d66-408a-8d8e-5065ca3330c2,f679f4cf-c089-4a2b-9b84-b14129630601,f679f4cf-c089-4a2b-9b84-b14129630601,urn:acs.rfis:rfi:f679f4cf-c089-4a2b-9b84-b14129630601/45153a66-5422-4e2f-9a8e-0e3713ff9d2f,501989757,group,2025-05-28 10:43:59.01999
66055914,bf996092-8d66-408a-8d8e-5065ca3330c2,f679f4cf-c089-4a2b-9b84-b14129630601,f679f4cf-c089-4a2b-9b84-b14129630601,urn:acs.rfis:rfi:f679f4cf-c089-4a2b-9b84-b14129630601/45153a66-5422-4e2f-9a8e-0e3713ff9d2f,501989753,group,2025-05-28 10:43:59.019991
66055915,bf996092-8d66-408a-8d8e-5065ca3330c2,f679f4cf-c089-4a2b-9b84-b14129630601,f679f4cf-c089-4a2b-9b84-b14129630601,urn:acs.rfis:rfi:f679f4cf-c089-4a2b-9b84-b14129630601/45153a66-5422-4e2f-9a8e-0e3713ff9d2f,501989766,group,2025-05-28 10:43:59.019993
66055916,bf996092-8d66-408a-8d8e-5065ca3330c2,f679f4cf-c089-4a2b-9b84-b14129630601,f679f4cf-c089-4a2b-9b84-b14129630601,urn:acs.rfis:rfi:f679f4cf-c089-4a2b-9b84-b14129630601/45153a66-5422-4e2f-9a8e-0e3713ff9d2f,501989751,group,2025-05-28 10:43:59.019994
66055917,bf996092-8d66-408a-8d8e-5065ca3330c2,f679f4cf-c089-4a2b-9b84-b14129630601,f679f4cf-c089-4a2b-9b84-b14129630601,urn:acs.rfis:rfi:f679f4cf-c089-4a2b-9b84-b14129630601/45153a66-5422-4e2f-9a8e-0e3713ff9d2f,501989760,group,2025-05-28 10:43:59.019995
66055918,bf996092-8d66-408a-8d8e-5065ca3330c2,f679f4cf-c089-4a2b-9b84-b14129630601,f679f4cf-c089-4a2b-9b84-b14129630601,urn:acs.rfis:rfi:f679f4cf-c089-4a2b-9b84-b14129630601/45153a66-5422-4e2f-9a8e-0e3713ff9d2f,501989755,group,2025-05-28 10:43:59.019997
66055919,bf996092-8d66-408a-8d8e-5065ca3330c2,f679f4cf-c089-4a2b-9b84-b14129630601,f679f4cf-c089-4a2b-9b84-b14129630601,urn:acs.rfis:rfi:f679f4cf-c089-4a2b-9b84-b14129630601/45153a66-5422-4e2f-9a8e-0e3713ff9d2f,UVZ2LVH7JFCRPWMD,user,2025-05-28 10:43:59.019999
66055920,bf996092-8d66-408a-8d8e-5065ca3330c2,f679f4cf-c089-4a2b-9b84-b14129630601,f679f4cf-c089-4a2b-9b84-b14129630601,urn:acs.rfis:rfi:f679f4cf-c089-4a2b-9b84-b14129630601/45153a66-5422-4e2f-9a8e-0e3713ff9d2f,YJV2UM8AM54LC85B,user,2025-05-28 10:43:59.02
66055921,bf996092-8d66-408a-8d8e-5065ca3330c2,f679f4cf-c089-4a2b-9b84-b14129630601,f679f4cf-c089-4a2b-9b84-b14129630601,urn:acs.rfis:rfi:f679f4cf-c089-4a2b-9b84-b14129630601/45153a66-5422-4e2f-9a8e-0e3713ff9d2f,D5ZKMDH5JP7L,user,2025-05-28 10:43:59.020002
66055922,bf996092-8d66-408a-8d8e-5065ca3330c2,f679f4cf-c089-4a2b-9b84-b14129630601,f679f4cf-c089-4a2b-9b84-b14129630601,urn:acs.rfis:rfi:f679f4cf-c089-4a2b-9b84-b14129630601/45153a66-5422-4e2f-9a8e-0e3713ff9d2f,CMJ2N3U8MSMRM8ZA,user,2025-05-28 10:43:59.020003
66055923,bf996092-8d66-408a-8d8e-5065ca3330c2,f679f4cf-c089-4a2b-9b84-b14129630601,f679f4cf-c089-4a2b-9b84-b14129630601,urn:acs.rfis:rfi:f679f4cf-c089-4a2b-9b84-b14129630601/45153a66-5422-4e2f-9a8e-0e3713ff9d2f,3NGJNZCXN8PBNTRV,user,2025-05-28 10:43:59.020005
66055924,bf996092-8d66-408a-8d8e-5065ca3330c2,f679f4cf-c089-4a2b-9b84-b14129630601,f679f4cf-c089-4a2b-9b84-b14129630601,urn:acs.rfis:rfi:f679f4cf-c089-4a2b-9b84-b14129630601/45153a66-5422-4e2f-9a8e-0e3713ff9d2f,501989668,group,2025-05-28 10:43:59.020006
66056609,bf996092-8d66-408a-8d8e-5065ca3330c2,f679f4cf-c089-4a2b-9b84-b14129630601,f679f4cf-c089-4a2b-9b84-b14129630601,urn:acs.rfis:rfi:f679f4cf-c089-4a2b-9b84-b14129630601/45153a66-5422-4e2f-9a8e-0e3713ff9d2f,FM42EJFZPNC5F3HF,user,2025-05-28 11:13:40.035548
66319674,bf996092-8d66-408a-8d8e-5065ca3330c2,967e785d-d83c-490b-8d6a-2ed926c956ac,967e785d-d83c-490b-8d6a-2ed926c956ac,urn:acs.rfis:rfi:967e785d-d83c-490b-8d6a-2ed926c956ac/05050ce4-7eb8-47c5-b0d7-2463271de5c6,WK7J3NJWMTCK9UWQ,user,2025-06-01 09:38:16.497523
66319676,bf996092-8d66-408a-8d8e-5065ca3330c2,967e785d-d83c-490b-8d6a-2ed926c956ac,967e785d-d83c-490b-8d6a-2ed926c956ac,urn:acs.rfis:rfi:967e785d-d83c-490b-8d6a-2ed926c956ac/05050ce4-7eb8-47c5-b0d7-2463271de5c6,U8Q2F3P4M3PWWQXF,user,2025-06-01 09:40:24.916983
66319677,bf996092-8d66-408a-8d8e-5065ca3330c2,967e785d-d83c-490b-8d6a-2ed926c956ac,967e785d-d83c-490b-8d6a-2ed926c956ac,urn:acs.rfis:rfi:967e785d-d83c-490b-8d6a-2ed926c956ac/05050ce4-7eb8-47c5-b0d7-2463271de5c6,UQ72RJ7QKZSW8XTA,user,2025-06-01 09:40:24.916986
66319678,bf996092-8d66-408a-8d8e-5065ca3330c2,967e785d-d83c-490b-8d6a-2ed926c956ac,967e785d-d83c-490b-8d6a-2ed926c956ac,urn:acs.rfis:rfi:967e785d-d83c-490b-8d6a-2ed926c956ac/05050ce4-7eb8-47c5-b0d7-2463271de5c6,VYKJ7GRWMX37AKTY,user,2025-06-01 09:40:24.916988
66319679,bf996092-8d66-408a-8d8e-5065ca3330c2,967e785d-d83c-490b-8d6a-2ed926c956ac,967e785d-d83c-490b-8d6a-2ed926c956ac,urn:acs.rfis:rfi:967e785d-d83c-490b-8d6a-2ed926c956ac/05050ce4-7eb8-47c5-b0d7-2463271de5c6,KNL28BHPJJMCM75F,user,2025-06-01 09:40:24.916989
66319680,bf996092-8d66-408a-8d8e-5065ca3330c2,967e785d-d83c-490b-8d6a-2ed926c956ac,967e785d-d83c-490b-8d6a-2ed926c956ac,urn:acs.rfis:rfi:967e785d-d83c-490b-8d6a-2ed926c956ac/05050ce4-7eb8-47c5-b0d7-2463271de5c6,HAF3KK94JCSG,user,2025-06-01 09:40:24.91699
66319681,bf996092-8d66-408a-8d8e-5065ca3330c2,967e785d-d83c-490b-8d6a-2ed926c956ac,967e785d-d83c-490b-8d6a-2ed926c956ac,urn:acs.rfis:rfi:967e785d-d83c-490b-8d6a-2ed926c956ac/05050ce4-7eb8-47c5-b0d7-2463271de5c6,Y2W2RXA2P4MPP325,user,2025-06-01 09:40:24.916991
66319682,bf996092-8d66-408a-8d8e-5065ca3330c2,967e785d-d83c-490b-8d6a-2ed926c956ac,967e785d-d83c-490b-8d6a-2ed926c956ac,urn:acs.rfis:rfi:967e785d-d83c-490b-8d6a-2ed926c956ac/05050ce4-7eb8-47c5-b0d7-2463271de5c6,501949008,group,2025-06-01 09:41:44.417845
66319683,bf996092-8d66-408a-8d8e-5065ca3330c2,967e785d-d83c-490b-8d6a-2ed926c956ac,967e785d-d83c-490b-8d6a-2ed926c956ac,urn:acs.rfis:rfi:967e785d-d83c-490b-8d6a-2ed926c956ac/05050ce4-7eb8-47c5-b0d7-2463271de5c6,501949038,group,2025-06-01 09:41:44.417849
66319684,bf996092-8d66-408a-8d8e-5065ca3330c2,967e785d-d83c-490b-8d6a-2ed926c956ac,967e785d-d83c-490b-8d6a-2ed926c956ac,urn:acs.rfis:rfi:967e785d-d83c-490b-8d6a-2ed926c956ac/05050ce4-7eb8-47c5-b0d7-2463271de5c6,501949062,group,2025-06-01 09:41:44.41785
66319685,bf996092-8d66-408a-8d8e-5065ca3330c2,967e785d-d83c-490b-8d6a-2ed926c956ac,967e785d-d83c-490b-8d6a-2ed926c956ac,urn:acs.rfis:rfi:967e785d-d83c-490b-8d6a-2ed926c956ac/05050ce4-7eb8-47c5-b0d7-2463271de5c6,501949065,group,2025-06-01 09:41:44.417851
66319686,bf996092-8d66-408a-8d8e-5065ca3330c2,967e785d-d83c-490b-8d6a-2ed926c956ac,967e785d-d83c-490b-8d6a-2ed926c956ac,urn:acs.rfis:rfi:967e785d-d83c-490b-8d6a-2ed926c956ac/05050ce4-7eb8-47c5-b0d7-2463271de5c6,501949067,group,2025-06-01 09:41:44.417852
66319687,bf996092-8d66-408a-8d8e-5065ca3330c2,967e785d-d83c-490b-8d6a-2ed926c956ac,967e785d-d83c-490b-8d6a-2ed926c956ac,urn:acs.rfis:rfi:967e785d-d83c-490b-8d6a-2ed926c956ac/05050ce4-7eb8-47c5-b0d7-2463271de5c6,501949075,group,2025-06-01 09:41:44.417853
66319688,bf996092-8d66-408a-8d8e-5065ca3330c2,967e785d-d83c-490b-8d6a-2ed926c956ac,967e785d-d83c-490b-8d6a-2ed926c956ac,urn:acs.rfis:rfi:967e785d-d83c-490b-8d6a-2ed926c956ac/05050ce4-7eb8-47c5-b0d7-2463271de5c6,501949064,group,2025-06-01 09:41:44.417854
66319689,bf996092-8d66-408a-8d8e-5065ca3330c2,967e785d-d83c-490b-8d6a-2ed926c956ac,967e785d-d83c-490b-8d6a-2ed926c956ac,urn:acs.rfis:rfi:967e785d-d83c-490b-8d6a-2ed926c956ac/05050ce4-7eb8-47c5-b0d7-2463271de5c6,501949076,group,2025-06-01 09:41:44.417855
66319690,bf996092-8d66-408a-8d8e-5065ca3330c2,967e785d-d83c-490b-8d6a-2ed926c956ac,967e785d-d83c-490b-8d6a-2ed926c956ac,urn:acs.rfis:rfi:967e785d-d83c-490b-8d6a-2ed926c956ac/05050ce4-7eb8-47c5-b0d7-2463271de5c6,501949068,group,2025-06-01 09:41:44.417856
66319691,bf996092-8d66-408a-8d8e-5065ca3330c2,967e785d-d83c-490b-8d6a-2ed926c956ac,967e785d-d83c-490b-8d6a-2ed926c956ac,urn:acs.rfis:rfi:967e785d-d83c-490b-8d6a-2ed926c956ac/f605a63b-e2dd-47bc-9ecd-f071b7aadeb7,WK7J3NJWMTCK9UWQ,user,2025-06-01 09:45:22.937729
66319693,bf996092-8d66-408a-8d8e-5065ca3330c2,967e785d-d83c-490b-8d6a-2ed926c956ac,967e785d-d83c-490b-8d6a-2ed926c956ac,urn:acs.rfis:rfi:967e785d-d83c-490b-8d6a-2ed926c956ac/f605a63b-e2dd-47bc-9ecd-f071b7aadeb7,Q8AJCWZUMM834EBP,user,2025-06-01 09:46:56.793763
66319694,bf996092-8d66-408a-8d8e-5065ca3330c2,967e785d-d83c-490b-8d6a-2ed926c956ac,967e785d-d83c-490b-8d6a-2ed926c956ac,urn:acs.rfis:rfi:967e785d-d83c-490b-8d6a-2ed926c956ac/f605a63b-e2dd-47bc-9ecd-f071b7aadeb7,U8Q2F3P4M3PWWQXF,user,2025-06-01 09:46:56.793766
66319695,bf996092-8d66-408a-8d8e-5065ca3330c2,967e785d-d83c-490b-8d6a-2ed926c956ac,967e785d-d83c-490b-8d6a-2ed926c956ac,urn:acs.rfis:rfi:967e785d-d83c-490b-8d6a-2ed926c956ac/f605a63b-e2dd-47bc-9ecd-f071b7aadeb7,UQ72RJ7QKZSW8XTA,user,2025-06-01 09:46:56.793768
66319696,bf996092-8d66-408a-8d8e-5065ca3330c2,967e785d-d83c-490b-8d6a-2ed926c956ac,967e785d-d83c-490b-8d6a-2ed926c956ac,urn:acs.rfis:rfi:967e785d-d83c-490b-8d6a-2ed926c956ac/f605a63b-e2dd-47bc-9ecd-f071b7aadeb7,VYKJ7GRWMX37AKTY,user,2025-06-01 09:46:56.793769
66319697,bf996092-8d66-408a-8d8e-5065ca3330c2,967e785d-d83c-490b-8d6a-2ed926c956ac,967e785d-d83c-490b-8d6a-2ed926c956ac,urn:acs.rfis:rfi:967e785d-d83c-490b-8d6a-2ed926c956ac/f605a63b-e2dd-47bc-9ecd-f071b7aadeb7,KNL28BHPJJMCM75F,user,2025-06-01 09:46:56.79377
66319698,bf996092-8d66-408a-8d8e-5065ca3330c2,967e785d-d83c-490b-8d6a-2ed926c956ac,967e785d-d83c-490b-8d6a-2ed926c956ac,urn:acs.rfis:rfi:967e785d-d83c-490b-8d6a-2ed926c956ac/f605a63b-e2dd-47bc-9ecd-f071b7aadeb7,DQ72WAMCK3PT3T58,user,2025-06-01 09:46:56.793771
66319700,bf996092-8d66-408a-8d8e-5065ca3330c2,967e785d-d83c-490b-8d6a-2ed926c956ac,967e785d-d83c-490b-8d6a-2ed926c956ac,urn:acs.rfis:rfi:967e785d-d83c-490b-8d6a-2ed926c956ac/f605a63b-e2dd-47bc-9ecd-f071b7aadeb7,HAF3KK94JCSG,user,2025-06-01 09:46:56.793773
66319701,bf996092-8d66-408a-8d8e-5065ca3330c2,967e785d-d83c-490b-8d6a-2ed926c956ac,967e785d-d83c-490b-8d6a-2ed926c956ac,urn:acs.rfis:rfi:967e785d-d83c-490b-8d6a-2ed926c956ac/f605a63b-e2dd-47bc-9ecd-f071b7aadeb7,Y2W2RXA2P4MPP325,user,2025-06-01 09:46:56.793774
66319711,bf996092-8d66-408a-8d8e-5065ca3330c2,967e785d-d83c-490b-8d6a-2ed926c956ac,967e785d-d83c-490b-8d6a-2ed926c956ac,urn:acs.rfis:rfi:967e785d-d83c-490b-8d6a-2ed926c956ac/f605a63b-e2dd-47bc-9ecd-f071b7aadeb7,501949008,group,2025-06-01 09:47:19.549095
66319712,bf996092-8d66-408a-8d8e-5065ca3330c2,967e785d-d83c-490b-8d6a-2ed926c956ac,967e785d-d83c-490b-8d6a-2ed926c956ac,urn:acs.rfis:rfi:967e785d-d83c-490b-8d6a-2ed926c956ac/f605a63b-e2dd-47bc-9ecd-f071b7aadeb7,501949038,group,2025-06-01 09:47:19.549098
66319713,bf996092-8d66-408a-8d8e-5065ca3330c2,967e785d-d83c-490b-8d6a-2ed926c956ac,967e785d-d83c-490b-8d6a-2ed926c956ac,urn:acs.rfis:rfi:967e785d-d83c-490b-8d6a-2ed926c956ac/f605a63b-e2dd-47bc-9ecd-f071b7aadeb7,501949062,group,2025-06-01 09:47:19.549099
66319714,bf996092-8d66-408a-8d8e-5065ca3330c2,967e785d-d83c-490b-8d6a-2ed926c956ac,967e785d-d83c-490b-8d6a-2ed926c956ac,urn:acs.rfis:rfi:967e785d-d83c-490b-8d6a-2ed926c956ac/f605a63b-e2dd-47bc-9ecd-f071b7aadeb7,501949065,group,2025-06-01 09:47:19.549101
66319715,bf996092-8d66-408a-8d8e-5065ca3330c2,967e785d-d83c-490b-8d6a-2ed926c956ac,967e785d-d83c-490b-8d6a-2ed926c956ac,urn:acs.rfis:rfi:967e785d-d83c-490b-8d6a-2ed926c956ac/f605a63b-e2dd-47bc-9ecd-f071b7aadeb7,501949067,group,2025-06-01 09:47:19.549103
66319716,bf996092-8d66-408a-8d8e-5065ca3330c2,967e785d-d83c-490b-8d6a-2ed926c956ac,967e785d-d83c-490b-8d6a-2ed926c956ac,urn:acs.rfis:rfi:967e785d-d83c-490b-8d6a-2ed926c956ac/f605a63b-e2dd-47bc-9ecd-f071b7aadeb7,501949075,group,2025-06-01 09:47:19.549104
66319717,bf996092-8d66-408a-8d8e-5065ca3330c2,967e785d-d83c-490b-8d6a-2ed926c956ac,967e785d-d83c-490b-8d6a-2ed926c956ac,urn:acs.rfis:rfi:967e785d-d83c-490b-8d6a-2ed926c956ac/f605a63b-e2dd-47bc-9ecd-f071b7aadeb7,501949064,group,2025-06-01 09:47:19.549105
66319718,bf996092-8d66-408a-8d8e-5065ca3330c2,967e785d-d83c-490b-8d6a-2ed926c956ac,967e785d-d83c-490b-8d6a-2ed926c956ac,urn:acs.rfis:rfi:967e785d-d83c-490b-8d6a-2ed926c956ac/f605a63b-e2dd-47bc-9ecd-f071b7aadeb7,501949076,group,2025-06-01 09:47:19.549106
66319719,bf996092-8d66-408a-8d8e-5065ca3330c2,967e785d-d83c-490b-8d6a-2ed926c956ac,967e785d-d83c-490b-8d6a-2ed926c956ac,urn:acs.rfis:rfi:967e785d-d83c-490b-8d6a-2ed926c956ac/f605a63b-e2dd-47bc-9ecd-f071b7aadeb7,501949068,group,2025-06-01 09:47:19.549107
66320660,bf996092-8d66-408a-8d8e-5065ca3330c2,967e785d-d83c-490b-8d6a-2ed926c956ac,967e785d-d83c-490b-8d6a-2ed926c956ac,urn:acs.rfis:rfi:967e785d-d83c-490b-8d6a-2ed926c956ac/f605a63b-e2dd-47bc-9ecd-f071b7aadeb7,G5LJ2CH9PRAMRT7X,user,2025-06-01 10:59:09.678554
66320661,bf996092-8d66-408a-8d8e-5065ca3330c2,967e785d-d83c-490b-8d6a-2ed926c956ac,967e785d-d83c-490b-8d6a-2ed926c956ac,urn:acs.rfis:rfi:967e785d-d83c-490b-8d6a-2ed926c956ac/f605a63b-e2dd-47bc-9ecd-f071b7aadeb7,D5ZKMDH5JP7L,user,2025-06-01 10:59:09.678557
66320662,bf996092-8d66-408a-8d8e-5065ca3330c2,967e785d-d83c-490b-8d6a-2ed926c956ac,967e785d-d83c-490b-8d6a-2ed926c956ac,urn:acs.rfis:rfi:967e785d-d83c-490b-8d6a-2ed926c956ac/f605a63b-e2dd-47bc-9ecd-f071b7aadeb7,67E2T63RRMUGH3NG,user,2025-06-01 10:59:46.984651
66320694,bf996092-8d66-408a-8d8e-5065ca3330c2,967e785d-d83c-490b-8d6a-2ed926c956ac,967e785d-d83c-490b-8d6a-2ed926c956ac,urn:acs.rfis:rfi:967e785d-d83c-490b-8d6a-2ed926c956ac/f605a63b-e2dd-47bc-9ecd-f071b7aadeb7,S762NMGBKUB423MM,user,2025-06-01 10:59:46.984686
66320710,bf996092-8d66-408a-8d8e-5065ca3330c2,967e785d-d83c-490b-8d6a-2ed926c956ac,967e785d-d83c-490b-8d6a-2ed926c956ac,urn:acs.rfis:rfi:967e785d-d83c-490b-8d6a-2ed926c956ac/05050ce4-7eb8-47c5-b0d7-2463271de5c6,67E2T63RRMUGH3NG,user,2025-06-01 11:01:53.467586
66320711,bf996092-8d66-408a-8d8e-5065ca3330c2,967e785d-d83c-490b-8d6a-2ed926c956ac,967e785d-d83c-490b-8d6a-2ed926c956ac,urn:acs.rfis:rfi:967e785d-d83c-490b-8d6a-2ed926c956ac/05050ce4-7eb8-47c5-b0d7-2463271de5c6,D5ZKMDH5JP7L,user,2025-06-01 11:01:53.46759
66320743,bf996092-8d66-408a-8d8e-5065ca3330c2,967e785d-d83c-490b-8d6a-2ed926c956ac,967e785d-d83c-490b-8d6a-2ed926c956ac,urn:acs.rfis:rfi:967e785d-d83c-490b-8d6a-2ed926c956ac/05050ce4-7eb8-47c5-b0d7-2463271de5c6,S762NMGBKUB423MM,user,2025-06-01 11:01:53.467622
66320744,bf996092-8d66-408a-8d8e-5065ca3330c2,967e785d-d83c-490b-8d6a-2ed926c956ac,967e785d-d83c-490b-8d6a-2ed926c956ac,urn:acs.rfis:rfi:967e785d-d83c-490b-8d6a-2ed926c956ac/05050ce4-7eb8-47c5-b0d7-2463271de5c6,G5LJ2CH9PRAMRT7X,user,2025-06-01 11:01:53.467623
66422291,bf996092-8d66-408a-8d8e-5065ca3330c2,967e785d-d83c-490b-8d6a-2ed926c956ac,967e785d-d83c-490b-8d6a-2ed926c956ac,urn:acs.rfis:rfi:967e785d-d83c-490b-8d6a-2ed926c956ac/703cfc1d-6e3f-4588-8cce-bb97d726d407,67E2T63RRMUGH3NG,user,2025-06-03 10:39:01.505775
66422292,bf996092-8d66-408a-8d8e-5065ca3330c2,967e785d-d83c-490b-8d6a-2ed926c956ac,967e785d-d83c-490b-8d6a-2ed926c956ac,urn:acs.rfis:rfi:967e785d-d83c-490b-8d6a-2ed926c956ac/703cfc1d-6e3f-4588-8cce-bb97d726d407,CMJ2N3U8MSMRM8ZA,user,2025-06-03 10:39:01.505779
66422295,bf996092-8d66-408a-8d8e-5065ca3330c2,967e785d-d83c-490b-8d6a-2ed926c956ac,967e785d-d83c-490b-8d6a-2ed926c956ac,urn:acs.rfis:rfi:967e785d-d83c-490b-8d6a-2ed926c956ac/703cfc1d-6e3f-4588-8cce-bb97d726d407,S762NMGBKUB423MM,user,2025-06-03 10:39:01.505782
66416436,bf996092-8d66-408a-8d8e-5065ca3330c2,967e785d-d83c-490b-8d6a-2ed926c956ac,967e785d-d83c-490b-8d6a-2ed926c956ac,urn:acs.rfis:rfi:967e785d-d83c-490b-8d6a-2ed926c956ac/05050ce4-7eb8-47c5-b0d7-2463271de5c6,501949007,group,2025-06-03 06:07:50.545436
70487482,bf996092-8d66-408a-8d8e-5065ca3330c2,967e785d-d83c-490b-8d6a-2ed926c956ac,967e785d-d83c-490b-8d6a-2ed926c956ac,urn:acs.rfis:rfi:967e785d-d83c-490b-8d6a-2ed926c956ac/529f384b-b4b3-49bb-b473-b2921e49e125,CMJ2N3U8MSMRM8ZA,user,2025-08-01 12:10:18.415586
70487483,bf996092-8d66-408a-8d8e-5065ca3330c2,967e785d-d83c-490b-8d6a-2ed926c956ac,967e785d-d83c-490b-8d6a-2ed926c956ac,urn:acs.rfis:rfi:967e785d-d83c-490b-8d6a-2ed926c956ac/529f384b-b4b3-49bb-b473-b2921e49e125,G5LJ2CH9PRAMRT7X,user,2025-08-01 12:10:18.415588
70487484,bf996092-8d66-408a-8d8e-5065ca3330c2,967e785d-d83c-490b-8d6a-2ed926c956ac,967e785d-d83c-490b-8d6a-2ed926c956ac,urn:acs.rfis:rfi:967e785d-d83c-490b-8d6a-2ed926c956ac/529f384b-b4b3-49bb-b473-b2921e49e125,C6Z2RETEN3MN8XZF,user,2025-08-01 12:10:18.415589
70487485,bf996092-8d66-408a-8d8e-5065ca3330c2,967e785d-d83c-490b-8d6a-2ed926c956ac,967e785d-d83c-490b-8d6a-2ed926c956ac,urn:acs.rfis:rfi:967e785d-d83c-490b-8d6a-2ed926c956ac/529f384b-b4b3-49bb-b473-b2921e49e125,VYKJ7GRWMX37AKTY,user,2025-08-01 12:10:18.41559
70487486,bf996092-8d66-408a-8d8e-5065ca3330c2,967e785d-d83c-490b-8d6a-2ed926c956ac,967e785d-d83c-490b-8d6a-2ed926c956ac,urn:acs.rfis:rfi:967e785d-d83c-490b-8d6a-2ed926c956ac/529f384b-b4b3-49bb-b473-b2921e49e125,D5ZKMDH5JP7L,user,2025-08-01 12:10:18.415591
70487487,bf996092-8d66-408a-8d8e-5065ca3330c2,967e785d-d83c-490b-8d6a-2ed926c956ac,967e785d-d83c-490b-8d6a-2ed926c956ac,urn:acs.rfis:rfi:967e785d-d83c-490b-8d6a-2ed926c956ac/529f384b-b4b3-49bb-b473-b2921e49e125,MXG2L5VEMSKN8SVN,user,2025-08-01 12:10:18.415592
70487488,bf996092-8d66-408a-8d8e-5065ca3330c2,967e785d-d83c-490b-8d6a-2ed926c956ac,967e785d-d83c-490b-8d6a-2ed926c956ac,urn:acs.rfis:rfi:967e785d-d83c-490b-8d6a-2ed926c956ac/529f384b-b4b3-49bb-b473-b2921e49e125,KNL28BHPJJMCM75F,user,2025-08-01 12:10:18.415593
70487489,bf996092-8d66-408a-8d8e-5065ca3330c2,967e785d-d83c-490b-8d6a-2ed926c956ac,967e785d-d83c-490b-8d6a-2ed926c956ac,urn:acs.rfis:rfi:967e785d-d83c-490b-8d6a-2ed926c956ac/529f384b-b4b3-49bb-b473-b2921e49e125,Y2W2RXA2P4MPP325,user,2025-08-01 12:10:18.415594
70487490,bf996092-8d66-408a-8d8e-5065ca3330c2,967e785d-d83c-490b-8d6a-2ed926c956ac,967e785d-d83c-490b-8d6a-2ed926c956ac,urn:acs.rfis:rfi:967e785d-d83c-490b-8d6a-2ed926c956ac/529f384b-b4b3-49bb-b473-b2921e49e125,DQ72WAMCK3PT3T58,user,2025-08-01 12:10:18.415595
70487508,bf996092-8d66-408a-8d8e-5065ca3330c2,967e785d-d83c-490b-8d6a-2ed926c956ac,967e785d-d83c-490b-8d6a-2ed926c956ac,urn:acs.rfis:rfi:967e785d-d83c-490b-8d6a-2ed926c956ac/529f384b-b4b3-49bb-b473-b2921e49e125,67E2T63RRMUGH3NG,user,2025-08-01 12:10:18.415612
70550058,bf996092-8d66-408a-8d8e-5065ca3330c2,f679f4cf-c089-4a2b-9b84-b14129630601,f679f4cf-c089-4a2b-9b84-b14129630601,urn:acs.rfis:rfi:f679f4cf-c089-4a2b-9b84-b14129630601/b03f59d3-7897-46cc-83ec-36e8415858d3,501989665,group,2025-08-02 05:31:45.63378
70550563,bf996092-8d66-408a-8d8e-5065ca3330c2,967e785d-d83c-490b-8d6a-2ed926c956ac,967e785d-d83c-490b-8d6a-2ed926c956ac,urn:acs.rfis:rfi:967e785d-d83c-490b-8d6a-2ed926c956ac/64ba1333-14ae-405b-88c4-869d2810e5b2,U3NUK6M4J2TJ,user,2025-08-02 08:51:42.746664
70656961,bf996092-8d66-408a-8d8e-5065ca3330c2,967e785d-d83c-490b-8d6a-2ed926c956ac,967e785d-d83c-490b-8d6a-2ed926c956ac,urn:acs.rfis:rfi:967e785d-d83c-490b-8d6a-2ed926c956ac/529f384b-b4b3-49bb-b473-b2921e49e125,501949007,group,2025-08-05 03:54:32.961713
70954864,bf996092-8d66-408a-8d8e-5065ca3330c2,967e785d-d83c-490b-8d6a-2ed926c956ac,967e785d-d83c-490b-8d6a-2ed926c956ac,urn:acs.rfis:rfi:967e785d-d83c-490b-8d6a-2ed926c956ac/912a0928-1599-459b-b703-92e9c6ac1f29,501949007,group,2025-08-08 05:46:45.21049
70961418,bf996092-8d66-408a-8d8e-5065ca3330c2,967e785d-d83c-490b-8d6a-2ed926c956ac,967e785d-d83c-490b-8d6a-2ed926c956ac,urn:acs.rfis:rfi:967e785d-d83c-490b-8d6a-2ed926c956ac/5a12549f-3642-4f79-be20-4a54f670a66a,WK7J3NJWMTCK9UWQ,user,2025-08-08 10:23:08.037981
70961419,bf996092-8d66-408a-8d8e-5065ca3330c2,967e785d-d83c-490b-8d6a-2ed926c956ac,967e785d-d83c-490b-8d6a-2ed926c956ac,urn:acs.rfis:rfi:967e785d-d83c-490b-8d6a-2ed926c956ac/5a12549f-3642-4f79-be20-4a54f670a66a,501949008,group,2025-08-08 10:23:12.840115
70961420,bf996092-8d66-408a-8d8e-5065ca3330c2,967e785d-d83c-490b-8d6a-2ed926c956ac,967e785d-d83c-490b-8d6a-2ed926c956ac,urn:acs.rfis:rfi:967e785d-d83c-490b-8d6a-2ed926c956ac/5a12549f-3642-4f79-be20-4a54f670a66a,501949038,group,2025-08-08 10:23:12.840118
70961421,bf996092-8d66-408a-8d8e-5065ca3330c2,967e785d-d83c-490b-8d6a-2ed926c956ac,967e785d-d83c-490b-8d6a-2ed926c956ac,urn:acs.rfis:rfi:967e785d-d83c-490b-8d6a-2ed926c956ac/5a12549f-3642-4f79-be20-4a54f670a66a,501949062,group,2025-08-08 10:23:12.84012
70961422,bf996092-8d66-408a-8d8e-5065ca3330c2,967e785d-d83c-490b-8d6a-2ed926c956ac,967e785d-d83c-490b-8d6a-2ed926c956ac,urn:acs.rfis:rfi:967e785d-d83c-490b-8d6a-2ed926c956ac/5a12549f-3642-4f79-be20-4a54f670a66a,501949065,group,2025-08-08 10:23:12.840121
70961423,bf996092-8d66-408a-8d8e-5065ca3330c2,967e785d-d83c-490b-8d6a-2ed926c956ac,967e785d-d83c-490b-8d6a-2ed926c956ac,urn:acs.rfis:rfi:967e785d-d83c-490b-8d6a-2ed926c956ac/5a12549f-3642-4f79-be20-4a54f670a66a,501949067,group,2025-08-08 10:23:12.840122
70961424,bf996092-8d66-408a-8d8e-5065ca3330c2,967e785d-d83c-490b-8d6a-2ed926c956ac,967e785d-d83c-490b-8d6a-2ed926c956ac,urn:acs.rfis:rfi:967e785d-d83c-490b-8d6a-2ed926c956ac/5a12549f-3642-4f79-be20-4a54f670a66a,501949075,group,2025-08-08 10:23:12.840123
70961425,bf996092-8d66-408a-8d8e-5065ca3330c2,967e785d-d83c-490b-8d6a-2ed926c956ac,967e785d-d83c-490b-8d6a-2ed926c956ac,urn:acs.rfis:rfi:967e785d-d83c-490b-8d6a-2ed926c956ac/5a12549f-3642-4f79-be20-4a54f670a66a,501949064,group,2025-08-08 10:23:12.840124
70961426,bf996092-8d66-408a-8d8e-5065ca3330c2,967e785d-d83c-490b-8d6a-2ed926c956ac,967e785d-d83c-490b-8d6a-2ed926c956ac,urn:acs.rfis:rfi:967e785d-d83c-490b-8d6a-2ed926c956ac/5a12549f-3642-4f79-be20-4a54f670a66a,501949076,group,2025-08-08 10:23:12.840125
70961427,bf996092-8d66-408a-8d8e-5065ca3330c2,967e785d-d83c-490b-8d6a-2ed926c956ac,967e785d-d83c-490b-8d6a-2ed926c956ac,urn:acs.rfis:rfi:967e785d-d83c-490b-8d6a-2ed926c956ac/5a12549f-3642-4f79-be20-4a54f670a66a,501949068,group,2025-08-08 10:23:12.840126
71049735,bf996092-8d66-408a-8d8e-5065ca3330c2,967e785d-d83c-490b-8d6a-2ed926c956ac,967e785d-d83c-490b-8d6a-2ed926c956ac,urn:acs.rfis:rfi:967e785d-d83c-490b-8d6a-2ed926c956ac/cd7c713a-ae11-4092-9580-89bc58188aa8,CMJ2N3U8MSMRM8ZA,user,2025-08-11 00:44:34.167648
71049736,bf996092-8d66-408a-8d8e-5065ca3330c2,967e785d-d83c-490b-8d6a-2ed926c956ac,967e785d-d83c-490b-8d6a-2ed926c956ac,urn:acs.rfis:rfi:967e785d-d83c-490b-8d6a-2ed926c956ac/cd7c713a-ae11-4092-9580-89bc58188aa8,UQ72RJ7QKZSW8XTA,user,2025-08-11 00:44:34.167651
71049737,bf996092-8d66-408a-8d8e-5065ca3330c2,967e785d-d83c-490b-8d6a-2ed926c956ac,967e785d-d83c-490b-8d6a-2ed926c956ac,urn:acs.rfis:rfi:967e785d-d83c-490b-8d6a-2ed926c956ac/cd7c713a-ae11-4092-9580-89bc58188aa8,VYKJ7GRWMX37AKTY,user,2025-08-11 00:44:34.167653
71049738,bf996092-8d66-408a-8d8e-5065ca3330c2,967e785d-d83c-490b-8d6a-2ed926c956ac,967e785d-d83c-490b-8d6a-2ed926c956ac,urn:acs.rfis:rfi:967e785d-d83c-490b-8d6a-2ed926c956ac/cd7c713a-ae11-4092-9580-89bc58188aa8,D5ZKMDH5JP7L,user,2025-08-11 00:44:34.167654
71049739,bf996092-8d66-408a-8d8e-5065ca3330c2,967e785d-d83c-490b-8d6a-2ed926c956ac,967e785d-d83c-490b-8d6a-2ed926c956ac,urn:acs.rfis:rfi:967e785d-d83c-490b-8d6a-2ed926c956ac/cd7c713a-ae11-4092-9580-89bc58188aa8,DQ72WAMCK3PT3T58,user,2025-08-11 00:44:34.167655
71049740,bf996092-8d66-408a-8d8e-5065ca3330c2,967e785d-d83c-490b-8d6a-2ed926c956ac,967e785d-d83c-490b-8d6a-2ed926c956ac,urn:acs.rfis:rfi:967e785d-d83c-490b-8d6a-2ed926c956ac/cd7c713a-ae11-4092-9580-89bc58188aa8,Y2W2RXA2P4MPP325,user,2025-08-11 00:44:34.167656
71049759,bf996092-8d66-408a-8d8e-5065ca3330c2,967e785d-d83c-490b-8d6a-2ed926c956ac,967e785d-d83c-490b-8d6a-2ed926c956ac,urn:acs.rfis:rfi:967e785d-d83c-490b-8d6a-2ed926c956ac/cd7c713a-ae11-4092-9580-89bc58188aa8,67E2T63RRMUGH3NG,user,2025-08-11 00:44:59.958107
71049775,bf996092-8d66-408a-8d8e-5065ca3330c2,967e785d-d83c-490b-8d6a-2ed926c956ac,967e785d-d83c-490b-8d6a-2ed926c956ac,urn:acs.rfis:rfi:967e785d-d83c-490b-8d6a-2ed926c956ac/cd7c713a-ae11-4092-9580-89bc58188aa8,G5LJ2CH9PRAMRT7X,user,2025-08-11 00:44:59.958123
71049786,bf996092-8d66-408a-8d8e-5065ca3330c2,967e785d-d83c-490b-8d6a-2ed926c956ac,967e785d-d83c-490b-8d6a-2ed926c956ac,urn:acs.rfis:rfi:967e785d-d83c-490b-8d6a-2ed926c956ac/5a12549f-3642-4f79-be20-4a54f670a66a,CMJ2N3U8MSMRM8ZA,user,2025-08-11 00:49:04.089978
71049787,bf996092-8d66-408a-8d8e-5065ca3330c2,967e785d-d83c-490b-8d6a-2ed926c956ac,967e785d-d83c-490b-8d6a-2ed926c956ac,urn:acs.rfis:rfi:967e785d-d83c-490b-8d6a-2ed926c956ac/5a12549f-3642-4f79-be20-4a54f670a66a,UQ72RJ7QKZSW8XTA,user,2025-08-11 00:49:04.089982
71049788,bf996092-8d66-408a-8d8e-5065ca3330c2,967e785d-d83c-490b-8d6a-2ed926c956ac,967e785d-d83c-490b-8d6a-2ed926c956ac,urn:acs.rfis:rfi:967e785d-d83c-490b-8d6a-2ed926c956ac/5a12549f-3642-4f79-be20-4a54f670a66a,VYKJ7GRWMX37AKTY,user,2025-08-11 00:49:04.089983
71049789,bf996092-8d66-408a-8d8e-5065ca3330c2,967e785d-d83c-490b-8d6a-2ed926c956ac,967e785d-d83c-490b-8d6a-2ed926c956ac,urn:acs.rfis:rfi:967e785d-d83c-490b-8d6a-2ed926c956ac/5a12549f-3642-4f79-be20-4a54f670a66a,D5ZKMDH5JP7L,user,2025-08-11 00:49:04.089984
71049790,bf996092-8d66-408a-8d8e-5065ca3330c2,967e785d-d83c-490b-8d6a-2ed926c956ac,967e785d-d83c-490b-8d6a-2ed926c956ac,urn:acs.rfis:rfi:967e785d-d83c-490b-8d6a-2ed926c956ac/5a12549f-3642-4f79-be20-4a54f670a66a,KDBLMPH5JM9X,user,2025-08-11 00:49:04.089985
71049791,bf996092-8d66-408a-8d8e-5065ca3330c2,967e785d-d83c-490b-8d6a-2ed926c956ac,967e785d-d83c-490b-8d6a-2ed926c956ac,urn:acs.rfis:rfi:967e785d-d83c-490b-8d6a-2ed926c956ac/5a12549f-3642-4f79-be20-4a54f670a66a,KNL28BHPJJMCM75F,user,2025-08-11 00:49:04.089986
71049792,bf996092-8d66-408a-8d8e-5065ca3330c2,967e785d-d83c-490b-8d6a-2ed926c956ac,967e785d-d83c-490b-8d6a-2ed926c956ac,urn:acs.rfis:rfi:967e785d-d83c-490b-8d6a-2ed926c956ac/5a12549f-3642-4f79-be20-4a54f670a66a,DQ72WAMCK3PT3T58,user,2025-08-11 00:49:04.089988
71049793,bf996092-8d66-408a-8d8e-5065ca3330c2,967e785d-d83c-490b-8d6a-2ed926c956ac,967e785d-d83c-490b-8d6a-2ed926c956ac,urn:acs.rfis:rfi:967e785d-d83c-490b-8d6a-2ed926c956ac/5a12549f-3642-4f79-be20-4a54f670a66a,Y2W2RXA2P4MPP325,user,2025-08-11 00:49:04.089989
71049795,bf996092-8d66-408a-8d8e-5065ca3330c2,967e785d-d83c-490b-8d6a-2ed926c956ac,967e785d-d83c-490b-8d6a-2ed926c956ac,urn:acs.rfis:rfi:967e785d-d83c-490b-8d6a-2ed926c956ac/5a12549f-3642-4f79-be20-4a54f670a66a,S762NMGBKUB423MM,user,2025-08-11 00:49:18.509287
71049813,bf996092-8d66-408a-8d8e-5065ca3330c2,967e785d-d83c-490b-8d6a-2ed926c956ac,967e785d-d83c-490b-8d6a-2ed926c956ac,urn:acs.rfis:rfi:967e785d-d83c-490b-8d6a-2ed926c956ac/5a12549f-3642-4f79-be20-4a54f670a66a,67E2T63RRMUGH3NG,user,2025-08-11 00:49:18.509308
71049829,bf996092-8d66-408a-8d8e-5065ca3330c2,967e785d-d83c-490b-8d6a-2ed926c956ac,967e785d-d83c-490b-8d6a-2ed926c956ac,urn:acs.rfis:rfi:967e785d-d83c-490b-8d6a-2ed926c956ac/5a12549f-3642-4f79-be20-4a54f670a66a,G5LJ2CH9PRAMRT7X,user,2025-08-11 00:49:18.509324
71557397,bf996092-8d66-408a-8d8e-5065ca3330c2,967e785d-d83c-490b-8d6a-2ed926c956ac,967e785d-d83c-490b-8d6a-2ed926c956ac,urn:acs.rfis:rfi:967e785d-d83c-490b-8d6a-2ed926c956ac/71eb57cc-d3df-4afb-88eb-d3014399addc,U8Q2F3P4M3PWWQXF,user,2025-08-18 06:23:36.164846
71557398,bf996092-8d66-408a-8d8e-5065ca3330c2,967e785d-d83c-490b-8d6a-2ed926c956ac,967e785d-d83c-490b-8d6a-2ed926c956ac,urn:acs.rfis:rfi:967e785d-d83c-490b-8d6a-2ed926c956ac/71eb57cc-d3df-4afb-88eb-d3014399addc,67E2T63RRMUGH3NG,user,2025-08-18 06:23:36.16485
71557399,bf996092-8d66-408a-8d8e-5065ca3330c2,967e785d-d83c-490b-8d6a-2ed926c956ac,967e785d-d83c-490b-8d6a-2ed926c956ac,urn:acs.rfis:rfi:967e785d-d83c-490b-8d6a-2ed926c956ac/71eb57cc-d3df-4afb-88eb-d3014399addc,501949038,group,2025-08-18 06:23:36.164851
71557400,bf996092-8d66-408a-8d8e-5065ca3330c2,967e785d-d83c-490b-8d6a-2ed926c956ac,967e785d-d83c-490b-8d6a-2ed926c956ac,urn:acs.rfis:rfi:967e785d-d83c-490b-8d6a-2ed926c956ac/71eb57cc-d3df-4afb-88eb-d3014399addc,501949062,group,2025-08-18 06:23:36.164852
71557401,bf996092-8d66-408a-8d8e-5065ca3330c2,967e785d-d83c-490b-8d6a-2ed926c956ac,967e785d-d83c-490b-8d6a-2ed926c956ac,urn:acs.rfis:rfi:967e785d-d83c-490b-8d6a-2ed926c956ac/71eb57cc-d3df-4afb-88eb-d3014399addc,501949065,group,2025-08-18 06:23:36.164853
71557402,bf996092-8d66-408a-8d8e-5065ca3330c2,967e785d-d83c-490b-8d6a-2ed926c956ac,967e785d-d83c-490b-8d6a-2ed926c956ac,urn:acs.rfis:rfi:967e785d-d83c-490b-8d6a-2ed926c956ac/71eb57cc-d3df-4afb-88eb-d3014399addc,501949067,group,2025-08-18 06:23:36.164854
71557403,bf996092-8d66-408a-8d8e-5065ca3330c2,967e785d-d83c-490b-8d6a-2ed926c956ac,967e785d-d83c-490b-8d6a-2ed926c956ac,urn:acs.rfis:rfi:967e785d-d83c-490b-8d6a-2ed926c956ac/71eb57cc-d3df-4afb-88eb-d3014399addc,501949075,group,2025-08-18 06:23:36.164855
71557404,bf996092-8d66-408a-8d8e-5065ca3330c2,967e785d-d83c-490b-8d6a-2ed926c956ac,967e785d-d83c-490b-8d6a-2ed926c956ac,urn:acs.rfis:rfi:967e785d-d83c-490b-8d6a-2ed926c956ac/71eb57cc-d3df-4afb-88eb-d3014399addc,501949064,group,2025-08-18 06:23:36.164856
71557405,bf996092-8d66-408a-8d8e-5065ca3330c2,967e785d-d83c-490b-8d6a-2ed926c956ac,967e785d-d83c-490b-8d6a-2ed926c956ac,urn:acs.rfis:rfi:967e785d-d83c-490b-8d6a-2ed926c956ac/71eb57cc-d3df-4afb-88eb-d3014399addc,501949076,group,2025-08-18 06:23:36.164857
71557406,bf996092-8d66-408a-8d8e-5065ca3330c2,967e785d-d83c-490b-8d6a-2ed926c956ac,967e785d-d83c-490b-8d6a-2ed926c956ac,urn:acs.rfis:rfi:967e785d-d83c-490b-8d6a-2ed926c956ac/71eb57cc-d3df-4afb-88eb-d3014399addc,501949068,group,2025-08-18 06:23:36.164858
71557407,bf996092-8d66-408a-8d8e-5065ca3330c2,967e785d-d83c-490b-8d6a-2ed926c956ac,967e785d-d83c-490b-8d6a-2ed926c956ac,urn:acs.rfis:rfi:967e785d-d83c-490b-8d6a-2ed926c956ac/71eb57cc-d3df-4afb-88eb-d3014399addc,CMJ2N3U8MSMRM8ZA,user,2025-08-18 06:23:36.164859
71557408,bf996092-8d66-408a-8d8e-5065ca3330c2,967e785d-d83c-490b-8d6a-2ed926c956ac,967e785d-d83c-490b-8d6a-2ed926c956ac,urn:acs.rfis:rfi:967e785d-d83c-490b-8d6a-2ed926c956ac/71eb57cc-d3df-4afb-88eb-d3014399addc,C6Z2RETEN3MN8XZF,user,2025-08-18 06:23:36.16486
71557409,bf996092-8d66-408a-8d8e-5065ca3330c2,967e785d-d83c-490b-8d6a-2ed926c956ac,967e785d-d83c-490b-8d6a-2ed926c956ac,urn:acs.rfis:rfi:967e785d-d83c-490b-8d6a-2ed926c956ac/71eb57cc-d3df-4afb-88eb-d3014399addc,VYKJ7GRWMX37AKTY,user,2025-08-18 06:23:36.164862
71557410,bf996092-8d66-408a-8d8e-5065ca3330c2,967e785d-d83c-490b-8d6a-2ed926c956ac,967e785d-d83c-490b-8d6a-2ed926c956ac,urn:acs.rfis:rfi:967e785d-d83c-490b-8d6a-2ed926c956ac/71eb57cc-d3df-4afb-88eb-d3014399addc,D5ZKMDH5JP7L,user,2025-08-18 06:23:36.164862
71557411,bf996092-8d66-408a-8d8e-5065ca3330c2,967e785d-d83c-490b-8d6a-2ed926c956ac,967e785d-d83c-490b-8d6a-2ed926c956ac,urn:acs.rfis:rfi:967e785d-d83c-490b-8d6a-2ed926c956ac/71eb57cc-d3df-4afb-88eb-d3014399addc,KDBLMPH5JM9X,user,2025-08-18 06:23:36.164863
71557412,bf996092-8d66-408a-8d8e-5065ca3330c2,967e785d-d83c-490b-8d6a-2ed926c956ac,967e785d-d83c-490b-8d6a-2ed926c956ac,urn:acs.rfis:rfi:967e785d-d83c-490b-8d6a-2ed926c956ac/71eb57cc-d3df-4afb-88eb-d3014399addc,KNL28BHPJJMCM75F,user,2025-08-18 06:23:36.164864
71557413,bf996092-8d66-408a-8d8e-5065ca3330c2,967e785d-d83c-490b-8d6a-2ed926c956ac,967e785d-d83c-490b-8d6a-2ed926c956ac,urn:acs.rfis:rfi:967e785d-d83c-490b-8d6a-2ed926c956ac/71eb57cc-d3df-4afb-88eb-d3014399addc,MXG2L5VEMSKN8SVN,user,2025-08-18 06:23:36.164865
71557414,bf996092-8d66-408a-8d8e-5065ca3330c2,967e785d-d83c-490b-8d6a-2ed926c956ac,967e785d-d83c-490b-8d6a-2ed926c956ac,urn:acs.rfis:rfi:967e785d-d83c-490b-8d6a-2ed926c956ac/71eb57cc-d3df-4afb-88eb-d3014399addc,DQ72WAMCK3PT3T58,user,2025-08-18 06:23:36.164866
71557415,bf996092-8d66-408a-8d8e-5065ca3330c2,967e785d-d83c-490b-8d6a-2ed926c956ac,967e785d-d83c-490b-8d6a-2ed926c956ac,urn:acs.rfis:rfi:967e785d-d83c-490b-8d6a-2ed926c956ac/71eb57cc-d3df-4afb-88eb-d3014399addc,MJU2FLVXJAQLGRH7,user,2025-08-18 06:23:36.164867
71557416,bf996092-8d66-408a-8d8e-5065ca3330c2,967e785d-d83c-490b-8d6a-2ed926c956ac,967e785d-d83c-490b-8d6a-2ed926c956ac,urn:acs.rfis:rfi:967e785d-d83c-490b-8d6a-2ed926c956ac/71eb57cc-d3df-4afb-88eb-d3014399addc,WK7J3NJWMTCK9UWQ,user,2025-08-18 06:23:36.164868
71557417,bf996092-8d66-408a-8d8e-5065ca3330c2,967e785d-d83c-490b-8d6a-2ed926c956ac,967e785d-d83c-490b-8d6a-2ed926c956ac,urn:acs.rfis:rfi:967e785d-d83c-490b-8d6a-2ed926c956ac/71eb57cc-d3df-4afb-88eb-d3014399addc,Y2W2RXA2P4MPP325,user,2025-08-18 06:23:36.164869
71557418,bf996092-8d66-408a-8d8e-5065ca3330c2,967e785d-d83c-490b-8d6a-2ed926c956ac,967e785d-d83c-490b-8d6a-2ed926c956ac,urn:acs.rfis:rfi:967e785d-d83c-490b-8d6a-2ed926c956ac/71eb57cc-d3df-4afb-88eb-d3014399addc,501949008,group,2025-08-18 06:23:36.16487
71557419,bf996092-8d66-408a-8d8e-5065ca3330c2,967e785d-d83c-490b-8d6a-2ed926c956ac,967e785d-d83c-490b-8d6a-2ed926c956ac,urn:acs.rfis:rfi:967e785d-d83c-490b-8d6a-2ed926c956ac/71eb57cc-d3df-4afb-88eb-d3014399addc,S762NMGBKUB423MM,user,2025-08-18 06:23:36.164871
71557420,bf996092-8d66-408a-8d8e-5065ca3330c2,967e785d-d83c-490b-8d6a-2ed926c956ac,967e785d-d83c-490b-8d6a-2ed926c956ac,urn:acs.rfis:rfi:967e785d-d83c-490b-8d6a-2ed926c956ac/71eb57cc-d3df-4afb-88eb-d3014399addc,501949122,group,2025-08-18 06:23:36.164872
71557421,bf996092-8d66-408a-8d8e-5065ca3330c2,967e785d-d83c-490b-8d6a-2ed926c956ac,967e785d-d83c-490b-8d6a-2ed926c956ac,urn:acs.rfis:rfi:967e785d-d83c-490b-8d6a-2ed926c956ac/71eb57cc-d3df-4afb-88eb-d3014399addc,501949120,group,2025-08-18 06:23:36.164873
71557422,bf996092-8d66-408a-8d8e-5065ca3330c2,967e785d-d83c-490b-8d6a-2ed926c956ac,967e785d-d83c-490b-8d6a-2ed926c956ac,urn:acs.rfis:rfi:967e785d-d83c-490b-8d6a-2ed926c956ac/71eb57cc-d3df-4afb-88eb-d3014399addc,501949118,group,2025-08-18 06:23:36.164874
71557423,bf996092-8d66-408a-8d8e-5065ca3330c2,967e785d-d83c-490b-8d6a-2ed926c956ac,967e785d-d83c-490b-8d6a-2ed926c956ac,urn:acs.rfis:rfi:967e785d-d83c-490b-8d6a-2ed926c956ac/71eb57cc-d3df-4afb-88eb-d3014399addc,501949054,group,2025-08-18 06:23:36.164875
71557424,bf996092-8d66-408a-8d8e-5065ca3330c2,967e785d-d83c-490b-8d6a-2ed926c956ac,967e785d-d83c-490b-8d6a-2ed926c956ac,urn:acs.rfis:rfi:967e785d-d83c-490b-8d6a-2ed926c956ac/71eb57cc-d3df-4afb-88eb-d3014399addc,501949086,group,2025-08-18 06:23:36.164876
71557425,bf996092-8d66-408a-8d8e-5065ca3330c2,967e785d-d83c-490b-8d6a-2ed926c956ac,967e785d-d83c-490b-8d6a-2ed926c956ac,urn:acs.rfis:rfi:967e785d-d83c-490b-8d6a-2ed926c956ac/71eb57cc-d3df-4afb-88eb-d3014399addc,501949084,group,2025-08-18 06:23:36.164877
71557426,bf996092-8d66-408a-8d8e-5065ca3330c2,967e785d-d83c-490b-8d6a-2ed926c956ac,967e785d-d83c-490b-8d6a-2ed926c956ac,urn:acs.rfis:rfi:967e785d-d83c-490b-8d6a-2ed926c956ac/71eb57cc-d3df-4afb-88eb-d3014399addc,501949088,group,2025-08-18 06:23:36.164878
71557427,bf996092-8d66-408a-8d8e-5065ca3330c2,967e785d-d83c-490b-8d6a-2ed926c956ac,967e785d-d83c-490b-8d6a-2ed926c956ac,urn:acs.rfis:rfi:967e785d-d83c-490b-8d6a-2ed926c956ac/71eb57cc-d3df-4afb-88eb-d3014399addc,501949089,group,2025-08-18 06:23:36.164879
71557428,bf996092-8d66-408a-8d8e-5065ca3330c2,967e785d-d83c-490b-8d6a-2ed926c956ac,967e785d-d83c-490b-8d6a-2ed926c956ac,urn:acs.rfis:rfi:967e785d-d83c-490b-8d6a-2ed926c956ac/71eb57cc-d3df-4afb-88eb-d3014399addc,501949091,group,2025-08-18 06:23:36.16488
71557429,bf996092-8d66-408a-8d8e-5065ca3330c2,967e785d-d83c-490b-8d6a-2ed926c956ac,967e785d-d83c-490b-8d6a-2ed926c956ac,urn:acs.rfis:rfi:967e785d-d83c-490b-8d6a-2ed926c956ac/71eb57cc-d3df-4afb-88eb-d3014399addc,501949085,group,2025-08-18 06:23:36.164881
71557430,bf996092-8d66-408a-8d8e-5065ca3330c2,967e785d-d83c-490b-8d6a-2ed926c956ac,967e785d-d83c-490b-8d6a-2ed926c956ac,urn:acs.rfis:rfi:967e785d-d83c-490b-8d6a-2ed926c956ac/71eb57cc-d3df-4afb-88eb-d3014399addc,501949090,group,2025-08-18 06:23:36.164882
71557431,bf996092-8d66-408a-8d8e-5065ca3330c2,967e785d-d83c-490b-8d6a-2ed926c956ac,967e785d-d83c-490b-8d6a-2ed926c956ac,urn:acs.rfis:rfi:967e785d-d83c-490b-8d6a-2ed926c956ac/71eb57cc-d3df-4afb-88eb-d3014399addc,501949119,group,2025-08-18 06:23:36.164883
71557432,bf996092-8d66-408a-8d8e-5065ca3330c2,967e785d-d83c-490b-8d6a-2ed926c956ac,967e785d-d83c-490b-8d6a-2ed926c956ac,urn:acs.rfis:rfi:967e785d-d83c-490b-8d6a-2ed926c956ac/71eb57cc-d3df-4afb-88eb-d3014399addc,501949108,group,2025-08-18 06:23:36.164883
68891206,bf996092-8d66-408a-8d8e-5065ca3330c2,f6ab14eb-1a66-4ea5-8a0f-0afbda444403,f6ab14eb-1a66-4ea5-8a0f-0afbda444403,urn:acs.rfis:rfi:f6ab14eb-1a66-4ea5-8a0f-0afbda444403/dab585c9-a66f-4494-9db2-798dc6fc7e3e,ZR82A9P9NTQM2CS6,user,2025-07-10 13:19:16.807835
68891207,bf996092-8d66-408a-8d8e-5065ca3330c2,f6ab14eb-1a66-4ea5-8a0f-0afbda444403,f6ab14eb-1a66-4ea5-8a0f-0afbda444403,urn:acs.rfis:rfi:f6ab14eb-1a66-4ea5-8a0f-0afbda444403/dab585c9-a66f-4494-9db2-798dc6fc7e3e,56E2WKNZLVXE6PJS,user,2025-07-10 13:19:16.807837
68891208,bf996092-8d66-408a-8d8e-5065ca3330c2,f6ab14eb-1a66-4ea5-8a0f-0afbda444403,f6ab14eb-1a66-4ea5-8a0f-0afbda444403,urn:acs.rfis:rfi:f6ab14eb-1a66-4ea5-8a0f-0afbda444403/dab585c9-a66f-4494-9db2-798dc6fc7e3e,531853797,group,2025-07-10 13:19:16.807838
69056807,bf996092-8d66-408a-8d8e-5065ca3330c2,f679f4cf-c089-4a2b-9b84-b14129630601,f679f4cf-c089-4a2b-9b84-b14129630601,urn:acs.rfis:rfi:f679f4cf-c089-4a2b-9b84-b14129630601/87adb94e-c40f-4f41-be00-b99e961003af,FM42EJFZPNC5F3HF,user,2025-07-14 06:31:57.080304
69480987,bf996092-8d66-408a-8d8e-5065ca3330c2,967e785d-d83c-490b-8d6a-2ed926c956ac,967e785d-d83c-490b-8d6a-2ed926c956ac,urn:acs.rfis:rfi:967e785d-d83c-490b-8d6a-2ed926c956ac/c1f224e8-c8d7-4d3e-9ca9-66288b4b943e,S762NMGBKUB423MM,user,2025-07-18 09:03:28.791252
69480988,bf996092-8d66-408a-8d8e-5065ca3330c2,967e785d-d83c-490b-8d6a-2ed926c956ac,967e785d-d83c-490b-8d6a-2ed926c956ac,urn:acs.rfis:rfi:967e785d-d83c-490b-8d6a-2ed926c956ac/c1f224e8-c8d7-4d3e-9ca9-66288b4b943e,G5LJ2CH9PRAMRT7X,user,2025-07-18 09:03:28.791256
69480989,bf996092-8d66-408a-8d8e-5065ca3330c2,967e785d-d83c-490b-8d6a-2ed926c956ac,967e785d-d83c-490b-8d6a-2ed926c956ac,urn:acs.rfis:rfi:967e785d-d83c-490b-8d6a-2ed926c956ac/c1f224e8-c8d7-4d3e-9ca9-66288b4b943e,UQ72RJ7QKZSW8XTA,user,2025-07-18 09:03:28.791258
69480990,bf996092-8d66-408a-8d8e-5065ca3330c2,967e785d-d83c-490b-8d6a-2ed926c956ac,967e785d-d83c-490b-8d6a-2ed926c956ac,urn:acs.rfis:rfi:967e785d-d83c-490b-8d6a-2ed926c956ac/c1f224e8-c8d7-4d3e-9ca9-66288b4b943e,VYKJ7GRWMX37AKTY,user,2025-07-18 09:03:28.791259
69480991,bf996092-8d66-408a-8d8e-5065ca3330c2,967e785d-d83c-490b-8d6a-2ed926c956ac,967e785d-d83c-490b-8d6a-2ed926c956ac,urn:acs.rfis:rfi:967e785d-d83c-490b-8d6a-2ed926c956ac/c1f224e8-c8d7-4d3e-9ca9-66288b4b943e,KNL28BHPJJMCM75F,user,2025-07-18 09:03:28.791261
69480992,bf996092-8d66-408a-8d8e-5065ca3330c2,967e785d-d83c-490b-8d6a-2ed926c956ac,967e785d-d83c-490b-8d6a-2ed926c956ac,urn:acs.rfis:rfi:967e785d-d83c-490b-8d6a-2ed926c956ac/c1f224e8-c8d7-4d3e-9ca9-66288b4b943e,DQ72WAMCK3PT3T58,user,2025-07-18 09:03:28.791262
69480993,bf996092-8d66-408a-8d8e-5065ca3330c2,967e785d-d83c-490b-8d6a-2ed926c956ac,967e785d-d83c-490b-8d6a-2ed926c956ac,urn:acs.rfis:rfi:967e785d-d83c-490b-8d6a-2ed926c956ac/c1f224e8-c8d7-4d3e-9ca9-66288b4b943e,Y2W2RXA2P4MPP325,user,2025-07-18 09:03:28.791263
69481011,bf996092-8d66-408a-8d8e-5065ca3330c2,967e785d-d83c-490b-8d6a-2ed926c956ac,967e785d-d83c-490b-8d6a-2ed926c956ac,urn:acs.rfis:rfi:967e785d-d83c-490b-8d6a-2ed926c956ac/c1f224e8-c8d7-4d3e-9ca9-66288b4b943e,67E2T63RRMUGH3NG,user,2025-07-18 09:03:28.791288
69481384,bf996092-8d66-408a-8d8e-5065ca3330c2,967e785d-d83c-490b-8d6a-2ed926c956ac,967e785d-d83c-490b-8d6a-2ed926c956ac,urn:acs.rfis:rfi:967e785d-d83c-490b-8d6a-2ed926c956ac/96a263f8-ed22-464e-91e0-cfa64dc3b89b,CMJ2N3U8MSMRM8ZA,user,2025-07-18 09:18:40.077596
69481385,bf996092-8d66-408a-8d8e-5065ca3330c2,967e785d-d83c-490b-8d6a-2ed926c956ac,967e785d-d83c-490b-8d6a-2ed926c956ac,urn:acs.rfis:rfi:967e785d-d83c-490b-8d6a-2ed926c956ac/96a263f8-ed22-464e-91e0-cfa64dc3b89b,UQ72RJ7QKZSW8XTA,user,2025-07-18 09:18:40.077597
69481386,bf996092-8d66-408a-8d8e-5065ca3330c2,967e785d-d83c-490b-8d6a-2ed926c956ac,967e785d-d83c-490b-8d6a-2ed926c956ac,urn:acs.rfis:rfi:967e785d-d83c-490b-8d6a-2ed926c956ac/96a263f8-ed22-464e-91e0-cfa64dc3b89b,VYKJ7GRWMX37AKTY,user,2025-07-18 09:18:40.077599
69481387,bf996092-8d66-408a-8d8e-5065ca3330c2,967e785d-d83c-490b-8d6a-2ed926c956ac,967e785d-d83c-490b-8d6a-2ed926c956ac,urn:acs.rfis:rfi:967e785d-d83c-490b-8d6a-2ed926c956ac/96a263f8-ed22-464e-91e0-cfa64dc3b89b,KNL28BHPJJMCM75F,user,2025-07-18 09:18:40.0776
69481388,bf996092-8d66-408a-8d8e-5065ca3330c2,967e785d-d83c-490b-8d6a-2ed926c956ac,967e785d-d83c-490b-8d6a-2ed926c956ac,urn:acs.rfis:rfi:967e785d-d83c-490b-8d6a-2ed926c956ac/96a263f8-ed22-464e-91e0-cfa64dc3b89b,DQ72WAMCK3PT3T58,user,2025-07-18 09:18:40.077601
69481389,bf996092-8d66-408a-8d8e-5065ca3330c2,967e785d-d83c-490b-8d6a-2ed926c956ac,967e785d-d83c-490b-8d6a-2ed926c956ac,urn:acs.rfis:rfi:967e785d-d83c-490b-8d6a-2ed926c956ac/96a263f8-ed22-464e-91e0-cfa64dc3b89b,Y2W2RXA2P4MPP325,user,2025-07-18 09:18:40.077602
69481407,bf996092-8d66-408a-8d8e-5065ca3330c2,967e785d-d83c-490b-8d6a-2ed926c956ac,967e785d-d83c-490b-8d6a-2ed926c956ac,urn:acs.rfis:rfi:967e785d-d83c-490b-8d6a-2ed926c956ac/96a263f8-ed22-464e-91e0-cfa64dc3b89b,67E2T63RRMUGH3NG,user,2025-07-18 09:18:40.07762
69481423,bf996092-8d66-408a-8d8e-5065ca3330c2,967e785d-d83c-490b-8d6a-2ed926c956ac,967e785d-d83c-490b-8d6a-2ed926c956ac,urn:acs.rfis:rfi:967e785d-d83c-490b-8d6a-2ed926c956ac/96a263f8-ed22-464e-91e0-cfa64dc3b89b,G5LJ2CH9PRAMRT7X,user,2025-07-18 09:18:40.077637
69581429,bf996092-8d66-408a-8d8e-5065ca3330c2,967e785d-d83c-490b-8d6a-2ed926c956ac,967e785d-d83c-490b-8d6a-2ed926c956ac,urn:acs.rfis:rfi:967e785d-d83c-490b-8d6a-2ed926c956ac/2623b592-b957-46c8-868e-77cb4788d069,501949008,group,2025-07-21 11:42:05.827605
69581430,bf996092-8d66-408a-8d8e-5065ca3330c2,967e785d-d83c-490b-8d6a-2ed926c956ac,967e785d-d83c-490b-8d6a-2ed926c956ac,urn:acs.rfis:rfi:967e785d-d83c-490b-8d6a-2ed926c956ac/2623b592-b957-46c8-868e-77cb4788d069,501949038,group,2025-07-21 11:42:05.827609
69581431,bf996092-8d66-408a-8d8e-5065ca3330c2,967e785d-d83c-490b-8d6a-2ed926c956ac,967e785d-d83c-490b-8d6a-2ed926c956ac,urn:acs.rfis:rfi:967e785d-d83c-490b-8d6a-2ed926c956ac/2623b592-b957-46c8-868e-77cb4788d069,501949062,group,2025-07-21 11:42:05.82761
69581432,bf996092-8d66-408a-8d8e-5065ca3330c2,967e785d-d83c-490b-8d6a-2ed926c956ac,967e785d-d83c-490b-8d6a-2ed926c956ac,urn:acs.rfis:rfi:967e785d-d83c-490b-8d6a-2ed926c956ac/2623b592-b957-46c8-868e-77cb4788d069,501949065,group,2025-07-21 11:42:05.827611
69581433,bf996092-8d66-408a-8d8e-5065ca3330c2,967e785d-d83c-490b-8d6a-2ed926c956ac,967e785d-d83c-490b-8d6a-2ed926c956ac,urn:acs.rfis:rfi:967e785d-d83c-490b-8d6a-2ed926c956ac/2623b592-b957-46c8-868e-77cb4788d069,501949067,group,2025-07-21 11:42:05.827612
69581434,bf996092-8d66-408a-8d8e-5065ca3330c2,967e785d-d83c-490b-8d6a-2ed926c956ac,967e785d-d83c-490b-8d6a-2ed926c956ac,urn:acs.rfis:rfi:967e785d-d83c-490b-8d6a-2ed926c956ac/2623b592-b957-46c8-868e-77cb4788d069,501949075,group,2025-07-21 11:42:05.827613
69581435,bf996092-8d66-408a-8d8e-5065ca3330c2,967e785d-d83c-490b-8d6a-2ed926c956ac,967e785d-d83c-490b-8d6a-2ed926c956ac,urn:acs.rfis:rfi:967e785d-d83c-490b-8d6a-2ed926c956ac/2623b592-b957-46c8-868e-77cb4788d069,501949064,group,2025-07-21 11:42:05.827614
69581436,bf996092-8d66-408a-8d8e-5065ca3330c2,967e785d-d83c-490b-8d6a-2ed926c956ac,967e785d-d83c-490b-8d6a-2ed926c956ac,urn:acs.rfis:rfi:967e785d-d83c-490b-8d6a-2ed926c956ac/2623b592-b957-46c8-868e-77cb4788d069,501949076,group,2025-07-21 11:42:05.827615
69581437,bf996092-8d66-408a-8d8e-5065ca3330c2,967e785d-d83c-490b-8d6a-2ed926c956ac,967e785d-d83c-490b-8d6a-2ed926c956ac,urn:acs.rfis:rfi:967e785d-d83c-490b-8d6a-2ed926c956ac/2623b592-b957-46c8-868e-77cb4788d069,501949068,group,2025-07-21 11:42:05.827616
69581504,bf996092-8d66-408a-8d8e-5065ca3330c2,967e785d-d83c-490b-8d6a-2ed926c956ac,967e785d-d83c-490b-8d6a-2ed926c956ac,urn:acs.rfis:rfi:967e785d-d83c-490b-8d6a-2ed926c956ac/2623b592-b957-46c8-868e-77cb4788d069,CMJ2N3U8MSMRM8ZA,user,2025-07-21 11:43:07.211408
69581505,bf996092-8d66-408a-8d8e-5065ca3330c2,967e785d-d83c-490b-8d6a-2ed926c956ac,967e785d-d83c-490b-8d6a-2ed926c956ac,urn:acs.rfis:rfi:967e785d-d83c-490b-8d6a-2ed926c956ac/2623b592-b957-46c8-868e-77cb4788d069,UQ72RJ7QKZSW8XTA,user,2025-07-21 11:43:07.21141
69581506,bf996092-8d66-408a-8d8e-5065ca3330c2,967e785d-d83c-490b-8d6a-2ed926c956ac,967e785d-d83c-490b-8d6a-2ed926c956ac,urn:acs.rfis:rfi:967e785d-d83c-490b-8d6a-2ed926c956ac/2623b592-b957-46c8-868e-77cb4788d069,VYKJ7GRWMX37AKTY,user,2025-07-21 11:43:07.211411
69581507,bf996092-8d66-408a-8d8e-5065ca3330c2,967e785d-d83c-490b-8d6a-2ed926c956ac,967e785d-d83c-490b-8d6a-2ed926c956ac,urn:acs.rfis:rfi:967e785d-d83c-490b-8d6a-2ed926c956ac/2623b592-b957-46c8-868e-77cb4788d069,D5ZKMDH5JP7L,user,2025-07-21 11:43:07.211412
69581508,bf996092-8d66-408a-8d8e-5065ca3330c2,967e785d-d83c-490b-8d6a-2ed926c956ac,967e785d-d83c-490b-8d6a-2ed926c956ac,urn:acs.rfis:rfi:967e785d-d83c-490b-8d6a-2ed926c956ac/2623b592-b957-46c8-868e-77cb4788d069,DQ72WAMCK3PT3T58,user,2025-07-21 11:43:07.211413
69581509,bf996092-8d66-408a-8d8e-5065ca3330c2,967e785d-d83c-490b-8d6a-2ed926c956ac,967e785d-d83c-490b-8d6a-2ed926c956ac,urn:acs.rfis:rfi:967e785d-d83c-490b-8d6a-2ed926c956ac/2623b592-b957-46c8-868e-77cb4788d069,Y2W2RXA2P4MPP325,user,2025-07-21 11:43:07.211414
69581543,bf996092-8d66-408a-8d8e-5065ca3330c2,967e785d-d83c-490b-8d6a-2ed926c956ac,967e785d-d83c-490b-8d6a-2ed926c956ac,urn:acs.rfis:rfi:967e785d-d83c-490b-8d6a-2ed926c956ac/2623b592-b957-46c8-868e-77cb4788d069,G5LJ2CH9PRAMRT7X,user,2025-07-21 11:43:07.21145
69674832,bf996092-8d66-408a-8d8e-5065ca3330c2,967e785d-d83c-490b-8d6a-2ed926c956ac,967e785d-d83c-490b-8d6a-2ed926c956ac,urn:acs.rfis:rfi:967e785d-d83c-490b-8d6a-2ed926c956ac/86d9b4a1-5f2b-4586-94a4-b228db89c15c,MXG2L5VEMSKN8SVN,user,2025-07-22 06:07:09.389488
69674833,bf996092-8d66-408a-8d8e-5065ca3330c2,967e785d-d83c-490b-8d6a-2ed926c956ac,967e785d-d83c-490b-8d6a-2ed926c956ac,urn:acs.rfis:rfi:967e785d-d83c-490b-8d6a-2ed926c956ac/86d9b4a1-5f2b-4586-94a4-b228db89c15c,KNL28BHPJJMCM75F,user,2025-07-22 06:07:09.389493
69674834,bf996092-8d66-408a-8d8e-5065ca3330c2,967e785d-d83c-490b-8d6a-2ed926c956ac,967e785d-d83c-490b-8d6a-2ed926c956ac,urn:acs.rfis:rfi:967e785d-d83c-490b-8d6a-2ed926c956ac/86d9b4a1-5f2b-4586-94a4-b228db89c15c,WK7J3NJWMTCK9UWQ,user,2025-07-22 06:07:09.389495
69674835,bf996092-8d66-408a-8d8e-5065ca3330c2,967e785d-d83c-490b-8d6a-2ed926c956ac,967e785d-d83c-490b-8d6a-2ed926c956ac,urn:acs.rfis:rfi:967e785d-d83c-490b-8d6a-2ed926c956ac/86d9b4a1-5f2b-4586-94a4-b228db89c15c,501949007,group,2025-07-22 06:07:09.389496
69674853,bf996092-8d66-408a-8d8e-5065ca3330c2,967e785d-d83c-490b-8d6a-2ed926c956ac,967e785d-d83c-490b-8d6a-2ed926c956ac,urn:acs.rfis:rfi:967e785d-d83c-490b-8d6a-2ed926c956ac/2623b592-b957-46c8-868e-77cb4788d069,MXG2L5VEMSKN8SVN,user,2025-07-22 06:08:24.180934
69674854,bf996092-8d66-408a-8d8e-5065ca3330c2,967e785d-d83c-490b-8d6a-2ed926c956ac,967e785d-d83c-490b-8d6a-2ed926c956ac,urn:acs.rfis:rfi:967e785d-d83c-490b-8d6a-2ed926c956ac/2623b592-b957-46c8-868e-77cb4788d069,KNL28BHPJJMCM75F,user,2025-07-22 06:08:24.180938
69674855,bf996092-8d66-408a-8d8e-5065ca3330c2,967e785d-d83c-490b-8d6a-2ed926c956ac,967e785d-d83c-490b-8d6a-2ed926c956ac,urn:acs.rfis:rfi:967e785d-d83c-490b-8d6a-2ed926c956ac/2623b592-b957-46c8-868e-77cb4788d069,WK7J3NJWMTCK9UWQ,user,2025-07-22 06:08:24.180939
69674856,bf996092-8d66-408a-8d8e-5065ca3330c2,967e785d-d83c-490b-8d6a-2ed926c956ac,967e785d-d83c-490b-8d6a-2ed926c956ac,urn:acs.rfis:rfi:967e785d-d83c-490b-8d6a-2ed926c956ac/2623b592-b957-46c8-868e-77cb4788d069,501949007,group,2025-07-22 06:08:24.18094
65028789,bf996092-8d66-408a-8d8e-5065ca3330c2,967e785d-d83c-490b-8d6a-2ed926c956ac,967e785d-d83c-490b-8d6a-2ed926c956ac,urn:acs.rfis:rfi:967e785d-d83c-490b-8d6a-2ed926c956ac/80ea0e55-fcfd-4c57-9188-712d6c8a9a08,501949008,group,2025-05-12 10:53:12.600443
65028792,bf996092-8d66-408a-8d8e-5065ca3330c2,967e785d-d83c-490b-8d6a-2ed926c956ac,967e785d-d83c-490b-8d6a-2ed926c956ac,urn:acs.rfis:rfi:967e785d-d83c-490b-8d6a-2ed926c956ac/80ea0e55-fcfd-4c57-9188-712d6c8a9a08,501949038,group,2025-05-12 10:53:12.600451
65028793,bf996092-8d66-408a-8d8e-5065ca3330c2,967e785d-d83c-490b-8d6a-2ed926c956ac,967e785d-d83c-490b-8d6a-2ed926c956ac,urn:acs.rfis:rfi:967e785d-d83c-490b-8d6a-2ed926c956ac/80ea0e55-fcfd-4c57-9188-712d6c8a9a08,501949062,group,2025-05-12 10:53:12.600452
65028794,bf996092-8d66-408a-8d8e-5065ca3330c2,967e785d-d83c-490b-8d6a-2ed926c956ac,967e785d-d83c-490b-8d6a-2ed926c956ac,urn:acs.rfis:rfi:967e785d-d83c-490b-8d6a-2ed926c956ac/80ea0e55-fcfd-4c57-9188-712d6c8a9a08,501949065,group,2025-05-12 10:53:12.600453
65028795,bf996092-8d66-408a-8d8e-5065ca3330c2,967e785d-d83c-490b-8d6a-2ed926c956ac,967e785d-d83c-490b-8d6a-2ed926c956ac,urn:acs.rfis:rfi:967e785d-d83c-490b-8d6a-2ed926c956ac/80ea0e55-fcfd-4c57-9188-712d6c8a9a08,501949067,group,2025-05-12 10:53:12.600454
65028796,bf996092-8d66-408a-8d8e-5065ca3330c2,967e785d-d83c-490b-8d6a-2ed926c956ac,967e785d-d83c-490b-8d6a-2ed926c956ac,urn:acs.rfis:rfi:967e785d-d83c-490b-8d6a-2ed926c956ac/80ea0e55-fcfd-4c57-9188-712d6c8a9a08,501949075,group,2025-05-12 10:53:12.600455
65028797,bf996092-8d66-408a-8d8e-5065ca3330c2,967e785d-d83c-490b-8d6a-2ed926c956ac,967e785d-d83c-490b-8d6a-2ed926c956ac,urn:acs.rfis:rfi:967e785d-d83c-490b-8d6a-2ed926c956ac/80ea0e55-fcfd-4c57-9188-712d6c8a9a08,501949064,group,2025-05-12 10:53:12.600456
65028798,bf996092-8d66-408a-8d8e-5065ca3330c2,967e785d-d83c-490b-8d6a-2ed926c956ac,967e785d-d83c-490b-8d6a-2ed926c956ac,urn:acs.rfis:rfi:967e785d-d83c-490b-8d6a-2ed926c956ac/80ea0e55-fcfd-4c57-9188-712d6c8a9a08,501949076,group,2025-05-12 10:53:12.600457
65028799,bf996092-8d66-408a-8d8e-5065ca3330c2,967e785d-d83c-490b-8d6a-2ed926c956ac,967e785d-d83c-490b-8d6a-2ed926c956ac,urn:acs.rfis:rfi:967e785d-d83c-490b-8d6a-2ed926c956ac/80ea0e55-fcfd-4c57-9188-712d6c8a9a08,501949068,group,2025-05-12 10:53:12.600458
65028942,bf996092-8d66-408a-8d8e-5065ca3330c2,967e785d-d83c-490b-8d6a-2ed926c956ac,967e785d-d83c-490b-8d6a-2ed926c956ac,urn:acs.rfis:rfi:967e785d-d83c-490b-8d6a-2ed926c956ac/80ea0e55-fcfd-4c57-9188-712d6c8a9a08,S762NMGBKUB423MM,user,2025-05-12 10:57:17.618677
65028943,bf996092-8d66-408a-8d8e-5065ca3330c2,967e785d-d83c-490b-8d6a-2ed926c956ac,967e785d-d83c-490b-8d6a-2ed926c956ac,urn:acs.rfis:rfi:967e785d-d83c-490b-8d6a-2ed926c956ac/80ea0e55-fcfd-4c57-9188-712d6c8a9a08,CMJ2N3U8MSMRM8ZA,user,2025-05-12 10:57:17.618679
65028944,bf996092-8d66-408a-8d8e-5065ca3330c2,967e785d-d83c-490b-8d6a-2ed926c956ac,967e785d-d83c-490b-8d6a-2ed926c956ac,urn:acs.rfis:rfi:967e785d-d83c-490b-8d6a-2ed926c956ac/80ea0e55-fcfd-4c57-9188-712d6c8a9a08,C6Z2RETEN3MN8XZF,user,2025-05-12 10:57:17.61868
65028947,bf996092-8d66-408a-8d8e-5065ca3330c2,967e785d-d83c-490b-8d6a-2ed926c956ac,967e785d-d83c-490b-8d6a-2ed926c956ac,urn:acs.rfis:rfi:967e785d-d83c-490b-8d6a-2ed926c956ac/80ea0e55-fcfd-4c57-9188-712d6c8a9a08,DQ72WAMCK3PT3T58,user,2025-05-12 10:57:17.618685
65028951,bf996092-8d66-408a-8d8e-5065ca3330c2,967e785d-d83c-490b-8d6a-2ed926c956ac,967e785d-d83c-490b-8d6a-2ed926c956ac,urn:acs.rfis:rfi:967e785d-d83c-490b-8d6a-2ed926c956ac/80ea0e55-fcfd-4c57-9188-712d6c8a9a08,Y2W2RXA2P4MPP325,user,2025-05-12 10:57:17.618691
65028975,bf996092-8d66-408a-8d8e-5065ca3330c2,967e785d-d83c-490b-8d6a-2ed926c956ac,967e785d-d83c-490b-8d6a-2ed926c956ac,urn:acs.rfis:rfi:967e785d-d83c-490b-8d6a-2ed926c956ac/80ea0e55-fcfd-4c57-9188-712d6c8a9a08,G5LJ2CH9PRAMRT7X,user,2025-05-12 10:57:17.618727
69973936,bf996092-8d66-408a-8d8e-5065ca3330c2,967e785d-d83c-490b-8d6a-2ed926c956ac,967e785d-d83c-490b-8d6a-2ed926c956ac,urn:acs.rfis:rfi:967e785d-d83c-490b-8d6a-2ed926c956ac/96a263f8-ed22-464e-91e0-cfa64dc3b89b,MXG2L5VEMSKN8SVN,user,2025-07-25 05:03:15.387981
69973937,bf996092-8d66-408a-8d8e-5065ca3330c2,967e785d-d83c-490b-8d6a-2ed926c956ac,967e785d-d83c-490b-8d6a-2ed926c956ac,urn:acs.rfis:rfi:967e785d-d83c-490b-8d6a-2ed926c956ac/96a263f8-ed22-464e-91e0-cfa64dc3b89b,501949007,group,2025-07-25 05:03:23.910744
70066183,bf996092-8d66-408a-8d8e-5065ca3330c2,f679f4cf-c089-4a2b-9b84-b14129630601,f679f4cf-c089-4a2b-9b84-b14129630601,urn:acs.rfis:rfi:f679f4cf-c089-4a2b-9b84-b14129630601/87adb94e-c40f-4f41-be00-b99e961003af,501989665,group,2025-07-28 04:53:12.607854
66773721,bf996092-8d66-408a-8d8e-5065ca3330c2,967e785d-d83c-490b-8d6a-2ed926c956ac,967e785d-d83c-490b-8d6a-2ed926c956ac,urn:acs.rfis:rfi:967e785d-d83c-490b-8d6a-2ed926c956ac/a8f7f8a0-223e-43e2-8f86-03c530677d76,WK7J3NJWMTCK9UWQ,user,2025-06-07 10:14:05.81862
66773722,bf996092-8d66-408a-8d8e-5065ca3330c2,967e785d-d83c-490b-8d6a-2ed926c956ac,967e785d-d83c-490b-8d6a-2ed926c956ac,urn:acs.rfis:rfi:967e785d-d83c-490b-8d6a-2ed926c956ac/a8f7f8a0-223e-43e2-8f86-03c530677d76,501949008,group,2025-06-07 10:16:02.619734
66773723,bf996092-8d66-408a-8d8e-5065ca3330c2,967e785d-d83c-490b-8d6a-2ed926c956ac,967e785d-d83c-490b-8d6a-2ed926c956ac,urn:acs.rfis:rfi:967e785d-d83c-490b-8d6a-2ed926c956ac/a8f7f8a0-223e-43e2-8f86-03c530677d76,501949038,group,2025-06-07 10:16:02.619737
66773724,bf996092-8d66-408a-8d8e-5065ca3330c2,967e785d-d83c-490b-8d6a-2ed926c956ac,967e785d-d83c-490b-8d6a-2ed926c956ac,urn:acs.rfis:rfi:967e785d-d83c-490b-8d6a-2ed926c956ac/a8f7f8a0-223e-43e2-8f86-03c530677d76,501949062,group,2025-06-07 10:16:02.619739
66773725,bf996092-8d66-408a-8d8e-5065ca3330c2,967e785d-d83c-490b-8d6a-2ed926c956ac,967e785d-d83c-490b-8d6a-2ed926c956ac,urn:acs.rfis:rfi:967e785d-d83c-490b-8d6a-2ed926c956ac/a8f7f8a0-223e-43e2-8f86-03c530677d76,501949065,group,2025-06-07 10:16:02.61974
66773726,bf996092-8d66-408a-8d8e-5065ca3330c2,967e785d-d83c-490b-8d6a-2ed926c956ac,967e785d-d83c-490b-8d6a-2ed926c956ac,urn:acs.rfis:rfi:967e785d-d83c-490b-8d6a-2ed926c956ac/a8f7f8a0-223e-43e2-8f86-03c530677d76,501949067,group,2025-06-07 10:16:02.619741
66773727,bf996092-8d66-408a-8d8e-5065ca3330c2,967e785d-d83c-490b-8d6a-2ed926c956ac,967e785d-d83c-490b-8d6a-2ed926c956ac,urn:acs.rfis:rfi:967e785d-d83c-490b-8d6a-2ed926c956ac/a8f7f8a0-223e-43e2-8f86-03c530677d76,501949075,group,2025-06-07 10:16:02.619742
66773728,bf996092-8d66-408a-8d8e-5065ca3330c2,967e785d-d83c-490b-8d6a-2ed926c956ac,967e785d-d83c-490b-8d6a-2ed926c956ac,urn:acs.rfis:rfi:967e785d-d83c-490b-8d6a-2ed926c956ac/a8f7f8a0-223e-43e2-8f86-03c530677d76,501949064,group,2025-06-07 10:16:02.619743
66773729,bf996092-8d66-408a-8d8e-5065ca3330c2,967e785d-d83c-490b-8d6a-2ed926c956ac,967e785d-d83c-490b-8d6a-2ed926c956ac,urn:acs.rfis:rfi:967e785d-d83c-490b-8d6a-2ed926c956ac/a8f7f8a0-223e-43e2-8f86-03c530677d76,501949076,group,2025-06-07 10:16:02.619744
66773730,bf996092-8d66-408a-8d8e-5065ca3330c2,967e785d-d83c-490b-8d6a-2ed926c956ac,967e785d-d83c-490b-8d6a-2ed926c956ac,urn:acs.rfis:rfi:967e785d-d83c-490b-8d6a-2ed926c956ac/a8f7f8a0-223e-43e2-8f86-03c530677d76,501949068,group,2025-06-07 10:16:02.619745
66773731,bf996092-8d66-408a-8d8e-5065ca3330c2,967e785d-d83c-490b-8d6a-2ed926c956ac,967e785d-d83c-490b-8d6a-2ed926c956ac,urn:acs.rfis:rfi:967e785d-d83c-490b-8d6a-2ed926c956ac/a8f7f8a0-223e-43e2-8f86-03c530677d76,U8Q2F3P4M3PWWQXF,user,2025-06-07 10:16:02.619746
66773766,bf996092-8d66-408a-8d8e-5065ca3330c2,967e785d-d83c-490b-8d6a-2ed926c956ac,967e785d-d83c-490b-8d6a-2ed926c956ac,urn:acs.rfis:rfi:967e785d-d83c-490b-8d6a-2ed926c956ac/bcae37c7-7f8f-43ab-974a-debf55497cc3,LVH2DEFULGBL4AFH,user,2025-06-07 10:43:19.010756
66976970,bf996092-8d66-408a-8d8e-5065ca3330c2,967e785d-d83c-490b-8d6a-2ed926c956ac,967e785d-d83c-490b-8d6a-2ed926c956ac,urn:acs.rfis:rfi:967e785d-d83c-490b-8d6a-2ed926c956ac/f605a63b-e2dd-47bc-9ecd-f071b7aadeb7,501949007,group,2025-06-11 03:52:01.875269
71037158,bf996092-8d66-408a-8d8e-5065ca3330c2,967e785d-d83c-490b-8d6a-2ed926c956ac,967e785d-d83c-490b-8d6a-2ed926c956ac,urn:acs.rfis:rfi:967e785d-d83c-490b-8d6a-2ed926c956ac/cd7c713a-ae11-4092-9580-89bc58188aa8,501949008,group,2025-08-10 05:18:10.882196
71037159,bf996092-8d66-408a-8d8e-5065ca3330c2,967e785d-d83c-490b-8d6a-2ed926c956ac,967e785d-d83c-490b-8d6a-2ed926c956ac,urn:acs.rfis:rfi:967e785d-d83c-490b-8d6a-2ed926c956ac/cd7c713a-ae11-4092-9580-89bc58188aa8,501949038,group,2025-08-10 05:18:10.882199
71037160,bf996092-8d66-408a-8d8e-5065ca3330c2,967e785d-d83c-490b-8d6a-2ed926c956ac,967e785d-d83c-490b-8d6a-2ed926c956ac,urn:acs.rfis:rfi:967e785d-d83c-490b-8d6a-2ed926c956ac/cd7c713a-ae11-4092-9580-89bc58188aa8,501949062,group,2025-08-10 05:18:10.882201
71037161,bf996092-8d66-408a-8d8e-5065ca3330c2,967e785d-d83c-490b-8d6a-2ed926c956ac,967e785d-d83c-490b-8d6a-2ed926c956ac,urn:acs.rfis:rfi:967e785d-d83c-490b-8d6a-2ed926c956ac/cd7c713a-ae11-4092-9580-89bc58188aa8,501949065,group,2025-08-10 05:18:10.882202
71037162,bf996092-8d66-408a-8d8e-5065ca3330c2,967e785d-d83c-490b-8d6a-2ed926c956ac,967e785d-d83c-490b-8d6a-2ed926c956ac,urn:acs.rfis:rfi:967e785d-d83c-490b-8d6a-2ed926c956ac/cd7c713a-ae11-4092-9580-89bc58188aa8,501949067,group,2025-08-10 05:18:10.882203
71037163,bf996092-8d66-408a-8d8e-5065ca3330c2,967e785d-d83c-490b-8d6a-2ed926c956ac,967e785d-d83c-490b-8d6a-2ed926c956ac,urn:acs.rfis:rfi:967e785d-d83c-490b-8d6a-2ed926c956ac/cd7c713a-ae11-4092-9580-89bc58188aa8,501949075,group,2025-08-10 05:18:10.882204
71037164,bf996092-8d66-408a-8d8e-5065ca3330c2,967e785d-d83c-490b-8d6a-2ed926c956ac,967e785d-d83c-490b-8d6a-2ed926c956ac,urn:acs.rfis:rfi:967e785d-d83c-490b-8d6a-2ed926c956ac/cd7c713a-ae11-4092-9580-89bc58188aa8,501949064,group,2025-08-10 05:18:10.882205
71037165,bf996092-8d66-408a-8d8e-5065ca3330c2,967e785d-d83c-490b-8d6a-2ed926c956ac,967e785d-d83c-490b-8d6a-2ed926c956ac,urn:acs.rfis:rfi:967e785d-d83c-490b-8d6a-2ed926c956ac/cd7c713a-ae11-4092-9580-89bc58188aa8,501949076,group,2025-08-10 05:18:10.882206
71037166,bf996092-8d66-408a-8d8e-5065ca3330c2,967e785d-d83c-490b-8d6a-2ed926c956ac,967e785d-d83c-490b-8d6a-2ed926c956ac,urn:acs.rfis:rfi:967e785d-d83c-490b-8d6a-2ed926c956ac/cd7c713a-ae11-4092-9580-89bc58188aa8,501949068,group,2025-08-10 05:18:10.882207
71037168,bf996092-8d66-408a-8d8e-5065ca3330c2,967e785d-d83c-490b-8d6a-2ed926c956ac,967e785d-d83c-490b-8d6a-2ed926c956ac,urn:acs.rfis:rfi:967e785d-d83c-490b-8d6a-2ed926c956ac/cd7c713a-ae11-4092-9580-89bc58188aa8,WK7J3NJWMTCK9UWQ,user,2025-08-10 05:18:10.882209
71273347,bf996092-8d66-408a-8d8e-5065ca3330c2,f6ab14eb-1a66-4ea5-8a0f-0afbda444403,f6ab14eb-1a66-4ea5-8a0f-0afbda444403,urn:acs.rfis:rfi:f6ab14eb-1a66-4ea5-8a0f-0afbda444403/c8303991-6637-47f8-9144-8a38071905db,531853798,group,2025-08-13 10:36:23.100881
71273348,bf996092-8d66-408a-8d8e-5065ca3330c2,f6ab14eb-1a66-4ea5-8a0f-0afbda444403,f6ab14eb-1a66-4ea5-8a0f-0afbda444403,urn:acs.rfis:rfi:f6ab14eb-1a66-4ea5-8a0f-0afbda444403/c8303991-6637-47f8-9144-8a38071905db,531853829,group,2025-08-13 10:36:23.100884
71273349,bf996092-8d66-408a-8d8e-5065ca3330c2,f6ab14eb-1a66-4ea5-8a0f-0afbda444403,f6ab14eb-1a66-4ea5-8a0f-0afbda444403,urn:acs.rfis:rfi:f6ab14eb-1a66-4ea5-8a0f-0afbda444403/c8303991-6637-47f8-9144-8a38071905db,531853846,group,2025-08-13 10:36:23.100885
71273350,bf996092-8d66-408a-8d8e-5065ca3330c2,f6ab14eb-1a66-4ea5-8a0f-0afbda444403,f6ab14eb-1a66-4ea5-8a0f-0afbda444403,urn:acs.rfis:rfi:f6ab14eb-1a66-4ea5-8a0f-0afbda444403/c8303991-6637-47f8-9144-8a38071905db,531853851,group,2025-08-13 10:36:23.100887
71273351,bf996092-8d66-408a-8d8e-5065ca3330c2,f6ab14eb-1a66-4ea5-8a0f-0afbda444403,f6ab14eb-1a66-4ea5-8a0f-0afbda444403,urn:acs.rfis:rfi:f6ab14eb-1a66-4ea5-8a0f-0afbda444403/c8303991-6637-47f8-9144-8a38071905db,SFB2VPYZKPQ7XEGT,user,2025-08-13 10:36:23.100888
71273352,bf996092-8d66-408a-8d8e-5065ca3330c2,f6ab14eb-1a66-4ea5-8a0f-0afbda444403,f6ab14eb-1a66-4ea5-8a0f-0afbda444403,urn:acs.rfis:rfi:f6ab14eb-1a66-4ea5-8a0f-0afbda444403/c8303991-6637-47f8-9144-8a38071905db,4UJ23BUBLD77JPG2,user,2025-08-13 10:36:23.100889
71273353,bf996092-8d66-408a-8d8e-5065ca3330c2,f6ab14eb-1a66-4ea5-8a0f-0afbda444403,f6ab14eb-1a66-4ea5-8a0f-0afbda444403,urn:acs.rfis:rfi:f6ab14eb-1a66-4ea5-8a0f-0afbda444403/c8303991-6637-47f8-9144-8a38071905db,NXBJU9KZRN2LR6EX,user,2025-08-13 10:36:23.100889
71277144,bf996092-8d66-408a-8d8e-5065ca3330c2,f6ab14eb-1a66-4ea5-8a0f-0afbda444403,f6ab14eb-1a66-4ea5-8a0f-0afbda444403,urn:acs.rfis:rfi:f6ab14eb-1a66-4ea5-8a0f-0afbda444403/c8303991-6637-47f8-9144-8a38071905db,G5LJ2CH9PRAMRT7X,user,2025-08-13 11:51:17.675043
71277145,bf996092-8d66-408a-8d8e-5065ca3330c2,f6ab14eb-1a66-4ea5-8a0f-0afbda444403,f6ab14eb-1a66-4ea5-8a0f-0afbda444403,urn:acs.rfis:rfi:f6ab14eb-1a66-4ea5-8a0f-0afbda444403/c8303991-6637-47f8-9144-8a38071905db,531853946,group,2025-08-13 11:51:17.675048
71277146,bf996092-8d66-408a-8d8e-5065ca3330c2,f6ab14eb-1a66-4ea5-8a0f-0afbda444403,f6ab14eb-1a66-4ea5-8a0f-0afbda444403,urn:acs.rfis:rfi:f6ab14eb-1a66-4ea5-8a0f-0afbda444403/c8303991-6637-47f8-9144-8a38071905db,541450407,group,2025-08-13 11:51:17.67505
71277147,bf996092-8d66-408a-8d8e-5065ca3330c2,f6ab14eb-1a66-4ea5-8a0f-0afbda444403,f6ab14eb-1a66-4ea5-8a0f-0afbda444403,urn:acs.rfis:rfi:f6ab14eb-1a66-4ea5-8a0f-0afbda444403/c8303991-6637-47f8-9144-8a38071905db,531853832,group,2025-08-13 11:51:17.675053
71277148,bf996092-8d66-408a-8d8e-5065ca3330c2,f6ab14eb-1a66-4ea5-8a0f-0afbda444403,f6ab14eb-1a66-4ea5-8a0f-0afbda444403,urn:acs.rfis:rfi:f6ab14eb-1a66-4ea5-8a0f-0afbda444403/c8303991-6637-47f8-9144-8a38071905db,531853841,group,2025-08-13 11:51:17.675055
71277149,bf996092-8d66-408a-8d8e-5065ca3330c2,f6ab14eb-1a66-4ea5-8a0f-0afbda444403,f6ab14eb-1a66-4ea5-8a0f-0afbda444403,urn:acs.rfis:rfi:f6ab14eb-1a66-4ea5-8a0f-0afbda444403/c8303991-6637-47f8-9144-8a38071905db,531853839,group,2025-08-13 11:51:17.675057
71277150,bf996092-8d66-408a-8d8e-5065ca3330c2,f6ab14eb-1a66-4ea5-8a0f-0afbda444403,f6ab14eb-1a66-4ea5-8a0f-0afbda444403,urn:acs.rfis:rfi:f6ab14eb-1a66-4ea5-8a0f-0afbda444403/c8303991-6637-47f8-9144-8a38071905db,531853837,group,2025-08-13 11:51:17.675059
71277151,bf996092-8d66-408a-8d8e-5065ca3330c2,f6ab14eb-1a66-4ea5-8a0f-0afbda444403,f6ab14eb-1a66-4ea5-8a0f-0afbda444403,urn:acs.rfis:rfi:f6ab14eb-1a66-4ea5-8a0f-0afbda444403/c8303991-6637-47f8-9144-8a38071905db,531853842,group,2025-08-13 11:51:17.675061
71277152,bf996092-8d66-408a-8d8e-5065ca3330c2,f6ab14eb-1a66-4ea5-8a0f-0afbda444403,f6ab14eb-1a66-4ea5-8a0f-0afbda444403,urn:acs.rfis:rfi:f6ab14eb-1a66-4ea5-8a0f-0afbda444403/c8303991-6637-47f8-9144-8a38071905db,531853838,group,2025-08-13 11:51:17.675064
71277153,bf996092-8d66-408a-8d8e-5065ca3330c2,f6ab14eb-1a66-4ea5-8a0f-0afbda444403,f6ab14eb-1a66-4ea5-8a0f-0afbda444403,urn:acs.rfis:rfi:f6ab14eb-1a66-4ea5-8a0f-0afbda444403/c8303991-6637-47f8-9144-8a38071905db,531853840,group,2025-08-13 11:51:17.675066
71277154,bf996092-8d66-408a-8d8e-5065ca3330c2,f6ab14eb-1a66-4ea5-8a0f-0afbda444403,f6ab14eb-1a66-4ea5-8a0f-0afbda444403,urn:acs.rfis:rfi:f6ab14eb-1a66-4ea5-8a0f-0afbda444403/c8303991-6637-47f8-9144-8a38071905db,541450919,group,2025-08-13 11:51:17.675068
71277155,bf996092-8d66-408a-8d8e-5065ca3330c2,f6ab14eb-1a66-4ea5-8a0f-0afbda444403,f6ab14eb-1a66-4ea5-8a0f-0afbda444403,urn:acs.rfis:rfi:f6ab14eb-1a66-4ea5-8a0f-0afbda444403/c8303991-6637-47f8-9144-8a38071905db,531853827,group,2025-08-13 11:51:17.67507
71277156,bf996092-8d66-408a-8d8e-5065ca3330c2,f6ab14eb-1a66-4ea5-8a0f-0afbda444403,f6ab14eb-1a66-4ea5-8a0f-0afbda444403,urn:acs.rfis:rfi:f6ab14eb-1a66-4ea5-8a0f-0afbda444403/c8303991-6637-47f8-9144-8a38071905db,531853845,group,2025-08-13 11:51:17.675072
71277157,bf996092-8d66-408a-8d8e-5065ca3330c2,f6ab14eb-1a66-4ea5-8a0f-0afbda444403,f6ab14eb-1a66-4ea5-8a0f-0afbda444403,urn:acs.rfis:rfi:f6ab14eb-1a66-4ea5-8a0f-0afbda444403/c8303991-6637-47f8-9144-8a38071905db,531853831,group,2025-08-13 11:51:17.675074
71277158,bf996092-8d66-408a-8d8e-5065ca3330c2,f6ab14eb-1a66-4ea5-8a0f-0afbda444403,f6ab14eb-1a66-4ea5-8a0f-0afbda444403,urn:acs.rfis:rfi:f6ab14eb-1a66-4ea5-8a0f-0afbda444403/c8303991-6637-47f8-9144-8a38071905db,531853843,group,2025-08-13 11:51:17.675077
71277159,bf996092-8d66-408a-8d8e-5065ca3330c2,f6ab14eb-1a66-4ea5-8a0f-0afbda444403,f6ab14eb-1a66-4ea5-8a0f-0afbda444403,urn:acs.rfis:rfi:f6ab14eb-1a66-4ea5-8a0f-0afbda444403/c8303991-6637-47f8-9144-8a38071905db,531853848,group,2025-08-13 11:51:17.675079
71277160,bf996092-8d66-408a-8d8e-5065ca3330c2,f6ab14eb-1a66-4ea5-8a0f-0afbda444403,f6ab14eb-1a66-4ea5-8a0f-0afbda444403,urn:acs.rfis:rfi:f6ab14eb-1a66-4ea5-8a0f-0afbda444403/c8303991-6637-47f8-9144-8a38071905db,531853830,group,2025-08-13 11:51:17.675081
71277161,bf996092-8d66-408a-8d8e-5065ca3330c2,f6ab14eb-1a66-4ea5-8a0f-0afbda444403,f6ab14eb-1a66-4ea5-8a0f-0afbda444403,urn:acs.rfis:rfi:f6ab14eb-1a66-4ea5-8a0f-0afbda444403/c8303991-6637-47f8-9144-8a38071905db,541450081,group,2025-08-13 11:51:17.675083
71277162,bf996092-8d66-408a-8d8e-5065ca3330c2,f6ab14eb-1a66-4ea5-8a0f-0afbda444403,f6ab14eb-1a66-4ea5-8a0f-0afbda444403,urn:acs.rfis:rfi:f6ab14eb-1a66-4ea5-8a0f-0afbda444403/c8303991-6637-47f8-9144-8a38071905db,531853844,group,2025-08-13 11:51:17.675085
71277163,bf996092-8d66-408a-8d8e-5065ca3330c2,f6ab14eb-1a66-4ea5-8a0f-0afbda444403,f6ab14eb-1a66-4ea5-8a0f-0afbda444403,urn:acs.rfis:rfi:f6ab14eb-1a66-4ea5-8a0f-0afbda444403/c8303991-6637-47f8-9144-8a38071905db,531853916,group,2025-08-13 11:51:17.675087
71277164,bf996092-8d66-408a-8d8e-5065ca3330c2,f6ab14eb-1a66-4ea5-8a0f-0afbda444403,f6ab14eb-1a66-4ea5-8a0f-0afbda444403,urn:acs.rfis:rfi:f6ab14eb-1a66-4ea5-8a0f-0afbda444403/c8303991-6637-47f8-9144-8a38071905db,531853922,group,2025-08-13 11:51:17.67509
71277165,bf996092-8d66-408a-8d8e-5065ca3330c2,f6ab14eb-1a66-4ea5-8a0f-0afbda444403,f6ab14eb-1a66-4ea5-8a0f-0afbda444403,urn:acs.rfis:rfi:f6ab14eb-1a66-4ea5-8a0f-0afbda444403/c8303991-6637-47f8-9144-8a38071905db,531853856,group,2025-08-13 11:51:17.675092
71277166,bf996092-8d66-408a-8d8e-5065ca3330c2,f6ab14eb-1a66-4ea5-8a0f-0afbda444403,f6ab14eb-1a66-4ea5-8a0f-0afbda444403,urn:acs.rfis:rfi:f6ab14eb-1a66-4ea5-8a0f-0afbda444403/c8303991-6637-47f8-9144-8a38071905db,531853904,group,2025-08-13 11:51:17.675094
71277167,bf996092-8d66-408a-8d8e-5065ca3330c2,f6ab14eb-1a66-4ea5-8a0f-0afbda444403,f6ab14eb-1a66-4ea5-8a0f-0afbda444403,urn:acs.rfis:rfi:f6ab14eb-1a66-4ea5-8a0f-0afbda444403/c8303991-6637-47f8-9144-8a38071905db,531853919,group,2025-08-13 11:51:17.675096
71277168,bf996092-8d66-408a-8d8e-5065ca3330c2,f6ab14eb-1a66-4ea5-8a0f-0afbda444403,f6ab14eb-1a66-4ea5-8a0f-0afbda444403,urn:acs.rfis:rfi:f6ab14eb-1a66-4ea5-8a0f-0afbda444403/c8303991-6637-47f8-9144-8a38071905db,531853918,group,2025-08-13 11:51:17.675098
71277169,bf996092-8d66-408a-8d8e-5065ca3330c2,f6ab14eb-1a66-4ea5-8a0f-0afbda444403,f6ab14eb-1a66-4ea5-8a0f-0afbda444403,urn:acs.rfis:rfi:f6ab14eb-1a66-4ea5-8a0f-0afbda444403/c8303991-6637-47f8-9144-8a38071905db,531853886,group,2025-08-13 11:51:17.675101
71277170,bf996092-8d66-408a-8d8e-5065ca3330c2,f6ab14eb-1a66-4ea5-8a0f-0afbda444403,f6ab14eb-1a66-4ea5-8a0f-0afbda444403,urn:acs.rfis:rfi:f6ab14eb-1a66-4ea5-8a0f-0afbda444403/c8303991-6637-47f8-9144-8a38071905db,531853882,group,2025-08-13 11:51:17.675103
71277171,bf996092-8d66-408a-8d8e-5065ca3330c2,f6ab14eb-1a66-4ea5-8a0f-0afbda444403,f6ab14eb-1a66-4ea5-8a0f-0afbda444403,urn:acs.rfis:rfi:f6ab14eb-1a66-4ea5-8a0f-0afbda444403/c8303991-6637-47f8-9144-8a38071905db,531853888,group,2025-08-13 11:51:17.675105
71277172,bf996092-8d66-408a-8d8e-5065ca3330c2,f6ab14eb-1a66-4ea5-8a0f-0afbda444403,f6ab14eb-1a66-4ea5-8a0f-0afbda444403,urn:acs.rfis:rfi:f6ab14eb-1a66-4ea5-8a0f-0afbda444403/c8303991-6637-47f8-9144-8a38071905db,531853884,group,2025-08-13 11:51:17.675108
71277173,bf996092-8d66-408a-8d8e-5065ca3330c2,f6ab14eb-1a66-4ea5-8a0f-0afbda444403,f6ab14eb-1a66-4ea5-8a0f-0afbda444403,urn:acs.rfis:rfi:f6ab14eb-1a66-4ea5-8a0f-0afbda444403/c8303991-6637-47f8-9144-8a38071905db,531853881,group,2025-08-13 11:51:17.67511
71277174,bf996092-8d66-408a-8d8e-5065ca3330c2,f6ab14eb-1a66-4ea5-8a0f-0afbda444403,f6ab14eb-1a66-4ea5-8a0f-0afbda444403,urn:acs.rfis:rfi:f6ab14eb-1a66-4ea5-8a0f-0afbda444403/c8303991-6637-47f8-9144-8a38071905db,531853873,group,2025-08-13 11:51:17.675112
71277175,bf996092-8d66-408a-8d8e-5065ca3330c2,f6ab14eb-1a66-4ea5-8a0f-0afbda444403,f6ab14eb-1a66-4ea5-8a0f-0afbda444403,urn:acs.rfis:rfi:f6ab14eb-1a66-4ea5-8a0f-0afbda444403/c8303991-6637-47f8-9144-8a38071905db,531853887,group,2025-08-13 11:51:17.675115
71277176,bf996092-8d66-408a-8d8e-5065ca3330c2,f6ab14eb-1a66-4ea5-8a0f-0afbda444403,f6ab14eb-1a66-4ea5-8a0f-0afbda444403,urn:acs.rfis:rfi:f6ab14eb-1a66-4ea5-8a0f-0afbda444403/c8303991-6637-47f8-9144-8a38071905db,531853870,group,2025-08-13 11:51:17.675117
71277177,bf996092-8d66-408a-8d8e-5065ca3330c2,f6ab14eb-1a66-4ea5-8a0f-0afbda444403,f6ab14eb-1a66-4ea5-8a0f-0afbda444403,urn:acs.rfis:rfi:f6ab14eb-1a66-4ea5-8a0f-0afbda444403/c8303991-6637-47f8-9144-8a38071905db,531853889,group,2025-08-13 11:51:17.675119
71277178,bf996092-8d66-408a-8d8e-5065ca3330c2,f6ab14eb-1a66-4ea5-8a0f-0afbda444403,f6ab14eb-1a66-4ea5-8a0f-0afbda444403,urn:acs.rfis:rfi:f6ab14eb-1a66-4ea5-8a0f-0afbda444403/c8303991-6637-47f8-9144-8a38071905db,531853910,group,2025-08-13 11:51:17.675121
71277179,bf996092-8d66-408a-8d8e-5065ca3330c2,f6ab14eb-1a66-4ea5-8a0f-0afbda444403,f6ab14eb-1a66-4ea5-8a0f-0afbda444403,urn:acs.rfis:rfi:f6ab14eb-1a66-4ea5-8a0f-0afbda444403/c8303991-6637-47f8-9144-8a38071905db,541450738,group,2025-08-13 11:51:17.675123
71277180,bf996092-8d66-408a-8d8e-5065ca3330c2,f6ab14eb-1a66-4ea5-8a0f-0afbda444403,f6ab14eb-1a66-4ea5-8a0f-0afbda444403,urn:acs.rfis:rfi:f6ab14eb-1a66-4ea5-8a0f-0afbda444403/c8303991-6637-47f8-9144-8a38071905db,D5ZKMDH5JP7L,user,2025-08-13 11:51:17.675126
71277317,bf996092-8d66-408a-8d8e-5065ca3330c2,f6ab14eb-1a66-4ea5-8a0f-0afbda444403,f6ab14eb-1a66-4ea5-8a0f-0afbda444403,urn:acs.rfis:rfi:f6ab14eb-1a66-4ea5-8a0f-0afbda444403/fe2169f5-b6cd-4241-b7a7-464aeb6ed752,4UJ23BUBLD77JPG2,user,2025-08-13 11:53:27.184607
71277318,bf996092-8d66-408a-8d8e-5065ca3330c2,f6ab14eb-1a66-4ea5-8a0f-0afbda444403,f6ab14eb-1a66-4ea5-8a0f-0afbda444403,urn:acs.rfis:rfi:f6ab14eb-1a66-4ea5-8a0f-0afbda444403/fe2169f5-b6cd-4241-b7a7-464aeb6ed752,G5LJ2CH9PRAMRT7X,user,2025-08-13 11:53:27.184611
71277319,bf996092-8d66-408a-8d8e-5065ca3330c2,f6ab14eb-1a66-4ea5-8a0f-0afbda444403,f6ab14eb-1a66-4ea5-8a0f-0afbda444403,urn:acs.rfis:rfi:f6ab14eb-1a66-4ea5-8a0f-0afbda444403/fe2169f5-b6cd-4241-b7a7-464aeb6ed752,SFB2VPYZKPQ7XEGT,user,2025-08-13 11:53:27.184612
71277320,bf996092-8d66-408a-8d8e-5065ca3330c2,f6ab14eb-1a66-4ea5-8a0f-0afbda444403,f6ab14eb-1a66-4ea5-8a0f-0afbda444403,urn:acs.rfis:rfi:f6ab14eb-1a66-4ea5-8a0f-0afbda444403/fe2169f5-b6cd-4241-b7a7-464aeb6ed752,531853829,group,2025-08-13 11:53:27.184613
71277321,bf996092-8d66-408a-8d8e-5065ca3330c2,f6ab14eb-1a66-4ea5-8a0f-0afbda444403,f6ab14eb-1a66-4ea5-8a0f-0afbda444403,urn:acs.rfis:rfi:f6ab14eb-1a66-4ea5-8a0f-0afbda444403/fe2169f5-b6cd-4241-b7a7-464aeb6ed752,531853846,group,2025-08-13 11:53:27.184614
71277322,bf996092-8d66-408a-8d8e-5065ca3330c2,f6ab14eb-1a66-4ea5-8a0f-0afbda444403,f6ab14eb-1a66-4ea5-8a0f-0afbda444403,urn:acs.rfis:rfi:f6ab14eb-1a66-4ea5-8a0f-0afbda444403/fe2169f5-b6cd-4241-b7a7-464aeb6ed752,531853851,group,2025-08-13 11:53:27.184615
71277323,bf996092-8d66-408a-8d8e-5065ca3330c2,f6ab14eb-1a66-4ea5-8a0f-0afbda444403,f6ab14eb-1a66-4ea5-8a0f-0afbda444403,urn:acs.rfis:rfi:f6ab14eb-1a66-4ea5-8a0f-0afbda444403/fe2169f5-b6cd-4241-b7a7-464aeb6ed752,NXBJU9KZRN2LR6EX,user,2025-08-13 11:53:27.184616
71277324,bf996092-8d66-408a-8d8e-5065ca3330c2,f6ab14eb-1a66-4ea5-8a0f-0afbda444403,f6ab14eb-1a66-4ea5-8a0f-0afbda444403,urn:acs.rfis:rfi:f6ab14eb-1a66-4ea5-8a0f-0afbda444403/fe2169f5-b6cd-4241-b7a7-464aeb6ed752,531853798,group,2025-08-13 11:53:27.184617
71277325,bf996092-8d66-408a-8d8e-5065ca3330c2,f6ab14eb-1a66-4ea5-8a0f-0afbda444403,f6ab14eb-1a66-4ea5-8a0f-0afbda444403,urn:acs.rfis:rfi:f6ab14eb-1a66-4ea5-8a0f-0afbda444403/fe2169f5-b6cd-4241-b7a7-464aeb6ed752,531853946,group,2025-08-13 11:53:27.184618
70087819,bf996092-8d66-408a-8d8e-5065ca3330c2,967e785d-d83c-490b-8d6a-2ed926c956ac,967e785d-d83c-490b-8d6a-2ed926c956ac,urn:acs.rfis:rfi:967e785d-d83c-490b-8d6a-2ed926c956ac/2446521d-2a01-483c-9946-10b851691706,DQ72WAMCK3PT3T58,user,2025-07-28 13:20:43.018615
70087820,bf996092-8d66-408a-8d8e-5065ca3330c2,967e785d-d83c-490b-8d6a-2ed926c956ac,967e785d-d83c-490b-8d6a-2ed926c956ac,urn:acs.rfis:rfi:967e785d-d83c-490b-8d6a-2ed926c956ac/2446521d-2a01-483c-9946-10b851691706,YNUJS2S8LSSR8AJW,user,2025-07-28 13:20:43.018616
70087821,bf996092-8d66-408a-8d8e-5065ca3330c2,967e785d-d83c-490b-8d6a-2ed926c956ac,967e785d-d83c-490b-8d6a-2ed926c956ac,urn:acs.rfis:rfi:967e785d-d83c-490b-8d6a-2ed926c956ac/2446521d-2a01-483c-9946-10b851691706,Y2W2RXA2P4MPP325,user,2025-07-28 13:20:43.018617
70087862,bf996092-8d66-408a-8d8e-5065ca3330c2,967e785d-d83c-490b-8d6a-2ed926c956ac,967e785d-d83c-490b-8d6a-2ed926c956ac,urn:acs.rfis:rfi:967e785d-d83c-490b-8d6a-2ed926c956ac/2446521d-2a01-483c-9946-10b851691706,S762NMGBKUB423MM,user,2025-07-28 13:21:05.617642
70087880,bf996092-8d66-408a-8d8e-5065ca3330c2,967e785d-d83c-490b-8d6a-2ed926c956ac,967e785d-d83c-490b-8d6a-2ed926c956ac,urn:acs.rfis:rfi:967e785d-d83c-490b-8d6a-2ed926c956ac/2446521d-2a01-483c-9946-10b851691706,67E2T63RRMUGH3NG,user,2025-07-28 13:21:05.617664
70087896,bf996092-8d66-408a-8d8e-5065ca3330c2,967e785d-d83c-490b-8d6a-2ed926c956ac,967e785d-d83c-490b-8d6a-2ed926c956ac,urn:acs.rfis:rfi:967e785d-d83c-490b-8d6a-2ed926c956ac/2446521d-2a01-483c-9946-10b851691706,G5LJ2CH9PRAMRT7X,user,2025-07-28 13:21:05.617681
65768477,bf996092-8d66-408a-8d8e-5065ca3330c2,ada6015d-9fce-4f2c-b20f-fc9122d2face,ada6015d-9fce-4f2c-b20f-fc9122d2face,urn:acs.rfis:rfi:ada6015d-9fce-4f2c-b20f-fc9122d2face/940d0f6c-6d48-4a8e-884b-f75a8b003042,EHAJMY6KJEY6BP5Y,user,2025-05-22 07:00:00.790196
65768478,bf996092-8d66-408a-8d8e-5065ca3330c2,ada6015d-9fce-4f2c-b20f-fc9122d2face,ada6015d-9fce-4f2c-b20f-fc9122d2face,urn:acs.rfis:rfi:ada6015d-9fce-4f2c-b20f-fc9122d2face/940d0f6c-6d48-4a8e-884b-f75a8b003042,490203428,group,2025-05-22 07:00:00.790199
65768479,bf996092-8d66-408a-8d8e-5065ca3330c2,ada6015d-9fce-4f2c-b20f-fc9122d2face,ada6015d-9fce-4f2c-b20f-fc9122d2face,urn:acs.rfis:rfi:ada6015d-9fce-4f2c-b20f-fc9122d2face/940d0f6c-6d48-4a8e-884b-f75a8b003042,3NH2Q57QKQWJE37V,user,2025-05-22 07:00:00.790201
65768539,bf996092-8d66-408a-8d8e-5065ca3330c2,ada6015d-9fce-4f2c-b20f-fc9122d2face,ada6015d-9fce-4f2c-b20f-fc9122d2face,urn:acs.rfis:rfi:ada6015d-9fce-4f2c-b20f-fc9122d2face/cdad1adc-45ec-4168-82b0-16632c84986e,CMJ2N3U8MSMRM8ZA,user,2025-05-22 07:06:16.355719
65768540,bf996092-8d66-408a-8d8e-5065ca3330c2,ada6015d-9fce-4f2c-b20f-fc9122d2face,ada6015d-9fce-4f2c-b20f-fc9122d2face,urn:acs.rfis:rfi:ada6015d-9fce-4f2c-b20f-fc9122d2face/cdad1adc-45ec-4168-82b0-16632c84986e,490203402,group,2025-05-22 07:06:36.014105
65768541,bf996092-8d66-408a-8d8e-5065ca3330c2,ada6015d-9fce-4f2c-b20f-fc9122d2face,ada6015d-9fce-4f2c-b20f-fc9122d2face,urn:acs.rfis:rfi:ada6015d-9fce-4f2c-b20f-fc9122d2face/cdad1adc-45ec-4168-82b0-16632c84986e,Z3429E4KRUPBNHD4,user,2025-05-22 07:06:36.014109
65768542,bf996092-8d66-408a-8d8e-5065ca3330c2,ada6015d-9fce-4f2c-b20f-fc9122d2face,ada6015d-9fce-4f2c-b20f-fc9122d2face,urn:acs.rfis:rfi:ada6015d-9fce-4f2c-b20f-fc9122d2face/cdad1adc-45ec-4168-82b0-16632c84986e,ZK3JZTPXLBYUA53X,user,2025-05-22 07:06:36.014111
65768543,bf996092-8d66-408a-8d8e-5065ca3330c2,ada6015d-9fce-4f2c-b20f-fc9122d2face,ada6015d-9fce-4f2c-b20f-fc9122d2face,urn:acs.rfis:rfi:ada6015d-9fce-4f2c-b20f-fc9122d2face/cdad1adc-45ec-4168-82b0-16632c84986e,YEYJGRGXQH2X5DAY,user,2025-05-22 07:06:36.014112
65768545,bf996092-8d66-408a-8d8e-5065ca3330c2,ada6015d-9fce-4f2c-b20f-fc9122d2face,ada6015d-9fce-4f2c-b20f-fc9122d2face,urn:acs.rfis:rfi:ada6015d-9fce-4f2c-b20f-fc9122d2face/cdad1adc-45ec-4168-82b0-16632c84986e,3NH2Q57QKQWJE37V,user,2025-05-22 07:06:36.014115
65768988,bf996092-8d66-408a-8d8e-5065ca3330c2,ada6015d-9fce-4f2c-b20f-fc9122d2face,ada6015d-9fce-4f2c-b20f-fc9122d2face,urn:acs.rfis:rfi:ada6015d-9fce-4f2c-b20f-fc9122d2face/cdad1adc-45ec-4168-82b0-16632c84986e,V9Q2X946QA52XTJG,user,2025-05-22 07:20:56.934259
65768989,bf996092-8d66-408a-8d8e-5065ca3330c2,ada6015d-9fce-4f2c-b20f-fc9122d2face,ada6015d-9fce-4f2c-b20f-fc9122d2face,urn:acs.rfis:rfi:ada6015d-9fce-4f2c-b20f-fc9122d2face/cdad1adc-45ec-4168-82b0-16632c84986e,EHAJMY6KJEY6BP5Y,user,2025-05-22 07:20:56.934263
65771128,bf996092-8d66-408a-8d8e-5065ca3330c2,f679f4cf-c089-4a2b-9b84-b14129630601,f679f4cf-c089-4a2b-9b84-b14129630601,urn:acs.rfis:rfi:f679f4cf-c089-4a2b-9b84-b14129630601/c1b95096-23e6-4519-8f28-09c0eb95fafd,501989665,group,2025-05-22 08:43:40.862253
65771353,bf996092-8d66-408a-8d8e-5065ca3330c2,967e785d-d83c-490b-8d6a-2ed926c956ac,967e785d-d83c-490b-8d6a-2ed926c956ac,urn:acs.rfis:rfi:967e785d-d83c-490b-8d6a-2ed926c956ac/80ea0e55-fcfd-4c57-9188-712d6c8a9a08,D5ZKMDH5JP7L,user,2025-05-22 09:04:58.195885
65772450,bf996092-8d66-408a-8d8e-5065ca3330c2,ada6015d-9fce-4f2c-b20f-fc9122d2face,ada6015d-9fce-4f2c-b20f-fc9122d2face,urn:acs.rfis:rfi:ada6015d-9fce-4f2c-b20f-fc9122d2face/7f5cb8a6-045c-4ea5-9be3-1015bd7d7ce3,CMJ2N3U8MSMRM8ZA,user,2025-05-22 10:10:26.007401
65772453,bf996092-8d66-408a-8d8e-5065ca3330c2,ada6015d-9fce-4f2c-b20f-fc9122d2face,ada6015d-9fce-4f2c-b20f-fc9122d2face,urn:acs.rfis:rfi:ada6015d-9fce-4f2c-b20f-fc9122d2face/7f5cb8a6-045c-4ea5-9be3-1015bd7d7ce3,490203402,group,2025-05-22 10:11:39.766279
65772454,bf996092-8d66-408a-8d8e-5065ca3330c2,ada6015d-9fce-4f2c-b20f-fc9122d2face,ada6015d-9fce-4f2c-b20f-fc9122d2face,urn:acs.rfis:rfi:ada6015d-9fce-4f2c-b20f-fc9122d2face/7f5cb8a6-045c-4ea5-9be3-1015bd7d7ce3,Z3429E4KRUPBNHD4,user,2025-05-22 10:11:39.766283
65772455,bf996092-8d66-408a-8d8e-5065ca3330c2,ada6015d-9fce-4f2c-b20f-fc9122d2face,ada6015d-9fce-4f2c-b20f-fc9122d2face,urn:acs.rfis:rfi:ada6015d-9fce-4f2c-b20f-fc9122d2face/7f5cb8a6-045c-4ea5-9be3-1015bd7d7ce3,ZK3JZTPXLBYUA53X,user,2025-05-22 10:11:39.766285
65772456,bf996092-8d66-408a-8d8e-5065ca3330c2,ada6015d-9fce-4f2c-b20f-fc9122d2face,ada6015d-9fce-4f2c-b20f-fc9122d2face,urn:acs.rfis:rfi:ada6015d-9fce-4f2c-b20f-fc9122d2face/7f5cb8a6-045c-4ea5-9be3-1015bd7d7ce3,YEYJGRGXQH2X5DAY,user,2025-05-22 10:11:39.766286
65772457,bf996092-8d66-408a-8d8e-5065ca3330c2,ada6015d-9fce-4f2c-b20f-fc9122d2face,ada6015d-9fce-4f2c-b20f-fc9122d2face,urn:acs.rfis:rfi:ada6015d-9fce-4f2c-b20f-fc9122d2face/7f5cb8a6-045c-4ea5-9be3-1015bd7d7ce3,3NH2Q57QKQWJE37V,user,2025-05-22 10:11:39.766288
65772458,bf996092-8d66-408a-8d8e-5065ca3330c2,ada6015d-9fce-4f2c-b20f-fc9122d2face,ada6015d-9fce-4f2c-b20f-fc9122d2face,urn:acs.rfis:rfi:ada6015d-9fce-4f2c-b20f-fc9122d2face/7f5cb8a6-045c-4ea5-9be3-1015bd7d7ce3,V9Q2X946QA52XTJG,user,2025-05-22 10:12:12.402805
65772459,bf996092-8d66-408a-8d8e-5065ca3330c2,ada6015d-9fce-4f2c-b20f-fc9122d2face,ada6015d-9fce-4f2c-b20f-fc9122d2face,urn:acs.rfis:rfi:ada6015d-9fce-4f2c-b20f-fc9122d2face/7f5cb8a6-045c-4ea5-9be3-1015bd7d7ce3,490203506,group,2025-05-22 10:12:12.402808
65772460,bf996092-8d66-408a-8d8e-5065ca3330c2,ada6015d-9fce-4f2c-b20f-fc9122d2face,ada6015d-9fce-4f2c-b20f-fc9122d2face,urn:acs.rfis:rfi:ada6015d-9fce-4f2c-b20f-fc9122d2face/7f5cb8a6-045c-4ea5-9be3-1015bd7d7ce3,EHAJMY6KJEY6BP5Y,user,2025-05-22 10:12:12.40281
65772689,bf996092-8d66-408a-8d8e-5065ca3330c2,ada6015d-9fce-4f2c-b20f-fc9122d2face,ada6015d-9fce-4f2c-b20f-fc9122d2face,urn:acs.rfis:rfi:ada6015d-9fce-4f2c-b20f-fc9122d2face/337cf77d-9035-4ea4-b98c-9343ef205817,CMJ2N3U8MSMRM8ZA,user,2025-05-22 10:29:33.163237
65772690,bf996092-8d66-408a-8d8e-5065ca3330c2,ada6015d-9fce-4f2c-b20f-fc9122d2face,ada6015d-9fce-4f2c-b20f-fc9122d2face,urn:acs.rfis:rfi:ada6015d-9fce-4f2c-b20f-fc9122d2face/337cf77d-9035-4ea4-b98c-9343ef205817,V9Q2X946QA52XTJG,user,2025-05-22 10:29:33.163243
65772691,bf996092-8d66-408a-8d8e-5065ca3330c2,ada6015d-9fce-4f2c-b20f-fc9122d2face,ada6015d-9fce-4f2c-b20f-fc9122d2face,urn:acs.rfis:rfi:ada6015d-9fce-4f2c-b20f-fc9122d2face/337cf77d-9035-4ea4-b98c-9343ef205817,3NH2Q57QKQWJE37V,user,2025-05-22 10:29:33.163245
65772692,bf996092-8d66-408a-8d8e-5065ca3330c2,ada6015d-9fce-4f2c-b20f-fc9122d2face,ada6015d-9fce-4f2c-b20f-fc9122d2face,urn:acs.rfis:rfi:ada6015d-9fce-4f2c-b20f-fc9122d2face/337cf77d-9035-4ea4-b98c-9343ef205817,Z3429E4KRUPBNHD4,user,2025-05-22 10:29:33.163248
65772693,bf996092-8d66-408a-8d8e-5065ca3330c2,ada6015d-9fce-4f2c-b20f-fc9122d2face,ada6015d-9fce-4f2c-b20f-fc9122d2face,urn:acs.rfis:rfi:ada6015d-9fce-4f2c-b20f-fc9122d2face/337cf77d-9035-4ea4-b98c-9343ef205817,ZK3JZTPXLBYUA53X,user,2025-05-22 10:29:33.16325
65772694,bf996092-8d66-408a-8d8e-5065ca3330c2,ada6015d-9fce-4f2c-b20f-fc9122d2face,ada6015d-9fce-4f2c-b20f-fc9122d2face,urn:acs.rfis:rfi:ada6015d-9fce-4f2c-b20f-fc9122d2face/337cf77d-9035-4ea4-b98c-9343ef205817,490203402,group,2025-05-22 10:29:33.163252
65772696,bf996092-8d66-408a-8d8e-5065ca3330c2,ada6015d-9fce-4f2c-b20f-fc9122d2face,ada6015d-9fce-4f2c-b20f-fc9122d2face,urn:acs.rfis:rfi:ada6015d-9fce-4f2c-b20f-fc9122d2face/337cf77d-9035-4ea4-b98c-9343ef205817,EHAJMY6KJEY6BP5Y,user,2025-05-22 10:29:33.163257
65772860,bf996092-8d66-408a-8d8e-5065ca3330c2,ada6015d-9fce-4f2c-b20f-fc9122d2face,ada6015d-9fce-4f2c-b20f-fc9122d2face,urn:acs.rfis:rfi:ada6015d-9fce-4f2c-b20f-fc9122d2face/337cf77d-9035-4ea4-b98c-9343ef205817,490203399,group,2025-05-22 10:44:01.456043
65775024,bf996092-8d66-408a-8d8e-5065ca3330c2,f679f4cf-c089-4a2b-9b84-b14129630601,f679f4cf-c089-4a2b-9b84-b14129630601,urn:acs.rfis:rfi:f679f4cf-c089-4a2b-9b84-b14129630601/4dbed860-0879-4aa4-9a98-1f20405dd952,FM42EJFZPNC5F3HF,user,2025-05-22 11:52:01.243292
66421654,bf996092-8d66-408a-8d8e-5065ca3330c2,967e785d-d83c-490b-8d6a-2ed926c956ac,967e785d-d83c-490b-8d6a-2ed926c956ac,urn:acs.rfis:rfi:967e785d-d83c-490b-8d6a-2ed926c956ac/703cfc1d-6e3f-4588-8cce-bb97d726d407,WK7J3NJWMTCK9UWQ,user,2025-06-03 10:30:33.337406
66421657,bf996092-8d66-408a-8d8e-5065ca3330c2,967e785d-d83c-490b-8d6a-2ed926c956ac,967e785d-d83c-490b-8d6a-2ed926c956ac,urn:acs.rfis:rfi:967e785d-d83c-490b-8d6a-2ed926c956ac/703cfc1d-6e3f-4588-8cce-bb97d726d407,U8Q2F3P4M3PWWQXF,user,2025-06-03 10:30:33.337412
66421659,bf996092-8d66-408a-8d8e-5065ca3330c2,967e785d-d83c-490b-8d6a-2ed926c956ac,967e785d-d83c-490b-8d6a-2ed926c956ac,urn:acs.rfis:rfi:967e785d-d83c-490b-8d6a-2ed926c956ac/703cfc1d-6e3f-4588-8cce-bb97d726d407,VYKJ7GRWMX37AKTY,user,2025-06-03 10:30:33.337415
66421661,bf996092-8d66-408a-8d8e-5065ca3330c2,967e785d-d83c-490b-8d6a-2ed926c956ac,967e785d-d83c-490b-8d6a-2ed926c956ac,urn:acs.rfis:rfi:967e785d-d83c-490b-8d6a-2ed926c956ac/703cfc1d-6e3f-4588-8cce-bb97d726d407,Y2W2RXA2P4MPP325,user,2025-06-03 10:30:33.337417
66421766,bf996092-8d66-408a-8d8e-5065ca3330c2,967e785d-d83c-490b-8d6a-2ed926c956ac,967e785d-d83c-490b-8d6a-2ed926c956ac,urn:acs.rfis:rfi:967e785d-d83c-490b-8d6a-2ed926c956ac/703cfc1d-6e3f-4588-8cce-bb97d726d407,501949008,group,2025-06-03 10:32:40.059429
66421767,bf996092-8d66-408a-8d8e-5065ca3330c2,967e785d-d83c-490b-8d6a-2ed926c956ac,967e785d-d83c-490b-8d6a-2ed926c956ac,urn:acs.rfis:rfi:967e785d-d83c-490b-8d6a-2ed926c956ac/703cfc1d-6e3f-4588-8cce-bb97d726d407,501949038,group,2025-06-03 10:32:40.059432
66421768,bf996092-8d66-408a-8d8e-5065ca3330c2,967e785d-d83c-490b-8d6a-2ed926c956ac,967e785d-d83c-490b-8d6a-2ed926c956ac,urn:acs.rfis:rfi:967e785d-d83c-490b-8d6a-2ed926c956ac/703cfc1d-6e3f-4588-8cce-bb97d726d407,501949062,group,2025-06-03 10:32:40.059434
66421769,bf996092-8d66-408a-8d8e-5065ca3330c2,967e785d-d83c-490b-8d6a-2ed926c956ac,967e785d-d83c-490b-8d6a-2ed926c956ac,urn:acs.rfis:rfi:967e785d-d83c-490b-8d6a-2ed926c956ac/703cfc1d-6e3f-4588-8cce-bb97d726d407,501949065,group,2025-06-03 10:32:40.059436
66421770,bf996092-8d66-408a-8d8e-5065ca3330c2,967e785d-d83c-490b-8d6a-2ed926c956ac,967e785d-d83c-490b-8d6a-2ed926c956ac,urn:acs.rfis:rfi:967e785d-d83c-490b-8d6a-2ed926c956ac/703cfc1d-6e3f-4588-8cce-bb97d726d407,501949067,group,2025-06-03 10:32:40.059437
66421771,bf996092-8d66-408a-8d8e-5065ca3330c2,967e785d-d83c-490b-8d6a-2ed926c956ac,967e785d-d83c-490b-8d6a-2ed926c956ac,urn:acs.rfis:rfi:967e785d-d83c-490b-8d6a-2ed926c956ac/703cfc1d-6e3f-4588-8cce-bb97d726d407,501949075,group,2025-06-03 10:32:40.059438
66421772,bf996092-8d66-408a-8d8e-5065ca3330c2,967e785d-d83c-490b-8d6a-2ed926c956ac,967e785d-d83c-490b-8d6a-2ed926c956ac,urn:acs.rfis:rfi:967e785d-d83c-490b-8d6a-2ed926c956ac/703cfc1d-6e3f-4588-8cce-bb97d726d407,501949064,group,2025-06-03 10:32:40.05944
66421773,bf996092-8d66-408a-8d8e-5065ca3330c2,967e785d-d83c-490b-8d6a-2ed926c956ac,967e785d-d83c-490b-8d6a-2ed926c956ac,urn:acs.rfis:rfi:967e785d-d83c-490b-8d6a-2ed926c956ac/703cfc1d-6e3f-4588-8cce-bb97d726d407,501949076,group,2025-06-03 10:32:40.059441
66421774,bf996092-8d66-408a-8d8e-5065ca3330c2,967e785d-d83c-490b-8d6a-2ed926c956ac,967e785d-d83c-490b-8d6a-2ed926c956ac,urn:acs.rfis:rfi:967e785d-d83c-490b-8d6a-2ed926c956ac/703cfc1d-6e3f-4588-8cce-bb97d726d407,501949068,group,2025-06-03 10:32:40.059442
66422327,bf996092-8d66-408a-8d8e-5065ca3330c2,967e785d-d83c-490b-8d6a-2ed926c956ac,967e785d-d83c-490b-8d6a-2ed926c956ac,urn:acs.rfis:rfi:967e785d-d83c-490b-8d6a-2ed926c956ac/703cfc1d-6e3f-4588-8cce-bb97d726d407,G5LJ2CH9PRAMRT7X,user,2025-06-03 10:39:01.505813
70477536,bf996092-8d66-408a-8d8e-5065ca3330c2,967e785d-d83c-490b-8d6a-2ed926c956ac,967e785d-d83c-490b-8d6a-2ed926c956ac,urn:acs.rfis:rfi:967e785d-d83c-490b-8d6a-2ed926c956ac/912a0928-1599-459b-b703-92e9c6ac1f29,S762NMGBKUB423MM,user,2025-08-01 05:08:57.124632
70477570,bf996092-8d66-408a-8d8e-5065ca3330c2,967e785d-d83c-490b-8d6a-2ed926c956ac,967e785d-d83c-490b-8d6a-2ed926c956ac,urn:acs.rfis:rfi:967e785d-d83c-490b-8d6a-2ed926c956ac/912a0928-1599-459b-b703-92e9c6ac1f29,G5LJ2CH9PRAMRT7X,user,2025-08-01 05:08:57.124669
70477571,bf996092-8d66-408a-8d8e-5065ca3330c2,967e785d-d83c-490b-8d6a-2ed926c956ac,967e785d-d83c-490b-8d6a-2ed926c956ac,urn:acs.rfis:rfi:967e785d-d83c-490b-8d6a-2ed926c956ac/64ba1333-14ae-405b-88c4-869d2810e5b2,501949008,group,2025-08-01 05:10:07.71954
70477572,bf996092-8d66-408a-8d8e-5065ca3330c2,967e785d-d83c-490b-8d6a-2ed926c956ac,967e785d-d83c-490b-8d6a-2ed926c956ac,urn:acs.rfis:rfi:967e785d-d83c-490b-8d6a-2ed926c956ac/64ba1333-14ae-405b-88c4-869d2810e5b2,501949038,group,2025-08-01 05:10:07.719543
70477573,bf996092-8d66-408a-8d8e-5065ca3330c2,967e785d-d83c-490b-8d6a-2ed926c956ac,967e785d-d83c-490b-8d6a-2ed926c956ac,urn:acs.rfis:rfi:967e785d-d83c-490b-8d6a-2ed926c956ac/64ba1333-14ae-405b-88c4-869d2810e5b2,501949062,group,2025-08-01 05:10:07.719545
70477574,bf996092-8d66-408a-8d8e-5065ca3330c2,967e785d-d83c-490b-8d6a-2ed926c956ac,967e785d-d83c-490b-8d6a-2ed926c956ac,urn:acs.rfis:rfi:967e785d-d83c-490b-8d6a-2ed926c956ac/64ba1333-14ae-405b-88c4-869d2810e5b2,501949065,group,2025-08-01 05:10:07.719546
70477575,bf996092-8d66-408a-8d8e-5065ca3330c2,967e785d-d83c-490b-8d6a-2ed926c956ac,967e785d-d83c-490b-8d6a-2ed926c956ac,urn:acs.rfis:rfi:967e785d-d83c-490b-8d6a-2ed926c956ac/64ba1333-14ae-405b-88c4-869d2810e5b2,501949067,group,2025-08-01 05:10:07.719547
70477576,bf996092-8d66-408a-8d8e-5065ca3330c2,967e785d-d83c-490b-8d6a-2ed926c956ac,967e785d-d83c-490b-8d6a-2ed926c956ac,urn:acs.rfis:rfi:967e785d-d83c-490b-8d6a-2ed926c956ac/64ba1333-14ae-405b-88c4-869d2810e5b2,501949075,group,2025-08-01 05:10:07.719548
70477577,bf996092-8d66-408a-8d8e-5065ca3330c2,967e785d-d83c-490b-8d6a-2ed926c956ac,967e785d-d83c-490b-8d6a-2ed926c956ac,urn:acs.rfis:rfi:967e785d-d83c-490b-8d6a-2ed926c956ac/64ba1333-14ae-405b-88c4-869d2810e5b2,501949064,group,2025-08-01 05:10:07.719549
70477578,bf996092-8d66-408a-8d8e-5065ca3330c2,967e785d-d83c-490b-8d6a-2ed926c956ac,967e785d-d83c-490b-8d6a-2ed926c956ac,urn:acs.rfis:rfi:967e785d-d83c-490b-8d6a-2ed926c956ac/64ba1333-14ae-405b-88c4-869d2810e5b2,501949076,group,2025-08-01 05:10:07.71955
70477579,bf996092-8d66-408a-8d8e-5065ca3330c2,967e785d-d83c-490b-8d6a-2ed926c956ac,967e785d-d83c-490b-8d6a-2ed926c956ac,urn:acs.rfis:rfi:967e785d-d83c-490b-8d6a-2ed926c956ac/64ba1333-14ae-405b-88c4-869d2810e5b2,501949068,group,2025-08-01 05:10:07.719551
70477591,bf996092-8d66-408a-8d8e-5065ca3330c2,967e785d-d83c-490b-8d6a-2ed926c956ac,967e785d-d83c-490b-8d6a-2ed926c956ac,urn:acs.rfis:rfi:967e785d-d83c-490b-8d6a-2ed926c956ac/64ba1333-14ae-405b-88c4-869d2810e5b2,UQ72RJ7QKZSW8XTA,user,2025-08-01 05:11:40.602602
70477592,bf996092-8d66-408a-8d8e-5065ca3330c2,967e785d-d83c-490b-8d6a-2ed926c956ac,967e785d-d83c-490b-8d6a-2ed926c956ac,urn:acs.rfis:rfi:967e785d-d83c-490b-8d6a-2ed926c956ac/64ba1333-14ae-405b-88c4-869d2810e5b2,VYKJ7GRWMX37AKTY,user,2025-08-01 05:11:40.602605
70477593,bf996092-8d66-408a-8d8e-5065ca3330c2,967e785d-d83c-490b-8d6a-2ed926c956ac,967e785d-d83c-490b-8d6a-2ed926c956ac,urn:acs.rfis:rfi:967e785d-d83c-490b-8d6a-2ed926c956ac/64ba1333-14ae-405b-88c4-869d2810e5b2,D5ZKMDH5JP7L,user,2025-08-01 05:11:40.602607
70477594,bf996092-8d66-408a-8d8e-5065ca3330c2,967e785d-d83c-490b-8d6a-2ed926c956ac,967e785d-d83c-490b-8d6a-2ed926c956ac,urn:acs.rfis:rfi:967e785d-d83c-490b-8d6a-2ed926c956ac/64ba1333-14ae-405b-88c4-869d2810e5b2,MXG2L5VEMSKN8SVN,user,2025-08-01 05:11:40.602608
70477595,bf996092-8d66-408a-8d8e-5065ca3330c2,967e785d-d83c-490b-8d6a-2ed926c956ac,967e785d-d83c-490b-8d6a-2ed926c956ac,urn:acs.rfis:rfi:967e785d-d83c-490b-8d6a-2ed926c956ac/64ba1333-14ae-405b-88c4-869d2810e5b2,KNL28BHPJJMCM75F,user,2025-08-01 05:11:40.602609
70477596,bf996092-8d66-408a-8d8e-5065ca3330c2,967e785d-d83c-490b-8d6a-2ed926c956ac,967e785d-d83c-490b-8d6a-2ed926c956ac,urn:acs.rfis:rfi:967e785d-d83c-490b-8d6a-2ed926c956ac/64ba1333-14ae-405b-88c4-869d2810e5b2,DQ72WAMCK3PT3T58,user,2025-08-01 05:11:40.60261
70477597,bf996092-8d66-408a-8d8e-5065ca3330c2,967e785d-d83c-490b-8d6a-2ed926c956ac,967e785d-d83c-490b-8d6a-2ed926c956ac,urn:acs.rfis:rfi:967e785d-d83c-490b-8d6a-2ed926c956ac/64ba1333-14ae-405b-88c4-869d2810e5b2,MWZJGXW9MEMP2RFR,user,2025-08-01 05:11:40.602611
70477598,bf996092-8d66-408a-8d8e-5065ca3330c2,967e785d-d83c-490b-8d6a-2ed926c956ac,967e785d-d83c-490b-8d6a-2ed926c956ac,urn:acs.rfis:rfi:967e785d-d83c-490b-8d6a-2ed926c956ac/64ba1333-14ae-405b-88c4-869d2810e5b2,WK7J3NJWMTCK9UWQ,user,2025-08-01 05:11:40.602612
70477599,bf996092-8d66-408a-8d8e-5065ca3330c2,967e785d-d83c-490b-8d6a-2ed926c956ac,967e785d-d83c-490b-8d6a-2ed926c956ac,urn:acs.rfis:rfi:967e785d-d83c-490b-8d6a-2ed926c956ac/64ba1333-14ae-405b-88c4-869d2810e5b2,Y2W2RXA2P4MPP325,user,2025-08-01 05:11:40.602613
70477643,bf996092-8d66-408a-8d8e-5065ca3330c2,967e785d-d83c-490b-8d6a-2ed926c956ac,967e785d-d83c-490b-8d6a-2ed926c956ac,urn:acs.rfis:rfi:967e785d-d83c-490b-8d6a-2ed926c956ac/64ba1333-14ae-405b-88c4-869d2810e5b2,67E2T63RRMUGH3NG,user,2025-08-01 05:12:24.547554
70477659,bf996092-8d66-408a-8d8e-5065ca3330c2,967e785d-d83c-490b-8d6a-2ed926c956ac,967e785d-d83c-490b-8d6a-2ed926c956ac,urn:acs.rfis:rfi:967e785d-d83c-490b-8d6a-2ed926c956ac/64ba1333-14ae-405b-88c4-869d2810e5b2,G5LJ2CH9PRAMRT7X,user,2025-08-01 05:12:24.54757
70478036,bf996092-8d66-408a-8d8e-5065ca3330c2,967e785d-d83c-490b-8d6a-2ed926c956ac,967e785d-d83c-490b-8d6a-2ed926c956ac,urn:acs.rfis:rfi:967e785d-d83c-490b-8d6a-2ed926c956ac/529f384b-b4b3-49bb-b473-b2921e49e125,WK7J3NJWMTCK9UWQ,user,2025-08-01 05:31:47.801755
70478037,bf996092-8d66-408a-8d8e-5065ca3330c2,967e785d-d83c-490b-8d6a-2ed926c956ac,967e785d-d83c-490b-8d6a-2ed926c956ac,urn:acs.rfis:rfi:967e785d-d83c-490b-8d6a-2ed926c956ac/529f384b-b4b3-49bb-b473-b2921e49e125,501949008,group,2025-08-01 05:32:03.003771
70478038,bf996092-8d66-408a-8d8e-5065ca3330c2,967e785d-d83c-490b-8d6a-2ed926c956ac,967e785d-d83c-490b-8d6a-2ed926c956ac,urn:acs.rfis:rfi:967e785d-d83c-490b-8d6a-2ed926c956ac/529f384b-b4b3-49bb-b473-b2921e49e125,501949038,group,2025-08-01 05:32:03.003775
70478039,bf996092-8d66-408a-8d8e-5065ca3330c2,967e785d-d83c-490b-8d6a-2ed926c956ac,967e785d-d83c-490b-8d6a-2ed926c956ac,urn:acs.rfis:rfi:967e785d-d83c-490b-8d6a-2ed926c956ac/529f384b-b4b3-49bb-b473-b2921e49e125,501949062,group,2025-08-01 05:32:03.003776
70478040,bf996092-8d66-408a-8d8e-5065ca3330c2,967e785d-d83c-490b-8d6a-2ed926c956ac,967e785d-d83c-490b-8d6a-2ed926c956ac,urn:acs.rfis:rfi:967e785d-d83c-490b-8d6a-2ed926c956ac/529f384b-b4b3-49bb-b473-b2921e49e125,501949065,group,2025-08-01 05:32:03.003777
70478041,bf996092-8d66-408a-8d8e-5065ca3330c2,967e785d-d83c-490b-8d6a-2ed926c956ac,967e785d-d83c-490b-8d6a-2ed926c956ac,urn:acs.rfis:rfi:967e785d-d83c-490b-8d6a-2ed926c956ac/529f384b-b4b3-49bb-b473-b2921e49e125,501949067,group,2025-08-01 05:32:03.003778
70478042,bf996092-8d66-408a-8d8e-5065ca3330c2,967e785d-d83c-490b-8d6a-2ed926c956ac,967e785d-d83c-490b-8d6a-2ed926c956ac,urn:acs.rfis:rfi:967e785d-d83c-490b-8d6a-2ed926c956ac/529f384b-b4b3-49bb-b473-b2921e49e125,501949075,group,2025-08-01 05:32:03.003779
70478043,bf996092-8d66-408a-8d8e-5065ca3330c2,967e785d-d83c-490b-8d6a-2ed926c956ac,967e785d-d83c-490b-8d6a-2ed926c956ac,urn:acs.rfis:rfi:967e785d-d83c-490b-8d6a-2ed926c956ac/529f384b-b4b3-49bb-b473-b2921e49e125,501949064,group,2025-08-01 05:32:03.00378
70478044,bf996092-8d66-408a-8d8e-5065ca3330c2,967e785d-d83c-490b-8d6a-2ed926c956ac,967e785d-d83c-490b-8d6a-2ed926c956ac,urn:acs.rfis:rfi:967e785d-d83c-490b-8d6a-2ed926c956ac/529f384b-b4b3-49bb-b473-b2921e49e125,501949076,group,2025-08-01 05:32:03.003781
70478045,bf996092-8d66-408a-8d8e-5065ca3330c2,967e785d-d83c-490b-8d6a-2ed926c956ac,967e785d-d83c-490b-8d6a-2ed926c956ac,urn:acs.rfis:rfi:967e785d-d83c-490b-8d6a-2ed926c956ac/529f384b-b4b3-49bb-b473-b2921e49e125,501949068,group,2025-08-01 05:32:03.003782
70483020,bf996092-8d66-408a-8d8e-5065ca3330c2,ada6015d-9fce-4f2c-b20f-fc9122d2face,ada6015d-9fce-4f2c-b20f-fc9122d2face,urn:acs.rfis:rfi:ada6015d-9fce-4f2c-b20f-fc9122d2face/e66c5a9d-a05d-4530-8c34-7e0e52b9a36b,CMJ2N3U8MSMRM8ZA,user,2025-08-01 10:12:15.939953
70483021,bf996092-8d66-408a-8d8e-5065ca3330c2,ada6015d-9fce-4f2c-b20f-fc9122d2face,ada6015d-9fce-4f2c-b20f-fc9122d2face,urn:acs.rfis:rfi:ada6015d-9fce-4f2c-b20f-fc9122d2face/e66c5a9d-a05d-4530-8c34-7e0e52b9a36b,Z3429E4KRUPBNHD4,user,2025-08-01 10:12:15.939956
70483022,bf996092-8d66-408a-8d8e-5065ca3330c2,ada6015d-9fce-4f2c-b20f-fc9122d2face,ada6015d-9fce-4f2c-b20f-fc9122d2face,urn:acs.rfis:rfi:ada6015d-9fce-4f2c-b20f-fc9122d2face/e66c5a9d-a05d-4530-8c34-7e0e52b9a36b,ZK3JZTPXLBYUA53X,user,2025-08-01 10:12:15.939957
70483023,bf996092-8d66-408a-8d8e-5065ca3330c2,ada6015d-9fce-4f2c-b20f-fc9122d2face,ada6015d-9fce-4f2c-b20f-fc9122d2face,urn:acs.rfis:rfi:ada6015d-9fce-4f2c-b20f-fc9122d2face/e66c5a9d-a05d-4530-8c34-7e0e52b9a36b,3NH2Q57QKQWJE37V,user,2025-08-01 10:12:15.939958
70483024,bf996092-8d66-408a-8d8e-5065ca3330c2,ada6015d-9fce-4f2c-b20f-fc9122d2face,ada6015d-9fce-4f2c-b20f-fc9122d2face,urn:acs.rfis:rfi:ada6015d-9fce-4f2c-b20f-fc9122d2face/e66c5a9d-a05d-4530-8c34-7e0e52b9a36b,490203428,group,2025-08-01 10:12:15.939959
70483025,bf996092-8d66-408a-8d8e-5065ca3330c2,ada6015d-9fce-4f2c-b20f-fc9122d2face,ada6015d-9fce-4f2c-b20f-fc9122d2face,urn:acs.rfis:rfi:ada6015d-9fce-4f2c-b20f-fc9122d2face/e66c5a9d-a05d-4530-8c34-7e0e52b9a36b,755J89QWMS5SYD8P,user,2025-08-01 10:12:15.93996
70483026,bf996092-8d66-408a-8d8e-5065ca3330c2,ada6015d-9fce-4f2c-b20f-fc9122d2face,ada6015d-9fce-4f2c-b20f-fc9122d2face,urn:acs.rfis:rfi:ada6015d-9fce-4f2c-b20f-fc9122d2face/e66c5a9d-a05d-4530-8c34-7e0e52b9a36b,5HF27NF2JLGRJEMD,user,2025-08-01 10:12:15.939961
70483027,bf996092-8d66-408a-8d8e-5065ca3330c2,ada6015d-9fce-4f2c-b20f-fc9122d2face,ada6015d-9fce-4f2c-b20f-fc9122d2face,urn:acs.rfis:rfi:ada6015d-9fce-4f2c-b20f-fc9122d2face/e66c5a9d-a05d-4530-8c34-7e0e52b9a36b,490203402,group,2025-08-01 10:12:15.939962
70483051,bf996092-8d66-408a-8d8e-5065ca3330c2,ada6015d-9fce-4f2c-b20f-fc9122d2face,ada6015d-9fce-4f2c-b20f-fc9122d2face,urn:acs.rfis:rfi:ada6015d-9fce-4f2c-b20f-fc9122d2face/e66c5a9d-a05d-4530-8c34-7e0e52b9a36b,490203399,group,2025-08-01 10:14:49.687736
71278117,bf996092-8d66-408a-8d8e-5065ca3330c2,f6ab14eb-1a66-4ea5-8a0f-0afbda444403,f6ab14eb-1a66-4ea5-8a0f-0afbda444403,urn:acs.rfis:rfi:f6ab14eb-1a66-4ea5-8a0f-0afbda444403/c8303991-6637-47f8-9144-8a38071905db,FM42EJFZPNC5F3HF,user,2025-08-13 12:06:02.644254
71278155,bf996092-8d66-408a-8d8e-5065ca3330c2,f6ab14eb-1a66-4ea5-8a0f-0afbda444403,f6ab14eb-1a66-4ea5-8a0f-0afbda444403,urn:acs.rfis:rfi:f6ab14eb-1a66-4ea5-8a0f-0afbda444403/fe2169f5-b6cd-4241-b7a7-464aeb6ed752,FM42EJFZPNC5F3HF,user,2025-08-13 12:06:22.478693
71279005,bf996092-8d66-408a-8d8e-5065ca3330c2,f6ab14eb-1a66-4ea5-8a0f-0afbda444403,f6ab14eb-1a66-4ea5-8a0f-0afbda444403,urn:acs.rfis:rfi:f6ab14eb-1a66-4ea5-8a0f-0afbda444403/79d38989-fc0e-4b82-a3ee-4a3775d7c7d6,4UJ23BUBLD77JPG2,user,2025-08-13 12:17:46.151039
71279006,bf996092-8d66-408a-8d8e-5065ca3330c2,f6ab14eb-1a66-4ea5-8a0f-0afbda444403,f6ab14eb-1a66-4ea5-8a0f-0afbda444403,urn:acs.rfis:rfi:f6ab14eb-1a66-4ea5-8a0f-0afbda444403/79d38989-fc0e-4b82-a3ee-4a3775d7c7d6,NXBJU9KZRN2LR6EX,user,2025-08-13 12:17:46.15104
71279253,bf996092-8d66-408a-8d8e-5065ca3330c2,f6ab14eb-1a66-4ea5-8a0f-0afbda444403,f6ab14eb-1a66-4ea5-8a0f-0afbda444403,urn:acs.rfis:rfi:f6ab14eb-1a66-4ea5-8a0f-0afbda444403/79d38989-fc0e-4b82-a3ee-4a3775d7c7d6,531853798,group,2025-08-13 12:20:39.405431
71279254,bf996092-8d66-408a-8d8e-5065ca3330c2,f6ab14eb-1a66-4ea5-8a0f-0afbda444403,f6ab14eb-1a66-4ea5-8a0f-0afbda444403,urn:acs.rfis:rfi:f6ab14eb-1a66-4ea5-8a0f-0afbda444403/79d38989-fc0e-4b82-a3ee-4a3775d7c7d6,531853829,group,2025-08-13 12:20:39.405434
71279255,bf996092-8d66-408a-8d8e-5065ca3330c2,f6ab14eb-1a66-4ea5-8a0f-0afbda444403,f6ab14eb-1a66-4ea5-8a0f-0afbda444403,urn:acs.rfis:rfi:f6ab14eb-1a66-4ea5-8a0f-0afbda444403/79d38989-fc0e-4b82-a3ee-4a3775d7c7d6,531853846,group,2025-08-13 12:20:39.405436
71279256,bf996092-8d66-408a-8d8e-5065ca3330c2,f6ab14eb-1a66-4ea5-8a0f-0afbda444403,f6ab14eb-1a66-4ea5-8a0f-0afbda444403,urn:acs.rfis:rfi:f6ab14eb-1a66-4ea5-8a0f-0afbda444403/79d38989-fc0e-4b82-a3ee-4a3775d7c7d6,531853851,group,2025-08-13 12:20:39.405437
71281043,bf996092-8d66-408a-8d8e-5065ca3330c2,f6ab14eb-1a66-4ea5-8a0f-0afbda444403,f6ab14eb-1a66-4ea5-8a0f-0afbda444403,urn:acs.rfis:rfi:f6ab14eb-1a66-4ea5-8a0f-0afbda444403/ea1b0668-a085-40d5-9a39-6dac25ebe48e,4UJ23BUBLD77JPG2,user,2025-08-13 12:38:35.693984
71281044,bf996092-8d66-408a-8d8e-5065ca3330c2,f6ab14eb-1a66-4ea5-8a0f-0afbda444403,f6ab14eb-1a66-4ea5-8a0f-0afbda444403,urn:acs.rfis:rfi:f6ab14eb-1a66-4ea5-8a0f-0afbda444403/ea1b0668-a085-40d5-9a39-6dac25ebe48e,NXBJU9KZRN2LR6EX,user,2025-08-13 12:38:35.693985
71281305,bf996092-8d66-408a-8d8e-5065ca3330c2,f6ab14eb-1a66-4ea5-8a0f-0afbda444403,f6ab14eb-1a66-4ea5-8a0f-0afbda444403,urn:acs.rfis:rfi:f6ab14eb-1a66-4ea5-8a0f-0afbda444403/79d38989-fc0e-4b82-a3ee-4a3775d7c7d6,G5LJ2CH9PRAMRT7X,user,2025-08-13 12:41:09.826017
71281341,bf996092-8d66-408a-8d8e-5065ca3330c2,f6ab14eb-1a66-4ea5-8a0f-0afbda444403,f6ab14eb-1a66-4ea5-8a0f-0afbda444403,urn:acs.rfis:rfi:f6ab14eb-1a66-4ea5-8a0f-0afbda444403/79d38989-fc0e-4b82-a3ee-4a3775d7c7d6,D5ZKMDH5JP7L,user,2025-08-13 12:41:09.826054
71281343,bf996092-8d66-408a-8d8e-5065ca3330c2,f6ab14eb-1a66-4ea5-8a0f-0afbda444403,f6ab14eb-1a66-4ea5-8a0f-0afbda444403,urn:acs.rfis:rfi:f6ab14eb-1a66-4ea5-8a0f-0afbda444403/ea1b0668-a085-40d5-9a39-6dac25ebe48e,531853798,group,2025-08-13 12:41:13.924911
71281344,bf996092-8d66-408a-8d8e-5065ca3330c2,f6ab14eb-1a66-4ea5-8a0f-0afbda444403,f6ab14eb-1a66-4ea5-8a0f-0afbda444403,urn:acs.rfis:rfi:f6ab14eb-1a66-4ea5-8a0f-0afbda444403/ea1b0668-a085-40d5-9a39-6dac25ebe48e,531853829,group,2025-08-13 12:41:13.924915
71281345,bf996092-8d66-408a-8d8e-5065ca3330c2,f6ab14eb-1a66-4ea5-8a0f-0afbda444403,f6ab14eb-1a66-4ea5-8a0f-0afbda444403,urn:acs.rfis:rfi:f6ab14eb-1a66-4ea5-8a0f-0afbda444403/ea1b0668-a085-40d5-9a39-6dac25ebe48e,531853846,group,2025-08-13 12:41:13.924916
71281346,bf996092-8d66-408a-8d8e-5065ca3330c2,f6ab14eb-1a66-4ea5-8a0f-0afbda444403,f6ab14eb-1a66-4ea5-8a0f-0afbda444403,urn:acs.rfis:rfi:f6ab14eb-1a66-4ea5-8a0f-0afbda444403/ea1b0668-a085-40d5-9a39-6dac25ebe48e,531853851,group,2025-08-13 12:41:13.924917
71281347,bf996092-8d66-408a-8d8e-5065ca3330c2,f6ab14eb-1a66-4ea5-8a0f-0afbda444403,f6ab14eb-1a66-4ea5-8a0f-0afbda444403,urn:acs.rfis:rfi:f6ab14eb-1a66-4ea5-8a0f-0afbda444403/ea1b0668-a085-40d5-9a39-6dac25ebe48e,SFB2VPYZKPQ7XEGT,user,2025-08-13 12:41:13.924918
71281438,bf996092-8d66-408a-8d8e-5065ca3330c2,f6ab14eb-1a66-4ea5-8a0f-0afbda444403,f6ab14eb-1a66-4ea5-8a0f-0afbda444403,urn:acs.rfis:rfi:f6ab14eb-1a66-4ea5-8a0f-0afbda444403/ea1b0668-a085-40d5-9a39-6dac25ebe48e,G5LJ2CH9PRAMRT7X,user,2025-08-13 12:42:10.426373
71281439,bf996092-8d66-408a-8d8e-5065ca3330c2,f6ab14eb-1a66-4ea5-8a0f-0afbda444403,f6ab14eb-1a66-4ea5-8a0f-0afbda444403,urn:acs.rfis:rfi:f6ab14eb-1a66-4ea5-8a0f-0afbda444403/ea1b0668-a085-40d5-9a39-6dac25ebe48e,531853946,group,2025-08-13 12:42:10.426376
71281440,bf996092-8d66-408a-8d8e-5065ca3330c2,f6ab14eb-1a66-4ea5-8a0f-0afbda444403,f6ab14eb-1a66-4ea5-8a0f-0afbda444403,urn:acs.rfis:rfi:f6ab14eb-1a66-4ea5-8a0f-0afbda444403/ea1b0668-a085-40d5-9a39-6dac25ebe48e,541450407,group,2025-08-13 12:42:10.426378
71281441,bf996092-8d66-408a-8d8e-5065ca3330c2,f6ab14eb-1a66-4ea5-8a0f-0afbda444403,f6ab14eb-1a66-4ea5-8a0f-0afbda444403,urn:acs.rfis:rfi:f6ab14eb-1a66-4ea5-8a0f-0afbda444403/ea1b0668-a085-40d5-9a39-6dac25ebe48e,531853832,group,2025-08-13 12:42:10.426379
71281442,bf996092-8d66-408a-8d8e-5065ca3330c2,f6ab14eb-1a66-4ea5-8a0f-0afbda444403,f6ab14eb-1a66-4ea5-8a0f-0afbda444403,urn:acs.rfis:rfi:f6ab14eb-1a66-4ea5-8a0f-0afbda444403/ea1b0668-a085-40d5-9a39-6dac25ebe48e,531853841,group,2025-08-13 12:42:10.42638
71281443,bf996092-8d66-408a-8d8e-5065ca3330c2,f6ab14eb-1a66-4ea5-8a0f-0afbda444403,f6ab14eb-1a66-4ea5-8a0f-0afbda444403,urn:acs.rfis:rfi:f6ab14eb-1a66-4ea5-8a0f-0afbda444403/ea1b0668-a085-40d5-9a39-6dac25ebe48e,531853839,group,2025-08-13 12:42:10.426381
71281444,bf996092-8d66-408a-8d8e-5065ca3330c2,f6ab14eb-1a66-4ea5-8a0f-0afbda444403,f6ab14eb-1a66-4ea5-8a0f-0afbda444403,urn:acs.rfis:rfi:f6ab14eb-1a66-4ea5-8a0f-0afbda444403/ea1b0668-a085-40d5-9a39-6dac25ebe48e,531853837,group,2025-08-13 12:42:10.426382
71281445,bf996092-8d66-408a-8d8e-5065ca3330c2,f6ab14eb-1a66-4ea5-8a0f-0afbda444403,f6ab14eb-1a66-4ea5-8a0f-0afbda444403,urn:acs.rfis:rfi:f6ab14eb-1a66-4ea5-8a0f-0afbda444403/ea1b0668-a085-40d5-9a39-6dac25ebe48e,531853842,group,2025-08-13 12:42:10.426383
71281446,bf996092-8d66-408a-8d8e-5065ca3330c2,f6ab14eb-1a66-4ea5-8a0f-0afbda444403,f6ab14eb-1a66-4ea5-8a0f-0afbda444403,urn:acs.rfis:rfi:f6ab14eb-1a66-4ea5-8a0f-0afbda444403/ea1b0668-a085-40d5-9a39-6dac25ebe48e,531853838,group,2025-08-13 12:42:10.426384
71281447,bf996092-8d66-408a-8d8e-5065ca3330c2,f6ab14eb-1a66-4ea5-8a0f-0afbda444403,f6ab14eb-1a66-4ea5-8a0f-0afbda444403,urn:acs.rfis:rfi:f6ab14eb-1a66-4ea5-8a0f-0afbda444403/ea1b0668-a085-40d5-9a39-6dac25ebe48e,531853840,group,2025-08-13 12:42:10.426385
71281448,bf996092-8d66-408a-8d8e-5065ca3330c2,f6ab14eb-1a66-4ea5-8a0f-0afbda444403,f6ab14eb-1a66-4ea5-8a0f-0afbda444403,urn:acs.rfis:rfi:f6ab14eb-1a66-4ea5-8a0f-0afbda444403/ea1b0668-a085-40d5-9a39-6dac25ebe48e,541450919,group,2025-08-13 12:42:10.426386
71281449,bf996092-8d66-408a-8d8e-5065ca3330c2,f6ab14eb-1a66-4ea5-8a0f-0afbda444403,f6ab14eb-1a66-4ea5-8a0f-0afbda444403,urn:acs.rfis:rfi:f6ab14eb-1a66-4ea5-8a0f-0afbda444403/ea1b0668-a085-40d5-9a39-6dac25ebe48e,531853827,group,2025-08-13 12:42:10.426387
71281450,bf996092-8d66-408a-8d8e-5065ca3330c2,f6ab14eb-1a66-4ea5-8a0f-0afbda444403,f6ab14eb-1a66-4ea5-8a0f-0afbda444403,urn:acs.rfis:rfi:f6ab14eb-1a66-4ea5-8a0f-0afbda444403/ea1b0668-a085-40d5-9a39-6dac25ebe48e,531853845,group,2025-08-13 12:42:10.426388
71281451,bf996092-8d66-408a-8d8e-5065ca3330c2,f6ab14eb-1a66-4ea5-8a0f-0afbda444403,f6ab14eb-1a66-4ea5-8a0f-0afbda444403,urn:acs.rfis:rfi:f6ab14eb-1a66-4ea5-8a0f-0afbda444403/ea1b0668-a085-40d5-9a39-6dac25ebe48e,531853831,group,2025-08-13 12:42:10.426389
71281452,bf996092-8d66-408a-8d8e-5065ca3330c2,f6ab14eb-1a66-4ea5-8a0f-0afbda444403,f6ab14eb-1a66-4ea5-8a0f-0afbda444403,urn:acs.rfis:rfi:f6ab14eb-1a66-4ea5-8a0f-0afbda444403/ea1b0668-a085-40d5-9a39-6dac25ebe48e,531853843,group,2025-08-13 12:42:10.42639
71281453,bf996092-8d66-408a-8d8e-5065ca3330c2,f6ab14eb-1a66-4ea5-8a0f-0afbda444403,f6ab14eb-1a66-4ea5-8a0f-0afbda444403,urn:acs.rfis:rfi:f6ab14eb-1a66-4ea5-8a0f-0afbda444403/ea1b0668-a085-40d5-9a39-6dac25ebe48e,531853848,group,2025-08-13 12:42:10.426391
71281454,bf996092-8d66-408a-8d8e-5065ca3330c2,f6ab14eb-1a66-4ea5-8a0f-0afbda444403,f6ab14eb-1a66-4ea5-8a0f-0afbda444403,urn:acs.rfis:rfi:f6ab14eb-1a66-4ea5-8a0f-0afbda444403/ea1b0668-a085-40d5-9a39-6dac25ebe48e,531853830,group,2025-08-13 12:42:10.426392
71281455,bf996092-8d66-408a-8d8e-5065ca3330c2,f6ab14eb-1a66-4ea5-8a0f-0afbda444403,f6ab14eb-1a66-4ea5-8a0f-0afbda444403,urn:acs.rfis:rfi:f6ab14eb-1a66-4ea5-8a0f-0afbda444403/ea1b0668-a085-40d5-9a39-6dac25ebe48e,541450081,group,2025-08-13 12:42:10.426393
71281456,bf996092-8d66-408a-8d8e-5065ca3330c2,f6ab14eb-1a66-4ea5-8a0f-0afbda444403,f6ab14eb-1a66-4ea5-8a0f-0afbda444403,urn:acs.rfis:rfi:f6ab14eb-1a66-4ea5-8a0f-0afbda444403/ea1b0668-a085-40d5-9a39-6dac25ebe48e,531853844,group,2025-08-13 12:42:10.426394
71281457,bf996092-8d66-408a-8d8e-5065ca3330c2,f6ab14eb-1a66-4ea5-8a0f-0afbda444403,f6ab14eb-1a66-4ea5-8a0f-0afbda444403,urn:acs.rfis:rfi:f6ab14eb-1a66-4ea5-8a0f-0afbda444403/ea1b0668-a085-40d5-9a39-6dac25ebe48e,531853916,group,2025-08-13 12:42:10.426395
71281458,bf996092-8d66-408a-8d8e-5065ca3330c2,f6ab14eb-1a66-4ea5-8a0f-0afbda444403,f6ab14eb-1a66-4ea5-8a0f-0afbda444403,urn:acs.rfis:rfi:f6ab14eb-1a66-4ea5-8a0f-0afbda444403/ea1b0668-a085-40d5-9a39-6dac25ebe48e,531853922,group,2025-08-13 12:42:10.426396
71281459,bf996092-8d66-408a-8d8e-5065ca3330c2,f6ab14eb-1a66-4ea5-8a0f-0afbda444403,f6ab14eb-1a66-4ea5-8a0f-0afbda444403,urn:acs.rfis:rfi:f6ab14eb-1a66-4ea5-8a0f-0afbda444403/ea1b0668-a085-40d5-9a39-6dac25ebe48e,531853856,group,2025-08-13 12:42:10.426397
71281460,bf996092-8d66-408a-8d8e-5065ca3330c2,f6ab14eb-1a66-4ea5-8a0f-0afbda444403,f6ab14eb-1a66-4ea5-8a0f-0afbda444403,urn:acs.rfis:rfi:f6ab14eb-1a66-4ea5-8a0f-0afbda444403/ea1b0668-a085-40d5-9a39-6dac25ebe48e,531853904,group,2025-08-13 12:42:10.426398
71281461,bf996092-8d66-408a-8d8e-5065ca3330c2,f6ab14eb-1a66-4ea5-8a0f-0afbda444403,f6ab14eb-1a66-4ea5-8a0f-0afbda444403,urn:acs.rfis:rfi:f6ab14eb-1a66-4ea5-8a0f-0afbda444403/ea1b0668-a085-40d5-9a39-6dac25ebe48e,531853919,group,2025-08-13 12:42:10.426399
71281462,bf996092-8d66-408a-8d8e-5065ca3330c2,f6ab14eb-1a66-4ea5-8a0f-0afbda444403,f6ab14eb-1a66-4ea5-8a0f-0afbda444403,urn:acs.rfis:rfi:f6ab14eb-1a66-4ea5-8a0f-0afbda444403/ea1b0668-a085-40d5-9a39-6dac25ebe48e,531853918,group,2025-08-13 12:42:10.4264
71281463,bf996092-8d66-408a-8d8e-5065ca3330c2,f6ab14eb-1a66-4ea5-8a0f-0afbda444403,f6ab14eb-1a66-4ea5-8a0f-0afbda444403,urn:acs.rfis:rfi:f6ab14eb-1a66-4ea5-8a0f-0afbda444403/ea1b0668-a085-40d5-9a39-6dac25ebe48e,531853886,group,2025-08-13 12:42:10.426401
71281464,bf996092-8d66-408a-8d8e-5065ca3330c2,f6ab14eb-1a66-4ea5-8a0f-0afbda444403,f6ab14eb-1a66-4ea5-8a0f-0afbda444403,urn:acs.rfis:rfi:f6ab14eb-1a66-4ea5-8a0f-0afbda444403/ea1b0668-a085-40d5-9a39-6dac25ebe48e,531853882,group,2025-08-13 12:42:10.426402
71281465,bf996092-8d66-408a-8d8e-5065ca3330c2,f6ab14eb-1a66-4ea5-8a0f-0afbda444403,f6ab14eb-1a66-4ea5-8a0f-0afbda444403,urn:acs.rfis:rfi:f6ab14eb-1a66-4ea5-8a0f-0afbda444403/ea1b0668-a085-40d5-9a39-6dac25ebe48e,531853888,group,2025-08-13 12:42:10.426403
71281466,bf996092-8d66-408a-8d8e-5065ca3330c2,f6ab14eb-1a66-4ea5-8a0f-0afbda444403,f6ab14eb-1a66-4ea5-8a0f-0afbda444403,urn:acs.rfis:rfi:f6ab14eb-1a66-4ea5-8a0f-0afbda444403/ea1b0668-a085-40d5-9a39-6dac25ebe48e,531853884,group,2025-08-13 12:42:10.426404
65767986,bf996092-8d66-408a-8d8e-5065ca3330c2,f679f4cf-c089-4a2b-9b84-b14129630601,f679f4cf-c089-4a2b-9b84-b14129630601,urn:acs.rfis:rfi:f679f4cf-c089-4a2b-9b84-b14129630601/4dbed860-0879-4aa4-9a98-1f20405dd952,501989717,group,2025-05-22 06:41:37.283234
65767987,bf996092-8d66-408a-8d8e-5065ca3330c2,f679f4cf-c089-4a2b-9b84-b14129630601,f679f4cf-c089-4a2b-9b84-b14129630601,urn:acs.rfis:rfi:f679f4cf-c089-4a2b-9b84-b14129630601/4dbed860-0879-4aa4-9a98-1f20405dd952,501989750,group,2025-05-22 06:41:37.283235
65767988,bf996092-8d66-408a-8d8e-5065ca3330c2,f679f4cf-c089-4a2b-9b84-b14129630601,f679f4cf-c089-4a2b-9b84-b14129630601,urn:acs.rfis:rfi:f679f4cf-c089-4a2b-9b84-b14129630601/4dbed860-0879-4aa4-9a98-1f20405dd952,501989757,group,2025-05-22 06:41:37.283236
65767989,bf996092-8d66-408a-8d8e-5065ca3330c2,f679f4cf-c089-4a2b-9b84-b14129630601,f679f4cf-c089-4a2b-9b84-b14129630601,urn:acs.rfis:rfi:f679f4cf-c089-4a2b-9b84-b14129630601/4dbed860-0879-4aa4-9a98-1f20405dd952,501989753,group,2025-05-22 06:41:37.283237
65767990,bf996092-8d66-408a-8d8e-5065ca3330c2,f679f4cf-c089-4a2b-9b84-b14129630601,f679f4cf-c089-4a2b-9b84-b14129630601,urn:acs.rfis:rfi:f679f4cf-c089-4a2b-9b84-b14129630601/4dbed860-0879-4aa4-9a98-1f20405dd952,501989766,group,2025-05-22 06:41:37.283238
65767991,bf996092-8d66-408a-8d8e-5065ca3330c2,f679f4cf-c089-4a2b-9b84-b14129630601,f679f4cf-c089-4a2b-9b84-b14129630601,urn:acs.rfis:rfi:f679f4cf-c089-4a2b-9b84-b14129630601/4dbed860-0879-4aa4-9a98-1f20405dd952,501989751,group,2025-05-22 06:41:37.28324
65767992,bf996092-8d66-408a-8d8e-5065ca3330c2,f679f4cf-c089-4a2b-9b84-b14129630601,f679f4cf-c089-4a2b-9b84-b14129630601,urn:acs.rfis:rfi:f679f4cf-c089-4a2b-9b84-b14129630601/4dbed860-0879-4aa4-9a98-1f20405dd952,501989760,group,2025-05-22 06:41:37.283241
65767993,bf996092-8d66-408a-8d8e-5065ca3330c2,f679f4cf-c089-4a2b-9b84-b14129630601,f679f4cf-c089-4a2b-9b84-b14129630601,urn:acs.rfis:rfi:f679f4cf-c089-4a2b-9b84-b14129630601/4dbed860-0879-4aa4-9a98-1f20405dd952,501989755,group,2025-05-22 06:41:37.283242
65767994,bf996092-8d66-408a-8d8e-5065ca3330c2,f679f4cf-c089-4a2b-9b84-b14129630601,f679f4cf-c089-4a2b-9b84-b14129630601,urn:acs.rfis:rfi:f679f4cf-c089-4a2b-9b84-b14129630601/4dbed860-0879-4aa4-9a98-1f20405dd952,UVZ2LVH7JFCRPWMD,user,2025-05-22 06:41:37.283243
65767995,bf996092-8d66-408a-8d8e-5065ca3330c2,f679f4cf-c089-4a2b-9b84-b14129630601,f679f4cf-c089-4a2b-9b84-b14129630601,urn:acs.rfis:rfi:f679f4cf-c089-4a2b-9b84-b14129630601/4dbed860-0879-4aa4-9a98-1f20405dd952,DQ72WAMCK3PT3T58,user,2025-05-22 06:41:37.283244
65767996,bf996092-8d66-408a-8d8e-5065ca3330c2,f679f4cf-c089-4a2b-9b84-b14129630601,f679f4cf-c089-4a2b-9b84-b14129630601,urn:acs.rfis:rfi:f679f4cf-c089-4a2b-9b84-b14129630601/4dbed860-0879-4aa4-9a98-1f20405dd952,D5ZKMDH5JP7L,user,2025-05-22 06:41:37.283245
65767997,bf996092-8d66-408a-8d8e-5065ca3330c2,f679f4cf-c089-4a2b-9b84-b14129630601,f679f4cf-c089-4a2b-9b84-b14129630601,urn:acs.rfis:rfi:f679f4cf-c089-4a2b-9b84-b14129630601/4dbed860-0879-4aa4-9a98-1f20405dd952,CMJ2N3U8MSMRM8ZA,user,2025-05-22 06:41:37.283246
65767998,bf996092-8d66-408a-8d8e-5065ca3330c2,f679f4cf-c089-4a2b-9b84-b14129630601,f679f4cf-c089-4a2b-9b84-b14129630601,urn:acs.rfis:rfi:f679f4cf-c089-4a2b-9b84-b14129630601/4dbed860-0879-4aa4-9a98-1f20405dd952,501989668,group,2025-05-22 06:41:37.283247
65768022,bf996092-8d66-408a-8d8e-5065ca3330c2,f679f4cf-c089-4a2b-9b84-b14129630601,f679f4cf-c089-4a2b-9b84-b14129630601,urn:acs.rfis:rfi:f679f4cf-c089-4a2b-9b84-b14129630601/4dbed860-0879-4aa4-9a98-1f20405dd952,G5LJ2CH9PRAMRT7X,user,2025-05-22 06:41:37.283271
65928948,bf996092-8d66-408a-8d8e-5065ca3330c2,967e785d-d83c-490b-8d6a-2ed926c956ac,967e785d-d83c-490b-8d6a-2ed926c956ac,urn:acs.rfis:rfi:967e785d-d83c-490b-8d6a-2ed926c956ac/80ea0e55-fcfd-4c57-9188-712d6c8a9a08,67E2T63RRMUGH3NG,user,2025-05-26 04:26:28.324453
65928949,bf996092-8d66-408a-8d8e-5065ca3330c2,967e785d-d83c-490b-8d6a-2ed926c956ac,967e785d-d83c-490b-8d6a-2ed926c956ac,urn:acs.rfis:rfi:967e785d-d83c-490b-8d6a-2ed926c956ac/16f0e834-6a58-48ab-b7f8-2c678dcbffaa,67E2T63RRMUGH3NG,user,2025-05-26 04:27:20.607719
65929495,bf996092-8d66-408a-8d8e-5065ca3330c2,967e785d-d83c-490b-8d6a-2ed926c956ac,967e785d-d83c-490b-8d6a-2ed926c956ac,urn:acs.rfis:rfi:967e785d-d83c-490b-8d6a-2ed926c956ac/eabfeed2-bcf3-4530-b2c3-20fbdd3f965a,501949008,group,2025-05-26 05:43:43.368408
65929498,bf996092-8d66-408a-8d8e-5065ca3330c2,967e785d-d83c-490b-8d6a-2ed926c956ac,967e785d-d83c-490b-8d6a-2ed926c956ac,urn:acs.rfis:rfi:967e785d-d83c-490b-8d6a-2ed926c956ac/eabfeed2-bcf3-4530-b2c3-20fbdd3f965a,501949038,group,2025-05-26 05:43:43.368413
65929499,bf996092-8d66-408a-8d8e-5065ca3330c2,967e785d-d83c-490b-8d6a-2ed926c956ac,967e785d-d83c-490b-8d6a-2ed926c956ac,urn:acs.rfis:rfi:967e785d-d83c-490b-8d6a-2ed926c956ac/eabfeed2-bcf3-4530-b2c3-20fbdd3f965a,501949062,group,2025-05-26 05:43:43.368414
65929500,bf996092-8d66-408a-8d8e-5065ca3330c2,967e785d-d83c-490b-8d6a-2ed926c956ac,967e785d-d83c-490b-8d6a-2ed926c956ac,urn:acs.rfis:rfi:967e785d-d83c-490b-8d6a-2ed926c956ac/eabfeed2-bcf3-4530-b2c3-20fbdd3f965a,501949065,group,2025-05-26 05:43:43.368416
65929501,bf996092-8d66-408a-8d8e-5065ca3330c2,967e785d-d83c-490b-8d6a-2ed926c956ac,967e785d-d83c-490b-8d6a-2ed926c956ac,urn:acs.rfis:rfi:967e785d-d83c-490b-8d6a-2ed926c956ac/eabfeed2-bcf3-4530-b2c3-20fbdd3f965a,501949067,group,2025-05-26 05:43:43.368416
65929502,bf996092-8d66-408a-8d8e-5065ca3330c2,967e785d-d83c-490b-8d6a-2ed926c956ac,967e785d-d83c-490b-8d6a-2ed926c956ac,urn:acs.rfis:rfi:967e785d-d83c-490b-8d6a-2ed926c956ac/eabfeed2-bcf3-4530-b2c3-20fbdd3f965a,501949075,group,2025-05-26 05:43:43.368418
65929503,bf996092-8d66-408a-8d8e-5065ca3330c2,967e785d-d83c-490b-8d6a-2ed926c956ac,967e785d-d83c-490b-8d6a-2ed926c956ac,urn:acs.rfis:rfi:967e785d-d83c-490b-8d6a-2ed926c956ac/eabfeed2-bcf3-4530-b2c3-20fbdd3f965a,501949064,group,2025-05-26 05:43:43.368419
65929504,bf996092-8d66-408a-8d8e-5065ca3330c2,967e785d-d83c-490b-8d6a-2ed926c956ac,967e785d-d83c-490b-8d6a-2ed926c956ac,urn:acs.rfis:rfi:967e785d-d83c-490b-8d6a-2ed926c956ac/eabfeed2-bcf3-4530-b2c3-20fbdd3f965a,501949076,group,2025-05-26 05:43:43.36842
65929505,bf996092-8d66-408a-8d8e-5065ca3330c2,967e785d-d83c-490b-8d6a-2ed926c956ac,967e785d-d83c-490b-8d6a-2ed926c956ac,urn:acs.rfis:rfi:967e785d-d83c-490b-8d6a-2ed926c956ac/eabfeed2-bcf3-4530-b2c3-20fbdd3f965a,501949068,group,2025-05-26 05:43:43.36842
65929506,bf996092-8d66-408a-8d8e-5065ca3330c2,967e785d-d83c-490b-8d6a-2ed926c956ac,967e785d-d83c-490b-8d6a-2ed926c956ac,urn:acs.rfis:rfi:967e785d-d83c-490b-8d6a-2ed926c956ac/eabfeed2-bcf3-4530-b2c3-20fbdd3f965a,U8Q2F3P4M3PWWQXF,user,2025-05-26 05:43:43.368421
65929625,bf996092-8d66-408a-8d8e-5065ca3330c2,967e785d-d83c-490b-8d6a-2ed926c956ac,967e785d-d83c-490b-8d6a-2ed926c956ac,urn:acs.rfis:rfi:967e785d-d83c-490b-8d6a-2ed926c956ac/eabfeed2-bcf3-4530-b2c3-20fbdd3f965a,D5ZKMDH5JP7L,user,2025-05-26 05:46:54.263944
65929626,bf996092-8d66-408a-8d8e-5065ca3330c2,967e785d-d83c-490b-8d6a-2ed926c956ac,967e785d-d83c-490b-8d6a-2ed926c956ac,urn:acs.rfis:rfi:967e785d-d83c-490b-8d6a-2ed926c956ac/eabfeed2-bcf3-4530-b2c3-20fbdd3f965a,DQ72WAMCK3PT3T58,user,2025-05-26 05:46:54.263946
65929627,bf996092-8d66-408a-8d8e-5065ca3330c2,967e785d-d83c-490b-8d6a-2ed926c956ac,967e785d-d83c-490b-8d6a-2ed926c956ac,urn:acs.rfis:rfi:967e785d-d83c-490b-8d6a-2ed926c956ac/eabfeed2-bcf3-4530-b2c3-20fbdd3f965a,Y2W2RXA2P4MPP325,user,2025-05-26 05:46:54.263948
65929652,bf996092-8d66-408a-8d8e-5065ca3330c2,967e785d-d83c-490b-8d6a-2ed926c956ac,967e785d-d83c-490b-8d6a-2ed926c956ac,urn:acs.rfis:rfi:967e785d-d83c-490b-8d6a-2ed926c956ac/eabfeed2-bcf3-4530-b2c3-20fbdd3f965a,G5LJ2CH9PRAMRT7X,user,2025-05-26 05:46:54.263973
66239333,bf996092-8d66-408a-8d8e-5065ca3330c2,967e785d-d83c-490b-8d6a-2ed926c956ac,967e785d-d83c-490b-8d6a-2ed926c956ac,urn:acs.rfis:rfi:967e785d-d83c-490b-8d6a-2ed926c956ac/eabfeed2-bcf3-4530-b2c3-20fbdd3f965a,UQ72RJ7QKZSW8XTA,user,2025-05-30 04:27:01.559949
66239334,bf996092-8d66-408a-8d8e-5065ca3330c2,967e785d-d83c-490b-8d6a-2ed926c956ac,967e785d-d83c-490b-8d6a-2ed926c956ac,urn:acs.rfis:rfi:967e785d-d83c-490b-8d6a-2ed926c956ac/eabfeed2-bcf3-4530-b2c3-20fbdd3f965a,C6Z2RETEN3MN8XZF,user,2025-05-30 04:27:01.559953
66239335,bf996092-8d66-408a-8d8e-5065ca3330c2,967e785d-d83c-490b-8d6a-2ed926c956ac,967e785d-d83c-490b-8d6a-2ed926c956ac,urn:acs.rfis:rfi:967e785d-d83c-490b-8d6a-2ed926c956ac/eabfeed2-bcf3-4530-b2c3-20fbdd3f965a,501949007,group,2025-05-30 04:27:01.559954
66239544,bf996092-8d66-408a-8d8e-5065ca3330c2,967e785d-d83c-490b-8d6a-2ed926c956ac,967e785d-d83c-490b-8d6a-2ed926c956ac,urn:acs.rfis:rfi:967e785d-d83c-490b-8d6a-2ed926c956ac/80ea0e55-fcfd-4c57-9188-712d6c8a9a08,RQ92XKNVL7KYFP4W,user,2025-05-30 04:42:44.627959
66239545,bf996092-8d66-408a-8d8e-5065ca3330c2,967e785d-d83c-490b-8d6a-2ed926c956ac,967e785d-d83c-490b-8d6a-2ed926c956ac,urn:acs.rfis:rfi:967e785d-d83c-490b-8d6a-2ed926c956ac/80ea0e55-fcfd-4c57-9188-712d6c8a9a08,7PG2TJVQJYH2TVV7,user,2025-05-30 04:42:44.627964
66239546,bf996092-8d66-408a-8d8e-5065ca3330c2,967e785d-d83c-490b-8d6a-2ed926c956ac,967e785d-d83c-490b-8d6a-2ed926c956ac,urn:acs.rfis:rfi:967e785d-d83c-490b-8d6a-2ed926c956ac/80ea0e55-fcfd-4c57-9188-712d6c8a9a08,UQ72RJ7QKZSW8XTA,user,2025-05-30 04:42:44.627966
66239547,bf996092-8d66-408a-8d8e-5065ca3330c2,967e785d-d83c-490b-8d6a-2ed926c956ac,967e785d-d83c-490b-8d6a-2ed926c956ac,urn:acs.rfis:rfi:967e785d-d83c-490b-8d6a-2ed926c956ac/80ea0e55-fcfd-4c57-9188-712d6c8a9a08,WK7J3NJWMTCK9UWQ,user,2025-05-30 04:42:44.627968
66239548,bf996092-8d66-408a-8d8e-5065ca3330c2,967e785d-d83c-490b-8d6a-2ed926c956ac,967e785d-d83c-490b-8d6a-2ed926c956ac,urn:acs.rfis:rfi:967e785d-d83c-490b-8d6a-2ed926c956ac/80ea0e55-fcfd-4c57-9188-712d6c8a9a08,HAF3KK94JCSG,user,2025-05-30 04:42:44.627969
66239549,bf996092-8d66-408a-8d8e-5065ca3330c2,967e785d-d83c-490b-8d6a-2ed926c956ac,967e785d-d83c-490b-8d6a-2ed926c956ac,urn:acs.rfis:rfi:967e785d-d83c-490b-8d6a-2ed926c956ac/80ea0e55-fcfd-4c57-9188-712d6c8a9a08,501949007,group,2025-05-30 04:42:44.62797
66241687,bf996092-8d66-408a-8d8e-5065ca3330c2,ada6015d-9fce-4f2c-b20f-fc9122d2face,ada6015d-9fce-4f2c-b20f-fc9122d2face,urn:acs.rfis:rfi:ada6015d-9fce-4f2c-b20f-fc9122d2face/e911b3a0-8a76-4e79-8397-1a01a94d58bb,YQH2SLPMM8Q48DDT,user,2025-05-30 07:10:14.863157
66241688,bf996092-8d66-408a-8d8e-5065ca3330c2,ada6015d-9fce-4f2c-b20f-fc9122d2face,ada6015d-9fce-4f2c-b20f-fc9122d2face,urn:acs.rfis:rfi:ada6015d-9fce-4f2c-b20f-fc9122d2face/e911b3a0-8a76-4e79-8397-1a01a94d58bb,CMJ2N3U8MSMRM8ZA,user,2025-05-30 07:10:14.863161
66241690,bf996092-8d66-408a-8d8e-5065ca3330c2,ada6015d-9fce-4f2c-b20f-fc9122d2face,ada6015d-9fce-4f2c-b20f-fc9122d2face,urn:acs.rfis:rfi:ada6015d-9fce-4f2c-b20f-fc9122d2face/e911b3a0-8a76-4e79-8397-1a01a94d58bb,Z3429E4KRUPBNHD4,user,2025-05-30 07:10:14.863164
66241691,bf996092-8d66-408a-8d8e-5065ca3330c2,ada6015d-9fce-4f2c-b20f-fc9122d2face,ada6015d-9fce-4f2c-b20f-fc9122d2face,urn:acs.rfis:rfi:ada6015d-9fce-4f2c-b20f-fc9122d2face/e911b3a0-8a76-4e79-8397-1a01a94d58bb,ZK3JZTPXLBYUA53X,user,2025-05-30 07:10:14.863165
66241692,bf996092-8d66-408a-8d8e-5065ca3330c2,ada6015d-9fce-4f2c-b20f-fc9122d2face,ada6015d-9fce-4f2c-b20f-fc9122d2face,urn:acs.rfis:rfi:ada6015d-9fce-4f2c-b20f-fc9122d2face/e911b3a0-8a76-4e79-8397-1a01a94d58bb,3NH2Q57QKQWJE37V,user,2025-05-30 07:10:14.863166
66241693,bf996092-8d66-408a-8d8e-5065ca3330c2,ada6015d-9fce-4f2c-b20f-fc9122d2face,ada6015d-9fce-4f2c-b20f-fc9122d2face,urn:acs.rfis:rfi:ada6015d-9fce-4f2c-b20f-fc9122d2face/e911b3a0-8a76-4e79-8397-1a01a94d58bb,490203438,group,2025-05-30 07:10:14.863167
66241694,bf996092-8d66-408a-8d8e-5065ca3330c2,ada6015d-9fce-4f2c-b20f-fc9122d2face,ada6015d-9fce-4f2c-b20f-fc9122d2face,urn:acs.rfis:rfi:ada6015d-9fce-4f2c-b20f-fc9122d2face/e911b3a0-8a76-4e79-8397-1a01a94d58bb,490203402,group,2025-05-30 07:10:14.863168
66241695,bf996092-8d66-408a-8d8e-5065ca3330c2,ada6015d-9fce-4f2c-b20f-fc9122d2face,ada6015d-9fce-4f2c-b20f-fc9122d2face,urn:acs.rfis:rfi:ada6015d-9fce-4f2c-b20f-fc9122d2face/e911b3a0-8a76-4e79-8397-1a01a94d58bb,490203506,group,2025-05-30 07:10:14.863169
66241696,bf996092-8d66-408a-8d8e-5065ca3330c2,ada6015d-9fce-4f2c-b20f-fc9122d2face,ada6015d-9fce-4f2c-b20f-fc9122d2face,urn:acs.rfis:rfi:ada6015d-9fce-4f2c-b20f-fc9122d2face/e911b3a0-8a76-4e79-8397-1a01a94d58bb,EHAJMY6KJEY6BP5Y,user,2025-05-30 07:10:14.86317
66241697,bf996092-8d66-408a-8d8e-5065ca3330c2,ada6015d-9fce-4f2c-b20f-fc9122d2face,ada6015d-9fce-4f2c-b20f-fc9122d2face,urn:acs.rfis:rfi:ada6015d-9fce-4f2c-b20f-fc9122d2face/e911b3a0-8a76-4e79-8397-1a01a94d58bb,YEYJGRGXQH2X5DAY,user,2025-05-30 07:10:14.863171
66241698,bf996092-8d66-408a-8d8e-5065ca3330c2,ada6015d-9fce-4f2c-b20f-fc9122d2face,ada6015d-9fce-4f2c-b20f-fc9122d2face,urn:acs.rfis:rfi:ada6015d-9fce-4f2c-b20f-fc9122d2face/e911b3a0-8a76-4e79-8397-1a01a94d58bb,V9Q2X946QA52XTJG,user,2025-05-30 07:10:14.863172
66783814,bf996092-8d66-408a-8d8e-5065ca3330c2,967e785d-d83c-490b-8d6a-2ed926c956ac,967e785d-d83c-490b-8d6a-2ed926c956ac,urn:acs.rfis:rfi:967e785d-d83c-490b-8d6a-2ed926c956ac/bcae37c7-7f8f-43ab-974a-debf55497cc3,501949007,group,2025-06-09 06:09:55.450511
66783819,bf996092-8d66-408a-8d8e-5065ca3330c2,967e785d-d83c-490b-8d6a-2ed926c956ac,967e785d-d83c-490b-8d6a-2ed926c956ac,urn:acs.rfis:rfi:967e785d-d83c-490b-8d6a-2ed926c956ac/a8f7f8a0-223e-43e2-8f86-03c530677d76,D5ZKMDH5JP7L,user,2025-06-09 06:16:49.018354
66783820,bf996092-8d66-408a-8d8e-5065ca3330c2,967e785d-d83c-490b-8d6a-2ed926c956ac,967e785d-d83c-490b-8d6a-2ed926c956ac,urn:acs.rfis:rfi:967e785d-d83c-490b-8d6a-2ed926c956ac/a8f7f8a0-223e-43e2-8f86-03c530677d76,Y2W2RXA2P4MPP325,user,2025-06-09 06:16:49.018358
66783822,bf996092-8d66-408a-8d8e-5065ca3330c2,967e785d-d83c-490b-8d6a-2ed926c956ac,967e785d-d83c-490b-8d6a-2ed926c956ac,urn:acs.rfis:rfi:967e785d-d83c-490b-8d6a-2ed926c956ac/a8f7f8a0-223e-43e2-8f86-03c530677d76,DQ72WAMCK3PT3T58,user,2025-06-09 06:17:12.093241
66783823,bf996092-8d66-408a-8d8e-5065ca3330c2,967e785d-d83c-490b-8d6a-2ed926c956ac,967e785d-d83c-490b-8d6a-2ed926c956ac,urn:acs.rfis:rfi:967e785d-d83c-490b-8d6a-2ed926c956ac/a8f7f8a0-223e-43e2-8f86-03c530677d76,S762NMGBKUB423MM,user,2025-06-09 06:17:27.406872
66783856,bf996092-8d66-408a-8d8e-5065ca3330c2,967e785d-d83c-490b-8d6a-2ed926c956ac,967e785d-d83c-490b-8d6a-2ed926c956ac,urn:acs.rfis:rfi:967e785d-d83c-490b-8d6a-2ed926c956ac/a8f7f8a0-223e-43e2-8f86-03c530677d76,G5LJ2CH9PRAMRT7X,user,2025-06-09 06:17:27.406907
66783887,bf996092-8d66-408a-8d8e-5065ca3330c2,967e785d-d83c-490b-8d6a-2ed926c956ac,967e785d-d83c-490b-8d6a-2ed926c956ac,urn:acs.rfis:rfi:967e785d-d83c-490b-8d6a-2ed926c956ac/a8f7f8a0-223e-43e2-8f86-03c530677d76,67E2T63RRMUGH3NG,user,2025-06-09 06:20:52.205915
66785450,bf996092-8d66-408a-8d8e-5065ca3330c2,f679f4cf-c089-4a2b-9b84-b14129630601,f679f4cf-c089-4a2b-9b84-b14129630601,urn:acs.rfis:rfi:f679f4cf-c089-4a2b-9b84-b14129630601/45153a66-5422-4e2f-9a8e-0e3713ff9d2f,S762NMGBKUB423MM,user,2025-06-09 07:20:37.256627
70381572,bf996092-8d66-408a-8d8e-5065ca3330c2,967e785d-d83c-490b-8d6a-2ed926c956ac,967e785d-d83c-490b-8d6a-2ed926c956ac,urn:acs.rfis:rfi:967e785d-d83c-490b-8d6a-2ed926c956ac/2446521d-2a01-483c-9946-10b851691706,501949007,group,2025-07-31 05:49:45.347694
70381636,bf996092-8d66-408a-8d8e-5065ca3330c2,967e785d-d83c-490b-8d6a-2ed926c956ac,967e785d-d83c-490b-8d6a-2ed926c956ac,urn:acs.rfis:rfi:967e785d-d83c-490b-8d6a-2ed926c956ac/2446521d-2a01-483c-9946-10b851691706,WK7J3NJWMTCK9UWQ,user,2025-07-31 06:04:22.341338
66884300,bf996092-8d66-408a-8d8e-5065ca3330c2,ada6015d-9fce-4f2c-b20f-fc9122d2face,ada6015d-9fce-4f2c-b20f-fc9122d2face,urn:acs.rfis:rfi:ada6015d-9fce-4f2c-b20f-fc9122d2face/6f61287e-aabf-4244-9508-328892a68dcd,Z3429E4KRUPBNHD4,user,2025-06-10 08:26:18.72803
66884301,bf996092-8d66-408a-8d8e-5065ca3330c2,ada6015d-9fce-4f2c-b20f-fc9122d2face,ada6015d-9fce-4f2c-b20f-fc9122d2face,urn:acs.rfis:rfi:ada6015d-9fce-4f2c-b20f-fc9122d2face/6f61287e-aabf-4244-9508-328892a68dcd,ZK3JZTPXLBYUA53X,user,2025-06-10 08:26:18.728032
66884302,bf996092-8d66-408a-8d8e-5065ca3330c2,ada6015d-9fce-4f2c-b20f-fc9122d2face,ada6015d-9fce-4f2c-b20f-fc9122d2face,urn:acs.rfis:rfi:ada6015d-9fce-4f2c-b20f-fc9122d2face/6f61287e-aabf-4244-9508-328892a68dcd,3NH2Q57QKQWJE37V,user,2025-06-10 08:26:18.728034
66884303,bf996092-8d66-408a-8d8e-5065ca3330c2,ada6015d-9fce-4f2c-b20f-fc9122d2face,ada6015d-9fce-4f2c-b20f-fc9122d2face,urn:acs.rfis:rfi:ada6015d-9fce-4f2c-b20f-fc9122d2face/6f61287e-aabf-4244-9508-328892a68dcd,490203438,group,2025-06-10 08:26:18.728035
66884304,bf996092-8d66-408a-8d8e-5065ca3330c2,ada6015d-9fce-4f2c-b20f-fc9122d2face,ada6015d-9fce-4f2c-b20f-fc9122d2face,urn:acs.rfis:rfi:ada6015d-9fce-4f2c-b20f-fc9122d2face/6f61287e-aabf-4244-9508-328892a68dcd,490203402,group,2025-06-10 08:26:18.728036
66884309,bf996092-8d66-408a-8d8e-5065ca3330c2,ada6015d-9fce-4f2c-b20f-fc9122d2face,ada6015d-9fce-4f2c-b20f-fc9122d2face,urn:acs.rfis:rfi:ada6015d-9fce-4f2c-b20f-fc9122d2face/6f61287e-aabf-4244-9508-328892a68dcd,GJUPJH7J3469,user,2025-06-10 08:26:18.728043
66884455,bf996092-8d66-408a-8d8e-5065ca3330c2,ada6015d-9fce-4f2c-b20f-fc9122d2face,ada6015d-9fce-4f2c-b20f-fc9122d2face,urn:acs.rfis:rfi:ada6015d-9fce-4f2c-b20f-fc9122d2face/6f61287e-aabf-4244-9508-328892a68dcd,490203399,group,2025-06-10 08:35:29.827619
70662002,bf996092-8d66-408a-8d8e-5065ca3330c2,f6ab14eb-1a66-4ea5-8a0f-0afbda444403,f6ab14eb-1a66-4ea5-8a0f-0afbda444403,urn:acs.rfis:rfi:f6ab14eb-1a66-4ea5-8a0f-0afbda444403/b97e32fe-3759-4e91-99b1-0f27419ab2da,NXBJU9KZRN2LR6EX,user,2025-08-05 07:34:25.412749
70662005,bf996092-8d66-408a-8d8e-5065ca3330c2,f6ab14eb-1a66-4ea5-8a0f-0afbda444403,f6ab14eb-1a66-4ea5-8a0f-0afbda444403,urn:acs.rfis:rfi:f6ab14eb-1a66-4ea5-8a0f-0afbda444403/b97e32fe-3759-4e91-99b1-0f27419ab2da,531853829,group,2025-08-05 07:34:25.412756
71562048,bf996092-8d66-408a-8d8e-5065ca3330c2,967e785d-d83c-490b-8d6a-2ed926c956ac,967e785d-d83c-490b-8d6a-2ed926c956ac,urn:acs.rfis:rfi:967e785d-d83c-490b-8d6a-2ed926c956ac/cf8e4bda-8147-4a37-8653-852692a83d1c,501949038,group,2025-08-18 08:41:06.602894
71562049,bf996092-8d66-408a-8d8e-5065ca3330c2,967e785d-d83c-490b-8d6a-2ed926c956ac,967e785d-d83c-490b-8d6a-2ed926c956ac,urn:acs.rfis:rfi:967e785d-d83c-490b-8d6a-2ed926c956ac/cf8e4bda-8147-4a37-8653-852692a83d1c,501949062,group,2025-08-18 08:41:06.602895
71562050,bf996092-8d66-408a-8d8e-5065ca3330c2,967e785d-d83c-490b-8d6a-2ed926c956ac,967e785d-d83c-490b-8d6a-2ed926c956ac,urn:acs.rfis:rfi:967e785d-d83c-490b-8d6a-2ed926c956ac/cf8e4bda-8147-4a37-8653-852692a83d1c,501949065,group,2025-08-18 08:41:06.602896
71562051,bf996092-8d66-408a-8d8e-5065ca3330c2,967e785d-d83c-490b-8d6a-2ed926c956ac,967e785d-d83c-490b-8d6a-2ed926c956ac,urn:acs.rfis:rfi:967e785d-d83c-490b-8d6a-2ed926c956ac/cf8e4bda-8147-4a37-8653-852692a83d1c,501949067,group,2025-08-18 08:41:06.602897
71562052,bf996092-8d66-408a-8d8e-5065ca3330c2,967e785d-d83c-490b-8d6a-2ed926c956ac,967e785d-d83c-490b-8d6a-2ed926c956ac,urn:acs.rfis:rfi:967e785d-d83c-490b-8d6a-2ed926c956ac/cf8e4bda-8147-4a37-8653-852692a83d1c,501949075,group,2025-08-18 08:41:06.602899
71562053,bf996092-8d66-408a-8d8e-5065ca3330c2,967e785d-d83c-490b-8d6a-2ed926c956ac,967e785d-d83c-490b-8d6a-2ed926c956ac,urn:acs.rfis:rfi:967e785d-d83c-490b-8d6a-2ed926c956ac/cf8e4bda-8147-4a37-8653-852692a83d1c,501949064,group,2025-08-18 08:41:06.6029
71562054,bf996092-8d66-408a-8d8e-5065ca3330c2,967e785d-d83c-490b-8d6a-2ed926c956ac,967e785d-d83c-490b-8d6a-2ed926c956ac,urn:acs.rfis:rfi:967e785d-d83c-490b-8d6a-2ed926c956ac/cf8e4bda-8147-4a37-8653-852692a83d1c,501949076,group,2025-08-18 08:41:06.6029
71562055,bf996092-8d66-408a-8d8e-5065ca3330c2,967e785d-d83c-490b-8d6a-2ed926c956ac,967e785d-d83c-490b-8d6a-2ed926c956ac,urn:acs.rfis:rfi:967e785d-d83c-490b-8d6a-2ed926c956ac/cf8e4bda-8147-4a37-8653-852692a83d1c,501949068,group,2025-08-18 08:41:06.602901
71562056,bf996092-8d66-408a-8d8e-5065ca3330c2,967e785d-d83c-490b-8d6a-2ed926c956ac,967e785d-d83c-490b-8d6a-2ed926c956ac,urn:acs.rfis:rfi:967e785d-d83c-490b-8d6a-2ed926c956ac/cf8e4bda-8147-4a37-8653-852692a83d1c,CMJ2N3U8MSMRM8ZA,user,2025-08-18 08:41:06.602902
71562057,bf996092-8d66-408a-8d8e-5065ca3330c2,967e785d-d83c-490b-8d6a-2ed926c956ac,967e785d-d83c-490b-8d6a-2ed926c956ac,urn:acs.rfis:rfi:967e785d-d83c-490b-8d6a-2ed926c956ac/cf8e4bda-8147-4a37-8653-852692a83d1c,C6Z2RETEN3MN8XZF,user,2025-08-18 08:41:06.602903
71562058,bf996092-8d66-408a-8d8e-5065ca3330c2,967e785d-d83c-490b-8d6a-2ed926c956ac,967e785d-d83c-490b-8d6a-2ed926c956ac,urn:acs.rfis:rfi:967e785d-d83c-490b-8d6a-2ed926c956ac/cf8e4bda-8147-4a37-8653-852692a83d1c,VYKJ7GRWMX37AKTY,user,2025-08-18 08:41:06.602904
71562059,bf996092-8d66-408a-8d8e-5065ca3330c2,967e785d-d83c-490b-8d6a-2ed926c956ac,967e785d-d83c-490b-8d6a-2ed926c956ac,urn:acs.rfis:rfi:967e785d-d83c-490b-8d6a-2ed926c956ac/cf8e4bda-8147-4a37-8653-852692a83d1c,DQ72WAMCK3PT3T58,user,2025-08-18 08:41:06.602905
71562060,bf996092-8d66-408a-8d8e-5065ca3330c2,967e785d-d83c-490b-8d6a-2ed926c956ac,967e785d-d83c-490b-8d6a-2ed926c956ac,urn:acs.rfis:rfi:967e785d-d83c-490b-8d6a-2ed926c956ac/cf8e4bda-8147-4a37-8653-852692a83d1c,Y2W2RXA2P4MPP325,user,2025-08-18 08:41:06.602906
71562061,bf996092-8d66-408a-8d8e-5065ca3330c2,967e785d-d83c-490b-8d6a-2ed926c956ac,967e785d-d83c-490b-8d6a-2ed926c956ac,urn:acs.rfis:rfi:967e785d-d83c-490b-8d6a-2ed926c956ac/cf8e4bda-8147-4a37-8653-852692a83d1c,501949008,group,2025-08-18 08:41:06.602907
71562062,bf996092-8d66-408a-8d8e-5065ca3330c2,967e785d-d83c-490b-8d6a-2ed926c956ac,967e785d-d83c-490b-8d6a-2ed926c956ac,urn:acs.rfis:rfi:967e785d-d83c-490b-8d6a-2ed926c956ac/cf8e4bda-8147-4a37-8653-852692a83d1c,H4J29KZBMAKAE737,user,2025-08-18 08:41:06.602908
71562096,bf996092-8d66-408a-8d8e-5065ca3330c2,967e785d-d83c-490b-8d6a-2ed926c956ac,967e785d-d83c-490b-8d6a-2ed926c956ac,urn:acs.rfis:rfi:967e785d-d83c-490b-8d6a-2ed926c956ac/cf8e4bda-8147-4a37-8653-852692a83d1c,7PG2TJVQJYH2TVV7,user,2025-08-18 08:41:06.602942
71564029,bf996092-8d66-408a-8d8e-5065ca3330c2,967e785d-d83c-490b-8d6a-2ed926c956ac,967e785d-d83c-490b-8d6a-2ed926c956ac,urn:acs.rfis:rfi:967e785d-d83c-490b-8d6a-2ed926c956ac/cf8e4bda-8147-4a37-8653-852692a83d1c,NTHFQB8P8X3C,user,2025-08-18 10:19:14.145105
71669850,bf996092-8d66-408a-8d8e-5065ca3330c2,967e785d-d83c-490b-8d6a-2ed926c956ac,967e785d-d83c-490b-8d6a-2ed926c956ac,urn:acs.rfis:rfi:967e785d-d83c-490b-8d6a-2ed926c956ac/3cc85ced-2c3b-4bca-8a97-9986d0a7e360,UQ72RJ7QKZSW8XTA,user,2025-08-19 10:23:49.86896
71669851,bf996092-8d66-408a-8d8e-5065ca3330c2,967e785d-d83c-490b-8d6a-2ed926c956ac,967e785d-d83c-490b-8d6a-2ed926c956ac,urn:acs.rfis:rfi:967e785d-d83c-490b-8d6a-2ed926c956ac/3cc85ced-2c3b-4bca-8a97-9986d0a7e360,VYKJ7GRWMX37AKTY,user,2025-08-19 10:23:49.868963
71669852,bf996092-8d66-408a-8d8e-5065ca3330c2,967e785d-d83c-490b-8d6a-2ed926c956ac,967e785d-d83c-490b-8d6a-2ed926c956ac,urn:acs.rfis:rfi:967e785d-d83c-490b-8d6a-2ed926c956ac/3cc85ced-2c3b-4bca-8a97-9986d0a7e360,KDBLMPH5JM9X,user,2025-08-19 10:23:49.868964
71669853,bf996092-8d66-408a-8d8e-5065ca3330c2,967e785d-d83c-490b-8d6a-2ed926c956ac,967e785d-d83c-490b-8d6a-2ed926c956ac,urn:acs.rfis:rfi:967e785d-d83c-490b-8d6a-2ed926c956ac/3cc85ced-2c3b-4bca-8a97-9986d0a7e360,DQ72WAMCK3PT3T58,user,2025-08-19 10:23:49.868965
71669854,bf996092-8d66-408a-8d8e-5065ca3330c2,967e785d-d83c-490b-8d6a-2ed926c956ac,967e785d-d83c-490b-8d6a-2ed926c956ac,urn:acs.rfis:rfi:967e785d-d83c-490b-8d6a-2ed926c956ac/3cc85ced-2c3b-4bca-8a97-9986d0a7e360,Y2W2RXA2P4MPP325,user,2025-08-19 10:23:49.868966
71674188,bf996092-8d66-408a-8d8e-5065ca3330c2,967e785d-d83c-490b-8d6a-2ed926c956ac,967e785d-d83c-490b-8d6a-2ed926c956ac,urn:acs.rfis:rfi:967e785d-d83c-490b-8d6a-2ed926c956ac/3cc85ced-2c3b-4bca-8a97-9986d0a7e360,S762NMGBKUB423MM,user,2025-08-19 12:06:52.707636
71674206,bf996092-8d66-408a-8d8e-5065ca3330c2,967e785d-d83c-490b-8d6a-2ed926c956ac,967e785d-d83c-490b-8d6a-2ed926c956ac,urn:acs.rfis:rfi:967e785d-d83c-490b-8d6a-2ed926c956ac/3cc85ced-2c3b-4bca-8a97-9986d0a7e360,67E2T63RRMUGH3NG,user,2025-08-19 12:06:52.707658
71674222,bf996092-8d66-408a-8d8e-5065ca3330c2,967e785d-d83c-490b-8d6a-2ed926c956ac,967e785d-d83c-490b-8d6a-2ed926c956ac,urn:acs.rfis:rfi:967e785d-d83c-490b-8d6a-2ed926c956ac/3cc85ced-2c3b-4bca-8a97-9986d0a7e360,G5LJ2CH9PRAMRT7X,user,2025-08-19 12:06:52.707674
71790279,bf996092-8d66-408a-8d8e-5065ca3330c2,967e785d-d83c-490b-8d6a-2ed926c956ac,967e785d-d83c-490b-8d6a-2ed926c956ac,urn:acs.rfis:rfi:967e785d-d83c-490b-8d6a-2ed926c956ac/cb6ebf4d-e2f9-43b2-a076-37e25ba5b267,S762NMGBKUB423MM,user,2025-08-20 13:56:13.385928
71790280,bf996092-8d66-408a-8d8e-5065ca3330c2,967e785d-d83c-490b-8d6a-2ed926c956ac,967e785d-d83c-490b-8d6a-2ed926c956ac,urn:acs.rfis:rfi:967e785d-d83c-490b-8d6a-2ed926c956ac/cb6ebf4d-e2f9-43b2-a076-37e25ba5b267,501949038,group,2025-08-20 13:56:13.385929
71790281,bf996092-8d66-408a-8d8e-5065ca3330c2,967e785d-d83c-490b-8d6a-2ed926c956ac,967e785d-d83c-490b-8d6a-2ed926c956ac,urn:acs.rfis:rfi:967e785d-d83c-490b-8d6a-2ed926c956ac/cb6ebf4d-e2f9-43b2-a076-37e25ba5b267,501949062,group,2025-08-20 13:56:13.38593
71790282,bf996092-8d66-408a-8d8e-5065ca3330c2,967e785d-d83c-490b-8d6a-2ed926c956ac,967e785d-d83c-490b-8d6a-2ed926c956ac,urn:acs.rfis:rfi:967e785d-d83c-490b-8d6a-2ed926c956ac/cb6ebf4d-e2f9-43b2-a076-37e25ba5b267,501949065,group,2025-08-20 13:56:13.385931
71790283,bf996092-8d66-408a-8d8e-5065ca3330c2,967e785d-d83c-490b-8d6a-2ed926c956ac,967e785d-d83c-490b-8d6a-2ed926c956ac,urn:acs.rfis:rfi:967e785d-d83c-490b-8d6a-2ed926c956ac/cb6ebf4d-e2f9-43b2-a076-37e25ba5b267,501949067,group,2025-08-20 13:56:13.385933
71790284,bf996092-8d66-408a-8d8e-5065ca3330c2,967e785d-d83c-490b-8d6a-2ed926c956ac,967e785d-d83c-490b-8d6a-2ed926c956ac,urn:acs.rfis:rfi:967e785d-d83c-490b-8d6a-2ed926c956ac/cb6ebf4d-e2f9-43b2-a076-37e25ba5b267,501949075,group,2025-08-20 13:56:13.385934
71790285,bf996092-8d66-408a-8d8e-5065ca3330c2,967e785d-d83c-490b-8d6a-2ed926c956ac,967e785d-d83c-490b-8d6a-2ed926c956ac,urn:acs.rfis:rfi:967e785d-d83c-490b-8d6a-2ed926c956ac/cb6ebf4d-e2f9-43b2-a076-37e25ba5b267,501949064,group,2025-08-20 13:56:13.385935
71790286,bf996092-8d66-408a-8d8e-5065ca3330c2,967e785d-d83c-490b-8d6a-2ed926c956ac,967e785d-d83c-490b-8d6a-2ed926c956ac,urn:acs.rfis:rfi:967e785d-d83c-490b-8d6a-2ed926c956ac/cb6ebf4d-e2f9-43b2-a076-37e25ba5b267,501949076,group,2025-08-20 13:56:13.385936
71790287,bf996092-8d66-408a-8d8e-5065ca3330c2,967e785d-d83c-490b-8d6a-2ed926c956ac,967e785d-d83c-490b-8d6a-2ed926c956ac,urn:acs.rfis:rfi:967e785d-d83c-490b-8d6a-2ed926c956ac/cb6ebf4d-e2f9-43b2-a076-37e25ba5b267,501949068,group,2025-08-20 13:56:13.385937
71790288,bf996092-8d66-408a-8d8e-5065ca3330c2,967e785d-d83c-490b-8d6a-2ed926c956ac,967e785d-d83c-490b-8d6a-2ed926c956ac,urn:acs.rfis:rfi:967e785d-d83c-490b-8d6a-2ed926c956ac/cb6ebf4d-e2f9-43b2-a076-37e25ba5b267,RQ92XKNVL7KYFP4W,user,2025-08-20 13:56:13.385938
71790289,bf996092-8d66-408a-8d8e-5065ca3330c2,967e785d-d83c-490b-8d6a-2ed926c956ac,967e785d-d83c-490b-8d6a-2ed926c956ac,urn:acs.rfis:rfi:967e785d-d83c-490b-8d6a-2ed926c956ac/cb6ebf4d-e2f9-43b2-a076-37e25ba5b267,CMJ2N3U8MSMRM8ZA,user,2025-08-20 13:56:13.385939
71790290,bf996092-8d66-408a-8d8e-5065ca3330c2,967e785d-d83c-490b-8d6a-2ed926c956ac,967e785d-d83c-490b-8d6a-2ed926c956ac,urn:acs.rfis:rfi:967e785d-d83c-490b-8d6a-2ed926c956ac/cb6ebf4d-e2f9-43b2-a076-37e25ba5b267,C6Z2RETEN3MN8XZF,user,2025-08-20 13:56:13.38594
71790291,bf996092-8d66-408a-8d8e-5065ca3330c2,967e785d-d83c-490b-8d6a-2ed926c956ac,967e785d-d83c-490b-8d6a-2ed926c956ac,urn:acs.rfis:rfi:967e785d-d83c-490b-8d6a-2ed926c956ac/cb6ebf4d-e2f9-43b2-a076-37e25ba5b267,VYKJ7GRWMX37AKTY,user,2025-08-20 13:56:13.385941
71790292,bf996092-8d66-408a-8d8e-5065ca3330c2,967e785d-d83c-490b-8d6a-2ed926c956ac,967e785d-d83c-490b-8d6a-2ed926c956ac,urn:acs.rfis:rfi:967e785d-d83c-490b-8d6a-2ed926c956ac/cb6ebf4d-e2f9-43b2-a076-37e25ba5b267,D5ZKMDH5JP7L,user,2025-08-20 13:56:13.385941
71790293,bf996092-8d66-408a-8d8e-5065ca3330c2,967e785d-d83c-490b-8d6a-2ed926c956ac,967e785d-d83c-490b-8d6a-2ed926c956ac,urn:acs.rfis:rfi:967e785d-d83c-490b-8d6a-2ed926c956ac/cb6ebf4d-e2f9-43b2-a076-37e25ba5b267,MXG2L5VEMSKN8SVN,user,2025-08-20 13:56:13.385942
71790294,bf996092-8d66-408a-8d8e-5065ca3330c2,967e785d-d83c-490b-8d6a-2ed926c956ac,967e785d-d83c-490b-8d6a-2ed926c956ac,urn:acs.rfis:rfi:967e785d-d83c-490b-8d6a-2ed926c956ac/cb6ebf4d-e2f9-43b2-a076-37e25ba5b267,KNL28BHPJJMCM75F,user,2025-08-20 13:56:13.385943
71790295,bf996092-8d66-408a-8d8e-5065ca3330c2,967e785d-d83c-490b-8d6a-2ed926c956ac,967e785d-d83c-490b-8d6a-2ed926c956ac,urn:acs.rfis:rfi:967e785d-d83c-490b-8d6a-2ed926c956ac/cb6ebf4d-e2f9-43b2-a076-37e25ba5b267,Y2W2RXA2P4MPP325,user,2025-08-20 13:56:13.385944
71790296,bf996092-8d66-408a-8d8e-5065ca3330c2,967e785d-d83c-490b-8d6a-2ed926c956ac,967e785d-d83c-490b-8d6a-2ed926c956ac,urn:acs.rfis:rfi:967e785d-d83c-490b-8d6a-2ed926c956ac/cb6ebf4d-e2f9-43b2-a076-37e25ba5b267,DQ72WAMCK3PT3T58,user,2025-08-20 13:56:13.385945
71790297,bf996092-8d66-408a-8d8e-5065ca3330c2,967e785d-d83c-490b-8d6a-2ed926c956ac,967e785d-d83c-490b-8d6a-2ed926c956ac,urn:acs.rfis:rfi:967e785d-d83c-490b-8d6a-2ed926c956ac/cb6ebf4d-e2f9-43b2-a076-37e25ba5b267,501949008,group,2025-08-20 13:56:13.385946
71790315,bf996092-8d66-408a-8d8e-5065ca3330c2,967e785d-d83c-490b-8d6a-2ed926c956ac,967e785d-d83c-490b-8d6a-2ed926c956ac,urn:acs.rfis:rfi:967e785d-d83c-490b-8d6a-2ed926c956ac/cb6ebf4d-e2f9-43b2-a076-37e25ba5b267,67E2T63RRMUGH3NG,user,2025-08-20 13:56:13.385965
71790331,bf996092-8d66-408a-8d8e-5065ca3330c2,967e785d-d83c-490b-8d6a-2ed926c956ac,967e785d-d83c-490b-8d6a-2ed926c956ac,urn:acs.rfis:rfi:967e785d-d83c-490b-8d6a-2ed926c956ac/cb6ebf4d-e2f9-43b2-a076-37e25ba5b267,G5LJ2CH9PRAMRT7X,user,2025-08-20 13:56:13.385981
71902635,bf996092-8d66-408a-8d8e-5065ca3330c2,967e785d-d83c-490b-8d6a-2ed926c956ac,967e785d-d83c-490b-8d6a-2ed926c956ac,urn:acs.rfis:rfi:967e785d-d83c-490b-8d6a-2ed926c956ac/cb6ebf4d-e2f9-43b2-a076-37e25ba5b267,501949007,group,2025-08-21 15:50:10.885784
71557433,bf996092-8d66-408a-8d8e-5065ca3330c2,967e785d-d83c-490b-8d6a-2ed926c956ac,967e785d-d83c-490b-8d6a-2ed926c956ac,urn:acs.rfis:rfi:967e785d-d83c-490b-8d6a-2ed926c956ac/71eb57cc-d3df-4afb-88eb-d3014399addc,501949087,group,2025-08-18 06:23:36.164884
71557434,bf996092-8d66-408a-8d8e-5065ca3330c2,967e785d-d83c-490b-8d6a-2ed926c956ac,967e785d-d83c-490b-8d6a-2ed926c956ac,urn:acs.rfis:rfi:967e785d-d83c-490b-8d6a-2ed926c956ac/71eb57cc-d3df-4afb-88eb-d3014399addc,501949109,group,2025-08-18 06:23:36.164885
71557435,bf996092-8d66-408a-8d8e-5065ca3330c2,967e785d-d83c-490b-8d6a-2ed926c956ac,967e785d-d83c-490b-8d6a-2ed926c956ac,urn:acs.rfis:rfi:967e785d-d83c-490b-8d6a-2ed926c956ac/71eb57cc-d3df-4afb-88eb-d3014399addc,501949092,group,2025-08-18 06:23:36.164886
71557436,bf996092-8d66-408a-8d8e-5065ca3330c2,967e785d-d83c-490b-8d6a-2ed926c956ac,967e785d-d83c-490b-8d6a-2ed926c956ac,urn:acs.rfis:rfi:967e785d-d83c-490b-8d6a-2ed926c956ac/71eb57cc-d3df-4afb-88eb-d3014399addc,540120775,group,2025-08-18 06:23:36.164887
71557437,bf996092-8d66-408a-8d8e-5065ca3330c2,967e785d-d83c-490b-8d6a-2ed926c956ac,967e785d-d83c-490b-8d6a-2ed926c956ac,urn:acs.rfis:rfi:967e785d-d83c-490b-8d6a-2ed926c956ac/71eb57cc-d3df-4afb-88eb-d3014399addc,501949045,group,2025-08-18 06:23:36.164889
71557438,bf996092-8d66-408a-8d8e-5065ca3330c2,967e785d-d83c-490b-8d6a-2ed926c956ac,967e785d-d83c-490b-8d6a-2ed926c956ac,urn:acs.rfis:rfi:967e785d-d83c-490b-8d6a-2ed926c956ac/71eb57cc-d3df-4afb-88eb-d3014399addc,501949039,group,2025-08-18 06:23:36.16489
71557439,bf996092-8d66-408a-8d8e-5065ca3330c2,967e785d-d83c-490b-8d6a-2ed926c956ac,967e785d-d83c-490b-8d6a-2ed926c956ac,urn:acs.rfis:rfi:967e785d-d83c-490b-8d6a-2ed926c956ac/71eb57cc-d3df-4afb-88eb-d3014399addc,501949041,group,2025-08-18 06:23:36.164891
71557440,bf996092-8d66-408a-8d8e-5065ca3330c2,967e785d-d83c-490b-8d6a-2ed926c956ac,967e785d-d83c-490b-8d6a-2ed926c956ac,urn:acs.rfis:rfi:967e785d-d83c-490b-8d6a-2ed926c956ac/71eb57cc-d3df-4afb-88eb-d3014399addc,501949040,group,2025-08-18 06:23:36.164891
71557441,bf996092-8d66-408a-8d8e-5065ca3330c2,967e785d-d83c-490b-8d6a-2ed926c956ac,967e785d-d83c-490b-8d6a-2ed926c956ac,urn:acs.rfis:rfi:967e785d-d83c-490b-8d6a-2ed926c956ac/71eb57cc-d3df-4afb-88eb-d3014399addc,501949057,group,2025-08-18 06:23:36.164892
71557442,bf996092-8d66-408a-8d8e-5065ca3330c2,967e785d-d83c-490b-8d6a-2ed926c956ac,967e785d-d83c-490b-8d6a-2ed926c956ac,urn:acs.rfis:rfi:967e785d-d83c-490b-8d6a-2ed926c956ac/71eb57cc-d3df-4afb-88eb-d3014399addc,501949037,group,2025-08-18 06:23:36.164893
71557443,bf996092-8d66-408a-8d8e-5065ca3330c2,967e785d-d83c-490b-8d6a-2ed926c956ac,967e785d-d83c-490b-8d6a-2ed926c956ac,urn:acs.rfis:rfi:967e785d-d83c-490b-8d6a-2ed926c956ac/71eb57cc-d3df-4afb-88eb-d3014399addc,501949043,group,2025-08-18 06:23:36.164894
71557444,bf996092-8d66-408a-8d8e-5065ca3330c2,967e785d-d83c-490b-8d6a-2ed926c956ac,967e785d-d83c-490b-8d6a-2ed926c956ac,urn:acs.rfis:rfi:967e785d-d83c-490b-8d6a-2ed926c956ac/71eb57cc-d3df-4afb-88eb-d3014399addc,501949035,group,2025-08-18 06:23:36.164895
71557445,bf996092-8d66-408a-8d8e-5065ca3330c2,967e785d-d83c-490b-8d6a-2ed926c956ac,967e785d-d83c-490b-8d6a-2ed926c956ac,urn:acs.rfis:rfi:967e785d-d83c-490b-8d6a-2ed926c956ac/71eb57cc-d3df-4afb-88eb-d3014399addc,501949044,group,2025-08-18 06:23:36.164896
71557446,bf996092-8d66-408a-8d8e-5065ca3330c2,967e785d-d83c-490b-8d6a-2ed926c956ac,967e785d-d83c-490b-8d6a-2ed926c956ac,urn:acs.rfis:rfi:967e785d-d83c-490b-8d6a-2ed926c956ac/71eb57cc-d3df-4afb-88eb-d3014399addc,501949042,group,2025-08-18 06:23:36.164897
71557447,bf996092-8d66-408a-8d8e-5065ca3330c2,967e785d-d83c-490b-8d6a-2ed926c956ac,967e785d-d83c-490b-8d6a-2ed926c956ac,urn:acs.rfis:rfi:967e785d-d83c-490b-8d6a-2ed926c956ac/71eb57cc-d3df-4afb-88eb-d3014399addc,501949056,group,2025-08-18 06:23:36.164898
71557448,bf996092-8d66-408a-8d8e-5065ca3330c2,967e785d-d83c-490b-8d6a-2ed926c956ac,967e785d-d83c-490b-8d6a-2ed926c956ac,urn:acs.rfis:rfi:967e785d-d83c-490b-8d6a-2ed926c956ac/71eb57cc-d3df-4afb-88eb-d3014399addc,501949047,group,2025-08-18 06:23:36.164899
71557449,bf996092-8d66-408a-8d8e-5065ca3330c2,967e785d-d83c-490b-8d6a-2ed926c956ac,967e785d-d83c-490b-8d6a-2ed926c956ac,urn:acs.rfis:rfi:967e785d-d83c-490b-8d6a-2ed926c956ac/71eb57cc-d3df-4afb-88eb-d3014399addc,501949036,group,2025-08-18 06:23:36.1649
71557450,bf996092-8d66-408a-8d8e-5065ca3330c2,967e785d-d83c-490b-8d6a-2ed926c956ac,967e785d-d83c-490b-8d6a-2ed926c956ac,urn:acs.rfis:rfi:967e785d-d83c-490b-8d6a-2ed926c956ac/71eb57cc-d3df-4afb-88eb-d3014399addc,530564645,group,2025-08-18 06:23:36.164901
71557451,bf996092-8d66-408a-8d8e-5065ca3330c2,967e785d-d83c-490b-8d6a-2ed926c956ac,967e785d-d83c-490b-8d6a-2ed926c956ac,urn:acs.rfis:rfi:967e785d-d83c-490b-8d6a-2ed926c956ac/71eb57cc-d3df-4afb-88eb-d3014399addc,524176499,group,2025-08-18 06:23:36.164903
71557452,bf996092-8d66-408a-8d8e-5065ca3330c2,967e785d-d83c-490b-8d6a-2ed926c956ac,967e785d-d83c-490b-8d6a-2ed926c956ac,urn:acs.rfis:rfi:967e785d-d83c-490b-8d6a-2ed926c956ac/71eb57cc-d3df-4afb-88eb-d3014399addc,G5LJ2CH9PRAMRT7X,user,2025-08-18 06:23:36.164904
71774009,bf996092-8d66-408a-8d8e-5065ca3330c2,f6ab14eb-1a66-4ea5-8a0f-0afbda444403,f6ab14eb-1a66-4ea5-8a0f-0afbda444403,urn:acs.rfis:rfi:f6ab14eb-1a66-4ea5-8a0f-0afbda444403/e2dce441-b9cf-4d11-b0bf-3ce7ca23cdf4,G5LJ2CH9PRAMRT7X,user,2025-08-20 10:04:16.464164
71774010,bf996092-8d66-408a-8d8e-5065ca3330c2,f6ab14eb-1a66-4ea5-8a0f-0afbda444403,f6ab14eb-1a66-4ea5-8a0f-0afbda444403,urn:acs.rfis:rfi:f6ab14eb-1a66-4ea5-8a0f-0afbda444403/e2dce441-b9cf-4d11-b0bf-3ce7ca23cdf4,531853946,group,2025-08-20 10:04:16.464167
71774011,bf996092-8d66-408a-8d8e-5065ca3330c2,f6ab14eb-1a66-4ea5-8a0f-0afbda444403,f6ab14eb-1a66-4ea5-8a0f-0afbda444403,urn:acs.rfis:rfi:f6ab14eb-1a66-4ea5-8a0f-0afbda444403/e2dce441-b9cf-4d11-b0bf-3ce7ca23cdf4,541450407,group,2025-08-20 10:04:16.464169
71774012,bf996092-8d66-408a-8d8e-5065ca3330c2,f6ab14eb-1a66-4ea5-8a0f-0afbda444403,f6ab14eb-1a66-4ea5-8a0f-0afbda444403,urn:acs.rfis:rfi:f6ab14eb-1a66-4ea5-8a0f-0afbda444403/e2dce441-b9cf-4d11-b0bf-3ce7ca23cdf4,531853832,group,2025-08-20 10:04:16.46417
71774013,bf996092-8d66-408a-8d8e-5065ca3330c2,f6ab14eb-1a66-4ea5-8a0f-0afbda444403,f6ab14eb-1a66-4ea5-8a0f-0afbda444403,urn:acs.rfis:rfi:f6ab14eb-1a66-4ea5-8a0f-0afbda444403/e2dce441-b9cf-4d11-b0bf-3ce7ca23cdf4,531853841,group,2025-08-20 10:04:16.464171
71774014,bf996092-8d66-408a-8d8e-5065ca3330c2,f6ab14eb-1a66-4ea5-8a0f-0afbda444403,f6ab14eb-1a66-4ea5-8a0f-0afbda444403,urn:acs.rfis:rfi:f6ab14eb-1a66-4ea5-8a0f-0afbda444403/e2dce441-b9cf-4d11-b0bf-3ce7ca23cdf4,531853839,group,2025-08-20 10:04:16.464172
71774015,bf996092-8d66-408a-8d8e-5065ca3330c2,f6ab14eb-1a66-4ea5-8a0f-0afbda444403,f6ab14eb-1a66-4ea5-8a0f-0afbda444403,urn:acs.rfis:rfi:f6ab14eb-1a66-4ea5-8a0f-0afbda444403/e2dce441-b9cf-4d11-b0bf-3ce7ca23cdf4,531853837,group,2025-08-20 10:04:16.464173
71774016,bf996092-8d66-408a-8d8e-5065ca3330c2,f6ab14eb-1a66-4ea5-8a0f-0afbda444403,f6ab14eb-1a66-4ea5-8a0f-0afbda444403,urn:acs.rfis:rfi:f6ab14eb-1a66-4ea5-8a0f-0afbda444403/e2dce441-b9cf-4d11-b0bf-3ce7ca23cdf4,531853842,group,2025-08-20 10:04:16.464173
71774017,bf996092-8d66-408a-8d8e-5065ca3330c2,f6ab14eb-1a66-4ea5-8a0f-0afbda444403,f6ab14eb-1a66-4ea5-8a0f-0afbda444403,urn:acs.rfis:rfi:f6ab14eb-1a66-4ea5-8a0f-0afbda444403/e2dce441-b9cf-4d11-b0bf-3ce7ca23cdf4,531853838,group,2025-08-20 10:04:16.464174
71774018,bf996092-8d66-408a-8d8e-5065ca3330c2,f6ab14eb-1a66-4ea5-8a0f-0afbda444403,f6ab14eb-1a66-4ea5-8a0f-0afbda444403,urn:acs.rfis:rfi:f6ab14eb-1a66-4ea5-8a0f-0afbda444403/e2dce441-b9cf-4d11-b0bf-3ce7ca23cdf4,531853840,group,2025-08-20 10:04:16.464175
71774019,bf996092-8d66-408a-8d8e-5065ca3330c2,f6ab14eb-1a66-4ea5-8a0f-0afbda444403,f6ab14eb-1a66-4ea5-8a0f-0afbda444403,urn:acs.rfis:rfi:f6ab14eb-1a66-4ea5-8a0f-0afbda444403/e2dce441-b9cf-4d11-b0bf-3ce7ca23cdf4,541450919,group,2025-08-20 10:04:16.464176
71774020,bf996092-8d66-408a-8d8e-5065ca3330c2,f6ab14eb-1a66-4ea5-8a0f-0afbda444403,f6ab14eb-1a66-4ea5-8a0f-0afbda444403,urn:acs.rfis:rfi:f6ab14eb-1a66-4ea5-8a0f-0afbda444403/e2dce441-b9cf-4d11-b0bf-3ce7ca23cdf4,531853827,group,2025-08-20 10:04:16.464178
71774021,bf996092-8d66-408a-8d8e-5065ca3330c2,f6ab14eb-1a66-4ea5-8a0f-0afbda444403,f6ab14eb-1a66-4ea5-8a0f-0afbda444403,urn:acs.rfis:rfi:f6ab14eb-1a66-4ea5-8a0f-0afbda444403/e2dce441-b9cf-4d11-b0bf-3ce7ca23cdf4,531853845,group,2025-08-20 10:04:16.464178
71774022,bf996092-8d66-408a-8d8e-5065ca3330c2,f6ab14eb-1a66-4ea5-8a0f-0afbda444403,f6ab14eb-1a66-4ea5-8a0f-0afbda444403,urn:acs.rfis:rfi:f6ab14eb-1a66-4ea5-8a0f-0afbda444403/e2dce441-b9cf-4d11-b0bf-3ce7ca23cdf4,531853831,group,2025-08-20 10:04:16.464179
71774023,bf996092-8d66-408a-8d8e-5065ca3330c2,f6ab14eb-1a66-4ea5-8a0f-0afbda444403,f6ab14eb-1a66-4ea5-8a0f-0afbda444403,urn:acs.rfis:rfi:f6ab14eb-1a66-4ea5-8a0f-0afbda444403/e2dce441-b9cf-4d11-b0bf-3ce7ca23cdf4,531853843,group,2025-08-20 10:04:16.46418
71774024,bf996092-8d66-408a-8d8e-5065ca3330c2,f6ab14eb-1a66-4ea5-8a0f-0afbda444403,f6ab14eb-1a66-4ea5-8a0f-0afbda444403,urn:acs.rfis:rfi:f6ab14eb-1a66-4ea5-8a0f-0afbda444403/e2dce441-b9cf-4d11-b0bf-3ce7ca23cdf4,531853848,group,2025-08-20 10:04:16.464181
71774025,bf996092-8d66-408a-8d8e-5065ca3330c2,f6ab14eb-1a66-4ea5-8a0f-0afbda444403,f6ab14eb-1a66-4ea5-8a0f-0afbda444403,urn:acs.rfis:rfi:f6ab14eb-1a66-4ea5-8a0f-0afbda444403/e2dce441-b9cf-4d11-b0bf-3ce7ca23cdf4,531853830,group,2025-08-20 10:04:16.464182
71774026,bf996092-8d66-408a-8d8e-5065ca3330c2,f6ab14eb-1a66-4ea5-8a0f-0afbda444403,f6ab14eb-1a66-4ea5-8a0f-0afbda444403,urn:acs.rfis:rfi:f6ab14eb-1a66-4ea5-8a0f-0afbda444403/e2dce441-b9cf-4d11-b0bf-3ce7ca23cdf4,541450081,group,2025-08-20 10:04:16.464183
71774027,bf996092-8d66-408a-8d8e-5065ca3330c2,f6ab14eb-1a66-4ea5-8a0f-0afbda444403,f6ab14eb-1a66-4ea5-8a0f-0afbda444403,urn:acs.rfis:rfi:f6ab14eb-1a66-4ea5-8a0f-0afbda444403/e2dce441-b9cf-4d11-b0bf-3ce7ca23cdf4,531853844,group,2025-08-20 10:04:16.464184
71774028,bf996092-8d66-408a-8d8e-5065ca3330c2,f6ab14eb-1a66-4ea5-8a0f-0afbda444403,f6ab14eb-1a66-4ea5-8a0f-0afbda444403,urn:acs.rfis:rfi:f6ab14eb-1a66-4ea5-8a0f-0afbda444403/e2dce441-b9cf-4d11-b0bf-3ce7ca23cdf4,531853916,group,2025-08-20 10:04:16.464185
71774029,bf996092-8d66-408a-8d8e-5065ca3330c2,f6ab14eb-1a66-4ea5-8a0f-0afbda444403,f6ab14eb-1a66-4ea5-8a0f-0afbda444403,urn:acs.rfis:rfi:f6ab14eb-1a66-4ea5-8a0f-0afbda444403/e2dce441-b9cf-4d11-b0bf-3ce7ca23cdf4,531853922,group,2025-08-20 10:04:16.464186
71774030,bf996092-8d66-408a-8d8e-5065ca3330c2,f6ab14eb-1a66-4ea5-8a0f-0afbda444403,f6ab14eb-1a66-4ea5-8a0f-0afbda444403,urn:acs.rfis:rfi:f6ab14eb-1a66-4ea5-8a0f-0afbda444403/e2dce441-b9cf-4d11-b0bf-3ce7ca23cdf4,531853856,group,2025-08-20 10:04:16.464187
71774031,bf996092-8d66-408a-8d8e-5065ca3330c2,f6ab14eb-1a66-4ea5-8a0f-0afbda444403,f6ab14eb-1a66-4ea5-8a0f-0afbda444403,urn:acs.rfis:rfi:f6ab14eb-1a66-4ea5-8a0f-0afbda444403/e2dce441-b9cf-4d11-b0bf-3ce7ca23cdf4,531853904,group,2025-08-20 10:04:16.464188
71774032,bf996092-8d66-408a-8d8e-5065ca3330c2,f6ab14eb-1a66-4ea5-8a0f-0afbda444403,f6ab14eb-1a66-4ea5-8a0f-0afbda444403,urn:acs.rfis:rfi:f6ab14eb-1a66-4ea5-8a0f-0afbda444403/e2dce441-b9cf-4d11-b0bf-3ce7ca23cdf4,531853919,group,2025-08-20 10:04:16.464189
71774033,bf996092-8d66-408a-8d8e-5065ca3330c2,f6ab14eb-1a66-4ea5-8a0f-0afbda444403,f6ab14eb-1a66-4ea5-8a0f-0afbda444403,urn:acs.rfis:rfi:f6ab14eb-1a66-4ea5-8a0f-0afbda444403/e2dce441-b9cf-4d11-b0bf-3ce7ca23cdf4,531853918,group,2025-08-20 10:04:16.46419
71774034,bf996092-8d66-408a-8d8e-5065ca3330c2,f6ab14eb-1a66-4ea5-8a0f-0afbda444403,f6ab14eb-1a66-4ea5-8a0f-0afbda444403,urn:acs.rfis:rfi:f6ab14eb-1a66-4ea5-8a0f-0afbda444403/e2dce441-b9cf-4d11-b0bf-3ce7ca23cdf4,531853886,group,2025-08-20 10:04:16.464191
71774035,bf996092-8d66-408a-8d8e-5065ca3330c2,f6ab14eb-1a66-4ea5-8a0f-0afbda444403,f6ab14eb-1a66-4ea5-8a0f-0afbda444403,urn:acs.rfis:rfi:f6ab14eb-1a66-4ea5-8a0f-0afbda444403/e2dce441-b9cf-4d11-b0bf-3ce7ca23cdf4,531853882,group,2025-08-20 10:04:16.464192
71774036,bf996092-8d66-408a-8d8e-5065ca3330c2,f6ab14eb-1a66-4ea5-8a0f-0afbda444403,f6ab14eb-1a66-4ea5-8a0f-0afbda444403,urn:acs.rfis:rfi:f6ab14eb-1a66-4ea5-8a0f-0afbda444403/e2dce441-b9cf-4d11-b0bf-3ce7ca23cdf4,531853888,group,2025-08-20 10:04:16.464193
71774037,bf996092-8d66-408a-8d8e-5065ca3330c2,f6ab14eb-1a66-4ea5-8a0f-0afbda444403,f6ab14eb-1a66-4ea5-8a0f-0afbda444403,urn:acs.rfis:rfi:f6ab14eb-1a66-4ea5-8a0f-0afbda444403/e2dce441-b9cf-4d11-b0bf-3ce7ca23cdf4,531853884,group,2025-08-20 10:04:16.464194
71774038,bf996092-8d66-408a-8d8e-5065ca3330c2,f6ab14eb-1a66-4ea5-8a0f-0afbda444403,f6ab14eb-1a66-4ea5-8a0f-0afbda444403,urn:acs.rfis:rfi:f6ab14eb-1a66-4ea5-8a0f-0afbda444403/e2dce441-b9cf-4d11-b0bf-3ce7ca23cdf4,531853881,group,2025-08-20 10:04:16.464194
71774039,bf996092-8d66-408a-8d8e-5065ca3330c2,f6ab14eb-1a66-4ea5-8a0f-0afbda444403,f6ab14eb-1a66-4ea5-8a0f-0afbda444403,urn:acs.rfis:rfi:f6ab14eb-1a66-4ea5-8a0f-0afbda444403/e2dce441-b9cf-4d11-b0bf-3ce7ca23cdf4,531853873,group,2025-08-20 10:04:16.464195
71774040,bf996092-8d66-408a-8d8e-5065ca3330c2,f6ab14eb-1a66-4ea5-8a0f-0afbda444403,f6ab14eb-1a66-4ea5-8a0f-0afbda444403,urn:acs.rfis:rfi:f6ab14eb-1a66-4ea5-8a0f-0afbda444403/e2dce441-b9cf-4d11-b0bf-3ce7ca23cdf4,531853887,group,2025-08-20 10:04:16.464196
71774041,bf996092-8d66-408a-8d8e-5065ca3330c2,f6ab14eb-1a66-4ea5-8a0f-0afbda444403,f6ab14eb-1a66-4ea5-8a0f-0afbda444403,urn:acs.rfis:rfi:f6ab14eb-1a66-4ea5-8a0f-0afbda444403/e2dce441-b9cf-4d11-b0bf-3ce7ca23cdf4,531853870,group,2025-08-20 10:04:16.464197
71774042,bf996092-8d66-408a-8d8e-5065ca3330c2,f6ab14eb-1a66-4ea5-8a0f-0afbda444403,f6ab14eb-1a66-4ea5-8a0f-0afbda444403,urn:acs.rfis:rfi:f6ab14eb-1a66-4ea5-8a0f-0afbda444403/e2dce441-b9cf-4d11-b0bf-3ce7ca23cdf4,531853889,group,2025-08-20 10:04:16.464198
71774043,bf996092-8d66-408a-8d8e-5065ca3330c2,f6ab14eb-1a66-4ea5-8a0f-0afbda444403,f6ab14eb-1a66-4ea5-8a0f-0afbda444403,urn:acs.rfis:rfi:f6ab14eb-1a66-4ea5-8a0f-0afbda444403/e2dce441-b9cf-4d11-b0bf-3ce7ca23cdf4,531853910,group,2025-08-20 10:04:16.464199
71774044,bf996092-8d66-408a-8d8e-5065ca3330c2,f6ab14eb-1a66-4ea5-8a0f-0afbda444403,f6ab14eb-1a66-4ea5-8a0f-0afbda444403,urn:acs.rfis:rfi:f6ab14eb-1a66-4ea5-8a0f-0afbda444403/e2dce441-b9cf-4d11-b0bf-3ce7ca23cdf4,541450738,group,2025-08-20 10:04:16.4642
71774045,bf996092-8d66-408a-8d8e-5065ca3330c2,f6ab14eb-1a66-4ea5-8a0f-0afbda444403,f6ab14eb-1a66-4ea5-8a0f-0afbda444403,urn:acs.rfis:rfi:f6ab14eb-1a66-4ea5-8a0f-0afbda444403/e2dce441-b9cf-4d11-b0bf-3ce7ca23cdf4,D5ZKMDH5JP7L,user,2025-08-20 10:04:16.464201
71774124,bf996092-8d66-408a-8d8e-5065ca3330c2,f6ab14eb-1a66-4ea5-8a0f-0afbda444403,f6ab14eb-1a66-4ea5-8a0f-0afbda444403,urn:acs.rfis:rfi:f6ab14eb-1a66-4ea5-8a0f-0afbda444403/d3a76424-f074-4c44-8407-32ea935f177a,FXYJ2FJQL3UMY6KM,user,2025-08-20 10:09:01.718378
71774126,bf996092-8d66-408a-8d8e-5065ca3330c2,f6ab14eb-1a66-4ea5-8a0f-0afbda444403,f6ab14eb-1a66-4ea5-8a0f-0afbda444403,urn:acs.rfis:rfi:f6ab14eb-1a66-4ea5-8a0f-0afbda444403/d3a76424-f074-4c44-8407-32ea935f177a,SFB2VPYZKPQ7XEGT,user,2025-08-20 10:09:01.718383
71774127,bf996092-8d66-408a-8d8e-5065ca3330c2,f6ab14eb-1a66-4ea5-8a0f-0afbda444403,f6ab14eb-1a66-4ea5-8a0f-0afbda444403,urn:acs.rfis:rfi:f6ab14eb-1a66-4ea5-8a0f-0afbda444403/d3a76424-f074-4c44-8407-32ea935f177a,531853829,group,2025-08-20 10:09:01.718384
71774128,bf996092-8d66-408a-8d8e-5065ca3330c2,f6ab14eb-1a66-4ea5-8a0f-0afbda444403,f6ab14eb-1a66-4ea5-8a0f-0afbda444403,urn:acs.rfis:rfi:f6ab14eb-1a66-4ea5-8a0f-0afbda444403/d3a76424-f074-4c44-8407-32ea935f177a,531853846,group,2025-08-20 10:09:01.718386
71774129,bf996092-8d66-408a-8d8e-5065ca3330c2,f6ab14eb-1a66-4ea5-8a0f-0afbda444403,f6ab14eb-1a66-4ea5-8a0f-0afbda444403,urn:acs.rfis:rfi:f6ab14eb-1a66-4ea5-8a0f-0afbda444403/d3a76424-f074-4c44-8407-32ea935f177a,531853851,group,2025-08-20 10:09:01.718387
71774130,bf996092-8d66-408a-8d8e-5065ca3330c2,f6ab14eb-1a66-4ea5-8a0f-0afbda444403,f6ab14eb-1a66-4ea5-8a0f-0afbda444403,urn:acs.rfis:rfi:f6ab14eb-1a66-4ea5-8a0f-0afbda444403/d3a76424-f074-4c44-8407-32ea935f177a,NXBJU9KZRN2LR6EX,user,2025-08-20 10:09:01.718387
71774131,bf996092-8d66-408a-8d8e-5065ca3330c2,f6ab14eb-1a66-4ea5-8a0f-0afbda444403,f6ab14eb-1a66-4ea5-8a0f-0afbda444403,urn:acs.rfis:rfi:f6ab14eb-1a66-4ea5-8a0f-0afbda444403/d3a76424-f074-4c44-8407-32ea935f177a,4UJ23BUBLD77JPG2,user,2025-08-20 10:09:01.718388
71774132,bf996092-8d66-408a-8d8e-5065ca3330c2,f6ab14eb-1a66-4ea5-8a0f-0afbda444403,f6ab14eb-1a66-4ea5-8a0f-0afbda444403,urn:acs.rfis:rfi:f6ab14eb-1a66-4ea5-8a0f-0afbda444403/d3a76424-f074-4c44-8407-32ea935f177a,3ZCJR5QUJR8NADFR,user,2025-08-20 10:09:01.718389
71774133,bf996092-8d66-408a-8d8e-5065ca3330c2,f6ab14eb-1a66-4ea5-8a0f-0afbda444403,f6ab14eb-1a66-4ea5-8a0f-0afbda444403,urn:acs.rfis:rfi:f6ab14eb-1a66-4ea5-8a0f-0afbda444403/d3a76424-f074-4c44-8407-32ea935f177a,56E2WKNZLVXE6PJS,user,2025-08-20 10:09:01.71839
71774134,bf996092-8d66-408a-8d8e-5065ca3330c2,f6ab14eb-1a66-4ea5-8a0f-0afbda444403,f6ab14eb-1a66-4ea5-8a0f-0afbda444403,urn:acs.rfis:rfi:f6ab14eb-1a66-4ea5-8a0f-0afbda444403/d3a76424-f074-4c44-8407-32ea935f177a,531853798,group,2025-08-20 10:09:01.718391
71774135,bf996092-8d66-408a-8d8e-5065ca3330c2,f6ab14eb-1a66-4ea5-8a0f-0afbda444403,f6ab14eb-1a66-4ea5-8a0f-0afbda444403,urn:acs.rfis:rfi:f6ab14eb-1a66-4ea5-8a0f-0afbda444403/d3a76424-f074-4c44-8407-32ea935f177a,531853946,group,2025-08-20 10:09:01.718392
71774136,bf996092-8d66-408a-8d8e-5065ca3330c2,f6ab14eb-1a66-4ea5-8a0f-0afbda444403,f6ab14eb-1a66-4ea5-8a0f-0afbda444403,urn:acs.rfis:rfi:f6ab14eb-1a66-4ea5-8a0f-0afbda444403/d3a76424-f074-4c44-8407-32ea935f177a,541450407,group,2025-08-20 10:09:01.718393
72060084,bf996092-8d66-408a-8d8e-5065ca3330c2,f6ab14eb-1a66-4ea5-8a0f-0afbda444403,f6ab14eb-1a66-4ea5-8a0f-0afbda444403,urn:acs.rfis:rfi:f6ab14eb-1a66-4ea5-8a0f-0afbda444403/9a80afc6-80e4-4198-a70b-6dc9474cddc8,531853798,group,2025-08-25 05:56:16.217011
72060085,bf996092-8d66-408a-8d8e-5065ca3330c2,f6ab14eb-1a66-4ea5-8a0f-0afbda444403,f6ab14eb-1a66-4ea5-8a0f-0afbda444403,urn:acs.rfis:rfi:f6ab14eb-1a66-4ea5-8a0f-0afbda444403/9a80afc6-80e4-4198-a70b-6dc9474cddc8,531853829,group,2025-08-25 05:56:16.217014
72060086,bf996092-8d66-408a-8d8e-5065ca3330c2,f6ab14eb-1a66-4ea5-8a0f-0afbda444403,f6ab14eb-1a66-4ea5-8a0f-0afbda444403,urn:acs.rfis:rfi:f6ab14eb-1a66-4ea5-8a0f-0afbda444403/9a80afc6-80e4-4198-a70b-6dc9474cddc8,531853846,group,2025-08-25 05:56:16.217015
72060087,bf996092-8d66-408a-8d8e-5065ca3330c2,f6ab14eb-1a66-4ea5-8a0f-0afbda444403,f6ab14eb-1a66-4ea5-8a0f-0afbda444403,urn:acs.rfis:rfi:f6ab14eb-1a66-4ea5-8a0f-0afbda444403/9a80afc6-80e4-4198-a70b-6dc9474cddc8,531853851,group,2025-08-25 05:56:16.217016
72060088,bf996092-8d66-408a-8d8e-5065ca3330c2,f6ab14eb-1a66-4ea5-8a0f-0afbda444403,f6ab14eb-1a66-4ea5-8a0f-0afbda444403,urn:acs.rfis:rfi:f6ab14eb-1a66-4ea5-8a0f-0afbda444403/9a80afc6-80e4-4198-a70b-6dc9474cddc8,SFB2VPYZKPQ7XEGT,user,2025-08-25 05:56:16.217017
72060089,bf996092-8d66-408a-8d8e-5065ca3330c2,f6ab14eb-1a66-4ea5-8a0f-0afbda444403,f6ab14eb-1a66-4ea5-8a0f-0afbda444403,urn:acs.rfis:rfi:f6ab14eb-1a66-4ea5-8a0f-0afbda444403/9a80afc6-80e4-4198-a70b-6dc9474cddc8,FXYJ2FJQL3UMY6KM,user,2025-08-25 05:56:16.217018
72060090,bf996092-8d66-408a-8d8e-5065ca3330c2,f6ab14eb-1a66-4ea5-8a0f-0afbda444403,f6ab14eb-1a66-4ea5-8a0f-0afbda444403,urn:acs.rfis:rfi:f6ab14eb-1a66-4ea5-8a0f-0afbda444403/9a80afc6-80e4-4198-a70b-6dc9474cddc8,NXBJU9KZRN2LR6EX,user,2025-08-25 05:56:16.217019
72060091,bf996092-8d66-408a-8d8e-5065ca3330c2,f6ab14eb-1a66-4ea5-8a0f-0afbda444403,f6ab14eb-1a66-4ea5-8a0f-0afbda444403,urn:acs.rfis:rfi:f6ab14eb-1a66-4ea5-8a0f-0afbda444403/9a80afc6-80e4-4198-a70b-6dc9474cddc8,56E2WKNZLVXE6PJS,user,2025-08-25 05:56:16.21702
72060092,bf996092-8d66-408a-8d8e-5065ca3330c2,f6ab14eb-1a66-4ea5-8a0f-0afbda444403,f6ab14eb-1a66-4ea5-8a0f-0afbda444403,urn:acs.rfis:rfi:f6ab14eb-1a66-4ea5-8a0f-0afbda444403/9a80afc6-80e4-4198-a70b-6dc9474cddc8,3ZCJR5QUJR8NADFR,user,2025-08-25 05:56:16.217021
72060093,bf996092-8d66-408a-8d8e-5065ca3330c2,f6ab14eb-1a66-4ea5-8a0f-0afbda444403,f6ab14eb-1a66-4ea5-8a0f-0afbda444403,urn:acs.rfis:rfi:f6ab14eb-1a66-4ea5-8a0f-0afbda444403/9a80afc6-80e4-4198-a70b-6dc9474cddc8,4UJ23BUBLD77JPG2,user,2025-08-25 05:56:16.217022
72060442,bf996092-8d66-408a-8d8e-5065ca3330c2,f6ab14eb-1a66-4ea5-8a0f-0afbda444403,f6ab14eb-1a66-4ea5-8a0f-0afbda444403,urn:acs.rfis:rfi:f6ab14eb-1a66-4ea5-8a0f-0afbda444403/9a80afc6-80e4-4198-a70b-6dc9474cddc8,G5LJ2CH9PRAMRT7X,user,2025-08-25 06:13:39.251361
72060443,bf996092-8d66-408a-8d8e-5065ca3330c2,f6ab14eb-1a66-4ea5-8a0f-0afbda444403,f6ab14eb-1a66-4ea5-8a0f-0afbda444403,urn:acs.rfis:rfi:f6ab14eb-1a66-4ea5-8a0f-0afbda444403/9a80afc6-80e4-4198-a70b-6dc9474cddc8,531853946,group,2025-08-25 06:13:39.251365
72060444,bf996092-8d66-408a-8d8e-5065ca3330c2,f6ab14eb-1a66-4ea5-8a0f-0afbda444403,f6ab14eb-1a66-4ea5-8a0f-0afbda444403,urn:acs.rfis:rfi:f6ab14eb-1a66-4ea5-8a0f-0afbda444403/9a80afc6-80e4-4198-a70b-6dc9474cddc8,541450407,group,2025-08-25 06:13:39.251366
72060445,bf996092-8d66-408a-8d8e-5065ca3330c2,f6ab14eb-1a66-4ea5-8a0f-0afbda444403,f6ab14eb-1a66-4ea5-8a0f-0afbda444403,urn:acs.rfis:rfi:f6ab14eb-1a66-4ea5-8a0f-0afbda444403/9a80afc6-80e4-4198-a70b-6dc9474cddc8,531853832,group,2025-08-25 06:13:39.251367
72060446,bf996092-8d66-408a-8d8e-5065ca3330c2,f6ab14eb-1a66-4ea5-8a0f-0afbda444403,f6ab14eb-1a66-4ea5-8a0f-0afbda444403,urn:acs.rfis:rfi:f6ab14eb-1a66-4ea5-8a0f-0afbda444403/9a80afc6-80e4-4198-a70b-6dc9474cddc8,531853841,group,2025-08-25 06:13:39.251368
72060447,bf996092-8d66-408a-8d8e-5065ca3330c2,f6ab14eb-1a66-4ea5-8a0f-0afbda444403,f6ab14eb-1a66-4ea5-8a0f-0afbda444403,urn:acs.rfis:rfi:f6ab14eb-1a66-4ea5-8a0f-0afbda444403/9a80afc6-80e4-4198-a70b-6dc9474cddc8,531853839,group,2025-08-25 06:13:39.251369
72060448,bf996092-8d66-408a-8d8e-5065ca3330c2,f6ab14eb-1a66-4ea5-8a0f-0afbda444403,f6ab14eb-1a66-4ea5-8a0f-0afbda444403,urn:acs.rfis:rfi:f6ab14eb-1a66-4ea5-8a0f-0afbda444403/9a80afc6-80e4-4198-a70b-6dc9474cddc8,531853837,group,2025-08-25 06:13:39.25137
72060449,bf996092-8d66-408a-8d8e-5065ca3330c2,f6ab14eb-1a66-4ea5-8a0f-0afbda444403,f6ab14eb-1a66-4ea5-8a0f-0afbda444403,urn:acs.rfis:rfi:f6ab14eb-1a66-4ea5-8a0f-0afbda444403/9a80afc6-80e4-4198-a70b-6dc9474cddc8,531853842,group,2025-08-25 06:13:39.251371
72060450,bf996092-8d66-408a-8d8e-5065ca3330c2,f6ab14eb-1a66-4ea5-8a0f-0afbda444403,f6ab14eb-1a66-4ea5-8a0f-0afbda444403,urn:acs.rfis:rfi:f6ab14eb-1a66-4ea5-8a0f-0afbda444403/9a80afc6-80e4-4198-a70b-6dc9474cddc8,531853838,group,2025-08-25 06:13:39.251372
72060451,bf996092-8d66-408a-8d8e-5065ca3330c2,f6ab14eb-1a66-4ea5-8a0f-0afbda444403,f6ab14eb-1a66-4ea5-8a0f-0afbda444403,urn:acs.rfis:rfi:f6ab14eb-1a66-4ea5-8a0f-0afbda444403/9a80afc6-80e4-4198-a70b-6dc9474cddc8,531853840,group,2025-08-25 06:13:39.251373
72060452,bf996092-8d66-408a-8d8e-5065ca3330c2,f6ab14eb-1a66-4ea5-8a0f-0afbda444403,f6ab14eb-1a66-4ea5-8a0f-0afbda444403,urn:acs.rfis:rfi:f6ab14eb-1a66-4ea5-8a0f-0afbda444403/9a80afc6-80e4-4198-a70b-6dc9474cddc8,541450919,group,2025-08-25 06:13:39.251374
72060453,bf996092-8d66-408a-8d8e-5065ca3330c2,f6ab14eb-1a66-4ea5-8a0f-0afbda444403,f6ab14eb-1a66-4ea5-8a0f-0afbda444403,urn:acs.rfis:rfi:f6ab14eb-1a66-4ea5-8a0f-0afbda444403/9a80afc6-80e4-4198-a70b-6dc9474cddc8,531853827,group,2025-08-25 06:13:39.251375
72060454,bf996092-8d66-408a-8d8e-5065ca3330c2,f6ab14eb-1a66-4ea5-8a0f-0afbda444403,f6ab14eb-1a66-4ea5-8a0f-0afbda444403,urn:acs.rfis:rfi:f6ab14eb-1a66-4ea5-8a0f-0afbda444403/9a80afc6-80e4-4198-a70b-6dc9474cddc8,531853845,group,2025-08-25 06:13:39.251376
72060455,bf996092-8d66-408a-8d8e-5065ca3330c2,f6ab14eb-1a66-4ea5-8a0f-0afbda444403,f6ab14eb-1a66-4ea5-8a0f-0afbda444403,urn:acs.rfis:rfi:f6ab14eb-1a66-4ea5-8a0f-0afbda444403/9a80afc6-80e4-4198-a70b-6dc9474cddc8,531853831,group,2025-08-25 06:13:39.251376
72060456,bf996092-8d66-408a-8d8e-5065ca3330c2,f6ab14eb-1a66-4ea5-8a0f-0afbda444403,f6ab14eb-1a66-4ea5-8a0f-0afbda444403,urn:acs.rfis:rfi:f6ab14eb-1a66-4ea5-8a0f-0afbda444403/9a80afc6-80e4-4198-a70b-6dc9474cddc8,531853843,group,2025-08-25 06:13:39.251377
72060457,bf996092-8d66-408a-8d8e-5065ca3330c2,f6ab14eb-1a66-4ea5-8a0f-0afbda444403,f6ab14eb-1a66-4ea5-8a0f-0afbda444403,urn:acs.rfis:rfi:f6ab14eb-1a66-4ea5-8a0f-0afbda444403/9a80afc6-80e4-4198-a70b-6dc9474cddc8,531853848,group,2025-08-25 06:13:39.251378
72060458,bf996092-8d66-408a-8d8e-5065ca3330c2,f6ab14eb-1a66-4ea5-8a0f-0afbda444403,f6ab14eb-1a66-4ea5-8a0f-0afbda444403,urn:acs.rfis:rfi:f6ab14eb-1a66-4ea5-8a0f-0afbda444403/9a80afc6-80e4-4198-a70b-6dc9474cddc8,531853830,group,2025-08-25 06:13:39.251379
72060459,bf996092-8d66-408a-8d8e-5065ca3330c2,f6ab14eb-1a66-4ea5-8a0f-0afbda444403,f6ab14eb-1a66-4ea5-8a0f-0afbda444403,urn:acs.rfis:rfi:f6ab14eb-1a66-4ea5-8a0f-0afbda444403/9a80afc6-80e4-4198-a70b-6dc9474cddc8,541450081,group,2025-08-25 06:13:39.25138
72060460,bf996092-8d66-408a-8d8e-5065ca3330c2,f6ab14eb-1a66-4ea5-8a0f-0afbda444403,f6ab14eb-1a66-4ea5-8a0f-0afbda444403,urn:acs.rfis:rfi:f6ab14eb-1a66-4ea5-8a0f-0afbda444403/9a80afc6-80e4-4198-a70b-6dc9474cddc8,531853844,group,2025-08-25 06:13:39.251381
72060461,bf996092-8d66-408a-8d8e-5065ca3330c2,f6ab14eb-1a66-4ea5-8a0f-0afbda444403,f6ab14eb-1a66-4ea5-8a0f-0afbda444403,urn:acs.rfis:rfi:f6ab14eb-1a66-4ea5-8a0f-0afbda444403/9a80afc6-80e4-4198-a70b-6dc9474cddc8,531853916,group,2025-08-25 06:13:39.251382
72060462,bf996092-8d66-408a-8d8e-5065ca3330c2,f6ab14eb-1a66-4ea5-8a0f-0afbda444403,f6ab14eb-1a66-4ea5-8a0f-0afbda444403,urn:acs.rfis:rfi:f6ab14eb-1a66-4ea5-8a0f-0afbda444403/9a80afc6-80e4-4198-a70b-6dc9474cddc8,531853922,group,2025-08-25 06:13:39.251383
72060463,bf996092-8d66-408a-8d8e-5065ca3330c2,f6ab14eb-1a66-4ea5-8a0f-0afbda444403,f6ab14eb-1a66-4ea5-8a0f-0afbda444403,urn:acs.rfis:rfi:f6ab14eb-1a66-4ea5-8a0f-0afbda444403/9a80afc6-80e4-4198-a70b-6dc9474cddc8,531853856,group,2025-08-25 06:13:39.251384
72060464,bf996092-8d66-408a-8d8e-5065ca3330c2,f6ab14eb-1a66-4ea5-8a0f-0afbda444403,f6ab14eb-1a66-4ea5-8a0f-0afbda444403,urn:acs.rfis:rfi:f6ab14eb-1a66-4ea5-8a0f-0afbda444403/9a80afc6-80e4-4198-a70b-6dc9474cddc8,531853904,group,2025-08-25 06:13:39.251385
72060465,bf996092-8d66-408a-8d8e-5065ca3330c2,f6ab14eb-1a66-4ea5-8a0f-0afbda444403,f6ab14eb-1a66-4ea5-8a0f-0afbda444403,urn:acs.rfis:rfi:f6ab14eb-1a66-4ea5-8a0f-0afbda444403/9a80afc6-80e4-4198-a70b-6dc9474cddc8,531853919,group,2025-08-25 06:13:39.251386
72060466,bf996092-8d66-408a-8d8e-5065ca3330c2,f6ab14eb-1a66-4ea5-8a0f-0afbda444403,f6ab14eb-1a66-4ea5-8a0f-0afbda444403,urn:acs.rfis:rfi:f6ab14eb-1a66-4ea5-8a0f-0afbda444403/9a80afc6-80e4-4198-a70b-6dc9474cddc8,531853918,group,2025-08-25 06:13:39.251387
72060467,bf996092-8d66-408a-8d8e-5065ca3330c2,f6ab14eb-1a66-4ea5-8a0f-0afbda444403,f6ab14eb-1a66-4ea5-8a0f-0afbda444403,urn:acs.rfis:rfi:f6ab14eb-1a66-4ea5-8a0f-0afbda444403/9a80afc6-80e4-4198-a70b-6dc9474cddc8,531853886,group,2025-08-25 06:13:39.251388
72060468,bf996092-8d66-408a-8d8e-5065ca3330c2,f6ab14eb-1a66-4ea5-8a0f-0afbda444403,f6ab14eb-1a66-4ea5-8a0f-0afbda444403,urn:acs.rfis:rfi:f6ab14eb-1a66-4ea5-8a0f-0afbda444403/9a80afc6-80e4-4198-a70b-6dc9474cddc8,531853882,group,2025-08-25 06:13:39.251389
72060469,bf996092-8d66-408a-8d8e-5065ca3330c2,f6ab14eb-1a66-4ea5-8a0f-0afbda444403,f6ab14eb-1a66-4ea5-8a0f-0afbda444403,urn:acs.rfis:rfi:f6ab14eb-1a66-4ea5-8a0f-0afbda444403/9a80afc6-80e4-4198-a70b-6dc9474cddc8,531853888,group,2025-08-25 06:13:39.25139
72060470,bf996092-8d66-408a-8d8e-5065ca3330c2,f6ab14eb-1a66-4ea5-8a0f-0afbda444403,f6ab14eb-1a66-4ea5-8a0f-0afbda444403,urn:acs.rfis:rfi:f6ab14eb-1a66-4ea5-8a0f-0afbda444403/9a80afc6-80e4-4198-a70b-6dc9474cddc8,531853884,group,2025-08-25 06:13:39.251391
72060471,bf996092-8d66-408a-8d8e-5065ca3330c2,f6ab14eb-1a66-4ea5-8a0f-0afbda444403,f6ab14eb-1a66-4ea5-8a0f-0afbda444403,urn:acs.rfis:rfi:f6ab14eb-1a66-4ea5-8a0f-0afbda444403/9a80afc6-80e4-4198-a70b-6dc9474cddc8,531853881,group,2025-08-25 06:13:39.251392
72060472,bf996092-8d66-408a-8d8e-5065ca3330c2,f6ab14eb-1a66-4ea5-8a0f-0afbda444403,f6ab14eb-1a66-4ea5-8a0f-0afbda444403,urn:acs.rfis:rfi:f6ab14eb-1a66-4ea5-8a0f-0afbda444403/9a80afc6-80e4-4198-a70b-6dc9474cddc8,531853873,group,2025-08-25 06:13:39.251393
72060473,bf996092-8d66-408a-8d8e-5065ca3330c2,f6ab14eb-1a66-4ea5-8a0f-0afbda444403,f6ab14eb-1a66-4ea5-8a0f-0afbda444403,urn:acs.rfis:rfi:f6ab14eb-1a66-4ea5-8a0f-0afbda444403/9a80afc6-80e4-4198-a70b-6dc9474cddc8,531853887,group,2025-08-25 06:13:39.251393
72060474,bf996092-8d66-408a-8d8e-5065ca3330c2,f6ab14eb-1a66-4ea5-8a0f-0afbda444403,f6ab14eb-1a66-4ea5-8a0f-0afbda444403,urn:acs.rfis:rfi:f6ab14eb-1a66-4ea5-8a0f-0afbda444403/9a80afc6-80e4-4198-a70b-6dc9474cddc8,531853870,group,2025-08-25 06:13:39.251394
72060475,bf996092-8d66-408a-8d8e-5065ca3330c2,f6ab14eb-1a66-4ea5-8a0f-0afbda444403,f6ab14eb-1a66-4ea5-8a0f-0afbda444403,urn:acs.rfis:rfi:f6ab14eb-1a66-4ea5-8a0f-0afbda444403/9a80afc6-80e4-4198-a70b-6dc9474cddc8,531853889,group,2025-08-25 06:13:39.251395
72060476,bf996092-8d66-408a-8d8e-5065ca3330c2,f6ab14eb-1a66-4ea5-8a0f-0afbda444403,f6ab14eb-1a66-4ea5-8a0f-0afbda444403,urn:acs.rfis:rfi:f6ab14eb-1a66-4ea5-8a0f-0afbda444403/9a80afc6-80e4-4198-a70b-6dc9474cddc8,531853910,group,2025-08-25 06:13:39.251396
72060477,bf996092-8d66-408a-8d8e-5065ca3330c2,f6ab14eb-1a66-4ea5-8a0f-0afbda444403,f6ab14eb-1a66-4ea5-8a0f-0afbda444403,urn:acs.rfis:rfi:f6ab14eb-1a66-4ea5-8a0f-0afbda444403/9a80afc6-80e4-4198-a70b-6dc9474cddc8,541450738,group,2025-08-25 06:13:39.251397
72060700,bf996092-8d66-408a-8d8e-5065ca3330c2,f6ab14eb-1a66-4ea5-8a0f-0afbda444403,f6ab14eb-1a66-4ea5-8a0f-0afbda444403,urn:acs.rfis:rfi:f6ab14eb-1a66-4ea5-8a0f-0afbda444403/b97e32fe-3759-4e91-99b1-0f27419ab2da,531853797,group,2025-08-25 06:18:34.915134
72166987,bf996092-8d66-408a-8d8e-5065ca3330c2,f6ab14eb-1a66-4ea5-8a0f-0afbda444403,f6ab14eb-1a66-4ea5-8a0f-0afbda444403,urn:acs.rfis:rfi:f6ab14eb-1a66-4ea5-8a0f-0afbda444403/9a80afc6-80e4-4198-a70b-6dc9474cddc8,FM42EJFZPNC5F3HF,user,2025-08-26 05:39:35.108037
72166988,bf996092-8d66-408a-8d8e-5065ca3330c2,f6ab14eb-1a66-4ea5-8a0f-0afbda444403,f6ab14eb-1a66-4ea5-8a0f-0afbda444403,urn:acs.rfis:rfi:f6ab14eb-1a66-4ea5-8a0f-0afbda444403/9a80afc6-80e4-4198-a70b-6dc9474cddc8,S762NMGBKUB423MM,user,2025-08-26 05:39:35.10804
72168712,bf996092-8d66-408a-8d8e-5065ca3330c2,f6ab14eb-1a66-4ea5-8a0f-0afbda444403,f6ab14eb-1a66-4ea5-8a0f-0afbda444403,urn:acs.rfis:rfi:f6ab14eb-1a66-4ea5-8a0f-0afbda444403/d3a76424-f074-4c44-8407-32ea935f177a,H4J29KZBMAKAE737,user,2025-08-26 06:42:55.130204
71774137,bf996092-8d66-408a-8d8e-5065ca3330c2,f6ab14eb-1a66-4ea5-8a0f-0afbda444403,f6ab14eb-1a66-4ea5-8a0f-0afbda444403,urn:acs.rfis:rfi:f6ab14eb-1a66-4ea5-8a0f-0afbda444403/d3a76424-f074-4c44-8407-32ea935f177a,531853832,group,2025-08-20 10:09:01.718394
71774138,bf996092-8d66-408a-8d8e-5065ca3330c2,f6ab14eb-1a66-4ea5-8a0f-0afbda444403,f6ab14eb-1a66-4ea5-8a0f-0afbda444403,urn:acs.rfis:rfi:f6ab14eb-1a66-4ea5-8a0f-0afbda444403/d3a76424-f074-4c44-8407-32ea935f177a,531853841,group,2025-08-20 10:09:01.718395
71774139,bf996092-8d66-408a-8d8e-5065ca3330c2,f6ab14eb-1a66-4ea5-8a0f-0afbda444403,f6ab14eb-1a66-4ea5-8a0f-0afbda444403,urn:acs.rfis:rfi:f6ab14eb-1a66-4ea5-8a0f-0afbda444403/d3a76424-f074-4c44-8407-32ea935f177a,531853839,group,2025-08-20 10:09:01.718396
71774140,bf996092-8d66-408a-8d8e-5065ca3330c2,f6ab14eb-1a66-4ea5-8a0f-0afbda444403,f6ab14eb-1a66-4ea5-8a0f-0afbda444403,urn:acs.rfis:rfi:f6ab14eb-1a66-4ea5-8a0f-0afbda444403/d3a76424-f074-4c44-8407-32ea935f177a,531853837,group,2025-08-20 10:09:01.718397
71774141,bf996092-8d66-408a-8d8e-5065ca3330c2,f6ab14eb-1a66-4ea5-8a0f-0afbda444403,f6ab14eb-1a66-4ea5-8a0f-0afbda444403,urn:acs.rfis:rfi:f6ab14eb-1a66-4ea5-8a0f-0afbda444403/d3a76424-f074-4c44-8407-32ea935f177a,531853842,group,2025-08-20 10:09:01.718398
71774142,bf996092-8d66-408a-8d8e-5065ca3330c2,f6ab14eb-1a66-4ea5-8a0f-0afbda444403,f6ab14eb-1a66-4ea5-8a0f-0afbda444403,urn:acs.rfis:rfi:f6ab14eb-1a66-4ea5-8a0f-0afbda444403/d3a76424-f074-4c44-8407-32ea935f177a,531853838,group,2025-08-20 10:09:01.718399
71774143,bf996092-8d66-408a-8d8e-5065ca3330c2,f6ab14eb-1a66-4ea5-8a0f-0afbda444403,f6ab14eb-1a66-4ea5-8a0f-0afbda444403,urn:acs.rfis:rfi:f6ab14eb-1a66-4ea5-8a0f-0afbda444403/d3a76424-f074-4c44-8407-32ea935f177a,531853840,group,2025-08-20 10:09:01.7184
71774144,bf996092-8d66-408a-8d8e-5065ca3330c2,f6ab14eb-1a66-4ea5-8a0f-0afbda444403,f6ab14eb-1a66-4ea5-8a0f-0afbda444403,urn:acs.rfis:rfi:f6ab14eb-1a66-4ea5-8a0f-0afbda444403/d3a76424-f074-4c44-8407-32ea935f177a,541450919,group,2025-08-20 10:09:01.718401
71774145,bf996092-8d66-408a-8d8e-5065ca3330c2,f6ab14eb-1a66-4ea5-8a0f-0afbda444403,f6ab14eb-1a66-4ea5-8a0f-0afbda444403,urn:acs.rfis:rfi:f6ab14eb-1a66-4ea5-8a0f-0afbda444403/d3a76424-f074-4c44-8407-32ea935f177a,531853827,group,2025-08-20 10:09:01.718403
71774146,bf996092-8d66-408a-8d8e-5065ca3330c2,f6ab14eb-1a66-4ea5-8a0f-0afbda444403,f6ab14eb-1a66-4ea5-8a0f-0afbda444403,urn:acs.rfis:rfi:f6ab14eb-1a66-4ea5-8a0f-0afbda444403/d3a76424-f074-4c44-8407-32ea935f177a,531853845,group,2025-08-20 10:09:01.718404
71774147,bf996092-8d66-408a-8d8e-5065ca3330c2,f6ab14eb-1a66-4ea5-8a0f-0afbda444403,f6ab14eb-1a66-4ea5-8a0f-0afbda444403,urn:acs.rfis:rfi:f6ab14eb-1a66-4ea5-8a0f-0afbda444403/d3a76424-f074-4c44-8407-32ea935f177a,531853831,group,2025-08-20 10:09:01.718405
71774148,bf996092-8d66-408a-8d8e-5065ca3330c2,f6ab14eb-1a66-4ea5-8a0f-0afbda444403,f6ab14eb-1a66-4ea5-8a0f-0afbda444403,urn:acs.rfis:rfi:f6ab14eb-1a66-4ea5-8a0f-0afbda444403/d3a76424-f074-4c44-8407-32ea935f177a,531853843,group,2025-08-20 10:09:01.718406
71774149,bf996092-8d66-408a-8d8e-5065ca3330c2,f6ab14eb-1a66-4ea5-8a0f-0afbda444403,f6ab14eb-1a66-4ea5-8a0f-0afbda444403,urn:acs.rfis:rfi:f6ab14eb-1a66-4ea5-8a0f-0afbda444403/d3a76424-f074-4c44-8407-32ea935f177a,531853848,group,2025-08-20 10:09:01.718407
71774150,bf996092-8d66-408a-8d8e-5065ca3330c2,f6ab14eb-1a66-4ea5-8a0f-0afbda444403,f6ab14eb-1a66-4ea5-8a0f-0afbda444403,urn:acs.rfis:rfi:f6ab14eb-1a66-4ea5-8a0f-0afbda444403/d3a76424-f074-4c44-8407-32ea935f177a,531853830,group,2025-08-20 10:09:01.718408
71774151,bf996092-8d66-408a-8d8e-5065ca3330c2,f6ab14eb-1a66-4ea5-8a0f-0afbda444403,f6ab14eb-1a66-4ea5-8a0f-0afbda444403,urn:acs.rfis:rfi:f6ab14eb-1a66-4ea5-8a0f-0afbda444403/d3a76424-f074-4c44-8407-32ea935f177a,541450081,group,2025-08-20 10:09:01.718408
71774152,bf996092-8d66-408a-8d8e-5065ca3330c2,f6ab14eb-1a66-4ea5-8a0f-0afbda444403,f6ab14eb-1a66-4ea5-8a0f-0afbda444403,urn:acs.rfis:rfi:f6ab14eb-1a66-4ea5-8a0f-0afbda444403/d3a76424-f074-4c44-8407-32ea935f177a,531853844,group,2025-08-20 10:09:01.718409
71774153,bf996092-8d66-408a-8d8e-5065ca3330c2,f6ab14eb-1a66-4ea5-8a0f-0afbda444403,f6ab14eb-1a66-4ea5-8a0f-0afbda444403,urn:acs.rfis:rfi:f6ab14eb-1a66-4ea5-8a0f-0afbda444403/d3a76424-f074-4c44-8407-32ea935f177a,531853916,group,2025-08-20 10:09:01.71841
71774154,bf996092-8d66-408a-8d8e-5065ca3330c2,f6ab14eb-1a66-4ea5-8a0f-0afbda444403,f6ab14eb-1a66-4ea5-8a0f-0afbda444403,urn:acs.rfis:rfi:f6ab14eb-1a66-4ea5-8a0f-0afbda444403/d3a76424-f074-4c44-8407-32ea935f177a,531853922,group,2025-08-20 10:09:01.718411
71774155,bf996092-8d66-408a-8d8e-5065ca3330c2,f6ab14eb-1a66-4ea5-8a0f-0afbda444403,f6ab14eb-1a66-4ea5-8a0f-0afbda444403,urn:acs.rfis:rfi:f6ab14eb-1a66-4ea5-8a0f-0afbda444403/d3a76424-f074-4c44-8407-32ea935f177a,531853856,group,2025-08-20 10:09:01.718412
71774156,bf996092-8d66-408a-8d8e-5065ca3330c2,f6ab14eb-1a66-4ea5-8a0f-0afbda444403,f6ab14eb-1a66-4ea5-8a0f-0afbda444403,urn:acs.rfis:rfi:f6ab14eb-1a66-4ea5-8a0f-0afbda444403/d3a76424-f074-4c44-8407-32ea935f177a,531853904,group,2025-08-20 10:09:01.718414
71774157,bf996092-8d66-408a-8d8e-5065ca3330c2,f6ab14eb-1a66-4ea5-8a0f-0afbda444403,f6ab14eb-1a66-4ea5-8a0f-0afbda444403,urn:acs.rfis:rfi:f6ab14eb-1a66-4ea5-8a0f-0afbda444403/d3a76424-f074-4c44-8407-32ea935f177a,531853919,group,2025-08-20 10:09:01.718415
71774158,bf996092-8d66-408a-8d8e-5065ca3330c2,f6ab14eb-1a66-4ea5-8a0f-0afbda444403,f6ab14eb-1a66-4ea5-8a0f-0afbda444403,urn:acs.rfis:rfi:f6ab14eb-1a66-4ea5-8a0f-0afbda444403/d3a76424-f074-4c44-8407-32ea935f177a,531853918,group,2025-08-20 10:09:01.718416
71774159,bf996092-8d66-408a-8d8e-5065ca3330c2,f6ab14eb-1a66-4ea5-8a0f-0afbda444403,f6ab14eb-1a66-4ea5-8a0f-0afbda444403,urn:acs.rfis:rfi:f6ab14eb-1a66-4ea5-8a0f-0afbda444403/d3a76424-f074-4c44-8407-32ea935f177a,531853886,group,2025-08-20 10:09:01.718418
71774160,bf996092-8d66-408a-8d8e-5065ca3330c2,f6ab14eb-1a66-4ea5-8a0f-0afbda444403,f6ab14eb-1a66-4ea5-8a0f-0afbda444403,urn:acs.rfis:rfi:f6ab14eb-1a66-4ea5-8a0f-0afbda444403/d3a76424-f074-4c44-8407-32ea935f177a,531853882,group,2025-08-20 10:09:01.718419
71774161,bf996092-8d66-408a-8d8e-5065ca3330c2,f6ab14eb-1a66-4ea5-8a0f-0afbda444403,f6ab14eb-1a66-4ea5-8a0f-0afbda444403,urn:acs.rfis:rfi:f6ab14eb-1a66-4ea5-8a0f-0afbda444403/d3a76424-f074-4c44-8407-32ea935f177a,531853888,group,2025-08-20 10:09:01.71842
71774162,bf996092-8d66-408a-8d8e-5065ca3330c2,f6ab14eb-1a66-4ea5-8a0f-0afbda444403,f6ab14eb-1a66-4ea5-8a0f-0afbda444403,urn:acs.rfis:rfi:f6ab14eb-1a66-4ea5-8a0f-0afbda444403/d3a76424-f074-4c44-8407-32ea935f177a,531853884,group,2025-08-20 10:09:01.718421
71774163,bf996092-8d66-408a-8d8e-5065ca3330c2,f6ab14eb-1a66-4ea5-8a0f-0afbda444403,f6ab14eb-1a66-4ea5-8a0f-0afbda444403,urn:acs.rfis:rfi:f6ab14eb-1a66-4ea5-8a0f-0afbda444403/d3a76424-f074-4c44-8407-32ea935f177a,531853881,group,2025-08-20 10:09:01.718421
71774164,bf996092-8d66-408a-8d8e-5065ca3330c2,f6ab14eb-1a66-4ea5-8a0f-0afbda444403,f6ab14eb-1a66-4ea5-8a0f-0afbda444403,urn:acs.rfis:rfi:f6ab14eb-1a66-4ea5-8a0f-0afbda444403/d3a76424-f074-4c44-8407-32ea935f177a,531853873,group,2025-08-20 10:09:01.718423
71774165,bf996092-8d66-408a-8d8e-5065ca3330c2,f6ab14eb-1a66-4ea5-8a0f-0afbda444403,f6ab14eb-1a66-4ea5-8a0f-0afbda444403,urn:acs.rfis:rfi:f6ab14eb-1a66-4ea5-8a0f-0afbda444403/d3a76424-f074-4c44-8407-32ea935f177a,531853887,group,2025-08-20 10:09:01.718424
71774166,bf996092-8d66-408a-8d8e-5065ca3330c2,f6ab14eb-1a66-4ea5-8a0f-0afbda444403,f6ab14eb-1a66-4ea5-8a0f-0afbda444403,urn:acs.rfis:rfi:f6ab14eb-1a66-4ea5-8a0f-0afbda444403/d3a76424-f074-4c44-8407-32ea935f177a,531853870,group,2025-08-20 10:09:01.718425
71774167,bf996092-8d66-408a-8d8e-5065ca3330c2,f6ab14eb-1a66-4ea5-8a0f-0afbda444403,f6ab14eb-1a66-4ea5-8a0f-0afbda444403,urn:acs.rfis:rfi:f6ab14eb-1a66-4ea5-8a0f-0afbda444403/d3a76424-f074-4c44-8407-32ea935f177a,531853889,group,2025-08-20 10:09:01.718425
71774168,bf996092-8d66-408a-8d8e-5065ca3330c2,f6ab14eb-1a66-4ea5-8a0f-0afbda444403,f6ab14eb-1a66-4ea5-8a0f-0afbda444403,urn:acs.rfis:rfi:f6ab14eb-1a66-4ea5-8a0f-0afbda444403/d3a76424-f074-4c44-8407-32ea935f177a,531853910,group,2025-08-20 10:09:01.718427
71774169,bf996092-8d66-408a-8d8e-5065ca3330c2,f6ab14eb-1a66-4ea5-8a0f-0afbda444403,f6ab14eb-1a66-4ea5-8a0f-0afbda444403,urn:acs.rfis:rfi:f6ab14eb-1a66-4ea5-8a0f-0afbda444403/d3a76424-f074-4c44-8407-32ea935f177a,541450738,group,2025-08-20 10:09:01.718427
71774172,bf996092-8d66-408a-8d8e-5065ca3330c2,f6ab14eb-1a66-4ea5-8a0f-0afbda444403,f6ab14eb-1a66-4ea5-8a0f-0afbda444403,urn:acs.rfis:rfi:f6ab14eb-1a66-4ea5-8a0f-0afbda444403/93b819ae-26c5-487f-a2b0-b427c708493d,FXYJ2FJQL3UMY6KM,user,2025-08-20 10:10:03.75679
71774173,bf996092-8d66-408a-8d8e-5065ca3330c2,f6ab14eb-1a66-4ea5-8a0f-0afbda444403,f6ab14eb-1a66-4ea5-8a0f-0afbda444403,urn:acs.rfis:rfi:f6ab14eb-1a66-4ea5-8a0f-0afbda444403/93b819ae-26c5-487f-a2b0-b427c708493d,G5LJ2CH9PRAMRT7X,user,2025-08-20 10:10:03.756793
71774175,bf996092-8d66-408a-8d8e-5065ca3330c2,f6ab14eb-1a66-4ea5-8a0f-0afbda444403,f6ab14eb-1a66-4ea5-8a0f-0afbda444403,urn:acs.rfis:rfi:f6ab14eb-1a66-4ea5-8a0f-0afbda444403/93b819ae-26c5-487f-a2b0-b427c708493d,531853829,group,2025-08-20 10:10:03.756795
71774176,bf996092-8d66-408a-8d8e-5065ca3330c2,f6ab14eb-1a66-4ea5-8a0f-0afbda444403,f6ab14eb-1a66-4ea5-8a0f-0afbda444403,urn:acs.rfis:rfi:f6ab14eb-1a66-4ea5-8a0f-0afbda444403/93b819ae-26c5-487f-a2b0-b427c708493d,531853846,group,2025-08-20 10:10:03.756796
71774177,bf996092-8d66-408a-8d8e-5065ca3330c2,f6ab14eb-1a66-4ea5-8a0f-0afbda444403,f6ab14eb-1a66-4ea5-8a0f-0afbda444403,urn:acs.rfis:rfi:f6ab14eb-1a66-4ea5-8a0f-0afbda444403/93b819ae-26c5-487f-a2b0-b427c708493d,531853851,group,2025-08-20 10:10:03.756797
71774178,bf996092-8d66-408a-8d8e-5065ca3330c2,f6ab14eb-1a66-4ea5-8a0f-0afbda444403,f6ab14eb-1a66-4ea5-8a0f-0afbda444403,urn:acs.rfis:rfi:f6ab14eb-1a66-4ea5-8a0f-0afbda444403/93b819ae-26c5-487f-a2b0-b427c708493d,NXBJU9KZRN2LR6EX,user,2025-08-20 10:10:03.756798
71774179,bf996092-8d66-408a-8d8e-5065ca3330c2,f6ab14eb-1a66-4ea5-8a0f-0afbda444403,f6ab14eb-1a66-4ea5-8a0f-0afbda444403,urn:acs.rfis:rfi:f6ab14eb-1a66-4ea5-8a0f-0afbda444403/93b819ae-26c5-487f-a2b0-b427c708493d,56E2WKNZLVXE6PJS,user,2025-08-20 10:10:03.756799
71774180,bf996092-8d66-408a-8d8e-5065ca3330c2,f6ab14eb-1a66-4ea5-8a0f-0afbda444403,f6ab14eb-1a66-4ea5-8a0f-0afbda444403,urn:acs.rfis:rfi:f6ab14eb-1a66-4ea5-8a0f-0afbda444403/93b819ae-26c5-487f-a2b0-b427c708493d,4UJ23BUBLD77JPG2,user,2025-08-20 10:10:03.7568
71774181,bf996092-8d66-408a-8d8e-5065ca3330c2,f6ab14eb-1a66-4ea5-8a0f-0afbda444403,f6ab14eb-1a66-4ea5-8a0f-0afbda444403,urn:acs.rfis:rfi:f6ab14eb-1a66-4ea5-8a0f-0afbda444403/93b819ae-26c5-487f-a2b0-b427c708493d,531853798,group,2025-08-20 10:10:03.756801
71774217,bf996092-8d66-408a-8d8e-5065ca3330c2,f6ab14eb-1a66-4ea5-8a0f-0afbda444403,f6ab14eb-1a66-4ea5-8a0f-0afbda444403,urn:acs.rfis:rfi:f6ab14eb-1a66-4ea5-8a0f-0afbda444403/93b819ae-26c5-487f-a2b0-b427c708493d,ACNJW4H2RJFR53AV,user,2025-08-20 10:10:03.756838
71774480,bf996092-8d66-408a-8d8e-5065ca3330c2,967e785d-d83c-490b-8d6a-2ed926c956ac,967e785d-d83c-490b-8d6a-2ed926c956ac,urn:acs.rfis:rfi:967e785d-d83c-490b-8d6a-2ed926c956ac/3cc85ced-2c3b-4bca-8a97-9986d0a7e360,501949007,group,2025-08-20 10:25:25.84399
72280904,bf996092-8d66-408a-8d8e-5065ca3330c2,967e785d-d83c-490b-8d6a-2ed926c956ac,967e785d-d83c-490b-8d6a-2ed926c956ac,urn:acs.rfis:rfi:967e785d-d83c-490b-8d6a-2ed926c956ac/10cd0dbf-d97b-447a-965e-0eb1519625be,U8Q2F3P4M3PWWQXF,user,2025-08-27 09:37:26.304279
72280905,bf996092-8d66-408a-8d8e-5065ca3330c2,967e785d-d83c-490b-8d6a-2ed926c956ac,967e785d-d83c-490b-8d6a-2ed926c956ac,urn:acs.rfis:rfi:967e785d-d83c-490b-8d6a-2ed926c956ac/10cd0dbf-d97b-447a-965e-0eb1519625be,67E2T63RRMUGH3NG,user,2025-08-27 09:37:26.304283
72280906,bf996092-8d66-408a-8d8e-5065ca3330c2,967e785d-d83c-490b-8d6a-2ed926c956ac,967e785d-d83c-490b-8d6a-2ed926c956ac,urn:acs.rfis:rfi:967e785d-d83c-490b-8d6a-2ed926c956ac/10cd0dbf-d97b-447a-965e-0eb1519625be,501949038,group,2025-08-27 09:37:26.304284
72280907,bf996092-8d66-408a-8d8e-5065ca3330c2,967e785d-d83c-490b-8d6a-2ed926c956ac,967e785d-d83c-490b-8d6a-2ed926c956ac,urn:acs.rfis:rfi:967e785d-d83c-490b-8d6a-2ed926c956ac/10cd0dbf-d97b-447a-965e-0eb1519625be,501949062,group,2025-08-27 09:37:26.304285
72280908,bf996092-8d66-408a-8d8e-5065ca3330c2,967e785d-d83c-490b-8d6a-2ed926c956ac,967e785d-d83c-490b-8d6a-2ed926c956ac,urn:acs.rfis:rfi:967e785d-d83c-490b-8d6a-2ed926c956ac/10cd0dbf-d97b-447a-965e-0eb1519625be,501949065,group,2025-08-27 09:37:26.304286
72280909,bf996092-8d66-408a-8d8e-5065ca3330c2,967e785d-d83c-490b-8d6a-2ed926c956ac,967e785d-d83c-490b-8d6a-2ed926c956ac,urn:acs.rfis:rfi:967e785d-d83c-490b-8d6a-2ed926c956ac/10cd0dbf-d97b-447a-965e-0eb1519625be,501949067,group,2025-08-27 09:37:26.304287
72280910,bf996092-8d66-408a-8d8e-5065ca3330c2,967e785d-d83c-490b-8d6a-2ed926c956ac,967e785d-d83c-490b-8d6a-2ed926c956ac,urn:acs.rfis:rfi:967e785d-d83c-490b-8d6a-2ed926c956ac/10cd0dbf-d97b-447a-965e-0eb1519625be,501949075,group,2025-08-27 09:37:26.304288
72280911,bf996092-8d66-408a-8d8e-5065ca3330c2,967e785d-d83c-490b-8d6a-2ed926c956ac,967e785d-d83c-490b-8d6a-2ed926c956ac,urn:acs.rfis:rfi:967e785d-d83c-490b-8d6a-2ed926c956ac/10cd0dbf-d97b-447a-965e-0eb1519625be,501949064,group,2025-08-27 09:37:26.304289
72280912,bf996092-8d66-408a-8d8e-5065ca3330c2,967e785d-d83c-490b-8d6a-2ed926c956ac,967e785d-d83c-490b-8d6a-2ed926c956ac,urn:acs.rfis:rfi:967e785d-d83c-490b-8d6a-2ed926c956ac/10cd0dbf-d97b-447a-965e-0eb1519625be,501949076,group,2025-08-27 09:37:26.30429
72280913,bf996092-8d66-408a-8d8e-5065ca3330c2,967e785d-d83c-490b-8d6a-2ed926c956ac,967e785d-d83c-490b-8d6a-2ed926c956ac,urn:acs.rfis:rfi:967e785d-d83c-490b-8d6a-2ed926c956ac/10cd0dbf-d97b-447a-965e-0eb1519625be,501949068,group,2025-08-27 09:37:26.304291
72280914,bf996092-8d66-408a-8d8e-5065ca3330c2,967e785d-d83c-490b-8d6a-2ed926c956ac,967e785d-d83c-490b-8d6a-2ed926c956ac,urn:acs.rfis:rfi:967e785d-d83c-490b-8d6a-2ed926c956ac/10cd0dbf-d97b-447a-965e-0eb1519625be,CMJ2N3U8MSMRM8ZA,user,2025-08-27 09:37:26.304292
72280915,bf996092-8d66-408a-8d8e-5065ca3330c2,967e785d-d83c-490b-8d6a-2ed926c956ac,967e785d-d83c-490b-8d6a-2ed926c956ac,urn:acs.rfis:rfi:967e785d-d83c-490b-8d6a-2ed926c956ac/10cd0dbf-d97b-447a-965e-0eb1519625be,C6Z2RETEN3MN8XZF,user,2025-08-27 09:37:26.304293
72280916,bf996092-8d66-408a-8d8e-5065ca3330c2,967e785d-d83c-490b-8d6a-2ed926c956ac,967e785d-d83c-490b-8d6a-2ed926c956ac,urn:acs.rfis:rfi:967e785d-d83c-490b-8d6a-2ed926c956ac/10cd0dbf-d97b-447a-965e-0eb1519625be,VYKJ7GRWMX37AKTY,user,2025-08-27 09:37:26.304293
72280917,bf996092-8d66-408a-8d8e-5065ca3330c2,967e785d-d83c-490b-8d6a-2ed926c956ac,967e785d-d83c-490b-8d6a-2ed926c956ac,urn:acs.rfis:rfi:967e785d-d83c-490b-8d6a-2ed926c956ac/10cd0dbf-d97b-447a-965e-0eb1519625be,D5ZKMDH5JP7L,user,2025-08-27 09:37:26.304294
72280918,bf996092-8d66-408a-8d8e-5065ca3330c2,967e785d-d83c-490b-8d6a-2ed926c956ac,967e785d-d83c-490b-8d6a-2ed926c956ac,urn:acs.rfis:rfi:967e785d-d83c-490b-8d6a-2ed926c956ac/10cd0dbf-d97b-447a-965e-0eb1519625be,KDBLMPH5JM9X,user,2025-08-27 09:37:26.304295
72280919,bf996092-8d66-408a-8d8e-5065ca3330c2,967e785d-d83c-490b-8d6a-2ed926c956ac,967e785d-d83c-490b-8d6a-2ed926c956ac,urn:acs.rfis:rfi:967e785d-d83c-490b-8d6a-2ed926c956ac/10cd0dbf-d97b-447a-965e-0eb1519625be,DQ72WAMCK3PT3T58,user,2025-08-27 09:37:26.304296
72280920,bf996092-8d66-408a-8d8e-5065ca3330c2,967e785d-d83c-490b-8d6a-2ed926c956ac,967e785d-d83c-490b-8d6a-2ed926c956ac,urn:acs.rfis:rfi:967e785d-d83c-490b-8d6a-2ed926c956ac/10cd0dbf-d97b-447a-965e-0eb1519625be,Y2W2RXA2P4MPP325,user,2025-08-27 09:37:26.304297
72280921,bf996092-8d66-408a-8d8e-5065ca3330c2,967e785d-d83c-490b-8d6a-2ed926c956ac,967e785d-d83c-490b-8d6a-2ed926c956ac,urn:acs.rfis:rfi:967e785d-d83c-490b-8d6a-2ed926c956ac/10cd0dbf-d97b-447a-965e-0eb1519625be,501949008,group,2025-08-27 09:37:26.304298
72280922,bf996092-8d66-408a-8d8e-5065ca3330c2,967e785d-d83c-490b-8d6a-2ed926c956ac,967e785d-d83c-490b-8d6a-2ed926c956ac,urn:acs.rfis:rfi:967e785d-d83c-490b-8d6a-2ed926c956ac/10cd0dbf-d97b-447a-965e-0eb1519625be,S762NMGBKUB423MM,user,2025-08-27 09:37:26.304299
72280923,bf996092-8d66-408a-8d8e-5065ca3330c2,967e785d-d83c-490b-8d6a-2ed926c956ac,967e785d-d83c-490b-8d6a-2ed926c956ac,urn:acs.rfis:rfi:967e785d-d83c-490b-8d6a-2ed926c956ac/10cd0dbf-d97b-447a-965e-0eb1519625be,501949122,group,2025-08-27 09:37:26.3043
72280924,bf996092-8d66-408a-8d8e-5065ca3330c2,967e785d-d83c-490b-8d6a-2ed926c956ac,967e785d-d83c-490b-8d6a-2ed926c956ac,urn:acs.rfis:rfi:967e785d-d83c-490b-8d6a-2ed926c956ac/10cd0dbf-d97b-447a-965e-0eb1519625be,501949120,group,2025-08-27 09:37:26.304301
72280925,bf996092-8d66-408a-8d8e-5065ca3330c2,967e785d-d83c-490b-8d6a-2ed926c956ac,967e785d-d83c-490b-8d6a-2ed926c956ac,urn:acs.rfis:rfi:967e785d-d83c-490b-8d6a-2ed926c956ac/10cd0dbf-d97b-447a-965e-0eb1519625be,501949118,group,2025-08-27 09:37:26.304302
72280926,bf996092-8d66-408a-8d8e-5065ca3330c2,967e785d-d83c-490b-8d6a-2ed926c956ac,967e785d-d83c-490b-8d6a-2ed926c956ac,urn:acs.rfis:rfi:967e785d-d83c-490b-8d6a-2ed926c956ac/10cd0dbf-d97b-447a-965e-0eb1519625be,501949054,group,2025-08-27 09:37:26.304303
72280927,bf996092-8d66-408a-8d8e-5065ca3330c2,967e785d-d83c-490b-8d6a-2ed926c956ac,967e785d-d83c-490b-8d6a-2ed926c956ac,urn:acs.rfis:rfi:967e785d-d83c-490b-8d6a-2ed926c956ac/10cd0dbf-d97b-447a-965e-0eb1519625be,501949086,group,2025-08-27 09:37:26.304304
72280928,bf996092-8d66-408a-8d8e-5065ca3330c2,967e785d-d83c-490b-8d6a-2ed926c956ac,967e785d-d83c-490b-8d6a-2ed926c956ac,urn:acs.rfis:rfi:967e785d-d83c-490b-8d6a-2ed926c956ac/10cd0dbf-d97b-447a-965e-0eb1519625be,501949084,group,2025-08-27 09:37:26.304305
72280929,bf996092-8d66-408a-8d8e-5065ca3330c2,967e785d-d83c-490b-8d6a-2ed926c956ac,967e785d-d83c-490b-8d6a-2ed926c956ac,urn:acs.rfis:rfi:967e785d-d83c-490b-8d6a-2ed926c956ac/10cd0dbf-d97b-447a-965e-0eb1519625be,501949088,group,2025-08-27 09:37:26.304306
72280930,bf996092-8d66-408a-8d8e-5065ca3330c2,967e785d-d83c-490b-8d6a-2ed926c956ac,967e785d-d83c-490b-8d6a-2ed926c956ac,urn:acs.rfis:rfi:967e785d-d83c-490b-8d6a-2ed926c956ac/10cd0dbf-d97b-447a-965e-0eb1519625be,501949089,group,2025-08-27 09:37:26.304307
72280931,bf996092-8d66-408a-8d8e-5065ca3330c2,967e785d-d83c-490b-8d6a-2ed926c956ac,967e785d-d83c-490b-8d6a-2ed926c956ac,urn:acs.rfis:rfi:967e785d-d83c-490b-8d6a-2ed926c956ac/10cd0dbf-d97b-447a-965e-0eb1519625be,501949091,group,2025-08-27 09:37:26.304308
72280932,bf996092-8d66-408a-8d8e-5065ca3330c2,967e785d-d83c-490b-8d6a-2ed926c956ac,967e785d-d83c-490b-8d6a-2ed926c956ac,urn:acs.rfis:rfi:967e785d-d83c-490b-8d6a-2ed926c956ac/10cd0dbf-d97b-447a-965e-0eb1519625be,501949085,group,2025-08-27 09:37:26.304309
72280933,bf996092-8d66-408a-8d8e-5065ca3330c2,967e785d-d83c-490b-8d6a-2ed926c956ac,967e785d-d83c-490b-8d6a-2ed926c956ac,urn:acs.rfis:rfi:967e785d-d83c-490b-8d6a-2ed926c956ac/10cd0dbf-d97b-447a-965e-0eb1519625be,501949090,group,2025-08-27 09:37:26.30431
72280934,bf996092-8d66-408a-8d8e-5065ca3330c2,967e785d-d83c-490b-8d6a-2ed926c956ac,967e785d-d83c-490b-8d6a-2ed926c956ac,urn:acs.rfis:rfi:967e785d-d83c-490b-8d6a-2ed926c956ac/10cd0dbf-d97b-447a-965e-0eb1519625be,501949119,group,2025-08-27 09:37:26.304311
72280935,bf996092-8d66-408a-8d8e-5065ca3330c2,967e785d-d83c-490b-8d6a-2ed926c956ac,967e785d-d83c-490b-8d6a-2ed926c956ac,urn:acs.rfis:rfi:967e785d-d83c-490b-8d6a-2ed926c956ac/10cd0dbf-d97b-447a-965e-0eb1519625be,501949108,group,2025-08-27 09:37:26.304312
72280936,bf996092-8d66-408a-8d8e-5065ca3330c2,967e785d-d83c-490b-8d6a-2ed926c956ac,967e785d-d83c-490b-8d6a-2ed926c956ac,urn:acs.rfis:rfi:967e785d-d83c-490b-8d6a-2ed926c956ac/10cd0dbf-d97b-447a-965e-0eb1519625be,501949087,group,2025-08-27 09:37:26.304313
72280937,bf996092-8d66-408a-8d8e-5065ca3330c2,967e785d-d83c-490b-8d6a-2ed926c956ac,967e785d-d83c-490b-8d6a-2ed926c956ac,urn:acs.rfis:rfi:967e785d-d83c-490b-8d6a-2ed926c956ac/10cd0dbf-d97b-447a-965e-0eb1519625be,501949109,group,2025-08-27 09:37:26.304314
72280938,bf996092-8d66-408a-8d8e-5065ca3330c2,967e785d-d83c-490b-8d6a-2ed926c956ac,967e785d-d83c-490b-8d6a-2ed926c956ac,urn:acs.rfis:rfi:967e785d-d83c-490b-8d6a-2ed926c956ac/10cd0dbf-d97b-447a-965e-0eb1519625be,501949092,group,2025-08-27 09:37:26.304315
72280939,bf996092-8d66-408a-8d8e-5065ca3330c2,967e785d-d83c-490b-8d6a-2ed926c956ac,967e785d-d83c-490b-8d6a-2ed926c956ac,urn:acs.rfis:rfi:967e785d-d83c-490b-8d6a-2ed926c956ac/10cd0dbf-d97b-447a-965e-0eb1519625be,540120775,group,2025-08-27 09:37:26.304316
72280940,bf996092-8d66-408a-8d8e-5065ca3330c2,967e785d-d83c-490b-8d6a-2ed926c956ac,967e785d-d83c-490b-8d6a-2ed926c956ac,urn:acs.rfis:rfi:967e785d-d83c-490b-8d6a-2ed926c956ac/10cd0dbf-d97b-447a-965e-0eb1519625be,501949045,group,2025-08-27 09:37:26.304317
72280941,bf996092-8d66-408a-8d8e-5065ca3330c2,967e785d-d83c-490b-8d6a-2ed926c956ac,967e785d-d83c-490b-8d6a-2ed926c956ac,urn:acs.rfis:rfi:967e785d-d83c-490b-8d6a-2ed926c956ac/10cd0dbf-d97b-447a-965e-0eb1519625be,501949039,group,2025-08-27 09:37:26.304318
72280942,bf996092-8d66-408a-8d8e-5065ca3330c2,967e785d-d83c-490b-8d6a-2ed926c956ac,967e785d-d83c-490b-8d6a-2ed926c956ac,urn:acs.rfis:rfi:967e785d-d83c-490b-8d6a-2ed926c956ac/10cd0dbf-d97b-447a-965e-0eb1519625be,501949041,group,2025-08-27 09:37:26.304319
72280943,bf996092-8d66-408a-8d8e-5065ca3330c2,967e785d-d83c-490b-8d6a-2ed926c956ac,967e785d-d83c-490b-8d6a-2ed926c956ac,urn:acs.rfis:rfi:967e785d-d83c-490b-8d6a-2ed926c956ac/10cd0dbf-d97b-447a-965e-0eb1519625be,501949040,group,2025-08-27 09:37:26.30432
72280944,bf996092-8d66-408a-8d8e-5065ca3330c2,967e785d-d83c-490b-8d6a-2ed926c956ac,967e785d-d83c-490b-8d6a-2ed926c956ac,urn:acs.rfis:rfi:967e785d-d83c-490b-8d6a-2ed926c956ac/10cd0dbf-d97b-447a-965e-0eb1519625be,501949057,group,2025-08-27 09:37:26.304321
72280945,bf996092-8d66-408a-8d8e-5065ca3330c2,967e785d-d83c-490b-8d6a-2ed926c956ac,967e785d-d83c-490b-8d6a-2ed926c956ac,urn:acs.rfis:rfi:967e785d-d83c-490b-8d6a-2ed926c956ac/10cd0dbf-d97b-447a-965e-0eb1519625be,501949037,group,2025-08-27 09:37:26.304322
72280946,bf996092-8d66-408a-8d8e-5065ca3330c2,967e785d-d83c-490b-8d6a-2ed926c956ac,967e785d-d83c-490b-8d6a-2ed926c956ac,urn:acs.rfis:rfi:967e785d-d83c-490b-8d6a-2ed926c956ac/10cd0dbf-d97b-447a-965e-0eb1519625be,501949043,group,2025-08-27 09:37:26.304322
72280947,bf996092-8d66-408a-8d8e-5065ca3330c2,967e785d-d83c-490b-8d6a-2ed926c956ac,967e785d-d83c-490b-8d6a-2ed926c956ac,urn:acs.rfis:rfi:967e785d-d83c-490b-8d6a-2ed926c956ac/10cd0dbf-d97b-447a-965e-0eb1519625be,501949035,group,2025-08-27 09:37:26.304323
72280948,bf996092-8d66-408a-8d8e-5065ca3330c2,967e785d-d83c-490b-8d6a-2ed926c956ac,967e785d-d83c-490b-8d6a-2ed926c956ac,urn:acs.rfis:rfi:967e785d-d83c-490b-8d6a-2ed926c956ac/10cd0dbf-d97b-447a-965e-0eb1519625be,501949044,group,2025-08-27 09:37:26.304324
72280949,bf996092-8d66-408a-8d8e-5065ca3330c2,967e785d-d83c-490b-8d6a-2ed926c956ac,967e785d-d83c-490b-8d6a-2ed926c956ac,urn:acs.rfis:rfi:967e785d-d83c-490b-8d6a-2ed926c956ac/10cd0dbf-d97b-447a-965e-0eb1519625be,501949042,group,2025-08-27 09:37:26.304325
72280950,bf996092-8d66-408a-8d8e-5065ca3330c2,967e785d-d83c-490b-8d6a-2ed926c956ac,967e785d-d83c-490b-8d6a-2ed926c956ac,urn:acs.rfis:rfi:967e785d-d83c-490b-8d6a-2ed926c956ac/10cd0dbf-d97b-447a-965e-0eb1519625be,501949056,group,2025-08-27 09:37:26.304326
72280951,bf996092-8d66-408a-8d8e-5065ca3330c2,967e785d-d83c-490b-8d6a-2ed926c956ac,967e785d-d83c-490b-8d6a-2ed926c956ac,urn:acs.rfis:rfi:967e785d-d83c-490b-8d6a-2ed926c956ac/10cd0dbf-d97b-447a-965e-0eb1519625be,501949047,group,2025-08-27 09:37:26.304327
72280952,bf996092-8d66-408a-8d8e-5065ca3330c2,967e785d-d83c-490b-8d6a-2ed926c956ac,967e785d-d83c-490b-8d6a-2ed926c956ac,urn:acs.rfis:rfi:967e785d-d83c-490b-8d6a-2ed926c956ac/10cd0dbf-d97b-447a-965e-0eb1519625be,501949036,group,2025-08-27 09:37:26.304328
72280953,bf996092-8d66-408a-8d8e-5065ca3330c2,967e785d-d83c-490b-8d6a-2ed926c956ac,967e785d-d83c-490b-8d6a-2ed926c956ac,urn:acs.rfis:rfi:967e785d-d83c-490b-8d6a-2ed926c956ac/10cd0dbf-d97b-447a-965e-0eb1519625be,530564645,group,2025-08-27 09:37:26.304329
72280954,bf996092-8d66-408a-8d8e-5065ca3330c2,967e785d-d83c-490b-8d6a-2ed926c956ac,967e785d-d83c-490b-8d6a-2ed926c956ac,urn:acs.rfis:rfi:967e785d-d83c-490b-8d6a-2ed926c956ac/10cd0dbf-d97b-447a-965e-0eb1519625be,524176499,group,2025-08-27 09:37:26.30433
72280955,bf996092-8d66-408a-8d8e-5065ca3330c2,967e785d-d83c-490b-8d6a-2ed926c956ac,967e785d-d83c-490b-8d6a-2ed926c956ac,urn:acs.rfis:rfi:967e785d-d83c-490b-8d6a-2ed926c956ac/10cd0dbf-d97b-447a-965e-0eb1519625be,G5LJ2CH9PRAMRT7X,user,2025-08-27 09:37:26.304331
72381827,bf996092-8d66-408a-8d8e-5065ca3330c2,967e785d-d83c-490b-8d6a-2ed926c956ac,967e785d-d83c-490b-8d6a-2ed926c956ac,urn:acs.rfis:rfi:967e785d-d83c-490b-8d6a-2ed926c956ac/974dd3ab-d863-4dad-b8cd-6daac1016478,501949007,group,2025-08-28 05:46:25.949302
72427781,bf996092-8d66-408a-8d8e-5065ca3330c2,967e785d-d83c-490b-8d6a-2ed926c956ac,967e785d-d83c-490b-8d6a-2ed926c956ac,urn:acs.rfis:rfi:967e785d-d83c-490b-8d6a-2ed926c956ac/4cb013ec-5359-46ee-b519-677387263db1,MXG2L5VEMSKN8SVN,user,2025-08-28 16:19:30.611954
72427782,bf996092-8d66-408a-8d8e-5065ca3330c2,967e785d-d83c-490b-8d6a-2ed926c956ac,967e785d-d83c-490b-8d6a-2ed926c956ac,urn:acs.rfis:rfi:967e785d-d83c-490b-8d6a-2ed926c956ac/4cb013ec-5359-46ee-b519-677387263db1,S762NMGBKUB423MM,user,2025-08-28 16:19:30.611957
72427783,bf996092-8d66-408a-8d8e-5065ca3330c2,967e785d-d83c-490b-8d6a-2ed926c956ac,967e785d-d83c-490b-8d6a-2ed926c956ac,urn:acs.rfis:rfi:967e785d-d83c-490b-8d6a-2ed926c956ac/4cb013ec-5359-46ee-b519-677387263db1,U8Q2F3P4M3PWWQXF,user,2025-08-28 16:19:30.611959
72427784,bf996092-8d66-408a-8d8e-5065ca3330c2,967e785d-d83c-490b-8d6a-2ed926c956ac,967e785d-d83c-490b-8d6a-2ed926c956ac,urn:acs.rfis:rfi:967e785d-d83c-490b-8d6a-2ed926c956ac/4cb013ec-5359-46ee-b519-677387263db1,501949038,group,2025-08-28 16:19:30.61196
72427785,bf996092-8d66-408a-8d8e-5065ca3330c2,967e785d-d83c-490b-8d6a-2ed926c956ac,967e785d-d83c-490b-8d6a-2ed926c956ac,urn:acs.rfis:rfi:967e785d-d83c-490b-8d6a-2ed926c956ac/4cb013ec-5359-46ee-b519-677387263db1,501949062,group,2025-08-28 16:19:30.611961
72427786,bf996092-8d66-408a-8d8e-5065ca3330c2,967e785d-d83c-490b-8d6a-2ed926c956ac,967e785d-d83c-490b-8d6a-2ed926c956ac,urn:acs.rfis:rfi:967e785d-d83c-490b-8d6a-2ed926c956ac/4cb013ec-5359-46ee-b519-677387263db1,501949065,group,2025-08-28 16:19:30.611962
72427787,bf996092-8d66-408a-8d8e-5065ca3330c2,967e785d-d83c-490b-8d6a-2ed926c956ac,967e785d-d83c-490b-8d6a-2ed926c956ac,urn:acs.rfis:rfi:967e785d-d83c-490b-8d6a-2ed926c956ac/4cb013ec-5359-46ee-b519-677387263db1,501949067,group,2025-08-28 16:19:30.611963
72427788,bf996092-8d66-408a-8d8e-5065ca3330c2,967e785d-d83c-490b-8d6a-2ed926c956ac,967e785d-d83c-490b-8d6a-2ed926c956ac,urn:acs.rfis:rfi:967e785d-d83c-490b-8d6a-2ed926c956ac/4cb013ec-5359-46ee-b519-677387263db1,501949075,group,2025-08-28 16:19:30.611965
72427789,bf996092-8d66-408a-8d8e-5065ca3330c2,967e785d-d83c-490b-8d6a-2ed926c956ac,967e785d-d83c-490b-8d6a-2ed926c956ac,urn:acs.rfis:rfi:967e785d-d83c-490b-8d6a-2ed926c956ac/4cb013ec-5359-46ee-b519-677387263db1,501949064,group,2025-08-28 16:19:30.611966
72427790,bf996092-8d66-408a-8d8e-5065ca3330c2,967e785d-d83c-490b-8d6a-2ed926c956ac,967e785d-d83c-490b-8d6a-2ed926c956ac,urn:acs.rfis:rfi:967e785d-d83c-490b-8d6a-2ed926c956ac/4cb013ec-5359-46ee-b519-677387263db1,501949076,group,2025-08-28 16:19:30.611967
72427791,bf996092-8d66-408a-8d8e-5065ca3330c2,967e785d-d83c-490b-8d6a-2ed926c956ac,967e785d-d83c-490b-8d6a-2ed926c956ac,urn:acs.rfis:rfi:967e785d-d83c-490b-8d6a-2ed926c956ac/4cb013ec-5359-46ee-b519-677387263db1,501949068,group,2025-08-28 16:19:30.611968
72427792,bf996092-8d66-408a-8d8e-5065ca3330c2,967e785d-d83c-490b-8d6a-2ed926c956ac,967e785d-d83c-490b-8d6a-2ed926c956ac,urn:acs.rfis:rfi:967e785d-d83c-490b-8d6a-2ed926c956ac/4cb013ec-5359-46ee-b519-677387263db1,UQ72RJ7QKZSW8XTA,user,2025-08-28 16:19:30.611969
72427793,bf996092-8d66-408a-8d8e-5065ca3330c2,967e785d-d83c-490b-8d6a-2ed926c956ac,967e785d-d83c-490b-8d6a-2ed926c956ac,urn:acs.rfis:rfi:967e785d-d83c-490b-8d6a-2ed926c956ac/4cb013ec-5359-46ee-b519-677387263db1,VYKJ7GRWMX37AKTY,user,2025-08-28 16:19:30.61197
72427794,bf996092-8d66-408a-8d8e-5065ca3330c2,967e785d-d83c-490b-8d6a-2ed926c956ac,967e785d-d83c-490b-8d6a-2ed926c956ac,urn:acs.rfis:rfi:967e785d-d83c-490b-8d6a-2ed926c956ac/4cb013ec-5359-46ee-b519-677387263db1,KDBLMPH5JM9X,user,2025-08-28 16:19:30.611971
72427795,bf996092-8d66-408a-8d8e-5065ca3330c2,967e785d-d83c-490b-8d6a-2ed926c956ac,967e785d-d83c-490b-8d6a-2ed926c956ac,urn:acs.rfis:rfi:967e785d-d83c-490b-8d6a-2ed926c956ac/4cb013ec-5359-46ee-b519-677387263db1,DQ72WAMCK3PT3T58,user,2025-08-28 16:19:30.611972
72427796,bf996092-8d66-408a-8d8e-5065ca3330c2,967e785d-d83c-490b-8d6a-2ed926c956ac,967e785d-d83c-490b-8d6a-2ed926c956ac,urn:acs.rfis:rfi:967e785d-d83c-490b-8d6a-2ed926c956ac/4cb013ec-5359-46ee-b519-677387263db1,Y2W2RXA2P4MPP325,user,2025-08-28 16:19:30.611973
72427797,bf996092-8d66-408a-8d8e-5065ca3330c2,967e785d-d83c-490b-8d6a-2ed926c956ac,967e785d-d83c-490b-8d6a-2ed926c956ac,urn:acs.rfis:rfi:967e785d-d83c-490b-8d6a-2ed926c956ac/4cb013ec-5359-46ee-b519-677387263db1,501949008,group,2025-08-28 16:19:30.611974
72427798,bf996092-8d66-408a-8d8e-5065ca3330c2,967e785d-d83c-490b-8d6a-2ed926c956ac,967e785d-d83c-490b-8d6a-2ed926c956ac,urn:acs.rfis:rfi:967e785d-d83c-490b-8d6a-2ed926c956ac/4cb013ec-5359-46ee-b519-677387263db1,501949122,group,2025-08-28 16:19:30.611975
72427799,bf996092-8d66-408a-8d8e-5065ca3330c2,967e785d-d83c-490b-8d6a-2ed926c956ac,967e785d-d83c-490b-8d6a-2ed926c956ac,urn:acs.rfis:rfi:967e785d-d83c-490b-8d6a-2ed926c956ac/4cb013ec-5359-46ee-b519-677387263db1,501949120,group,2025-08-28 16:19:30.611976
72427800,bf996092-8d66-408a-8d8e-5065ca3330c2,967e785d-d83c-490b-8d6a-2ed926c956ac,967e785d-d83c-490b-8d6a-2ed926c956ac,urn:acs.rfis:rfi:967e785d-d83c-490b-8d6a-2ed926c956ac/4cb013ec-5359-46ee-b519-677387263db1,501949118,group,2025-08-28 16:19:30.611977
72427801,bf996092-8d66-408a-8d8e-5065ca3330c2,967e785d-d83c-490b-8d6a-2ed926c956ac,967e785d-d83c-490b-8d6a-2ed926c956ac,urn:acs.rfis:rfi:967e785d-d83c-490b-8d6a-2ed926c956ac/4cb013ec-5359-46ee-b519-677387263db1,501949054,group,2025-08-28 16:19:30.611978
72427802,bf996092-8d66-408a-8d8e-5065ca3330c2,967e785d-d83c-490b-8d6a-2ed926c956ac,967e785d-d83c-490b-8d6a-2ed926c956ac,urn:acs.rfis:rfi:967e785d-d83c-490b-8d6a-2ed926c956ac/4cb013ec-5359-46ee-b519-677387263db1,501949086,group,2025-08-28 16:19:30.611979
72427803,bf996092-8d66-408a-8d8e-5065ca3330c2,967e785d-d83c-490b-8d6a-2ed926c956ac,967e785d-d83c-490b-8d6a-2ed926c956ac,urn:acs.rfis:rfi:967e785d-d83c-490b-8d6a-2ed926c956ac/4cb013ec-5359-46ee-b519-677387263db1,501949084,group,2025-08-28 16:19:30.61198
72427804,bf996092-8d66-408a-8d8e-5065ca3330c2,967e785d-d83c-490b-8d6a-2ed926c956ac,967e785d-d83c-490b-8d6a-2ed926c956ac,urn:acs.rfis:rfi:967e785d-d83c-490b-8d6a-2ed926c956ac/4cb013ec-5359-46ee-b519-677387263db1,501949088,group,2025-08-28 16:19:30.611981
72427805,bf996092-8d66-408a-8d8e-5065ca3330c2,967e785d-d83c-490b-8d6a-2ed926c956ac,967e785d-d83c-490b-8d6a-2ed926c956ac,urn:acs.rfis:rfi:967e785d-d83c-490b-8d6a-2ed926c956ac/4cb013ec-5359-46ee-b519-677387263db1,501949089,group,2025-08-28 16:19:30.611982
72427806,bf996092-8d66-408a-8d8e-5065ca3330c2,967e785d-d83c-490b-8d6a-2ed926c956ac,967e785d-d83c-490b-8d6a-2ed926c956ac,urn:acs.rfis:rfi:967e785d-d83c-490b-8d6a-2ed926c956ac/4cb013ec-5359-46ee-b519-677387263db1,501949091,group,2025-08-28 16:19:30.611983
72427807,bf996092-8d66-408a-8d8e-5065ca3330c2,967e785d-d83c-490b-8d6a-2ed926c956ac,967e785d-d83c-490b-8d6a-2ed926c956ac,urn:acs.rfis:rfi:967e785d-d83c-490b-8d6a-2ed926c956ac/4cb013ec-5359-46ee-b519-677387263db1,501949085,group,2025-08-28 16:19:30.611984
72427808,bf996092-8d66-408a-8d8e-5065ca3330c2,967e785d-d83c-490b-8d6a-2ed926c956ac,967e785d-d83c-490b-8d6a-2ed926c956ac,urn:acs.rfis:rfi:967e785d-d83c-490b-8d6a-2ed926c956ac/4cb013ec-5359-46ee-b519-677387263db1,501949090,group,2025-08-28 16:19:30.611985
72427809,bf996092-8d66-408a-8d8e-5065ca3330c2,967e785d-d83c-490b-8d6a-2ed926c956ac,967e785d-d83c-490b-8d6a-2ed926c956ac,urn:acs.rfis:rfi:967e785d-d83c-490b-8d6a-2ed926c956ac/4cb013ec-5359-46ee-b519-677387263db1,501949119,group,2025-08-28 16:19:30.611986
72427810,bf996092-8d66-408a-8d8e-5065ca3330c2,967e785d-d83c-490b-8d6a-2ed926c956ac,967e785d-d83c-490b-8d6a-2ed926c956ac,urn:acs.rfis:rfi:967e785d-d83c-490b-8d6a-2ed926c956ac/4cb013ec-5359-46ee-b519-677387263db1,501949108,group,2025-08-28 16:19:30.611987
72427811,bf996092-8d66-408a-8d8e-5065ca3330c2,967e785d-d83c-490b-8d6a-2ed926c956ac,967e785d-d83c-490b-8d6a-2ed926c956ac,urn:acs.rfis:rfi:967e785d-d83c-490b-8d6a-2ed926c956ac/4cb013ec-5359-46ee-b519-677387263db1,501949087,group,2025-08-28 16:19:30.611988
72427812,bf996092-8d66-408a-8d8e-5065ca3330c2,967e785d-d83c-490b-8d6a-2ed926c956ac,967e785d-d83c-490b-8d6a-2ed926c956ac,urn:acs.rfis:rfi:967e785d-d83c-490b-8d6a-2ed926c956ac/4cb013ec-5359-46ee-b519-677387263db1,501949109,group,2025-08-28 16:19:30.611989
72427813,bf996092-8d66-408a-8d8e-5065ca3330c2,967e785d-d83c-490b-8d6a-2ed926c956ac,967e785d-d83c-490b-8d6a-2ed926c956ac,urn:acs.rfis:rfi:967e785d-d83c-490b-8d6a-2ed926c956ac/4cb013ec-5359-46ee-b519-677387263db1,501949092,group,2025-08-28 16:19:30.61199
72427814,bf996092-8d66-408a-8d8e-5065ca3330c2,967e785d-d83c-490b-8d6a-2ed926c956ac,967e785d-d83c-490b-8d6a-2ed926c956ac,urn:acs.rfis:rfi:967e785d-d83c-490b-8d6a-2ed926c956ac/4cb013ec-5359-46ee-b519-677387263db1,540120775,group,2025-08-28 16:19:30.611991
72427815,bf996092-8d66-408a-8d8e-5065ca3330c2,967e785d-d83c-490b-8d6a-2ed926c956ac,967e785d-d83c-490b-8d6a-2ed926c956ac,urn:acs.rfis:rfi:967e785d-d83c-490b-8d6a-2ed926c956ac/4cb013ec-5359-46ee-b519-677387263db1,67E2T63RRMUGH3NG,user,2025-08-28 16:19:30.611993
72427816,bf996092-8d66-408a-8d8e-5065ca3330c2,967e785d-d83c-490b-8d6a-2ed926c956ac,967e785d-d83c-490b-8d6a-2ed926c956ac,urn:acs.rfis:rfi:967e785d-d83c-490b-8d6a-2ed926c956ac/4cb013ec-5359-46ee-b519-677387263db1,501949045,group,2025-08-28 16:19:30.611994
72427817,bf996092-8d66-408a-8d8e-5065ca3330c2,967e785d-d83c-490b-8d6a-2ed926c956ac,967e785d-d83c-490b-8d6a-2ed926c956ac,urn:acs.rfis:rfi:967e785d-d83c-490b-8d6a-2ed926c956ac/4cb013ec-5359-46ee-b519-677387263db1,501949039,group,2025-08-28 16:19:30.611995
72427818,bf996092-8d66-408a-8d8e-5065ca3330c2,967e785d-d83c-490b-8d6a-2ed926c956ac,967e785d-d83c-490b-8d6a-2ed926c956ac,urn:acs.rfis:rfi:967e785d-d83c-490b-8d6a-2ed926c956ac/4cb013ec-5359-46ee-b519-677387263db1,501949041,group,2025-08-28 16:19:30.611996
72427819,bf996092-8d66-408a-8d8e-5065ca3330c2,967e785d-d83c-490b-8d6a-2ed926c956ac,967e785d-d83c-490b-8d6a-2ed926c956ac,urn:acs.rfis:rfi:967e785d-d83c-490b-8d6a-2ed926c956ac/4cb013ec-5359-46ee-b519-677387263db1,501949040,group,2025-08-28 16:19:30.611997
72427820,bf996092-8d66-408a-8d8e-5065ca3330c2,967e785d-d83c-490b-8d6a-2ed926c956ac,967e785d-d83c-490b-8d6a-2ed926c956ac,urn:acs.rfis:rfi:967e785d-d83c-490b-8d6a-2ed926c956ac/4cb013ec-5359-46ee-b519-677387263db1,501949057,group,2025-08-28 16:19:30.611998
72427821,bf996092-8d66-408a-8d8e-5065ca3330c2,967e785d-d83c-490b-8d6a-2ed926c956ac,967e785d-d83c-490b-8d6a-2ed926c956ac,urn:acs.rfis:rfi:967e785d-d83c-490b-8d6a-2ed926c956ac/4cb013ec-5359-46ee-b519-677387263db1,501949037,group,2025-08-28 16:19:30.611999
72427822,bf996092-8d66-408a-8d8e-5065ca3330c2,967e785d-d83c-490b-8d6a-2ed926c956ac,967e785d-d83c-490b-8d6a-2ed926c956ac,urn:acs.rfis:rfi:967e785d-d83c-490b-8d6a-2ed926c956ac/4cb013ec-5359-46ee-b519-677387263db1,501949043,group,2025-08-28 16:19:30.612
72427823,bf996092-8d66-408a-8d8e-5065ca3330c2,967e785d-d83c-490b-8d6a-2ed926c956ac,967e785d-d83c-490b-8d6a-2ed926c956ac,urn:acs.rfis:rfi:967e785d-d83c-490b-8d6a-2ed926c956ac/4cb013ec-5359-46ee-b519-677387263db1,501949035,group,2025-08-28 16:19:30.612001
72427824,bf996092-8d66-408a-8d8e-5065ca3330c2,967e785d-d83c-490b-8d6a-2ed926c956ac,967e785d-d83c-490b-8d6a-2ed926c956ac,urn:acs.rfis:rfi:967e785d-d83c-490b-8d6a-2ed926c956ac/4cb013ec-5359-46ee-b519-677387263db1,501949044,group,2025-08-28 16:19:30.612002
72427825,bf996092-8d66-408a-8d8e-5065ca3330c2,967e785d-d83c-490b-8d6a-2ed926c956ac,967e785d-d83c-490b-8d6a-2ed926c956ac,urn:acs.rfis:rfi:967e785d-d83c-490b-8d6a-2ed926c956ac/4cb013ec-5359-46ee-b519-677387263db1,501949042,group,2025-08-28 16:19:30.612003
72427826,bf996092-8d66-408a-8d8e-5065ca3330c2,967e785d-d83c-490b-8d6a-2ed926c956ac,967e785d-d83c-490b-8d6a-2ed926c956ac,urn:acs.rfis:rfi:967e785d-d83c-490b-8d6a-2ed926c956ac/4cb013ec-5359-46ee-b519-677387263db1,501949056,group,2025-08-28 16:19:30.612004
72427827,bf996092-8d66-408a-8d8e-5065ca3330c2,967e785d-d83c-490b-8d6a-2ed926c956ac,967e785d-d83c-490b-8d6a-2ed926c956ac,urn:acs.rfis:rfi:967e785d-d83c-490b-8d6a-2ed926c956ac/4cb013ec-5359-46ee-b519-677387263db1,501949047,group,2025-08-28 16:19:30.612005
72427828,bf996092-8d66-408a-8d8e-5065ca3330c2,967e785d-d83c-490b-8d6a-2ed926c956ac,967e785d-d83c-490b-8d6a-2ed926c956ac,urn:acs.rfis:rfi:967e785d-d83c-490b-8d6a-2ed926c956ac/4cb013ec-5359-46ee-b519-677387263db1,501949036,group,2025-08-28 16:19:30.612006
72427829,bf996092-8d66-408a-8d8e-5065ca3330c2,967e785d-d83c-490b-8d6a-2ed926c956ac,967e785d-d83c-490b-8d6a-2ed926c956ac,urn:acs.rfis:rfi:967e785d-d83c-490b-8d6a-2ed926c956ac/4cb013ec-5359-46ee-b519-677387263db1,530564645,group,2025-08-28 16:19:30.612007
72427830,bf996092-8d66-408a-8d8e-5065ca3330c2,967e785d-d83c-490b-8d6a-2ed926c956ac,967e785d-d83c-490b-8d6a-2ed926c956ac,urn:acs.rfis:rfi:967e785d-d83c-490b-8d6a-2ed926c956ac/4cb013ec-5359-46ee-b519-677387263db1,524176499,group,2025-08-28 16:19:30.612008
72427831,bf996092-8d66-408a-8d8e-5065ca3330c2,967e785d-d83c-490b-8d6a-2ed926c956ac,967e785d-d83c-490b-8d6a-2ed926c956ac,urn:acs.rfis:rfi:967e785d-d83c-490b-8d6a-2ed926c956ac/4cb013ec-5359-46ee-b519-677387263db1,G5LJ2CH9PRAMRT7X,user,2025-08-28 16:19:30.612009
71277326,bf996092-8d66-408a-8d8e-5065ca3330c2,f6ab14eb-1a66-4ea5-8a0f-0afbda444403,f6ab14eb-1a66-4ea5-8a0f-0afbda444403,urn:acs.rfis:rfi:f6ab14eb-1a66-4ea5-8a0f-0afbda444403/fe2169f5-b6cd-4241-b7a7-464aeb6ed752,541450407,group,2025-08-13 11:53:27.184619
71277327,bf996092-8d66-408a-8d8e-5065ca3330c2,f6ab14eb-1a66-4ea5-8a0f-0afbda444403,f6ab14eb-1a66-4ea5-8a0f-0afbda444403,urn:acs.rfis:rfi:f6ab14eb-1a66-4ea5-8a0f-0afbda444403/fe2169f5-b6cd-4241-b7a7-464aeb6ed752,531853832,group,2025-08-13 11:53:27.18462
71277328,bf996092-8d66-408a-8d8e-5065ca3330c2,f6ab14eb-1a66-4ea5-8a0f-0afbda444403,f6ab14eb-1a66-4ea5-8a0f-0afbda444403,urn:acs.rfis:rfi:f6ab14eb-1a66-4ea5-8a0f-0afbda444403/fe2169f5-b6cd-4241-b7a7-464aeb6ed752,531853841,group,2025-08-13 11:53:27.184621
71277329,bf996092-8d66-408a-8d8e-5065ca3330c2,f6ab14eb-1a66-4ea5-8a0f-0afbda444403,f6ab14eb-1a66-4ea5-8a0f-0afbda444403,urn:acs.rfis:rfi:f6ab14eb-1a66-4ea5-8a0f-0afbda444403/fe2169f5-b6cd-4241-b7a7-464aeb6ed752,531853839,group,2025-08-13 11:53:27.184622
71277330,bf996092-8d66-408a-8d8e-5065ca3330c2,f6ab14eb-1a66-4ea5-8a0f-0afbda444403,f6ab14eb-1a66-4ea5-8a0f-0afbda444403,urn:acs.rfis:rfi:f6ab14eb-1a66-4ea5-8a0f-0afbda444403/fe2169f5-b6cd-4241-b7a7-464aeb6ed752,531853837,group,2025-08-13 11:53:27.184623
71277331,bf996092-8d66-408a-8d8e-5065ca3330c2,f6ab14eb-1a66-4ea5-8a0f-0afbda444403,f6ab14eb-1a66-4ea5-8a0f-0afbda444403,urn:acs.rfis:rfi:f6ab14eb-1a66-4ea5-8a0f-0afbda444403/fe2169f5-b6cd-4241-b7a7-464aeb6ed752,531853842,group,2025-08-13 11:53:27.184624
71277332,bf996092-8d66-408a-8d8e-5065ca3330c2,f6ab14eb-1a66-4ea5-8a0f-0afbda444403,f6ab14eb-1a66-4ea5-8a0f-0afbda444403,urn:acs.rfis:rfi:f6ab14eb-1a66-4ea5-8a0f-0afbda444403/fe2169f5-b6cd-4241-b7a7-464aeb6ed752,531853838,group,2025-08-13 11:53:27.184625
71277333,bf996092-8d66-408a-8d8e-5065ca3330c2,f6ab14eb-1a66-4ea5-8a0f-0afbda444403,f6ab14eb-1a66-4ea5-8a0f-0afbda444403,urn:acs.rfis:rfi:f6ab14eb-1a66-4ea5-8a0f-0afbda444403/fe2169f5-b6cd-4241-b7a7-464aeb6ed752,531853840,group,2025-08-13 11:53:27.184626
71277334,bf996092-8d66-408a-8d8e-5065ca3330c2,f6ab14eb-1a66-4ea5-8a0f-0afbda444403,f6ab14eb-1a66-4ea5-8a0f-0afbda444403,urn:acs.rfis:rfi:f6ab14eb-1a66-4ea5-8a0f-0afbda444403/fe2169f5-b6cd-4241-b7a7-464aeb6ed752,541450919,group,2025-08-13 11:53:27.184627
71277335,bf996092-8d66-408a-8d8e-5065ca3330c2,f6ab14eb-1a66-4ea5-8a0f-0afbda444403,f6ab14eb-1a66-4ea5-8a0f-0afbda444403,urn:acs.rfis:rfi:f6ab14eb-1a66-4ea5-8a0f-0afbda444403/fe2169f5-b6cd-4241-b7a7-464aeb6ed752,531853827,group,2025-08-13 11:53:27.184628
71277336,bf996092-8d66-408a-8d8e-5065ca3330c2,f6ab14eb-1a66-4ea5-8a0f-0afbda444403,f6ab14eb-1a66-4ea5-8a0f-0afbda444403,urn:acs.rfis:rfi:f6ab14eb-1a66-4ea5-8a0f-0afbda444403/fe2169f5-b6cd-4241-b7a7-464aeb6ed752,531853845,group,2025-08-13 11:53:27.184629
71277337,bf996092-8d66-408a-8d8e-5065ca3330c2,f6ab14eb-1a66-4ea5-8a0f-0afbda444403,f6ab14eb-1a66-4ea5-8a0f-0afbda444403,urn:acs.rfis:rfi:f6ab14eb-1a66-4ea5-8a0f-0afbda444403/fe2169f5-b6cd-4241-b7a7-464aeb6ed752,531853831,group,2025-08-13 11:53:27.18463
71277338,bf996092-8d66-408a-8d8e-5065ca3330c2,f6ab14eb-1a66-4ea5-8a0f-0afbda444403,f6ab14eb-1a66-4ea5-8a0f-0afbda444403,urn:acs.rfis:rfi:f6ab14eb-1a66-4ea5-8a0f-0afbda444403/fe2169f5-b6cd-4241-b7a7-464aeb6ed752,531853843,group,2025-08-13 11:53:27.184631
71277339,bf996092-8d66-408a-8d8e-5065ca3330c2,f6ab14eb-1a66-4ea5-8a0f-0afbda444403,f6ab14eb-1a66-4ea5-8a0f-0afbda444403,urn:acs.rfis:rfi:f6ab14eb-1a66-4ea5-8a0f-0afbda444403/fe2169f5-b6cd-4241-b7a7-464aeb6ed752,531853848,group,2025-08-13 11:53:27.184632
71277340,bf996092-8d66-408a-8d8e-5065ca3330c2,f6ab14eb-1a66-4ea5-8a0f-0afbda444403,f6ab14eb-1a66-4ea5-8a0f-0afbda444403,urn:acs.rfis:rfi:f6ab14eb-1a66-4ea5-8a0f-0afbda444403/fe2169f5-b6cd-4241-b7a7-464aeb6ed752,531853830,group,2025-08-13 11:53:27.184633
71277341,bf996092-8d66-408a-8d8e-5065ca3330c2,f6ab14eb-1a66-4ea5-8a0f-0afbda444403,f6ab14eb-1a66-4ea5-8a0f-0afbda444403,urn:acs.rfis:rfi:f6ab14eb-1a66-4ea5-8a0f-0afbda444403/fe2169f5-b6cd-4241-b7a7-464aeb6ed752,541450081,group,2025-08-13 11:53:27.184634
71277342,bf996092-8d66-408a-8d8e-5065ca3330c2,f6ab14eb-1a66-4ea5-8a0f-0afbda444403,f6ab14eb-1a66-4ea5-8a0f-0afbda444403,urn:acs.rfis:rfi:f6ab14eb-1a66-4ea5-8a0f-0afbda444403/fe2169f5-b6cd-4241-b7a7-464aeb6ed752,531853844,group,2025-08-13 11:53:27.184635
71277343,bf996092-8d66-408a-8d8e-5065ca3330c2,f6ab14eb-1a66-4ea5-8a0f-0afbda444403,f6ab14eb-1a66-4ea5-8a0f-0afbda444403,urn:acs.rfis:rfi:f6ab14eb-1a66-4ea5-8a0f-0afbda444403/fe2169f5-b6cd-4241-b7a7-464aeb6ed752,531853916,group,2025-08-13 11:53:27.184636
71277344,bf996092-8d66-408a-8d8e-5065ca3330c2,f6ab14eb-1a66-4ea5-8a0f-0afbda444403,f6ab14eb-1a66-4ea5-8a0f-0afbda444403,urn:acs.rfis:rfi:f6ab14eb-1a66-4ea5-8a0f-0afbda444403/fe2169f5-b6cd-4241-b7a7-464aeb6ed752,531853922,group,2025-08-13 11:53:27.184637
71277345,bf996092-8d66-408a-8d8e-5065ca3330c2,f6ab14eb-1a66-4ea5-8a0f-0afbda444403,f6ab14eb-1a66-4ea5-8a0f-0afbda444403,urn:acs.rfis:rfi:f6ab14eb-1a66-4ea5-8a0f-0afbda444403/fe2169f5-b6cd-4241-b7a7-464aeb6ed752,531853856,group,2025-08-13 11:53:27.184638
71277346,bf996092-8d66-408a-8d8e-5065ca3330c2,f6ab14eb-1a66-4ea5-8a0f-0afbda444403,f6ab14eb-1a66-4ea5-8a0f-0afbda444403,urn:acs.rfis:rfi:f6ab14eb-1a66-4ea5-8a0f-0afbda444403/fe2169f5-b6cd-4241-b7a7-464aeb6ed752,531853904,group,2025-08-13 11:53:27.184639
71277347,bf996092-8d66-408a-8d8e-5065ca3330c2,f6ab14eb-1a66-4ea5-8a0f-0afbda444403,f6ab14eb-1a66-4ea5-8a0f-0afbda444403,urn:acs.rfis:rfi:f6ab14eb-1a66-4ea5-8a0f-0afbda444403/fe2169f5-b6cd-4241-b7a7-464aeb6ed752,531853919,group,2025-08-13 11:53:27.18464
71277348,bf996092-8d66-408a-8d8e-5065ca3330c2,f6ab14eb-1a66-4ea5-8a0f-0afbda444403,f6ab14eb-1a66-4ea5-8a0f-0afbda444403,urn:acs.rfis:rfi:f6ab14eb-1a66-4ea5-8a0f-0afbda444403/fe2169f5-b6cd-4241-b7a7-464aeb6ed752,531853918,group,2025-08-13 11:53:27.184641
71277349,bf996092-8d66-408a-8d8e-5065ca3330c2,f6ab14eb-1a66-4ea5-8a0f-0afbda444403,f6ab14eb-1a66-4ea5-8a0f-0afbda444403,urn:acs.rfis:rfi:f6ab14eb-1a66-4ea5-8a0f-0afbda444403/fe2169f5-b6cd-4241-b7a7-464aeb6ed752,531853886,group,2025-08-13 11:53:27.184642
71277350,bf996092-8d66-408a-8d8e-5065ca3330c2,f6ab14eb-1a66-4ea5-8a0f-0afbda444403,f6ab14eb-1a66-4ea5-8a0f-0afbda444403,urn:acs.rfis:rfi:f6ab14eb-1a66-4ea5-8a0f-0afbda444403/fe2169f5-b6cd-4241-b7a7-464aeb6ed752,531853882,group,2025-08-13 11:53:27.184642
71277351,bf996092-8d66-408a-8d8e-5065ca3330c2,f6ab14eb-1a66-4ea5-8a0f-0afbda444403,f6ab14eb-1a66-4ea5-8a0f-0afbda444403,urn:acs.rfis:rfi:f6ab14eb-1a66-4ea5-8a0f-0afbda444403/fe2169f5-b6cd-4241-b7a7-464aeb6ed752,531853888,group,2025-08-13 11:53:27.184643
71277352,bf996092-8d66-408a-8d8e-5065ca3330c2,f6ab14eb-1a66-4ea5-8a0f-0afbda444403,f6ab14eb-1a66-4ea5-8a0f-0afbda444403,urn:acs.rfis:rfi:f6ab14eb-1a66-4ea5-8a0f-0afbda444403/fe2169f5-b6cd-4241-b7a7-464aeb6ed752,531853884,group,2025-08-13 11:53:27.184644
71277353,bf996092-8d66-408a-8d8e-5065ca3330c2,f6ab14eb-1a66-4ea5-8a0f-0afbda444403,f6ab14eb-1a66-4ea5-8a0f-0afbda444403,urn:acs.rfis:rfi:f6ab14eb-1a66-4ea5-8a0f-0afbda444403/fe2169f5-b6cd-4241-b7a7-464aeb6ed752,531853881,group,2025-08-13 11:53:27.184645
71277354,bf996092-8d66-408a-8d8e-5065ca3330c2,f6ab14eb-1a66-4ea5-8a0f-0afbda444403,f6ab14eb-1a66-4ea5-8a0f-0afbda444403,urn:acs.rfis:rfi:f6ab14eb-1a66-4ea5-8a0f-0afbda444403/fe2169f5-b6cd-4241-b7a7-464aeb6ed752,531853873,group,2025-08-13 11:53:27.184646
71277355,bf996092-8d66-408a-8d8e-5065ca3330c2,f6ab14eb-1a66-4ea5-8a0f-0afbda444403,f6ab14eb-1a66-4ea5-8a0f-0afbda444403,urn:acs.rfis:rfi:f6ab14eb-1a66-4ea5-8a0f-0afbda444403/fe2169f5-b6cd-4241-b7a7-464aeb6ed752,531853887,group,2025-08-13 11:53:27.184647
71277356,bf996092-8d66-408a-8d8e-5065ca3330c2,f6ab14eb-1a66-4ea5-8a0f-0afbda444403,f6ab14eb-1a66-4ea5-8a0f-0afbda444403,urn:acs.rfis:rfi:f6ab14eb-1a66-4ea5-8a0f-0afbda444403/fe2169f5-b6cd-4241-b7a7-464aeb6ed752,531853870,group,2025-08-13 11:53:27.184648
71277357,bf996092-8d66-408a-8d8e-5065ca3330c2,f6ab14eb-1a66-4ea5-8a0f-0afbda444403,f6ab14eb-1a66-4ea5-8a0f-0afbda444403,urn:acs.rfis:rfi:f6ab14eb-1a66-4ea5-8a0f-0afbda444403/fe2169f5-b6cd-4241-b7a7-464aeb6ed752,531853889,group,2025-08-13 11:53:27.184649
71277358,bf996092-8d66-408a-8d8e-5065ca3330c2,f6ab14eb-1a66-4ea5-8a0f-0afbda444403,f6ab14eb-1a66-4ea5-8a0f-0afbda444403,urn:acs.rfis:rfi:f6ab14eb-1a66-4ea5-8a0f-0afbda444403/fe2169f5-b6cd-4241-b7a7-464aeb6ed752,531853910,group,2025-08-13 11:53:27.18465
71277359,bf996092-8d66-408a-8d8e-5065ca3330c2,f6ab14eb-1a66-4ea5-8a0f-0afbda444403,f6ab14eb-1a66-4ea5-8a0f-0afbda444403,urn:acs.rfis:rfi:f6ab14eb-1a66-4ea5-8a0f-0afbda444403/fe2169f5-b6cd-4241-b7a7-464aeb6ed752,541450738,group,2025-08-13 11:53:27.184651
71277360,bf996092-8d66-408a-8d8e-5065ca3330c2,f6ab14eb-1a66-4ea5-8a0f-0afbda444403,f6ab14eb-1a66-4ea5-8a0f-0afbda444403,urn:acs.rfis:rfi:f6ab14eb-1a66-4ea5-8a0f-0afbda444403/fe2169f5-b6cd-4241-b7a7-464aeb6ed752,D5ZKMDH5JP7L,user,2025-08-13 11:53:27.184652
71872127,bf996092-8d66-408a-8d8e-5065ca3330c2,967e785d-d83c-490b-8d6a-2ed926c956ac,967e785d-d83c-490b-8d6a-2ed926c956ac,urn:acs.rfis:rfi:967e785d-d83c-490b-8d6a-2ed926c956ac/974dd3ab-d863-4dad-b8cd-6daac1016478,501949008,group,2025-08-21 09:52:31.083563
71872128,bf996092-8d66-408a-8d8e-5065ca3330c2,967e785d-d83c-490b-8d6a-2ed926c956ac,967e785d-d83c-490b-8d6a-2ed926c956ac,urn:acs.rfis:rfi:967e785d-d83c-490b-8d6a-2ed926c956ac/974dd3ab-d863-4dad-b8cd-6daac1016478,501949038,group,2025-08-21 09:52:31.083568
71872129,bf996092-8d66-408a-8d8e-5065ca3330c2,967e785d-d83c-490b-8d6a-2ed926c956ac,967e785d-d83c-490b-8d6a-2ed926c956ac,urn:acs.rfis:rfi:967e785d-d83c-490b-8d6a-2ed926c956ac/974dd3ab-d863-4dad-b8cd-6daac1016478,501949062,group,2025-08-21 09:52:31.083569
71872130,bf996092-8d66-408a-8d8e-5065ca3330c2,967e785d-d83c-490b-8d6a-2ed926c956ac,967e785d-d83c-490b-8d6a-2ed926c956ac,urn:acs.rfis:rfi:967e785d-d83c-490b-8d6a-2ed926c956ac/974dd3ab-d863-4dad-b8cd-6daac1016478,501949065,group,2025-08-21 09:52:31.08357
71872131,bf996092-8d66-408a-8d8e-5065ca3330c2,967e785d-d83c-490b-8d6a-2ed926c956ac,967e785d-d83c-490b-8d6a-2ed926c956ac,urn:acs.rfis:rfi:967e785d-d83c-490b-8d6a-2ed926c956ac/974dd3ab-d863-4dad-b8cd-6daac1016478,501949067,group,2025-08-21 09:52:31.083571
71872132,bf996092-8d66-408a-8d8e-5065ca3330c2,967e785d-d83c-490b-8d6a-2ed926c956ac,967e785d-d83c-490b-8d6a-2ed926c956ac,urn:acs.rfis:rfi:967e785d-d83c-490b-8d6a-2ed926c956ac/974dd3ab-d863-4dad-b8cd-6daac1016478,501949075,group,2025-08-21 09:52:31.083572
71872133,bf996092-8d66-408a-8d8e-5065ca3330c2,967e785d-d83c-490b-8d6a-2ed926c956ac,967e785d-d83c-490b-8d6a-2ed926c956ac,urn:acs.rfis:rfi:967e785d-d83c-490b-8d6a-2ed926c956ac/974dd3ab-d863-4dad-b8cd-6daac1016478,501949064,group,2025-08-21 09:52:31.083573
71872134,bf996092-8d66-408a-8d8e-5065ca3330c2,967e785d-d83c-490b-8d6a-2ed926c956ac,967e785d-d83c-490b-8d6a-2ed926c956ac,urn:acs.rfis:rfi:967e785d-d83c-490b-8d6a-2ed926c956ac/974dd3ab-d863-4dad-b8cd-6daac1016478,501949076,group,2025-08-21 09:52:31.083574
71872135,bf996092-8d66-408a-8d8e-5065ca3330c2,967e785d-d83c-490b-8d6a-2ed926c956ac,967e785d-d83c-490b-8d6a-2ed926c956ac,urn:acs.rfis:rfi:967e785d-d83c-490b-8d6a-2ed926c956ac/974dd3ab-d863-4dad-b8cd-6daac1016478,501949068,group,2025-08-21 09:52:31.083575
71872137,bf996092-8d66-408a-8d8e-5065ca3330c2,967e785d-d83c-490b-8d6a-2ed926c956ac,967e785d-d83c-490b-8d6a-2ed926c956ac,urn:acs.rfis:rfi:967e785d-d83c-490b-8d6a-2ed926c956ac/974dd3ab-d863-4dad-b8cd-6daac1016478,Q8AJCWZUMM834EBP,user,2025-08-21 09:52:31.083577
71872138,bf996092-8d66-408a-8d8e-5065ca3330c2,967e785d-d83c-490b-8d6a-2ed926c956ac,967e785d-d83c-490b-8d6a-2ed926c956ac,urn:acs.rfis:rfi:967e785d-d83c-490b-8d6a-2ed926c956ac/974dd3ab-d863-4dad-b8cd-6daac1016478,S762NMGBKUB423MM,user,2025-08-21 09:52:31.083578
71872139,bf996092-8d66-408a-8d8e-5065ca3330c2,967e785d-d83c-490b-8d6a-2ed926c956ac,967e785d-d83c-490b-8d6a-2ed926c956ac,urn:acs.rfis:rfi:967e785d-d83c-490b-8d6a-2ed926c956ac/974dd3ab-d863-4dad-b8cd-6daac1016478,67E2T63RRMUGH3NG,user,2025-08-21 09:52:31.083579
71872140,bf996092-8d66-408a-8d8e-5065ca3330c2,967e785d-d83c-490b-8d6a-2ed926c956ac,967e785d-d83c-490b-8d6a-2ed926c956ac,urn:acs.rfis:rfi:967e785d-d83c-490b-8d6a-2ed926c956ac/974dd3ab-d863-4dad-b8cd-6daac1016478,CMJ2N3U8MSMRM8ZA,user,2025-08-21 09:52:31.08358
71872141,bf996092-8d66-408a-8d8e-5065ca3330c2,967e785d-d83c-490b-8d6a-2ed926c956ac,967e785d-d83c-490b-8d6a-2ed926c956ac,urn:acs.rfis:rfi:967e785d-d83c-490b-8d6a-2ed926c956ac/974dd3ab-d863-4dad-b8cd-6daac1016478,G5LJ2CH9PRAMRT7X,user,2025-08-21 09:52:31.083581
71872142,bf996092-8d66-408a-8d8e-5065ca3330c2,967e785d-d83c-490b-8d6a-2ed926c956ac,967e785d-d83c-490b-8d6a-2ed926c956ac,urn:acs.rfis:rfi:967e785d-d83c-490b-8d6a-2ed926c956ac/974dd3ab-d863-4dad-b8cd-6daac1016478,C6Z2RETEN3MN8XZF,user,2025-08-21 09:52:31.083582
71872143,bf996092-8d66-408a-8d8e-5065ca3330c2,967e785d-d83c-490b-8d6a-2ed926c956ac,967e785d-d83c-490b-8d6a-2ed926c956ac,urn:acs.rfis:rfi:967e785d-d83c-490b-8d6a-2ed926c956ac/974dd3ab-d863-4dad-b8cd-6daac1016478,VYKJ7GRWMX37AKTY,user,2025-08-21 09:52:31.083583
71872144,bf996092-8d66-408a-8d8e-5065ca3330c2,967e785d-d83c-490b-8d6a-2ed926c956ac,967e785d-d83c-490b-8d6a-2ed926c956ac,urn:acs.rfis:rfi:967e785d-d83c-490b-8d6a-2ed926c956ac/974dd3ab-d863-4dad-b8cd-6daac1016478,D5ZKMDH5JP7L,user,2025-08-21 09:52:31.083584
71872145,bf996092-8d66-408a-8d8e-5065ca3330c2,967e785d-d83c-490b-8d6a-2ed926c956ac,967e785d-d83c-490b-8d6a-2ed926c956ac,urn:acs.rfis:rfi:967e785d-d83c-490b-8d6a-2ed926c956ac/974dd3ab-d863-4dad-b8cd-6daac1016478,KNL28BHPJJMCM75F,user,2025-08-21 09:52:31.083585
71872146,bf996092-8d66-408a-8d8e-5065ca3330c2,967e785d-d83c-490b-8d6a-2ed926c956ac,967e785d-d83c-490b-8d6a-2ed926c956ac,urn:acs.rfis:rfi:967e785d-d83c-490b-8d6a-2ed926c956ac/974dd3ab-d863-4dad-b8cd-6daac1016478,DQ72WAMCK3PT3T58,user,2025-08-21 09:52:31.083586
71872147,bf996092-8d66-408a-8d8e-5065ca3330c2,967e785d-d83c-490b-8d6a-2ed926c956ac,967e785d-d83c-490b-8d6a-2ed926c956ac,urn:acs.rfis:rfi:967e785d-d83c-490b-8d6a-2ed926c956ac/974dd3ab-d863-4dad-b8cd-6daac1016478,WK7J3NJWMTCK9UWQ,user,2025-08-21 09:52:31.083587
71872148,bf996092-8d66-408a-8d8e-5065ca3330c2,967e785d-d83c-490b-8d6a-2ed926c956ac,967e785d-d83c-490b-8d6a-2ed926c956ac,urn:acs.rfis:rfi:967e785d-d83c-490b-8d6a-2ed926c956ac/974dd3ab-d863-4dad-b8cd-6daac1016478,Y2W2RXA2P4MPP325,user,2025-08-21 09:52:31.083588
72398849,bf996092-8d66-408a-8d8e-5065ca3330c2,967e785d-d83c-490b-8d6a-2ed926c956ac,967e785d-d83c-490b-8d6a-2ed926c956ac,urn:acs.rfis:rfi:967e785d-d83c-490b-8d6a-2ed926c956ac/adf43e5c-df5e-4ec0-8266-ca4458007f25,501949007,group,2025-08-28 12:47:34.160684
71281467,bf996092-8d66-408a-8d8e-5065ca3330c2,f6ab14eb-1a66-4ea5-8a0f-0afbda444403,f6ab14eb-1a66-4ea5-8a0f-0afbda444403,urn:acs.rfis:rfi:f6ab14eb-1a66-4ea5-8a0f-0afbda444403/ea1b0668-a085-40d5-9a39-6dac25ebe48e,531853881,group,2025-08-13 12:42:10.426405
71281468,bf996092-8d66-408a-8d8e-5065ca3330c2,f6ab14eb-1a66-4ea5-8a0f-0afbda444403,f6ab14eb-1a66-4ea5-8a0f-0afbda444403,urn:acs.rfis:rfi:f6ab14eb-1a66-4ea5-8a0f-0afbda444403/ea1b0668-a085-40d5-9a39-6dac25ebe48e,531853873,group,2025-08-13 12:42:10.426406
71281469,bf996092-8d66-408a-8d8e-5065ca3330c2,f6ab14eb-1a66-4ea5-8a0f-0afbda444403,f6ab14eb-1a66-4ea5-8a0f-0afbda444403,urn:acs.rfis:rfi:f6ab14eb-1a66-4ea5-8a0f-0afbda444403/ea1b0668-a085-40d5-9a39-6dac25ebe48e,531853887,group,2025-08-13 12:42:10.426407
71281470,bf996092-8d66-408a-8d8e-5065ca3330c2,f6ab14eb-1a66-4ea5-8a0f-0afbda444403,f6ab14eb-1a66-4ea5-8a0f-0afbda444403,urn:acs.rfis:rfi:f6ab14eb-1a66-4ea5-8a0f-0afbda444403/ea1b0668-a085-40d5-9a39-6dac25ebe48e,531853870,group,2025-08-13 12:42:10.426408
71281471,bf996092-8d66-408a-8d8e-5065ca3330c2,f6ab14eb-1a66-4ea5-8a0f-0afbda444403,f6ab14eb-1a66-4ea5-8a0f-0afbda444403,urn:acs.rfis:rfi:f6ab14eb-1a66-4ea5-8a0f-0afbda444403/ea1b0668-a085-40d5-9a39-6dac25ebe48e,531853889,group,2025-08-13 12:42:10.426409
71281472,bf996092-8d66-408a-8d8e-5065ca3330c2,f6ab14eb-1a66-4ea5-8a0f-0afbda444403,f6ab14eb-1a66-4ea5-8a0f-0afbda444403,urn:acs.rfis:rfi:f6ab14eb-1a66-4ea5-8a0f-0afbda444403/ea1b0668-a085-40d5-9a39-6dac25ebe48e,531853910,group,2025-08-13 12:42:10.42641
71281473,bf996092-8d66-408a-8d8e-5065ca3330c2,f6ab14eb-1a66-4ea5-8a0f-0afbda444403,f6ab14eb-1a66-4ea5-8a0f-0afbda444403,urn:acs.rfis:rfi:f6ab14eb-1a66-4ea5-8a0f-0afbda444403/ea1b0668-a085-40d5-9a39-6dac25ebe48e,541450738,group,2025-08-13 12:42:10.426411
71281474,bf996092-8d66-408a-8d8e-5065ca3330c2,f6ab14eb-1a66-4ea5-8a0f-0afbda444403,f6ab14eb-1a66-4ea5-8a0f-0afbda444403,urn:acs.rfis:rfi:f6ab14eb-1a66-4ea5-8a0f-0afbda444403/ea1b0668-a085-40d5-9a39-6dac25ebe48e,D5ZKMDH5JP7L,user,2025-08-13 12:42:10.426412
71664218,bf996092-8d66-408a-8d8e-5065ca3330c2,967e785d-d83c-490b-8d6a-2ed926c956ac,967e785d-d83c-490b-8d6a-2ed926c956ac,urn:acs.rfis:rfi:967e785d-d83c-490b-8d6a-2ed926c956ac/cf8e4bda-8147-4a37-8653-852692a83d1c,MXG2L5VEMSKN8SVN,user,2025-08-19 05:43:43.605934
71664219,bf996092-8d66-408a-8d8e-5065ca3330c2,967e785d-d83c-490b-8d6a-2ed926c956ac,967e785d-d83c-490b-8d6a-2ed926c956ac,urn:acs.rfis:rfi:967e785d-d83c-490b-8d6a-2ed926c956ac/cf8e4bda-8147-4a37-8653-852692a83d1c,KNL28BHPJJMCM75F,user,2025-08-19 05:43:43.605937
71664220,bf996092-8d66-408a-8d8e-5065ca3330c2,967e785d-d83c-490b-8d6a-2ed926c956ac,967e785d-d83c-490b-8d6a-2ed926c956ac,urn:acs.rfis:rfi:967e785d-d83c-490b-8d6a-2ed926c956ac/cf8e4bda-8147-4a37-8653-852692a83d1c,MJU2FLVXJAQLGRH7,user,2025-08-19 05:43:43.605938
71664221,bf996092-8d66-408a-8d8e-5065ca3330c2,967e785d-d83c-490b-8d6a-2ed926c956ac,967e785d-d83c-490b-8d6a-2ed926c956ac,urn:acs.rfis:rfi:967e785d-d83c-490b-8d6a-2ed926c956ac/cf8e4bda-8147-4a37-8653-852692a83d1c,WK7J3NJWMTCK9UWQ,user,2025-08-19 05:43:43.60594
71665371,bf996092-8d66-408a-8d8e-5065ca3330c2,967e785d-d83c-490b-8d6a-2ed926c956ac,967e785d-d83c-490b-8d6a-2ed926c956ac,urn:acs.rfis:rfi:967e785d-d83c-490b-8d6a-2ed926c956ac/3cc85ced-2c3b-4bca-8a97-9986d0a7e360,KNL28BHPJJMCM75F,user,2025-08-19 07:03:09.716204
71665372,bf996092-8d66-408a-8d8e-5065ca3330c2,967e785d-d83c-490b-8d6a-2ed926c956ac,967e785d-d83c-490b-8d6a-2ed926c956ac,urn:acs.rfis:rfi:967e785d-d83c-490b-8d6a-2ed926c956ac/3cc85ced-2c3b-4bca-8a97-9986d0a7e360,U8Q2F3P4M3PWWQXF,user,2025-08-19 07:03:09.716208
71665463,bf996092-8d66-408a-8d8e-5065ca3330c2,967e785d-d83c-490b-8d6a-2ed926c956ac,967e785d-d83c-490b-8d6a-2ed926c956ac,urn:acs.rfis:rfi:967e785d-d83c-490b-8d6a-2ed926c956ac/cf8e4bda-8147-4a37-8653-852692a83d1c,501949007,group,2025-08-19 07:20:15.832052
71665490,bf996092-8d66-408a-8d8e-5065ca3330c2,967e785d-d83c-490b-8d6a-2ed926c956ac,967e785d-d83c-490b-8d6a-2ed926c956ac,urn:acs.rfis:rfi:967e785d-d83c-490b-8d6a-2ed926c956ac/3cc85ced-2c3b-4bca-8a97-9986d0a7e360,501949008,group,2025-08-19 07:25:25.446048
71665491,bf996092-8d66-408a-8d8e-5065ca3330c2,967e785d-d83c-490b-8d6a-2ed926c956ac,967e785d-d83c-490b-8d6a-2ed926c956ac,urn:acs.rfis:rfi:967e785d-d83c-490b-8d6a-2ed926c956ac/3cc85ced-2c3b-4bca-8a97-9986d0a7e360,501949038,group,2025-08-19 07:25:25.446052
71665492,bf996092-8d66-408a-8d8e-5065ca3330c2,967e785d-d83c-490b-8d6a-2ed926c956ac,967e785d-d83c-490b-8d6a-2ed926c956ac,urn:acs.rfis:rfi:967e785d-d83c-490b-8d6a-2ed926c956ac/3cc85ced-2c3b-4bca-8a97-9986d0a7e360,501949062,group,2025-08-19 07:25:25.446054
71665493,bf996092-8d66-408a-8d8e-5065ca3330c2,967e785d-d83c-490b-8d6a-2ed926c956ac,967e785d-d83c-490b-8d6a-2ed926c956ac,urn:acs.rfis:rfi:967e785d-d83c-490b-8d6a-2ed926c956ac/3cc85ced-2c3b-4bca-8a97-9986d0a7e360,501949065,group,2025-08-19 07:25:25.446055
71665494,bf996092-8d66-408a-8d8e-5065ca3330c2,967e785d-d83c-490b-8d6a-2ed926c956ac,967e785d-d83c-490b-8d6a-2ed926c956ac,urn:acs.rfis:rfi:967e785d-d83c-490b-8d6a-2ed926c956ac/3cc85ced-2c3b-4bca-8a97-9986d0a7e360,501949067,group,2025-08-19 07:25:25.446056
71665495,bf996092-8d66-408a-8d8e-5065ca3330c2,967e785d-d83c-490b-8d6a-2ed926c956ac,967e785d-d83c-490b-8d6a-2ed926c956ac,urn:acs.rfis:rfi:967e785d-d83c-490b-8d6a-2ed926c956ac/3cc85ced-2c3b-4bca-8a97-9986d0a7e360,501949075,group,2025-08-19 07:25:25.446057
71665496,bf996092-8d66-408a-8d8e-5065ca3330c2,967e785d-d83c-490b-8d6a-2ed926c956ac,967e785d-d83c-490b-8d6a-2ed926c956ac,urn:acs.rfis:rfi:967e785d-d83c-490b-8d6a-2ed926c956ac/3cc85ced-2c3b-4bca-8a97-9986d0a7e360,501949064,group,2025-08-19 07:25:25.446058
71665497,bf996092-8d66-408a-8d8e-5065ca3330c2,967e785d-d83c-490b-8d6a-2ed926c956ac,967e785d-d83c-490b-8d6a-2ed926c956ac,urn:acs.rfis:rfi:967e785d-d83c-490b-8d6a-2ed926c956ac/3cc85ced-2c3b-4bca-8a97-9986d0a7e360,501949076,group,2025-08-19 07:25:25.446059
71665498,bf996092-8d66-408a-8d8e-5065ca3330c2,967e785d-d83c-490b-8d6a-2ed926c956ac,967e785d-d83c-490b-8d6a-2ed926c956ac,urn:acs.rfis:rfi:967e785d-d83c-490b-8d6a-2ed926c956ac/3cc85ced-2c3b-4bca-8a97-9986d0a7e360,501949068,group,2025-08-19 07:25:25.44606
71785613,bf996092-8d66-408a-8d8e-5065ca3330c2,f6ab14eb-1a66-4ea5-8a0f-0afbda444403,f6ab14eb-1a66-4ea5-8a0f-0afbda444403,urn:acs.rfis:rfi:f6ab14eb-1a66-4ea5-8a0f-0afbda444403/d3a76424-f074-4c44-8407-32ea935f177a,7PG2TJVQJYH2TVV7,user,2025-08-20 13:19:31.927512
71785908,bf996092-8d66-408a-8d8e-5065ca3330c2,f6ab14eb-1a66-4ea5-8a0f-0afbda444403,f6ab14eb-1a66-4ea5-8a0f-0afbda444403,urn:acs.rfis:rfi:f6ab14eb-1a66-4ea5-8a0f-0afbda444403/93b819ae-26c5-487f-a2b0-b427c708493d,531853797,group,2025-08-20 13:22:11.213592
71786359,bf996092-8d66-408a-8d8e-5065ca3330c2,f6ab14eb-1a66-4ea5-8a0f-0afbda444403,f6ab14eb-1a66-4ea5-8a0f-0afbda444403,urn:acs.rfis:rfi:f6ab14eb-1a66-4ea5-8a0f-0afbda444403/79d38989-fc0e-4b82-a3ee-4a3775d7c7d6,531853797,group,2025-08-20 13:26:44.950362
71970683,bf996092-8d66-408a-8d8e-5065ca3330c2,f6ab14eb-1a66-4ea5-8a0f-0afbda444403,f6ab14eb-1a66-4ea5-8a0f-0afbda444403,urn:acs.rfis:rfi:f6ab14eb-1a66-4ea5-8a0f-0afbda444403/e2dce441-b9cf-4d11-b0bf-3ce7ca23cdf4,S762NMGBKUB423MM,user,2025-08-22 09:27:24.354431
72291152,bf996092-8d66-408a-8d8e-5065ca3330c2,f6ab14eb-1a66-4ea5-8a0f-0afbda444403,f6ab14eb-1a66-4ea5-8a0f-0afbda444403,urn:acs.rfis:rfi:f6ab14eb-1a66-4ea5-8a0f-0afbda444403/713040cc-7359-40c4-9cde-2538924f9ac3,FXYJ2FJQL3UMY6KM,user,2025-08-27 12:47:52.396723
72291153,bf996092-8d66-408a-8d8e-5065ca3330c2,f6ab14eb-1a66-4ea5-8a0f-0afbda444403,f6ab14eb-1a66-4ea5-8a0f-0afbda444403,urn:acs.rfis:rfi:f6ab14eb-1a66-4ea5-8a0f-0afbda444403/713040cc-7359-40c4-9cde-2538924f9ac3,NXBJU9KZRN2LR6EX,user,2025-08-27 12:47:52.396724
72291154,bf996092-8d66-408a-8d8e-5065ca3330c2,f6ab14eb-1a66-4ea5-8a0f-0afbda444403,f6ab14eb-1a66-4ea5-8a0f-0afbda444403,urn:acs.rfis:rfi:f6ab14eb-1a66-4ea5-8a0f-0afbda444403/713040cc-7359-40c4-9cde-2538924f9ac3,56E2WKNZLVXE6PJS,user,2025-08-27 12:47:52.396725
72291155,bf996092-8d66-408a-8d8e-5065ca3330c2,f6ab14eb-1a66-4ea5-8a0f-0afbda444403,f6ab14eb-1a66-4ea5-8a0f-0afbda444403,urn:acs.rfis:rfi:f6ab14eb-1a66-4ea5-8a0f-0afbda444403/713040cc-7359-40c4-9cde-2538924f9ac3,4UJ23BUBLD77JPG2,user,2025-08-27 12:47:52.396726
72291156,bf996092-8d66-408a-8d8e-5065ca3330c2,f6ab14eb-1a66-4ea5-8a0f-0afbda444403,f6ab14eb-1a66-4ea5-8a0f-0afbda444403,urn:acs.rfis:rfi:f6ab14eb-1a66-4ea5-8a0f-0afbda444403/713040cc-7359-40c4-9cde-2538924f9ac3,3ZCJR5QUJR8NADFR,user,2025-08-27 12:47:52.396727
72292775,bf996092-8d66-408a-8d8e-5065ca3330c2,967e785d-d83c-490b-8d6a-2ed926c956ac,967e785d-d83c-490b-8d6a-2ed926c956ac,urn:acs.rfis:rfi:967e785d-d83c-490b-8d6a-2ed926c956ac/2806d303-c642-48b1-af1e-7e81ffb890fc,501949038,group,2025-08-27 13:00:43.524513
72292776,bf996092-8d66-408a-8d8e-5065ca3330c2,967e785d-d83c-490b-8d6a-2ed926c956ac,967e785d-d83c-490b-8d6a-2ed926c956ac,urn:acs.rfis:rfi:967e785d-d83c-490b-8d6a-2ed926c956ac/2806d303-c642-48b1-af1e-7e81ffb890fc,501949062,group,2025-08-27 13:00:43.524515
72292777,bf996092-8d66-408a-8d8e-5065ca3330c2,967e785d-d83c-490b-8d6a-2ed926c956ac,967e785d-d83c-490b-8d6a-2ed926c956ac,urn:acs.rfis:rfi:967e785d-d83c-490b-8d6a-2ed926c956ac/2806d303-c642-48b1-af1e-7e81ffb890fc,501949065,group,2025-08-27 13:00:43.524516
72292778,bf996092-8d66-408a-8d8e-5065ca3330c2,967e785d-d83c-490b-8d6a-2ed926c956ac,967e785d-d83c-490b-8d6a-2ed926c956ac,urn:acs.rfis:rfi:967e785d-d83c-490b-8d6a-2ed926c956ac/2806d303-c642-48b1-af1e-7e81ffb890fc,501949067,group,2025-08-27 13:00:43.524518
72292779,bf996092-8d66-408a-8d8e-5065ca3330c2,967e785d-d83c-490b-8d6a-2ed926c956ac,967e785d-d83c-490b-8d6a-2ed926c956ac,urn:acs.rfis:rfi:967e785d-d83c-490b-8d6a-2ed926c956ac/2806d303-c642-48b1-af1e-7e81ffb890fc,501949075,group,2025-08-27 13:00:43.524519
72292780,bf996092-8d66-408a-8d8e-5065ca3330c2,967e785d-d83c-490b-8d6a-2ed926c956ac,967e785d-d83c-490b-8d6a-2ed926c956ac,urn:acs.rfis:rfi:967e785d-d83c-490b-8d6a-2ed926c956ac/2806d303-c642-48b1-af1e-7e81ffb890fc,501949064,group,2025-08-27 13:00:43.52452
72292781,bf996092-8d66-408a-8d8e-5065ca3330c2,967e785d-d83c-490b-8d6a-2ed926c956ac,967e785d-d83c-490b-8d6a-2ed926c956ac,urn:acs.rfis:rfi:967e785d-d83c-490b-8d6a-2ed926c956ac/2806d303-c642-48b1-af1e-7e81ffb890fc,501949076,group,2025-08-27 13:00:43.524522
72292782,bf996092-8d66-408a-8d8e-5065ca3330c2,967e785d-d83c-490b-8d6a-2ed926c956ac,967e785d-d83c-490b-8d6a-2ed926c956ac,urn:acs.rfis:rfi:967e785d-d83c-490b-8d6a-2ed926c956ac/2806d303-c642-48b1-af1e-7e81ffb890fc,501949068,group,2025-08-27 13:00:43.524523
72292783,bf996092-8d66-408a-8d8e-5065ca3330c2,967e785d-d83c-490b-8d6a-2ed926c956ac,967e785d-d83c-490b-8d6a-2ed926c956ac,urn:acs.rfis:rfi:967e785d-d83c-490b-8d6a-2ed926c956ac/2806d303-c642-48b1-af1e-7e81ffb890fc,CMJ2N3U8MSMRM8ZA,user,2025-08-27 13:00:43.524524
72292784,bf996092-8d66-408a-8d8e-5065ca3330c2,967e785d-d83c-490b-8d6a-2ed926c956ac,967e785d-d83c-490b-8d6a-2ed926c956ac,urn:acs.rfis:rfi:967e785d-d83c-490b-8d6a-2ed926c956ac/2806d303-c642-48b1-af1e-7e81ffb890fc,C6Z2RETEN3MN8XZF,user,2025-08-27 13:00:43.524526
72292785,bf996092-8d66-408a-8d8e-5065ca3330c2,967e785d-d83c-490b-8d6a-2ed926c956ac,967e785d-d83c-490b-8d6a-2ed926c956ac,urn:acs.rfis:rfi:967e785d-d83c-490b-8d6a-2ed926c956ac/2806d303-c642-48b1-af1e-7e81ffb890fc,VYKJ7GRWMX37AKTY,user,2025-08-27 13:00:43.524527
72292786,bf996092-8d66-408a-8d8e-5065ca3330c2,967e785d-d83c-490b-8d6a-2ed926c956ac,967e785d-d83c-490b-8d6a-2ed926c956ac,urn:acs.rfis:rfi:967e785d-d83c-490b-8d6a-2ed926c956ac/2806d303-c642-48b1-af1e-7e81ffb890fc,NTHFQB8P8X3C,user,2025-08-27 13:00:43.524528
72292787,bf996092-8d66-408a-8d8e-5065ca3330c2,967e785d-d83c-490b-8d6a-2ed926c956ac,967e785d-d83c-490b-8d6a-2ed926c956ac,urn:acs.rfis:rfi:967e785d-d83c-490b-8d6a-2ed926c956ac/2806d303-c642-48b1-af1e-7e81ffb890fc,KDBLMPH5JM9X,user,2025-08-27 13:00:43.524529
72292788,bf996092-8d66-408a-8d8e-5065ca3330c2,967e785d-d83c-490b-8d6a-2ed926c956ac,967e785d-d83c-490b-8d6a-2ed926c956ac,urn:acs.rfis:rfi:967e785d-d83c-490b-8d6a-2ed926c956ac/2806d303-c642-48b1-af1e-7e81ffb890fc,DQ72WAMCK3PT3T58,user,2025-08-27 13:00:43.524531
72292789,bf996092-8d66-408a-8d8e-5065ca3330c2,967e785d-d83c-490b-8d6a-2ed926c956ac,967e785d-d83c-490b-8d6a-2ed926c956ac,urn:acs.rfis:rfi:967e785d-d83c-490b-8d6a-2ed926c956ac/2806d303-c642-48b1-af1e-7e81ffb890fc,Y2W2RXA2P4MPP325,user,2025-08-27 13:00:43.524532
72292790,bf996092-8d66-408a-8d8e-5065ca3330c2,967e785d-d83c-490b-8d6a-2ed926c956ac,967e785d-d83c-490b-8d6a-2ed926c956ac,urn:acs.rfis:rfi:967e785d-d83c-490b-8d6a-2ed926c956ac/2806d303-c642-48b1-af1e-7e81ffb890fc,501949008,group,2025-08-27 13:00:43.524533
72292791,bf996092-8d66-408a-8d8e-5065ca3330c2,967e785d-d83c-490b-8d6a-2ed926c956ac,967e785d-d83c-490b-8d6a-2ed926c956ac,urn:acs.rfis:rfi:967e785d-d83c-490b-8d6a-2ed926c956ac/2806d303-c642-48b1-af1e-7e81ffb890fc,H4J29KZBMAKAE737,user,2025-08-27 13:00:43.524535
72292825,bf996092-8d66-408a-8d8e-5065ca3330c2,967e785d-d83c-490b-8d6a-2ed926c956ac,967e785d-d83c-490b-8d6a-2ed926c956ac,urn:acs.rfis:rfi:967e785d-d83c-490b-8d6a-2ed926c956ac/2806d303-c642-48b1-af1e-7e81ffb890fc,7PG2TJVQJYH2TVV7,user,2025-08-27 13:00:43.52458
70662006,bf996092-8d66-408a-8d8e-5065ca3330c2,f6ab14eb-1a66-4ea5-8a0f-0afbda444403,f6ab14eb-1a66-4ea5-8a0f-0afbda444403,urn:acs.rfis:rfi:f6ab14eb-1a66-4ea5-8a0f-0afbda444403/b97e32fe-3759-4e91-99b1-0f27419ab2da,531853846,group,2025-08-05 07:34:25.412757
70662007,bf996092-8d66-408a-8d8e-5065ca3330c2,f6ab14eb-1a66-4ea5-8a0f-0afbda444403,f6ab14eb-1a66-4ea5-8a0f-0afbda444403,urn:acs.rfis:rfi:f6ab14eb-1a66-4ea5-8a0f-0afbda444403/b97e32fe-3759-4e91-99b1-0f27419ab2da,531853851,group,2025-08-05 07:34:25.412758
70662008,bf996092-8d66-408a-8d8e-5065ca3330c2,f6ab14eb-1a66-4ea5-8a0f-0afbda444403,f6ab14eb-1a66-4ea5-8a0f-0afbda444403,urn:acs.rfis:rfi:f6ab14eb-1a66-4ea5-8a0f-0afbda444403/b97e32fe-3759-4e91-99b1-0f27419ab2da,531853798,group,2025-08-05 07:34:25.412759
70663342,bf996092-8d66-408a-8d8e-5065ca3330c2,f6ab14eb-1a66-4ea5-8a0f-0afbda444403,f6ab14eb-1a66-4ea5-8a0f-0afbda444403,urn:acs.rfis:rfi:f6ab14eb-1a66-4ea5-8a0f-0afbda444403/b97e32fe-3759-4e91-99b1-0f27419ab2da,G5LJ2CH9PRAMRT7X,user,2025-08-05 08:49:08.48702
70663358,bf996092-8d66-408a-8d8e-5065ca3330c2,f6ab14eb-1a66-4ea5-8a0f-0afbda444403,f6ab14eb-1a66-4ea5-8a0f-0afbda444403,urn:acs.rfis:rfi:f6ab14eb-1a66-4ea5-8a0f-0afbda444403/b97e32fe-3759-4e91-99b1-0f27419ab2da,FM42EJFZPNC5F3HF,user,2025-08-05 08:50:08.93376
71371919,bf996092-8d66-408a-8d8e-5065ca3330c2,f6ab14eb-1a66-4ea5-8a0f-0afbda444403,f6ab14eb-1a66-4ea5-8a0f-0afbda444403,urn:acs.rfis:rfi:f6ab14eb-1a66-4ea5-8a0f-0afbda444403/79d38989-fc0e-4b82-a3ee-4a3775d7c7d6,FM42EJFZPNC5F3HF,user,2025-08-14 06:54:36.861445
71371920,bf996092-8d66-408a-8d8e-5065ca3330c2,f6ab14eb-1a66-4ea5-8a0f-0afbda444403,f6ab14eb-1a66-4ea5-8a0f-0afbda444403,urn:acs.rfis:rfi:f6ab14eb-1a66-4ea5-8a0f-0afbda444403/79d38989-fc0e-4b82-a3ee-4a3775d7c7d6,S762NMGBKUB423MM,user,2025-08-14 06:54:36.861448
71372017,bf996092-8d66-408a-8d8e-5065ca3330c2,f6ab14eb-1a66-4ea5-8a0f-0afbda444403,f6ab14eb-1a66-4ea5-8a0f-0afbda444403,urn:acs.rfis:rfi:f6ab14eb-1a66-4ea5-8a0f-0afbda444403/ea1b0668-a085-40d5-9a39-6dac25ebe48e,NTHFQB8P8X3C,user,2025-08-14 07:05:10.753232
71372018,bf996092-8d66-408a-8d8e-5065ca3330c2,f6ab14eb-1a66-4ea5-8a0f-0afbda444403,f6ab14eb-1a66-4ea5-8a0f-0afbda444403,urn:acs.rfis:rfi:f6ab14eb-1a66-4ea5-8a0f-0afbda444403/ea1b0668-a085-40d5-9a39-6dac25ebe48e,TZXRKN44WBAJ,user,2025-08-14 07:05:10.753235
71372019,bf996092-8d66-408a-8d8e-5065ca3330c2,f6ab14eb-1a66-4ea5-8a0f-0afbda444403,f6ab14eb-1a66-4ea5-8a0f-0afbda444403,urn:acs.rfis:rfi:f6ab14eb-1a66-4ea5-8a0f-0afbda444403/ea1b0668-a085-40d5-9a39-6dac25ebe48e,H4J29KZBMAKAE737,user,2025-08-14 07:05:10.753237
71372020,bf996092-8d66-408a-8d8e-5065ca3330c2,f6ab14eb-1a66-4ea5-8a0f-0afbda444403,f6ab14eb-1a66-4ea5-8a0f-0afbda444403,urn:acs.rfis:rfi:f6ab14eb-1a66-4ea5-8a0f-0afbda444403/ea1b0668-a085-40d5-9a39-6dac25ebe48e,S762NMGBKUB423MM,user,2025-08-14 07:05:10.753238
71372021,bf996092-8d66-408a-8d8e-5065ca3330c2,f6ab14eb-1a66-4ea5-8a0f-0afbda444403,f6ab14eb-1a66-4ea5-8a0f-0afbda444403,urn:acs.rfis:rfi:f6ab14eb-1a66-4ea5-8a0f-0afbda444403/ea1b0668-a085-40d5-9a39-6dac25ebe48e,7PG2TJVQJYH2TVV7,user,2025-08-14 07:05:10.753239
71534296,bf996092-8d66-408a-8d8e-5065ca3330c2,f6ab14eb-1a66-4ea5-8a0f-0afbda444403,f6ab14eb-1a66-4ea5-8a0f-0afbda444403,urn:acs.rfis:rfi:f6ab14eb-1a66-4ea5-8a0f-0afbda444403/e2dce441-b9cf-4d11-b0bf-3ce7ca23cdf4,FXYJ2FJQL3UMY6KM,user,2025-08-16 04:57:19.231045
71534297,bf996092-8d66-408a-8d8e-5065ca3330c2,f6ab14eb-1a66-4ea5-8a0f-0afbda444403,f6ab14eb-1a66-4ea5-8a0f-0afbda444403,urn:acs.rfis:rfi:f6ab14eb-1a66-4ea5-8a0f-0afbda444403/e2dce441-b9cf-4d11-b0bf-3ce7ca23cdf4,NXBJU9KZRN2LR6EX,user,2025-08-16 04:57:19.231046
71534322,bf996092-8d66-408a-8d8e-5065ca3330c2,f6ab14eb-1a66-4ea5-8a0f-0afbda444403,f6ab14eb-1a66-4ea5-8a0f-0afbda444403,urn:acs.rfis:rfi:f6ab14eb-1a66-4ea5-8a0f-0afbda444403/e2dce441-b9cf-4d11-b0bf-3ce7ca23cdf4,531853798,group,2025-08-16 05:11:24.416488
71534323,bf996092-8d66-408a-8d8e-5065ca3330c2,f6ab14eb-1a66-4ea5-8a0f-0afbda444403,f6ab14eb-1a66-4ea5-8a0f-0afbda444403,urn:acs.rfis:rfi:f6ab14eb-1a66-4ea5-8a0f-0afbda444403/e2dce441-b9cf-4d11-b0bf-3ce7ca23cdf4,531853829,group,2025-08-16 05:11:24.416491
71534324,bf996092-8d66-408a-8d8e-5065ca3330c2,f6ab14eb-1a66-4ea5-8a0f-0afbda444403,f6ab14eb-1a66-4ea5-8a0f-0afbda444403,urn:acs.rfis:rfi:f6ab14eb-1a66-4ea5-8a0f-0afbda444403/e2dce441-b9cf-4d11-b0bf-3ce7ca23cdf4,531853846,group,2025-08-16 05:11:24.416493
71534325,bf996092-8d66-408a-8d8e-5065ca3330c2,f6ab14eb-1a66-4ea5-8a0f-0afbda444403,f6ab14eb-1a66-4ea5-8a0f-0afbda444403,urn:acs.rfis:rfi:f6ab14eb-1a66-4ea5-8a0f-0afbda444403/e2dce441-b9cf-4d11-b0bf-3ce7ca23cdf4,531853851,group,2025-08-16 05:11:24.416494
71534326,bf996092-8d66-408a-8d8e-5065ca3330c2,f6ab14eb-1a66-4ea5-8a0f-0afbda444403,f6ab14eb-1a66-4ea5-8a0f-0afbda444403,urn:acs.rfis:rfi:f6ab14eb-1a66-4ea5-8a0f-0afbda444403/e2dce441-b9cf-4d11-b0bf-3ce7ca23cdf4,SFB2VPYZKPQ7XEGT,user,2025-08-16 05:11:24.416495
71534330,bf996092-8d66-408a-8d8e-5065ca3330c2,967e785d-d83c-490b-8d6a-2ed926c956ac,967e785d-d83c-490b-8d6a-2ed926c956ac,urn:acs.rfis:rfi:967e785d-d83c-490b-8d6a-2ed926c956ac/cd7c713a-ae11-4092-9580-89bc58188aa8,MXG2L5VEMSKN8SVN,user,2025-08-16 05:22:09.967983
71534331,bf996092-8d66-408a-8d8e-5065ca3330c2,967e785d-d83c-490b-8d6a-2ed926c956ac,967e785d-d83c-490b-8d6a-2ed926c956ac,urn:acs.rfis:rfi:967e785d-d83c-490b-8d6a-2ed926c956ac/cd7c713a-ae11-4092-9580-89bc58188aa8,KNL28BHPJJMCM75F,user,2025-08-16 05:22:09.967987
71534334,bf996092-8d66-408a-8d8e-5065ca3330c2,967e785d-d83c-490b-8d6a-2ed926c956ac,967e785d-d83c-490b-8d6a-2ed926c956ac,urn:acs.rfis:rfi:967e785d-d83c-490b-8d6a-2ed926c956ac/5a12549f-3642-4f79-be20-4a54f670a66a,501949007,group,2025-08-16 05:22:41.120638
71534335,bf996092-8d66-408a-8d8e-5065ca3330c2,967e785d-d83c-490b-8d6a-2ed926c956ac,967e785d-d83c-490b-8d6a-2ed926c956ac,urn:acs.rfis:rfi:967e785d-d83c-490b-8d6a-2ed926c956ac/64ba1333-14ae-405b-88c4-869d2810e5b2,501949007,group,2025-08-16 05:23:14.338697
71534341,bf996092-8d66-408a-8d8e-5065ca3330c2,f6ab14eb-1a66-4ea5-8a0f-0afbda444403,f6ab14eb-1a66-4ea5-8a0f-0afbda444403,urn:acs.rfis:rfi:f6ab14eb-1a66-4ea5-8a0f-0afbda444403/67813d5f-7d58-4fdc-bffd-68324f052c5e,FXYJ2FJQL3UMY6KM,user,2025-08-16 05:24:34.357873
71534342,bf996092-8d66-408a-8d8e-5065ca3330c2,f6ab14eb-1a66-4ea5-8a0f-0afbda444403,f6ab14eb-1a66-4ea5-8a0f-0afbda444403,urn:acs.rfis:rfi:f6ab14eb-1a66-4ea5-8a0f-0afbda444403/67813d5f-7d58-4fdc-bffd-68324f052c5e,NXBJU9KZRN2LR6EX,user,2025-08-16 05:24:34.357874
71970793,bf996092-8d66-408a-8d8e-5065ca3330c2,f6ab14eb-1a66-4ea5-8a0f-0afbda444403,f6ab14eb-1a66-4ea5-8a0f-0afbda444403,urn:acs.rfis:rfi:f6ab14eb-1a66-4ea5-8a0f-0afbda444403/d3a76424-f074-4c44-8407-32ea935f177a,S762NMGBKUB423MM,user,2025-08-22 09:29:49.26994
71973025,bf996092-8d66-408a-8d8e-5065ca3330c2,967e785d-d83c-490b-8d6a-2ed926c956ac,967e785d-d83c-490b-8d6a-2ed926c956ac,urn:acs.rfis:rfi:967e785d-d83c-490b-8d6a-2ed926c956ac/adf43e5c-df5e-4ec0-8266-ca4458007f25,KNL28BHPJJMCM75F,user,2025-08-22 11:11:23.284538
71976173,bf996092-8d66-408a-8d8e-5065ca3330c2,967e785d-d83c-490b-8d6a-2ed926c956ac,967e785d-d83c-490b-8d6a-2ed926c956ac,urn:acs.rfis:rfi:967e785d-d83c-490b-8d6a-2ed926c956ac/adf43e5c-df5e-4ec0-8266-ca4458007f25,S762NMGBKUB423MM,user,2025-08-22 12:21:57.176631
71976174,bf996092-8d66-408a-8d8e-5065ca3330c2,967e785d-d83c-490b-8d6a-2ed926c956ac,967e785d-d83c-490b-8d6a-2ed926c956ac,urn:acs.rfis:rfi:967e785d-d83c-490b-8d6a-2ed926c956ac/adf43e5c-df5e-4ec0-8266-ca4458007f25,501949038,group,2025-08-22 12:21:57.176634
71976175,bf996092-8d66-408a-8d8e-5065ca3330c2,967e785d-d83c-490b-8d6a-2ed926c956ac,967e785d-d83c-490b-8d6a-2ed926c956ac,urn:acs.rfis:rfi:967e785d-d83c-490b-8d6a-2ed926c956ac/adf43e5c-df5e-4ec0-8266-ca4458007f25,501949062,group,2025-08-22 12:21:57.176636
71976176,bf996092-8d66-408a-8d8e-5065ca3330c2,967e785d-d83c-490b-8d6a-2ed926c956ac,967e785d-d83c-490b-8d6a-2ed926c956ac,urn:acs.rfis:rfi:967e785d-d83c-490b-8d6a-2ed926c956ac/adf43e5c-df5e-4ec0-8266-ca4458007f25,501949065,group,2025-08-22 12:21:57.176637
71976177,bf996092-8d66-408a-8d8e-5065ca3330c2,967e785d-d83c-490b-8d6a-2ed926c956ac,967e785d-d83c-490b-8d6a-2ed926c956ac,urn:acs.rfis:rfi:967e785d-d83c-490b-8d6a-2ed926c956ac/adf43e5c-df5e-4ec0-8266-ca4458007f25,501949067,group,2025-08-22 12:21:57.176638
71976178,bf996092-8d66-408a-8d8e-5065ca3330c2,967e785d-d83c-490b-8d6a-2ed926c956ac,967e785d-d83c-490b-8d6a-2ed926c956ac,urn:acs.rfis:rfi:967e785d-d83c-490b-8d6a-2ed926c956ac/adf43e5c-df5e-4ec0-8266-ca4458007f25,501949075,group,2025-08-22 12:21:57.176639
71976179,bf996092-8d66-408a-8d8e-5065ca3330c2,967e785d-d83c-490b-8d6a-2ed926c956ac,967e785d-d83c-490b-8d6a-2ed926c956ac,urn:acs.rfis:rfi:967e785d-d83c-490b-8d6a-2ed926c956ac/adf43e5c-df5e-4ec0-8266-ca4458007f25,501949064,group,2025-08-22 12:21:57.17664
71976180,bf996092-8d66-408a-8d8e-5065ca3330c2,967e785d-d83c-490b-8d6a-2ed926c956ac,967e785d-d83c-490b-8d6a-2ed926c956ac,urn:acs.rfis:rfi:967e785d-d83c-490b-8d6a-2ed926c956ac/adf43e5c-df5e-4ec0-8266-ca4458007f25,501949076,group,2025-08-22 12:21:57.176641
71976181,bf996092-8d66-408a-8d8e-5065ca3330c2,967e785d-d83c-490b-8d6a-2ed926c956ac,967e785d-d83c-490b-8d6a-2ed926c956ac,urn:acs.rfis:rfi:967e785d-d83c-490b-8d6a-2ed926c956ac/adf43e5c-df5e-4ec0-8266-ca4458007f25,501949068,group,2025-08-22 12:21:57.176642
71976182,bf996092-8d66-408a-8d8e-5065ca3330c2,967e785d-d83c-490b-8d6a-2ed926c956ac,967e785d-d83c-490b-8d6a-2ed926c956ac,urn:acs.rfis:rfi:967e785d-d83c-490b-8d6a-2ed926c956ac/adf43e5c-df5e-4ec0-8266-ca4458007f25,Q8AJCWZUMM834EBP,user,2025-08-22 12:21:57.176643
71976183,bf996092-8d66-408a-8d8e-5065ca3330c2,967e785d-d83c-490b-8d6a-2ed926c956ac,967e785d-d83c-490b-8d6a-2ed926c956ac,urn:acs.rfis:rfi:967e785d-d83c-490b-8d6a-2ed926c956ac/adf43e5c-df5e-4ec0-8266-ca4458007f25,CMJ2N3U8MSMRM8ZA,user,2025-08-22 12:21:57.176644
71976184,bf996092-8d66-408a-8d8e-5065ca3330c2,967e785d-d83c-490b-8d6a-2ed926c956ac,967e785d-d83c-490b-8d6a-2ed926c956ac,urn:acs.rfis:rfi:967e785d-d83c-490b-8d6a-2ed926c956ac/adf43e5c-df5e-4ec0-8266-ca4458007f25,C6Z2RETEN3MN8XZF,user,2025-08-22 12:21:57.176646
71976185,bf996092-8d66-408a-8d8e-5065ca3330c2,967e785d-d83c-490b-8d6a-2ed926c956ac,967e785d-d83c-490b-8d6a-2ed926c956ac,urn:acs.rfis:rfi:967e785d-d83c-490b-8d6a-2ed926c956ac/adf43e5c-df5e-4ec0-8266-ca4458007f25,VYKJ7GRWMX37AKTY,user,2025-08-22 12:21:57.176647
71976186,bf996092-8d66-408a-8d8e-5065ca3330c2,967e785d-d83c-490b-8d6a-2ed926c956ac,967e785d-d83c-490b-8d6a-2ed926c956ac,urn:acs.rfis:rfi:967e785d-d83c-490b-8d6a-2ed926c956ac/adf43e5c-df5e-4ec0-8266-ca4458007f25,D5ZKMDH5JP7L,user,2025-08-22 12:21:57.176648
71976187,bf996092-8d66-408a-8d8e-5065ca3330c2,967e785d-d83c-490b-8d6a-2ed926c956ac,967e785d-d83c-490b-8d6a-2ed926c956ac,urn:acs.rfis:rfi:967e785d-d83c-490b-8d6a-2ed926c956ac/adf43e5c-df5e-4ec0-8266-ca4458007f25,DQ72WAMCK3PT3T58,user,2025-08-22 12:21:57.176649
71976188,bf996092-8d66-408a-8d8e-5065ca3330c2,967e785d-d83c-490b-8d6a-2ed926c956ac,967e785d-d83c-490b-8d6a-2ed926c956ac,urn:acs.rfis:rfi:967e785d-d83c-490b-8d6a-2ed926c956ac/adf43e5c-df5e-4ec0-8266-ca4458007f25,MWZJGXW9MEMP2RFR,user,2025-08-22 12:21:57.17665
71976189,bf996092-8d66-408a-8d8e-5065ca3330c2,967e785d-d83c-490b-8d6a-2ed926c956ac,967e785d-d83c-490b-8d6a-2ed926c956ac,urn:acs.rfis:rfi:967e785d-d83c-490b-8d6a-2ed926c956ac/adf43e5c-df5e-4ec0-8266-ca4458007f25,HAF3KK94JCSG,user,2025-08-22 12:21:57.176651
71976190,bf996092-8d66-408a-8d8e-5065ca3330c2,967e785d-d83c-490b-8d6a-2ed926c956ac,967e785d-d83c-490b-8d6a-2ed926c956ac,urn:acs.rfis:rfi:967e785d-d83c-490b-8d6a-2ed926c956ac/adf43e5c-df5e-4ec0-8266-ca4458007f25,Y2W2RXA2P4MPP325,user,2025-08-22 12:21:57.176652
71976191,bf996092-8d66-408a-8d8e-5065ca3330c2,967e785d-d83c-490b-8d6a-2ed926c956ac,967e785d-d83c-490b-8d6a-2ed926c956ac,urn:acs.rfis:rfi:967e785d-d83c-490b-8d6a-2ed926c956ac/adf43e5c-df5e-4ec0-8266-ca4458007f25,KDBLMPH5JM9X,user,2025-08-22 12:21:57.176653
71976192,bf996092-8d66-408a-8d8e-5065ca3330c2,967e785d-d83c-490b-8d6a-2ed926c956ac,967e785d-d83c-490b-8d6a-2ed926c956ac,urn:acs.rfis:rfi:967e785d-d83c-490b-8d6a-2ed926c956ac/adf43e5c-df5e-4ec0-8266-ca4458007f25,501949008,group,2025-08-22 12:21:57.176654
71976210,bf996092-8d66-408a-8d8e-5065ca3330c2,967e785d-d83c-490b-8d6a-2ed926c956ac,967e785d-d83c-490b-8d6a-2ed926c956ac,urn:acs.rfis:rfi:967e785d-d83c-490b-8d6a-2ed926c956ac/adf43e5c-df5e-4ec0-8266-ca4458007f25,67E2T63RRMUGH3NG,user,2025-08-22 12:21:57.176673
71976226,bf996092-8d66-408a-8d8e-5065ca3330c2,967e785d-d83c-490b-8d6a-2ed926c956ac,967e785d-d83c-490b-8d6a-2ed926c956ac,urn:acs.rfis:rfi:967e785d-d83c-490b-8d6a-2ed926c956ac/adf43e5c-df5e-4ec0-8266-ca4458007f25,G5LJ2CH9PRAMRT7X,user,2025-08-22 12:21:57.176689
72196263,bf996092-8d66-408a-8d8e-5065ca3330c2,967e785d-d83c-490b-8d6a-2ed926c956ac,967e785d-d83c-490b-8d6a-2ed926c956ac,urn:acs.rfis:rfi:967e785d-d83c-490b-8d6a-2ed926c956ac/cd7c713a-ae11-4092-9580-89bc58188aa8,501949007,group,2025-08-26 14:34:30.062582
72385233,bf996092-8d66-408a-8d8e-5065ca3330c2,967e785d-d83c-490b-8d6a-2ed926c956ac,967e785d-d83c-490b-8d6a-2ed926c956ac,urn:acs.rfis:rfi:967e785d-d83c-490b-8d6a-2ed926c956ac/87564a46-20b8-4e67-a71f-c102ae8216be,501949008,group,2025-08-28 07:46:31.490303
72385234,bf996092-8d66-408a-8d8e-5065ca3330c2,967e785d-d83c-490b-8d6a-2ed926c956ac,967e785d-d83c-490b-8d6a-2ed926c956ac,urn:acs.rfis:rfi:967e785d-d83c-490b-8d6a-2ed926c956ac/87564a46-20b8-4e67-a71f-c102ae8216be,501949038,group,2025-08-28 07:46:31.490306
72385235,bf996092-8d66-408a-8d8e-5065ca3330c2,967e785d-d83c-490b-8d6a-2ed926c956ac,967e785d-d83c-490b-8d6a-2ed926c956ac,urn:acs.rfis:rfi:967e785d-d83c-490b-8d6a-2ed926c956ac/87564a46-20b8-4e67-a71f-c102ae8216be,501949062,group,2025-08-28 07:46:31.490308
72385236,bf996092-8d66-408a-8d8e-5065ca3330c2,967e785d-d83c-490b-8d6a-2ed926c956ac,967e785d-d83c-490b-8d6a-2ed926c956ac,urn:acs.rfis:rfi:967e785d-d83c-490b-8d6a-2ed926c956ac/87564a46-20b8-4e67-a71f-c102ae8216be,501949065,group,2025-08-28 07:46:31.490309
72385237,bf996092-8d66-408a-8d8e-5065ca3330c2,967e785d-d83c-490b-8d6a-2ed926c956ac,967e785d-d83c-490b-8d6a-2ed926c956ac,urn:acs.rfis:rfi:967e785d-d83c-490b-8d6a-2ed926c956ac/87564a46-20b8-4e67-a71f-c102ae8216be,501949067,group,2025-08-28 07:46:31.49031
72385238,bf996092-8d66-408a-8d8e-5065ca3330c2,967e785d-d83c-490b-8d6a-2ed926c956ac,967e785d-d83c-490b-8d6a-2ed926c956ac,urn:acs.rfis:rfi:967e785d-d83c-490b-8d6a-2ed926c956ac/87564a46-20b8-4e67-a71f-c102ae8216be,501949075,group,2025-08-28 07:46:31.490311
72385239,bf996092-8d66-408a-8d8e-5065ca3330c2,967e785d-d83c-490b-8d6a-2ed926c956ac,967e785d-d83c-490b-8d6a-2ed926c956ac,urn:acs.rfis:rfi:967e785d-d83c-490b-8d6a-2ed926c956ac/87564a46-20b8-4e67-a71f-c102ae8216be,501949064,group,2025-08-28 07:46:31.490312
72385240,bf996092-8d66-408a-8d8e-5065ca3330c2,967e785d-d83c-490b-8d6a-2ed926c956ac,967e785d-d83c-490b-8d6a-2ed926c956ac,urn:acs.rfis:rfi:967e785d-d83c-490b-8d6a-2ed926c956ac/87564a46-20b8-4e67-a71f-c102ae8216be,501949076,group,2025-08-28 07:46:31.490313
72385241,bf996092-8d66-408a-8d8e-5065ca3330c2,967e785d-d83c-490b-8d6a-2ed926c956ac,967e785d-d83c-490b-8d6a-2ed926c956ac,urn:acs.rfis:rfi:967e785d-d83c-490b-8d6a-2ed926c956ac/87564a46-20b8-4e67-a71f-c102ae8216be,501949068,group,2025-08-28 07:46:31.490314
72385242,bf996092-8d66-408a-8d8e-5065ca3330c2,967e785d-d83c-490b-8d6a-2ed926c956ac,967e785d-d83c-490b-8d6a-2ed926c956ac,urn:acs.rfis:rfi:967e785d-d83c-490b-8d6a-2ed926c956ac/87564a46-20b8-4e67-a71f-c102ae8216be,U8Q2F3P4M3PWWQXF,user,2025-08-28 07:46:31.490315
72385243,bf996092-8d66-408a-8d8e-5065ca3330c2,967e785d-d83c-490b-8d6a-2ed926c956ac,967e785d-d83c-490b-8d6a-2ed926c956ac,urn:acs.rfis:rfi:967e785d-d83c-490b-8d6a-2ed926c956ac/87564a46-20b8-4e67-a71f-c102ae8216be,MXG2L5VEMSKN8SVN,user,2025-08-28 07:46:31.490317
72389825,bf996092-8d66-408a-8d8e-5065ca3330c2,967e785d-d83c-490b-8d6a-2ed926c956ac,967e785d-d83c-490b-8d6a-2ed926c956ac,urn:acs.rfis:rfi:967e785d-d83c-490b-8d6a-2ed926c956ac/87564a46-20b8-4e67-a71f-c102ae8216be,S762NMGBKUB423MM,user,2025-08-28 08:59:42.334912
72389826,bf996092-8d66-408a-8d8e-5065ca3330c2,967e785d-d83c-490b-8d6a-2ed926c956ac,967e785d-d83c-490b-8d6a-2ed926c956ac,urn:acs.rfis:rfi:967e785d-d83c-490b-8d6a-2ed926c956ac/87564a46-20b8-4e67-a71f-c102ae8216be,RQ92XKNVL7KYFP4W,user,2025-08-28 08:59:42.334916
72389827,bf996092-8d66-408a-8d8e-5065ca3330c2,967e785d-d83c-490b-8d6a-2ed926c956ac,967e785d-d83c-490b-8d6a-2ed926c956ac,urn:acs.rfis:rfi:967e785d-d83c-490b-8d6a-2ed926c956ac/87564a46-20b8-4e67-a71f-c102ae8216be,Q8AJCWZUMM834EBP,user,2025-08-28 08:59:42.334917
72389828,bf996092-8d66-408a-8d8e-5065ca3330c2,967e785d-d83c-490b-8d6a-2ed926c956ac,967e785d-d83c-490b-8d6a-2ed926c956ac,urn:acs.rfis:rfi:967e785d-d83c-490b-8d6a-2ed926c956ac/87564a46-20b8-4e67-a71f-c102ae8216be,CMJ2N3U8MSMRM8ZA,user,2025-08-28 08:59:42.334918
72389829,bf996092-8d66-408a-8d8e-5065ca3330c2,967e785d-d83c-490b-8d6a-2ed926c956ac,967e785d-d83c-490b-8d6a-2ed926c956ac,urn:acs.rfis:rfi:967e785d-d83c-490b-8d6a-2ed926c956ac/87564a46-20b8-4e67-a71f-c102ae8216be,UQ72RJ7QKZSW8XTA,user,2025-08-28 08:59:42.334919
72389830,bf996092-8d66-408a-8d8e-5065ca3330c2,967e785d-d83c-490b-8d6a-2ed926c956ac,967e785d-d83c-490b-8d6a-2ed926c956ac,urn:acs.rfis:rfi:967e785d-d83c-490b-8d6a-2ed926c956ac/87564a46-20b8-4e67-a71f-c102ae8216be,D5ZKMDH5JP7L,user,2025-08-28 08:59:42.33492
72389831,bf996092-8d66-408a-8d8e-5065ca3330c2,967e785d-d83c-490b-8d6a-2ed926c956ac,967e785d-d83c-490b-8d6a-2ed926c956ac,urn:acs.rfis:rfi:967e785d-d83c-490b-8d6a-2ed926c956ac/87564a46-20b8-4e67-a71f-c102ae8216be,KNL28BHPJJMCM75F,user,2025-08-28 08:59:42.334921
72389832,bf996092-8d66-408a-8d8e-5065ca3330c2,967e785d-d83c-490b-8d6a-2ed926c956ac,967e785d-d83c-490b-8d6a-2ed926c956ac,urn:acs.rfis:rfi:967e785d-d83c-490b-8d6a-2ed926c956ac/87564a46-20b8-4e67-a71f-c102ae8216be,DQ72WAMCK3PT3T58,user,2025-08-28 08:59:42.334922
72389833,bf996092-8d66-408a-8d8e-5065ca3330c2,967e785d-d83c-490b-8d6a-2ed926c956ac,967e785d-d83c-490b-8d6a-2ed926c956ac,urn:acs.rfis:rfi:967e785d-d83c-490b-8d6a-2ed926c956ac/87564a46-20b8-4e67-a71f-c102ae8216be,MJU2FLVXJAQLGRH7,user,2025-08-28 08:59:42.334923
72389834,bf996092-8d66-408a-8d8e-5065ca3330c2,967e785d-d83c-490b-8d6a-2ed926c956ac,967e785d-d83c-490b-8d6a-2ed926c956ac,urn:acs.rfis:rfi:967e785d-d83c-490b-8d6a-2ed926c956ac/87564a46-20b8-4e67-a71f-c102ae8216be,HAF3KK94JCSG,user,2025-08-28 08:59:42.334924
72389835,bf996092-8d66-408a-8d8e-5065ca3330c2,967e785d-d83c-490b-8d6a-2ed926c956ac,967e785d-d83c-490b-8d6a-2ed926c956ac,urn:acs.rfis:rfi:967e785d-d83c-490b-8d6a-2ed926c956ac/87564a46-20b8-4e67-a71f-c102ae8216be,Y2W2RXA2P4MPP325,user,2025-08-28 08:59:42.334926
72389836,bf996092-8d66-408a-8d8e-5065ca3330c2,967e785d-d83c-490b-8d6a-2ed926c956ac,967e785d-d83c-490b-8d6a-2ed926c956ac,urn:acs.rfis:rfi:967e785d-d83c-490b-8d6a-2ed926c956ac/87564a46-20b8-4e67-a71f-c102ae8216be,501949122,group,2025-08-28 08:59:42.334927
72389837,bf996092-8d66-408a-8d8e-5065ca3330c2,967e785d-d83c-490b-8d6a-2ed926c956ac,967e785d-d83c-490b-8d6a-2ed926c956ac,urn:acs.rfis:rfi:967e785d-d83c-490b-8d6a-2ed926c956ac/87564a46-20b8-4e67-a71f-c102ae8216be,501949120,group,2025-08-28 08:59:42.334928
72389838,bf996092-8d66-408a-8d8e-5065ca3330c2,967e785d-d83c-490b-8d6a-2ed926c956ac,967e785d-d83c-490b-8d6a-2ed926c956ac,urn:acs.rfis:rfi:967e785d-d83c-490b-8d6a-2ed926c956ac/87564a46-20b8-4e67-a71f-c102ae8216be,501949118,group,2025-08-28 08:59:42.334929
72389839,bf996092-8d66-408a-8d8e-5065ca3330c2,967e785d-d83c-490b-8d6a-2ed926c956ac,967e785d-d83c-490b-8d6a-2ed926c956ac,urn:acs.rfis:rfi:967e785d-d83c-490b-8d6a-2ed926c956ac/87564a46-20b8-4e67-a71f-c102ae8216be,501949054,group,2025-08-28 08:59:42.33493
72389840,bf996092-8d66-408a-8d8e-5065ca3330c2,967e785d-d83c-490b-8d6a-2ed926c956ac,967e785d-d83c-490b-8d6a-2ed926c956ac,urn:acs.rfis:rfi:967e785d-d83c-490b-8d6a-2ed926c956ac/87564a46-20b8-4e67-a71f-c102ae8216be,501949086,group,2025-08-28 08:59:42.334931
72389841,bf996092-8d66-408a-8d8e-5065ca3330c2,967e785d-d83c-490b-8d6a-2ed926c956ac,967e785d-d83c-490b-8d6a-2ed926c956ac,urn:acs.rfis:rfi:967e785d-d83c-490b-8d6a-2ed926c956ac/87564a46-20b8-4e67-a71f-c102ae8216be,501949084,group,2025-08-28 08:59:42.334932
72389842,bf996092-8d66-408a-8d8e-5065ca3330c2,967e785d-d83c-490b-8d6a-2ed926c956ac,967e785d-d83c-490b-8d6a-2ed926c956ac,urn:acs.rfis:rfi:967e785d-d83c-490b-8d6a-2ed926c956ac/87564a46-20b8-4e67-a71f-c102ae8216be,501949088,group,2025-08-28 08:59:42.334933
72389843,bf996092-8d66-408a-8d8e-5065ca3330c2,967e785d-d83c-490b-8d6a-2ed926c956ac,967e785d-d83c-490b-8d6a-2ed926c956ac,urn:acs.rfis:rfi:967e785d-d83c-490b-8d6a-2ed926c956ac/87564a46-20b8-4e67-a71f-c102ae8216be,501949089,group,2025-08-28 08:59:42.334934
72389844,bf996092-8d66-408a-8d8e-5065ca3330c2,967e785d-d83c-490b-8d6a-2ed926c956ac,967e785d-d83c-490b-8d6a-2ed926c956ac,urn:acs.rfis:rfi:967e785d-d83c-490b-8d6a-2ed926c956ac/87564a46-20b8-4e67-a71f-c102ae8216be,501949091,group,2025-08-28 08:59:42.334935
72389845,bf996092-8d66-408a-8d8e-5065ca3330c2,967e785d-d83c-490b-8d6a-2ed926c956ac,967e785d-d83c-490b-8d6a-2ed926c956ac,urn:acs.rfis:rfi:967e785d-d83c-490b-8d6a-2ed926c956ac/87564a46-20b8-4e67-a71f-c102ae8216be,501949085,group,2025-08-28 08:59:42.334936
72389846,bf996092-8d66-408a-8d8e-5065ca3330c2,967e785d-d83c-490b-8d6a-2ed926c956ac,967e785d-d83c-490b-8d6a-2ed926c956ac,urn:acs.rfis:rfi:967e785d-d83c-490b-8d6a-2ed926c956ac/87564a46-20b8-4e67-a71f-c102ae8216be,501949090,group,2025-08-28 08:59:42.334937
72389847,bf996092-8d66-408a-8d8e-5065ca3330c2,967e785d-d83c-490b-8d6a-2ed926c956ac,967e785d-d83c-490b-8d6a-2ed926c956ac,urn:acs.rfis:rfi:967e785d-d83c-490b-8d6a-2ed926c956ac/87564a46-20b8-4e67-a71f-c102ae8216be,501949119,group,2025-08-28 08:59:42.334938
72389848,bf996092-8d66-408a-8d8e-5065ca3330c2,967e785d-d83c-490b-8d6a-2ed926c956ac,967e785d-d83c-490b-8d6a-2ed926c956ac,urn:acs.rfis:rfi:967e785d-d83c-490b-8d6a-2ed926c956ac/87564a46-20b8-4e67-a71f-c102ae8216be,501949108,group,2025-08-28 08:59:42.334939
72389849,bf996092-8d66-408a-8d8e-5065ca3330c2,967e785d-d83c-490b-8d6a-2ed926c956ac,967e785d-d83c-490b-8d6a-2ed926c956ac,urn:acs.rfis:rfi:967e785d-d83c-490b-8d6a-2ed926c956ac/87564a46-20b8-4e67-a71f-c102ae8216be,501949087,group,2025-08-28 08:59:42.33494
72389850,bf996092-8d66-408a-8d8e-5065ca3330c2,967e785d-d83c-490b-8d6a-2ed926c956ac,967e785d-d83c-490b-8d6a-2ed926c956ac,urn:acs.rfis:rfi:967e785d-d83c-490b-8d6a-2ed926c956ac/87564a46-20b8-4e67-a71f-c102ae8216be,501949109,group,2025-08-28 08:59:42.334941
72389851,bf996092-8d66-408a-8d8e-5065ca3330c2,967e785d-d83c-490b-8d6a-2ed926c956ac,967e785d-d83c-490b-8d6a-2ed926c956ac,urn:acs.rfis:rfi:967e785d-d83c-490b-8d6a-2ed926c956ac/87564a46-20b8-4e67-a71f-c102ae8216be,501949092,group,2025-08-28 08:59:42.334942
72389852,bf996092-8d66-408a-8d8e-5065ca3330c2,967e785d-d83c-490b-8d6a-2ed926c956ac,967e785d-d83c-490b-8d6a-2ed926c956ac,urn:acs.rfis:rfi:967e785d-d83c-490b-8d6a-2ed926c956ac/87564a46-20b8-4e67-a71f-c102ae8216be,540120775,group,2025-08-28 08:59:42.334943
72389853,bf996092-8d66-408a-8d8e-5065ca3330c2,967e785d-d83c-490b-8d6a-2ed926c956ac,967e785d-d83c-490b-8d6a-2ed926c956ac,urn:acs.rfis:rfi:967e785d-d83c-490b-8d6a-2ed926c956ac/87564a46-20b8-4e67-a71f-c102ae8216be,67E2T63RRMUGH3NG,user,2025-08-28 08:59:42.334944
72389854,bf996092-8d66-408a-8d8e-5065ca3330c2,967e785d-d83c-490b-8d6a-2ed926c956ac,967e785d-d83c-490b-8d6a-2ed926c956ac,urn:acs.rfis:rfi:967e785d-d83c-490b-8d6a-2ed926c956ac/87564a46-20b8-4e67-a71f-c102ae8216be,501949045,group,2025-08-28 08:59:42.334945
72389855,bf996092-8d66-408a-8d8e-5065ca3330c2,967e785d-d83c-490b-8d6a-2ed926c956ac,967e785d-d83c-490b-8d6a-2ed926c956ac,urn:acs.rfis:rfi:967e785d-d83c-490b-8d6a-2ed926c956ac/87564a46-20b8-4e67-a71f-c102ae8216be,501949039,group,2025-08-28 08:59:42.334946
72389856,bf996092-8d66-408a-8d8e-5065ca3330c2,967e785d-d83c-490b-8d6a-2ed926c956ac,967e785d-d83c-490b-8d6a-2ed926c956ac,urn:acs.rfis:rfi:967e785d-d83c-490b-8d6a-2ed926c956ac/87564a46-20b8-4e67-a71f-c102ae8216be,501949041,group,2025-08-28 08:59:42.334947
72389857,bf996092-8d66-408a-8d8e-5065ca3330c2,967e785d-d83c-490b-8d6a-2ed926c956ac,967e785d-d83c-490b-8d6a-2ed926c956ac,urn:acs.rfis:rfi:967e785d-d83c-490b-8d6a-2ed926c956ac/87564a46-20b8-4e67-a71f-c102ae8216be,501949040,group,2025-08-28 08:59:42.334949
72389858,bf996092-8d66-408a-8d8e-5065ca3330c2,967e785d-d83c-490b-8d6a-2ed926c956ac,967e785d-d83c-490b-8d6a-2ed926c956ac,urn:acs.rfis:rfi:967e785d-d83c-490b-8d6a-2ed926c956ac/87564a46-20b8-4e67-a71f-c102ae8216be,501949057,group,2025-08-28 08:59:42.33495
72389859,bf996092-8d66-408a-8d8e-5065ca3330c2,967e785d-d83c-490b-8d6a-2ed926c956ac,967e785d-d83c-490b-8d6a-2ed926c956ac,urn:acs.rfis:rfi:967e785d-d83c-490b-8d6a-2ed926c956ac/87564a46-20b8-4e67-a71f-c102ae8216be,501949037,group,2025-08-28 08:59:42.334951
72389860,bf996092-8d66-408a-8d8e-5065ca3330c2,967e785d-d83c-490b-8d6a-2ed926c956ac,967e785d-d83c-490b-8d6a-2ed926c956ac,urn:acs.rfis:rfi:967e785d-d83c-490b-8d6a-2ed926c956ac/87564a46-20b8-4e67-a71f-c102ae8216be,501949043,group,2025-08-28 08:59:42.334951
72389861,bf996092-8d66-408a-8d8e-5065ca3330c2,967e785d-d83c-490b-8d6a-2ed926c956ac,967e785d-d83c-490b-8d6a-2ed926c956ac,urn:acs.rfis:rfi:967e785d-d83c-490b-8d6a-2ed926c956ac/87564a46-20b8-4e67-a71f-c102ae8216be,501949035,group,2025-08-28 08:59:42.334952
72389862,bf996092-8d66-408a-8d8e-5065ca3330c2,967e785d-d83c-490b-8d6a-2ed926c956ac,967e785d-d83c-490b-8d6a-2ed926c956ac,urn:acs.rfis:rfi:967e785d-d83c-490b-8d6a-2ed926c956ac/87564a46-20b8-4e67-a71f-c102ae8216be,501949044,group,2025-08-28 08:59:42.334953
72389863,bf996092-8d66-408a-8d8e-5065ca3330c2,967e785d-d83c-490b-8d6a-2ed926c956ac,967e785d-d83c-490b-8d6a-2ed926c956ac,urn:acs.rfis:rfi:967e785d-d83c-490b-8d6a-2ed926c956ac/87564a46-20b8-4e67-a71f-c102ae8216be,501949042,group,2025-08-28 08:59:42.334954
72389864,bf996092-8d66-408a-8d8e-5065ca3330c2,967e785d-d83c-490b-8d6a-2ed926c956ac,967e785d-d83c-490b-8d6a-2ed926c956ac,urn:acs.rfis:rfi:967e785d-d83c-490b-8d6a-2ed926c956ac/87564a46-20b8-4e67-a71f-c102ae8216be,501949056,group,2025-08-28 08:59:42.334955
72389865,bf996092-8d66-408a-8d8e-5065ca3330c2,967e785d-d83c-490b-8d6a-2ed926c956ac,967e785d-d83c-490b-8d6a-2ed926c956ac,urn:acs.rfis:rfi:967e785d-d83c-490b-8d6a-2ed926c956ac/87564a46-20b8-4e67-a71f-c102ae8216be,501949047,group,2025-08-28 08:59:42.334956
72389866,bf996092-8d66-408a-8d8e-5065ca3330c2,967e785d-d83c-490b-8d6a-2ed926c956ac,967e785d-d83c-490b-8d6a-2ed926c956ac,urn:acs.rfis:rfi:967e785d-d83c-490b-8d6a-2ed926c956ac/87564a46-20b8-4e67-a71f-c102ae8216be,501949036,group,2025-08-28 08:59:42.334957
72389867,bf996092-8d66-408a-8d8e-5065ca3330c2,967e785d-d83c-490b-8d6a-2ed926c956ac,967e785d-d83c-490b-8d6a-2ed926c956ac,urn:acs.rfis:rfi:967e785d-d83c-490b-8d6a-2ed926c956ac/87564a46-20b8-4e67-a71f-c102ae8216be,530564645,group,2025-08-28 08:59:42.334959
72389868,bf996092-8d66-408a-8d8e-5065ca3330c2,967e785d-d83c-490b-8d6a-2ed926c956ac,967e785d-d83c-490b-8d6a-2ed926c956ac,urn:acs.rfis:rfi:967e785d-d83c-490b-8d6a-2ed926c956ac/87564a46-20b8-4e67-a71f-c102ae8216be,524176499,group,2025-08-28 08:59:42.33496
72389869,bf996092-8d66-408a-8d8e-5065ca3330c2,967e785d-d83c-490b-8d6a-2ed926c956ac,967e785d-d83c-490b-8d6a-2ed926c956ac,urn:acs.rfis:rfi:967e785d-d83c-490b-8d6a-2ed926c956ac/87564a46-20b8-4e67-a71f-c102ae8216be,H4J29KZBMAKAE737,user,2025-08-28 08:59:42.334961
72389870,bf996092-8d66-408a-8d8e-5065ca3330c2,967e785d-d83c-490b-8d6a-2ed926c956ac,967e785d-d83c-490b-8d6a-2ed926c956ac,urn:acs.rfis:rfi:967e785d-d83c-490b-8d6a-2ed926c956ac/87564a46-20b8-4e67-a71f-c102ae8216be,G5LJ2CH9PRAMRT7X,user,2025-08-28 08:59:42.334962
72389879,bf996092-8d66-408a-8d8e-5065ca3330c2,967e785d-d83c-490b-8d6a-2ed926c956ac,967e785d-d83c-490b-8d6a-2ed926c956ac,urn:acs.rfis:rfi:967e785d-d83c-490b-8d6a-2ed926c956ac/2806d303-c642-48b1-af1e-7e81ffb890fc,KNL28BHPJJMCM75F,user,2025-08-28 09:02:10.962493
72389880,bf996092-8d66-408a-8d8e-5065ca3330c2,967e785d-d83c-490b-8d6a-2ed926c956ac,967e785d-d83c-490b-8d6a-2ed926c956ac,urn:acs.rfis:rfi:967e785d-d83c-490b-8d6a-2ed926c956ac/2806d303-c642-48b1-af1e-7e81ffb890fc,MJU2FLVXJAQLGRH7,user,2025-08-28 09:02:10.962496
72389881,bf996092-8d66-408a-8d8e-5065ca3330c2,967e785d-d83c-490b-8d6a-2ed926c956ac,967e785d-d83c-490b-8d6a-2ed926c956ac,urn:acs.rfis:rfi:967e785d-d83c-490b-8d6a-2ed926c956ac/2806d303-c642-48b1-af1e-7e81ffb890fc,WK7J3NJWMTCK9UWQ,user,2025-08-28 09:02:10.962497
72389882,bf996092-8d66-408a-8d8e-5065ca3330c2,967e785d-d83c-490b-8d6a-2ed926c956ac,967e785d-d83c-490b-8d6a-2ed926c956ac,urn:acs.rfis:rfi:967e785d-d83c-490b-8d6a-2ed926c956ac/2806d303-c642-48b1-af1e-7e81ffb890fc,501949007,group,2025-08-28 09:02:10.962498
