id,sequence_id,instance_id,bim360_account_id,bim360_project_id,step_id,step_name,candidate_type,candidate_oxygen_id
198fd447-702c-498b-b297-6efd862aa524,58,71f28949-6947-11f0-9b63-0edefbbefc43,bf996092-8d66-408a-8d8e-5065ca3330c2,23142979-9fb6-4fd3-bd82-62d7e0add75f,Lane_OFglnfn9KB,Initiator,role,495513442
198fd447-702c-498b-b297-6efd862aa524,58,71f28949-6947-11f0-9b63-0edefbbefc43,bf996092-8d66-408a-8d8e-5065ca3330c2,23142979-9fb6-4fd3-bd82-62d7e0add75f,Lane_nBhTQbDvYT,Reviewer,role,495513366
198fd447-702c-498b-b297-6efd862aa524,58,71f28949-6947-11f0-9b63-0edefbbefc43,bf996092-8d66-408a-8d8e-5065ca3330c2,23142979-9fb6-4fd3-bd82-62d7e0add75f,Lane_nBhTQbDvYT,Reviewer,role,495513365
198fd447-702c-498b-b297-6efd862aa524,58,71f28949-6947-11f0-9b63-0edefbbefc43,bf996092-8d66-408a-8d8e-5065ca3330c2,23142979-9fb6-4fd3-bd82-62d7e0add75f,Lane_qrwwMJBzZw,Approver,role,495513368
05eccb2d-64a2-4006-96ee-1995d8c412d3,7,,bf996092-8d66-408a-8d8e-5065ca3330c2,23142979-9fb6-4fd3-bd82-62d7e0add75f,Lane_emFiAvSluF,Initiator,role,495513442
05eccb2d-64a2-4006-96ee-1995d8c412d3,7,,bf996092-8d66-408a-8d8e-5065ca3330c2,23142979-9fb6-4fd3-bd82-62d7e0add75f,Lane_b3UJoBsIU6,Reviewer,role,495513366
05eccb2d-64a2-4006-96ee-1995d8c412d3,7,,bf996092-8d66-408a-8d8e-5065ca3330c2,23142979-9fb6-4fd3-bd82-62d7e0add75f,Lane_b3UJoBsIU6,Reviewer,role,495513365
05eccb2d-64a2-4006-96ee-1995d8c412d3,7,,bf996092-8d66-408a-8d8e-5065ca3330c2,23142979-9fb6-4fd3-bd82-62d7e0add75f,Lane_0ZXLx0aJtq,Approver,role,495513368
a9fd5a1c-43f0-4c97-b64b-3c75b5dcc85e,26,f528f18a-30aa-11f0-a75b-02304916fd47,bf996092-8d66-408a-8d8e-5065ca3330c2,23142979-9fb6-4fd3-bd82-62d7e0add75f,Lane_gOYkFwT0tf,Initiator,role,526037266
a9fd5a1c-43f0-4c97-b64b-3c75b5dcc85e,26,f528f18a-30aa-11f0-a75b-02304916fd47,bf996092-8d66-408a-8d8e-5065ca3330c2,23142979-9fb6-4fd3-bd82-62d7e0add75f,Lane_iGgmsWM3oy,Approver,role,495513393
a2507942-6f39-405c-bf77-5d3e25b0c6c5,29,a8643ebb-30ae-11f0-886e-0affe10abe73,bf996092-8d66-408a-8d8e-5065ca3330c2,23142979-9fb6-4fd3-bd82-62d7e0add75f,Lane_gOYkFwT0tf,Initiator,role,526037266
a2507942-6f39-405c-bf77-5d3e25b0c6c5,29,a8643ebb-30ae-11f0-886e-0affe10abe73,bf996092-8d66-408a-8d8e-5065ca3330c2,23142979-9fb6-4fd3-bd82-62d7e0add75f,Lane_iGgmsWM3oy,Approver,role,495513393
a909eaed-235c-4b51-b5ec-59699376c3ad,27,6791f740-30ad-11f0-a305-0ea8b6e27dcf,bf996092-8d66-408a-8d8e-5065ca3330c2,23142979-9fb6-4fd3-bd82-62d7e0add75f,Lane_gOYkFwT0tf,Initiator,role,526037266
a909eaed-235c-4b51-b5ec-59699376c3ad,27,6791f740-30ad-11f0-a305-0ea8b6e27dcf,bf996092-8d66-408a-8d8e-5065ca3330c2,23142979-9fb6-4fd3-bd82-62d7e0add75f,Lane_iGgmsWM3oy,Approver,role,495513393
992c6c90-f562-46ee-906e-e5ae08b09b3c,28,ac1e563e-30ad-11f0-886e-0affe10abe73,bf996092-8d66-408a-8d8e-5065ca3330c2,23142979-9fb6-4fd3-bd82-62d7e0add75f,Lane_gOYkFwT0tf,Initiator,role,526037266
992c6c90-f562-46ee-906e-e5ae08b09b3c,28,ac1e563e-30ad-11f0-886e-0affe10abe73,bf996092-8d66-408a-8d8e-5065ca3330c2,23142979-9fb6-4fd3-bd82-62d7e0add75f,Lane_iGgmsWM3oy,Approver,role,495513393
84642ff5-cb13-4bb3-8570-a7065ebd58bf,30,52b762e1-30b1-11f0-a75b-02304916fd47,bf996092-8d66-408a-8d8e-5065ca3330c2,23142979-9fb6-4fd3-bd82-62d7e0add75f,Lane_gOYkFwT0tf,Initiator,role,526037266
84642ff5-cb13-4bb3-8570-a7065ebd58bf,30,52b762e1-30b1-11f0-a75b-02304916fd47,bf996092-8d66-408a-8d8e-5065ca3330c2,23142979-9fb6-4fd3-bd82-62d7e0add75f,Lane_iGgmsWM3oy,Approver,role,495513393
439d777c-3fda-4b1b-9c6a-edc5d53cc21b,31,86e7adb7-30b1-11f0-8c89-02bb37981eb5,bf996092-8d66-408a-8d8e-5065ca3330c2,23142979-9fb6-4fd3-bd82-62d7e0add75f,Lane_gOYkFwT0tf,Initiator,role,526037266
439d777c-3fda-4b1b-9c6a-edc5d53cc21b,31,86e7adb7-30b1-11f0-8c89-02bb37981eb5,bf996092-8d66-408a-8d8e-5065ca3330c2,23142979-9fb6-4fd3-bd82-62d7e0add75f,Lane_iGgmsWM3oy,Approver,role,495513393
59d7a699-9f3c-4238-96be-4065509ef96e,32,d226ad75-30b1-11f0-8ed5-0e90ccd82ecd,bf996092-8d66-408a-8d8e-5065ca3330c2,23142979-9fb6-4fd3-bd82-62d7e0add75f,Lane_gOYkFwT0tf,Initiator,role,526037266
59d7a699-9f3c-4238-96be-4065509ef96e,32,d226ad75-30b1-11f0-8ed5-0e90ccd82ecd,bf996092-8d66-408a-8d8e-5065ca3330c2,23142979-9fb6-4fd3-bd82-62d7e0add75f,Lane_iGgmsWM3oy,Approver,role,495513393
f2e39d1f-9085-44d4-83b2-45d3fd715279,33,0eaa29f7-30b2-11f0-a305-0ea8b6e27dcf,bf996092-8d66-408a-8d8e-5065ca3330c2,23142979-9fb6-4fd3-bd82-62d7e0add75f,Lane_gOYkFwT0tf,Initiator,role,526037266
f2e39d1f-9085-44d4-83b2-45d3fd715279,33,0eaa29f7-30b2-11f0-a305-0ea8b6e27dcf,bf996092-8d66-408a-8d8e-5065ca3330c2,23142979-9fb6-4fd3-bd82-62d7e0add75f,Lane_iGgmsWM3oy,Approver,role,495513393
6e7ef14c-bcda-423a-b7a5-ee25fbbb0736,34,398b55f1-30b2-11f0-9531-026648e652bf,bf996092-8d66-408a-8d8e-5065ca3330c2,23142979-9fb6-4fd3-bd82-62d7e0add75f,Lane_gOYkFwT0tf,Initiator,role,526037266
6e7ef14c-bcda-423a-b7a5-ee25fbbb0736,34,398b55f1-30b2-11f0-9531-026648e652bf,bf996092-8d66-408a-8d8e-5065ca3330c2,23142979-9fb6-4fd3-bd82-62d7e0add75f,Lane_iGgmsWM3oy,Approver,role,495513393
3e665f00-f530-4abd-8527-ee8ce3da3d0f,35,60144bb0-30b2-11f0-9c34-0afff02ff9e7,bf996092-8d66-408a-8d8e-5065ca3330c2,23142979-9fb6-4fd3-bd82-62d7e0add75f,Lane_gOYkFwT0tf,Initiator,role,526037266
3e665f00-f530-4abd-8527-ee8ce3da3d0f,35,60144bb0-30b2-11f0-9c34-0afff02ff9e7,bf996092-8d66-408a-8d8e-5065ca3330c2,23142979-9fb6-4fd3-bd82-62d7e0add75f,Lane_iGgmsWM3oy,Approver,role,495513393
293bb7fc-eae2-4f77-a7bd-2dabbe13cc53,36,a6d230a5-30b2-11f0-a305-0ea8b6e27dcf,bf996092-8d66-408a-8d8e-5065ca3330c2,23142979-9fb6-4fd3-bd82-62d7e0add75f,Lane_gOYkFwT0tf,Initiator,role,526037266
293bb7fc-eae2-4f77-a7bd-2dabbe13cc53,36,a6d230a5-30b2-11f0-a305-0ea8b6e27dcf,bf996092-8d66-408a-8d8e-5065ca3330c2,23142979-9fb6-4fd3-bd82-62d7e0add75f,Lane_iGgmsWM3oy,Approver,role,495513393
f37b0578-fd69-4959-87a3-002ad335ad84,37,d0158b07-30b2-11f0-9c34-0afff02ff9e7,bf996092-8d66-408a-8d8e-5065ca3330c2,23142979-9fb6-4fd3-bd82-62d7e0add75f,Lane_gOYkFwT0tf,Initiator,role,526037266
f37b0578-fd69-4959-87a3-002ad335ad84,37,d0158b07-30b2-11f0-9c34-0afff02ff9e7,bf996092-8d66-408a-8d8e-5065ca3330c2,23142979-9fb6-4fd3-bd82-62d7e0add75f,Lane_iGgmsWM3oy,Approver,role,495513393
dd9c17bb-69de-4273-bc01-f29422b555fe,38,f43f0d8a-30b2-11f0-a305-0ea8b6e27dcf,bf996092-8d66-408a-8d8e-5065ca3330c2,23142979-9fb6-4fd3-bd82-62d7e0add75f,Lane_gOYkFwT0tf,Initiator,role,526037266
dd9c17bb-69de-4273-bc01-f29422b555fe,38,f43f0d8a-30b2-11f0-a305-0ea8b6e27dcf,bf996092-8d66-408a-8d8e-5065ca3330c2,23142979-9fb6-4fd3-bd82-62d7e0add75f,Lane_iGgmsWM3oy,Approver,role,495513393
6d04c3fb-204d-448d-80fa-6eaedde1b648,39,1addad74-30b3-11f0-8ed5-0e90ccd82ecd,bf996092-8d66-408a-8d8e-5065ca3330c2,23142979-9fb6-4fd3-bd82-62d7e0add75f,Lane_gOYkFwT0tf,Initiator,role,526037266
6d04c3fb-204d-448d-80fa-6eaedde1b648,39,1addad74-30b3-11f0-8ed5-0e90ccd82ecd,bf996092-8d66-408a-8d8e-5065ca3330c2,23142979-9fb6-4fd3-bd82-62d7e0add75f,Lane_iGgmsWM3oy,Approver,role,495513393
1bbe3b96-8ff2-4c52-a3f3-36b504d31019,40,3829fba0-30b3-11f0-8ed5-0e90ccd82ecd,bf996092-8d66-408a-8d8e-5065ca3330c2,23142979-9fb6-4fd3-bd82-62d7e0add75f,Lane_gOYkFwT0tf,Initiator,role,526037266
1bbe3b96-8ff2-4c52-a3f3-36b504d31019,40,3829fba0-30b3-11f0-8ed5-0e90ccd82ecd,bf996092-8d66-408a-8d8e-5065ca3330c2,23142979-9fb6-4fd3-bd82-62d7e0add75f,Lane_iGgmsWM3oy,Approver,role,495513393
6d6b1d5f-0cf9-4c54-b5f3-c09640492a8b,42,7c2983e9-30b3-11f0-8ed5-0e90ccd82ecd,bf996092-8d66-408a-8d8e-5065ca3330c2,23142979-9fb6-4fd3-bd82-62d7e0add75f,Lane_gOYkFwT0tf,Initiator,role,526037266
6d6b1d5f-0cf9-4c54-b5f3-c09640492a8b,42,7c2983e9-30b3-11f0-8ed5-0e90ccd82ecd,bf996092-8d66-408a-8d8e-5065ca3330c2,23142979-9fb6-4fd3-bd82-62d7e0add75f,Lane_iGgmsWM3oy,Approver,role,495513393
8172f18d-fd60-4843-9bcf-340ad121cc3c,41,5b811235-30b3-11f0-8c89-02bb37981eb5,bf996092-8d66-408a-8d8e-5065ca3330c2,23142979-9fb6-4fd3-bd82-62d7e0add75f,Lane_gOYkFwT0tf,Initiator,role,526037266
8172f18d-fd60-4843-9bcf-340ad121cc3c,41,5b811235-30b3-11f0-8c89-02bb37981eb5,bf996092-8d66-408a-8d8e-5065ca3330c2,23142979-9fb6-4fd3-bd82-62d7e0add75f,Lane_iGgmsWM3oy,Approver,role,495513393
01ee224d-1e17-4b28-bdf1-2f9edd1b4f8b,43,9b02171c-30b3-11f0-a305-0ea8b6e27dcf,bf996092-8d66-408a-8d8e-5065ca3330c2,23142979-9fb6-4fd3-bd82-62d7e0add75f,Lane_gOYkFwT0tf,Initiator,role,526037266
01ee224d-1e17-4b28-bdf1-2f9edd1b4f8b,43,9b02171c-30b3-11f0-a305-0ea8b6e27dcf,bf996092-8d66-408a-8d8e-5065ca3330c2,23142979-9fb6-4fd3-bd82-62d7e0add75f,Lane_iGgmsWM3oy,Approver,role,495513393
9d7f0931-253b-4aea-9e5a-377b779d773e,44,ba254880-30b3-11f0-8c89-02bb37981eb5,bf996092-8d66-408a-8d8e-5065ca3330c2,23142979-9fb6-4fd3-bd82-62d7e0add75f,Lane_gOYkFwT0tf,Initiator,role,526037266
9d7f0931-253b-4aea-9e5a-377b779d773e,44,ba254880-30b3-11f0-8c89-02bb37981eb5,bf996092-8d66-408a-8d8e-5065ca3330c2,23142979-9fb6-4fd3-bd82-62d7e0add75f,Lane_iGgmsWM3oy,Approver,role,495513393
993ba4dd-1d1e-4d41-b3bc-13d9769364fa,45,d4880b37-30b3-11f0-8ed5-0e90ccd82ecd,bf996092-8d66-408a-8d8e-5065ca3330c2,23142979-9fb6-4fd3-bd82-62d7e0add75f,Lane_gOYkFwT0tf,Initiator,role,526037266
993ba4dd-1d1e-4d41-b3bc-13d9769364fa,45,d4880b37-30b3-11f0-8ed5-0e90ccd82ecd,bf996092-8d66-408a-8d8e-5065ca3330c2,23142979-9fb6-4fd3-bd82-62d7e0add75f,Lane_iGgmsWM3oy,Approver,role,495513393
e27dc7f9-31a6-40fe-86d3-c10162cc64a3,46,efe55ae7-30b3-11f0-8c89-02bb37981eb5,bf996092-8d66-408a-8d8e-5065ca3330c2,23142979-9fb6-4fd3-bd82-62d7e0add75f,Lane_gOYkFwT0tf,Initiator,role,526037266
e27dc7f9-31a6-40fe-86d3-c10162cc64a3,46,efe55ae7-30b3-11f0-8c89-02bb37981eb5,bf996092-8d66-408a-8d8e-5065ca3330c2,23142979-9fb6-4fd3-bd82-62d7e0add75f,Lane_iGgmsWM3oy,Approver,role,495513393
45fa4308-4424-4db7-b4e0-4029b8304dbe,47,10b07979-30b5-11f0-9531-026648e652bf,bf996092-8d66-408a-8d8e-5065ca3330c2,23142979-9fb6-4fd3-bd82-62d7e0add75f,Lane_gOYkFwT0tf,Initiator,role,526037266
45fa4308-4424-4db7-b4e0-4029b8304dbe,47,10b07979-30b5-11f0-9531-026648e652bf,bf996092-8d66-408a-8d8e-5065ca3330c2,23142979-9fb6-4fd3-bd82-62d7e0add75f,Lane_iGgmsWM3oy,Approver,role,495513393
1d1060d3-c067-4a9a-995b-7ebb23c217ee,48,371608cf-30b5-11f0-9c34-0afff02ff9e7,bf996092-8d66-408a-8d8e-5065ca3330c2,23142979-9fb6-4fd3-bd82-62d7e0add75f,Lane_gOYkFwT0tf,Initiator,role,526037266
1d1060d3-c067-4a9a-995b-7ebb23c217ee,48,371608cf-30b5-11f0-9c34-0afff02ff9e7,bf996092-8d66-408a-8d8e-5065ca3330c2,23142979-9fb6-4fd3-bd82-62d7e0add75f,Lane_iGgmsWM3oy,Approver,role,495513393
b3884630-844a-40cf-8df4-6abcea1535ac,49,6e7ec1aa-30b5-11f0-886e-0affe10abe73,bf996092-8d66-408a-8d8e-5065ca3330c2,23142979-9fb6-4fd3-bd82-62d7e0add75f,Lane_gOYkFwT0tf,Initiator,role,526037266
b3884630-844a-40cf-8df4-6abcea1535ac,49,6e7ec1aa-30b5-11f0-886e-0affe10abe73,bf996092-8d66-408a-8d8e-5065ca3330c2,23142979-9fb6-4fd3-bd82-62d7e0add75f,Lane_iGgmsWM3oy,Approver,role,495513393
5da3b0bc-9dfa-48d2-8887-9b98cdf86e02,50,f5d98699-30b6-11f0-92ca-0affce51bea9,bf996092-8d66-408a-8d8e-5065ca3330c2,23142979-9fb6-4fd3-bd82-62d7e0add75f,Lane_gOYkFwT0tf,Initiator,role,526037266
5da3b0bc-9dfa-48d2-8887-9b98cdf86e02,50,f5d98699-30b6-11f0-92ca-0affce51bea9,bf996092-8d66-408a-8d8e-5065ca3330c2,23142979-9fb6-4fd3-bd82-62d7e0add75f,Lane_iGgmsWM3oy,Approver,role,495513393
ce026b1f-1dee-4f24-8720-b44afeb2fa6b,10,1c08aa28-1606-11f0-920e-0affe6ef14c5,bf996092-8d66-408a-8d8e-5065ca3330c2,23142979-9fb6-4fd3-bd82-62d7e0add75f,Lane_CEwAhB8p9u,Initiator,role,495513426
ce026b1f-1dee-4f24-8720-b44afeb2fa6b,10,1c08aa28-1606-11f0-920e-0affe6ef14c5,bf996092-8d66-408a-8d8e-5065ca3330c2,23142979-9fb6-4fd3-bd82-62d7e0add75f,Lane_yMGJMOuyW7,Reviewer 1,role,495513442
ce026b1f-1dee-4f24-8720-b44afeb2fa6b,10,1c08aa28-1606-11f0-920e-0affe6ef14c5,bf996092-8d66-408a-8d8e-5065ca3330c2,23142979-9fb6-4fd3-bd82-62d7e0add75f,Lane_yMGJMOuyW7,Reviewer 1,role,495513428
ce026b1f-1dee-4f24-8720-b44afeb2fa6b,10,1c08aa28-1606-11f0-920e-0affe6ef14c5,bf996092-8d66-408a-8d8e-5065ca3330c2,23142979-9fb6-4fd3-bd82-62d7e0add75f,Lane_yMGJMOuyW7,Reviewer 1,role,495513431
ce026b1f-1dee-4f24-8720-b44afeb2fa6b,10,1c08aa28-1606-11f0-920e-0affe6ef14c5,bf996092-8d66-408a-8d8e-5065ca3330c2,23142979-9fb6-4fd3-bd82-62d7e0add75f,Lane_yMGJMOuyW7,Reviewer 1,role,495513411
ce026b1f-1dee-4f24-8720-b44afeb2fa6b,10,1c08aa28-1606-11f0-920e-0affe6ef14c5,bf996092-8d66-408a-8d8e-5065ca3330c2,23142979-9fb6-4fd3-bd82-62d7e0add75f,Lane_yMGJMOuyW7,Reviewer 1,role,495513415
ce026b1f-1dee-4f24-8720-b44afeb2fa6b,10,1c08aa28-1606-11f0-920e-0affe6ef14c5,bf996092-8d66-408a-8d8e-5065ca3330c2,23142979-9fb6-4fd3-bd82-62d7e0add75f,Lane_MTceCtc1Os,Reviewer 2,role,495513366
ce026b1f-1dee-4f24-8720-b44afeb2fa6b,10,1c08aa28-1606-11f0-920e-0affe6ef14c5,bf996092-8d66-408a-8d8e-5065ca3330c2,23142979-9fb6-4fd3-bd82-62d7e0add75f,Lane_MTceCtc1Os,Reviewer 2,role,495513365
ce026b1f-1dee-4f24-8720-b44afeb2fa6b,10,1c08aa28-1606-11f0-920e-0affe6ef14c5,bf996092-8d66-408a-8d8e-5065ca3330c2,23142979-9fb6-4fd3-bd82-62d7e0add75f,Lane_MTceCtc1Os,Reviewer 2,role,495513379
ce026b1f-1dee-4f24-8720-b44afeb2fa6b,10,1c08aa28-1606-11f0-920e-0affe6ef14c5,bf996092-8d66-408a-8d8e-5065ca3330c2,23142979-9fb6-4fd3-bd82-62d7e0add75f,Lane_MTceCtc1Os,Reviewer 2,role,495513362
ce026b1f-1dee-4f24-8720-b44afeb2fa6b,10,1c08aa28-1606-11f0-920e-0affe6ef14c5,bf996092-8d66-408a-8d8e-5065ca3330c2,23142979-9fb6-4fd3-bd82-62d7e0add75f,Lane_MTceCtc1Os,Reviewer 2,role,495513373
ce026b1f-1dee-4f24-8720-b44afeb2fa6b,10,1c08aa28-1606-11f0-920e-0affe6ef14c5,bf996092-8d66-408a-8d8e-5065ca3330c2,23142979-9fb6-4fd3-bd82-62d7e0add75f,Lane_MTceCtc1Os,Reviewer 2,role,495513361
ce026b1f-1dee-4f24-8720-b44afeb2fa6b,10,1c08aa28-1606-11f0-920e-0affe6ef14c5,bf996092-8d66-408a-8d8e-5065ca3330c2,23142979-9fb6-4fd3-bd82-62d7e0add75f,Lane_MTceCtc1Os,Reviewer 2,role,495513360
ce026b1f-1dee-4f24-8720-b44afeb2fa6b,10,1c08aa28-1606-11f0-920e-0affe6ef14c5,bf996092-8d66-408a-8d8e-5065ca3330c2,23142979-9fb6-4fd3-bd82-62d7e0add75f,Lane_MTceCtc1Os,Reviewer 2,role,495513367
ce026b1f-1dee-4f24-8720-b44afeb2fa6b,10,1c08aa28-1606-11f0-920e-0affe6ef14c5,bf996092-8d66-408a-8d8e-5065ca3330c2,23142979-9fb6-4fd3-bd82-62d7e0add75f,Lane_MTceCtc1Os,Reviewer 2,role,495513369
ce026b1f-1dee-4f24-8720-b44afeb2fa6b,10,1c08aa28-1606-11f0-920e-0affe6ef14c5,bf996092-8d66-408a-8d8e-5065ca3330c2,23142979-9fb6-4fd3-bd82-62d7e0add75f,Lane_prK257uhuI,Approver,role,495513368
26b371b5-4149-4793-8f40-fd0c5e2dd8fd,20,ae0b52ec-2b24-11f0-b49d-0affe9b08383,bf996092-8d66-408a-8d8e-5065ca3330c2,23142979-9fb6-4fd3-bd82-62d7e0add75f,Lane_CEwAhB8p9u,Initiator,role,495513426
26b371b5-4149-4793-8f40-fd0c5e2dd8fd,20,ae0b52ec-2b24-11f0-b49d-0affe9b08383,bf996092-8d66-408a-8d8e-5065ca3330c2,23142979-9fb6-4fd3-bd82-62d7e0add75f,Lane_yMGJMOuyW7,Reviewer 1,role,495513442
26b371b5-4149-4793-8f40-fd0c5e2dd8fd,20,ae0b52ec-2b24-11f0-b49d-0affe9b08383,bf996092-8d66-408a-8d8e-5065ca3330c2,23142979-9fb6-4fd3-bd82-62d7e0add75f,Lane_yMGJMOuyW7,Reviewer 1,role,495513428
26b371b5-4149-4793-8f40-fd0c5e2dd8fd,20,ae0b52ec-2b24-11f0-b49d-0affe9b08383,bf996092-8d66-408a-8d8e-5065ca3330c2,23142979-9fb6-4fd3-bd82-62d7e0add75f,Lane_yMGJMOuyW7,Reviewer 1,role,495513431
26b371b5-4149-4793-8f40-fd0c5e2dd8fd,20,ae0b52ec-2b24-11f0-b49d-0affe9b08383,bf996092-8d66-408a-8d8e-5065ca3330c2,23142979-9fb6-4fd3-bd82-62d7e0add75f,Lane_yMGJMOuyW7,Reviewer 1,role,495513411
26b371b5-4149-4793-8f40-fd0c5e2dd8fd,20,ae0b52ec-2b24-11f0-b49d-0affe9b08383,bf996092-8d66-408a-8d8e-5065ca3330c2,23142979-9fb6-4fd3-bd82-62d7e0add75f,Lane_yMGJMOuyW7,Reviewer 1,role,495513415
26b371b5-4149-4793-8f40-fd0c5e2dd8fd,20,ae0b52ec-2b24-11f0-b49d-0affe9b08383,bf996092-8d66-408a-8d8e-5065ca3330c2,23142979-9fb6-4fd3-bd82-62d7e0add75f,Lane_MTceCtc1Os,Reviewer 2,role,495513366
26b371b5-4149-4793-8f40-fd0c5e2dd8fd,20,ae0b52ec-2b24-11f0-b49d-0affe9b08383,bf996092-8d66-408a-8d8e-5065ca3330c2,23142979-9fb6-4fd3-bd82-62d7e0add75f,Lane_MTceCtc1Os,Reviewer 2,role,495513365
26b371b5-4149-4793-8f40-fd0c5e2dd8fd,20,ae0b52ec-2b24-11f0-b49d-0affe9b08383,bf996092-8d66-408a-8d8e-5065ca3330c2,23142979-9fb6-4fd3-bd82-62d7e0add75f,Lane_MTceCtc1Os,Reviewer 2,role,495513379
26b371b5-4149-4793-8f40-fd0c5e2dd8fd,20,ae0b52ec-2b24-11f0-b49d-0affe9b08383,bf996092-8d66-408a-8d8e-5065ca3330c2,23142979-9fb6-4fd3-bd82-62d7e0add75f,Lane_MTceCtc1Os,Reviewer 2,role,495513362
26b371b5-4149-4793-8f40-fd0c5e2dd8fd,20,ae0b52ec-2b24-11f0-b49d-0affe9b08383,bf996092-8d66-408a-8d8e-5065ca3330c2,23142979-9fb6-4fd3-bd82-62d7e0add75f,Lane_MTceCtc1Os,Reviewer 2,role,495513373
26b371b5-4149-4793-8f40-fd0c5e2dd8fd,20,ae0b52ec-2b24-11f0-b49d-0affe9b08383,bf996092-8d66-408a-8d8e-5065ca3330c2,23142979-9fb6-4fd3-bd82-62d7e0add75f,Lane_MTceCtc1Os,Reviewer 2,role,495513361
26b371b5-4149-4793-8f40-fd0c5e2dd8fd,20,ae0b52ec-2b24-11f0-b49d-0affe9b08383,bf996092-8d66-408a-8d8e-5065ca3330c2,23142979-9fb6-4fd3-bd82-62d7e0add75f,Lane_MTceCtc1Os,Reviewer 2,role,495513360
26b371b5-4149-4793-8f40-fd0c5e2dd8fd,20,ae0b52ec-2b24-11f0-b49d-0affe9b08383,bf996092-8d66-408a-8d8e-5065ca3330c2,23142979-9fb6-4fd3-bd82-62d7e0add75f,Lane_MTceCtc1Os,Reviewer 2,role,495513367
26b371b5-4149-4793-8f40-fd0c5e2dd8fd,20,ae0b52ec-2b24-11f0-b49d-0affe9b08383,bf996092-8d66-408a-8d8e-5065ca3330c2,23142979-9fb6-4fd3-bd82-62d7e0add75f,Lane_MTceCtc1Os,Reviewer 2,role,495513369
26b371b5-4149-4793-8f40-fd0c5e2dd8fd,20,ae0b52ec-2b24-11f0-b49d-0affe9b08383,bf996092-8d66-408a-8d8e-5065ca3330c2,23142979-9fb6-4fd3-bd82-62d7e0add75f,Lane_prK257uhuI,Approver,role,495513368
00f54580-dc19-4af1-8ae8-ee749b92b91a,14,,bf996092-8d66-408a-8d8e-5065ca3330c2,23142979-9fb6-4fd3-bd82-62d7e0add75f,Lane_OFglnfn9KB,Initiator,role,495513442
00f54580-dc19-4af1-8ae8-ee749b92b91a,14,,bf996092-8d66-408a-8d8e-5065ca3330c2,23142979-9fb6-4fd3-bd82-62d7e0add75f,Lane_nBhTQbDvYT,Reviewer,role,495513366
00f54580-dc19-4af1-8ae8-ee749b92b91a,14,,bf996092-8d66-408a-8d8e-5065ca3330c2,23142979-9fb6-4fd3-bd82-62d7e0add75f,Lane_nBhTQbDvYT,Reviewer,role,495513365
00f54580-dc19-4af1-8ae8-ee749b92b91a,14,,bf996092-8d66-408a-8d8e-5065ca3330c2,23142979-9fb6-4fd3-bd82-62d7e0add75f,Lane_qrwwMJBzZw,Approver,role,495513368
1177c134-ee34-46fe-a2b0-e7ce57545b5f,11,fd227f87-1695-11f0-b0a5-0e0917bbc323,bf996092-8d66-408a-8d8e-5065ca3330c2,23142979-9fb6-4fd3-bd82-62d7e0add75f,Lane_CEwAhB8p9u,Initiator,role,495513426
1177c134-ee34-46fe-a2b0-e7ce57545b5f,11,fd227f87-1695-11f0-b0a5-0e0917bbc323,bf996092-8d66-408a-8d8e-5065ca3330c2,23142979-9fb6-4fd3-bd82-62d7e0add75f,Lane_yMGJMOuyW7,Reviewer 1,role,495513442
1177c134-ee34-46fe-a2b0-e7ce57545b5f,11,fd227f87-1695-11f0-b0a5-0e0917bbc323,bf996092-8d66-408a-8d8e-5065ca3330c2,23142979-9fb6-4fd3-bd82-62d7e0add75f,Lane_yMGJMOuyW7,Reviewer 1,role,495513428
1177c134-ee34-46fe-a2b0-e7ce57545b5f,11,fd227f87-1695-11f0-b0a5-0e0917bbc323,bf996092-8d66-408a-8d8e-5065ca3330c2,23142979-9fb6-4fd3-bd82-62d7e0add75f,Lane_yMGJMOuyW7,Reviewer 1,role,495513431
1177c134-ee34-46fe-a2b0-e7ce57545b5f,11,fd227f87-1695-11f0-b0a5-0e0917bbc323,bf996092-8d66-408a-8d8e-5065ca3330c2,23142979-9fb6-4fd3-bd82-62d7e0add75f,Lane_yMGJMOuyW7,Reviewer 1,role,495513411
1177c134-ee34-46fe-a2b0-e7ce57545b5f,11,fd227f87-1695-11f0-b0a5-0e0917bbc323,bf996092-8d66-408a-8d8e-5065ca3330c2,23142979-9fb6-4fd3-bd82-62d7e0add75f,Lane_yMGJMOuyW7,Reviewer 1,role,495513415
1177c134-ee34-46fe-a2b0-e7ce57545b5f,11,fd227f87-1695-11f0-b0a5-0e0917bbc323,bf996092-8d66-408a-8d8e-5065ca3330c2,23142979-9fb6-4fd3-bd82-62d7e0add75f,Lane_MTceCtc1Os,Reviewer 2,role,495513366
1177c134-ee34-46fe-a2b0-e7ce57545b5f,11,fd227f87-1695-11f0-b0a5-0e0917bbc323,bf996092-8d66-408a-8d8e-5065ca3330c2,23142979-9fb6-4fd3-bd82-62d7e0add75f,Lane_MTceCtc1Os,Reviewer 2,role,495513365
1177c134-ee34-46fe-a2b0-e7ce57545b5f,11,fd227f87-1695-11f0-b0a5-0e0917bbc323,bf996092-8d66-408a-8d8e-5065ca3330c2,23142979-9fb6-4fd3-bd82-62d7e0add75f,Lane_MTceCtc1Os,Reviewer 2,role,495513379
1177c134-ee34-46fe-a2b0-e7ce57545b5f,11,fd227f87-1695-11f0-b0a5-0e0917bbc323,bf996092-8d66-408a-8d8e-5065ca3330c2,23142979-9fb6-4fd3-bd82-62d7e0add75f,Lane_MTceCtc1Os,Reviewer 2,role,495513362
1177c134-ee34-46fe-a2b0-e7ce57545b5f,11,fd227f87-1695-11f0-b0a5-0e0917bbc323,bf996092-8d66-408a-8d8e-5065ca3330c2,23142979-9fb6-4fd3-bd82-62d7e0add75f,Lane_MTceCtc1Os,Reviewer 2,role,495513373
1177c134-ee34-46fe-a2b0-e7ce57545b5f,11,fd227f87-1695-11f0-b0a5-0e0917bbc323,bf996092-8d66-408a-8d8e-5065ca3330c2,23142979-9fb6-4fd3-bd82-62d7e0add75f,Lane_MTceCtc1Os,Reviewer 2,role,495513361
1177c134-ee34-46fe-a2b0-e7ce57545b5f,11,fd227f87-1695-11f0-b0a5-0e0917bbc323,bf996092-8d66-408a-8d8e-5065ca3330c2,23142979-9fb6-4fd3-bd82-62d7e0add75f,Lane_MTceCtc1Os,Reviewer 2,role,495513360
1177c134-ee34-46fe-a2b0-e7ce57545b5f,11,fd227f87-1695-11f0-b0a5-0e0917bbc323,bf996092-8d66-408a-8d8e-5065ca3330c2,23142979-9fb6-4fd3-bd82-62d7e0add75f,Lane_MTceCtc1Os,Reviewer 2,role,495513367
1177c134-ee34-46fe-a2b0-e7ce57545b5f,11,fd227f87-1695-11f0-b0a5-0e0917bbc323,bf996092-8d66-408a-8d8e-5065ca3330c2,23142979-9fb6-4fd3-bd82-62d7e0add75f,Lane_MTceCtc1Os,Reviewer 2,role,495513369
1177c134-ee34-46fe-a2b0-e7ce57545b5f,11,fd227f87-1695-11f0-b0a5-0e0917bbc323,bf996092-8d66-408a-8d8e-5065ca3330c2,23142979-9fb6-4fd3-bd82-62d7e0add75f,Lane_prK257uhuI,Approver,role,495513368
9dc26db0-5800-4497-b8b7-d3deba91b95c,15,62192959-1c51-11f0-80fa-0affcb751e0d,bf996092-8d66-408a-8d8e-5065ca3330c2,23142979-9fb6-4fd3-bd82-62d7e0add75f,Lane_CEwAhB8p9u,Initiator,role,495513426
9dc26db0-5800-4497-b8b7-d3deba91b95c,15,62192959-1c51-11f0-80fa-0affcb751e0d,bf996092-8d66-408a-8d8e-5065ca3330c2,23142979-9fb6-4fd3-bd82-62d7e0add75f,Lane_yMGJMOuyW7,Reviewer 1,role,495513442
9dc26db0-5800-4497-b8b7-d3deba91b95c,15,62192959-1c51-11f0-80fa-0affcb751e0d,bf996092-8d66-408a-8d8e-5065ca3330c2,23142979-9fb6-4fd3-bd82-62d7e0add75f,Lane_yMGJMOuyW7,Reviewer 1,role,495513428
9dc26db0-5800-4497-b8b7-d3deba91b95c,15,62192959-1c51-11f0-80fa-0affcb751e0d,bf996092-8d66-408a-8d8e-5065ca3330c2,23142979-9fb6-4fd3-bd82-62d7e0add75f,Lane_yMGJMOuyW7,Reviewer 1,role,495513431
9dc26db0-5800-4497-b8b7-d3deba91b95c,15,62192959-1c51-11f0-80fa-0affcb751e0d,bf996092-8d66-408a-8d8e-5065ca3330c2,23142979-9fb6-4fd3-bd82-62d7e0add75f,Lane_yMGJMOuyW7,Reviewer 1,role,495513411
9dc26db0-5800-4497-b8b7-d3deba91b95c,15,62192959-1c51-11f0-80fa-0affcb751e0d,bf996092-8d66-408a-8d8e-5065ca3330c2,23142979-9fb6-4fd3-bd82-62d7e0add75f,Lane_yMGJMOuyW7,Reviewer 1,role,495513415
9dc26db0-5800-4497-b8b7-d3deba91b95c,15,62192959-1c51-11f0-80fa-0affcb751e0d,bf996092-8d66-408a-8d8e-5065ca3330c2,23142979-9fb6-4fd3-bd82-62d7e0add75f,Lane_MTceCtc1Os,Reviewer 2,role,495513366
9dc26db0-5800-4497-b8b7-d3deba91b95c,15,62192959-1c51-11f0-80fa-0affcb751e0d,bf996092-8d66-408a-8d8e-5065ca3330c2,23142979-9fb6-4fd3-bd82-62d7e0add75f,Lane_MTceCtc1Os,Reviewer 2,role,495513365
9dc26db0-5800-4497-b8b7-d3deba91b95c,15,62192959-1c51-11f0-80fa-0affcb751e0d,bf996092-8d66-408a-8d8e-5065ca3330c2,23142979-9fb6-4fd3-bd82-62d7e0add75f,Lane_MTceCtc1Os,Reviewer 2,role,495513379
9dc26db0-5800-4497-b8b7-d3deba91b95c,15,62192959-1c51-11f0-80fa-0affcb751e0d,bf996092-8d66-408a-8d8e-5065ca3330c2,23142979-9fb6-4fd3-bd82-62d7e0add75f,Lane_MTceCtc1Os,Reviewer 2,role,495513362
9dc26db0-5800-4497-b8b7-d3deba91b95c,15,62192959-1c51-11f0-80fa-0affcb751e0d,bf996092-8d66-408a-8d8e-5065ca3330c2,23142979-9fb6-4fd3-bd82-62d7e0add75f,Lane_MTceCtc1Os,Reviewer 2,role,495513373
9dc26db0-5800-4497-b8b7-d3deba91b95c,15,62192959-1c51-11f0-80fa-0affcb751e0d,bf996092-8d66-408a-8d8e-5065ca3330c2,23142979-9fb6-4fd3-bd82-62d7e0add75f,Lane_MTceCtc1Os,Reviewer 2,role,495513361
9dc26db0-5800-4497-b8b7-d3deba91b95c,15,62192959-1c51-11f0-80fa-0affcb751e0d,bf996092-8d66-408a-8d8e-5065ca3330c2,23142979-9fb6-4fd3-bd82-62d7e0add75f,Lane_MTceCtc1Os,Reviewer 2,role,495513360
9dc26db0-5800-4497-b8b7-d3deba91b95c,15,62192959-1c51-11f0-80fa-0affcb751e0d,bf996092-8d66-408a-8d8e-5065ca3330c2,23142979-9fb6-4fd3-bd82-62d7e0add75f,Lane_MTceCtc1Os,Reviewer 2,role,495513367
9dc26db0-5800-4497-b8b7-d3deba91b95c,15,62192959-1c51-11f0-80fa-0affcb751e0d,bf996092-8d66-408a-8d8e-5065ca3330c2,23142979-9fb6-4fd3-bd82-62d7e0add75f,Lane_MTceCtc1Os,Reviewer 2,role,495513369
9dc26db0-5800-4497-b8b7-d3deba91b95c,15,62192959-1c51-11f0-80fa-0affcb751e0d,bf996092-8d66-408a-8d8e-5065ca3330c2,23142979-9fb6-4fd3-bd82-62d7e0add75f,Lane_prK257uhuI,Approver,role,495513368
42706533-be8b-428e-bc42-1b4ea3168eb5,1,,bf996092-8d66-408a-8d8e-5065ca3330c2,23142979-9fb6-4fd3-bd82-62d7e0add75f,Lane_j2wAjrLzOQ,Initiator,role,495513444
42706533-be8b-428e-bc42-1b4ea3168eb5,1,,bf996092-8d66-408a-8d8e-5065ca3330c2,23142979-9fb6-4fd3-bd82-62d7e0add75f,Lane_tQUsiCYMas,Reviewer 1,role,495513442
42706533-be8b-428e-bc42-1b4ea3168eb5,1,,bf996092-8d66-408a-8d8e-5065ca3330c2,23142979-9fb6-4fd3-bd82-62d7e0add75f,Lane_tQUsiCYMas,Reviewer 1,role,495513364
42706533-be8b-428e-bc42-1b4ea3168eb5,1,,bf996092-8d66-408a-8d8e-5065ca3330c2,23142979-9fb6-4fd3-bd82-62d7e0add75f,Lane_tQUsiCYMas,Reviewer 1,role,495513366
42706533-be8b-428e-bc42-1b4ea3168eb5,1,,bf996092-8d66-408a-8d8e-5065ca3330c2,23142979-9fb6-4fd3-bd82-62d7e0add75f,Lane_tQUsiCYMas,Reviewer 1,role,495513365
42706533-be8b-428e-bc42-1b4ea3168eb5,1,,bf996092-8d66-408a-8d8e-5065ca3330c2,23142979-9fb6-4fd3-bd82-62d7e0add75f,Lane_OZ1VVVzqMh,Reviewer 2,role,495513431
42706533-be8b-428e-bc42-1b4ea3168eb5,1,,bf996092-8d66-408a-8d8e-5065ca3330c2,23142979-9fb6-4fd3-bd82-62d7e0add75f,Lane_OZ1VVVzqMh,Reviewer 2,role,495513415
42706533-be8b-428e-bc42-1b4ea3168eb5,1,,bf996092-8d66-408a-8d8e-5065ca3330c2,23142979-9fb6-4fd3-bd82-62d7e0add75f,Lane_OZ1VVVzqMh,Reviewer 2,role,495513411
42706533-be8b-428e-bc42-1b4ea3168eb5,1,,bf996092-8d66-408a-8d8e-5065ca3330c2,23142979-9fb6-4fd3-bd82-62d7e0add75f,Lane_Dj1TXXmxIp,Reviewer 3,role,495513371
42706533-be8b-428e-bc42-1b4ea3168eb5,1,,bf996092-8d66-408a-8d8e-5065ca3330c2,23142979-9fb6-4fd3-bd82-62d7e0add75f,Lane_Dj1TXXmxIp,Reviewer 3,role,495513370
42706533-be8b-428e-bc42-1b4ea3168eb5,1,,bf996092-8d66-408a-8d8e-5065ca3330c2,23142979-9fb6-4fd3-bd82-62d7e0add75f,Lane_Dj1TXXmxIp,Reviewer 3,role,495513361
42706533-be8b-428e-bc42-1b4ea3168eb5,1,,bf996092-8d66-408a-8d8e-5065ca3330c2,23142979-9fb6-4fd3-bd82-62d7e0add75f,Lane_Dj1TXXmxIp,Reviewer 3,role,495513360
42706533-be8b-428e-bc42-1b4ea3168eb5,1,,bf996092-8d66-408a-8d8e-5065ca3330c2,23142979-9fb6-4fd3-bd82-62d7e0add75f,Lane_Dj1TXXmxIp,Reviewer 3,role,495513367
42706533-be8b-428e-bc42-1b4ea3168eb5,1,,bf996092-8d66-408a-8d8e-5065ca3330c2,23142979-9fb6-4fd3-bd82-62d7e0add75f,Lane_Dj1TXXmxIp,Reviewer 3,role,495513369
42706533-be8b-428e-bc42-1b4ea3168eb5,1,,bf996092-8d66-408a-8d8e-5065ca3330c2,23142979-9fb6-4fd3-bd82-62d7e0add75f,Lane_Dj1TXXmxIp,Reviewer 3,role,495513373
42706533-be8b-428e-bc42-1b4ea3168eb5,1,,bf996092-8d66-408a-8d8e-5065ca3330c2,23142979-9fb6-4fd3-bd82-62d7e0add75f,Lane_Dj1TXXmxIp,Reviewer 3,role,495513362
42706533-be8b-428e-bc42-1b4ea3168eb5,1,,bf996092-8d66-408a-8d8e-5065ca3330c2,23142979-9fb6-4fd3-bd82-62d7e0add75f,Lane_Dj1TXXmxIp,Reviewer 3,role,495513379
42706533-be8b-428e-bc42-1b4ea3168eb5,1,,bf996092-8d66-408a-8d8e-5065ca3330c2,23142979-9fb6-4fd3-bd82-62d7e0add75f,Lane_1KgWDHR5Zv,Approver,role,495513368
7cc6e42a-9dae-423d-a9f7-79a4da6c6cd9,6,2b59cc6f-114b-11f0-ac03-0afff6b35a79,bf996092-8d66-408a-8d8e-5065ca3330c2,23142979-9fb6-4fd3-bd82-62d7e0add75f,Lane_fwcgtXDnXX,Initiator,role,495513426
7cc6e42a-9dae-423d-a9f7-79a4da6c6cd9,6,2b59cc6f-114b-11f0-ac03-0afff6b35a79,bf996092-8d66-408a-8d8e-5065ca3330c2,23142979-9fb6-4fd3-bd82-62d7e0add75f,Lane_c901RYGMdz,Reviewer 1,role,495513442
7cc6e42a-9dae-423d-a9f7-79a4da6c6cd9,6,2b59cc6f-114b-11f0-ac03-0afff6b35a79,bf996092-8d66-408a-8d8e-5065ca3330c2,23142979-9fb6-4fd3-bd82-62d7e0add75f,Lane_c901RYGMdz,Reviewer 1,role,495513428
7cc6e42a-9dae-423d-a9f7-79a4da6c6cd9,6,2b59cc6f-114b-11f0-ac03-0afff6b35a79,bf996092-8d66-408a-8d8e-5065ca3330c2,23142979-9fb6-4fd3-bd82-62d7e0add75f,Lane_c901RYGMdz,Reviewer 1,role,495513431
7cc6e42a-9dae-423d-a9f7-79a4da6c6cd9,6,2b59cc6f-114b-11f0-ac03-0afff6b35a79,bf996092-8d66-408a-8d8e-5065ca3330c2,23142979-9fb6-4fd3-bd82-62d7e0add75f,Lane_c901RYGMdz,Reviewer 1,role,495513411
7cc6e42a-9dae-423d-a9f7-79a4da6c6cd9,6,2b59cc6f-114b-11f0-ac03-0afff6b35a79,bf996092-8d66-408a-8d8e-5065ca3330c2,23142979-9fb6-4fd3-bd82-62d7e0add75f,Lane_c901RYGMdz,Reviewer 1,role,495513415
7cc6e42a-9dae-423d-a9f7-79a4da6c6cd9,6,2b59cc6f-114b-11f0-ac03-0afff6b35a79,bf996092-8d66-408a-8d8e-5065ca3330c2,23142979-9fb6-4fd3-bd82-62d7e0add75f,Lane_jGZwQQyfHG,Reviewer 2,role,495513366
7cc6e42a-9dae-423d-a9f7-79a4da6c6cd9,6,2b59cc6f-114b-11f0-ac03-0afff6b35a79,bf996092-8d66-408a-8d8e-5065ca3330c2,23142979-9fb6-4fd3-bd82-62d7e0add75f,Lane_jGZwQQyfHG,Reviewer 2,role,495513365
7cc6e42a-9dae-423d-a9f7-79a4da6c6cd9,6,2b59cc6f-114b-11f0-ac03-0afff6b35a79,bf996092-8d66-408a-8d8e-5065ca3330c2,23142979-9fb6-4fd3-bd82-62d7e0add75f,Lane_jGZwQQyfHG,Reviewer 2,role,495513379
7cc6e42a-9dae-423d-a9f7-79a4da6c6cd9,6,2b59cc6f-114b-11f0-ac03-0afff6b35a79,bf996092-8d66-408a-8d8e-5065ca3330c2,23142979-9fb6-4fd3-bd82-62d7e0add75f,Lane_jGZwQQyfHG,Reviewer 2,role,495513362
7cc6e42a-9dae-423d-a9f7-79a4da6c6cd9,6,2b59cc6f-114b-11f0-ac03-0afff6b35a79,bf996092-8d66-408a-8d8e-5065ca3330c2,23142979-9fb6-4fd3-bd82-62d7e0add75f,Lane_jGZwQQyfHG,Reviewer 2,role,495513373
7cc6e42a-9dae-423d-a9f7-79a4da6c6cd9,6,2b59cc6f-114b-11f0-ac03-0afff6b35a79,bf996092-8d66-408a-8d8e-5065ca3330c2,23142979-9fb6-4fd3-bd82-62d7e0add75f,Lane_jGZwQQyfHG,Reviewer 2,role,495513361
7cc6e42a-9dae-423d-a9f7-79a4da6c6cd9,6,2b59cc6f-114b-11f0-ac03-0afff6b35a79,bf996092-8d66-408a-8d8e-5065ca3330c2,23142979-9fb6-4fd3-bd82-62d7e0add75f,Lane_jGZwQQyfHG,Reviewer 2,role,495513360
7cc6e42a-9dae-423d-a9f7-79a4da6c6cd9,6,2b59cc6f-114b-11f0-ac03-0afff6b35a79,bf996092-8d66-408a-8d8e-5065ca3330c2,23142979-9fb6-4fd3-bd82-62d7e0add75f,Lane_jGZwQQyfHG,Reviewer 2,role,495513367
7cc6e42a-9dae-423d-a9f7-79a4da6c6cd9,6,2b59cc6f-114b-11f0-ac03-0afff6b35a79,bf996092-8d66-408a-8d8e-5065ca3330c2,23142979-9fb6-4fd3-bd82-62d7e0add75f,Lane_jGZwQQyfHG,Reviewer 2,role,495513369
7cc6e42a-9dae-423d-a9f7-79a4da6c6cd9,6,2b59cc6f-114b-11f0-ac03-0afff6b35a79,bf996092-8d66-408a-8d8e-5065ca3330c2,23142979-9fb6-4fd3-bd82-62d7e0add75f,Lane_mw6VxIVRWP,Approver,role,495513368
269afbe8-dc73-4cfe-b2ec-45b7d4d7209b,3,4156a2db-0fb1-11f0-8eef-02f308b15f31,bf996092-8d66-408a-8d8e-5065ca3330c2,23142979-9fb6-4fd3-bd82-62d7e0add75f,Lane_fwcgtXDnXX,Initiator,role,495513426
269afbe8-dc73-4cfe-b2ec-45b7d4d7209b,3,4156a2db-0fb1-11f0-8eef-02f308b15f31,bf996092-8d66-408a-8d8e-5065ca3330c2,23142979-9fb6-4fd3-bd82-62d7e0add75f,Lane_c901RYGMdz,Reviewer 1,role,495513442
269afbe8-dc73-4cfe-b2ec-45b7d4d7209b,3,4156a2db-0fb1-11f0-8eef-02f308b15f31,bf996092-8d66-408a-8d8e-5065ca3330c2,23142979-9fb6-4fd3-bd82-62d7e0add75f,Lane_c901RYGMdz,Reviewer 1,role,495513428
269afbe8-dc73-4cfe-b2ec-45b7d4d7209b,3,4156a2db-0fb1-11f0-8eef-02f308b15f31,bf996092-8d66-408a-8d8e-5065ca3330c2,23142979-9fb6-4fd3-bd82-62d7e0add75f,Lane_c901RYGMdz,Reviewer 1,role,495513431
269afbe8-dc73-4cfe-b2ec-45b7d4d7209b,3,4156a2db-0fb1-11f0-8eef-02f308b15f31,bf996092-8d66-408a-8d8e-5065ca3330c2,23142979-9fb6-4fd3-bd82-62d7e0add75f,Lane_c901RYGMdz,Reviewer 1,role,495513411
269afbe8-dc73-4cfe-b2ec-45b7d4d7209b,3,4156a2db-0fb1-11f0-8eef-02f308b15f31,bf996092-8d66-408a-8d8e-5065ca3330c2,23142979-9fb6-4fd3-bd82-62d7e0add75f,Lane_c901RYGMdz,Reviewer 1,role,495513415
269afbe8-dc73-4cfe-b2ec-45b7d4d7209b,3,4156a2db-0fb1-11f0-8eef-02f308b15f31,bf996092-8d66-408a-8d8e-5065ca3330c2,23142979-9fb6-4fd3-bd82-62d7e0add75f,Lane_jGZwQQyfHG,Reviewer 2,role,495513366
269afbe8-dc73-4cfe-b2ec-45b7d4d7209b,3,4156a2db-0fb1-11f0-8eef-02f308b15f31,bf996092-8d66-408a-8d8e-5065ca3330c2,23142979-9fb6-4fd3-bd82-62d7e0add75f,Lane_jGZwQQyfHG,Reviewer 2,role,495513365
269afbe8-dc73-4cfe-b2ec-45b7d4d7209b,3,4156a2db-0fb1-11f0-8eef-02f308b15f31,bf996092-8d66-408a-8d8e-5065ca3330c2,23142979-9fb6-4fd3-bd82-62d7e0add75f,Lane_jGZwQQyfHG,Reviewer 2,role,495513379
269afbe8-dc73-4cfe-b2ec-45b7d4d7209b,3,4156a2db-0fb1-11f0-8eef-02f308b15f31,bf996092-8d66-408a-8d8e-5065ca3330c2,23142979-9fb6-4fd3-bd82-62d7e0add75f,Lane_jGZwQQyfHG,Reviewer 2,role,495513362
269afbe8-dc73-4cfe-b2ec-45b7d4d7209b,3,4156a2db-0fb1-11f0-8eef-02f308b15f31,bf996092-8d66-408a-8d8e-5065ca3330c2,23142979-9fb6-4fd3-bd82-62d7e0add75f,Lane_jGZwQQyfHG,Reviewer 2,role,495513373
269afbe8-dc73-4cfe-b2ec-45b7d4d7209b,3,4156a2db-0fb1-11f0-8eef-02f308b15f31,bf996092-8d66-408a-8d8e-5065ca3330c2,23142979-9fb6-4fd3-bd82-62d7e0add75f,Lane_jGZwQQyfHG,Reviewer 2,role,495513361
269afbe8-dc73-4cfe-b2ec-45b7d4d7209b,3,4156a2db-0fb1-11f0-8eef-02f308b15f31,bf996092-8d66-408a-8d8e-5065ca3330c2,23142979-9fb6-4fd3-bd82-62d7e0add75f,Lane_jGZwQQyfHG,Reviewer 2,role,495513360
269afbe8-dc73-4cfe-b2ec-45b7d4d7209b,3,4156a2db-0fb1-11f0-8eef-02f308b15f31,bf996092-8d66-408a-8d8e-5065ca3330c2,23142979-9fb6-4fd3-bd82-62d7e0add75f,Lane_jGZwQQyfHG,Reviewer 2,role,495513367
269afbe8-dc73-4cfe-b2ec-45b7d4d7209b,3,4156a2db-0fb1-11f0-8eef-02f308b15f31,bf996092-8d66-408a-8d8e-5065ca3330c2,23142979-9fb6-4fd3-bd82-62d7e0add75f,Lane_jGZwQQyfHG,Reviewer 2,role,495513369
269afbe8-dc73-4cfe-b2ec-45b7d4d7209b,3,4156a2db-0fb1-11f0-8eef-02f308b15f31,bf996092-8d66-408a-8d8e-5065ca3330c2,23142979-9fb6-4fd3-bd82-62d7e0add75f,Lane_mw6VxIVRWP,Approver,role,495513368
67ff0a35-fbb3-400f-992a-e1cb421a6f62,4,ead42561-1146-11f0-93e8-0e1c43773ff1,bf996092-8d66-408a-8d8e-5065ca3330c2,23142979-9fb6-4fd3-bd82-62d7e0add75f,Lane_fwcgtXDnXX,Initiator,role,495513426
67ff0a35-fbb3-400f-992a-e1cb421a6f62,4,ead42561-1146-11f0-93e8-0e1c43773ff1,bf996092-8d66-408a-8d8e-5065ca3330c2,23142979-9fb6-4fd3-bd82-62d7e0add75f,Lane_c901RYGMdz,Reviewer 1,role,495513442
67ff0a35-fbb3-400f-992a-e1cb421a6f62,4,ead42561-1146-11f0-93e8-0e1c43773ff1,bf996092-8d66-408a-8d8e-5065ca3330c2,23142979-9fb6-4fd3-bd82-62d7e0add75f,Lane_c901RYGMdz,Reviewer 1,role,495513428
67ff0a35-fbb3-400f-992a-e1cb421a6f62,4,ead42561-1146-11f0-93e8-0e1c43773ff1,bf996092-8d66-408a-8d8e-5065ca3330c2,23142979-9fb6-4fd3-bd82-62d7e0add75f,Lane_c901RYGMdz,Reviewer 1,role,495513431
67ff0a35-fbb3-400f-992a-e1cb421a6f62,4,ead42561-1146-11f0-93e8-0e1c43773ff1,bf996092-8d66-408a-8d8e-5065ca3330c2,23142979-9fb6-4fd3-bd82-62d7e0add75f,Lane_c901RYGMdz,Reviewer 1,role,495513411
67ff0a35-fbb3-400f-992a-e1cb421a6f62,4,ead42561-1146-11f0-93e8-0e1c43773ff1,bf996092-8d66-408a-8d8e-5065ca3330c2,23142979-9fb6-4fd3-bd82-62d7e0add75f,Lane_c901RYGMdz,Reviewer 1,role,495513415
67ff0a35-fbb3-400f-992a-e1cb421a6f62,4,ead42561-1146-11f0-93e8-0e1c43773ff1,bf996092-8d66-408a-8d8e-5065ca3330c2,23142979-9fb6-4fd3-bd82-62d7e0add75f,Lane_jGZwQQyfHG,Reviewer 2,role,495513366
67ff0a35-fbb3-400f-992a-e1cb421a6f62,4,ead42561-1146-11f0-93e8-0e1c43773ff1,bf996092-8d66-408a-8d8e-5065ca3330c2,23142979-9fb6-4fd3-bd82-62d7e0add75f,Lane_jGZwQQyfHG,Reviewer 2,role,495513365
67ff0a35-fbb3-400f-992a-e1cb421a6f62,4,ead42561-1146-11f0-93e8-0e1c43773ff1,bf996092-8d66-408a-8d8e-5065ca3330c2,23142979-9fb6-4fd3-bd82-62d7e0add75f,Lane_jGZwQQyfHG,Reviewer 2,role,495513379
67ff0a35-fbb3-400f-992a-e1cb421a6f62,4,ead42561-1146-11f0-93e8-0e1c43773ff1,bf996092-8d66-408a-8d8e-5065ca3330c2,23142979-9fb6-4fd3-bd82-62d7e0add75f,Lane_jGZwQQyfHG,Reviewer 2,role,495513362
67ff0a35-fbb3-400f-992a-e1cb421a6f62,4,ead42561-1146-11f0-93e8-0e1c43773ff1,bf996092-8d66-408a-8d8e-5065ca3330c2,23142979-9fb6-4fd3-bd82-62d7e0add75f,Lane_jGZwQQyfHG,Reviewer 2,role,495513373
67ff0a35-fbb3-400f-992a-e1cb421a6f62,4,ead42561-1146-11f0-93e8-0e1c43773ff1,bf996092-8d66-408a-8d8e-5065ca3330c2,23142979-9fb6-4fd3-bd82-62d7e0add75f,Lane_jGZwQQyfHG,Reviewer 2,role,495513361
67ff0a35-fbb3-400f-992a-e1cb421a6f62,4,ead42561-1146-11f0-93e8-0e1c43773ff1,bf996092-8d66-408a-8d8e-5065ca3330c2,23142979-9fb6-4fd3-bd82-62d7e0add75f,Lane_jGZwQQyfHG,Reviewer 2,role,495513360
67ff0a35-fbb3-400f-992a-e1cb421a6f62,4,ead42561-1146-11f0-93e8-0e1c43773ff1,bf996092-8d66-408a-8d8e-5065ca3330c2,23142979-9fb6-4fd3-bd82-62d7e0add75f,Lane_jGZwQQyfHG,Reviewer 2,role,495513367
67ff0a35-fbb3-400f-992a-e1cb421a6f62,4,ead42561-1146-11f0-93e8-0e1c43773ff1,bf996092-8d66-408a-8d8e-5065ca3330c2,23142979-9fb6-4fd3-bd82-62d7e0add75f,Lane_jGZwQQyfHG,Reviewer 2,role,495513369
67ff0a35-fbb3-400f-992a-e1cb421a6f62,4,ead42561-1146-11f0-93e8-0e1c43773ff1,bf996092-8d66-408a-8d8e-5065ca3330c2,23142979-9fb6-4fd3-bd82-62d7e0add75f,Lane_mw6VxIVRWP,Approver,role,495513368
93626c79-325b-4113-9dae-932893b3d648,5,548f08a6-1149-11f0-a92b-0affc9f8c5df,bf996092-8d66-408a-8d8e-5065ca3330c2,23142979-9fb6-4fd3-bd82-62d7e0add75f,Lane_fwcgtXDnXX,Initiator,role,495513426
93626c79-325b-4113-9dae-932893b3d648,5,548f08a6-1149-11f0-a92b-0affc9f8c5df,bf996092-8d66-408a-8d8e-5065ca3330c2,23142979-9fb6-4fd3-bd82-62d7e0add75f,Lane_c901RYGMdz,Reviewer 1,role,495513442
93626c79-325b-4113-9dae-932893b3d648,5,548f08a6-1149-11f0-a92b-0affc9f8c5df,bf996092-8d66-408a-8d8e-5065ca3330c2,23142979-9fb6-4fd3-bd82-62d7e0add75f,Lane_c901RYGMdz,Reviewer 1,role,495513428
93626c79-325b-4113-9dae-932893b3d648,5,548f08a6-1149-11f0-a92b-0affc9f8c5df,bf996092-8d66-408a-8d8e-5065ca3330c2,23142979-9fb6-4fd3-bd82-62d7e0add75f,Lane_c901RYGMdz,Reviewer 1,role,495513431
93626c79-325b-4113-9dae-932893b3d648,5,548f08a6-1149-11f0-a92b-0affc9f8c5df,bf996092-8d66-408a-8d8e-5065ca3330c2,23142979-9fb6-4fd3-bd82-62d7e0add75f,Lane_c901RYGMdz,Reviewer 1,role,495513411
93626c79-325b-4113-9dae-932893b3d648,5,548f08a6-1149-11f0-a92b-0affc9f8c5df,bf996092-8d66-408a-8d8e-5065ca3330c2,23142979-9fb6-4fd3-bd82-62d7e0add75f,Lane_c901RYGMdz,Reviewer 1,role,495513415
93626c79-325b-4113-9dae-932893b3d648,5,548f08a6-1149-11f0-a92b-0affc9f8c5df,bf996092-8d66-408a-8d8e-5065ca3330c2,23142979-9fb6-4fd3-bd82-62d7e0add75f,Lane_jGZwQQyfHG,Reviewer 2,role,495513366
93626c79-325b-4113-9dae-932893b3d648,5,548f08a6-1149-11f0-a92b-0affc9f8c5df,bf996092-8d66-408a-8d8e-5065ca3330c2,23142979-9fb6-4fd3-bd82-62d7e0add75f,Lane_jGZwQQyfHG,Reviewer 2,role,495513365
93626c79-325b-4113-9dae-932893b3d648,5,548f08a6-1149-11f0-a92b-0affc9f8c5df,bf996092-8d66-408a-8d8e-5065ca3330c2,23142979-9fb6-4fd3-bd82-62d7e0add75f,Lane_jGZwQQyfHG,Reviewer 2,role,495513379
93626c79-325b-4113-9dae-932893b3d648,5,548f08a6-1149-11f0-a92b-0affc9f8c5df,bf996092-8d66-408a-8d8e-5065ca3330c2,23142979-9fb6-4fd3-bd82-62d7e0add75f,Lane_jGZwQQyfHG,Reviewer 2,role,495513362
93626c79-325b-4113-9dae-932893b3d648,5,548f08a6-1149-11f0-a92b-0affc9f8c5df,bf996092-8d66-408a-8d8e-5065ca3330c2,23142979-9fb6-4fd3-bd82-62d7e0add75f,Lane_jGZwQQyfHG,Reviewer 2,role,495513373
93626c79-325b-4113-9dae-932893b3d648,5,548f08a6-1149-11f0-a92b-0affc9f8c5df,bf996092-8d66-408a-8d8e-5065ca3330c2,23142979-9fb6-4fd3-bd82-62d7e0add75f,Lane_jGZwQQyfHG,Reviewer 2,role,495513361
93626c79-325b-4113-9dae-932893b3d648,5,548f08a6-1149-11f0-a92b-0affc9f8c5df,bf996092-8d66-408a-8d8e-5065ca3330c2,23142979-9fb6-4fd3-bd82-62d7e0add75f,Lane_jGZwQQyfHG,Reviewer 2,role,495513360
93626c79-325b-4113-9dae-932893b3d648,5,548f08a6-1149-11f0-a92b-0affc9f8c5df,bf996092-8d66-408a-8d8e-5065ca3330c2,23142979-9fb6-4fd3-bd82-62d7e0add75f,Lane_jGZwQQyfHG,Reviewer 2,role,495513367
93626c79-325b-4113-9dae-932893b3d648,5,548f08a6-1149-11f0-a92b-0affc9f8c5df,bf996092-8d66-408a-8d8e-5065ca3330c2,23142979-9fb6-4fd3-bd82-62d7e0add75f,Lane_jGZwQQyfHG,Reviewer 2,role,495513369
93626c79-325b-4113-9dae-932893b3d648,5,548f08a6-1149-11f0-a92b-0affc9f8c5df,bf996092-8d66-408a-8d8e-5065ca3330c2,23142979-9fb6-4fd3-bd82-62d7e0add75f,Lane_mw6VxIVRWP,Approver,role,495513368
40e22118-4503-456c-aa3a-419364ef733e,2,,bf996092-8d66-408a-8d8e-5065ca3330c2,23142979-9fb6-4fd3-bd82-62d7e0add75f,Lane_j2wAjrLzOQ,Initiator,role,495513444
40e22118-4503-456c-aa3a-419364ef733e,2,,bf996092-8d66-408a-8d8e-5065ca3330c2,23142979-9fb6-4fd3-bd82-62d7e0add75f,Lane_tQUsiCYMas,Reviewer 1,role,495513442
40e22118-4503-456c-aa3a-419364ef733e,2,,bf996092-8d66-408a-8d8e-5065ca3330c2,23142979-9fb6-4fd3-bd82-62d7e0add75f,Lane_tQUsiCYMas,Reviewer 1,role,495513364
40e22118-4503-456c-aa3a-419364ef733e,2,,bf996092-8d66-408a-8d8e-5065ca3330c2,23142979-9fb6-4fd3-bd82-62d7e0add75f,Lane_tQUsiCYMas,Reviewer 1,role,495513366
40e22118-4503-456c-aa3a-419364ef733e,2,,bf996092-8d66-408a-8d8e-5065ca3330c2,23142979-9fb6-4fd3-bd82-62d7e0add75f,Lane_tQUsiCYMas,Reviewer 1,role,495513365
40e22118-4503-456c-aa3a-419364ef733e,2,,bf996092-8d66-408a-8d8e-5065ca3330c2,23142979-9fb6-4fd3-bd82-62d7e0add75f,Lane_OZ1VVVzqMh,Reviewer 2,role,495513431
40e22118-4503-456c-aa3a-419364ef733e,2,,bf996092-8d66-408a-8d8e-5065ca3330c2,23142979-9fb6-4fd3-bd82-62d7e0add75f,Lane_OZ1VVVzqMh,Reviewer 2,role,495513415
40e22118-4503-456c-aa3a-419364ef733e,2,,bf996092-8d66-408a-8d8e-5065ca3330c2,23142979-9fb6-4fd3-bd82-62d7e0add75f,Lane_OZ1VVVzqMh,Reviewer 2,role,495513411
40e22118-4503-456c-aa3a-419364ef733e,2,,bf996092-8d66-408a-8d8e-5065ca3330c2,23142979-9fb6-4fd3-bd82-62d7e0add75f,Lane_Dj1TXXmxIp,Reviewer 3,role,495513371
40e22118-4503-456c-aa3a-419364ef733e,2,,bf996092-8d66-408a-8d8e-5065ca3330c2,23142979-9fb6-4fd3-bd82-62d7e0add75f,Lane_Dj1TXXmxIp,Reviewer 3,role,495513370
40e22118-4503-456c-aa3a-419364ef733e,2,,bf996092-8d66-408a-8d8e-5065ca3330c2,23142979-9fb6-4fd3-bd82-62d7e0add75f,Lane_Dj1TXXmxIp,Reviewer 3,role,495513361
40e22118-4503-456c-aa3a-419364ef733e,2,,bf996092-8d66-408a-8d8e-5065ca3330c2,23142979-9fb6-4fd3-bd82-62d7e0add75f,Lane_Dj1TXXmxIp,Reviewer 3,role,495513360
40e22118-4503-456c-aa3a-419364ef733e,2,,bf996092-8d66-408a-8d8e-5065ca3330c2,23142979-9fb6-4fd3-bd82-62d7e0add75f,Lane_Dj1TXXmxIp,Reviewer 3,role,495513367
40e22118-4503-456c-aa3a-419364ef733e,2,,bf996092-8d66-408a-8d8e-5065ca3330c2,23142979-9fb6-4fd3-bd82-62d7e0add75f,Lane_Dj1TXXmxIp,Reviewer 3,role,495513369
40e22118-4503-456c-aa3a-419364ef733e,2,,bf996092-8d66-408a-8d8e-5065ca3330c2,23142979-9fb6-4fd3-bd82-62d7e0add75f,Lane_Dj1TXXmxIp,Reviewer 3,role,495513373
40e22118-4503-456c-aa3a-419364ef733e,2,,bf996092-8d66-408a-8d8e-5065ca3330c2,23142979-9fb6-4fd3-bd82-62d7e0add75f,Lane_Dj1TXXmxIp,Reviewer 3,role,495513362
40e22118-4503-456c-aa3a-419364ef733e,2,,bf996092-8d66-408a-8d8e-5065ca3330c2,23142979-9fb6-4fd3-bd82-62d7e0add75f,Lane_Dj1TXXmxIp,Reviewer 3,role,495513379
40e22118-4503-456c-aa3a-419364ef733e,2,,bf996092-8d66-408a-8d8e-5065ca3330c2,23142979-9fb6-4fd3-bd82-62d7e0add75f,Lane_1KgWDHR5Zv,Approver,role,495513368
ee74e088-79b2-4055-b1ef-4deeb20dc71a,65,3962533f-8243-11f0-9661-0afff06a47b1,bf996092-8d66-408a-8d8e-5065ca3330c2,23142979-9fb6-4fd3-bd82-62d7e0add75f,Lane_YTcy8GO9AV,Initiator,role,495513444
ee74e088-79b2-4055-b1ef-4deeb20dc71a,65,3962533f-8243-11f0-9661-0afff06a47b1,bf996092-8d66-408a-8d8e-5065ca3330c2,23142979-9fb6-4fd3-bd82-62d7e0add75f,Lane_qzc7hBRVOb,Reviewer 1,user,8P32P78GQMSARQ95
ee74e088-79b2-4055-b1ef-4deeb20dc71a,65,3962533f-8243-11f0-9661-0afff06a47b1,bf996092-8d66-408a-8d8e-5065ca3330c2,23142979-9fb6-4fd3-bd82-62d7e0add75f,Lane_qzc7hBRVOb,Reviewer 1,role,495513442
ee74e088-79b2-4055-b1ef-4deeb20dc71a,65,3962533f-8243-11f0-9661-0afff06a47b1,bf996092-8d66-408a-8d8e-5065ca3330c2,23142979-9fb6-4fd3-bd82-62d7e0add75f,Lane_qzc7hBRVOb,Reviewer 1,role,495513366
ee74e088-79b2-4055-b1ef-4deeb20dc71a,65,3962533f-8243-11f0-9661-0afff06a47b1,bf996092-8d66-408a-8d8e-5065ca3330c2,23142979-9fb6-4fd3-bd82-62d7e0add75f,Lane_qzc7hBRVOb,Reviewer 1,role,495513365
ee74e088-79b2-4055-b1ef-4deeb20dc71a,65,3962533f-8243-11f0-9661-0afff06a47b1,bf996092-8d66-408a-8d8e-5065ca3330c2,23142979-9fb6-4fd3-bd82-62d7e0add75f,Lane_XhltBYONUr,Reviewer 2,role,495513431
ee74e088-79b2-4055-b1ef-4deeb20dc71a,65,3962533f-8243-11f0-9661-0afff06a47b1,bf996092-8d66-408a-8d8e-5065ca3330c2,23142979-9fb6-4fd3-bd82-62d7e0add75f,Lane_XhltBYONUr,Reviewer 2,role,495513415
ee74e088-79b2-4055-b1ef-4deeb20dc71a,65,3962533f-8243-11f0-9661-0afff06a47b1,bf996092-8d66-408a-8d8e-5065ca3330c2,23142979-9fb6-4fd3-bd82-62d7e0add75f,Lane_XhltBYONUr,Reviewer 2,role,495513411
ee74e088-79b2-4055-b1ef-4deeb20dc71a,65,3962533f-8243-11f0-9661-0afff06a47b1,bf996092-8d66-408a-8d8e-5065ca3330c2,23142979-9fb6-4fd3-bd82-62d7e0add75f,Lane_tzNzU6AoAf,Reviewer 3,role,495513371
ee74e088-79b2-4055-b1ef-4deeb20dc71a,65,3962533f-8243-11f0-9661-0afff06a47b1,bf996092-8d66-408a-8d8e-5065ca3330c2,23142979-9fb6-4fd3-bd82-62d7e0add75f,Lane_tzNzU6AoAf,Reviewer 3,role,495513370
ee74e088-79b2-4055-b1ef-4deeb20dc71a,65,3962533f-8243-11f0-9661-0afff06a47b1,bf996092-8d66-408a-8d8e-5065ca3330c2,23142979-9fb6-4fd3-bd82-62d7e0add75f,Lane_tzNzU6AoAf,Reviewer 3,role,495513361
ee74e088-79b2-4055-b1ef-4deeb20dc71a,65,3962533f-8243-11f0-9661-0afff06a47b1,bf996092-8d66-408a-8d8e-5065ca3330c2,23142979-9fb6-4fd3-bd82-62d7e0add75f,Lane_tzNzU6AoAf,Reviewer 3,role,495513360
ee74e088-79b2-4055-b1ef-4deeb20dc71a,65,3962533f-8243-11f0-9661-0afff06a47b1,bf996092-8d66-408a-8d8e-5065ca3330c2,23142979-9fb6-4fd3-bd82-62d7e0add75f,Lane_tzNzU6AoAf,Reviewer 3,role,495513367
ee74e088-79b2-4055-b1ef-4deeb20dc71a,65,3962533f-8243-11f0-9661-0afff06a47b1,bf996092-8d66-408a-8d8e-5065ca3330c2,23142979-9fb6-4fd3-bd82-62d7e0add75f,Lane_tzNzU6AoAf,Reviewer 3,role,495513369
ee74e088-79b2-4055-b1ef-4deeb20dc71a,65,3962533f-8243-11f0-9661-0afff06a47b1,bf996092-8d66-408a-8d8e-5065ca3330c2,23142979-9fb6-4fd3-bd82-62d7e0add75f,Lane_tzNzU6AoAf,Reviewer 3,role,495513373
ee74e088-79b2-4055-b1ef-4deeb20dc71a,65,3962533f-8243-11f0-9661-0afff06a47b1,bf996092-8d66-408a-8d8e-5065ca3330c2,23142979-9fb6-4fd3-bd82-62d7e0add75f,Lane_tzNzU6AoAf,Reviewer 3,role,495513362
ee74e088-79b2-4055-b1ef-4deeb20dc71a,65,3962533f-8243-11f0-9661-0afff06a47b1,bf996092-8d66-408a-8d8e-5065ca3330c2,23142979-9fb6-4fd3-bd82-62d7e0add75f,Lane_tzNzU6AoAf,Reviewer 3,role,495513379
ee74e088-79b2-4055-b1ef-4deeb20dc71a,65,3962533f-8243-11f0-9661-0afff06a47b1,bf996092-8d66-408a-8d8e-5065ca3330c2,23142979-9fb6-4fd3-bd82-62d7e0add75f,Lane_ryZjpyE76v,Approver,role,495513368
dd03ee13-60c5-4dd7-9cd8-9059e334e28d,13,1f739d80-1b8b-11f0-b0a5-0e0917bbc323,bf996092-8d66-408a-8d8e-5065ca3330c2,23142979-9fb6-4fd3-bd82-62d7e0add75f,Lane_OFglnfn9KB,Initiator,role,495513442
dd03ee13-60c5-4dd7-9cd8-9059e334e28d,13,1f739d80-1b8b-11f0-b0a5-0e0917bbc323,bf996092-8d66-408a-8d8e-5065ca3330c2,23142979-9fb6-4fd3-bd82-62d7e0add75f,Lane_nBhTQbDvYT,Reviewer,role,495513366
dd03ee13-60c5-4dd7-9cd8-9059e334e28d,13,1f739d80-1b8b-11f0-b0a5-0e0917bbc323,bf996092-8d66-408a-8d8e-5065ca3330c2,23142979-9fb6-4fd3-bd82-62d7e0add75f,Lane_nBhTQbDvYT,Reviewer,role,495513365
dd03ee13-60c5-4dd7-9cd8-9059e334e28d,13,1f739d80-1b8b-11f0-b0a5-0e0917bbc323,bf996092-8d66-408a-8d8e-5065ca3330c2,23142979-9fb6-4fd3-bd82-62d7e0add75f,Lane_qrwwMJBzZw,Approver,role,495513368
7cef807a-3719-447f-8b7d-06d0f65f6388,17,bb7d0810-2722-11f0-bcf3-0afff39e4007,bf996092-8d66-408a-8d8e-5065ca3330c2,23142979-9fb6-4fd3-bd82-62d7e0add75f,Lane_OFglnfn9KB,Initiator,role,495513442
7cef807a-3719-447f-8b7d-06d0f65f6388,17,bb7d0810-2722-11f0-bcf3-0afff39e4007,bf996092-8d66-408a-8d8e-5065ca3330c2,23142979-9fb6-4fd3-bd82-62d7e0add75f,Lane_nBhTQbDvYT,Reviewer,role,495513366
7cef807a-3719-447f-8b7d-06d0f65f6388,17,bb7d0810-2722-11f0-bcf3-0afff39e4007,bf996092-8d66-408a-8d8e-5065ca3330c2,23142979-9fb6-4fd3-bd82-62d7e0add75f,Lane_nBhTQbDvYT,Reviewer,role,495513365
7cef807a-3719-447f-8b7d-06d0f65f6388,17,bb7d0810-2722-11f0-bcf3-0afff39e4007,bf996092-8d66-408a-8d8e-5065ca3330c2,23142979-9fb6-4fd3-bd82-62d7e0add75f,Lane_qrwwMJBzZw,Approver,role,495513368
9c388730-bfaa-429d-af78-bc4ba834bae0,12,9de75f9a-1b82-11f0-85fd-0e68d857e20d,bf996092-8d66-408a-8d8e-5065ca3330c2,23142979-9fb6-4fd3-bd82-62d7e0add75f,Lane_CEwAhB8p9u,Initiator,role,495513426
9c388730-bfaa-429d-af78-bc4ba834bae0,12,9de75f9a-1b82-11f0-85fd-0e68d857e20d,bf996092-8d66-408a-8d8e-5065ca3330c2,23142979-9fb6-4fd3-bd82-62d7e0add75f,Lane_yMGJMOuyW7,Reviewer 1,role,495513442
9c388730-bfaa-429d-af78-bc4ba834bae0,12,9de75f9a-1b82-11f0-85fd-0e68d857e20d,bf996092-8d66-408a-8d8e-5065ca3330c2,23142979-9fb6-4fd3-bd82-62d7e0add75f,Lane_yMGJMOuyW7,Reviewer 1,role,495513428
9c388730-bfaa-429d-af78-bc4ba834bae0,12,9de75f9a-1b82-11f0-85fd-0e68d857e20d,bf996092-8d66-408a-8d8e-5065ca3330c2,23142979-9fb6-4fd3-bd82-62d7e0add75f,Lane_yMGJMOuyW7,Reviewer 1,role,495513431
9c388730-bfaa-429d-af78-bc4ba834bae0,12,9de75f9a-1b82-11f0-85fd-0e68d857e20d,bf996092-8d66-408a-8d8e-5065ca3330c2,23142979-9fb6-4fd3-bd82-62d7e0add75f,Lane_yMGJMOuyW7,Reviewer 1,role,495513411
9c388730-bfaa-429d-af78-bc4ba834bae0,12,9de75f9a-1b82-11f0-85fd-0e68d857e20d,bf996092-8d66-408a-8d8e-5065ca3330c2,23142979-9fb6-4fd3-bd82-62d7e0add75f,Lane_yMGJMOuyW7,Reviewer 1,role,495513415
9c388730-bfaa-429d-af78-bc4ba834bae0,12,9de75f9a-1b82-11f0-85fd-0e68d857e20d,bf996092-8d66-408a-8d8e-5065ca3330c2,23142979-9fb6-4fd3-bd82-62d7e0add75f,Lane_MTceCtc1Os,Reviewer 2,role,495513366
9c388730-bfaa-429d-af78-bc4ba834bae0,12,9de75f9a-1b82-11f0-85fd-0e68d857e20d,bf996092-8d66-408a-8d8e-5065ca3330c2,23142979-9fb6-4fd3-bd82-62d7e0add75f,Lane_MTceCtc1Os,Reviewer 2,role,495513365
9c388730-bfaa-429d-af78-bc4ba834bae0,12,9de75f9a-1b82-11f0-85fd-0e68d857e20d,bf996092-8d66-408a-8d8e-5065ca3330c2,23142979-9fb6-4fd3-bd82-62d7e0add75f,Lane_MTceCtc1Os,Reviewer 2,role,495513379
9c388730-bfaa-429d-af78-bc4ba834bae0,12,9de75f9a-1b82-11f0-85fd-0e68d857e20d,bf996092-8d66-408a-8d8e-5065ca3330c2,23142979-9fb6-4fd3-bd82-62d7e0add75f,Lane_MTceCtc1Os,Reviewer 2,role,495513362
9c388730-bfaa-429d-af78-bc4ba834bae0,12,9de75f9a-1b82-11f0-85fd-0e68d857e20d,bf996092-8d66-408a-8d8e-5065ca3330c2,23142979-9fb6-4fd3-bd82-62d7e0add75f,Lane_MTceCtc1Os,Reviewer 2,role,495513373
9c388730-bfaa-429d-af78-bc4ba834bae0,12,9de75f9a-1b82-11f0-85fd-0e68d857e20d,bf996092-8d66-408a-8d8e-5065ca3330c2,23142979-9fb6-4fd3-bd82-62d7e0add75f,Lane_MTceCtc1Os,Reviewer 2,role,495513361
9c388730-bfaa-429d-af78-bc4ba834bae0,12,9de75f9a-1b82-11f0-85fd-0e68d857e20d,bf996092-8d66-408a-8d8e-5065ca3330c2,23142979-9fb6-4fd3-bd82-62d7e0add75f,Lane_MTceCtc1Os,Reviewer 2,role,495513360
9c388730-bfaa-429d-af78-bc4ba834bae0,12,9de75f9a-1b82-11f0-85fd-0e68d857e20d,bf996092-8d66-408a-8d8e-5065ca3330c2,23142979-9fb6-4fd3-bd82-62d7e0add75f,Lane_MTceCtc1Os,Reviewer 2,role,495513367
9c388730-bfaa-429d-af78-bc4ba834bae0,12,9de75f9a-1b82-11f0-85fd-0e68d857e20d,bf996092-8d66-408a-8d8e-5065ca3330c2,23142979-9fb6-4fd3-bd82-62d7e0add75f,Lane_MTceCtc1Os,Reviewer 2,role,495513369
9c388730-bfaa-429d-af78-bc4ba834bae0,12,9de75f9a-1b82-11f0-85fd-0e68d857e20d,bf996092-8d66-408a-8d8e-5065ca3330c2,23142979-9fb6-4fd3-bd82-62d7e0add75f,Lane_prK257uhuI,Approver,role,495513368
31a61afd-1cce-49e0-b1a3-76ac121efafa,52,482122f2-3a24-11f0-8ed5-0e90ccd82ecd,bf996092-8d66-408a-8d8e-5065ca3330c2,23142979-9fb6-4fd3-bd82-62d7e0add75f,Lane_CEwAhB8p9u,Initiator,role,495513426
31a61afd-1cce-49e0-b1a3-76ac121efafa,52,482122f2-3a24-11f0-8ed5-0e90ccd82ecd,bf996092-8d66-408a-8d8e-5065ca3330c2,23142979-9fb6-4fd3-bd82-62d7e0add75f,Lane_yMGJMOuyW7,Reviewer 1,role,495513442
31a61afd-1cce-49e0-b1a3-76ac121efafa,52,482122f2-3a24-11f0-8ed5-0e90ccd82ecd,bf996092-8d66-408a-8d8e-5065ca3330c2,23142979-9fb6-4fd3-bd82-62d7e0add75f,Lane_yMGJMOuyW7,Reviewer 1,role,495513428
31a61afd-1cce-49e0-b1a3-76ac121efafa,52,482122f2-3a24-11f0-8ed5-0e90ccd82ecd,bf996092-8d66-408a-8d8e-5065ca3330c2,23142979-9fb6-4fd3-bd82-62d7e0add75f,Lane_yMGJMOuyW7,Reviewer 1,role,495513431
31a61afd-1cce-49e0-b1a3-76ac121efafa,52,482122f2-3a24-11f0-8ed5-0e90ccd82ecd,bf996092-8d66-408a-8d8e-5065ca3330c2,23142979-9fb6-4fd3-bd82-62d7e0add75f,Lane_yMGJMOuyW7,Reviewer 1,role,495513411
31a61afd-1cce-49e0-b1a3-76ac121efafa,52,482122f2-3a24-11f0-8ed5-0e90ccd82ecd,bf996092-8d66-408a-8d8e-5065ca3330c2,23142979-9fb6-4fd3-bd82-62d7e0add75f,Lane_yMGJMOuyW7,Reviewer 1,role,495513415
31a61afd-1cce-49e0-b1a3-76ac121efafa,52,482122f2-3a24-11f0-8ed5-0e90ccd82ecd,bf996092-8d66-408a-8d8e-5065ca3330c2,23142979-9fb6-4fd3-bd82-62d7e0add75f,Lane_MTceCtc1Os,Reviewer 2,role,495513366
31a61afd-1cce-49e0-b1a3-76ac121efafa,52,482122f2-3a24-11f0-8ed5-0e90ccd82ecd,bf996092-8d66-408a-8d8e-5065ca3330c2,23142979-9fb6-4fd3-bd82-62d7e0add75f,Lane_MTceCtc1Os,Reviewer 2,role,495513365
31a61afd-1cce-49e0-b1a3-76ac121efafa,52,482122f2-3a24-11f0-8ed5-0e90ccd82ecd,bf996092-8d66-408a-8d8e-5065ca3330c2,23142979-9fb6-4fd3-bd82-62d7e0add75f,Lane_MTceCtc1Os,Reviewer 2,role,495513379
31a61afd-1cce-49e0-b1a3-76ac121efafa,52,482122f2-3a24-11f0-8ed5-0e90ccd82ecd,bf996092-8d66-408a-8d8e-5065ca3330c2,23142979-9fb6-4fd3-bd82-62d7e0add75f,Lane_MTceCtc1Os,Reviewer 2,role,495513362
31a61afd-1cce-49e0-b1a3-76ac121efafa,52,482122f2-3a24-11f0-8ed5-0e90ccd82ecd,bf996092-8d66-408a-8d8e-5065ca3330c2,23142979-9fb6-4fd3-bd82-62d7e0add75f,Lane_MTceCtc1Os,Reviewer 2,role,495513373
31a61afd-1cce-49e0-b1a3-76ac121efafa,52,482122f2-3a24-11f0-8ed5-0e90ccd82ecd,bf996092-8d66-408a-8d8e-5065ca3330c2,23142979-9fb6-4fd3-bd82-62d7e0add75f,Lane_MTceCtc1Os,Reviewer 2,role,495513361
31a61afd-1cce-49e0-b1a3-76ac121efafa,52,482122f2-3a24-11f0-8ed5-0e90ccd82ecd,bf996092-8d66-408a-8d8e-5065ca3330c2,23142979-9fb6-4fd3-bd82-62d7e0add75f,Lane_MTceCtc1Os,Reviewer 2,role,495513360
31a61afd-1cce-49e0-b1a3-76ac121efafa,52,482122f2-3a24-11f0-8ed5-0e90ccd82ecd,bf996092-8d66-408a-8d8e-5065ca3330c2,23142979-9fb6-4fd3-bd82-62d7e0add75f,Lane_MTceCtc1Os,Reviewer 2,role,495513367
31a61afd-1cce-49e0-b1a3-76ac121efafa,52,482122f2-3a24-11f0-8ed5-0e90ccd82ecd,bf996092-8d66-408a-8d8e-5065ca3330c2,23142979-9fb6-4fd3-bd82-62d7e0add75f,Lane_MTceCtc1Os,Reviewer 2,role,495513369
31a61afd-1cce-49e0-b1a3-76ac121efafa,52,482122f2-3a24-11f0-8ed5-0e90ccd82ecd,bf996092-8d66-408a-8d8e-5065ca3330c2,23142979-9fb6-4fd3-bd82-62d7e0add75f,Lane_prK257uhuI,Approver,role,495513368
cfa9267d-f74b-402e-a287-06df7c074d47,25,16c2ee24-2f2e-11f0-8c89-02bb37981eb5,bf996092-8d66-408a-8d8e-5065ca3330c2,23142979-9fb6-4fd3-bd82-62d7e0add75f,Lane_CEwAhB8p9u,Initiator,role,495513426
cfa9267d-f74b-402e-a287-06df7c074d47,25,16c2ee24-2f2e-11f0-8c89-02bb37981eb5,bf996092-8d66-408a-8d8e-5065ca3330c2,23142979-9fb6-4fd3-bd82-62d7e0add75f,Lane_yMGJMOuyW7,Reviewer 1,role,495513442
cfa9267d-f74b-402e-a287-06df7c074d47,25,16c2ee24-2f2e-11f0-8c89-02bb37981eb5,bf996092-8d66-408a-8d8e-5065ca3330c2,23142979-9fb6-4fd3-bd82-62d7e0add75f,Lane_yMGJMOuyW7,Reviewer 1,role,495513428
cfa9267d-f74b-402e-a287-06df7c074d47,25,16c2ee24-2f2e-11f0-8c89-02bb37981eb5,bf996092-8d66-408a-8d8e-5065ca3330c2,23142979-9fb6-4fd3-bd82-62d7e0add75f,Lane_yMGJMOuyW7,Reviewer 1,role,495513431
cfa9267d-f74b-402e-a287-06df7c074d47,25,16c2ee24-2f2e-11f0-8c89-02bb37981eb5,bf996092-8d66-408a-8d8e-5065ca3330c2,23142979-9fb6-4fd3-bd82-62d7e0add75f,Lane_yMGJMOuyW7,Reviewer 1,role,495513411
cfa9267d-f74b-402e-a287-06df7c074d47,25,16c2ee24-2f2e-11f0-8c89-02bb37981eb5,bf996092-8d66-408a-8d8e-5065ca3330c2,23142979-9fb6-4fd3-bd82-62d7e0add75f,Lane_yMGJMOuyW7,Reviewer 1,role,495513415
cfa9267d-f74b-402e-a287-06df7c074d47,25,16c2ee24-2f2e-11f0-8c89-02bb37981eb5,bf996092-8d66-408a-8d8e-5065ca3330c2,23142979-9fb6-4fd3-bd82-62d7e0add75f,Lane_MTceCtc1Os,Reviewer 2,role,495513366
cfa9267d-f74b-402e-a287-06df7c074d47,25,16c2ee24-2f2e-11f0-8c89-02bb37981eb5,bf996092-8d66-408a-8d8e-5065ca3330c2,23142979-9fb6-4fd3-bd82-62d7e0add75f,Lane_MTceCtc1Os,Reviewer 2,role,495513365
cfa9267d-f74b-402e-a287-06df7c074d47,25,16c2ee24-2f2e-11f0-8c89-02bb37981eb5,bf996092-8d66-408a-8d8e-5065ca3330c2,23142979-9fb6-4fd3-bd82-62d7e0add75f,Lane_MTceCtc1Os,Reviewer 2,role,495513379
cfa9267d-f74b-402e-a287-06df7c074d47,25,16c2ee24-2f2e-11f0-8c89-02bb37981eb5,bf996092-8d66-408a-8d8e-5065ca3330c2,23142979-9fb6-4fd3-bd82-62d7e0add75f,Lane_MTceCtc1Os,Reviewer 2,role,495513362
cfa9267d-f74b-402e-a287-06df7c074d47,25,16c2ee24-2f2e-11f0-8c89-02bb37981eb5,bf996092-8d66-408a-8d8e-5065ca3330c2,23142979-9fb6-4fd3-bd82-62d7e0add75f,Lane_MTceCtc1Os,Reviewer 2,role,495513373
cfa9267d-f74b-402e-a287-06df7c074d47,25,16c2ee24-2f2e-11f0-8c89-02bb37981eb5,bf996092-8d66-408a-8d8e-5065ca3330c2,23142979-9fb6-4fd3-bd82-62d7e0add75f,Lane_MTceCtc1Os,Reviewer 2,role,495513361
cfa9267d-f74b-402e-a287-06df7c074d47,25,16c2ee24-2f2e-11f0-8c89-02bb37981eb5,bf996092-8d66-408a-8d8e-5065ca3330c2,23142979-9fb6-4fd3-bd82-62d7e0add75f,Lane_MTceCtc1Os,Reviewer 2,role,495513360
cfa9267d-f74b-402e-a287-06df7c074d47,25,16c2ee24-2f2e-11f0-8c89-02bb37981eb5,bf996092-8d66-408a-8d8e-5065ca3330c2,23142979-9fb6-4fd3-bd82-62d7e0add75f,Lane_MTceCtc1Os,Reviewer 2,role,495513367
cfa9267d-f74b-402e-a287-06df7c074d47,25,16c2ee24-2f2e-11f0-8c89-02bb37981eb5,bf996092-8d66-408a-8d8e-5065ca3330c2,23142979-9fb6-4fd3-bd82-62d7e0add75f,Lane_MTceCtc1Os,Reviewer 2,role,495513369
cfa9267d-f74b-402e-a287-06df7c074d47,25,16c2ee24-2f2e-11f0-8c89-02bb37981eb5,bf996092-8d66-408a-8d8e-5065ca3330c2,23142979-9fb6-4fd3-bd82-62d7e0add75f,Lane_prK257uhuI,Approver,role,495513368
9dd333cd-1aa1-4785-b06d-2a1258df9344,23,03c43a16-2f17-11f0-9c34-0afff02ff9e7,bf996092-8d66-408a-8d8e-5065ca3330c2,23142979-9fb6-4fd3-bd82-62d7e0add75f,Lane_CEwAhB8p9u,Initiator,role,495513426
9dd333cd-1aa1-4785-b06d-2a1258df9344,23,03c43a16-2f17-11f0-9c34-0afff02ff9e7,bf996092-8d66-408a-8d8e-5065ca3330c2,23142979-9fb6-4fd3-bd82-62d7e0add75f,Lane_yMGJMOuyW7,Reviewer 1,role,495513442
9dd333cd-1aa1-4785-b06d-2a1258df9344,23,03c43a16-2f17-11f0-9c34-0afff02ff9e7,bf996092-8d66-408a-8d8e-5065ca3330c2,23142979-9fb6-4fd3-bd82-62d7e0add75f,Lane_yMGJMOuyW7,Reviewer 1,role,495513428
9dd333cd-1aa1-4785-b06d-2a1258df9344,23,03c43a16-2f17-11f0-9c34-0afff02ff9e7,bf996092-8d66-408a-8d8e-5065ca3330c2,23142979-9fb6-4fd3-bd82-62d7e0add75f,Lane_yMGJMOuyW7,Reviewer 1,role,495513431
9dd333cd-1aa1-4785-b06d-2a1258df9344,23,03c43a16-2f17-11f0-9c34-0afff02ff9e7,bf996092-8d66-408a-8d8e-5065ca3330c2,23142979-9fb6-4fd3-bd82-62d7e0add75f,Lane_yMGJMOuyW7,Reviewer 1,role,495513411
9dd333cd-1aa1-4785-b06d-2a1258df9344,23,03c43a16-2f17-11f0-9c34-0afff02ff9e7,bf996092-8d66-408a-8d8e-5065ca3330c2,23142979-9fb6-4fd3-bd82-62d7e0add75f,Lane_yMGJMOuyW7,Reviewer 1,role,495513415
9dd333cd-1aa1-4785-b06d-2a1258df9344,23,03c43a16-2f17-11f0-9c34-0afff02ff9e7,bf996092-8d66-408a-8d8e-5065ca3330c2,23142979-9fb6-4fd3-bd82-62d7e0add75f,Lane_MTceCtc1Os,Reviewer 2,role,495513366
9dd333cd-1aa1-4785-b06d-2a1258df9344,23,03c43a16-2f17-11f0-9c34-0afff02ff9e7,bf996092-8d66-408a-8d8e-5065ca3330c2,23142979-9fb6-4fd3-bd82-62d7e0add75f,Lane_MTceCtc1Os,Reviewer 2,role,495513365
9dd333cd-1aa1-4785-b06d-2a1258df9344,23,03c43a16-2f17-11f0-9c34-0afff02ff9e7,bf996092-8d66-408a-8d8e-5065ca3330c2,23142979-9fb6-4fd3-bd82-62d7e0add75f,Lane_MTceCtc1Os,Reviewer 2,role,495513379
9dd333cd-1aa1-4785-b06d-2a1258df9344,23,03c43a16-2f17-11f0-9c34-0afff02ff9e7,bf996092-8d66-408a-8d8e-5065ca3330c2,23142979-9fb6-4fd3-bd82-62d7e0add75f,Lane_MTceCtc1Os,Reviewer 2,role,495513362
9dd333cd-1aa1-4785-b06d-2a1258df9344,23,03c43a16-2f17-11f0-9c34-0afff02ff9e7,bf996092-8d66-408a-8d8e-5065ca3330c2,23142979-9fb6-4fd3-bd82-62d7e0add75f,Lane_MTceCtc1Os,Reviewer 2,role,495513373
9dd333cd-1aa1-4785-b06d-2a1258df9344,23,03c43a16-2f17-11f0-9c34-0afff02ff9e7,bf996092-8d66-408a-8d8e-5065ca3330c2,23142979-9fb6-4fd3-bd82-62d7e0add75f,Lane_MTceCtc1Os,Reviewer 2,role,495513361
9dd333cd-1aa1-4785-b06d-2a1258df9344,23,03c43a16-2f17-11f0-9c34-0afff02ff9e7,bf996092-8d66-408a-8d8e-5065ca3330c2,23142979-9fb6-4fd3-bd82-62d7e0add75f,Lane_MTceCtc1Os,Reviewer 2,role,495513360
9dd333cd-1aa1-4785-b06d-2a1258df9344,23,03c43a16-2f17-11f0-9c34-0afff02ff9e7,bf996092-8d66-408a-8d8e-5065ca3330c2,23142979-9fb6-4fd3-bd82-62d7e0add75f,Lane_MTceCtc1Os,Reviewer 2,role,495513367
9dd333cd-1aa1-4785-b06d-2a1258df9344,23,03c43a16-2f17-11f0-9c34-0afff02ff9e7,bf996092-8d66-408a-8d8e-5065ca3330c2,23142979-9fb6-4fd3-bd82-62d7e0add75f,Lane_MTceCtc1Os,Reviewer 2,role,495513369
9dd333cd-1aa1-4785-b06d-2a1258df9344,23,03c43a16-2f17-11f0-9c34-0afff02ff9e7,bf996092-8d66-408a-8d8e-5065ca3330c2,23142979-9fb6-4fd3-bd82-62d7e0add75f,Lane_prK257uhuI,Approver,role,495513368
af928233-7ede-425b-90fd-cdf67f660b32,22,,bf996092-8d66-408a-8d8e-5065ca3330c2,23142979-9fb6-4fd3-bd82-62d7e0add75f,Lane_OFglnfn9KB,Initiator,role,495513442
af928233-7ede-425b-90fd-cdf67f660b32,22,,bf996092-8d66-408a-8d8e-5065ca3330c2,23142979-9fb6-4fd3-bd82-62d7e0add75f,Lane_nBhTQbDvYT,Reviewer,role,495513366
af928233-7ede-425b-90fd-cdf67f660b32,22,,bf996092-8d66-408a-8d8e-5065ca3330c2,23142979-9fb6-4fd3-bd82-62d7e0add75f,Lane_nBhTQbDvYT,Reviewer,role,495513365
af928233-7ede-425b-90fd-cdf67f660b32,22,,bf996092-8d66-408a-8d8e-5065ca3330c2,23142979-9fb6-4fd3-bd82-62d7e0add75f,Lane_qrwwMJBzZw,Approver,role,495513368
baff1069-e6ec-4c93-8005-e0de1c8385d8,51,79ab8cbd-3191-11f0-9531-026648e652bf,bf996092-8d66-408a-8d8e-5065ca3330c2,23142979-9fb6-4fd3-bd82-62d7e0add75f,Lane_OFglnfn9KB,Initiator,role,495513442
baff1069-e6ec-4c93-8005-e0de1c8385d8,51,79ab8cbd-3191-11f0-9531-026648e652bf,bf996092-8d66-408a-8d8e-5065ca3330c2,23142979-9fb6-4fd3-bd82-62d7e0add75f,Lane_nBhTQbDvYT,Reviewer,role,495513366
baff1069-e6ec-4c93-8005-e0de1c8385d8,51,79ab8cbd-3191-11f0-9531-026648e652bf,bf996092-8d66-408a-8d8e-5065ca3330c2,23142979-9fb6-4fd3-bd82-62d7e0add75f,Lane_nBhTQbDvYT,Reviewer,role,495513365
baff1069-e6ec-4c93-8005-e0de1c8385d8,51,79ab8cbd-3191-11f0-9531-026648e652bf,bf996092-8d66-408a-8d8e-5065ca3330c2,23142979-9fb6-4fd3-bd82-62d7e0add75f,Lane_qrwwMJBzZw,Approver,role,495513368
0c588d10-adc2-41cf-be25-af27ba19dd37,24,d7332312-2f2a-11f0-8c89-02bb37981eb5,bf996092-8d66-408a-8d8e-5065ca3330c2,23142979-9fb6-4fd3-bd82-62d7e0add75f,Lane_OFglnfn9KB,Initiator,role,495513442
0c588d10-adc2-41cf-be25-af27ba19dd37,24,d7332312-2f2a-11f0-8c89-02bb37981eb5,bf996092-8d66-408a-8d8e-5065ca3330c2,23142979-9fb6-4fd3-bd82-62d7e0add75f,Lane_nBhTQbDvYT,Reviewer,role,495513366
0c588d10-adc2-41cf-be25-af27ba19dd37,24,d7332312-2f2a-11f0-8c89-02bb37981eb5,bf996092-8d66-408a-8d8e-5065ca3330c2,23142979-9fb6-4fd3-bd82-62d7e0add75f,Lane_nBhTQbDvYT,Reviewer,role,495513365
0c588d10-adc2-41cf-be25-af27ba19dd37,24,d7332312-2f2a-11f0-8c89-02bb37981eb5,bf996092-8d66-408a-8d8e-5065ca3330c2,23142979-9fb6-4fd3-bd82-62d7e0add75f,Lane_qrwwMJBzZw,Approver,role,495513368
50d32fe2-3c09-4081-b34a-c8d6462a4eb7,8,8d2ce671-1c40-11f0-85fd-0e68d857e20d,bf996092-8d66-408a-8d8e-5065ca3330c2,23142979-9fb6-4fd3-bd82-62d7e0add75f,Lane_emFiAvSluF,Initiator,role,495513442
50d32fe2-3c09-4081-b34a-c8d6462a4eb7,8,8d2ce671-1c40-11f0-85fd-0e68d857e20d,bf996092-8d66-408a-8d8e-5065ca3330c2,23142979-9fb6-4fd3-bd82-62d7e0add75f,Lane_b3UJoBsIU6,Reviewer,role,495513366
50d32fe2-3c09-4081-b34a-c8d6462a4eb7,8,8d2ce671-1c40-11f0-85fd-0e68d857e20d,bf996092-8d66-408a-8d8e-5065ca3330c2,23142979-9fb6-4fd3-bd82-62d7e0add75f,Lane_b3UJoBsIU6,Reviewer,role,495513365
50d32fe2-3c09-4081-b34a-c8d6462a4eb7,8,8d2ce671-1c40-11f0-85fd-0e68d857e20d,bf996092-8d66-408a-8d8e-5065ca3330c2,23142979-9fb6-4fd3-bd82-62d7e0add75f,Lane_0ZXLx0aJtq,Approver,role,495513368
a13fe696-63e8-48a2-907e-be01401e85f1,21,0be89b71-2b40-11f0-8c89-02bb37981eb5,bf996092-8d66-408a-8d8e-5065ca3330c2,23142979-9fb6-4fd3-bd82-62d7e0add75f,Lane_OFglnfn9KB,Initiator,role,495513442
a13fe696-63e8-48a2-907e-be01401e85f1,21,0be89b71-2b40-11f0-8c89-02bb37981eb5,bf996092-8d66-408a-8d8e-5065ca3330c2,23142979-9fb6-4fd3-bd82-62d7e0add75f,Lane_nBhTQbDvYT,Reviewer,role,495513366
a13fe696-63e8-48a2-907e-be01401e85f1,21,0be89b71-2b40-11f0-8c89-02bb37981eb5,bf996092-8d66-408a-8d8e-5065ca3330c2,23142979-9fb6-4fd3-bd82-62d7e0add75f,Lane_nBhTQbDvYT,Reviewer,role,495513365
a13fe696-63e8-48a2-907e-be01401e85f1,21,0be89b71-2b40-11f0-8c89-02bb37981eb5,bf996092-8d66-408a-8d8e-5065ca3330c2,23142979-9fb6-4fd3-bd82-62d7e0add75f,Lane_qrwwMJBzZw,Approver,role,495513368
cb5bcedb-2aba-4b29-b1d0-833091b83776,9,f4687184-15d8-11f0-920e-0affe6ef14c5,bf996092-8d66-408a-8d8e-5065ca3330c2,23142979-9fb6-4fd3-bd82-62d7e0add75f,Lane_OFglnfn9KB,Initiator,role,495513442
cb5bcedb-2aba-4b29-b1d0-833091b83776,9,f4687184-15d8-11f0-920e-0affe6ef14c5,bf996092-8d66-408a-8d8e-5065ca3330c2,23142979-9fb6-4fd3-bd82-62d7e0add75f,Lane_nBhTQbDvYT,Reviewer,role,495513366
cb5bcedb-2aba-4b29-b1d0-833091b83776,9,f4687184-15d8-11f0-920e-0affe6ef14c5,bf996092-8d66-408a-8d8e-5065ca3330c2,23142979-9fb6-4fd3-bd82-62d7e0add75f,Lane_nBhTQbDvYT,Reviewer,role,495513365
cb5bcedb-2aba-4b29-b1d0-833091b83776,9,f4687184-15d8-11f0-920e-0affe6ef14c5,bf996092-8d66-408a-8d8e-5065ca3330c2,23142979-9fb6-4fd3-bd82-62d7e0add75f,Lane_qrwwMJBzZw,Approver,role,495513368
e94da2a9-150b-4627-892c-4dbeae02e03e,19,177e85c7-2b24-11f0-a703-0286457f3a8b,bf996092-8d66-408a-8d8e-5065ca3330c2,23142979-9fb6-4fd3-bd82-62d7e0add75f,Lane_CEwAhB8p9u,Initiator,role,495513426
e94da2a9-150b-4627-892c-4dbeae02e03e,19,177e85c7-2b24-11f0-a703-0286457f3a8b,bf996092-8d66-408a-8d8e-5065ca3330c2,23142979-9fb6-4fd3-bd82-62d7e0add75f,Lane_yMGJMOuyW7,Reviewer 1,role,495513442
e94da2a9-150b-4627-892c-4dbeae02e03e,19,177e85c7-2b24-11f0-a703-0286457f3a8b,bf996092-8d66-408a-8d8e-5065ca3330c2,23142979-9fb6-4fd3-bd82-62d7e0add75f,Lane_yMGJMOuyW7,Reviewer 1,role,495513428
e94da2a9-150b-4627-892c-4dbeae02e03e,19,177e85c7-2b24-11f0-a703-0286457f3a8b,bf996092-8d66-408a-8d8e-5065ca3330c2,23142979-9fb6-4fd3-bd82-62d7e0add75f,Lane_yMGJMOuyW7,Reviewer 1,role,495513431
e94da2a9-150b-4627-892c-4dbeae02e03e,19,177e85c7-2b24-11f0-a703-0286457f3a8b,bf996092-8d66-408a-8d8e-5065ca3330c2,23142979-9fb6-4fd3-bd82-62d7e0add75f,Lane_yMGJMOuyW7,Reviewer 1,role,495513411
e94da2a9-150b-4627-892c-4dbeae02e03e,19,177e85c7-2b24-11f0-a703-0286457f3a8b,bf996092-8d66-408a-8d8e-5065ca3330c2,23142979-9fb6-4fd3-bd82-62d7e0add75f,Lane_yMGJMOuyW7,Reviewer 1,role,495513415
e94da2a9-150b-4627-892c-4dbeae02e03e,19,177e85c7-2b24-11f0-a703-0286457f3a8b,bf996092-8d66-408a-8d8e-5065ca3330c2,23142979-9fb6-4fd3-bd82-62d7e0add75f,Lane_MTceCtc1Os,Reviewer 2,role,495513366
e94da2a9-150b-4627-892c-4dbeae02e03e,19,177e85c7-2b24-11f0-a703-0286457f3a8b,bf996092-8d66-408a-8d8e-5065ca3330c2,23142979-9fb6-4fd3-bd82-62d7e0add75f,Lane_MTceCtc1Os,Reviewer 2,role,495513365
e94da2a9-150b-4627-892c-4dbeae02e03e,19,177e85c7-2b24-11f0-a703-0286457f3a8b,bf996092-8d66-408a-8d8e-5065ca3330c2,23142979-9fb6-4fd3-bd82-62d7e0add75f,Lane_MTceCtc1Os,Reviewer 2,role,495513379
e94da2a9-150b-4627-892c-4dbeae02e03e,19,177e85c7-2b24-11f0-a703-0286457f3a8b,bf996092-8d66-408a-8d8e-5065ca3330c2,23142979-9fb6-4fd3-bd82-62d7e0add75f,Lane_MTceCtc1Os,Reviewer 2,role,495513362
e94da2a9-150b-4627-892c-4dbeae02e03e,19,177e85c7-2b24-11f0-a703-0286457f3a8b,bf996092-8d66-408a-8d8e-5065ca3330c2,23142979-9fb6-4fd3-bd82-62d7e0add75f,Lane_MTceCtc1Os,Reviewer 2,role,495513373
e94da2a9-150b-4627-892c-4dbeae02e03e,19,177e85c7-2b24-11f0-a703-0286457f3a8b,bf996092-8d66-408a-8d8e-5065ca3330c2,23142979-9fb6-4fd3-bd82-62d7e0add75f,Lane_MTceCtc1Os,Reviewer 2,role,495513361
e94da2a9-150b-4627-892c-4dbeae02e03e,19,177e85c7-2b24-11f0-a703-0286457f3a8b,bf996092-8d66-408a-8d8e-5065ca3330c2,23142979-9fb6-4fd3-bd82-62d7e0add75f,Lane_MTceCtc1Os,Reviewer 2,role,495513360
e94da2a9-150b-4627-892c-4dbeae02e03e,19,177e85c7-2b24-11f0-a703-0286457f3a8b,bf996092-8d66-408a-8d8e-5065ca3330c2,23142979-9fb6-4fd3-bd82-62d7e0add75f,Lane_MTceCtc1Os,Reviewer 2,role,495513367
e94da2a9-150b-4627-892c-4dbeae02e03e,19,177e85c7-2b24-11f0-a703-0286457f3a8b,bf996092-8d66-408a-8d8e-5065ca3330c2,23142979-9fb6-4fd3-bd82-62d7e0add75f,Lane_MTceCtc1Os,Reviewer 2,role,495513369
e94da2a9-150b-4627-892c-4dbeae02e03e,19,177e85c7-2b24-11f0-a703-0286457f3a8b,bf996092-8d66-408a-8d8e-5065ca3330c2,23142979-9fb6-4fd3-bd82-62d7e0add75f,Lane_prK257uhuI,Approver,role,495513368
649c6ec9-37b4-4036-b576-db233395b579,54,c259922f-3b8e-11f0-886e-0affe10abe73,bf996092-8d66-408a-8d8e-5065ca3330c2,23142979-9fb6-4fd3-bd82-62d7e0add75f,Lane_OFglnfn9KB,Initiator,role,495513442
649c6ec9-37b4-4036-b576-db233395b579,54,c259922f-3b8e-11f0-886e-0affe10abe73,bf996092-8d66-408a-8d8e-5065ca3330c2,23142979-9fb6-4fd3-bd82-62d7e0add75f,Lane_nBhTQbDvYT,Reviewer,role,495513366
649c6ec9-37b4-4036-b576-db233395b579,54,c259922f-3b8e-11f0-886e-0affe10abe73,bf996092-8d66-408a-8d8e-5065ca3330c2,23142979-9fb6-4fd3-bd82-62d7e0add75f,Lane_nBhTQbDvYT,Reviewer,role,495513365
649c6ec9-37b4-4036-b576-db233395b579,54,c259922f-3b8e-11f0-886e-0affe10abe73,bf996092-8d66-408a-8d8e-5065ca3330c2,23142979-9fb6-4fd3-bd82-62d7e0add75f,Lane_qrwwMJBzZw,Approver,role,495513368
57a17ea5-e53a-448f-84c1-8ea272a35fbd,18,836252a0-2b12-11f0-860d-0affd217b7e1,bf996092-8d66-408a-8d8e-5065ca3330c2,23142979-9fb6-4fd3-bd82-62d7e0add75f,Lane_OFglnfn9KB,Initiator,role,495513442
57a17ea5-e53a-448f-84c1-8ea272a35fbd,18,836252a0-2b12-11f0-860d-0affd217b7e1,bf996092-8d66-408a-8d8e-5065ca3330c2,23142979-9fb6-4fd3-bd82-62d7e0add75f,Lane_nBhTQbDvYT,Reviewer,role,495513366
57a17ea5-e53a-448f-84c1-8ea272a35fbd,18,836252a0-2b12-11f0-860d-0affd217b7e1,bf996092-8d66-408a-8d8e-5065ca3330c2,23142979-9fb6-4fd3-bd82-62d7e0add75f,Lane_nBhTQbDvYT,Reviewer,role,495513365
57a17ea5-e53a-448f-84c1-8ea272a35fbd,18,836252a0-2b12-11f0-860d-0affd217b7e1,bf996092-8d66-408a-8d8e-5065ca3330c2,23142979-9fb6-4fd3-bd82-62d7e0add75f,Lane_qrwwMJBzZw,Approver,role,495513368
c155ed79-7525-4610-bc40-1660fceffa81,62,70c095e1-7376-11f0-ba69-0affe15d0ad3,bf996092-8d66-408a-8d8e-5065ca3330c2,23142979-9fb6-4fd3-bd82-62d7e0add75f,Lane_OFglnfn9KB,Initiator,role,495513442
c155ed79-7525-4610-bc40-1660fceffa81,62,70c095e1-7376-11f0-ba69-0affe15d0ad3,bf996092-8d66-408a-8d8e-5065ca3330c2,23142979-9fb6-4fd3-bd82-62d7e0add75f,Lane_nBhTQbDvYT,Reviewer,role,495513366
c155ed79-7525-4610-bc40-1660fceffa81,62,70c095e1-7376-11f0-ba69-0affe15d0ad3,bf996092-8d66-408a-8d8e-5065ca3330c2,23142979-9fb6-4fd3-bd82-62d7e0add75f,Lane_nBhTQbDvYT,Reviewer,role,495513365
c155ed79-7525-4610-bc40-1660fceffa81,62,70c095e1-7376-11f0-ba69-0affe15d0ad3,bf996092-8d66-408a-8d8e-5065ca3330c2,23142979-9fb6-4fd3-bd82-62d7e0add75f,Lane_qrwwMJBzZw,Approver,role,495513368
50c6b15d-ea95-4284-909c-ff9b7b2303a0,61,7f91289a-7376-11f0-a747-0e0be9602fab,bf996092-8d66-408a-8d8e-5065ca3330c2,23142979-9fb6-4fd3-bd82-62d7e0add75f,Lane_OFglnfn9KB,Initiator,role,495513442
50c6b15d-ea95-4284-909c-ff9b7b2303a0,61,7f91289a-7376-11f0-a747-0e0be9602fab,bf996092-8d66-408a-8d8e-5065ca3330c2,23142979-9fb6-4fd3-bd82-62d7e0add75f,Lane_nBhTQbDvYT,Reviewer,role,495513366
50c6b15d-ea95-4284-909c-ff9b7b2303a0,61,7f91289a-7376-11f0-a747-0e0be9602fab,bf996092-8d66-408a-8d8e-5065ca3330c2,23142979-9fb6-4fd3-bd82-62d7e0add75f,Lane_nBhTQbDvYT,Reviewer,role,495513365
50c6b15d-ea95-4284-909c-ff9b7b2303a0,61,7f91289a-7376-11f0-a747-0e0be9602fab,bf996092-8d66-408a-8d8e-5065ca3330c2,23142979-9fb6-4fd3-bd82-62d7e0add75f,Lane_qrwwMJBzZw,Approver,role,495513368
867fa316-4334-4b31-837a-42c8034f3331,55,a2060c46-3b90-11f0-a305-0ea8b6e27dcf,bf996092-8d66-408a-8d8e-5065ca3330c2,23142979-9fb6-4fd3-bd82-62d7e0add75f,Lane_CEwAhB8p9u,Initiator,role,495513426
867fa316-4334-4b31-837a-42c8034f3331,55,a2060c46-3b90-11f0-a305-0ea8b6e27dcf,bf996092-8d66-408a-8d8e-5065ca3330c2,23142979-9fb6-4fd3-bd82-62d7e0add75f,Lane_yMGJMOuyW7,Reviewer 1,role,495513442
867fa316-4334-4b31-837a-42c8034f3331,55,a2060c46-3b90-11f0-a305-0ea8b6e27dcf,bf996092-8d66-408a-8d8e-5065ca3330c2,23142979-9fb6-4fd3-bd82-62d7e0add75f,Lane_yMGJMOuyW7,Reviewer 1,role,495513428
867fa316-4334-4b31-837a-42c8034f3331,55,a2060c46-3b90-11f0-a305-0ea8b6e27dcf,bf996092-8d66-408a-8d8e-5065ca3330c2,23142979-9fb6-4fd3-bd82-62d7e0add75f,Lane_yMGJMOuyW7,Reviewer 1,role,495513431
867fa316-4334-4b31-837a-42c8034f3331,55,a2060c46-3b90-11f0-a305-0ea8b6e27dcf,bf996092-8d66-408a-8d8e-5065ca3330c2,23142979-9fb6-4fd3-bd82-62d7e0add75f,Lane_yMGJMOuyW7,Reviewer 1,role,495513411
867fa316-4334-4b31-837a-42c8034f3331,55,a2060c46-3b90-11f0-a305-0ea8b6e27dcf,bf996092-8d66-408a-8d8e-5065ca3330c2,23142979-9fb6-4fd3-bd82-62d7e0add75f,Lane_yMGJMOuyW7,Reviewer 1,role,495513415
867fa316-4334-4b31-837a-42c8034f3331,55,a2060c46-3b90-11f0-a305-0ea8b6e27dcf,bf996092-8d66-408a-8d8e-5065ca3330c2,23142979-9fb6-4fd3-bd82-62d7e0add75f,Lane_MTceCtc1Os,Reviewer 2,role,495513366
867fa316-4334-4b31-837a-42c8034f3331,55,a2060c46-3b90-11f0-a305-0ea8b6e27dcf,bf996092-8d66-408a-8d8e-5065ca3330c2,23142979-9fb6-4fd3-bd82-62d7e0add75f,Lane_MTceCtc1Os,Reviewer 2,role,495513365
867fa316-4334-4b31-837a-42c8034f3331,55,a2060c46-3b90-11f0-a305-0ea8b6e27dcf,bf996092-8d66-408a-8d8e-5065ca3330c2,23142979-9fb6-4fd3-bd82-62d7e0add75f,Lane_MTceCtc1Os,Reviewer 2,role,495513379
867fa316-4334-4b31-837a-42c8034f3331,55,a2060c46-3b90-11f0-a305-0ea8b6e27dcf,bf996092-8d66-408a-8d8e-5065ca3330c2,23142979-9fb6-4fd3-bd82-62d7e0add75f,Lane_MTceCtc1Os,Reviewer 2,role,495513362
867fa316-4334-4b31-837a-42c8034f3331,55,a2060c46-3b90-11f0-a305-0ea8b6e27dcf,bf996092-8d66-408a-8d8e-5065ca3330c2,23142979-9fb6-4fd3-bd82-62d7e0add75f,Lane_MTceCtc1Os,Reviewer 2,role,495513373
867fa316-4334-4b31-837a-42c8034f3331,55,a2060c46-3b90-11f0-a305-0ea8b6e27dcf,bf996092-8d66-408a-8d8e-5065ca3330c2,23142979-9fb6-4fd3-bd82-62d7e0add75f,Lane_MTceCtc1Os,Reviewer 2,role,495513361
867fa316-4334-4b31-837a-42c8034f3331,55,a2060c46-3b90-11f0-a305-0ea8b6e27dcf,bf996092-8d66-408a-8d8e-5065ca3330c2,23142979-9fb6-4fd3-bd82-62d7e0add75f,Lane_MTceCtc1Os,Reviewer 2,role,495513360
867fa316-4334-4b31-837a-42c8034f3331,55,a2060c46-3b90-11f0-a305-0ea8b6e27dcf,bf996092-8d66-408a-8d8e-5065ca3330c2,23142979-9fb6-4fd3-bd82-62d7e0add75f,Lane_MTceCtc1Os,Reviewer 2,role,495513367
867fa316-4334-4b31-837a-42c8034f3331,55,a2060c46-3b90-11f0-a305-0ea8b6e27dcf,bf996092-8d66-408a-8d8e-5065ca3330c2,23142979-9fb6-4fd3-bd82-62d7e0add75f,Lane_MTceCtc1Os,Reviewer 2,role,495513369
867fa316-4334-4b31-837a-42c8034f3331,55,a2060c46-3b90-11f0-a305-0ea8b6e27dcf,bf996092-8d66-408a-8d8e-5065ca3330c2,23142979-9fb6-4fd3-bd82-62d7e0add75f,Lane_prK257uhuI,Approver,role,495513368
243d3c9c-ac6b-4daf-979f-965c60e1b06c,53,6acdd308-3a25-11f0-886e-0affe10abe73,bf996092-8d66-408a-8d8e-5065ca3330c2,23142979-9fb6-4fd3-bd82-62d7e0add75f,Lane_CEwAhB8p9u,Initiator,role,495513426
243d3c9c-ac6b-4daf-979f-965c60e1b06c,53,6acdd308-3a25-11f0-886e-0affe10abe73,bf996092-8d66-408a-8d8e-5065ca3330c2,23142979-9fb6-4fd3-bd82-62d7e0add75f,Lane_yMGJMOuyW7,Reviewer 1,role,495513442
243d3c9c-ac6b-4daf-979f-965c60e1b06c,53,6acdd308-3a25-11f0-886e-0affe10abe73,bf996092-8d66-408a-8d8e-5065ca3330c2,23142979-9fb6-4fd3-bd82-62d7e0add75f,Lane_yMGJMOuyW7,Reviewer 1,role,495513428
243d3c9c-ac6b-4daf-979f-965c60e1b06c,53,6acdd308-3a25-11f0-886e-0affe10abe73,bf996092-8d66-408a-8d8e-5065ca3330c2,23142979-9fb6-4fd3-bd82-62d7e0add75f,Lane_yMGJMOuyW7,Reviewer 1,role,495513431
243d3c9c-ac6b-4daf-979f-965c60e1b06c,53,6acdd308-3a25-11f0-886e-0affe10abe73,bf996092-8d66-408a-8d8e-5065ca3330c2,23142979-9fb6-4fd3-bd82-62d7e0add75f,Lane_yMGJMOuyW7,Reviewer 1,role,495513411
243d3c9c-ac6b-4daf-979f-965c60e1b06c,53,6acdd308-3a25-11f0-886e-0affe10abe73,bf996092-8d66-408a-8d8e-5065ca3330c2,23142979-9fb6-4fd3-bd82-62d7e0add75f,Lane_yMGJMOuyW7,Reviewer 1,role,495513415
243d3c9c-ac6b-4daf-979f-965c60e1b06c,53,6acdd308-3a25-11f0-886e-0affe10abe73,bf996092-8d66-408a-8d8e-5065ca3330c2,23142979-9fb6-4fd3-bd82-62d7e0add75f,Lane_MTceCtc1Os,Reviewer 2,role,495513366
243d3c9c-ac6b-4daf-979f-965c60e1b06c,53,6acdd308-3a25-11f0-886e-0affe10abe73,bf996092-8d66-408a-8d8e-5065ca3330c2,23142979-9fb6-4fd3-bd82-62d7e0add75f,Lane_MTceCtc1Os,Reviewer 2,role,495513365
243d3c9c-ac6b-4daf-979f-965c60e1b06c,53,6acdd308-3a25-11f0-886e-0affe10abe73,bf996092-8d66-408a-8d8e-5065ca3330c2,23142979-9fb6-4fd3-bd82-62d7e0add75f,Lane_MTceCtc1Os,Reviewer 2,role,495513379
243d3c9c-ac6b-4daf-979f-965c60e1b06c,53,6acdd308-3a25-11f0-886e-0affe10abe73,bf996092-8d66-408a-8d8e-5065ca3330c2,23142979-9fb6-4fd3-bd82-62d7e0add75f,Lane_MTceCtc1Os,Reviewer 2,role,495513362
243d3c9c-ac6b-4daf-979f-965c60e1b06c,53,6acdd308-3a25-11f0-886e-0affe10abe73,bf996092-8d66-408a-8d8e-5065ca3330c2,23142979-9fb6-4fd3-bd82-62d7e0add75f,Lane_MTceCtc1Os,Reviewer 2,role,495513373
243d3c9c-ac6b-4daf-979f-965c60e1b06c,53,6acdd308-3a25-11f0-886e-0affe10abe73,bf996092-8d66-408a-8d8e-5065ca3330c2,23142979-9fb6-4fd3-bd82-62d7e0add75f,Lane_MTceCtc1Os,Reviewer 2,role,495513361
243d3c9c-ac6b-4daf-979f-965c60e1b06c,53,6acdd308-3a25-11f0-886e-0affe10abe73,bf996092-8d66-408a-8d8e-5065ca3330c2,23142979-9fb6-4fd3-bd82-62d7e0add75f,Lane_MTceCtc1Os,Reviewer 2,role,495513360
243d3c9c-ac6b-4daf-979f-965c60e1b06c,53,6acdd308-3a25-11f0-886e-0affe10abe73,bf996092-8d66-408a-8d8e-5065ca3330c2,23142979-9fb6-4fd3-bd82-62d7e0add75f,Lane_MTceCtc1Os,Reviewer 2,role,495513367
243d3c9c-ac6b-4daf-979f-965c60e1b06c,53,6acdd308-3a25-11f0-886e-0affe10abe73,bf996092-8d66-408a-8d8e-5065ca3330c2,23142979-9fb6-4fd3-bd82-62d7e0add75f,Lane_MTceCtc1Os,Reviewer 2,role,495513369
243d3c9c-ac6b-4daf-979f-965c60e1b06c,53,6acdd308-3a25-11f0-886e-0affe10abe73,bf996092-8d66-408a-8d8e-5065ca3330c2,23142979-9fb6-4fd3-bd82-62d7e0add75f,Lane_prK257uhuI,Approver,role,495513368
8b62efdb-bd5f-4aa0-bc3f-a44d56ca05c1,64,607f09c8-7781-11f0-ba69-0affe15d0ad3,bf996092-8d66-408a-8d8e-5065ca3330c2,23142979-9fb6-4fd3-bd82-62d7e0add75f,Lane_OFglnfn9KB,Initiator,role,495513442
8b62efdb-bd5f-4aa0-bc3f-a44d56ca05c1,64,607f09c8-7781-11f0-ba69-0affe15d0ad3,bf996092-8d66-408a-8d8e-5065ca3330c2,23142979-9fb6-4fd3-bd82-62d7e0add75f,Lane_nBhTQbDvYT,Reviewer,role,495513366
8b62efdb-bd5f-4aa0-bc3f-a44d56ca05c1,64,607f09c8-7781-11f0-ba69-0affe15d0ad3,bf996092-8d66-408a-8d8e-5065ca3330c2,23142979-9fb6-4fd3-bd82-62d7e0add75f,Lane_nBhTQbDvYT,Reviewer,role,495513365
8b62efdb-bd5f-4aa0-bc3f-a44d56ca05c1,64,607f09c8-7781-11f0-ba69-0affe15d0ad3,bf996092-8d66-408a-8d8e-5065ca3330c2,23142979-9fb6-4fd3-bd82-62d7e0add75f,Lane_qrwwMJBzZw,Approver,role,495513368
d61fa237-5596-4c5c-8233-f4c8a77ef625,57,7d4a3dc1-4b66-11f0-8904-0affc361003d,bf996092-8d66-408a-8d8e-5065ca3330c2,23142979-9fb6-4fd3-bd82-62d7e0add75f,Lane_3ujNWmX44w,Initiator,role,495513442
d61fa237-5596-4c5c-8233-f4c8a77ef625,57,7d4a3dc1-4b66-11f0-8904-0affc361003d,bf996092-8d66-408a-8d8e-5065ca3330c2,23142979-9fb6-4fd3-bd82-62d7e0add75f,Lane_IfZye6FpQ4,Reviewer 1,role,495513366
d61fa237-5596-4c5c-8233-f4c8a77ef625,57,7d4a3dc1-4b66-11f0-8904-0affc361003d,bf996092-8d66-408a-8d8e-5065ca3330c2,23142979-9fb6-4fd3-bd82-62d7e0add75f,Lane_IfZye6FpQ4,Reviewer 1,role,495513365
d61fa237-5596-4c5c-8233-f4c8a77ef625,57,7d4a3dc1-4b66-11f0-8904-0affc361003d,bf996092-8d66-408a-8d8e-5065ca3330c2,23142979-9fb6-4fd3-bd82-62d7e0add75f,Lane_1ooz3c2DFr,Reviewer 2,role,495513431
d61fa237-5596-4c5c-8233-f4c8a77ef625,57,7d4a3dc1-4b66-11f0-8904-0affc361003d,bf996092-8d66-408a-8d8e-5065ca3330c2,23142979-9fb6-4fd3-bd82-62d7e0add75f,Lane_1ooz3c2DFr,Reviewer 2,role,495513415
d61fa237-5596-4c5c-8233-f4c8a77ef625,57,7d4a3dc1-4b66-11f0-8904-0affc361003d,bf996092-8d66-408a-8d8e-5065ca3330c2,23142979-9fb6-4fd3-bd82-62d7e0add75f,Lane_1ooz3c2DFr,Reviewer 2,role,495513411
d61fa237-5596-4c5c-8233-f4c8a77ef625,57,7d4a3dc1-4b66-11f0-8904-0affc361003d,bf996092-8d66-408a-8d8e-5065ca3330c2,23142979-9fb6-4fd3-bd82-62d7e0add75f,Lane_1ooz3c2DFr,Reviewer 2,role,495513444
d61fa237-5596-4c5c-8233-f4c8a77ef625,57,7d4a3dc1-4b66-11f0-8904-0affc361003d,bf996092-8d66-408a-8d8e-5065ca3330c2,23142979-9fb6-4fd3-bd82-62d7e0add75f,Lane_Eb05LdgeKE,Reviewer 3,role,495513361
d61fa237-5596-4c5c-8233-f4c8a77ef625,57,7d4a3dc1-4b66-11f0-8904-0affc361003d,bf996092-8d66-408a-8d8e-5065ca3330c2,23142979-9fb6-4fd3-bd82-62d7e0add75f,Lane_Eb05LdgeKE,Reviewer 3,role,495513367
d61fa237-5596-4c5c-8233-f4c8a77ef625,57,7d4a3dc1-4b66-11f0-8904-0affc361003d,bf996092-8d66-408a-8d8e-5065ca3330c2,23142979-9fb6-4fd3-bd82-62d7e0add75f,Lane_Eb05LdgeKE,Reviewer 3,role,495513360
d61fa237-5596-4c5c-8233-f4c8a77ef625,57,7d4a3dc1-4b66-11f0-8904-0affc361003d,bf996092-8d66-408a-8d8e-5065ca3330c2,23142979-9fb6-4fd3-bd82-62d7e0add75f,Lane_Eb05LdgeKE,Reviewer 3,role,495513369
d61fa237-5596-4c5c-8233-f4c8a77ef625,57,7d4a3dc1-4b66-11f0-8904-0affc361003d,bf996092-8d66-408a-8d8e-5065ca3330c2,23142979-9fb6-4fd3-bd82-62d7e0add75f,Lane_Eb05LdgeKE,Reviewer 3,role,495513362
d61fa237-5596-4c5c-8233-f4c8a77ef625,57,7d4a3dc1-4b66-11f0-8904-0affc361003d,bf996092-8d66-408a-8d8e-5065ca3330c2,23142979-9fb6-4fd3-bd82-62d7e0add75f,Lane_Eb05LdgeKE,Reviewer 3,role,495513373
d61fa237-5596-4c5c-8233-f4c8a77ef625,57,7d4a3dc1-4b66-11f0-8904-0affc361003d,bf996092-8d66-408a-8d8e-5065ca3330c2,23142979-9fb6-4fd3-bd82-62d7e0add75f,Lane_Eb05LdgeKE,Reviewer 3,role,495513379
d61fa237-5596-4c5c-8233-f4c8a77ef625,57,7d4a3dc1-4b66-11f0-8904-0affc361003d,bf996092-8d66-408a-8d8e-5065ca3330c2,23142979-9fb6-4fd3-bd82-62d7e0add75f,Lane_Dtk6JxTido,Reviewer 4,role,495513364
d61fa237-5596-4c5c-8233-f4c8a77ef625,57,7d4a3dc1-4b66-11f0-8904-0affc361003d,bf996092-8d66-408a-8d8e-5065ca3330c2,23142979-9fb6-4fd3-bd82-62d7e0add75f,Lane_Dtk6JxTido,Reviewer 4,role,495513371
d61fa237-5596-4c5c-8233-f4c8a77ef625,57,7d4a3dc1-4b66-11f0-8904-0affc361003d,bf996092-8d66-408a-8d8e-5065ca3330c2,23142979-9fb6-4fd3-bd82-62d7e0add75f,Lane_w9FldF2pED,Approver,role,495513368
357fef75-4578-4fea-ab98-2b1e467de5c9,16,a4733ef6-1f7b-11f0-a4b0-02c1c7bf520d,bf996092-8d66-408a-8d8e-5065ca3330c2,23142979-9fb6-4fd3-bd82-62d7e0add75f,Lane_OFglnfn9KB,Initiator,role,495513442
357fef75-4578-4fea-ab98-2b1e467de5c9,16,a4733ef6-1f7b-11f0-a4b0-02c1c7bf520d,bf996092-8d66-408a-8d8e-5065ca3330c2,23142979-9fb6-4fd3-bd82-62d7e0add75f,Lane_nBhTQbDvYT,Reviewer,role,495513366
357fef75-4578-4fea-ab98-2b1e467de5c9,16,a4733ef6-1f7b-11f0-a4b0-02c1c7bf520d,bf996092-8d66-408a-8d8e-5065ca3330c2,23142979-9fb6-4fd3-bd82-62d7e0add75f,Lane_nBhTQbDvYT,Reviewer,role,495513365
357fef75-4578-4fea-ab98-2b1e467de5c9,16,a4733ef6-1f7b-11f0-a4b0-02c1c7bf520d,bf996092-8d66-408a-8d8e-5065ca3330c2,23142979-9fb6-4fd3-bd82-62d7e0add75f,Lane_qrwwMJBzZw,Approver,role,495513368
145436fc-3bac-4c9a-b2b9-70523bbed4f6,60,,bf996092-8d66-408a-8d8e-5065ca3330c2,23142979-9fb6-4fd3-bd82-62d7e0add75f,Lane_OFglnfn9KB,Initiator,role,495513442
145436fc-3bac-4c9a-b2b9-70523bbed4f6,60,,bf996092-8d66-408a-8d8e-5065ca3330c2,23142979-9fb6-4fd3-bd82-62d7e0add75f,Lane_nBhTQbDvYT,Reviewer,role,495513366
145436fc-3bac-4c9a-b2b9-70523bbed4f6,60,,bf996092-8d66-408a-8d8e-5065ca3330c2,23142979-9fb6-4fd3-bd82-62d7e0add75f,Lane_nBhTQbDvYT,Reviewer,role,495513365
145436fc-3bac-4c9a-b2b9-70523bbed4f6,60,,bf996092-8d66-408a-8d8e-5065ca3330c2,23142979-9fb6-4fd3-bd82-62d7e0add75f,Lane_qrwwMJBzZw,Approver,role,495513368
f7e1325b-bbbd-4676-b9b3-06a19064c9cf,63,,bf996092-8d66-408a-8d8e-5065ca3330c2,23142979-9fb6-4fd3-bd82-62d7e0add75f,Lane_OFglnfn9KB,Initiator,role,495513442
f7e1325b-bbbd-4676-b9b3-06a19064c9cf,63,,bf996092-8d66-408a-8d8e-5065ca3330c2,23142979-9fb6-4fd3-bd82-62d7e0add75f,Lane_nBhTQbDvYT,Reviewer,role,495513366
f7e1325b-bbbd-4676-b9b3-06a19064c9cf,63,,bf996092-8d66-408a-8d8e-5065ca3330c2,23142979-9fb6-4fd3-bd82-62d7e0add75f,Lane_nBhTQbDvYT,Reviewer,role,495513365
f7e1325b-bbbd-4676-b9b3-06a19064c9cf,63,,bf996092-8d66-408a-8d8e-5065ca3330c2,23142979-9fb6-4fd3-bd82-62d7e0add75f,Lane_qrwwMJBzZw,Approver,role,495513368
e2e1d5aa-4199-4a9d-be6f-d9298c67c2ea,59,,bf996092-8d66-408a-8d8e-5065ca3330c2,23142979-9fb6-4fd3-bd82-62d7e0add75f,Lane_OFglnfn9KB,Initiator,role,495513442
e2e1d5aa-4199-4a9d-be6f-d9298c67c2ea,59,,bf996092-8d66-408a-8d8e-5065ca3330c2,23142979-9fb6-4fd3-bd82-62d7e0add75f,Lane_nBhTQbDvYT,Reviewer,role,495513366
e2e1d5aa-4199-4a9d-be6f-d9298c67c2ea,59,,bf996092-8d66-408a-8d8e-5065ca3330c2,23142979-9fb6-4fd3-bd82-62d7e0add75f,Lane_nBhTQbDvYT,Reviewer,role,495513365
e2e1d5aa-4199-4a9d-be6f-d9298c67c2ea,59,,bf996092-8d66-408a-8d8e-5065ca3330c2,23142979-9fb6-4fd3-bd82-62d7e0add75f,Lane_qrwwMJBzZw,Approver,role,495513368
cedb2667-4f79-4be1-bb99-213928b9972c,56,0228cd11-4a9b-11f0-a250-0e4e4f80cd6b,bf996092-8d66-408a-8d8e-5065ca3330c2,23142979-9fb6-4fd3-bd82-62d7e0add75f,Lane_3ujNWmX44w,Initiator,role,495513442
cedb2667-4f79-4be1-bb99-213928b9972c,56,0228cd11-4a9b-11f0-a250-0e4e4f80cd6b,bf996092-8d66-408a-8d8e-5065ca3330c2,23142979-9fb6-4fd3-bd82-62d7e0add75f,Lane_IfZye6FpQ4,Reviewer 1,role,495513366
cedb2667-4f79-4be1-bb99-213928b9972c,56,0228cd11-4a9b-11f0-a250-0e4e4f80cd6b,bf996092-8d66-408a-8d8e-5065ca3330c2,23142979-9fb6-4fd3-bd82-62d7e0add75f,Lane_IfZye6FpQ4,Reviewer 1,role,495513365
cedb2667-4f79-4be1-bb99-213928b9972c,56,0228cd11-4a9b-11f0-a250-0e4e4f80cd6b,bf996092-8d66-408a-8d8e-5065ca3330c2,23142979-9fb6-4fd3-bd82-62d7e0add75f,Lane_1ooz3c2DFr,Reviewer 2,role,495513431
cedb2667-4f79-4be1-bb99-213928b9972c,56,0228cd11-4a9b-11f0-a250-0e4e4f80cd6b,bf996092-8d66-408a-8d8e-5065ca3330c2,23142979-9fb6-4fd3-bd82-62d7e0add75f,Lane_1ooz3c2DFr,Reviewer 2,role,495513415
cedb2667-4f79-4be1-bb99-213928b9972c,56,0228cd11-4a9b-11f0-a250-0e4e4f80cd6b,bf996092-8d66-408a-8d8e-5065ca3330c2,23142979-9fb6-4fd3-bd82-62d7e0add75f,Lane_1ooz3c2DFr,Reviewer 2,role,495513411
cedb2667-4f79-4be1-bb99-213928b9972c,56,0228cd11-4a9b-11f0-a250-0e4e4f80cd6b,bf996092-8d66-408a-8d8e-5065ca3330c2,23142979-9fb6-4fd3-bd82-62d7e0add75f,Lane_1ooz3c2DFr,Reviewer 2,role,495513444
cedb2667-4f79-4be1-bb99-213928b9972c,56,0228cd11-4a9b-11f0-a250-0e4e4f80cd6b,bf996092-8d66-408a-8d8e-5065ca3330c2,23142979-9fb6-4fd3-bd82-62d7e0add75f,Lane_Eb05LdgeKE,Reviewer 3,role,495513361
cedb2667-4f79-4be1-bb99-213928b9972c,56,0228cd11-4a9b-11f0-a250-0e4e4f80cd6b,bf996092-8d66-408a-8d8e-5065ca3330c2,23142979-9fb6-4fd3-bd82-62d7e0add75f,Lane_Eb05LdgeKE,Reviewer 3,role,495513367
cedb2667-4f79-4be1-bb99-213928b9972c,56,0228cd11-4a9b-11f0-a250-0e4e4f80cd6b,bf996092-8d66-408a-8d8e-5065ca3330c2,23142979-9fb6-4fd3-bd82-62d7e0add75f,Lane_Eb05LdgeKE,Reviewer 3,role,495513360
cedb2667-4f79-4be1-bb99-213928b9972c,56,0228cd11-4a9b-11f0-a250-0e4e4f80cd6b,bf996092-8d66-408a-8d8e-5065ca3330c2,23142979-9fb6-4fd3-bd82-62d7e0add75f,Lane_Eb05LdgeKE,Reviewer 3,role,495513369
cedb2667-4f79-4be1-bb99-213928b9972c,56,0228cd11-4a9b-11f0-a250-0e4e4f80cd6b,bf996092-8d66-408a-8d8e-5065ca3330c2,23142979-9fb6-4fd3-bd82-62d7e0add75f,Lane_Eb05LdgeKE,Reviewer 3,role,495513362
cedb2667-4f79-4be1-bb99-213928b9972c,56,0228cd11-4a9b-11f0-a250-0e4e4f80cd6b,bf996092-8d66-408a-8d8e-5065ca3330c2,23142979-9fb6-4fd3-bd82-62d7e0add75f,Lane_Eb05LdgeKE,Reviewer 3,role,495513373
cedb2667-4f79-4be1-bb99-213928b9972c,56,0228cd11-4a9b-11f0-a250-0e4e4f80cd6b,bf996092-8d66-408a-8d8e-5065ca3330c2,23142979-9fb6-4fd3-bd82-62d7e0add75f,Lane_Eb05LdgeKE,Reviewer 3,role,495513379
cedb2667-4f79-4be1-bb99-213928b9972c,56,0228cd11-4a9b-11f0-a250-0e4e4f80cd6b,bf996092-8d66-408a-8d8e-5065ca3330c2,23142979-9fb6-4fd3-bd82-62d7e0add75f,Lane_Dtk6JxTido,Reviewer 4,role,495513364
cedb2667-4f79-4be1-bb99-213928b9972c,56,0228cd11-4a9b-11f0-a250-0e4e4f80cd6b,bf996092-8d66-408a-8d8e-5065ca3330c2,23142979-9fb6-4fd3-bd82-62d7e0add75f,Lane_Dtk6JxTido,Reviewer 4,role,495513371
cedb2667-4f79-4be1-bb99-213928b9972c,56,0228cd11-4a9b-11f0-a250-0e4e4f80cd6b,bf996092-8d66-408a-8d8e-5065ca3330c2,23142979-9fb6-4fd3-bd82-62d7e0add75f,Lane_w9FldF2pED,Approver,role,495513368
c529309d-6370-4615-b332-d363eb8e7df5,7,c676bf12-30b5-11f0-886e-0affe10abe73,bf996092-8d66-408a-8d8e-5065ca3330c2,2f551e7d-05e6-4bfc-8ee1-0ef3a8487c11,Lane_VcwmlBWw74,Initiator,role,526037267
c529309d-6370-4615-b332-d363eb8e7df5,7,c676bf12-30b5-11f0-886e-0affe10abe73,bf996092-8d66-408a-8d8e-5065ca3330c2,2f551e7d-05e6-4bfc-8ee1-0ef3a8487c11,Lane_FynXbeRrzn,Approver,role,496206380
ef58bf51-5150-48d9-99df-40bc07614da9,13,64d7b91b-7445-11f0-8bd5-0232a6c7fd05,bf996092-8d66-408a-8d8e-5065ca3330c2,2f551e7d-05e6-4bfc-8ee1-0ef3a8487c11,Lane_Ey4dSUxeTW,Initiator,role,496206435
ef58bf51-5150-48d9-99df-40bc07614da9,13,64d7b91b-7445-11f0-8bd5-0232a6c7fd05,bf996092-8d66-408a-8d8e-5065ca3330c2,2f551e7d-05e6-4bfc-8ee1-0ef3a8487c11,Lane_PJq3RTtolR,Reviewer 1,role,496206428
ef58bf51-5150-48d9-99df-40bc07614da9,13,64d7b91b-7445-11f0-8bd5-0232a6c7fd05,bf996092-8d66-408a-8d8e-5065ca3330c2,2f551e7d-05e6-4bfc-8ee1-0ef3a8487c11,Lane_PJq3RTtolR,Reviewer 1,role,496206334
ef58bf51-5150-48d9-99df-40bc07614da9,13,64d7b91b-7445-11f0-8bd5-0232a6c7fd05,bf996092-8d66-408a-8d8e-5065ca3330c2,2f551e7d-05e6-4bfc-8ee1-0ef3a8487c11,Lane_PJq3RTtolR,Reviewer 1,role,496206342
ef58bf51-5150-48d9-99df-40bc07614da9,13,64d7b91b-7445-11f0-8bd5-0232a6c7fd05,bf996092-8d66-408a-8d8e-5065ca3330c2,2f551e7d-05e6-4bfc-8ee1-0ef3a8487c11,Lane_PJq3RTtolR,Reviewer 1,role,496206350
ef58bf51-5150-48d9-99df-40bc07614da9,13,64d7b91b-7445-11f0-8bd5-0232a6c7fd05,bf996092-8d66-408a-8d8e-5065ca3330c2,2f551e7d-05e6-4bfc-8ee1-0ef3a8487c11,Lane_8SlSEiXiX2,Reviewer 2,role,496206395
ef58bf51-5150-48d9-99df-40bc07614da9,13,64d7b91b-7445-11f0-8bd5-0232a6c7fd05,bf996092-8d66-408a-8d8e-5065ca3330c2,2f551e7d-05e6-4bfc-8ee1-0ef3a8487c11,Lane_8SlSEiXiX2,Reviewer 2,role,496206399
ef58bf51-5150-48d9-99df-40bc07614da9,13,64d7b91b-7445-11f0-8bd5-0232a6c7fd05,bf996092-8d66-408a-8d8e-5065ca3330c2,2f551e7d-05e6-4bfc-8ee1-0ef3a8487c11,Lane_8SlSEiXiX2,Reviewer 2,role,496206398
ef58bf51-5150-48d9-99df-40bc07614da9,13,64d7b91b-7445-11f0-8bd5-0232a6c7fd05,bf996092-8d66-408a-8d8e-5065ca3330c2,2f551e7d-05e6-4bfc-8ee1-0ef3a8487c11,Lane_zEEBUbqEM5,Reviewer 3,role,496206353
ef58bf51-5150-48d9-99df-40bc07614da9,13,64d7b91b-7445-11f0-8bd5-0232a6c7fd05,bf996092-8d66-408a-8d8e-5065ca3330c2,2f551e7d-05e6-4bfc-8ee1-0ef3a8487c11,Lane_zEEBUbqEM5,Reviewer 3,role,496206355
ef58bf51-5150-48d9-99df-40bc07614da9,13,64d7b91b-7445-11f0-8bd5-0232a6c7fd05,bf996092-8d66-408a-8d8e-5065ca3330c2,2f551e7d-05e6-4bfc-8ee1-0ef3a8487c11,Lane_zEEBUbqEM5,Reviewer 3,role,496206329
ef58bf51-5150-48d9-99df-40bc07614da9,13,64d7b91b-7445-11f0-8bd5-0232a6c7fd05,bf996092-8d66-408a-8d8e-5065ca3330c2,2f551e7d-05e6-4bfc-8ee1-0ef3a8487c11,Lane_zEEBUbqEM5,Reviewer 3,role,496206330
ef58bf51-5150-48d9-99df-40bc07614da9,13,64d7b91b-7445-11f0-8bd5-0232a6c7fd05,bf996092-8d66-408a-8d8e-5065ca3330c2,2f551e7d-05e6-4bfc-8ee1-0ef3a8487c11,Lane_zEEBUbqEM5,Reviewer 3,role,496206357
ef58bf51-5150-48d9-99df-40bc07614da9,13,64d7b91b-7445-11f0-8bd5-0232a6c7fd05,bf996092-8d66-408a-8d8e-5065ca3330c2,2f551e7d-05e6-4bfc-8ee1-0ef3a8487c11,Lane_zEEBUbqEM5,Reviewer 3,role,496206356
ef58bf51-5150-48d9-99df-40bc07614da9,13,64d7b91b-7445-11f0-8bd5-0232a6c7fd05,bf996092-8d66-408a-8d8e-5065ca3330c2,2f551e7d-05e6-4bfc-8ee1-0ef3a8487c11,Lane_zEEBUbqEM5,Reviewer 3,role,496206365
ef58bf51-5150-48d9-99df-40bc07614da9,13,64d7b91b-7445-11f0-8bd5-0232a6c7fd05,bf996092-8d66-408a-8d8e-5065ca3330c2,2f551e7d-05e6-4bfc-8ee1-0ef3a8487c11,Lane_zEEBUbqEM5,Reviewer 3,role,496206331
ef58bf51-5150-48d9-99df-40bc07614da9,13,64d7b91b-7445-11f0-8bd5-0232a6c7fd05,bf996092-8d66-408a-8d8e-5065ca3330c2,2f551e7d-05e6-4bfc-8ee1-0ef3a8487c11,Lane_zEEBUbqEM5,Reviewer 3,role,496206363
ef58bf51-5150-48d9-99df-40bc07614da9,13,64d7b91b-7445-11f0-8bd5-0232a6c7fd05,bf996092-8d66-408a-8d8e-5065ca3330c2,2f551e7d-05e6-4bfc-8ee1-0ef3a8487c11,Lane_IQDBvnlqTd,Approver,role,496206352
ca8a1843-edd3-4e96-b1d4-2d2889115f79,2,,bf996092-8d66-408a-8d8e-5065ca3330c2,2f551e7d-05e6-4bfc-8ee1-0ef3a8487c11,Lane_rofZy86bO6,Initiator,role,496206398
ca8a1843-edd3-4e96-b1d4-2d2889115f79,2,,bf996092-8d66-408a-8d8e-5065ca3330c2,2f551e7d-05e6-4bfc-8ee1-0ef3a8487c11,Lane_c8LdIDdAL0,Reviewer 1,role,496206428
ca8a1843-edd3-4e96-b1d4-2d2889115f79,2,,bf996092-8d66-408a-8d8e-5065ca3330c2,2f551e7d-05e6-4bfc-8ee1-0ef3a8487c11,Lane_Eicy4ukAlx,Reviewer 2,role,496206435
ca8a1843-edd3-4e96-b1d4-2d2889115f79,2,,bf996092-8d66-408a-8d8e-5065ca3330c2,2f551e7d-05e6-4bfc-8ee1-0ef3a8487c11,Lane_SmA4rhGzww,Reviewer 3,role,496206355
ca8a1843-edd3-4e96-b1d4-2d2889115f79,2,,bf996092-8d66-408a-8d8e-5065ca3330c2,2f551e7d-05e6-4bfc-8ee1-0ef3a8487c11,Lane_SmA4rhGzww,Reviewer 3,role,496206330
ca8a1843-edd3-4e96-b1d4-2d2889115f79,2,,bf996092-8d66-408a-8d8e-5065ca3330c2,2f551e7d-05e6-4bfc-8ee1-0ef3a8487c11,Lane_SmA4rhGzww,Reviewer 3,role,496206356
ca8a1843-edd3-4e96-b1d4-2d2889115f79,2,,bf996092-8d66-408a-8d8e-5065ca3330c2,2f551e7d-05e6-4bfc-8ee1-0ef3a8487c11,Lane_SmA4rhGzww,Reviewer 3,role,496206363
ca8a1843-edd3-4e96-b1d4-2d2889115f79,2,,bf996092-8d66-408a-8d8e-5065ca3330c2,2f551e7d-05e6-4bfc-8ee1-0ef3a8487c11,Lane_SmA4rhGzww,Reviewer 3,role,496206334
ca8a1843-edd3-4e96-b1d4-2d2889115f79,2,,bf996092-8d66-408a-8d8e-5065ca3330c2,2f551e7d-05e6-4bfc-8ee1-0ef3a8487c11,Lane_SmA4rhGzww,Reviewer 3,role,496206342
ca8a1843-edd3-4e96-b1d4-2d2889115f79,2,,bf996092-8d66-408a-8d8e-5065ca3330c2,2f551e7d-05e6-4bfc-8ee1-0ef3a8487c11,Lane_SmA4rhGzww,Reviewer 3,role,496206350
ca8a1843-edd3-4e96-b1d4-2d2889115f79,2,,bf996092-8d66-408a-8d8e-5065ca3330c2,2f551e7d-05e6-4bfc-8ee1-0ef3a8487c11,Lane_1x3FowskQz,Approver,role,496206352
7f351351-b526-4e19-b6be-d12b34a5c79e,5,b720607b-2c0b-11f0-8c89-02bb37981eb5,bf996092-8d66-408a-8d8e-5065ca3330c2,2f551e7d-05e6-4bfc-8ee1-0ef3a8487c11,Lane_nT1k4KaOoS,Initiator,role,496206435
7f351351-b526-4e19-b6be-d12b34a5c79e,5,b720607b-2c0b-11f0-8c89-02bb37981eb5,bf996092-8d66-408a-8d8e-5065ca3330c2,2f551e7d-05e6-4bfc-8ee1-0ef3a8487c11,Lane_4y8s8Dtq7w,Reviewer 1,role,496206417
7f351351-b526-4e19-b6be-d12b34a5c79e,5,b720607b-2c0b-11f0-8c89-02bb37981eb5,bf996092-8d66-408a-8d8e-5065ca3330c2,2f551e7d-05e6-4bfc-8ee1-0ef3a8487c11,Lane_4y8s8Dtq7w,Reviewer 1,role,496206334
7f351351-b526-4e19-b6be-d12b34a5c79e,5,b720607b-2c0b-11f0-8c89-02bb37981eb5,bf996092-8d66-408a-8d8e-5065ca3330c2,2f551e7d-05e6-4bfc-8ee1-0ef3a8487c11,Lane_ikXiR0GawP,Reviewer 2,role,496206353
7f351351-b526-4e19-b6be-d12b34a5c79e,5,b720607b-2c0b-11f0-8c89-02bb37981eb5,bf996092-8d66-408a-8d8e-5065ca3330c2,2f551e7d-05e6-4bfc-8ee1-0ef3a8487c11,Lane_CCRyKPDH9c,Approver,role,496206355
512cbb17-8ad1-4b10-bd7b-2074f87b3c1a,3,39191e26-1782-11f0-b0a5-0e0917bbc323,bf996092-8d66-408a-8d8e-5065ca3330c2,2f551e7d-05e6-4bfc-8ee1-0ef3a8487c11,Lane_fIl1Hpqa3G,Initiator,role,496206398
512cbb17-8ad1-4b10-bd7b-2074f87b3c1a,3,39191e26-1782-11f0-b0a5-0e0917bbc323,bf996092-8d66-408a-8d8e-5065ca3330c2,2f551e7d-05e6-4bfc-8ee1-0ef3a8487c11,Lane_C4K2FIuenw,Reviewer 1,role,496206428
512cbb17-8ad1-4b10-bd7b-2074f87b3c1a,3,39191e26-1782-11f0-b0a5-0e0917bbc323,bf996092-8d66-408a-8d8e-5065ca3330c2,2f551e7d-05e6-4bfc-8ee1-0ef3a8487c11,Lane_P1hiC5iDqD,Reviewer 2,role,496206435
512cbb17-8ad1-4b10-bd7b-2074f87b3c1a,3,39191e26-1782-11f0-b0a5-0e0917bbc323,bf996092-8d66-408a-8d8e-5065ca3330c2,2f551e7d-05e6-4bfc-8ee1-0ef3a8487c11,Lane_gFZLWj0fJu,Reviewer 3,role,496206355
512cbb17-8ad1-4b10-bd7b-2074f87b3c1a,3,39191e26-1782-11f0-b0a5-0e0917bbc323,bf996092-8d66-408a-8d8e-5065ca3330c2,2f551e7d-05e6-4bfc-8ee1-0ef3a8487c11,Lane_gFZLWj0fJu,Reviewer 3,role,496206330
512cbb17-8ad1-4b10-bd7b-2074f87b3c1a,3,39191e26-1782-11f0-b0a5-0e0917bbc323,bf996092-8d66-408a-8d8e-5065ca3330c2,2f551e7d-05e6-4bfc-8ee1-0ef3a8487c11,Lane_gFZLWj0fJu,Reviewer 3,role,496206356
512cbb17-8ad1-4b10-bd7b-2074f87b3c1a,3,39191e26-1782-11f0-b0a5-0e0917bbc323,bf996092-8d66-408a-8d8e-5065ca3330c2,2f551e7d-05e6-4bfc-8ee1-0ef3a8487c11,Lane_gFZLWj0fJu,Reviewer 3,role,496206363
512cbb17-8ad1-4b10-bd7b-2074f87b3c1a,3,39191e26-1782-11f0-b0a5-0e0917bbc323,bf996092-8d66-408a-8d8e-5065ca3330c2,2f551e7d-05e6-4bfc-8ee1-0ef3a8487c11,Lane_gFZLWj0fJu,Reviewer 3,role,496206334
512cbb17-8ad1-4b10-bd7b-2074f87b3c1a,3,39191e26-1782-11f0-b0a5-0e0917bbc323,bf996092-8d66-408a-8d8e-5065ca3330c2,2f551e7d-05e6-4bfc-8ee1-0ef3a8487c11,Lane_gFZLWj0fJu,Reviewer 3,role,496206342
512cbb17-8ad1-4b10-bd7b-2074f87b3c1a,3,39191e26-1782-11f0-b0a5-0e0917bbc323,bf996092-8d66-408a-8d8e-5065ca3330c2,2f551e7d-05e6-4bfc-8ee1-0ef3a8487c11,Lane_gFZLWj0fJu,Reviewer 3,role,496206350
512cbb17-8ad1-4b10-bd7b-2074f87b3c1a,3,39191e26-1782-11f0-b0a5-0e0917bbc323,bf996092-8d66-408a-8d8e-5065ca3330c2,2f551e7d-05e6-4bfc-8ee1-0ef3a8487c11,Lane_tUKBVJjksz,Approver,role,496206352
b3952c54-70ae-4b3a-96aa-b94ee95648ff,1,247a9557-114e-11f0-b27c-0affe2c60f5f,bf996092-8d66-408a-8d8e-5065ca3330c2,2f551e7d-05e6-4bfc-8ee1-0ef3a8487c11,Lane_rofZy86bO6,Initiator,role,496206398
b3952c54-70ae-4b3a-96aa-b94ee95648ff,1,247a9557-114e-11f0-b27c-0affe2c60f5f,bf996092-8d66-408a-8d8e-5065ca3330c2,2f551e7d-05e6-4bfc-8ee1-0ef3a8487c11,Lane_c8LdIDdAL0,Reviewer 1,role,496206428
b3952c54-70ae-4b3a-96aa-b94ee95648ff,1,247a9557-114e-11f0-b27c-0affe2c60f5f,bf996092-8d66-408a-8d8e-5065ca3330c2,2f551e7d-05e6-4bfc-8ee1-0ef3a8487c11,Lane_Eicy4ukAlx,Reviewer 2,role,496206435
b3952c54-70ae-4b3a-96aa-b94ee95648ff,1,247a9557-114e-11f0-b27c-0affe2c60f5f,bf996092-8d66-408a-8d8e-5065ca3330c2,2f551e7d-05e6-4bfc-8ee1-0ef3a8487c11,Lane_SmA4rhGzww,Reviewer 3,role,496206355
b3952c54-70ae-4b3a-96aa-b94ee95648ff,1,247a9557-114e-11f0-b27c-0affe2c60f5f,bf996092-8d66-408a-8d8e-5065ca3330c2,2f551e7d-05e6-4bfc-8ee1-0ef3a8487c11,Lane_SmA4rhGzww,Reviewer 3,role,496206330
b3952c54-70ae-4b3a-96aa-b94ee95648ff,1,247a9557-114e-11f0-b27c-0affe2c60f5f,bf996092-8d66-408a-8d8e-5065ca3330c2,2f551e7d-05e6-4bfc-8ee1-0ef3a8487c11,Lane_SmA4rhGzww,Reviewer 3,role,496206356
b3952c54-70ae-4b3a-96aa-b94ee95648ff,1,247a9557-114e-11f0-b27c-0affe2c60f5f,bf996092-8d66-408a-8d8e-5065ca3330c2,2f551e7d-05e6-4bfc-8ee1-0ef3a8487c11,Lane_SmA4rhGzww,Reviewer 3,role,496206363
b3952c54-70ae-4b3a-96aa-b94ee95648ff,1,247a9557-114e-11f0-b27c-0affe2c60f5f,bf996092-8d66-408a-8d8e-5065ca3330c2,2f551e7d-05e6-4bfc-8ee1-0ef3a8487c11,Lane_SmA4rhGzww,Reviewer 3,role,496206342
b3952c54-70ae-4b3a-96aa-b94ee95648ff,1,247a9557-114e-11f0-b27c-0affe2c60f5f,bf996092-8d66-408a-8d8e-5065ca3330c2,2f551e7d-05e6-4bfc-8ee1-0ef3a8487c11,Lane_SmA4rhGzww,Reviewer 3,role,496206350
b3952c54-70ae-4b3a-96aa-b94ee95648ff,1,247a9557-114e-11f0-b27c-0affe2c60f5f,bf996092-8d66-408a-8d8e-5065ca3330c2,2f551e7d-05e6-4bfc-8ee1-0ef3a8487c11,Lane_1x3FowskQz,Approver,role,496206352
831d7e30-7e71-4b64-bd31-896d3cedf3f2,20,,bf996092-8d66-408a-8d8e-5065ca3330c2,2f551e7d-05e6-4bfc-8ee1-0ef3a8487c11,Lane_guLkxF9SZB,Initiator,role,496206435
831d7e30-7e71-4b64-bd31-896d3cedf3f2,20,,bf996092-8d66-408a-8d8e-5065ca3330c2,2f551e7d-05e6-4bfc-8ee1-0ef3a8487c11,Lane_0MRUAEuLAB,Reviewer 1,role,496206417
831d7e30-7e71-4b64-bd31-896d3cedf3f2,20,,bf996092-8d66-408a-8d8e-5065ca3330c2,2f551e7d-05e6-4bfc-8ee1-0ef3a8487c11,Lane_BMIsGvf4O4,Reviewer 2,role,496206353
831d7e30-7e71-4b64-bd31-896d3cedf3f2,20,,bf996092-8d66-408a-8d8e-5065ca3330c2,2f551e7d-05e6-4bfc-8ee1-0ef3a8487c11,Lane_BMIsGvf4O4,Reviewer 2,role,496206334
831d7e30-7e71-4b64-bd31-896d3cedf3f2,20,,bf996092-8d66-408a-8d8e-5065ca3330c2,2f551e7d-05e6-4bfc-8ee1-0ef3a8487c11,Lane_JriJNeoXWb,Approver,role,496206355
f10ccddc-e3bb-42d8-8cb0-4ed999251c04,8,6815be3c-3570-11f0-9531-026648e652bf,bf996092-8d66-408a-8d8e-5065ca3330c2,2f551e7d-05e6-4bfc-8ee1-0ef3a8487c11,Lane_S655CjelKy,Initiator,role,496206395
f10ccddc-e3bb-42d8-8cb0-4ed999251c04,8,6815be3c-3570-11f0-9531-026648e652bf,bf996092-8d66-408a-8d8e-5065ca3330c2,2f551e7d-05e6-4bfc-8ee1-0ef3a8487c11,Lane_Jbozsb2SUO,Reviewer 1,role,496206428
f10ccddc-e3bb-42d8-8cb0-4ed999251c04,8,6815be3c-3570-11f0-9531-026648e652bf,bf996092-8d66-408a-8d8e-5065ca3330c2,2f551e7d-05e6-4bfc-8ee1-0ef3a8487c11,Lane_ltkh32h5Zh,Reviewer 2,role,496206342
f10ccddc-e3bb-42d8-8cb0-4ed999251c04,8,6815be3c-3570-11f0-9531-026648e652bf,bf996092-8d66-408a-8d8e-5065ca3330c2,2f551e7d-05e6-4bfc-8ee1-0ef3a8487c11,Lane_DBmORv4NZj,Reviewer 3,role,496206330
f10ccddc-e3bb-42d8-8cb0-4ed999251c04,8,6815be3c-3570-11f0-9531-026648e652bf,bf996092-8d66-408a-8d8e-5065ca3330c2,2f551e7d-05e6-4bfc-8ee1-0ef3a8487c11,Lane_DBmORv4NZj,Reviewer 3,role,496206356
f10ccddc-e3bb-42d8-8cb0-4ed999251c04,8,6815be3c-3570-11f0-9531-026648e652bf,bf996092-8d66-408a-8d8e-5065ca3330c2,2f551e7d-05e6-4bfc-8ee1-0ef3a8487c11,Lane_DBmORv4NZj,Reviewer 3,role,496206363
f10ccddc-e3bb-42d8-8cb0-4ed999251c04,8,6815be3c-3570-11f0-9531-026648e652bf,bf996092-8d66-408a-8d8e-5065ca3330c2,2f551e7d-05e6-4bfc-8ee1-0ef3a8487c11,Lane_DBmORv4NZj,Reviewer 3,role,496206350
f10ccddc-e3bb-42d8-8cb0-4ed999251c04,8,6815be3c-3570-11f0-9531-026648e652bf,bf996092-8d66-408a-8d8e-5065ca3330c2,2f551e7d-05e6-4bfc-8ee1-0ef3a8487c11,Lane_DBmORv4NZj,Reviewer 3,role,496206329
f10ccddc-e3bb-42d8-8cb0-4ed999251c04,8,6815be3c-3570-11f0-9531-026648e652bf,bf996092-8d66-408a-8d8e-5065ca3330c2,2f551e7d-05e6-4bfc-8ee1-0ef3a8487c11,Lane_DBmORv4NZj,Reviewer 3,role,496206357
f10ccddc-e3bb-42d8-8cb0-4ed999251c04,8,6815be3c-3570-11f0-9531-026648e652bf,bf996092-8d66-408a-8d8e-5065ca3330c2,2f551e7d-05e6-4bfc-8ee1-0ef3a8487c11,Lane_o2FhymnVjZ,Approver,role,496206352
aa3d7a6f-7ad4-49fa-b3b3-5a05f2c30167,9,727709a5-3607-11f0-a75b-02304916fd47,bf996092-8d66-408a-8d8e-5065ca3330c2,2f551e7d-05e6-4bfc-8ee1-0ef3a8487c11,Lane_19XKUWXxFA,Initiator,role,496206428
aa3d7a6f-7ad4-49fa-b3b3-5a05f2c30167,9,727709a5-3607-11f0-a75b-02304916fd47,bf996092-8d66-408a-8d8e-5065ca3330c2,2f551e7d-05e6-4bfc-8ee1-0ef3a8487c11,Lane_8md5krNMsD,Reviewer,role,496206342
aa3d7a6f-7ad4-49fa-b3b3-5a05f2c30167,9,727709a5-3607-11f0-a75b-02304916fd47,bf996092-8d66-408a-8d8e-5065ca3330c2,2f551e7d-05e6-4bfc-8ee1-0ef3a8487c11,Lane_8md5krNMsD,Reviewer,role,496206350
aa3d7a6f-7ad4-49fa-b3b3-5a05f2c30167,9,727709a5-3607-11f0-a75b-02304916fd47,bf996092-8d66-408a-8d8e-5065ca3330c2,2f551e7d-05e6-4bfc-8ee1-0ef3a8487c11,Lane_3wHZxrD2RW,Approver,role,496206352
3dd66b65-4dda-4967-9a42-3f5b5a335f39,6,81a838ec-30b3-11f0-8c89-02bb37981eb5,bf996092-8d66-408a-8d8e-5065ca3330c2,2f551e7d-05e6-4bfc-8ee1-0ef3a8487c11,Lane_nT1k4KaOoS,Initiator,role,496206435
3dd66b65-4dda-4967-9a42-3f5b5a335f39,6,81a838ec-30b3-11f0-8c89-02bb37981eb5,bf996092-8d66-408a-8d8e-5065ca3330c2,2f551e7d-05e6-4bfc-8ee1-0ef3a8487c11,Lane_4y8s8Dtq7w,Reviewer 1,role,496206417
3dd66b65-4dda-4967-9a42-3f5b5a335f39,6,81a838ec-30b3-11f0-8c89-02bb37981eb5,bf996092-8d66-408a-8d8e-5065ca3330c2,2f551e7d-05e6-4bfc-8ee1-0ef3a8487c11,Lane_4y8s8Dtq7w,Reviewer 1,role,496206334
3dd66b65-4dda-4967-9a42-3f5b5a335f39,6,81a838ec-30b3-11f0-8c89-02bb37981eb5,bf996092-8d66-408a-8d8e-5065ca3330c2,2f551e7d-05e6-4bfc-8ee1-0ef3a8487c11,Lane_ikXiR0GawP,Reviewer 2,role,496206353
3dd66b65-4dda-4967-9a42-3f5b5a335f39,6,81a838ec-30b3-11f0-8c89-02bb37981eb5,bf996092-8d66-408a-8d8e-5065ca3330c2,2f551e7d-05e6-4bfc-8ee1-0ef3a8487c11,Lane_CCRyKPDH9c,Approver,role,496206355
0d3e66c6-7344-4424-acd5-f6bfc6ccf836,10,f03d4544-43a4-11f0-9c34-0afff02ff9e7,bf996092-8d66-408a-8d8e-5065ca3330c2,2f551e7d-05e6-4bfc-8ee1-0ef3a8487c11,Lane_S655CjelKy,Initiator,role,496206395
0d3e66c6-7344-4424-acd5-f6bfc6ccf836,10,f03d4544-43a4-11f0-9c34-0afff02ff9e7,bf996092-8d66-408a-8d8e-5065ca3330c2,2f551e7d-05e6-4bfc-8ee1-0ef3a8487c11,Lane_Jbozsb2SUO,Reviewer 1,role,496206428
0d3e66c6-7344-4424-acd5-f6bfc6ccf836,10,f03d4544-43a4-11f0-9c34-0afff02ff9e7,bf996092-8d66-408a-8d8e-5065ca3330c2,2f551e7d-05e6-4bfc-8ee1-0ef3a8487c11,Lane_ltkh32h5Zh,Reviewer 2,role,496206342
0d3e66c6-7344-4424-acd5-f6bfc6ccf836,10,f03d4544-43a4-11f0-9c34-0afff02ff9e7,bf996092-8d66-408a-8d8e-5065ca3330c2,2f551e7d-05e6-4bfc-8ee1-0ef3a8487c11,Lane_DBmORv4NZj,Reviewer 3,role,496206330
0d3e66c6-7344-4424-acd5-f6bfc6ccf836,10,f03d4544-43a4-11f0-9c34-0afff02ff9e7,bf996092-8d66-408a-8d8e-5065ca3330c2,2f551e7d-05e6-4bfc-8ee1-0ef3a8487c11,Lane_DBmORv4NZj,Reviewer 3,role,496206356
0d3e66c6-7344-4424-acd5-f6bfc6ccf836,10,f03d4544-43a4-11f0-9c34-0afff02ff9e7,bf996092-8d66-408a-8d8e-5065ca3330c2,2f551e7d-05e6-4bfc-8ee1-0ef3a8487c11,Lane_DBmORv4NZj,Reviewer 3,role,496206363
0d3e66c6-7344-4424-acd5-f6bfc6ccf836,10,f03d4544-43a4-11f0-9c34-0afff02ff9e7,bf996092-8d66-408a-8d8e-5065ca3330c2,2f551e7d-05e6-4bfc-8ee1-0ef3a8487c11,Lane_DBmORv4NZj,Reviewer 3,role,496206350
0d3e66c6-7344-4424-acd5-f6bfc6ccf836,10,f03d4544-43a4-11f0-9c34-0afff02ff9e7,bf996092-8d66-408a-8d8e-5065ca3330c2,2f551e7d-05e6-4bfc-8ee1-0ef3a8487c11,Lane_DBmORv4NZj,Reviewer 3,role,496206329
0d3e66c6-7344-4424-acd5-f6bfc6ccf836,10,f03d4544-43a4-11f0-9c34-0afff02ff9e7,bf996092-8d66-408a-8d8e-5065ca3330c2,2f551e7d-05e6-4bfc-8ee1-0ef3a8487c11,Lane_DBmORv4NZj,Reviewer 3,role,496206357
0d3e66c6-7344-4424-acd5-f6bfc6ccf836,10,f03d4544-43a4-11f0-9c34-0afff02ff9e7,bf996092-8d66-408a-8d8e-5065ca3330c2,2f551e7d-05e6-4bfc-8ee1-0ef3a8487c11,Lane_o2FhymnVjZ,Approver,role,496206352
d8a940d6-2db4-48fc-8f47-4bce483f02f7,4,6ca5673f-2655-11f0-a2e5-0e90b988a0d3,bf996092-8d66-408a-8d8e-5065ca3330c2,2f551e7d-05e6-4bfc-8ee1-0ef3a8487c11,Lane_3NS92Gfq3A,Initiator,role,496206435
d8a940d6-2db4-48fc-8f47-4bce483f02f7,4,6ca5673f-2655-11f0-a2e5-0e90b988a0d3,bf996092-8d66-408a-8d8e-5065ca3330c2,2f551e7d-05e6-4bfc-8ee1-0ef3a8487c11,Lane_D4Ofv2gN0H,Reviewer 1,role,496206417
d8a940d6-2db4-48fc-8f47-4bce483f02f7,4,6ca5673f-2655-11f0-a2e5-0e90b988a0d3,bf996092-8d66-408a-8d8e-5065ca3330c2,2f551e7d-05e6-4bfc-8ee1-0ef3a8487c11,Lane_D4Ofv2gN0H,Reviewer 1,role,496206334
d8a940d6-2db4-48fc-8f47-4bce483f02f7,4,6ca5673f-2655-11f0-a2e5-0e90b988a0d3,bf996092-8d66-408a-8d8e-5065ca3330c2,2f551e7d-05e6-4bfc-8ee1-0ef3a8487c11,Lane_E2bPuDt4tR,Reviewer 2,role,496206353
d8a940d6-2db4-48fc-8f47-4bce483f02f7,4,6ca5673f-2655-11f0-a2e5-0e90b988a0d3,bf996092-8d66-408a-8d8e-5065ca3330c2,2f551e7d-05e6-4bfc-8ee1-0ef3a8487c11,Lane_MrwVXb48p6,Approver,role,496206355
10deb34e-be58-4d2f-8f80-0062496141eb,17,c9778d7e-7c18-11f0-9661-0afff06a47b1,bf996092-8d66-408a-8d8e-5065ca3330c2,2f551e7d-05e6-4bfc-8ee1-0ef3a8487c11,Lane_oX6h7dOupy,Initiator,role,496206428
10deb34e-be58-4d2f-8f80-0062496141eb,17,c9778d7e-7c18-11f0-9661-0afff06a47b1,bf996092-8d66-408a-8d8e-5065ca3330c2,2f551e7d-05e6-4bfc-8ee1-0ef3a8487c11,Lane_oX6h7dOupy,Initiator,role,496206372
10deb34e-be58-4d2f-8f80-0062496141eb,17,c9778d7e-7c18-11f0-9661-0afff06a47b1,bf996092-8d66-408a-8d8e-5065ca3330c2,2f551e7d-05e6-4bfc-8ee1-0ef3a8487c11,Lane_ANJImSqquR,Reviewer 1,role,496206342
10deb34e-be58-4d2f-8f80-0062496141eb,17,c9778d7e-7c18-11f0-9661-0afff06a47b1,bf996092-8d66-408a-8d8e-5065ca3330c2,2f551e7d-05e6-4bfc-8ee1-0ef3a8487c11,Lane_ANJImSqquR,Reviewer 1,role,496206350
10deb34e-be58-4d2f-8f80-0062496141eb,17,c9778d7e-7c18-11f0-9661-0afff06a47b1,bf996092-8d66-408a-8d8e-5065ca3330c2,2f551e7d-05e6-4bfc-8ee1-0ef3a8487c11,Lane_SWrReQHlmO,Reviewer 2,role,496206395
10deb34e-be58-4d2f-8f80-0062496141eb,17,c9778d7e-7c18-11f0-9661-0afff06a47b1,bf996092-8d66-408a-8d8e-5065ca3330c2,2f551e7d-05e6-4bfc-8ee1-0ef3a8487c11,Lane_SWrReQHlmO,Reviewer 2,role,496206399
10deb34e-be58-4d2f-8f80-0062496141eb,17,c9778d7e-7c18-11f0-9661-0afff06a47b1,bf996092-8d66-408a-8d8e-5065ca3330c2,2f551e7d-05e6-4bfc-8ee1-0ef3a8487c11,Lane_SWrReQHlmO,Reviewer 2,role,496206398
10deb34e-be58-4d2f-8f80-0062496141eb,17,c9778d7e-7c18-11f0-9661-0afff06a47b1,bf996092-8d66-408a-8d8e-5065ca3330c2,2f551e7d-05e6-4bfc-8ee1-0ef3a8487c11,Lane_SWrReQHlmO,Reviewer 2,role,496206435
10deb34e-be58-4d2f-8f80-0062496141eb,17,c9778d7e-7c18-11f0-9661-0afff06a47b1,bf996092-8d66-408a-8d8e-5065ca3330c2,2f551e7d-05e6-4bfc-8ee1-0ef3a8487c11,Lane_VyF6hR19bp,Reviewer 3,role,496206329
10deb34e-be58-4d2f-8f80-0062496141eb,17,c9778d7e-7c18-11f0-9661-0afff06a47b1,bf996092-8d66-408a-8d8e-5065ca3330c2,2f551e7d-05e6-4bfc-8ee1-0ef3a8487c11,Lane_VyF6hR19bp,Reviewer 3,role,496206357
10deb34e-be58-4d2f-8f80-0062496141eb,17,c9778d7e-7c18-11f0-9661-0afff06a47b1,bf996092-8d66-408a-8d8e-5065ca3330c2,2f551e7d-05e6-4bfc-8ee1-0ef3a8487c11,Lane_VyF6hR19bp,Reviewer 3,role,496206330
10deb34e-be58-4d2f-8f80-0062496141eb,17,c9778d7e-7c18-11f0-9661-0afff06a47b1,bf996092-8d66-408a-8d8e-5065ca3330c2,2f551e7d-05e6-4bfc-8ee1-0ef3a8487c11,Lane_VyF6hR19bp,Reviewer 3,role,496206356
10deb34e-be58-4d2f-8f80-0062496141eb,17,c9778d7e-7c18-11f0-9661-0afff06a47b1,bf996092-8d66-408a-8d8e-5065ca3330c2,2f551e7d-05e6-4bfc-8ee1-0ef3a8487c11,Lane_VyF6hR19bp,Reviewer 3,role,496206331
10deb34e-be58-4d2f-8f80-0062496141eb,17,c9778d7e-7c18-11f0-9661-0afff06a47b1,bf996092-8d66-408a-8d8e-5065ca3330c2,2f551e7d-05e6-4bfc-8ee1-0ef3a8487c11,Lane_VyF6hR19bp,Reviewer 3,role,496206365
10deb34e-be58-4d2f-8f80-0062496141eb,17,c9778d7e-7c18-11f0-9661-0afff06a47b1,bf996092-8d66-408a-8d8e-5065ca3330c2,2f551e7d-05e6-4bfc-8ee1-0ef3a8487c11,Lane_VyF6hR19bp,Reviewer 3,role,496206363
10deb34e-be58-4d2f-8f80-0062496141eb,17,c9778d7e-7c18-11f0-9661-0afff06a47b1,bf996092-8d66-408a-8d8e-5065ca3330c2,2f551e7d-05e6-4bfc-8ee1-0ef3a8487c11,Lane_d5qwFcbI6K,Reviewer 4,role,496206334
10deb34e-be58-4d2f-8f80-0062496141eb,17,c9778d7e-7c18-11f0-9661-0afff06a47b1,bf996092-8d66-408a-8d8e-5065ca3330c2,2f551e7d-05e6-4bfc-8ee1-0ef3a8487c11,Lane_d5qwFcbI6K,Reviewer 4,role,496206353
10deb34e-be58-4d2f-8f80-0062496141eb,17,c9778d7e-7c18-11f0-9661-0afff06a47b1,bf996092-8d66-408a-8d8e-5065ca3330c2,2f551e7d-05e6-4bfc-8ee1-0ef3a8487c11,Lane_LZuT9P3XPP,Approver,role,496206352
b3b2193e-63a0-4f54-a131-96f4c4704419,14,1fa50517-76b2-11f0-8bd5-0232a6c7fd05,bf996092-8d66-408a-8d8e-5065ca3330c2,2f551e7d-05e6-4bfc-8ee1-0ef3a8487c11,Lane_Ey4dSUxeTW,Initiator,role,496206435
b3b2193e-63a0-4f54-a131-96f4c4704419,14,1fa50517-76b2-11f0-8bd5-0232a6c7fd05,bf996092-8d66-408a-8d8e-5065ca3330c2,2f551e7d-05e6-4bfc-8ee1-0ef3a8487c11,Lane_PJq3RTtolR,Reviewer 1,role,496206428
b3b2193e-63a0-4f54-a131-96f4c4704419,14,1fa50517-76b2-11f0-8bd5-0232a6c7fd05,bf996092-8d66-408a-8d8e-5065ca3330c2,2f551e7d-05e6-4bfc-8ee1-0ef3a8487c11,Lane_PJq3RTtolR,Reviewer 1,role,496206334
b3b2193e-63a0-4f54-a131-96f4c4704419,14,1fa50517-76b2-11f0-8bd5-0232a6c7fd05,bf996092-8d66-408a-8d8e-5065ca3330c2,2f551e7d-05e6-4bfc-8ee1-0ef3a8487c11,Lane_PJq3RTtolR,Reviewer 1,role,496206342
b3b2193e-63a0-4f54-a131-96f4c4704419,14,1fa50517-76b2-11f0-8bd5-0232a6c7fd05,bf996092-8d66-408a-8d8e-5065ca3330c2,2f551e7d-05e6-4bfc-8ee1-0ef3a8487c11,Lane_PJq3RTtolR,Reviewer 1,role,496206350
b3b2193e-63a0-4f54-a131-96f4c4704419,14,1fa50517-76b2-11f0-8bd5-0232a6c7fd05,bf996092-8d66-408a-8d8e-5065ca3330c2,2f551e7d-05e6-4bfc-8ee1-0ef3a8487c11,Lane_8SlSEiXiX2,Reviewer 2,role,496206395
b3b2193e-63a0-4f54-a131-96f4c4704419,14,1fa50517-76b2-11f0-8bd5-0232a6c7fd05,bf996092-8d66-408a-8d8e-5065ca3330c2,2f551e7d-05e6-4bfc-8ee1-0ef3a8487c11,Lane_8SlSEiXiX2,Reviewer 2,role,496206399
b3b2193e-63a0-4f54-a131-96f4c4704419,14,1fa50517-76b2-11f0-8bd5-0232a6c7fd05,bf996092-8d66-408a-8d8e-5065ca3330c2,2f551e7d-05e6-4bfc-8ee1-0ef3a8487c11,Lane_8SlSEiXiX2,Reviewer 2,role,496206398
b3b2193e-63a0-4f54-a131-96f4c4704419,14,1fa50517-76b2-11f0-8bd5-0232a6c7fd05,bf996092-8d66-408a-8d8e-5065ca3330c2,2f551e7d-05e6-4bfc-8ee1-0ef3a8487c11,Lane_zEEBUbqEM5,Reviewer 3,role,496206353
b3b2193e-63a0-4f54-a131-96f4c4704419,14,1fa50517-76b2-11f0-8bd5-0232a6c7fd05,bf996092-8d66-408a-8d8e-5065ca3330c2,2f551e7d-05e6-4bfc-8ee1-0ef3a8487c11,Lane_zEEBUbqEM5,Reviewer 3,role,496206355
b3b2193e-63a0-4f54-a131-96f4c4704419,14,1fa50517-76b2-11f0-8bd5-0232a6c7fd05,bf996092-8d66-408a-8d8e-5065ca3330c2,2f551e7d-05e6-4bfc-8ee1-0ef3a8487c11,Lane_zEEBUbqEM5,Reviewer 3,role,496206329
b3b2193e-63a0-4f54-a131-96f4c4704419,14,1fa50517-76b2-11f0-8bd5-0232a6c7fd05,bf996092-8d66-408a-8d8e-5065ca3330c2,2f551e7d-05e6-4bfc-8ee1-0ef3a8487c11,Lane_zEEBUbqEM5,Reviewer 3,role,496206330
b3b2193e-63a0-4f54-a131-96f4c4704419,14,1fa50517-76b2-11f0-8bd5-0232a6c7fd05,bf996092-8d66-408a-8d8e-5065ca3330c2,2f551e7d-05e6-4bfc-8ee1-0ef3a8487c11,Lane_zEEBUbqEM5,Reviewer 3,role,496206357
b3b2193e-63a0-4f54-a131-96f4c4704419,14,1fa50517-76b2-11f0-8bd5-0232a6c7fd05,bf996092-8d66-408a-8d8e-5065ca3330c2,2f551e7d-05e6-4bfc-8ee1-0ef3a8487c11,Lane_zEEBUbqEM5,Reviewer 3,role,496206356
b3b2193e-63a0-4f54-a131-96f4c4704419,14,1fa50517-76b2-11f0-8bd5-0232a6c7fd05,bf996092-8d66-408a-8d8e-5065ca3330c2,2f551e7d-05e6-4bfc-8ee1-0ef3a8487c11,Lane_zEEBUbqEM5,Reviewer 3,role,496206365
b3b2193e-63a0-4f54-a131-96f4c4704419,14,1fa50517-76b2-11f0-8bd5-0232a6c7fd05,bf996092-8d66-408a-8d8e-5065ca3330c2,2f551e7d-05e6-4bfc-8ee1-0ef3a8487c11,Lane_zEEBUbqEM5,Reviewer 3,role,496206331
b3b2193e-63a0-4f54-a131-96f4c4704419,14,1fa50517-76b2-11f0-8bd5-0232a6c7fd05,bf996092-8d66-408a-8d8e-5065ca3330c2,2f551e7d-05e6-4bfc-8ee1-0ef3a8487c11,Lane_zEEBUbqEM5,Reviewer 3,role,496206363
b3b2193e-63a0-4f54-a131-96f4c4704419,14,1fa50517-76b2-11f0-8bd5-0232a6c7fd05,bf996092-8d66-408a-8d8e-5065ca3330c2,2f551e7d-05e6-4bfc-8ee1-0ef3a8487c11,Lane_IQDBvnlqTd,Approver,role,496206352
70484cd7-5fab-4aca-a932-2377e25ede38,18,,bf996092-8d66-408a-8d8e-5065ca3330c2,2f551e7d-05e6-4bfc-8ee1-0ef3a8487c11,Lane_3NS92Gfq3A,Initiator,role,496206435
70484cd7-5fab-4aca-a932-2377e25ede38,18,,bf996092-8d66-408a-8d8e-5065ca3330c2,2f551e7d-05e6-4bfc-8ee1-0ef3a8487c11,Lane_D4Ofv2gN0H,Reviewer 1,role,496206417
70484cd7-5fab-4aca-a932-2377e25ede38,18,,bf996092-8d66-408a-8d8e-5065ca3330c2,2f551e7d-05e6-4bfc-8ee1-0ef3a8487c11,Lane_D4Ofv2gN0H,Reviewer 1,role,496206334
70484cd7-5fab-4aca-a932-2377e25ede38,18,,bf996092-8d66-408a-8d8e-5065ca3330c2,2f551e7d-05e6-4bfc-8ee1-0ef3a8487c11,Lane_E2bPuDt4tR,Reviewer 2,role,496206353
70484cd7-5fab-4aca-a932-2377e25ede38,18,,bf996092-8d66-408a-8d8e-5065ca3330c2,2f551e7d-05e6-4bfc-8ee1-0ef3a8487c11,Lane_MrwVXb48p6,Approver,role,496206355
aba84792-2f08-41ed-b924-fd77c709b24b,16,eced41eb-783f-11f0-8bd5-0232a6c7fd05,bf996092-8d66-408a-8d8e-5065ca3330c2,2f551e7d-05e6-4bfc-8ee1-0ef3a8487c11,Lane_3NS92Gfq3A,Initiator,role,496206435
aba84792-2f08-41ed-b924-fd77c709b24b,16,eced41eb-783f-11f0-8bd5-0232a6c7fd05,bf996092-8d66-408a-8d8e-5065ca3330c2,2f551e7d-05e6-4bfc-8ee1-0ef3a8487c11,Lane_D4Ofv2gN0H,Reviewer 1,role,496206417
aba84792-2f08-41ed-b924-fd77c709b24b,16,eced41eb-783f-11f0-8bd5-0232a6c7fd05,bf996092-8d66-408a-8d8e-5065ca3330c2,2f551e7d-05e6-4bfc-8ee1-0ef3a8487c11,Lane_D4Ofv2gN0H,Reviewer 1,role,496206334
aba84792-2f08-41ed-b924-fd77c709b24b,16,eced41eb-783f-11f0-8bd5-0232a6c7fd05,bf996092-8d66-408a-8d8e-5065ca3330c2,2f551e7d-05e6-4bfc-8ee1-0ef3a8487c11,Lane_E2bPuDt4tR,Reviewer 2,role,496206353
aba84792-2f08-41ed-b924-fd77c709b24b,16,eced41eb-783f-11f0-8bd5-0232a6c7fd05,bf996092-8d66-408a-8d8e-5065ca3330c2,2f551e7d-05e6-4bfc-8ee1-0ef3a8487c11,Lane_MrwVXb48p6,Approver,role,496206355
c1ea6016-d692-40e1-a318-a1a889984aff,15,5dba7df4-78d7-11f0-9661-0afff06a47b1,bf996092-8d66-408a-8d8e-5065ca3330c2,2f551e7d-05e6-4bfc-8ee1-0ef3a8487c11,Lane_3NS92Gfq3A,Initiator,role,496206435
c1ea6016-d692-40e1-a318-a1a889984aff,15,5dba7df4-78d7-11f0-9661-0afff06a47b1,bf996092-8d66-408a-8d8e-5065ca3330c2,2f551e7d-05e6-4bfc-8ee1-0ef3a8487c11,Lane_D4Ofv2gN0H,Reviewer 1,role,496206417
c1ea6016-d692-40e1-a318-a1a889984aff,15,5dba7df4-78d7-11f0-9661-0afff06a47b1,bf996092-8d66-408a-8d8e-5065ca3330c2,2f551e7d-05e6-4bfc-8ee1-0ef3a8487c11,Lane_D4Ofv2gN0H,Reviewer 1,role,496206334
c1ea6016-d692-40e1-a318-a1a889984aff,15,5dba7df4-78d7-11f0-9661-0afff06a47b1,bf996092-8d66-408a-8d8e-5065ca3330c2,2f551e7d-05e6-4bfc-8ee1-0ef3a8487c11,Lane_E2bPuDt4tR,Reviewer 2,role,496206353
c1ea6016-d692-40e1-a318-a1a889984aff,15,5dba7df4-78d7-11f0-9661-0afff06a47b1,bf996092-8d66-408a-8d8e-5065ca3330c2,2f551e7d-05e6-4bfc-8ee1-0ef3a8487c11,Lane_MrwVXb48p6,Approver,role,496206355
1a3cbd0c-ae18-4d7a-919e-3a037c4eeb3a,12,cdb8c46c-7427-11f0-ba69-0affe15d0ad3,bf996092-8d66-408a-8d8e-5065ca3330c2,2f551e7d-05e6-4bfc-8ee1-0ef3a8487c11,Lane_nT1k4KaOoS,Initiator,role,496206435
1a3cbd0c-ae18-4d7a-919e-3a037c4eeb3a,12,cdb8c46c-7427-11f0-ba69-0affe15d0ad3,bf996092-8d66-408a-8d8e-5065ca3330c2,2f551e7d-05e6-4bfc-8ee1-0ef3a8487c11,Lane_4y8s8Dtq7w,Reviewer 1,role,496206417
1a3cbd0c-ae18-4d7a-919e-3a037c4eeb3a,12,cdb8c46c-7427-11f0-ba69-0affe15d0ad3,bf996092-8d66-408a-8d8e-5065ca3330c2,2f551e7d-05e6-4bfc-8ee1-0ef3a8487c11,Lane_4y8s8Dtq7w,Reviewer 1,role,496206334
1a3cbd0c-ae18-4d7a-919e-3a037c4eeb3a,12,cdb8c46c-7427-11f0-ba69-0affe15d0ad3,bf996092-8d66-408a-8d8e-5065ca3330c2,2f551e7d-05e6-4bfc-8ee1-0ef3a8487c11,Lane_ikXiR0GawP,Reviewer 2,role,496206353
1a3cbd0c-ae18-4d7a-919e-3a037c4eeb3a,12,cdb8c46c-7427-11f0-ba69-0affe15d0ad3,bf996092-8d66-408a-8d8e-5065ca3330c2,2f551e7d-05e6-4bfc-8ee1-0ef3a8487c11,Lane_CCRyKPDH9c,Approver,role,496206355
58c570b3-4797-484f-8a3b-2d35ebd9ad48,11,40520e52-7381-11f0-ba69-0affe15d0ad3,bf996092-8d66-408a-8d8e-5065ca3330c2,2f551e7d-05e6-4bfc-8ee1-0ef3a8487c11,Lane_nT1k4KaOoS,Initiator,role,496206435
58c570b3-4797-484f-8a3b-2d35ebd9ad48,11,40520e52-7381-11f0-ba69-0affe15d0ad3,bf996092-8d66-408a-8d8e-5065ca3330c2,2f551e7d-05e6-4bfc-8ee1-0ef3a8487c11,Lane_4y8s8Dtq7w,Reviewer 1,role,496206417
58c570b3-4797-484f-8a3b-2d35ebd9ad48,11,40520e52-7381-11f0-ba69-0affe15d0ad3,bf996092-8d66-408a-8d8e-5065ca3330c2,2f551e7d-05e6-4bfc-8ee1-0ef3a8487c11,Lane_4y8s8Dtq7w,Reviewer 1,role,496206334
58c570b3-4797-484f-8a3b-2d35ebd9ad48,11,40520e52-7381-11f0-ba69-0affe15d0ad3,bf996092-8d66-408a-8d8e-5065ca3330c2,2f551e7d-05e6-4bfc-8ee1-0ef3a8487c11,Lane_ikXiR0GawP,Reviewer 2,role,496206353
58c570b3-4797-484f-8a3b-2d35ebd9ad48,11,40520e52-7381-11f0-ba69-0affe15d0ad3,bf996092-8d66-408a-8d8e-5065ca3330c2,2f551e7d-05e6-4bfc-8ee1-0ef3a8487c11,Lane_CCRyKPDH9c,Approver,role,496206355
e7e9b4e8-0804-43cf-9a8e-277f927ac6ff,19,,bf996092-8d66-408a-8d8e-5065ca3330c2,2f551e7d-05e6-4bfc-8ee1-0ef3a8487c11,Lane_guLkxF9SZB,Initiator,role,496206435
e7e9b4e8-0804-43cf-9a8e-277f927ac6ff,19,,bf996092-8d66-408a-8d8e-5065ca3330c2,2f551e7d-05e6-4bfc-8ee1-0ef3a8487c11,Lane_0MRUAEuLAB,Reviewer 1,role,496206417
e7e9b4e8-0804-43cf-9a8e-277f927ac6ff,19,,bf996092-8d66-408a-8d8e-5065ca3330c2,2f551e7d-05e6-4bfc-8ee1-0ef3a8487c11,Lane_BMIsGvf4O4,Reviewer 2,role,496206353
e7e9b4e8-0804-43cf-9a8e-277f927ac6ff,19,,bf996092-8d66-408a-8d8e-5065ca3330c2,2f551e7d-05e6-4bfc-8ee1-0ef3a8487c11,Lane_BMIsGvf4O4,Reviewer 2,role,496206334
e7e9b4e8-0804-43cf-9a8e-277f927ac6ff,19,,bf996092-8d66-408a-8d8e-5065ca3330c2,2f551e7d-05e6-4bfc-8ee1-0ef3a8487c11,Lane_JriJNeoXWb,Approver,role,496206355
d624d6aa-6854-418a-b289-c9e1df3081e1,1,aaa8d9bf-e92c-11ef-8b6b-02ac98ea20d7,bf996092-8d66-408a-8d8e-5065ca3330c2,3473261e-0400-4f3f-881d-b12012018bee,Lane_x7Qa7f10mA,Initiator,user,CMJ2N3U8MSMRM8ZA
d624d6aa-6854-418a-b289-c9e1df3081e1,1,aaa8d9bf-e92c-11ef-8b6b-02ac98ea20d7,bf996092-8d66-408a-8d8e-5065ca3330c2,3473261e-0400-4f3f-881d-b12012018bee,Lane_5vYELWPCGD,Reviewer,user,DQ72WAMCK3PT3T58
d624d6aa-6854-418a-b289-c9e1df3081e1,1,aaa8d9bf-e92c-11ef-8b6b-02ac98ea20d7,bf996092-8d66-408a-8d8e-5065ca3330c2,3473261e-0400-4f3f-881d-b12012018bee,Lane_7o2bHbPzH7,Approver,user,DQ72WAMCK3PT3T58
cc58128c-5875-48e0-851f-2f7f0dcbb31b,4,815ec079-3f71-11f0-a75b-02304916fd47,bf996092-8d66-408a-8d8e-5065ca3330c2,77d5fb8c-5d83-4fa8-8c81-169306f7a8f7,Lane_NKF0vjS9cY,Initiator,role,496207553
cc58128c-5875-48e0-851f-2f7f0dcbb31b,4,815ec079-3f71-11f0-a75b-02304916fd47,bf996092-8d66-408a-8d8e-5065ca3330c2,77d5fb8c-5d83-4fa8-8c81-169306f7a8f7,Lane_aLBTjW8ds5,Reviewer 1,role,496207592
cc58128c-5875-48e0-851f-2f7f0dcbb31b,4,815ec079-3f71-11f0-a75b-02304916fd47,bf996092-8d66-408a-8d8e-5065ca3330c2,77d5fb8c-5d83-4fa8-8c81-169306f7a8f7,Lane_Jds2RvXmA0,Reviewer 2,role,496207476
cc58128c-5875-48e0-851f-2f7f0dcbb31b,4,815ec079-3f71-11f0-a75b-02304916fd47,bf996092-8d66-408a-8d8e-5065ca3330c2,77d5fb8c-5d83-4fa8-8c81-169306f7a8f7,Lane_wV3qIIk7m6,Reviewer 3,role,496207470
cc58128c-5875-48e0-851f-2f7f0dcbb31b,4,815ec079-3f71-11f0-a75b-02304916fd47,bf996092-8d66-408a-8d8e-5065ca3330c2,77d5fb8c-5d83-4fa8-8c81-169306f7a8f7,Lane_wV3qIIk7m6,Reviewer 3,role,496207509
cc58128c-5875-48e0-851f-2f7f0dcbb31b,4,815ec079-3f71-11f0-a75b-02304916fd47,bf996092-8d66-408a-8d8e-5065ca3330c2,77d5fb8c-5d83-4fa8-8c81-169306f7a8f7,Lane_wV3qIIk7m6,Reviewer 3,role,496207507
cc58128c-5875-48e0-851f-2f7f0dcbb31b,4,815ec079-3f71-11f0-a75b-02304916fd47,bf996092-8d66-408a-8d8e-5065ca3330c2,77d5fb8c-5d83-4fa8-8c81-169306f7a8f7,Lane_wV3qIIk7m6,Reviewer 3,role,496207475
cc58128c-5875-48e0-851f-2f7f0dcbb31b,4,815ec079-3f71-11f0-a75b-02304916fd47,bf996092-8d66-408a-8d8e-5065ca3330c2,77d5fb8c-5d83-4fa8-8c81-169306f7a8f7,Lane_wV3qIIk7m6,Reviewer 3,role,496207471
cc58128c-5875-48e0-851f-2f7f0dcbb31b,4,815ec079-3f71-11f0-a75b-02304916fd47,bf996092-8d66-408a-8d8e-5065ca3330c2,77d5fb8c-5d83-4fa8-8c81-169306f7a8f7,Lane_wV3qIIk7m6,Reviewer 3,role,496207496
cc58128c-5875-48e0-851f-2f7f0dcbb31b,4,815ec079-3f71-11f0-a75b-02304916fd47,bf996092-8d66-408a-8d8e-5065ca3330c2,77d5fb8c-5d83-4fa8-8c81-169306f7a8f7,Lane_QReJWZvZ6U,Approver,role,496207484
1d8832fd-439c-40cb-a455-9090f2dbf528,3,f39cb180-3bbf-11f0-9531-026648e652bf,bf996092-8d66-408a-8d8e-5065ca3330c2,77d5fb8c-5d83-4fa8-8c81-169306f7a8f7,Lane_8sUyhJ8zGQ,Initiator,role,496207573
1d8832fd-439c-40cb-a455-9090f2dbf528,3,f39cb180-3bbf-11f0-9531-026648e652bf,bf996092-8d66-408a-8d8e-5065ca3330c2,77d5fb8c-5d83-4fa8-8c81-169306f7a8f7,Lane_7o1UMVFGzg,Reviewer 1,role,496207592
1d8832fd-439c-40cb-a455-9090f2dbf528,3,f39cb180-3bbf-11f0-9531-026648e652bf,bf996092-8d66-408a-8d8e-5065ca3330c2,77d5fb8c-5d83-4fa8-8c81-169306f7a8f7,Lane_7o1UMVFGzg,Reviewer 1,role,496207574
1d8832fd-439c-40cb-a455-9090f2dbf528,3,f39cb180-3bbf-11f0-9531-026648e652bf,bf996092-8d66-408a-8d8e-5065ca3330c2,77d5fb8c-5d83-4fa8-8c81-169306f7a8f7,Lane_7o1UMVFGzg,Reviewer 1,role,496207553
1d8832fd-439c-40cb-a455-9090f2dbf528,3,f39cb180-3bbf-11f0-9531-026648e652bf,bf996092-8d66-408a-8d8e-5065ca3330c2,77d5fb8c-5d83-4fa8-8c81-169306f7a8f7,Lane_7o1UMVFGzg,Reviewer 1,role,496207558
1d8832fd-439c-40cb-a455-9090f2dbf528,3,f39cb180-3bbf-11f0-9531-026648e652bf,bf996092-8d66-408a-8d8e-5065ca3330c2,77d5fb8c-5d83-4fa8-8c81-169306f7a8f7,Lane_7o1UMVFGzg,Reviewer 1,role,496207562
1d8832fd-439c-40cb-a455-9090f2dbf528,3,f39cb180-3bbf-11f0-9531-026648e652bf,bf996092-8d66-408a-8d8e-5065ca3330c2,77d5fb8c-5d83-4fa8-8c81-169306f7a8f7,Lane_rzoJKHNKWE,Reviewer 2,role,496207476
1d8832fd-439c-40cb-a455-9090f2dbf528,3,f39cb180-3bbf-11f0-9531-026648e652bf,bf996092-8d66-408a-8d8e-5065ca3330c2,77d5fb8c-5d83-4fa8-8c81-169306f7a8f7,Lane_rzoJKHNKWE,Reviewer 2,role,496207475
1d8832fd-439c-40cb-a455-9090f2dbf528,3,f39cb180-3bbf-11f0-9531-026648e652bf,bf996092-8d66-408a-8d8e-5065ca3330c2,77d5fb8c-5d83-4fa8-8c81-169306f7a8f7,Lane_rzoJKHNKWE,Reviewer 2,role,496207507
1d8832fd-439c-40cb-a455-9090f2dbf528,3,f39cb180-3bbf-11f0-9531-026648e652bf,bf996092-8d66-408a-8d8e-5065ca3330c2,77d5fb8c-5d83-4fa8-8c81-169306f7a8f7,Lane_rzoJKHNKWE,Reviewer 2,role,496207472
1d8832fd-439c-40cb-a455-9090f2dbf528,3,f39cb180-3bbf-11f0-9531-026648e652bf,bf996092-8d66-408a-8d8e-5065ca3330c2,77d5fb8c-5d83-4fa8-8c81-169306f7a8f7,Lane_rzoJKHNKWE,Reviewer 2,role,496207510
1d8832fd-439c-40cb-a455-9090f2dbf528,3,f39cb180-3bbf-11f0-9531-026648e652bf,bf996092-8d66-408a-8d8e-5065ca3330c2,77d5fb8c-5d83-4fa8-8c81-169306f7a8f7,Lane_rzoJKHNKWE,Reviewer 2,role,496207471
1d8832fd-439c-40cb-a455-9090f2dbf528,3,f39cb180-3bbf-11f0-9531-026648e652bf,bf996092-8d66-408a-8d8e-5065ca3330c2,77d5fb8c-5d83-4fa8-8c81-169306f7a8f7,Lane_rzoJKHNKWE,Reviewer 2,role,496207470
1d8832fd-439c-40cb-a455-9090f2dbf528,3,f39cb180-3bbf-11f0-9531-026648e652bf,bf996092-8d66-408a-8d8e-5065ca3330c2,77d5fb8c-5d83-4fa8-8c81-169306f7a8f7,Lane_rzoJKHNKWE,Reviewer 2,role,496207496
1d8832fd-439c-40cb-a455-9090f2dbf528,3,f39cb180-3bbf-11f0-9531-026648e652bf,bf996092-8d66-408a-8d8e-5065ca3330c2,77d5fb8c-5d83-4fa8-8c81-169306f7a8f7,Lane_rzoJKHNKWE,Reviewer 2,role,496207509
1d8832fd-439c-40cb-a455-9090f2dbf528,3,f39cb180-3bbf-11f0-9531-026648e652bf,bf996092-8d66-408a-8d8e-5065ca3330c2,77d5fb8c-5d83-4fa8-8c81-169306f7a8f7,Lane_lba3wPHwFH,Approver,role,496207484
c128bb05-eaf1-4a0a-8ff8-13b87420139c,1,d4e57543-063b-11f0-9c0f-029f496e4bf7,bf996092-8d66-408a-8d8e-5065ca3330c2,77d5fb8c-5d83-4fa8-8c81-169306f7a8f7,Lane_QW19sNj6I8,Initiator,role,496207558
c128bb05-eaf1-4a0a-8ff8-13b87420139c,1,d4e57543-063b-11f0-9c0f-029f496e4bf7,bf996092-8d66-408a-8d8e-5065ca3330c2,77d5fb8c-5d83-4fa8-8c81-169306f7a8f7,Lane_okgNiYsN2e,Reviewer,role,496207470
c128bb05-eaf1-4a0a-8ff8-13b87420139c,1,d4e57543-063b-11f0-9c0f-029f496e4bf7,bf996092-8d66-408a-8d8e-5065ca3330c2,77d5fb8c-5d83-4fa8-8c81-169306f7a8f7,Lane_okgNiYsN2e,Reviewer,role,496207509
c128bb05-eaf1-4a0a-8ff8-13b87420139c,1,d4e57543-063b-11f0-9c0f-029f496e4bf7,bf996092-8d66-408a-8d8e-5065ca3330c2,77d5fb8c-5d83-4fa8-8c81-169306f7a8f7,Lane_jXvWnXu0zA,Approver,role,496207507
88451065-faa1-4e32-a291-8f460c897a89,6,31e87304-476d-11f0-92ca-0affce51bea9,bf996092-8d66-408a-8d8e-5065ca3330c2,77d5fb8c-5d83-4fa8-8c81-169306f7a8f7,Lane_jGFbyjMxNP,Initiator,role,496207573
88451065-faa1-4e32-a291-8f460c897a89,6,31e87304-476d-11f0-92ca-0affce51bea9,bf996092-8d66-408a-8d8e-5065ca3330c2,77d5fb8c-5d83-4fa8-8c81-169306f7a8f7,Lane_d1hTdj4lLd,Reviewer 1,role,496207592
88451065-faa1-4e32-a291-8f460c897a89,6,31e87304-476d-11f0-92ca-0affce51bea9,bf996092-8d66-408a-8d8e-5065ca3330c2,77d5fb8c-5d83-4fa8-8c81-169306f7a8f7,Lane_d1hTdj4lLd,Reviewer 1,role,496207574
88451065-faa1-4e32-a291-8f460c897a89,6,31e87304-476d-11f0-92ca-0affce51bea9,bf996092-8d66-408a-8d8e-5065ca3330c2,77d5fb8c-5d83-4fa8-8c81-169306f7a8f7,Lane_d1hTdj4lLd,Reviewer 1,role,496207553
88451065-faa1-4e32-a291-8f460c897a89,6,31e87304-476d-11f0-92ca-0affce51bea9,bf996092-8d66-408a-8d8e-5065ca3330c2,77d5fb8c-5d83-4fa8-8c81-169306f7a8f7,Lane_d1hTdj4lLd,Reviewer 1,role,496207558
88451065-faa1-4e32-a291-8f460c897a89,6,31e87304-476d-11f0-92ca-0affce51bea9,bf996092-8d66-408a-8d8e-5065ca3330c2,77d5fb8c-5d83-4fa8-8c81-169306f7a8f7,Lane_d1hTdj4lLd,Reviewer 1,role,496207562
88451065-faa1-4e32-a291-8f460c897a89,6,31e87304-476d-11f0-92ca-0affce51bea9,bf996092-8d66-408a-8d8e-5065ca3330c2,77d5fb8c-5d83-4fa8-8c81-169306f7a8f7,Lane_bPvCvNtbvr,Reviewer 2,role,496207476
88451065-faa1-4e32-a291-8f460c897a89,6,31e87304-476d-11f0-92ca-0affce51bea9,bf996092-8d66-408a-8d8e-5065ca3330c2,77d5fb8c-5d83-4fa8-8c81-169306f7a8f7,Lane_bPvCvNtbvr,Reviewer 2,role,496207475
88451065-faa1-4e32-a291-8f460c897a89,6,31e87304-476d-11f0-92ca-0affce51bea9,bf996092-8d66-408a-8d8e-5065ca3330c2,77d5fb8c-5d83-4fa8-8c81-169306f7a8f7,Lane_bPvCvNtbvr,Reviewer 2,role,496207507
88451065-faa1-4e32-a291-8f460c897a89,6,31e87304-476d-11f0-92ca-0affce51bea9,bf996092-8d66-408a-8d8e-5065ca3330c2,77d5fb8c-5d83-4fa8-8c81-169306f7a8f7,Lane_bPvCvNtbvr,Reviewer 2,role,496207472
88451065-faa1-4e32-a291-8f460c897a89,6,31e87304-476d-11f0-92ca-0affce51bea9,bf996092-8d66-408a-8d8e-5065ca3330c2,77d5fb8c-5d83-4fa8-8c81-169306f7a8f7,Lane_bPvCvNtbvr,Reviewer 2,role,496207510
88451065-faa1-4e32-a291-8f460c897a89,6,31e87304-476d-11f0-92ca-0affce51bea9,bf996092-8d66-408a-8d8e-5065ca3330c2,77d5fb8c-5d83-4fa8-8c81-169306f7a8f7,Lane_bPvCvNtbvr,Reviewer 2,role,496207471
88451065-faa1-4e32-a291-8f460c897a89,6,31e87304-476d-11f0-92ca-0affce51bea9,bf996092-8d66-408a-8d8e-5065ca3330c2,77d5fb8c-5d83-4fa8-8c81-169306f7a8f7,Lane_bPvCvNtbvr,Reviewer 2,role,496207470
88451065-faa1-4e32-a291-8f460c897a89,6,31e87304-476d-11f0-92ca-0affce51bea9,bf996092-8d66-408a-8d8e-5065ca3330c2,77d5fb8c-5d83-4fa8-8c81-169306f7a8f7,Lane_bPvCvNtbvr,Reviewer 2,role,496207496
88451065-faa1-4e32-a291-8f460c897a89,6,31e87304-476d-11f0-92ca-0affce51bea9,bf996092-8d66-408a-8d8e-5065ca3330c2,77d5fb8c-5d83-4fa8-8c81-169306f7a8f7,Lane_bPvCvNtbvr,Reviewer 2,role,496207509
88451065-faa1-4e32-a291-8f460c897a89,6,31e87304-476d-11f0-92ca-0affce51bea9,bf996092-8d66-408a-8d8e-5065ca3330c2,77d5fb8c-5d83-4fa8-8c81-169306f7a8f7,Lane_OVVgQ77kSl,Approver,role,496207484
83df4d09-3279-4523-97a4-504f9fc16aea,5,4453848d-4084-11f0-8ed5-0e90ccd82ecd,bf996092-8d66-408a-8d8e-5065ca3330c2,77d5fb8c-5d83-4fa8-8c81-169306f7a8f7,Lane_NKF0vjS9cY,Initiator,role,496207553
83df4d09-3279-4523-97a4-504f9fc16aea,5,4453848d-4084-11f0-8ed5-0e90ccd82ecd,bf996092-8d66-408a-8d8e-5065ca3330c2,77d5fb8c-5d83-4fa8-8c81-169306f7a8f7,Lane_aLBTjW8ds5,Reviewer 1,role,496207592
83df4d09-3279-4523-97a4-504f9fc16aea,5,4453848d-4084-11f0-8ed5-0e90ccd82ecd,bf996092-8d66-408a-8d8e-5065ca3330c2,77d5fb8c-5d83-4fa8-8c81-169306f7a8f7,Lane_Jds2RvXmA0,Reviewer 2,role,496207476
83df4d09-3279-4523-97a4-504f9fc16aea,5,4453848d-4084-11f0-8ed5-0e90ccd82ecd,bf996092-8d66-408a-8d8e-5065ca3330c2,77d5fb8c-5d83-4fa8-8c81-169306f7a8f7,Lane_wV3qIIk7m6,Reviewer 3,role,496207470
83df4d09-3279-4523-97a4-504f9fc16aea,5,4453848d-4084-11f0-8ed5-0e90ccd82ecd,bf996092-8d66-408a-8d8e-5065ca3330c2,77d5fb8c-5d83-4fa8-8c81-169306f7a8f7,Lane_wV3qIIk7m6,Reviewer 3,role,496207509
83df4d09-3279-4523-97a4-504f9fc16aea,5,4453848d-4084-11f0-8ed5-0e90ccd82ecd,bf996092-8d66-408a-8d8e-5065ca3330c2,77d5fb8c-5d83-4fa8-8c81-169306f7a8f7,Lane_wV3qIIk7m6,Reviewer 3,role,496207507
83df4d09-3279-4523-97a4-504f9fc16aea,5,4453848d-4084-11f0-8ed5-0e90ccd82ecd,bf996092-8d66-408a-8d8e-5065ca3330c2,77d5fb8c-5d83-4fa8-8c81-169306f7a8f7,Lane_wV3qIIk7m6,Reviewer 3,role,496207475
83df4d09-3279-4523-97a4-504f9fc16aea,5,4453848d-4084-11f0-8ed5-0e90ccd82ecd,bf996092-8d66-408a-8d8e-5065ca3330c2,77d5fb8c-5d83-4fa8-8c81-169306f7a8f7,Lane_wV3qIIk7m6,Reviewer 3,role,496207471
83df4d09-3279-4523-97a4-504f9fc16aea,5,4453848d-4084-11f0-8ed5-0e90ccd82ecd,bf996092-8d66-408a-8d8e-5065ca3330c2,77d5fb8c-5d83-4fa8-8c81-169306f7a8f7,Lane_wV3qIIk7m6,Reviewer 3,role,496207496
83df4d09-3279-4523-97a4-504f9fc16aea,5,4453848d-4084-11f0-8ed5-0e90ccd82ecd,bf996092-8d66-408a-8d8e-5065ca3330c2,77d5fb8c-5d83-4fa8-8c81-169306f7a8f7,Lane_QReJWZvZ6U,Approver,role,496207484
15821e5e-938e-4c81-8d3e-0b6312065fd9,2,ffe7ed4d-37a0-11f0-a305-0ea8b6e27dcf,bf996092-8d66-408a-8d8e-5065ca3330c2,77d5fb8c-5d83-4fa8-8c81-169306f7a8f7,Lane_ziatdKpoMn,Initiator,role,496207592
15821e5e-938e-4c81-8d3e-0b6312065fd9,2,ffe7ed4d-37a0-11f0-a305-0ea8b6e27dcf,bf996092-8d66-408a-8d8e-5065ca3330c2,77d5fb8c-5d83-4fa8-8c81-169306f7a8f7,Lane_BM3rDPlUw5,Reviewer,role,496207476
15821e5e-938e-4c81-8d3e-0b6312065fd9,2,ffe7ed4d-37a0-11f0-a305-0ea8b6e27dcf,bf996092-8d66-408a-8d8e-5065ca3330c2,77d5fb8c-5d83-4fa8-8c81-169306f7a8f7,Lane_BM3rDPlUw5,Reviewer,role,496207475
15821e5e-938e-4c81-8d3e-0b6312065fd9,2,ffe7ed4d-37a0-11f0-a305-0ea8b6e27dcf,bf996092-8d66-408a-8d8e-5065ca3330c2,77d5fb8c-5d83-4fa8-8c81-169306f7a8f7,Lane_cT5UGjYJ1z,Approver,role,496207484
1dfe5f95-67e5-47b0-b61c-000f951b78fe,42,5cc7ccce-7914-11f0-946f-0215d9ab6dad,bf996092-8d66-408a-8d8e-5065ca3330c2,967e785d-d83c-490b-8d6a-2ed926c956ac,Lane_gpKFEKH5vj,Initiator,role,523378629
1dfe5f95-67e5-47b0-b61c-000f951b78fe,42,5cc7ccce-7914-11f0-946f-0215d9ab6dad,bf996092-8d66-408a-8d8e-5065ca3330c2,967e785d-d83c-490b-8d6a-2ed926c956ac,Lane_awoDrX7U1k,Approver,role,501949046
e8488852-6881-4e3a-a7c1-8f808271fdfd,47,a80d0a9f-7c20-11f0-8bd5-0232a6c7fd05,bf996092-8d66-408a-8d8e-5065ca3330c2,967e785d-d83c-490b-8d6a-2ed926c956ac,Lane_gpKFEKH5vj,Initiator,role,523378629
e8488852-6881-4e3a-a7c1-8f808271fdfd,47,a80d0a9f-7c20-11f0-8bd5-0232a6c7fd05,bf996092-8d66-408a-8d8e-5065ca3330c2,967e785d-d83c-490b-8d6a-2ed926c956ac,Lane_awoDrX7U1k,Approver,role,501949046
60a76748-468c-4536-a2e4-b80c2551d879,48,5bc1d5d8-7c21-11f0-8bd5-0232a6c7fd05,bf996092-8d66-408a-8d8e-5065ca3330c2,967e785d-d83c-490b-8d6a-2ed926c956ac,Lane_gpKFEKH5vj,Initiator,role,523378629
60a76748-468c-4536-a2e4-b80c2551d879,48,5bc1d5d8-7c21-11f0-8bd5-0232a6c7fd05,bf996092-8d66-408a-8d8e-5065ca3330c2,967e785d-d83c-490b-8d6a-2ed926c956ac,Lane_awoDrX7U1k,Approver,role,501949046
b4513964-d1b9-49bf-8e68-447487e41035,50,15e3b7d9-7c23-11f0-8e65-0afff7224aab,bf996092-8d66-408a-8d8e-5065ca3330c2,967e785d-d83c-490b-8d6a-2ed926c956ac,Lane_gpKFEKH5vj,Initiator,role,523378629
b4513964-d1b9-49bf-8e68-447487e41035,50,15e3b7d9-7c23-11f0-8e65-0afff7224aab,bf996092-8d66-408a-8d8e-5065ca3330c2,967e785d-d83c-490b-8d6a-2ed926c956ac,Lane_awoDrX7U1k,Approver,role,501949046
eaf83f3a-a69a-4332-bdf9-db141dc9ae89,51,50cc6f6b-7c23-11f0-946f-0215d9ab6dad,bf996092-8d66-408a-8d8e-5065ca3330c2,967e785d-d83c-490b-8d6a-2ed926c956ac,Lane_gpKFEKH5vj,Initiator,role,523378629
eaf83f3a-a69a-4332-bdf9-db141dc9ae89,51,50cc6f6b-7c23-11f0-946f-0215d9ab6dad,bf996092-8d66-408a-8d8e-5065ca3330c2,967e785d-d83c-490b-8d6a-2ed926c956ac,Lane_awoDrX7U1k,Approver,role,501949046
637b2b33-0654-4301-8c24-c09ed6824912,52,a3dd202c-7c24-11f0-9661-0afff06a47b1,bf996092-8d66-408a-8d8e-5065ca3330c2,967e785d-d83c-490b-8d6a-2ed926c956ac,Lane_gpKFEKH5vj,Initiator,role,523378629
637b2b33-0654-4301-8c24-c09ed6824912,52,a3dd202c-7c24-11f0-9661-0afff06a47b1,bf996092-8d66-408a-8d8e-5065ca3330c2,967e785d-d83c-490b-8d6a-2ed926c956ac,Lane_awoDrX7U1k,Approver,role,501949046
a9a8a701-d4b2-4f45-92ee-8c1ca04298a4,36,2b97c3f6-742a-11f0-8e03-023b6ba72275,bf996092-8d66-408a-8d8e-5065ca3330c2,967e785d-d83c-490b-8d6a-2ed926c956ac,Lane_gpKFEKH5vj,Initiator,role,523378629
a9a8a701-d4b2-4f45-92ee-8c1ca04298a4,36,2b97c3f6-742a-11f0-8e03-023b6ba72275,bf996092-8d66-408a-8d8e-5065ca3330c2,967e785d-d83c-490b-8d6a-2ed926c956ac,Lane_awoDrX7U1k,Approver,role,501949046
b1a118f5-9947-427b-a95c-2bfb4d29b64a,61,e59b16dd-831a-11f0-9b63-0edefbbefc43,bf996092-8d66-408a-8d8e-5065ca3330c2,967e785d-d83c-490b-8d6a-2ed926c956ac,Lane_gpKFEKH5vj,Initiator,role,523378629
b1a118f5-9947-427b-a95c-2bfb4d29b64a,61,e59b16dd-831a-11f0-9b63-0edefbbefc43,bf996092-8d66-408a-8d8e-5065ca3330c2,967e785d-d83c-490b-8d6a-2ed926c956ac,Lane_awoDrX7U1k,Approver,role,501949046
d4d0dafa-38b5-4784-9ef7-db9fe61e50b4,2,a40cbcb6-613e-11f0-9d2c-02ecd8cd8b53,bf996092-8d66-408a-8d8e-5065ca3330c2,967e785d-d83c-490b-8d6a-2ed926c956ac,Lane_CgndUNKY8p,Initiator,role,501949120
d4d0dafa-38b5-4784-9ef7-db9fe61e50b4,2,a40cbcb6-613e-11f0-9d2c-02ecd8cd8b53,bf996092-8d66-408a-8d8e-5065ca3330c2,967e785d-d83c-490b-8d6a-2ed926c956ac,Lane_TBdYDm3haW,Reviewer 1,role,501949118
d4d0dafa-38b5-4784-9ef7-db9fe61e50b4,2,a40cbcb6-613e-11f0-9d2c-02ecd8cd8b53,bf996092-8d66-408a-8d8e-5065ca3330c2,967e785d-d83c-490b-8d6a-2ed926c956ac,Lane_TBdYDm3haW,Reviewer 1,role,501949039
d4d0dafa-38b5-4784-9ef7-db9fe61e50b4,2,a40cbcb6-613e-11f0-9d2c-02ecd8cd8b53,bf996092-8d66-408a-8d8e-5065ca3330c2,967e785d-d83c-490b-8d6a-2ed926c956ac,Lane_TBdYDm3haW,Reviewer 1,role,501949040
d4d0dafa-38b5-4784-9ef7-db9fe61e50b4,2,a40cbcb6-613e-11f0-9d2c-02ecd8cd8b53,bf996092-8d66-408a-8d8e-5065ca3330c2,967e785d-d83c-490b-8d6a-2ed926c956ac,Lane_R4vglsLFES,Reviewer 2,role,501949084
d4d0dafa-38b5-4784-9ef7-db9fe61e50b4,2,a40cbcb6-613e-11f0-9d2c-02ecd8cd8b53,bf996092-8d66-408a-8d8e-5065ca3330c2,967e785d-d83c-490b-8d6a-2ed926c956ac,Lane_R4vglsLFES,Reviewer 2,role,501949091
d4d0dafa-38b5-4784-9ef7-db9fe61e50b4,2,a40cbcb6-613e-11f0-9d2c-02ecd8cd8b53,bf996092-8d66-408a-8d8e-5065ca3330c2,967e785d-d83c-490b-8d6a-2ed926c956ac,Lane_R4vglsLFES,Reviewer 2,role,501949089
d4d0dafa-38b5-4784-9ef7-db9fe61e50b4,2,a40cbcb6-613e-11f0-9d2c-02ecd8cd8b53,bf996092-8d66-408a-8d8e-5065ca3330c2,967e785d-d83c-490b-8d6a-2ed926c956ac,Lane_6ZC3vJ8XY2,Reviewer 3,role,501949045
d4d0dafa-38b5-4784-9ef7-db9fe61e50b4,2,a40cbcb6-613e-11f0-9d2c-02ecd8cd8b53,bf996092-8d66-408a-8d8e-5065ca3330c2,967e785d-d83c-490b-8d6a-2ed926c956ac,Lane_6ZC3vJ8XY2,Reviewer 3,role,501949044
d4d0dafa-38b5-4784-9ef7-db9fe61e50b4,2,a40cbcb6-613e-11f0-9d2c-02ecd8cd8b53,bf996092-8d66-408a-8d8e-5065ca3330c2,967e785d-d83c-490b-8d6a-2ed926c956ac,Lane_6ZC3vJ8XY2,Reviewer 3,role,501949043
d4d0dafa-38b5-4784-9ef7-db9fe61e50b4,2,a40cbcb6-613e-11f0-9d2c-02ecd8cd8b53,bf996092-8d66-408a-8d8e-5065ca3330c2,967e785d-d83c-490b-8d6a-2ed926c956ac,Lane_6ZC3vJ8XY2,Reviewer 3,role,501949047
d4d0dafa-38b5-4784-9ef7-db9fe61e50b4,2,a40cbcb6-613e-11f0-9d2c-02ecd8cd8b53,bf996092-8d66-408a-8d8e-5065ca3330c2,967e785d-d83c-490b-8d6a-2ed926c956ac,Lane_6ZC3vJ8XY2,Reviewer 3,role,501949057
d4d0dafa-38b5-4784-9ef7-db9fe61e50b4,2,a40cbcb6-613e-11f0-9d2c-02ecd8cd8b53,bf996092-8d66-408a-8d8e-5065ca3330c2,967e785d-d83c-490b-8d6a-2ed926c956ac,Lane_6ZC3vJ8XY2,Reviewer 3,role,501949056
d4d0dafa-38b5-4784-9ef7-db9fe61e50b4,2,a40cbcb6-613e-11f0-9d2c-02ecd8cd8b53,bf996092-8d66-408a-8d8e-5065ca3330c2,967e785d-d83c-490b-8d6a-2ed926c956ac,Lane_ertynvVyNL,Approver,role,501949042
ebac6b32-fc06-4b0c-8de1-c449071db6ad,7,7f4aea37-614c-11f0-9d2c-02ecd8cd8b53,bf996092-8d66-408a-8d8e-5065ca3330c2,967e785d-d83c-490b-8d6a-2ed926c956ac,Lane_yer66oOPXg,Initiator,role,526037268
ebac6b32-fc06-4b0c-8de1-c449071db6ad,7,7f4aea37-614c-11f0-9d2c-02ecd8cd8b53,bf996092-8d66-408a-8d8e-5065ca3330c2,967e785d-d83c-490b-8d6a-2ed926c956ac,Lane_ZAL0TLQe0r,Approver,role,501949070
d35509ee-01c0-4c10-a839-25d3f5fa9c74,8,971cef8d-614c-11f0-994a-0eab63e03b0b,bf996092-8d66-408a-8d8e-5065ca3330c2,967e785d-d83c-490b-8d6a-2ed926c956ac,Lane_yer66oOPXg,Initiator,role,526037268
d35509ee-01c0-4c10-a839-25d3f5fa9c74,8,971cef8d-614c-11f0-994a-0eab63e03b0b,bf996092-8d66-408a-8d8e-5065ca3330c2,967e785d-d83c-490b-8d6a-2ed926c956ac,Lane_ZAL0TLQe0r,Approver,role,501949070
936308ba-2357-4347-aeeb-6dcd28342506,9,aa2f7411-615b-11f0-a416-0edf6594598d,bf996092-8d66-408a-8d8e-5065ca3330c2,967e785d-d83c-490b-8d6a-2ed926c956ac,Lane_yer66oOPXg,Initiator,role,526037268
936308ba-2357-4347-aeeb-6dcd28342506,9,aa2f7411-615b-11f0-a416-0edf6594598d,bf996092-8d66-408a-8d8e-5065ca3330c2,967e785d-d83c-490b-8d6a-2ed926c956ac,Lane_ZAL0TLQe0r,Approver,role,501949070
155353e0-f42f-4204-afbe-da44ac1b5df5,10,27c56a1d-615c-11f0-a70e-0afff35398af,bf996092-8d66-408a-8d8e-5065ca3330c2,967e785d-d83c-490b-8d6a-2ed926c956ac,Lane_yer66oOPXg,Initiator,role,526037268
155353e0-f42f-4204-afbe-da44ac1b5df5,10,27c56a1d-615c-11f0-a70e-0afff35398af,bf996092-8d66-408a-8d8e-5065ca3330c2,967e785d-d83c-490b-8d6a-2ed926c956ac,Lane_ZAL0TLQe0r,Approver,role,501949070
d2f9dd84-f67f-48ee-b779-1e555cb5b479,11,ab5539c5-615c-11f0-a70e-0afff35398af,bf996092-8d66-408a-8d8e-5065ca3330c2,967e785d-d83c-490b-8d6a-2ed926c956ac,Lane_yer66oOPXg,Initiator,role,526037268
d2f9dd84-f67f-48ee-b779-1e555cb5b479,11,ab5539c5-615c-11f0-a70e-0afff35398af,bf996092-8d66-408a-8d8e-5065ca3330c2,967e785d-d83c-490b-8d6a-2ed926c956ac,Lane_ZAL0TLQe0r,Approver,role,501949070
cc49b2b4-2347-4344-9aee-1a89f8223c55,12,bccaad55-615c-11f0-994a-0eab63e03b0b,bf996092-8d66-408a-8d8e-5065ca3330c2,967e785d-d83c-490b-8d6a-2ed926c956ac,Lane_yer66oOPXg,Initiator,role,526037268
cc49b2b4-2347-4344-9aee-1a89f8223c55,12,bccaad55-615c-11f0-994a-0eab63e03b0b,bf996092-8d66-408a-8d8e-5065ca3330c2,967e785d-d83c-490b-8d6a-2ed926c956ac,Lane_ZAL0TLQe0r,Approver,role,501949070
88c9b67d-844a-4023-bae9-70f019e7d092,13,62444756-615d-11f0-9d2c-02ecd8cd8b53,bf996092-8d66-408a-8d8e-5065ca3330c2,967e785d-d83c-490b-8d6a-2ed926c956ac,Lane_yer66oOPXg,Initiator,role,526037268
88c9b67d-844a-4023-bae9-70f019e7d092,13,62444756-615d-11f0-9d2c-02ecd8cd8b53,bf996092-8d66-408a-8d8e-5065ca3330c2,967e785d-d83c-490b-8d6a-2ed926c956ac,Lane_ZAL0TLQe0r,Approver,role,501949070
b927dd8c-87a5-463f-be5c-dcc855e197a3,14,7a91e59a-615d-11f0-8e1b-0286e50d6c73,bf996092-8d66-408a-8d8e-5065ca3330c2,967e785d-d83c-490b-8d6a-2ed926c956ac,Lane_yer66oOPXg,Initiator,role,526037268
b927dd8c-87a5-463f-be5c-dcc855e197a3,14,7a91e59a-615d-11f0-8e1b-0286e50d6c73,bf996092-8d66-408a-8d8e-5065ca3330c2,967e785d-d83c-490b-8d6a-2ed926c956ac,Lane_ZAL0TLQe0r,Approver,role,501949070
7768c6df-e349-4857-a719-71e086185868,16,aed11fed-6203-11f0-a70e-0afff35398af,bf996092-8d66-408a-8d8e-5065ca3330c2,967e785d-d83c-490b-8d6a-2ed926c956ac,Lane_yer66oOPXg,Initiator,role,526037268
7768c6df-e349-4857-a719-71e086185868,16,aed11fed-6203-11f0-a70e-0afff35398af,bf996092-8d66-408a-8d8e-5065ca3330c2,967e785d-d83c-490b-8d6a-2ed926c956ac,Lane_ZAL0TLQe0r,Approver,role,501949070
89b217ac-7261-48ef-a45c-06ccae9e12f3,17,c3fee140-6203-11f0-8b24-0affee9495d5,bf996092-8d66-408a-8d8e-5065ca3330c2,967e785d-d83c-490b-8d6a-2ed926c956ac,Lane_yer66oOPXg,Initiator,role,526037268
89b217ac-7261-48ef-a45c-06ccae9e12f3,17,c3fee140-6203-11f0-8b24-0affee9495d5,bf996092-8d66-408a-8d8e-5065ca3330c2,967e785d-d83c-490b-8d6a-2ed926c956ac,Lane_ZAL0TLQe0r,Approver,role,501949070
9ae13e2f-d507-4f9d-a5fd-bc63314d9abd,37,1e108904-75ac-11f0-a747-0e0be9602fab,bf996092-8d66-408a-8d8e-5065ca3330c2,967e785d-d83c-490b-8d6a-2ed926c956ac,Lane_gpKFEKH5vj,Initiator,role,523378629
9ae13e2f-d507-4f9d-a5fd-bc63314d9abd,37,1e108904-75ac-11f0-a747-0e0be9602fab,bf996092-8d66-408a-8d8e-5065ca3330c2,967e785d-d83c-490b-8d6a-2ed926c956ac,Lane_awoDrX7U1k,Approver,role,501949046
3ea5eac3-a0a1-4e08-8570-93143968bcbf,18,65e3bf0c-6208-11f0-8e1b-0286e50d6c73,bf996092-8d66-408a-8d8e-5065ca3330c2,967e785d-d83c-490b-8d6a-2ed926c956ac,Lane_yer66oOPXg,Initiator,role,526037268
3ea5eac3-a0a1-4e08-8570-93143968bcbf,18,65e3bf0c-6208-11f0-8e1b-0286e50d6c73,bf996092-8d66-408a-8d8e-5065ca3330c2,967e785d-d83c-490b-8d6a-2ed926c956ac,Lane_ZAL0TLQe0r,Approver,role,501949070
fd8db2c5-e6f7-4f8e-87bf-702a2ab69bb6,19,8fea90f6-6208-11f0-8e1b-0286e50d6c73,bf996092-8d66-408a-8d8e-5065ca3330c2,967e785d-d83c-490b-8d6a-2ed926c956ac,Lane_yer66oOPXg,Initiator,role,526037268
fd8db2c5-e6f7-4f8e-87bf-702a2ab69bb6,19,8fea90f6-6208-11f0-8e1b-0286e50d6c73,bf996092-8d66-408a-8d8e-5065ca3330c2,967e785d-d83c-490b-8d6a-2ed926c956ac,Lane_ZAL0TLQe0r,Approver,role,501949070
5bdb7040-6fcd-4690-90a5-02a22bb93508,38,583bd2ad-75ae-11f0-946f-0215d9ab6dad,bf996092-8d66-408a-8d8e-5065ca3330c2,967e785d-d83c-490b-8d6a-2ed926c956ac,Lane_gpKFEKH5vj,Initiator,role,523378629
5bdb7040-6fcd-4690-90a5-02a22bb93508,38,583bd2ad-75ae-11f0-946f-0215d9ab6dad,bf996092-8d66-408a-8d8e-5065ca3330c2,967e785d-d83c-490b-8d6a-2ed926c956ac,Lane_awoDrX7U1k,Approver,role,501949046
1202faec-effb-4c3c-abe1-bd02a2e34f8d,22,,bf996092-8d66-408a-8d8e-5065ca3330c2,967e785d-d83c-490b-8d6a-2ed926c956ac,Lane_gpKFEKH5vj,Initiator,role,523378629
1202faec-effb-4c3c-abe1-bd02a2e34f8d,22,,bf996092-8d66-408a-8d8e-5065ca3330c2,967e785d-d83c-490b-8d6a-2ed926c956ac,Lane_awoDrX7U1k,Approver,role,501949046
8a6fc906-7ef7-4644-bbcf-ab3d3c7b84b9,23,88c6319e-6ec8-11f0-9b63-0edefbbefc43,bf996092-8d66-408a-8d8e-5065ca3330c2,967e785d-d83c-490b-8d6a-2ed926c956ac,Lane_gpKFEKH5vj,Initiator,role,523378629
8a6fc906-7ef7-4644-bbcf-ab3d3c7b84b9,23,88c6319e-6ec8-11f0-9b63-0edefbbefc43,bf996092-8d66-408a-8d8e-5065ca3330c2,967e785d-d83c-490b-8d6a-2ed926c956ac,Lane_awoDrX7U1k,Approver,role,501949046
434bfaa7-ac24-4bd6-96ef-a65e17a879dd,39,1c93754c-768c-11f0-946f-0215d9ab6dad,bf996092-8d66-408a-8d8e-5065ca3330c2,967e785d-d83c-490b-8d6a-2ed926c956ac,Lane_gpKFEKH5vj,Initiator,role,523378629
434bfaa7-ac24-4bd6-96ef-a65e17a879dd,39,1c93754c-768c-11f0-946f-0215d9ab6dad,bf996092-8d66-408a-8d8e-5065ca3330c2,967e785d-d83c-490b-8d6a-2ed926c956ac,Lane_awoDrX7U1k,Approver,role,501949046
1212ab21-0b83-4c7d-8192-45e87a8256b9,62,1e387e4f-83ea-11f0-8e03-023b6ba72275,bf996092-8d66-408a-8d8e-5065ca3330c2,967e785d-d83c-490b-8d6a-2ed926c956ac,Lane_gpKFEKH5vj,Initiator,role,523378629
1212ab21-0b83-4c7d-8192-45e87a8256b9,62,1e387e4f-83ea-11f0-8e03-023b6ba72275,bf996092-8d66-408a-8d8e-5065ca3330c2,967e785d-d83c-490b-8d6a-2ed926c956ac,Lane_awoDrX7U1k,Approver,role,501949046
17f80f98-b2ed-42f1-9dc7-53bb987898a2,53,050dc095-7cfe-11f0-946f-0215d9ab6dad,bf996092-8d66-408a-8d8e-5065ca3330c2,967e785d-d83c-490b-8d6a-2ed926c956ac,Lane_gpKFEKH5vj,Initiator,role,523378629
17f80f98-b2ed-42f1-9dc7-53bb987898a2,53,050dc095-7cfe-11f0-946f-0215d9ab6dad,bf996092-8d66-408a-8d8e-5065ca3330c2,967e785d-d83c-490b-8d6a-2ed926c956ac,Lane_awoDrX7U1k,Approver,role,501949046
19b0fe31-d82b-457f-bb1d-d5c48739612d,15,,bf996092-8d66-408a-8d8e-5065ca3330c2,967e785d-d83c-490b-8d6a-2ed926c956ac,Lane_CgndUNKY8p,Initiator,role,501949120
19b0fe31-d82b-457f-bb1d-d5c48739612d,15,,bf996092-8d66-408a-8d8e-5065ca3330c2,967e785d-d83c-490b-8d6a-2ed926c956ac,Lane_TBdYDm3haW,Reviewer 1,role,501949118
19b0fe31-d82b-457f-bb1d-d5c48739612d,15,,bf996092-8d66-408a-8d8e-5065ca3330c2,967e785d-d83c-490b-8d6a-2ed926c956ac,Lane_TBdYDm3haW,Reviewer 1,role,501949039
19b0fe31-d82b-457f-bb1d-d5c48739612d,15,,bf996092-8d66-408a-8d8e-5065ca3330c2,967e785d-d83c-490b-8d6a-2ed926c956ac,Lane_TBdYDm3haW,Reviewer 1,role,501949040
19b0fe31-d82b-457f-bb1d-d5c48739612d,15,,bf996092-8d66-408a-8d8e-5065ca3330c2,967e785d-d83c-490b-8d6a-2ed926c956ac,Lane_R4vglsLFES,Reviewer 2,role,501949084
19b0fe31-d82b-457f-bb1d-d5c48739612d,15,,bf996092-8d66-408a-8d8e-5065ca3330c2,967e785d-d83c-490b-8d6a-2ed926c956ac,Lane_R4vglsLFES,Reviewer 2,role,501949091
19b0fe31-d82b-457f-bb1d-d5c48739612d,15,,bf996092-8d66-408a-8d8e-5065ca3330c2,967e785d-d83c-490b-8d6a-2ed926c956ac,Lane_R4vglsLFES,Reviewer 2,role,501949089
19b0fe31-d82b-457f-bb1d-d5c48739612d,15,,bf996092-8d66-408a-8d8e-5065ca3330c2,967e785d-d83c-490b-8d6a-2ed926c956ac,Lane_6ZC3vJ8XY2,Reviewer 3,role,501949045
19b0fe31-d82b-457f-bb1d-d5c48739612d,15,,bf996092-8d66-408a-8d8e-5065ca3330c2,967e785d-d83c-490b-8d6a-2ed926c956ac,Lane_6ZC3vJ8XY2,Reviewer 3,role,501949044
19b0fe31-d82b-457f-bb1d-d5c48739612d,15,,bf996092-8d66-408a-8d8e-5065ca3330c2,967e785d-d83c-490b-8d6a-2ed926c956ac,Lane_6ZC3vJ8XY2,Reviewer 3,role,501949043
19b0fe31-d82b-457f-bb1d-d5c48739612d,15,,bf996092-8d66-408a-8d8e-5065ca3330c2,967e785d-d83c-490b-8d6a-2ed926c956ac,Lane_6ZC3vJ8XY2,Reviewer 3,role,501949047
19b0fe31-d82b-457f-bb1d-d5c48739612d,15,,bf996092-8d66-408a-8d8e-5065ca3330c2,967e785d-d83c-490b-8d6a-2ed926c956ac,Lane_6ZC3vJ8XY2,Reviewer 3,role,501949057
19b0fe31-d82b-457f-bb1d-d5c48739612d,15,,bf996092-8d66-408a-8d8e-5065ca3330c2,967e785d-d83c-490b-8d6a-2ed926c956ac,Lane_6ZC3vJ8XY2,Reviewer 3,role,501949056
19b0fe31-d82b-457f-bb1d-d5c48739612d,15,,bf996092-8d66-408a-8d8e-5065ca3330c2,967e785d-d83c-490b-8d6a-2ed926c956ac,Lane_ertynvVyNL,Approver,role,501949042
906f9f54-cac7-48a5-9675-601e1f05dfb6,54,f2256a46-7dbb-11f0-9661-0afff06a47b1,bf996092-8d66-408a-8d8e-5065ca3330c2,967e785d-d83c-490b-8d6a-2ed926c956ac,Lane_gpKFEKH5vj,Initiator,role,523378629
906f9f54-cac7-48a5-9675-601e1f05dfb6,54,f2256a46-7dbb-11f0-9661-0afff06a47b1,bf996092-8d66-408a-8d8e-5065ca3330c2,967e785d-d83c-490b-8d6a-2ed926c956ac,Lane_awoDrX7U1k,Approver,role,501949046
a177304a-e112-4bb4-9c17-f4f8d5b26d2e,40,e1b9b761-7757-11f0-a747-0e0be9602fab,bf996092-8d66-408a-8d8e-5065ca3330c2,967e785d-d83c-490b-8d6a-2ed926c956ac,Lane_gpKFEKH5vj,Initiator,role,523378629
a177304a-e112-4bb4-9c17-f4f8d5b26d2e,40,e1b9b761-7757-11f0-a747-0e0be9602fab,bf996092-8d66-408a-8d8e-5065ca3330c2,967e785d-d83c-490b-8d6a-2ed926c956ac,Lane_awoDrX7U1k,Approver,role,501949046
04dbcc17-13f5-44ec-bdb3-f67dea2bd55c,4,8a8b33d9-5d84-11f0-ba7a-02677a6c0a19,bf996092-8d66-408a-8d8e-5065ca3330c2,967e785d-d83c-490b-8d6a-2ed926c956ac,Lane_yer66oOPXg,Initiator,role,526037268
04dbcc17-13f5-44ec-bdb3-f67dea2bd55c,4,8a8b33d9-5d84-11f0-ba7a-02677a6c0a19,bf996092-8d66-408a-8d8e-5065ca3330c2,967e785d-d83c-490b-8d6a-2ed926c956ac,Lane_ZAL0TLQe0r,Approver,role,501949070
2cd7e478-6a08-4931-909c-8a14c06c67f8,5,328e57c3-5d88-11f0-aa18-0affcce8a0f5,bf996092-8d66-408a-8d8e-5065ca3330c2,967e785d-d83c-490b-8d6a-2ed926c956ac,Lane_yer66oOPXg,Initiator,role,526037268
2cd7e478-6a08-4931-909c-8a14c06c67f8,5,328e57c3-5d88-11f0-aa18-0affcce8a0f5,bf996092-8d66-408a-8d8e-5065ca3330c2,967e785d-d83c-490b-8d6a-2ed926c956ac,Lane_ZAL0TLQe0r,Approver,role,501949070
9dda0315-451b-43d7-9c4a-0a6da3bff0bb,20,a7b0249c-63be-11f0-a30f-022739ca029d,bf996092-8d66-408a-8d8e-5065ca3330c2,967e785d-d83c-490b-8d6a-2ed926c956ac,Lane_yer66oOPXg,Initiator,role,526037268
9dda0315-451b-43d7-9c4a-0a6da3bff0bb,20,a7b0249c-63be-11f0-a30f-022739ca029d,bf996092-8d66-408a-8d8e-5065ca3330c2,967e785d-d83c-490b-8d6a-2ed926c956ac,Lane_ZAL0TLQe0r,Approver,role,501949070
3843ad85-2e10-4bd1-874e-c2faa49865cc,1,be899004-502a-11f0-930b-02e02b9ba039,bf996092-8d66-408a-8d8e-5065ca3330c2,967e785d-d83c-490b-8d6a-2ed926c956ac,Lane_x49TuFuLHH,Initiator,role,523378629
3843ad85-2e10-4bd1-874e-c2faa49865cc,1,be899004-502a-11f0-930b-02e02b9ba039,bf996092-8d66-408a-8d8e-5065ca3330c2,967e785d-d83c-490b-8d6a-2ed926c956ac,Lane_sFKz5gxex8,Approver,role,501949046
cbfb75f1-ae3c-49b5-a1f9-85e4a115b72a,24,35c668e8-6f99-11f0-9661-0afff06a47b1,bf996092-8d66-408a-8d8e-5065ca3330c2,967e785d-d83c-490b-8d6a-2ed926c956ac,Lane_gpKFEKH5vj,Initiator,role,523378629
cbfb75f1-ae3c-49b5-a1f9-85e4a115b72a,24,35c668e8-6f99-11f0-9661-0afff06a47b1,bf996092-8d66-408a-8d8e-5065ca3330c2,967e785d-d83c-490b-8d6a-2ed926c956ac,Lane_awoDrX7U1k,Approver,role,501949046
69a20752-ebe0-44d9-bb82-f9e284ac7fb9,3,d5f27a55-613e-11f0-a30f-022739ca029d,bf996092-8d66-408a-8d8e-5065ca3330c2,967e785d-d83c-490b-8d6a-2ed926c956ac,Lane_CgndUNKY8p,Initiator,role,501949120
69a20752-ebe0-44d9-bb82-f9e284ac7fb9,3,d5f27a55-613e-11f0-a30f-022739ca029d,bf996092-8d66-408a-8d8e-5065ca3330c2,967e785d-d83c-490b-8d6a-2ed926c956ac,Lane_TBdYDm3haW,Reviewer 1,role,501949118
69a20752-ebe0-44d9-bb82-f9e284ac7fb9,3,d5f27a55-613e-11f0-a30f-022739ca029d,bf996092-8d66-408a-8d8e-5065ca3330c2,967e785d-d83c-490b-8d6a-2ed926c956ac,Lane_TBdYDm3haW,Reviewer 1,role,501949039
69a20752-ebe0-44d9-bb82-f9e284ac7fb9,3,d5f27a55-613e-11f0-a30f-022739ca029d,bf996092-8d66-408a-8d8e-5065ca3330c2,967e785d-d83c-490b-8d6a-2ed926c956ac,Lane_TBdYDm3haW,Reviewer 1,role,501949040
69a20752-ebe0-44d9-bb82-f9e284ac7fb9,3,d5f27a55-613e-11f0-a30f-022739ca029d,bf996092-8d66-408a-8d8e-5065ca3330c2,967e785d-d83c-490b-8d6a-2ed926c956ac,Lane_R4vglsLFES,Reviewer 2,role,501949084
69a20752-ebe0-44d9-bb82-f9e284ac7fb9,3,d5f27a55-613e-11f0-a30f-022739ca029d,bf996092-8d66-408a-8d8e-5065ca3330c2,967e785d-d83c-490b-8d6a-2ed926c956ac,Lane_R4vglsLFES,Reviewer 2,role,501949091
69a20752-ebe0-44d9-bb82-f9e284ac7fb9,3,d5f27a55-613e-11f0-a30f-022739ca029d,bf996092-8d66-408a-8d8e-5065ca3330c2,967e785d-d83c-490b-8d6a-2ed926c956ac,Lane_R4vglsLFES,Reviewer 2,role,501949089
69a20752-ebe0-44d9-bb82-f9e284ac7fb9,3,d5f27a55-613e-11f0-a30f-022739ca029d,bf996092-8d66-408a-8d8e-5065ca3330c2,967e785d-d83c-490b-8d6a-2ed926c956ac,Lane_6ZC3vJ8XY2,Reviewer 3,role,501949045
69a20752-ebe0-44d9-bb82-f9e284ac7fb9,3,d5f27a55-613e-11f0-a30f-022739ca029d,bf996092-8d66-408a-8d8e-5065ca3330c2,967e785d-d83c-490b-8d6a-2ed926c956ac,Lane_6ZC3vJ8XY2,Reviewer 3,role,501949044
69a20752-ebe0-44d9-bb82-f9e284ac7fb9,3,d5f27a55-613e-11f0-a30f-022739ca029d,bf996092-8d66-408a-8d8e-5065ca3330c2,967e785d-d83c-490b-8d6a-2ed926c956ac,Lane_6ZC3vJ8XY2,Reviewer 3,role,501949043
69a20752-ebe0-44d9-bb82-f9e284ac7fb9,3,d5f27a55-613e-11f0-a30f-022739ca029d,bf996092-8d66-408a-8d8e-5065ca3330c2,967e785d-d83c-490b-8d6a-2ed926c956ac,Lane_6ZC3vJ8XY2,Reviewer 3,role,501949047
69a20752-ebe0-44d9-bb82-f9e284ac7fb9,3,d5f27a55-613e-11f0-a30f-022739ca029d,bf996092-8d66-408a-8d8e-5065ca3330c2,967e785d-d83c-490b-8d6a-2ed926c956ac,Lane_6ZC3vJ8XY2,Reviewer 3,role,501949057
69a20752-ebe0-44d9-bb82-f9e284ac7fb9,3,d5f27a55-613e-11f0-a30f-022739ca029d,bf996092-8d66-408a-8d8e-5065ca3330c2,967e785d-d83c-490b-8d6a-2ed926c956ac,Lane_6ZC3vJ8XY2,Reviewer 3,role,501949056
69a20752-ebe0-44d9-bb82-f9e284ac7fb9,3,d5f27a55-613e-11f0-a30f-022739ca029d,bf996092-8d66-408a-8d8e-5065ca3330c2,967e785d-d83c-490b-8d6a-2ed926c956ac,Lane_ertynvVyNL,Approver,role,501949042
fcc464a8-5e23-4bac-915b-d73bd8db13e6,27,6842d9a6-71c6-11f0-8bd5-0232a6c7fd05,bf996092-8d66-408a-8d8e-5065ca3330c2,967e785d-d83c-490b-8d6a-2ed926c956ac,Lane_gpKFEKH5vj,Initiator,role,523378629
fcc464a8-5e23-4bac-915b-d73bd8db13e6,27,6842d9a6-71c6-11f0-8bd5-0232a6c7fd05,bf996092-8d66-408a-8d8e-5065ca3330c2,967e785d-d83c-490b-8d6a-2ed926c956ac,Lane_awoDrX7U1k,Approver,role,501949046
b24d73d5-6e1d-4f2c-aafa-17476b5fba33,25,46b31666-7033-11f0-ba69-0affe15d0ad3,bf996092-8d66-408a-8d8e-5065ca3330c2,967e785d-d83c-490b-8d6a-2ed926c956ac,Lane_gpKFEKH5vj,Initiator,role,523378629
b24d73d5-6e1d-4f2c-aafa-17476b5fba33,25,46b31666-7033-11f0-ba69-0affe15d0ad3,bf996092-8d66-408a-8d8e-5065ca3330c2,967e785d-d83c-490b-8d6a-2ed926c956ac,Lane_awoDrX7U1k,Approver,role,501949046
2210f1c9-a020-45c1-be32-a0e740c32a4f,26,933bded3-711d-11f0-ba69-0affe15d0ad3,bf996092-8d66-408a-8d8e-5065ca3330c2,967e785d-d83c-490b-8d6a-2ed926c956ac,Lane_gpKFEKH5vj,Initiator,role,523378629
2210f1c9-a020-45c1-be32-a0e740c32a4f,26,933bded3-711d-11f0-ba69-0affe15d0ad3,bf996092-8d66-408a-8d8e-5065ca3330c2,967e785d-d83c-490b-8d6a-2ed926c956ac,Lane_awoDrX7U1k,Approver,role,501949046
a38b6955-c52f-477c-8f7e-20f49c99642d,28,5ccc6f24-71e0-11f0-ba69-0affe15d0ad3,bf996092-8d66-408a-8d8e-5065ca3330c2,967e785d-d83c-490b-8d6a-2ed926c956ac,Lane_gpKFEKH5vj,Initiator,role,523378629
a38b6955-c52f-477c-8f7e-20f49c99642d,28,5ccc6f24-71e0-11f0-ba69-0affe15d0ad3,bf996092-8d66-408a-8d8e-5065ca3330c2,967e785d-d83c-490b-8d6a-2ed926c956ac,Lane_awoDrX7U1k,Approver,role,501949046
0bc039e4-0727-4327-9b16-483e63c7c474,29,1ccefd26-71e2-11f0-a747-0e0be9602fab,bf996092-8d66-408a-8d8e-5065ca3330c2,967e785d-d83c-490b-8d6a-2ed926c956ac,Lane_gpKFEKH5vj,Initiator,role,523378629
0bc039e4-0727-4327-9b16-483e63c7c474,29,1ccefd26-71e2-11f0-a747-0e0be9602fab,bf996092-8d66-408a-8d8e-5065ca3330c2,967e785d-d83c-490b-8d6a-2ed926c956ac,Lane_awoDrX7U1k,Approver,role,501949046
a74d43e1-3f1e-4054-bbf6-fcf1eda46b21,30,3bf206b3-71e2-11f0-ba69-0affe15d0ad3,bf996092-8d66-408a-8d8e-5065ca3330c2,967e785d-d83c-490b-8d6a-2ed926c956ac,Lane_gpKFEKH5vj,Initiator,role,523378629
a74d43e1-3f1e-4054-bbf6-fcf1eda46b21,30,3bf206b3-71e2-11f0-ba69-0affe15d0ad3,bf996092-8d66-408a-8d8e-5065ca3330c2,967e785d-d83c-490b-8d6a-2ed926c956ac,Lane_awoDrX7U1k,Approver,role,501949046
ee7d06a1-9a7c-4ce8-ac17-36178633e954,31,220863fc-71e5-11f0-8bd5-0232a6c7fd05,bf996092-8d66-408a-8d8e-5065ca3330c2,967e785d-d83c-490b-8d6a-2ed926c956ac,Lane_gpKFEKH5vj,Initiator,role,523378629
ee7d06a1-9a7c-4ce8-ac17-36178633e954,31,220863fc-71e5-11f0-8bd5-0232a6c7fd05,bf996092-8d66-408a-8d8e-5065ca3330c2,967e785d-d83c-490b-8d6a-2ed926c956ac,Lane_awoDrX7U1k,Approver,role,501949046
dbca019e-dbfa-4796-9c82-8189ed6ea2f8,32,,bf996092-8d66-408a-8d8e-5065ca3330c2,967e785d-d83c-490b-8d6a-2ed926c956ac,Lane_gpKFEKH5vj,Initiator,role,523378629
dbca019e-dbfa-4796-9c82-8189ed6ea2f8,32,,bf996092-8d66-408a-8d8e-5065ca3330c2,967e785d-d83c-490b-8d6a-2ed926c956ac,Lane_awoDrX7U1k,Approver,role,501949046
7c326b2e-f2b0-42b8-89c5-7a2125abb557,33,86edea2e-71ea-11f0-8e03-023b6ba72275,bf996092-8d66-408a-8d8e-5065ca3330c2,967e785d-d83c-490b-8d6a-2ed926c956ac,Lane_gpKFEKH5vj,Initiator,role,523378629
7c326b2e-f2b0-42b8-89c5-7a2125abb557,33,86edea2e-71ea-11f0-8e03-023b6ba72275,bf996092-8d66-408a-8d8e-5065ca3330c2,967e785d-d83c-490b-8d6a-2ed926c956ac,Lane_awoDrX7U1k,Approver,role,501949046
dd5a4e11-2291-4a79-a17b-89b8fbf2d93f,6,20180ec5-5e1f-11f0-b651-02316e585bff,bf996092-8d66-408a-8d8e-5065ca3330c2,967e785d-d83c-490b-8d6a-2ed926c956ac,Lane_yer66oOPXg,Initiator,role,526037268
dd5a4e11-2291-4a79-a17b-89b8fbf2d93f,6,20180ec5-5e1f-11f0-b651-02316e585bff,bf996092-8d66-408a-8d8e-5065ca3330c2,967e785d-d83c-490b-8d6a-2ed926c956ac,Lane_ZAL0TLQe0r,Approver,role,501949070
74738b53-9567-4643-b6b3-53e077ec6b8e,55,eb70e981-7f1d-11f0-9661-0afff06a47b1,bf996092-8d66-408a-8d8e-5065ca3330c2,967e785d-d83c-490b-8d6a-2ed926c956ac,Lane_gpKFEKH5vj,Initiator,role,523378629
74738b53-9567-4643-b6b3-53e077ec6b8e,55,eb70e981-7f1d-11f0-9661-0afff06a47b1,bf996092-8d66-408a-8d8e-5065ca3330c2,967e785d-d83c-490b-8d6a-2ed926c956ac,Lane_awoDrX7U1k,Approver,role,501949046
37fe86cf-4924-46d7-8c29-d8704109dc72,56,0e3731fc-7f1e-11f0-9b63-0edefbbefc43,bf996092-8d66-408a-8d8e-5065ca3330c2,967e785d-d83c-490b-8d6a-2ed926c956ac,Lane_gpKFEKH5vj,Initiator,role,523378629
37fe86cf-4924-46d7-8c29-d8704109dc72,56,0e3731fc-7f1e-11f0-9b63-0edefbbefc43,bf996092-8d66-408a-8d8e-5065ca3330c2,967e785d-d83c-490b-8d6a-2ed926c956ac,Lane_awoDrX7U1k,Approver,role,501949046
29d18e5f-2480-408a-8a65-6b944193a48d,34,761dae74-7297-11f0-a747-0e0be9602fab,bf996092-8d66-408a-8d8e-5065ca3330c2,967e785d-d83c-490b-8d6a-2ed926c956ac,Lane_gpKFEKH5vj,Initiator,role,523378629
29d18e5f-2480-408a-8a65-6b944193a48d,34,761dae74-7297-11f0-a747-0e0be9602fab,bf996092-8d66-408a-8d8e-5065ca3330c2,967e785d-d83c-490b-8d6a-2ed926c956ac,Lane_awoDrX7U1k,Approver,role,501949046
245195a1-b5e3-435f-bd90-e191736b74ab,21,2e516b33-6c70-11f0-9b63-0edefbbefc43,bf996092-8d66-408a-8d8e-5065ca3330c2,967e785d-d83c-490b-8d6a-2ed926c956ac,Lane_gpKFEKH5vj,Initiator,role,523378629
245195a1-b5e3-435f-bd90-e191736b74ab,21,2e516b33-6c70-11f0-9b63-0edefbbefc43,bf996092-8d66-408a-8d8e-5065ca3330c2,967e785d-d83c-490b-8d6a-2ed926c956ac,Lane_awoDrX7U1k,Approver,role,501949046
2289a706-f2f2-4703-9f01-6c53bbf7a270,41,30511085-7824-11f0-ba69-0affe15d0ad3,bf996092-8d66-408a-8d8e-5065ca3330c2,967e785d-d83c-490b-8d6a-2ed926c956ac,Lane_gpKFEKH5vj,Initiator,role,523378629
2289a706-f2f2-4703-9f01-6c53bbf7a270,41,30511085-7824-11f0-ba69-0affe15d0ad3,bf996092-8d66-408a-8d8e-5065ca3330c2,967e785d-d83c-490b-8d6a-2ed926c956ac,Lane_awoDrX7U1k,Approver,role,501949046
d86031ee-d87d-4087-b6d0-7a9fb5558f35,35,4204fdd6-734b-11f0-8bd5-0232a6c7fd05,bf996092-8d66-408a-8d8e-5065ca3330c2,967e785d-d83c-490b-8d6a-2ed926c956ac,Lane_gpKFEKH5vj,Initiator,role,523378629
d86031ee-d87d-4087-b6d0-7a9fb5558f35,35,4204fdd6-734b-11f0-8bd5-0232a6c7fd05,bf996092-8d66-408a-8d8e-5065ca3330c2,967e785d-d83c-490b-8d6a-2ed926c956ac,Lane_awoDrX7U1k,Approver,role,501949046
0635e37c-d2bc-4e4f-bc33-5c6ef4f25625,57,008dd9d0-816d-11f0-9661-0afff06a47b1,bf996092-8d66-408a-8d8e-5065ca3330c2,967e785d-d83c-490b-8d6a-2ed926c956ac,Lane_gpKFEKH5vj,Initiator,role,523378629
0635e37c-d2bc-4e4f-bc33-5c6ef4f25625,57,008dd9d0-816d-11f0-9661-0afff06a47b1,bf996092-8d66-408a-8d8e-5065ca3330c2,967e785d-d83c-490b-8d6a-2ed926c956ac,Lane_awoDrX7U1k,Approver,role,501949046
c846373d-40a4-4480-8e23-4af0008bf680,58,73eb8ae5-816d-11f0-9661-0afff06a47b1,bf996092-8d66-408a-8d8e-5065ca3330c2,967e785d-d83c-490b-8d6a-2ed926c956ac,Lane_gpKFEKH5vj,Initiator,role,523378629
c846373d-40a4-4480-8e23-4af0008bf680,58,73eb8ae5-816d-11f0-9661-0afff06a47b1,bf996092-8d66-408a-8d8e-5065ca3330c2,967e785d-d83c-490b-8d6a-2ed926c956ac,Lane_awoDrX7U1k,Approver,role,501949046
57b0d546-844f-4269-a65b-1237c15b3ce5,59,9f70ca76-81b8-11f0-ba69-0affe15d0ad3,bf996092-8d66-408a-8d8e-5065ca3330c2,967e785d-d83c-490b-8d6a-2ed926c956ac,Lane_gpKFEKH5vj,Initiator,role,523378629
57b0d546-844f-4269-a65b-1237c15b3ce5,59,9f70ca76-81b8-11f0-ba69-0affe15d0ad3,bf996092-8d66-408a-8d8e-5065ca3330c2,967e785d-d83c-490b-8d6a-2ed926c956ac,Lane_awoDrX7U1k,Approver,role,501949046
d9437eba-f87a-4034-8768-f08f55333ebc,45,,bf996092-8d66-408a-8d8e-5065ca3330c2,967e785d-d83c-490b-8d6a-2ed926c956ac,Lane_gpKFEKH5vj,Initiator,role,523378629
d9437eba-f87a-4034-8768-f08f55333ebc,45,,bf996092-8d66-408a-8d8e-5065ca3330c2,967e785d-d83c-490b-8d6a-2ed926c956ac,Lane_awoDrX7U1k,Approver,role,501949046
4a1518c2-7652-4d00-8a52-302f8a9dd7f9,49,,bf996092-8d66-408a-8d8e-5065ca3330c2,967e785d-d83c-490b-8d6a-2ed926c956ac,Lane_gpKFEKH5vj,Initiator,role,523378629
4a1518c2-7652-4d00-8a52-302f8a9dd7f9,49,,bf996092-8d66-408a-8d8e-5065ca3330c2,967e785d-d83c-490b-8d6a-2ed926c956ac,Lane_awoDrX7U1k,Approver,role,501949046
db06c00c-0d4c-4a16-a542-6d89689d073b,46,,bf996092-8d66-408a-8d8e-5065ca3330c2,967e785d-d83c-490b-8d6a-2ed926c956ac,Lane_gpKFEKH5vj,Initiator,role,523378629
db06c00c-0d4c-4a16-a542-6d89689d073b,46,,bf996092-8d66-408a-8d8e-5065ca3330c2,967e785d-d83c-490b-8d6a-2ed926c956ac,Lane_awoDrX7U1k,Approver,role,501949046
badcabbc-9c95-4135-baa8-bcd96b51200c,44,,bf996092-8d66-408a-8d8e-5065ca3330c2,967e785d-d83c-490b-8d6a-2ed926c956ac,Lane_gpKFEKH5vj,Initiator,role,523378629
badcabbc-9c95-4135-baa8-bcd96b51200c,44,,bf996092-8d66-408a-8d8e-5065ca3330c2,967e785d-d83c-490b-8d6a-2ed926c956ac,Lane_awoDrX7U1k,Approver,role,501949046
d9e27066-e071-42de-9a5c-1aa9df32adb7,43,,bf996092-8d66-408a-8d8e-5065ca3330c2,967e785d-d83c-490b-8d6a-2ed926c956ac,Lane_gpKFEKH5vj,Initiator,role,523378629
d9e27066-e071-42de-9a5c-1aa9df32adb7,43,,bf996092-8d66-408a-8d8e-5065ca3330c2,967e785d-d83c-490b-8d6a-2ed926c956ac,Lane_awoDrX7U1k,Approver,role,501949046
23642e71-1f6b-4233-85c1-dd79d15b7311,60,d767a373-823b-11f0-8e03-023b6ba72275,bf996092-8d66-408a-8d8e-5065ca3330c2,967e785d-d83c-490b-8d6a-2ed926c956ac,Lane_gpKFEKH5vj,Initiator,role,523378629
23642e71-1f6b-4233-85c1-dd79d15b7311,60,d767a373-823b-11f0-8e03-023b6ba72275,bf996092-8d66-408a-8d8e-5065ca3330c2,967e785d-d83c-490b-8d6a-2ed926c956ac,Lane_awoDrX7U1k,Approver,role,501949046
9e6cd536-e88e-4d13-a0fd-d1c5b566dcf0,23,ada471b3-524d-11f0-8183-0affe2591691,bf996092-8d66-408a-8d8e-5065ca3330c2,ada6015d-9fce-4f2c-b20f-fc9122d2face,Lane_gxx6HoM7bG,Initiator,role,523378630
9e6cd536-e88e-4d13-a0fd-d1c5b566dcf0,23,ada471b3-524d-11f0-8183-0affe2591691,bf996092-8d66-408a-8d8e-5065ca3330c2,ada6015d-9fce-4f2c-b20f-fc9122d2face,Lane_bcFb5CtfRL,Approver,role,490203432
2072be7c-8460-41b7-ac16-aef4f8ee2228,2,44ac2bdf-f5be-11ef-91b7-02047a8ffdbf,bf996092-8d66-408a-8d8e-5065ca3330c2,ada6015d-9fce-4f2c-b20f-fc9122d2face,Lane_Tg5JhFUQFA,Initiator,role,490203504
2072be7c-8460-41b7-ac16-aef4f8ee2228,2,44ac2bdf-f5be-11ef-91b7-02047a8ffdbf,bf996092-8d66-408a-8d8e-5065ca3330c2,ada6015d-9fce-4f2c-b20f-fc9122d2face,Lane_vGl8C6X6YK,Reviewer,role,490203430
2072be7c-8460-41b7-ac16-aef4f8ee2228,2,44ac2bdf-f5be-11ef-91b7-02047a8ffdbf,bf996092-8d66-408a-8d8e-5065ca3330c2,ada6015d-9fce-4f2c-b20f-fc9122d2face,Lane_vGl8C6X6YK,Reviewer,role,490203434
2072be7c-8460-41b7-ac16-aef4f8ee2228,2,44ac2bdf-f5be-11ef-91b7-02047a8ffdbf,bf996092-8d66-408a-8d8e-5065ca3330c2,ada6015d-9fce-4f2c-b20f-fc9122d2face,Lane_mCj3Qr6nzk,Approver,role,490203433
d4e3ef2b-d5df-4af1-92e2-0a303be23be3,3,929ca79d-f5cf-11ef-b469-0ee10ffd29ad,bf996092-8d66-408a-8d8e-5065ca3330c2,ada6015d-9fce-4f2c-b20f-fc9122d2face,Lane_Tg5JhFUQFA,Initiator,role,490203504
d4e3ef2b-d5df-4af1-92e2-0a303be23be3,3,929ca79d-f5cf-11ef-b469-0ee10ffd29ad,bf996092-8d66-408a-8d8e-5065ca3330c2,ada6015d-9fce-4f2c-b20f-fc9122d2face,Lane_vGl8C6X6YK,Reviewer,role,490203430
d4e3ef2b-d5df-4af1-92e2-0a303be23be3,3,929ca79d-f5cf-11ef-b469-0ee10ffd29ad,bf996092-8d66-408a-8d8e-5065ca3330c2,ada6015d-9fce-4f2c-b20f-fc9122d2face,Lane_vGl8C6X6YK,Reviewer,role,490203434
d4e3ef2b-d5df-4af1-92e2-0a303be23be3,3,929ca79d-f5cf-11ef-b469-0ee10ffd29ad,bf996092-8d66-408a-8d8e-5065ca3330c2,ada6015d-9fce-4f2c-b20f-fc9122d2face,Lane_mCj3Qr6nzk,Approver,role,490203433
d01212d9-a046-4784-b8dd-7666d6b71dc0,10,8a475934-1ce7-11f0-bda9-0affd16e111f,bf996092-8d66-408a-8d8e-5065ca3330c2,ada6015d-9fce-4f2c-b20f-fc9122d2face,Lane_gCEzQGIAss,Initiator,role,490203504
d01212d9-a046-4784-b8dd-7666d6b71dc0,10,8a475934-1ce7-11f0-bda9-0affd16e111f,bf996092-8d66-408a-8d8e-5065ca3330c2,ada6015d-9fce-4f2c-b20f-fc9122d2face,Lane_Y6B3KfbSeq,Reviewer 1,role,490203430
d01212d9-a046-4784-b8dd-7666d6b71dc0,10,8a475934-1ce7-11f0-bda9-0affd16e111f,bf996092-8d66-408a-8d8e-5065ca3330c2,ada6015d-9fce-4f2c-b20f-fc9122d2face,Lane_jALpNLRCE1,Reviewer 2,role,490203431
d01212d9-a046-4784-b8dd-7666d6b71dc0,10,8a475934-1ce7-11f0-bda9-0affd16e111f,bf996092-8d66-408a-8d8e-5065ca3330c2,ada6015d-9fce-4f2c-b20f-fc9122d2face,Lane_jALpNLRCE1,Reviewer 2,role,490203439
d01212d9-a046-4784-b8dd-7666d6b71dc0,10,8a475934-1ce7-11f0-bda9-0affd16e111f,bf996092-8d66-408a-8d8e-5065ca3330c2,ada6015d-9fce-4f2c-b20f-fc9122d2face,Lane_PEw3mI94Vk,Approver,role,490203433
b57f9d00-aafa-4180-8d70-039b53865a04,11,da5899d1-1cea-11f0-920e-0affe6ef14c5,bf996092-8d66-408a-8d8e-5065ca3330c2,ada6015d-9fce-4f2c-b20f-fc9122d2face,Lane_gCEzQGIAss,Initiator,role,490203504
b57f9d00-aafa-4180-8d70-039b53865a04,11,da5899d1-1cea-11f0-920e-0affe6ef14c5,bf996092-8d66-408a-8d8e-5065ca3330c2,ada6015d-9fce-4f2c-b20f-fc9122d2face,Lane_Y6B3KfbSeq,Reviewer 1,role,490203430
b57f9d00-aafa-4180-8d70-039b53865a04,11,da5899d1-1cea-11f0-920e-0affe6ef14c5,bf996092-8d66-408a-8d8e-5065ca3330c2,ada6015d-9fce-4f2c-b20f-fc9122d2face,Lane_jALpNLRCE1,Reviewer 2,role,490203431
b57f9d00-aafa-4180-8d70-039b53865a04,11,da5899d1-1cea-11f0-920e-0affe6ef14c5,bf996092-8d66-408a-8d8e-5065ca3330c2,ada6015d-9fce-4f2c-b20f-fc9122d2face,Lane_jALpNLRCE1,Reviewer 2,role,490203439
b57f9d00-aafa-4180-8d70-039b53865a04,11,da5899d1-1cea-11f0-920e-0affe6ef14c5,bf996092-8d66-408a-8d8e-5065ca3330c2,ada6015d-9fce-4f2c-b20f-fc9122d2face,Lane_PEw3mI94Vk,Approver,role,490203433
7d980579-b2c6-42d7-b2bb-04a9fa1d7bc4,4,60823f62-ff06-11ef-a265-026fcc0531d1,bf996092-8d66-408a-8d8e-5065ca3330c2,ada6015d-9fce-4f2c-b20f-fc9122d2face,Lane_Tg5JhFUQFA,Initiator,role,490203504
7d980579-b2c6-42d7-b2bb-04a9fa1d7bc4,4,60823f62-ff06-11ef-a265-026fcc0531d1,bf996092-8d66-408a-8d8e-5065ca3330c2,ada6015d-9fce-4f2c-b20f-fc9122d2face,Lane_vGl8C6X6YK,Reviewer,role,490203430
7d980579-b2c6-42d7-b2bb-04a9fa1d7bc4,4,60823f62-ff06-11ef-a265-026fcc0531d1,bf996092-8d66-408a-8d8e-5065ca3330c2,ada6015d-9fce-4f2c-b20f-fc9122d2face,Lane_vGl8C6X6YK,Reviewer,role,490203434
7d980579-b2c6-42d7-b2bb-04a9fa1d7bc4,4,60823f62-ff06-11ef-a265-026fcc0531d1,bf996092-8d66-408a-8d8e-5065ca3330c2,ada6015d-9fce-4f2c-b20f-fc9122d2face,Lane_mCj3Qr6nzk,Approver,role,490203433
6797dffd-3d7c-4ce5-8670-68dc72611cbf,5,345e686f-ff0b-11ef-a265-026fcc0531d1,bf996092-8d66-408a-8d8e-5065ca3330c2,ada6015d-9fce-4f2c-b20f-fc9122d2face,Lane_Tg5JhFUQFA,Initiator,role,490203504
6797dffd-3d7c-4ce5-8670-68dc72611cbf,5,345e686f-ff0b-11ef-a265-026fcc0531d1,bf996092-8d66-408a-8d8e-5065ca3330c2,ada6015d-9fce-4f2c-b20f-fc9122d2face,Lane_vGl8C6X6YK,Reviewer,role,490203430
6797dffd-3d7c-4ce5-8670-68dc72611cbf,5,345e686f-ff0b-11ef-a265-026fcc0531d1,bf996092-8d66-408a-8d8e-5065ca3330c2,ada6015d-9fce-4f2c-b20f-fc9122d2face,Lane_vGl8C6X6YK,Reviewer,role,490203434
6797dffd-3d7c-4ce5-8670-68dc72611cbf,5,345e686f-ff0b-11ef-a265-026fcc0531d1,bf996092-8d66-408a-8d8e-5065ca3330c2,ada6015d-9fce-4f2c-b20f-fc9122d2face,Lane_mCj3Qr6nzk,Approver,role,490203433
1b98444e-c029-415e-bf3e-7f0cdec1fc6e,6,94e64c3b-ff28-11ef-9802-0ec98d14f615,bf996092-8d66-408a-8d8e-5065ca3330c2,ada6015d-9fce-4f2c-b20f-fc9122d2face,Lane_Tg5JhFUQFA,Initiator,role,490203504
1b98444e-c029-415e-bf3e-7f0cdec1fc6e,6,94e64c3b-ff28-11ef-9802-0ec98d14f615,bf996092-8d66-408a-8d8e-5065ca3330c2,ada6015d-9fce-4f2c-b20f-fc9122d2face,Lane_vGl8C6X6YK,Reviewer,role,490203430
1b98444e-c029-415e-bf3e-7f0cdec1fc6e,6,94e64c3b-ff28-11ef-9802-0ec98d14f615,bf996092-8d66-408a-8d8e-5065ca3330c2,ada6015d-9fce-4f2c-b20f-fc9122d2face,Lane_vGl8C6X6YK,Reviewer,role,490203434
1b98444e-c029-415e-bf3e-7f0cdec1fc6e,6,94e64c3b-ff28-11ef-9802-0ec98d14f615,bf996092-8d66-408a-8d8e-5065ca3330c2,ada6015d-9fce-4f2c-b20f-fc9122d2face,Lane_mCj3Qr6nzk,Approver,role,490203433
b7e498b8-e2ac-41c0-91d9-6032c8ebbfed,16,b52dc332-3246-11f0-a75b-02304916fd47,bf996092-8d66-408a-8d8e-5065ca3330c2,ada6015d-9fce-4f2c-b20f-fc9122d2face,Lane_496550WMIZ,Initiator,role,490203473
b7e498b8-e2ac-41c0-91d9-6032c8ebbfed,16,b52dc332-3246-11f0-a75b-02304916fd47,bf996092-8d66-408a-8d8e-5065ca3330c2,ada6015d-9fce-4f2c-b20f-fc9122d2face,Lane_496550WMIZ,Initiator,role,490203436
b7e498b8-e2ac-41c0-91d9-6032c8ebbfed,16,b52dc332-3246-11f0-a75b-02304916fd47,bf996092-8d66-408a-8d8e-5065ca3330c2,ada6015d-9fce-4f2c-b20f-fc9122d2face,Lane_496550WMIZ,Initiator,role,490203437
b7e498b8-e2ac-41c0-91d9-6032c8ebbfed,16,b52dc332-3246-11f0-a75b-02304916fd47,bf996092-8d66-408a-8d8e-5065ca3330c2,ada6015d-9fce-4f2c-b20f-fc9122d2face,Lane_zQyR7rP3pi,Reviewer 1,role,490203504
b7e498b8-e2ac-41c0-91d9-6032c8ebbfed,16,b52dc332-3246-11f0-a75b-02304916fd47,bf996092-8d66-408a-8d8e-5065ca3330c2,ada6015d-9fce-4f2c-b20f-fc9122d2face,Lane_ZmU98fjSIQ,Reviewer 2,role,490203506
b7e498b8-e2ac-41c0-91d9-6032c8ebbfed,16,b52dc332-3246-11f0-a75b-02304916fd47,bf996092-8d66-408a-8d8e-5065ca3330c2,ada6015d-9fce-4f2c-b20f-fc9122d2face,Lane_JODu7r5M9u,Reviewer 3,role,490203435
b7e498b8-e2ac-41c0-91d9-6032c8ebbfed,16,b52dc332-3246-11f0-a75b-02304916fd47,bf996092-8d66-408a-8d8e-5065ca3330c2,ada6015d-9fce-4f2c-b20f-fc9122d2face,Lane_JODu7r5M9u,Reviewer 3,role,490203425
b7e498b8-e2ac-41c0-91d9-6032c8ebbfed,16,b52dc332-3246-11f0-a75b-02304916fd47,bf996092-8d66-408a-8d8e-5065ca3330c2,ada6015d-9fce-4f2c-b20f-fc9122d2face,Lane_JODu7r5M9u,Reviewer 3,role,490203442
b7e498b8-e2ac-41c0-91d9-6032c8ebbfed,16,b52dc332-3246-11f0-a75b-02304916fd47,bf996092-8d66-408a-8d8e-5065ca3330c2,ada6015d-9fce-4f2c-b20f-fc9122d2face,Lane_JODu7r5M9u,Reviewer 3,role,490203439
b7e498b8-e2ac-41c0-91d9-6032c8ebbfed,16,b52dc332-3246-11f0-a75b-02304916fd47,bf996092-8d66-408a-8d8e-5065ca3330c2,ada6015d-9fce-4f2c-b20f-fc9122d2face,Lane_JODu7r5M9u,Reviewer 3,role,490203429
b7e498b8-e2ac-41c0-91d9-6032c8ebbfed,16,b52dc332-3246-11f0-a75b-02304916fd47,bf996092-8d66-408a-8d8e-5065ca3330c2,ada6015d-9fce-4f2c-b20f-fc9122d2face,Lane_JODu7r5M9u,Reviewer 3,role,490203430
b7e498b8-e2ac-41c0-91d9-6032c8ebbfed,16,b52dc332-3246-11f0-a75b-02304916fd47,bf996092-8d66-408a-8d8e-5065ca3330c2,ada6015d-9fce-4f2c-b20f-fc9122d2face,Lane_JODu7r5M9u,Reviewer 3,role,490203434
b7e498b8-e2ac-41c0-91d9-6032c8ebbfed,16,b52dc332-3246-11f0-a75b-02304916fd47,bf996092-8d66-408a-8d8e-5065ca3330c2,ada6015d-9fce-4f2c-b20f-fc9122d2face,Lane_JODu7r5M9u,Reviewer 3,role,490203426
b7e498b8-e2ac-41c0-91d9-6032c8ebbfed,16,b52dc332-3246-11f0-a75b-02304916fd47,bf996092-8d66-408a-8d8e-5065ca3330c2,ada6015d-9fce-4f2c-b20f-fc9122d2face,Lane_JODu7r5M9u,Reviewer 3,role,490203437
b7e498b8-e2ac-41c0-91d9-6032c8ebbfed,16,b52dc332-3246-11f0-a75b-02304916fd47,bf996092-8d66-408a-8d8e-5065ca3330c2,ada6015d-9fce-4f2c-b20f-fc9122d2face,Lane_6IG4n7P6P9,Approver,role,490203433
f4c28d39-e8eb-4361-a9ff-17615077892d,12,5920f46d-20fa-11f0-b837-0e2d2b657c4d,bf996092-8d66-408a-8d8e-5065ca3330c2,ada6015d-9fce-4f2c-b20f-fc9122d2face,Lane_gCEzQGIAss,Initiator,role,490203504
f4c28d39-e8eb-4361-a9ff-17615077892d,12,5920f46d-20fa-11f0-b837-0e2d2b657c4d,bf996092-8d66-408a-8d8e-5065ca3330c2,ada6015d-9fce-4f2c-b20f-fc9122d2face,Lane_Y6B3KfbSeq,Reviewer 1,role,490203430
f4c28d39-e8eb-4361-a9ff-17615077892d,12,5920f46d-20fa-11f0-b837-0e2d2b657c4d,bf996092-8d66-408a-8d8e-5065ca3330c2,ada6015d-9fce-4f2c-b20f-fc9122d2face,Lane_jALpNLRCE1,Reviewer 2,role,490203431
f4c28d39-e8eb-4361-a9ff-17615077892d,12,5920f46d-20fa-11f0-b837-0e2d2b657c4d,bf996092-8d66-408a-8d8e-5065ca3330c2,ada6015d-9fce-4f2c-b20f-fc9122d2face,Lane_jALpNLRCE1,Reviewer 2,role,490203439
f4c28d39-e8eb-4361-a9ff-17615077892d,12,5920f46d-20fa-11f0-b837-0e2d2b657c4d,bf996092-8d66-408a-8d8e-5065ca3330c2,ada6015d-9fce-4f2c-b20f-fc9122d2face,Lane_PEw3mI94Vk,Approver,role,490203433
7b0e33b5-0b78-429c-8696-3645149c39e6,7,e940489e-1a82-11f0-80fa-0affcb751e0d,bf996092-8d66-408a-8d8e-5065ca3330c2,ada6015d-9fce-4f2c-b20f-fc9122d2face,Lane_Eur9FF0Amq,Initiator,role,490203504
7b0e33b5-0b78-429c-8696-3645149c39e6,7,e940489e-1a82-11f0-80fa-0affcb751e0d,bf996092-8d66-408a-8d8e-5065ca3330c2,ada6015d-9fce-4f2c-b20f-fc9122d2face,Lane_pmlDdOEq0D,Reviewer,role,490203430
7b0e33b5-0b78-429c-8696-3645149c39e6,7,e940489e-1a82-11f0-80fa-0affcb751e0d,bf996092-8d66-408a-8d8e-5065ca3330c2,ada6015d-9fce-4f2c-b20f-fc9122d2face,Lane_SFGkHKQ3vv,Approver,role,490203433
a965837d-7059-4a04-b2f4-c228d3944273,8,,bf996092-8d66-408a-8d8e-5065ca3330c2,ada6015d-9fce-4f2c-b20f-fc9122d2face,Lane_Eur9FF0Amq,Initiator,role,490203504
a965837d-7059-4a04-b2f4-c228d3944273,8,,bf996092-8d66-408a-8d8e-5065ca3330c2,ada6015d-9fce-4f2c-b20f-fc9122d2face,Lane_pmlDdOEq0D,Reviewer,role,490203430
a965837d-7059-4a04-b2f4-c228d3944273,8,,bf996092-8d66-408a-8d8e-5065ca3330c2,ada6015d-9fce-4f2c-b20f-fc9122d2face,Lane_SFGkHKQ3vv,Approver,role,490203433
d2c99d56-579f-435c-b5b6-047528738390,9,,bf996092-8d66-408a-8d8e-5065ca3330c2,ada6015d-9fce-4f2c-b20f-fc9122d2face,Lane_Eur9FF0Amq,Initiator,role,490203504
d2c99d56-579f-435c-b5b6-047528738390,9,,bf996092-8d66-408a-8d8e-5065ca3330c2,ada6015d-9fce-4f2c-b20f-fc9122d2face,Lane_pmlDdOEq0D,Reviewer,role,490203430
d2c99d56-579f-435c-b5b6-047528738390,9,,bf996092-8d66-408a-8d8e-5065ca3330c2,ada6015d-9fce-4f2c-b20f-fc9122d2face,Lane_SFGkHKQ3vv,Approver,role,490203433
f2cdb3be-244a-41b3-8b8a-4775e9c14521,20,41c5f239-4e7f-11f0-8904-0affc361003d,bf996092-8d66-408a-8d8e-5065ca3330c2,ada6015d-9fce-4f2c-b20f-fc9122d2face,Lane_acmu0lkkkh,Initiator,role,523378630
f2cdb3be-244a-41b3-8b8a-4775e9c14521,20,41c5f239-4e7f-11f0-8904-0affc361003d,bf996092-8d66-408a-8d8e-5065ca3330c2,ada6015d-9fce-4f2c-b20f-fc9122d2face,Lane_K9aQpeWNRs,Reviewer,role,490203432
f2cdb3be-244a-41b3-8b8a-4775e9c14521,20,41c5f239-4e7f-11f0-8904-0affc361003d,bf996092-8d66-408a-8d8e-5065ca3330c2,ada6015d-9fce-4f2c-b20f-fc9122d2face,Lane_CPvh0TjtD3,Approver,role,490203428
a92c2634-59c3-47a0-bac0-a7ca50c54cb2,17,92714aa8-3b86-11f0-a75b-02304916fd47,bf996092-8d66-408a-8d8e-5065ca3330c2,ada6015d-9fce-4f2c-b20f-fc9122d2face,Lane_B8vLfrcGeu,Initiator,role,490203506
a92c2634-59c3-47a0-bac0-a7ca50c54cb2,17,92714aa8-3b86-11f0-a75b-02304916fd47,bf996092-8d66-408a-8d8e-5065ca3330c2,ada6015d-9fce-4f2c-b20f-fc9122d2face,Lane_gdIqipd7bk,Reviewer 1,role,490203504
a92c2634-59c3-47a0-bac0-a7ca50c54cb2,17,92714aa8-3b86-11f0-a75b-02304916fd47,bf996092-8d66-408a-8d8e-5065ca3330c2,ada6015d-9fce-4f2c-b20f-fc9122d2face,Lane_gdIqipd7bk,Reviewer 1,role,490203429
a92c2634-59c3-47a0-bac0-a7ca50c54cb2,17,92714aa8-3b86-11f0-a75b-02304916fd47,bf996092-8d66-408a-8d8e-5065ca3330c2,ada6015d-9fce-4f2c-b20f-fc9122d2face,Lane_gdIqipd7bk,Reviewer 1,role,490203430
a92c2634-59c3-47a0-bac0-a7ca50c54cb2,17,92714aa8-3b86-11f0-a75b-02304916fd47,bf996092-8d66-408a-8d8e-5065ca3330c2,ada6015d-9fce-4f2c-b20f-fc9122d2face,Lane_gdIqipd7bk,Reviewer 1,role,490203434
a92c2634-59c3-47a0-bac0-a7ca50c54cb2,17,92714aa8-3b86-11f0-a75b-02304916fd47,bf996092-8d66-408a-8d8e-5065ca3330c2,ada6015d-9fce-4f2c-b20f-fc9122d2face,Lane_xJfq9t1ar8,Reviewer 2,role,490203473
a92c2634-59c3-47a0-bac0-a7ca50c54cb2,17,92714aa8-3b86-11f0-a75b-02304916fd47,bf996092-8d66-408a-8d8e-5065ca3330c2,ada6015d-9fce-4f2c-b20f-fc9122d2face,Lane_xJfq9t1ar8,Reviewer 2,role,490203479
a92c2634-59c3-47a0-bac0-a7ca50c54cb2,17,92714aa8-3b86-11f0-a75b-02304916fd47,bf996092-8d66-408a-8d8e-5065ca3330c2,ada6015d-9fce-4f2c-b20f-fc9122d2face,Lane_xJfq9t1ar8,Reviewer 2,role,490203520
a92c2634-59c3-47a0-bac0-a7ca50c54cb2,17,92714aa8-3b86-11f0-a75b-02304916fd47,bf996092-8d66-408a-8d8e-5065ca3330c2,ada6015d-9fce-4f2c-b20f-fc9122d2face,Lane_Dgf2PFVMMw,Reviewer 3,role,490203431
a92c2634-59c3-47a0-bac0-a7ca50c54cb2,17,92714aa8-3b86-11f0-a75b-02304916fd47,bf996092-8d66-408a-8d8e-5065ca3330c2,ada6015d-9fce-4f2c-b20f-fc9122d2face,Lane_Dgf2PFVMMw,Reviewer 3,role,490203435
a92c2634-59c3-47a0-bac0-a7ca50c54cb2,17,92714aa8-3b86-11f0-a75b-02304916fd47,bf996092-8d66-408a-8d8e-5065ca3330c2,ada6015d-9fce-4f2c-b20f-fc9122d2face,Lane_Dgf2PFVMMw,Reviewer 3,role,490203426
a92c2634-59c3-47a0-bac0-a7ca50c54cb2,17,92714aa8-3b86-11f0-a75b-02304916fd47,bf996092-8d66-408a-8d8e-5065ca3330c2,ada6015d-9fce-4f2c-b20f-fc9122d2face,Lane_Dgf2PFVMMw,Reviewer 3,role,490203425
a92c2634-59c3-47a0-bac0-a7ca50c54cb2,17,92714aa8-3b86-11f0-a75b-02304916fd47,bf996092-8d66-408a-8d8e-5065ca3330c2,ada6015d-9fce-4f2c-b20f-fc9122d2face,Lane_Dgf2PFVMMw,Reviewer 3,role,490203437
a92c2634-59c3-47a0-bac0-a7ca50c54cb2,17,92714aa8-3b86-11f0-a75b-02304916fd47,bf996092-8d66-408a-8d8e-5065ca3330c2,ada6015d-9fce-4f2c-b20f-fc9122d2face,Lane_Dgf2PFVMMw,Reviewer 3,role,490203442
a92c2634-59c3-47a0-bac0-a7ca50c54cb2,17,92714aa8-3b86-11f0-a75b-02304916fd47,bf996092-8d66-408a-8d8e-5065ca3330c2,ada6015d-9fce-4f2c-b20f-fc9122d2face,Lane_Dgf2PFVMMw,Reviewer 3,role,490203436
a92c2634-59c3-47a0-bac0-a7ca50c54cb2,17,92714aa8-3b86-11f0-a75b-02304916fd47,bf996092-8d66-408a-8d8e-5065ca3330c2,ada6015d-9fce-4f2c-b20f-fc9122d2face,Lane_Dgf2PFVMMw,Reviewer 3,role,490203427
a92c2634-59c3-47a0-bac0-a7ca50c54cb2,17,92714aa8-3b86-11f0-a75b-02304916fd47,bf996092-8d66-408a-8d8e-5065ca3330c2,ada6015d-9fce-4f2c-b20f-fc9122d2face,Lane_Dgf2PFVMMw,Reviewer 3,role,490203439
a92c2634-59c3-47a0-bac0-a7ca50c54cb2,17,92714aa8-3b86-11f0-a75b-02304916fd47,bf996092-8d66-408a-8d8e-5065ca3330c2,ada6015d-9fce-4f2c-b20f-fc9122d2face,Lane_gk3CosuPsV,Approver,role,490203433
fd25c240-de1c-46e6-936d-f9fd65847dcc,13,,bf996092-8d66-408a-8d8e-5065ca3330c2,ada6015d-9fce-4f2c-b20f-fc9122d2face,Lane_Eur9FF0Amq,Initiator,role,490203504
fd25c240-de1c-46e6-936d-f9fd65847dcc,13,,bf996092-8d66-408a-8d8e-5065ca3330c2,ada6015d-9fce-4f2c-b20f-fc9122d2face,Lane_pmlDdOEq0D,Reviewer,role,490203430
fd25c240-de1c-46e6-936d-f9fd65847dcc,13,,bf996092-8d66-408a-8d8e-5065ca3330c2,ada6015d-9fce-4f2c-b20f-fc9122d2face,Lane_SFGkHKQ3vv,Approver,role,490203433
196eb849-7b3a-4f16-910f-035acae5ac97,15,b6d42acc-3247-11f0-9531-026648e652bf,bf996092-8d66-408a-8d8e-5065ca3330c2,ada6015d-9fce-4f2c-b20f-fc9122d2face,Lane_bJ7Kr99j1x,Initiator,role,490203504
196eb849-7b3a-4f16-910f-035acae5ac97,15,b6d42acc-3247-11f0-9531-026648e652bf,bf996092-8d66-408a-8d8e-5065ca3330c2,ada6015d-9fce-4f2c-b20f-fc9122d2face,Lane_5B83UIG2JV,Reviewer 1,role,490203430
196eb849-7b3a-4f16-910f-035acae5ac97,15,b6d42acc-3247-11f0-9531-026648e652bf,bf996092-8d66-408a-8d8e-5065ca3330c2,ada6015d-9fce-4f2c-b20f-fc9122d2face,Lane_5B83UIG2JV,Reviewer 1,role,490203434
196eb849-7b3a-4f16-910f-035acae5ac97,15,b6d42acc-3247-11f0-9531-026648e652bf,bf996092-8d66-408a-8d8e-5065ca3330c2,ada6015d-9fce-4f2c-b20f-fc9122d2face,Lane_oTbX18Lc3T,Reviewer 2,role,490203473
196eb849-7b3a-4f16-910f-035acae5ac97,15,b6d42acc-3247-11f0-9531-026648e652bf,bf996092-8d66-408a-8d8e-5065ca3330c2,ada6015d-9fce-4f2c-b20f-fc9122d2face,Lane_oTbX18Lc3T,Reviewer 2,role,490203479
196eb849-7b3a-4f16-910f-035acae5ac97,15,b6d42acc-3247-11f0-9531-026648e652bf,bf996092-8d66-408a-8d8e-5065ca3330c2,ada6015d-9fce-4f2c-b20f-fc9122d2face,Lane_oTbX18Lc3T,Reviewer 2,role,490203520
196eb849-7b3a-4f16-910f-035acae5ac97,15,b6d42acc-3247-11f0-9531-026648e652bf,bf996092-8d66-408a-8d8e-5065ca3330c2,ada6015d-9fce-4f2c-b20f-fc9122d2face,Lane_oTbX18Lc3T,Reviewer 2,role,490203506
196eb849-7b3a-4f16-910f-035acae5ac97,15,b6d42acc-3247-11f0-9531-026648e652bf,bf996092-8d66-408a-8d8e-5065ca3330c2,ada6015d-9fce-4f2c-b20f-fc9122d2face,Lane_uh3idw1Ddi,Reviewer 3,role,490203426
196eb849-7b3a-4f16-910f-035acae5ac97,15,b6d42acc-3247-11f0-9531-026648e652bf,bf996092-8d66-408a-8d8e-5065ca3330c2,ada6015d-9fce-4f2c-b20f-fc9122d2face,Lane_uh3idw1Ddi,Reviewer 3,role,490203437
196eb849-7b3a-4f16-910f-035acae5ac97,15,b6d42acc-3247-11f0-9531-026648e652bf,bf996092-8d66-408a-8d8e-5065ca3330c2,ada6015d-9fce-4f2c-b20f-fc9122d2face,Lane_uh3idw1Ddi,Reviewer 3,role,490203425
196eb849-7b3a-4f16-910f-035acae5ac97,15,b6d42acc-3247-11f0-9531-026648e652bf,bf996092-8d66-408a-8d8e-5065ca3330c2,ada6015d-9fce-4f2c-b20f-fc9122d2face,Lane_uh3idw1Ddi,Reviewer 3,role,490203442
196eb849-7b3a-4f16-910f-035acae5ac97,15,b6d42acc-3247-11f0-9531-026648e652bf,bf996092-8d66-408a-8d8e-5065ca3330c2,ada6015d-9fce-4f2c-b20f-fc9122d2face,Lane_uh3idw1Ddi,Reviewer 3,role,490203427
196eb849-7b3a-4f16-910f-035acae5ac97,15,b6d42acc-3247-11f0-9531-026648e652bf,bf996092-8d66-408a-8d8e-5065ca3330c2,ada6015d-9fce-4f2c-b20f-fc9122d2face,Lane_uh3idw1Ddi,Reviewer 3,role,490203436
196eb849-7b3a-4f16-910f-035acae5ac97,15,b6d42acc-3247-11f0-9531-026648e652bf,bf996092-8d66-408a-8d8e-5065ca3330c2,ada6015d-9fce-4f2c-b20f-fc9122d2face,Lane_uh3idw1Ddi,Reviewer 3,role,490203439
196eb849-7b3a-4f16-910f-035acae5ac97,15,b6d42acc-3247-11f0-9531-026648e652bf,bf996092-8d66-408a-8d8e-5065ca3330c2,ada6015d-9fce-4f2c-b20f-fc9122d2face,Lane_J0nWgyah7b,Reviewer 4,role,490203429
196eb849-7b3a-4f16-910f-035acae5ac97,15,b6d42acc-3247-11f0-9531-026648e652bf,bf996092-8d66-408a-8d8e-5065ca3330c2,ada6015d-9fce-4f2c-b20f-fc9122d2face,Lane_J0nWgyah7b,Reviewer 4,role,490203431
196eb849-7b3a-4f16-910f-035acae5ac97,15,b6d42acc-3247-11f0-9531-026648e652bf,bf996092-8d66-408a-8d8e-5065ca3330c2,ada6015d-9fce-4f2c-b20f-fc9122d2face,Lane_9j1CTG9qys,Approver,role,490203433
e359585e-52bd-4500-a90c-70b5f8b6e604,1,7a3a5fbe-f5bb-11ef-8eb0-02b2bcc68255,bf996092-8d66-408a-8d8e-5065ca3330c2,ada6015d-9fce-4f2c-b20f-fc9122d2face,Lane_Tg5JhFUQFA,Initiator,role,490203504
e359585e-52bd-4500-a90c-70b5f8b6e604,1,7a3a5fbe-f5bb-11ef-8eb0-02b2bcc68255,bf996092-8d66-408a-8d8e-5065ca3330c2,ada6015d-9fce-4f2c-b20f-fc9122d2face,Lane_vGl8C6X6YK,Reviewer,role,490203430
e359585e-52bd-4500-a90c-70b5f8b6e604,1,7a3a5fbe-f5bb-11ef-8eb0-02b2bcc68255,bf996092-8d66-408a-8d8e-5065ca3330c2,ada6015d-9fce-4f2c-b20f-fc9122d2face,Lane_vGl8C6X6YK,Reviewer,role,490203434
e359585e-52bd-4500-a90c-70b5f8b6e604,1,7a3a5fbe-f5bb-11ef-8eb0-02b2bcc68255,bf996092-8d66-408a-8d8e-5065ca3330c2,ada6015d-9fce-4f2c-b20f-fc9122d2face,Lane_mCj3Qr6nzk,Approver,role,490203433
44980050-a48f-471b-bab7-6bae8a1f82d9,21,e050e6a5-51a4-11f0-9c77-02d9a35b2c71,bf996092-8d66-408a-8d8e-5065ca3330c2,ada6015d-9fce-4f2c-b20f-fc9122d2face,Lane_B8vLfrcGeu,Initiator,role,490203506
44980050-a48f-471b-bab7-6bae8a1f82d9,21,e050e6a5-51a4-11f0-9c77-02d9a35b2c71,bf996092-8d66-408a-8d8e-5065ca3330c2,ada6015d-9fce-4f2c-b20f-fc9122d2face,Lane_gdIqipd7bk,Reviewer 1,role,490203429
44980050-a48f-471b-bab7-6bae8a1f82d9,21,e050e6a5-51a4-11f0-9c77-02d9a35b2c71,bf996092-8d66-408a-8d8e-5065ca3330c2,ada6015d-9fce-4f2c-b20f-fc9122d2face,Lane_gdIqipd7bk,Reviewer 1,role,490203430
44980050-a48f-471b-bab7-6bae8a1f82d9,21,e050e6a5-51a4-11f0-9c77-02d9a35b2c71,bf996092-8d66-408a-8d8e-5065ca3330c2,ada6015d-9fce-4f2c-b20f-fc9122d2face,Lane_gdIqipd7bk,Reviewer 1,role,490203434
44980050-a48f-471b-bab7-6bae8a1f82d9,21,e050e6a5-51a4-11f0-9c77-02d9a35b2c71,bf996092-8d66-408a-8d8e-5065ca3330c2,ada6015d-9fce-4f2c-b20f-fc9122d2face,Lane_xJfq9t1ar8,Reviewer 2,role,490203473
44980050-a48f-471b-bab7-6bae8a1f82d9,21,e050e6a5-51a4-11f0-9c77-02d9a35b2c71,bf996092-8d66-408a-8d8e-5065ca3330c2,ada6015d-9fce-4f2c-b20f-fc9122d2face,Lane_xJfq9t1ar8,Reviewer 2,role,490203479
44980050-a48f-471b-bab7-6bae8a1f82d9,21,e050e6a5-51a4-11f0-9c77-02d9a35b2c71,bf996092-8d66-408a-8d8e-5065ca3330c2,ada6015d-9fce-4f2c-b20f-fc9122d2face,Lane_xJfq9t1ar8,Reviewer 2,role,490203520
44980050-a48f-471b-bab7-6bae8a1f82d9,21,e050e6a5-51a4-11f0-9c77-02d9a35b2c71,bf996092-8d66-408a-8d8e-5065ca3330c2,ada6015d-9fce-4f2c-b20f-fc9122d2face,Lane_Dgf2PFVMMw,Reviewer 3,role,490203431
44980050-a48f-471b-bab7-6bae8a1f82d9,21,e050e6a5-51a4-11f0-9c77-02d9a35b2c71,bf996092-8d66-408a-8d8e-5065ca3330c2,ada6015d-9fce-4f2c-b20f-fc9122d2face,Lane_Dgf2PFVMMw,Reviewer 3,role,490203435
44980050-a48f-471b-bab7-6bae8a1f82d9,21,e050e6a5-51a4-11f0-9c77-02d9a35b2c71,bf996092-8d66-408a-8d8e-5065ca3330c2,ada6015d-9fce-4f2c-b20f-fc9122d2face,Lane_Dgf2PFVMMw,Reviewer 3,role,490203426
44980050-a48f-471b-bab7-6bae8a1f82d9,21,e050e6a5-51a4-11f0-9c77-02d9a35b2c71,bf996092-8d66-408a-8d8e-5065ca3330c2,ada6015d-9fce-4f2c-b20f-fc9122d2face,Lane_Dgf2PFVMMw,Reviewer 3,role,490203425
44980050-a48f-471b-bab7-6bae8a1f82d9,21,e050e6a5-51a4-11f0-9c77-02d9a35b2c71,bf996092-8d66-408a-8d8e-5065ca3330c2,ada6015d-9fce-4f2c-b20f-fc9122d2face,Lane_Dgf2PFVMMw,Reviewer 3,role,490203437
44980050-a48f-471b-bab7-6bae8a1f82d9,21,e050e6a5-51a4-11f0-9c77-02d9a35b2c71,bf996092-8d66-408a-8d8e-5065ca3330c2,ada6015d-9fce-4f2c-b20f-fc9122d2face,Lane_Dgf2PFVMMw,Reviewer 3,role,490203442
44980050-a48f-471b-bab7-6bae8a1f82d9,21,e050e6a5-51a4-11f0-9c77-02d9a35b2c71,bf996092-8d66-408a-8d8e-5065ca3330c2,ada6015d-9fce-4f2c-b20f-fc9122d2face,Lane_Dgf2PFVMMw,Reviewer 3,role,490203436
44980050-a48f-471b-bab7-6bae8a1f82d9,21,e050e6a5-51a4-11f0-9c77-02d9a35b2c71,bf996092-8d66-408a-8d8e-5065ca3330c2,ada6015d-9fce-4f2c-b20f-fc9122d2face,Lane_Dgf2PFVMMw,Reviewer 3,role,490203427
44980050-a48f-471b-bab7-6bae8a1f82d9,21,e050e6a5-51a4-11f0-9c77-02d9a35b2c71,bf996092-8d66-408a-8d8e-5065ca3330c2,ada6015d-9fce-4f2c-b20f-fc9122d2face,Lane_Dgf2PFVMMw,Reviewer 3,role,490203439
44980050-a48f-471b-bab7-6bae8a1f82d9,21,e050e6a5-51a4-11f0-9c77-02d9a35b2c71,bf996092-8d66-408a-8d8e-5065ca3330c2,ada6015d-9fce-4f2c-b20f-fc9122d2face,Lane_gk3CosuPsV,Approver,role,490203433
b2edb30b-7d30-464e-8488-83d71f28c1fb,22,3b2735be-51ae-11f0-9c77-02d9a35b2c71,bf996092-8d66-408a-8d8e-5065ca3330c2,ada6015d-9fce-4f2c-b20f-fc9122d2face,Lane_gxx6HoM7bG,Initiator,role,523378630
b2edb30b-7d30-464e-8488-83d71f28c1fb,22,3b2735be-51ae-11f0-9c77-02d9a35b2c71,bf996092-8d66-408a-8d8e-5065ca3330c2,ada6015d-9fce-4f2c-b20f-fc9122d2face,Lane_bcFb5CtfRL,Approver,role,490203432
08187fbc-793e-429c-91ad-387d5c5e9503,14,fa31cff6-3231-11f0-9c34-0afff02ff9e7,bf996092-8d66-408a-8d8e-5065ca3330c2,ada6015d-9fce-4f2c-b20f-fc9122d2face,Lane_5VF35OMe7y,Initiator,user,V9Q2X946QA52XTJG
08187fbc-793e-429c-91ad-387d5c5e9503,14,fa31cff6-3231-11f0-9c34-0afff02ff9e7,bf996092-8d66-408a-8d8e-5065ca3330c2,ada6015d-9fce-4f2c-b20f-fc9122d2face,Lane_G73nOiFnyN,Reviewer 1,user,CMJ2N3U8MSMRM8ZA
08187fbc-793e-429c-91ad-387d5c5e9503,14,fa31cff6-3231-11f0-9c34-0afff02ff9e7,bf996092-8d66-408a-8d8e-5065ca3330c2,ada6015d-9fce-4f2c-b20f-fc9122d2face,Lane_KtNKNWHQVx,Reviewer 2,user,8P32P78GQMSARQ95
08187fbc-793e-429c-91ad-387d5c5e9503,14,fa31cff6-3231-11f0-9c34-0afff02ff9e7,bf996092-8d66-408a-8d8e-5065ca3330c2,ada6015d-9fce-4f2c-b20f-fc9122d2face,Lane_pVZdGcsitt,Approver,user,DQ72WAMCK3PT3T58
6b7ced1c-bee6-4a7e-86dd-f40a375f10a9,19,cbc824f6-3d1e-11f0-9c34-0afff02ff9e7,bf996092-8d66-408a-8d8e-5065ca3330c2,ada6015d-9fce-4f2c-b20f-fc9122d2face,Lane_gCEzQGIAss,Initiator,role,490203504
6b7ced1c-bee6-4a7e-86dd-f40a375f10a9,19,cbc824f6-3d1e-11f0-9c34-0afff02ff9e7,bf996092-8d66-408a-8d8e-5065ca3330c2,ada6015d-9fce-4f2c-b20f-fc9122d2face,Lane_Y6B3KfbSeq,Reviewer 1,role,490203430
6b7ced1c-bee6-4a7e-86dd-f40a375f10a9,19,cbc824f6-3d1e-11f0-9c34-0afff02ff9e7,bf996092-8d66-408a-8d8e-5065ca3330c2,ada6015d-9fce-4f2c-b20f-fc9122d2face,Lane_jALpNLRCE1,Reviewer 2,role,490203431
6b7ced1c-bee6-4a7e-86dd-f40a375f10a9,19,cbc824f6-3d1e-11f0-9c34-0afff02ff9e7,bf996092-8d66-408a-8d8e-5065ca3330c2,ada6015d-9fce-4f2c-b20f-fc9122d2face,Lane_jALpNLRCE1,Reviewer 2,role,490203439
6b7ced1c-bee6-4a7e-86dd-f40a375f10a9,19,cbc824f6-3d1e-11f0-9c34-0afff02ff9e7,bf996092-8d66-408a-8d8e-5065ca3330c2,ada6015d-9fce-4f2c-b20f-fc9122d2face,Lane_PEw3mI94Vk,Approver,role,490203433
bbcac5d6-96b3-481a-8b4e-d0cd453ba5a9,18,c406f884-3bac-11f0-a75b-02304916fd47,bf996092-8d66-408a-8d8e-5065ca3330c2,ada6015d-9fce-4f2c-b20f-fc9122d2face,Lane_B8vLfrcGeu,Initiator,role,490203506
bbcac5d6-96b3-481a-8b4e-d0cd453ba5a9,18,c406f884-3bac-11f0-a75b-02304916fd47,bf996092-8d66-408a-8d8e-5065ca3330c2,ada6015d-9fce-4f2c-b20f-fc9122d2face,Lane_gdIqipd7bk,Reviewer 1,role,490203504
bbcac5d6-96b3-481a-8b4e-d0cd453ba5a9,18,c406f884-3bac-11f0-a75b-02304916fd47,bf996092-8d66-408a-8d8e-5065ca3330c2,ada6015d-9fce-4f2c-b20f-fc9122d2face,Lane_gdIqipd7bk,Reviewer 1,role,490203429
bbcac5d6-96b3-481a-8b4e-d0cd453ba5a9,18,c406f884-3bac-11f0-a75b-02304916fd47,bf996092-8d66-408a-8d8e-5065ca3330c2,ada6015d-9fce-4f2c-b20f-fc9122d2face,Lane_gdIqipd7bk,Reviewer 1,role,490203430
bbcac5d6-96b3-481a-8b4e-d0cd453ba5a9,18,c406f884-3bac-11f0-a75b-02304916fd47,bf996092-8d66-408a-8d8e-5065ca3330c2,ada6015d-9fce-4f2c-b20f-fc9122d2face,Lane_gdIqipd7bk,Reviewer 1,role,490203434
bbcac5d6-96b3-481a-8b4e-d0cd453ba5a9,18,c406f884-3bac-11f0-a75b-02304916fd47,bf996092-8d66-408a-8d8e-5065ca3330c2,ada6015d-9fce-4f2c-b20f-fc9122d2face,Lane_xJfq9t1ar8,Reviewer 2,role,490203473
bbcac5d6-96b3-481a-8b4e-d0cd453ba5a9,18,c406f884-3bac-11f0-a75b-02304916fd47,bf996092-8d66-408a-8d8e-5065ca3330c2,ada6015d-9fce-4f2c-b20f-fc9122d2face,Lane_xJfq9t1ar8,Reviewer 2,role,490203479
bbcac5d6-96b3-481a-8b4e-d0cd453ba5a9,18,c406f884-3bac-11f0-a75b-02304916fd47,bf996092-8d66-408a-8d8e-5065ca3330c2,ada6015d-9fce-4f2c-b20f-fc9122d2face,Lane_xJfq9t1ar8,Reviewer 2,role,490203520
bbcac5d6-96b3-481a-8b4e-d0cd453ba5a9,18,c406f884-3bac-11f0-a75b-02304916fd47,bf996092-8d66-408a-8d8e-5065ca3330c2,ada6015d-9fce-4f2c-b20f-fc9122d2face,Lane_Dgf2PFVMMw,Reviewer 3,role,490203431
bbcac5d6-96b3-481a-8b4e-d0cd453ba5a9,18,c406f884-3bac-11f0-a75b-02304916fd47,bf996092-8d66-408a-8d8e-5065ca3330c2,ada6015d-9fce-4f2c-b20f-fc9122d2face,Lane_Dgf2PFVMMw,Reviewer 3,role,490203435
bbcac5d6-96b3-481a-8b4e-d0cd453ba5a9,18,c406f884-3bac-11f0-a75b-02304916fd47,bf996092-8d66-408a-8d8e-5065ca3330c2,ada6015d-9fce-4f2c-b20f-fc9122d2face,Lane_Dgf2PFVMMw,Reviewer 3,role,490203426
bbcac5d6-96b3-481a-8b4e-d0cd453ba5a9,18,c406f884-3bac-11f0-a75b-02304916fd47,bf996092-8d66-408a-8d8e-5065ca3330c2,ada6015d-9fce-4f2c-b20f-fc9122d2face,Lane_Dgf2PFVMMw,Reviewer 3,role,490203425
bbcac5d6-96b3-481a-8b4e-d0cd453ba5a9,18,c406f884-3bac-11f0-a75b-02304916fd47,bf996092-8d66-408a-8d8e-5065ca3330c2,ada6015d-9fce-4f2c-b20f-fc9122d2face,Lane_Dgf2PFVMMw,Reviewer 3,role,490203437
bbcac5d6-96b3-481a-8b4e-d0cd453ba5a9,18,c406f884-3bac-11f0-a75b-02304916fd47,bf996092-8d66-408a-8d8e-5065ca3330c2,ada6015d-9fce-4f2c-b20f-fc9122d2face,Lane_Dgf2PFVMMw,Reviewer 3,role,490203442
bbcac5d6-96b3-481a-8b4e-d0cd453ba5a9,18,c406f884-3bac-11f0-a75b-02304916fd47,bf996092-8d66-408a-8d8e-5065ca3330c2,ada6015d-9fce-4f2c-b20f-fc9122d2face,Lane_Dgf2PFVMMw,Reviewer 3,role,490203436
bbcac5d6-96b3-481a-8b4e-d0cd453ba5a9,18,c406f884-3bac-11f0-a75b-02304916fd47,bf996092-8d66-408a-8d8e-5065ca3330c2,ada6015d-9fce-4f2c-b20f-fc9122d2face,Lane_Dgf2PFVMMw,Reviewer 3,role,490203427
bbcac5d6-96b3-481a-8b4e-d0cd453ba5a9,18,c406f884-3bac-11f0-a75b-02304916fd47,bf996092-8d66-408a-8d8e-5065ca3330c2,ada6015d-9fce-4f2c-b20f-fc9122d2face,Lane_Dgf2PFVMMw,Reviewer 3,role,490203439
bbcac5d6-96b3-481a-8b4e-d0cd453ba5a9,18,c406f884-3bac-11f0-a75b-02304916fd47,bf996092-8d66-408a-8d8e-5065ca3330c2,ada6015d-9fce-4f2c-b20f-fc9122d2face,Lane_gk3CosuPsV,Approver,role,490203433
5c1bd062-96aa-417c-b2f6-95b52fef222d,25,16a76568-7e83-11f0-ba69-0affe15d0ad3,bf996092-8d66-408a-8d8e-5065ca3330c2,ada6015d-9fce-4f2c-b20f-fc9122d2face,Lane_Fbscui0bdQ,Initiator,role,490203520
5c1bd062-96aa-417c-b2f6-95b52fef222d,25,16a76568-7e83-11f0-ba69-0affe15d0ad3,bf996092-8d66-408a-8d8e-5065ca3330c2,ada6015d-9fce-4f2c-b20f-fc9122d2face,Lane_E8JFLkCgQj,Reviewer 1,role,490203504
5c1bd062-96aa-417c-b2f6-95b52fef222d,25,16a76568-7e83-11f0-ba69-0affe15d0ad3,bf996092-8d66-408a-8d8e-5065ca3330c2,ada6015d-9fce-4f2c-b20f-fc9122d2face,Lane_w6lMTP29uH,Reviewer 2,role,490203506
5c1bd062-96aa-417c-b2f6-95b52fef222d,25,16a76568-7e83-11f0-ba69-0affe15d0ad3,bf996092-8d66-408a-8d8e-5065ca3330c2,ada6015d-9fce-4f2c-b20f-fc9122d2face,Lane_3qlH5vTpBD,Reviewer 3,role,490203435
5c1bd062-96aa-417c-b2f6-95b52fef222d,25,16a76568-7e83-11f0-ba69-0affe15d0ad3,bf996092-8d66-408a-8d8e-5065ca3330c2,ada6015d-9fce-4f2c-b20f-fc9122d2face,Lane_3qlH5vTpBD,Reviewer 3,role,490203425
5c1bd062-96aa-417c-b2f6-95b52fef222d,25,16a76568-7e83-11f0-ba69-0affe15d0ad3,bf996092-8d66-408a-8d8e-5065ca3330c2,ada6015d-9fce-4f2c-b20f-fc9122d2face,Lane_3qlH5vTpBD,Reviewer 3,role,490203442
5c1bd062-96aa-417c-b2f6-95b52fef222d,25,16a76568-7e83-11f0-ba69-0affe15d0ad3,bf996092-8d66-408a-8d8e-5065ca3330c2,ada6015d-9fce-4f2c-b20f-fc9122d2face,Lane_3qlH5vTpBD,Reviewer 3,role,490203439
5c1bd062-96aa-417c-b2f6-95b52fef222d,25,16a76568-7e83-11f0-ba69-0affe15d0ad3,bf996092-8d66-408a-8d8e-5065ca3330c2,ada6015d-9fce-4f2c-b20f-fc9122d2face,Lane_3qlH5vTpBD,Reviewer 3,role,490203429
5c1bd062-96aa-417c-b2f6-95b52fef222d,25,16a76568-7e83-11f0-ba69-0affe15d0ad3,bf996092-8d66-408a-8d8e-5065ca3330c2,ada6015d-9fce-4f2c-b20f-fc9122d2face,Lane_3qlH5vTpBD,Reviewer 3,role,490203430
5c1bd062-96aa-417c-b2f6-95b52fef222d,25,16a76568-7e83-11f0-ba69-0affe15d0ad3,bf996092-8d66-408a-8d8e-5065ca3330c2,ada6015d-9fce-4f2c-b20f-fc9122d2face,Lane_3qlH5vTpBD,Reviewer 3,role,490203434
5c1bd062-96aa-417c-b2f6-95b52fef222d,25,16a76568-7e83-11f0-ba69-0affe15d0ad3,bf996092-8d66-408a-8d8e-5065ca3330c2,ada6015d-9fce-4f2c-b20f-fc9122d2face,Lane_WUNTl6vK5k,Approver,role,490203433
70456a58-94c9-4671-9966-a4b72b80f3ed,26,5a2265d3-7f20-11f0-8e03-023b6ba72275,bf996092-8d66-408a-8d8e-5065ca3330c2,ada6015d-9fce-4f2c-b20f-fc9122d2face,Lane_gxx6HoM7bG,Initiator,role,523378630
70456a58-94c9-4671-9966-a4b72b80f3ed,26,5a2265d3-7f20-11f0-8e03-023b6ba72275,bf996092-8d66-408a-8d8e-5065ca3330c2,ada6015d-9fce-4f2c-b20f-fc9122d2face,Lane_bcFb5CtfRL,Approver,role,490203432
f9936fc7-abfe-4e2a-860a-16243823af26,24,,bf996092-8d66-408a-8d8e-5065ca3330c2,ada6015d-9fce-4f2c-b20f-fc9122d2face,Lane_gxx6HoM7bG,Initiator,role,523378630
f9936fc7-abfe-4e2a-860a-16243823af26,24,,bf996092-8d66-408a-8d8e-5065ca3330c2,ada6015d-9fce-4f2c-b20f-fc9122d2face,Lane_bcFb5CtfRL,Approver,role,490203432
685d4e1d-47cd-477b-8b1b-e8a26c5ca297,3,206d1db9-58a7-11f0-b8ba-0affd1463659,bf996092-8d66-408a-8d8e-5065ca3330c2,e9b596f2-48ee-419b-a199-da304b38c398,Lane_EbmTbHX5dF,Initiator,role,536988548
685d4e1d-47cd-477b-8b1b-e8a26c5ca297,3,206d1db9-58a7-11f0-b8ba-0affd1463659,bf996092-8d66-408a-8d8e-5065ca3330c2,e9b596f2-48ee-419b-a199-da304b38c398,Lane_1CbZjXVAJu,Reviewer 1,role,536988545
685d4e1d-47cd-477b-8b1b-e8a26c5ca297,3,206d1db9-58a7-11f0-b8ba-0affd1463659,bf996092-8d66-408a-8d8e-5065ca3330c2,e9b596f2-48ee-419b-a199-da304b38c398,Lane_1CbZjXVAJu,Reviewer 1,role,536988458
685d4e1d-47cd-477b-8b1b-e8a26c5ca297,3,206d1db9-58a7-11f0-b8ba-0affd1463659,bf996092-8d66-408a-8d8e-5065ca3330c2,e9b596f2-48ee-419b-a199-da304b38c398,Lane_1CbZjXVAJu,Reviewer 1,role,536988459
685d4e1d-47cd-477b-8b1b-e8a26c5ca297,3,206d1db9-58a7-11f0-b8ba-0affd1463659,bf996092-8d66-408a-8d8e-5065ca3330c2,e9b596f2-48ee-419b-a199-da304b38c398,Lane_qq5LEx3nVj,Reviewer 2,role,536988460
685d4e1d-47cd-477b-8b1b-e8a26c5ca297,3,206d1db9-58a7-11f0-b8ba-0affd1463659,bf996092-8d66-408a-8d8e-5065ca3330c2,e9b596f2-48ee-419b-a199-da304b38c398,Lane_qq5LEx3nVj,Reviewer 2,role,536988474
685d4e1d-47cd-477b-8b1b-e8a26c5ca297,3,206d1db9-58a7-11f0-b8ba-0affd1463659,bf996092-8d66-408a-8d8e-5065ca3330c2,e9b596f2-48ee-419b-a199-da304b38c398,Lane_C9RJwqxQKJ,Approver,role,536988463
7b88496a-6676-4798-b21e-0c9392d2de59,9,44bb47a8-6872-11f0-8bd5-0232a6c7fd05,bf996092-8d66-408a-8d8e-5065ca3330c2,e9b596f2-48ee-419b-a199-da304b38c398,Lane_6Lw7Q3LogS,Initiator,role,536988500
7b88496a-6676-4798-b21e-0c9392d2de59,9,44bb47a8-6872-11f0-8bd5-0232a6c7fd05,bf996092-8d66-408a-8d8e-5065ca3330c2,e9b596f2-48ee-419b-a199-da304b38c398,Lane_K9UH4wfrUG,Reviewer 1,role,536988545
7b88496a-6676-4798-b21e-0c9392d2de59,9,44bb47a8-6872-11f0-8bd5-0232a6c7fd05,bf996092-8d66-408a-8d8e-5065ca3330c2,e9b596f2-48ee-419b-a199-da304b38c398,Lane_5kb146NTw8,Reviewer 2,role,536988459
7b88496a-6676-4798-b21e-0c9392d2de59,9,44bb47a8-6872-11f0-8bd5-0232a6c7fd05,bf996092-8d66-408a-8d8e-5065ca3330c2,e9b596f2-48ee-419b-a199-da304b38c398,Lane_5kb146NTw8,Reviewer 2,role,536988464
7b88496a-6676-4798-b21e-0c9392d2de59,9,44bb47a8-6872-11f0-8bd5-0232a6c7fd05,bf996092-8d66-408a-8d8e-5065ca3330c2,e9b596f2-48ee-419b-a199-da304b38c398,Lane_5kb146NTw8,Reviewer 2,role,536988471
7b88496a-6676-4798-b21e-0c9392d2de59,9,44bb47a8-6872-11f0-8bd5-0232a6c7fd05,bf996092-8d66-408a-8d8e-5065ca3330c2,e9b596f2-48ee-419b-a199-da304b38c398,Lane_5kb146NTw8,Reviewer 2,role,536988465
7b88496a-6676-4798-b21e-0c9392d2de59,9,44bb47a8-6872-11f0-8bd5-0232a6c7fd05,bf996092-8d66-408a-8d8e-5065ca3330c2,e9b596f2-48ee-419b-a199-da304b38c398,Lane_5kb146NTw8,Reviewer 2,role,536988467
7b88496a-6676-4798-b21e-0c9392d2de59,9,44bb47a8-6872-11f0-8bd5-0232a6c7fd05,bf996092-8d66-408a-8d8e-5065ca3330c2,e9b596f2-48ee-419b-a199-da304b38c398,Lane_2J7mn7yvjx,Approver,role,536988463
dfd34659-c32f-4c11-9865-dc76c6e43af8,11,29f49dc9-6873-11f0-8e03-023b6ba72275,bf996092-8d66-408a-8d8e-5065ca3330c2,e9b596f2-48ee-419b-a199-da304b38c398,Lane_mYshVlYMXd,Initiator,role,536988500
dfd34659-c32f-4c11-9865-dc76c6e43af8,11,29f49dc9-6873-11f0-8e03-023b6ba72275,bf996092-8d66-408a-8d8e-5065ca3330c2,e9b596f2-48ee-419b-a199-da304b38c398,Lane_dICFenqC9U,Reviewer 1,role,536988545
dfd34659-c32f-4c11-9865-dc76c6e43af8,11,29f49dc9-6873-11f0-8e03-023b6ba72275,bf996092-8d66-408a-8d8e-5065ca3330c2,e9b596f2-48ee-419b-a199-da304b38c398,Lane_yPXdF8Q7M0,Reviewer 2,role,536988459
dfd34659-c32f-4c11-9865-dc76c6e43af8,11,29f49dc9-6873-11f0-8e03-023b6ba72275,bf996092-8d66-408a-8d8e-5065ca3330c2,e9b596f2-48ee-419b-a199-da304b38c398,Lane_yPXdF8Q7M0,Reviewer 2,role,536988464
dfd34659-c32f-4c11-9865-dc76c6e43af8,11,29f49dc9-6873-11f0-8e03-023b6ba72275,bf996092-8d66-408a-8d8e-5065ca3330c2,e9b596f2-48ee-419b-a199-da304b38c398,Lane_yPXdF8Q7M0,Reviewer 2,role,536988471
dfd34659-c32f-4c11-9865-dc76c6e43af8,11,29f49dc9-6873-11f0-8e03-023b6ba72275,bf996092-8d66-408a-8d8e-5065ca3330c2,e9b596f2-48ee-419b-a199-da304b38c398,Lane_yPXdF8Q7M0,Reviewer 2,role,536988465
dfd34659-c32f-4c11-9865-dc76c6e43af8,11,29f49dc9-6873-11f0-8e03-023b6ba72275,bf996092-8d66-408a-8d8e-5065ca3330c2,e9b596f2-48ee-419b-a199-da304b38c398,Lane_fWlM9gebKQ,Approver,role,536988463
31c1cf8c-332b-468e-83a5-8e1b1e305d1d,10,078500f2-6873-11f0-9b63-0edefbbefc43,bf996092-8d66-408a-8d8e-5065ca3330c2,e9b596f2-48ee-419b-a199-da304b38c398,Lane_wFmJyoehyF,Initiator,role,536988510
31c1cf8c-332b-468e-83a5-8e1b1e305d1d,10,078500f2-6873-11f0-9b63-0edefbbefc43,bf996092-8d66-408a-8d8e-5065ca3330c2,e9b596f2-48ee-419b-a199-da304b38c398,Lane_D6yEOIrqkt,Reviewer 1,role,536988545
31c1cf8c-332b-468e-83a5-8e1b1e305d1d,10,078500f2-6873-11f0-9b63-0edefbbefc43,bf996092-8d66-408a-8d8e-5065ca3330c2,e9b596f2-48ee-419b-a199-da304b38c398,Lane_Me0mdfc5bI,Reviewer 2,role,536988465
31c1cf8c-332b-468e-83a5-8e1b1e305d1d,10,078500f2-6873-11f0-9b63-0edefbbefc43,bf996092-8d66-408a-8d8e-5065ca3330c2,e9b596f2-48ee-419b-a199-da304b38c398,Lane_Me0mdfc5bI,Reviewer 2,role,536988471
31c1cf8c-332b-468e-83a5-8e1b1e305d1d,10,078500f2-6873-11f0-9b63-0edefbbefc43,bf996092-8d66-408a-8d8e-5065ca3330c2,e9b596f2-48ee-419b-a199-da304b38c398,Lane_Me0mdfc5bI,Reviewer 2,role,536988459
31c1cf8c-332b-468e-83a5-8e1b1e305d1d,10,078500f2-6873-11f0-9b63-0edefbbefc43,bf996092-8d66-408a-8d8e-5065ca3330c2,e9b596f2-48ee-419b-a199-da304b38c398,Lane_BzKvKdiS4p,Approver,role,536988463
77ba1d7c-baab-4c1f-ac57-4afa9a6d6077,4,6e87a09c-62da-11f0-a30f-022739ca029d,bf996092-8d66-408a-8d8e-5065ca3330c2,e9b596f2-48ee-419b-a199-da304b38c398,Lane_uWo1eHA7pj,Initiator,role,536988545
77ba1d7c-baab-4c1f-ac57-4afa9a6d6077,4,6e87a09c-62da-11f0-a30f-022739ca029d,bf996092-8d66-408a-8d8e-5065ca3330c2,e9b596f2-48ee-419b-a199-da304b38c398,Lane_0E8OIXvJJf,Reviewer,role,536988459
77ba1d7c-baab-4c1f-ac57-4afa9a6d6077,4,6e87a09c-62da-11f0-a30f-022739ca029d,bf996092-8d66-408a-8d8e-5065ca3330c2,e9b596f2-48ee-419b-a199-da304b38c398,Lane_deFPVlURjq,Approver,role,536988463
ab70ba27-7b14-43fb-a36f-a7b0387068e9,1,37c0e1f2-4abc-11f0-8be0-0affc6aaae03,bf996092-8d66-408a-8d8e-5065ca3330c2,e9b596f2-48ee-419b-a199-da304b38c398,Lane_2pDNtDmj1r,Initiator,role,536988545
ab70ba27-7b14-43fb-a36f-a7b0387068e9,1,37c0e1f2-4abc-11f0-8be0-0affc6aaae03,bf996092-8d66-408a-8d8e-5065ca3330c2,e9b596f2-48ee-419b-a199-da304b38c398,Lane_PDrqd0vyxa,Reviewer,role,536988459
ab70ba27-7b14-43fb-a36f-a7b0387068e9,1,37c0e1f2-4abc-11f0-8be0-0affc6aaae03,bf996092-8d66-408a-8d8e-5065ca3330c2,e9b596f2-48ee-419b-a199-da304b38c398,Lane_u7R8G1LXBC,Approver,role,536988463
e3c11394-ea36-40e3-aa61-92ce5a47b7e0,5,99d05a5e-62fa-11f0-87b6-0e47164080f7,bf996092-8d66-408a-8d8e-5065ca3330c2,e9b596f2-48ee-419b-a199-da304b38c398,Lane_uWo1eHA7pj,Initiator,role,536988545
e3c11394-ea36-40e3-aa61-92ce5a47b7e0,5,99d05a5e-62fa-11f0-87b6-0e47164080f7,bf996092-8d66-408a-8d8e-5065ca3330c2,e9b596f2-48ee-419b-a199-da304b38c398,Lane_0E8OIXvJJf,Reviewer,role,536988459
e3c11394-ea36-40e3-aa61-92ce5a47b7e0,5,99d05a5e-62fa-11f0-87b6-0e47164080f7,bf996092-8d66-408a-8d8e-5065ca3330c2,e9b596f2-48ee-419b-a199-da304b38c398,Lane_deFPVlURjq,Approver,role,536988463
e5b72d34-8c1a-4366-9f4e-224be4bab3a6,2,,bf996092-8d66-408a-8d8e-5065ca3330c2,e9b596f2-48ee-419b-a199-da304b38c398,Lane_uWo1eHA7pj,Initiator,role,536988545
e5b72d34-8c1a-4366-9f4e-224be4bab3a6,2,,bf996092-8d66-408a-8d8e-5065ca3330c2,e9b596f2-48ee-419b-a199-da304b38c398,Lane_0E8OIXvJJf,Reviewer,role,536988459
e5b72d34-8c1a-4366-9f4e-224be4bab3a6,2,,bf996092-8d66-408a-8d8e-5065ca3330c2,e9b596f2-48ee-419b-a199-da304b38c398,Lane_deFPVlURjq,Approver,role,536988463
cc1b7e79-ef90-443e-a68c-c2fad4e77eb4,7,7877bc49-6466-11f0-87b6-0e47164080f7,bf996092-8d66-408a-8d8e-5065ca3330c2,e9b596f2-48ee-419b-a199-da304b38c398,Lane_uWo1eHA7pj,Initiator,role,536988545
cc1b7e79-ef90-443e-a68c-c2fad4e77eb4,7,7877bc49-6466-11f0-87b6-0e47164080f7,bf996092-8d66-408a-8d8e-5065ca3330c2,e9b596f2-48ee-419b-a199-da304b38c398,Lane_0E8OIXvJJf,Reviewer,role,536988459
cc1b7e79-ef90-443e-a68c-c2fad4e77eb4,7,7877bc49-6466-11f0-87b6-0e47164080f7,bf996092-8d66-408a-8d8e-5065ca3330c2,e9b596f2-48ee-419b-a199-da304b38c398,Lane_deFPVlURjq,Approver,role,536988463
9eb7ef28-7f1b-4ea2-ae6f-2d3dd6fa7172,6,e136889c-6464-11f0-994a-0eab63e03b0b,bf996092-8d66-408a-8d8e-5065ca3330c2,e9b596f2-48ee-419b-a199-da304b38c398,Lane_JSmruTxwjL,Initiator,role,536988548
9eb7ef28-7f1b-4ea2-ae6f-2d3dd6fa7172,6,e136889c-6464-11f0-994a-0eab63e03b0b,bf996092-8d66-408a-8d8e-5065ca3330c2,e9b596f2-48ee-419b-a199-da304b38c398,Lane_5cpIjFwG5Q,Reviewer 1,role,536988458
9eb7ef28-7f1b-4ea2-ae6f-2d3dd6fa7172,6,e136889c-6464-11f0-994a-0eab63e03b0b,bf996092-8d66-408a-8d8e-5065ca3330c2,e9b596f2-48ee-419b-a199-da304b38c398,Lane_5cpIjFwG5Q,Reviewer 1,role,536988460
9eb7ef28-7f1b-4ea2-ae6f-2d3dd6fa7172,6,e136889c-6464-11f0-994a-0eab63e03b0b,bf996092-8d66-408a-8d8e-5065ca3330c2,e9b596f2-48ee-419b-a199-da304b38c398,Lane_5cpIjFwG5Q,Reviewer 1,role,536988474
9eb7ef28-7f1b-4ea2-ae6f-2d3dd6fa7172,6,e136889c-6464-11f0-994a-0eab63e03b0b,bf996092-8d66-408a-8d8e-5065ca3330c2,e9b596f2-48ee-419b-a199-da304b38c398,Lane_QPOIkmqA4t,Reviewer 2,role,536988545
9eb7ef28-7f1b-4ea2-ae6f-2d3dd6fa7172,6,e136889c-6464-11f0-994a-0eab63e03b0b,bf996092-8d66-408a-8d8e-5065ca3330c2,e9b596f2-48ee-419b-a199-da304b38c398,Lane_QPOIkmqA4t,Reviewer 2,role,536988476
9eb7ef28-7f1b-4ea2-ae6f-2d3dd6fa7172,6,e136889c-6464-11f0-994a-0eab63e03b0b,bf996092-8d66-408a-8d8e-5065ca3330c2,e9b596f2-48ee-419b-a199-da304b38c398,Lane_Vn4hVPePqy,Approver,role,536988545
cfa0c205-4d3c-4fca-b10c-78558a171d6f,8,4b164eff-6480-11f0-a416-0edf6594598d,bf996092-8d66-408a-8d8e-5065ca3330c2,e9b596f2-48ee-419b-a199-da304b38c398,Lane_JSmruTxwjL,Initiator,role,536988548
cfa0c205-4d3c-4fca-b10c-78558a171d6f,8,4b164eff-6480-11f0-a416-0edf6594598d,bf996092-8d66-408a-8d8e-5065ca3330c2,e9b596f2-48ee-419b-a199-da304b38c398,Lane_5cpIjFwG5Q,Reviewer 1,role,536988458
cfa0c205-4d3c-4fca-b10c-78558a171d6f,8,4b164eff-6480-11f0-a416-0edf6594598d,bf996092-8d66-408a-8d8e-5065ca3330c2,e9b596f2-48ee-419b-a199-da304b38c398,Lane_5cpIjFwG5Q,Reviewer 1,role,536988460
cfa0c205-4d3c-4fca-b10c-78558a171d6f,8,4b164eff-6480-11f0-a416-0edf6594598d,bf996092-8d66-408a-8d8e-5065ca3330c2,e9b596f2-48ee-419b-a199-da304b38c398,Lane_5cpIjFwG5Q,Reviewer 1,role,536988474
cfa0c205-4d3c-4fca-b10c-78558a171d6f,8,4b164eff-6480-11f0-a416-0edf6594598d,bf996092-8d66-408a-8d8e-5065ca3330c2,e9b596f2-48ee-419b-a199-da304b38c398,Lane_QPOIkmqA4t,Reviewer 2,role,536988545
cfa0c205-4d3c-4fca-b10c-78558a171d6f,8,4b164eff-6480-11f0-a416-0edf6594598d,bf996092-8d66-408a-8d8e-5065ca3330c2,e9b596f2-48ee-419b-a199-da304b38c398,Lane_QPOIkmqA4t,Reviewer 2,role,536988476
cfa0c205-4d3c-4fca-b10c-78558a171d6f,8,4b164eff-6480-11f0-a416-0edf6594598d,bf996092-8d66-408a-8d8e-5065ca3330c2,e9b596f2-48ee-419b-a199-da304b38c398,Lane_Vn4hVPePqy,Approver,role,536988545
3bb7a928-8718-4ce4-a91a-304c50bac473,48,fc83665b-5ed5-11f0-aa18-0affcce8a0f5,bf996092-8d66-408a-8d8e-5065ca3330c2,f679f4cf-c089-4a2b-9b84-b14129630601,Lane_GmXHGGAC99,Initiator,role,523378631
3bb7a928-8718-4ce4-a91a-304c50bac473,48,fc83665b-5ed5-11f0-aa18-0affcce8a0f5,bf996092-8d66-408a-8d8e-5065ca3330c2,f679f4cf-c089-4a2b-9b84-b14129630601,Lane_SNug08gjLf,Approver,role,501989727
bbfeb9e4-3938-47b8-bd21-eacc617a811e,61,1269faf9-66be-11f0-8e1b-0286e50d6c73,bf996092-8d66-408a-8d8e-5065ca3330c2,f679f4cf-c089-4a2b-9b84-b14129630601,Lane_GmXHGGAC99,Initiator,role,523378631
bbfeb9e4-3938-47b8-bd21-eacc617a811e,61,1269faf9-66be-11f0-8e1b-0286e50d6c73,bf996092-8d66-408a-8d8e-5065ca3330c2,f679f4cf-c089-4a2b-9b84-b14129630601,Lane_SNug08gjLf,Approver,role,501989727
fe6d47a7-c2db-4cbb-8c5d-004ccab6ebe7,49,e4364903-606d-11f0-b07f-0e777e0eb1e3,bf996092-8d66-408a-8d8e-5065ca3330c2,f679f4cf-c089-4a2b-9b84-b14129630601,Lane_GmXHGGAC99,Initiator,role,523378631
fe6d47a7-c2db-4cbb-8c5d-004ccab6ebe7,49,e4364903-606d-11f0-b07f-0e777e0eb1e3,bf996092-8d66-408a-8d8e-5065ca3330c2,f679f4cf-c089-4a2b-9b84-b14129630601,Lane_SNug08gjLf,Approver,role,501989727
fa7105ac-a9d4-4c60-ab59-949ab688858e,50,cd6c212b-606e-11f0-9e15-0afff499248b,bf996092-8d66-408a-8d8e-5065ca3330c2,f679f4cf-c089-4a2b-9b84-b14129630601,Lane_GmXHGGAC99,Initiator,role,523378631
fa7105ac-a9d4-4c60-ab59-949ab688858e,50,cd6c212b-606e-11f0-9e15-0afff499248b,bf996092-8d66-408a-8d8e-5065ca3330c2,f679f4cf-c089-4a2b-9b84-b14129630601,Lane_SNug08gjLf,Approver,role,501989727
5fe39c24-7d9d-4883-9fb1-8346d25ee0c9,6,7d7e060f-5244-11f0-9a68-0e458c92dd85,bf996092-8d66-408a-8d8e-5065ca3330c2,f679f4cf-c089-4a2b-9b84-b14129630601,Lane_GmXHGGAC99,Initiator,role,523378631
5fe39c24-7d9d-4883-9fb1-8346d25ee0c9,6,7d7e060f-5244-11f0-9a68-0e458c92dd85,bf996092-8d66-408a-8d8e-5065ca3330c2,f679f4cf-c089-4a2b-9b84-b14129630601,Lane_SNug08gjLf,Approver,role,501989727
c29a7cd1-1c02-4747-b67e-e611c2b2b285,4,4fc83cb0-5025-11f0-9f3f-0edc615c5be7,bf996092-8d66-408a-8d8e-5065ca3330c2,f679f4cf-c089-4a2b-9b84-b14129630601,Lane_KyI99RNyI7,Initiator,role,501989815
c29a7cd1-1c02-4747-b67e-e611c2b2b285,4,4fc83cb0-5025-11f0-9f3f-0edc615c5be7,bf996092-8d66-408a-8d8e-5065ca3330c2,f679f4cf-c089-4a2b-9b84-b14129630601,Lane_3qOjDnWoiV,Reviewer 1,role,501989807
c29a7cd1-1c02-4747-b67e-e611c2b2b285,4,4fc83cb0-5025-11f0-9f3f-0edc615c5be7,bf996092-8d66-408a-8d8e-5065ca3330c2,f679f4cf-c089-4a2b-9b84-b14129630601,Lane_3qOjDnWoiV,Reviewer 1,role,501989722
c29a7cd1-1c02-4747-b67e-e611c2b2b285,4,4fc83cb0-5025-11f0-9f3f-0edc615c5be7,bf996092-8d66-408a-8d8e-5065ca3330c2,f679f4cf-c089-4a2b-9b84-b14129630601,Lane_3qOjDnWoiV,Reviewer 1,role,501989723
c29a7cd1-1c02-4747-b67e-e611c2b2b285,4,4fc83cb0-5025-11f0-9f3f-0edc615c5be7,bf996092-8d66-408a-8d8e-5065ca3330c2,f679f4cf-c089-4a2b-9b84-b14129630601,Lane_trgYPpBM7M,Reviewer 2,role,501989725
c29a7cd1-1c02-4747-b67e-e611c2b2b285,4,4fc83cb0-5025-11f0-9f3f-0edc615c5be7,bf996092-8d66-408a-8d8e-5065ca3330c2,f679f4cf-c089-4a2b-9b84-b14129630601,Lane_trgYPpBM7M,Reviewer 2,role,501989730
c29a7cd1-1c02-4747-b67e-e611c2b2b285,4,4fc83cb0-5025-11f0-9f3f-0edc615c5be7,bf996092-8d66-408a-8d8e-5065ca3330c2,f679f4cf-c089-4a2b-9b84-b14129630601,Lane_l2NjU6hIAp,Reviewer 3,role,501989725
c29a7cd1-1c02-4747-b67e-e611c2b2b285,4,4fc83cb0-5025-11f0-9f3f-0edc615c5be7,bf996092-8d66-408a-8d8e-5065ca3330c2,f679f4cf-c089-4a2b-9b84-b14129630601,Lane_l2NjU6hIAp,Reviewer 3,role,501989730
c29a7cd1-1c02-4747-b67e-e611c2b2b285,4,4fc83cb0-5025-11f0-9f3f-0edc615c5be7,bf996092-8d66-408a-8d8e-5065ca3330c2,f679f4cf-c089-4a2b-9b84-b14129630601,Lane_l2NjU6hIAp,Reviewer 3,role,501989721
c29a7cd1-1c02-4747-b67e-e611c2b2b285,4,4fc83cb0-5025-11f0-9f3f-0edc615c5be7,bf996092-8d66-408a-8d8e-5065ca3330c2,f679f4cf-c089-4a2b-9b84-b14129630601,Lane_l2NjU6hIAp,Reviewer 3,role,501989716
c29a7cd1-1c02-4747-b67e-e611c2b2b285,4,4fc83cb0-5025-11f0-9f3f-0edc615c5be7,bf996092-8d66-408a-8d8e-5065ca3330c2,f679f4cf-c089-4a2b-9b84-b14129630601,Lane_l2NjU6hIAp,Reviewer 3,role,501989731
c29a7cd1-1c02-4747-b67e-e611c2b2b285,4,4fc83cb0-5025-11f0-9f3f-0edc615c5be7,bf996092-8d66-408a-8d8e-5065ca3330c2,f679f4cf-c089-4a2b-9b84-b14129630601,Lane_l2NjU6hIAp,Reviewer 3,role,501989812
c29a7cd1-1c02-4747-b67e-e611c2b2b285,4,4fc83cb0-5025-11f0-9f3f-0edc615c5be7,bf996092-8d66-408a-8d8e-5065ca3330c2,f679f4cf-c089-4a2b-9b84-b14129630601,Lane_l2NjU6hIAp,Reviewer 3,role,501989733
c29a7cd1-1c02-4747-b67e-e611c2b2b285,4,4fc83cb0-5025-11f0-9f3f-0edc615c5be7,bf996092-8d66-408a-8d8e-5065ca3330c2,f679f4cf-c089-4a2b-9b84-b14129630601,Lane_l2NjU6hIAp,Reviewer 3,role,501989720
c29a7cd1-1c02-4747-b67e-e611c2b2b285,4,4fc83cb0-5025-11f0-9f3f-0edc615c5be7,bf996092-8d66-408a-8d8e-5065ca3330c2,f679f4cf-c089-4a2b-9b84-b14129630601,Lane_l2NjU6hIAp,Reviewer 3,role,501989829
c29a7cd1-1c02-4747-b67e-e611c2b2b285,4,4fc83cb0-5025-11f0-9f3f-0edc615c5be7,bf996092-8d66-408a-8d8e-5065ca3330c2,f679f4cf-c089-4a2b-9b84-b14129630601,Lane_klMlbXdSE4,Approver,role,501989718
3d316763-1b09-4256-b815-ac86025538f1,3,db03c518-5023-11f0-a250-0e4e4f80cd6b,bf996092-8d66-408a-8d8e-5065ca3330c2,f679f4cf-c089-4a2b-9b84-b14129630601,Lane_KyI99RNyI7,Initiator,role,501989815
3d316763-1b09-4256-b815-ac86025538f1,3,db03c518-5023-11f0-a250-0e4e4f80cd6b,bf996092-8d66-408a-8d8e-5065ca3330c2,f679f4cf-c089-4a2b-9b84-b14129630601,Lane_3qOjDnWoiV,Reviewer 1,role,501989807
3d316763-1b09-4256-b815-ac86025538f1,3,db03c518-5023-11f0-a250-0e4e4f80cd6b,bf996092-8d66-408a-8d8e-5065ca3330c2,f679f4cf-c089-4a2b-9b84-b14129630601,Lane_3qOjDnWoiV,Reviewer 1,role,501989722
3d316763-1b09-4256-b815-ac86025538f1,3,db03c518-5023-11f0-a250-0e4e4f80cd6b,bf996092-8d66-408a-8d8e-5065ca3330c2,f679f4cf-c089-4a2b-9b84-b14129630601,Lane_3qOjDnWoiV,Reviewer 1,role,501989723
3d316763-1b09-4256-b815-ac86025538f1,3,db03c518-5023-11f0-a250-0e4e4f80cd6b,bf996092-8d66-408a-8d8e-5065ca3330c2,f679f4cf-c089-4a2b-9b84-b14129630601,Lane_trgYPpBM7M,Reviewer 2,role,501989725
3d316763-1b09-4256-b815-ac86025538f1,3,db03c518-5023-11f0-a250-0e4e4f80cd6b,bf996092-8d66-408a-8d8e-5065ca3330c2,f679f4cf-c089-4a2b-9b84-b14129630601,Lane_trgYPpBM7M,Reviewer 2,role,501989730
3d316763-1b09-4256-b815-ac86025538f1,3,db03c518-5023-11f0-a250-0e4e4f80cd6b,bf996092-8d66-408a-8d8e-5065ca3330c2,f679f4cf-c089-4a2b-9b84-b14129630601,Lane_l2NjU6hIAp,Reviewer 3,role,501989725
3d316763-1b09-4256-b815-ac86025538f1,3,db03c518-5023-11f0-a250-0e4e4f80cd6b,bf996092-8d66-408a-8d8e-5065ca3330c2,f679f4cf-c089-4a2b-9b84-b14129630601,Lane_l2NjU6hIAp,Reviewer 3,role,501989730
3d316763-1b09-4256-b815-ac86025538f1,3,db03c518-5023-11f0-a250-0e4e4f80cd6b,bf996092-8d66-408a-8d8e-5065ca3330c2,f679f4cf-c089-4a2b-9b84-b14129630601,Lane_l2NjU6hIAp,Reviewer 3,role,501989721
3d316763-1b09-4256-b815-ac86025538f1,3,db03c518-5023-11f0-a250-0e4e4f80cd6b,bf996092-8d66-408a-8d8e-5065ca3330c2,f679f4cf-c089-4a2b-9b84-b14129630601,Lane_l2NjU6hIAp,Reviewer 3,role,501989716
3d316763-1b09-4256-b815-ac86025538f1,3,db03c518-5023-11f0-a250-0e4e4f80cd6b,bf996092-8d66-408a-8d8e-5065ca3330c2,f679f4cf-c089-4a2b-9b84-b14129630601,Lane_l2NjU6hIAp,Reviewer 3,role,501989731
3d316763-1b09-4256-b815-ac86025538f1,3,db03c518-5023-11f0-a250-0e4e4f80cd6b,bf996092-8d66-408a-8d8e-5065ca3330c2,f679f4cf-c089-4a2b-9b84-b14129630601,Lane_l2NjU6hIAp,Reviewer 3,role,501989812
3d316763-1b09-4256-b815-ac86025538f1,3,db03c518-5023-11f0-a250-0e4e4f80cd6b,bf996092-8d66-408a-8d8e-5065ca3330c2,f679f4cf-c089-4a2b-9b84-b14129630601,Lane_l2NjU6hIAp,Reviewer 3,role,501989733
3d316763-1b09-4256-b815-ac86025538f1,3,db03c518-5023-11f0-a250-0e4e4f80cd6b,bf996092-8d66-408a-8d8e-5065ca3330c2,f679f4cf-c089-4a2b-9b84-b14129630601,Lane_l2NjU6hIAp,Reviewer 3,role,501989720
3d316763-1b09-4256-b815-ac86025538f1,3,db03c518-5023-11f0-a250-0e4e4f80cd6b,bf996092-8d66-408a-8d8e-5065ca3330c2,f679f4cf-c089-4a2b-9b84-b14129630601,Lane_l2NjU6hIAp,Reviewer 3,role,501989829
3d316763-1b09-4256-b815-ac86025538f1,3,db03c518-5023-11f0-a250-0e4e4f80cd6b,bf996092-8d66-408a-8d8e-5065ca3330c2,f679f4cf-c089-4a2b-9b84-b14129630601,Lane_klMlbXdSE4,Approver,role,501989718
48d2b787-5fc9-4199-aae0-b04532c8bb97,2,4851c82b-5020-11f0-99f5-0affe1c7605f,bf996092-8d66-408a-8d8e-5065ca3330c2,f679f4cf-c089-4a2b-9b84-b14129630601,Lane_KyI99RNyI7,Initiator,role,501989815
48d2b787-5fc9-4199-aae0-b04532c8bb97,2,4851c82b-5020-11f0-99f5-0affe1c7605f,bf996092-8d66-408a-8d8e-5065ca3330c2,f679f4cf-c089-4a2b-9b84-b14129630601,Lane_3qOjDnWoiV,Reviewer 1,role,501989807
48d2b787-5fc9-4199-aae0-b04532c8bb97,2,4851c82b-5020-11f0-99f5-0affe1c7605f,bf996092-8d66-408a-8d8e-5065ca3330c2,f679f4cf-c089-4a2b-9b84-b14129630601,Lane_3qOjDnWoiV,Reviewer 1,role,501989722
48d2b787-5fc9-4199-aae0-b04532c8bb97,2,4851c82b-5020-11f0-99f5-0affe1c7605f,bf996092-8d66-408a-8d8e-5065ca3330c2,f679f4cf-c089-4a2b-9b84-b14129630601,Lane_3qOjDnWoiV,Reviewer 1,role,501989723
48d2b787-5fc9-4199-aae0-b04532c8bb97,2,4851c82b-5020-11f0-99f5-0affe1c7605f,bf996092-8d66-408a-8d8e-5065ca3330c2,f679f4cf-c089-4a2b-9b84-b14129630601,Lane_trgYPpBM7M,Reviewer 2,role,501989725
48d2b787-5fc9-4199-aae0-b04532c8bb97,2,4851c82b-5020-11f0-99f5-0affe1c7605f,bf996092-8d66-408a-8d8e-5065ca3330c2,f679f4cf-c089-4a2b-9b84-b14129630601,Lane_trgYPpBM7M,Reviewer 2,role,501989730
48d2b787-5fc9-4199-aae0-b04532c8bb97,2,4851c82b-5020-11f0-99f5-0affe1c7605f,bf996092-8d66-408a-8d8e-5065ca3330c2,f679f4cf-c089-4a2b-9b84-b14129630601,Lane_l2NjU6hIAp,Reviewer 3,role,501989725
48d2b787-5fc9-4199-aae0-b04532c8bb97,2,4851c82b-5020-11f0-99f5-0affe1c7605f,bf996092-8d66-408a-8d8e-5065ca3330c2,f679f4cf-c089-4a2b-9b84-b14129630601,Lane_l2NjU6hIAp,Reviewer 3,role,501989730
48d2b787-5fc9-4199-aae0-b04532c8bb97,2,4851c82b-5020-11f0-99f5-0affe1c7605f,bf996092-8d66-408a-8d8e-5065ca3330c2,f679f4cf-c089-4a2b-9b84-b14129630601,Lane_l2NjU6hIAp,Reviewer 3,role,501989721
48d2b787-5fc9-4199-aae0-b04532c8bb97,2,4851c82b-5020-11f0-99f5-0affe1c7605f,bf996092-8d66-408a-8d8e-5065ca3330c2,f679f4cf-c089-4a2b-9b84-b14129630601,Lane_l2NjU6hIAp,Reviewer 3,role,501989716
48d2b787-5fc9-4199-aae0-b04532c8bb97,2,4851c82b-5020-11f0-99f5-0affe1c7605f,bf996092-8d66-408a-8d8e-5065ca3330c2,f679f4cf-c089-4a2b-9b84-b14129630601,Lane_l2NjU6hIAp,Reviewer 3,role,501989731
48d2b787-5fc9-4199-aae0-b04532c8bb97,2,4851c82b-5020-11f0-99f5-0affe1c7605f,bf996092-8d66-408a-8d8e-5065ca3330c2,f679f4cf-c089-4a2b-9b84-b14129630601,Lane_l2NjU6hIAp,Reviewer 3,role,501989812
48d2b787-5fc9-4199-aae0-b04532c8bb97,2,4851c82b-5020-11f0-99f5-0affe1c7605f,bf996092-8d66-408a-8d8e-5065ca3330c2,f679f4cf-c089-4a2b-9b84-b14129630601,Lane_l2NjU6hIAp,Reviewer 3,role,501989733
48d2b787-5fc9-4199-aae0-b04532c8bb97,2,4851c82b-5020-11f0-99f5-0affe1c7605f,bf996092-8d66-408a-8d8e-5065ca3330c2,f679f4cf-c089-4a2b-9b84-b14129630601,Lane_l2NjU6hIAp,Reviewer 3,role,501989720
48d2b787-5fc9-4199-aae0-b04532c8bb97,2,4851c82b-5020-11f0-99f5-0affe1c7605f,bf996092-8d66-408a-8d8e-5065ca3330c2,f679f4cf-c089-4a2b-9b84-b14129630601,Lane_l2NjU6hIAp,Reviewer 3,role,501989829
48d2b787-5fc9-4199-aae0-b04532c8bb97,2,4851c82b-5020-11f0-99f5-0affe1c7605f,bf996092-8d66-408a-8d8e-5065ca3330c2,f679f4cf-c089-4a2b-9b84-b14129630601,Lane_klMlbXdSE4,Approver,role,501989718
b9e3e65e-bdc2-4b0a-8e18-d5b941853811,27,ee214840-58a2-11f0-b07f-0e777e0eb1e3,bf996092-8d66-408a-8d8e-5065ca3330c2,f679f4cf-c089-4a2b-9b84-b14129630601,Lane_GmXHGGAC99,Initiator,role,523378631
b9e3e65e-bdc2-4b0a-8e18-d5b941853811,27,ee214840-58a2-11f0-b07f-0e777e0eb1e3,bf996092-8d66-408a-8d8e-5065ca3330c2,f679f4cf-c089-4a2b-9b84-b14129630601,Lane_SNug08gjLf,Approver,role,501989727
c1b68c29-3a05-466c-a567-a5cc07e146b5,26,db7a5950-58a2-11f0-9e15-0afff499248b,bf996092-8d66-408a-8d8e-5065ca3330c2,f679f4cf-c089-4a2b-9b84-b14129630601,Lane_GmXHGGAC99,Initiator,role,523378631
c1b68c29-3a05-466c-a567-a5cc07e146b5,26,db7a5950-58a2-11f0-9e15-0afff499248b,bf996092-8d66-408a-8d8e-5065ca3330c2,f679f4cf-c089-4a2b-9b84-b14129630601,Lane_SNug08gjLf,Approver,role,501989727
ba0b9fe4-9767-4d25-9cbd-4f124996f8a7,25,bcf7fc0f-58a2-11f0-b651-02316e585bff,bf996092-8d66-408a-8d8e-5065ca3330c2,f679f4cf-c089-4a2b-9b84-b14129630601,Lane_GmXHGGAC99,Initiator,role,523378631
ba0b9fe4-9767-4d25-9cbd-4f124996f8a7,25,bcf7fc0f-58a2-11f0-b651-02316e585bff,bf996092-8d66-408a-8d8e-5065ca3330c2,f679f4cf-c089-4a2b-9b84-b14129630601,Lane_SNug08gjLf,Approver,role,501989727
e7934418-35ad-4d13-b79f-b140c8a41ce2,93,926b5869-7c03-11f0-8e65-0afff7224aab,bf996092-8d66-408a-8d8e-5065ca3330c2,f679f4cf-c089-4a2b-9b84-b14129630601,Lane_GmXHGGAC99,Initiator,role,523378631
e7934418-35ad-4d13-b79f-b140c8a41ce2,93,926b5869-7c03-11f0-8e65-0afff7224aab,bf996092-8d66-408a-8d8e-5065ca3330c2,f679f4cf-c089-4a2b-9b84-b14129630601,Lane_SNug08gjLf,Approver,role,501989727
b78a2ccd-25d6-470e-b82a-5b5a4302f169,94,b178ded8-7c03-11f0-9661-0afff06a47b1,bf996092-8d66-408a-8d8e-5065ca3330c2,f679f4cf-c089-4a2b-9b84-b14129630601,Lane_GmXHGGAC99,Initiator,role,523378631
b78a2ccd-25d6-470e-b82a-5b5a4302f169,94,b178ded8-7c03-11f0-9661-0afff06a47b1,bf996092-8d66-408a-8d8e-5065ca3330c2,f679f4cf-c089-4a2b-9b84-b14129630601,Lane_SNug08gjLf,Approver,role,501989727
cb126ac4-7bb1-4f1e-9e0d-137a6ea8750f,95,dc5eedb2-7c03-11f0-946f-0215d9ab6dad,bf996092-8d66-408a-8d8e-5065ca3330c2,f679f4cf-c089-4a2b-9b84-b14129630601,Lane_GmXHGGAC99,Initiator,role,523378631
cb126ac4-7bb1-4f1e-9e0d-137a6ea8750f,95,dc5eedb2-7c03-11f0-946f-0215d9ab6dad,bf996092-8d66-408a-8d8e-5065ca3330c2,f679f4cf-c089-4a2b-9b84-b14129630601,Lane_SNug08gjLf,Approver,role,501989727
4a026c09-bd88-43a7-bbed-6d898ecd7362,96,7f533cb9-7c04-11f0-9b63-0edefbbefc43,bf996092-8d66-408a-8d8e-5065ca3330c2,f679f4cf-c089-4a2b-9b84-b14129630601,Lane_GmXHGGAC99,Initiator,role,523378631
4a026c09-bd88-43a7-bbed-6d898ecd7362,96,7f533cb9-7c04-11f0-9b63-0edefbbefc43,bf996092-8d66-408a-8d8e-5065ca3330c2,f679f4cf-c089-4a2b-9b84-b14129630601,Lane_SNug08gjLf,Approver,role,501989727
574d6dc8-3194-4695-bff2-b743a34e9123,103,fb238295-7e7f-11f0-8e03-023b6ba72275,bf996092-8d66-408a-8d8e-5065ca3330c2,f679f4cf-c089-4a2b-9b84-b14129630601,Lane_2FXtDM2Zbb,Initiator,role,501989778
574d6dc8-3194-4695-bff2-b743a34e9123,103,fb238295-7e7f-11f0-8e03-023b6ba72275,bf996092-8d66-408a-8d8e-5065ca3330c2,f679f4cf-c089-4a2b-9b84-b14129630601,Lane_5a1s10mxQR,Reviewer 1,role,501989807
574d6dc8-3194-4695-bff2-b743a34e9123,103,fb238295-7e7f-11f0-8e03-023b6ba72275,bf996092-8d66-408a-8d8e-5065ca3330c2,f679f4cf-c089-4a2b-9b84-b14129630601,Lane_sJfDVw5gUD,Reviewer 2,role,501989812
574d6dc8-3194-4695-bff2-b743a34e9123,103,fb238295-7e7f-11f0-8e03-023b6ba72275,bf996092-8d66-408a-8d8e-5065ca3330c2,f679f4cf-c089-4a2b-9b84-b14129630601,Lane_sJfDVw5gUD,Reviewer 2,role,501989829
574d6dc8-3194-4695-bff2-b743a34e9123,103,fb238295-7e7f-11f0-8e03-023b6ba72275,bf996092-8d66-408a-8d8e-5065ca3330c2,f679f4cf-c089-4a2b-9b84-b14129630601,Lane_sJfDVw5gUD,Reviewer 2,role,501989723
574d6dc8-3194-4695-bff2-b743a34e9123,103,fb238295-7e7f-11f0-8e03-023b6ba72275,bf996092-8d66-408a-8d8e-5065ca3330c2,f679f4cf-c089-4a2b-9b84-b14129630601,Lane_mnsDNGwgRQ,Approver,role,501989718
81a61e5c-689a-48c9-8a5a-2b77aec5c55a,9,,bf996092-8d66-408a-8d8e-5065ca3330c2,f679f4cf-c089-4a2b-9b84-b14129630601,Lane_6zfPNzQ27m,Initiator,role,501989815
81a61e5c-689a-48c9-8a5a-2b77aec5c55a,9,,bf996092-8d66-408a-8d8e-5065ca3330c2,f679f4cf-c089-4a2b-9b84-b14129630601,Lane_TrJLANiUuA,Reviewer 1,role,501989722
81a61e5c-689a-48c9-8a5a-2b77aec5c55a,9,,bf996092-8d66-408a-8d8e-5065ca3330c2,f679f4cf-c089-4a2b-9b84-b14129630601,Lane_rgMKtUBvGT,Reviewer 2,role,501989725
81a61e5c-689a-48c9-8a5a-2b77aec5c55a,9,,bf996092-8d66-408a-8d8e-5065ca3330c2,f679f4cf-c089-4a2b-9b84-b14129630601,Lane_Na3RZJ2Wva,Approver,role,501989730
ab6cc473-b3aa-40c5-83de-5577d84b7b00,71,8a35e8ef-6dcc-11f0-9661-0afff06a47b1,bf996092-8d66-408a-8d8e-5065ca3330c2,f679f4cf-c089-4a2b-9b84-b14129630601,Lane_GmXHGGAC99,Initiator,role,523378631
ab6cc473-b3aa-40c5-83de-5577d84b7b00,71,8a35e8ef-6dcc-11f0-9661-0afff06a47b1,bf996092-8d66-408a-8d8e-5065ca3330c2,f679f4cf-c089-4a2b-9b84-b14129630601,Lane_SNug08gjLf,Approver,role,501989727
fe4d0d0c-c4bc-4d29-b442-edaa843b0f33,72,fedd7ecf-6dcc-11f0-ba69-0affe15d0ad3,bf996092-8d66-408a-8d8e-5065ca3330c2,f679f4cf-c089-4a2b-9b84-b14129630601,Lane_GmXHGGAC99,Initiator,role,523378631
fe4d0d0c-c4bc-4d29-b442-edaa843b0f33,72,fedd7ecf-6dcc-11f0-ba69-0affe15d0ad3,bf996092-8d66-408a-8d8e-5065ca3330c2,f679f4cf-c089-4a2b-9b84-b14129630601,Lane_SNug08gjLf,Approver,role,501989727
859204f4-ad77-448f-8157-55d513957e07,29,1fcc245e-5960-11f0-b651-02316e585bff,bf996092-8d66-408a-8d8e-5065ca3330c2,f679f4cf-c089-4a2b-9b84-b14129630601,Lane_GmXHGGAC99,Initiator,role,523378631
859204f4-ad77-448f-8157-55d513957e07,29,1fcc245e-5960-11f0-b651-02316e585bff,bf996092-8d66-408a-8d8e-5065ca3330c2,f679f4cf-c089-4a2b-9b84-b14129630601,Lane_SNug08gjLf,Approver,role,501989727
0569a466-460e-4e86-97ea-ff290c2c2ff8,83,38ea69e9-7444-11f0-8e03-023b6ba72275,bf996092-8d66-408a-8d8e-5065ca3330c2,f679f4cf-c089-4a2b-9b84-b14129630601,Lane_GmXHGGAC99,Initiator,role,523378631
0569a466-460e-4e86-97ea-ff290c2c2ff8,83,38ea69e9-7444-11f0-8e03-023b6ba72275,bf996092-8d66-408a-8d8e-5065ca3330c2,f679f4cf-c089-4a2b-9b84-b14129630601,Lane_SNug08gjLf,Approver,role,501989727
42b1cefe-d352-4b04-a3e3-321dae8b6630,75,,bf996092-8d66-408a-8d8e-5065ca3330c2,f679f4cf-c089-4a2b-9b84-b14129630601,Lane_jx0nBNtdWE,Initiator,role,501989815
42b1cefe-d352-4b04-a3e3-321dae8b6630,75,,bf996092-8d66-408a-8d8e-5065ca3330c2,f679f4cf-c089-4a2b-9b84-b14129630601,Lane_EguoyjH3Vc,Reviewer 1,role,501989807
42b1cefe-d352-4b04-a3e3-321dae8b6630,75,,bf996092-8d66-408a-8d8e-5065ca3330c2,f679f4cf-c089-4a2b-9b84-b14129630601,Lane_EguoyjH3Vc,Reviewer 1,role,501989722
42b1cefe-d352-4b04-a3e3-321dae8b6630,75,,bf996092-8d66-408a-8d8e-5065ca3330c2,f679f4cf-c089-4a2b-9b84-b14129630601,Lane_EguoyjH3Vc,Reviewer 1,role,501989723
42b1cefe-d352-4b04-a3e3-321dae8b6630,75,,bf996092-8d66-408a-8d8e-5065ca3330c2,f679f4cf-c089-4a2b-9b84-b14129630601,Lane_zsglHaSx70,Reviewer 2,role,501989780
42b1cefe-d352-4b04-a3e3-321dae8b6630,75,,bf996092-8d66-408a-8d8e-5065ca3330c2,f679f4cf-c089-4a2b-9b84-b14129630601,Lane_zsglHaSx70,Reviewer 2,role,501989782
42b1cefe-d352-4b04-a3e3-321dae8b6630,75,,bf996092-8d66-408a-8d8e-5065ca3330c2,f679f4cf-c089-4a2b-9b84-b14129630601,Lane_zsglHaSx70,Reviewer 2,role,501989778
42b1cefe-d352-4b04-a3e3-321dae8b6630,75,,bf996092-8d66-408a-8d8e-5065ca3330c2,f679f4cf-c089-4a2b-9b84-b14129630601,Lane_T7P8T9PPL7,Reviewer 3,role,501989725
42b1cefe-d352-4b04-a3e3-321dae8b6630,75,,bf996092-8d66-408a-8d8e-5065ca3330c2,f679f4cf-c089-4a2b-9b84-b14129630601,Lane_T7P8T9PPL7,Reviewer 3,role,501989730
42b1cefe-d352-4b04-a3e3-321dae8b6630,75,,bf996092-8d66-408a-8d8e-5065ca3330c2,f679f4cf-c089-4a2b-9b84-b14129630601,Lane_T7P8T9PPL7,Reviewer 3,role,501989716
42b1cefe-d352-4b04-a3e3-321dae8b6630,75,,bf996092-8d66-408a-8d8e-5065ca3330c2,f679f4cf-c089-4a2b-9b84-b14129630601,Lane_T7P8T9PPL7,Reviewer 3,role,501989731
42b1cefe-d352-4b04-a3e3-321dae8b6630,75,,bf996092-8d66-408a-8d8e-5065ca3330c2,f679f4cf-c089-4a2b-9b84-b14129630601,Lane_T7P8T9PPL7,Reviewer 3,role,501989812
42b1cefe-d352-4b04-a3e3-321dae8b6630,75,,bf996092-8d66-408a-8d8e-5065ca3330c2,f679f4cf-c089-4a2b-9b84-b14129630601,Lane_T7P8T9PPL7,Reviewer 3,role,501989733
42b1cefe-d352-4b04-a3e3-321dae8b6630,75,,bf996092-8d66-408a-8d8e-5065ca3330c2,f679f4cf-c089-4a2b-9b84-b14129630601,Lane_T7P8T9PPL7,Reviewer 3,role,501989720
42b1cefe-d352-4b04-a3e3-321dae8b6630,75,,bf996092-8d66-408a-8d8e-5065ca3330c2,f679f4cf-c089-4a2b-9b84-b14129630601,Lane_T7P8T9PPL7,Reviewer 3,role,501989829
42b1cefe-d352-4b04-a3e3-321dae8b6630,75,,bf996092-8d66-408a-8d8e-5065ca3330c2,f679f4cf-c089-4a2b-9b84-b14129630601,Lane_wwNWDKqFHR,Approver,role,501989718
7d494274-f38a-45eb-9a67-8682f23b4fbf,11,,bf996092-8d66-408a-8d8e-5065ca3330c2,f679f4cf-c089-4a2b-9b84-b14129630601,Lane_jx0nBNtdWE,Initiator,role,501989815
7d494274-f38a-45eb-9a67-8682f23b4fbf,11,,bf996092-8d66-408a-8d8e-5065ca3330c2,f679f4cf-c089-4a2b-9b84-b14129630601,Lane_EguoyjH3Vc,Reviewer 1,role,501989807
7d494274-f38a-45eb-9a67-8682f23b4fbf,11,,bf996092-8d66-408a-8d8e-5065ca3330c2,f679f4cf-c089-4a2b-9b84-b14129630601,Lane_EguoyjH3Vc,Reviewer 1,role,501989722
7d494274-f38a-45eb-9a67-8682f23b4fbf,11,,bf996092-8d66-408a-8d8e-5065ca3330c2,f679f4cf-c089-4a2b-9b84-b14129630601,Lane_EguoyjH3Vc,Reviewer 1,role,501989723
7d494274-f38a-45eb-9a67-8682f23b4fbf,11,,bf996092-8d66-408a-8d8e-5065ca3330c2,f679f4cf-c089-4a2b-9b84-b14129630601,Lane_zsglHaSx70,Reviewer 2,role,501989780
7d494274-f38a-45eb-9a67-8682f23b4fbf,11,,bf996092-8d66-408a-8d8e-5065ca3330c2,f679f4cf-c089-4a2b-9b84-b14129630601,Lane_zsglHaSx70,Reviewer 2,role,501989782
7d494274-f38a-45eb-9a67-8682f23b4fbf,11,,bf996092-8d66-408a-8d8e-5065ca3330c2,f679f4cf-c089-4a2b-9b84-b14129630601,Lane_zsglHaSx70,Reviewer 2,role,501989778
7d494274-f38a-45eb-9a67-8682f23b4fbf,11,,bf996092-8d66-408a-8d8e-5065ca3330c2,f679f4cf-c089-4a2b-9b84-b14129630601,Lane_T7P8T9PPL7,Reviewer 3,role,501989725
7d494274-f38a-45eb-9a67-8682f23b4fbf,11,,bf996092-8d66-408a-8d8e-5065ca3330c2,f679f4cf-c089-4a2b-9b84-b14129630601,Lane_T7P8T9PPL7,Reviewer 3,role,501989730
7d494274-f38a-45eb-9a67-8682f23b4fbf,11,,bf996092-8d66-408a-8d8e-5065ca3330c2,f679f4cf-c089-4a2b-9b84-b14129630601,Lane_T7P8T9PPL7,Reviewer 3,role,501989716
7d494274-f38a-45eb-9a67-8682f23b4fbf,11,,bf996092-8d66-408a-8d8e-5065ca3330c2,f679f4cf-c089-4a2b-9b84-b14129630601,Lane_T7P8T9PPL7,Reviewer 3,role,501989731
7d494274-f38a-45eb-9a67-8682f23b4fbf,11,,bf996092-8d66-408a-8d8e-5065ca3330c2,f679f4cf-c089-4a2b-9b84-b14129630601,Lane_T7P8T9PPL7,Reviewer 3,role,501989812
7d494274-f38a-45eb-9a67-8682f23b4fbf,11,,bf996092-8d66-408a-8d8e-5065ca3330c2,f679f4cf-c089-4a2b-9b84-b14129630601,Lane_T7P8T9PPL7,Reviewer 3,role,501989733
7d494274-f38a-45eb-9a67-8682f23b4fbf,11,,bf996092-8d66-408a-8d8e-5065ca3330c2,f679f4cf-c089-4a2b-9b84-b14129630601,Lane_T7P8T9PPL7,Reviewer 3,role,501989720
7d494274-f38a-45eb-9a67-8682f23b4fbf,11,,bf996092-8d66-408a-8d8e-5065ca3330c2,f679f4cf-c089-4a2b-9b84-b14129630601,Lane_T7P8T9PPL7,Reviewer 3,role,501989829
7d494274-f38a-45eb-9a67-8682f23b4fbf,11,,bf996092-8d66-408a-8d8e-5065ca3330c2,f679f4cf-c089-4a2b-9b84-b14129630601,Lane_wwNWDKqFHR,Approver,role,501989718
ae35dbf4-ca8c-429a-9112-553e9c32aa4a,51,31cf0328-6130-11f0-994a-0eab63e03b0b,bf996092-8d66-408a-8d8e-5065ca3330c2,f679f4cf-c089-4a2b-9b84-b14129630601,Lane_GmXHGGAC99,Initiator,role,523378631
ae35dbf4-ca8c-429a-9112-553e9c32aa4a,51,31cf0328-6130-11f0-994a-0eab63e03b0b,bf996092-8d66-408a-8d8e-5065ca3330c2,f679f4cf-c089-4a2b-9b84-b14129630601,Lane_SNug08gjLf,Approver,role,501989727
1dfe7a9a-f7d3-4948-8f18-88da05be51de,104,d7f7040e-7f56-11f0-ba69-0affe15d0ad3,bf996092-8d66-408a-8d8e-5065ca3330c2,f679f4cf-c089-4a2b-9b84-b14129630601,Lane_qoY6EnugGU,Initiator,role,501989815
1dfe7a9a-f7d3-4948-8f18-88da05be51de,104,d7f7040e-7f56-11f0-ba69-0affe15d0ad3,bf996092-8d66-408a-8d8e-5065ca3330c2,f679f4cf-c089-4a2b-9b84-b14129630601,Lane_oeVNS6TfZN,Reviewer 1,role,501989807
1dfe7a9a-f7d3-4948-8f18-88da05be51de,104,d7f7040e-7f56-11f0-ba69-0affe15d0ad3,bf996092-8d66-408a-8d8e-5065ca3330c2,f679f4cf-c089-4a2b-9b84-b14129630601,Lane_oeVNS6TfZN,Reviewer 1,role,501989722
1dfe7a9a-f7d3-4948-8f18-88da05be51de,104,d7f7040e-7f56-11f0-ba69-0affe15d0ad3,bf996092-8d66-408a-8d8e-5065ca3330c2,f679f4cf-c089-4a2b-9b84-b14129630601,Lane_oeVNS6TfZN,Reviewer 1,role,501989723
1dfe7a9a-f7d3-4948-8f18-88da05be51de,104,d7f7040e-7f56-11f0-ba69-0affe15d0ad3,bf996092-8d66-408a-8d8e-5065ca3330c2,f679f4cf-c089-4a2b-9b84-b14129630601,Lane_KaiNmLFAwi,Reviewer 2,role,501989780
1dfe7a9a-f7d3-4948-8f18-88da05be51de,104,d7f7040e-7f56-11f0-ba69-0affe15d0ad3,bf996092-8d66-408a-8d8e-5065ca3330c2,f679f4cf-c089-4a2b-9b84-b14129630601,Lane_KaiNmLFAwi,Reviewer 2,role,501989782
1dfe7a9a-f7d3-4948-8f18-88da05be51de,104,d7f7040e-7f56-11f0-ba69-0affe15d0ad3,bf996092-8d66-408a-8d8e-5065ca3330c2,f679f4cf-c089-4a2b-9b84-b14129630601,Lane_KaiNmLFAwi,Reviewer 2,role,501989778
1dfe7a9a-f7d3-4948-8f18-88da05be51de,104,d7f7040e-7f56-11f0-ba69-0affe15d0ad3,bf996092-8d66-408a-8d8e-5065ca3330c2,f679f4cf-c089-4a2b-9b84-b14129630601,Lane_Ff7trAhgyy,Reviewer 3,role,501989725
1dfe7a9a-f7d3-4948-8f18-88da05be51de,104,d7f7040e-7f56-11f0-ba69-0affe15d0ad3,bf996092-8d66-408a-8d8e-5065ca3330c2,f679f4cf-c089-4a2b-9b84-b14129630601,Lane_Ff7trAhgyy,Reviewer 3,role,501989730
1dfe7a9a-f7d3-4948-8f18-88da05be51de,104,d7f7040e-7f56-11f0-ba69-0affe15d0ad3,bf996092-8d66-408a-8d8e-5065ca3330c2,f679f4cf-c089-4a2b-9b84-b14129630601,Lane_Ff7trAhgyy,Reviewer 3,role,501989731
1dfe7a9a-f7d3-4948-8f18-88da05be51de,104,d7f7040e-7f56-11f0-ba69-0affe15d0ad3,bf996092-8d66-408a-8d8e-5065ca3330c2,f679f4cf-c089-4a2b-9b84-b14129630601,Lane_Ff7trAhgyy,Reviewer 3,role,501989812
1dfe7a9a-f7d3-4948-8f18-88da05be51de,104,d7f7040e-7f56-11f0-ba69-0affe15d0ad3,bf996092-8d66-408a-8d8e-5065ca3330c2,f679f4cf-c089-4a2b-9b84-b14129630601,Lane_Ff7trAhgyy,Reviewer 3,role,501989733
1dfe7a9a-f7d3-4948-8f18-88da05be51de,104,d7f7040e-7f56-11f0-ba69-0affe15d0ad3,bf996092-8d66-408a-8d8e-5065ca3330c2,f679f4cf-c089-4a2b-9b84-b14129630601,Lane_Ff7trAhgyy,Reviewer 3,role,501989829
1dfe7a9a-f7d3-4948-8f18-88da05be51de,104,d7f7040e-7f56-11f0-ba69-0affe15d0ad3,bf996092-8d66-408a-8d8e-5065ca3330c2,f679f4cf-c089-4a2b-9b84-b14129630601,Lane_ZZGBJD8WRj,Approver,role,501989718
ccc12db1-de7e-43d7-a905-f58d49ab74eb,32,d2f376f0-5aef-11f0-b07f-0e777e0eb1e3,bf996092-8d66-408a-8d8e-5065ca3330c2,f679f4cf-c089-4a2b-9b84-b14129630601,Lane_GmXHGGAC99,Initiator,role,523378631
ccc12db1-de7e-43d7-a905-f58d49ab74eb,32,d2f376f0-5aef-11f0-b07f-0e777e0eb1e3,bf996092-8d66-408a-8d8e-5065ca3330c2,f679f4cf-c089-4a2b-9b84-b14129630601,Lane_SNug08gjLf,Approver,role,501989727
a056d7b8-046f-4795-94c8-0ff7f3855f1d,30,8df989bc-5aef-11f0-b07f-0e777e0eb1e3,bf996092-8d66-408a-8d8e-5065ca3330c2,f679f4cf-c089-4a2b-9b84-b14129630601,Lane_GmXHGGAC99,Initiator,role,523378631
a056d7b8-046f-4795-94c8-0ff7f3855f1d,30,8df989bc-5aef-11f0-b07f-0e777e0eb1e3,bf996092-8d66-408a-8d8e-5065ca3330c2,f679f4cf-c089-4a2b-9b84-b14129630601,Lane_SNug08gjLf,Approver,role,501989727
3e2c5128-7419-4638-b900-f160fc23f479,97,1d2ab14d-7cb4-11f0-ba69-0affe15d0ad3,bf996092-8d66-408a-8d8e-5065ca3330c2,f679f4cf-c089-4a2b-9b84-b14129630601,Lane_GmXHGGAC99,Initiator,role,523378631
3e2c5128-7419-4638-b900-f160fc23f479,97,1d2ab14d-7cb4-11f0-ba69-0affe15d0ad3,bf996092-8d66-408a-8d8e-5065ca3330c2,f679f4cf-c089-4a2b-9b84-b14129630601,Lane_SNug08gjLf,Approver,role,501989727
d1a1429f-9b93-4175-a541-9b7003b1382a,38,551a6154-5d7e-11f0-b651-02316e585bff,bf996092-8d66-408a-8d8e-5065ca3330c2,f679f4cf-c089-4a2b-9b84-b14129630601,Lane_RWUi6ELgtV,Initiator,role,501989815
d1a1429f-9b93-4175-a541-9b7003b1382a,38,551a6154-5d7e-11f0-b651-02316e585bff,bf996092-8d66-408a-8d8e-5065ca3330c2,f679f4cf-c089-4a2b-9b84-b14129630601,Lane_RWUi6ELgtV,Initiator,role,501989805
d1a1429f-9b93-4175-a541-9b7003b1382a,38,551a6154-5d7e-11f0-b651-02316e585bff,bf996092-8d66-408a-8d8e-5065ca3330c2,f679f4cf-c089-4a2b-9b84-b14129630601,Lane_rT7tOk7ZuX,Reviewer,role,501989736
d1a1429f-9b93-4175-a541-9b7003b1382a,38,551a6154-5d7e-11f0-b651-02316e585bff,bf996092-8d66-408a-8d8e-5065ca3330c2,f679f4cf-c089-4a2b-9b84-b14129630601,Lane_MbhO9oRpQJ,Approver,role,501989778
c99434e8-256d-468f-b8c0-c87d6a5da739,13,d020473e-53ce-11f0-88c4-0e1227553173,bf996092-8d66-408a-8d8e-5065ca3330c2,f679f4cf-c089-4a2b-9b84-b14129630601,Lane_GmXHGGAC99,Initiator,role,523378631
c99434e8-256d-468f-b8c0-c87d6a5da739,13,d020473e-53ce-11f0-88c4-0e1227553173,bf996092-8d66-408a-8d8e-5065ca3330c2,f679f4cf-c089-4a2b-9b84-b14129630601,Lane_SNug08gjLf,Approver,role,501989727
995bf73b-9837-4897-82ca-2f2f9d845b72,14,e2808ff9-53ce-11f0-bb6c-024cf0d6ba5b,bf996092-8d66-408a-8d8e-5065ca3330c2,f679f4cf-c089-4a2b-9b84-b14129630601,Lane_GmXHGGAC99,Initiator,role,523378631
995bf73b-9837-4897-82ca-2f2f9d845b72,14,e2808ff9-53ce-11f0-bb6c-024cf0d6ba5b,bf996092-8d66-408a-8d8e-5065ca3330c2,f679f4cf-c089-4a2b-9b84-b14129630601,Lane_SNug08gjLf,Approver,role,501989727
11d4e9b5-b3ee-40af-981b-71075fe22fe1,10,,bf996092-8d66-408a-8d8e-5065ca3330c2,f679f4cf-c089-4a2b-9b84-b14129630601,Lane_GmXHGGAC99,Initiator,role,523378631
11d4e9b5-b3ee-40af-981b-71075fe22fe1,10,,bf996092-8d66-408a-8d8e-5065ca3330c2,f679f4cf-c089-4a2b-9b84-b14129630601,Lane_SNug08gjLf,Approver,role,501989727
56edcb79-8b45-42dc-90a1-f2af49e0dec4,73,ec333b11-6e98-11f0-8e65-0afff7224aab,bf996092-8d66-408a-8d8e-5065ca3330c2,f679f4cf-c089-4a2b-9b84-b14129630601,Lane_GmXHGGAC99,Initiator,role,523378631
56edcb79-8b45-42dc-90a1-f2af49e0dec4,73,ec333b11-6e98-11f0-8e65-0afff7224aab,bf996092-8d66-408a-8d8e-5065ca3330c2,f679f4cf-c089-4a2b-9b84-b14129630601,Lane_SNug08gjLf,Approver,role,501989727
debc5406-440a-4506-9fbc-a8089e6b230b,111,a631fb5a-82ff-11f0-ba69-0affe15d0ad3,bf996092-8d66-408a-8d8e-5065ca3330c2,f679f4cf-c089-4a2b-9b84-b14129630601,Lane_GmXHGGAC99,Initiator,role,523378631
debc5406-440a-4506-9fbc-a8089e6b230b,111,a631fb5a-82ff-11f0-ba69-0affe15d0ad3,bf996092-8d66-408a-8d8e-5065ca3330c2,f679f4cf-c089-4a2b-9b84-b14129630601,Lane_SNug08gjLf,Approver,role,501989727
dea560e4-7392-4c6f-8106-1f4912b13a8e,112,2e5ab2bf-83cf-11f0-9b63-0edefbbefc43,bf996092-8d66-408a-8d8e-5065ca3330c2,f679f4cf-c089-4a2b-9b84-b14129630601,Lane_eveIC5hOl5,Initiator,role,523378631
dea560e4-7392-4c6f-8106-1f4912b13a8e,112,2e5ab2bf-83cf-11f0-9b63-0edefbbefc43,bf996092-8d66-408a-8d8e-5065ca3330c2,f679f4cf-c089-4a2b-9b84-b14129630601,Lane_BDnFNuLoiG,Approver,role,501989727
e554ca68-2035-4022-8f18-9df9467daf3d,62,ffcad842-677a-11f0-a416-0edf6594598d,bf996092-8d66-408a-8d8e-5065ca3330c2,f679f4cf-c089-4a2b-9b84-b14129630601,Lane_GmXHGGAC99,Initiator,role,523378631
e554ca68-2035-4022-8f18-9df9467daf3d,62,ffcad842-677a-11f0-a416-0edf6594598d,bf996092-8d66-408a-8d8e-5065ca3330c2,f679f4cf-c089-4a2b-9b84-b14129630601,Lane_SNug08gjLf,Approver,role,501989727
e9e6cc88-3cd4-4298-b3f2-36847e0a1b4c,63,e98c5bf2-6844-11f0-8e03-023b6ba72275,bf996092-8d66-408a-8d8e-5065ca3330c2,f679f4cf-c089-4a2b-9b84-b14129630601,Lane_GmXHGGAC99,Initiator,role,523378631
e9e6cc88-3cd4-4298-b3f2-36847e0a1b4c,63,e98c5bf2-6844-11f0-8e03-023b6ba72275,bf996092-8d66-408a-8d8e-5065ca3330c2,f679f4cf-c089-4a2b-9b84-b14129630601,Lane_SNug08gjLf,Approver,role,501989727
f47404c0-841d-4c0c-9b6c-13d7193434a5,17,71661631-556c-11f0-9793-0affd9364fab,bf996092-8d66-408a-8d8e-5065ca3330c2,f679f4cf-c089-4a2b-9b84-b14129630601,Lane_GmXHGGAC99,Initiator,role,523378631
f47404c0-841d-4c0c-9b6c-13d7193434a5,17,71661631-556c-11f0-9793-0affd9364fab,bf996092-8d66-408a-8d8e-5065ca3330c2,f679f4cf-c089-4a2b-9b84-b14129630601,Lane_SNug08gjLf,Approver,role,501989727
7905507f-2b54-4d3e-b1a3-5aad152d17ed,16,e6e42b82-556b-11f0-9793-0affd9364fab,bf996092-8d66-408a-8d8e-5065ca3330c2,f679f4cf-c089-4a2b-9b84-b14129630601,Lane_GmXHGGAC99,Initiator,role,523378631
7905507f-2b54-4d3e-b1a3-5aad152d17ed,16,e6e42b82-556b-11f0-9793-0affd9364fab,bf996092-8d66-408a-8d8e-5065ca3330c2,f679f4cf-c089-4a2b-9b84-b14129630601,Lane_SNug08gjLf,Approver,role,501989727
063b3d2f-6d7a-41a7-81b8-1d354cda5d15,15,ae4f71c8-53ea-11f0-88c4-0e1227553173,bf996092-8d66-408a-8d8e-5065ca3330c2,f679f4cf-c089-4a2b-9b84-b14129630601,Lane_GmXHGGAC99,Initiator,role,523378631
063b3d2f-6d7a-41a7-81b8-1d354cda5d15,15,ae4f71c8-53ea-11f0-88c4-0e1227553173,bf996092-8d66-408a-8d8e-5065ca3330c2,f679f4cf-c089-4a2b-9b84-b14129630601,Lane_SNug08gjLf,Approver,role,501989727
748c2be3-a2c3-42f7-89bd-e5494aa04ec8,52,2f49b351-61fb-11f0-9d2c-02ecd8cd8b53,bf996092-8d66-408a-8d8e-5065ca3330c2,f679f4cf-c089-4a2b-9b84-b14129630601,Lane_GmXHGGAC99,Initiator,role,523378631
748c2be3-a2c3-42f7-89bd-e5494aa04ec8,52,2f49b351-61fb-11f0-9d2c-02ecd8cd8b53,bf996092-8d66-408a-8d8e-5065ca3330c2,f679f4cf-c089-4a2b-9b84-b14129630601,Lane_SNug08gjLf,Approver,role,501989727
be87b9a0-d8a3-44df-96c3-7ae1fd36b9cb,33,36e83b16-5bb6-11f0-b8ba-0affd1463659,bf996092-8d66-408a-8d8e-5065ca3330c2,f679f4cf-c089-4a2b-9b84-b14129630601,Lane_GmXHGGAC99,Initiator,role,523378631
be87b9a0-d8a3-44df-96c3-7ae1fd36b9cb,33,36e83b16-5bb6-11f0-b8ba-0affd1463659,bf996092-8d66-408a-8d8e-5065ca3330c2,f679f4cf-c089-4a2b-9b84-b14129630601,Lane_SNug08gjLf,Approver,role,501989727
623d8226-5cb8-4e7e-a34f-caba707b27a8,34,48fb75b5-5bb6-11f0-85ce-0e76b507ac35,bf996092-8d66-408a-8d8e-5065ca3330c2,f679f4cf-c089-4a2b-9b84-b14129630601,Lane_GmXHGGAC99,Initiator,role,523378631
623d8226-5cb8-4e7e-a34f-caba707b27a8,34,48fb75b5-5bb6-11f0-85ce-0e76b507ac35,bf996092-8d66-408a-8d8e-5065ca3330c2,f679f4cf-c089-4a2b-9b84-b14129630601,Lane_SNug08gjLf,Approver,role,501989727
7904b8e0-1794-4034-8273-c0d2542fd341,35,,bf996092-8d66-408a-8d8e-5065ca3330c2,f679f4cf-c089-4a2b-9b84-b14129630601,Lane_GmXHGGAC99,Initiator,role,523378631
7904b8e0-1794-4034-8273-c0d2542fd341,35,,bf996092-8d66-408a-8d8e-5065ca3330c2,f679f4cf-c089-4a2b-9b84-b14129630601,Lane_SNug08gjLf,Approver,role,501989727
b069383f-c8a0-4513-af66-7a7d3e9262cd,31,a7b8b972-5aef-11f0-ba7a-02677a6c0a19,bf996092-8d66-408a-8d8e-5065ca3330c2,f679f4cf-c089-4a2b-9b84-b14129630601,Lane_GmXHGGAC99,Initiator,role,523378631
b069383f-c8a0-4513-af66-7a7d3e9262cd,31,a7b8b972-5aef-11f0-ba7a-02677a6c0a19,bf996092-8d66-408a-8d8e-5065ca3330c2,f679f4cf-c089-4a2b-9b84-b14129630601,Lane_SNug08gjLf,Approver,role,501989727
37256ea0-c9c7-4398-ada2-1fcf9ca88b55,74,15da3251-7359-11f0-ba69-0affe15d0ad3,bf996092-8d66-408a-8d8e-5065ca3330c2,f679f4cf-c089-4a2b-9b84-b14129630601,Lane_jx0nBNtdWE,Initiator,role,501989815
37256ea0-c9c7-4398-ada2-1fcf9ca88b55,74,15da3251-7359-11f0-ba69-0affe15d0ad3,bf996092-8d66-408a-8d8e-5065ca3330c2,f679f4cf-c089-4a2b-9b84-b14129630601,Lane_EguoyjH3Vc,Reviewer 1,role,501989807
37256ea0-c9c7-4398-ada2-1fcf9ca88b55,74,15da3251-7359-11f0-ba69-0affe15d0ad3,bf996092-8d66-408a-8d8e-5065ca3330c2,f679f4cf-c089-4a2b-9b84-b14129630601,Lane_EguoyjH3Vc,Reviewer 1,role,501989722
37256ea0-c9c7-4398-ada2-1fcf9ca88b55,74,15da3251-7359-11f0-ba69-0affe15d0ad3,bf996092-8d66-408a-8d8e-5065ca3330c2,f679f4cf-c089-4a2b-9b84-b14129630601,Lane_EguoyjH3Vc,Reviewer 1,role,501989723
37256ea0-c9c7-4398-ada2-1fcf9ca88b55,74,15da3251-7359-11f0-ba69-0affe15d0ad3,bf996092-8d66-408a-8d8e-5065ca3330c2,f679f4cf-c089-4a2b-9b84-b14129630601,Lane_zsglHaSx70,Reviewer 2,role,501989780
37256ea0-c9c7-4398-ada2-1fcf9ca88b55,74,15da3251-7359-11f0-ba69-0affe15d0ad3,bf996092-8d66-408a-8d8e-5065ca3330c2,f679f4cf-c089-4a2b-9b84-b14129630601,Lane_zsglHaSx70,Reviewer 2,role,501989782
37256ea0-c9c7-4398-ada2-1fcf9ca88b55,74,15da3251-7359-11f0-ba69-0affe15d0ad3,bf996092-8d66-408a-8d8e-5065ca3330c2,f679f4cf-c089-4a2b-9b84-b14129630601,Lane_zsglHaSx70,Reviewer 2,role,501989778
37256ea0-c9c7-4398-ada2-1fcf9ca88b55,74,15da3251-7359-11f0-ba69-0affe15d0ad3,bf996092-8d66-408a-8d8e-5065ca3330c2,f679f4cf-c089-4a2b-9b84-b14129630601,Lane_T7P8T9PPL7,Reviewer 3,role,501989725
37256ea0-c9c7-4398-ada2-1fcf9ca88b55,74,15da3251-7359-11f0-ba69-0affe15d0ad3,bf996092-8d66-408a-8d8e-5065ca3330c2,f679f4cf-c089-4a2b-9b84-b14129630601,Lane_T7P8T9PPL7,Reviewer 3,role,501989730
37256ea0-c9c7-4398-ada2-1fcf9ca88b55,74,15da3251-7359-11f0-ba69-0affe15d0ad3,bf996092-8d66-408a-8d8e-5065ca3330c2,f679f4cf-c089-4a2b-9b84-b14129630601,Lane_T7P8T9PPL7,Reviewer 3,role,501989716
37256ea0-c9c7-4398-ada2-1fcf9ca88b55,74,15da3251-7359-11f0-ba69-0affe15d0ad3,bf996092-8d66-408a-8d8e-5065ca3330c2,f679f4cf-c089-4a2b-9b84-b14129630601,Lane_T7P8T9PPL7,Reviewer 3,role,501989731
37256ea0-c9c7-4398-ada2-1fcf9ca88b55,74,15da3251-7359-11f0-ba69-0affe15d0ad3,bf996092-8d66-408a-8d8e-5065ca3330c2,f679f4cf-c089-4a2b-9b84-b14129630601,Lane_T7P8T9PPL7,Reviewer 3,role,501989812
37256ea0-c9c7-4398-ada2-1fcf9ca88b55,74,15da3251-7359-11f0-ba69-0affe15d0ad3,bf996092-8d66-408a-8d8e-5065ca3330c2,f679f4cf-c089-4a2b-9b84-b14129630601,Lane_T7P8T9PPL7,Reviewer 3,role,501989733
37256ea0-c9c7-4398-ada2-1fcf9ca88b55,74,15da3251-7359-11f0-ba69-0affe15d0ad3,bf996092-8d66-408a-8d8e-5065ca3330c2,f679f4cf-c089-4a2b-9b84-b14129630601,Lane_T7P8T9PPL7,Reviewer 3,role,501989720
37256ea0-c9c7-4398-ada2-1fcf9ca88b55,74,15da3251-7359-11f0-ba69-0affe15d0ad3,bf996092-8d66-408a-8d8e-5065ca3330c2,f679f4cf-c089-4a2b-9b84-b14129630601,Lane_T7P8T9PPL7,Reviewer 3,role,501989829
37256ea0-c9c7-4398-ada2-1fcf9ca88b55,74,15da3251-7359-11f0-ba69-0affe15d0ad3,bf996092-8d66-408a-8d8e-5065ca3330c2,f679f4cf-c089-4a2b-9b84-b14129630601,Lane_wwNWDKqFHR,Approver,role,501989718
58e40705-43d6-41ba-b6e7-0e4981f1bf51,99,9d0e4f1d-7d7d-11f0-946f-0215d9ab6dad,bf996092-8d66-408a-8d8e-5065ca3330c2,f679f4cf-c089-4a2b-9b84-b14129630601,Lane_GmXHGGAC99,Initiator,role,523378631
58e40705-43d6-41ba-b6e7-0e4981f1bf51,99,9d0e4f1d-7d7d-11f0-946f-0215d9ab6dad,bf996092-8d66-408a-8d8e-5065ca3330c2,f679f4cf-c089-4a2b-9b84-b14129630601,Lane_SNug08gjLf,Approver,role,501989727
e5d0f856-be0f-4938-b185-e8cf71190d7f,98,,bf996092-8d66-408a-8d8e-5065ca3330c2,f679f4cf-c089-4a2b-9b84-b14129630601,Lane_GmXHGGAC99,Initiator,role,523378631
e5d0f856-be0f-4938-b185-e8cf71190d7f,98,,bf996092-8d66-408a-8d8e-5065ca3330c2,f679f4cf-c089-4a2b-9b84-b14129630601,Lane_SNug08gjLf,Approver,role,501989727
9242dc70-f8a0-40a0-99e8-14822e3b315a,100,0b7154c5-7d8e-11f0-9661-0afff06a47b1,bf996092-8d66-408a-8d8e-5065ca3330c2,f679f4cf-c089-4a2b-9b84-b14129630601,Lane_2FXtDM2Zbb,Initiator,role,501989778
9242dc70-f8a0-40a0-99e8-14822e3b315a,100,0b7154c5-7d8e-11f0-9661-0afff06a47b1,bf996092-8d66-408a-8d8e-5065ca3330c2,f679f4cf-c089-4a2b-9b84-b14129630601,Lane_5a1s10mxQR,Reviewer 1,role,501989807
9242dc70-f8a0-40a0-99e8-14822e3b315a,100,0b7154c5-7d8e-11f0-9661-0afff06a47b1,bf996092-8d66-408a-8d8e-5065ca3330c2,f679f4cf-c089-4a2b-9b84-b14129630601,Lane_sJfDVw5gUD,Reviewer 2,role,501989812
9242dc70-f8a0-40a0-99e8-14822e3b315a,100,0b7154c5-7d8e-11f0-9661-0afff06a47b1,bf996092-8d66-408a-8d8e-5065ca3330c2,f679f4cf-c089-4a2b-9b84-b14129630601,Lane_sJfDVw5gUD,Reviewer 2,role,501989829
9242dc70-f8a0-40a0-99e8-14822e3b315a,100,0b7154c5-7d8e-11f0-9661-0afff06a47b1,bf996092-8d66-408a-8d8e-5065ca3330c2,f679f4cf-c089-4a2b-9b84-b14129630601,Lane_sJfDVw5gUD,Reviewer 2,role,501989723
9242dc70-f8a0-40a0-99e8-14822e3b315a,100,0b7154c5-7d8e-11f0-9661-0afff06a47b1,bf996092-8d66-408a-8d8e-5065ca3330c2,f679f4cf-c089-4a2b-9b84-b14129630601,Lane_mnsDNGwgRQ,Approver,role,501989718
165cc1ff-e0db-488d-a469-d20b32ef1020,1,93b29eb6-5014-11f0-8be0-0affc6aaae03,bf996092-8d66-408a-8d8e-5065ca3330c2,f679f4cf-c089-4a2b-9b84-b14129630601,Lane_g8d3tVQCiW,Initiator,role,523378631
165cc1ff-e0db-488d-a469-d20b32ef1020,1,93b29eb6-5014-11f0-8be0-0affc6aaae03,bf996092-8d66-408a-8d8e-5065ca3330c2,f679f4cf-c089-4a2b-9b84-b14129630601,Lane_S34GAdpEJD,Approver,role,501989727
47398a83-f3c0-4119-8bf7-3cb04995ba70,101,659a3c51-7d8e-11f0-9b63-0edefbbefc43,bf996092-8d66-408a-8d8e-5065ca3330c2,f679f4cf-c089-4a2b-9b84-b14129630601,Lane_2FXtDM2Zbb,Initiator,role,501989778
47398a83-f3c0-4119-8bf7-3cb04995ba70,101,659a3c51-7d8e-11f0-9b63-0edefbbefc43,bf996092-8d66-408a-8d8e-5065ca3330c2,f679f4cf-c089-4a2b-9b84-b14129630601,Lane_5a1s10mxQR,Reviewer 1,role,501989807
47398a83-f3c0-4119-8bf7-3cb04995ba70,101,659a3c51-7d8e-11f0-9b63-0edefbbefc43,bf996092-8d66-408a-8d8e-5065ca3330c2,f679f4cf-c089-4a2b-9b84-b14129630601,Lane_sJfDVw5gUD,Reviewer 2,role,501989812
47398a83-f3c0-4119-8bf7-3cb04995ba70,101,659a3c51-7d8e-11f0-9b63-0edefbbefc43,bf996092-8d66-408a-8d8e-5065ca3330c2,f679f4cf-c089-4a2b-9b84-b14129630601,Lane_sJfDVw5gUD,Reviewer 2,role,501989829
47398a83-f3c0-4119-8bf7-3cb04995ba70,101,659a3c51-7d8e-11f0-9b63-0edefbbefc43,bf996092-8d66-408a-8d8e-5065ca3330c2,f679f4cf-c089-4a2b-9b84-b14129630601,Lane_sJfDVw5gUD,Reviewer 2,role,501989723
47398a83-f3c0-4119-8bf7-3cb04995ba70,101,659a3c51-7d8e-11f0-9b63-0edefbbefc43,bf996092-8d66-408a-8d8e-5065ca3330c2,f679f4cf-c089-4a2b-9b84-b14129630601,Lane_mnsDNGwgRQ,Approver,role,501989718
77dbdfe9-296e-452a-8f0e-2e0beed14884,37,eacbb36c-5be2-11f0-85ce-0e76b507ac35,bf996092-8d66-408a-8d8e-5065ca3330c2,f679f4cf-c089-4a2b-9b84-b14129630601,Lane_GmXHGGAC99,Initiator,role,523378631
77dbdfe9-296e-452a-8f0e-2e0beed14884,37,eacbb36c-5be2-11f0-85ce-0e76b507ac35,bf996092-8d66-408a-8d8e-5065ca3330c2,f679f4cf-c089-4a2b-9b84-b14129630601,Lane_SNug08gjLf,Approver,role,501989727
f2d4099a-4986-4831-8163-769160088cbf,39,dfbdfccd-5c7e-11f0-b07f-0e777e0eb1e3,bf996092-8d66-408a-8d8e-5065ca3330c2,f679f4cf-c089-4a2b-9b84-b14129630601,Lane_GmXHGGAC99,Initiator,role,523378631
f2d4099a-4986-4831-8163-769160088cbf,39,dfbdfccd-5c7e-11f0-b07f-0e777e0eb1e3,bf996092-8d66-408a-8d8e-5065ca3330c2,f679f4cf-c089-4a2b-9b84-b14129630601,Lane_SNug08gjLf,Approver,role,501989727
9368a4a5-5701-4d75-8fa9-0a0e997f08b2,64,4af52ec2-6914-11f0-9661-0afff06a47b1,bf996092-8d66-408a-8d8e-5065ca3330c2,f679f4cf-c089-4a2b-9b84-b14129630601,Lane_GmXHGGAC99,Initiator,role,523378631
9368a4a5-5701-4d75-8fa9-0a0e997f08b2,64,4af52ec2-6914-11f0-9661-0afff06a47b1,bf996092-8d66-408a-8d8e-5065ca3330c2,f679f4cf-c089-4a2b-9b84-b14129630601,Lane_SNug08gjLf,Approver,role,501989727
0efde507-1c0f-43e9-943e-cb563978cdd9,60,3980993c-6619-11f0-a416-0edf6594598d,bf996092-8d66-408a-8d8e-5065ca3330c2,f679f4cf-c089-4a2b-9b84-b14129630601,Lane_jx0nBNtdWE,Initiator,role,501989815
0efde507-1c0f-43e9-943e-cb563978cdd9,60,3980993c-6619-11f0-a416-0edf6594598d,bf996092-8d66-408a-8d8e-5065ca3330c2,f679f4cf-c089-4a2b-9b84-b14129630601,Lane_EguoyjH3Vc,Reviewer 1,role,501989807
0efde507-1c0f-43e9-943e-cb563978cdd9,60,3980993c-6619-11f0-a416-0edf6594598d,bf996092-8d66-408a-8d8e-5065ca3330c2,f679f4cf-c089-4a2b-9b84-b14129630601,Lane_EguoyjH3Vc,Reviewer 1,role,501989722
0efde507-1c0f-43e9-943e-cb563978cdd9,60,3980993c-6619-11f0-a416-0edf6594598d,bf996092-8d66-408a-8d8e-5065ca3330c2,f679f4cf-c089-4a2b-9b84-b14129630601,Lane_EguoyjH3Vc,Reviewer 1,role,501989723
0efde507-1c0f-43e9-943e-cb563978cdd9,60,3980993c-6619-11f0-a416-0edf6594598d,bf996092-8d66-408a-8d8e-5065ca3330c2,f679f4cf-c089-4a2b-9b84-b14129630601,Lane_zsglHaSx70,Reviewer 2,role,501989780
0efde507-1c0f-43e9-943e-cb563978cdd9,60,3980993c-6619-11f0-a416-0edf6594598d,bf996092-8d66-408a-8d8e-5065ca3330c2,f679f4cf-c089-4a2b-9b84-b14129630601,Lane_zsglHaSx70,Reviewer 2,role,501989782
0efde507-1c0f-43e9-943e-cb563978cdd9,60,3980993c-6619-11f0-a416-0edf6594598d,bf996092-8d66-408a-8d8e-5065ca3330c2,f679f4cf-c089-4a2b-9b84-b14129630601,Lane_zsglHaSx70,Reviewer 2,role,501989778
0efde507-1c0f-43e9-943e-cb563978cdd9,60,3980993c-6619-11f0-a416-0edf6594598d,bf996092-8d66-408a-8d8e-5065ca3330c2,f679f4cf-c089-4a2b-9b84-b14129630601,Lane_T7P8T9PPL7,Reviewer 3,role,501989725
0efde507-1c0f-43e9-943e-cb563978cdd9,60,3980993c-6619-11f0-a416-0edf6594598d,bf996092-8d66-408a-8d8e-5065ca3330c2,f679f4cf-c089-4a2b-9b84-b14129630601,Lane_T7P8T9PPL7,Reviewer 3,role,501989730
0efde507-1c0f-43e9-943e-cb563978cdd9,60,3980993c-6619-11f0-a416-0edf6594598d,bf996092-8d66-408a-8d8e-5065ca3330c2,f679f4cf-c089-4a2b-9b84-b14129630601,Lane_T7P8T9PPL7,Reviewer 3,role,501989716
0efde507-1c0f-43e9-943e-cb563978cdd9,60,3980993c-6619-11f0-a416-0edf6594598d,bf996092-8d66-408a-8d8e-5065ca3330c2,f679f4cf-c089-4a2b-9b84-b14129630601,Lane_T7P8T9PPL7,Reviewer 3,role,501989731
0efde507-1c0f-43e9-943e-cb563978cdd9,60,3980993c-6619-11f0-a416-0edf6594598d,bf996092-8d66-408a-8d8e-5065ca3330c2,f679f4cf-c089-4a2b-9b84-b14129630601,Lane_T7P8T9PPL7,Reviewer 3,role,501989812
0efde507-1c0f-43e9-943e-cb563978cdd9,60,3980993c-6619-11f0-a416-0edf6594598d,bf996092-8d66-408a-8d8e-5065ca3330c2,f679f4cf-c089-4a2b-9b84-b14129630601,Lane_T7P8T9PPL7,Reviewer 3,role,501989733
0efde507-1c0f-43e9-943e-cb563978cdd9,60,3980993c-6619-11f0-a416-0edf6594598d,bf996092-8d66-408a-8d8e-5065ca3330c2,f679f4cf-c089-4a2b-9b84-b14129630601,Lane_T7P8T9PPL7,Reviewer 3,role,501989720
0efde507-1c0f-43e9-943e-cb563978cdd9,60,3980993c-6619-11f0-a416-0edf6594598d,bf996092-8d66-408a-8d8e-5065ca3330c2,f679f4cf-c089-4a2b-9b84-b14129630601,Lane_T7P8T9PPL7,Reviewer 3,role,501989829
0efde507-1c0f-43e9-943e-cb563978cdd9,60,3980993c-6619-11f0-a416-0edf6594598d,bf996092-8d66-408a-8d8e-5065ca3330c2,f679f4cf-c089-4a2b-9b84-b14129630601,Lane_wwNWDKqFHR,Approver,role,501989718
96053905-e9bb-4d0e-9679-ec72b16d2cba,69,68ec1282-6c3a-11f0-946f-0215d9ab6dad,bf996092-8d66-408a-8d8e-5065ca3330c2,f679f4cf-c089-4a2b-9b84-b14129630601,Lane_sPvYH5TCBT,Initiator,role,501989805
96053905-e9bb-4d0e-9679-ec72b16d2cba,69,68ec1282-6c3a-11f0-946f-0215d9ab6dad,bf996092-8d66-408a-8d8e-5065ca3330c2,f679f4cf-c089-4a2b-9b84-b14129630601,Lane_sPvYH5TCBT,Initiator,role,501989815
96053905-e9bb-4d0e-9679-ec72b16d2cba,69,68ec1282-6c3a-11f0-946f-0215d9ab6dad,bf996092-8d66-408a-8d8e-5065ca3330c2,f679f4cf-c089-4a2b-9b84-b14129630601,Lane_sMy3hzWLgY,Reviewer,role,501989722
96053905-e9bb-4d0e-9679-ec72b16d2cba,69,68ec1282-6c3a-11f0-946f-0215d9ab6dad,bf996092-8d66-408a-8d8e-5065ca3330c2,f679f4cf-c089-4a2b-9b84-b14129630601,Lane_sMy3hzWLgY,Reviewer,role,501989725
96053905-e9bb-4d0e-9679-ec72b16d2cba,69,68ec1282-6c3a-11f0-946f-0215d9ab6dad,bf996092-8d66-408a-8d8e-5065ca3330c2,f679f4cf-c089-4a2b-9b84-b14129630601,Lane_e0QN0jHbEb,Approver,role,501989730
504178f8-9400-4a2c-a29c-ae890091f86b,114,3e67f5c8-8491-11f0-9661-0afff06a47b1,bf996092-8d66-408a-8d8e-5065ca3330c2,f679f4cf-c089-4a2b-9b84-b14129630601,Lane_eveIC5hOl5,Initiator,role,523378631
504178f8-9400-4a2c-a29c-ae890091f86b,114,3e67f5c8-8491-11f0-9661-0afff06a47b1,bf996092-8d66-408a-8d8e-5065ca3330c2,f679f4cf-c089-4a2b-9b84-b14129630601,Lane_BDnFNuLoiG,Approver,role,501989727
4d4fe0da-c9af-453b-8d7c-5aae4e1d45b2,113,c23fb50d-83f0-11f0-946f-0215d9ab6dad,bf996092-8d66-408a-8d8e-5065ca3330c2,f679f4cf-c089-4a2b-9b84-b14129630601,Lane_qoY6EnugGU,Initiator,role,501989815
4d4fe0da-c9af-453b-8d7c-5aae4e1d45b2,113,c23fb50d-83f0-11f0-946f-0215d9ab6dad,bf996092-8d66-408a-8d8e-5065ca3330c2,f679f4cf-c089-4a2b-9b84-b14129630601,Lane_oeVNS6TfZN,Reviewer 1,role,501989807
4d4fe0da-c9af-453b-8d7c-5aae4e1d45b2,113,c23fb50d-83f0-11f0-946f-0215d9ab6dad,bf996092-8d66-408a-8d8e-5065ca3330c2,f679f4cf-c089-4a2b-9b84-b14129630601,Lane_oeVNS6TfZN,Reviewer 1,role,501989722
4d4fe0da-c9af-453b-8d7c-5aae4e1d45b2,113,c23fb50d-83f0-11f0-946f-0215d9ab6dad,bf996092-8d66-408a-8d8e-5065ca3330c2,f679f4cf-c089-4a2b-9b84-b14129630601,Lane_oeVNS6TfZN,Reviewer 1,role,501989723
4d4fe0da-c9af-453b-8d7c-5aae4e1d45b2,113,c23fb50d-83f0-11f0-946f-0215d9ab6dad,bf996092-8d66-408a-8d8e-5065ca3330c2,f679f4cf-c089-4a2b-9b84-b14129630601,Lane_KaiNmLFAwi,Reviewer 2,role,501989780
4d4fe0da-c9af-453b-8d7c-5aae4e1d45b2,113,c23fb50d-83f0-11f0-946f-0215d9ab6dad,bf996092-8d66-408a-8d8e-5065ca3330c2,f679f4cf-c089-4a2b-9b84-b14129630601,Lane_KaiNmLFAwi,Reviewer 2,role,501989782
4d4fe0da-c9af-453b-8d7c-5aae4e1d45b2,113,c23fb50d-83f0-11f0-946f-0215d9ab6dad,bf996092-8d66-408a-8d8e-5065ca3330c2,f679f4cf-c089-4a2b-9b84-b14129630601,Lane_KaiNmLFAwi,Reviewer 2,role,501989778
4d4fe0da-c9af-453b-8d7c-5aae4e1d45b2,113,c23fb50d-83f0-11f0-946f-0215d9ab6dad,bf996092-8d66-408a-8d8e-5065ca3330c2,f679f4cf-c089-4a2b-9b84-b14129630601,Lane_Ff7trAhgyy,Reviewer 3,role,501989725
4d4fe0da-c9af-453b-8d7c-5aae4e1d45b2,113,c23fb50d-83f0-11f0-946f-0215d9ab6dad,bf996092-8d66-408a-8d8e-5065ca3330c2,f679f4cf-c089-4a2b-9b84-b14129630601,Lane_Ff7trAhgyy,Reviewer 3,role,501989730
4d4fe0da-c9af-453b-8d7c-5aae4e1d45b2,113,c23fb50d-83f0-11f0-946f-0215d9ab6dad,bf996092-8d66-408a-8d8e-5065ca3330c2,f679f4cf-c089-4a2b-9b84-b14129630601,Lane_Ff7trAhgyy,Reviewer 3,role,501989731
4d4fe0da-c9af-453b-8d7c-5aae4e1d45b2,113,c23fb50d-83f0-11f0-946f-0215d9ab6dad,bf996092-8d66-408a-8d8e-5065ca3330c2,f679f4cf-c089-4a2b-9b84-b14129630601,Lane_Ff7trAhgyy,Reviewer 3,role,501989812
4d4fe0da-c9af-453b-8d7c-5aae4e1d45b2,113,c23fb50d-83f0-11f0-946f-0215d9ab6dad,bf996092-8d66-408a-8d8e-5065ca3330c2,f679f4cf-c089-4a2b-9b84-b14129630601,Lane_Ff7trAhgyy,Reviewer 3,role,501989733
4d4fe0da-c9af-453b-8d7c-5aae4e1d45b2,113,c23fb50d-83f0-11f0-946f-0215d9ab6dad,bf996092-8d66-408a-8d8e-5065ca3330c2,f679f4cf-c089-4a2b-9b84-b14129630601,Lane_Ff7trAhgyy,Reviewer 3,role,501989829
4d4fe0da-c9af-453b-8d7c-5aae4e1d45b2,113,c23fb50d-83f0-11f0-946f-0215d9ab6dad,bf996092-8d66-408a-8d8e-5065ca3330c2,f679f4cf-c089-4a2b-9b84-b14129630601,Lane_ZZGBJD8WRj,Approver,role,501989718
8be167dd-199f-47be-82dd-690f5cfbeb43,84,57a965df-76ab-11f0-9b63-0edefbbefc43,bf996092-8d66-408a-8d8e-5065ca3330c2,f679f4cf-c089-4a2b-9b84-b14129630601,Lane_GmXHGGAC99,Initiator,role,523378631
8be167dd-199f-47be-82dd-690f5cfbeb43,84,57a965df-76ab-11f0-9b63-0edefbbefc43,bf996092-8d66-408a-8d8e-5065ca3330c2,f679f4cf-c089-4a2b-9b84-b14129630601,Lane_SNug08gjLf,Approver,role,501989727
16ad402d-5876-40d5-ba52-f4418e196e1d,85,8e59f2db-76ab-11f0-8bd5-0232a6c7fd05,bf996092-8d66-408a-8d8e-5065ca3330c2,f679f4cf-c089-4a2b-9b84-b14129630601,Lane_GmXHGGAC99,Initiator,role,523378631
16ad402d-5876-40d5-ba52-f4418e196e1d,85,8e59f2db-76ab-11f0-8bd5-0232a6c7fd05,bf996092-8d66-408a-8d8e-5065ca3330c2,f679f4cf-c089-4a2b-9b84-b14129630601,Lane_SNug08gjLf,Approver,role,501989727
0c4892fc-3710-4e8b-a3cf-41925c69e985,86,ba16b1f5-76ab-11f0-a747-0e0be9602fab,bf996092-8d66-408a-8d8e-5065ca3330c2,f679f4cf-c089-4a2b-9b84-b14129630601,Lane_GmXHGGAC99,Initiator,role,523378631
0c4892fc-3710-4e8b-a3cf-41925c69e985,86,ba16b1f5-76ab-11f0-a747-0e0be9602fab,bf996092-8d66-408a-8d8e-5065ca3330c2,f679f4cf-c089-4a2b-9b84-b14129630601,Lane_SNug08gjLf,Approver,role,501989727
34fb431c-8a77-4286-9c69-56ff5135f125,87,742e7c01-7739-11f0-8e65-0afff7224aab,bf996092-8d66-408a-8d8e-5065ca3330c2,f679f4cf-c089-4a2b-9b84-b14129630601,Lane_GmXHGGAC99,Initiator,role,523378631
34fb431c-8a77-4286-9c69-56ff5135f125,87,742e7c01-7739-11f0-8e65-0afff7224aab,bf996092-8d66-408a-8d8e-5065ca3330c2,f679f4cf-c089-4a2b-9b84-b14129630601,Lane_SNug08gjLf,Approver,role,501989727
03d6aacb-3531-4627-986c-2f98e8c60d1b,18,ec8fc979-55ab-11f0-9793-0affd9364fab,bf996092-8d66-408a-8d8e-5065ca3330c2,f679f4cf-c089-4a2b-9b84-b14129630601,Lane_GmXHGGAC99,Initiator,role,523378631
03d6aacb-3531-4627-986c-2f98e8c60d1b,18,ec8fc979-55ab-11f0-9793-0affd9364fab,bf996092-8d66-408a-8d8e-5065ca3330c2,f679f4cf-c089-4a2b-9b84-b14129630601,Lane_SNug08gjLf,Approver,role,501989727
16fd4f47-85ba-4d10-adf9-e60336fcba08,40,,bf996092-8d66-408a-8d8e-5065ca3330c2,f679f4cf-c089-4a2b-9b84-b14129630601,Lane_GmXHGGAC99,Initiator,role,523378631
16fd4f47-85ba-4d10-adf9-e60336fcba08,40,,bf996092-8d66-408a-8d8e-5065ca3330c2,f679f4cf-c089-4a2b-9b84-b14129630601,Lane_SNug08gjLf,Approver,role,501989727
c4020f8c-368b-4ba0-b263-b4d6c5b4b1d2,41,07fb50ba-5d51-11f0-ba7a-02677a6c0a19,bf996092-8d66-408a-8d8e-5065ca3330c2,f679f4cf-c089-4a2b-9b84-b14129630601,Lane_GmXHGGAC99,Initiator,role,523378631
c4020f8c-368b-4ba0-b263-b4d6c5b4b1d2,41,07fb50ba-5d51-11f0-ba7a-02677a6c0a19,bf996092-8d66-408a-8d8e-5065ca3330c2,f679f4cf-c089-4a2b-9b84-b14129630601,Lane_SNug08gjLf,Approver,role,501989727
b384fc16-e221-4b5b-9a64-1221cb269d5b,55,b5a26262-62eb-11f0-994a-0eab63e03b0b,bf996092-8d66-408a-8d8e-5065ca3330c2,f679f4cf-c089-4a2b-9b84-b14129630601,Lane_GmXHGGAC99,Initiator,role,523378631
b384fc16-e221-4b5b-9a64-1221cb269d5b,55,b5a26262-62eb-11f0-994a-0eab63e03b0b,bf996092-8d66-408a-8d8e-5065ca3330c2,f679f4cf-c089-4a2b-9b84-b14129630601,Lane_SNug08gjLf,Approver,role,501989727
58554ae4-0b9d-42ae-8de4-03007bb8824e,56,4add9d5a-6395-11f0-994a-0eab63e03b0b,bf996092-8d66-408a-8d8e-5065ca3330c2,f679f4cf-c089-4a2b-9b84-b14129630601,Lane_GmXHGGAC99,Initiator,role,523378631
58554ae4-0b9d-42ae-8de4-03007bb8824e,56,4add9d5a-6395-11f0-994a-0eab63e03b0b,bf996092-8d66-408a-8d8e-5065ca3330c2,f679f4cf-c089-4a2b-9b84-b14129630601,Lane_SNug08gjLf,Approver,role,501989727
cd759df7-e419-471f-939a-f5c58ab8de86,42,3402bba2-5d70-11f0-b8ba-0affd1463659,bf996092-8d66-408a-8d8e-5065ca3330c2,f679f4cf-c089-4a2b-9b84-b14129630601,Lane_B6c1vpIDYj,Initiator,role,526037269
cd759df7-e419-471f-939a-f5c58ab8de86,42,3402bba2-5d70-11f0-b8ba-0affd1463659,bf996092-8d66-408a-8d8e-5065ca3330c2,f679f4cf-c089-4a2b-9b84-b14129630601,Lane_cxMoGfwkqL,Approver,role,501989754
c774fc16-eb6c-45dc-a5e3-6aa7c0640413,102,54136322-7e52-11f0-9661-0afff06a47b1,bf996092-8d66-408a-8d8e-5065ca3330c2,f679f4cf-c089-4a2b-9b84-b14129630601,Lane_GmXHGGAC99,Initiator,role,523378631
c774fc16-eb6c-45dc-a5e3-6aa7c0640413,102,54136322-7e52-11f0-9661-0afff06a47b1,bf996092-8d66-408a-8d8e-5065ca3330c2,f679f4cf-c089-4a2b-9b84-b14129630601,Lane_SNug08gjLf,Approver,role,501989727
3f357d54-ddf4-47e1-8e34-e8fe6ffa36e8,43,91e3848b-5d7c-11f0-b41e-0e1a305bfb29,bf996092-8d66-408a-8d8e-5065ca3330c2,f679f4cf-c089-4a2b-9b84-b14129630601,Lane_B6c1vpIDYj,Initiator,role,526037269
3f357d54-ddf4-47e1-8e34-e8fe6ffa36e8,43,91e3848b-5d7c-11f0-b41e-0e1a305bfb29,bf996092-8d66-408a-8d8e-5065ca3330c2,f679f4cf-c089-4a2b-9b84-b14129630601,Lane_cxMoGfwkqL,Approver,role,501989754
555f18a6-bdc3-40cf-b549-20331a2216b8,44,6eddb058-5d7e-11f0-aa18-0affcce8a0f5,bf996092-8d66-408a-8d8e-5065ca3330c2,f679f4cf-c089-4a2b-9b84-b14129630601,Lane_B6c1vpIDYj,Initiator,role,526037269
555f18a6-bdc3-40cf-b549-20331a2216b8,44,6eddb058-5d7e-11f0-aa18-0affcce8a0f5,bf996092-8d66-408a-8d8e-5065ca3330c2,f679f4cf-c089-4a2b-9b84-b14129630601,Lane_cxMoGfwkqL,Approver,role,501989754
f77ea430-50e5-416d-8817-d0717ed590bf,45,a0482e44-5d7f-11f0-b41e-0e1a305bfb29,bf996092-8d66-408a-8d8e-5065ca3330c2,f679f4cf-c089-4a2b-9b84-b14129630601,Lane_B6c1vpIDYj,Initiator,role,526037269
f77ea430-50e5-416d-8817-d0717ed590bf,45,a0482e44-5d7f-11f0-b41e-0e1a305bfb29,bf996092-8d66-408a-8d8e-5065ca3330c2,f679f4cf-c089-4a2b-9b84-b14129630601,Lane_cxMoGfwkqL,Approver,role,501989754
71d17682-5315-49ed-9e88-0ba1b17265a4,5,3956733b-5191-11f0-9601-0e519ab32f63,bf996092-8d66-408a-8d8e-5065ca3330c2,f679f4cf-c089-4a2b-9b84-b14129630601,Lane_GmXHGGAC99,Initiator,role,523378631
71d17682-5315-49ed-9e88-0ba1b17265a4,5,3956733b-5191-11f0-9601-0e519ab32f63,bf996092-8d66-408a-8d8e-5065ca3330c2,f679f4cf-c089-4a2b-9b84-b14129630601,Lane_SNug08gjLf,Approver,role,501989727
2c06f147-f372-4414-90f8-6814cf24878e,53,25081f3d-6220-11f0-87b6-0e47164080f7,bf996092-8d66-408a-8d8e-5065ca3330c2,f679f4cf-c089-4a2b-9b84-b14129630601,Lane_B6c1vpIDYj,Initiator,role,526037269
2c06f147-f372-4414-90f8-6814cf24878e,53,25081f3d-6220-11f0-87b6-0e47164080f7,bf996092-8d66-408a-8d8e-5065ca3330c2,f679f4cf-c089-4a2b-9b84-b14129630601,Lane_cxMoGfwkqL,Approver,role,501989754
f5d0db82-56f9-4ac9-ad98-dfb6e8d1a11c,54,391ea346-6220-11f0-8b24-0affee9495d5,bf996092-8d66-408a-8d8e-5065ca3330c2,f679f4cf-c089-4a2b-9b84-b14129630601,Lane_B6c1vpIDYj,Initiator,role,526037269
f5d0db82-56f9-4ac9-ad98-dfb6e8d1a11c,54,391ea346-6220-11f0-8b24-0affee9495d5,bf996092-8d66-408a-8d8e-5065ca3330c2,f679f4cf-c089-4a2b-9b84-b14129630601,Lane_cxMoGfwkqL,Approver,role,501989754
73801998-c9cb-4564-ad09-2db47280d9ad,65,6cb2377b-69d3-11f0-9661-0afff06a47b1,bf996092-8d66-408a-8d8e-5065ca3330c2,f679f4cf-c089-4a2b-9b84-b14129630601,Lane_GmXHGGAC99,Initiator,role,523378631
73801998-c9cb-4564-ad09-2db47280d9ad,65,6cb2377b-69d3-11f0-9661-0afff06a47b1,bf996092-8d66-408a-8d8e-5065ca3330c2,f679f4cf-c089-4a2b-9b84-b14129630601,Lane_SNug08gjLf,Approver,role,501989727
c3f141a2-a7bc-4995-b4f5-5c32bf140423,66,5305d983-6a9c-11f0-946f-0215d9ab6dad,bf996092-8d66-408a-8d8e-5065ca3330c2,f679f4cf-c089-4a2b-9b84-b14129630601,Lane_GmXHGGAC99,Initiator,role,523378631
c3f141a2-a7bc-4995-b4f5-5c32bf140423,66,5305d983-6a9c-11f0-946f-0215d9ab6dad,bf996092-8d66-408a-8d8e-5065ca3330c2,f679f4cf-c089-4a2b-9b84-b14129630601,Lane_SNug08gjLf,Approver,role,501989727
8a505c19-6f2c-4571-a7fa-53bc61828f6c,67,023fdb9a-6b6a-11f0-a747-0e0be9602fab,bf996092-8d66-408a-8d8e-5065ca3330c2,f679f4cf-c089-4a2b-9b84-b14129630601,Lane_GmXHGGAC99,Initiator,role,523378631
8a505c19-6f2c-4571-a7fa-53bc61828f6c,67,023fdb9a-6b6a-11f0-a747-0e0be9602fab,bf996092-8d66-408a-8d8e-5065ca3330c2,f679f4cf-c089-4a2b-9b84-b14129630601,Lane_SNug08gjLf,Approver,role,501989727
a838c6a9-d5a1-475f-bb6c-a2cabf2ee3a5,7,b07051c0-76be-11f0-8bd5-0232a6c7fd05,bf996092-8d66-408a-8d8e-5065ca3330c2,f679f4cf-c089-4a2b-9b84-b14129630601,Lane_jx0nBNtdWE,Initiator,role,501989815
a838c6a9-d5a1-475f-bb6c-a2cabf2ee3a5,7,b07051c0-76be-11f0-8bd5-0232a6c7fd05,bf996092-8d66-408a-8d8e-5065ca3330c2,f679f4cf-c089-4a2b-9b84-b14129630601,Lane_EguoyjH3Vc,Reviewer 1,role,501989807
a838c6a9-d5a1-475f-bb6c-a2cabf2ee3a5,7,b07051c0-76be-11f0-8bd5-0232a6c7fd05,bf996092-8d66-408a-8d8e-5065ca3330c2,f679f4cf-c089-4a2b-9b84-b14129630601,Lane_EguoyjH3Vc,Reviewer 1,role,501989722
a838c6a9-d5a1-475f-bb6c-a2cabf2ee3a5,7,b07051c0-76be-11f0-8bd5-0232a6c7fd05,bf996092-8d66-408a-8d8e-5065ca3330c2,f679f4cf-c089-4a2b-9b84-b14129630601,Lane_EguoyjH3Vc,Reviewer 1,role,501989723
a838c6a9-d5a1-475f-bb6c-a2cabf2ee3a5,7,b07051c0-76be-11f0-8bd5-0232a6c7fd05,bf996092-8d66-408a-8d8e-5065ca3330c2,f679f4cf-c089-4a2b-9b84-b14129630601,Lane_zsglHaSx70,Reviewer 2,role,501989780
a838c6a9-d5a1-475f-bb6c-a2cabf2ee3a5,7,b07051c0-76be-11f0-8bd5-0232a6c7fd05,bf996092-8d66-408a-8d8e-5065ca3330c2,f679f4cf-c089-4a2b-9b84-b14129630601,Lane_zsglHaSx70,Reviewer 2,role,501989782
a838c6a9-d5a1-475f-bb6c-a2cabf2ee3a5,7,b07051c0-76be-11f0-8bd5-0232a6c7fd05,bf996092-8d66-408a-8d8e-5065ca3330c2,f679f4cf-c089-4a2b-9b84-b14129630601,Lane_zsglHaSx70,Reviewer 2,role,501989778
a838c6a9-d5a1-475f-bb6c-a2cabf2ee3a5,7,b07051c0-76be-11f0-8bd5-0232a6c7fd05,bf996092-8d66-408a-8d8e-5065ca3330c2,f679f4cf-c089-4a2b-9b84-b14129630601,Lane_T7P8T9PPL7,Reviewer 3,role,501989725
a838c6a9-d5a1-475f-bb6c-a2cabf2ee3a5,7,b07051c0-76be-11f0-8bd5-0232a6c7fd05,bf996092-8d66-408a-8d8e-5065ca3330c2,f679f4cf-c089-4a2b-9b84-b14129630601,Lane_T7P8T9PPL7,Reviewer 3,role,501989730
a838c6a9-d5a1-475f-bb6c-a2cabf2ee3a5,7,b07051c0-76be-11f0-8bd5-0232a6c7fd05,bf996092-8d66-408a-8d8e-5065ca3330c2,f679f4cf-c089-4a2b-9b84-b14129630601,Lane_T7P8T9PPL7,Reviewer 3,role,501989716
a838c6a9-d5a1-475f-bb6c-a2cabf2ee3a5,7,b07051c0-76be-11f0-8bd5-0232a6c7fd05,bf996092-8d66-408a-8d8e-5065ca3330c2,f679f4cf-c089-4a2b-9b84-b14129630601,Lane_T7P8T9PPL7,Reviewer 3,role,501989731
a838c6a9-d5a1-475f-bb6c-a2cabf2ee3a5,7,b07051c0-76be-11f0-8bd5-0232a6c7fd05,bf996092-8d66-408a-8d8e-5065ca3330c2,f679f4cf-c089-4a2b-9b84-b14129630601,Lane_T7P8T9PPL7,Reviewer 3,role,501989812
a838c6a9-d5a1-475f-bb6c-a2cabf2ee3a5,7,b07051c0-76be-11f0-8bd5-0232a6c7fd05,bf996092-8d66-408a-8d8e-5065ca3330c2,f679f4cf-c089-4a2b-9b84-b14129630601,Lane_T7P8T9PPL7,Reviewer 3,role,501989733
a838c6a9-d5a1-475f-bb6c-a2cabf2ee3a5,7,b07051c0-76be-11f0-8bd5-0232a6c7fd05,bf996092-8d66-408a-8d8e-5065ca3330c2,f679f4cf-c089-4a2b-9b84-b14129630601,Lane_T7P8T9PPL7,Reviewer 3,role,501989720
a838c6a9-d5a1-475f-bb6c-a2cabf2ee3a5,7,b07051c0-76be-11f0-8bd5-0232a6c7fd05,bf996092-8d66-408a-8d8e-5065ca3330c2,f679f4cf-c089-4a2b-9b84-b14129630601,Lane_T7P8T9PPL7,Reviewer 3,role,501989829
a838c6a9-d5a1-475f-bb6c-a2cabf2ee3a5,7,b07051c0-76be-11f0-8bd5-0232a6c7fd05,bf996092-8d66-408a-8d8e-5065ca3330c2,f679f4cf-c089-4a2b-9b84-b14129630601,Lane_wwNWDKqFHR,Approver,role,501989718
b1e48b39-40e3-437a-9fbf-7294a777d39e,24,0a78c626-57cb-11f0-85ce-0e76b507ac35,bf996092-8d66-408a-8d8e-5065ca3330c2,f679f4cf-c089-4a2b-9b84-b14129630601,Lane_GmXHGGAC99,Initiator,role,523378631
b1e48b39-40e3-437a-9fbf-7294a777d39e,24,0a78c626-57cb-11f0-85ce-0e76b507ac35,bf996092-8d66-408a-8d8e-5065ca3330c2,f679f4cf-c089-4a2b-9b84-b14129630601,Lane_SNug08gjLf,Approver,role,501989727
f3db41b9-b20b-4ec5-ba91-d1677494b135,19,1985a4b9-55ac-11f0-bb6c-024cf0d6ba5b,bf996092-8d66-408a-8d8e-5065ca3330c2,f679f4cf-c089-4a2b-9b84-b14129630601,Lane_GmXHGGAC99,Initiator,role,523378631
f3db41b9-b20b-4ec5-ba91-d1677494b135,19,1985a4b9-55ac-11f0-bb6c-024cf0d6ba5b,bf996092-8d66-408a-8d8e-5065ca3330c2,f679f4cf-c089-4a2b-9b84-b14129630601,Lane_SNug08gjLf,Approver,role,501989727
ef63ca15-718e-49c3-8675-33f7392ad768,21,3d43d61b-5630-11f0-b41e-0e1a305bfb29,bf996092-8d66-408a-8d8e-5065ca3330c2,f679f4cf-c089-4a2b-9b84-b14129630601,Lane_GmXHGGAC99,Initiator,role,523378631
ef63ca15-718e-49c3-8675-33f7392ad768,21,3d43d61b-5630-11f0-b41e-0e1a305bfb29,bf996092-8d66-408a-8d8e-5065ca3330c2,f679f4cf-c089-4a2b-9b84-b14129630601,Lane_SNug08gjLf,Approver,role,501989727
9ceade32-f3dd-4a29-a0ba-fec6f984fc5e,23,7fb19611-56fb-11f0-b07f-0e777e0eb1e3,bf996092-8d66-408a-8d8e-5065ca3330c2,f679f4cf-c089-4a2b-9b84-b14129630601,Lane_GmXHGGAC99,Initiator,role,523378631
9ceade32-f3dd-4a29-a0ba-fec6f984fc5e,23,7fb19611-56fb-11f0-b07f-0e777e0eb1e3,bf996092-8d66-408a-8d8e-5065ca3330c2,f679f4cf-c089-4a2b-9b84-b14129630601,Lane_SNug08gjLf,Approver,role,501989727
c483817a-98de-4dff-9f89-4f3cad7b7d57,20,3f3466ef-55ac-11f0-9c77-02d9a35b2c71,bf996092-8d66-408a-8d8e-5065ca3330c2,f679f4cf-c089-4a2b-9b84-b14129630601,Lane_GmXHGGAC99,Initiator,role,523378631
c483817a-98de-4dff-9f89-4f3cad7b7d57,20,3f3466ef-55ac-11f0-9c77-02d9a35b2c71,bf996092-8d66-408a-8d8e-5065ca3330c2,f679f4cf-c089-4a2b-9b84-b14129630601,Lane_SNug08gjLf,Approver,role,501989727
71704312-402a-4714-b2e1-7a2af4c0d04b,88,ef558e53-7800-11f0-946f-0215d9ab6dad,bf996092-8d66-408a-8d8e-5065ca3330c2,f679f4cf-c089-4a2b-9b84-b14129630601,Lane_GmXHGGAC99,Initiator,role,523378631
71704312-402a-4714-b2e1-7a2af4c0d04b,88,ef558e53-7800-11f0-946f-0215d9ab6dad,bf996092-8d66-408a-8d8e-5065ca3330c2,f679f4cf-c089-4a2b-9b84-b14129630601,Lane_SNug08gjLf,Approver,role,501989727
62cdc88d-3f80-42f2-bfd7-33cb7b5be060,46,fb856fd3-5e0c-11f0-aa18-0affcce8a0f5,bf996092-8d66-408a-8d8e-5065ca3330c2,f679f4cf-c089-4a2b-9b84-b14129630601,Lane_GmXHGGAC99,Initiator,role,523378631
62cdc88d-3f80-42f2-bfd7-33cb7b5be060,46,fb856fd3-5e0c-11f0-aa18-0affcce8a0f5,bf996092-8d66-408a-8d8e-5065ca3330c2,f679f4cf-c089-4a2b-9b84-b14129630601,Lane_SNug08gjLf,Approver,role,501989727
80ceb732-6721-494a-a720-16cfdea2a5cd,36,,bf996092-8d66-408a-8d8e-5065ca3330c2,f679f4cf-c089-4a2b-9b84-b14129630601,Lane_GmXHGGAC99,Initiator,role,523378631
80ceb732-6721-494a-a720-16cfdea2a5cd,36,,bf996092-8d66-408a-8d8e-5065ca3330c2,f679f4cf-c089-4a2b-9b84-b14129630601,Lane_SNug08gjLf,Approver,role,501989727
efab657c-e188-4445-8b06-8e77a0a2f2c6,28,,bf996092-8d66-408a-8d8e-5065ca3330c2,f679f4cf-c089-4a2b-9b84-b14129630601,Lane_GmXHGGAC99,Initiator,role,523378631
efab657c-e188-4445-8b06-8e77a0a2f2c6,28,,bf996092-8d66-408a-8d8e-5065ca3330c2,f679f4cf-c089-4a2b-9b84-b14129630601,Lane_SNug08gjLf,Approver,role,501989727
7e598275-9b2c-4674-b384-a15c27098c1d,22,,bf996092-8d66-408a-8d8e-5065ca3330c2,f679f4cf-c089-4a2b-9b84-b14129630601,Lane_oD0oT8bAmr,Initiator,role,501989807
7e598275-9b2c-4674-b384-a15c27098c1d,22,,bf996092-8d66-408a-8d8e-5065ca3330c2,f679f4cf-c089-4a2b-9b84-b14129630601,Lane_oD0oT8bAmr,Initiator,role,501989736
7e598275-9b2c-4674-b384-a15c27098c1d,22,,bf996092-8d66-408a-8d8e-5065ca3330c2,f679f4cf-c089-4a2b-9b84-b14129630601,Lane_VoLbGF0djc,Reviewer 1,role,501989815
7e598275-9b2c-4674-b384-a15c27098c1d,22,,bf996092-8d66-408a-8d8e-5065ca3330c2,f679f4cf-c089-4a2b-9b84-b14129630601,Lane_RZVrlVcKf4,Reviewer 2,role,501989723
7e598275-9b2c-4674-b384-a15c27098c1d,22,,bf996092-8d66-408a-8d8e-5065ca3330c2,f679f4cf-c089-4a2b-9b84-b14129630601,Lane_iDzJL2nJlQ,Approver,role,501989718
b6e2e0b7-e29b-4526-80bb-a24478ffff15,47,3eb2653d-5e18-11f0-b8ba-0affd1463659,bf996092-8d66-408a-8d8e-5065ca3330c2,f679f4cf-c089-4a2b-9b84-b14129630601,Lane_B6c1vpIDYj,Initiator,role,526037269
b6e2e0b7-e29b-4526-80bb-a24478ffff15,47,3eb2653d-5e18-11f0-b8ba-0affd1463659,bf996092-8d66-408a-8d8e-5065ca3330c2,f679f4cf-c089-4a2b-9b84-b14129630601,Lane_cxMoGfwkqL,Approver,role,501989754
19fabdbb-eaaf-4064-b4ff-6a4637ce2161,57,bf4b5186-6454-11f0-a416-0edf6594598d,bf996092-8d66-408a-8d8e-5065ca3330c2,f679f4cf-c089-4a2b-9b84-b14129630601,Lane_GmXHGGAC99,Initiator,role,523378631
19fabdbb-eaaf-4064-b4ff-6a4637ce2161,57,bf4b5186-6454-11f0-a416-0edf6594598d,bf996092-8d66-408a-8d8e-5065ca3330c2,f679f4cf-c089-4a2b-9b84-b14129630601,Lane_SNug08gjLf,Approver,role,501989727
579e384a-1413-4e87-bc14-65ab430c4210,58,7efa0c93-652f-11f0-a416-0edf6594598d,bf996092-8d66-408a-8d8e-5065ca3330c2,f679f4cf-c089-4a2b-9b84-b14129630601,Lane_GmXHGGAC99,Initiator,role,523378631
579e384a-1413-4e87-bc14-65ab430c4210,58,7efa0c93-652f-11f0-a416-0edf6594598d,bf996092-8d66-408a-8d8e-5065ca3330c2,f679f4cf-c089-4a2b-9b84-b14129630601,Lane_SNug08gjLf,Approver,role,501989727
2afc6ddd-f212-4bab-8c3c-8db99319df00,59,ffc286e2-65e5-11f0-a70e-0afff35398af,bf996092-8d66-408a-8d8e-5065ca3330c2,f679f4cf-c089-4a2b-9b84-b14129630601,Lane_GmXHGGAC99,Initiator,role,523378631
2afc6ddd-f212-4bab-8c3c-8db99319df00,59,ffc286e2-65e5-11f0-a70e-0afff35398af,bf996092-8d66-408a-8d8e-5065ca3330c2,f679f4cf-c089-4a2b-9b84-b14129630601,Lane_SNug08gjLf,Approver,role,501989727
b89dd4d2-af90-4e71-bf52-d70abd5ff237,68,b166518f-6c33-11f0-9661-0afff06a47b1,bf996092-8d66-408a-8d8e-5065ca3330c2,f679f4cf-c089-4a2b-9b84-b14129630601,Lane_GmXHGGAC99,Initiator,role,523378631
b89dd4d2-af90-4e71-bf52-d70abd5ff237,68,b166518f-6c33-11f0-9661-0afff06a47b1,bf996092-8d66-408a-8d8e-5065ca3330c2,f679f4cf-c089-4a2b-9b84-b14129630601,Lane_SNug08gjLf,Approver,role,501989727
bfe5c754-0c12-4b5e-9731-2ebb21b10b02,76,d8f3019f-7280-11f0-a747-0e0be9602fab,bf996092-8d66-408a-8d8e-5065ca3330c2,f679f4cf-c089-4a2b-9b84-b14129630601,Lane_GmXHGGAC99,Initiator,role,523378631
bfe5c754-0c12-4b5e-9731-2ebb21b10b02,76,d8f3019f-7280-11f0-a747-0e0be9602fab,bf996092-8d66-408a-8d8e-5065ca3330c2,f679f4cf-c089-4a2b-9b84-b14129630601,Lane_SNug08gjLf,Approver,role,501989727
c1dbef37-336d-459b-9c5c-a49537b00ff1,77,fb1541f3-7280-11f0-ba69-0affe15d0ad3,bf996092-8d66-408a-8d8e-5065ca3330c2,f679f4cf-c089-4a2b-9b84-b14129630601,Lane_GmXHGGAC99,Initiator,role,523378631
c1dbef37-336d-459b-9c5c-a49537b00ff1,77,fb1541f3-7280-11f0-ba69-0affe15d0ad3,bf996092-8d66-408a-8d8e-5065ca3330c2,f679f4cf-c089-4a2b-9b84-b14129630601,Lane_SNug08gjLf,Approver,role,501989727
6a91fb98-b5db-4fd8-af52-18b38b0ebb4f,78,30c54e31-7281-11f0-9b63-0edefbbefc43,bf996092-8d66-408a-8d8e-5065ca3330c2,f679f4cf-c089-4a2b-9b84-b14129630601,Lane_GmXHGGAC99,Initiator,role,523378631
6a91fb98-b5db-4fd8-af52-18b38b0ebb4f,78,30c54e31-7281-11f0-9b63-0edefbbefc43,bf996092-8d66-408a-8d8e-5065ca3330c2,f679f4cf-c089-4a2b-9b84-b14129630601,Lane_SNug08gjLf,Approver,role,501989727
29437e4b-d09e-46cf-8e13-f3d465ddf018,79,0c21290f-7282-11f0-8e03-023b6ba72275,bf996092-8d66-408a-8d8e-5065ca3330c2,f679f4cf-c089-4a2b-9b84-b14129630601,Lane_GmXHGGAC99,Initiator,role,523378631
29437e4b-d09e-46cf-8e13-f3d465ddf018,79,0c21290f-7282-11f0-8e03-023b6ba72275,bf996092-8d66-408a-8d8e-5065ca3330c2,f679f4cf-c089-4a2b-9b84-b14129630601,Lane_SNug08gjLf,Approver,role,501989727
4931fa5c-1bcc-43dc-a724-c4161391edf4,80,5aafd409-7283-11f0-8e03-023b6ba72275,bf996092-8d66-408a-8d8e-5065ca3330c2,f679f4cf-c089-4a2b-9b84-b14129630601,Lane_GmXHGGAC99,Initiator,role,523378631
4931fa5c-1bcc-43dc-a724-c4161391edf4,80,5aafd409-7283-11f0-8e03-023b6ba72275,bf996092-8d66-408a-8d8e-5065ca3330c2,f679f4cf-c089-4a2b-9b84-b14129630601,Lane_SNug08gjLf,Approver,role,501989727
acecaf3c-c97f-4bcb-95a1-3f765595f68d,12,,bf996092-8d66-408a-8d8e-5065ca3330c2,f679f4cf-c089-4a2b-9b84-b14129630601,Lane_jx0nBNtdWE,Initiator,role,501989815
acecaf3c-c97f-4bcb-95a1-3f765595f68d,12,,bf996092-8d66-408a-8d8e-5065ca3330c2,f679f4cf-c089-4a2b-9b84-b14129630601,Lane_EguoyjH3Vc,Reviewer 1,role,501989807
acecaf3c-c97f-4bcb-95a1-3f765595f68d,12,,bf996092-8d66-408a-8d8e-5065ca3330c2,f679f4cf-c089-4a2b-9b84-b14129630601,Lane_EguoyjH3Vc,Reviewer 1,role,501989722
acecaf3c-c97f-4bcb-95a1-3f765595f68d,12,,bf996092-8d66-408a-8d8e-5065ca3330c2,f679f4cf-c089-4a2b-9b84-b14129630601,Lane_EguoyjH3Vc,Reviewer 1,role,501989723
acecaf3c-c97f-4bcb-95a1-3f765595f68d,12,,bf996092-8d66-408a-8d8e-5065ca3330c2,f679f4cf-c089-4a2b-9b84-b14129630601,Lane_zsglHaSx70,Reviewer 2,role,501989780
acecaf3c-c97f-4bcb-95a1-3f765595f68d,12,,bf996092-8d66-408a-8d8e-5065ca3330c2,f679f4cf-c089-4a2b-9b84-b14129630601,Lane_zsglHaSx70,Reviewer 2,role,501989782
acecaf3c-c97f-4bcb-95a1-3f765595f68d,12,,bf996092-8d66-408a-8d8e-5065ca3330c2,f679f4cf-c089-4a2b-9b84-b14129630601,Lane_zsglHaSx70,Reviewer 2,role,501989778
acecaf3c-c97f-4bcb-95a1-3f765595f68d,12,,bf996092-8d66-408a-8d8e-5065ca3330c2,f679f4cf-c089-4a2b-9b84-b14129630601,Lane_T7P8T9PPL7,Reviewer 3,role,501989725
acecaf3c-c97f-4bcb-95a1-3f765595f68d,12,,bf996092-8d66-408a-8d8e-5065ca3330c2,f679f4cf-c089-4a2b-9b84-b14129630601,Lane_T7P8T9PPL7,Reviewer 3,role,501989730
acecaf3c-c97f-4bcb-95a1-3f765595f68d,12,,bf996092-8d66-408a-8d8e-5065ca3330c2,f679f4cf-c089-4a2b-9b84-b14129630601,Lane_T7P8T9PPL7,Reviewer 3,role,501989716
acecaf3c-c97f-4bcb-95a1-3f765595f68d,12,,bf996092-8d66-408a-8d8e-5065ca3330c2,f679f4cf-c089-4a2b-9b84-b14129630601,Lane_T7P8T9PPL7,Reviewer 3,role,501989731
acecaf3c-c97f-4bcb-95a1-3f765595f68d,12,,bf996092-8d66-408a-8d8e-5065ca3330c2,f679f4cf-c089-4a2b-9b84-b14129630601,Lane_T7P8T9PPL7,Reviewer 3,role,501989812
acecaf3c-c97f-4bcb-95a1-3f765595f68d,12,,bf996092-8d66-408a-8d8e-5065ca3330c2,f679f4cf-c089-4a2b-9b84-b14129630601,Lane_T7P8T9PPL7,Reviewer 3,role,501989733
acecaf3c-c97f-4bcb-95a1-3f765595f68d,12,,bf996092-8d66-408a-8d8e-5065ca3330c2,f679f4cf-c089-4a2b-9b84-b14129630601,Lane_T7P8T9PPL7,Reviewer 3,role,501989720
acecaf3c-c97f-4bcb-95a1-3f765595f68d,12,,bf996092-8d66-408a-8d8e-5065ca3330c2,f679f4cf-c089-4a2b-9b84-b14129630601,Lane_T7P8T9PPL7,Reviewer 3,role,501989829
acecaf3c-c97f-4bcb-95a1-3f765595f68d,12,,bf996092-8d66-408a-8d8e-5065ca3330c2,f679f4cf-c089-4a2b-9b84-b14129630601,Lane_wwNWDKqFHR,Approver,role,501989718
eafe6a24-57d5-41f5-adca-13b77f15efd6,8,7087fadd-7f56-11f0-ba69-0affe15d0ad3,bf996092-8d66-408a-8d8e-5065ca3330c2,f679f4cf-c089-4a2b-9b84-b14129630601,Lane_jx0nBNtdWE,Initiator,role,501989815
eafe6a24-57d5-41f5-adca-13b77f15efd6,8,7087fadd-7f56-11f0-ba69-0affe15d0ad3,bf996092-8d66-408a-8d8e-5065ca3330c2,f679f4cf-c089-4a2b-9b84-b14129630601,Lane_EguoyjH3Vc,Reviewer 1,role,501989807
eafe6a24-57d5-41f5-adca-13b77f15efd6,8,7087fadd-7f56-11f0-ba69-0affe15d0ad3,bf996092-8d66-408a-8d8e-5065ca3330c2,f679f4cf-c089-4a2b-9b84-b14129630601,Lane_EguoyjH3Vc,Reviewer 1,role,501989722
eafe6a24-57d5-41f5-adca-13b77f15efd6,8,7087fadd-7f56-11f0-ba69-0affe15d0ad3,bf996092-8d66-408a-8d8e-5065ca3330c2,f679f4cf-c089-4a2b-9b84-b14129630601,Lane_EguoyjH3Vc,Reviewer 1,role,501989723
eafe6a24-57d5-41f5-adca-13b77f15efd6,8,7087fadd-7f56-11f0-ba69-0affe15d0ad3,bf996092-8d66-408a-8d8e-5065ca3330c2,f679f4cf-c089-4a2b-9b84-b14129630601,Lane_zsglHaSx70,Reviewer 2,role,501989780
eafe6a24-57d5-41f5-adca-13b77f15efd6,8,7087fadd-7f56-11f0-ba69-0affe15d0ad3,bf996092-8d66-408a-8d8e-5065ca3330c2,f679f4cf-c089-4a2b-9b84-b14129630601,Lane_zsglHaSx70,Reviewer 2,role,501989782
eafe6a24-57d5-41f5-adca-13b77f15efd6,8,7087fadd-7f56-11f0-ba69-0affe15d0ad3,bf996092-8d66-408a-8d8e-5065ca3330c2,f679f4cf-c089-4a2b-9b84-b14129630601,Lane_zsglHaSx70,Reviewer 2,role,501989778
eafe6a24-57d5-41f5-adca-13b77f15efd6,8,7087fadd-7f56-11f0-ba69-0affe15d0ad3,bf996092-8d66-408a-8d8e-5065ca3330c2,f679f4cf-c089-4a2b-9b84-b14129630601,Lane_T7P8T9PPL7,Reviewer 3,role,501989725
eafe6a24-57d5-41f5-adca-13b77f15efd6,8,7087fadd-7f56-11f0-ba69-0affe15d0ad3,bf996092-8d66-408a-8d8e-5065ca3330c2,f679f4cf-c089-4a2b-9b84-b14129630601,Lane_T7P8T9PPL7,Reviewer 3,role,501989730
eafe6a24-57d5-41f5-adca-13b77f15efd6,8,7087fadd-7f56-11f0-ba69-0affe15d0ad3,bf996092-8d66-408a-8d8e-5065ca3330c2,f679f4cf-c089-4a2b-9b84-b14129630601,Lane_T7P8T9PPL7,Reviewer 3,role,501989716
eafe6a24-57d5-41f5-adca-13b77f15efd6,8,7087fadd-7f56-11f0-ba69-0affe15d0ad3,bf996092-8d66-408a-8d8e-5065ca3330c2,f679f4cf-c089-4a2b-9b84-b14129630601,Lane_T7P8T9PPL7,Reviewer 3,role,501989731
eafe6a24-57d5-41f5-adca-13b77f15efd6,8,7087fadd-7f56-11f0-ba69-0affe15d0ad3,bf996092-8d66-408a-8d8e-5065ca3330c2,f679f4cf-c089-4a2b-9b84-b14129630601,Lane_T7P8T9PPL7,Reviewer 3,role,501989812
eafe6a24-57d5-41f5-adca-13b77f15efd6,8,7087fadd-7f56-11f0-ba69-0affe15d0ad3,bf996092-8d66-408a-8d8e-5065ca3330c2,f679f4cf-c089-4a2b-9b84-b14129630601,Lane_T7P8T9PPL7,Reviewer 3,role,501989733
eafe6a24-57d5-41f5-adca-13b77f15efd6,8,7087fadd-7f56-11f0-ba69-0affe15d0ad3,bf996092-8d66-408a-8d8e-5065ca3330c2,f679f4cf-c089-4a2b-9b84-b14129630601,Lane_T7P8T9PPL7,Reviewer 3,role,501989720
eafe6a24-57d5-41f5-adca-13b77f15efd6,8,7087fadd-7f56-11f0-ba69-0affe15d0ad3,bf996092-8d66-408a-8d8e-5065ca3330c2,f679f4cf-c089-4a2b-9b84-b14129630601,Lane_T7P8T9PPL7,Reviewer 3,role,501989829
eafe6a24-57d5-41f5-adca-13b77f15efd6,8,7087fadd-7f56-11f0-ba69-0affe15d0ad3,bf996092-8d66-408a-8d8e-5065ca3330c2,f679f4cf-c089-4a2b-9b84-b14129630601,Lane_wwNWDKqFHR,Approver,role,501989718
4664135d-ef0f-4f29-b961-1e3c718f5217,89,822440e1-78d0-11f0-ba69-0affe15d0ad3,bf996092-8d66-408a-8d8e-5065ca3330c2,f679f4cf-c089-4a2b-9b84-b14129630601,Lane_GmXHGGAC99,Initiator,role,523378631
4664135d-ef0f-4f29-b961-1e3c718f5217,89,822440e1-78d0-11f0-ba69-0affe15d0ad3,bf996092-8d66-408a-8d8e-5065ca3330c2,f679f4cf-c089-4a2b-9b84-b14129630601,Lane_SNug08gjLf,Approver,role,501989727
2a7595b7-7d8a-46d2-bab1-1daa7ddc0130,91,,bf996092-8d66-408a-8d8e-5065ca3330c2,f679f4cf-c089-4a2b-9b84-b14129630601,Lane_9kfe0pY6AP,Initiator,role,501989807
2a7595b7-7d8a-46d2-bab1-1daa7ddc0130,91,,bf996092-8d66-408a-8d8e-5065ca3330c2,f679f4cf-c089-4a2b-9b84-b14129630601,Lane_Lr6JCzeD86,Reviewer,role,501989723
2a7595b7-7d8a-46d2-bab1-1daa7ddc0130,91,,bf996092-8d66-408a-8d8e-5065ca3330c2,f679f4cf-c089-4a2b-9b84-b14129630601,Lane_ZGz84nfJnL,Approver,role,501989718
81340699-5726-4111-8648-bcb7e9d6e2f2,90,b08c2c95-78dc-11f0-8e65-0afff7224aab,bf996092-8d66-408a-8d8e-5065ca3330c2,f679f4cf-c089-4a2b-9b84-b14129630601,Lane_9kfe0pY6AP,Initiator,role,501989807
81340699-5726-4111-8648-bcb7e9d6e2f2,90,b08c2c95-78dc-11f0-8e65-0afff7224aab,bf996092-8d66-408a-8d8e-5065ca3330c2,f679f4cf-c089-4a2b-9b84-b14129630601,Lane_Lr6JCzeD86,Reviewer,role,501989723
81340699-5726-4111-8648-bcb7e9d6e2f2,90,b08c2c95-78dc-11f0-8e65-0afff7224aab,bf996092-8d66-408a-8d8e-5065ca3330c2,f679f4cf-c089-4a2b-9b84-b14129630601,Lane_ZGz84nfJnL,Approver,role,501989718
013aea28-7668-41c7-af80-861970a61ed2,70,,bf996092-8d66-408a-8d8e-5065ca3330c2,f679f4cf-c089-4a2b-9b84-b14129630601,Lane_GmXHGGAC99,Initiator,role,523378631
013aea28-7668-41c7-af80-861970a61ed2,70,,bf996092-8d66-408a-8d8e-5065ca3330c2,f679f4cf-c089-4a2b-9b84-b14129630601,Lane_SNug08gjLf,Approver,role,501989727
8792ba8b-e9c6-4289-a2d5-1da924d10fca,81,fea82fc6-7348-11f0-946f-0215d9ab6dad,bf996092-8d66-408a-8d8e-5065ca3330c2,f679f4cf-c089-4a2b-9b84-b14129630601,Lane_c9ZW3jrw6W,Initiator,role,501989782
8792ba8b-e9c6-4289-a2d5-1da924d10fca,81,fea82fc6-7348-11f0-946f-0215d9ab6dad,bf996092-8d66-408a-8d8e-5065ca3330c2,f679f4cf-c089-4a2b-9b84-b14129630601,Lane_YPfSd9A0dV,Reviewer 1,role,501989807
8792ba8b-e9c6-4289-a2d5-1da924d10fca,81,fea82fc6-7348-11f0-946f-0215d9ab6dad,bf996092-8d66-408a-8d8e-5065ca3330c2,f679f4cf-c089-4a2b-9b84-b14129630601,Lane_d70y71OHFz,Reviewer 2,role,501989733
8792ba8b-e9c6-4289-a2d5-1da924d10fca,81,fea82fc6-7348-11f0-946f-0215d9ab6dad,bf996092-8d66-408a-8d8e-5065ca3330c2,f679f4cf-c089-4a2b-9b84-b14129630601,Lane_d70y71OHFz,Reviewer 2,role,501989829
8792ba8b-e9c6-4289-a2d5-1da924d10fca,81,fea82fc6-7348-11f0-946f-0215d9ab6dad,bf996092-8d66-408a-8d8e-5065ca3330c2,f679f4cf-c089-4a2b-9b84-b14129630601,Lane_d70y71OHFz,Reviewer 2,role,501989723
8792ba8b-e9c6-4289-a2d5-1da924d10fca,81,fea82fc6-7348-11f0-946f-0215d9ab6dad,bf996092-8d66-408a-8d8e-5065ca3330c2,f679f4cf-c089-4a2b-9b84-b14129630601,Lane_d70y71OHFz,Reviewer 2,role,501989812
8792ba8b-e9c6-4289-a2d5-1da924d10fca,81,fea82fc6-7348-11f0-946f-0215d9ab6dad,bf996092-8d66-408a-8d8e-5065ca3330c2,f679f4cf-c089-4a2b-9b84-b14129630601,Lane_qfrnqhaoCi,Approver,role,501989718
b049f387-03a8-468f-b9ea-5a06fae3c449,82,d5c4cb46-734f-11f0-9661-0afff06a47b1,bf996092-8d66-408a-8d8e-5065ca3330c2,f679f4cf-c089-4a2b-9b84-b14129630601,Lane_GmXHGGAC99,Initiator,role,523378631
b049f387-03a8-468f-b9ea-5a06fae3c449,82,d5c4cb46-734f-11f0-9661-0afff06a47b1,bf996092-8d66-408a-8d8e-5065ca3330c2,f679f4cf-c089-4a2b-9b84-b14129630601,Lane_SNug08gjLf,Approver,role,501989727
34102c5d-571f-4b8d-ab25-37ed6ef52b6a,92,e84c8f26-7919-11f0-a747-0e0be9602fab,bf996092-8d66-408a-8d8e-5065ca3330c2,f679f4cf-c089-4a2b-9b84-b14129630601,Lane_jx0nBNtdWE,Initiator,role,501989815
34102c5d-571f-4b8d-ab25-37ed6ef52b6a,92,e84c8f26-7919-11f0-a747-0e0be9602fab,bf996092-8d66-408a-8d8e-5065ca3330c2,f679f4cf-c089-4a2b-9b84-b14129630601,Lane_EguoyjH3Vc,Reviewer 1,role,501989807
34102c5d-571f-4b8d-ab25-37ed6ef52b6a,92,e84c8f26-7919-11f0-a747-0e0be9602fab,bf996092-8d66-408a-8d8e-5065ca3330c2,f679f4cf-c089-4a2b-9b84-b14129630601,Lane_EguoyjH3Vc,Reviewer 1,role,501989722
34102c5d-571f-4b8d-ab25-37ed6ef52b6a,92,e84c8f26-7919-11f0-a747-0e0be9602fab,bf996092-8d66-408a-8d8e-5065ca3330c2,f679f4cf-c089-4a2b-9b84-b14129630601,Lane_EguoyjH3Vc,Reviewer 1,role,501989723
34102c5d-571f-4b8d-ab25-37ed6ef52b6a,92,e84c8f26-7919-11f0-a747-0e0be9602fab,bf996092-8d66-408a-8d8e-5065ca3330c2,f679f4cf-c089-4a2b-9b84-b14129630601,Lane_zsglHaSx70,Reviewer 2,role,501989780
34102c5d-571f-4b8d-ab25-37ed6ef52b6a,92,e84c8f26-7919-11f0-a747-0e0be9602fab,bf996092-8d66-408a-8d8e-5065ca3330c2,f679f4cf-c089-4a2b-9b84-b14129630601,Lane_zsglHaSx70,Reviewer 2,role,501989782
34102c5d-571f-4b8d-ab25-37ed6ef52b6a,92,e84c8f26-7919-11f0-a747-0e0be9602fab,bf996092-8d66-408a-8d8e-5065ca3330c2,f679f4cf-c089-4a2b-9b84-b14129630601,Lane_zsglHaSx70,Reviewer 2,role,501989778
34102c5d-571f-4b8d-ab25-37ed6ef52b6a,92,e84c8f26-7919-11f0-a747-0e0be9602fab,bf996092-8d66-408a-8d8e-5065ca3330c2,f679f4cf-c089-4a2b-9b84-b14129630601,Lane_T7P8T9PPL7,Reviewer 3,role,501989725
34102c5d-571f-4b8d-ab25-37ed6ef52b6a,92,e84c8f26-7919-11f0-a747-0e0be9602fab,bf996092-8d66-408a-8d8e-5065ca3330c2,f679f4cf-c089-4a2b-9b84-b14129630601,Lane_T7P8T9PPL7,Reviewer 3,role,501989730
34102c5d-571f-4b8d-ab25-37ed6ef52b6a,92,e84c8f26-7919-11f0-a747-0e0be9602fab,bf996092-8d66-408a-8d8e-5065ca3330c2,f679f4cf-c089-4a2b-9b84-b14129630601,Lane_T7P8T9PPL7,Reviewer 3,role,501989716
34102c5d-571f-4b8d-ab25-37ed6ef52b6a,92,e84c8f26-7919-11f0-a747-0e0be9602fab,bf996092-8d66-408a-8d8e-5065ca3330c2,f679f4cf-c089-4a2b-9b84-b14129630601,Lane_T7P8T9PPL7,Reviewer 3,role,501989731
34102c5d-571f-4b8d-ab25-37ed6ef52b6a,92,e84c8f26-7919-11f0-a747-0e0be9602fab,bf996092-8d66-408a-8d8e-5065ca3330c2,f679f4cf-c089-4a2b-9b84-b14129630601,Lane_T7P8T9PPL7,Reviewer 3,role,501989812
34102c5d-571f-4b8d-ab25-37ed6ef52b6a,92,e84c8f26-7919-11f0-a747-0e0be9602fab,bf996092-8d66-408a-8d8e-5065ca3330c2,f679f4cf-c089-4a2b-9b84-b14129630601,Lane_T7P8T9PPL7,Reviewer 3,role,501989733
34102c5d-571f-4b8d-ab25-37ed6ef52b6a,92,e84c8f26-7919-11f0-a747-0e0be9602fab,bf996092-8d66-408a-8d8e-5065ca3330c2,f679f4cf-c089-4a2b-9b84-b14129630601,Lane_T7P8T9PPL7,Reviewer 3,role,501989720
34102c5d-571f-4b8d-ab25-37ed6ef52b6a,92,e84c8f26-7919-11f0-a747-0e0be9602fab,bf996092-8d66-408a-8d8e-5065ca3330c2,f679f4cf-c089-4a2b-9b84-b14129630601,Lane_T7P8T9PPL7,Reviewer 3,role,501989829
34102c5d-571f-4b8d-ab25-37ed6ef52b6a,92,e84c8f26-7919-11f0-a747-0e0be9602fab,bf996092-8d66-408a-8d8e-5065ca3330c2,f679f4cf-c089-4a2b-9b84-b14129630601,Lane_wwNWDKqFHR,Approver,role,501989718
ba86b76b-17da-4890-86e9-9fb7a20e10ec,106,5ba95b0d-7fe1-11f0-8bd5-0232a6c7fd05,bf996092-8d66-408a-8d8e-5065ca3330c2,f679f4cf-c089-4a2b-9b84-b14129630601,Lane_GmXHGGAC99,Initiator,role,523378631
ba86b76b-17da-4890-86e9-9fb7a20e10ec,106,5ba95b0d-7fe1-11f0-8bd5-0232a6c7fd05,bf996092-8d66-408a-8d8e-5065ca3330c2,f679f4cf-c089-4a2b-9b84-b14129630601,Lane_SNug08gjLf,Approver,role,501989727
084246c4-c2e3-4d70-bb90-f63467748037,107,6a4bb17a-7fe1-11f0-946f-0215d9ab6dad,bf996092-8d66-408a-8d8e-5065ca3330c2,f679f4cf-c089-4a2b-9b84-b14129630601,Lane_GmXHGGAC99,Initiator,role,523378631
084246c4-c2e3-4d70-bb90-f63467748037,107,6a4bb17a-7fe1-11f0-946f-0215d9ab6dad,bf996092-8d66-408a-8d8e-5065ca3330c2,f679f4cf-c089-4a2b-9b84-b14129630601,Lane_SNug08gjLf,Approver,role,501989727
27280686-67a0-4c1a-8910-6f57802cf86f,108,8e8a710c-80a2-11f0-ba69-0affe15d0ad3,bf996092-8d66-408a-8d8e-5065ca3330c2,f679f4cf-c089-4a2b-9b84-b14129630601,Lane_GmXHGGAC99,Initiator,role,523378631
27280686-67a0-4c1a-8910-6f57802cf86f,108,8e8a710c-80a2-11f0-ba69-0affe15d0ad3,bf996092-8d66-408a-8d8e-5065ca3330c2,f679f4cf-c089-4a2b-9b84-b14129630601,Lane_SNug08gjLf,Approver,role,501989727
ea0819c8-731d-4e3b-90f1-0d7f5ce5b27c,109,49e5196a-816b-11f0-8bd5-0232a6c7fd05,bf996092-8d66-408a-8d8e-5065ca3330c2,f679f4cf-c089-4a2b-9b84-b14129630601,Lane_GmXHGGAC99,Initiator,role,523378631
ea0819c8-731d-4e3b-90f1-0d7f5ce5b27c,109,49e5196a-816b-11f0-8bd5-0232a6c7fd05,bf996092-8d66-408a-8d8e-5065ca3330c2,f679f4cf-c089-4a2b-9b84-b14129630601,Lane_SNug08gjLf,Approver,role,501989727
bfed5479-4f30-4dd8-8160-8b737199faf6,105,f41a3b34-7f56-11f0-8e03-023b6ba72275,bf996092-8d66-408a-8d8e-5065ca3330c2,f679f4cf-c089-4a2b-9b84-b14129630601,Lane_qoY6EnugGU,Initiator,role,501989815
bfed5479-4f30-4dd8-8160-8b737199faf6,105,f41a3b34-7f56-11f0-8e03-023b6ba72275,bf996092-8d66-408a-8d8e-5065ca3330c2,f679f4cf-c089-4a2b-9b84-b14129630601,Lane_oeVNS6TfZN,Reviewer 1,role,501989807
bfed5479-4f30-4dd8-8160-8b737199faf6,105,f41a3b34-7f56-11f0-8e03-023b6ba72275,bf996092-8d66-408a-8d8e-5065ca3330c2,f679f4cf-c089-4a2b-9b84-b14129630601,Lane_oeVNS6TfZN,Reviewer 1,role,501989722
bfed5479-4f30-4dd8-8160-8b737199faf6,105,f41a3b34-7f56-11f0-8e03-023b6ba72275,bf996092-8d66-408a-8d8e-5065ca3330c2,f679f4cf-c089-4a2b-9b84-b14129630601,Lane_oeVNS6TfZN,Reviewer 1,role,501989723
bfed5479-4f30-4dd8-8160-8b737199faf6,105,f41a3b34-7f56-11f0-8e03-023b6ba72275,bf996092-8d66-408a-8d8e-5065ca3330c2,f679f4cf-c089-4a2b-9b84-b14129630601,Lane_KaiNmLFAwi,Reviewer 2,role,501989780
bfed5479-4f30-4dd8-8160-8b737199faf6,105,f41a3b34-7f56-11f0-8e03-023b6ba72275,bf996092-8d66-408a-8d8e-5065ca3330c2,f679f4cf-c089-4a2b-9b84-b14129630601,Lane_KaiNmLFAwi,Reviewer 2,role,501989782
bfed5479-4f30-4dd8-8160-8b737199faf6,105,f41a3b34-7f56-11f0-8e03-023b6ba72275,bf996092-8d66-408a-8d8e-5065ca3330c2,f679f4cf-c089-4a2b-9b84-b14129630601,Lane_KaiNmLFAwi,Reviewer 2,role,501989778
bfed5479-4f30-4dd8-8160-8b737199faf6,105,f41a3b34-7f56-11f0-8e03-023b6ba72275,bf996092-8d66-408a-8d8e-5065ca3330c2,f679f4cf-c089-4a2b-9b84-b14129630601,Lane_Ff7trAhgyy,Reviewer 3,role,501989725
bfed5479-4f30-4dd8-8160-8b737199faf6,105,f41a3b34-7f56-11f0-8e03-023b6ba72275,bf996092-8d66-408a-8d8e-5065ca3330c2,f679f4cf-c089-4a2b-9b84-b14129630601,Lane_Ff7trAhgyy,Reviewer 3,role,501989730
bfed5479-4f30-4dd8-8160-8b737199faf6,105,f41a3b34-7f56-11f0-8e03-023b6ba72275,bf996092-8d66-408a-8d8e-5065ca3330c2,f679f4cf-c089-4a2b-9b84-b14129630601,Lane_Ff7trAhgyy,Reviewer 3,role,501989731
bfed5479-4f30-4dd8-8160-8b737199faf6,105,f41a3b34-7f56-11f0-8e03-023b6ba72275,bf996092-8d66-408a-8d8e-5065ca3330c2,f679f4cf-c089-4a2b-9b84-b14129630601,Lane_Ff7trAhgyy,Reviewer 3,role,501989812
bfed5479-4f30-4dd8-8160-8b737199faf6,105,f41a3b34-7f56-11f0-8e03-023b6ba72275,bf996092-8d66-408a-8d8e-5065ca3330c2,f679f4cf-c089-4a2b-9b84-b14129630601,Lane_Ff7trAhgyy,Reviewer 3,role,501989733
bfed5479-4f30-4dd8-8160-8b737199faf6,105,f41a3b34-7f56-11f0-8e03-023b6ba72275,bf996092-8d66-408a-8d8e-5065ca3330c2,f679f4cf-c089-4a2b-9b84-b14129630601,Lane_Ff7trAhgyy,Reviewer 3,role,501989829
bfed5479-4f30-4dd8-8160-8b737199faf6,105,f41a3b34-7f56-11f0-8e03-023b6ba72275,bf996092-8d66-408a-8d8e-5065ca3330c2,f679f4cf-c089-4a2b-9b84-b14129630601,Lane_ZZGBJD8WRj,Approver,role,501989718
81b16b59-495f-476b-b9e6-7dbced84b68e,110,c4613e36-8235-11f0-8e65-0afff7224aab,bf996092-8d66-408a-8d8e-5065ca3330c2,f679f4cf-c089-4a2b-9b84-b14129630601,Lane_GmXHGGAC99,Initiator,role,523378631
81b16b59-495f-476b-b9e6-7dbced84b68e,110,c4613e36-8235-11f0-8e65-0afff7224aab,bf996092-8d66-408a-8d8e-5065ca3330c2,f679f4cf-c089-4a2b-9b84-b14129630601,Lane_SNug08gjLf,Approver,role,501989727
964662e6-ee46-4c81-8096-d5446503d821,101,239e6fe2-7a55-11f0-a747-0e0be9602fab,bf996092-8d66-408a-8d8e-5065ca3330c2,f6ab14eb-1a66-4ea5-8a0f-0afbda444403,Lane_HmhJrmtTm2,Initiator,role,531853828
964662e6-ee46-4c81-8096-d5446503d821,101,239e6fe2-7a55-11f0-a747-0e0be9602fab,bf996092-8d66-408a-8d8e-5065ca3330c2,f6ab14eb-1a66-4ea5-8a0f-0afbda444403,Lane_gaVRiIdV2m,Approver,role,531853847
f6706076-a517-4022-87dc-5abdd0c686c9,78,3d5c3af4-7339-11f0-8e03-023b6ba72275,bf996092-8d66-408a-8d8e-5065ca3330c2,f6ab14eb-1a66-4ea5-8a0f-0afbda444403,Lane_1oieIaoghq,Initiator,role,531853828
f6706076-a517-4022-87dc-5abdd0c686c9,78,3d5c3af4-7339-11f0-8e03-023b6ba72275,bf996092-8d66-408a-8d8e-5065ca3330c2,f6ab14eb-1a66-4ea5-8a0f-0afbda444403,Lane_RhsOEwGhP9,Approver,role,531853847
d701ef5a-ab9a-4e5b-be50-4b57a32bbaa1,79,c60d8e2e-7345-11f0-8bd5-0232a6c7fd05,bf996092-8d66-408a-8d8e-5065ca3330c2,f6ab14eb-1a66-4ea5-8a0f-0afbda444403,Lane_1oieIaoghq,Initiator,role,531853828
d701ef5a-ab9a-4e5b-be50-4b57a32bbaa1,79,c60d8e2e-7345-11f0-8bd5-0232a6c7fd05,bf996092-8d66-408a-8d8e-5065ca3330c2,f6ab14eb-1a66-4ea5-8a0f-0afbda444403,Lane_RhsOEwGhP9,Approver,role,531853847
58d3bef8-8521-4399-9000-64b20859674a,80,0e02456b-7346-11f0-9b63-0edefbbefc43,bf996092-8d66-408a-8d8e-5065ca3330c2,f6ab14eb-1a66-4ea5-8a0f-0afbda444403,Lane_1oieIaoghq,Initiator,role,531853828
58d3bef8-8521-4399-9000-64b20859674a,80,0e02456b-7346-11f0-9b63-0edefbbefc43,bf996092-8d66-408a-8d8e-5065ca3330c2,f6ab14eb-1a66-4ea5-8a0f-0afbda444403,Lane_RhsOEwGhP9,Approver,role,531853847
9a1c54c1-aba9-4013-aaee-d2efa7e37741,81,5f7abfec-7385-11f0-8bd5-0232a6c7fd05,bf996092-8d66-408a-8d8e-5065ca3330c2,f6ab14eb-1a66-4ea5-8a0f-0afbda444403,Lane_HmhJrmtTm2,Initiator,role,531853828
9a1c54c1-aba9-4013-aaee-d2efa7e37741,81,5f7abfec-7385-11f0-8bd5-0232a6c7fd05,bf996092-8d66-408a-8d8e-5065ca3330c2,f6ab14eb-1a66-4ea5-8a0f-0afbda444403,Lane_gaVRiIdV2m,Approver,role,531853847
76e71403-351b-4eae-8d30-91916c645abb,82,55c8a514-7386-11f0-946f-0215d9ab6dad,bf996092-8d66-408a-8d8e-5065ca3330c2,f6ab14eb-1a66-4ea5-8a0f-0afbda444403,Lane_HmhJrmtTm2,Initiator,role,531853828
76e71403-351b-4eae-8d30-91916c645abb,82,55c8a514-7386-11f0-946f-0215d9ab6dad,bf996092-8d66-408a-8d8e-5065ca3330c2,f6ab14eb-1a66-4ea5-8a0f-0afbda444403,Lane_gaVRiIdV2m,Approver,role,531853847
ee1e76d3-73a7-4af3-a352-77ab1cf6bc3e,83,a7f02e8b-7387-11f0-8e03-023b6ba72275,bf996092-8d66-408a-8d8e-5065ca3330c2,f6ab14eb-1a66-4ea5-8a0f-0afbda444403,Lane_HmhJrmtTm2,Initiator,role,531853828
ee1e76d3-73a7-4af3-a352-77ab1cf6bc3e,83,a7f02e8b-7387-11f0-8e03-023b6ba72275,bf996092-8d66-408a-8d8e-5065ca3330c2,f6ab14eb-1a66-4ea5-8a0f-0afbda444403,Lane_gaVRiIdV2m,Approver,role,531853847
48055898-e4cc-46f8-8782-2d3f2eccabbb,21,cd677853-580b-11f0-b651-02316e585bff,bf996092-8d66-408a-8d8e-5065ca3330c2,f6ab14eb-1a66-4ea5-8a0f-0afbda444403,Lane_1oieIaoghq,Initiator,role,531853828
48055898-e4cc-46f8-8782-2d3f2eccabbb,21,cd677853-580b-11f0-b651-02316e585bff,bf996092-8d66-408a-8d8e-5065ca3330c2,f6ab14eb-1a66-4ea5-8a0f-0afbda444403,Lane_RhsOEwGhP9,Approver,role,531853847
3fc1549c-8270-4cda-9856-c6328a770ad0,20,4e6a3aad-5809-11f0-b41e-0e1a305bfb29,bf996092-8d66-408a-8d8e-5065ca3330c2,f6ab14eb-1a66-4ea5-8a0f-0afbda444403,Lane_1oieIaoghq,Initiator,role,531853828
3fc1549c-8270-4cda-9856-c6328a770ad0,20,4e6a3aad-5809-11f0-b41e-0e1a305bfb29,bf996092-8d66-408a-8d8e-5065ca3330c2,f6ab14eb-1a66-4ea5-8a0f-0afbda444403,Lane_RhsOEwGhP9,Approver,role,531853847
fcb743a5-56c7-40e3-9ad3-ef238a0817db,19,19125de9-5805-11f0-ba7a-02677a6c0a19,bf996092-8d66-408a-8d8e-5065ca3330c2,f6ab14eb-1a66-4ea5-8a0f-0afbda444403,Lane_1oieIaoghq,Initiator,role,531853828
fcb743a5-56c7-40e3-9ad3-ef238a0817db,19,19125de9-5805-11f0-ba7a-02677a6c0a19,bf996092-8d66-408a-8d8e-5065ca3330c2,f6ab14eb-1a66-4ea5-8a0f-0afbda444403,Lane_RhsOEwGhP9,Approver,role,531853847
4a96eb60-ac48-43d5-9720-71a91a6efc24,18,4449b526-5804-11f0-9e15-0afff499248b,bf996092-8d66-408a-8d8e-5065ca3330c2,f6ab14eb-1a66-4ea5-8a0f-0afbda444403,Lane_1oieIaoghq,Initiator,role,531853828
4a96eb60-ac48-43d5-9720-71a91a6efc24,18,4449b526-5804-11f0-9e15-0afff499248b,bf996092-8d66-408a-8d8e-5065ca3330c2,f6ab14eb-1a66-4ea5-8a0f-0afbda444403,Lane_RhsOEwGhP9,Approver,role,531853847
725f7b6b-2225-4b41-a63a-ed466fd0be30,17,cca7e76f-5802-11f0-9e15-0afff499248b,bf996092-8d66-408a-8d8e-5065ca3330c2,f6ab14eb-1a66-4ea5-8a0f-0afbda444403,Lane_1oieIaoghq,Initiator,role,531853828
725f7b6b-2225-4b41-a63a-ed466fd0be30,17,cca7e76f-5802-11f0-9e15-0afff499248b,bf996092-8d66-408a-8d8e-5065ca3330c2,f6ab14eb-1a66-4ea5-8a0f-0afbda444403,Lane_RhsOEwGhP9,Approver,role,531853847
0b4b50a3-1995-4c7d-a6de-18676d48c10b,29,8560b7a9-5d45-11f0-ba7a-02677a6c0a19,bf996092-8d66-408a-8d8e-5065ca3330c2,f6ab14eb-1a66-4ea5-8a0f-0afbda444403,Lane_fzJLdhiAqO,Initiator,role,531853918
0b4b50a3-1995-4c7d-a6de-18676d48c10b,29,8560b7a9-5d45-11f0-ba7a-02677a6c0a19,bf996092-8d66-408a-8d8e-5065ca3330c2,f6ab14eb-1a66-4ea5-8a0f-0afbda444403,Lane_Zrtf5PmDKy,Reviewer 1,role,531853916
0b4b50a3-1995-4c7d-a6de-18676d48c10b,29,8560b7a9-5d45-11f0-ba7a-02677a6c0a19,bf996092-8d66-408a-8d8e-5065ca3330c2,f6ab14eb-1a66-4ea5-8a0f-0afbda444403,Lane_Zrtf5PmDKy,Reviewer 1,role,531853838
0b4b50a3-1995-4c7d-a6de-18676d48c10b,29,8560b7a9-5d45-11f0-ba7a-02677a6c0a19,bf996092-8d66-408a-8d8e-5065ca3330c2,f6ab14eb-1a66-4ea5-8a0f-0afbda444403,Lane_Zrtf5PmDKy,Reviewer 1,role,531853839
0b4b50a3-1995-4c7d-a6de-18676d48c10b,29,8560b7a9-5d45-11f0-ba7a-02677a6c0a19,bf996092-8d66-408a-8d8e-5065ca3330c2,f6ab14eb-1a66-4ea5-8a0f-0afbda444403,Lane_ZKsMPkefBD,Reviewer 2,role,531853873
0b4b50a3-1995-4c7d-a6de-18676d48c10b,29,8560b7a9-5d45-11f0-ba7a-02677a6c0a19,bf996092-8d66-408a-8d8e-5065ca3330c2,f6ab14eb-1a66-4ea5-8a0f-0afbda444403,Lane_ZKsMPkefBD,Reviewer 2,role,531853889
0b4b50a3-1995-4c7d-a6de-18676d48c10b,29,8560b7a9-5d45-11f0-ba7a-02677a6c0a19,bf996092-8d66-408a-8d8e-5065ca3330c2,f6ab14eb-1a66-4ea5-8a0f-0afbda444403,Lane_ZKsMPkefBD,Reviewer 2,role,531853882
0b4b50a3-1995-4c7d-a6de-18676d48c10b,29,8560b7a9-5d45-11f0-ba7a-02677a6c0a19,bf996092-8d66-408a-8d8e-5065ca3330c2,f6ab14eb-1a66-4ea5-8a0f-0afbda444403,Lane_o8qea91Ixb,Reviewer 3,role,531853840
0b4b50a3-1995-4c7d-a6de-18676d48c10b,29,8560b7a9-5d45-11f0-ba7a-02677a6c0a19,bf996092-8d66-408a-8d8e-5065ca3330c2,f6ab14eb-1a66-4ea5-8a0f-0afbda444403,Lane_o8qea91Ixb,Reviewer 3,role,531853842
0b4b50a3-1995-4c7d-a6de-18676d48c10b,29,8560b7a9-5d45-11f0-ba7a-02677a6c0a19,bf996092-8d66-408a-8d8e-5065ca3330c2,f6ab14eb-1a66-4ea5-8a0f-0afbda444403,Lane_o8qea91Ixb,Reviewer 3,role,531853843
0b4b50a3-1995-4c7d-a6de-18676d48c10b,29,8560b7a9-5d45-11f0-ba7a-02677a6c0a19,bf996092-8d66-408a-8d8e-5065ca3330c2,f6ab14eb-1a66-4ea5-8a0f-0afbda444403,Lane_o8qea91Ixb,Reviewer 3,role,531853845
0b4b50a3-1995-4c7d-a6de-18676d48c10b,29,8560b7a9-5d45-11f0-ba7a-02677a6c0a19,bf996092-8d66-408a-8d8e-5065ca3330c2,f6ab14eb-1a66-4ea5-8a0f-0afbda444403,Lane_o8qea91Ixb,Reviewer 3,role,531853848
0b4b50a3-1995-4c7d-a6de-18676d48c10b,29,8560b7a9-5d45-11f0-ba7a-02677a6c0a19,bf996092-8d66-408a-8d8e-5065ca3330c2,f6ab14eb-1a66-4ea5-8a0f-0afbda444403,Lane_o8qea91Ixb,Reviewer 3,role,531853844
0b4b50a3-1995-4c7d-a6de-18676d48c10b,29,8560b7a9-5d45-11f0-ba7a-02677a6c0a19,bf996092-8d66-408a-8d8e-5065ca3330c2,f6ab14eb-1a66-4ea5-8a0f-0afbda444403,Lane_WLd6ghXUWU,Approver,role,531853841
0f107944-1fb2-4d35-b367-6b68bd786a5e,11,699bff27-5244-11f0-9a68-0e458c92dd85,bf996092-8d66-408a-8d8e-5065ca3330c2,f6ab14eb-1a66-4ea5-8a0f-0afbda444403,Lane_1oieIaoghq,Initiator,role,531853828
0f107944-1fb2-4d35-b367-6b68bd786a5e,11,699bff27-5244-11f0-9a68-0e458c92dd85,bf996092-8d66-408a-8d8e-5065ca3330c2,f6ab14eb-1a66-4ea5-8a0f-0afbda444403,Lane_RhsOEwGhP9,Approver,role,531853847
49ea5846-13b4-4a9c-87e1-4ab5e9e84d70,12,ed6c8718-524c-11f0-8141-0affcb2ad165,bf996092-8d66-408a-8d8e-5065ca3330c2,f6ab14eb-1a66-4ea5-8a0f-0afbda444403,Lane_1oieIaoghq,Initiator,role,531853828
49ea5846-13b4-4a9c-87e1-4ab5e9e84d70,12,ed6c8718-524c-11f0-8141-0affcb2ad165,bf996092-8d66-408a-8d8e-5065ca3330c2,f6ab14eb-1a66-4ea5-8a0f-0afbda444403,Lane_RhsOEwGhP9,Approver,role,531853847
0530484f-7e68-443c-9e7e-8b742a9bbb5f,102,b4de1f2b-7a55-11f0-9661-0afff06a47b1,bf996092-8d66-408a-8d8e-5065ca3330c2,f6ab14eb-1a66-4ea5-8a0f-0afbda444403,Lane_HmhJrmtTm2,Initiator,role,531853828
0530484f-7e68-443c-9e7e-8b742a9bbb5f,102,b4de1f2b-7a55-11f0-9661-0afff06a47b1,bf996092-8d66-408a-8d8e-5065ca3330c2,f6ab14eb-1a66-4ea5-8a0f-0afbda444403,Lane_gaVRiIdV2m,Approver,role,531853847
6583cfaf-a556-474b-a03c-9e8987a888ea,103,b000500d-7a78-11f0-946f-0215d9ab6dad,bf996092-8d66-408a-8d8e-5065ca3330c2,f6ab14eb-1a66-4ea5-8a0f-0afbda444403,Lane_HmhJrmtTm2,Initiator,role,531853828
6583cfaf-a556-474b-a03c-9e8987a888ea,103,b000500d-7a78-11f0-946f-0215d9ab6dad,bf996092-8d66-408a-8d8e-5065ca3330c2,f6ab14eb-1a66-4ea5-8a0f-0afbda444403,Lane_gaVRiIdV2m,Approver,role,531853847
474b3f67-4733-46d4-b3ba-c04ea4d76d40,104,63b6ef5f-7a79-11f0-8bd5-0232a6c7fd05,bf996092-8d66-408a-8d8e-5065ca3330c2,f6ab14eb-1a66-4ea5-8a0f-0afbda444403,Lane_HmhJrmtTm2,Initiator,role,531853828
474b3f67-4733-46d4-b3ba-c04ea4d76d40,104,63b6ef5f-7a79-11f0-8bd5-0232a6c7fd05,bf996092-8d66-408a-8d8e-5065ca3330c2,f6ab14eb-1a66-4ea5-8a0f-0afbda444403,Lane_gaVRiIdV2m,Approver,role,531853847
b3da9f91-cc1c-42b9-811d-712e1e5b1365,49,efcfd4cf-66ee-11f0-994a-0eab63e03b0b,bf996092-8d66-408a-8d8e-5065ca3330c2,f6ab14eb-1a66-4ea5-8a0f-0afbda444403,Lane_1oieIaoghq,Initiator,role,531853828
b3da9f91-cc1c-42b9-811d-712e1e5b1365,49,efcfd4cf-66ee-11f0-994a-0eab63e03b0b,bf996092-8d66-408a-8d8e-5065ca3330c2,f6ab14eb-1a66-4ea5-8a0f-0afbda444403,Lane_RhsOEwGhP9,Approver,role,531853847
4bc64575-7c45-48e0-842d-026f949f57b0,37,23f632ab-609b-11f0-ba7a-02677a6c0a19,bf996092-8d66-408a-8d8e-5065ca3330c2,f6ab14eb-1a66-4ea5-8a0f-0afbda444403,Lane_1oieIaoghq,Initiator,role,531853828
4bc64575-7c45-48e0-842d-026f949f57b0,37,23f632ab-609b-11f0-ba7a-02677a6c0a19,bf996092-8d66-408a-8d8e-5065ca3330c2,f6ab14eb-1a66-4ea5-8a0f-0afbda444403,Lane_RhsOEwGhP9,Approver,role,531853847
9f51e321-9a18-4bac-b452-55f927948bff,38,3de5f2f9-609c-11f0-9e15-0afff499248b,bf996092-8d66-408a-8d8e-5065ca3330c2,f6ab14eb-1a66-4ea5-8a0f-0afbda444403,Lane_1oieIaoghq,Initiator,role,531853828
9f51e321-9a18-4bac-b452-55f927948bff,38,3de5f2f9-609c-11f0-9e15-0afff499248b,bf996092-8d66-408a-8d8e-5065ca3330c2,f6ab14eb-1a66-4ea5-8a0f-0afbda444403,Lane_RhsOEwGhP9,Approver,role,531853847
06e5f87b-3c91-4e30-87c8-af7dd0d6b86b,39,b3e73ae2-609e-11f0-b651-02316e585bff,bf996092-8d66-408a-8d8e-5065ca3330c2,f6ab14eb-1a66-4ea5-8a0f-0afbda444403,Lane_1oieIaoghq,Initiator,role,531853828
06e5f87b-3c91-4e30-87c8-af7dd0d6b86b,39,b3e73ae2-609e-11f0-b651-02316e585bff,bf996092-8d66-408a-8d8e-5065ca3330c2,f6ab14eb-1a66-4ea5-8a0f-0afbda444403,Lane_RhsOEwGhP9,Approver,role,531853847
c8e2cc6f-4052-41ea-8e60-c949c4572109,130,8c5f89eb-8263-11f0-946f-0215d9ab6dad,bf996092-8d66-408a-8d8e-5065ca3330c2,f6ab14eb-1a66-4ea5-8a0f-0afbda444403,Lane_PT3LNakbsZ,Initiator,company,546159977
c8e2cc6f-4052-41ea-8e60-c949c4572109,130,8c5f89eb-8263-11f0-946f-0215d9ab6dad,bf996092-8d66-408a-8d8e-5065ca3330c2,f6ab14eb-1a66-4ea5-8a0f-0afbda444403,Lane_SRIy1ySEDJ,Approver,role,531853847
ead6dc43-8b97-476e-95fe-5c52f83e1e13,131,216cee28-8265-11f0-a747-0e0be9602fab,bf996092-8d66-408a-8d8e-5065ca3330c2,f6ab14eb-1a66-4ea5-8a0f-0afbda444403,Lane_PT3LNakbsZ,Initiator,company,546159977
ead6dc43-8b97-476e-95fe-5c52f83e1e13,131,216cee28-8265-11f0-a747-0e0be9602fab,bf996092-8d66-408a-8d8e-5065ca3330c2,f6ab14eb-1a66-4ea5-8a0f-0afbda444403,Lane_SRIy1ySEDJ,Approver,role,531853847
9bc0382b-a984-42d1-9bcf-c060c8a7da68,133,734f23df-82f5-11f0-a747-0e0be9602fab,bf996092-8d66-408a-8d8e-5065ca3330c2,f6ab14eb-1a66-4ea5-8a0f-0afbda444403,Lane_PT3LNakbsZ,Initiator,company,546159977
9bc0382b-a984-42d1-9bcf-c060c8a7da68,133,734f23df-82f5-11f0-a747-0e0be9602fab,bf996092-8d66-408a-8d8e-5065ca3330c2,f6ab14eb-1a66-4ea5-8a0f-0afbda444403,Lane_SRIy1ySEDJ,Approver,role,531853847
2374bd6c-dbfe-49ef-8314-06a5d4ce77fd,113,bcd0e516-7f3b-11f0-9b63-0edefbbefc43,bf996092-8d66-408a-8d8e-5065ca3330c2,f6ab14eb-1a66-4ea5-8a0f-0afbda444403,Lane_iBi1jOGnzH,Initiator,role,531853882
2374bd6c-dbfe-49ef-8314-06a5d4ce77fd,113,bcd0e516-7f3b-11f0-9b63-0edefbbefc43,bf996092-8d66-408a-8d8e-5065ca3330c2,f6ab14eb-1a66-4ea5-8a0f-0afbda444403,Lane_WI5CoL8VRR,Reviewer 1,role,531853916
2374bd6c-dbfe-49ef-8314-06a5d4ce77fd,113,bcd0e516-7f3b-11f0-9b63-0edefbbefc43,bf996092-8d66-408a-8d8e-5065ca3330c2,f6ab14eb-1a66-4ea5-8a0f-0afbda444403,Lane_hjs6voce5Q,Reviewer 2,role,531853845
2374bd6c-dbfe-49ef-8314-06a5d4ce77fd,113,bcd0e516-7f3b-11f0-9b63-0edefbbefc43,bf996092-8d66-408a-8d8e-5065ca3330c2,f6ab14eb-1a66-4ea5-8a0f-0afbda444403,Lane_hjs6voce5Q,Reviewer 2,role,531853844
2374bd6c-dbfe-49ef-8314-06a5d4ce77fd,113,bcd0e516-7f3b-11f0-9b63-0edefbbefc43,bf996092-8d66-408a-8d8e-5065ca3330c2,f6ab14eb-1a66-4ea5-8a0f-0afbda444403,Lane_hjs6voce5Q,Reviewer 2,role,531853839
2374bd6c-dbfe-49ef-8314-06a5d4ce77fd,113,bcd0e516-7f3b-11f0-9b63-0edefbbefc43,bf996092-8d66-408a-8d8e-5065ca3330c2,f6ab14eb-1a66-4ea5-8a0f-0afbda444403,Lane_c2apMujyWx,Approver,role,531853841
3dbb1ac4-68d7-4270-94e7-c3754db49380,134,a300dd52-8315-11f0-9661-0afff06a47b1,bf996092-8d66-408a-8d8e-5065ca3330c2,f6ab14eb-1a66-4ea5-8a0f-0afbda444403,Lane_yyqApGBEcZ,Initiator,company,561332857
3dbb1ac4-68d7-4270-94e7-c3754db49380,134,a300dd52-8315-11f0-9661-0afff06a47b1,bf996092-8d66-408a-8d8e-5065ca3330c2,f6ab14eb-1a66-4ea5-8a0f-0afbda444403,Lane_jQ63VDPZWV,Approver,role,531853847
a9349de5-7308-4850-ae98-c626c8dc45c3,58,6ef60a77-6c5a-11f0-a747-0e0be9602fab,bf996092-8d66-408a-8d8e-5065ca3330c2,f6ab14eb-1a66-4ea5-8a0f-0afbda444403,Lane_1oieIaoghq,Initiator,role,531853828
a9349de5-7308-4850-ae98-c626c8dc45c3,58,6ef60a77-6c5a-11f0-a747-0e0be9602fab,bf996092-8d66-408a-8d8e-5065ca3330c2,f6ab14eb-1a66-4ea5-8a0f-0afbda444403,Lane_RhsOEwGhP9,Approver,role,531853847
68769602-4833-457f-ad5b-215a3571bd84,86,f1332b88-7455-11f0-8bd5-0232a6c7fd05,bf996092-8d66-408a-8d8e-5065ca3330c2,f6ab14eb-1a66-4ea5-8a0f-0afbda444403,Lane_HmhJrmtTm2,Initiator,role,531853828
68769602-4833-457f-ad5b-215a3571bd84,86,f1332b88-7455-11f0-8bd5-0232a6c7fd05,bf996092-8d66-408a-8d8e-5065ca3330c2,f6ab14eb-1a66-4ea5-8a0f-0afbda444403,Lane_gaVRiIdV2m,Approver,role,531853847
47036748-e531-4699-8430-9248fbc3e2e7,85,0832bad8-740b-11f0-a747-0e0be9602fab,bf996092-8d66-408a-8d8e-5065ca3330c2,f6ab14eb-1a66-4ea5-8a0f-0afbda444403,Lane_HmhJrmtTm2,Initiator,role,531853828
47036748-e531-4699-8430-9248fbc3e2e7,85,0832bad8-740b-11f0-a747-0e0be9602fab,bf996092-8d66-408a-8d8e-5065ca3330c2,f6ab14eb-1a66-4ea5-8a0f-0afbda444403,Lane_gaVRiIdV2m,Approver,role,531853847
7684c2aa-7b20-4bce-b7a3-0e089cc17f86,59,4b145e2c-6d07-11f0-9b63-0edefbbefc43,bf996092-8d66-408a-8d8e-5065ca3330c2,f6ab14eb-1a66-4ea5-8a0f-0afbda444403,Lane_1oieIaoghq,Initiator,role,531853828
7684c2aa-7b20-4bce-b7a3-0e089cc17f86,59,4b145e2c-6d07-11f0-9b63-0edefbbefc43,bf996092-8d66-408a-8d8e-5065ca3330c2,f6ab14eb-1a66-4ea5-8a0f-0afbda444403,Lane_RhsOEwGhP9,Approver,role,531853847
9de09aea-6ebb-4e00-9de9-3fd3716bc418,61,c865ac9d-6e0a-11f0-9b63-0edefbbefc43,bf996092-8d66-408a-8d8e-5065ca3330c2,f6ab14eb-1a66-4ea5-8a0f-0afbda444403,Lane_1oieIaoghq,Initiator,role,531853828
9de09aea-6ebb-4e00-9de9-3fd3716bc418,61,c865ac9d-6e0a-11f0-9b63-0edefbbefc43,bf996092-8d66-408a-8d8e-5065ca3330c2,f6ab14eb-1a66-4ea5-8a0f-0afbda444403,Lane_RhsOEwGhP9,Approver,role,531853847
18a048a6-b65a-437e-baf1-c4ca2b83136a,62,e3737be7-6e0a-11f0-9661-0afff06a47b1,bf996092-8d66-408a-8d8e-5065ca3330c2,f6ab14eb-1a66-4ea5-8a0f-0afbda444403,Lane_1oieIaoghq,Initiator,role,531853828
18a048a6-b65a-437e-baf1-c4ca2b83136a,62,e3737be7-6e0a-11f0-9661-0afff06a47b1,bf996092-8d66-408a-8d8e-5065ca3330c2,f6ab14eb-1a66-4ea5-8a0f-0afbda444403,Lane_RhsOEwGhP9,Approver,role,531853847
7457a122-1417-4f54-940a-15972f373c6b,63,0d02d3be-6e0b-11f0-946f-0215d9ab6dad,bf996092-8d66-408a-8d8e-5065ca3330c2,f6ab14eb-1a66-4ea5-8a0f-0afbda444403,Lane_1oieIaoghq,Initiator,role,531853828
7457a122-1417-4f54-940a-15972f373c6b,63,0d02d3be-6e0b-11f0-946f-0215d9ab6dad,bf996092-8d66-408a-8d8e-5065ca3330c2,f6ab14eb-1a66-4ea5-8a0f-0afbda444403,Lane_RhsOEwGhP9,Approver,role,531853847
1b21a5d1-9025-48da-bb92-22da41a53992,64,23e26368-6e0b-11f0-9b63-0edefbbefc43,bf996092-8d66-408a-8d8e-5065ca3330c2,f6ab14eb-1a66-4ea5-8a0f-0afbda444403,Lane_1oieIaoghq,Initiator,role,531853828
1b21a5d1-9025-48da-bb92-22da41a53992,64,23e26368-6e0b-11f0-9b63-0edefbbefc43,bf996092-8d66-408a-8d8e-5065ca3330c2,f6ab14eb-1a66-4ea5-8a0f-0afbda444403,Lane_RhsOEwGhP9,Approver,role,531853847
7c8a02d8-986c-4b6c-8a0f-507b7762e48d,105,b0892cf1-7bf1-11f0-a747-0e0be9602fab,bf996092-8d66-408a-8d8e-5065ca3330c2,f6ab14eb-1a66-4ea5-8a0f-0afbda444403,Lane_HmhJrmtTm2,Initiator,role,531853828
7c8a02d8-986c-4b6c-8a0f-507b7762e48d,105,b0892cf1-7bf1-11f0-a747-0e0be9602fab,bf996092-8d66-408a-8d8e-5065ca3330c2,f6ab14eb-1a66-4ea5-8a0f-0afbda444403,Lane_gaVRiIdV2m,Approver,role,531853847
d22c607a-618a-4077-bdfd-306858140877,106,b9b56e86-7bf3-11f0-8e65-0afff7224aab,bf996092-8d66-408a-8d8e-5065ca3330c2,f6ab14eb-1a66-4ea5-8a0f-0afbda444403,Lane_HmhJrmtTm2,Initiator,role,531853828
d22c607a-618a-4077-bdfd-306858140877,106,b9b56e86-7bf3-11f0-8e65-0afff7224aab,bf996092-8d66-408a-8d8e-5065ca3330c2,f6ab14eb-1a66-4ea5-8a0f-0afbda444403,Lane_gaVRiIdV2m,Approver,role,531853847
213c0549-47db-4461-a9b8-94cdd020574c,108,657ec352-7cb0-11f0-8e65-0afff7224aab,bf996092-8d66-408a-8d8e-5065ca3330c2,f6ab14eb-1a66-4ea5-8a0f-0afbda444403,Lane_HmhJrmtTm2,Initiator,role,531853828
213c0549-47db-4461-a9b8-94cdd020574c,108,657ec352-7cb0-11f0-8e65-0afff7224aab,bf996092-8d66-408a-8d8e-5065ca3330c2,f6ab14eb-1a66-4ea5-8a0f-0afbda444403,Lane_gaVRiIdV2m,Approver,role,531853847
db95f760-e90d-4d5c-b7d3-4fc75d64a688,40,0a5c5de9-6162-11f0-8b24-0affee9495d5,bf996092-8d66-408a-8d8e-5065ca3330c2,f6ab14eb-1a66-4ea5-8a0f-0afbda444403,Lane_1oieIaoghq,Initiator,role,531853828
db95f760-e90d-4d5c-b7d3-4fc75d64a688,40,0a5c5de9-6162-11f0-8b24-0affee9495d5,bf996092-8d66-408a-8d8e-5065ca3330c2,f6ab14eb-1a66-4ea5-8a0f-0afbda444403,Lane_RhsOEwGhP9,Approver,role,531853847
013442e3-2735-47e7-b4b1-dbb16ecd7de2,22,d5f057c9-5971-11f0-9e15-0afff499248b,bf996092-8d66-408a-8d8e-5065ca3330c2,f6ab14eb-1a66-4ea5-8a0f-0afbda444403,Lane_1oieIaoghq,Initiator,role,531853828
013442e3-2735-47e7-b4b1-dbb16ecd7de2,22,d5f057c9-5971-11f0-9e15-0afff499248b,bf996092-8d66-408a-8d8e-5065ca3330c2,f6ab14eb-1a66-4ea5-8a0f-0afbda444403,Lane_RhsOEwGhP9,Approver,role,531853847
8715a352-9d6a-4fc6-a410-b39d7679ee57,24,8fe4fa2e-5b1e-11f0-b07f-0e777e0eb1e3,bf996092-8d66-408a-8d8e-5065ca3330c2,f6ab14eb-1a66-4ea5-8a0f-0afbda444403,Lane_1oieIaoghq,Initiator,role,531853828
8715a352-9d6a-4fc6-a410-b39d7679ee57,24,8fe4fa2e-5b1e-11f0-b07f-0e777e0eb1e3,bf996092-8d66-408a-8d8e-5065ca3330c2,f6ab14eb-1a66-4ea5-8a0f-0afbda444403,Lane_RhsOEwGhP9,Approver,role,531853847
2594c898-7b60-423a-93cb-cf4fff0ce7f2,23,beb5e9cd-5b1c-11f0-b8ba-0affd1463659,bf996092-8d66-408a-8d8e-5065ca3330c2,f6ab14eb-1a66-4ea5-8a0f-0afbda444403,Lane_1oieIaoghq,Initiator,role,531853828
2594c898-7b60-423a-93cb-cf4fff0ce7f2,23,beb5e9cd-5b1c-11f0-b8ba-0affd1463659,bf996092-8d66-408a-8d8e-5065ca3330c2,f6ab14eb-1a66-4ea5-8a0f-0afbda444403,Lane_RhsOEwGhP9,Approver,role,531853847
59fd94ef-dc72-4dc4-97a6-44984dd17f11,25,5f082bbd-5b1f-11f0-b8ba-0affd1463659,bf996092-8d66-408a-8d8e-5065ca3330c2,f6ab14eb-1a66-4ea5-8a0f-0afbda444403,Lane_1oieIaoghq,Initiator,role,531853828
59fd94ef-dc72-4dc4-97a6-44984dd17f11,25,5f082bbd-5b1f-11f0-b8ba-0affd1463659,bf996092-8d66-408a-8d8e-5065ca3330c2,f6ab14eb-1a66-4ea5-8a0f-0afbda444403,Lane_RhsOEwGhP9,Approver,role,531853847
a81db2b4-f0cd-4909-b776-1bc71bab1217,26,1c21497f-5b20-11f0-b8ba-0affd1463659,bf996092-8d66-408a-8d8e-5065ca3330c2,f6ab14eb-1a66-4ea5-8a0f-0afbda444403,Lane_1oieIaoghq,Initiator,role,531853828
a81db2b4-f0cd-4909-b776-1bc71bab1217,26,1c21497f-5b20-11f0-b8ba-0affd1463659,bf996092-8d66-408a-8d8e-5065ca3330c2,f6ab14eb-1a66-4ea5-8a0f-0afbda444403,Lane_RhsOEwGhP9,Approver,role,531853847
bc233708-d16a-4f18-bce6-f2de579fe74c,136,86e6e151-83c1-11f0-8e03-023b6ba72275,bf996092-8d66-408a-8d8e-5065ca3330c2,f6ab14eb-1a66-4ea5-8a0f-0afbda444403,Lane_aIp9NazU6f,Initiator,company,546159977
bc233708-d16a-4f18-bce6-f2de579fe74c,136,86e6e151-83c1-11f0-8e03-023b6ba72275,bf996092-8d66-408a-8d8e-5065ca3330c2,f6ab14eb-1a66-4ea5-8a0f-0afbda444403,Lane_vxSv6c8Mcx,Approver,role,531853847
1b20439e-89b0-4815-9856-733fa272338b,135,,bf996092-8d66-408a-8d8e-5065ca3330c2,f6ab14eb-1a66-4ea5-8a0f-0afbda444403,Lane_aIp9NazU6f,Initiator,company,546159977
1b20439e-89b0-4815-9856-733fa272338b,135,,bf996092-8d66-408a-8d8e-5065ca3330c2,f6ab14eb-1a66-4ea5-8a0f-0afbda444403,Lane_vxSv6c8Mcx,Approver,role,531853847
db5d8de2-6a3e-4f65-9934-3851650cd9e8,137,4e67bfe7-83ca-11f0-ba69-0affe15d0ad3,bf996092-8d66-408a-8d8e-5065ca3330c2,f6ab14eb-1a66-4ea5-8a0f-0afbda444403,Lane_Br9CJRVTUd,Initiator,company,561332857
db5d8de2-6a3e-4f65-9934-3851650cd9e8,137,4e67bfe7-83ca-11f0-ba69-0affe15d0ad3,bf996092-8d66-408a-8d8e-5065ca3330c2,f6ab14eb-1a66-4ea5-8a0f-0afbda444403,Lane_FxeemgMo28,Approver,role,531853847
58220789-cfb2-4e79-8731-467d796a613c,50,b5e1748f-684c-11f0-ba69-0affe15d0ad3,bf996092-8d66-408a-8d8e-5065ca3330c2,f6ab14eb-1a66-4ea5-8a0f-0afbda444403,Lane_1oieIaoghq,Initiator,role,531853828
58220789-cfb2-4e79-8731-467d796a613c,50,b5e1748f-684c-11f0-ba69-0affe15d0ad3,bf996092-8d66-408a-8d8e-5065ca3330c2,f6ab14eb-1a66-4ea5-8a0f-0afbda444403,Lane_RhsOEwGhP9,Approver,role,531853847
625b0a53-e08d-4f05-95d9-666cf8feeecb,51,2232d5cc-684e-11f0-9b63-0edefbbefc43,bf996092-8d66-408a-8d8e-5065ca3330c2,f6ab14eb-1a66-4ea5-8a0f-0afbda444403,Lane_1oieIaoghq,Initiator,role,531853828
625b0a53-e08d-4f05-95d9-666cf8feeecb,51,2232d5cc-684e-11f0-9b63-0edefbbefc43,bf996092-8d66-408a-8d8e-5065ca3330c2,f6ab14eb-1a66-4ea5-8a0f-0afbda444403,Lane_RhsOEwGhP9,Approver,role,531853847
87e48c75-be72-4807-af91-9c3cf433aa9a,13,b3119ab0-5311-11f0-bb6c-024cf0d6ba5b,bf996092-8d66-408a-8d8e-5065ca3330c2,f6ab14eb-1a66-4ea5-8a0f-0afbda444403,Lane_1oieIaoghq,Initiator,role,531853828
87e48c75-be72-4807-af91-9c3cf433aa9a,13,b3119ab0-5311-11f0-bb6c-024cf0d6ba5b,bf996092-8d66-408a-8d8e-5065ca3330c2,f6ab14eb-1a66-4ea5-8a0f-0afbda444403,Lane_RhsOEwGhP9,Approver,role,531853847
47ebb1ec-30ab-4903-8fdb-34b49a14b4ad,14,c1d4f3da-53ff-11f0-8183-0affe2591691,bf996092-8d66-408a-8d8e-5065ca3330c2,f6ab14eb-1a66-4ea5-8a0f-0afbda444403,Lane_1oieIaoghq,Initiator,role,531853828
47ebb1ec-30ab-4903-8fdb-34b49a14b4ad,14,c1d4f3da-53ff-11f0-8183-0affe2591691,bf996092-8d66-408a-8d8e-5065ca3330c2,f6ab14eb-1a66-4ea5-8a0f-0afbda444403,Lane_RhsOEwGhP9,Approver,role,531853847
d1092ee4-eb9b-4b69-b77b-ea1bd6d0b72a,15,6760250d-5401-11f0-8141-0affcb2ad165,bf996092-8d66-408a-8d8e-5065ca3330c2,f6ab14eb-1a66-4ea5-8a0f-0afbda444403,Lane_1oieIaoghq,Initiator,role,531853828
d1092ee4-eb9b-4b69-b77b-ea1bd6d0b72a,15,6760250d-5401-11f0-8141-0affcb2ad165,bf996092-8d66-408a-8d8e-5065ca3330c2,f6ab14eb-1a66-4ea5-8a0f-0afbda444403,Lane_RhsOEwGhP9,Approver,role,531853847
52c2ac4a-c067-4cd8-ad45-3c797bc919fa,41,c0359f5e-622f-11f0-994a-0eab63e03b0b,bf996092-8d66-408a-8d8e-5065ca3330c2,f6ab14eb-1a66-4ea5-8a0f-0afbda444403,Lane_1oieIaoghq,Initiator,role,531853828
52c2ac4a-c067-4cd8-ad45-3c797bc919fa,41,c0359f5e-622f-11f0-994a-0eab63e03b0b,bf996092-8d66-408a-8d8e-5065ca3330c2,f6ab14eb-1a66-4ea5-8a0f-0afbda444403,Lane_RhsOEwGhP9,Approver,role,531853847
e9450e2b-f5d0-4e00-a73f-afe5ea705e13,132,,bf996092-8d66-408a-8d8e-5065ca3330c2,f6ab14eb-1a66-4ea5-8a0f-0afbda444403,Lane_E4GOIST6br,Initiator,role,531853918
e9450e2b-f5d0-4e00-a73f-afe5ea705e13,132,,bf996092-8d66-408a-8d8e-5065ca3330c2,f6ab14eb-1a66-4ea5-8a0f-0afbda444403,Lane_sLr8kHztVR,Reviewer 1,role,531853838
e9450e2b-f5d0-4e00-a73f-afe5ea705e13,132,,bf996092-8d66-408a-8d8e-5065ca3330c2,f6ab14eb-1a66-4ea5-8a0f-0afbda444403,Lane_5BhosE4toF,Reviewer 2,role,531853840
e9450e2b-f5d0-4e00-a73f-afe5ea705e13,132,,bf996092-8d66-408a-8d8e-5065ca3330c2,f6ab14eb-1a66-4ea5-8a0f-0afbda444403,Lane_lidanvz9CB,Approver,role,531853842
3b336916-8e71-476e-b7ba-c97da33763d2,87,f15b15e3-74e0-11f0-946f-0215d9ab6dad,bf996092-8d66-408a-8d8e-5065ca3330c2,f6ab14eb-1a66-4ea5-8a0f-0afbda444403,Lane_HmhJrmtTm2,Initiator,role,531853828
3b336916-8e71-476e-b7ba-c97da33763d2,87,f15b15e3-74e0-11f0-946f-0215d9ab6dad,bf996092-8d66-408a-8d8e-5065ca3330c2,f6ab14eb-1a66-4ea5-8a0f-0afbda444403,Lane_gaVRiIdV2m,Approver,role,531853847
e211e7dd-6ca5-4acd-ab45-9f408a839aeb,88,a712c472-7500-11f0-9661-0afff06a47b1,bf996092-8d66-408a-8d8e-5065ca3330c2,f6ab14eb-1a66-4ea5-8a0f-0afbda444403,Lane_HmhJrmtTm2,Initiator,role,531853828
e211e7dd-6ca5-4acd-ab45-9f408a839aeb,88,a712c472-7500-11f0-9661-0afff06a47b1,bf996092-8d66-408a-8d8e-5065ca3330c2,f6ab14eb-1a66-4ea5-8a0f-0afbda444403,Lane_gaVRiIdV2m,Approver,role,531853847
298c0737-0aa2-4daa-9828-c4f5e8bbce22,89,451c8ac6-75a4-11f0-9b63-0edefbbefc43,bf996092-8d66-408a-8d8e-5065ca3330c2,f6ab14eb-1a66-4ea5-8a0f-0afbda444403,Lane_HmhJrmtTm2,Initiator,role,531853828
298c0737-0aa2-4daa-9828-c4f5e8bbce22,89,451c8ac6-75a4-11f0-9b63-0edefbbefc43,bf996092-8d66-408a-8d8e-5065ca3330c2,f6ab14eb-1a66-4ea5-8a0f-0afbda444403,Lane_gaVRiIdV2m,Approver,role,531853847
aa7bdb47-919a-4908-8546-09d4265a1fdc,90,6d1b9c4d-75bd-11f0-a747-0e0be9602fab,bf996092-8d66-408a-8d8e-5065ca3330c2,f6ab14eb-1a66-4ea5-8a0f-0afbda444403,Lane_HmhJrmtTm2,Initiator,role,531853828
aa7bdb47-919a-4908-8546-09d4265a1fdc,90,6d1b9c4d-75bd-11f0-a747-0e0be9602fab,bf996092-8d66-408a-8d8e-5065ca3330c2,f6ab14eb-1a66-4ea5-8a0f-0afbda444403,Lane_gaVRiIdV2m,Approver,role,531853847
2f7f8d19-942c-4c10-821d-8b914868bb68,91,34d06ea7-75e9-11f0-ba69-0affe15d0ad3,bf996092-8d66-408a-8d8e-5065ca3330c2,f6ab14eb-1a66-4ea5-8a0f-0afbda444403,Lane_HmhJrmtTm2,Initiator,role,531853828
2f7f8d19-942c-4c10-821d-8b914868bb68,91,34d06ea7-75e9-11f0-ba69-0affe15d0ad3,bf996092-8d66-408a-8d8e-5065ca3330c2,f6ab14eb-1a66-4ea5-8a0f-0afbda444403,Lane_gaVRiIdV2m,Approver,role,531853847
56a1b865-8bf2-4be4-8e2e-73a6721771c6,92,5d573c9e-7698-11f0-9b63-0edefbbefc43,bf996092-8d66-408a-8d8e-5065ca3330c2,f6ab14eb-1a66-4ea5-8a0f-0afbda444403,Lane_HmhJrmtTm2,Initiator,role,531853828
56a1b865-8bf2-4be4-8e2e-73a6721771c6,92,5d573c9e-7698-11f0-9b63-0edefbbefc43,bf996092-8d66-408a-8d8e-5065ca3330c2,f6ab14eb-1a66-4ea5-8a0f-0afbda444403,Lane_gaVRiIdV2m,Approver,role,531853847
e876dbb0-27f6-4f76-9cbe-26ca5b019595,116,251d7139-831a-11f0-8e65-0afff7224aab,bf996092-8d66-408a-8d8e-5065ca3330c2,f6ab14eb-1a66-4ea5-8a0f-0afbda444403,Lane_fzJLdhiAqO,Initiator,role,531853918
e876dbb0-27f6-4f76-9cbe-26ca5b019595,116,251d7139-831a-11f0-8e65-0afff7224aab,bf996092-8d66-408a-8d8e-5065ca3330c2,f6ab14eb-1a66-4ea5-8a0f-0afbda444403,Lane_Zrtf5PmDKy,Reviewer 1,role,531853916
e876dbb0-27f6-4f76-9cbe-26ca5b019595,116,251d7139-831a-11f0-8e65-0afff7224aab,bf996092-8d66-408a-8d8e-5065ca3330c2,f6ab14eb-1a66-4ea5-8a0f-0afbda444403,Lane_Zrtf5PmDKy,Reviewer 1,role,531853838
e876dbb0-27f6-4f76-9cbe-26ca5b019595,116,251d7139-831a-11f0-8e65-0afff7224aab,bf996092-8d66-408a-8d8e-5065ca3330c2,f6ab14eb-1a66-4ea5-8a0f-0afbda444403,Lane_Zrtf5PmDKy,Reviewer 1,role,531853839
e876dbb0-27f6-4f76-9cbe-26ca5b019595,116,251d7139-831a-11f0-8e65-0afff7224aab,bf996092-8d66-408a-8d8e-5065ca3330c2,f6ab14eb-1a66-4ea5-8a0f-0afbda444403,Lane_ZKsMPkefBD,Reviewer 2,role,531853873
e876dbb0-27f6-4f76-9cbe-26ca5b019595,116,251d7139-831a-11f0-8e65-0afff7224aab,bf996092-8d66-408a-8d8e-5065ca3330c2,f6ab14eb-1a66-4ea5-8a0f-0afbda444403,Lane_ZKsMPkefBD,Reviewer 2,role,531853889
e876dbb0-27f6-4f76-9cbe-26ca5b019595,116,251d7139-831a-11f0-8e65-0afff7224aab,bf996092-8d66-408a-8d8e-5065ca3330c2,f6ab14eb-1a66-4ea5-8a0f-0afbda444403,Lane_ZKsMPkefBD,Reviewer 2,role,531853882
e876dbb0-27f6-4f76-9cbe-26ca5b019595,116,251d7139-831a-11f0-8e65-0afff7224aab,bf996092-8d66-408a-8d8e-5065ca3330c2,f6ab14eb-1a66-4ea5-8a0f-0afbda444403,Lane_o8qea91Ixb,Reviewer 3,role,531853840
e876dbb0-27f6-4f76-9cbe-26ca5b019595,116,251d7139-831a-11f0-8e65-0afff7224aab,bf996092-8d66-408a-8d8e-5065ca3330c2,f6ab14eb-1a66-4ea5-8a0f-0afbda444403,Lane_o8qea91Ixb,Reviewer 3,role,531853842
e876dbb0-27f6-4f76-9cbe-26ca5b019595,116,251d7139-831a-11f0-8e65-0afff7224aab,bf996092-8d66-408a-8d8e-5065ca3330c2,f6ab14eb-1a66-4ea5-8a0f-0afbda444403,Lane_o8qea91Ixb,Reviewer 3,role,531853843
e876dbb0-27f6-4f76-9cbe-26ca5b019595,116,251d7139-831a-11f0-8e65-0afff7224aab,bf996092-8d66-408a-8d8e-5065ca3330c2,f6ab14eb-1a66-4ea5-8a0f-0afbda444403,Lane_o8qea91Ixb,Reviewer 3,role,531853845
e876dbb0-27f6-4f76-9cbe-26ca5b019595,116,251d7139-831a-11f0-8e65-0afff7224aab,bf996092-8d66-408a-8d8e-5065ca3330c2,f6ab14eb-1a66-4ea5-8a0f-0afbda444403,Lane_o8qea91Ixb,Reviewer 3,role,531853848
e876dbb0-27f6-4f76-9cbe-26ca5b019595,116,251d7139-831a-11f0-8e65-0afff7224aab,bf996092-8d66-408a-8d8e-5065ca3330c2,f6ab14eb-1a66-4ea5-8a0f-0afbda444403,Lane_o8qea91Ixb,Reviewer 3,role,531853844
e876dbb0-27f6-4f76-9cbe-26ca5b019595,116,251d7139-831a-11f0-8e65-0afff7224aab,bf996092-8d66-408a-8d8e-5065ca3330c2,f6ab14eb-1a66-4ea5-8a0f-0afbda444403,Lane_WLd6ghXUWU,Approver,role,531853841
74f71fc6-dc81-4abf-89ab-a93ba6fa383f,126,212c079a-8402-11f0-8e03-023b6ba72275,bf996092-8d66-408a-8d8e-5065ca3330c2,f6ab14eb-1a66-4ea5-8a0f-0afbda444403,Lane_fzJLdhiAqO,Initiator,role,531853918
74f71fc6-dc81-4abf-89ab-a93ba6fa383f,126,212c079a-8402-11f0-8e03-023b6ba72275,bf996092-8d66-408a-8d8e-5065ca3330c2,f6ab14eb-1a66-4ea5-8a0f-0afbda444403,Lane_Zrtf5PmDKy,Reviewer 1,role,531853916
74f71fc6-dc81-4abf-89ab-a93ba6fa383f,126,212c079a-8402-11f0-8e03-023b6ba72275,bf996092-8d66-408a-8d8e-5065ca3330c2,f6ab14eb-1a66-4ea5-8a0f-0afbda444403,Lane_Zrtf5PmDKy,Reviewer 1,role,531853838
74f71fc6-dc81-4abf-89ab-a93ba6fa383f,126,212c079a-8402-11f0-8e03-023b6ba72275,bf996092-8d66-408a-8d8e-5065ca3330c2,f6ab14eb-1a66-4ea5-8a0f-0afbda444403,Lane_Zrtf5PmDKy,Reviewer 1,role,531853839
74f71fc6-dc81-4abf-89ab-a93ba6fa383f,126,212c079a-8402-11f0-8e03-023b6ba72275,bf996092-8d66-408a-8d8e-5065ca3330c2,f6ab14eb-1a66-4ea5-8a0f-0afbda444403,Lane_ZKsMPkefBD,Reviewer 2,role,531853873
74f71fc6-dc81-4abf-89ab-a93ba6fa383f,126,212c079a-8402-11f0-8e03-023b6ba72275,bf996092-8d66-408a-8d8e-5065ca3330c2,f6ab14eb-1a66-4ea5-8a0f-0afbda444403,Lane_ZKsMPkefBD,Reviewer 2,role,531853889
74f71fc6-dc81-4abf-89ab-a93ba6fa383f,126,212c079a-8402-11f0-8e03-023b6ba72275,bf996092-8d66-408a-8d8e-5065ca3330c2,f6ab14eb-1a66-4ea5-8a0f-0afbda444403,Lane_ZKsMPkefBD,Reviewer 2,role,531853882
74f71fc6-dc81-4abf-89ab-a93ba6fa383f,126,212c079a-8402-11f0-8e03-023b6ba72275,bf996092-8d66-408a-8d8e-5065ca3330c2,f6ab14eb-1a66-4ea5-8a0f-0afbda444403,Lane_o8qea91Ixb,Reviewer 3,role,531853840
74f71fc6-dc81-4abf-89ab-a93ba6fa383f,126,212c079a-8402-11f0-8e03-023b6ba72275,bf996092-8d66-408a-8d8e-5065ca3330c2,f6ab14eb-1a66-4ea5-8a0f-0afbda444403,Lane_o8qea91Ixb,Reviewer 3,role,531853842
74f71fc6-dc81-4abf-89ab-a93ba6fa383f,126,212c079a-8402-11f0-8e03-023b6ba72275,bf996092-8d66-408a-8d8e-5065ca3330c2,f6ab14eb-1a66-4ea5-8a0f-0afbda444403,Lane_o8qea91Ixb,Reviewer 3,role,531853843
74f71fc6-dc81-4abf-89ab-a93ba6fa383f,126,212c079a-8402-11f0-8e03-023b6ba72275,bf996092-8d66-408a-8d8e-5065ca3330c2,f6ab14eb-1a66-4ea5-8a0f-0afbda444403,Lane_o8qea91Ixb,Reviewer 3,role,531853845
74f71fc6-dc81-4abf-89ab-a93ba6fa383f,126,212c079a-8402-11f0-8e03-023b6ba72275,bf996092-8d66-408a-8d8e-5065ca3330c2,f6ab14eb-1a66-4ea5-8a0f-0afbda444403,Lane_o8qea91Ixb,Reviewer 3,role,531853848
74f71fc6-dc81-4abf-89ab-a93ba6fa383f,126,212c079a-8402-11f0-8e03-023b6ba72275,bf996092-8d66-408a-8d8e-5065ca3330c2,f6ab14eb-1a66-4ea5-8a0f-0afbda444403,Lane_o8qea91Ixb,Reviewer 3,role,531853844
74f71fc6-dc81-4abf-89ab-a93ba6fa383f,126,212c079a-8402-11f0-8e03-023b6ba72275,bf996092-8d66-408a-8d8e-5065ca3330c2,f6ab14eb-1a66-4ea5-8a0f-0afbda444403,Lane_WLd6ghXUWU,Approver,role,531853841
82c03307-14ee-4fec-bb94-69bfe020ad61,107,,bf996092-8d66-408a-8d8e-5065ca3330c2,f6ab14eb-1a66-4ea5-8a0f-0afbda444403,Lane_HmhJrmtTm2,Initiator,role,531853828
82c03307-14ee-4fec-bb94-69bfe020ad61,107,,bf996092-8d66-408a-8d8e-5065ca3330c2,f6ab14eb-1a66-4ea5-8a0f-0afbda444403,Lane_gaVRiIdV2m,Approver,role,531853847
7c9903d2-8e7e-46d2-9a0e-318284eb06a9,42,a5adbedc-62e7-11f0-8b24-0affee9495d5,bf996092-8d66-408a-8d8e-5065ca3330c2,f6ab14eb-1a66-4ea5-8a0f-0afbda444403,Lane_ycJkvCAf9t,Initiator,role,531853949
7c9903d2-8e7e-46d2-9a0e-318284eb06a9,42,a5adbedc-62e7-11f0-8b24-0affee9495d5,bf996092-8d66-408a-8d8e-5065ca3330c2,f6ab14eb-1a66-4ea5-8a0f-0afbda444403,Lane_4bIZPhGi56,Approver,role,531853876
03db07d4-884c-463a-8cc9-912b5bbd8ca2,66,bd7e8307-6f5a-11f0-8e03-023b6ba72275,bf996092-8d66-408a-8d8e-5065ca3330c2,f6ab14eb-1a66-4ea5-8a0f-0afbda444403,Lane_ycJkvCAf9t,Initiator,role,531853949
03db07d4-884c-463a-8cc9-912b5bbd8ca2,66,bd7e8307-6f5a-11f0-8e03-023b6ba72275,bf996092-8d66-408a-8d8e-5065ca3330c2,f6ab14eb-1a66-4ea5-8a0f-0afbda444403,Lane_4bIZPhGi56,Approver,role,531853876
df06d850-bde1-4392-a283-9b3654818afe,67,8365aedd-6f63-11f0-ba69-0affe15d0ad3,bf996092-8d66-408a-8d8e-5065ca3330c2,f6ab14eb-1a66-4ea5-8a0f-0afbda444403,Lane_1oieIaoghq,Initiator,role,531853828
df06d850-bde1-4392-a283-9b3654818afe,67,8365aedd-6f63-11f0-ba69-0affe15d0ad3,bf996092-8d66-408a-8d8e-5065ca3330c2,f6ab14eb-1a66-4ea5-8a0f-0afbda444403,Lane_RhsOEwGhP9,Approver,role,531853847
0b18d442-39aa-4586-b1cd-39d05b21af6e,69,26290881-6f77-11f0-8e03-023b6ba72275,bf996092-8d66-408a-8d8e-5065ca3330c2,f6ab14eb-1a66-4ea5-8a0f-0afbda444403,Lane_1oieIaoghq,Initiator,role,531853828
0b18d442-39aa-4586-b1cd-39d05b21af6e,69,26290881-6f77-11f0-8e03-023b6ba72275,bf996092-8d66-408a-8d8e-5065ca3330c2,f6ab14eb-1a66-4ea5-8a0f-0afbda444403,Lane_RhsOEwGhP9,Approver,role,531853847
8f65b385-ff29-4077-b8c2-b6fd72f89245,68,f74efd4d-6f6e-11f0-9661-0afff06a47b1,bf996092-8d66-408a-8d8e-5065ca3330c2,f6ab14eb-1a66-4ea5-8a0f-0afbda444403,Lane_1oieIaoghq,Initiator,role,531853828
8f65b385-ff29-4077-b8c2-b6fd72f89245,68,f74efd4d-6f6e-11f0-9661-0afff06a47b1,bf996092-8d66-408a-8d8e-5065ca3330c2,f6ab14eb-1a66-4ea5-8a0f-0afbda444403,Lane_RhsOEwGhP9,Approver,role,531853847
da32f94e-9c25-4d6a-989b-b5e419b37025,110,41dbbb5d-7d8f-11f0-9b63-0edefbbefc43,bf996092-8d66-408a-8d8e-5065ca3330c2,f6ab14eb-1a66-4ea5-8a0f-0afbda444403,Lane_iBi1jOGnzH,Initiator,role,531853882
da32f94e-9c25-4d6a-989b-b5e419b37025,110,41dbbb5d-7d8f-11f0-9b63-0edefbbefc43,bf996092-8d66-408a-8d8e-5065ca3330c2,f6ab14eb-1a66-4ea5-8a0f-0afbda444403,Lane_WI5CoL8VRR,Reviewer 1,role,531853916
da32f94e-9c25-4d6a-989b-b5e419b37025,110,41dbbb5d-7d8f-11f0-9b63-0edefbbefc43,bf996092-8d66-408a-8d8e-5065ca3330c2,f6ab14eb-1a66-4ea5-8a0f-0afbda444403,Lane_hjs6voce5Q,Reviewer 2,role,531853845
da32f94e-9c25-4d6a-989b-b5e419b37025,110,41dbbb5d-7d8f-11f0-9b63-0edefbbefc43,bf996092-8d66-408a-8d8e-5065ca3330c2,f6ab14eb-1a66-4ea5-8a0f-0afbda444403,Lane_hjs6voce5Q,Reviewer 2,role,531853844
da32f94e-9c25-4d6a-989b-b5e419b37025,110,41dbbb5d-7d8f-11f0-9b63-0edefbbefc43,bf996092-8d66-408a-8d8e-5065ca3330c2,f6ab14eb-1a66-4ea5-8a0f-0afbda444403,Lane_hjs6voce5Q,Reviewer 2,role,531853839
da32f94e-9c25-4d6a-989b-b5e419b37025,110,41dbbb5d-7d8f-11f0-9b63-0edefbbefc43,bf996092-8d66-408a-8d8e-5065ca3330c2,f6ab14eb-1a66-4ea5-8a0f-0afbda444403,Lane_c2apMujyWx,Approver,role,531853841
fbc24129-886b-476c-879a-047055001701,6,11e2ad5c-5027-11f0-9f3f-0edc615c5be7,bf996092-8d66-408a-8d8e-5065ca3330c2,f6ab14eb-1a66-4ea5-8a0f-0afbda444403,Lane_8J37v5CtSB,Initiator,role,531853828
fbc24129-886b-476c-879a-047055001701,6,11e2ad5c-5027-11f0-9f3f-0edc615c5be7,bf996092-8d66-408a-8d8e-5065ca3330c2,f6ab14eb-1a66-4ea5-8a0f-0afbda444403,Lane_jdOjaG8UU7,Approver,role,531853847
4df0392a-96c2-42d1-81ab-cb9ebba9e661,44,ae4ae9bf-63e9-11f0-9d2c-02ecd8cd8b53,bf996092-8d66-408a-8d8e-5065ca3330c2,f6ab14eb-1a66-4ea5-8a0f-0afbda444403,Lane_fzJLdhiAqO,Initiator,role,531853918
4df0392a-96c2-42d1-81ab-cb9ebba9e661,44,ae4ae9bf-63e9-11f0-9d2c-02ecd8cd8b53,bf996092-8d66-408a-8d8e-5065ca3330c2,f6ab14eb-1a66-4ea5-8a0f-0afbda444403,Lane_Zrtf5PmDKy,Reviewer 1,role,531853916
4df0392a-96c2-42d1-81ab-cb9ebba9e661,44,ae4ae9bf-63e9-11f0-9d2c-02ecd8cd8b53,bf996092-8d66-408a-8d8e-5065ca3330c2,f6ab14eb-1a66-4ea5-8a0f-0afbda444403,Lane_Zrtf5PmDKy,Reviewer 1,role,531853838
4df0392a-96c2-42d1-81ab-cb9ebba9e661,44,ae4ae9bf-63e9-11f0-9d2c-02ecd8cd8b53,bf996092-8d66-408a-8d8e-5065ca3330c2,f6ab14eb-1a66-4ea5-8a0f-0afbda444403,Lane_Zrtf5PmDKy,Reviewer 1,role,531853839
4df0392a-96c2-42d1-81ab-cb9ebba9e661,44,ae4ae9bf-63e9-11f0-9d2c-02ecd8cd8b53,bf996092-8d66-408a-8d8e-5065ca3330c2,f6ab14eb-1a66-4ea5-8a0f-0afbda444403,Lane_ZKsMPkefBD,Reviewer 2,role,531853873
4df0392a-96c2-42d1-81ab-cb9ebba9e661,44,ae4ae9bf-63e9-11f0-9d2c-02ecd8cd8b53,bf996092-8d66-408a-8d8e-5065ca3330c2,f6ab14eb-1a66-4ea5-8a0f-0afbda444403,Lane_ZKsMPkefBD,Reviewer 2,role,531853889
4df0392a-96c2-42d1-81ab-cb9ebba9e661,44,ae4ae9bf-63e9-11f0-9d2c-02ecd8cd8b53,bf996092-8d66-408a-8d8e-5065ca3330c2,f6ab14eb-1a66-4ea5-8a0f-0afbda444403,Lane_ZKsMPkefBD,Reviewer 2,role,531853882
4df0392a-96c2-42d1-81ab-cb9ebba9e661,44,ae4ae9bf-63e9-11f0-9d2c-02ecd8cd8b53,bf996092-8d66-408a-8d8e-5065ca3330c2,f6ab14eb-1a66-4ea5-8a0f-0afbda444403,Lane_o8qea91Ixb,Reviewer 3,role,531853840
4df0392a-96c2-42d1-81ab-cb9ebba9e661,44,ae4ae9bf-63e9-11f0-9d2c-02ecd8cd8b53,bf996092-8d66-408a-8d8e-5065ca3330c2,f6ab14eb-1a66-4ea5-8a0f-0afbda444403,Lane_o8qea91Ixb,Reviewer 3,role,531853842
4df0392a-96c2-42d1-81ab-cb9ebba9e661,44,ae4ae9bf-63e9-11f0-9d2c-02ecd8cd8b53,bf996092-8d66-408a-8d8e-5065ca3330c2,f6ab14eb-1a66-4ea5-8a0f-0afbda444403,Lane_o8qea91Ixb,Reviewer 3,role,531853843
4df0392a-96c2-42d1-81ab-cb9ebba9e661,44,ae4ae9bf-63e9-11f0-9d2c-02ecd8cd8b53,bf996092-8d66-408a-8d8e-5065ca3330c2,f6ab14eb-1a66-4ea5-8a0f-0afbda444403,Lane_o8qea91Ixb,Reviewer 3,role,531853845
4df0392a-96c2-42d1-81ab-cb9ebba9e661,44,ae4ae9bf-63e9-11f0-9d2c-02ecd8cd8b53,bf996092-8d66-408a-8d8e-5065ca3330c2,f6ab14eb-1a66-4ea5-8a0f-0afbda444403,Lane_o8qea91Ixb,Reviewer 3,role,531853848
4df0392a-96c2-42d1-81ab-cb9ebba9e661,44,ae4ae9bf-63e9-11f0-9d2c-02ecd8cd8b53,bf996092-8d66-408a-8d8e-5065ca3330c2,f6ab14eb-1a66-4ea5-8a0f-0afbda444403,Lane_o8qea91Ixb,Reviewer 3,role,531853844
4df0392a-96c2-42d1-81ab-cb9ebba9e661,44,ae4ae9bf-63e9-11f0-9d2c-02ecd8cd8b53,bf996092-8d66-408a-8d8e-5065ca3330c2,f6ab14eb-1a66-4ea5-8a0f-0afbda444403,Lane_WLd6ghXUWU,Approver,role,531853841
7f28a59a-137e-4394-9623-9c39e23379c3,7,0e241588-50af-11f0-8be0-0affc6aaae03,bf996092-8d66-408a-8d8e-5065ca3330c2,f6ab14eb-1a66-4ea5-8a0f-0afbda444403,Lane_1oieIaoghq,Initiator,role,531853828
7f28a59a-137e-4394-9623-9c39e23379c3,7,0e241588-50af-11f0-8be0-0affc6aaae03,bf996092-8d66-408a-8d8e-5065ca3330c2,f6ab14eb-1a66-4ea5-8a0f-0afbda444403,Lane_RhsOEwGhP9,Approver,role,531853847
7c0b021a-1993-471d-a4a4-86be9e5b363c,8,a9361cd6-50af-11f0-8904-0affc361003d,bf996092-8d66-408a-8d8e-5065ca3330c2,f6ab14eb-1a66-4ea5-8a0f-0afbda444403,Lane_1oieIaoghq,Initiator,role,531853828
7c0b021a-1993-471d-a4a4-86be9e5b363c,8,a9361cd6-50af-11f0-8904-0affc361003d,bf996092-8d66-408a-8d8e-5065ca3330c2,f6ab14eb-1a66-4ea5-8a0f-0afbda444403,Lane_RhsOEwGhP9,Approver,role,531853847
b9c24b0e-19ff-4635-aa1c-c11fca6012e1,138,fb582c8f-8482-11f0-8bd5-0232a6c7fd05,bf996092-8d66-408a-8d8e-5065ca3330c2,f6ab14eb-1a66-4ea5-8a0f-0afbda444403,Lane_o2N5Qar8Uv,Initiator,company,546159977
b9c24b0e-19ff-4635-aa1c-c11fca6012e1,138,fb582c8f-8482-11f0-8bd5-0232a6c7fd05,bf996092-8d66-408a-8d8e-5065ca3330c2,f6ab14eb-1a66-4ea5-8a0f-0afbda444403,Lane_9YZL2AMvj7,Approver,role,531853847
0ed684f2-774b-440a-8d53-35e6968db01d,5,54440aa1-5026-11f0-a250-0e4e4f80cd6b,bf996092-8d66-408a-8d8e-5065ca3330c2,f6ab14eb-1a66-4ea5-8a0f-0afbda444403,Lane_8J37v5CtSB,Initiator,role,531853828
0ed684f2-774b-440a-8d53-35e6968db01d,5,54440aa1-5026-11f0-a250-0e4e4f80cd6b,bf996092-8d66-408a-8d8e-5065ca3330c2,f6ab14eb-1a66-4ea5-8a0f-0afbda444403,Lane_jdOjaG8UU7,Approver,role,531853847
1bfc2bce-ce2e-49c6-9220-0cd4e7cf43d2,9,9269f7b6-50bb-11f0-8be0-0affc6aaae03,bf996092-8d66-408a-8d8e-5065ca3330c2,f6ab14eb-1a66-4ea5-8a0f-0afbda444403,Lane_1oieIaoghq,Initiator,role,531853828
1bfc2bce-ce2e-49c6-9220-0cd4e7cf43d2,9,9269f7b6-50bb-11f0-8be0-0affc6aaae03,bf996092-8d66-408a-8d8e-5065ca3330c2,f6ab14eb-1a66-4ea5-8a0f-0afbda444403,Lane_RhsOEwGhP9,Approver,role,531853847
a879befe-49fa-4bf6-a1ea-1a578024c463,93,3a6f0667-7732-11f0-8e65-0afff7224aab,bf996092-8d66-408a-8d8e-5065ca3330c2,f6ab14eb-1a66-4ea5-8a0f-0afbda444403,Lane_HmhJrmtTm2,Initiator,role,531853828
a879befe-49fa-4bf6-a1ea-1a578024c463,93,3a6f0667-7732-11f0-8e65-0afff7224aab,bf996092-8d66-408a-8d8e-5065ca3330c2,f6ab14eb-1a66-4ea5-8a0f-0afbda444403,Lane_gaVRiIdV2m,Approver,role,531853847
3bbaed6d-ebb2-4418-a055-5197465911df,94,e6260065-7759-11f0-9b63-0edefbbefc43,bf996092-8d66-408a-8d8e-5065ca3330c2,f6ab14eb-1a66-4ea5-8a0f-0afbda444403,Lane_HmhJrmtTm2,Initiator,role,531853828
3bbaed6d-ebb2-4418-a055-5197465911df,94,e6260065-7759-11f0-9b63-0edefbbefc43,bf996092-8d66-408a-8d8e-5065ca3330c2,f6ab14eb-1a66-4ea5-8a0f-0afbda444403,Lane_gaVRiIdV2m,Approver,role,531853847
26132383-942e-4595-8344-ec22158a6817,70,e0b70257-702b-11f0-9b63-0edefbbefc43,bf996092-8d66-408a-8d8e-5065ca3330c2,f6ab14eb-1a66-4ea5-8a0f-0afbda444403,Lane_1oieIaoghq,Initiator,role,531853828
26132383-942e-4595-8344-ec22158a6817,70,e0b70257-702b-11f0-9b63-0edefbbefc43,bf996092-8d66-408a-8d8e-5065ca3330c2,f6ab14eb-1a66-4ea5-8a0f-0afbda444403,Lane_RhsOEwGhP9,Approver,role,531853847
e0fe26c9-3540-40dc-97e1-5d58c14e1c7b,71,df15f9dd-70eb-11f0-9661-0afff06a47b1,bf996092-8d66-408a-8d8e-5065ca3330c2,f6ab14eb-1a66-4ea5-8a0f-0afbda444403,Lane_1oieIaoghq,Initiator,role,531853828
e0fe26c9-3540-40dc-97e1-5d58c14e1c7b,71,df15f9dd-70eb-11f0-9661-0afff06a47b1,bf996092-8d66-408a-8d8e-5065ca3330c2,f6ab14eb-1a66-4ea5-8a0f-0afbda444403,Lane_RhsOEwGhP9,Approver,role,531853847
8537fe7d-b3e3-4ff4-bbd8-23e63e74ef77,72,399b734a-70f6-11f0-946f-0215d9ab6dad,bf996092-8d66-408a-8d8e-5065ca3330c2,f6ab14eb-1a66-4ea5-8a0f-0afbda444403,Lane_1oieIaoghq,Initiator,role,531853828
8537fe7d-b3e3-4ff4-bbd8-23e63e74ef77,72,399b734a-70f6-11f0-946f-0215d9ab6dad,bf996092-8d66-408a-8d8e-5065ca3330c2,f6ab14eb-1a66-4ea5-8a0f-0afbda444403,Lane_RhsOEwGhP9,Approver,role,531853847
33bc0c50-a5ae-481d-bd90-ab44a12faef5,73,3515cf05-70f7-11f0-8e03-023b6ba72275,bf996092-8d66-408a-8d8e-5065ca3330c2,f6ab14eb-1a66-4ea5-8a0f-0afbda444403,Lane_1oieIaoghq,Initiator,role,531853828
33bc0c50-a5ae-481d-bd90-ab44a12faef5,73,3515cf05-70f7-11f0-8e03-023b6ba72275,bf996092-8d66-408a-8d8e-5065ca3330c2,f6ab14eb-1a66-4ea5-8a0f-0afbda444403,Lane_RhsOEwGhP9,Approver,role,531853847
84f19ebe-7acf-4762-82e1-ea07ad64ac76,1,,bf996092-8d66-408a-8d8e-5065ca3330c2,f6ab14eb-1a66-4ea5-8a0f-0afbda444403,Lane_QehJByLqLK,Initiator,role,531853918
84f19ebe-7acf-4762-82e1-ea07ad64ac76,1,,bf996092-8d66-408a-8d8e-5065ca3330c2,f6ab14eb-1a66-4ea5-8a0f-0afbda444403,Lane_VXVXaf8oST,Reviewer 1,role,531853916
84f19ebe-7acf-4762-82e1-ea07ad64ac76,1,,bf996092-8d66-408a-8d8e-5065ca3330c2,f6ab14eb-1a66-4ea5-8a0f-0afbda444403,Lane_VXVXaf8oST,Reviewer 1,role,531853838
84f19ebe-7acf-4762-82e1-ea07ad64ac76,1,,bf996092-8d66-408a-8d8e-5065ca3330c2,f6ab14eb-1a66-4ea5-8a0f-0afbda444403,Lane_VXVXaf8oST,Reviewer 1,role,531853839
84f19ebe-7acf-4762-82e1-ea07ad64ac76,1,,bf996092-8d66-408a-8d8e-5065ca3330c2,f6ab14eb-1a66-4ea5-8a0f-0afbda444403,Lane_oIIlPOZst8,Reviewer 2,role,531853873
84f19ebe-7acf-4762-82e1-ea07ad64ac76,1,,bf996092-8d66-408a-8d8e-5065ca3330c2,f6ab14eb-1a66-4ea5-8a0f-0afbda444403,Lane_oIIlPOZst8,Reviewer 2,role,531853889
84f19ebe-7acf-4762-82e1-ea07ad64ac76,1,,bf996092-8d66-408a-8d8e-5065ca3330c2,f6ab14eb-1a66-4ea5-8a0f-0afbda444403,Lane_oIIlPOZst8,Reviewer 2,role,531853882
84f19ebe-7acf-4762-82e1-ea07ad64ac76,1,,bf996092-8d66-408a-8d8e-5065ca3330c2,f6ab14eb-1a66-4ea5-8a0f-0afbda444403,Lane_qnTMzalwTA,Reviewer 3,role,531853840
84f19ebe-7acf-4762-82e1-ea07ad64ac76,1,,bf996092-8d66-408a-8d8e-5065ca3330c2,f6ab14eb-1a66-4ea5-8a0f-0afbda444403,Lane_qnTMzalwTA,Reviewer 3,role,531853842
84f19ebe-7acf-4762-82e1-ea07ad64ac76,1,,bf996092-8d66-408a-8d8e-5065ca3330c2,f6ab14eb-1a66-4ea5-8a0f-0afbda444403,Lane_qnTMzalwTA,Reviewer 3,role,531853843
84f19ebe-7acf-4762-82e1-ea07ad64ac76,1,,bf996092-8d66-408a-8d8e-5065ca3330c2,f6ab14eb-1a66-4ea5-8a0f-0afbda444403,Lane_qnTMzalwTA,Reviewer 3,role,531853845
84f19ebe-7acf-4762-82e1-ea07ad64ac76,1,,bf996092-8d66-408a-8d8e-5065ca3330c2,f6ab14eb-1a66-4ea5-8a0f-0afbda444403,Lane_qnTMzalwTA,Reviewer 3,role,531853848
84f19ebe-7acf-4762-82e1-ea07ad64ac76,1,,bf996092-8d66-408a-8d8e-5065ca3330c2,f6ab14eb-1a66-4ea5-8a0f-0afbda444403,Lane_qnTMzalwTA,Reviewer 3,role,531853844
84f19ebe-7acf-4762-82e1-ea07ad64ac76,1,,bf996092-8d66-408a-8d8e-5065ca3330c2,f6ab14eb-1a66-4ea5-8a0f-0afbda444403,Lane_anWfOFrlo7,Approver,role,531853841
e68b7c5c-b732-4ef7-bd3c-e7f155f865f2,109,e5f75efb-7d82-11f0-8e03-023b6ba72275,bf996092-8d66-408a-8d8e-5065ca3330c2,f6ab14eb-1a66-4ea5-8a0f-0afbda444403,Lane_HmhJrmtTm2,Initiator,role,531853828
e68b7c5c-b732-4ef7-bd3c-e7f155f865f2,109,e5f75efb-7d82-11f0-8e03-023b6ba72275,bf996092-8d66-408a-8d8e-5065ca3330c2,f6ab14eb-1a66-4ea5-8a0f-0afbda444403,Lane_gaVRiIdV2m,Approver,role,531853847
d3d07c92-45da-46fd-ab98-6580c8ac302d,10,46c0849f-5179-11f0-bb6c-024cf0d6ba5b,bf996092-8d66-408a-8d8e-5065ca3330c2,f6ab14eb-1a66-4ea5-8a0f-0afbda444403,Lane_1oieIaoghq,Initiator,role,531853828
d3d07c92-45da-46fd-ab98-6580c8ac302d,10,46c0849f-5179-11f0-bb6c-024cf0d6ba5b,bf996092-8d66-408a-8d8e-5065ca3330c2,f6ab14eb-1a66-4ea5-8a0f-0afbda444403,Lane_RhsOEwGhP9,Approver,role,531853847
71044fec-262d-4c21-8583-260622fdc39c,43,a77dd4b1-63b4-11f0-a30f-022739ca029d,bf996092-8d66-408a-8d8e-5065ca3330c2,f6ab14eb-1a66-4ea5-8a0f-0afbda444403,Lane_1oieIaoghq,Initiator,role,531853828
71044fec-262d-4c21-8583-260622fdc39c,43,a77dd4b1-63b4-11f0-a30f-022739ca029d,bf996092-8d66-408a-8d8e-5065ca3330c2,f6ab14eb-1a66-4ea5-8a0f-0afbda444403,Lane_RhsOEwGhP9,Approver,role,531853847
1a75b34a-c1b8-4a6f-8ef8-905da62a930a,45,16abebe2-63c8-11f0-a416-0edf6594598d,bf996092-8d66-408a-8d8e-5065ca3330c2,f6ab14eb-1a66-4ea5-8a0f-0afbda444403,Lane_1oieIaoghq,Initiator,role,531853828
1a75b34a-c1b8-4a6f-8ef8-905da62a930a,45,16abebe2-63c8-11f0-a416-0edf6594598d,bf996092-8d66-408a-8d8e-5065ca3330c2,f6ab14eb-1a66-4ea5-8a0f-0afbda444403,Lane_RhsOEwGhP9,Approver,role,531853847
37395cef-7006-423b-9b7c-c32d595c7293,65,,bf996092-8d66-408a-8d8e-5065ca3330c2,f6ab14eb-1a66-4ea5-8a0f-0afbda444403,Lane_fzJLdhiAqO,Initiator,role,531853918
37395cef-7006-423b-9b7c-c32d595c7293,65,,bf996092-8d66-408a-8d8e-5065ca3330c2,f6ab14eb-1a66-4ea5-8a0f-0afbda444403,Lane_Zrtf5PmDKy,Reviewer 1,role,531853916
37395cef-7006-423b-9b7c-c32d595c7293,65,,bf996092-8d66-408a-8d8e-5065ca3330c2,f6ab14eb-1a66-4ea5-8a0f-0afbda444403,Lane_Zrtf5PmDKy,Reviewer 1,role,531853838
37395cef-7006-423b-9b7c-c32d595c7293,65,,bf996092-8d66-408a-8d8e-5065ca3330c2,f6ab14eb-1a66-4ea5-8a0f-0afbda444403,Lane_Zrtf5PmDKy,Reviewer 1,role,531853839
37395cef-7006-423b-9b7c-c32d595c7293,65,,bf996092-8d66-408a-8d8e-5065ca3330c2,f6ab14eb-1a66-4ea5-8a0f-0afbda444403,Lane_ZKsMPkefBD,Reviewer 2,role,531853873
37395cef-7006-423b-9b7c-c32d595c7293,65,,bf996092-8d66-408a-8d8e-5065ca3330c2,f6ab14eb-1a66-4ea5-8a0f-0afbda444403,Lane_ZKsMPkefBD,Reviewer 2,role,531853889
37395cef-7006-423b-9b7c-c32d595c7293,65,,bf996092-8d66-408a-8d8e-5065ca3330c2,f6ab14eb-1a66-4ea5-8a0f-0afbda444403,Lane_ZKsMPkefBD,Reviewer 2,role,531853882
37395cef-7006-423b-9b7c-c32d595c7293,65,,bf996092-8d66-408a-8d8e-5065ca3330c2,f6ab14eb-1a66-4ea5-8a0f-0afbda444403,Lane_o8qea91Ixb,Reviewer 3,role,531853840
37395cef-7006-423b-9b7c-c32d595c7293,65,,bf996092-8d66-408a-8d8e-5065ca3330c2,f6ab14eb-1a66-4ea5-8a0f-0afbda444403,Lane_o8qea91Ixb,Reviewer 3,role,531853842
37395cef-7006-423b-9b7c-c32d595c7293,65,,bf996092-8d66-408a-8d8e-5065ca3330c2,f6ab14eb-1a66-4ea5-8a0f-0afbda444403,Lane_o8qea91Ixb,Reviewer 3,role,531853843
37395cef-7006-423b-9b7c-c32d595c7293,65,,bf996092-8d66-408a-8d8e-5065ca3330c2,f6ab14eb-1a66-4ea5-8a0f-0afbda444403,Lane_o8qea91Ixb,Reviewer 3,role,531853845
37395cef-7006-423b-9b7c-c32d595c7293,65,,bf996092-8d66-408a-8d8e-5065ca3330c2,f6ab14eb-1a66-4ea5-8a0f-0afbda444403,Lane_o8qea91Ixb,Reviewer 3,role,531853848
37395cef-7006-423b-9b7c-c32d595c7293,65,,bf996092-8d66-408a-8d8e-5065ca3330c2,f6ab14eb-1a66-4ea5-8a0f-0afbda444403,Lane_o8qea91Ixb,Reviewer 3,role,531853844
37395cef-7006-423b-9b7c-c32d595c7293,65,,bf996092-8d66-408a-8d8e-5065ca3330c2,f6ab14eb-1a66-4ea5-8a0f-0afbda444403,Lane_WLd6ghXUWU,Approver,role,531853841
7e07d3f3-b19b-4203-8ad6-336a6dd4f97b,53,17953503-6ab3-11f0-9b63-0edefbbefc43,bf996092-8d66-408a-8d8e-5065ca3330c2,f6ab14eb-1a66-4ea5-8a0f-0afbda444403,Lane_1oieIaoghq,Initiator,role,531853828
7e07d3f3-b19b-4203-8ad6-336a6dd4f97b,53,17953503-6ab3-11f0-9b63-0edefbbefc43,bf996092-8d66-408a-8d8e-5065ca3330c2,f6ab14eb-1a66-4ea5-8a0f-0afbda444403,Lane_RhsOEwGhP9,Approver,role,531853847
52e1975b-41d5-4640-b78e-1b701b780f29,54,a8abe32d-6ab4-11f0-9661-0afff06a47b1,bf996092-8d66-408a-8d8e-5065ca3330c2,f6ab14eb-1a66-4ea5-8a0f-0afbda444403,Lane_1oieIaoghq,Initiator,role,531853828
52e1975b-41d5-4640-b78e-1b701b780f29,54,a8abe32d-6ab4-11f0-9661-0afff06a47b1,bf996092-8d66-408a-8d8e-5065ca3330c2,f6ab14eb-1a66-4ea5-8a0f-0afbda444403,Lane_RhsOEwGhP9,Approver,role,531853847
88d3e65d-5f26-44e8-9022-d496e22489ce,55,a65a0ee9-6ab5-11f0-ba69-0affe15d0ad3,bf996092-8d66-408a-8d8e-5065ca3330c2,f6ab14eb-1a66-4ea5-8a0f-0afbda444403,Lane_1oieIaoghq,Initiator,role,531853828
88d3e65d-5f26-44e8-9022-d496e22489ce,55,a65a0ee9-6ab5-11f0-ba69-0affe15d0ad3,bf996092-8d66-408a-8d8e-5065ca3330c2,f6ab14eb-1a66-4ea5-8a0f-0afbda444403,Lane_RhsOEwGhP9,Approver,role,531853847
643d9471-3fe8-49c3-b58d-4b3025fc9f92,74,87486d3f-71c2-11f0-8e03-023b6ba72275,bf996092-8d66-408a-8d8e-5065ca3330c2,f6ab14eb-1a66-4ea5-8a0f-0afbda444403,Lane_1oieIaoghq,Initiator,role,531853828
643d9471-3fe8-49c3-b58d-4b3025fc9f92,74,87486d3f-71c2-11f0-8e03-023b6ba72275,bf996092-8d66-408a-8d8e-5065ca3330c2,f6ab14eb-1a66-4ea5-8a0f-0afbda444403,Lane_RhsOEwGhP9,Approver,role,531853847
9383415a-b312-4350-9a54-7725800aaf59,75,76e1b4d3-71c3-11f0-8bd5-0232a6c7fd05,bf996092-8d66-408a-8d8e-5065ca3330c2,f6ab14eb-1a66-4ea5-8a0f-0afbda444403,Lane_1oieIaoghq,Initiator,role,531853828
9383415a-b312-4350-9a54-7725800aaf59,75,76e1b4d3-71c3-11f0-8bd5-0232a6c7fd05,bf996092-8d66-408a-8d8e-5065ca3330c2,f6ab14eb-1a66-4ea5-8a0f-0afbda444403,Lane_RhsOEwGhP9,Approver,role,531853847
30f807ee-4824-45fd-b21d-ed86c8df14c9,56,b08641b6-6b8b-11f0-9661-0afff06a47b1,bf996092-8d66-408a-8d8e-5065ca3330c2,f6ab14eb-1a66-4ea5-8a0f-0afbda444403,Lane_1oieIaoghq,Initiator,role,531853828
30f807ee-4824-45fd-b21d-ed86c8df14c9,56,b08641b6-6b8b-11f0-9661-0afff06a47b1,bf996092-8d66-408a-8d8e-5065ca3330c2,f6ab14eb-1a66-4ea5-8a0f-0afbda444403,Lane_RhsOEwGhP9,Approver,role,531853847
d6142670-a974-463c-8a49-3cddde0c59d9,111,9d999b45-7da9-11f0-8e03-023b6ba72275,bf996092-8d66-408a-8d8e-5065ca3330c2,f6ab14eb-1a66-4ea5-8a0f-0afbda444403,Lane_HmhJrmtTm2,Initiator,role,531853828
d6142670-a974-463c-8a49-3cddde0c59d9,111,9d999b45-7da9-11f0-8e03-023b6ba72275,bf996092-8d66-408a-8d8e-5065ca3330c2,f6ab14eb-1a66-4ea5-8a0f-0afbda444403,Lane_gaVRiIdV2m,Approver,role,531853847
f58f6252-eaa0-47e0-afb8-d4b3064736b5,27,637a5fcf-5cb7-11f0-b8ba-0affd1463659,bf996092-8d66-408a-8d8e-5065ca3330c2,f6ab14eb-1a66-4ea5-8a0f-0afbda444403,Lane_1oieIaoghq,Initiator,role,531853828
f58f6252-eaa0-47e0-afb8-d4b3064736b5,27,637a5fcf-5cb7-11f0-b8ba-0affd1463659,bf996092-8d66-408a-8d8e-5065ca3330c2,f6ab14eb-1a66-4ea5-8a0f-0afbda444403,Lane_RhsOEwGhP9,Approver,role,531853847
a8d8937f-8af0-457a-bd10-ab3b670bd976,28,069f662e-5cb9-11f0-ba7a-02677a6c0a19,bf996092-8d66-408a-8d8e-5065ca3330c2,f6ab14eb-1a66-4ea5-8a0f-0afbda444403,Lane_1oieIaoghq,Initiator,role,531853828
a8d8937f-8af0-457a-bd10-ab3b670bd976,28,069f662e-5cb9-11f0-ba7a-02677a6c0a19,bf996092-8d66-408a-8d8e-5065ca3330c2,f6ab14eb-1a66-4ea5-8a0f-0afbda444403,Lane_RhsOEwGhP9,Approver,role,531853847
efe04119-b9e8-4682-9488-7f9c513e9116,31,6bc22be6-5d8b-11f0-9e15-0afff499248b,bf996092-8d66-408a-8d8e-5065ca3330c2,f6ab14eb-1a66-4ea5-8a0f-0afbda444403,Lane_1oieIaoghq,Initiator,role,531853828
efe04119-b9e8-4682-9488-7f9c513e9116,31,6bc22be6-5d8b-11f0-9e15-0afff499248b,bf996092-8d66-408a-8d8e-5065ca3330c2,f6ab14eb-1a66-4ea5-8a0f-0afbda444403,Lane_RhsOEwGhP9,Approver,role,531853847
f58d5985-1e66-42cb-b572-afe86ff9e225,32,982d20fc-5e34-11f0-b8ba-0affd1463659,bf996092-8d66-408a-8d8e-5065ca3330c2,f6ab14eb-1a66-4ea5-8a0f-0afbda444403,Lane_1oieIaoghq,Initiator,role,531853828
f58d5985-1e66-42cb-b572-afe86ff9e225,32,982d20fc-5e34-11f0-b8ba-0affd1463659,bf996092-8d66-408a-8d8e-5065ca3330c2,f6ab14eb-1a66-4ea5-8a0f-0afbda444403,Lane_RhsOEwGhP9,Approver,role,531853847
823680ef-f50d-4df5-ad5d-a0a428b51c26,33,e6808d69-5e34-11f0-b07f-0e777e0eb1e3,bf996092-8d66-408a-8d8e-5065ca3330c2,f6ab14eb-1a66-4ea5-8a0f-0afbda444403,Lane_1oieIaoghq,Initiator,role,531853828
823680ef-f50d-4df5-ad5d-a0a428b51c26,33,e6808d69-5e34-11f0-b07f-0e777e0eb1e3,bf996092-8d66-408a-8d8e-5065ca3330c2,f6ab14eb-1a66-4ea5-8a0f-0afbda444403,Lane_RhsOEwGhP9,Approver,role,531853847
39ffaf9a-7ec7-4aed-88b8-c534ef0efef4,36,15f40133-5e37-11f0-b8ba-0affd1463659,bf996092-8d66-408a-8d8e-5065ca3330c2,f6ab14eb-1a66-4ea5-8a0f-0afbda444403,Lane_1oieIaoghq,Initiator,role,531853828
39ffaf9a-7ec7-4aed-88b8-c534ef0efef4,36,15f40133-5e37-11f0-b8ba-0affd1463659,bf996092-8d66-408a-8d8e-5065ca3330c2,f6ab14eb-1a66-4ea5-8a0f-0afbda444403,Lane_RhsOEwGhP9,Approver,role,531853847
f269686e-42b6-480b-99f5-50fa628bd6eb,34,e5e62c41-5e35-11f0-9e15-0afff499248b,bf996092-8d66-408a-8d8e-5065ca3330c2,f6ab14eb-1a66-4ea5-8a0f-0afbda444403,Lane_1oieIaoghq,Initiator,role,531853828
f269686e-42b6-480b-99f5-50fa628bd6eb,34,e5e62c41-5e35-11f0-9e15-0afff499248b,bf996092-8d66-408a-8d8e-5065ca3330c2,f6ab14eb-1a66-4ea5-8a0f-0afbda444403,Lane_RhsOEwGhP9,Approver,role,531853847
2ea151c0-e283-4605-a266-86967d9c1c3f,35,db8078b5-5e36-11f0-b07f-0e777e0eb1e3,bf996092-8d66-408a-8d8e-5065ca3330c2,f6ab14eb-1a66-4ea5-8a0f-0afbda444403,Lane_1oieIaoghq,Initiator,role,531853828
2ea151c0-e283-4605-a266-86967d9c1c3f,35,db8078b5-5e36-11f0-b07f-0e777e0eb1e3,bf996092-8d66-408a-8d8e-5065ca3330c2,f6ab14eb-1a66-4ea5-8a0f-0afbda444403,Lane_RhsOEwGhP9,Approver,role,531853847
3fe53577-0384-44c7-ae3f-78c2f38f1a81,95,5b0ca22a-77f6-11f0-946f-0215d9ab6dad,bf996092-8d66-408a-8d8e-5065ca3330c2,f6ab14eb-1a66-4ea5-8a0f-0afbda444403,Lane_HmhJrmtTm2,Initiator,role,531853828
3fe53577-0384-44c7-ae3f-78c2f38f1a81,95,5b0ca22a-77f6-11f0-946f-0215d9ab6dad,bf996092-8d66-408a-8d8e-5065ca3330c2,f6ab14eb-1a66-4ea5-8a0f-0afbda444403,Lane_gaVRiIdV2m,Approver,role,531853847
56fd699a-e257-43dd-b208-dbbf8af20ebb,96,,bf996092-8d66-408a-8d8e-5065ca3330c2,f6ab14eb-1a66-4ea5-8a0f-0afbda444403,Lane_HmhJrmtTm2,Initiator,role,531853828
56fd699a-e257-43dd-b208-dbbf8af20ebb,96,,bf996092-8d66-408a-8d8e-5065ca3330c2,f6ab14eb-1a66-4ea5-8a0f-0afbda444403,Lane_gaVRiIdV2m,Approver,role,531853847
18c2bc6e-98db-4347-9738-5d30bab6429d,97,bf824dd9-782b-11f0-9661-0afff06a47b1,bf996092-8d66-408a-8d8e-5065ca3330c2,f6ab14eb-1a66-4ea5-8a0f-0afbda444403,Lane_HmhJrmtTm2,Initiator,role,531853828
18c2bc6e-98db-4347-9738-5d30bab6429d,97,bf824dd9-782b-11f0-9661-0afff06a47b1,bf996092-8d66-408a-8d8e-5065ca3330c2,f6ab14eb-1a66-4ea5-8a0f-0afbda444403,Lane_gaVRiIdV2m,Approver,role,531853847
f35dcd2d-e324-49dd-8886-6ced116e71cd,46,faad206f-6495-11f0-87b6-0e47164080f7,bf996092-8d66-408a-8d8e-5065ca3330c2,f6ab14eb-1a66-4ea5-8a0f-0afbda444403,Lane_1oieIaoghq,Initiator,role,531853828
f35dcd2d-e324-49dd-8886-6ced116e71cd,46,faad206f-6495-11f0-87b6-0e47164080f7,bf996092-8d66-408a-8d8e-5065ca3330c2,f6ab14eb-1a66-4ea5-8a0f-0afbda444403,Lane_RhsOEwGhP9,Approver,role,531853847
3a4405b3-663e-448d-bd0c-da8e809a9830,112,,bf996092-8d66-408a-8d8e-5065ca3330c2,f6ab14eb-1a66-4ea5-8a0f-0afbda444403,Lane_yyqApGBEcZ,Initiator,company,561332857
3a4405b3-663e-448d-bd0c-da8e809a9830,112,,bf996092-8d66-408a-8d8e-5065ca3330c2,f6ab14eb-1a66-4ea5-8a0f-0afbda444403,Lane_jQ63VDPZWV,Approver,role,531853847
899e3ed1-0687-4ab9-83e8-d52919730de3,4,,bf996092-8d66-408a-8d8e-5065ca3330c2,f6ab14eb-1a66-4ea5-8a0f-0afbda444403,Lane_fzJLdhiAqO,Initiator,role,531853918
899e3ed1-0687-4ab9-83e8-d52919730de3,4,,bf996092-8d66-408a-8d8e-5065ca3330c2,f6ab14eb-1a66-4ea5-8a0f-0afbda444403,Lane_Zrtf5PmDKy,Reviewer 1,role,531853916
899e3ed1-0687-4ab9-83e8-d52919730de3,4,,bf996092-8d66-408a-8d8e-5065ca3330c2,f6ab14eb-1a66-4ea5-8a0f-0afbda444403,Lane_Zrtf5PmDKy,Reviewer 1,role,531853838
899e3ed1-0687-4ab9-83e8-d52919730de3,4,,bf996092-8d66-408a-8d8e-5065ca3330c2,f6ab14eb-1a66-4ea5-8a0f-0afbda444403,Lane_Zrtf5PmDKy,Reviewer 1,role,531853839
899e3ed1-0687-4ab9-83e8-d52919730de3,4,,bf996092-8d66-408a-8d8e-5065ca3330c2,f6ab14eb-1a66-4ea5-8a0f-0afbda444403,Lane_ZKsMPkefBD,Reviewer 2,role,531853873
899e3ed1-0687-4ab9-83e8-d52919730de3,4,,bf996092-8d66-408a-8d8e-5065ca3330c2,f6ab14eb-1a66-4ea5-8a0f-0afbda444403,Lane_ZKsMPkefBD,Reviewer 2,role,531853889
899e3ed1-0687-4ab9-83e8-d52919730de3,4,,bf996092-8d66-408a-8d8e-5065ca3330c2,f6ab14eb-1a66-4ea5-8a0f-0afbda444403,Lane_ZKsMPkefBD,Reviewer 2,role,531853882
899e3ed1-0687-4ab9-83e8-d52919730de3,4,,bf996092-8d66-408a-8d8e-5065ca3330c2,f6ab14eb-1a66-4ea5-8a0f-0afbda444403,Lane_o8qea91Ixb,Reviewer 3,role,531853840
899e3ed1-0687-4ab9-83e8-d52919730de3,4,,bf996092-8d66-408a-8d8e-5065ca3330c2,f6ab14eb-1a66-4ea5-8a0f-0afbda444403,Lane_o8qea91Ixb,Reviewer 3,role,531853842
899e3ed1-0687-4ab9-83e8-d52919730de3,4,,bf996092-8d66-408a-8d8e-5065ca3330c2,f6ab14eb-1a66-4ea5-8a0f-0afbda444403,Lane_o8qea91Ixb,Reviewer 3,role,531853843
899e3ed1-0687-4ab9-83e8-d52919730de3,4,,bf996092-8d66-408a-8d8e-5065ca3330c2,f6ab14eb-1a66-4ea5-8a0f-0afbda444403,Lane_o8qea91Ixb,Reviewer 3,role,531853845
899e3ed1-0687-4ab9-83e8-d52919730de3,4,,bf996092-8d66-408a-8d8e-5065ca3330c2,f6ab14eb-1a66-4ea5-8a0f-0afbda444403,Lane_o8qea91Ixb,Reviewer 3,role,531853848
899e3ed1-0687-4ab9-83e8-d52919730de3,4,,bf996092-8d66-408a-8d8e-5065ca3330c2,f6ab14eb-1a66-4ea5-8a0f-0afbda444403,Lane_o8qea91Ixb,Reviewer 3,role,531853844
899e3ed1-0687-4ab9-83e8-d52919730de3,4,,bf996092-8d66-408a-8d8e-5065ca3330c2,f6ab14eb-1a66-4ea5-8a0f-0afbda444403,Lane_WLd6ghXUWU,Approver,role,531853841
62c3c526-eab6-45b2-8c7a-4f8398e84e20,3,48d750f9-4d23-11f0-8be0-0affc6aaae03,bf996092-8d66-408a-8d8e-5065ca3330c2,f6ab14eb-1a66-4ea5-8a0f-0afbda444403,Lane_uCGVYVBLVV,Initiator,role,531853918
62c3c526-eab6-45b2-8c7a-4f8398e84e20,3,48d750f9-4d23-11f0-8be0-0affc6aaae03,bf996092-8d66-408a-8d8e-5065ca3330c2,f6ab14eb-1a66-4ea5-8a0f-0afbda444403,Lane_nlMUPHkUF8,Reviewer,role,531853838
62c3c526-eab6-45b2-8c7a-4f8398e84e20,3,48d750f9-4d23-11f0-8be0-0affc6aaae03,bf996092-8d66-408a-8d8e-5065ca3330c2,f6ab14eb-1a66-4ea5-8a0f-0afbda444403,Lane_nlMUPHkUF8,Reviewer,role,531853840
62c3c526-eab6-45b2-8c7a-4f8398e84e20,3,48d750f9-4d23-11f0-8be0-0affc6aaae03,bf996092-8d66-408a-8d8e-5065ca3330c2,f6ab14eb-1a66-4ea5-8a0f-0afbda444403,Lane_jMrXxzg19w,Approver,role,531853842
49be2e04-cd69-4980-8622-c49f6a12c8af,30,8b64dd91-5d52-11f0-9e15-0afff499248b,bf996092-8d66-408a-8d8e-5065ca3330c2,f6ab14eb-1a66-4ea5-8a0f-0afbda444403,Lane_fzJLdhiAqO,Initiator,role,531853918
49be2e04-cd69-4980-8622-c49f6a12c8af,30,8b64dd91-5d52-11f0-9e15-0afff499248b,bf996092-8d66-408a-8d8e-5065ca3330c2,f6ab14eb-1a66-4ea5-8a0f-0afbda444403,Lane_Zrtf5PmDKy,Reviewer 1,role,531853916
49be2e04-cd69-4980-8622-c49f6a12c8af,30,8b64dd91-5d52-11f0-9e15-0afff499248b,bf996092-8d66-408a-8d8e-5065ca3330c2,f6ab14eb-1a66-4ea5-8a0f-0afbda444403,Lane_Zrtf5PmDKy,Reviewer 1,role,531853838
49be2e04-cd69-4980-8622-c49f6a12c8af,30,8b64dd91-5d52-11f0-9e15-0afff499248b,bf996092-8d66-408a-8d8e-5065ca3330c2,f6ab14eb-1a66-4ea5-8a0f-0afbda444403,Lane_Zrtf5PmDKy,Reviewer 1,role,531853839
49be2e04-cd69-4980-8622-c49f6a12c8af,30,8b64dd91-5d52-11f0-9e15-0afff499248b,bf996092-8d66-408a-8d8e-5065ca3330c2,f6ab14eb-1a66-4ea5-8a0f-0afbda444403,Lane_ZKsMPkefBD,Reviewer 2,role,531853873
49be2e04-cd69-4980-8622-c49f6a12c8af,30,8b64dd91-5d52-11f0-9e15-0afff499248b,bf996092-8d66-408a-8d8e-5065ca3330c2,f6ab14eb-1a66-4ea5-8a0f-0afbda444403,Lane_ZKsMPkefBD,Reviewer 2,role,531853889
49be2e04-cd69-4980-8622-c49f6a12c8af,30,8b64dd91-5d52-11f0-9e15-0afff499248b,bf996092-8d66-408a-8d8e-5065ca3330c2,f6ab14eb-1a66-4ea5-8a0f-0afbda444403,Lane_ZKsMPkefBD,Reviewer 2,role,531853882
49be2e04-cd69-4980-8622-c49f6a12c8af,30,8b64dd91-5d52-11f0-9e15-0afff499248b,bf996092-8d66-408a-8d8e-5065ca3330c2,f6ab14eb-1a66-4ea5-8a0f-0afbda444403,Lane_o8qea91Ixb,Reviewer 3,role,531853840
49be2e04-cd69-4980-8622-c49f6a12c8af,30,8b64dd91-5d52-11f0-9e15-0afff499248b,bf996092-8d66-408a-8d8e-5065ca3330c2,f6ab14eb-1a66-4ea5-8a0f-0afbda444403,Lane_o8qea91Ixb,Reviewer 3,role,531853842
49be2e04-cd69-4980-8622-c49f6a12c8af,30,8b64dd91-5d52-11f0-9e15-0afff499248b,bf996092-8d66-408a-8d8e-5065ca3330c2,f6ab14eb-1a66-4ea5-8a0f-0afbda444403,Lane_o8qea91Ixb,Reviewer 3,role,531853843
49be2e04-cd69-4980-8622-c49f6a12c8af,30,8b64dd91-5d52-11f0-9e15-0afff499248b,bf996092-8d66-408a-8d8e-5065ca3330c2,f6ab14eb-1a66-4ea5-8a0f-0afbda444403,Lane_o8qea91Ixb,Reviewer 3,role,531853845
49be2e04-cd69-4980-8622-c49f6a12c8af,30,8b64dd91-5d52-11f0-9e15-0afff499248b,bf996092-8d66-408a-8d8e-5065ca3330c2,f6ab14eb-1a66-4ea5-8a0f-0afbda444403,Lane_o8qea91Ixb,Reviewer 3,role,531853848
49be2e04-cd69-4980-8622-c49f6a12c8af,30,8b64dd91-5d52-11f0-9e15-0afff499248b,bf996092-8d66-408a-8d8e-5065ca3330c2,f6ab14eb-1a66-4ea5-8a0f-0afbda444403,Lane_o8qea91Ixb,Reviewer 3,role,531853844
49be2e04-cd69-4980-8622-c49f6a12c8af,30,8b64dd91-5d52-11f0-9e15-0afff499248b,bf996092-8d66-408a-8d8e-5065ca3330c2,f6ab14eb-1a66-4ea5-8a0f-0afbda444403,Lane_WLd6ghXUWU,Approver,role,531853841
9680fa69-42d9-4391-9640-1bc0c09a1d31,16,1c8945e8-5686-11f0-b07f-0e777e0eb1e3,bf996092-8d66-408a-8d8e-5065ca3330c2,f6ab14eb-1a66-4ea5-8a0f-0afbda444403,Lane_fzJLdhiAqO,Initiator,role,531853918
9680fa69-42d9-4391-9640-1bc0c09a1d31,16,1c8945e8-5686-11f0-b07f-0e777e0eb1e3,bf996092-8d66-408a-8d8e-5065ca3330c2,f6ab14eb-1a66-4ea5-8a0f-0afbda444403,Lane_Zrtf5PmDKy,Reviewer 1,role,531853916
9680fa69-42d9-4391-9640-1bc0c09a1d31,16,1c8945e8-5686-11f0-b07f-0e777e0eb1e3,bf996092-8d66-408a-8d8e-5065ca3330c2,f6ab14eb-1a66-4ea5-8a0f-0afbda444403,Lane_Zrtf5PmDKy,Reviewer 1,role,531853838
9680fa69-42d9-4391-9640-1bc0c09a1d31,16,1c8945e8-5686-11f0-b07f-0e777e0eb1e3,bf996092-8d66-408a-8d8e-5065ca3330c2,f6ab14eb-1a66-4ea5-8a0f-0afbda444403,Lane_Zrtf5PmDKy,Reviewer 1,role,531853839
9680fa69-42d9-4391-9640-1bc0c09a1d31,16,1c8945e8-5686-11f0-b07f-0e777e0eb1e3,bf996092-8d66-408a-8d8e-5065ca3330c2,f6ab14eb-1a66-4ea5-8a0f-0afbda444403,Lane_ZKsMPkefBD,Reviewer 2,role,531853873
9680fa69-42d9-4391-9640-1bc0c09a1d31,16,1c8945e8-5686-11f0-b07f-0e777e0eb1e3,bf996092-8d66-408a-8d8e-5065ca3330c2,f6ab14eb-1a66-4ea5-8a0f-0afbda444403,Lane_ZKsMPkefBD,Reviewer 2,role,531853889
9680fa69-42d9-4391-9640-1bc0c09a1d31,16,1c8945e8-5686-11f0-b07f-0e777e0eb1e3,bf996092-8d66-408a-8d8e-5065ca3330c2,f6ab14eb-1a66-4ea5-8a0f-0afbda444403,Lane_ZKsMPkefBD,Reviewer 2,role,531853882
9680fa69-42d9-4391-9640-1bc0c09a1d31,16,1c8945e8-5686-11f0-b07f-0e777e0eb1e3,bf996092-8d66-408a-8d8e-5065ca3330c2,f6ab14eb-1a66-4ea5-8a0f-0afbda444403,Lane_o8qea91Ixb,Reviewer 3,role,531853840
9680fa69-42d9-4391-9640-1bc0c09a1d31,16,1c8945e8-5686-11f0-b07f-0e777e0eb1e3,bf996092-8d66-408a-8d8e-5065ca3330c2,f6ab14eb-1a66-4ea5-8a0f-0afbda444403,Lane_o8qea91Ixb,Reviewer 3,role,531853842
9680fa69-42d9-4391-9640-1bc0c09a1d31,16,1c8945e8-5686-11f0-b07f-0e777e0eb1e3,bf996092-8d66-408a-8d8e-5065ca3330c2,f6ab14eb-1a66-4ea5-8a0f-0afbda444403,Lane_o8qea91Ixb,Reviewer 3,role,531853843
9680fa69-42d9-4391-9640-1bc0c09a1d31,16,1c8945e8-5686-11f0-b07f-0e777e0eb1e3,bf996092-8d66-408a-8d8e-5065ca3330c2,f6ab14eb-1a66-4ea5-8a0f-0afbda444403,Lane_o8qea91Ixb,Reviewer 3,role,531853845
9680fa69-42d9-4391-9640-1bc0c09a1d31,16,1c8945e8-5686-11f0-b07f-0e777e0eb1e3,bf996092-8d66-408a-8d8e-5065ca3330c2,f6ab14eb-1a66-4ea5-8a0f-0afbda444403,Lane_o8qea91Ixb,Reviewer 3,role,531853848
9680fa69-42d9-4391-9640-1bc0c09a1d31,16,1c8945e8-5686-11f0-b07f-0e777e0eb1e3,bf996092-8d66-408a-8d8e-5065ca3330c2,f6ab14eb-1a66-4ea5-8a0f-0afbda444403,Lane_o8qea91Ixb,Reviewer 3,role,531853844
9680fa69-42d9-4391-9640-1bc0c09a1d31,16,1c8945e8-5686-11f0-b07f-0e777e0eb1e3,bf996092-8d66-408a-8d8e-5065ca3330c2,f6ab14eb-1a66-4ea5-8a0f-0afbda444403,Lane_WLd6ghXUWU,Approver,role,531853841
d014dd2e-f3dd-44fc-aeca-54e09fdfad9d,2,,bf996092-8d66-408a-8d8e-5065ca3330c2,f6ab14eb-1a66-4ea5-8a0f-0afbda444403,Lane_FbM1iQivwz,Initiator,role,531853918
d014dd2e-f3dd-44fc-aeca-54e09fdfad9d,2,,bf996092-8d66-408a-8d8e-5065ca3330c2,f6ab14eb-1a66-4ea5-8a0f-0afbda444403,Lane_sixPPnF4tM,Reviewer,role,531853838
d014dd2e-f3dd-44fc-aeca-54e09fdfad9d,2,,bf996092-8d66-408a-8d8e-5065ca3330c2,f6ab14eb-1a66-4ea5-8a0f-0afbda444403,Lane_sixPPnF4tM,Reviewer,role,531853840
d014dd2e-f3dd-44fc-aeca-54e09fdfad9d,2,,bf996092-8d66-408a-8d8e-5065ca3330c2,f6ab14eb-1a66-4ea5-8a0f-0afbda444403,Lane_ZIx2l2SiXU,Approver,role,531853842
03b92d88-8097-4467-90c3-eeb636c112e6,47,a4c07732-660d-11f0-87b6-0e47164080f7,bf996092-8d66-408a-8d8e-5065ca3330c2,f6ab14eb-1a66-4ea5-8a0f-0afbda444403,Lane_1oieIaoghq,Initiator,role,531853828
03b92d88-8097-4467-90c3-eeb636c112e6,47,a4c07732-660d-11f0-87b6-0e47164080f7,bf996092-8d66-408a-8d8e-5065ca3330c2,f6ab14eb-1a66-4ea5-8a0f-0afbda444403,Lane_RhsOEwGhP9,Approver,role,531853847
1db4f885-33fd-4554-bcc5-7bbe35673d74,48,79500def-660e-11f0-9d2c-02ecd8cd8b53,bf996092-8d66-408a-8d8e-5065ca3330c2,f6ab14eb-1a66-4ea5-8a0f-0afbda444403,Lane_1oieIaoghq,Initiator,role,531853828
1db4f885-33fd-4554-bcc5-7bbe35673d74,48,79500def-660e-11f0-9d2c-02ecd8cd8b53,bf996092-8d66-408a-8d8e-5065ca3330c2,f6ab14eb-1a66-4ea5-8a0f-0afbda444403,Lane_RhsOEwGhP9,Approver,role,531853847
e1c6c93f-6e93-4276-a761-507159d75c6a,57,dcfe0bf8-6c2d-11f0-946f-0215d9ab6dad,bf996092-8d66-408a-8d8e-5065ca3330c2,f6ab14eb-1a66-4ea5-8a0f-0afbda444403,Lane_1oieIaoghq,Initiator,role,531853828
e1c6c93f-6e93-4276-a761-507159d75c6a,57,dcfe0bf8-6c2d-11f0-946f-0215d9ab6dad,bf996092-8d66-408a-8d8e-5065ca3330c2,f6ab14eb-1a66-4ea5-8a0f-0afbda444403,Lane_RhsOEwGhP9,Approver,role,531853847
533cbb9c-7a2e-4981-b7d0-67e64b8fe775,76,cd8f8067-7202-11f0-946f-0215d9ab6dad,bf996092-8d66-408a-8d8e-5065ca3330c2,f6ab14eb-1a66-4ea5-8a0f-0afbda444403,Lane_1oieIaoghq,Initiator,role,531853828
533cbb9c-7a2e-4981-b7d0-67e64b8fe775,76,cd8f8067-7202-11f0-946f-0215d9ab6dad,bf996092-8d66-408a-8d8e-5065ca3330c2,f6ab14eb-1a66-4ea5-8a0f-0afbda444403,Lane_RhsOEwGhP9,Approver,role,531853847
6824ca80-f748-4061-a846-74137b3b8e55,100,e423fe10-791a-11f0-946f-0215d9ab6dad,bf996092-8d66-408a-8d8e-5065ca3330c2,f6ab14eb-1a66-4ea5-8a0f-0afbda444403,Lane_fzJLdhiAqO,Initiator,role,531853918
6824ca80-f748-4061-a846-74137b3b8e55,100,e423fe10-791a-11f0-946f-0215d9ab6dad,bf996092-8d66-408a-8d8e-5065ca3330c2,f6ab14eb-1a66-4ea5-8a0f-0afbda444403,Lane_Zrtf5PmDKy,Reviewer 1,role,531853916
6824ca80-f748-4061-a846-74137b3b8e55,100,e423fe10-791a-11f0-946f-0215d9ab6dad,bf996092-8d66-408a-8d8e-5065ca3330c2,f6ab14eb-1a66-4ea5-8a0f-0afbda444403,Lane_Zrtf5PmDKy,Reviewer 1,role,531853838
6824ca80-f748-4061-a846-74137b3b8e55,100,e423fe10-791a-11f0-946f-0215d9ab6dad,bf996092-8d66-408a-8d8e-5065ca3330c2,f6ab14eb-1a66-4ea5-8a0f-0afbda444403,Lane_Zrtf5PmDKy,Reviewer 1,role,531853839
6824ca80-f748-4061-a846-74137b3b8e55,100,e423fe10-791a-11f0-946f-0215d9ab6dad,bf996092-8d66-408a-8d8e-5065ca3330c2,f6ab14eb-1a66-4ea5-8a0f-0afbda444403,Lane_ZKsMPkefBD,Reviewer 2,role,531853873
6824ca80-f748-4061-a846-74137b3b8e55,100,e423fe10-791a-11f0-946f-0215d9ab6dad,bf996092-8d66-408a-8d8e-5065ca3330c2,f6ab14eb-1a66-4ea5-8a0f-0afbda444403,Lane_ZKsMPkefBD,Reviewer 2,role,531853889
6824ca80-f748-4061-a846-74137b3b8e55,100,e423fe10-791a-11f0-946f-0215d9ab6dad,bf996092-8d66-408a-8d8e-5065ca3330c2,f6ab14eb-1a66-4ea5-8a0f-0afbda444403,Lane_ZKsMPkefBD,Reviewer 2,role,531853882
6824ca80-f748-4061-a846-74137b3b8e55,100,e423fe10-791a-11f0-946f-0215d9ab6dad,bf996092-8d66-408a-8d8e-5065ca3330c2,f6ab14eb-1a66-4ea5-8a0f-0afbda444403,Lane_o8qea91Ixb,Reviewer 3,role,531853840
6824ca80-f748-4061-a846-74137b3b8e55,100,e423fe10-791a-11f0-946f-0215d9ab6dad,bf996092-8d66-408a-8d8e-5065ca3330c2,f6ab14eb-1a66-4ea5-8a0f-0afbda444403,Lane_o8qea91Ixb,Reviewer 3,role,531853842
6824ca80-f748-4061-a846-74137b3b8e55,100,e423fe10-791a-11f0-946f-0215d9ab6dad,bf996092-8d66-408a-8d8e-5065ca3330c2,f6ab14eb-1a66-4ea5-8a0f-0afbda444403,Lane_o8qea91Ixb,Reviewer 3,role,531853843
6824ca80-f748-4061-a846-74137b3b8e55,100,e423fe10-791a-11f0-946f-0215d9ab6dad,bf996092-8d66-408a-8d8e-5065ca3330c2,f6ab14eb-1a66-4ea5-8a0f-0afbda444403,Lane_o8qea91Ixb,Reviewer 3,role,531853845
6824ca80-f748-4061-a846-74137b3b8e55,100,e423fe10-791a-11f0-946f-0215d9ab6dad,bf996092-8d66-408a-8d8e-5065ca3330c2,f6ab14eb-1a66-4ea5-8a0f-0afbda444403,Lane_o8qea91Ixb,Reviewer 3,role,531853848
6824ca80-f748-4061-a846-74137b3b8e55,100,e423fe10-791a-11f0-946f-0215d9ab6dad,bf996092-8d66-408a-8d8e-5065ca3330c2,f6ab14eb-1a66-4ea5-8a0f-0afbda444403,Lane_o8qea91Ixb,Reviewer 3,role,531853844
6824ca80-f748-4061-a846-74137b3b8e55,100,e423fe10-791a-11f0-946f-0215d9ab6dad,bf996092-8d66-408a-8d8e-5065ca3330c2,f6ab14eb-1a66-4ea5-8a0f-0afbda444403,Lane_WLd6ghXUWU,Approver,role,531853841
e266bcb3-2dc8-4cdd-ab28-5879fa631eb4,60,,bf996092-8d66-408a-8d8e-5065ca3330c2,f6ab14eb-1a66-4ea5-8a0f-0afbda444403,Lane_fzJLdhiAqO,Initiator,role,531853918
e266bcb3-2dc8-4cdd-ab28-5879fa631eb4,60,,bf996092-8d66-408a-8d8e-5065ca3330c2,f6ab14eb-1a66-4ea5-8a0f-0afbda444403,Lane_Zrtf5PmDKy,Reviewer 1,role,531853916
e266bcb3-2dc8-4cdd-ab28-5879fa631eb4,60,,bf996092-8d66-408a-8d8e-5065ca3330c2,f6ab14eb-1a66-4ea5-8a0f-0afbda444403,Lane_Zrtf5PmDKy,Reviewer 1,role,531853838
e266bcb3-2dc8-4cdd-ab28-5879fa631eb4,60,,bf996092-8d66-408a-8d8e-5065ca3330c2,f6ab14eb-1a66-4ea5-8a0f-0afbda444403,Lane_Zrtf5PmDKy,Reviewer 1,role,531853839
e266bcb3-2dc8-4cdd-ab28-5879fa631eb4,60,,bf996092-8d66-408a-8d8e-5065ca3330c2,f6ab14eb-1a66-4ea5-8a0f-0afbda444403,Lane_ZKsMPkefBD,Reviewer 2,role,531853873
e266bcb3-2dc8-4cdd-ab28-5879fa631eb4,60,,bf996092-8d66-408a-8d8e-5065ca3330c2,f6ab14eb-1a66-4ea5-8a0f-0afbda444403,Lane_ZKsMPkefBD,Reviewer 2,role,531853889
e266bcb3-2dc8-4cdd-ab28-5879fa631eb4,60,,bf996092-8d66-408a-8d8e-5065ca3330c2,f6ab14eb-1a66-4ea5-8a0f-0afbda444403,Lane_ZKsMPkefBD,Reviewer 2,role,531853882
e266bcb3-2dc8-4cdd-ab28-5879fa631eb4,60,,bf996092-8d66-408a-8d8e-5065ca3330c2,f6ab14eb-1a66-4ea5-8a0f-0afbda444403,Lane_o8qea91Ixb,Reviewer 3,role,531853840
e266bcb3-2dc8-4cdd-ab28-5879fa631eb4,60,,bf996092-8d66-408a-8d8e-5065ca3330c2,f6ab14eb-1a66-4ea5-8a0f-0afbda444403,Lane_o8qea91Ixb,Reviewer 3,role,531853842
e266bcb3-2dc8-4cdd-ab28-5879fa631eb4,60,,bf996092-8d66-408a-8d8e-5065ca3330c2,f6ab14eb-1a66-4ea5-8a0f-0afbda444403,Lane_o8qea91Ixb,Reviewer 3,role,531853843
e266bcb3-2dc8-4cdd-ab28-5879fa631eb4,60,,bf996092-8d66-408a-8d8e-5065ca3330c2,f6ab14eb-1a66-4ea5-8a0f-0afbda444403,Lane_o8qea91Ixb,Reviewer 3,role,531853845
e266bcb3-2dc8-4cdd-ab28-5879fa631eb4,60,,bf996092-8d66-408a-8d8e-5065ca3330c2,f6ab14eb-1a66-4ea5-8a0f-0afbda444403,Lane_o8qea91Ixb,Reviewer 3,role,531853848
e266bcb3-2dc8-4cdd-ab28-5879fa631eb4,60,,bf996092-8d66-408a-8d8e-5065ca3330c2,f6ab14eb-1a66-4ea5-8a0f-0afbda444403,Lane_o8qea91Ixb,Reviewer 3,role,531853844
e266bcb3-2dc8-4cdd-ab28-5879fa631eb4,60,,bf996092-8d66-408a-8d8e-5065ca3330c2,f6ab14eb-1a66-4ea5-8a0f-0afbda444403,Lane_WLd6ghXUWU,Approver,role,531853841
0fc3aa9e-11cd-470f-9e26-c9eef6b3c963,98,3b65fc06-78d2-11f0-946f-0215d9ab6dad,bf996092-8d66-408a-8d8e-5065ca3330c2,f6ab14eb-1a66-4ea5-8a0f-0afbda444403,Lane_HmhJrmtTm2,Initiator,role,531853828
0fc3aa9e-11cd-470f-9e26-c9eef6b3c963,98,3b65fc06-78d2-11f0-946f-0215d9ab6dad,bf996092-8d66-408a-8d8e-5065ca3330c2,f6ab14eb-1a66-4ea5-8a0f-0afbda444403,Lane_gaVRiIdV2m,Approver,role,531853847
d126d017-0dc8-40ae-813e-b169be43516b,99,599e8ca4-78d7-11f0-a747-0e0be9602fab,bf996092-8d66-408a-8d8e-5065ca3330c2,f6ab14eb-1a66-4ea5-8a0f-0afbda444403,Lane_HmhJrmtTm2,Initiator,role,531853828
d126d017-0dc8-40ae-813e-b169be43516b,99,599e8ca4-78d7-11f0-a747-0e0be9602fab,bf996092-8d66-408a-8d8e-5065ca3330c2,f6ab14eb-1a66-4ea5-8a0f-0afbda444403,Lane_gaVRiIdV2m,Approver,role,531853847
593ff38c-bad7-4c18-a675-538f552eeea5,77,2f1a44e2-72d0-11f0-946f-0215d9ab6dad,bf996092-8d66-408a-8d8e-5065ca3330c2,f6ab14eb-1a66-4ea5-8a0f-0afbda444403,Lane_1oieIaoghq,Initiator,role,531853828
593ff38c-bad7-4c18-a675-538f552eeea5,77,2f1a44e2-72d0-11f0-946f-0215d9ab6dad,bf996092-8d66-408a-8d8e-5065ca3330c2,f6ab14eb-1a66-4ea5-8a0f-0afbda444403,Lane_RhsOEwGhP9,Approver,role,531853847
0dfa5bb1-a522-4959-b227-90ac72ef89b1,118,,bf996092-8d66-408a-8d8e-5065ca3330c2,f6ab14eb-1a66-4ea5-8a0f-0afbda444403,Lane_PT3LNakbsZ,Initiator,company,546159977
0dfa5bb1-a522-4959-b227-90ac72ef89b1,118,,bf996092-8d66-408a-8d8e-5065ca3330c2,f6ab14eb-1a66-4ea5-8a0f-0afbda444403,Lane_SRIy1ySEDJ,Approver,role,531853847
587bc35c-35cf-4869-9524-9e99323acaff,114,70b5144f-7f4d-11f0-946f-0215d9ab6dad,bf996092-8d66-408a-8d8e-5065ca3330c2,f6ab14eb-1a66-4ea5-8a0f-0afbda444403,Lane_yyqApGBEcZ,Initiator,company,561332857
587bc35c-35cf-4869-9524-9e99323acaff,114,70b5144f-7f4d-11f0-946f-0215d9ab6dad,bf996092-8d66-408a-8d8e-5065ca3330c2,f6ab14eb-1a66-4ea5-8a0f-0afbda444403,Lane_jQ63VDPZWV,Approver,role,531853847
d84e5324-fb8e-49e5-8b0e-f6a2b8bf1e83,84,,bf996092-8d66-408a-8d8e-5065ca3330c2,f6ab14eb-1a66-4ea5-8a0f-0afbda444403,Lane_HmhJrmtTm2,Initiator,role,531853828
d84e5324-fb8e-49e5-8b0e-f6a2b8bf1e83,84,,bf996092-8d66-408a-8d8e-5065ca3330c2,f6ab14eb-1a66-4ea5-8a0f-0afbda444403,Lane_gaVRiIdV2m,Approver,role,531853847
d3c413ce-0973-46a2-8942-10d3dfee72a5,115,172f0818-7f4e-11f0-8e65-0afff7224aab,bf996092-8d66-408a-8d8e-5065ca3330c2,f6ab14eb-1a66-4ea5-8a0f-0afbda444403,Lane_yyqApGBEcZ,Initiator,company,561332857
d3c413ce-0973-46a2-8942-10d3dfee72a5,115,172f0818-7f4e-11f0-8e65-0afff7224aab,bf996092-8d66-408a-8d8e-5065ca3330c2,f6ab14eb-1a66-4ea5-8a0f-0afbda444403,Lane_jQ63VDPZWV,Approver,role,531853847
b479cd70-f554-4ad4-9d02-459f9f457358,117,12cf4779-8023-11f0-ba69-0affe15d0ad3,bf996092-8d66-408a-8d8e-5065ca3330c2,f6ab14eb-1a66-4ea5-8a0f-0afbda444403,Lane_yyqApGBEcZ,Initiator,company,561332857
b479cd70-f554-4ad4-9d02-459f9f457358,117,12cf4779-8023-11f0-ba69-0affe15d0ad3,bf996092-8d66-408a-8d8e-5065ca3330c2,f6ab14eb-1a66-4ea5-8a0f-0afbda444403,Lane_jQ63VDPZWV,Approver,role,531853847
910eda52-a98a-4f23-aa0b-dc6c59bbd26c,121,c13dc7d2-817a-11f0-8bd5-0232a6c7fd05,bf996092-8d66-408a-8d8e-5065ca3330c2,f6ab14eb-1a66-4ea5-8a0f-0afbda444403,Lane_yyqApGBEcZ,Initiator,company,561332857
910eda52-a98a-4f23-aa0b-dc6c59bbd26c,121,c13dc7d2-817a-11f0-8bd5-0232a6c7fd05,bf996092-8d66-408a-8d8e-5065ca3330c2,f6ab14eb-1a66-4ea5-8a0f-0afbda444403,Lane_jQ63VDPZWV,Approver,role,531853847
6dbfccdf-3fc0-4d32-9e4c-a7a89305e0e9,52,,bf996092-8d66-408a-8d8e-5065ca3330c2,f6ab14eb-1a66-4ea5-8a0f-0afbda444403,Lane_1az2wg9mrl,Initiator,role,531853889
6dbfccdf-3fc0-4d32-9e4c-a7a89305e0e9,52,,bf996092-8d66-408a-8d8e-5065ca3330c2,f6ab14eb-1a66-4ea5-8a0f-0afbda444403,Lane_pL7qfXfUKb,Reviewer 1,role,531853916
6dbfccdf-3fc0-4d32-9e4c-a7a89305e0e9,52,,bf996092-8d66-408a-8d8e-5065ca3330c2,f6ab14eb-1a66-4ea5-8a0f-0afbda444403,Lane_avB6JSrtaF,Reviewer 2,role,531853839
6dbfccdf-3fc0-4d32-9e4c-a7a89305e0e9,52,,bf996092-8d66-408a-8d8e-5065ca3330c2,f6ab14eb-1a66-4ea5-8a0f-0afbda444403,Lane_avB6JSrtaF,Reviewer 2,role,531853844
6dbfccdf-3fc0-4d32-9e4c-a7a89305e0e9,52,,bf996092-8d66-408a-8d8e-5065ca3330c2,f6ab14eb-1a66-4ea5-8a0f-0afbda444403,Lane_avB6JSrtaF,Reviewer 2,role,531853848
6dbfccdf-3fc0-4d32-9e4c-a7a89305e0e9,52,,bf996092-8d66-408a-8d8e-5065ca3330c2,f6ab14eb-1a66-4ea5-8a0f-0afbda444403,Lane_avB6JSrtaF,Reviewer 2,role,531853845
6dbfccdf-3fc0-4d32-9e4c-a7a89305e0e9,52,,bf996092-8d66-408a-8d8e-5065ca3330c2,f6ab14eb-1a66-4ea5-8a0f-0afbda444403,Lane_wXDA7YsBuf,Approver,role,531853841
7df660ac-e203-4522-b551-e7e689b4c6b4,122,,bf996092-8d66-408a-8d8e-5065ca3330c2,f6ab14eb-1a66-4ea5-8a0f-0afbda444403,Lane_PT3LNakbsZ,Initiator,company,546159977
7df660ac-e203-4522-b551-e7e689b4c6b4,122,,bf996092-8d66-408a-8d8e-5065ca3330c2,f6ab14eb-1a66-4ea5-8a0f-0afbda444403,Lane_SRIy1ySEDJ,Approver,role,531853847
20718db2-472f-448c-85bb-fcb9dd052116,123,,bf996092-8d66-408a-8d8e-5065ca3330c2,f6ab14eb-1a66-4ea5-8a0f-0afbda444403,Lane_PT3LNakbsZ,Initiator,company,546159977
20718db2-472f-448c-85bb-fcb9dd052116,123,,bf996092-8d66-408a-8d8e-5065ca3330c2,f6ab14eb-1a66-4ea5-8a0f-0afbda444403,Lane_SRIy1ySEDJ,Approver,role,531853847
4a4171c1-0bec-4ce3-8cbb-114e170c5914,119,a5db66b5-8188-11f0-ba69-0affe15d0ad3,bf996092-8d66-408a-8d8e-5065ca3330c2,f6ab14eb-1a66-4ea5-8a0f-0afbda444403,Lane_yyqApGBEcZ,Initiator,company,561332857
4a4171c1-0bec-4ce3-8cbb-114e170c5914,119,a5db66b5-8188-11f0-ba69-0affe15d0ad3,bf996092-8d66-408a-8d8e-5065ca3330c2,f6ab14eb-1a66-4ea5-8a0f-0afbda444403,Lane_jQ63VDPZWV,Approver,role,531853847
36baf49d-8628-434a-880e-b79fd1dd3292,120,49ba163c-8189-11f0-9661-0afff06a47b1,bf996092-8d66-408a-8d8e-5065ca3330c2,f6ab14eb-1a66-4ea5-8a0f-0afbda444403,Lane_yyqApGBEcZ,Initiator,company,561332857
36baf49d-8628-434a-880e-b79fd1dd3292,120,49ba163c-8189-11f0-9661-0afff06a47b1,bf996092-8d66-408a-8d8e-5065ca3330c2,f6ab14eb-1a66-4ea5-8a0f-0afbda444403,Lane_jQ63VDPZWV,Approver,role,531853847
91739b11-1260-4a7a-bc3b-bdbbead31b55,124,011d88c2-81bd-11f0-8bd5-0232a6c7fd05,bf996092-8d66-408a-8d8e-5065ca3330c2,f6ab14eb-1a66-4ea5-8a0f-0afbda444403,Lane_PT3LNakbsZ,Initiator,company,546159977
91739b11-1260-4a7a-bc3b-bdbbead31b55,124,011d88c2-81bd-11f0-8bd5-0232a6c7fd05,bf996092-8d66-408a-8d8e-5065ca3330c2,f6ab14eb-1a66-4ea5-8a0f-0afbda444403,Lane_SRIy1ySEDJ,Approver,role,531853847
dc736d0d-4521-4122-af1c-36ff393ae670,125,2b6226ff-81bd-11f0-ba69-0affe15d0ad3,bf996092-8d66-408a-8d8e-5065ca3330c2,f6ab14eb-1a66-4ea5-8a0f-0afbda444403,Lane_PT3LNakbsZ,Initiator,company,546159977
dc736d0d-4521-4122-af1c-36ff393ae670,125,2b6226ff-81bd-11f0-ba69-0affe15d0ad3,bf996092-8d66-408a-8d8e-5065ca3330c2,f6ab14eb-1a66-4ea5-8a0f-0afbda444403,Lane_SRIy1ySEDJ,Approver,role,531853847
b3b70aa5-4fa2-45b3-8fc6-8fe0d25be89b,127,51f94d2d-81bd-11f0-8bd5-0232a6c7fd05,bf996092-8d66-408a-8d8e-5065ca3330c2,f6ab14eb-1a66-4ea5-8a0f-0afbda444403,Lane_PT3LNakbsZ,Initiator,company,546159977
b3b70aa5-4fa2-45b3-8fc6-8fe0d25be89b,127,51f94d2d-81bd-11f0-8bd5-0232a6c7fd05,bf996092-8d66-408a-8d8e-5065ca3330c2,f6ab14eb-1a66-4ea5-8a0f-0afbda444403,Lane_SRIy1ySEDJ,Approver,role,531853847
87463da7-5ec4-4c73-a2b4-00089f3fb377,128,fc33e409-8232-11f0-9661-0afff06a47b1,bf996092-8d66-408a-8d8e-5065ca3330c2,f6ab14eb-1a66-4ea5-8a0f-0afbda444403,Lane_PT3LNakbsZ,Initiator,company,546159977
87463da7-5ec4-4c73-a2b4-00089f3fb377,128,fc33e409-8232-11f0-9661-0afff06a47b1,bf996092-8d66-408a-8d8e-5065ca3330c2,f6ab14eb-1a66-4ea5-8a0f-0afbda444403,Lane_SRIy1ySEDJ,Approver,role,531853847
af547dcf-45c3-496d-a8c9-fe4243c1edfa,129,43c276e4-8239-11f0-9b63-0edefbbefc43,bf996092-8d66-408a-8d8e-5065ca3330c2,f6ab14eb-1a66-4ea5-8a0f-0afbda444403,Lane_yyqApGBEcZ,Initiator,company,561332857
af547dcf-45c3-496d-a8c9-fe4243c1edfa,129,43c276e4-8239-11f0-9b63-0edefbbefc43,bf996092-8d66-408a-8d8e-5065ca3330c2,f6ab14eb-1a66-4ea5-8a0f-0afbda444403,Lane_jQ63VDPZWV,Approver,role,531853847
