id,sequence_id,instance_id,bim360_account_id,bim360_project_id,workflow_id,step_id,step_name,step_display_name
198fd447-702c-498b-b297-6efd862aa524,58,71f28949-6947-11f0-9b63-0edefbbefc43,bf996092-8d66-408a-8d8e-5065ca3330c2,23142979-9fb6-4fd3-bd82-62d7e0add75f,325636b3-37f5-434c-8c81-73445bd4cca1,Lane_OFglnfn9KB,Initiator,Initial Review
198fd447-702c-498b-b297-6efd862aa524,58,71f28949-6947-11f0-9b63-0edefbbefc43,bf996092-8d66-408a-8d8e-5065ca3330c2,23142979-9fb6-4fd3-bd82-62d7e0add75f,325636b3-37f5-434c-8c81-73445bd4cca1,Lane_nBhTQbDvYT,Reviewer,Review 1
198fd447-702c-498b-b297-6efd862aa524,58,71f28949-6947-11f0-9b63-0edefbbefc43,bf996092-8d66-408a-8d8e-5065ca3330c2,23142979-9fb6-4fd3-bd82-62d7e0add75f,325636b3-37f5-434c-8c81-73445bd4cca1,Lane_qrwwMJBzZw,Approver,Final Review
05eccb2d-64a2-4006-96ee-1995d8c412d3,7,,bf996092-8d66-408a-8d8e-5065ca3330c2,23142979-9fb6-4fd3-bd82-62d7e0add75f,325636b3-37f5-434c-8c81-73445bd4cca1,Lane_emFiAvSluF,Initiator,Initial Review
05eccb2d-64a2-4006-96ee-1995d8c412d3,7,,bf996092-8d66-408a-8d8e-5065ca3330c2,23142979-9fb6-4fd3-bd82-62d7e0add75f,325636b3-37f5-434c-8c81-73445bd4cca1,Lane_b3UJoBsIU6,Reviewer,Review 1
05eccb2d-64a2-4006-96ee-1995d8c412d3,7,,bf996092-8d66-408a-8d8e-5065ca3330c2,23142979-9fb6-4fd3-bd82-62d7e0add75f,325636b3-37f5-434c-8c81-73445bd4cca1,Lane_0ZXLx0aJtq,Approver,Final Review
a9fd5a1c-43f0-4c97-b64b-3c75b5dcc85e,26,f528f18a-30aa-11f0-a75b-02304916fd47,bf996092-8d66-408a-8d8e-5065ca3330c2,23142979-9fb6-4fd3-bd82-62d7e0add75f,4a588fe6-f2f8-46f8-9974-d10e8b9b088a,Lane_gOYkFwT0tf,Initiator,Initial Review
a9fd5a1c-43f0-4c97-b64b-3c75b5dcc85e,26,f528f18a-30aa-11f0-a75b-02304916fd47,bf996092-8d66-408a-8d8e-5065ca3330c2,23142979-9fb6-4fd3-bd82-62d7e0add75f,4a588fe6-f2f8-46f8-9974-d10e8b9b088a,Lane_iGgmsWM3oy,Approver,Final Review
a2507942-6f39-405c-bf77-5d3e25b0c6c5,29,a8643ebb-30ae-11f0-886e-0affe10abe73,bf996092-8d66-408a-8d8e-5065ca3330c2,23142979-9fb6-4fd3-bd82-62d7e0add75f,4a588fe6-f2f8-46f8-9974-d10e8b9b088a,Lane_gOYkFwT0tf,Initiator,Initial Review
a2507942-6f39-405c-bf77-5d3e25b0c6c5,29,a8643ebb-30ae-11f0-886e-0affe10abe73,bf996092-8d66-408a-8d8e-5065ca3330c2,23142979-9fb6-4fd3-bd82-62d7e0add75f,4a588fe6-f2f8-46f8-9974-d10e8b9b088a,Lane_iGgmsWM3oy,Approver,Final Review
a909eaed-235c-4b51-b5ec-59699376c3ad,27,6791f740-30ad-11f0-a305-0ea8b6e27dcf,bf996092-8d66-408a-8d8e-5065ca3330c2,23142979-9fb6-4fd3-bd82-62d7e0add75f,4a588fe6-f2f8-46f8-9974-d10e8b9b088a,Lane_gOYkFwT0tf,Initiator,Initial Review
a909eaed-235c-4b51-b5ec-59699376c3ad,27,6791f740-30ad-11f0-a305-0ea8b6e27dcf,bf996092-8d66-408a-8d8e-5065ca3330c2,23142979-9fb6-4fd3-bd82-62d7e0add75f,4a588fe6-f2f8-46f8-9974-d10e8b9b088a,Lane_iGgmsWM3oy,Approver,Final Review
992c6c90-f562-46ee-906e-e5ae08b09b3c,28,ac1e563e-30ad-11f0-886e-0affe10abe73,bf996092-8d66-408a-8d8e-5065ca3330c2,23142979-9fb6-4fd3-bd82-62d7e0add75f,4a588fe6-f2f8-46f8-9974-d10e8b9b088a,Lane_gOYkFwT0tf,Initiator,Initial Review
992c6c90-f562-46ee-906e-e5ae08b09b3c,28,ac1e563e-30ad-11f0-886e-0affe10abe73,bf996092-8d66-408a-8d8e-5065ca3330c2,23142979-9fb6-4fd3-bd82-62d7e0add75f,4a588fe6-f2f8-46f8-9974-d10e8b9b088a,Lane_iGgmsWM3oy,Approver,Final Review
84642ff5-cb13-4bb3-8570-a7065ebd58bf,30,52b762e1-30b1-11f0-a75b-02304916fd47,bf996092-8d66-408a-8d8e-5065ca3330c2,23142979-9fb6-4fd3-bd82-62d7e0add75f,4a588fe6-f2f8-46f8-9974-d10e8b9b088a,Lane_gOYkFwT0tf,Initiator,Initial Review
84642ff5-cb13-4bb3-8570-a7065ebd58bf,30,52b762e1-30b1-11f0-a75b-02304916fd47,bf996092-8d66-408a-8d8e-5065ca3330c2,23142979-9fb6-4fd3-bd82-62d7e0add75f,4a588fe6-f2f8-46f8-9974-d10e8b9b088a,Lane_iGgmsWM3oy,Approver,Final Review
439d777c-3fda-4b1b-9c6a-edc5d53cc21b,31,86e7adb7-30b1-11f0-8c89-02bb37981eb5,bf996092-8d66-408a-8d8e-5065ca3330c2,23142979-9fb6-4fd3-bd82-62d7e0add75f,4a588fe6-f2f8-46f8-9974-d10e8b9b088a,Lane_gOYkFwT0tf,Initiator,Initial Review
439d777c-3fda-4b1b-9c6a-edc5d53cc21b,31,86e7adb7-30b1-11f0-8c89-02bb37981eb5,bf996092-8d66-408a-8d8e-5065ca3330c2,23142979-9fb6-4fd3-bd82-62d7e0add75f,4a588fe6-f2f8-46f8-9974-d10e8b9b088a,Lane_iGgmsWM3oy,Approver,Final Review
59d7a699-9f3c-4238-96be-4065509ef96e,32,d226ad75-30b1-11f0-8ed5-0e90ccd82ecd,bf996092-8d66-408a-8d8e-5065ca3330c2,23142979-9fb6-4fd3-bd82-62d7e0add75f,4a588fe6-f2f8-46f8-9974-d10e8b9b088a,Lane_gOYkFwT0tf,Initiator,Initial Review
59d7a699-9f3c-4238-96be-4065509ef96e,32,d226ad75-30b1-11f0-8ed5-0e90ccd82ecd,bf996092-8d66-408a-8d8e-5065ca3330c2,23142979-9fb6-4fd3-bd82-62d7e0add75f,4a588fe6-f2f8-46f8-9974-d10e8b9b088a,Lane_iGgmsWM3oy,Approver,Final Review
f2e39d1f-9085-44d4-83b2-45d3fd715279,33,0eaa29f7-30b2-11f0-a305-0ea8b6e27dcf,bf996092-8d66-408a-8d8e-5065ca3330c2,23142979-9fb6-4fd3-bd82-62d7e0add75f,4a588fe6-f2f8-46f8-9974-d10e8b9b088a,Lane_gOYkFwT0tf,Initiator,Initial Review
f2e39d1f-9085-44d4-83b2-45d3fd715279,33,0eaa29f7-30b2-11f0-a305-0ea8b6e27dcf,bf996092-8d66-408a-8d8e-5065ca3330c2,23142979-9fb6-4fd3-bd82-62d7e0add75f,4a588fe6-f2f8-46f8-9974-d10e8b9b088a,Lane_iGgmsWM3oy,Approver,Final Review
6e7ef14c-bcda-423a-b7a5-ee25fbbb0736,34,398b55f1-30b2-11f0-9531-026648e652bf,bf996092-8d66-408a-8d8e-5065ca3330c2,23142979-9fb6-4fd3-bd82-62d7e0add75f,4a588fe6-f2f8-46f8-9974-d10e8b9b088a,Lane_gOYkFwT0tf,Initiator,Initial Review
6e7ef14c-bcda-423a-b7a5-ee25fbbb0736,34,398b55f1-30b2-11f0-9531-026648e652bf,bf996092-8d66-408a-8d8e-5065ca3330c2,23142979-9fb6-4fd3-bd82-62d7e0add75f,4a588fe6-f2f8-46f8-9974-d10e8b9b088a,Lane_iGgmsWM3oy,Approver,Final Review
3e665f00-f530-4abd-8527-ee8ce3da3d0f,35,60144bb0-30b2-11f0-9c34-0afff02ff9e7,bf996092-8d66-408a-8d8e-5065ca3330c2,23142979-9fb6-4fd3-bd82-62d7e0add75f,4a588fe6-f2f8-46f8-9974-d10e8b9b088a,Lane_gOYkFwT0tf,Initiator,Initial Review
3e665f00-f530-4abd-8527-ee8ce3da3d0f,35,60144bb0-30b2-11f0-9c34-0afff02ff9e7,bf996092-8d66-408a-8d8e-5065ca3330c2,23142979-9fb6-4fd3-bd82-62d7e0add75f,4a588fe6-f2f8-46f8-9974-d10e8b9b088a,Lane_iGgmsWM3oy,Approver,Final Review
293bb7fc-eae2-4f77-a7bd-2dabbe13cc53,36,a6d230a5-30b2-11f0-a305-0ea8b6e27dcf,bf996092-8d66-408a-8d8e-5065ca3330c2,23142979-9fb6-4fd3-bd82-62d7e0add75f,4a588fe6-f2f8-46f8-9974-d10e8b9b088a,Lane_gOYkFwT0tf,Initiator,Initial Review
293bb7fc-eae2-4f77-a7bd-2dabbe13cc53,36,a6d230a5-30b2-11f0-a305-0ea8b6e27dcf,bf996092-8d66-408a-8d8e-5065ca3330c2,23142979-9fb6-4fd3-bd82-62d7e0add75f,4a588fe6-f2f8-46f8-9974-d10e8b9b088a,Lane_iGgmsWM3oy,Approver,Final Review
f37b0578-fd69-4959-87a3-002ad335ad84,37,d0158b07-30b2-11f0-9c34-0afff02ff9e7,bf996092-8d66-408a-8d8e-5065ca3330c2,23142979-9fb6-4fd3-bd82-62d7e0add75f,4a588fe6-f2f8-46f8-9974-d10e8b9b088a,Lane_gOYkFwT0tf,Initiator,Initial Review
f37b0578-fd69-4959-87a3-002ad335ad84,37,d0158b07-30b2-11f0-9c34-0afff02ff9e7,bf996092-8d66-408a-8d8e-5065ca3330c2,23142979-9fb6-4fd3-bd82-62d7e0add75f,4a588fe6-f2f8-46f8-9974-d10e8b9b088a,Lane_iGgmsWM3oy,Approver,Final Review
dd9c17bb-69de-4273-bc01-f29422b555fe,38,f43f0d8a-30b2-11f0-a305-0ea8b6e27dcf,bf996092-8d66-408a-8d8e-5065ca3330c2,23142979-9fb6-4fd3-bd82-62d7e0add75f,4a588fe6-f2f8-46f8-9974-d10e8b9b088a,Lane_gOYkFwT0tf,Initiator,Initial Review
dd9c17bb-69de-4273-bc01-f29422b555fe,38,f43f0d8a-30b2-11f0-a305-0ea8b6e27dcf,bf996092-8d66-408a-8d8e-5065ca3330c2,23142979-9fb6-4fd3-bd82-62d7e0add75f,4a588fe6-f2f8-46f8-9974-d10e8b9b088a,Lane_iGgmsWM3oy,Approver,Final Review
6d04c3fb-204d-448d-80fa-6eaedde1b648,39,1addad74-30b3-11f0-8ed5-0e90ccd82ecd,bf996092-8d66-408a-8d8e-5065ca3330c2,23142979-9fb6-4fd3-bd82-62d7e0add75f,4a588fe6-f2f8-46f8-9974-d10e8b9b088a,Lane_gOYkFwT0tf,Initiator,Initial Review
6d04c3fb-204d-448d-80fa-6eaedde1b648,39,1addad74-30b3-11f0-8ed5-0e90ccd82ecd,bf996092-8d66-408a-8d8e-5065ca3330c2,23142979-9fb6-4fd3-bd82-62d7e0add75f,4a588fe6-f2f8-46f8-9974-d10e8b9b088a,Lane_iGgmsWM3oy,Approver,Final Review
1bbe3b96-8ff2-4c52-a3f3-36b504d31019,40,3829fba0-30b3-11f0-8ed5-0e90ccd82ecd,bf996092-8d66-408a-8d8e-5065ca3330c2,23142979-9fb6-4fd3-bd82-62d7e0add75f,4a588fe6-f2f8-46f8-9974-d10e8b9b088a,Lane_gOYkFwT0tf,Initiator,Initial Review
1bbe3b96-8ff2-4c52-a3f3-36b504d31019,40,3829fba0-30b3-11f0-8ed5-0e90ccd82ecd,bf996092-8d66-408a-8d8e-5065ca3330c2,23142979-9fb6-4fd3-bd82-62d7e0add75f,4a588fe6-f2f8-46f8-9974-d10e8b9b088a,Lane_iGgmsWM3oy,Approver,Final Review
6d6b1d5f-0cf9-4c54-b5f3-c09640492a8b,42,7c2983e9-30b3-11f0-8ed5-0e90ccd82ecd,bf996092-8d66-408a-8d8e-5065ca3330c2,23142979-9fb6-4fd3-bd82-62d7e0add75f,4a588fe6-f2f8-46f8-9974-d10e8b9b088a,Lane_gOYkFwT0tf,Initiator,Initial Review
6d6b1d5f-0cf9-4c54-b5f3-c09640492a8b,42,7c2983e9-30b3-11f0-8ed5-0e90ccd82ecd,bf996092-8d66-408a-8d8e-5065ca3330c2,23142979-9fb6-4fd3-bd82-62d7e0add75f,4a588fe6-f2f8-46f8-9974-d10e8b9b088a,Lane_iGgmsWM3oy,Approver,Final Review
8172f18d-fd60-4843-9bcf-340ad121cc3c,41,5b811235-30b3-11f0-8c89-02bb37981eb5,bf996092-8d66-408a-8d8e-5065ca3330c2,23142979-9fb6-4fd3-bd82-62d7e0add75f,4a588fe6-f2f8-46f8-9974-d10e8b9b088a,Lane_gOYkFwT0tf,Initiator,Initial Review
8172f18d-fd60-4843-9bcf-340ad121cc3c,41,5b811235-30b3-11f0-8c89-02bb37981eb5,bf996092-8d66-408a-8d8e-5065ca3330c2,23142979-9fb6-4fd3-bd82-62d7e0add75f,4a588fe6-f2f8-46f8-9974-d10e8b9b088a,Lane_iGgmsWM3oy,Approver,Final Review
01ee224d-1e17-4b28-bdf1-2f9edd1b4f8b,43,9b02171c-30b3-11f0-a305-0ea8b6e27dcf,bf996092-8d66-408a-8d8e-5065ca3330c2,23142979-9fb6-4fd3-bd82-62d7e0add75f,4a588fe6-f2f8-46f8-9974-d10e8b9b088a,Lane_gOYkFwT0tf,Initiator,Initial Review
01ee224d-1e17-4b28-bdf1-2f9edd1b4f8b,43,9b02171c-30b3-11f0-a305-0ea8b6e27dcf,bf996092-8d66-408a-8d8e-5065ca3330c2,23142979-9fb6-4fd3-bd82-62d7e0add75f,4a588fe6-f2f8-46f8-9974-d10e8b9b088a,Lane_iGgmsWM3oy,Approver,Final Review
9d7f0931-253b-4aea-9e5a-377b779d773e,44,ba254880-30b3-11f0-8c89-02bb37981eb5,bf996092-8d66-408a-8d8e-5065ca3330c2,23142979-9fb6-4fd3-bd82-62d7e0add75f,4a588fe6-f2f8-46f8-9974-d10e8b9b088a,Lane_gOYkFwT0tf,Initiator,Initial Review
9d7f0931-253b-4aea-9e5a-377b779d773e,44,ba254880-30b3-11f0-8c89-02bb37981eb5,bf996092-8d66-408a-8d8e-5065ca3330c2,23142979-9fb6-4fd3-bd82-62d7e0add75f,4a588fe6-f2f8-46f8-9974-d10e8b9b088a,Lane_iGgmsWM3oy,Approver,Final Review
993ba4dd-1d1e-4d41-b3bc-13d9769364fa,45,d4880b37-30b3-11f0-8ed5-0e90ccd82ecd,bf996092-8d66-408a-8d8e-5065ca3330c2,23142979-9fb6-4fd3-bd82-62d7e0add75f,4a588fe6-f2f8-46f8-9974-d10e8b9b088a,Lane_gOYkFwT0tf,Initiator,Initial Review
993ba4dd-1d1e-4d41-b3bc-13d9769364fa,45,d4880b37-30b3-11f0-8ed5-0e90ccd82ecd,bf996092-8d66-408a-8d8e-5065ca3330c2,23142979-9fb6-4fd3-bd82-62d7e0add75f,4a588fe6-f2f8-46f8-9974-d10e8b9b088a,Lane_iGgmsWM3oy,Approver,Final Review
e27dc7f9-31a6-40fe-86d3-c10162cc64a3,46,efe55ae7-30b3-11f0-8c89-02bb37981eb5,bf996092-8d66-408a-8d8e-5065ca3330c2,23142979-9fb6-4fd3-bd82-62d7e0add75f,4a588fe6-f2f8-46f8-9974-d10e8b9b088a,Lane_gOYkFwT0tf,Initiator,Initial Review
e27dc7f9-31a6-40fe-86d3-c10162cc64a3,46,efe55ae7-30b3-11f0-8c89-02bb37981eb5,bf996092-8d66-408a-8d8e-5065ca3330c2,23142979-9fb6-4fd3-bd82-62d7e0add75f,4a588fe6-f2f8-46f8-9974-d10e8b9b088a,Lane_iGgmsWM3oy,Approver,Final Review
45fa4308-4424-4db7-b4e0-4029b8304dbe,47,10b07979-30b5-11f0-9531-026648e652bf,bf996092-8d66-408a-8d8e-5065ca3330c2,23142979-9fb6-4fd3-bd82-62d7e0add75f,4a588fe6-f2f8-46f8-9974-d10e8b9b088a,Lane_gOYkFwT0tf,Initiator,Initial Review
45fa4308-4424-4db7-b4e0-4029b8304dbe,47,10b07979-30b5-11f0-9531-026648e652bf,bf996092-8d66-408a-8d8e-5065ca3330c2,23142979-9fb6-4fd3-bd82-62d7e0add75f,4a588fe6-f2f8-46f8-9974-d10e8b9b088a,Lane_iGgmsWM3oy,Approver,Final Review
1d1060d3-c067-4a9a-995b-7ebb23c217ee,48,371608cf-30b5-11f0-9c34-0afff02ff9e7,bf996092-8d66-408a-8d8e-5065ca3330c2,23142979-9fb6-4fd3-bd82-62d7e0add75f,4a588fe6-f2f8-46f8-9974-d10e8b9b088a,Lane_gOYkFwT0tf,Initiator,Initial Review
1d1060d3-c067-4a9a-995b-7ebb23c217ee,48,371608cf-30b5-11f0-9c34-0afff02ff9e7,bf996092-8d66-408a-8d8e-5065ca3330c2,23142979-9fb6-4fd3-bd82-62d7e0add75f,4a588fe6-f2f8-46f8-9974-d10e8b9b088a,Lane_iGgmsWM3oy,Approver,Final Review
b3884630-844a-40cf-8df4-6abcea1535ac,49,6e7ec1aa-30b5-11f0-886e-0affe10abe73,bf996092-8d66-408a-8d8e-5065ca3330c2,23142979-9fb6-4fd3-bd82-62d7e0add75f,4a588fe6-f2f8-46f8-9974-d10e8b9b088a,Lane_gOYkFwT0tf,Initiator,Initial Review
b3884630-844a-40cf-8df4-6abcea1535ac,49,6e7ec1aa-30b5-11f0-886e-0affe10abe73,bf996092-8d66-408a-8d8e-5065ca3330c2,23142979-9fb6-4fd3-bd82-62d7e0add75f,4a588fe6-f2f8-46f8-9974-d10e8b9b088a,Lane_iGgmsWM3oy,Approver,Final Review
5da3b0bc-9dfa-48d2-8887-9b98cdf86e02,50,f5d98699-30b6-11f0-92ca-0affce51bea9,bf996092-8d66-408a-8d8e-5065ca3330c2,23142979-9fb6-4fd3-bd82-62d7e0add75f,4a588fe6-f2f8-46f8-9974-d10e8b9b088a,Lane_gOYkFwT0tf,Initiator,Initial Review
5da3b0bc-9dfa-48d2-8887-9b98cdf86e02,50,f5d98699-30b6-11f0-92ca-0affce51bea9,bf996092-8d66-408a-8d8e-5065ca3330c2,23142979-9fb6-4fd3-bd82-62d7e0add75f,4a588fe6-f2f8-46f8-9974-d10e8b9b088a,Lane_iGgmsWM3oy,Approver,Final Review
ce026b1f-1dee-4f24-8720-b44afeb2fa6b,10,1c08aa28-1606-11f0-920e-0affe6ef14c5,bf996092-8d66-408a-8d8e-5065ca3330c2,23142979-9fb6-4fd3-bd82-62d7e0add75f,c2eefa80-090e-4e5b-afd8-b7a5394d660d,Lane_CEwAhB8p9u,Initiator,Initial Review
ce026b1f-1dee-4f24-8720-b44afeb2fa6b,10,1c08aa28-1606-11f0-920e-0affe6ef14c5,bf996092-8d66-408a-8d8e-5065ca3330c2,23142979-9fb6-4fd3-bd82-62d7e0add75f,c2eefa80-090e-4e5b-afd8-b7a5394d660d,Lane_yMGJMOuyW7,Reviewer 1,Review 1
ce026b1f-1dee-4f24-8720-b44afeb2fa6b,10,1c08aa28-1606-11f0-920e-0affe6ef14c5,bf996092-8d66-408a-8d8e-5065ca3330c2,23142979-9fb6-4fd3-bd82-62d7e0add75f,c2eefa80-090e-4e5b-afd8-b7a5394d660d,Lane_MTceCtc1Os,Reviewer 2,Review 2
ce026b1f-1dee-4f24-8720-b44afeb2fa6b,10,1c08aa28-1606-11f0-920e-0affe6ef14c5,bf996092-8d66-408a-8d8e-5065ca3330c2,23142979-9fb6-4fd3-bd82-62d7e0add75f,c2eefa80-090e-4e5b-afd8-b7a5394d660d,Lane_prK257uhuI,Approver,Final Review
26b371b5-4149-4793-8f40-fd0c5e2dd8fd,20,ae0b52ec-2b24-11f0-b49d-0affe9b08383,bf996092-8d66-408a-8d8e-5065ca3330c2,23142979-9fb6-4fd3-bd82-62d7e0add75f,c2eefa80-090e-4e5b-afd8-b7a5394d660d,Lane_CEwAhB8p9u,Initiator,Initial Review
26b371b5-4149-4793-8f40-fd0c5e2dd8fd,20,ae0b52ec-2b24-11f0-b49d-0affe9b08383,bf996092-8d66-408a-8d8e-5065ca3330c2,23142979-9fb6-4fd3-bd82-62d7e0add75f,c2eefa80-090e-4e5b-afd8-b7a5394d660d,Lane_yMGJMOuyW7,Reviewer 1,Review 1
26b371b5-4149-4793-8f40-fd0c5e2dd8fd,20,ae0b52ec-2b24-11f0-b49d-0affe9b08383,bf996092-8d66-408a-8d8e-5065ca3330c2,23142979-9fb6-4fd3-bd82-62d7e0add75f,c2eefa80-090e-4e5b-afd8-b7a5394d660d,Lane_MTceCtc1Os,Reviewer 2,Review 2
26b371b5-4149-4793-8f40-fd0c5e2dd8fd,20,ae0b52ec-2b24-11f0-b49d-0affe9b08383,bf996092-8d66-408a-8d8e-5065ca3330c2,23142979-9fb6-4fd3-bd82-62d7e0add75f,c2eefa80-090e-4e5b-afd8-b7a5394d660d,Lane_prK257uhuI,Approver,Final Review
00f54580-dc19-4af1-8ae8-ee749b92b91a,14,,bf996092-8d66-408a-8d8e-5065ca3330c2,23142979-9fb6-4fd3-bd82-62d7e0add75f,325636b3-37f5-434c-8c81-73445bd4cca1,Lane_OFglnfn9KB,Initiator,Initial Review
00f54580-dc19-4af1-8ae8-ee749b92b91a,14,,bf996092-8d66-408a-8d8e-5065ca3330c2,23142979-9fb6-4fd3-bd82-62d7e0add75f,325636b3-37f5-434c-8c81-73445bd4cca1,Lane_nBhTQbDvYT,Reviewer,Review 1
00f54580-dc19-4af1-8ae8-ee749b92b91a,14,,bf996092-8d66-408a-8d8e-5065ca3330c2,23142979-9fb6-4fd3-bd82-62d7e0add75f,325636b3-37f5-434c-8c81-73445bd4cca1,Lane_qrwwMJBzZw,Approver,Final Review
1177c134-ee34-46fe-a2b0-e7ce57545b5f,11,fd227f87-1695-11f0-b0a5-0e0917bbc323,bf996092-8d66-408a-8d8e-5065ca3330c2,23142979-9fb6-4fd3-bd82-62d7e0add75f,c2eefa80-090e-4e5b-afd8-b7a5394d660d,Lane_CEwAhB8p9u,Initiator,Initial Review
1177c134-ee34-46fe-a2b0-e7ce57545b5f,11,fd227f87-1695-11f0-b0a5-0e0917bbc323,bf996092-8d66-408a-8d8e-5065ca3330c2,23142979-9fb6-4fd3-bd82-62d7e0add75f,c2eefa80-090e-4e5b-afd8-b7a5394d660d,Lane_yMGJMOuyW7,Reviewer 1,Review 1
1177c134-ee34-46fe-a2b0-e7ce57545b5f,11,fd227f87-1695-11f0-b0a5-0e0917bbc323,bf996092-8d66-408a-8d8e-5065ca3330c2,23142979-9fb6-4fd3-bd82-62d7e0add75f,c2eefa80-090e-4e5b-afd8-b7a5394d660d,Lane_MTceCtc1Os,Reviewer 2,Review 2
1177c134-ee34-46fe-a2b0-e7ce57545b5f,11,fd227f87-1695-11f0-b0a5-0e0917bbc323,bf996092-8d66-408a-8d8e-5065ca3330c2,23142979-9fb6-4fd3-bd82-62d7e0add75f,c2eefa80-090e-4e5b-afd8-b7a5394d660d,Lane_prK257uhuI,Approver,Final Review
9dc26db0-5800-4497-b8b7-d3deba91b95c,15,62192959-1c51-11f0-80fa-0affcb751e0d,bf996092-8d66-408a-8d8e-5065ca3330c2,23142979-9fb6-4fd3-bd82-62d7e0add75f,c2eefa80-090e-4e5b-afd8-b7a5394d660d,Lane_CEwAhB8p9u,Initiator,Initial Review
9dc26db0-5800-4497-b8b7-d3deba91b95c,15,62192959-1c51-11f0-80fa-0affcb751e0d,bf996092-8d66-408a-8d8e-5065ca3330c2,23142979-9fb6-4fd3-bd82-62d7e0add75f,c2eefa80-090e-4e5b-afd8-b7a5394d660d,Lane_yMGJMOuyW7,Reviewer 1,Review 1
9dc26db0-5800-4497-b8b7-d3deba91b95c,15,62192959-1c51-11f0-80fa-0affcb751e0d,bf996092-8d66-408a-8d8e-5065ca3330c2,23142979-9fb6-4fd3-bd82-62d7e0add75f,c2eefa80-090e-4e5b-afd8-b7a5394d660d,Lane_MTceCtc1Os,Reviewer 2,Review 2
9dc26db0-5800-4497-b8b7-d3deba91b95c,15,62192959-1c51-11f0-80fa-0affcb751e0d,bf996092-8d66-408a-8d8e-5065ca3330c2,23142979-9fb6-4fd3-bd82-62d7e0add75f,c2eefa80-090e-4e5b-afd8-b7a5394d660d,Lane_prK257uhuI,Approver,Final Review
42706533-be8b-428e-bc42-1b4ea3168eb5,1,,bf996092-8d66-408a-8d8e-5065ca3330c2,23142979-9fb6-4fd3-bd82-62d7e0add75f,c590a1bb-10ee-4e79-918b-4b0123871a46,Lane_j2wAjrLzOQ,Initiator,Initial Review
42706533-be8b-428e-bc42-1b4ea3168eb5,1,,bf996092-8d66-408a-8d8e-5065ca3330c2,23142979-9fb6-4fd3-bd82-62d7e0add75f,c590a1bb-10ee-4e79-918b-4b0123871a46,Lane_tQUsiCYMas,Reviewer 1,Review 1
42706533-be8b-428e-bc42-1b4ea3168eb5,1,,bf996092-8d66-408a-8d8e-5065ca3330c2,23142979-9fb6-4fd3-bd82-62d7e0add75f,c590a1bb-10ee-4e79-918b-4b0123871a46,Lane_OZ1VVVzqMh,Reviewer 2,Review 2
42706533-be8b-428e-bc42-1b4ea3168eb5,1,,bf996092-8d66-408a-8d8e-5065ca3330c2,23142979-9fb6-4fd3-bd82-62d7e0add75f,c590a1bb-10ee-4e79-918b-4b0123871a46,Lane_Dj1TXXmxIp,Reviewer 3,Initial Review 3
42706533-be8b-428e-bc42-1b4ea3168eb5,1,,bf996092-8d66-408a-8d8e-5065ca3330c2,23142979-9fb6-4fd3-bd82-62d7e0add75f,c590a1bb-10ee-4e79-918b-4b0123871a46,Lane_1KgWDHR5Zv,Approver,Final Review
7cc6e42a-9dae-423d-a9f7-79a4da6c6cd9,6,2b59cc6f-114b-11f0-ac03-0afff6b35a79,bf996092-8d66-408a-8d8e-5065ca3330c2,23142979-9fb6-4fd3-bd82-62d7e0add75f,c2eefa80-090e-4e5b-afd8-b7a5394d660d,Lane_fwcgtXDnXX,Initiator,Initial Review
7cc6e42a-9dae-423d-a9f7-79a4da6c6cd9,6,2b59cc6f-114b-11f0-ac03-0afff6b35a79,bf996092-8d66-408a-8d8e-5065ca3330c2,23142979-9fb6-4fd3-bd82-62d7e0add75f,c2eefa80-090e-4e5b-afd8-b7a5394d660d,Lane_c901RYGMdz,Reviewer 1,Review 1
7cc6e42a-9dae-423d-a9f7-79a4da6c6cd9,6,2b59cc6f-114b-11f0-ac03-0afff6b35a79,bf996092-8d66-408a-8d8e-5065ca3330c2,23142979-9fb6-4fd3-bd82-62d7e0add75f,c2eefa80-090e-4e5b-afd8-b7a5394d660d,Lane_jGZwQQyfHG,Reviewer 2,Review 2
7cc6e42a-9dae-423d-a9f7-79a4da6c6cd9,6,2b59cc6f-114b-11f0-ac03-0afff6b35a79,bf996092-8d66-408a-8d8e-5065ca3330c2,23142979-9fb6-4fd3-bd82-62d7e0add75f,c2eefa80-090e-4e5b-afd8-b7a5394d660d,Lane_mw6VxIVRWP,Approver,Final Review
269afbe8-dc73-4cfe-b2ec-45b7d4d7209b,3,4156a2db-0fb1-11f0-8eef-02f308b15f31,bf996092-8d66-408a-8d8e-5065ca3330c2,23142979-9fb6-4fd3-bd82-62d7e0add75f,c2eefa80-090e-4e5b-afd8-b7a5394d660d,Lane_fwcgtXDnXX,Initiator,Initial Review
269afbe8-dc73-4cfe-b2ec-45b7d4d7209b,3,4156a2db-0fb1-11f0-8eef-02f308b15f31,bf996092-8d66-408a-8d8e-5065ca3330c2,23142979-9fb6-4fd3-bd82-62d7e0add75f,c2eefa80-090e-4e5b-afd8-b7a5394d660d,Lane_c901RYGMdz,Reviewer 1,Review 1
269afbe8-dc73-4cfe-b2ec-45b7d4d7209b,3,4156a2db-0fb1-11f0-8eef-02f308b15f31,bf996092-8d66-408a-8d8e-5065ca3330c2,23142979-9fb6-4fd3-bd82-62d7e0add75f,c2eefa80-090e-4e5b-afd8-b7a5394d660d,Lane_jGZwQQyfHG,Reviewer 2,Review 2
269afbe8-dc73-4cfe-b2ec-45b7d4d7209b,3,4156a2db-0fb1-11f0-8eef-02f308b15f31,bf996092-8d66-408a-8d8e-5065ca3330c2,23142979-9fb6-4fd3-bd82-62d7e0add75f,c2eefa80-090e-4e5b-afd8-b7a5394d660d,Lane_mw6VxIVRWP,Approver,Final Review
67ff0a35-fbb3-400f-992a-e1cb421a6f62,4,ead42561-1146-11f0-93e8-0e1c43773ff1,bf996092-8d66-408a-8d8e-5065ca3330c2,23142979-9fb6-4fd3-bd82-62d7e0add75f,c2eefa80-090e-4e5b-afd8-b7a5394d660d,Lane_fwcgtXDnXX,Initiator,Initial Review
67ff0a35-fbb3-400f-992a-e1cb421a6f62,4,ead42561-1146-11f0-93e8-0e1c43773ff1,bf996092-8d66-408a-8d8e-5065ca3330c2,23142979-9fb6-4fd3-bd82-62d7e0add75f,c2eefa80-090e-4e5b-afd8-b7a5394d660d,Lane_c901RYGMdz,Reviewer 1,Review 1
67ff0a35-fbb3-400f-992a-e1cb421a6f62,4,ead42561-1146-11f0-93e8-0e1c43773ff1,bf996092-8d66-408a-8d8e-5065ca3330c2,23142979-9fb6-4fd3-bd82-62d7e0add75f,c2eefa80-090e-4e5b-afd8-b7a5394d660d,Lane_jGZwQQyfHG,Reviewer 2,Review 2
67ff0a35-fbb3-400f-992a-e1cb421a6f62,4,ead42561-1146-11f0-93e8-0e1c43773ff1,bf996092-8d66-408a-8d8e-5065ca3330c2,23142979-9fb6-4fd3-bd82-62d7e0add75f,c2eefa80-090e-4e5b-afd8-b7a5394d660d,Lane_mw6VxIVRWP,Approver,Final Review
93626c79-325b-4113-9dae-932893b3d648,5,548f08a6-1149-11f0-a92b-0affc9f8c5df,bf996092-8d66-408a-8d8e-5065ca3330c2,23142979-9fb6-4fd3-bd82-62d7e0add75f,c2eefa80-090e-4e5b-afd8-b7a5394d660d,Lane_fwcgtXDnXX,Initiator,Initial Review
93626c79-325b-4113-9dae-932893b3d648,5,548f08a6-1149-11f0-a92b-0affc9f8c5df,bf996092-8d66-408a-8d8e-5065ca3330c2,23142979-9fb6-4fd3-bd82-62d7e0add75f,c2eefa80-090e-4e5b-afd8-b7a5394d660d,Lane_c901RYGMdz,Reviewer 1,Review 1
93626c79-325b-4113-9dae-932893b3d648,5,548f08a6-1149-11f0-a92b-0affc9f8c5df,bf996092-8d66-408a-8d8e-5065ca3330c2,23142979-9fb6-4fd3-bd82-62d7e0add75f,c2eefa80-090e-4e5b-afd8-b7a5394d660d,Lane_jGZwQQyfHG,Reviewer 2,Review 2
93626c79-325b-4113-9dae-932893b3d648,5,548f08a6-1149-11f0-a92b-0affc9f8c5df,bf996092-8d66-408a-8d8e-5065ca3330c2,23142979-9fb6-4fd3-bd82-62d7e0add75f,c2eefa80-090e-4e5b-afd8-b7a5394d660d,Lane_mw6VxIVRWP,Approver,Final Review
40e22118-4503-456c-aa3a-419364ef733e,2,,bf996092-8d66-408a-8d8e-5065ca3330c2,23142979-9fb6-4fd3-bd82-62d7e0add75f,c590a1bb-10ee-4e79-918b-4b0123871a46,Lane_j2wAjrLzOQ,Initiator,Initial Review
40e22118-4503-456c-aa3a-419364ef733e,2,,bf996092-8d66-408a-8d8e-5065ca3330c2,23142979-9fb6-4fd3-bd82-62d7e0add75f,c590a1bb-10ee-4e79-918b-4b0123871a46,Lane_tQUsiCYMas,Reviewer 1,Review 1
40e22118-4503-456c-aa3a-419364ef733e,2,,bf996092-8d66-408a-8d8e-5065ca3330c2,23142979-9fb6-4fd3-bd82-62d7e0add75f,c590a1bb-10ee-4e79-918b-4b0123871a46,Lane_OZ1VVVzqMh,Reviewer 2,Review 2
40e22118-4503-456c-aa3a-419364ef733e,2,,bf996092-8d66-408a-8d8e-5065ca3330c2,23142979-9fb6-4fd3-bd82-62d7e0add75f,c590a1bb-10ee-4e79-918b-4b0123871a46,Lane_Dj1TXXmxIp,Reviewer 3,Initial Review 3
40e22118-4503-456c-aa3a-419364ef733e,2,,bf996092-8d66-408a-8d8e-5065ca3330c2,23142979-9fb6-4fd3-bd82-62d7e0add75f,c590a1bb-10ee-4e79-918b-4b0123871a46,Lane_1KgWDHR5Zv,Approver,Final Review
ee74e088-79b2-4055-b1ef-4deeb20dc71a,65,3962533f-8243-11f0-9661-0afff06a47b1,bf996092-8d66-408a-8d8e-5065ca3330c2,23142979-9fb6-4fd3-bd82-62d7e0add75f,c590a1bb-10ee-4e79-918b-4b0123871a46,Lane_YTcy8GO9AV,Initiator,Initial Review
ee74e088-79b2-4055-b1ef-4deeb20dc71a,65,3962533f-8243-11f0-9661-0afff06a47b1,bf996092-8d66-408a-8d8e-5065ca3330c2,23142979-9fb6-4fd3-bd82-62d7e0add75f,c590a1bb-10ee-4e79-918b-4b0123871a46,Lane_qzc7hBRVOb,Reviewer 1,Review 1
ee74e088-79b2-4055-b1ef-4deeb20dc71a,65,3962533f-8243-11f0-9661-0afff06a47b1,bf996092-8d66-408a-8d8e-5065ca3330c2,23142979-9fb6-4fd3-bd82-62d7e0add75f,c590a1bb-10ee-4e79-918b-4b0123871a46,Lane_XhltBYONUr,Reviewer 2,Review 2
ee74e088-79b2-4055-b1ef-4deeb20dc71a,65,3962533f-8243-11f0-9661-0afff06a47b1,bf996092-8d66-408a-8d8e-5065ca3330c2,23142979-9fb6-4fd3-bd82-62d7e0add75f,c590a1bb-10ee-4e79-918b-4b0123871a46,Lane_tzNzU6AoAf,Reviewer 3,Initial Review 3
ee74e088-79b2-4055-b1ef-4deeb20dc71a,65,3962533f-8243-11f0-9661-0afff06a47b1,bf996092-8d66-408a-8d8e-5065ca3330c2,23142979-9fb6-4fd3-bd82-62d7e0add75f,c590a1bb-10ee-4e79-918b-4b0123871a46,Lane_ryZjpyE76v,Approver,Final Review
dd03ee13-60c5-4dd7-9cd8-9059e334e28d,13,1f739d80-1b8b-11f0-b0a5-0e0917bbc323,bf996092-8d66-408a-8d8e-5065ca3330c2,23142979-9fb6-4fd3-bd82-62d7e0add75f,325636b3-37f5-434c-8c81-73445bd4cca1,Lane_OFglnfn9KB,Initiator,Initial Review
dd03ee13-60c5-4dd7-9cd8-9059e334e28d,13,1f739d80-1b8b-11f0-b0a5-0e0917bbc323,bf996092-8d66-408a-8d8e-5065ca3330c2,23142979-9fb6-4fd3-bd82-62d7e0add75f,325636b3-37f5-434c-8c81-73445bd4cca1,Lane_nBhTQbDvYT,Reviewer,Review 1
dd03ee13-60c5-4dd7-9cd8-9059e334e28d,13,1f739d80-1b8b-11f0-b0a5-0e0917bbc323,bf996092-8d66-408a-8d8e-5065ca3330c2,23142979-9fb6-4fd3-bd82-62d7e0add75f,325636b3-37f5-434c-8c81-73445bd4cca1,Lane_qrwwMJBzZw,Approver,Final Review
7cef807a-3719-447f-8b7d-06d0f65f6388,17,bb7d0810-2722-11f0-bcf3-0afff39e4007,bf996092-8d66-408a-8d8e-5065ca3330c2,23142979-9fb6-4fd3-bd82-62d7e0add75f,325636b3-37f5-434c-8c81-73445bd4cca1,Lane_OFglnfn9KB,Initiator,Initial Review
7cef807a-3719-447f-8b7d-06d0f65f6388,17,bb7d0810-2722-11f0-bcf3-0afff39e4007,bf996092-8d66-408a-8d8e-5065ca3330c2,23142979-9fb6-4fd3-bd82-62d7e0add75f,325636b3-37f5-434c-8c81-73445bd4cca1,Lane_nBhTQbDvYT,Reviewer,Review 1
7cef807a-3719-447f-8b7d-06d0f65f6388,17,bb7d0810-2722-11f0-bcf3-0afff39e4007,bf996092-8d66-408a-8d8e-5065ca3330c2,23142979-9fb6-4fd3-bd82-62d7e0add75f,325636b3-37f5-434c-8c81-73445bd4cca1,Lane_qrwwMJBzZw,Approver,Final Review
9c388730-bfaa-429d-af78-bc4ba834bae0,12,9de75f9a-1b82-11f0-85fd-0e68d857e20d,bf996092-8d66-408a-8d8e-5065ca3330c2,23142979-9fb6-4fd3-bd82-62d7e0add75f,c2eefa80-090e-4e5b-afd8-b7a5394d660d,Lane_CEwAhB8p9u,Initiator,Initial Review
9c388730-bfaa-429d-af78-bc4ba834bae0,12,9de75f9a-1b82-11f0-85fd-0e68d857e20d,bf996092-8d66-408a-8d8e-5065ca3330c2,23142979-9fb6-4fd3-bd82-62d7e0add75f,c2eefa80-090e-4e5b-afd8-b7a5394d660d,Lane_yMGJMOuyW7,Reviewer 1,Review 1
9c388730-bfaa-429d-af78-bc4ba834bae0,12,9de75f9a-1b82-11f0-85fd-0e68d857e20d,bf996092-8d66-408a-8d8e-5065ca3330c2,23142979-9fb6-4fd3-bd82-62d7e0add75f,c2eefa80-090e-4e5b-afd8-b7a5394d660d,Lane_MTceCtc1Os,Reviewer 2,Review 2
9c388730-bfaa-429d-af78-bc4ba834bae0,12,9de75f9a-1b82-11f0-85fd-0e68d857e20d,bf996092-8d66-408a-8d8e-5065ca3330c2,23142979-9fb6-4fd3-bd82-62d7e0add75f,c2eefa80-090e-4e5b-afd8-b7a5394d660d,Lane_prK257uhuI,Approver,Final Review
31a61afd-1cce-49e0-b1a3-76ac121efafa,52,482122f2-3a24-11f0-8ed5-0e90ccd82ecd,bf996092-8d66-408a-8d8e-5065ca3330c2,23142979-9fb6-4fd3-bd82-62d7e0add75f,c2eefa80-090e-4e5b-afd8-b7a5394d660d,Lane_CEwAhB8p9u,Initiator,Initial Review
31a61afd-1cce-49e0-b1a3-76ac121efafa,52,482122f2-3a24-11f0-8ed5-0e90ccd82ecd,bf996092-8d66-408a-8d8e-5065ca3330c2,23142979-9fb6-4fd3-bd82-62d7e0add75f,c2eefa80-090e-4e5b-afd8-b7a5394d660d,Lane_yMGJMOuyW7,Reviewer 1,Review 1
31a61afd-1cce-49e0-b1a3-76ac121efafa,52,482122f2-3a24-11f0-8ed5-0e90ccd82ecd,bf996092-8d66-408a-8d8e-5065ca3330c2,23142979-9fb6-4fd3-bd82-62d7e0add75f,c2eefa80-090e-4e5b-afd8-b7a5394d660d,Lane_MTceCtc1Os,Reviewer 2,Review 2
31a61afd-1cce-49e0-b1a3-76ac121efafa,52,482122f2-3a24-11f0-8ed5-0e90ccd82ecd,bf996092-8d66-408a-8d8e-5065ca3330c2,23142979-9fb6-4fd3-bd82-62d7e0add75f,c2eefa80-090e-4e5b-afd8-b7a5394d660d,Lane_prK257uhuI,Approver,Final Review
cfa9267d-f74b-402e-a287-06df7c074d47,25,16c2ee24-2f2e-11f0-8c89-02bb37981eb5,bf996092-8d66-408a-8d8e-5065ca3330c2,23142979-9fb6-4fd3-bd82-62d7e0add75f,c2eefa80-090e-4e5b-afd8-b7a5394d660d,Lane_CEwAhB8p9u,Initiator,Initial Review
cfa9267d-f74b-402e-a287-06df7c074d47,25,16c2ee24-2f2e-11f0-8c89-02bb37981eb5,bf996092-8d66-408a-8d8e-5065ca3330c2,23142979-9fb6-4fd3-bd82-62d7e0add75f,c2eefa80-090e-4e5b-afd8-b7a5394d660d,Lane_yMGJMOuyW7,Reviewer 1,Review 1
cfa9267d-f74b-402e-a287-06df7c074d47,25,16c2ee24-2f2e-11f0-8c89-02bb37981eb5,bf996092-8d66-408a-8d8e-5065ca3330c2,23142979-9fb6-4fd3-bd82-62d7e0add75f,c2eefa80-090e-4e5b-afd8-b7a5394d660d,Lane_MTceCtc1Os,Reviewer 2,Review 2
cfa9267d-f74b-402e-a287-06df7c074d47,25,16c2ee24-2f2e-11f0-8c89-02bb37981eb5,bf996092-8d66-408a-8d8e-5065ca3330c2,23142979-9fb6-4fd3-bd82-62d7e0add75f,c2eefa80-090e-4e5b-afd8-b7a5394d660d,Lane_prK257uhuI,Approver,Final Review
9dd333cd-1aa1-4785-b06d-2a1258df9344,23,03c43a16-2f17-11f0-9c34-0afff02ff9e7,bf996092-8d66-408a-8d8e-5065ca3330c2,23142979-9fb6-4fd3-bd82-62d7e0add75f,c2eefa80-090e-4e5b-afd8-b7a5394d660d,Lane_CEwAhB8p9u,Initiator,Initial Review
9dd333cd-1aa1-4785-b06d-2a1258df9344,23,03c43a16-2f17-11f0-9c34-0afff02ff9e7,bf996092-8d66-408a-8d8e-5065ca3330c2,23142979-9fb6-4fd3-bd82-62d7e0add75f,c2eefa80-090e-4e5b-afd8-b7a5394d660d,Lane_yMGJMOuyW7,Reviewer 1,Review 1
9dd333cd-1aa1-4785-b06d-2a1258df9344,23,03c43a16-2f17-11f0-9c34-0afff02ff9e7,bf996092-8d66-408a-8d8e-5065ca3330c2,23142979-9fb6-4fd3-bd82-62d7e0add75f,c2eefa80-090e-4e5b-afd8-b7a5394d660d,Lane_MTceCtc1Os,Reviewer 2,Review 2
9dd333cd-1aa1-4785-b06d-2a1258df9344,23,03c43a16-2f17-11f0-9c34-0afff02ff9e7,bf996092-8d66-408a-8d8e-5065ca3330c2,23142979-9fb6-4fd3-bd82-62d7e0add75f,c2eefa80-090e-4e5b-afd8-b7a5394d660d,Lane_prK257uhuI,Approver,Final Review
af928233-7ede-425b-90fd-cdf67f660b32,22,,bf996092-8d66-408a-8d8e-5065ca3330c2,23142979-9fb6-4fd3-bd82-62d7e0add75f,325636b3-37f5-434c-8c81-73445bd4cca1,Lane_OFglnfn9KB,Initiator,Initial Review
af928233-7ede-425b-90fd-cdf67f660b32,22,,bf996092-8d66-408a-8d8e-5065ca3330c2,23142979-9fb6-4fd3-bd82-62d7e0add75f,325636b3-37f5-434c-8c81-73445bd4cca1,Lane_nBhTQbDvYT,Reviewer,Review 1
af928233-7ede-425b-90fd-cdf67f660b32,22,,bf996092-8d66-408a-8d8e-5065ca3330c2,23142979-9fb6-4fd3-bd82-62d7e0add75f,325636b3-37f5-434c-8c81-73445bd4cca1,Lane_qrwwMJBzZw,Approver,Final Review
baff1069-e6ec-4c93-8005-e0de1c8385d8,51,79ab8cbd-3191-11f0-9531-026648e652bf,bf996092-8d66-408a-8d8e-5065ca3330c2,23142979-9fb6-4fd3-bd82-62d7e0add75f,325636b3-37f5-434c-8c81-73445bd4cca1,Lane_OFglnfn9KB,Initiator,Initial Review
baff1069-e6ec-4c93-8005-e0de1c8385d8,51,79ab8cbd-3191-11f0-9531-026648e652bf,bf996092-8d66-408a-8d8e-5065ca3330c2,23142979-9fb6-4fd3-bd82-62d7e0add75f,325636b3-37f5-434c-8c81-73445bd4cca1,Lane_nBhTQbDvYT,Reviewer,Review 1
baff1069-e6ec-4c93-8005-e0de1c8385d8,51,79ab8cbd-3191-11f0-9531-026648e652bf,bf996092-8d66-408a-8d8e-5065ca3330c2,23142979-9fb6-4fd3-bd82-62d7e0add75f,325636b3-37f5-434c-8c81-73445bd4cca1,Lane_qrwwMJBzZw,Approver,Final Review
0c588d10-adc2-41cf-be25-af27ba19dd37,24,d7332312-2f2a-11f0-8c89-02bb37981eb5,bf996092-8d66-408a-8d8e-5065ca3330c2,23142979-9fb6-4fd3-bd82-62d7e0add75f,325636b3-37f5-434c-8c81-73445bd4cca1,Lane_OFglnfn9KB,Initiator,Initial Review
0c588d10-adc2-41cf-be25-af27ba19dd37,24,d7332312-2f2a-11f0-8c89-02bb37981eb5,bf996092-8d66-408a-8d8e-5065ca3330c2,23142979-9fb6-4fd3-bd82-62d7e0add75f,325636b3-37f5-434c-8c81-73445bd4cca1,Lane_nBhTQbDvYT,Reviewer,Review 1
0c588d10-adc2-41cf-be25-af27ba19dd37,24,d7332312-2f2a-11f0-8c89-02bb37981eb5,bf996092-8d66-408a-8d8e-5065ca3330c2,23142979-9fb6-4fd3-bd82-62d7e0add75f,325636b3-37f5-434c-8c81-73445bd4cca1,Lane_qrwwMJBzZw,Approver,Final Review
50d32fe2-3c09-4081-b34a-c8d6462a4eb7,8,8d2ce671-1c40-11f0-85fd-0e68d857e20d,bf996092-8d66-408a-8d8e-5065ca3330c2,23142979-9fb6-4fd3-bd82-62d7e0add75f,325636b3-37f5-434c-8c81-73445bd4cca1,Lane_emFiAvSluF,Initiator,Initial Review
50d32fe2-3c09-4081-b34a-c8d6462a4eb7,8,8d2ce671-1c40-11f0-85fd-0e68d857e20d,bf996092-8d66-408a-8d8e-5065ca3330c2,23142979-9fb6-4fd3-bd82-62d7e0add75f,325636b3-37f5-434c-8c81-73445bd4cca1,Lane_b3UJoBsIU6,Reviewer,Review 1
50d32fe2-3c09-4081-b34a-c8d6462a4eb7,8,8d2ce671-1c40-11f0-85fd-0e68d857e20d,bf996092-8d66-408a-8d8e-5065ca3330c2,23142979-9fb6-4fd3-bd82-62d7e0add75f,325636b3-37f5-434c-8c81-73445bd4cca1,Lane_0ZXLx0aJtq,Approver,Final Review
a13fe696-63e8-48a2-907e-be01401e85f1,21,0be89b71-2b40-11f0-8c89-02bb37981eb5,bf996092-8d66-408a-8d8e-5065ca3330c2,23142979-9fb6-4fd3-bd82-62d7e0add75f,325636b3-37f5-434c-8c81-73445bd4cca1,Lane_OFglnfn9KB,Initiator,Initial Review
a13fe696-63e8-48a2-907e-be01401e85f1,21,0be89b71-2b40-11f0-8c89-02bb37981eb5,bf996092-8d66-408a-8d8e-5065ca3330c2,23142979-9fb6-4fd3-bd82-62d7e0add75f,325636b3-37f5-434c-8c81-73445bd4cca1,Lane_nBhTQbDvYT,Reviewer,Review 1
a13fe696-63e8-48a2-907e-be01401e85f1,21,0be89b71-2b40-11f0-8c89-02bb37981eb5,bf996092-8d66-408a-8d8e-5065ca3330c2,23142979-9fb6-4fd3-bd82-62d7e0add75f,325636b3-37f5-434c-8c81-73445bd4cca1,Lane_qrwwMJBzZw,Approver,Final Review
cb5bcedb-2aba-4b29-b1d0-833091b83776,9,f4687184-15d8-11f0-920e-0affe6ef14c5,bf996092-8d66-408a-8d8e-5065ca3330c2,23142979-9fb6-4fd3-bd82-62d7e0add75f,325636b3-37f5-434c-8c81-73445bd4cca1,Lane_OFglnfn9KB,Initiator,Initial Review
cb5bcedb-2aba-4b29-b1d0-833091b83776,9,f4687184-15d8-11f0-920e-0affe6ef14c5,bf996092-8d66-408a-8d8e-5065ca3330c2,23142979-9fb6-4fd3-bd82-62d7e0add75f,325636b3-37f5-434c-8c81-73445bd4cca1,Lane_nBhTQbDvYT,Reviewer,Review 1
cb5bcedb-2aba-4b29-b1d0-833091b83776,9,f4687184-15d8-11f0-920e-0affe6ef14c5,bf996092-8d66-408a-8d8e-5065ca3330c2,23142979-9fb6-4fd3-bd82-62d7e0add75f,325636b3-37f5-434c-8c81-73445bd4cca1,Lane_qrwwMJBzZw,Approver,Final Review
e94da2a9-150b-4627-892c-4dbeae02e03e,19,177e85c7-2b24-11f0-a703-0286457f3a8b,bf996092-8d66-408a-8d8e-5065ca3330c2,23142979-9fb6-4fd3-bd82-62d7e0add75f,c2eefa80-090e-4e5b-afd8-b7a5394d660d,Lane_CEwAhB8p9u,Initiator,Initial Review
e94da2a9-150b-4627-892c-4dbeae02e03e,19,177e85c7-2b24-11f0-a703-0286457f3a8b,bf996092-8d66-408a-8d8e-5065ca3330c2,23142979-9fb6-4fd3-bd82-62d7e0add75f,c2eefa80-090e-4e5b-afd8-b7a5394d660d,Lane_yMGJMOuyW7,Reviewer 1,Review 1
e94da2a9-150b-4627-892c-4dbeae02e03e,19,177e85c7-2b24-11f0-a703-0286457f3a8b,bf996092-8d66-408a-8d8e-5065ca3330c2,23142979-9fb6-4fd3-bd82-62d7e0add75f,c2eefa80-090e-4e5b-afd8-b7a5394d660d,Lane_MTceCtc1Os,Reviewer 2,Review 2
e94da2a9-150b-4627-892c-4dbeae02e03e,19,177e85c7-2b24-11f0-a703-0286457f3a8b,bf996092-8d66-408a-8d8e-5065ca3330c2,23142979-9fb6-4fd3-bd82-62d7e0add75f,c2eefa80-090e-4e5b-afd8-b7a5394d660d,Lane_prK257uhuI,Approver,Final Review
649c6ec9-37b4-4036-b576-db233395b579,54,c259922f-3b8e-11f0-886e-0affe10abe73,bf996092-8d66-408a-8d8e-5065ca3330c2,23142979-9fb6-4fd3-bd82-62d7e0add75f,325636b3-37f5-434c-8c81-73445bd4cca1,Lane_OFglnfn9KB,Initiator,Initial Review
649c6ec9-37b4-4036-b576-db233395b579,54,c259922f-3b8e-11f0-886e-0affe10abe73,bf996092-8d66-408a-8d8e-5065ca3330c2,23142979-9fb6-4fd3-bd82-62d7e0add75f,325636b3-37f5-434c-8c81-73445bd4cca1,Lane_nBhTQbDvYT,Reviewer,Review 1
649c6ec9-37b4-4036-b576-db233395b579,54,c259922f-3b8e-11f0-886e-0affe10abe73,bf996092-8d66-408a-8d8e-5065ca3330c2,23142979-9fb6-4fd3-bd82-62d7e0add75f,325636b3-37f5-434c-8c81-73445bd4cca1,Lane_qrwwMJBzZw,Approver,Final Review
57a17ea5-e53a-448f-84c1-8ea272a35fbd,18,836252a0-2b12-11f0-860d-0affd217b7e1,bf996092-8d66-408a-8d8e-5065ca3330c2,23142979-9fb6-4fd3-bd82-62d7e0add75f,325636b3-37f5-434c-8c81-73445bd4cca1,Lane_OFglnfn9KB,Initiator,Initial Review
57a17ea5-e53a-448f-84c1-8ea272a35fbd,18,836252a0-2b12-11f0-860d-0affd217b7e1,bf996092-8d66-408a-8d8e-5065ca3330c2,23142979-9fb6-4fd3-bd82-62d7e0add75f,325636b3-37f5-434c-8c81-73445bd4cca1,Lane_nBhTQbDvYT,Reviewer,Review 1
57a17ea5-e53a-448f-84c1-8ea272a35fbd,18,836252a0-2b12-11f0-860d-0affd217b7e1,bf996092-8d66-408a-8d8e-5065ca3330c2,23142979-9fb6-4fd3-bd82-62d7e0add75f,325636b3-37f5-434c-8c81-73445bd4cca1,Lane_qrwwMJBzZw,Approver,Final Review
c155ed79-7525-4610-bc40-1660fceffa81,62,70c095e1-7376-11f0-ba69-0affe15d0ad3,bf996092-8d66-408a-8d8e-5065ca3330c2,23142979-9fb6-4fd3-bd82-62d7e0add75f,325636b3-37f5-434c-8c81-73445bd4cca1,Lane_OFglnfn9KB,Initiator,Initial Review
c155ed79-7525-4610-bc40-1660fceffa81,62,70c095e1-7376-11f0-ba69-0affe15d0ad3,bf996092-8d66-408a-8d8e-5065ca3330c2,23142979-9fb6-4fd3-bd82-62d7e0add75f,325636b3-37f5-434c-8c81-73445bd4cca1,Lane_nBhTQbDvYT,Reviewer,Review 1
c155ed79-7525-4610-bc40-1660fceffa81,62,70c095e1-7376-11f0-ba69-0affe15d0ad3,bf996092-8d66-408a-8d8e-5065ca3330c2,23142979-9fb6-4fd3-bd82-62d7e0add75f,325636b3-37f5-434c-8c81-73445bd4cca1,Lane_qrwwMJBzZw,Approver,Final Review
50c6b15d-ea95-4284-909c-ff9b7b2303a0,61,7f91289a-7376-11f0-a747-0e0be9602fab,bf996092-8d66-408a-8d8e-5065ca3330c2,23142979-9fb6-4fd3-bd82-62d7e0add75f,325636b3-37f5-434c-8c81-73445bd4cca1,Lane_OFglnfn9KB,Initiator,Initial Review
50c6b15d-ea95-4284-909c-ff9b7b2303a0,61,7f91289a-7376-11f0-a747-0e0be9602fab,bf996092-8d66-408a-8d8e-5065ca3330c2,23142979-9fb6-4fd3-bd82-62d7e0add75f,325636b3-37f5-434c-8c81-73445bd4cca1,Lane_nBhTQbDvYT,Reviewer,Review 1
50c6b15d-ea95-4284-909c-ff9b7b2303a0,61,7f91289a-7376-11f0-a747-0e0be9602fab,bf996092-8d66-408a-8d8e-5065ca3330c2,23142979-9fb6-4fd3-bd82-62d7e0add75f,325636b3-37f5-434c-8c81-73445bd4cca1,Lane_qrwwMJBzZw,Approver,Final Review
867fa316-4334-4b31-837a-42c8034f3331,55,a2060c46-3b90-11f0-a305-0ea8b6e27dcf,bf996092-8d66-408a-8d8e-5065ca3330c2,23142979-9fb6-4fd3-bd82-62d7e0add75f,c2eefa80-090e-4e5b-afd8-b7a5394d660d,Lane_CEwAhB8p9u,Initiator,Initial Review
867fa316-4334-4b31-837a-42c8034f3331,55,a2060c46-3b90-11f0-a305-0ea8b6e27dcf,bf996092-8d66-408a-8d8e-5065ca3330c2,23142979-9fb6-4fd3-bd82-62d7e0add75f,c2eefa80-090e-4e5b-afd8-b7a5394d660d,Lane_yMGJMOuyW7,Reviewer 1,Review 1
867fa316-4334-4b31-837a-42c8034f3331,55,a2060c46-3b90-11f0-a305-0ea8b6e27dcf,bf996092-8d66-408a-8d8e-5065ca3330c2,23142979-9fb6-4fd3-bd82-62d7e0add75f,c2eefa80-090e-4e5b-afd8-b7a5394d660d,Lane_MTceCtc1Os,Reviewer 2,Review 2
867fa316-4334-4b31-837a-42c8034f3331,55,a2060c46-3b90-11f0-a305-0ea8b6e27dcf,bf996092-8d66-408a-8d8e-5065ca3330c2,23142979-9fb6-4fd3-bd82-62d7e0add75f,c2eefa80-090e-4e5b-afd8-b7a5394d660d,Lane_prK257uhuI,Approver,Final Review
243d3c9c-ac6b-4daf-979f-965c60e1b06c,53,6acdd308-3a25-11f0-886e-0affe10abe73,bf996092-8d66-408a-8d8e-5065ca3330c2,23142979-9fb6-4fd3-bd82-62d7e0add75f,c2eefa80-090e-4e5b-afd8-b7a5394d660d,Lane_CEwAhB8p9u,Initiator,Initial Review
243d3c9c-ac6b-4daf-979f-965c60e1b06c,53,6acdd308-3a25-11f0-886e-0affe10abe73,bf996092-8d66-408a-8d8e-5065ca3330c2,23142979-9fb6-4fd3-bd82-62d7e0add75f,c2eefa80-090e-4e5b-afd8-b7a5394d660d,Lane_yMGJMOuyW7,Reviewer 1,Review 1
243d3c9c-ac6b-4daf-979f-965c60e1b06c,53,6acdd308-3a25-11f0-886e-0affe10abe73,bf996092-8d66-408a-8d8e-5065ca3330c2,23142979-9fb6-4fd3-bd82-62d7e0add75f,c2eefa80-090e-4e5b-afd8-b7a5394d660d,Lane_MTceCtc1Os,Reviewer 2,Review 2
243d3c9c-ac6b-4daf-979f-965c60e1b06c,53,6acdd308-3a25-11f0-886e-0affe10abe73,bf996092-8d66-408a-8d8e-5065ca3330c2,23142979-9fb6-4fd3-bd82-62d7e0add75f,c2eefa80-090e-4e5b-afd8-b7a5394d660d,Lane_prK257uhuI,Approver,Final Review
8b62efdb-bd5f-4aa0-bc3f-a44d56ca05c1,64,607f09c8-7781-11f0-ba69-0affe15d0ad3,bf996092-8d66-408a-8d8e-5065ca3330c2,23142979-9fb6-4fd3-bd82-62d7e0add75f,325636b3-37f5-434c-8c81-73445bd4cca1,Lane_OFglnfn9KB,Initiator,Initial Review
8b62efdb-bd5f-4aa0-bc3f-a44d56ca05c1,64,607f09c8-7781-11f0-ba69-0affe15d0ad3,bf996092-8d66-408a-8d8e-5065ca3330c2,23142979-9fb6-4fd3-bd82-62d7e0add75f,325636b3-37f5-434c-8c81-73445bd4cca1,Lane_nBhTQbDvYT,Reviewer,Review 1
8b62efdb-bd5f-4aa0-bc3f-a44d56ca05c1,64,607f09c8-7781-11f0-ba69-0affe15d0ad3,bf996092-8d66-408a-8d8e-5065ca3330c2,23142979-9fb6-4fd3-bd82-62d7e0add75f,325636b3-37f5-434c-8c81-73445bd4cca1,Lane_qrwwMJBzZw,Approver,Final Review
d61fa237-5596-4c5c-8233-f4c8a77ef625,57,7d4a3dc1-4b66-11f0-8904-0affc361003d,bf996092-8d66-408a-8d8e-5065ca3330c2,23142979-9fb6-4fd3-bd82-62d7e0add75f,b79e5913-0376-43ea-88fa-d44bfcedaef6,Lane_3ujNWmX44w,Initiator,Initial Review
d61fa237-5596-4c5c-8233-f4c8a77ef625,57,7d4a3dc1-4b66-11f0-8904-0affc361003d,bf996092-8d66-408a-8d8e-5065ca3330c2,23142979-9fb6-4fd3-bd82-62d7e0add75f,b79e5913-0376-43ea-88fa-d44bfcedaef6,Lane_IfZye6FpQ4,Reviewer 1,Review 1
d61fa237-5596-4c5c-8233-f4c8a77ef625,57,7d4a3dc1-4b66-11f0-8904-0affc361003d,bf996092-8d66-408a-8d8e-5065ca3330c2,23142979-9fb6-4fd3-bd82-62d7e0add75f,b79e5913-0376-43ea-88fa-d44bfcedaef6,Lane_1ooz3c2DFr,Reviewer 2,Review 2
d61fa237-5596-4c5c-8233-f4c8a77ef625,57,7d4a3dc1-4b66-11f0-8904-0affc361003d,bf996092-8d66-408a-8d8e-5065ca3330c2,23142979-9fb6-4fd3-bd82-62d7e0add75f,b79e5913-0376-43ea-88fa-d44bfcedaef6,Lane_Eb05LdgeKE,Reviewer 3,Review 3
d61fa237-5596-4c5c-8233-f4c8a77ef625,57,7d4a3dc1-4b66-11f0-8904-0affc361003d,bf996092-8d66-408a-8d8e-5065ca3330c2,23142979-9fb6-4fd3-bd82-62d7e0add75f,b79e5913-0376-43ea-88fa-d44bfcedaef6,Lane_Dtk6JxTido,Reviewer 4,Review 4
d61fa237-5596-4c5c-8233-f4c8a77ef625,57,7d4a3dc1-4b66-11f0-8904-0affc361003d,bf996092-8d66-408a-8d8e-5065ca3330c2,23142979-9fb6-4fd3-bd82-62d7e0add75f,b79e5913-0376-43ea-88fa-d44bfcedaef6,Lane_w9FldF2pED,Approver,Final Review
357fef75-4578-4fea-ab98-2b1e467de5c9,16,a4733ef6-1f7b-11f0-a4b0-02c1c7bf520d,bf996092-8d66-408a-8d8e-5065ca3330c2,23142979-9fb6-4fd3-bd82-62d7e0add75f,325636b3-37f5-434c-8c81-73445bd4cca1,Lane_OFglnfn9KB,Initiator,Initial Review
357fef75-4578-4fea-ab98-2b1e467de5c9,16,a4733ef6-1f7b-11f0-a4b0-02c1c7bf520d,bf996092-8d66-408a-8d8e-5065ca3330c2,23142979-9fb6-4fd3-bd82-62d7e0add75f,325636b3-37f5-434c-8c81-73445bd4cca1,Lane_nBhTQbDvYT,Reviewer,Review 1
357fef75-4578-4fea-ab98-2b1e467de5c9,16,a4733ef6-1f7b-11f0-a4b0-02c1c7bf520d,bf996092-8d66-408a-8d8e-5065ca3330c2,23142979-9fb6-4fd3-bd82-62d7e0add75f,325636b3-37f5-434c-8c81-73445bd4cca1,Lane_qrwwMJBzZw,Approver,Final Review
145436fc-3bac-4c9a-b2b9-70523bbed4f6,60,,bf996092-8d66-408a-8d8e-5065ca3330c2,23142979-9fb6-4fd3-bd82-62d7e0add75f,325636b3-37f5-434c-8c81-73445bd4cca1,Lane_OFglnfn9KB,Initiator,Initial Review
145436fc-3bac-4c9a-b2b9-70523bbed4f6,60,,bf996092-8d66-408a-8d8e-5065ca3330c2,23142979-9fb6-4fd3-bd82-62d7e0add75f,325636b3-37f5-434c-8c81-73445bd4cca1,Lane_nBhTQbDvYT,Reviewer,Review 1
145436fc-3bac-4c9a-b2b9-70523bbed4f6,60,,bf996092-8d66-408a-8d8e-5065ca3330c2,23142979-9fb6-4fd3-bd82-62d7e0add75f,325636b3-37f5-434c-8c81-73445bd4cca1,Lane_qrwwMJBzZw,Approver,Final Review
f7e1325b-bbbd-4676-b9b3-06a19064c9cf,63,,bf996092-8d66-408a-8d8e-5065ca3330c2,23142979-9fb6-4fd3-bd82-62d7e0add75f,325636b3-37f5-434c-8c81-73445bd4cca1,Lane_OFglnfn9KB,Initiator,Initial Review
f7e1325b-bbbd-4676-b9b3-06a19064c9cf,63,,bf996092-8d66-408a-8d8e-5065ca3330c2,23142979-9fb6-4fd3-bd82-62d7e0add75f,325636b3-37f5-434c-8c81-73445bd4cca1,Lane_nBhTQbDvYT,Reviewer,Review 1
f7e1325b-bbbd-4676-b9b3-06a19064c9cf,63,,bf996092-8d66-408a-8d8e-5065ca3330c2,23142979-9fb6-4fd3-bd82-62d7e0add75f,325636b3-37f5-434c-8c81-73445bd4cca1,Lane_qrwwMJBzZw,Approver,Final Review
e2e1d5aa-4199-4a9d-be6f-d9298c67c2ea,59,,bf996092-8d66-408a-8d8e-5065ca3330c2,23142979-9fb6-4fd3-bd82-62d7e0add75f,325636b3-37f5-434c-8c81-73445bd4cca1,Lane_OFglnfn9KB,Initiator,Initial Review
e2e1d5aa-4199-4a9d-be6f-d9298c67c2ea,59,,bf996092-8d66-408a-8d8e-5065ca3330c2,23142979-9fb6-4fd3-bd82-62d7e0add75f,325636b3-37f5-434c-8c81-73445bd4cca1,Lane_nBhTQbDvYT,Reviewer,Review 1
e2e1d5aa-4199-4a9d-be6f-d9298c67c2ea,59,,bf996092-8d66-408a-8d8e-5065ca3330c2,23142979-9fb6-4fd3-bd82-62d7e0add75f,325636b3-37f5-434c-8c81-73445bd4cca1,Lane_qrwwMJBzZw,Approver,Final Review
cedb2667-4f79-4be1-bb99-213928b9972c,56,0228cd11-4a9b-11f0-a250-0e4e4f80cd6b,bf996092-8d66-408a-8d8e-5065ca3330c2,23142979-9fb6-4fd3-bd82-62d7e0add75f,b79e5913-0376-43ea-88fa-d44bfcedaef6,Lane_3ujNWmX44w,Initiator,Initial Review
cedb2667-4f79-4be1-bb99-213928b9972c,56,0228cd11-4a9b-11f0-a250-0e4e4f80cd6b,bf996092-8d66-408a-8d8e-5065ca3330c2,23142979-9fb6-4fd3-bd82-62d7e0add75f,b79e5913-0376-43ea-88fa-d44bfcedaef6,Lane_IfZye6FpQ4,Reviewer 1,Review 1
cedb2667-4f79-4be1-bb99-213928b9972c,56,0228cd11-4a9b-11f0-a250-0e4e4f80cd6b,bf996092-8d66-408a-8d8e-5065ca3330c2,23142979-9fb6-4fd3-bd82-62d7e0add75f,b79e5913-0376-43ea-88fa-d44bfcedaef6,Lane_1ooz3c2DFr,Reviewer 2,Review 2
cedb2667-4f79-4be1-bb99-213928b9972c,56,0228cd11-4a9b-11f0-a250-0e4e4f80cd6b,bf996092-8d66-408a-8d8e-5065ca3330c2,23142979-9fb6-4fd3-bd82-62d7e0add75f,b79e5913-0376-43ea-88fa-d44bfcedaef6,Lane_Eb05LdgeKE,Reviewer 3,Review 3
cedb2667-4f79-4be1-bb99-213928b9972c,56,0228cd11-4a9b-11f0-a250-0e4e4f80cd6b,bf996092-8d66-408a-8d8e-5065ca3330c2,23142979-9fb6-4fd3-bd82-62d7e0add75f,b79e5913-0376-43ea-88fa-d44bfcedaef6,Lane_Dtk6JxTido,Reviewer 4,Review 4
cedb2667-4f79-4be1-bb99-213928b9972c,56,0228cd11-4a9b-11f0-a250-0e4e4f80cd6b,bf996092-8d66-408a-8d8e-5065ca3330c2,23142979-9fb6-4fd3-bd82-62d7e0add75f,b79e5913-0376-43ea-88fa-d44bfcedaef6,Lane_w9FldF2pED,Approver,Final Review
c529309d-6370-4615-b332-d363eb8e7df5,7,c676bf12-30b5-11f0-886e-0affe10abe73,bf996092-8d66-408a-8d8e-5065ca3330c2,2f551e7d-05e6-4bfc-8ee1-0ef3a8487c11,46278056-995e-479b-8bf8-c534d6b353c8,Lane_VcwmlBWw74,Initiator,Initial Review
c529309d-6370-4615-b332-d363eb8e7df5,7,c676bf12-30b5-11f0-886e-0affe10abe73,bf996092-8d66-408a-8d8e-5065ca3330c2,2f551e7d-05e6-4bfc-8ee1-0ef3a8487c11,46278056-995e-479b-8bf8-c534d6b353c8,Lane_FynXbeRrzn,Approver,Final Review
ef58bf51-5150-48d9-99df-40bc07614da9,13,64d7b91b-7445-11f0-8bd5-0232a6c7fd05,bf996092-8d66-408a-8d8e-5065ca3330c2,2f551e7d-05e6-4bfc-8ee1-0ef3a8487c11,cb66231c-230b-4d49-a273-3996f6e556b5,Lane_Ey4dSUxeTW,Initiator,Initial Review
ef58bf51-5150-48d9-99df-40bc07614da9,13,64d7b91b-7445-11f0-8bd5-0232a6c7fd05,bf996092-8d66-408a-8d8e-5065ca3330c2,2f551e7d-05e6-4bfc-8ee1-0ef3a8487c11,cb66231c-230b-4d49-a273-3996f6e556b5,Lane_PJq3RTtolR,Reviewer 1,Review 1
ef58bf51-5150-48d9-99df-40bc07614da9,13,64d7b91b-7445-11f0-8bd5-0232a6c7fd05,bf996092-8d66-408a-8d8e-5065ca3330c2,2f551e7d-05e6-4bfc-8ee1-0ef3a8487c11,cb66231c-230b-4d49-a273-3996f6e556b5,Lane_8SlSEiXiX2,Reviewer 2,Review 2
ef58bf51-5150-48d9-99df-40bc07614da9,13,64d7b91b-7445-11f0-8bd5-0232a6c7fd05,bf996092-8d66-408a-8d8e-5065ca3330c2,2f551e7d-05e6-4bfc-8ee1-0ef3a8487c11,cb66231c-230b-4d49-a273-3996f6e556b5,Lane_zEEBUbqEM5,Reviewer 3,Initial Review 3
ef58bf51-5150-48d9-99df-40bc07614da9,13,64d7b91b-7445-11f0-8bd5-0232a6c7fd05,bf996092-8d66-408a-8d8e-5065ca3330c2,2f551e7d-05e6-4bfc-8ee1-0ef3a8487c11,cb66231c-230b-4d49-a273-3996f6e556b5,Lane_IQDBvnlqTd,Approver,Final Review
ca8a1843-edd3-4e96-b1d4-2d2889115f79,2,,bf996092-8d66-408a-8d8e-5065ca3330c2,2f551e7d-05e6-4bfc-8ee1-0ef3a8487c11,02f0dde4-9e7c-4e8d-8a0e-b694b1068c1c,Lane_rofZy86bO6,Initiator,Initial Review
ca8a1843-edd3-4e96-b1d4-2d2889115f79,2,,bf996092-8d66-408a-8d8e-5065ca3330c2,2f551e7d-05e6-4bfc-8ee1-0ef3a8487c11,02f0dde4-9e7c-4e8d-8a0e-b694b1068c1c,Lane_c8LdIDdAL0,Reviewer 1,Review 1
ca8a1843-edd3-4e96-b1d4-2d2889115f79,2,,bf996092-8d66-408a-8d8e-5065ca3330c2,2f551e7d-05e6-4bfc-8ee1-0ef3a8487c11,02f0dde4-9e7c-4e8d-8a0e-b694b1068c1c,Lane_Eicy4ukAlx,Reviewer 2,Review 2
ca8a1843-edd3-4e96-b1d4-2d2889115f79,2,,bf996092-8d66-408a-8d8e-5065ca3330c2,2f551e7d-05e6-4bfc-8ee1-0ef3a8487c11,02f0dde4-9e7c-4e8d-8a0e-b694b1068c1c,Lane_SmA4rhGzww,Reviewer 3,Initial Review 3
ca8a1843-edd3-4e96-b1d4-2d2889115f79,2,,bf996092-8d66-408a-8d8e-5065ca3330c2,2f551e7d-05e6-4bfc-8ee1-0ef3a8487c11,02f0dde4-9e7c-4e8d-8a0e-b694b1068c1c,Lane_1x3FowskQz,Approver,Final Review
7f351351-b526-4e19-b6be-d12b34a5c79e,5,b720607b-2c0b-11f0-8c89-02bb37981eb5,bf996092-8d66-408a-8d8e-5065ca3330c2,2f551e7d-05e6-4bfc-8ee1-0ef3a8487c11,1b089950-fe80-4882-8ec2-f738d1ea1a03,Lane_nT1k4KaOoS,Initiator,Initial Review
7f351351-b526-4e19-b6be-d12b34a5c79e,5,b720607b-2c0b-11f0-8c89-02bb37981eb5,bf996092-8d66-408a-8d8e-5065ca3330c2,2f551e7d-05e6-4bfc-8ee1-0ef3a8487c11,1b089950-fe80-4882-8ec2-f738d1ea1a03,Lane_4y8s8Dtq7w,Reviewer 1,Review 1
7f351351-b526-4e19-b6be-d12b34a5c79e,5,b720607b-2c0b-11f0-8c89-02bb37981eb5,bf996092-8d66-408a-8d8e-5065ca3330c2,2f551e7d-05e6-4bfc-8ee1-0ef3a8487c11,1b089950-fe80-4882-8ec2-f738d1ea1a03,Lane_ikXiR0GawP,Reviewer 2,Review 2
7f351351-b526-4e19-b6be-d12b34a5c79e,5,b720607b-2c0b-11f0-8c89-02bb37981eb5,bf996092-8d66-408a-8d8e-5065ca3330c2,2f551e7d-05e6-4bfc-8ee1-0ef3a8487c11,1b089950-fe80-4882-8ec2-f738d1ea1a03,Lane_CCRyKPDH9c,Approver,Final Review
512cbb17-8ad1-4b10-bd7b-2074f87b3c1a,3,39191e26-1782-11f0-b0a5-0e0917bbc323,bf996092-8d66-408a-8d8e-5065ca3330c2,2f551e7d-05e6-4bfc-8ee1-0ef3a8487c11,02f0dde4-9e7c-4e8d-8a0e-b694b1068c1c,Lane_fIl1Hpqa3G,Initiator,Initial Review
512cbb17-8ad1-4b10-bd7b-2074f87b3c1a,3,39191e26-1782-11f0-b0a5-0e0917bbc323,bf996092-8d66-408a-8d8e-5065ca3330c2,2f551e7d-05e6-4bfc-8ee1-0ef3a8487c11,02f0dde4-9e7c-4e8d-8a0e-b694b1068c1c,Lane_C4K2FIuenw,Reviewer 1,Review 1
512cbb17-8ad1-4b10-bd7b-2074f87b3c1a,3,39191e26-1782-11f0-b0a5-0e0917bbc323,bf996092-8d66-408a-8d8e-5065ca3330c2,2f551e7d-05e6-4bfc-8ee1-0ef3a8487c11,02f0dde4-9e7c-4e8d-8a0e-b694b1068c1c,Lane_P1hiC5iDqD,Reviewer 2,Review 2
512cbb17-8ad1-4b10-bd7b-2074f87b3c1a,3,39191e26-1782-11f0-b0a5-0e0917bbc323,bf996092-8d66-408a-8d8e-5065ca3330c2,2f551e7d-05e6-4bfc-8ee1-0ef3a8487c11,02f0dde4-9e7c-4e8d-8a0e-b694b1068c1c,Lane_gFZLWj0fJu,Reviewer 3,Initial Review 3
512cbb17-8ad1-4b10-bd7b-2074f87b3c1a,3,39191e26-1782-11f0-b0a5-0e0917bbc323,bf996092-8d66-408a-8d8e-5065ca3330c2,2f551e7d-05e6-4bfc-8ee1-0ef3a8487c11,02f0dde4-9e7c-4e8d-8a0e-b694b1068c1c,Lane_tUKBVJjksz,Approver,Final Review
b3952c54-70ae-4b3a-96aa-b94ee95648ff,1,247a9557-114e-11f0-b27c-0affe2c60f5f,bf996092-8d66-408a-8d8e-5065ca3330c2,2f551e7d-05e6-4bfc-8ee1-0ef3a8487c11,02f0dde4-9e7c-4e8d-8a0e-b694b1068c1c,Lane_rofZy86bO6,Initiator,Initial Review
b3952c54-70ae-4b3a-96aa-b94ee95648ff,1,247a9557-114e-11f0-b27c-0affe2c60f5f,bf996092-8d66-408a-8d8e-5065ca3330c2,2f551e7d-05e6-4bfc-8ee1-0ef3a8487c11,02f0dde4-9e7c-4e8d-8a0e-b694b1068c1c,Lane_c8LdIDdAL0,Reviewer 1,Review 1
b3952c54-70ae-4b3a-96aa-b94ee95648ff,1,247a9557-114e-11f0-b27c-0affe2c60f5f,bf996092-8d66-408a-8d8e-5065ca3330c2,2f551e7d-05e6-4bfc-8ee1-0ef3a8487c11,02f0dde4-9e7c-4e8d-8a0e-b694b1068c1c,Lane_Eicy4ukAlx,Reviewer 2,Review 2
b3952c54-70ae-4b3a-96aa-b94ee95648ff,1,247a9557-114e-11f0-b27c-0affe2c60f5f,bf996092-8d66-408a-8d8e-5065ca3330c2,2f551e7d-05e6-4bfc-8ee1-0ef3a8487c11,02f0dde4-9e7c-4e8d-8a0e-b694b1068c1c,Lane_SmA4rhGzww,Reviewer 3,Initial Review 3
b3952c54-70ae-4b3a-96aa-b94ee95648ff,1,247a9557-114e-11f0-b27c-0affe2c60f5f,bf996092-8d66-408a-8d8e-5065ca3330c2,2f551e7d-05e6-4bfc-8ee1-0ef3a8487c11,02f0dde4-9e7c-4e8d-8a0e-b694b1068c1c,Lane_1x3FowskQz,Approver,Final Review
831d7e30-7e71-4b64-bd31-896d3cedf3f2,20,,bf996092-8d66-408a-8d8e-5065ca3330c2,2f551e7d-05e6-4bfc-8ee1-0ef3a8487c11,df821c8c-48ba-45f4-a23b-7ff49c16d83f,Lane_guLkxF9SZB,Initiator,Initial Review
831d7e30-7e71-4b64-bd31-896d3cedf3f2,20,,bf996092-8d66-408a-8d8e-5065ca3330c2,2f551e7d-05e6-4bfc-8ee1-0ef3a8487c11,df821c8c-48ba-45f4-a23b-7ff49c16d83f,Lane_0MRUAEuLAB,Reviewer 1,Review 1
831d7e30-7e71-4b64-bd31-896d3cedf3f2,20,,bf996092-8d66-408a-8d8e-5065ca3330c2,2f551e7d-05e6-4bfc-8ee1-0ef3a8487c11,df821c8c-48ba-45f4-a23b-7ff49c16d83f,Lane_BMIsGvf4O4,Reviewer 2,Review 2
831d7e30-7e71-4b64-bd31-896d3cedf3f2,20,,bf996092-8d66-408a-8d8e-5065ca3330c2,2f551e7d-05e6-4bfc-8ee1-0ef3a8487c11,df821c8c-48ba-45f4-a23b-7ff49c16d83f,Lane_JriJNeoXWb,Approver,Final Review
f10ccddc-e3bb-42d8-8cb0-4ed999251c04,8,6815be3c-3570-11f0-9531-026648e652bf,bf996092-8d66-408a-8d8e-5065ca3330c2,2f551e7d-05e6-4bfc-8ee1-0ef3a8487c11,7b2e75d8-433d-4970-b925-454073739a38,Lane_S655CjelKy,Initiator,Initial Review
f10ccddc-e3bb-42d8-8cb0-4ed999251c04,8,6815be3c-3570-11f0-9531-026648e652bf,bf996092-8d66-408a-8d8e-5065ca3330c2,2f551e7d-05e6-4bfc-8ee1-0ef3a8487c11,7b2e75d8-433d-4970-b925-454073739a38,Lane_Jbozsb2SUO,Reviewer 1,Review 1
f10ccddc-e3bb-42d8-8cb0-4ed999251c04,8,6815be3c-3570-11f0-9531-026648e652bf,bf996092-8d66-408a-8d8e-5065ca3330c2,2f551e7d-05e6-4bfc-8ee1-0ef3a8487c11,7b2e75d8-433d-4970-b925-454073739a38,Lane_ltkh32h5Zh,Reviewer 2,Review 2
f10ccddc-e3bb-42d8-8cb0-4ed999251c04,8,6815be3c-3570-11f0-9531-026648e652bf,bf996092-8d66-408a-8d8e-5065ca3330c2,2f551e7d-05e6-4bfc-8ee1-0ef3a8487c11,7b2e75d8-433d-4970-b925-454073739a38,Lane_DBmORv4NZj,Reviewer 3,Initial Review 3
f10ccddc-e3bb-42d8-8cb0-4ed999251c04,8,6815be3c-3570-11f0-9531-026648e652bf,bf996092-8d66-408a-8d8e-5065ca3330c2,2f551e7d-05e6-4bfc-8ee1-0ef3a8487c11,7b2e75d8-433d-4970-b925-454073739a38,Lane_o2FhymnVjZ,Approver,Final Review
aa3d7a6f-7ad4-49fa-b3b3-5a05f2c30167,9,727709a5-3607-11f0-a75b-02304916fd47,bf996092-8d66-408a-8d8e-5065ca3330c2,2f551e7d-05e6-4bfc-8ee1-0ef3a8487c11,7342a438-0863-4022-8eef-eba88828bbc7,Lane_19XKUWXxFA,Initiator,Initial Review
aa3d7a6f-7ad4-49fa-b3b3-5a05f2c30167,9,727709a5-3607-11f0-a75b-02304916fd47,bf996092-8d66-408a-8d8e-5065ca3330c2,2f551e7d-05e6-4bfc-8ee1-0ef3a8487c11,7342a438-0863-4022-8eef-eba88828bbc7,Lane_8md5krNMsD,Reviewer,Review 1
aa3d7a6f-7ad4-49fa-b3b3-5a05f2c30167,9,727709a5-3607-11f0-a75b-02304916fd47,bf996092-8d66-408a-8d8e-5065ca3330c2,2f551e7d-05e6-4bfc-8ee1-0ef3a8487c11,7342a438-0863-4022-8eef-eba88828bbc7,Lane_3wHZxrD2RW,Approver,Final Review
3dd66b65-4dda-4967-9a42-3f5b5a335f39,6,81a838ec-30b3-11f0-8c89-02bb37981eb5,bf996092-8d66-408a-8d8e-5065ca3330c2,2f551e7d-05e6-4bfc-8ee1-0ef3a8487c11,1b089950-fe80-4882-8ec2-f738d1ea1a03,Lane_nT1k4KaOoS,Initiator,Initial Review
3dd66b65-4dda-4967-9a42-3f5b5a335f39,6,81a838ec-30b3-11f0-8c89-02bb37981eb5,bf996092-8d66-408a-8d8e-5065ca3330c2,2f551e7d-05e6-4bfc-8ee1-0ef3a8487c11,1b089950-fe80-4882-8ec2-f738d1ea1a03,Lane_4y8s8Dtq7w,Reviewer 1,Review 1
3dd66b65-4dda-4967-9a42-3f5b5a335f39,6,81a838ec-30b3-11f0-8c89-02bb37981eb5,bf996092-8d66-408a-8d8e-5065ca3330c2,2f551e7d-05e6-4bfc-8ee1-0ef3a8487c11,1b089950-fe80-4882-8ec2-f738d1ea1a03,Lane_ikXiR0GawP,Reviewer 2,Review 2
3dd66b65-4dda-4967-9a42-3f5b5a335f39,6,81a838ec-30b3-11f0-8c89-02bb37981eb5,bf996092-8d66-408a-8d8e-5065ca3330c2,2f551e7d-05e6-4bfc-8ee1-0ef3a8487c11,1b089950-fe80-4882-8ec2-f738d1ea1a03,Lane_CCRyKPDH9c,Approver,Final Review
0d3e66c6-7344-4424-acd5-f6bfc6ccf836,10,f03d4544-43a4-11f0-9c34-0afff02ff9e7,bf996092-8d66-408a-8d8e-5065ca3330c2,2f551e7d-05e6-4bfc-8ee1-0ef3a8487c11,7b2e75d8-433d-4970-b925-454073739a38,Lane_S655CjelKy,Initiator,Initial Review
0d3e66c6-7344-4424-acd5-f6bfc6ccf836,10,f03d4544-43a4-11f0-9c34-0afff02ff9e7,bf996092-8d66-408a-8d8e-5065ca3330c2,2f551e7d-05e6-4bfc-8ee1-0ef3a8487c11,7b2e75d8-433d-4970-b925-454073739a38,Lane_Jbozsb2SUO,Reviewer 1,Review 1
0d3e66c6-7344-4424-acd5-f6bfc6ccf836,10,f03d4544-43a4-11f0-9c34-0afff02ff9e7,bf996092-8d66-408a-8d8e-5065ca3330c2,2f551e7d-05e6-4bfc-8ee1-0ef3a8487c11,7b2e75d8-433d-4970-b925-454073739a38,Lane_ltkh32h5Zh,Reviewer 2,Review 2
0d3e66c6-7344-4424-acd5-f6bfc6ccf836,10,f03d4544-43a4-11f0-9c34-0afff02ff9e7,bf996092-8d66-408a-8d8e-5065ca3330c2,2f551e7d-05e6-4bfc-8ee1-0ef3a8487c11,7b2e75d8-433d-4970-b925-454073739a38,Lane_DBmORv4NZj,Reviewer 3,Initial Review 3
0d3e66c6-7344-4424-acd5-f6bfc6ccf836,10,f03d4544-43a4-11f0-9c34-0afff02ff9e7,bf996092-8d66-408a-8d8e-5065ca3330c2,2f551e7d-05e6-4bfc-8ee1-0ef3a8487c11,7b2e75d8-433d-4970-b925-454073739a38,Lane_o2FhymnVjZ,Approver,Final Review
d8a940d6-2db4-48fc-8f47-4bce483f02f7,4,6ca5673f-2655-11f0-a2e5-0e90b988a0d3,bf996092-8d66-408a-8d8e-5065ca3330c2,2f551e7d-05e6-4bfc-8ee1-0ef3a8487c11,df821c8c-48ba-45f4-a23b-7ff49c16d83f,Lane_3NS92Gfq3A,Initiator,Initial Review
d8a940d6-2db4-48fc-8f47-4bce483f02f7,4,6ca5673f-2655-11f0-a2e5-0e90b988a0d3,bf996092-8d66-408a-8d8e-5065ca3330c2,2f551e7d-05e6-4bfc-8ee1-0ef3a8487c11,df821c8c-48ba-45f4-a23b-7ff49c16d83f,Lane_D4Ofv2gN0H,Reviewer 1,Review 1
d8a940d6-2db4-48fc-8f47-4bce483f02f7,4,6ca5673f-2655-11f0-a2e5-0e90b988a0d3,bf996092-8d66-408a-8d8e-5065ca3330c2,2f551e7d-05e6-4bfc-8ee1-0ef3a8487c11,df821c8c-48ba-45f4-a23b-7ff49c16d83f,Lane_E2bPuDt4tR,Reviewer 2,Review 2
d8a940d6-2db4-48fc-8f47-4bce483f02f7,4,6ca5673f-2655-11f0-a2e5-0e90b988a0d3,bf996092-8d66-408a-8d8e-5065ca3330c2,2f551e7d-05e6-4bfc-8ee1-0ef3a8487c11,df821c8c-48ba-45f4-a23b-7ff49c16d83f,Lane_MrwVXb48p6,Approver,Final Review
10deb34e-be58-4d2f-8f80-0062496141eb,17,c9778d7e-7c18-11f0-9661-0afff06a47b1,bf996092-8d66-408a-8d8e-5065ca3330c2,2f551e7d-05e6-4bfc-8ee1-0ef3a8487c11,9f8715d3-fb4c-48b9-ae20-02dc7a47cd2e,Lane_oX6h7dOupy,Initiator,Initial Review
10deb34e-be58-4d2f-8f80-0062496141eb,17,c9778d7e-7c18-11f0-9661-0afff06a47b1,bf996092-8d66-408a-8d8e-5065ca3330c2,2f551e7d-05e6-4bfc-8ee1-0ef3a8487c11,9f8715d3-fb4c-48b9-ae20-02dc7a47cd2e,Lane_ANJImSqquR,Reviewer 1,Review 1
10deb34e-be58-4d2f-8f80-0062496141eb,17,c9778d7e-7c18-11f0-9661-0afff06a47b1,bf996092-8d66-408a-8d8e-5065ca3330c2,2f551e7d-05e6-4bfc-8ee1-0ef3a8487c11,9f8715d3-fb4c-48b9-ae20-02dc7a47cd2e,Lane_SWrReQHlmO,Reviewer 2,Review 2
10deb34e-be58-4d2f-8f80-0062496141eb,17,c9778d7e-7c18-11f0-9661-0afff06a47b1,bf996092-8d66-408a-8d8e-5065ca3330c2,2f551e7d-05e6-4bfc-8ee1-0ef3a8487c11,9f8715d3-fb4c-48b9-ae20-02dc7a47cd2e,Lane_VyF6hR19bp,Reviewer 3,Review 3
10deb34e-be58-4d2f-8f80-0062496141eb,17,c9778d7e-7c18-11f0-9661-0afff06a47b1,bf996092-8d66-408a-8d8e-5065ca3330c2,2f551e7d-05e6-4bfc-8ee1-0ef3a8487c11,9f8715d3-fb4c-48b9-ae20-02dc7a47cd2e,Lane_d5qwFcbI6K,Reviewer 4,Review 4
10deb34e-be58-4d2f-8f80-0062496141eb,17,c9778d7e-7c18-11f0-9661-0afff06a47b1,bf996092-8d66-408a-8d8e-5065ca3330c2,2f551e7d-05e6-4bfc-8ee1-0ef3a8487c11,9f8715d3-fb4c-48b9-ae20-02dc7a47cd2e,Lane_LZuT9P3XPP,Approver,Final Review
b3b2193e-63a0-4f54-a131-96f4c4704419,14,1fa50517-76b2-11f0-8bd5-0232a6c7fd05,bf996092-8d66-408a-8d8e-5065ca3330c2,2f551e7d-05e6-4bfc-8ee1-0ef3a8487c11,cb66231c-230b-4d49-a273-3996f6e556b5,Lane_Ey4dSUxeTW,Initiator,Initial Review
b3b2193e-63a0-4f54-a131-96f4c4704419,14,1fa50517-76b2-11f0-8bd5-0232a6c7fd05,bf996092-8d66-408a-8d8e-5065ca3330c2,2f551e7d-05e6-4bfc-8ee1-0ef3a8487c11,cb66231c-230b-4d49-a273-3996f6e556b5,Lane_PJq3RTtolR,Reviewer 1,Review 1
b3b2193e-63a0-4f54-a131-96f4c4704419,14,1fa50517-76b2-11f0-8bd5-0232a6c7fd05,bf996092-8d66-408a-8d8e-5065ca3330c2,2f551e7d-05e6-4bfc-8ee1-0ef3a8487c11,cb66231c-230b-4d49-a273-3996f6e556b5,Lane_8SlSEiXiX2,Reviewer 2,Review 2
b3b2193e-63a0-4f54-a131-96f4c4704419,14,1fa50517-76b2-11f0-8bd5-0232a6c7fd05,bf996092-8d66-408a-8d8e-5065ca3330c2,2f551e7d-05e6-4bfc-8ee1-0ef3a8487c11,cb66231c-230b-4d49-a273-3996f6e556b5,Lane_zEEBUbqEM5,Reviewer 3,Initial Review 3
b3b2193e-63a0-4f54-a131-96f4c4704419,14,1fa50517-76b2-11f0-8bd5-0232a6c7fd05,bf996092-8d66-408a-8d8e-5065ca3330c2,2f551e7d-05e6-4bfc-8ee1-0ef3a8487c11,cb66231c-230b-4d49-a273-3996f6e556b5,Lane_IQDBvnlqTd,Approver,Final Review
70484cd7-5fab-4aca-a932-2377e25ede38,18,,bf996092-8d66-408a-8d8e-5065ca3330c2,2f551e7d-05e6-4bfc-8ee1-0ef3a8487c11,df821c8c-48ba-45f4-a23b-7ff49c16d83f,Lane_3NS92Gfq3A,Initiator,Initial Review
70484cd7-5fab-4aca-a932-2377e25ede38,18,,bf996092-8d66-408a-8d8e-5065ca3330c2,2f551e7d-05e6-4bfc-8ee1-0ef3a8487c11,df821c8c-48ba-45f4-a23b-7ff49c16d83f,Lane_D4Ofv2gN0H,Reviewer 1,Review 1
70484cd7-5fab-4aca-a932-2377e25ede38,18,,bf996092-8d66-408a-8d8e-5065ca3330c2,2f551e7d-05e6-4bfc-8ee1-0ef3a8487c11,df821c8c-48ba-45f4-a23b-7ff49c16d83f,Lane_E2bPuDt4tR,Reviewer 2,Review 2
70484cd7-5fab-4aca-a932-2377e25ede38,18,,bf996092-8d66-408a-8d8e-5065ca3330c2,2f551e7d-05e6-4bfc-8ee1-0ef3a8487c11,df821c8c-48ba-45f4-a23b-7ff49c16d83f,Lane_MrwVXb48p6,Approver,Final Review
aba84792-2f08-41ed-b924-fd77c709b24b,16,eced41eb-783f-11f0-8bd5-0232a6c7fd05,bf996092-8d66-408a-8d8e-5065ca3330c2,2f551e7d-05e6-4bfc-8ee1-0ef3a8487c11,df821c8c-48ba-45f4-a23b-7ff49c16d83f,Lane_3NS92Gfq3A,Initiator,Initial Review
aba84792-2f08-41ed-b924-fd77c709b24b,16,eced41eb-783f-11f0-8bd5-0232a6c7fd05,bf996092-8d66-408a-8d8e-5065ca3330c2,2f551e7d-05e6-4bfc-8ee1-0ef3a8487c11,df821c8c-48ba-45f4-a23b-7ff49c16d83f,Lane_D4Ofv2gN0H,Reviewer 1,Review 1
aba84792-2f08-41ed-b924-fd77c709b24b,16,eced41eb-783f-11f0-8bd5-0232a6c7fd05,bf996092-8d66-408a-8d8e-5065ca3330c2,2f551e7d-05e6-4bfc-8ee1-0ef3a8487c11,df821c8c-48ba-45f4-a23b-7ff49c16d83f,Lane_E2bPuDt4tR,Reviewer 2,Review 2
aba84792-2f08-41ed-b924-fd77c709b24b,16,eced41eb-783f-11f0-8bd5-0232a6c7fd05,bf996092-8d66-408a-8d8e-5065ca3330c2,2f551e7d-05e6-4bfc-8ee1-0ef3a8487c11,df821c8c-48ba-45f4-a23b-7ff49c16d83f,Lane_MrwVXb48p6,Approver,Final Review
c1ea6016-d692-40e1-a318-a1a889984aff,15,5dba7df4-78d7-11f0-9661-0afff06a47b1,bf996092-8d66-408a-8d8e-5065ca3330c2,2f551e7d-05e6-4bfc-8ee1-0ef3a8487c11,df821c8c-48ba-45f4-a23b-7ff49c16d83f,Lane_3NS92Gfq3A,Initiator,Initial Review
c1ea6016-d692-40e1-a318-a1a889984aff,15,5dba7df4-78d7-11f0-9661-0afff06a47b1,bf996092-8d66-408a-8d8e-5065ca3330c2,2f551e7d-05e6-4bfc-8ee1-0ef3a8487c11,df821c8c-48ba-45f4-a23b-7ff49c16d83f,Lane_D4Ofv2gN0H,Reviewer 1,Review 1
c1ea6016-d692-40e1-a318-a1a889984aff,15,5dba7df4-78d7-11f0-9661-0afff06a47b1,bf996092-8d66-408a-8d8e-5065ca3330c2,2f551e7d-05e6-4bfc-8ee1-0ef3a8487c11,df821c8c-48ba-45f4-a23b-7ff49c16d83f,Lane_E2bPuDt4tR,Reviewer 2,Review 2
c1ea6016-d692-40e1-a318-a1a889984aff,15,5dba7df4-78d7-11f0-9661-0afff06a47b1,bf996092-8d66-408a-8d8e-5065ca3330c2,2f551e7d-05e6-4bfc-8ee1-0ef3a8487c11,df821c8c-48ba-45f4-a23b-7ff49c16d83f,Lane_MrwVXb48p6,Approver,Final Review
1a3cbd0c-ae18-4d7a-919e-3a037c4eeb3a,12,cdb8c46c-7427-11f0-ba69-0affe15d0ad3,bf996092-8d66-408a-8d8e-5065ca3330c2,2f551e7d-05e6-4bfc-8ee1-0ef3a8487c11,1b089950-fe80-4882-8ec2-f738d1ea1a03,Lane_nT1k4KaOoS,Initiator,Initial Review
1a3cbd0c-ae18-4d7a-919e-3a037c4eeb3a,12,cdb8c46c-7427-11f0-ba69-0affe15d0ad3,bf996092-8d66-408a-8d8e-5065ca3330c2,2f551e7d-05e6-4bfc-8ee1-0ef3a8487c11,1b089950-fe80-4882-8ec2-f738d1ea1a03,Lane_4y8s8Dtq7w,Reviewer 1,Review 1
1a3cbd0c-ae18-4d7a-919e-3a037c4eeb3a,12,cdb8c46c-7427-11f0-ba69-0affe15d0ad3,bf996092-8d66-408a-8d8e-5065ca3330c2,2f551e7d-05e6-4bfc-8ee1-0ef3a8487c11,1b089950-fe80-4882-8ec2-f738d1ea1a03,Lane_ikXiR0GawP,Reviewer 2,Review 2
1a3cbd0c-ae18-4d7a-919e-3a037c4eeb3a,12,cdb8c46c-7427-11f0-ba69-0affe15d0ad3,bf996092-8d66-408a-8d8e-5065ca3330c2,2f551e7d-05e6-4bfc-8ee1-0ef3a8487c11,1b089950-fe80-4882-8ec2-f738d1ea1a03,Lane_CCRyKPDH9c,Approver,Final Review
58c570b3-4797-484f-8a3b-2d35ebd9ad48,11,40520e52-7381-11f0-ba69-0affe15d0ad3,bf996092-8d66-408a-8d8e-5065ca3330c2,2f551e7d-05e6-4bfc-8ee1-0ef3a8487c11,1b089950-fe80-4882-8ec2-f738d1ea1a03,Lane_nT1k4KaOoS,Initiator,Initial Review
58c570b3-4797-484f-8a3b-2d35ebd9ad48,11,40520e52-7381-11f0-ba69-0affe15d0ad3,bf996092-8d66-408a-8d8e-5065ca3330c2,2f551e7d-05e6-4bfc-8ee1-0ef3a8487c11,1b089950-fe80-4882-8ec2-f738d1ea1a03,Lane_4y8s8Dtq7w,Reviewer 1,Review 1
58c570b3-4797-484f-8a3b-2d35ebd9ad48,11,40520e52-7381-11f0-ba69-0affe15d0ad3,bf996092-8d66-408a-8d8e-5065ca3330c2,2f551e7d-05e6-4bfc-8ee1-0ef3a8487c11,1b089950-fe80-4882-8ec2-f738d1ea1a03,Lane_ikXiR0GawP,Reviewer 2,Review 2
58c570b3-4797-484f-8a3b-2d35ebd9ad48,11,40520e52-7381-11f0-ba69-0affe15d0ad3,bf996092-8d66-408a-8d8e-5065ca3330c2,2f551e7d-05e6-4bfc-8ee1-0ef3a8487c11,1b089950-fe80-4882-8ec2-f738d1ea1a03,Lane_CCRyKPDH9c,Approver,Final Review
e7e9b4e8-0804-43cf-9a8e-277f927ac6ff,19,,bf996092-8d66-408a-8d8e-5065ca3330c2,2f551e7d-05e6-4bfc-8ee1-0ef3a8487c11,df821c8c-48ba-45f4-a23b-7ff49c16d83f,Lane_guLkxF9SZB,Initiator,Initial Review
e7e9b4e8-0804-43cf-9a8e-277f927ac6ff,19,,bf996092-8d66-408a-8d8e-5065ca3330c2,2f551e7d-05e6-4bfc-8ee1-0ef3a8487c11,df821c8c-48ba-45f4-a23b-7ff49c16d83f,Lane_0MRUAEuLAB,Reviewer 1,Review 1
e7e9b4e8-0804-43cf-9a8e-277f927ac6ff,19,,bf996092-8d66-408a-8d8e-5065ca3330c2,2f551e7d-05e6-4bfc-8ee1-0ef3a8487c11,df821c8c-48ba-45f4-a23b-7ff49c16d83f,Lane_BMIsGvf4O4,Reviewer 2,Review 2
e7e9b4e8-0804-43cf-9a8e-277f927ac6ff,19,,bf996092-8d66-408a-8d8e-5065ca3330c2,2f551e7d-05e6-4bfc-8ee1-0ef3a8487c11,df821c8c-48ba-45f4-a23b-7ff49c16d83f,Lane_JriJNeoXWb,Approver,Final Review
d624d6aa-6854-418a-b289-c9e1df3081e1,1,aaa8d9bf-e92c-11ef-8b6b-02ac98ea20d7,bf996092-8d66-408a-8d8e-5065ca3330c2,3473261e-0400-4f3f-881d-b12012018bee,afc03ca6-c3ea-43c8-8259-ed5b8e9ed4fa,Lane_x7Qa7f10mA,Initiator,Initial Review
d624d6aa-6854-418a-b289-c9e1df3081e1,1,aaa8d9bf-e92c-11ef-8b6b-02ac98ea20d7,bf996092-8d66-408a-8d8e-5065ca3330c2,3473261e-0400-4f3f-881d-b12012018bee,afc03ca6-c3ea-43c8-8259-ed5b8e9ed4fa,Lane_5vYELWPCGD,Reviewer,Initial Review
d624d6aa-6854-418a-b289-c9e1df3081e1,1,aaa8d9bf-e92c-11ef-8b6b-02ac98ea20d7,bf996092-8d66-408a-8d8e-5065ca3330c2,3473261e-0400-4f3f-881d-b12012018bee,afc03ca6-c3ea-43c8-8259-ed5b8e9ed4fa,Lane_7o2bHbPzH7,Approver,Final Review
cc58128c-5875-48e0-851f-2f7f0dcbb31b,4,815ec079-3f71-11f0-a75b-02304916fd47,bf996092-8d66-408a-8d8e-5065ca3330c2,77d5fb8c-5d83-4fa8-8c81-169306f7a8f7,b4ea49f8-e6fc-4cb4-80f2-8ed9de8e39bb,Lane_NKF0vjS9cY,Initiator,Initial Review
cc58128c-5875-48e0-851f-2f7f0dcbb31b,4,815ec079-3f71-11f0-a75b-02304916fd47,bf996092-8d66-408a-8d8e-5065ca3330c2,77d5fb8c-5d83-4fa8-8c81-169306f7a8f7,b4ea49f8-e6fc-4cb4-80f2-8ed9de8e39bb,Lane_aLBTjW8ds5,Reviewer 1,Review 1
cc58128c-5875-48e0-851f-2f7f0dcbb31b,4,815ec079-3f71-11f0-a75b-02304916fd47,bf996092-8d66-408a-8d8e-5065ca3330c2,77d5fb8c-5d83-4fa8-8c81-169306f7a8f7,b4ea49f8-e6fc-4cb4-80f2-8ed9de8e39bb,Lane_Jds2RvXmA0,Reviewer 2,Review 2
cc58128c-5875-48e0-851f-2f7f0dcbb31b,4,815ec079-3f71-11f0-a75b-02304916fd47,bf996092-8d66-408a-8d8e-5065ca3330c2,77d5fb8c-5d83-4fa8-8c81-169306f7a8f7,b4ea49f8-e6fc-4cb4-80f2-8ed9de8e39bb,Lane_wV3qIIk7m6,Reviewer 3,Initial Review 3
cc58128c-5875-48e0-851f-2f7f0dcbb31b,4,815ec079-3f71-11f0-a75b-02304916fd47,bf996092-8d66-408a-8d8e-5065ca3330c2,77d5fb8c-5d83-4fa8-8c81-169306f7a8f7,b4ea49f8-e6fc-4cb4-80f2-8ed9de8e39bb,Lane_QReJWZvZ6U,Approver,Final Review
1d8832fd-439c-40cb-a455-9090f2dbf528,3,f39cb180-3bbf-11f0-9531-026648e652bf,bf996092-8d66-408a-8d8e-5065ca3330c2,77d5fb8c-5d83-4fa8-8c81-169306f7a8f7,012bd818-d252-40d2-9834-3b3ed12f5bfe,Lane_8sUyhJ8zGQ,Initiator,Initial Review
1d8832fd-439c-40cb-a455-9090f2dbf528,3,f39cb180-3bbf-11f0-9531-026648e652bf,bf996092-8d66-408a-8d8e-5065ca3330c2,77d5fb8c-5d83-4fa8-8c81-169306f7a8f7,012bd818-d252-40d2-9834-3b3ed12f5bfe,Lane_7o1UMVFGzg,Reviewer 1,Review 1
1d8832fd-439c-40cb-a455-9090f2dbf528,3,f39cb180-3bbf-11f0-9531-026648e652bf,bf996092-8d66-408a-8d8e-5065ca3330c2,77d5fb8c-5d83-4fa8-8c81-169306f7a8f7,012bd818-d252-40d2-9834-3b3ed12f5bfe,Lane_rzoJKHNKWE,Reviewer 2,Review 2
1d8832fd-439c-40cb-a455-9090f2dbf528,3,f39cb180-3bbf-11f0-9531-026648e652bf,bf996092-8d66-408a-8d8e-5065ca3330c2,77d5fb8c-5d83-4fa8-8c81-169306f7a8f7,012bd818-d252-40d2-9834-3b3ed12f5bfe,Lane_lba3wPHwFH,Approver,Final Review
c128bb05-eaf1-4a0a-8ff8-13b87420139c,1,d4e57543-063b-11f0-9c0f-029f496e4bf7,bf996092-8d66-408a-8d8e-5065ca3330c2,77d5fb8c-5d83-4fa8-8c81-169306f7a8f7,bbc32d68-6460-4421-9c87-5483753878b8,Lane_QW19sNj6I8,Initiator,Initial Review
c128bb05-eaf1-4a0a-8ff8-13b87420139c,1,d4e57543-063b-11f0-9c0f-029f496e4bf7,bf996092-8d66-408a-8d8e-5065ca3330c2,77d5fb8c-5d83-4fa8-8c81-169306f7a8f7,bbc32d68-6460-4421-9c87-5483753878b8,Lane_okgNiYsN2e,Reviewer,Review 1
c128bb05-eaf1-4a0a-8ff8-13b87420139c,1,d4e57543-063b-11f0-9c0f-029f496e4bf7,bf996092-8d66-408a-8d8e-5065ca3330c2,77d5fb8c-5d83-4fa8-8c81-169306f7a8f7,bbc32d68-6460-4421-9c87-5483753878b8,Lane_jXvWnXu0zA,Approver,Final Review
88451065-faa1-4e32-a291-8f460c897a89,6,31e87304-476d-11f0-92ca-0affce51bea9,bf996092-8d66-408a-8d8e-5065ca3330c2,77d5fb8c-5d83-4fa8-8c81-169306f7a8f7,cc368256-fb48-460c-aa9d-05731fc1255f,Lane_jGFbyjMxNP,Initiator,Initial Review
88451065-faa1-4e32-a291-8f460c897a89,6,31e87304-476d-11f0-92ca-0affce51bea9,bf996092-8d66-408a-8d8e-5065ca3330c2,77d5fb8c-5d83-4fa8-8c81-169306f7a8f7,cc368256-fb48-460c-aa9d-05731fc1255f,Lane_d1hTdj4lLd,Reviewer 1,Review 1
88451065-faa1-4e32-a291-8f460c897a89,6,31e87304-476d-11f0-92ca-0affce51bea9,bf996092-8d66-408a-8d8e-5065ca3330c2,77d5fb8c-5d83-4fa8-8c81-169306f7a8f7,cc368256-fb48-460c-aa9d-05731fc1255f,Lane_bPvCvNtbvr,Reviewer 2,Review 2
88451065-faa1-4e32-a291-8f460c897a89,6,31e87304-476d-11f0-92ca-0affce51bea9,bf996092-8d66-408a-8d8e-5065ca3330c2,77d5fb8c-5d83-4fa8-8c81-169306f7a8f7,cc368256-fb48-460c-aa9d-05731fc1255f,Lane_OVVgQ77kSl,Approver,Final Review
83df4d09-3279-4523-97a4-504f9fc16aea,5,4453848d-4084-11f0-8ed5-0e90ccd82ecd,bf996092-8d66-408a-8d8e-5065ca3330c2,77d5fb8c-5d83-4fa8-8c81-169306f7a8f7,b4ea49f8-e6fc-4cb4-80f2-8ed9de8e39bb,Lane_NKF0vjS9cY,Initiator,Initial Review
83df4d09-3279-4523-97a4-504f9fc16aea,5,4453848d-4084-11f0-8ed5-0e90ccd82ecd,bf996092-8d66-408a-8d8e-5065ca3330c2,77d5fb8c-5d83-4fa8-8c81-169306f7a8f7,b4ea49f8-e6fc-4cb4-80f2-8ed9de8e39bb,Lane_aLBTjW8ds5,Reviewer 1,Review 1
83df4d09-3279-4523-97a4-504f9fc16aea,5,4453848d-4084-11f0-8ed5-0e90ccd82ecd,bf996092-8d66-408a-8d8e-5065ca3330c2,77d5fb8c-5d83-4fa8-8c81-169306f7a8f7,b4ea49f8-e6fc-4cb4-80f2-8ed9de8e39bb,Lane_Jds2RvXmA0,Reviewer 2,Review 2
83df4d09-3279-4523-97a4-504f9fc16aea,5,4453848d-4084-11f0-8ed5-0e90ccd82ecd,bf996092-8d66-408a-8d8e-5065ca3330c2,77d5fb8c-5d83-4fa8-8c81-169306f7a8f7,b4ea49f8-e6fc-4cb4-80f2-8ed9de8e39bb,Lane_wV3qIIk7m6,Reviewer 3,Initial Review 3
83df4d09-3279-4523-97a4-504f9fc16aea,5,4453848d-4084-11f0-8ed5-0e90ccd82ecd,bf996092-8d66-408a-8d8e-5065ca3330c2,77d5fb8c-5d83-4fa8-8c81-169306f7a8f7,b4ea49f8-e6fc-4cb4-80f2-8ed9de8e39bb,Lane_QReJWZvZ6U,Approver,Final Review
15821e5e-938e-4c81-8d3e-0b6312065fd9,2,ffe7ed4d-37a0-11f0-a305-0ea8b6e27dcf,bf996092-8d66-408a-8d8e-5065ca3330c2,77d5fb8c-5d83-4fa8-8c81-169306f7a8f7,344a1ddc-4eeb-4a3c-b9ce-8271cd7dbc1e,Lane_ziatdKpoMn,Initiator,Initial Review
15821e5e-938e-4c81-8d3e-0b6312065fd9,2,ffe7ed4d-37a0-11f0-a305-0ea8b6e27dcf,bf996092-8d66-408a-8d8e-5065ca3330c2,77d5fb8c-5d83-4fa8-8c81-169306f7a8f7,344a1ddc-4eeb-4a3c-b9ce-8271cd7dbc1e,Lane_BM3rDPlUw5,Reviewer,Review 1
15821e5e-938e-4c81-8d3e-0b6312065fd9,2,ffe7ed4d-37a0-11f0-a305-0ea8b6e27dcf,bf996092-8d66-408a-8d8e-5065ca3330c2,77d5fb8c-5d83-4fa8-8c81-169306f7a8f7,344a1ddc-4eeb-4a3c-b9ce-8271cd7dbc1e,Lane_cT5UGjYJ1z,Approver,Final Review
1dfe5f95-67e5-47b0-b61c-000f951b78fe,42,5cc7ccce-7914-11f0-946f-0215d9ab6dad,bf996092-8d66-408a-8d8e-5065ca3330c2,967e785d-d83c-490b-8d6a-2ed926c956ac,9234bdbd-8841-4345-9db7-ed9c57a02c50,Lane_gpKFEKH5vj,Initiator,Initial Review
1dfe5f95-67e5-47b0-b61c-000f951b78fe,42,5cc7ccce-7914-11f0-946f-0215d9ab6dad,bf996092-8d66-408a-8d8e-5065ca3330c2,967e785d-d83c-490b-8d6a-2ed926c956ac,9234bdbd-8841-4345-9db7-ed9c57a02c50,Lane_awoDrX7U1k,Approver,Final Review
e8488852-6881-4e3a-a7c1-8f808271fdfd,47,a80d0a9f-7c20-11f0-8bd5-0232a6c7fd05,bf996092-8d66-408a-8d8e-5065ca3330c2,967e785d-d83c-490b-8d6a-2ed926c956ac,9234bdbd-8841-4345-9db7-ed9c57a02c50,Lane_gpKFEKH5vj,Initiator,Initial Review
e8488852-6881-4e3a-a7c1-8f808271fdfd,47,a80d0a9f-7c20-11f0-8bd5-0232a6c7fd05,bf996092-8d66-408a-8d8e-5065ca3330c2,967e785d-d83c-490b-8d6a-2ed926c956ac,9234bdbd-8841-4345-9db7-ed9c57a02c50,Lane_awoDrX7U1k,Approver,Final Review
60a76748-468c-4536-a2e4-b80c2551d879,48,5bc1d5d8-7c21-11f0-8bd5-0232a6c7fd05,bf996092-8d66-408a-8d8e-5065ca3330c2,967e785d-d83c-490b-8d6a-2ed926c956ac,9234bdbd-8841-4345-9db7-ed9c57a02c50,Lane_gpKFEKH5vj,Initiator,Initial Review
60a76748-468c-4536-a2e4-b80c2551d879,48,5bc1d5d8-7c21-11f0-8bd5-0232a6c7fd05,bf996092-8d66-408a-8d8e-5065ca3330c2,967e785d-d83c-490b-8d6a-2ed926c956ac,9234bdbd-8841-4345-9db7-ed9c57a02c50,Lane_awoDrX7U1k,Approver,Final Review
b4513964-d1b9-49bf-8e68-447487e41035,50,15e3b7d9-7c23-11f0-8e65-0afff7224aab,bf996092-8d66-408a-8d8e-5065ca3330c2,967e785d-d83c-490b-8d6a-2ed926c956ac,9234bdbd-8841-4345-9db7-ed9c57a02c50,Lane_gpKFEKH5vj,Initiator,Initial Review
b4513964-d1b9-49bf-8e68-447487e41035,50,15e3b7d9-7c23-11f0-8e65-0afff7224aab,bf996092-8d66-408a-8d8e-5065ca3330c2,967e785d-d83c-490b-8d6a-2ed926c956ac,9234bdbd-8841-4345-9db7-ed9c57a02c50,Lane_awoDrX7U1k,Approver,Final Review
eaf83f3a-a69a-4332-bdf9-db141dc9ae89,51,50cc6f6b-7c23-11f0-946f-0215d9ab6dad,bf996092-8d66-408a-8d8e-5065ca3330c2,967e785d-d83c-490b-8d6a-2ed926c956ac,9234bdbd-8841-4345-9db7-ed9c57a02c50,Lane_gpKFEKH5vj,Initiator,Initial Review
eaf83f3a-a69a-4332-bdf9-db141dc9ae89,51,50cc6f6b-7c23-11f0-946f-0215d9ab6dad,bf996092-8d66-408a-8d8e-5065ca3330c2,967e785d-d83c-490b-8d6a-2ed926c956ac,9234bdbd-8841-4345-9db7-ed9c57a02c50,Lane_awoDrX7U1k,Approver,Final Review
637b2b33-0654-4301-8c24-c09ed6824912,52,a3dd202c-7c24-11f0-9661-0afff06a47b1,bf996092-8d66-408a-8d8e-5065ca3330c2,967e785d-d83c-490b-8d6a-2ed926c956ac,9234bdbd-8841-4345-9db7-ed9c57a02c50,Lane_gpKFEKH5vj,Initiator,Initial Review
637b2b33-0654-4301-8c24-c09ed6824912,52,a3dd202c-7c24-11f0-9661-0afff06a47b1,bf996092-8d66-408a-8d8e-5065ca3330c2,967e785d-d83c-490b-8d6a-2ed926c956ac,9234bdbd-8841-4345-9db7-ed9c57a02c50,Lane_awoDrX7U1k,Approver,Final Review
a9a8a701-d4b2-4f45-92ee-8c1ca04298a4,36,2b97c3f6-742a-11f0-8e03-023b6ba72275,bf996092-8d66-408a-8d8e-5065ca3330c2,967e785d-d83c-490b-8d6a-2ed926c956ac,9234bdbd-8841-4345-9db7-ed9c57a02c50,Lane_gpKFEKH5vj,Initiator,Initial Review
a9a8a701-d4b2-4f45-92ee-8c1ca04298a4,36,2b97c3f6-742a-11f0-8e03-023b6ba72275,bf996092-8d66-408a-8d8e-5065ca3330c2,967e785d-d83c-490b-8d6a-2ed926c956ac,9234bdbd-8841-4345-9db7-ed9c57a02c50,Lane_awoDrX7U1k,Approver,Final Review
b1a118f5-9947-427b-a95c-2bfb4d29b64a,61,e59b16dd-831a-11f0-9b63-0edefbbefc43,bf996092-8d66-408a-8d8e-5065ca3330c2,967e785d-d83c-490b-8d6a-2ed926c956ac,9234bdbd-8841-4345-9db7-ed9c57a02c50,Lane_gpKFEKH5vj,Initiator,Initial Review
b1a118f5-9947-427b-a95c-2bfb4d29b64a,61,e59b16dd-831a-11f0-9b63-0edefbbefc43,bf996092-8d66-408a-8d8e-5065ca3330c2,967e785d-d83c-490b-8d6a-2ed926c956ac,9234bdbd-8841-4345-9db7-ed9c57a02c50,Lane_awoDrX7U1k,Approver,Final Review
d4d0dafa-38b5-4784-9ef7-db9fe61e50b4,2,a40cbcb6-613e-11f0-9d2c-02ecd8cd8b53,bf996092-8d66-408a-8d8e-5065ca3330c2,967e785d-d83c-490b-8d6a-2ed926c956ac,228e01d7-c4f4-4bb6-8996-c4053f3043e7,Lane_CgndUNKY8p,Initiator,Initial Review
d4d0dafa-38b5-4784-9ef7-db9fe61e50b4,2,a40cbcb6-613e-11f0-9d2c-02ecd8cd8b53,bf996092-8d66-408a-8d8e-5065ca3330c2,967e785d-d83c-490b-8d6a-2ed926c956ac,228e01d7-c4f4-4bb6-8996-c4053f3043e7,Lane_TBdYDm3haW,Reviewer 1,Review 1
d4d0dafa-38b5-4784-9ef7-db9fe61e50b4,2,a40cbcb6-613e-11f0-9d2c-02ecd8cd8b53,bf996092-8d66-408a-8d8e-5065ca3330c2,967e785d-d83c-490b-8d6a-2ed926c956ac,228e01d7-c4f4-4bb6-8996-c4053f3043e7,Lane_R4vglsLFES,Reviewer 2,Review 2
d4d0dafa-38b5-4784-9ef7-db9fe61e50b4,2,a40cbcb6-613e-11f0-9d2c-02ecd8cd8b53,bf996092-8d66-408a-8d8e-5065ca3330c2,967e785d-d83c-490b-8d6a-2ed926c956ac,228e01d7-c4f4-4bb6-8996-c4053f3043e7,Lane_6ZC3vJ8XY2,Reviewer 3,Initial Review 3
d4d0dafa-38b5-4784-9ef7-db9fe61e50b4,2,a40cbcb6-613e-11f0-9d2c-02ecd8cd8b53,bf996092-8d66-408a-8d8e-5065ca3330c2,967e785d-d83c-490b-8d6a-2ed926c956ac,228e01d7-c4f4-4bb6-8996-c4053f3043e7,Lane_ertynvVyNL,Approver,Final Review
ebac6b32-fc06-4b0c-8de1-c449071db6ad,7,7f4aea37-614c-11f0-9d2c-02ecd8cd8b53,bf996092-8d66-408a-8d8e-5065ca3330c2,967e785d-d83c-490b-8d6a-2ed926c956ac,960bcbce-ff62-4504-9248-f6159c49fa23,Lane_yer66oOPXg,Initiator,Initial Review
ebac6b32-fc06-4b0c-8de1-c449071db6ad,7,7f4aea37-614c-11f0-9d2c-02ecd8cd8b53,bf996092-8d66-408a-8d8e-5065ca3330c2,967e785d-d83c-490b-8d6a-2ed926c956ac,960bcbce-ff62-4504-9248-f6159c49fa23,Lane_ZAL0TLQe0r,Approver,Final Review
d35509ee-01c0-4c10-a839-25d3f5fa9c74,8,971cef8d-614c-11f0-994a-0eab63e03b0b,bf996092-8d66-408a-8d8e-5065ca3330c2,967e785d-d83c-490b-8d6a-2ed926c956ac,960bcbce-ff62-4504-9248-f6159c49fa23,Lane_yer66oOPXg,Initiator,Initial Review
d35509ee-01c0-4c10-a839-25d3f5fa9c74,8,971cef8d-614c-11f0-994a-0eab63e03b0b,bf996092-8d66-408a-8d8e-5065ca3330c2,967e785d-d83c-490b-8d6a-2ed926c956ac,960bcbce-ff62-4504-9248-f6159c49fa23,Lane_ZAL0TLQe0r,Approver,Final Review
936308ba-2357-4347-aeeb-6dcd28342506,9,aa2f7411-615b-11f0-a416-0edf6594598d,bf996092-8d66-408a-8d8e-5065ca3330c2,967e785d-d83c-490b-8d6a-2ed926c956ac,960bcbce-ff62-4504-9248-f6159c49fa23,Lane_yer66oOPXg,Initiator,Initial Review
936308ba-2357-4347-aeeb-6dcd28342506,9,aa2f7411-615b-11f0-a416-0edf6594598d,bf996092-8d66-408a-8d8e-5065ca3330c2,967e785d-d83c-490b-8d6a-2ed926c956ac,960bcbce-ff62-4504-9248-f6159c49fa23,Lane_ZAL0TLQe0r,Approver,Final Review
155353e0-f42f-4204-afbe-da44ac1b5df5,10,27c56a1d-615c-11f0-a70e-0afff35398af,bf996092-8d66-408a-8d8e-5065ca3330c2,967e785d-d83c-490b-8d6a-2ed926c956ac,960bcbce-ff62-4504-9248-f6159c49fa23,Lane_yer66oOPXg,Initiator,Initial Review
155353e0-f42f-4204-afbe-da44ac1b5df5,10,27c56a1d-615c-11f0-a70e-0afff35398af,bf996092-8d66-408a-8d8e-5065ca3330c2,967e785d-d83c-490b-8d6a-2ed926c956ac,960bcbce-ff62-4504-9248-f6159c49fa23,Lane_ZAL0TLQe0r,Approver,Final Review
d2f9dd84-f67f-48ee-b779-1e555cb5b479,11,ab5539c5-615c-11f0-a70e-0afff35398af,bf996092-8d66-408a-8d8e-5065ca3330c2,967e785d-d83c-490b-8d6a-2ed926c956ac,960bcbce-ff62-4504-9248-f6159c49fa23,Lane_yer66oOPXg,Initiator,Initial Review
d2f9dd84-f67f-48ee-b779-1e555cb5b479,11,ab5539c5-615c-11f0-a70e-0afff35398af,bf996092-8d66-408a-8d8e-5065ca3330c2,967e785d-d83c-490b-8d6a-2ed926c956ac,960bcbce-ff62-4504-9248-f6159c49fa23,Lane_ZAL0TLQe0r,Approver,Final Review
cc49b2b4-2347-4344-9aee-1a89f8223c55,12,bccaad55-615c-11f0-994a-0eab63e03b0b,bf996092-8d66-408a-8d8e-5065ca3330c2,967e785d-d83c-490b-8d6a-2ed926c956ac,960bcbce-ff62-4504-9248-f6159c49fa23,Lane_yer66oOPXg,Initiator,Initial Review
cc49b2b4-2347-4344-9aee-1a89f8223c55,12,bccaad55-615c-11f0-994a-0eab63e03b0b,bf996092-8d66-408a-8d8e-5065ca3330c2,967e785d-d83c-490b-8d6a-2ed926c956ac,960bcbce-ff62-4504-9248-f6159c49fa23,Lane_ZAL0TLQe0r,Approver,Final Review
88c9b67d-844a-4023-bae9-70f019e7d092,13,62444756-615d-11f0-9d2c-02ecd8cd8b53,bf996092-8d66-408a-8d8e-5065ca3330c2,967e785d-d83c-490b-8d6a-2ed926c956ac,960bcbce-ff62-4504-9248-f6159c49fa23,Lane_yer66oOPXg,Initiator,Initial Review
88c9b67d-844a-4023-bae9-70f019e7d092,13,62444756-615d-11f0-9d2c-02ecd8cd8b53,bf996092-8d66-408a-8d8e-5065ca3330c2,967e785d-d83c-490b-8d6a-2ed926c956ac,960bcbce-ff62-4504-9248-f6159c49fa23,Lane_ZAL0TLQe0r,Approver,Final Review
b927dd8c-87a5-463f-be5c-dcc855e197a3,14,7a91e59a-615d-11f0-8e1b-0286e50d6c73,bf996092-8d66-408a-8d8e-5065ca3330c2,967e785d-d83c-490b-8d6a-2ed926c956ac,960bcbce-ff62-4504-9248-f6159c49fa23,Lane_yer66oOPXg,Initiator,Initial Review
b927dd8c-87a5-463f-be5c-dcc855e197a3,14,7a91e59a-615d-11f0-8e1b-0286e50d6c73,bf996092-8d66-408a-8d8e-5065ca3330c2,967e785d-d83c-490b-8d6a-2ed926c956ac,960bcbce-ff62-4504-9248-f6159c49fa23,Lane_ZAL0TLQe0r,Approver,Final Review
7768c6df-e349-4857-a719-71e086185868,16,aed11fed-6203-11f0-a70e-0afff35398af,bf996092-8d66-408a-8d8e-5065ca3330c2,967e785d-d83c-490b-8d6a-2ed926c956ac,960bcbce-ff62-4504-9248-f6159c49fa23,Lane_yer66oOPXg,Initiator,Initial Review
7768c6df-e349-4857-a719-71e086185868,16,aed11fed-6203-11f0-a70e-0afff35398af,bf996092-8d66-408a-8d8e-5065ca3330c2,967e785d-d83c-490b-8d6a-2ed926c956ac,960bcbce-ff62-4504-9248-f6159c49fa23,Lane_ZAL0TLQe0r,Approver,Final Review
89b217ac-7261-48ef-a45c-06ccae9e12f3,17,c3fee140-6203-11f0-8b24-0affee9495d5,bf996092-8d66-408a-8d8e-5065ca3330c2,967e785d-d83c-490b-8d6a-2ed926c956ac,960bcbce-ff62-4504-9248-f6159c49fa23,Lane_yer66oOPXg,Initiator,Initial Review
89b217ac-7261-48ef-a45c-06ccae9e12f3,17,c3fee140-6203-11f0-8b24-0affee9495d5,bf996092-8d66-408a-8d8e-5065ca3330c2,967e785d-d83c-490b-8d6a-2ed926c956ac,960bcbce-ff62-4504-9248-f6159c49fa23,Lane_ZAL0TLQe0r,Approver,Final Review
9ae13e2f-d507-4f9d-a5fd-bc63314d9abd,37,1e108904-75ac-11f0-a747-0e0be9602fab,bf996092-8d66-408a-8d8e-5065ca3330c2,967e785d-d83c-490b-8d6a-2ed926c956ac,9234bdbd-8841-4345-9db7-ed9c57a02c50,Lane_gpKFEKH5vj,Initiator,Initial Review
9ae13e2f-d507-4f9d-a5fd-bc63314d9abd,37,1e108904-75ac-11f0-a747-0e0be9602fab,bf996092-8d66-408a-8d8e-5065ca3330c2,967e785d-d83c-490b-8d6a-2ed926c956ac,9234bdbd-8841-4345-9db7-ed9c57a02c50,Lane_awoDrX7U1k,Approver,Final Review
3ea5eac3-a0a1-4e08-8570-93143968bcbf,18,65e3bf0c-6208-11f0-8e1b-0286e50d6c73,bf996092-8d66-408a-8d8e-5065ca3330c2,967e785d-d83c-490b-8d6a-2ed926c956ac,960bcbce-ff62-4504-9248-f6159c49fa23,Lane_yer66oOPXg,Initiator,Initial Review
3ea5eac3-a0a1-4e08-8570-93143968bcbf,18,65e3bf0c-6208-11f0-8e1b-0286e50d6c73,bf996092-8d66-408a-8d8e-5065ca3330c2,967e785d-d83c-490b-8d6a-2ed926c956ac,960bcbce-ff62-4504-9248-f6159c49fa23,Lane_ZAL0TLQe0r,Approver,Final Review
fd8db2c5-e6f7-4f8e-87bf-702a2ab69bb6,19,8fea90f6-6208-11f0-8e1b-0286e50d6c73,bf996092-8d66-408a-8d8e-5065ca3330c2,967e785d-d83c-490b-8d6a-2ed926c956ac,960bcbce-ff62-4504-9248-f6159c49fa23,Lane_yer66oOPXg,Initiator,Initial Review
fd8db2c5-e6f7-4f8e-87bf-702a2ab69bb6,19,8fea90f6-6208-11f0-8e1b-0286e50d6c73,bf996092-8d66-408a-8d8e-5065ca3330c2,967e785d-d83c-490b-8d6a-2ed926c956ac,960bcbce-ff62-4504-9248-f6159c49fa23,Lane_ZAL0TLQe0r,Approver,Final Review
5bdb7040-6fcd-4690-90a5-02a22bb93508,38,583bd2ad-75ae-11f0-946f-0215d9ab6dad,bf996092-8d66-408a-8d8e-5065ca3330c2,967e785d-d83c-490b-8d6a-2ed926c956ac,9234bdbd-8841-4345-9db7-ed9c57a02c50,Lane_gpKFEKH5vj,Initiator,Initial Review
5bdb7040-6fcd-4690-90a5-02a22bb93508,38,583bd2ad-75ae-11f0-946f-0215d9ab6dad,bf996092-8d66-408a-8d8e-5065ca3330c2,967e785d-d83c-490b-8d6a-2ed926c956ac,9234bdbd-8841-4345-9db7-ed9c57a02c50,Lane_awoDrX7U1k,Approver,Final Review
1202faec-effb-4c3c-abe1-bd02a2e34f8d,22,,bf996092-8d66-408a-8d8e-5065ca3330c2,967e785d-d83c-490b-8d6a-2ed926c956ac,9234bdbd-8841-4345-9db7-ed9c57a02c50,Lane_gpKFEKH5vj,Initiator,Initial Review
1202faec-effb-4c3c-abe1-bd02a2e34f8d,22,,bf996092-8d66-408a-8d8e-5065ca3330c2,967e785d-d83c-490b-8d6a-2ed926c956ac,9234bdbd-8841-4345-9db7-ed9c57a02c50,Lane_awoDrX7U1k,Approver,Final Review
8a6fc906-7ef7-4644-bbcf-ab3d3c7b84b9,23,88c6319e-6ec8-11f0-9b63-0edefbbefc43,bf996092-8d66-408a-8d8e-5065ca3330c2,967e785d-d83c-490b-8d6a-2ed926c956ac,9234bdbd-8841-4345-9db7-ed9c57a02c50,Lane_gpKFEKH5vj,Initiator,Initial Review
8a6fc906-7ef7-4644-bbcf-ab3d3c7b84b9,23,88c6319e-6ec8-11f0-9b63-0edefbbefc43,bf996092-8d66-408a-8d8e-5065ca3330c2,967e785d-d83c-490b-8d6a-2ed926c956ac,9234bdbd-8841-4345-9db7-ed9c57a02c50,Lane_awoDrX7U1k,Approver,Final Review
434bfaa7-ac24-4bd6-96ef-a65e17a879dd,39,1c93754c-768c-11f0-946f-0215d9ab6dad,bf996092-8d66-408a-8d8e-5065ca3330c2,967e785d-d83c-490b-8d6a-2ed926c956ac,9234bdbd-8841-4345-9db7-ed9c57a02c50,Lane_gpKFEKH5vj,Initiator,Initial Review
434bfaa7-ac24-4bd6-96ef-a65e17a879dd,39,1c93754c-768c-11f0-946f-0215d9ab6dad,bf996092-8d66-408a-8d8e-5065ca3330c2,967e785d-d83c-490b-8d6a-2ed926c956ac,9234bdbd-8841-4345-9db7-ed9c57a02c50,Lane_awoDrX7U1k,Approver,Final Review
1212ab21-0b83-4c7d-8192-45e87a8256b9,62,1e387e4f-83ea-11f0-8e03-023b6ba72275,bf996092-8d66-408a-8d8e-5065ca3330c2,967e785d-d83c-490b-8d6a-2ed926c956ac,9234bdbd-8841-4345-9db7-ed9c57a02c50,Lane_gpKFEKH5vj,Initiator,Initial Review
1212ab21-0b83-4c7d-8192-45e87a8256b9,62,1e387e4f-83ea-11f0-8e03-023b6ba72275,bf996092-8d66-408a-8d8e-5065ca3330c2,967e785d-d83c-490b-8d6a-2ed926c956ac,9234bdbd-8841-4345-9db7-ed9c57a02c50,Lane_awoDrX7U1k,Approver,Final Review
17f80f98-b2ed-42f1-9dc7-53bb987898a2,53,050dc095-7cfe-11f0-946f-0215d9ab6dad,bf996092-8d66-408a-8d8e-5065ca3330c2,967e785d-d83c-490b-8d6a-2ed926c956ac,9234bdbd-8841-4345-9db7-ed9c57a02c50,Lane_gpKFEKH5vj,Initiator,Initial Review
17f80f98-b2ed-42f1-9dc7-53bb987898a2,53,050dc095-7cfe-11f0-946f-0215d9ab6dad,bf996092-8d66-408a-8d8e-5065ca3330c2,967e785d-d83c-490b-8d6a-2ed926c956ac,9234bdbd-8841-4345-9db7-ed9c57a02c50,Lane_awoDrX7U1k,Approver,Final Review
19b0fe31-d82b-457f-bb1d-d5c48739612d,15,,bf996092-8d66-408a-8d8e-5065ca3330c2,967e785d-d83c-490b-8d6a-2ed926c956ac,228e01d7-c4f4-4bb6-8996-c4053f3043e7,Lane_CgndUNKY8p,Initiator,Initial Review
19b0fe31-d82b-457f-bb1d-d5c48739612d,15,,bf996092-8d66-408a-8d8e-5065ca3330c2,967e785d-d83c-490b-8d6a-2ed926c956ac,228e01d7-c4f4-4bb6-8996-c4053f3043e7,Lane_TBdYDm3haW,Reviewer 1,Review 1
19b0fe31-d82b-457f-bb1d-d5c48739612d,15,,bf996092-8d66-408a-8d8e-5065ca3330c2,967e785d-d83c-490b-8d6a-2ed926c956ac,228e01d7-c4f4-4bb6-8996-c4053f3043e7,Lane_R4vglsLFES,Reviewer 2,Review 2
19b0fe31-d82b-457f-bb1d-d5c48739612d,15,,bf996092-8d66-408a-8d8e-5065ca3330c2,967e785d-d83c-490b-8d6a-2ed926c956ac,228e01d7-c4f4-4bb6-8996-c4053f3043e7,Lane_6ZC3vJ8XY2,Reviewer 3,Initial Review 3
19b0fe31-d82b-457f-bb1d-d5c48739612d,15,,bf996092-8d66-408a-8d8e-5065ca3330c2,967e785d-d83c-490b-8d6a-2ed926c956ac,228e01d7-c4f4-4bb6-8996-c4053f3043e7,Lane_ertynvVyNL,Approver,Final Review
906f9f54-cac7-48a5-9675-601e1f05dfb6,54,f2256a46-7dbb-11f0-9661-0afff06a47b1,bf996092-8d66-408a-8d8e-5065ca3330c2,967e785d-d83c-490b-8d6a-2ed926c956ac,9234bdbd-8841-4345-9db7-ed9c57a02c50,Lane_gpKFEKH5vj,Initiator,Initial Review
906f9f54-cac7-48a5-9675-601e1f05dfb6,54,f2256a46-7dbb-11f0-9661-0afff06a47b1,bf996092-8d66-408a-8d8e-5065ca3330c2,967e785d-d83c-490b-8d6a-2ed926c956ac,9234bdbd-8841-4345-9db7-ed9c57a02c50,Lane_awoDrX7U1k,Approver,Final Review
a177304a-e112-4bb4-9c17-f4f8d5b26d2e,40,e1b9b761-7757-11f0-a747-0e0be9602fab,bf996092-8d66-408a-8d8e-5065ca3330c2,967e785d-d83c-490b-8d6a-2ed926c956ac,9234bdbd-8841-4345-9db7-ed9c57a02c50,Lane_gpKFEKH5vj,Initiator,Initial Review
a177304a-e112-4bb4-9c17-f4f8d5b26d2e,40,e1b9b761-7757-11f0-a747-0e0be9602fab,bf996092-8d66-408a-8d8e-5065ca3330c2,967e785d-d83c-490b-8d6a-2ed926c956ac,9234bdbd-8841-4345-9db7-ed9c57a02c50,Lane_awoDrX7U1k,Approver,Final Review
04dbcc17-13f5-44ec-bdb3-f67dea2bd55c,4,8a8b33d9-5d84-11f0-ba7a-02677a6c0a19,bf996092-8d66-408a-8d8e-5065ca3330c2,967e785d-d83c-490b-8d6a-2ed926c956ac,960bcbce-ff62-4504-9248-f6159c49fa23,Lane_yer66oOPXg,Initiator,Initial Review
04dbcc17-13f5-44ec-bdb3-f67dea2bd55c,4,8a8b33d9-5d84-11f0-ba7a-02677a6c0a19,bf996092-8d66-408a-8d8e-5065ca3330c2,967e785d-d83c-490b-8d6a-2ed926c956ac,960bcbce-ff62-4504-9248-f6159c49fa23,Lane_ZAL0TLQe0r,Approver,Final Review
2cd7e478-6a08-4931-909c-8a14c06c67f8,5,328e57c3-5d88-11f0-aa18-0affcce8a0f5,bf996092-8d66-408a-8d8e-5065ca3330c2,967e785d-d83c-490b-8d6a-2ed926c956ac,960bcbce-ff62-4504-9248-f6159c49fa23,Lane_yer66oOPXg,Initiator,Initial Review
2cd7e478-6a08-4931-909c-8a14c06c67f8,5,328e57c3-5d88-11f0-aa18-0affcce8a0f5,bf996092-8d66-408a-8d8e-5065ca3330c2,967e785d-d83c-490b-8d6a-2ed926c956ac,960bcbce-ff62-4504-9248-f6159c49fa23,Lane_ZAL0TLQe0r,Approver,Final Review
9dda0315-451b-43d7-9c4a-0a6da3bff0bb,20,a7b0249c-63be-11f0-a30f-022739ca029d,bf996092-8d66-408a-8d8e-5065ca3330c2,967e785d-d83c-490b-8d6a-2ed926c956ac,960bcbce-ff62-4504-9248-f6159c49fa23,Lane_yer66oOPXg,Initiator,Initial Review
9dda0315-451b-43d7-9c4a-0a6da3bff0bb,20,a7b0249c-63be-11f0-a30f-022739ca029d,bf996092-8d66-408a-8d8e-5065ca3330c2,967e785d-d83c-490b-8d6a-2ed926c956ac,960bcbce-ff62-4504-9248-f6159c49fa23,Lane_ZAL0TLQe0r,Approver,Final Review
3843ad85-2e10-4bd1-874e-c2faa49865cc,1,be899004-502a-11f0-930b-02e02b9ba039,bf996092-8d66-408a-8d8e-5065ca3330c2,967e785d-d83c-490b-8d6a-2ed926c956ac,9234bdbd-8841-4345-9db7-ed9c57a02c50,Lane_x49TuFuLHH,Initiator,Initial Review
3843ad85-2e10-4bd1-874e-c2faa49865cc,1,be899004-502a-11f0-930b-02e02b9ba039,bf996092-8d66-408a-8d8e-5065ca3330c2,967e785d-d83c-490b-8d6a-2ed926c956ac,9234bdbd-8841-4345-9db7-ed9c57a02c50,Lane_sFKz5gxex8,Approver,Final Review
cbfb75f1-ae3c-49b5-a1f9-85e4a115b72a,24,35c668e8-6f99-11f0-9661-0afff06a47b1,bf996092-8d66-408a-8d8e-5065ca3330c2,967e785d-d83c-490b-8d6a-2ed926c956ac,9234bdbd-8841-4345-9db7-ed9c57a02c50,Lane_gpKFEKH5vj,Initiator,Initial Review
cbfb75f1-ae3c-49b5-a1f9-85e4a115b72a,24,35c668e8-6f99-11f0-9661-0afff06a47b1,bf996092-8d66-408a-8d8e-5065ca3330c2,967e785d-d83c-490b-8d6a-2ed926c956ac,9234bdbd-8841-4345-9db7-ed9c57a02c50,Lane_awoDrX7U1k,Approver,Final Review
69a20752-ebe0-44d9-bb82-f9e284ac7fb9,3,d5f27a55-613e-11f0-a30f-022739ca029d,bf996092-8d66-408a-8d8e-5065ca3330c2,967e785d-d83c-490b-8d6a-2ed926c956ac,228e01d7-c4f4-4bb6-8996-c4053f3043e7,Lane_CgndUNKY8p,Initiator,Initial Review
69a20752-ebe0-44d9-bb82-f9e284ac7fb9,3,d5f27a55-613e-11f0-a30f-022739ca029d,bf996092-8d66-408a-8d8e-5065ca3330c2,967e785d-d83c-490b-8d6a-2ed926c956ac,228e01d7-c4f4-4bb6-8996-c4053f3043e7,Lane_TBdYDm3haW,Reviewer 1,Review 1
69a20752-ebe0-44d9-bb82-f9e284ac7fb9,3,d5f27a55-613e-11f0-a30f-022739ca029d,bf996092-8d66-408a-8d8e-5065ca3330c2,967e785d-d83c-490b-8d6a-2ed926c956ac,228e01d7-c4f4-4bb6-8996-c4053f3043e7,Lane_R4vglsLFES,Reviewer 2,Review 2
69a20752-ebe0-44d9-bb82-f9e284ac7fb9,3,d5f27a55-613e-11f0-a30f-022739ca029d,bf996092-8d66-408a-8d8e-5065ca3330c2,967e785d-d83c-490b-8d6a-2ed926c956ac,228e01d7-c4f4-4bb6-8996-c4053f3043e7,Lane_6ZC3vJ8XY2,Reviewer 3,Initial Review 3
69a20752-ebe0-44d9-bb82-f9e284ac7fb9,3,d5f27a55-613e-11f0-a30f-022739ca029d,bf996092-8d66-408a-8d8e-5065ca3330c2,967e785d-d83c-490b-8d6a-2ed926c956ac,228e01d7-c4f4-4bb6-8996-c4053f3043e7,Lane_ertynvVyNL,Approver,Final Review
fcc464a8-5e23-4bac-915b-d73bd8db13e6,27,6842d9a6-71c6-11f0-8bd5-0232a6c7fd05,bf996092-8d66-408a-8d8e-5065ca3330c2,967e785d-d83c-490b-8d6a-2ed926c956ac,9234bdbd-8841-4345-9db7-ed9c57a02c50,Lane_gpKFEKH5vj,Initiator,Initial Review
fcc464a8-5e23-4bac-915b-d73bd8db13e6,27,6842d9a6-71c6-11f0-8bd5-0232a6c7fd05,bf996092-8d66-408a-8d8e-5065ca3330c2,967e785d-d83c-490b-8d6a-2ed926c956ac,9234bdbd-8841-4345-9db7-ed9c57a02c50,Lane_awoDrX7U1k,Approver,Final Review
b24d73d5-6e1d-4f2c-aafa-17476b5fba33,25,46b31666-7033-11f0-ba69-0affe15d0ad3,bf996092-8d66-408a-8d8e-5065ca3330c2,967e785d-d83c-490b-8d6a-2ed926c956ac,9234bdbd-8841-4345-9db7-ed9c57a02c50,Lane_gpKFEKH5vj,Initiator,Initial Review
b24d73d5-6e1d-4f2c-aafa-17476b5fba33,25,46b31666-7033-11f0-ba69-0affe15d0ad3,bf996092-8d66-408a-8d8e-5065ca3330c2,967e785d-d83c-490b-8d6a-2ed926c956ac,9234bdbd-8841-4345-9db7-ed9c57a02c50,Lane_awoDrX7U1k,Approver,Final Review
2210f1c9-a020-45c1-be32-a0e740c32a4f,26,933bded3-711d-11f0-ba69-0affe15d0ad3,bf996092-8d66-408a-8d8e-5065ca3330c2,967e785d-d83c-490b-8d6a-2ed926c956ac,9234bdbd-8841-4345-9db7-ed9c57a02c50,Lane_gpKFEKH5vj,Initiator,Initial Review
2210f1c9-a020-45c1-be32-a0e740c32a4f,26,933bded3-711d-11f0-ba69-0affe15d0ad3,bf996092-8d66-408a-8d8e-5065ca3330c2,967e785d-d83c-490b-8d6a-2ed926c956ac,9234bdbd-8841-4345-9db7-ed9c57a02c50,Lane_awoDrX7U1k,Approver,Final Review
a38b6955-c52f-477c-8f7e-20f49c99642d,28,5ccc6f24-71e0-11f0-ba69-0affe15d0ad3,bf996092-8d66-408a-8d8e-5065ca3330c2,967e785d-d83c-490b-8d6a-2ed926c956ac,9234bdbd-8841-4345-9db7-ed9c57a02c50,Lane_gpKFEKH5vj,Initiator,Initial Review
a38b6955-c52f-477c-8f7e-20f49c99642d,28,5ccc6f24-71e0-11f0-ba69-0affe15d0ad3,bf996092-8d66-408a-8d8e-5065ca3330c2,967e785d-d83c-490b-8d6a-2ed926c956ac,9234bdbd-8841-4345-9db7-ed9c57a02c50,Lane_awoDrX7U1k,Approver,Final Review
0bc039e4-0727-4327-9b16-483e63c7c474,29,1ccefd26-71e2-11f0-a747-0e0be9602fab,bf996092-8d66-408a-8d8e-5065ca3330c2,967e785d-d83c-490b-8d6a-2ed926c956ac,9234bdbd-8841-4345-9db7-ed9c57a02c50,Lane_gpKFEKH5vj,Initiator,Initial Review
0bc039e4-0727-4327-9b16-483e63c7c474,29,1ccefd26-71e2-11f0-a747-0e0be9602fab,bf996092-8d66-408a-8d8e-5065ca3330c2,967e785d-d83c-490b-8d6a-2ed926c956ac,9234bdbd-8841-4345-9db7-ed9c57a02c50,Lane_awoDrX7U1k,Approver,Final Review
a74d43e1-3f1e-4054-bbf6-fcf1eda46b21,30,3bf206b3-71e2-11f0-ba69-0affe15d0ad3,bf996092-8d66-408a-8d8e-5065ca3330c2,967e785d-d83c-490b-8d6a-2ed926c956ac,9234bdbd-8841-4345-9db7-ed9c57a02c50,Lane_gpKFEKH5vj,Initiator,Initial Review
a74d43e1-3f1e-4054-bbf6-fcf1eda46b21,30,3bf206b3-71e2-11f0-ba69-0affe15d0ad3,bf996092-8d66-408a-8d8e-5065ca3330c2,967e785d-d83c-490b-8d6a-2ed926c956ac,9234bdbd-8841-4345-9db7-ed9c57a02c50,Lane_awoDrX7U1k,Approver,Final Review
ee7d06a1-9a7c-4ce8-ac17-36178633e954,31,220863fc-71e5-11f0-8bd5-0232a6c7fd05,bf996092-8d66-408a-8d8e-5065ca3330c2,967e785d-d83c-490b-8d6a-2ed926c956ac,9234bdbd-8841-4345-9db7-ed9c57a02c50,Lane_gpKFEKH5vj,Initiator,Initial Review
ee7d06a1-9a7c-4ce8-ac17-36178633e954,31,220863fc-71e5-11f0-8bd5-0232a6c7fd05,bf996092-8d66-408a-8d8e-5065ca3330c2,967e785d-d83c-490b-8d6a-2ed926c956ac,9234bdbd-8841-4345-9db7-ed9c57a02c50,Lane_awoDrX7U1k,Approver,Final Review
dbca019e-dbfa-4796-9c82-8189ed6ea2f8,32,,bf996092-8d66-408a-8d8e-5065ca3330c2,967e785d-d83c-490b-8d6a-2ed926c956ac,9234bdbd-8841-4345-9db7-ed9c57a02c50,Lane_gpKFEKH5vj,Initiator,Initial Review
dbca019e-dbfa-4796-9c82-8189ed6ea2f8,32,,bf996092-8d66-408a-8d8e-5065ca3330c2,967e785d-d83c-490b-8d6a-2ed926c956ac,9234bdbd-8841-4345-9db7-ed9c57a02c50,Lane_awoDrX7U1k,Approver,Final Review
7c326b2e-f2b0-42b8-89c5-7a2125abb557,33,86edea2e-71ea-11f0-8e03-023b6ba72275,bf996092-8d66-408a-8d8e-5065ca3330c2,967e785d-d83c-490b-8d6a-2ed926c956ac,9234bdbd-8841-4345-9db7-ed9c57a02c50,Lane_gpKFEKH5vj,Initiator,Initial Review
7c326b2e-f2b0-42b8-89c5-7a2125abb557,33,86edea2e-71ea-11f0-8e03-023b6ba72275,bf996092-8d66-408a-8d8e-5065ca3330c2,967e785d-d83c-490b-8d6a-2ed926c956ac,9234bdbd-8841-4345-9db7-ed9c57a02c50,Lane_awoDrX7U1k,Approver,Final Review
dd5a4e11-2291-4a79-a17b-89b8fbf2d93f,6,20180ec5-5e1f-11f0-b651-02316e585bff,bf996092-8d66-408a-8d8e-5065ca3330c2,967e785d-d83c-490b-8d6a-2ed926c956ac,960bcbce-ff62-4504-9248-f6159c49fa23,Lane_yer66oOPXg,Initiator,Initial Review
dd5a4e11-2291-4a79-a17b-89b8fbf2d93f,6,20180ec5-5e1f-11f0-b651-02316e585bff,bf996092-8d66-408a-8d8e-5065ca3330c2,967e785d-d83c-490b-8d6a-2ed926c956ac,960bcbce-ff62-4504-9248-f6159c49fa23,Lane_ZAL0TLQe0r,Approver,Final Review
74738b53-9567-4643-b6b3-53e077ec6b8e,55,eb70e981-7f1d-11f0-9661-0afff06a47b1,bf996092-8d66-408a-8d8e-5065ca3330c2,967e785d-d83c-490b-8d6a-2ed926c956ac,9234bdbd-8841-4345-9db7-ed9c57a02c50,Lane_gpKFEKH5vj,Initiator,Initial Review
74738b53-9567-4643-b6b3-53e077ec6b8e,55,eb70e981-7f1d-11f0-9661-0afff06a47b1,bf996092-8d66-408a-8d8e-5065ca3330c2,967e785d-d83c-490b-8d6a-2ed926c956ac,9234bdbd-8841-4345-9db7-ed9c57a02c50,Lane_awoDrX7U1k,Approver,Final Review
37fe86cf-4924-46d7-8c29-d8704109dc72,56,0e3731fc-7f1e-11f0-9b63-0edefbbefc43,bf996092-8d66-408a-8d8e-5065ca3330c2,967e785d-d83c-490b-8d6a-2ed926c956ac,9234bdbd-8841-4345-9db7-ed9c57a02c50,Lane_gpKFEKH5vj,Initiator,Initial Review
37fe86cf-4924-46d7-8c29-d8704109dc72,56,0e3731fc-7f1e-11f0-9b63-0edefbbefc43,bf996092-8d66-408a-8d8e-5065ca3330c2,967e785d-d83c-490b-8d6a-2ed926c956ac,9234bdbd-8841-4345-9db7-ed9c57a02c50,Lane_awoDrX7U1k,Approver,Final Review
29d18e5f-2480-408a-8a65-6b944193a48d,34,761dae74-7297-11f0-a747-0e0be9602fab,bf996092-8d66-408a-8d8e-5065ca3330c2,967e785d-d83c-490b-8d6a-2ed926c956ac,9234bdbd-8841-4345-9db7-ed9c57a02c50,Lane_gpKFEKH5vj,Initiator,Initial Review
29d18e5f-2480-408a-8a65-6b944193a48d,34,761dae74-7297-11f0-a747-0e0be9602fab,bf996092-8d66-408a-8d8e-5065ca3330c2,967e785d-d83c-490b-8d6a-2ed926c956ac,9234bdbd-8841-4345-9db7-ed9c57a02c50,Lane_awoDrX7U1k,Approver,Final Review
245195a1-b5e3-435f-bd90-e191736b74ab,21,2e516b33-6c70-11f0-9b63-0edefbbefc43,bf996092-8d66-408a-8d8e-5065ca3330c2,967e785d-d83c-490b-8d6a-2ed926c956ac,9234bdbd-8841-4345-9db7-ed9c57a02c50,Lane_gpKFEKH5vj,Initiator,Initial Review
245195a1-b5e3-435f-bd90-e191736b74ab,21,2e516b33-6c70-11f0-9b63-0edefbbefc43,bf996092-8d66-408a-8d8e-5065ca3330c2,967e785d-d83c-490b-8d6a-2ed926c956ac,9234bdbd-8841-4345-9db7-ed9c57a02c50,Lane_awoDrX7U1k,Approver,Final Review
2289a706-f2f2-4703-9f01-6c53bbf7a270,41,30511085-7824-11f0-ba69-0affe15d0ad3,bf996092-8d66-408a-8d8e-5065ca3330c2,967e785d-d83c-490b-8d6a-2ed926c956ac,9234bdbd-8841-4345-9db7-ed9c57a02c50,Lane_gpKFEKH5vj,Initiator,Initial Review
2289a706-f2f2-4703-9f01-6c53bbf7a270,41,30511085-7824-11f0-ba69-0affe15d0ad3,bf996092-8d66-408a-8d8e-5065ca3330c2,967e785d-d83c-490b-8d6a-2ed926c956ac,9234bdbd-8841-4345-9db7-ed9c57a02c50,Lane_awoDrX7U1k,Approver,Final Review
d86031ee-d87d-4087-b6d0-7a9fb5558f35,35,4204fdd6-734b-11f0-8bd5-0232a6c7fd05,bf996092-8d66-408a-8d8e-5065ca3330c2,967e785d-d83c-490b-8d6a-2ed926c956ac,9234bdbd-8841-4345-9db7-ed9c57a02c50,Lane_gpKFEKH5vj,Initiator,Initial Review
d86031ee-d87d-4087-b6d0-7a9fb5558f35,35,4204fdd6-734b-11f0-8bd5-0232a6c7fd05,bf996092-8d66-408a-8d8e-5065ca3330c2,967e785d-d83c-490b-8d6a-2ed926c956ac,9234bdbd-8841-4345-9db7-ed9c57a02c50,Lane_awoDrX7U1k,Approver,Final Review
0635e37c-d2bc-4e4f-bc33-5c6ef4f25625,57,008dd9d0-816d-11f0-9661-0afff06a47b1,bf996092-8d66-408a-8d8e-5065ca3330c2,967e785d-d83c-490b-8d6a-2ed926c956ac,9234bdbd-8841-4345-9db7-ed9c57a02c50,Lane_gpKFEKH5vj,Initiator,Initial Review
0635e37c-d2bc-4e4f-bc33-5c6ef4f25625,57,008dd9d0-816d-11f0-9661-0afff06a47b1,bf996092-8d66-408a-8d8e-5065ca3330c2,967e785d-d83c-490b-8d6a-2ed926c956ac,9234bdbd-8841-4345-9db7-ed9c57a02c50,Lane_awoDrX7U1k,Approver,Final Review
c846373d-40a4-4480-8e23-4af0008bf680,58,73eb8ae5-816d-11f0-9661-0afff06a47b1,bf996092-8d66-408a-8d8e-5065ca3330c2,967e785d-d83c-490b-8d6a-2ed926c956ac,9234bdbd-8841-4345-9db7-ed9c57a02c50,Lane_gpKFEKH5vj,Initiator,Initial Review
c846373d-40a4-4480-8e23-4af0008bf680,58,73eb8ae5-816d-11f0-9661-0afff06a47b1,bf996092-8d66-408a-8d8e-5065ca3330c2,967e785d-d83c-490b-8d6a-2ed926c956ac,9234bdbd-8841-4345-9db7-ed9c57a02c50,Lane_awoDrX7U1k,Approver,Final Review
57b0d546-844f-4269-a65b-1237c15b3ce5,59,9f70ca76-81b8-11f0-ba69-0affe15d0ad3,bf996092-8d66-408a-8d8e-5065ca3330c2,967e785d-d83c-490b-8d6a-2ed926c956ac,9234bdbd-8841-4345-9db7-ed9c57a02c50,Lane_gpKFEKH5vj,Initiator,Initial Review
57b0d546-844f-4269-a65b-1237c15b3ce5,59,9f70ca76-81b8-11f0-ba69-0affe15d0ad3,bf996092-8d66-408a-8d8e-5065ca3330c2,967e785d-d83c-490b-8d6a-2ed926c956ac,9234bdbd-8841-4345-9db7-ed9c57a02c50,Lane_awoDrX7U1k,Approver,Final Review
d9437eba-f87a-4034-8768-f08f55333ebc,45,,bf996092-8d66-408a-8d8e-5065ca3330c2,967e785d-d83c-490b-8d6a-2ed926c956ac,9234bdbd-8841-4345-9db7-ed9c57a02c50,Lane_gpKFEKH5vj,Initiator,Initial Review
d9437eba-f87a-4034-8768-f08f55333ebc,45,,bf996092-8d66-408a-8d8e-5065ca3330c2,967e785d-d83c-490b-8d6a-2ed926c956ac,9234bdbd-8841-4345-9db7-ed9c57a02c50,Lane_awoDrX7U1k,Approver,Final Review
4a1518c2-7652-4d00-8a52-302f8a9dd7f9,49,,bf996092-8d66-408a-8d8e-5065ca3330c2,967e785d-d83c-490b-8d6a-2ed926c956ac,9234bdbd-8841-4345-9db7-ed9c57a02c50,Lane_gpKFEKH5vj,Initiator,Initial Review
4a1518c2-7652-4d00-8a52-302f8a9dd7f9,49,,bf996092-8d66-408a-8d8e-5065ca3330c2,967e785d-d83c-490b-8d6a-2ed926c956ac,9234bdbd-8841-4345-9db7-ed9c57a02c50,Lane_awoDrX7U1k,Approver,Final Review
db06c00c-0d4c-4a16-a542-6d89689d073b,46,,bf996092-8d66-408a-8d8e-5065ca3330c2,967e785d-d83c-490b-8d6a-2ed926c956ac,9234bdbd-8841-4345-9db7-ed9c57a02c50,Lane_gpKFEKH5vj,Initiator,Initial Review
db06c00c-0d4c-4a16-a542-6d89689d073b,46,,bf996092-8d66-408a-8d8e-5065ca3330c2,967e785d-d83c-490b-8d6a-2ed926c956ac,9234bdbd-8841-4345-9db7-ed9c57a02c50,Lane_awoDrX7U1k,Approver,Final Review
badcabbc-9c95-4135-baa8-bcd96b51200c,44,,bf996092-8d66-408a-8d8e-5065ca3330c2,967e785d-d83c-490b-8d6a-2ed926c956ac,9234bdbd-8841-4345-9db7-ed9c57a02c50,Lane_gpKFEKH5vj,Initiator,Initial Review
badcabbc-9c95-4135-baa8-bcd96b51200c,44,,bf996092-8d66-408a-8d8e-5065ca3330c2,967e785d-d83c-490b-8d6a-2ed926c956ac,9234bdbd-8841-4345-9db7-ed9c57a02c50,Lane_awoDrX7U1k,Approver,Final Review
d9e27066-e071-42de-9a5c-1aa9df32adb7,43,,bf996092-8d66-408a-8d8e-5065ca3330c2,967e785d-d83c-490b-8d6a-2ed926c956ac,9234bdbd-8841-4345-9db7-ed9c57a02c50,Lane_gpKFEKH5vj,Initiator,Initial Review
d9e27066-e071-42de-9a5c-1aa9df32adb7,43,,bf996092-8d66-408a-8d8e-5065ca3330c2,967e785d-d83c-490b-8d6a-2ed926c956ac,9234bdbd-8841-4345-9db7-ed9c57a02c50,Lane_awoDrX7U1k,Approver,Final Review
23642e71-1f6b-4233-85c1-dd79d15b7311,60,d767a373-823b-11f0-8e03-023b6ba72275,bf996092-8d66-408a-8d8e-5065ca3330c2,967e785d-d83c-490b-8d6a-2ed926c956ac,9234bdbd-8841-4345-9db7-ed9c57a02c50,Lane_gpKFEKH5vj,Initiator,Initial Review
23642e71-1f6b-4233-85c1-dd79d15b7311,60,d767a373-823b-11f0-8e03-023b6ba72275,bf996092-8d66-408a-8d8e-5065ca3330c2,967e785d-d83c-490b-8d6a-2ed926c956ac,9234bdbd-8841-4345-9db7-ed9c57a02c50,Lane_awoDrX7U1k,Approver,Final Review
9e6cd536-e88e-4d13-a0fd-d1c5b566dcf0,23,ada471b3-524d-11f0-8183-0affe2591691,bf996092-8d66-408a-8d8e-5065ca3330c2,ada6015d-9fce-4f2c-b20f-fc9122d2face,cb7fa765-b5e1-47d9-9fdf-23f16d267768,Lane_gxx6HoM7bG,Initiator,Initiator
9e6cd536-e88e-4d13-a0fd-d1c5b566dcf0,23,ada471b3-524d-11f0-8183-0affe2591691,bf996092-8d66-408a-8d8e-5065ca3330c2,ada6015d-9fce-4f2c-b20f-fc9122d2face,cb7fa765-b5e1-47d9-9fdf-23f16d267768,Lane_bcFb5CtfRL,Approver,Final Review
2072be7c-8460-41b7-ac16-aef4f8ee2228,2,44ac2bdf-f5be-11ef-91b7-02047a8ffdbf,bf996092-8d66-408a-8d8e-5065ca3330c2,ada6015d-9fce-4f2c-b20f-fc9122d2face,0e5d3fc3-434a-4993-9f8a-f75ba8a66f09,Lane_Tg5JhFUQFA,Initiator,Initial Review
2072be7c-8460-41b7-ac16-aef4f8ee2228,2,44ac2bdf-f5be-11ef-91b7-02047a8ffdbf,bf996092-8d66-408a-8d8e-5065ca3330c2,ada6015d-9fce-4f2c-b20f-fc9122d2face,0e5d3fc3-434a-4993-9f8a-f75ba8a66f09,Lane_vGl8C6X6YK,Reviewer,Review 1
2072be7c-8460-41b7-ac16-aef4f8ee2228,2,44ac2bdf-f5be-11ef-91b7-02047a8ffdbf,bf996092-8d66-408a-8d8e-5065ca3330c2,ada6015d-9fce-4f2c-b20f-fc9122d2face,0e5d3fc3-434a-4993-9f8a-f75ba8a66f09,Lane_mCj3Qr6nzk,Approver,Final Review
d4e3ef2b-d5df-4af1-92e2-0a303be23be3,3,929ca79d-f5cf-11ef-b469-0ee10ffd29ad,bf996092-8d66-408a-8d8e-5065ca3330c2,ada6015d-9fce-4f2c-b20f-fc9122d2face,0e5d3fc3-434a-4993-9f8a-f75ba8a66f09,Lane_Tg5JhFUQFA,Initiator,Initial Review
d4e3ef2b-d5df-4af1-92e2-0a303be23be3,3,929ca79d-f5cf-11ef-b469-0ee10ffd29ad,bf996092-8d66-408a-8d8e-5065ca3330c2,ada6015d-9fce-4f2c-b20f-fc9122d2face,0e5d3fc3-434a-4993-9f8a-f75ba8a66f09,Lane_vGl8C6X6YK,Reviewer,Review 1
d4e3ef2b-d5df-4af1-92e2-0a303be23be3,3,929ca79d-f5cf-11ef-b469-0ee10ffd29ad,bf996092-8d66-408a-8d8e-5065ca3330c2,ada6015d-9fce-4f2c-b20f-fc9122d2face,0e5d3fc3-434a-4993-9f8a-f75ba8a66f09,Lane_mCj3Qr6nzk,Approver,Final Review
d01212d9-a046-4784-b8dd-7666d6b71dc0,10,8a475934-1ce7-11f0-bda9-0affd16e111f,bf996092-8d66-408a-8d8e-5065ca3330c2,ada6015d-9fce-4f2c-b20f-fc9122d2face,6cb72647-d7d4-4451-89c2-28ab92f6dfb6,Lane_gCEzQGIAss,Initiator,Initial Review
d01212d9-a046-4784-b8dd-7666d6b71dc0,10,8a475934-1ce7-11f0-bda9-0affd16e111f,bf996092-8d66-408a-8d8e-5065ca3330c2,ada6015d-9fce-4f2c-b20f-fc9122d2face,6cb72647-d7d4-4451-89c2-28ab92f6dfb6,Lane_Y6B3KfbSeq,Reviewer 1,Review 1
d01212d9-a046-4784-b8dd-7666d6b71dc0,10,8a475934-1ce7-11f0-bda9-0affd16e111f,bf996092-8d66-408a-8d8e-5065ca3330c2,ada6015d-9fce-4f2c-b20f-fc9122d2face,6cb72647-d7d4-4451-89c2-28ab92f6dfb6,Lane_jALpNLRCE1,Reviewer 2,Review 2
d01212d9-a046-4784-b8dd-7666d6b71dc0,10,8a475934-1ce7-11f0-bda9-0affd16e111f,bf996092-8d66-408a-8d8e-5065ca3330c2,ada6015d-9fce-4f2c-b20f-fc9122d2face,6cb72647-d7d4-4451-89c2-28ab92f6dfb6,Lane_PEw3mI94Vk,Approver,Final Review
b57f9d00-aafa-4180-8d70-039b53865a04,11,da5899d1-1cea-11f0-920e-0affe6ef14c5,bf996092-8d66-408a-8d8e-5065ca3330c2,ada6015d-9fce-4f2c-b20f-fc9122d2face,6cb72647-d7d4-4451-89c2-28ab92f6dfb6,Lane_gCEzQGIAss,Initiator,Initial Review
b57f9d00-aafa-4180-8d70-039b53865a04,11,da5899d1-1cea-11f0-920e-0affe6ef14c5,bf996092-8d66-408a-8d8e-5065ca3330c2,ada6015d-9fce-4f2c-b20f-fc9122d2face,6cb72647-d7d4-4451-89c2-28ab92f6dfb6,Lane_Y6B3KfbSeq,Reviewer 1,Review 1
b57f9d00-aafa-4180-8d70-039b53865a04,11,da5899d1-1cea-11f0-920e-0affe6ef14c5,bf996092-8d66-408a-8d8e-5065ca3330c2,ada6015d-9fce-4f2c-b20f-fc9122d2face,6cb72647-d7d4-4451-89c2-28ab92f6dfb6,Lane_jALpNLRCE1,Reviewer 2,Review 2
b57f9d00-aafa-4180-8d70-039b53865a04,11,da5899d1-1cea-11f0-920e-0affe6ef14c5,bf996092-8d66-408a-8d8e-5065ca3330c2,ada6015d-9fce-4f2c-b20f-fc9122d2face,6cb72647-d7d4-4451-89c2-28ab92f6dfb6,Lane_PEw3mI94Vk,Approver,Final Review
7d980579-b2c6-42d7-b2bb-04a9fa1d7bc4,4,60823f62-ff06-11ef-a265-026fcc0531d1,bf996092-8d66-408a-8d8e-5065ca3330c2,ada6015d-9fce-4f2c-b20f-fc9122d2face,0e5d3fc3-434a-4993-9f8a-f75ba8a66f09,Lane_Tg5JhFUQFA,Initiator,Initial Review
7d980579-b2c6-42d7-b2bb-04a9fa1d7bc4,4,60823f62-ff06-11ef-a265-026fcc0531d1,bf996092-8d66-408a-8d8e-5065ca3330c2,ada6015d-9fce-4f2c-b20f-fc9122d2face,0e5d3fc3-434a-4993-9f8a-f75ba8a66f09,Lane_vGl8C6X6YK,Reviewer,Review 1
7d980579-b2c6-42d7-b2bb-04a9fa1d7bc4,4,60823f62-ff06-11ef-a265-026fcc0531d1,bf996092-8d66-408a-8d8e-5065ca3330c2,ada6015d-9fce-4f2c-b20f-fc9122d2face,0e5d3fc3-434a-4993-9f8a-f75ba8a66f09,Lane_mCj3Qr6nzk,Approver,Final Review
6797dffd-3d7c-4ce5-8670-68dc72611cbf,5,345e686f-ff0b-11ef-a265-026fcc0531d1,bf996092-8d66-408a-8d8e-5065ca3330c2,ada6015d-9fce-4f2c-b20f-fc9122d2face,0e5d3fc3-434a-4993-9f8a-f75ba8a66f09,Lane_Tg5JhFUQFA,Initiator,Initial Review
6797dffd-3d7c-4ce5-8670-68dc72611cbf,5,345e686f-ff0b-11ef-a265-026fcc0531d1,bf996092-8d66-408a-8d8e-5065ca3330c2,ada6015d-9fce-4f2c-b20f-fc9122d2face,0e5d3fc3-434a-4993-9f8a-f75ba8a66f09,Lane_vGl8C6X6YK,Reviewer,Review 1
6797dffd-3d7c-4ce5-8670-68dc72611cbf,5,345e686f-ff0b-11ef-a265-026fcc0531d1,bf996092-8d66-408a-8d8e-5065ca3330c2,ada6015d-9fce-4f2c-b20f-fc9122d2face,0e5d3fc3-434a-4993-9f8a-f75ba8a66f09,Lane_mCj3Qr6nzk,Approver,Final Review
1b98444e-c029-415e-bf3e-7f0cdec1fc6e,6,94e64c3b-ff28-11ef-9802-0ec98d14f615,bf996092-8d66-408a-8d8e-5065ca3330c2,ada6015d-9fce-4f2c-b20f-fc9122d2face,0e5d3fc3-434a-4993-9f8a-f75ba8a66f09,Lane_Tg5JhFUQFA,Initiator,Initial Review
1b98444e-c029-415e-bf3e-7f0cdec1fc6e,6,94e64c3b-ff28-11ef-9802-0ec98d14f615,bf996092-8d66-408a-8d8e-5065ca3330c2,ada6015d-9fce-4f2c-b20f-fc9122d2face,0e5d3fc3-434a-4993-9f8a-f75ba8a66f09,Lane_vGl8C6X6YK,Reviewer,Review 1
1b98444e-c029-415e-bf3e-7f0cdec1fc6e,6,94e64c3b-ff28-11ef-9802-0ec98d14f615,bf996092-8d66-408a-8d8e-5065ca3330c2,ada6015d-9fce-4f2c-b20f-fc9122d2face,0e5d3fc3-434a-4993-9f8a-f75ba8a66f09,Lane_mCj3Qr6nzk,Approver,Final Review
b7e498b8-e2ac-41c0-91d9-6032c8ebbfed,16,b52dc332-3246-11f0-a75b-02304916fd47,bf996092-8d66-408a-8d8e-5065ca3330c2,ada6015d-9fce-4f2c-b20f-fc9122d2face,a0a1ef52-605b-4128-99cc-fb40659d797a,Lane_496550WMIZ,Initiator,Initial Review
b7e498b8-e2ac-41c0-91d9-6032c8ebbfed,16,b52dc332-3246-11f0-a75b-02304916fd47,bf996092-8d66-408a-8d8e-5065ca3330c2,ada6015d-9fce-4f2c-b20f-fc9122d2face,a0a1ef52-605b-4128-99cc-fb40659d797a,Lane_zQyR7rP3pi,Reviewer 1,Review 1
b7e498b8-e2ac-41c0-91d9-6032c8ebbfed,16,b52dc332-3246-11f0-a75b-02304916fd47,bf996092-8d66-408a-8d8e-5065ca3330c2,ada6015d-9fce-4f2c-b20f-fc9122d2face,a0a1ef52-605b-4128-99cc-fb40659d797a,Lane_ZmU98fjSIQ,Reviewer 2,Review 2
b7e498b8-e2ac-41c0-91d9-6032c8ebbfed,16,b52dc332-3246-11f0-a75b-02304916fd47,bf996092-8d66-408a-8d8e-5065ca3330c2,ada6015d-9fce-4f2c-b20f-fc9122d2face,a0a1ef52-605b-4128-99cc-fb40659d797a,Lane_JODu7r5M9u,Reviewer 3,Initial Review 3
b7e498b8-e2ac-41c0-91d9-6032c8ebbfed,16,b52dc332-3246-11f0-a75b-02304916fd47,bf996092-8d66-408a-8d8e-5065ca3330c2,ada6015d-9fce-4f2c-b20f-fc9122d2face,a0a1ef52-605b-4128-99cc-fb40659d797a,Lane_6IG4n7P6P9,Approver,Final Review
f4c28d39-e8eb-4361-a9ff-17615077892d,12,5920f46d-20fa-11f0-b837-0e2d2b657c4d,bf996092-8d66-408a-8d8e-5065ca3330c2,ada6015d-9fce-4f2c-b20f-fc9122d2face,6cb72647-d7d4-4451-89c2-28ab92f6dfb6,Lane_gCEzQGIAss,Initiator,Initial Review
f4c28d39-e8eb-4361-a9ff-17615077892d,12,5920f46d-20fa-11f0-b837-0e2d2b657c4d,bf996092-8d66-408a-8d8e-5065ca3330c2,ada6015d-9fce-4f2c-b20f-fc9122d2face,6cb72647-d7d4-4451-89c2-28ab92f6dfb6,Lane_Y6B3KfbSeq,Reviewer 1,Review 1
f4c28d39-e8eb-4361-a9ff-17615077892d,12,5920f46d-20fa-11f0-b837-0e2d2b657c4d,bf996092-8d66-408a-8d8e-5065ca3330c2,ada6015d-9fce-4f2c-b20f-fc9122d2face,6cb72647-d7d4-4451-89c2-28ab92f6dfb6,Lane_jALpNLRCE1,Reviewer 2,Review 2
f4c28d39-e8eb-4361-a9ff-17615077892d,12,5920f46d-20fa-11f0-b837-0e2d2b657c4d,bf996092-8d66-408a-8d8e-5065ca3330c2,ada6015d-9fce-4f2c-b20f-fc9122d2face,6cb72647-d7d4-4451-89c2-28ab92f6dfb6,Lane_PEw3mI94Vk,Approver,Final Review
7b0e33b5-0b78-429c-8696-3645149c39e6,7,e940489e-1a82-11f0-80fa-0affcb751e0d,bf996092-8d66-408a-8d8e-5065ca3330c2,ada6015d-9fce-4f2c-b20f-fc9122d2face,0e5d3fc3-434a-4993-9f8a-f75ba8a66f09,Lane_Eur9FF0Amq,Initiator,Initial Review
7b0e33b5-0b78-429c-8696-3645149c39e6,7,e940489e-1a82-11f0-80fa-0affcb751e0d,bf996092-8d66-408a-8d8e-5065ca3330c2,ada6015d-9fce-4f2c-b20f-fc9122d2face,0e5d3fc3-434a-4993-9f8a-f75ba8a66f09,Lane_pmlDdOEq0D,Reviewer,Review 1
7b0e33b5-0b78-429c-8696-3645149c39e6,7,e940489e-1a82-11f0-80fa-0affcb751e0d,bf996092-8d66-408a-8d8e-5065ca3330c2,ada6015d-9fce-4f2c-b20f-fc9122d2face,0e5d3fc3-434a-4993-9f8a-f75ba8a66f09,Lane_SFGkHKQ3vv,Approver,Final Review
a965837d-7059-4a04-b2f4-c228d3944273,8,,bf996092-8d66-408a-8d8e-5065ca3330c2,ada6015d-9fce-4f2c-b20f-fc9122d2face,0e5d3fc3-434a-4993-9f8a-f75ba8a66f09,Lane_Eur9FF0Amq,Initiator,Initial Review
a965837d-7059-4a04-b2f4-c228d3944273,8,,bf996092-8d66-408a-8d8e-5065ca3330c2,ada6015d-9fce-4f2c-b20f-fc9122d2face,0e5d3fc3-434a-4993-9f8a-f75ba8a66f09,Lane_pmlDdOEq0D,Reviewer,Review 1
a965837d-7059-4a04-b2f4-c228d3944273,8,,bf996092-8d66-408a-8d8e-5065ca3330c2,ada6015d-9fce-4f2c-b20f-fc9122d2face,0e5d3fc3-434a-4993-9f8a-f75ba8a66f09,Lane_SFGkHKQ3vv,Approver,Final Review
d2c99d56-579f-435c-b5b6-047528738390,9,,bf996092-8d66-408a-8d8e-5065ca3330c2,ada6015d-9fce-4f2c-b20f-fc9122d2face,0e5d3fc3-434a-4993-9f8a-f75ba8a66f09,Lane_Eur9FF0Amq,Initiator,Initial Review
d2c99d56-579f-435c-b5b6-047528738390,9,,bf996092-8d66-408a-8d8e-5065ca3330c2,ada6015d-9fce-4f2c-b20f-fc9122d2face,0e5d3fc3-434a-4993-9f8a-f75ba8a66f09,Lane_pmlDdOEq0D,Reviewer,Review 1
d2c99d56-579f-435c-b5b6-047528738390,9,,bf996092-8d66-408a-8d8e-5065ca3330c2,ada6015d-9fce-4f2c-b20f-fc9122d2face,0e5d3fc3-434a-4993-9f8a-f75ba8a66f09,Lane_SFGkHKQ3vv,Approver,Final Review
f2cdb3be-244a-41b3-8b8a-4775e9c14521,20,41c5f239-4e7f-11f0-8904-0affc361003d,bf996092-8d66-408a-8d8e-5065ca3330c2,ada6015d-9fce-4f2c-b20f-fc9122d2face,4c0f6f7b-02c1-4a45-ad82-3f67f89ffac6,Lane_acmu0lkkkh,Initiator,Initial Review
f2cdb3be-244a-41b3-8b8a-4775e9c14521,20,41c5f239-4e7f-11f0-8904-0affc361003d,bf996092-8d66-408a-8d8e-5065ca3330c2,ada6015d-9fce-4f2c-b20f-fc9122d2face,4c0f6f7b-02c1-4a45-ad82-3f67f89ffac6,Lane_K9aQpeWNRs,Reviewer,Initial Review
f2cdb3be-244a-41b3-8b8a-4775e9c14521,20,41c5f239-4e7f-11f0-8904-0affc361003d,bf996092-8d66-408a-8d8e-5065ca3330c2,ada6015d-9fce-4f2c-b20f-fc9122d2face,4c0f6f7b-02c1-4a45-ad82-3f67f89ffac6,Lane_CPvh0TjtD3,Approver,Final Review
a92c2634-59c3-47a0-bac0-a7ca50c54cb2,17,92714aa8-3b86-11f0-a75b-02304916fd47,bf996092-8d66-408a-8d8e-5065ca3330c2,ada6015d-9fce-4f2c-b20f-fc9122d2face,0ca9efe6-f90e-4bc0-880d-ab31e3d4b388,Lane_B8vLfrcGeu,Initiator,Initial Review
a92c2634-59c3-47a0-bac0-a7ca50c54cb2,17,92714aa8-3b86-11f0-a75b-02304916fd47,bf996092-8d66-408a-8d8e-5065ca3330c2,ada6015d-9fce-4f2c-b20f-fc9122d2face,0ca9efe6-f90e-4bc0-880d-ab31e3d4b388,Lane_gdIqipd7bk,Reviewer 1,Review 1
a92c2634-59c3-47a0-bac0-a7ca50c54cb2,17,92714aa8-3b86-11f0-a75b-02304916fd47,bf996092-8d66-408a-8d8e-5065ca3330c2,ada6015d-9fce-4f2c-b20f-fc9122d2face,0ca9efe6-f90e-4bc0-880d-ab31e3d4b388,Lane_xJfq9t1ar8,Reviewer 2,Review 2
a92c2634-59c3-47a0-bac0-a7ca50c54cb2,17,92714aa8-3b86-11f0-a75b-02304916fd47,bf996092-8d66-408a-8d8e-5065ca3330c2,ada6015d-9fce-4f2c-b20f-fc9122d2face,0ca9efe6-f90e-4bc0-880d-ab31e3d4b388,Lane_Dgf2PFVMMw,Reviewer 3,Initial Review 3
a92c2634-59c3-47a0-bac0-a7ca50c54cb2,17,92714aa8-3b86-11f0-a75b-02304916fd47,bf996092-8d66-408a-8d8e-5065ca3330c2,ada6015d-9fce-4f2c-b20f-fc9122d2face,0ca9efe6-f90e-4bc0-880d-ab31e3d4b388,Lane_gk3CosuPsV,Approver,Final Review
fd25c240-de1c-46e6-936d-f9fd65847dcc,13,,bf996092-8d66-408a-8d8e-5065ca3330c2,ada6015d-9fce-4f2c-b20f-fc9122d2face,0e5d3fc3-434a-4993-9f8a-f75ba8a66f09,Lane_Eur9FF0Amq,Initiator,Initial Review
fd25c240-de1c-46e6-936d-f9fd65847dcc,13,,bf996092-8d66-408a-8d8e-5065ca3330c2,ada6015d-9fce-4f2c-b20f-fc9122d2face,0e5d3fc3-434a-4993-9f8a-f75ba8a66f09,Lane_pmlDdOEq0D,Reviewer,Review 1
fd25c240-de1c-46e6-936d-f9fd65847dcc,13,,bf996092-8d66-408a-8d8e-5065ca3330c2,ada6015d-9fce-4f2c-b20f-fc9122d2face,0e5d3fc3-434a-4993-9f8a-f75ba8a66f09,Lane_SFGkHKQ3vv,Approver,Final Review
196eb849-7b3a-4f16-910f-035acae5ac97,15,b6d42acc-3247-11f0-9531-026648e652bf,bf996092-8d66-408a-8d8e-5065ca3330c2,ada6015d-9fce-4f2c-b20f-fc9122d2face,dcea5f68-faa4-456c-87bf-75d1e3e76f13,Lane_bJ7Kr99j1x,Initiator,Initial Review
196eb849-7b3a-4f16-910f-035acae5ac97,15,b6d42acc-3247-11f0-9531-026648e652bf,bf996092-8d66-408a-8d8e-5065ca3330c2,ada6015d-9fce-4f2c-b20f-fc9122d2face,dcea5f68-faa4-456c-87bf-75d1e3e76f13,Lane_5B83UIG2JV,Reviewer 1,Review 1
196eb849-7b3a-4f16-910f-035acae5ac97,15,b6d42acc-3247-11f0-9531-026648e652bf,bf996092-8d66-408a-8d8e-5065ca3330c2,ada6015d-9fce-4f2c-b20f-fc9122d2face,dcea5f68-faa4-456c-87bf-75d1e3e76f13,Lane_oTbX18Lc3T,Reviewer 2,Review 2
196eb849-7b3a-4f16-910f-035acae5ac97,15,b6d42acc-3247-11f0-9531-026648e652bf,bf996092-8d66-408a-8d8e-5065ca3330c2,ada6015d-9fce-4f2c-b20f-fc9122d2face,dcea5f68-faa4-456c-87bf-75d1e3e76f13,Lane_uh3idw1Ddi,Reviewer 3,Review 3
196eb849-7b3a-4f16-910f-035acae5ac97,15,b6d42acc-3247-11f0-9531-026648e652bf,bf996092-8d66-408a-8d8e-5065ca3330c2,ada6015d-9fce-4f2c-b20f-fc9122d2face,dcea5f68-faa4-456c-87bf-75d1e3e76f13,Lane_J0nWgyah7b,Reviewer 4,Review 4
196eb849-7b3a-4f16-910f-035acae5ac97,15,b6d42acc-3247-11f0-9531-026648e652bf,bf996092-8d66-408a-8d8e-5065ca3330c2,ada6015d-9fce-4f2c-b20f-fc9122d2face,dcea5f68-faa4-456c-87bf-75d1e3e76f13,Lane_9j1CTG9qys,Approver,Final Review
e359585e-52bd-4500-a90c-70b5f8b6e604,1,7a3a5fbe-f5bb-11ef-8eb0-02b2bcc68255,bf996092-8d66-408a-8d8e-5065ca3330c2,ada6015d-9fce-4f2c-b20f-fc9122d2face,0e5d3fc3-434a-4993-9f8a-f75ba8a66f09,Lane_Tg5JhFUQFA,Initiator,Initial Review
e359585e-52bd-4500-a90c-70b5f8b6e604,1,7a3a5fbe-f5bb-11ef-8eb0-02b2bcc68255,bf996092-8d66-408a-8d8e-5065ca3330c2,ada6015d-9fce-4f2c-b20f-fc9122d2face,0e5d3fc3-434a-4993-9f8a-f75ba8a66f09,Lane_vGl8C6X6YK,Reviewer,Review 1
e359585e-52bd-4500-a90c-70b5f8b6e604,1,7a3a5fbe-f5bb-11ef-8eb0-02b2bcc68255,bf996092-8d66-408a-8d8e-5065ca3330c2,ada6015d-9fce-4f2c-b20f-fc9122d2face,0e5d3fc3-434a-4993-9f8a-f75ba8a66f09,Lane_mCj3Qr6nzk,Approver,Final Review
44980050-a48f-471b-bab7-6bae8a1f82d9,21,e050e6a5-51a4-11f0-9c77-02d9a35b2c71,bf996092-8d66-408a-8d8e-5065ca3330c2,ada6015d-9fce-4f2c-b20f-fc9122d2face,0ca9efe6-f90e-4bc0-880d-ab31e3d4b388,Lane_B8vLfrcGeu,Initiator,Initial Review
44980050-a48f-471b-bab7-6bae8a1f82d9,21,e050e6a5-51a4-11f0-9c77-02d9a35b2c71,bf996092-8d66-408a-8d8e-5065ca3330c2,ada6015d-9fce-4f2c-b20f-fc9122d2face,0ca9efe6-f90e-4bc0-880d-ab31e3d4b388,Lane_gdIqipd7bk,Reviewer 1,Review 1
44980050-a48f-471b-bab7-6bae8a1f82d9,21,e050e6a5-51a4-11f0-9c77-02d9a35b2c71,bf996092-8d66-408a-8d8e-5065ca3330c2,ada6015d-9fce-4f2c-b20f-fc9122d2face,0ca9efe6-f90e-4bc0-880d-ab31e3d4b388,Lane_xJfq9t1ar8,Reviewer 2,Review 2
44980050-a48f-471b-bab7-6bae8a1f82d9,21,e050e6a5-51a4-11f0-9c77-02d9a35b2c71,bf996092-8d66-408a-8d8e-5065ca3330c2,ada6015d-9fce-4f2c-b20f-fc9122d2face,0ca9efe6-f90e-4bc0-880d-ab31e3d4b388,Lane_Dgf2PFVMMw,Reviewer 3,Initial Review 3
44980050-a48f-471b-bab7-6bae8a1f82d9,21,e050e6a5-51a4-11f0-9c77-02d9a35b2c71,bf996092-8d66-408a-8d8e-5065ca3330c2,ada6015d-9fce-4f2c-b20f-fc9122d2face,0ca9efe6-f90e-4bc0-880d-ab31e3d4b388,Lane_gk3CosuPsV,Approver,Final Review
b2edb30b-7d30-464e-8488-83d71f28c1fb,22,3b2735be-51ae-11f0-9c77-02d9a35b2c71,bf996092-8d66-408a-8d8e-5065ca3330c2,ada6015d-9fce-4f2c-b20f-fc9122d2face,cb7fa765-b5e1-47d9-9fdf-23f16d267768,Lane_gxx6HoM7bG,Initiator,Initiator
b2edb30b-7d30-464e-8488-83d71f28c1fb,22,3b2735be-51ae-11f0-9c77-02d9a35b2c71,bf996092-8d66-408a-8d8e-5065ca3330c2,ada6015d-9fce-4f2c-b20f-fc9122d2face,cb7fa765-b5e1-47d9-9fdf-23f16d267768,Lane_bcFb5CtfRL,Approver,Final Review
08187fbc-793e-429c-91ad-387d5c5e9503,14,fa31cff6-3231-11f0-9c34-0afff02ff9e7,bf996092-8d66-408a-8d8e-5065ca3330c2,ada6015d-9fce-4f2c-b20f-fc9122d2face,81853497-3222-4313-bc2c-0fbebce719cc,Lane_5VF35OMe7y,Initiator,Initial Review
08187fbc-793e-429c-91ad-387d5c5e9503,14,fa31cff6-3231-11f0-9c34-0afff02ff9e7,bf996092-8d66-408a-8d8e-5065ca3330c2,ada6015d-9fce-4f2c-b20f-fc9122d2face,81853497-3222-4313-bc2c-0fbebce719cc,Lane_G73nOiFnyN,Reviewer 1,Initial Review 1
08187fbc-793e-429c-91ad-387d5c5e9503,14,fa31cff6-3231-11f0-9c34-0afff02ff9e7,bf996092-8d66-408a-8d8e-5065ca3330c2,ada6015d-9fce-4f2c-b20f-fc9122d2face,81853497-3222-4313-bc2c-0fbebce719cc,Lane_KtNKNWHQVx,Reviewer 2,Initial Review 2
08187fbc-793e-429c-91ad-387d5c5e9503,14,fa31cff6-3231-11f0-9c34-0afff02ff9e7,bf996092-8d66-408a-8d8e-5065ca3330c2,ada6015d-9fce-4f2c-b20f-fc9122d2face,81853497-3222-4313-bc2c-0fbebce719cc,Lane_pVZdGcsitt,Approver,Final Review
6b7ced1c-bee6-4a7e-86dd-f40a375f10a9,19,cbc824f6-3d1e-11f0-9c34-0afff02ff9e7,bf996092-8d66-408a-8d8e-5065ca3330c2,ada6015d-9fce-4f2c-b20f-fc9122d2face,6cb72647-d7d4-4451-89c2-28ab92f6dfb6,Lane_gCEzQGIAss,Initiator,Initial Review
6b7ced1c-bee6-4a7e-86dd-f40a375f10a9,19,cbc824f6-3d1e-11f0-9c34-0afff02ff9e7,bf996092-8d66-408a-8d8e-5065ca3330c2,ada6015d-9fce-4f2c-b20f-fc9122d2face,6cb72647-d7d4-4451-89c2-28ab92f6dfb6,Lane_Y6B3KfbSeq,Reviewer 1,Review 1
6b7ced1c-bee6-4a7e-86dd-f40a375f10a9,19,cbc824f6-3d1e-11f0-9c34-0afff02ff9e7,bf996092-8d66-408a-8d8e-5065ca3330c2,ada6015d-9fce-4f2c-b20f-fc9122d2face,6cb72647-d7d4-4451-89c2-28ab92f6dfb6,Lane_jALpNLRCE1,Reviewer 2,Review 2
6b7ced1c-bee6-4a7e-86dd-f40a375f10a9,19,cbc824f6-3d1e-11f0-9c34-0afff02ff9e7,bf996092-8d66-408a-8d8e-5065ca3330c2,ada6015d-9fce-4f2c-b20f-fc9122d2face,6cb72647-d7d4-4451-89c2-28ab92f6dfb6,Lane_PEw3mI94Vk,Approver,Final Review
bbcac5d6-96b3-481a-8b4e-d0cd453ba5a9,18,c406f884-3bac-11f0-a75b-02304916fd47,bf996092-8d66-408a-8d8e-5065ca3330c2,ada6015d-9fce-4f2c-b20f-fc9122d2face,0ca9efe6-f90e-4bc0-880d-ab31e3d4b388,Lane_B8vLfrcGeu,Initiator,Initial Review
bbcac5d6-96b3-481a-8b4e-d0cd453ba5a9,18,c406f884-3bac-11f0-a75b-02304916fd47,bf996092-8d66-408a-8d8e-5065ca3330c2,ada6015d-9fce-4f2c-b20f-fc9122d2face,0ca9efe6-f90e-4bc0-880d-ab31e3d4b388,Lane_gdIqipd7bk,Reviewer 1,Review 1
bbcac5d6-96b3-481a-8b4e-d0cd453ba5a9,18,c406f884-3bac-11f0-a75b-02304916fd47,bf996092-8d66-408a-8d8e-5065ca3330c2,ada6015d-9fce-4f2c-b20f-fc9122d2face,0ca9efe6-f90e-4bc0-880d-ab31e3d4b388,Lane_xJfq9t1ar8,Reviewer 2,Review 2
bbcac5d6-96b3-481a-8b4e-d0cd453ba5a9,18,c406f884-3bac-11f0-a75b-02304916fd47,bf996092-8d66-408a-8d8e-5065ca3330c2,ada6015d-9fce-4f2c-b20f-fc9122d2face,0ca9efe6-f90e-4bc0-880d-ab31e3d4b388,Lane_Dgf2PFVMMw,Reviewer 3,Initial Review 3
bbcac5d6-96b3-481a-8b4e-d0cd453ba5a9,18,c406f884-3bac-11f0-a75b-02304916fd47,bf996092-8d66-408a-8d8e-5065ca3330c2,ada6015d-9fce-4f2c-b20f-fc9122d2face,0ca9efe6-f90e-4bc0-880d-ab31e3d4b388,Lane_gk3CosuPsV,Approver,Final Review
5c1bd062-96aa-417c-b2f6-95b52fef222d,25,16a76568-7e83-11f0-ba69-0affe15d0ad3,bf996092-8d66-408a-8d8e-5065ca3330c2,ada6015d-9fce-4f2c-b20f-fc9122d2face,5434784d-e358-427e-9ae2-64a9a5f9159f,Lane_Fbscui0bdQ,Initiator,Initial Review
5c1bd062-96aa-417c-b2f6-95b52fef222d,25,16a76568-7e83-11f0-ba69-0affe15d0ad3,bf996092-8d66-408a-8d8e-5065ca3330c2,ada6015d-9fce-4f2c-b20f-fc9122d2face,5434784d-e358-427e-9ae2-64a9a5f9159f,Lane_E8JFLkCgQj,Reviewer 1,Review 1
5c1bd062-96aa-417c-b2f6-95b52fef222d,25,16a76568-7e83-11f0-ba69-0affe15d0ad3,bf996092-8d66-408a-8d8e-5065ca3330c2,ada6015d-9fce-4f2c-b20f-fc9122d2face,5434784d-e358-427e-9ae2-64a9a5f9159f,Lane_w6lMTP29uH,Reviewer 2,Review 2
5c1bd062-96aa-417c-b2f6-95b52fef222d,25,16a76568-7e83-11f0-ba69-0affe15d0ad3,bf996092-8d66-408a-8d8e-5065ca3330c2,ada6015d-9fce-4f2c-b20f-fc9122d2face,5434784d-e358-427e-9ae2-64a9a5f9159f,Lane_3qlH5vTpBD,Reviewer 3,Initial Review 3
5c1bd062-96aa-417c-b2f6-95b52fef222d,25,16a76568-7e83-11f0-ba69-0affe15d0ad3,bf996092-8d66-408a-8d8e-5065ca3330c2,ada6015d-9fce-4f2c-b20f-fc9122d2face,5434784d-e358-427e-9ae2-64a9a5f9159f,Lane_WUNTl6vK5k,Approver,Final Review
70456a58-94c9-4671-9966-a4b72b80f3ed,26,5a2265d3-7f20-11f0-8e03-023b6ba72275,bf996092-8d66-408a-8d8e-5065ca3330c2,ada6015d-9fce-4f2c-b20f-fc9122d2face,cb7fa765-b5e1-47d9-9fdf-23f16d267768,Lane_gxx6HoM7bG,Initiator,Initiator
70456a58-94c9-4671-9966-a4b72b80f3ed,26,5a2265d3-7f20-11f0-8e03-023b6ba72275,bf996092-8d66-408a-8d8e-5065ca3330c2,ada6015d-9fce-4f2c-b20f-fc9122d2face,cb7fa765-b5e1-47d9-9fdf-23f16d267768,Lane_bcFb5CtfRL,Approver,Final Review
f9936fc7-abfe-4e2a-860a-16243823af26,24,,bf996092-8d66-408a-8d8e-5065ca3330c2,ada6015d-9fce-4f2c-b20f-fc9122d2face,cb7fa765-b5e1-47d9-9fdf-23f16d267768,Lane_gxx6HoM7bG,Initiator,Initiator
f9936fc7-abfe-4e2a-860a-16243823af26,24,,bf996092-8d66-408a-8d8e-5065ca3330c2,ada6015d-9fce-4f2c-b20f-fc9122d2face,cb7fa765-b5e1-47d9-9fdf-23f16d267768,Lane_bcFb5CtfRL,Approver,Final Review
685d4e1d-47cd-477b-8b1b-e8a26c5ca297,3,206d1db9-58a7-11f0-b8ba-0affd1463659,bf996092-8d66-408a-8d8e-5065ca3330c2,e9b596f2-48ee-419b-a199-da304b38c398,6f475b0d-1649-4041-87de-58755625cd84,Lane_EbmTbHX5dF,Initiator,Initial Review
685d4e1d-47cd-477b-8b1b-e8a26c5ca297,3,206d1db9-58a7-11f0-b8ba-0affd1463659,bf996092-8d66-408a-8d8e-5065ca3330c2,e9b596f2-48ee-419b-a199-da304b38c398,6f475b0d-1649-4041-87de-58755625cd84,Lane_1CbZjXVAJu,Reviewer 1,Review 1
685d4e1d-47cd-477b-8b1b-e8a26c5ca297,3,206d1db9-58a7-11f0-b8ba-0affd1463659,bf996092-8d66-408a-8d8e-5065ca3330c2,e9b596f2-48ee-419b-a199-da304b38c398,6f475b0d-1649-4041-87de-58755625cd84,Lane_qq5LEx3nVj,Reviewer 2,Review 2
685d4e1d-47cd-477b-8b1b-e8a26c5ca297,3,206d1db9-58a7-11f0-b8ba-0affd1463659,bf996092-8d66-408a-8d8e-5065ca3330c2,e9b596f2-48ee-419b-a199-da304b38c398,6f475b0d-1649-4041-87de-58755625cd84,Lane_C9RJwqxQKJ,Approver,Final Review
7b88496a-6676-4798-b21e-0c9392d2de59,9,44bb47a8-6872-11f0-8bd5-0232a6c7fd05,bf996092-8d66-408a-8d8e-5065ca3330c2,e9b596f2-48ee-419b-a199-da304b38c398,256a9d1d-ae3e-401d-a6dc-ee2524e42f0d,Lane_6Lw7Q3LogS,Initiator,Initial Review
7b88496a-6676-4798-b21e-0c9392d2de59,9,44bb47a8-6872-11f0-8bd5-0232a6c7fd05,bf996092-8d66-408a-8d8e-5065ca3330c2,e9b596f2-48ee-419b-a199-da304b38c398,256a9d1d-ae3e-401d-a6dc-ee2524e42f0d,Lane_K9UH4wfrUG,Reviewer 1,Review 1
7b88496a-6676-4798-b21e-0c9392d2de59,9,44bb47a8-6872-11f0-8bd5-0232a6c7fd05,bf996092-8d66-408a-8d8e-5065ca3330c2,e9b596f2-48ee-419b-a199-da304b38c398,256a9d1d-ae3e-401d-a6dc-ee2524e42f0d,Lane_5kb146NTw8,Reviewer 2,Review 2
7b88496a-6676-4798-b21e-0c9392d2de59,9,44bb47a8-6872-11f0-8bd5-0232a6c7fd05,bf996092-8d66-408a-8d8e-5065ca3330c2,e9b596f2-48ee-419b-a199-da304b38c398,256a9d1d-ae3e-401d-a6dc-ee2524e42f0d,Lane_2J7mn7yvjx,Approver,Final Review
dfd34659-c32f-4c11-9865-dc76c6e43af8,11,29f49dc9-6873-11f0-8e03-023b6ba72275,bf996092-8d66-408a-8d8e-5065ca3330c2,e9b596f2-48ee-419b-a199-da304b38c398,3062dd8c-d314-4759-be8e-9fd096364277,Lane_mYshVlYMXd,Initiator,Initial Review
dfd34659-c32f-4c11-9865-dc76c6e43af8,11,29f49dc9-6873-11f0-8e03-023b6ba72275,bf996092-8d66-408a-8d8e-5065ca3330c2,e9b596f2-48ee-419b-a199-da304b38c398,3062dd8c-d314-4759-be8e-9fd096364277,Lane_dICFenqC9U,Reviewer 1,Review 1
dfd34659-c32f-4c11-9865-dc76c6e43af8,11,29f49dc9-6873-11f0-8e03-023b6ba72275,bf996092-8d66-408a-8d8e-5065ca3330c2,e9b596f2-48ee-419b-a199-da304b38c398,3062dd8c-d314-4759-be8e-9fd096364277,Lane_yPXdF8Q7M0,Reviewer 2,Review 2
dfd34659-c32f-4c11-9865-dc76c6e43af8,11,29f49dc9-6873-11f0-8e03-023b6ba72275,bf996092-8d66-408a-8d8e-5065ca3330c2,e9b596f2-48ee-419b-a199-da304b38c398,3062dd8c-d314-4759-be8e-9fd096364277,Lane_fWlM9gebKQ,Approver,Final Review
31c1cf8c-332b-468e-83a5-8e1b1e305d1d,10,078500f2-6873-11f0-9b63-0edefbbefc43,bf996092-8d66-408a-8d8e-5065ca3330c2,e9b596f2-48ee-419b-a199-da304b38c398,dfeb80f6-c470-4f4c-87bb-ffa8222d954f,Lane_wFmJyoehyF,Initiator,Initial Review
31c1cf8c-332b-468e-83a5-8e1b1e305d1d,10,078500f2-6873-11f0-9b63-0edefbbefc43,bf996092-8d66-408a-8d8e-5065ca3330c2,e9b596f2-48ee-419b-a199-da304b38c398,dfeb80f6-c470-4f4c-87bb-ffa8222d954f,Lane_D6yEOIrqkt,Reviewer 1,Review 1
31c1cf8c-332b-468e-83a5-8e1b1e305d1d,10,078500f2-6873-11f0-9b63-0edefbbefc43,bf996092-8d66-408a-8d8e-5065ca3330c2,e9b596f2-48ee-419b-a199-da304b38c398,dfeb80f6-c470-4f4c-87bb-ffa8222d954f,Lane_Me0mdfc5bI,Reviewer 2,Review 2
31c1cf8c-332b-468e-83a5-8e1b1e305d1d,10,078500f2-6873-11f0-9b63-0edefbbefc43,bf996092-8d66-408a-8d8e-5065ca3330c2,e9b596f2-48ee-419b-a199-da304b38c398,dfeb80f6-c470-4f4c-87bb-ffa8222d954f,Lane_BzKvKdiS4p,Approver,Final Review
77ba1d7c-baab-4c1f-ac57-4afa9a6d6077,4,6e87a09c-62da-11f0-a30f-022739ca029d,bf996092-8d66-408a-8d8e-5065ca3330c2,e9b596f2-48ee-419b-a199-da304b38c398,6869d667-4270-4a9f-ac49-39c3c4f61a77,Lane_uWo1eHA7pj,Initiator,Initial Review
77ba1d7c-baab-4c1f-ac57-4afa9a6d6077,4,6e87a09c-62da-11f0-a30f-022739ca029d,bf996092-8d66-408a-8d8e-5065ca3330c2,e9b596f2-48ee-419b-a199-da304b38c398,6869d667-4270-4a9f-ac49-39c3c4f61a77,Lane_0E8OIXvJJf,Reviewer,Review 1
77ba1d7c-baab-4c1f-ac57-4afa9a6d6077,4,6e87a09c-62da-11f0-a30f-022739ca029d,bf996092-8d66-408a-8d8e-5065ca3330c2,e9b596f2-48ee-419b-a199-da304b38c398,6869d667-4270-4a9f-ac49-39c3c4f61a77,Lane_deFPVlURjq,Approver,Final Review
ab70ba27-7b14-43fb-a36f-a7b0387068e9,1,37c0e1f2-4abc-11f0-8be0-0affc6aaae03,bf996092-8d66-408a-8d8e-5065ca3330c2,e9b596f2-48ee-419b-a199-da304b38c398,9f04403e-d814-4f6e-b83c-19b0f627b422,Lane_2pDNtDmj1r,Initiator,Initial Review
ab70ba27-7b14-43fb-a36f-a7b0387068e9,1,37c0e1f2-4abc-11f0-8be0-0affc6aaae03,bf996092-8d66-408a-8d8e-5065ca3330c2,e9b596f2-48ee-419b-a199-da304b38c398,9f04403e-d814-4f6e-b83c-19b0f627b422,Lane_PDrqd0vyxa,Reviewer,Review 1
ab70ba27-7b14-43fb-a36f-a7b0387068e9,1,37c0e1f2-4abc-11f0-8be0-0affc6aaae03,bf996092-8d66-408a-8d8e-5065ca3330c2,e9b596f2-48ee-419b-a199-da304b38c398,9f04403e-d814-4f6e-b83c-19b0f627b422,Lane_u7R8G1LXBC,Approver,Final Review
e3c11394-ea36-40e3-aa61-92ce5a47b7e0,5,99d05a5e-62fa-11f0-87b6-0e47164080f7,bf996092-8d66-408a-8d8e-5065ca3330c2,e9b596f2-48ee-419b-a199-da304b38c398,6869d667-4270-4a9f-ac49-39c3c4f61a77,Lane_uWo1eHA7pj,Initiator,Initial Review
e3c11394-ea36-40e3-aa61-92ce5a47b7e0,5,99d05a5e-62fa-11f0-87b6-0e47164080f7,bf996092-8d66-408a-8d8e-5065ca3330c2,e9b596f2-48ee-419b-a199-da304b38c398,6869d667-4270-4a9f-ac49-39c3c4f61a77,Lane_0E8OIXvJJf,Reviewer,Review 1
e3c11394-ea36-40e3-aa61-92ce5a47b7e0,5,99d05a5e-62fa-11f0-87b6-0e47164080f7,bf996092-8d66-408a-8d8e-5065ca3330c2,e9b596f2-48ee-419b-a199-da304b38c398,6869d667-4270-4a9f-ac49-39c3c4f61a77,Lane_deFPVlURjq,Approver,Final Review
e5b72d34-8c1a-4366-9f4e-224be4bab3a6,2,,bf996092-8d66-408a-8d8e-5065ca3330c2,e9b596f2-48ee-419b-a199-da304b38c398,6869d667-4270-4a9f-ac49-39c3c4f61a77,Lane_uWo1eHA7pj,Initiator,Initial Review
e5b72d34-8c1a-4366-9f4e-224be4bab3a6,2,,bf996092-8d66-408a-8d8e-5065ca3330c2,e9b596f2-48ee-419b-a199-da304b38c398,6869d667-4270-4a9f-ac49-39c3c4f61a77,Lane_0E8OIXvJJf,Reviewer,Review 1
e5b72d34-8c1a-4366-9f4e-224be4bab3a6,2,,bf996092-8d66-408a-8d8e-5065ca3330c2,e9b596f2-48ee-419b-a199-da304b38c398,6869d667-4270-4a9f-ac49-39c3c4f61a77,Lane_deFPVlURjq,Approver,Final Review
cc1b7e79-ef90-443e-a68c-c2fad4e77eb4,7,7877bc49-6466-11f0-87b6-0e47164080f7,bf996092-8d66-408a-8d8e-5065ca3330c2,e9b596f2-48ee-419b-a199-da304b38c398,6869d667-4270-4a9f-ac49-39c3c4f61a77,Lane_uWo1eHA7pj,Initiator,Initial Review
cc1b7e79-ef90-443e-a68c-c2fad4e77eb4,7,7877bc49-6466-11f0-87b6-0e47164080f7,bf996092-8d66-408a-8d8e-5065ca3330c2,e9b596f2-48ee-419b-a199-da304b38c398,6869d667-4270-4a9f-ac49-39c3c4f61a77,Lane_0E8OIXvJJf,Reviewer,Review 1
cc1b7e79-ef90-443e-a68c-c2fad4e77eb4,7,7877bc49-6466-11f0-87b6-0e47164080f7,bf996092-8d66-408a-8d8e-5065ca3330c2,e9b596f2-48ee-419b-a199-da304b38c398,6869d667-4270-4a9f-ac49-39c3c4f61a77,Lane_deFPVlURjq,Approver,Final Review
9eb7ef28-7f1b-4ea2-ae6f-2d3dd6fa7172,6,e136889c-6464-11f0-994a-0eab63e03b0b,bf996092-8d66-408a-8d8e-5065ca3330c2,e9b596f2-48ee-419b-a199-da304b38c398,486324f5-b1b1-4623-8ab4-87246c8ea38e,Lane_JSmruTxwjL,Initiator,Initiator
9eb7ef28-7f1b-4ea2-ae6f-2d3dd6fa7172,6,e136889c-6464-11f0-994a-0eab63e03b0b,bf996092-8d66-408a-8d8e-5065ca3330c2,e9b596f2-48ee-419b-a199-da304b38c398,486324f5-b1b1-4623-8ab4-87246c8ea38e,Lane_5cpIjFwG5Q,Reviewer 1,Initial Review 1
9eb7ef28-7f1b-4ea2-ae6f-2d3dd6fa7172,6,e136889c-6464-11f0-994a-0eab63e03b0b,bf996092-8d66-408a-8d8e-5065ca3330c2,e9b596f2-48ee-419b-a199-da304b38c398,486324f5-b1b1-4623-8ab4-87246c8ea38e,Lane_QPOIkmqA4t,Reviewer 2,Initial Review 2
9eb7ef28-7f1b-4ea2-ae6f-2d3dd6fa7172,6,e136889c-6464-11f0-994a-0eab63e03b0b,bf996092-8d66-408a-8d8e-5065ca3330c2,e9b596f2-48ee-419b-a199-da304b38c398,486324f5-b1b1-4623-8ab4-87246c8ea38e,Lane_Vn4hVPePqy,Approver,Final Review
cfa0c205-4d3c-4fca-b10c-78558a171d6f,8,4b164eff-6480-11f0-a416-0edf6594598d,bf996092-8d66-408a-8d8e-5065ca3330c2,e9b596f2-48ee-419b-a199-da304b38c398,486324f5-b1b1-4623-8ab4-87246c8ea38e,Lane_JSmruTxwjL,Initiator,Initiator
cfa0c205-4d3c-4fca-b10c-78558a171d6f,8,4b164eff-6480-11f0-a416-0edf6594598d,bf996092-8d66-408a-8d8e-5065ca3330c2,e9b596f2-48ee-419b-a199-da304b38c398,486324f5-b1b1-4623-8ab4-87246c8ea38e,Lane_5cpIjFwG5Q,Reviewer 1,Initial Review 1
cfa0c205-4d3c-4fca-b10c-78558a171d6f,8,4b164eff-6480-11f0-a416-0edf6594598d,bf996092-8d66-408a-8d8e-5065ca3330c2,e9b596f2-48ee-419b-a199-da304b38c398,486324f5-b1b1-4623-8ab4-87246c8ea38e,Lane_QPOIkmqA4t,Reviewer 2,Initial Review 2
cfa0c205-4d3c-4fca-b10c-78558a171d6f,8,4b164eff-6480-11f0-a416-0edf6594598d,bf996092-8d66-408a-8d8e-5065ca3330c2,e9b596f2-48ee-419b-a199-da304b38c398,486324f5-b1b1-4623-8ab4-87246c8ea38e,Lane_Vn4hVPePqy,Approver,Final Review
3bb7a928-8718-4ce4-a91a-304c50bac473,48,fc83665b-5ed5-11f0-aa18-0affcce8a0f5,bf996092-8d66-408a-8d8e-5065ca3330c2,f679f4cf-c089-4a2b-9b84-b14129630601,c7e71778-7eea-4547-a989-24f4920c3c74,Lane_GmXHGGAC99,Initiator,Initiator
3bb7a928-8718-4ce4-a91a-304c50bac473,48,fc83665b-5ed5-11f0-aa18-0affcce8a0f5,bf996092-8d66-408a-8d8e-5065ca3330c2,f679f4cf-c089-4a2b-9b84-b14129630601,c7e71778-7eea-4547-a989-24f4920c3c74,Lane_SNug08gjLf,Approver,Final Review
bbfeb9e4-3938-47b8-bd21-eacc617a811e,61,1269faf9-66be-11f0-8e1b-0286e50d6c73,bf996092-8d66-408a-8d8e-5065ca3330c2,f679f4cf-c089-4a2b-9b84-b14129630601,c7e71778-7eea-4547-a989-24f4920c3c74,Lane_GmXHGGAC99,Initiator,Initiator
bbfeb9e4-3938-47b8-bd21-eacc617a811e,61,1269faf9-66be-11f0-8e1b-0286e50d6c73,bf996092-8d66-408a-8d8e-5065ca3330c2,f679f4cf-c089-4a2b-9b84-b14129630601,c7e71778-7eea-4547-a989-24f4920c3c74,Lane_SNug08gjLf,Approver,Final Review
fe6d47a7-c2db-4cbb-8c5d-004ccab6ebe7,49,e4364903-606d-11f0-b07f-0e777e0eb1e3,bf996092-8d66-408a-8d8e-5065ca3330c2,f679f4cf-c089-4a2b-9b84-b14129630601,c7e71778-7eea-4547-a989-24f4920c3c74,Lane_GmXHGGAC99,Initiator,Initiator
fe6d47a7-c2db-4cbb-8c5d-004ccab6ebe7,49,e4364903-606d-11f0-b07f-0e777e0eb1e3,bf996092-8d66-408a-8d8e-5065ca3330c2,f679f4cf-c089-4a2b-9b84-b14129630601,c7e71778-7eea-4547-a989-24f4920c3c74,Lane_SNug08gjLf,Approver,Final Review
fa7105ac-a9d4-4c60-ab59-949ab688858e,50,cd6c212b-606e-11f0-9e15-0afff499248b,bf996092-8d66-408a-8d8e-5065ca3330c2,f679f4cf-c089-4a2b-9b84-b14129630601,c7e71778-7eea-4547-a989-24f4920c3c74,Lane_GmXHGGAC99,Initiator,Initiator
fa7105ac-a9d4-4c60-ab59-949ab688858e,50,cd6c212b-606e-11f0-9e15-0afff499248b,bf996092-8d66-408a-8d8e-5065ca3330c2,f679f4cf-c089-4a2b-9b84-b14129630601,c7e71778-7eea-4547-a989-24f4920c3c74,Lane_SNug08gjLf,Approver,Final Review
5fe39c24-7d9d-4883-9fb1-8346d25ee0c9,6,7d7e060f-5244-11f0-9a68-0e458c92dd85,bf996092-8d66-408a-8d8e-5065ca3330c2,f679f4cf-c089-4a2b-9b84-b14129630601,c7e71778-7eea-4547-a989-24f4920c3c74,Lane_GmXHGGAC99,Initiator,Initiator
5fe39c24-7d9d-4883-9fb1-8346d25ee0c9,6,7d7e060f-5244-11f0-9a68-0e458c92dd85,bf996092-8d66-408a-8d8e-5065ca3330c2,f679f4cf-c089-4a2b-9b84-b14129630601,c7e71778-7eea-4547-a989-24f4920c3c74,Lane_SNug08gjLf,Approver,Final Review
c29a7cd1-1c02-4747-b67e-e611c2b2b285,4,4fc83cb0-5025-11f0-9f3f-0edc615c5be7,bf996092-8d66-408a-8d8e-5065ca3330c2,f679f4cf-c089-4a2b-9b84-b14129630601,13fc0b24-5c09-4742-a43a-8c2ea50c9e24,Lane_KyI99RNyI7,Initiator,Initial Review
c29a7cd1-1c02-4747-b67e-e611c2b2b285,4,4fc83cb0-5025-11f0-9f3f-0edc615c5be7,bf996092-8d66-408a-8d8e-5065ca3330c2,f679f4cf-c089-4a2b-9b84-b14129630601,13fc0b24-5c09-4742-a43a-8c2ea50c9e24,Lane_3qOjDnWoiV,Reviewer 1,Review 1
c29a7cd1-1c02-4747-b67e-e611c2b2b285,4,4fc83cb0-5025-11f0-9f3f-0edc615c5be7,bf996092-8d66-408a-8d8e-5065ca3330c2,f679f4cf-c089-4a2b-9b84-b14129630601,13fc0b24-5c09-4742-a43a-8c2ea50c9e24,Lane_trgYPpBM7M,Reviewer 2,Review 2
c29a7cd1-1c02-4747-b67e-e611c2b2b285,4,4fc83cb0-5025-11f0-9f3f-0edc615c5be7,bf996092-8d66-408a-8d8e-5065ca3330c2,f679f4cf-c089-4a2b-9b84-b14129630601,13fc0b24-5c09-4742-a43a-8c2ea50c9e24,Lane_l2NjU6hIAp,Reviewer 3,Initial Review 3
c29a7cd1-1c02-4747-b67e-e611c2b2b285,4,4fc83cb0-5025-11f0-9f3f-0edc615c5be7,bf996092-8d66-408a-8d8e-5065ca3330c2,f679f4cf-c089-4a2b-9b84-b14129630601,13fc0b24-5c09-4742-a43a-8c2ea50c9e24,Lane_klMlbXdSE4,Approver,Final Review
3d316763-1b09-4256-b815-ac86025538f1,3,db03c518-5023-11f0-a250-0e4e4f80cd6b,bf996092-8d66-408a-8d8e-5065ca3330c2,f679f4cf-c089-4a2b-9b84-b14129630601,13fc0b24-5c09-4742-a43a-8c2ea50c9e24,Lane_KyI99RNyI7,Initiator,Initial Review
3d316763-1b09-4256-b815-ac86025538f1,3,db03c518-5023-11f0-a250-0e4e4f80cd6b,bf996092-8d66-408a-8d8e-5065ca3330c2,f679f4cf-c089-4a2b-9b84-b14129630601,13fc0b24-5c09-4742-a43a-8c2ea50c9e24,Lane_3qOjDnWoiV,Reviewer 1,Review 1
3d316763-1b09-4256-b815-ac86025538f1,3,db03c518-5023-11f0-a250-0e4e4f80cd6b,bf996092-8d66-408a-8d8e-5065ca3330c2,f679f4cf-c089-4a2b-9b84-b14129630601,13fc0b24-5c09-4742-a43a-8c2ea50c9e24,Lane_trgYPpBM7M,Reviewer 2,Review 2
3d316763-1b09-4256-b815-ac86025538f1,3,db03c518-5023-11f0-a250-0e4e4f80cd6b,bf996092-8d66-408a-8d8e-5065ca3330c2,f679f4cf-c089-4a2b-9b84-b14129630601,13fc0b24-5c09-4742-a43a-8c2ea50c9e24,Lane_l2NjU6hIAp,Reviewer 3,Initial Review 3
3d316763-1b09-4256-b815-ac86025538f1,3,db03c518-5023-11f0-a250-0e4e4f80cd6b,bf996092-8d66-408a-8d8e-5065ca3330c2,f679f4cf-c089-4a2b-9b84-b14129630601,13fc0b24-5c09-4742-a43a-8c2ea50c9e24,Lane_klMlbXdSE4,Approver,Final Review
48d2b787-5fc9-4199-aae0-b04532c8bb97,2,4851c82b-5020-11f0-99f5-0affe1c7605f,bf996092-8d66-408a-8d8e-5065ca3330c2,f679f4cf-c089-4a2b-9b84-b14129630601,13fc0b24-5c09-4742-a43a-8c2ea50c9e24,Lane_KyI99RNyI7,Initiator,Initial Review
48d2b787-5fc9-4199-aae0-b04532c8bb97,2,4851c82b-5020-11f0-99f5-0affe1c7605f,bf996092-8d66-408a-8d8e-5065ca3330c2,f679f4cf-c089-4a2b-9b84-b14129630601,13fc0b24-5c09-4742-a43a-8c2ea50c9e24,Lane_3qOjDnWoiV,Reviewer 1,Review 1
48d2b787-5fc9-4199-aae0-b04532c8bb97,2,4851c82b-5020-11f0-99f5-0affe1c7605f,bf996092-8d66-408a-8d8e-5065ca3330c2,f679f4cf-c089-4a2b-9b84-b14129630601,13fc0b24-5c09-4742-a43a-8c2ea50c9e24,Lane_trgYPpBM7M,Reviewer 2,Review 2
48d2b787-5fc9-4199-aae0-b04532c8bb97,2,4851c82b-5020-11f0-99f5-0affe1c7605f,bf996092-8d66-408a-8d8e-5065ca3330c2,f679f4cf-c089-4a2b-9b84-b14129630601,13fc0b24-5c09-4742-a43a-8c2ea50c9e24,Lane_l2NjU6hIAp,Reviewer 3,Initial Review 3
48d2b787-5fc9-4199-aae0-b04532c8bb97,2,4851c82b-5020-11f0-99f5-0affe1c7605f,bf996092-8d66-408a-8d8e-5065ca3330c2,f679f4cf-c089-4a2b-9b84-b14129630601,13fc0b24-5c09-4742-a43a-8c2ea50c9e24,Lane_klMlbXdSE4,Approver,Final Review
b9e3e65e-bdc2-4b0a-8e18-d5b941853811,27,ee214840-58a2-11f0-b07f-0e777e0eb1e3,bf996092-8d66-408a-8d8e-5065ca3330c2,f679f4cf-c089-4a2b-9b84-b14129630601,c7e71778-7eea-4547-a989-24f4920c3c74,Lane_GmXHGGAC99,Initiator,Initiator
b9e3e65e-bdc2-4b0a-8e18-d5b941853811,27,ee214840-58a2-11f0-b07f-0e777e0eb1e3,bf996092-8d66-408a-8d8e-5065ca3330c2,f679f4cf-c089-4a2b-9b84-b14129630601,c7e71778-7eea-4547-a989-24f4920c3c74,Lane_SNug08gjLf,Approver,Final Review
c1b68c29-3a05-466c-a567-a5cc07e146b5,26,db7a5950-58a2-11f0-9e15-0afff499248b,bf996092-8d66-408a-8d8e-5065ca3330c2,f679f4cf-c089-4a2b-9b84-b14129630601,c7e71778-7eea-4547-a989-24f4920c3c74,Lane_GmXHGGAC99,Initiator,Initiator
c1b68c29-3a05-466c-a567-a5cc07e146b5,26,db7a5950-58a2-11f0-9e15-0afff499248b,bf996092-8d66-408a-8d8e-5065ca3330c2,f679f4cf-c089-4a2b-9b84-b14129630601,c7e71778-7eea-4547-a989-24f4920c3c74,Lane_SNug08gjLf,Approver,Final Review
ba0b9fe4-9767-4d25-9cbd-4f124996f8a7,25,bcf7fc0f-58a2-11f0-b651-02316e585bff,bf996092-8d66-408a-8d8e-5065ca3330c2,f679f4cf-c089-4a2b-9b84-b14129630601,c7e71778-7eea-4547-a989-24f4920c3c74,Lane_GmXHGGAC99,Initiator,Initiator
ba0b9fe4-9767-4d25-9cbd-4f124996f8a7,25,bcf7fc0f-58a2-11f0-b651-02316e585bff,bf996092-8d66-408a-8d8e-5065ca3330c2,f679f4cf-c089-4a2b-9b84-b14129630601,c7e71778-7eea-4547-a989-24f4920c3c74,Lane_SNug08gjLf,Approver,Final Review
e7934418-35ad-4d13-b79f-b140c8a41ce2,93,926b5869-7c03-11f0-8e65-0afff7224aab,bf996092-8d66-408a-8d8e-5065ca3330c2,f679f4cf-c089-4a2b-9b84-b14129630601,c7e71778-7eea-4547-a989-24f4920c3c74,Lane_GmXHGGAC99,Initiator,Initiator
e7934418-35ad-4d13-b79f-b140c8a41ce2,93,926b5869-7c03-11f0-8e65-0afff7224aab,bf996092-8d66-408a-8d8e-5065ca3330c2,f679f4cf-c089-4a2b-9b84-b14129630601,c7e71778-7eea-4547-a989-24f4920c3c74,Lane_SNug08gjLf,Approver,Final Review
b78a2ccd-25d6-470e-b82a-5b5a4302f169,94,b178ded8-7c03-11f0-9661-0afff06a47b1,bf996092-8d66-408a-8d8e-5065ca3330c2,f679f4cf-c089-4a2b-9b84-b14129630601,c7e71778-7eea-4547-a989-24f4920c3c74,Lane_GmXHGGAC99,Initiator,Initiator
b78a2ccd-25d6-470e-b82a-5b5a4302f169,94,b178ded8-7c03-11f0-9661-0afff06a47b1,bf996092-8d66-408a-8d8e-5065ca3330c2,f679f4cf-c089-4a2b-9b84-b14129630601,c7e71778-7eea-4547-a989-24f4920c3c74,Lane_SNug08gjLf,Approver,Final Review
cb126ac4-7bb1-4f1e-9e0d-137a6ea8750f,95,dc5eedb2-7c03-11f0-946f-0215d9ab6dad,bf996092-8d66-408a-8d8e-5065ca3330c2,f679f4cf-c089-4a2b-9b84-b14129630601,c7e71778-7eea-4547-a989-24f4920c3c74,Lane_GmXHGGAC99,Initiator,Initiator
cb126ac4-7bb1-4f1e-9e0d-137a6ea8750f,95,dc5eedb2-7c03-11f0-946f-0215d9ab6dad,bf996092-8d66-408a-8d8e-5065ca3330c2,f679f4cf-c089-4a2b-9b84-b14129630601,c7e71778-7eea-4547-a989-24f4920c3c74,Lane_SNug08gjLf,Approver,Final Review
4a026c09-bd88-43a7-bbed-6d898ecd7362,96,7f533cb9-7c04-11f0-9b63-0edefbbefc43,bf996092-8d66-408a-8d8e-5065ca3330c2,f679f4cf-c089-4a2b-9b84-b14129630601,c7e71778-7eea-4547-a989-24f4920c3c74,Lane_GmXHGGAC99,Initiator,Initiator
4a026c09-bd88-43a7-bbed-6d898ecd7362,96,7f533cb9-7c04-11f0-9b63-0edefbbefc43,bf996092-8d66-408a-8d8e-5065ca3330c2,f679f4cf-c089-4a2b-9b84-b14129630601,c7e71778-7eea-4547-a989-24f4920c3c74,Lane_SNug08gjLf,Approver,Final Review
574d6dc8-3194-4695-bff2-b743a34e9123,103,fb238295-7e7f-11f0-8e03-023b6ba72275,bf996092-8d66-408a-8d8e-5065ca3330c2,f679f4cf-c089-4a2b-9b84-b14129630601,a864c03f-e2d6-4771-9da5-460dd2a8d4f2,Lane_2FXtDM2Zbb,Initiator,Initial Review
574d6dc8-3194-4695-bff2-b743a34e9123,103,fb238295-7e7f-11f0-8e03-023b6ba72275,bf996092-8d66-408a-8d8e-5065ca3330c2,f679f4cf-c089-4a2b-9b84-b14129630601,a864c03f-e2d6-4771-9da5-460dd2a8d4f2,Lane_5a1s10mxQR,Reviewer 1,Review 1
574d6dc8-3194-4695-bff2-b743a34e9123,103,fb238295-7e7f-11f0-8e03-023b6ba72275,bf996092-8d66-408a-8d8e-5065ca3330c2,f679f4cf-c089-4a2b-9b84-b14129630601,a864c03f-e2d6-4771-9da5-460dd2a8d4f2,Lane_sJfDVw5gUD,Reviewer 2,Review 2
574d6dc8-3194-4695-bff2-b743a34e9123,103,fb238295-7e7f-11f0-8e03-023b6ba72275,bf996092-8d66-408a-8d8e-5065ca3330c2,f679f4cf-c089-4a2b-9b84-b14129630601,a864c03f-e2d6-4771-9da5-460dd2a8d4f2,Lane_mnsDNGwgRQ,Approver,Final Review
81a61e5c-689a-48c9-8a5a-2b77aec5c55a,9,,bf996092-8d66-408a-8d8e-5065ca3330c2,f679f4cf-c089-4a2b-9b84-b14129630601,a25d76df-c812-4699-ac0b-d69950df5f2d,Lane_6zfPNzQ27m,Initiator,Initial Review
81a61e5c-689a-48c9-8a5a-2b77aec5c55a,9,,bf996092-8d66-408a-8d8e-5065ca3330c2,f679f4cf-c089-4a2b-9b84-b14129630601,a25d76df-c812-4699-ac0b-d69950df5f2d,Lane_TrJLANiUuA,Reviewer 1,Review 1
81a61e5c-689a-48c9-8a5a-2b77aec5c55a,9,,bf996092-8d66-408a-8d8e-5065ca3330c2,f679f4cf-c089-4a2b-9b84-b14129630601,a25d76df-c812-4699-ac0b-d69950df5f2d,Lane_rgMKtUBvGT,Reviewer 2,Review 2
81a61e5c-689a-48c9-8a5a-2b77aec5c55a,9,,bf996092-8d66-408a-8d8e-5065ca3330c2,f679f4cf-c089-4a2b-9b84-b14129630601,a25d76df-c812-4699-ac0b-d69950df5f2d,Lane_Na3RZJ2Wva,Approver,Final Review
ab6cc473-b3aa-40c5-83de-5577d84b7b00,71,8a35e8ef-6dcc-11f0-9661-0afff06a47b1,bf996092-8d66-408a-8d8e-5065ca3330c2,f679f4cf-c089-4a2b-9b84-b14129630601,c7e71778-7eea-4547-a989-24f4920c3c74,Lane_GmXHGGAC99,Initiator,Initiator
ab6cc473-b3aa-40c5-83de-5577d84b7b00,71,8a35e8ef-6dcc-11f0-9661-0afff06a47b1,bf996092-8d66-408a-8d8e-5065ca3330c2,f679f4cf-c089-4a2b-9b84-b14129630601,c7e71778-7eea-4547-a989-24f4920c3c74,Lane_SNug08gjLf,Approver,Final Review
fe4d0d0c-c4bc-4d29-b442-edaa843b0f33,72,fedd7ecf-6dcc-11f0-ba69-0affe15d0ad3,bf996092-8d66-408a-8d8e-5065ca3330c2,f679f4cf-c089-4a2b-9b84-b14129630601,c7e71778-7eea-4547-a989-24f4920c3c74,Lane_GmXHGGAC99,Initiator,Initiator
fe4d0d0c-c4bc-4d29-b442-edaa843b0f33,72,fedd7ecf-6dcc-11f0-ba69-0affe15d0ad3,bf996092-8d66-408a-8d8e-5065ca3330c2,f679f4cf-c089-4a2b-9b84-b14129630601,c7e71778-7eea-4547-a989-24f4920c3c74,Lane_SNug08gjLf,Approver,Final Review
859204f4-ad77-448f-8157-55d513957e07,29,1fcc245e-5960-11f0-b651-02316e585bff,bf996092-8d66-408a-8d8e-5065ca3330c2,f679f4cf-c089-4a2b-9b84-b14129630601,c7e71778-7eea-4547-a989-24f4920c3c74,Lane_GmXHGGAC99,Initiator,Initiator
859204f4-ad77-448f-8157-55d513957e07,29,1fcc245e-5960-11f0-b651-02316e585bff,bf996092-8d66-408a-8d8e-5065ca3330c2,f679f4cf-c089-4a2b-9b84-b14129630601,c7e71778-7eea-4547-a989-24f4920c3c74,Lane_SNug08gjLf,Approver,Final Review
0569a466-460e-4e86-97ea-ff290c2c2ff8,83,38ea69e9-7444-11f0-8e03-023b6ba72275,bf996092-8d66-408a-8d8e-5065ca3330c2,f679f4cf-c089-4a2b-9b84-b14129630601,c7e71778-7eea-4547-a989-24f4920c3c74,Lane_GmXHGGAC99,Initiator,Initiator
0569a466-460e-4e86-97ea-ff290c2c2ff8,83,38ea69e9-7444-11f0-8e03-023b6ba72275,bf996092-8d66-408a-8d8e-5065ca3330c2,f679f4cf-c089-4a2b-9b84-b14129630601,c7e71778-7eea-4547-a989-24f4920c3c74,Lane_SNug08gjLf,Approver,Final Review
42b1cefe-d352-4b04-a3e3-321dae8b6630,75,,bf996092-8d66-408a-8d8e-5065ca3330c2,f679f4cf-c089-4a2b-9b84-b14129630601,a66d3fbb-fe01-46d3-832a-c5fb88a2f40e,Lane_jx0nBNtdWE,Initiator,Initial Review
42b1cefe-d352-4b04-a3e3-321dae8b6630,75,,bf996092-8d66-408a-8d8e-5065ca3330c2,f679f4cf-c089-4a2b-9b84-b14129630601,a66d3fbb-fe01-46d3-832a-c5fb88a2f40e,Lane_EguoyjH3Vc,Reviewer 1,Review 1
42b1cefe-d352-4b04-a3e3-321dae8b6630,75,,bf996092-8d66-408a-8d8e-5065ca3330c2,f679f4cf-c089-4a2b-9b84-b14129630601,a66d3fbb-fe01-46d3-832a-c5fb88a2f40e,Lane_zsglHaSx70,Reviewer 2,Review 2
42b1cefe-d352-4b04-a3e3-321dae8b6630,75,,bf996092-8d66-408a-8d8e-5065ca3330c2,f679f4cf-c089-4a2b-9b84-b14129630601,a66d3fbb-fe01-46d3-832a-c5fb88a2f40e,Lane_T7P8T9PPL7,Reviewer 3,Review 3
42b1cefe-d352-4b04-a3e3-321dae8b6630,75,,bf996092-8d66-408a-8d8e-5065ca3330c2,f679f4cf-c089-4a2b-9b84-b14129630601,a66d3fbb-fe01-46d3-832a-c5fb88a2f40e,Lane_wwNWDKqFHR,Approver,Final Review
7d494274-f38a-45eb-9a67-8682f23b4fbf,11,,bf996092-8d66-408a-8d8e-5065ca3330c2,f679f4cf-c089-4a2b-9b84-b14129630601,a66d3fbb-fe01-46d3-832a-c5fb88a2f40e,Lane_jx0nBNtdWE,Initiator,Initial Review
7d494274-f38a-45eb-9a67-8682f23b4fbf,11,,bf996092-8d66-408a-8d8e-5065ca3330c2,f679f4cf-c089-4a2b-9b84-b14129630601,a66d3fbb-fe01-46d3-832a-c5fb88a2f40e,Lane_EguoyjH3Vc,Reviewer 1,Review 1
7d494274-f38a-45eb-9a67-8682f23b4fbf,11,,bf996092-8d66-408a-8d8e-5065ca3330c2,f679f4cf-c089-4a2b-9b84-b14129630601,a66d3fbb-fe01-46d3-832a-c5fb88a2f40e,Lane_zsglHaSx70,Reviewer 2,Review 2
7d494274-f38a-45eb-9a67-8682f23b4fbf,11,,bf996092-8d66-408a-8d8e-5065ca3330c2,f679f4cf-c089-4a2b-9b84-b14129630601,a66d3fbb-fe01-46d3-832a-c5fb88a2f40e,Lane_T7P8T9PPL7,Reviewer 3,Review 3
7d494274-f38a-45eb-9a67-8682f23b4fbf,11,,bf996092-8d66-408a-8d8e-5065ca3330c2,f679f4cf-c089-4a2b-9b84-b14129630601,a66d3fbb-fe01-46d3-832a-c5fb88a2f40e,Lane_wwNWDKqFHR,Approver,Final Review
ae35dbf4-ca8c-429a-9112-553e9c32aa4a,51,31cf0328-6130-11f0-994a-0eab63e03b0b,bf996092-8d66-408a-8d8e-5065ca3330c2,f679f4cf-c089-4a2b-9b84-b14129630601,c7e71778-7eea-4547-a989-24f4920c3c74,Lane_GmXHGGAC99,Initiator,Initiator
ae35dbf4-ca8c-429a-9112-553e9c32aa4a,51,31cf0328-6130-11f0-994a-0eab63e03b0b,bf996092-8d66-408a-8d8e-5065ca3330c2,f679f4cf-c089-4a2b-9b84-b14129630601,c7e71778-7eea-4547-a989-24f4920c3c74,Lane_SNug08gjLf,Approver,Final Review
1dfe7a9a-f7d3-4948-8f18-88da05be51de,104,d7f7040e-7f56-11f0-ba69-0affe15d0ad3,bf996092-8d66-408a-8d8e-5065ca3330c2,f679f4cf-c089-4a2b-9b84-b14129630601,a66d3fbb-fe01-46d3-832a-c5fb88a2f40e,Lane_qoY6EnugGU,Initiator,Initial Review
1dfe7a9a-f7d3-4948-8f18-88da05be51de,104,d7f7040e-7f56-11f0-ba69-0affe15d0ad3,bf996092-8d66-408a-8d8e-5065ca3330c2,f679f4cf-c089-4a2b-9b84-b14129630601,a66d3fbb-fe01-46d3-832a-c5fb88a2f40e,Lane_oeVNS6TfZN,Reviewer 1,Review 1
1dfe7a9a-f7d3-4948-8f18-88da05be51de,104,d7f7040e-7f56-11f0-ba69-0affe15d0ad3,bf996092-8d66-408a-8d8e-5065ca3330c2,f679f4cf-c089-4a2b-9b84-b14129630601,a66d3fbb-fe01-46d3-832a-c5fb88a2f40e,Lane_KaiNmLFAwi,Reviewer 2,Review 2
1dfe7a9a-f7d3-4948-8f18-88da05be51de,104,d7f7040e-7f56-11f0-ba69-0affe15d0ad3,bf996092-8d66-408a-8d8e-5065ca3330c2,f679f4cf-c089-4a2b-9b84-b14129630601,a66d3fbb-fe01-46d3-832a-c5fb88a2f40e,Lane_Ff7trAhgyy,Reviewer 3,Review 3
1dfe7a9a-f7d3-4948-8f18-88da05be51de,104,d7f7040e-7f56-11f0-ba69-0affe15d0ad3,bf996092-8d66-408a-8d8e-5065ca3330c2,f679f4cf-c089-4a2b-9b84-b14129630601,a66d3fbb-fe01-46d3-832a-c5fb88a2f40e,Lane_ZZGBJD8WRj,Approver,Final Review
ccc12db1-de7e-43d7-a905-f58d49ab74eb,32,d2f376f0-5aef-11f0-b07f-0e777e0eb1e3,bf996092-8d66-408a-8d8e-5065ca3330c2,f679f4cf-c089-4a2b-9b84-b14129630601,c7e71778-7eea-4547-a989-24f4920c3c74,Lane_GmXHGGAC99,Initiator,Initiator
ccc12db1-de7e-43d7-a905-f58d49ab74eb,32,d2f376f0-5aef-11f0-b07f-0e777e0eb1e3,bf996092-8d66-408a-8d8e-5065ca3330c2,f679f4cf-c089-4a2b-9b84-b14129630601,c7e71778-7eea-4547-a989-24f4920c3c74,Lane_SNug08gjLf,Approver,Final Review
a056d7b8-046f-4795-94c8-0ff7f3855f1d,30,8df989bc-5aef-11f0-b07f-0e777e0eb1e3,bf996092-8d66-408a-8d8e-5065ca3330c2,f679f4cf-c089-4a2b-9b84-b14129630601,c7e71778-7eea-4547-a989-24f4920c3c74,Lane_GmXHGGAC99,Initiator,Initiator
a056d7b8-046f-4795-94c8-0ff7f3855f1d,30,8df989bc-5aef-11f0-b07f-0e777e0eb1e3,bf996092-8d66-408a-8d8e-5065ca3330c2,f679f4cf-c089-4a2b-9b84-b14129630601,c7e71778-7eea-4547-a989-24f4920c3c74,Lane_SNug08gjLf,Approver,Final Review
3e2c5128-7419-4638-b900-f160fc23f479,97,1d2ab14d-7cb4-11f0-ba69-0affe15d0ad3,bf996092-8d66-408a-8d8e-5065ca3330c2,f679f4cf-c089-4a2b-9b84-b14129630601,c7e71778-7eea-4547-a989-24f4920c3c74,Lane_GmXHGGAC99,Initiator,Initiator
3e2c5128-7419-4638-b900-f160fc23f479,97,1d2ab14d-7cb4-11f0-ba69-0affe15d0ad3,bf996092-8d66-408a-8d8e-5065ca3330c2,f679f4cf-c089-4a2b-9b84-b14129630601,c7e71778-7eea-4547-a989-24f4920c3c74,Lane_SNug08gjLf,Approver,Final Review
d1a1429f-9b93-4175-a541-9b7003b1382a,38,551a6154-5d7e-11f0-b651-02316e585bff,bf996092-8d66-408a-8d8e-5065ca3330c2,f679f4cf-c089-4a2b-9b84-b14129630601,927a9c1c-1e23-4382-9c69-935468956f31,Lane_RWUi6ELgtV,Initiator,Initiator
d1a1429f-9b93-4175-a541-9b7003b1382a,38,551a6154-5d7e-11f0-b651-02316e585bff,bf996092-8d66-408a-8d8e-5065ca3330c2,f679f4cf-c089-4a2b-9b84-b14129630601,927a9c1c-1e23-4382-9c69-935468956f31,Lane_rT7tOk7ZuX,Reviewer,Initial Review
d1a1429f-9b93-4175-a541-9b7003b1382a,38,551a6154-5d7e-11f0-b651-02316e585bff,bf996092-8d66-408a-8d8e-5065ca3330c2,f679f4cf-c089-4a2b-9b84-b14129630601,927a9c1c-1e23-4382-9c69-935468956f31,Lane_MbhO9oRpQJ,Approver,Final Review
c99434e8-256d-468f-b8c0-c87d6a5da739,13,d020473e-53ce-11f0-88c4-0e1227553173,bf996092-8d66-408a-8d8e-5065ca3330c2,f679f4cf-c089-4a2b-9b84-b14129630601,c7e71778-7eea-4547-a989-24f4920c3c74,Lane_GmXHGGAC99,Initiator,Initiator
c99434e8-256d-468f-b8c0-c87d6a5da739,13,d020473e-53ce-11f0-88c4-0e1227553173,bf996092-8d66-408a-8d8e-5065ca3330c2,f679f4cf-c089-4a2b-9b84-b14129630601,c7e71778-7eea-4547-a989-24f4920c3c74,Lane_SNug08gjLf,Approver,Final Review
995bf73b-9837-4897-82ca-2f2f9d845b72,14,e2808ff9-53ce-11f0-bb6c-024cf0d6ba5b,bf996092-8d66-408a-8d8e-5065ca3330c2,f679f4cf-c089-4a2b-9b84-b14129630601,c7e71778-7eea-4547-a989-24f4920c3c74,Lane_GmXHGGAC99,Initiator,Initiator
995bf73b-9837-4897-82ca-2f2f9d845b72,14,e2808ff9-53ce-11f0-bb6c-024cf0d6ba5b,bf996092-8d66-408a-8d8e-5065ca3330c2,f679f4cf-c089-4a2b-9b84-b14129630601,c7e71778-7eea-4547-a989-24f4920c3c74,Lane_SNug08gjLf,Approver,Final Review
11d4e9b5-b3ee-40af-981b-71075fe22fe1,10,,bf996092-8d66-408a-8d8e-5065ca3330c2,f679f4cf-c089-4a2b-9b84-b14129630601,c7e71778-7eea-4547-a989-24f4920c3c74,Lane_GmXHGGAC99,Initiator,Initiator
11d4e9b5-b3ee-40af-981b-71075fe22fe1,10,,bf996092-8d66-408a-8d8e-5065ca3330c2,f679f4cf-c089-4a2b-9b84-b14129630601,c7e71778-7eea-4547-a989-24f4920c3c74,Lane_SNug08gjLf,Approver,Final Review
56edcb79-8b45-42dc-90a1-f2af49e0dec4,73,ec333b11-6e98-11f0-8e65-0afff7224aab,bf996092-8d66-408a-8d8e-5065ca3330c2,f679f4cf-c089-4a2b-9b84-b14129630601,c7e71778-7eea-4547-a989-24f4920c3c74,Lane_GmXHGGAC99,Initiator,Initiator
56edcb79-8b45-42dc-90a1-f2af49e0dec4,73,ec333b11-6e98-11f0-8e65-0afff7224aab,bf996092-8d66-408a-8d8e-5065ca3330c2,f679f4cf-c089-4a2b-9b84-b14129630601,c7e71778-7eea-4547-a989-24f4920c3c74,Lane_SNug08gjLf,Approver,Final Review
debc5406-440a-4506-9fbc-a8089e6b230b,111,a631fb5a-82ff-11f0-ba69-0affe15d0ad3,bf996092-8d66-408a-8d8e-5065ca3330c2,f679f4cf-c089-4a2b-9b84-b14129630601,c7e71778-7eea-4547-a989-24f4920c3c74,Lane_GmXHGGAC99,Initiator,Initiator
debc5406-440a-4506-9fbc-a8089e6b230b,111,a631fb5a-82ff-11f0-ba69-0affe15d0ad3,bf996092-8d66-408a-8d8e-5065ca3330c2,f679f4cf-c089-4a2b-9b84-b14129630601,c7e71778-7eea-4547-a989-24f4920c3c74,Lane_SNug08gjLf,Approver,Final Review
dea560e4-7392-4c6f-8106-1f4912b13a8e,112,2e5ab2bf-83cf-11f0-9b63-0edefbbefc43,bf996092-8d66-408a-8d8e-5065ca3330c2,f679f4cf-c089-4a2b-9b84-b14129630601,c7e71778-7eea-4547-a989-24f4920c3c74,Lane_eveIC5hOl5,Initiator,Initiator
dea560e4-7392-4c6f-8106-1f4912b13a8e,112,2e5ab2bf-83cf-11f0-9b63-0edefbbefc43,bf996092-8d66-408a-8d8e-5065ca3330c2,f679f4cf-c089-4a2b-9b84-b14129630601,c7e71778-7eea-4547-a989-24f4920c3c74,Lane_BDnFNuLoiG,Approver,Final Review
e554ca68-2035-4022-8f18-9df9467daf3d,62,ffcad842-677a-11f0-a416-0edf6594598d,bf996092-8d66-408a-8d8e-5065ca3330c2,f679f4cf-c089-4a2b-9b84-b14129630601,c7e71778-7eea-4547-a989-24f4920c3c74,Lane_GmXHGGAC99,Initiator,Initiator
e554ca68-2035-4022-8f18-9df9467daf3d,62,ffcad842-677a-11f0-a416-0edf6594598d,bf996092-8d66-408a-8d8e-5065ca3330c2,f679f4cf-c089-4a2b-9b84-b14129630601,c7e71778-7eea-4547-a989-24f4920c3c74,Lane_SNug08gjLf,Approver,Final Review
e9e6cc88-3cd4-4298-b3f2-36847e0a1b4c,63,e98c5bf2-6844-11f0-8e03-023b6ba72275,bf996092-8d66-408a-8d8e-5065ca3330c2,f679f4cf-c089-4a2b-9b84-b14129630601,c7e71778-7eea-4547-a989-24f4920c3c74,Lane_GmXHGGAC99,Initiator,Initiator
e9e6cc88-3cd4-4298-b3f2-36847e0a1b4c,63,e98c5bf2-6844-11f0-8e03-023b6ba72275,bf996092-8d66-408a-8d8e-5065ca3330c2,f679f4cf-c089-4a2b-9b84-b14129630601,c7e71778-7eea-4547-a989-24f4920c3c74,Lane_SNug08gjLf,Approver,Final Review
f47404c0-841d-4c0c-9b6c-13d7193434a5,17,71661631-556c-11f0-9793-0affd9364fab,bf996092-8d66-408a-8d8e-5065ca3330c2,f679f4cf-c089-4a2b-9b84-b14129630601,c7e71778-7eea-4547-a989-24f4920c3c74,Lane_GmXHGGAC99,Initiator,Initiator
f47404c0-841d-4c0c-9b6c-13d7193434a5,17,71661631-556c-11f0-9793-0affd9364fab,bf996092-8d66-408a-8d8e-5065ca3330c2,f679f4cf-c089-4a2b-9b84-b14129630601,c7e71778-7eea-4547-a989-24f4920c3c74,Lane_SNug08gjLf,Approver,Final Review
7905507f-2b54-4d3e-b1a3-5aad152d17ed,16,e6e42b82-556b-11f0-9793-0affd9364fab,bf996092-8d66-408a-8d8e-5065ca3330c2,f679f4cf-c089-4a2b-9b84-b14129630601,c7e71778-7eea-4547-a989-24f4920c3c74,Lane_GmXHGGAC99,Initiator,Initiator
7905507f-2b54-4d3e-b1a3-5aad152d17ed,16,e6e42b82-556b-11f0-9793-0affd9364fab,bf996092-8d66-408a-8d8e-5065ca3330c2,f679f4cf-c089-4a2b-9b84-b14129630601,c7e71778-7eea-4547-a989-24f4920c3c74,Lane_SNug08gjLf,Approver,Final Review
063b3d2f-6d7a-41a7-81b8-1d354cda5d15,15,ae4f71c8-53ea-11f0-88c4-0e1227553173,bf996092-8d66-408a-8d8e-5065ca3330c2,f679f4cf-c089-4a2b-9b84-b14129630601,c7e71778-7eea-4547-a989-24f4920c3c74,Lane_GmXHGGAC99,Initiator,Initiator
063b3d2f-6d7a-41a7-81b8-1d354cda5d15,15,ae4f71c8-53ea-11f0-88c4-0e1227553173,bf996092-8d66-408a-8d8e-5065ca3330c2,f679f4cf-c089-4a2b-9b84-b14129630601,c7e71778-7eea-4547-a989-24f4920c3c74,Lane_SNug08gjLf,Approver,Final Review
748c2be3-a2c3-42f7-89bd-e5494aa04ec8,52,2f49b351-61fb-11f0-9d2c-02ecd8cd8b53,bf996092-8d66-408a-8d8e-5065ca3330c2,f679f4cf-c089-4a2b-9b84-b14129630601,c7e71778-7eea-4547-a989-24f4920c3c74,Lane_GmXHGGAC99,Initiator,Initiator
748c2be3-a2c3-42f7-89bd-e5494aa04ec8,52,2f49b351-61fb-11f0-9d2c-02ecd8cd8b53,bf996092-8d66-408a-8d8e-5065ca3330c2,f679f4cf-c089-4a2b-9b84-b14129630601,c7e71778-7eea-4547-a989-24f4920c3c74,Lane_SNug08gjLf,Approver,Final Review
be87b9a0-d8a3-44df-96c3-7ae1fd36b9cb,33,36e83b16-5bb6-11f0-b8ba-0affd1463659,bf996092-8d66-408a-8d8e-5065ca3330c2,f679f4cf-c089-4a2b-9b84-b14129630601,c7e71778-7eea-4547-a989-24f4920c3c74,Lane_GmXHGGAC99,Initiator,Initiator
be87b9a0-d8a3-44df-96c3-7ae1fd36b9cb,33,36e83b16-5bb6-11f0-b8ba-0affd1463659,bf996092-8d66-408a-8d8e-5065ca3330c2,f679f4cf-c089-4a2b-9b84-b14129630601,c7e71778-7eea-4547-a989-24f4920c3c74,Lane_SNug08gjLf,Approver,Final Review
623d8226-5cb8-4e7e-a34f-caba707b27a8,34,48fb75b5-5bb6-11f0-85ce-0e76b507ac35,bf996092-8d66-408a-8d8e-5065ca3330c2,f679f4cf-c089-4a2b-9b84-b14129630601,c7e71778-7eea-4547-a989-24f4920c3c74,Lane_GmXHGGAC99,Initiator,Initiator
623d8226-5cb8-4e7e-a34f-caba707b27a8,34,48fb75b5-5bb6-11f0-85ce-0e76b507ac35,bf996092-8d66-408a-8d8e-5065ca3330c2,f679f4cf-c089-4a2b-9b84-b14129630601,c7e71778-7eea-4547-a989-24f4920c3c74,Lane_SNug08gjLf,Approver,Final Review
7904b8e0-1794-4034-8273-c0d2542fd341,35,,bf996092-8d66-408a-8d8e-5065ca3330c2,f679f4cf-c089-4a2b-9b84-b14129630601,c7e71778-7eea-4547-a989-24f4920c3c74,Lane_GmXHGGAC99,Initiator,Initiator
7904b8e0-1794-4034-8273-c0d2542fd341,35,,bf996092-8d66-408a-8d8e-5065ca3330c2,f679f4cf-c089-4a2b-9b84-b14129630601,c7e71778-7eea-4547-a989-24f4920c3c74,Lane_SNug08gjLf,Approver,Final Review
b069383f-c8a0-4513-af66-7a7d3e9262cd,31,a7b8b972-5aef-11f0-ba7a-02677a6c0a19,bf996092-8d66-408a-8d8e-5065ca3330c2,f679f4cf-c089-4a2b-9b84-b14129630601,c7e71778-7eea-4547-a989-24f4920c3c74,Lane_GmXHGGAC99,Initiator,Initiator
b069383f-c8a0-4513-af66-7a7d3e9262cd,31,a7b8b972-5aef-11f0-ba7a-02677a6c0a19,bf996092-8d66-408a-8d8e-5065ca3330c2,f679f4cf-c089-4a2b-9b84-b14129630601,c7e71778-7eea-4547-a989-24f4920c3c74,Lane_SNug08gjLf,Approver,Final Review
37256ea0-c9c7-4398-ada2-1fcf9ca88b55,74,15da3251-7359-11f0-ba69-0affe15d0ad3,bf996092-8d66-408a-8d8e-5065ca3330c2,f679f4cf-c089-4a2b-9b84-b14129630601,a66d3fbb-fe01-46d3-832a-c5fb88a2f40e,Lane_jx0nBNtdWE,Initiator,Initial Review
37256ea0-c9c7-4398-ada2-1fcf9ca88b55,74,15da3251-7359-11f0-ba69-0affe15d0ad3,bf996092-8d66-408a-8d8e-5065ca3330c2,f679f4cf-c089-4a2b-9b84-b14129630601,a66d3fbb-fe01-46d3-832a-c5fb88a2f40e,Lane_EguoyjH3Vc,Reviewer 1,Review 1
37256ea0-c9c7-4398-ada2-1fcf9ca88b55,74,15da3251-7359-11f0-ba69-0affe15d0ad3,bf996092-8d66-408a-8d8e-5065ca3330c2,f679f4cf-c089-4a2b-9b84-b14129630601,a66d3fbb-fe01-46d3-832a-c5fb88a2f40e,Lane_zsglHaSx70,Reviewer 2,Review 2
37256ea0-c9c7-4398-ada2-1fcf9ca88b55,74,15da3251-7359-11f0-ba69-0affe15d0ad3,bf996092-8d66-408a-8d8e-5065ca3330c2,f679f4cf-c089-4a2b-9b84-b14129630601,a66d3fbb-fe01-46d3-832a-c5fb88a2f40e,Lane_T7P8T9PPL7,Reviewer 3,Review 3
37256ea0-c9c7-4398-ada2-1fcf9ca88b55,74,15da3251-7359-11f0-ba69-0affe15d0ad3,bf996092-8d66-408a-8d8e-5065ca3330c2,f679f4cf-c089-4a2b-9b84-b14129630601,a66d3fbb-fe01-46d3-832a-c5fb88a2f40e,Lane_wwNWDKqFHR,Approver,Final Review
58e40705-43d6-41ba-b6e7-0e4981f1bf51,99,9d0e4f1d-7d7d-11f0-946f-0215d9ab6dad,bf996092-8d66-408a-8d8e-5065ca3330c2,f679f4cf-c089-4a2b-9b84-b14129630601,c7e71778-7eea-4547-a989-24f4920c3c74,Lane_GmXHGGAC99,Initiator,Initiator
58e40705-43d6-41ba-b6e7-0e4981f1bf51,99,9d0e4f1d-7d7d-11f0-946f-0215d9ab6dad,bf996092-8d66-408a-8d8e-5065ca3330c2,f679f4cf-c089-4a2b-9b84-b14129630601,c7e71778-7eea-4547-a989-24f4920c3c74,Lane_SNug08gjLf,Approver,Final Review
e5d0f856-be0f-4938-b185-e8cf71190d7f,98,,bf996092-8d66-408a-8d8e-5065ca3330c2,f679f4cf-c089-4a2b-9b84-b14129630601,c7e71778-7eea-4547-a989-24f4920c3c74,Lane_GmXHGGAC99,Initiator,Initiator
e5d0f856-be0f-4938-b185-e8cf71190d7f,98,,bf996092-8d66-408a-8d8e-5065ca3330c2,f679f4cf-c089-4a2b-9b84-b14129630601,c7e71778-7eea-4547-a989-24f4920c3c74,Lane_SNug08gjLf,Approver,Final Review
9242dc70-f8a0-40a0-99e8-14822e3b315a,100,0b7154c5-7d8e-11f0-9661-0afff06a47b1,bf996092-8d66-408a-8d8e-5065ca3330c2,f679f4cf-c089-4a2b-9b84-b14129630601,a864c03f-e2d6-4771-9da5-460dd2a8d4f2,Lane_2FXtDM2Zbb,Initiator,Initial Review
9242dc70-f8a0-40a0-99e8-14822e3b315a,100,0b7154c5-7d8e-11f0-9661-0afff06a47b1,bf996092-8d66-408a-8d8e-5065ca3330c2,f679f4cf-c089-4a2b-9b84-b14129630601,a864c03f-e2d6-4771-9da5-460dd2a8d4f2,Lane_5a1s10mxQR,Reviewer 1,Review 1
9242dc70-f8a0-40a0-99e8-14822e3b315a,100,0b7154c5-7d8e-11f0-9661-0afff06a47b1,bf996092-8d66-408a-8d8e-5065ca3330c2,f679f4cf-c089-4a2b-9b84-b14129630601,a864c03f-e2d6-4771-9da5-460dd2a8d4f2,Lane_sJfDVw5gUD,Reviewer 2,Review 2
9242dc70-f8a0-40a0-99e8-14822e3b315a,100,0b7154c5-7d8e-11f0-9661-0afff06a47b1,bf996092-8d66-408a-8d8e-5065ca3330c2,f679f4cf-c089-4a2b-9b84-b14129630601,a864c03f-e2d6-4771-9da5-460dd2a8d4f2,Lane_mnsDNGwgRQ,Approver,Final Review
165cc1ff-e0db-488d-a469-d20b32ef1020,1,93b29eb6-5014-11f0-8be0-0affc6aaae03,bf996092-8d66-408a-8d8e-5065ca3330c2,f679f4cf-c089-4a2b-9b84-b14129630601,c7e71778-7eea-4547-a989-24f4920c3c74,Lane_g8d3tVQCiW,Initiator,Initiator
165cc1ff-e0db-488d-a469-d20b32ef1020,1,93b29eb6-5014-11f0-8be0-0affc6aaae03,bf996092-8d66-408a-8d8e-5065ca3330c2,f679f4cf-c089-4a2b-9b84-b14129630601,c7e71778-7eea-4547-a989-24f4920c3c74,Lane_S34GAdpEJD,Approver,Final Review
47398a83-f3c0-4119-8bf7-3cb04995ba70,101,659a3c51-7d8e-11f0-9b63-0edefbbefc43,bf996092-8d66-408a-8d8e-5065ca3330c2,f679f4cf-c089-4a2b-9b84-b14129630601,a864c03f-e2d6-4771-9da5-460dd2a8d4f2,Lane_2FXtDM2Zbb,Initiator,Initial Review
47398a83-f3c0-4119-8bf7-3cb04995ba70,101,659a3c51-7d8e-11f0-9b63-0edefbbefc43,bf996092-8d66-408a-8d8e-5065ca3330c2,f679f4cf-c089-4a2b-9b84-b14129630601,a864c03f-e2d6-4771-9da5-460dd2a8d4f2,Lane_5a1s10mxQR,Reviewer 1,Review 1
47398a83-f3c0-4119-8bf7-3cb04995ba70,101,659a3c51-7d8e-11f0-9b63-0edefbbefc43,bf996092-8d66-408a-8d8e-5065ca3330c2,f679f4cf-c089-4a2b-9b84-b14129630601,a864c03f-e2d6-4771-9da5-460dd2a8d4f2,Lane_sJfDVw5gUD,Reviewer 2,Review 2
47398a83-f3c0-4119-8bf7-3cb04995ba70,101,659a3c51-7d8e-11f0-9b63-0edefbbefc43,bf996092-8d66-408a-8d8e-5065ca3330c2,f679f4cf-c089-4a2b-9b84-b14129630601,a864c03f-e2d6-4771-9da5-460dd2a8d4f2,Lane_mnsDNGwgRQ,Approver,Final Review
77dbdfe9-296e-452a-8f0e-2e0beed14884,37,eacbb36c-5be2-11f0-85ce-0e76b507ac35,bf996092-8d66-408a-8d8e-5065ca3330c2,f679f4cf-c089-4a2b-9b84-b14129630601,c7e71778-7eea-4547-a989-24f4920c3c74,Lane_GmXHGGAC99,Initiator,Initiator
77dbdfe9-296e-452a-8f0e-2e0beed14884,37,eacbb36c-5be2-11f0-85ce-0e76b507ac35,bf996092-8d66-408a-8d8e-5065ca3330c2,f679f4cf-c089-4a2b-9b84-b14129630601,c7e71778-7eea-4547-a989-24f4920c3c74,Lane_SNug08gjLf,Approver,Final Review
f2d4099a-4986-4831-8163-769160088cbf,39,dfbdfccd-5c7e-11f0-b07f-0e777e0eb1e3,bf996092-8d66-408a-8d8e-5065ca3330c2,f679f4cf-c089-4a2b-9b84-b14129630601,c7e71778-7eea-4547-a989-24f4920c3c74,Lane_GmXHGGAC99,Initiator,Initiator
f2d4099a-4986-4831-8163-769160088cbf,39,dfbdfccd-5c7e-11f0-b07f-0e777e0eb1e3,bf996092-8d66-408a-8d8e-5065ca3330c2,f679f4cf-c089-4a2b-9b84-b14129630601,c7e71778-7eea-4547-a989-24f4920c3c74,Lane_SNug08gjLf,Approver,Final Review
9368a4a5-5701-4d75-8fa9-0a0e997f08b2,64,4af52ec2-6914-11f0-9661-0afff06a47b1,bf996092-8d66-408a-8d8e-5065ca3330c2,f679f4cf-c089-4a2b-9b84-b14129630601,c7e71778-7eea-4547-a989-24f4920c3c74,Lane_GmXHGGAC99,Initiator,Initiator
9368a4a5-5701-4d75-8fa9-0a0e997f08b2,64,4af52ec2-6914-11f0-9661-0afff06a47b1,bf996092-8d66-408a-8d8e-5065ca3330c2,f679f4cf-c089-4a2b-9b84-b14129630601,c7e71778-7eea-4547-a989-24f4920c3c74,Lane_SNug08gjLf,Approver,Final Review
0efde507-1c0f-43e9-943e-cb563978cdd9,60,3980993c-6619-11f0-a416-0edf6594598d,bf996092-8d66-408a-8d8e-5065ca3330c2,f679f4cf-c089-4a2b-9b84-b14129630601,a66d3fbb-fe01-46d3-832a-c5fb88a2f40e,Lane_jx0nBNtdWE,Initiator,Initial Review
0efde507-1c0f-43e9-943e-cb563978cdd9,60,3980993c-6619-11f0-a416-0edf6594598d,bf996092-8d66-408a-8d8e-5065ca3330c2,f679f4cf-c089-4a2b-9b84-b14129630601,a66d3fbb-fe01-46d3-832a-c5fb88a2f40e,Lane_EguoyjH3Vc,Reviewer 1,Review 1
0efde507-1c0f-43e9-943e-cb563978cdd9,60,3980993c-6619-11f0-a416-0edf6594598d,bf996092-8d66-408a-8d8e-5065ca3330c2,f679f4cf-c089-4a2b-9b84-b14129630601,a66d3fbb-fe01-46d3-832a-c5fb88a2f40e,Lane_zsglHaSx70,Reviewer 2,Review 2
0efde507-1c0f-43e9-943e-cb563978cdd9,60,3980993c-6619-11f0-a416-0edf6594598d,bf996092-8d66-408a-8d8e-5065ca3330c2,f679f4cf-c089-4a2b-9b84-b14129630601,a66d3fbb-fe01-46d3-832a-c5fb88a2f40e,Lane_T7P8T9PPL7,Reviewer 3,Review 3
0efde507-1c0f-43e9-943e-cb563978cdd9,60,3980993c-6619-11f0-a416-0edf6594598d,bf996092-8d66-408a-8d8e-5065ca3330c2,f679f4cf-c089-4a2b-9b84-b14129630601,a66d3fbb-fe01-46d3-832a-c5fb88a2f40e,Lane_wwNWDKqFHR,Approver,Final Review
96053905-e9bb-4d0e-9679-ec72b16d2cba,69,68ec1282-6c3a-11f0-946f-0215d9ab6dad,bf996092-8d66-408a-8d8e-5065ca3330c2,f679f4cf-c089-4a2b-9b84-b14129630601,791b55cd-de09-4a32-8149-6f8b602c7817,Lane_sPvYH5TCBT,Initiator,Initiator
96053905-e9bb-4d0e-9679-ec72b16d2cba,69,68ec1282-6c3a-11f0-946f-0215d9ab6dad,bf996092-8d66-408a-8d8e-5065ca3330c2,f679f4cf-c089-4a2b-9b84-b14129630601,791b55cd-de09-4a32-8149-6f8b602c7817,Lane_sMy3hzWLgY,Reviewer,Initial Review
96053905-e9bb-4d0e-9679-ec72b16d2cba,69,68ec1282-6c3a-11f0-946f-0215d9ab6dad,bf996092-8d66-408a-8d8e-5065ca3330c2,f679f4cf-c089-4a2b-9b84-b14129630601,791b55cd-de09-4a32-8149-6f8b602c7817,Lane_e0QN0jHbEb,Approver,Final Review
504178f8-9400-4a2c-a29c-ae890091f86b,114,3e67f5c8-8491-11f0-9661-0afff06a47b1,bf996092-8d66-408a-8d8e-5065ca3330c2,f679f4cf-c089-4a2b-9b84-b14129630601,c7e71778-7eea-4547-a989-24f4920c3c74,Lane_eveIC5hOl5,Initiator,Initiator
504178f8-9400-4a2c-a29c-ae890091f86b,114,3e67f5c8-8491-11f0-9661-0afff06a47b1,bf996092-8d66-408a-8d8e-5065ca3330c2,f679f4cf-c089-4a2b-9b84-b14129630601,c7e71778-7eea-4547-a989-24f4920c3c74,Lane_BDnFNuLoiG,Approver,Final Review
4d4fe0da-c9af-453b-8d7c-5aae4e1d45b2,113,c23fb50d-83f0-11f0-946f-0215d9ab6dad,bf996092-8d66-408a-8d8e-5065ca3330c2,f679f4cf-c089-4a2b-9b84-b14129630601,a66d3fbb-fe01-46d3-832a-c5fb88a2f40e,Lane_qoY6EnugGU,Initiator,Initial Review
4d4fe0da-c9af-453b-8d7c-5aae4e1d45b2,113,c23fb50d-83f0-11f0-946f-0215d9ab6dad,bf996092-8d66-408a-8d8e-5065ca3330c2,f679f4cf-c089-4a2b-9b84-b14129630601,a66d3fbb-fe01-46d3-832a-c5fb88a2f40e,Lane_oeVNS6TfZN,Reviewer 1,Review 1
4d4fe0da-c9af-453b-8d7c-5aae4e1d45b2,113,c23fb50d-83f0-11f0-946f-0215d9ab6dad,bf996092-8d66-408a-8d8e-5065ca3330c2,f679f4cf-c089-4a2b-9b84-b14129630601,a66d3fbb-fe01-46d3-832a-c5fb88a2f40e,Lane_KaiNmLFAwi,Reviewer 2,Review 2
4d4fe0da-c9af-453b-8d7c-5aae4e1d45b2,113,c23fb50d-83f0-11f0-946f-0215d9ab6dad,bf996092-8d66-408a-8d8e-5065ca3330c2,f679f4cf-c089-4a2b-9b84-b14129630601,a66d3fbb-fe01-46d3-832a-c5fb88a2f40e,Lane_Ff7trAhgyy,Reviewer 3,Review 3
4d4fe0da-c9af-453b-8d7c-5aae4e1d45b2,113,c23fb50d-83f0-11f0-946f-0215d9ab6dad,bf996092-8d66-408a-8d8e-5065ca3330c2,f679f4cf-c089-4a2b-9b84-b14129630601,a66d3fbb-fe01-46d3-832a-c5fb88a2f40e,Lane_ZZGBJD8WRj,Approver,Final Review
8be167dd-199f-47be-82dd-690f5cfbeb43,84,57a965df-76ab-11f0-9b63-0edefbbefc43,bf996092-8d66-408a-8d8e-5065ca3330c2,f679f4cf-c089-4a2b-9b84-b14129630601,c7e71778-7eea-4547-a989-24f4920c3c74,Lane_GmXHGGAC99,Initiator,Initiator
8be167dd-199f-47be-82dd-690f5cfbeb43,84,57a965df-76ab-11f0-9b63-0edefbbefc43,bf996092-8d66-408a-8d8e-5065ca3330c2,f679f4cf-c089-4a2b-9b84-b14129630601,c7e71778-7eea-4547-a989-24f4920c3c74,Lane_SNug08gjLf,Approver,Final Review
16ad402d-5876-40d5-ba52-f4418e196e1d,85,8e59f2db-76ab-11f0-8bd5-0232a6c7fd05,bf996092-8d66-408a-8d8e-5065ca3330c2,f679f4cf-c089-4a2b-9b84-b14129630601,c7e71778-7eea-4547-a989-24f4920c3c74,Lane_GmXHGGAC99,Initiator,Initiator
16ad402d-5876-40d5-ba52-f4418e196e1d,85,8e59f2db-76ab-11f0-8bd5-0232a6c7fd05,bf996092-8d66-408a-8d8e-5065ca3330c2,f679f4cf-c089-4a2b-9b84-b14129630601,c7e71778-7eea-4547-a989-24f4920c3c74,Lane_SNug08gjLf,Approver,Final Review
0c4892fc-3710-4e8b-a3cf-41925c69e985,86,ba16b1f5-76ab-11f0-a747-0e0be9602fab,bf996092-8d66-408a-8d8e-5065ca3330c2,f679f4cf-c089-4a2b-9b84-b14129630601,c7e71778-7eea-4547-a989-24f4920c3c74,Lane_GmXHGGAC99,Initiator,Initiator
0c4892fc-3710-4e8b-a3cf-41925c69e985,86,ba16b1f5-76ab-11f0-a747-0e0be9602fab,bf996092-8d66-408a-8d8e-5065ca3330c2,f679f4cf-c089-4a2b-9b84-b14129630601,c7e71778-7eea-4547-a989-24f4920c3c74,Lane_SNug08gjLf,Approver,Final Review
34fb431c-8a77-4286-9c69-56ff5135f125,87,742e7c01-7739-11f0-8e65-0afff7224aab,bf996092-8d66-408a-8d8e-5065ca3330c2,f679f4cf-c089-4a2b-9b84-b14129630601,c7e71778-7eea-4547-a989-24f4920c3c74,Lane_GmXHGGAC99,Initiator,Initiator
34fb431c-8a77-4286-9c69-56ff5135f125,87,742e7c01-7739-11f0-8e65-0afff7224aab,bf996092-8d66-408a-8d8e-5065ca3330c2,f679f4cf-c089-4a2b-9b84-b14129630601,c7e71778-7eea-4547-a989-24f4920c3c74,Lane_SNug08gjLf,Approver,Final Review
03d6aacb-3531-4627-986c-2f98e8c60d1b,18,ec8fc979-55ab-11f0-9793-0affd9364fab,bf996092-8d66-408a-8d8e-5065ca3330c2,f679f4cf-c089-4a2b-9b84-b14129630601,c7e71778-7eea-4547-a989-24f4920c3c74,Lane_GmXHGGAC99,Initiator,Initiator
03d6aacb-3531-4627-986c-2f98e8c60d1b,18,ec8fc979-55ab-11f0-9793-0affd9364fab,bf996092-8d66-408a-8d8e-5065ca3330c2,f679f4cf-c089-4a2b-9b84-b14129630601,c7e71778-7eea-4547-a989-24f4920c3c74,Lane_SNug08gjLf,Approver,Final Review
16fd4f47-85ba-4d10-adf9-e60336fcba08,40,,bf996092-8d66-408a-8d8e-5065ca3330c2,f679f4cf-c089-4a2b-9b84-b14129630601,c7e71778-7eea-4547-a989-24f4920c3c74,Lane_GmXHGGAC99,Initiator,Initiator
16fd4f47-85ba-4d10-adf9-e60336fcba08,40,,bf996092-8d66-408a-8d8e-5065ca3330c2,f679f4cf-c089-4a2b-9b84-b14129630601,c7e71778-7eea-4547-a989-24f4920c3c74,Lane_SNug08gjLf,Approver,Final Review
c4020f8c-368b-4ba0-b263-b4d6c5b4b1d2,41,07fb50ba-5d51-11f0-ba7a-02677a6c0a19,bf996092-8d66-408a-8d8e-5065ca3330c2,f679f4cf-c089-4a2b-9b84-b14129630601,c7e71778-7eea-4547-a989-24f4920c3c74,Lane_GmXHGGAC99,Initiator,Initiator
c4020f8c-368b-4ba0-b263-b4d6c5b4b1d2,41,07fb50ba-5d51-11f0-ba7a-02677a6c0a19,bf996092-8d66-408a-8d8e-5065ca3330c2,f679f4cf-c089-4a2b-9b84-b14129630601,c7e71778-7eea-4547-a989-24f4920c3c74,Lane_SNug08gjLf,Approver,Final Review
b384fc16-e221-4b5b-9a64-1221cb269d5b,55,b5a26262-62eb-11f0-994a-0eab63e03b0b,bf996092-8d66-408a-8d8e-5065ca3330c2,f679f4cf-c089-4a2b-9b84-b14129630601,c7e71778-7eea-4547-a989-24f4920c3c74,Lane_GmXHGGAC99,Initiator,Initiator
b384fc16-e221-4b5b-9a64-1221cb269d5b,55,b5a26262-62eb-11f0-994a-0eab63e03b0b,bf996092-8d66-408a-8d8e-5065ca3330c2,f679f4cf-c089-4a2b-9b84-b14129630601,c7e71778-7eea-4547-a989-24f4920c3c74,Lane_SNug08gjLf,Approver,Final Review
58554ae4-0b9d-42ae-8de4-03007bb8824e,56,4add9d5a-6395-11f0-994a-0eab63e03b0b,bf996092-8d66-408a-8d8e-5065ca3330c2,f679f4cf-c089-4a2b-9b84-b14129630601,c7e71778-7eea-4547-a989-24f4920c3c74,Lane_GmXHGGAC99,Initiator,Initiator
58554ae4-0b9d-42ae-8de4-03007bb8824e,56,4add9d5a-6395-11f0-994a-0eab63e03b0b,bf996092-8d66-408a-8d8e-5065ca3330c2,f679f4cf-c089-4a2b-9b84-b14129630601,c7e71778-7eea-4547-a989-24f4920c3c74,Lane_SNug08gjLf,Approver,Final Review
cd759df7-e419-471f-939a-f5c58ab8de86,42,3402bba2-5d70-11f0-b8ba-0affd1463659,bf996092-8d66-408a-8d8e-5065ca3330c2,f679f4cf-c089-4a2b-9b84-b14129630601,09f6f3d5-d713-408a-bfbd-469dcc146605,Lane_B6c1vpIDYj,Initiator,Initial Review
cd759df7-e419-471f-939a-f5c58ab8de86,42,3402bba2-5d70-11f0-b8ba-0affd1463659,bf996092-8d66-408a-8d8e-5065ca3330c2,f679f4cf-c089-4a2b-9b84-b14129630601,09f6f3d5-d713-408a-bfbd-469dcc146605,Lane_cxMoGfwkqL,Approver,Final Review
c774fc16-eb6c-45dc-a5e3-6aa7c0640413,102,54136322-7e52-11f0-9661-0afff06a47b1,bf996092-8d66-408a-8d8e-5065ca3330c2,f679f4cf-c089-4a2b-9b84-b14129630601,c7e71778-7eea-4547-a989-24f4920c3c74,Lane_GmXHGGAC99,Initiator,Initiator
c774fc16-eb6c-45dc-a5e3-6aa7c0640413,102,54136322-7e52-11f0-9661-0afff06a47b1,bf996092-8d66-408a-8d8e-5065ca3330c2,f679f4cf-c089-4a2b-9b84-b14129630601,c7e71778-7eea-4547-a989-24f4920c3c74,Lane_SNug08gjLf,Approver,Final Review
3f357d54-ddf4-47e1-8e34-e8fe6ffa36e8,43,91e3848b-5d7c-11f0-b41e-0e1a305bfb29,bf996092-8d66-408a-8d8e-5065ca3330c2,f679f4cf-c089-4a2b-9b84-b14129630601,09f6f3d5-d713-408a-bfbd-469dcc146605,Lane_B6c1vpIDYj,Initiator,Initial Review
3f357d54-ddf4-47e1-8e34-e8fe6ffa36e8,43,91e3848b-5d7c-11f0-b41e-0e1a305bfb29,bf996092-8d66-408a-8d8e-5065ca3330c2,f679f4cf-c089-4a2b-9b84-b14129630601,09f6f3d5-d713-408a-bfbd-469dcc146605,Lane_cxMoGfwkqL,Approver,Final Review
555f18a6-bdc3-40cf-b549-20331a2216b8,44,6eddb058-5d7e-11f0-aa18-0affcce8a0f5,bf996092-8d66-408a-8d8e-5065ca3330c2,f679f4cf-c089-4a2b-9b84-b14129630601,09f6f3d5-d713-408a-bfbd-469dcc146605,Lane_B6c1vpIDYj,Initiator,Initial Review
555f18a6-bdc3-40cf-b549-20331a2216b8,44,6eddb058-5d7e-11f0-aa18-0affcce8a0f5,bf996092-8d66-408a-8d8e-5065ca3330c2,f679f4cf-c089-4a2b-9b84-b14129630601,09f6f3d5-d713-408a-bfbd-469dcc146605,Lane_cxMoGfwkqL,Approver,Final Review
f77ea430-50e5-416d-8817-d0717ed590bf,45,a0482e44-5d7f-11f0-b41e-0e1a305bfb29,bf996092-8d66-408a-8d8e-5065ca3330c2,f679f4cf-c089-4a2b-9b84-b14129630601,09f6f3d5-d713-408a-bfbd-469dcc146605,Lane_B6c1vpIDYj,Initiator,Initial Review
f77ea430-50e5-416d-8817-d0717ed590bf,45,a0482e44-5d7f-11f0-b41e-0e1a305bfb29,bf996092-8d66-408a-8d8e-5065ca3330c2,f679f4cf-c089-4a2b-9b84-b14129630601,09f6f3d5-d713-408a-bfbd-469dcc146605,Lane_cxMoGfwkqL,Approver,Final Review
71d17682-5315-49ed-9e88-0ba1b17265a4,5,3956733b-5191-11f0-9601-0e519ab32f63,bf996092-8d66-408a-8d8e-5065ca3330c2,f679f4cf-c089-4a2b-9b84-b14129630601,c7e71778-7eea-4547-a989-24f4920c3c74,Lane_GmXHGGAC99,Initiator,Initiator
71d17682-5315-49ed-9e88-0ba1b17265a4,5,3956733b-5191-11f0-9601-0e519ab32f63,bf996092-8d66-408a-8d8e-5065ca3330c2,f679f4cf-c089-4a2b-9b84-b14129630601,c7e71778-7eea-4547-a989-24f4920c3c74,Lane_SNug08gjLf,Approver,Final Review
2c06f147-f372-4414-90f8-6814cf24878e,53,25081f3d-6220-11f0-87b6-0e47164080f7,bf996092-8d66-408a-8d8e-5065ca3330c2,f679f4cf-c089-4a2b-9b84-b14129630601,09f6f3d5-d713-408a-bfbd-469dcc146605,Lane_B6c1vpIDYj,Initiator,Initial Review
2c06f147-f372-4414-90f8-6814cf24878e,53,25081f3d-6220-11f0-87b6-0e47164080f7,bf996092-8d66-408a-8d8e-5065ca3330c2,f679f4cf-c089-4a2b-9b84-b14129630601,09f6f3d5-d713-408a-bfbd-469dcc146605,Lane_cxMoGfwkqL,Approver,Final Review
f5d0db82-56f9-4ac9-ad98-dfb6e8d1a11c,54,391ea346-6220-11f0-8b24-0affee9495d5,bf996092-8d66-408a-8d8e-5065ca3330c2,f679f4cf-c089-4a2b-9b84-b14129630601,09f6f3d5-d713-408a-bfbd-469dcc146605,Lane_B6c1vpIDYj,Initiator,Initial Review
f5d0db82-56f9-4ac9-ad98-dfb6e8d1a11c,54,391ea346-6220-11f0-8b24-0affee9495d5,bf996092-8d66-408a-8d8e-5065ca3330c2,f679f4cf-c089-4a2b-9b84-b14129630601,09f6f3d5-d713-408a-bfbd-469dcc146605,Lane_cxMoGfwkqL,Approver,Final Review
73801998-c9cb-4564-ad09-2db47280d9ad,65,6cb2377b-69d3-11f0-9661-0afff06a47b1,bf996092-8d66-408a-8d8e-5065ca3330c2,f679f4cf-c089-4a2b-9b84-b14129630601,c7e71778-7eea-4547-a989-24f4920c3c74,Lane_GmXHGGAC99,Initiator,Initiator
73801998-c9cb-4564-ad09-2db47280d9ad,65,6cb2377b-69d3-11f0-9661-0afff06a47b1,bf996092-8d66-408a-8d8e-5065ca3330c2,f679f4cf-c089-4a2b-9b84-b14129630601,c7e71778-7eea-4547-a989-24f4920c3c74,Lane_SNug08gjLf,Approver,Final Review
c3f141a2-a7bc-4995-b4f5-5c32bf140423,66,5305d983-6a9c-11f0-946f-0215d9ab6dad,bf996092-8d66-408a-8d8e-5065ca3330c2,f679f4cf-c089-4a2b-9b84-b14129630601,c7e71778-7eea-4547-a989-24f4920c3c74,Lane_GmXHGGAC99,Initiator,Initiator
c3f141a2-a7bc-4995-b4f5-5c32bf140423,66,5305d983-6a9c-11f0-946f-0215d9ab6dad,bf996092-8d66-408a-8d8e-5065ca3330c2,f679f4cf-c089-4a2b-9b84-b14129630601,c7e71778-7eea-4547-a989-24f4920c3c74,Lane_SNug08gjLf,Approver,Final Review
8a505c19-6f2c-4571-a7fa-53bc61828f6c,67,023fdb9a-6b6a-11f0-a747-0e0be9602fab,bf996092-8d66-408a-8d8e-5065ca3330c2,f679f4cf-c089-4a2b-9b84-b14129630601,c7e71778-7eea-4547-a989-24f4920c3c74,Lane_GmXHGGAC99,Initiator,Initiator
8a505c19-6f2c-4571-a7fa-53bc61828f6c,67,023fdb9a-6b6a-11f0-a747-0e0be9602fab,bf996092-8d66-408a-8d8e-5065ca3330c2,f679f4cf-c089-4a2b-9b84-b14129630601,c7e71778-7eea-4547-a989-24f4920c3c74,Lane_SNug08gjLf,Approver,Final Review
a838c6a9-d5a1-475f-bb6c-a2cabf2ee3a5,7,b07051c0-76be-11f0-8bd5-0232a6c7fd05,bf996092-8d66-408a-8d8e-5065ca3330c2,f679f4cf-c089-4a2b-9b84-b14129630601,a66d3fbb-fe01-46d3-832a-c5fb88a2f40e,Lane_jx0nBNtdWE,Initiator,Initial Review
a838c6a9-d5a1-475f-bb6c-a2cabf2ee3a5,7,b07051c0-76be-11f0-8bd5-0232a6c7fd05,bf996092-8d66-408a-8d8e-5065ca3330c2,f679f4cf-c089-4a2b-9b84-b14129630601,a66d3fbb-fe01-46d3-832a-c5fb88a2f40e,Lane_EguoyjH3Vc,Reviewer 1,Review 1
a838c6a9-d5a1-475f-bb6c-a2cabf2ee3a5,7,b07051c0-76be-11f0-8bd5-0232a6c7fd05,bf996092-8d66-408a-8d8e-5065ca3330c2,f679f4cf-c089-4a2b-9b84-b14129630601,a66d3fbb-fe01-46d3-832a-c5fb88a2f40e,Lane_zsglHaSx70,Reviewer 2,Review 2
a838c6a9-d5a1-475f-bb6c-a2cabf2ee3a5,7,b07051c0-76be-11f0-8bd5-0232a6c7fd05,bf996092-8d66-408a-8d8e-5065ca3330c2,f679f4cf-c089-4a2b-9b84-b14129630601,a66d3fbb-fe01-46d3-832a-c5fb88a2f40e,Lane_T7P8T9PPL7,Reviewer 3,Review 3
a838c6a9-d5a1-475f-bb6c-a2cabf2ee3a5,7,b07051c0-76be-11f0-8bd5-0232a6c7fd05,bf996092-8d66-408a-8d8e-5065ca3330c2,f679f4cf-c089-4a2b-9b84-b14129630601,a66d3fbb-fe01-46d3-832a-c5fb88a2f40e,Lane_wwNWDKqFHR,Approver,Final Review
b1e48b39-40e3-437a-9fbf-7294a777d39e,24,0a78c626-57cb-11f0-85ce-0e76b507ac35,bf996092-8d66-408a-8d8e-5065ca3330c2,f679f4cf-c089-4a2b-9b84-b14129630601,c7e71778-7eea-4547-a989-24f4920c3c74,Lane_GmXHGGAC99,Initiator,Initiator
b1e48b39-40e3-437a-9fbf-7294a777d39e,24,0a78c626-57cb-11f0-85ce-0e76b507ac35,bf996092-8d66-408a-8d8e-5065ca3330c2,f679f4cf-c089-4a2b-9b84-b14129630601,c7e71778-7eea-4547-a989-24f4920c3c74,Lane_SNug08gjLf,Approver,Final Review
f3db41b9-b20b-4ec5-ba91-d1677494b135,19,1985a4b9-55ac-11f0-bb6c-024cf0d6ba5b,bf996092-8d66-408a-8d8e-5065ca3330c2,f679f4cf-c089-4a2b-9b84-b14129630601,c7e71778-7eea-4547-a989-24f4920c3c74,Lane_GmXHGGAC99,Initiator,Initiator
f3db41b9-b20b-4ec5-ba91-d1677494b135,19,1985a4b9-55ac-11f0-bb6c-024cf0d6ba5b,bf996092-8d66-408a-8d8e-5065ca3330c2,f679f4cf-c089-4a2b-9b84-b14129630601,c7e71778-7eea-4547-a989-24f4920c3c74,Lane_SNug08gjLf,Approver,Final Review
ef63ca15-718e-49c3-8675-33f7392ad768,21,3d43d61b-5630-11f0-b41e-0e1a305bfb29,bf996092-8d66-408a-8d8e-5065ca3330c2,f679f4cf-c089-4a2b-9b84-b14129630601,c7e71778-7eea-4547-a989-24f4920c3c74,Lane_GmXHGGAC99,Initiator,Initiator
ef63ca15-718e-49c3-8675-33f7392ad768,21,3d43d61b-5630-11f0-b41e-0e1a305bfb29,bf996092-8d66-408a-8d8e-5065ca3330c2,f679f4cf-c089-4a2b-9b84-b14129630601,c7e71778-7eea-4547-a989-24f4920c3c74,Lane_SNug08gjLf,Approver,Final Review
9ceade32-f3dd-4a29-a0ba-fec6f984fc5e,23,7fb19611-56fb-11f0-b07f-0e777e0eb1e3,bf996092-8d66-408a-8d8e-5065ca3330c2,f679f4cf-c089-4a2b-9b84-b14129630601,c7e71778-7eea-4547-a989-24f4920c3c74,Lane_GmXHGGAC99,Initiator,Initiator
9ceade32-f3dd-4a29-a0ba-fec6f984fc5e,23,7fb19611-56fb-11f0-b07f-0e777e0eb1e3,bf996092-8d66-408a-8d8e-5065ca3330c2,f679f4cf-c089-4a2b-9b84-b14129630601,c7e71778-7eea-4547-a989-24f4920c3c74,Lane_SNug08gjLf,Approver,Final Review
c483817a-98de-4dff-9f89-4f3cad7b7d57,20,3f3466ef-55ac-11f0-9c77-02d9a35b2c71,bf996092-8d66-408a-8d8e-5065ca3330c2,f679f4cf-c089-4a2b-9b84-b14129630601,c7e71778-7eea-4547-a989-24f4920c3c74,Lane_GmXHGGAC99,Initiator,Initiator
c483817a-98de-4dff-9f89-4f3cad7b7d57,20,3f3466ef-55ac-11f0-9c77-02d9a35b2c71,bf996092-8d66-408a-8d8e-5065ca3330c2,f679f4cf-c089-4a2b-9b84-b14129630601,c7e71778-7eea-4547-a989-24f4920c3c74,Lane_SNug08gjLf,Approver,Final Review
71704312-402a-4714-b2e1-7a2af4c0d04b,88,ef558e53-7800-11f0-946f-0215d9ab6dad,bf996092-8d66-408a-8d8e-5065ca3330c2,f679f4cf-c089-4a2b-9b84-b14129630601,c7e71778-7eea-4547-a989-24f4920c3c74,Lane_GmXHGGAC99,Initiator,Initiator
71704312-402a-4714-b2e1-7a2af4c0d04b,88,ef558e53-7800-11f0-946f-0215d9ab6dad,bf996092-8d66-408a-8d8e-5065ca3330c2,f679f4cf-c089-4a2b-9b84-b14129630601,c7e71778-7eea-4547-a989-24f4920c3c74,Lane_SNug08gjLf,Approver,Final Review
62cdc88d-3f80-42f2-bfd7-33cb7b5be060,46,fb856fd3-5e0c-11f0-aa18-0affcce8a0f5,bf996092-8d66-408a-8d8e-5065ca3330c2,f679f4cf-c089-4a2b-9b84-b14129630601,c7e71778-7eea-4547-a989-24f4920c3c74,Lane_GmXHGGAC99,Initiator,Initiator
62cdc88d-3f80-42f2-bfd7-33cb7b5be060,46,fb856fd3-5e0c-11f0-aa18-0affcce8a0f5,bf996092-8d66-408a-8d8e-5065ca3330c2,f679f4cf-c089-4a2b-9b84-b14129630601,c7e71778-7eea-4547-a989-24f4920c3c74,Lane_SNug08gjLf,Approver,Final Review
80ceb732-6721-494a-a720-16cfdea2a5cd,36,,bf996092-8d66-408a-8d8e-5065ca3330c2,f679f4cf-c089-4a2b-9b84-b14129630601,c7e71778-7eea-4547-a989-24f4920c3c74,Lane_GmXHGGAC99,Initiator,Initiator
80ceb732-6721-494a-a720-16cfdea2a5cd,36,,bf996092-8d66-408a-8d8e-5065ca3330c2,f679f4cf-c089-4a2b-9b84-b14129630601,c7e71778-7eea-4547-a989-24f4920c3c74,Lane_SNug08gjLf,Approver,Final Review
efab657c-e188-4445-8b06-8e77a0a2f2c6,28,,bf996092-8d66-408a-8d8e-5065ca3330c2,f679f4cf-c089-4a2b-9b84-b14129630601,c7e71778-7eea-4547-a989-24f4920c3c74,Lane_GmXHGGAC99,Initiator,Initiator
efab657c-e188-4445-8b06-8e77a0a2f2c6,28,,bf996092-8d66-408a-8d8e-5065ca3330c2,f679f4cf-c089-4a2b-9b84-b14129630601,c7e71778-7eea-4547-a989-24f4920c3c74,Lane_SNug08gjLf,Approver,Final Review
7e598275-9b2c-4674-b384-a15c27098c1d,22,,bf996092-8d66-408a-8d8e-5065ca3330c2,f679f4cf-c089-4a2b-9b84-b14129630601,a76c3678-862d-4ef6-a5b5-21637ecdb955,Lane_oD0oT8bAmr,Initiator,Initiator
7e598275-9b2c-4674-b384-a15c27098c1d,22,,bf996092-8d66-408a-8d8e-5065ca3330c2,f679f4cf-c089-4a2b-9b84-b14129630601,a76c3678-862d-4ef6-a5b5-21637ecdb955,Lane_VoLbGF0djc,Reviewer 1,Initial Review 1
7e598275-9b2c-4674-b384-a15c27098c1d,22,,bf996092-8d66-408a-8d8e-5065ca3330c2,f679f4cf-c089-4a2b-9b84-b14129630601,a76c3678-862d-4ef6-a5b5-21637ecdb955,Lane_RZVrlVcKf4,Reviewer 2,Initial Review 2
7e598275-9b2c-4674-b384-a15c27098c1d,22,,bf996092-8d66-408a-8d8e-5065ca3330c2,f679f4cf-c089-4a2b-9b84-b14129630601,a76c3678-862d-4ef6-a5b5-21637ecdb955,Lane_iDzJL2nJlQ,Approver,Final Review
b6e2e0b7-e29b-4526-80bb-a24478ffff15,47,3eb2653d-5e18-11f0-b8ba-0affd1463659,bf996092-8d66-408a-8d8e-5065ca3330c2,f679f4cf-c089-4a2b-9b84-b14129630601,09f6f3d5-d713-408a-bfbd-469dcc146605,Lane_B6c1vpIDYj,Initiator,Initial Review
b6e2e0b7-e29b-4526-80bb-a24478ffff15,47,3eb2653d-5e18-11f0-b8ba-0affd1463659,bf996092-8d66-408a-8d8e-5065ca3330c2,f679f4cf-c089-4a2b-9b84-b14129630601,09f6f3d5-d713-408a-bfbd-469dcc146605,Lane_cxMoGfwkqL,Approver,Final Review
19fabdbb-eaaf-4064-b4ff-6a4637ce2161,57,bf4b5186-6454-11f0-a416-0edf6594598d,bf996092-8d66-408a-8d8e-5065ca3330c2,f679f4cf-c089-4a2b-9b84-b14129630601,c7e71778-7eea-4547-a989-24f4920c3c74,Lane_GmXHGGAC99,Initiator,Initiator
19fabdbb-eaaf-4064-b4ff-6a4637ce2161,57,bf4b5186-6454-11f0-a416-0edf6594598d,bf996092-8d66-408a-8d8e-5065ca3330c2,f679f4cf-c089-4a2b-9b84-b14129630601,c7e71778-7eea-4547-a989-24f4920c3c74,Lane_SNug08gjLf,Approver,Final Review
579e384a-1413-4e87-bc14-65ab430c4210,58,7efa0c93-652f-11f0-a416-0edf6594598d,bf996092-8d66-408a-8d8e-5065ca3330c2,f679f4cf-c089-4a2b-9b84-b14129630601,c7e71778-7eea-4547-a989-24f4920c3c74,Lane_GmXHGGAC99,Initiator,Initiator
579e384a-1413-4e87-bc14-65ab430c4210,58,7efa0c93-652f-11f0-a416-0edf6594598d,bf996092-8d66-408a-8d8e-5065ca3330c2,f679f4cf-c089-4a2b-9b84-b14129630601,c7e71778-7eea-4547-a989-24f4920c3c74,Lane_SNug08gjLf,Approver,Final Review
2afc6ddd-f212-4bab-8c3c-8db99319df00,59,ffc286e2-65e5-11f0-a70e-0afff35398af,bf996092-8d66-408a-8d8e-5065ca3330c2,f679f4cf-c089-4a2b-9b84-b14129630601,c7e71778-7eea-4547-a989-24f4920c3c74,Lane_GmXHGGAC99,Initiator,Initiator
2afc6ddd-f212-4bab-8c3c-8db99319df00,59,ffc286e2-65e5-11f0-a70e-0afff35398af,bf996092-8d66-408a-8d8e-5065ca3330c2,f679f4cf-c089-4a2b-9b84-b14129630601,c7e71778-7eea-4547-a989-24f4920c3c74,Lane_SNug08gjLf,Approver,Final Review
b89dd4d2-af90-4e71-bf52-d70abd5ff237,68,b166518f-6c33-11f0-9661-0afff06a47b1,bf996092-8d66-408a-8d8e-5065ca3330c2,f679f4cf-c089-4a2b-9b84-b14129630601,c7e71778-7eea-4547-a989-24f4920c3c74,Lane_GmXHGGAC99,Initiator,Initiator
b89dd4d2-af90-4e71-bf52-d70abd5ff237,68,b166518f-6c33-11f0-9661-0afff06a47b1,bf996092-8d66-408a-8d8e-5065ca3330c2,f679f4cf-c089-4a2b-9b84-b14129630601,c7e71778-7eea-4547-a989-24f4920c3c74,Lane_SNug08gjLf,Approver,Final Review
bfe5c754-0c12-4b5e-9731-2ebb21b10b02,76,d8f3019f-7280-11f0-a747-0e0be9602fab,bf996092-8d66-408a-8d8e-5065ca3330c2,f679f4cf-c089-4a2b-9b84-b14129630601,c7e71778-7eea-4547-a989-24f4920c3c74,Lane_GmXHGGAC99,Initiator,Initiator
bfe5c754-0c12-4b5e-9731-2ebb21b10b02,76,d8f3019f-7280-11f0-a747-0e0be9602fab,bf996092-8d66-408a-8d8e-5065ca3330c2,f679f4cf-c089-4a2b-9b84-b14129630601,c7e71778-7eea-4547-a989-24f4920c3c74,Lane_SNug08gjLf,Approver,Final Review
c1dbef37-336d-459b-9c5c-a49537b00ff1,77,fb1541f3-7280-11f0-ba69-0affe15d0ad3,bf996092-8d66-408a-8d8e-5065ca3330c2,f679f4cf-c089-4a2b-9b84-b14129630601,c7e71778-7eea-4547-a989-24f4920c3c74,Lane_GmXHGGAC99,Initiator,Initiator
c1dbef37-336d-459b-9c5c-a49537b00ff1,77,fb1541f3-7280-11f0-ba69-0affe15d0ad3,bf996092-8d66-408a-8d8e-5065ca3330c2,f679f4cf-c089-4a2b-9b84-b14129630601,c7e71778-7eea-4547-a989-24f4920c3c74,Lane_SNug08gjLf,Approver,Final Review
6a91fb98-b5db-4fd8-af52-18b38b0ebb4f,78,30c54e31-7281-11f0-9b63-0edefbbefc43,bf996092-8d66-408a-8d8e-5065ca3330c2,f679f4cf-c089-4a2b-9b84-b14129630601,c7e71778-7eea-4547-a989-24f4920c3c74,Lane_GmXHGGAC99,Initiator,Initiator
6a91fb98-b5db-4fd8-af52-18b38b0ebb4f,78,30c54e31-7281-11f0-9b63-0edefbbefc43,bf996092-8d66-408a-8d8e-5065ca3330c2,f679f4cf-c089-4a2b-9b84-b14129630601,c7e71778-7eea-4547-a989-24f4920c3c74,Lane_SNug08gjLf,Approver,Final Review
29437e4b-d09e-46cf-8e13-f3d465ddf018,79,0c21290f-7282-11f0-8e03-023b6ba72275,bf996092-8d66-408a-8d8e-5065ca3330c2,f679f4cf-c089-4a2b-9b84-b14129630601,c7e71778-7eea-4547-a989-24f4920c3c74,Lane_GmXHGGAC99,Initiator,Initiator
29437e4b-d09e-46cf-8e13-f3d465ddf018,79,0c21290f-7282-11f0-8e03-023b6ba72275,bf996092-8d66-408a-8d8e-5065ca3330c2,f679f4cf-c089-4a2b-9b84-b14129630601,c7e71778-7eea-4547-a989-24f4920c3c74,Lane_SNug08gjLf,Approver,Final Review
4931fa5c-1bcc-43dc-a724-c4161391edf4,80,5aafd409-7283-11f0-8e03-023b6ba72275,bf996092-8d66-408a-8d8e-5065ca3330c2,f679f4cf-c089-4a2b-9b84-b14129630601,c7e71778-7eea-4547-a989-24f4920c3c74,Lane_GmXHGGAC99,Initiator,Initiator
4931fa5c-1bcc-43dc-a724-c4161391edf4,80,5aafd409-7283-11f0-8e03-023b6ba72275,bf996092-8d66-408a-8d8e-5065ca3330c2,f679f4cf-c089-4a2b-9b84-b14129630601,c7e71778-7eea-4547-a989-24f4920c3c74,Lane_SNug08gjLf,Approver,Final Review
acecaf3c-c97f-4bcb-95a1-3f765595f68d,12,,bf996092-8d66-408a-8d8e-5065ca3330c2,f679f4cf-c089-4a2b-9b84-b14129630601,a66d3fbb-fe01-46d3-832a-c5fb88a2f40e,Lane_jx0nBNtdWE,Initiator,Initial Review
acecaf3c-c97f-4bcb-95a1-3f765595f68d,12,,bf996092-8d66-408a-8d8e-5065ca3330c2,f679f4cf-c089-4a2b-9b84-b14129630601,a66d3fbb-fe01-46d3-832a-c5fb88a2f40e,Lane_EguoyjH3Vc,Reviewer 1,Review 1
acecaf3c-c97f-4bcb-95a1-3f765595f68d,12,,bf996092-8d66-408a-8d8e-5065ca3330c2,f679f4cf-c089-4a2b-9b84-b14129630601,a66d3fbb-fe01-46d3-832a-c5fb88a2f40e,Lane_zsglHaSx70,Reviewer 2,Review 2
acecaf3c-c97f-4bcb-95a1-3f765595f68d,12,,bf996092-8d66-408a-8d8e-5065ca3330c2,f679f4cf-c089-4a2b-9b84-b14129630601,a66d3fbb-fe01-46d3-832a-c5fb88a2f40e,Lane_T7P8T9PPL7,Reviewer 3,Review 3
acecaf3c-c97f-4bcb-95a1-3f765595f68d,12,,bf996092-8d66-408a-8d8e-5065ca3330c2,f679f4cf-c089-4a2b-9b84-b14129630601,a66d3fbb-fe01-46d3-832a-c5fb88a2f40e,Lane_wwNWDKqFHR,Approver,Final Review
eafe6a24-57d5-41f5-adca-13b77f15efd6,8,7087fadd-7f56-11f0-ba69-0affe15d0ad3,bf996092-8d66-408a-8d8e-5065ca3330c2,f679f4cf-c089-4a2b-9b84-b14129630601,a66d3fbb-fe01-46d3-832a-c5fb88a2f40e,Lane_jx0nBNtdWE,Initiator,Initial Review
eafe6a24-57d5-41f5-adca-13b77f15efd6,8,7087fadd-7f56-11f0-ba69-0affe15d0ad3,bf996092-8d66-408a-8d8e-5065ca3330c2,f679f4cf-c089-4a2b-9b84-b14129630601,a66d3fbb-fe01-46d3-832a-c5fb88a2f40e,Lane_EguoyjH3Vc,Reviewer 1,Review 1
eafe6a24-57d5-41f5-adca-13b77f15efd6,8,7087fadd-7f56-11f0-ba69-0affe15d0ad3,bf996092-8d66-408a-8d8e-5065ca3330c2,f679f4cf-c089-4a2b-9b84-b14129630601,a66d3fbb-fe01-46d3-832a-c5fb88a2f40e,Lane_zsglHaSx70,Reviewer 2,Review 2
eafe6a24-57d5-41f5-adca-13b77f15efd6,8,7087fadd-7f56-11f0-ba69-0affe15d0ad3,bf996092-8d66-408a-8d8e-5065ca3330c2,f679f4cf-c089-4a2b-9b84-b14129630601,a66d3fbb-fe01-46d3-832a-c5fb88a2f40e,Lane_T7P8T9PPL7,Reviewer 3,Review 3
eafe6a24-57d5-41f5-adca-13b77f15efd6,8,7087fadd-7f56-11f0-ba69-0affe15d0ad3,bf996092-8d66-408a-8d8e-5065ca3330c2,f679f4cf-c089-4a2b-9b84-b14129630601,a66d3fbb-fe01-46d3-832a-c5fb88a2f40e,Lane_wwNWDKqFHR,Approver,Final Review
4664135d-ef0f-4f29-b961-1e3c718f5217,89,822440e1-78d0-11f0-ba69-0affe15d0ad3,bf996092-8d66-408a-8d8e-5065ca3330c2,f679f4cf-c089-4a2b-9b84-b14129630601,c7e71778-7eea-4547-a989-24f4920c3c74,Lane_GmXHGGAC99,Initiator,Initiator
4664135d-ef0f-4f29-b961-1e3c718f5217,89,822440e1-78d0-11f0-ba69-0affe15d0ad3,bf996092-8d66-408a-8d8e-5065ca3330c2,f679f4cf-c089-4a2b-9b84-b14129630601,c7e71778-7eea-4547-a989-24f4920c3c74,Lane_SNug08gjLf,Approver,Final Review
2a7595b7-7d8a-46d2-bab1-1daa7ddc0130,91,,bf996092-8d66-408a-8d8e-5065ca3330c2,f679f4cf-c089-4a2b-9b84-b14129630601,3e3ae561-fdc8-4dbd-8e7f-ea514836abba,Lane_9kfe0pY6AP,Initiator,Initial Review
2a7595b7-7d8a-46d2-bab1-1daa7ddc0130,91,,bf996092-8d66-408a-8d8e-5065ca3330c2,f679f4cf-c089-4a2b-9b84-b14129630601,3e3ae561-fdc8-4dbd-8e7f-ea514836abba,Lane_Lr6JCzeD86,Reviewer,Review 1
2a7595b7-7d8a-46d2-bab1-1daa7ddc0130,91,,bf996092-8d66-408a-8d8e-5065ca3330c2,f679f4cf-c089-4a2b-9b84-b14129630601,3e3ae561-fdc8-4dbd-8e7f-ea514836abba,Lane_ZGz84nfJnL,Approver,Final Review
81340699-5726-4111-8648-bcb7e9d6e2f2,90,b08c2c95-78dc-11f0-8e65-0afff7224aab,bf996092-8d66-408a-8d8e-5065ca3330c2,f679f4cf-c089-4a2b-9b84-b14129630601,3e3ae561-fdc8-4dbd-8e7f-ea514836abba,Lane_9kfe0pY6AP,Initiator,Initial Review
81340699-5726-4111-8648-bcb7e9d6e2f2,90,b08c2c95-78dc-11f0-8e65-0afff7224aab,bf996092-8d66-408a-8d8e-5065ca3330c2,f679f4cf-c089-4a2b-9b84-b14129630601,3e3ae561-fdc8-4dbd-8e7f-ea514836abba,Lane_Lr6JCzeD86,Reviewer,Review 1
81340699-5726-4111-8648-bcb7e9d6e2f2,90,b08c2c95-78dc-11f0-8e65-0afff7224aab,bf996092-8d66-408a-8d8e-5065ca3330c2,f679f4cf-c089-4a2b-9b84-b14129630601,3e3ae561-fdc8-4dbd-8e7f-ea514836abba,Lane_ZGz84nfJnL,Approver,Final Review
013aea28-7668-41c7-af80-861970a61ed2,70,,bf996092-8d66-408a-8d8e-5065ca3330c2,f679f4cf-c089-4a2b-9b84-b14129630601,c7e71778-7eea-4547-a989-24f4920c3c74,Lane_GmXHGGAC99,Initiator,Initiator
013aea28-7668-41c7-af80-861970a61ed2,70,,bf996092-8d66-408a-8d8e-5065ca3330c2,f679f4cf-c089-4a2b-9b84-b14129630601,c7e71778-7eea-4547-a989-24f4920c3c74,Lane_SNug08gjLf,Approver,Final Review
8792ba8b-e9c6-4289-a2d5-1da924d10fca,81,fea82fc6-7348-11f0-946f-0215d9ab6dad,bf996092-8d66-408a-8d8e-5065ca3330c2,f679f4cf-c089-4a2b-9b84-b14129630601,00d85030-6d07-44fb-bd52-0b6b4948e18e,Lane_c9ZW3jrw6W,Initiator,Initial Review
8792ba8b-e9c6-4289-a2d5-1da924d10fca,81,fea82fc6-7348-11f0-946f-0215d9ab6dad,bf996092-8d66-408a-8d8e-5065ca3330c2,f679f4cf-c089-4a2b-9b84-b14129630601,00d85030-6d07-44fb-bd52-0b6b4948e18e,Lane_YPfSd9A0dV,Reviewer 1,Review 1
8792ba8b-e9c6-4289-a2d5-1da924d10fca,81,fea82fc6-7348-11f0-946f-0215d9ab6dad,bf996092-8d66-408a-8d8e-5065ca3330c2,f679f4cf-c089-4a2b-9b84-b14129630601,00d85030-6d07-44fb-bd52-0b6b4948e18e,Lane_d70y71OHFz,Reviewer 2,Review 2
8792ba8b-e9c6-4289-a2d5-1da924d10fca,81,fea82fc6-7348-11f0-946f-0215d9ab6dad,bf996092-8d66-408a-8d8e-5065ca3330c2,f679f4cf-c089-4a2b-9b84-b14129630601,00d85030-6d07-44fb-bd52-0b6b4948e18e,Lane_qfrnqhaoCi,Approver,Final Review
b049f387-03a8-468f-b9ea-5a06fae3c449,82,d5c4cb46-734f-11f0-9661-0afff06a47b1,bf996092-8d66-408a-8d8e-5065ca3330c2,f679f4cf-c089-4a2b-9b84-b14129630601,c7e71778-7eea-4547-a989-24f4920c3c74,Lane_GmXHGGAC99,Initiator,Initiator
b049f387-03a8-468f-b9ea-5a06fae3c449,82,d5c4cb46-734f-11f0-9661-0afff06a47b1,bf996092-8d66-408a-8d8e-5065ca3330c2,f679f4cf-c089-4a2b-9b84-b14129630601,c7e71778-7eea-4547-a989-24f4920c3c74,Lane_SNug08gjLf,Approver,Final Review
34102c5d-571f-4b8d-ab25-37ed6ef52b6a,92,e84c8f26-7919-11f0-a747-0e0be9602fab,bf996092-8d66-408a-8d8e-5065ca3330c2,f679f4cf-c089-4a2b-9b84-b14129630601,a66d3fbb-fe01-46d3-832a-c5fb88a2f40e,Lane_jx0nBNtdWE,Initiator,Initial Review
34102c5d-571f-4b8d-ab25-37ed6ef52b6a,92,e84c8f26-7919-11f0-a747-0e0be9602fab,bf996092-8d66-408a-8d8e-5065ca3330c2,f679f4cf-c089-4a2b-9b84-b14129630601,a66d3fbb-fe01-46d3-832a-c5fb88a2f40e,Lane_EguoyjH3Vc,Reviewer 1,Review 1
34102c5d-571f-4b8d-ab25-37ed6ef52b6a,92,e84c8f26-7919-11f0-a747-0e0be9602fab,bf996092-8d66-408a-8d8e-5065ca3330c2,f679f4cf-c089-4a2b-9b84-b14129630601,a66d3fbb-fe01-46d3-832a-c5fb88a2f40e,Lane_zsglHaSx70,Reviewer 2,Review 2
34102c5d-571f-4b8d-ab25-37ed6ef52b6a,92,e84c8f26-7919-11f0-a747-0e0be9602fab,bf996092-8d66-408a-8d8e-5065ca3330c2,f679f4cf-c089-4a2b-9b84-b14129630601,a66d3fbb-fe01-46d3-832a-c5fb88a2f40e,Lane_T7P8T9PPL7,Reviewer 3,Review 3
34102c5d-571f-4b8d-ab25-37ed6ef52b6a,92,e84c8f26-7919-11f0-a747-0e0be9602fab,bf996092-8d66-408a-8d8e-5065ca3330c2,f679f4cf-c089-4a2b-9b84-b14129630601,a66d3fbb-fe01-46d3-832a-c5fb88a2f40e,Lane_wwNWDKqFHR,Approver,Final Review
ba86b76b-17da-4890-86e9-9fb7a20e10ec,106,5ba95b0d-7fe1-11f0-8bd5-0232a6c7fd05,bf996092-8d66-408a-8d8e-5065ca3330c2,f679f4cf-c089-4a2b-9b84-b14129630601,c7e71778-7eea-4547-a989-24f4920c3c74,Lane_GmXHGGAC99,Initiator,Initiator
ba86b76b-17da-4890-86e9-9fb7a20e10ec,106,5ba95b0d-7fe1-11f0-8bd5-0232a6c7fd05,bf996092-8d66-408a-8d8e-5065ca3330c2,f679f4cf-c089-4a2b-9b84-b14129630601,c7e71778-7eea-4547-a989-24f4920c3c74,Lane_SNug08gjLf,Approver,Final Review
084246c4-c2e3-4d70-bb90-f63467748037,107,6a4bb17a-7fe1-11f0-946f-0215d9ab6dad,bf996092-8d66-408a-8d8e-5065ca3330c2,f679f4cf-c089-4a2b-9b84-b14129630601,c7e71778-7eea-4547-a989-24f4920c3c74,Lane_GmXHGGAC99,Initiator,Initiator
084246c4-c2e3-4d70-bb90-f63467748037,107,6a4bb17a-7fe1-11f0-946f-0215d9ab6dad,bf996092-8d66-408a-8d8e-5065ca3330c2,f679f4cf-c089-4a2b-9b84-b14129630601,c7e71778-7eea-4547-a989-24f4920c3c74,Lane_SNug08gjLf,Approver,Final Review
27280686-67a0-4c1a-8910-6f57802cf86f,108,8e8a710c-80a2-11f0-ba69-0affe15d0ad3,bf996092-8d66-408a-8d8e-5065ca3330c2,f679f4cf-c089-4a2b-9b84-b14129630601,c7e71778-7eea-4547-a989-24f4920c3c74,Lane_GmXHGGAC99,Initiator,Initiator
27280686-67a0-4c1a-8910-6f57802cf86f,108,8e8a710c-80a2-11f0-ba69-0affe15d0ad3,bf996092-8d66-408a-8d8e-5065ca3330c2,f679f4cf-c089-4a2b-9b84-b14129630601,c7e71778-7eea-4547-a989-24f4920c3c74,Lane_SNug08gjLf,Approver,Final Review
ea0819c8-731d-4e3b-90f1-0d7f5ce5b27c,109,49e5196a-816b-11f0-8bd5-0232a6c7fd05,bf996092-8d66-408a-8d8e-5065ca3330c2,f679f4cf-c089-4a2b-9b84-b14129630601,c7e71778-7eea-4547-a989-24f4920c3c74,Lane_GmXHGGAC99,Initiator,Initiator
ea0819c8-731d-4e3b-90f1-0d7f5ce5b27c,109,49e5196a-816b-11f0-8bd5-0232a6c7fd05,bf996092-8d66-408a-8d8e-5065ca3330c2,f679f4cf-c089-4a2b-9b84-b14129630601,c7e71778-7eea-4547-a989-24f4920c3c74,Lane_SNug08gjLf,Approver,Final Review
bfed5479-4f30-4dd8-8160-8b737199faf6,105,f41a3b34-7f56-11f0-8e03-023b6ba72275,bf996092-8d66-408a-8d8e-5065ca3330c2,f679f4cf-c089-4a2b-9b84-b14129630601,a66d3fbb-fe01-46d3-832a-c5fb88a2f40e,Lane_qoY6EnugGU,Initiator,Initial Review
bfed5479-4f30-4dd8-8160-8b737199faf6,105,f41a3b34-7f56-11f0-8e03-023b6ba72275,bf996092-8d66-408a-8d8e-5065ca3330c2,f679f4cf-c089-4a2b-9b84-b14129630601,a66d3fbb-fe01-46d3-832a-c5fb88a2f40e,Lane_oeVNS6TfZN,Reviewer 1,Review 1
bfed5479-4f30-4dd8-8160-8b737199faf6,105,f41a3b34-7f56-11f0-8e03-023b6ba72275,bf996092-8d66-408a-8d8e-5065ca3330c2,f679f4cf-c089-4a2b-9b84-b14129630601,a66d3fbb-fe01-46d3-832a-c5fb88a2f40e,Lane_KaiNmLFAwi,Reviewer 2,Review 2
bfed5479-4f30-4dd8-8160-8b737199faf6,105,f41a3b34-7f56-11f0-8e03-023b6ba72275,bf996092-8d66-408a-8d8e-5065ca3330c2,f679f4cf-c089-4a2b-9b84-b14129630601,a66d3fbb-fe01-46d3-832a-c5fb88a2f40e,Lane_Ff7trAhgyy,Reviewer 3,Review 3
bfed5479-4f30-4dd8-8160-8b737199faf6,105,f41a3b34-7f56-11f0-8e03-023b6ba72275,bf996092-8d66-408a-8d8e-5065ca3330c2,f679f4cf-c089-4a2b-9b84-b14129630601,a66d3fbb-fe01-46d3-832a-c5fb88a2f40e,Lane_ZZGBJD8WRj,Approver,Final Review
81b16b59-495f-476b-b9e6-7dbced84b68e,110,c4613e36-8235-11f0-8e65-0afff7224aab,bf996092-8d66-408a-8d8e-5065ca3330c2,f679f4cf-c089-4a2b-9b84-b14129630601,c7e71778-7eea-4547-a989-24f4920c3c74,Lane_GmXHGGAC99,Initiator,Initiator
81b16b59-495f-476b-b9e6-7dbced84b68e,110,c4613e36-8235-11f0-8e65-0afff7224aab,bf996092-8d66-408a-8d8e-5065ca3330c2,f679f4cf-c089-4a2b-9b84-b14129630601,c7e71778-7eea-4547-a989-24f4920c3c74,Lane_SNug08gjLf,Approver,Final Review
964662e6-ee46-4c81-8096-d5446503d821,101,239e6fe2-7a55-11f0-a747-0e0be9602fab,bf996092-8d66-408a-8d8e-5065ca3330c2,f6ab14eb-1a66-4ea5-8a0f-0afbda444403,ed9e0b7e-852e-4917-aa22-497b307aea1e,Lane_HmhJrmtTm2,Initiator,Initial Review
964662e6-ee46-4c81-8096-d5446503d821,101,239e6fe2-7a55-11f0-a747-0e0be9602fab,bf996092-8d66-408a-8d8e-5065ca3330c2,f6ab14eb-1a66-4ea5-8a0f-0afbda444403,ed9e0b7e-852e-4917-aa22-497b307aea1e,Lane_gaVRiIdV2m,Approver,Final Review
f6706076-a517-4022-87dc-5abdd0c686c9,78,3d5c3af4-7339-11f0-8e03-023b6ba72275,bf996092-8d66-408a-8d8e-5065ca3330c2,f6ab14eb-1a66-4ea5-8a0f-0afbda444403,ed9e0b7e-852e-4917-aa22-497b307aea1e,Lane_1oieIaoghq,Initiator,Initial Review
f6706076-a517-4022-87dc-5abdd0c686c9,78,3d5c3af4-7339-11f0-8e03-023b6ba72275,bf996092-8d66-408a-8d8e-5065ca3330c2,f6ab14eb-1a66-4ea5-8a0f-0afbda444403,ed9e0b7e-852e-4917-aa22-497b307aea1e,Lane_RhsOEwGhP9,Approver,Final Review
d701ef5a-ab9a-4e5b-be50-4b57a32bbaa1,79,c60d8e2e-7345-11f0-8bd5-0232a6c7fd05,bf996092-8d66-408a-8d8e-5065ca3330c2,f6ab14eb-1a66-4ea5-8a0f-0afbda444403,ed9e0b7e-852e-4917-aa22-497b307aea1e,Lane_1oieIaoghq,Initiator,Initial Review
d701ef5a-ab9a-4e5b-be50-4b57a32bbaa1,79,c60d8e2e-7345-11f0-8bd5-0232a6c7fd05,bf996092-8d66-408a-8d8e-5065ca3330c2,f6ab14eb-1a66-4ea5-8a0f-0afbda444403,ed9e0b7e-852e-4917-aa22-497b307aea1e,Lane_RhsOEwGhP9,Approver,Final Review
58d3bef8-8521-4399-9000-64b20859674a,80,0e02456b-7346-11f0-9b63-0edefbbefc43,bf996092-8d66-408a-8d8e-5065ca3330c2,f6ab14eb-1a66-4ea5-8a0f-0afbda444403,ed9e0b7e-852e-4917-aa22-497b307aea1e,Lane_1oieIaoghq,Initiator,Initial Review
58d3bef8-8521-4399-9000-64b20859674a,80,0e02456b-7346-11f0-9b63-0edefbbefc43,bf996092-8d66-408a-8d8e-5065ca3330c2,f6ab14eb-1a66-4ea5-8a0f-0afbda444403,ed9e0b7e-852e-4917-aa22-497b307aea1e,Lane_RhsOEwGhP9,Approver,Final Review
9a1c54c1-aba9-4013-aaee-d2efa7e37741,81,5f7abfec-7385-11f0-8bd5-0232a6c7fd05,bf996092-8d66-408a-8d8e-5065ca3330c2,f6ab14eb-1a66-4ea5-8a0f-0afbda444403,ed9e0b7e-852e-4917-aa22-497b307aea1e,Lane_HmhJrmtTm2,Initiator,Initial Review
9a1c54c1-aba9-4013-aaee-d2efa7e37741,81,5f7abfec-7385-11f0-8bd5-0232a6c7fd05,bf996092-8d66-408a-8d8e-5065ca3330c2,f6ab14eb-1a66-4ea5-8a0f-0afbda444403,ed9e0b7e-852e-4917-aa22-497b307aea1e,Lane_gaVRiIdV2m,Approver,Final Review
76e71403-351b-4eae-8d30-91916c645abb,82,55c8a514-7386-11f0-946f-0215d9ab6dad,bf996092-8d66-408a-8d8e-5065ca3330c2,f6ab14eb-1a66-4ea5-8a0f-0afbda444403,ed9e0b7e-852e-4917-aa22-497b307aea1e,Lane_HmhJrmtTm2,Initiator,Initial Review
76e71403-351b-4eae-8d30-91916c645abb,82,55c8a514-7386-11f0-946f-0215d9ab6dad,bf996092-8d66-408a-8d8e-5065ca3330c2,f6ab14eb-1a66-4ea5-8a0f-0afbda444403,ed9e0b7e-852e-4917-aa22-497b307aea1e,Lane_gaVRiIdV2m,Approver,Final Review
ee1e76d3-73a7-4af3-a352-77ab1cf6bc3e,83,a7f02e8b-7387-11f0-8e03-023b6ba72275,bf996092-8d66-408a-8d8e-5065ca3330c2,f6ab14eb-1a66-4ea5-8a0f-0afbda444403,ed9e0b7e-852e-4917-aa22-497b307aea1e,Lane_HmhJrmtTm2,Initiator,Initial Review
ee1e76d3-73a7-4af3-a352-77ab1cf6bc3e,83,a7f02e8b-7387-11f0-8e03-023b6ba72275,bf996092-8d66-408a-8d8e-5065ca3330c2,f6ab14eb-1a66-4ea5-8a0f-0afbda444403,ed9e0b7e-852e-4917-aa22-497b307aea1e,Lane_gaVRiIdV2m,Approver,Final Review
48055898-e4cc-46f8-8782-2d3f2eccabbb,21,cd677853-580b-11f0-b651-02316e585bff,bf996092-8d66-408a-8d8e-5065ca3330c2,f6ab14eb-1a66-4ea5-8a0f-0afbda444403,ed9e0b7e-852e-4917-aa22-497b307aea1e,Lane_1oieIaoghq,Initiator,Initial Review
48055898-e4cc-46f8-8782-2d3f2eccabbb,21,cd677853-580b-11f0-b651-02316e585bff,bf996092-8d66-408a-8d8e-5065ca3330c2,f6ab14eb-1a66-4ea5-8a0f-0afbda444403,ed9e0b7e-852e-4917-aa22-497b307aea1e,Lane_RhsOEwGhP9,Approver,Final Review
3fc1549c-8270-4cda-9856-c6328a770ad0,20,4e6a3aad-5809-11f0-b41e-0e1a305bfb29,bf996092-8d66-408a-8d8e-5065ca3330c2,f6ab14eb-1a66-4ea5-8a0f-0afbda444403,ed9e0b7e-852e-4917-aa22-497b307aea1e,Lane_1oieIaoghq,Initiator,Initial Review
3fc1549c-8270-4cda-9856-c6328a770ad0,20,4e6a3aad-5809-11f0-b41e-0e1a305bfb29,bf996092-8d66-408a-8d8e-5065ca3330c2,f6ab14eb-1a66-4ea5-8a0f-0afbda444403,ed9e0b7e-852e-4917-aa22-497b307aea1e,Lane_RhsOEwGhP9,Approver,Final Review
fcb743a5-56c7-40e3-9ad3-ef238a0817db,19,19125de9-5805-11f0-ba7a-02677a6c0a19,bf996092-8d66-408a-8d8e-5065ca3330c2,f6ab14eb-1a66-4ea5-8a0f-0afbda444403,ed9e0b7e-852e-4917-aa22-497b307aea1e,Lane_1oieIaoghq,Initiator,Initial Review
fcb743a5-56c7-40e3-9ad3-ef238a0817db,19,19125de9-5805-11f0-ba7a-02677a6c0a19,bf996092-8d66-408a-8d8e-5065ca3330c2,f6ab14eb-1a66-4ea5-8a0f-0afbda444403,ed9e0b7e-852e-4917-aa22-497b307aea1e,Lane_RhsOEwGhP9,Approver,Final Review
4a96eb60-ac48-43d5-9720-71a91a6efc24,18,4449b526-5804-11f0-9e15-0afff499248b,bf996092-8d66-408a-8d8e-5065ca3330c2,f6ab14eb-1a66-4ea5-8a0f-0afbda444403,ed9e0b7e-852e-4917-aa22-497b307aea1e,Lane_1oieIaoghq,Initiator,Initial Review
4a96eb60-ac48-43d5-9720-71a91a6efc24,18,4449b526-5804-11f0-9e15-0afff499248b,bf996092-8d66-408a-8d8e-5065ca3330c2,f6ab14eb-1a66-4ea5-8a0f-0afbda444403,ed9e0b7e-852e-4917-aa22-497b307aea1e,Lane_RhsOEwGhP9,Approver,Final Review
725f7b6b-2225-4b41-a63a-ed466fd0be30,17,cca7e76f-5802-11f0-9e15-0afff499248b,bf996092-8d66-408a-8d8e-5065ca3330c2,f6ab14eb-1a66-4ea5-8a0f-0afbda444403,ed9e0b7e-852e-4917-aa22-497b307aea1e,Lane_1oieIaoghq,Initiator,Initial Review
725f7b6b-2225-4b41-a63a-ed466fd0be30,17,cca7e76f-5802-11f0-9e15-0afff499248b,bf996092-8d66-408a-8d8e-5065ca3330c2,f6ab14eb-1a66-4ea5-8a0f-0afbda444403,ed9e0b7e-852e-4917-aa22-497b307aea1e,Lane_RhsOEwGhP9,Approver,Final Review
0b4b50a3-1995-4c7d-a6de-18676d48c10b,29,8560b7a9-5d45-11f0-ba7a-02677a6c0a19,bf996092-8d66-408a-8d8e-5065ca3330c2,f6ab14eb-1a66-4ea5-8a0f-0afbda444403,6fe7117d-f611-40e3-8878-43721ce691f2,Lane_fzJLdhiAqO,Initiator,Initial Review
0b4b50a3-1995-4c7d-a6de-18676d48c10b,29,8560b7a9-5d45-11f0-ba7a-02677a6c0a19,bf996092-8d66-408a-8d8e-5065ca3330c2,f6ab14eb-1a66-4ea5-8a0f-0afbda444403,6fe7117d-f611-40e3-8878-43721ce691f2,Lane_Zrtf5PmDKy,Reviewer 1,Review 1
0b4b50a3-1995-4c7d-a6de-18676d48c10b,29,8560b7a9-5d45-11f0-ba7a-02677a6c0a19,bf996092-8d66-408a-8d8e-5065ca3330c2,f6ab14eb-1a66-4ea5-8a0f-0afbda444403,6fe7117d-f611-40e3-8878-43721ce691f2,Lane_ZKsMPkefBD,Reviewer 2,Review 2
0b4b50a3-1995-4c7d-a6de-18676d48c10b,29,8560b7a9-5d45-11f0-ba7a-02677a6c0a19,bf996092-8d66-408a-8d8e-5065ca3330c2,f6ab14eb-1a66-4ea5-8a0f-0afbda444403,6fe7117d-f611-40e3-8878-43721ce691f2,Lane_o8qea91Ixb,Reviewer 3,Initial Review 3
0b4b50a3-1995-4c7d-a6de-18676d48c10b,29,8560b7a9-5d45-11f0-ba7a-02677a6c0a19,bf996092-8d66-408a-8d8e-5065ca3330c2,f6ab14eb-1a66-4ea5-8a0f-0afbda444403,6fe7117d-f611-40e3-8878-43721ce691f2,Lane_WLd6ghXUWU,Approver,Final Review
0f107944-1fb2-4d35-b367-6b68bd786a5e,11,699bff27-5244-11f0-9a68-0e458c92dd85,bf996092-8d66-408a-8d8e-5065ca3330c2,f6ab14eb-1a66-4ea5-8a0f-0afbda444403,ed9e0b7e-852e-4917-aa22-497b307aea1e,Lane_1oieIaoghq,Initiator,Initial Review
0f107944-1fb2-4d35-b367-6b68bd786a5e,11,699bff27-5244-11f0-9a68-0e458c92dd85,bf996092-8d66-408a-8d8e-5065ca3330c2,f6ab14eb-1a66-4ea5-8a0f-0afbda444403,ed9e0b7e-852e-4917-aa22-497b307aea1e,Lane_RhsOEwGhP9,Approver,Final Review
49ea5846-13b4-4a9c-87e1-4ab5e9e84d70,12,ed6c8718-524c-11f0-8141-0affcb2ad165,bf996092-8d66-408a-8d8e-5065ca3330c2,f6ab14eb-1a66-4ea5-8a0f-0afbda444403,ed9e0b7e-852e-4917-aa22-497b307aea1e,Lane_1oieIaoghq,Initiator,Initial Review
49ea5846-13b4-4a9c-87e1-4ab5e9e84d70,12,ed6c8718-524c-11f0-8141-0affcb2ad165,bf996092-8d66-408a-8d8e-5065ca3330c2,f6ab14eb-1a66-4ea5-8a0f-0afbda444403,ed9e0b7e-852e-4917-aa22-497b307aea1e,Lane_RhsOEwGhP9,Approver,Final Review
0530484f-7e68-443c-9e7e-8b742a9bbb5f,102,b4de1f2b-7a55-11f0-9661-0afff06a47b1,bf996092-8d66-408a-8d8e-5065ca3330c2,f6ab14eb-1a66-4ea5-8a0f-0afbda444403,ed9e0b7e-852e-4917-aa22-497b307aea1e,Lane_HmhJrmtTm2,Initiator,Initial Review
0530484f-7e68-443c-9e7e-8b742a9bbb5f,102,b4de1f2b-7a55-11f0-9661-0afff06a47b1,bf996092-8d66-408a-8d8e-5065ca3330c2,f6ab14eb-1a66-4ea5-8a0f-0afbda444403,ed9e0b7e-852e-4917-aa22-497b307aea1e,Lane_gaVRiIdV2m,Approver,Final Review
6583cfaf-a556-474b-a03c-9e8987a888ea,103,b000500d-7a78-11f0-946f-0215d9ab6dad,bf996092-8d66-408a-8d8e-5065ca3330c2,f6ab14eb-1a66-4ea5-8a0f-0afbda444403,ed9e0b7e-852e-4917-aa22-497b307aea1e,Lane_HmhJrmtTm2,Initiator,Initial Review
6583cfaf-a556-474b-a03c-9e8987a888ea,103,b000500d-7a78-11f0-946f-0215d9ab6dad,bf996092-8d66-408a-8d8e-5065ca3330c2,f6ab14eb-1a66-4ea5-8a0f-0afbda444403,ed9e0b7e-852e-4917-aa22-497b307aea1e,Lane_gaVRiIdV2m,Approver,Final Review
474b3f67-4733-46d4-b3ba-c04ea4d76d40,104,63b6ef5f-7a79-11f0-8bd5-0232a6c7fd05,bf996092-8d66-408a-8d8e-5065ca3330c2,f6ab14eb-1a66-4ea5-8a0f-0afbda444403,ed9e0b7e-852e-4917-aa22-497b307aea1e,Lane_HmhJrmtTm2,Initiator,Initial Review
474b3f67-4733-46d4-b3ba-c04ea4d76d40,104,63b6ef5f-7a79-11f0-8bd5-0232a6c7fd05,bf996092-8d66-408a-8d8e-5065ca3330c2,f6ab14eb-1a66-4ea5-8a0f-0afbda444403,ed9e0b7e-852e-4917-aa22-497b307aea1e,Lane_gaVRiIdV2m,Approver,Final Review
b3da9f91-cc1c-42b9-811d-712e1e5b1365,49,efcfd4cf-66ee-11f0-994a-0eab63e03b0b,bf996092-8d66-408a-8d8e-5065ca3330c2,f6ab14eb-1a66-4ea5-8a0f-0afbda444403,ed9e0b7e-852e-4917-aa22-497b307aea1e,Lane_1oieIaoghq,Initiator,Initial Review
b3da9f91-cc1c-42b9-811d-712e1e5b1365,49,efcfd4cf-66ee-11f0-994a-0eab63e03b0b,bf996092-8d66-408a-8d8e-5065ca3330c2,f6ab14eb-1a66-4ea5-8a0f-0afbda444403,ed9e0b7e-852e-4917-aa22-497b307aea1e,Lane_RhsOEwGhP9,Approver,Final Review
4bc64575-7c45-48e0-842d-026f949f57b0,37,23f632ab-609b-11f0-ba7a-02677a6c0a19,bf996092-8d66-408a-8d8e-5065ca3330c2,f6ab14eb-1a66-4ea5-8a0f-0afbda444403,ed9e0b7e-852e-4917-aa22-497b307aea1e,Lane_1oieIaoghq,Initiator,Initial Review
4bc64575-7c45-48e0-842d-026f949f57b0,37,23f632ab-609b-11f0-ba7a-02677a6c0a19,bf996092-8d66-408a-8d8e-5065ca3330c2,f6ab14eb-1a66-4ea5-8a0f-0afbda444403,ed9e0b7e-852e-4917-aa22-497b307aea1e,Lane_RhsOEwGhP9,Approver,Final Review
9f51e321-9a18-4bac-b452-55f927948bff,38,3de5f2f9-609c-11f0-9e15-0afff499248b,bf996092-8d66-408a-8d8e-5065ca3330c2,f6ab14eb-1a66-4ea5-8a0f-0afbda444403,ed9e0b7e-852e-4917-aa22-497b307aea1e,Lane_1oieIaoghq,Initiator,Initial Review
9f51e321-9a18-4bac-b452-55f927948bff,38,3de5f2f9-609c-11f0-9e15-0afff499248b,bf996092-8d66-408a-8d8e-5065ca3330c2,f6ab14eb-1a66-4ea5-8a0f-0afbda444403,ed9e0b7e-852e-4917-aa22-497b307aea1e,Lane_RhsOEwGhP9,Approver,Final Review
06e5f87b-3c91-4e30-87c8-af7dd0d6b86b,39,b3e73ae2-609e-11f0-b651-02316e585bff,bf996092-8d66-408a-8d8e-5065ca3330c2,f6ab14eb-1a66-4ea5-8a0f-0afbda444403,ed9e0b7e-852e-4917-aa22-497b307aea1e,Lane_1oieIaoghq,Initiator,Initial Review
06e5f87b-3c91-4e30-87c8-af7dd0d6b86b,39,b3e73ae2-609e-11f0-b651-02316e585bff,bf996092-8d66-408a-8d8e-5065ca3330c2,f6ab14eb-1a66-4ea5-8a0f-0afbda444403,ed9e0b7e-852e-4917-aa22-497b307aea1e,Lane_RhsOEwGhP9,Approver,Final Review
c8e2cc6f-4052-41ea-8e60-c949c4572109,130,8c5f89eb-8263-11f0-946f-0215d9ab6dad,bf996092-8d66-408a-8d8e-5065ca3330c2,f6ab14eb-1a66-4ea5-8a0f-0afbda444403,f95d3917-a8e0-4461-b4ca-8611d2ae1a9e,Lane_PT3LNakbsZ,Initiator,Initial Review
c8e2cc6f-4052-41ea-8e60-c949c4572109,130,8c5f89eb-8263-11f0-946f-0215d9ab6dad,bf996092-8d66-408a-8d8e-5065ca3330c2,f6ab14eb-1a66-4ea5-8a0f-0afbda444403,f95d3917-a8e0-4461-b4ca-8611d2ae1a9e,Lane_SRIy1ySEDJ,Approver,Final Review
ead6dc43-8b97-476e-95fe-5c52f83e1e13,131,216cee28-8265-11f0-a747-0e0be9602fab,bf996092-8d66-408a-8d8e-5065ca3330c2,f6ab14eb-1a66-4ea5-8a0f-0afbda444403,f95d3917-a8e0-4461-b4ca-8611d2ae1a9e,Lane_PT3LNakbsZ,Initiator,Initial Review
ead6dc43-8b97-476e-95fe-5c52f83e1e13,131,216cee28-8265-11f0-a747-0e0be9602fab,bf996092-8d66-408a-8d8e-5065ca3330c2,f6ab14eb-1a66-4ea5-8a0f-0afbda444403,f95d3917-a8e0-4461-b4ca-8611d2ae1a9e,Lane_SRIy1ySEDJ,Approver,Final Review
9bc0382b-a984-42d1-9bcf-c060c8a7da68,133,734f23df-82f5-11f0-a747-0e0be9602fab,bf996092-8d66-408a-8d8e-5065ca3330c2,f6ab14eb-1a66-4ea5-8a0f-0afbda444403,f95d3917-a8e0-4461-b4ca-8611d2ae1a9e,Lane_PT3LNakbsZ,Initiator,Initial Review
9bc0382b-a984-42d1-9bcf-c060c8a7da68,133,734f23df-82f5-11f0-a747-0e0be9602fab,bf996092-8d66-408a-8d8e-5065ca3330c2,f6ab14eb-1a66-4ea5-8a0f-0afbda444403,f95d3917-a8e0-4461-b4ca-8611d2ae1a9e,Lane_SRIy1ySEDJ,Approver,Final Review
2374bd6c-dbfe-49ef-8314-06a5d4ce77fd,113,bcd0e516-7f3b-11f0-9b63-0edefbbefc43,bf996092-8d66-408a-8d8e-5065ca3330c2,f6ab14eb-1a66-4ea5-8a0f-0afbda444403,602c61e3-3866-48cd-ad76-168aa2feb685,Lane_iBi1jOGnzH,Initiator,Initial Review
2374bd6c-dbfe-49ef-8314-06a5d4ce77fd,113,bcd0e516-7f3b-11f0-9b63-0edefbbefc43,bf996092-8d66-408a-8d8e-5065ca3330c2,f6ab14eb-1a66-4ea5-8a0f-0afbda444403,602c61e3-3866-48cd-ad76-168aa2feb685,Lane_WI5CoL8VRR,Reviewer 1,Review 1
2374bd6c-dbfe-49ef-8314-06a5d4ce77fd,113,bcd0e516-7f3b-11f0-9b63-0edefbbefc43,bf996092-8d66-408a-8d8e-5065ca3330c2,f6ab14eb-1a66-4ea5-8a0f-0afbda444403,602c61e3-3866-48cd-ad76-168aa2feb685,Lane_hjs6voce5Q,Reviewer 2,Review 2
2374bd6c-dbfe-49ef-8314-06a5d4ce77fd,113,bcd0e516-7f3b-11f0-9b63-0edefbbefc43,bf996092-8d66-408a-8d8e-5065ca3330c2,f6ab14eb-1a66-4ea5-8a0f-0afbda444403,602c61e3-3866-48cd-ad76-168aa2feb685,Lane_c2apMujyWx,Approver,Final Review
3dbb1ac4-68d7-4270-94e7-c3754db49380,134,a300dd52-8315-11f0-9661-0afff06a47b1,bf996092-8d66-408a-8d8e-5065ca3330c2,f6ab14eb-1a66-4ea5-8a0f-0afbda444403,8a0c95f1-42b9-4ca4-abde-498cca725c60,Lane_yyqApGBEcZ,Initiator,Initial Review
3dbb1ac4-68d7-4270-94e7-c3754db49380,134,a300dd52-8315-11f0-9661-0afff06a47b1,bf996092-8d66-408a-8d8e-5065ca3330c2,f6ab14eb-1a66-4ea5-8a0f-0afbda444403,8a0c95f1-42b9-4ca4-abde-498cca725c60,Lane_jQ63VDPZWV,Approver,Final Review
a9349de5-7308-4850-ae98-c626c8dc45c3,58,6ef60a77-6c5a-11f0-a747-0e0be9602fab,bf996092-8d66-408a-8d8e-5065ca3330c2,f6ab14eb-1a66-4ea5-8a0f-0afbda444403,ed9e0b7e-852e-4917-aa22-497b307aea1e,Lane_1oieIaoghq,Initiator,Initial Review
a9349de5-7308-4850-ae98-c626c8dc45c3,58,6ef60a77-6c5a-11f0-a747-0e0be9602fab,bf996092-8d66-408a-8d8e-5065ca3330c2,f6ab14eb-1a66-4ea5-8a0f-0afbda444403,ed9e0b7e-852e-4917-aa22-497b307aea1e,Lane_RhsOEwGhP9,Approver,Final Review
68769602-4833-457f-ad5b-215a3571bd84,86,f1332b88-7455-11f0-8bd5-0232a6c7fd05,bf996092-8d66-408a-8d8e-5065ca3330c2,f6ab14eb-1a66-4ea5-8a0f-0afbda444403,ed9e0b7e-852e-4917-aa22-497b307aea1e,Lane_HmhJrmtTm2,Initiator,Initial Review
68769602-4833-457f-ad5b-215a3571bd84,86,f1332b88-7455-11f0-8bd5-0232a6c7fd05,bf996092-8d66-408a-8d8e-5065ca3330c2,f6ab14eb-1a66-4ea5-8a0f-0afbda444403,ed9e0b7e-852e-4917-aa22-497b307aea1e,Lane_gaVRiIdV2m,Approver,Final Review
47036748-e531-4699-8430-9248fbc3e2e7,85,0832bad8-740b-11f0-a747-0e0be9602fab,bf996092-8d66-408a-8d8e-5065ca3330c2,f6ab14eb-1a66-4ea5-8a0f-0afbda444403,ed9e0b7e-852e-4917-aa22-497b307aea1e,Lane_HmhJrmtTm2,Initiator,Initial Review
47036748-e531-4699-8430-9248fbc3e2e7,85,0832bad8-740b-11f0-a747-0e0be9602fab,bf996092-8d66-408a-8d8e-5065ca3330c2,f6ab14eb-1a66-4ea5-8a0f-0afbda444403,ed9e0b7e-852e-4917-aa22-497b307aea1e,Lane_gaVRiIdV2m,Approver,Final Review
7684c2aa-7b20-4bce-b7a3-0e089cc17f86,59,4b145e2c-6d07-11f0-9b63-0edefbbefc43,bf996092-8d66-408a-8d8e-5065ca3330c2,f6ab14eb-1a66-4ea5-8a0f-0afbda444403,ed9e0b7e-852e-4917-aa22-497b307aea1e,Lane_1oieIaoghq,Initiator,Initial Review
7684c2aa-7b20-4bce-b7a3-0e089cc17f86,59,4b145e2c-6d07-11f0-9b63-0edefbbefc43,bf996092-8d66-408a-8d8e-5065ca3330c2,f6ab14eb-1a66-4ea5-8a0f-0afbda444403,ed9e0b7e-852e-4917-aa22-497b307aea1e,Lane_RhsOEwGhP9,Approver,Final Review
9de09aea-6ebb-4e00-9de9-3fd3716bc418,61,c865ac9d-6e0a-11f0-9b63-0edefbbefc43,bf996092-8d66-408a-8d8e-5065ca3330c2,f6ab14eb-1a66-4ea5-8a0f-0afbda444403,ed9e0b7e-852e-4917-aa22-497b307aea1e,Lane_1oieIaoghq,Initiator,Initial Review
9de09aea-6ebb-4e00-9de9-3fd3716bc418,61,c865ac9d-6e0a-11f0-9b63-0edefbbefc43,bf996092-8d66-408a-8d8e-5065ca3330c2,f6ab14eb-1a66-4ea5-8a0f-0afbda444403,ed9e0b7e-852e-4917-aa22-497b307aea1e,Lane_RhsOEwGhP9,Approver,Final Review
18a048a6-b65a-437e-baf1-c4ca2b83136a,62,e3737be7-6e0a-11f0-9661-0afff06a47b1,bf996092-8d66-408a-8d8e-5065ca3330c2,f6ab14eb-1a66-4ea5-8a0f-0afbda444403,ed9e0b7e-852e-4917-aa22-497b307aea1e,Lane_1oieIaoghq,Initiator,Initial Review
18a048a6-b65a-437e-baf1-c4ca2b83136a,62,e3737be7-6e0a-11f0-9661-0afff06a47b1,bf996092-8d66-408a-8d8e-5065ca3330c2,f6ab14eb-1a66-4ea5-8a0f-0afbda444403,ed9e0b7e-852e-4917-aa22-497b307aea1e,Lane_RhsOEwGhP9,Approver,Final Review
7457a122-1417-4f54-940a-15972f373c6b,63,0d02d3be-6e0b-11f0-946f-0215d9ab6dad,bf996092-8d66-408a-8d8e-5065ca3330c2,f6ab14eb-1a66-4ea5-8a0f-0afbda444403,ed9e0b7e-852e-4917-aa22-497b307aea1e,Lane_1oieIaoghq,Initiator,Initial Review
7457a122-1417-4f54-940a-15972f373c6b,63,0d02d3be-6e0b-11f0-946f-0215d9ab6dad,bf996092-8d66-408a-8d8e-5065ca3330c2,f6ab14eb-1a66-4ea5-8a0f-0afbda444403,ed9e0b7e-852e-4917-aa22-497b307aea1e,Lane_RhsOEwGhP9,Approver,Final Review
1b21a5d1-9025-48da-bb92-22da41a53992,64,23e26368-6e0b-11f0-9b63-0edefbbefc43,bf996092-8d66-408a-8d8e-5065ca3330c2,f6ab14eb-1a66-4ea5-8a0f-0afbda444403,ed9e0b7e-852e-4917-aa22-497b307aea1e,Lane_1oieIaoghq,Initiator,Initial Review
1b21a5d1-9025-48da-bb92-22da41a53992,64,23e26368-6e0b-11f0-9b63-0edefbbefc43,bf996092-8d66-408a-8d8e-5065ca3330c2,f6ab14eb-1a66-4ea5-8a0f-0afbda444403,ed9e0b7e-852e-4917-aa22-497b307aea1e,Lane_RhsOEwGhP9,Approver,Final Review
7c8a02d8-986c-4b6c-8a0f-507b7762e48d,105,b0892cf1-7bf1-11f0-a747-0e0be9602fab,bf996092-8d66-408a-8d8e-5065ca3330c2,f6ab14eb-1a66-4ea5-8a0f-0afbda444403,ed9e0b7e-852e-4917-aa22-497b307aea1e,Lane_HmhJrmtTm2,Initiator,Initial Review
7c8a02d8-986c-4b6c-8a0f-507b7762e48d,105,b0892cf1-7bf1-11f0-a747-0e0be9602fab,bf996092-8d66-408a-8d8e-5065ca3330c2,f6ab14eb-1a66-4ea5-8a0f-0afbda444403,ed9e0b7e-852e-4917-aa22-497b307aea1e,Lane_gaVRiIdV2m,Approver,Final Review
d22c607a-618a-4077-bdfd-306858140877,106,b9b56e86-7bf3-11f0-8e65-0afff7224aab,bf996092-8d66-408a-8d8e-5065ca3330c2,f6ab14eb-1a66-4ea5-8a0f-0afbda444403,ed9e0b7e-852e-4917-aa22-497b307aea1e,Lane_HmhJrmtTm2,Initiator,Initial Review
d22c607a-618a-4077-bdfd-306858140877,106,b9b56e86-7bf3-11f0-8e65-0afff7224aab,bf996092-8d66-408a-8d8e-5065ca3330c2,f6ab14eb-1a66-4ea5-8a0f-0afbda444403,ed9e0b7e-852e-4917-aa22-497b307aea1e,Lane_gaVRiIdV2m,Approver,Final Review
213c0549-47db-4461-a9b8-94cdd020574c,108,657ec352-7cb0-11f0-8e65-0afff7224aab,bf996092-8d66-408a-8d8e-5065ca3330c2,f6ab14eb-1a66-4ea5-8a0f-0afbda444403,ed9e0b7e-852e-4917-aa22-497b307aea1e,Lane_HmhJrmtTm2,Initiator,Initial Review
213c0549-47db-4461-a9b8-94cdd020574c,108,657ec352-7cb0-11f0-8e65-0afff7224aab,bf996092-8d66-408a-8d8e-5065ca3330c2,f6ab14eb-1a66-4ea5-8a0f-0afbda444403,ed9e0b7e-852e-4917-aa22-497b307aea1e,Lane_gaVRiIdV2m,Approver,Final Review
db95f760-e90d-4d5c-b7d3-4fc75d64a688,40,0a5c5de9-6162-11f0-8b24-0affee9495d5,bf996092-8d66-408a-8d8e-5065ca3330c2,f6ab14eb-1a66-4ea5-8a0f-0afbda444403,ed9e0b7e-852e-4917-aa22-497b307aea1e,Lane_1oieIaoghq,Initiator,Initial Review
db95f760-e90d-4d5c-b7d3-4fc75d64a688,40,0a5c5de9-6162-11f0-8b24-0affee9495d5,bf996092-8d66-408a-8d8e-5065ca3330c2,f6ab14eb-1a66-4ea5-8a0f-0afbda444403,ed9e0b7e-852e-4917-aa22-497b307aea1e,Lane_RhsOEwGhP9,Approver,Final Review
013442e3-2735-47e7-b4b1-dbb16ecd7de2,22,d5f057c9-5971-11f0-9e15-0afff499248b,bf996092-8d66-408a-8d8e-5065ca3330c2,f6ab14eb-1a66-4ea5-8a0f-0afbda444403,ed9e0b7e-852e-4917-aa22-497b307aea1e,Lane_1oieIaoghq,Initiator,Initial Review
013442e3-2735-47e7-b4b1-dbb16ecd7de2,22,d5f057c9-5971-11f0-9e15-0afff499248b,bf996092-8d66-408a-8d8e-5065ca3330c2,f6ab14eb-1a66-4ea5-8a0f-0afbda444403,ed9e0b7e-852e-4917-aa22-497b307aea1e,Lane_RhsOEwGhP9,Approver,Final Review
8715a352-9d6a-4fc6-a410-b39d7679ee57,24,8fe4fa2e-5b1e-11f0-b07f-0e777e0eb1e3,bf996092-8d66-408a-8d8e-5065ca3330c2,f6ab14eb-1a66-4ea5-8a0f-0afbda444403,ed9e0b7e-852e-4917-aa22-497b307aea1e,Lane_1oieIaoghq,Initiator,Initial Review
8715a352-9d6a-4fc6-a410-b39d7679ee57,24,8fe4fa2e-5b1e-11f0-b07f-0e777e0eb1e3,bf996092-8d66-408a-8d8e-5065ca3330c2,f6ab14eb-1a66-4ea5-8a0f-0afbda444403,ed9e0b7e-852e-4917-aa22-497b307aea1e,Lane_RhsOEwGhP9,Approver,Final Review
2594c898-7b60-423a-93cb-cf4fff0ce7f2,23,beb5e9cd-5b1c-11f0-b8ba-0affd1463659,bf996092-8d66-408a-8d8e-5065ca3330c2,f6ab14eb-1a66-4ea5-8a0f-0afbda444403,ed9e0b7e-852e-4917-aa22-497b307aea1e,Lane_1oieIaoghq,Initiator,Initial Review
2594c898-7b60-423a-93cb-cf4fff0ce7f2,23,beb5e9cd-5b1c-11f0-b8ba-0affd1463659,bf996092-8d66-408a-8d8e-5065ca3330c2,f6ab14eb-1a66-4ea5-8a0f-0afbda444403,ed9e0b7e-852e-4917-aa22-497b307aea1e,Lane_RhsOEwGhP9,Approver,Final Review
59fd94ef-dc72-4dc4-97a6-44984dd17f11,25,5f082bbd-5b1f-11f0-b8ba-0affd1463659,bf996092-8d66-408a-8d8e-5065ca3330c2,f6ab14eb-1a66-4ea5-8a0f-0afbda444403,ed9e0b7e-852e-4917-aa22-497b307aea1e,Lane_1oieIaoghq,Initiator,Initial Review
59fd94ef-dc72-4dc4-97a6-44984dd17f11,25,5f082bbd-5b1f-11f0-b8ba-0affd1463659,bf996092-8d66-408a-8d8e-5065ca3330c2,f6ab14eb-1a66-4ea5-8a0f-0afbda444403,ed9e0b7e-852e-4917-aa22-497b307aea1e,Lane_RhsOEwGhP9,Approver,Final Review
a81db2b4-f0cd-4909-b776-1bc71bab1217,26,1c21497f-5b20-11f0-b8ba-0affd1463659,bf996092-8d66-408a-8d8e-5065ca3330c2,f6ab14eb-1a66-4ea5-8a0f-0afbda444403,ed9e0b7e-852e-4917-aa22-497b307aea1e,Lane_1oieIaoghq,Initiator,Initial Review
a81db2b4-f0cd-4909-b776-1bc71bab1217,26,1c21497f-5b20-11f0-b8ba-0affd1463659,bf996092-8d66-408a-8d8e-5065ca3330c2,f6ab14eb-1a66-4ea5-8a0f-0afbda444403,ed9e0b7e-852e-4917-aa22-497b307aea1e,Lane_RhsOEwGhP9,Approver,Final Review
bc233708-d16a-4f18-bce6-f2de579fe74c,136,86e6e151-83c1-11f0-8e03-023b6ba72275,bf996092-8d66-408a-8d8e-5065ca3330c2,f6ab14eb-1a66-4ea5-8a0f-0afbda444403,f95d3917-a8e0-4461-b4ca-8611d2ae1a9e,Lane_aIp9NazU6f,Initiator,Initial Review
bc233708-d16a-4f18-bce6-f2de579fe74c,136,86e6e151-83c1-11f0-8e03-023b6ba72275,bf996092-8d66-408a-8d8e-5065ca3330c2,f6ab14eb-1a66-4ea5-8a0f-0afbda444403,f95d3917-a8e0-4461-b4ca-8611d2ae1a9e,Lane_vxSv6c8Mcx,Approver,Final Review
1b20439e-89b0-4815-9856-733fa272338b,135,,bf996092-8d66-408a-8d8e-5065ca3330c2,f6ab14eb-1a66-4ea5-8a0f-0afbda444403,f95d3917-a8e0-4461-b4ca-8611d2ae1a9e,Lane_aIp9NazU6f,Initiator,Initial Review
1b20439e-89b0-4815-9856-733fa272338b,135,,bf996092-8d66-408a-8d8e-5065ca3330c2,f6ab14eb-1a66-4ea5-8a0f-0afbda444403,f95d3917-a8e0-4461-b4ca-8611d2ae1a9e,Lane_vxSv6c8Mcx,Approver,Final Review
db5d8de2-6a3e-4f65-9934-3851650cd9e8,137,4e67bfe7-83ca-11f0-ba69-0affe15d0ad3,bf996092-8d66-408a-8d8e-5065ca3330c2,f6ab14eb-1a66-4ea5-8a0f-0afbda444403,8a0c95f1-42b9-4ca4-abde-498cca725c60,Lane_Br9CJRVTUd,Initiator,Initial Review
db5d8de2-6a3e-4f65-9934-3851650cd9e8,137,4e67bfe7-83ca-11f0-ba69-0affe15d0ad3,bf996092-8d66-408a-8d8e-5065ca3330c2,f6ab14eb-1a66-4ea5-8a0f-0afbda444403,8a0c95f1-42b9-4ca4-abde-498cca725c60,Lane_FxeemgMo28,Approver,Final Review
58220789-cfb2-4e79-8731-467d796a613c,50,b5e1748f-684c-11f0-ba69-0affe15d0ad3,bf996092-8d66-408a-8d8e-5065ca3330c2,f6ab14eb-1a66-4ea5-8a0f-0afbda444403,ed9e0b7e-852e-4917-aa22-497b307aea1e,Lane_1oieIaoghq,Initiator,Initial Review
58220789-cfb2-4e79-8731-467d796a613c,50,b5e1748f-684c-11f0-ba69-0affe15d0ad3,bf996092-8d66-408a-8d8e-5065ca3330c2,f6ab14eb-1a66-4ea5-8a0f-0afbda444403,ed9e0b7e-852e-4917-aa22-497b307aea1e,Lane_RhsOEwGhP9,Approver,Final Review
625b0a53-e08d-4f05-95d9-666cf8feeecb,51,2232d5cc-684e-11f0-9b63-0edefbbefc43,bf996092-8d66-408a-8d8e-5065ca3330c2,f6ab14eb-1a66-4ea5-8a0f-0afbda444403,ed9e0b7e-852e-4917-aa22-497b307aea1e,Lane_1oieIaoghq,Initiator,Initial Review
625b0a53-e08d-4f05-95d9-666cf8feeecb,51,2232d5cc-684e-11f0-9b63-0edefbbefc43,bf996092-8d66-408a-8d8e-5065ca3330c2,f6ab14eb-1a66-4ea5-8a0f-0afbda444403,ed9e0b7e-852e-4917-aa22-497b307aea1e,Lane_RhsOEwGhP9,Approver,Final Review
87e48c75-be72-4807-af91-9c3cf433aa9a,13,b3119ab0-5311-11f0-bb6c-024cf0d6ba5b,bf996092-8d66-408a-8d8e-5065ca3330c2,f6ab14eb-1a66-4ea5-8a0f-0afbda444403,ed9e0b7e-852e-4917-aa22-497b307aea1e,Lane_1oieIaoghq,Initiator,Initial Review
87e48c75-be72-4807-af91-9c3cf433aa9a,13,b3119ab0-5311-11f0-bb6c-024cf0d6ba5b,bf996092-8d66-408a-8d8e-5065ca3330c2,f6ab14eb-1a66-4ea5-8a0f-0afbda444403,ed9e0b7e-852e-4917-aa22-497b307aea1e,Lane_RhsOEwGhP9,Approver,Final Review
47ebb1ec-30ab-4903-8fdb-34b49a14b4ad,14,c1d4f3da-53ff-11f0-8183-0affe2591691,bf996092-8d66-408a-8d8e-5065ca3330c2,f6ab14eb-1a66-4ea5-8a0f-0afbda444403,ed9e0b7e-852e-4917-aa22-497b307aea1e,Lane_1oieIaoghq,Initiator,Initial Review
47ebb1ec-30ab-4903-8fdb-34b49a14b4ad,14,c1d4f3da-53ff-11f0-8183-0affe2591691,bf996092-8d66-408a-8d8e-5065ca3330c2,f6ab14eb-1a66-4ea5-8a0f-0afbda444403,ed9e0b7e-852e-4917-aa22-497b307aea1e,Lane_RhsOEwGhP9,Approver,Final Review
d1092ee4-eb9b-4b69-b77b-ea1bd6d0b72a,15,6760250d-5401-11f0-8141-0affcb2ad165,bf996092-8d66-408a-8d8e-5065ca3330c2,f6ab14eb-1a66-4ea5-8a0f-0afbda444403,ed9e0b7e-852e-4917-aa22-497b307aea1e,Lane_1oieIaoghq,Initiator,Initial Review
d1092ee4-eb9b-4b69-b77b-ea1bd6d0b72a,15,6760250d-5401-11f0-8141-0affcb2ad165,bf996092-8d66-408a-8d8e-5065ca3330c2,f6ab14eb-1a66-4ea5-8a0f-0afbda444403,ed9e0b7e-852e-4917-aa22-497b307aea1e,Lane_RhsOEwGhP9,Approver,Final Review
52c2ac4a-c067-4cd8-ad45-3c797bc919fa,41,c0359f5e-622f-11f0-994a-0eab63e03b0b,bf996092-8d66-408a-8d8e-5065ca3330c2,f6ab14eb-1a66-4ea5-8a0f-0afbda444403,ed9e0b7e-852e-4917-aa22-497b307aea1e,Lane_1oieIaoghq,Initiator,Initial Review
52c2ac4a-c067-4cd8-ad45-3c797bc919fa,41,c0359f5e-622f-11f0-994a-0eab63e03b0b,bf996092-8d66-408a-8d8e-5065ca3330c2,f6ab14eb-1a66-4ea5-8a0f-0afbda444403,ed9e0b7e-852e-4917-aa22-497b307aea1e,Lane_RhsOEwGhP9,Approver,Final Review
e9450e2b-f5d0-4e00-a73f-afe5ea705e13,132,,bf996092-8d66-408a-8d8e-5065ca3330c2,f6ab14eb-1a66-4ea5-8a0f-0afbda444403,42c6639a-5038-4921-8ae4-36e82fe66098,Lane_E4GOIST6br,Initiator,Initial Review
e9450e2b-f5d0-4e00-a73f-afe5ea705e13,132,,bf996092-8d66-408a-8d8e-5065ca3330c2,f6ab14eb-1a66-4ea5-8a0f-0afbda444403,42c6639a-5038-4921-8ae4-36e82fe66098,Lane_sLr8kHztVR,Reviewer 1,Review 1
e9450e2b-f5d0-4e00-a73f-afe5ea705e13,132,,bf996092-8d66-408a-8d8e-5065ca3330c2,f6ab14eb-1a66-4ea5-8a0f-0afbda444403,42c6639a-5038-4921-8ae4-36e82fe66098,Lane_5BhosE4toF,Reviewer 2,Review 2
e9450e2b-f5d0-4e00-a73f-afe5ea705e13,132,,bf996092-8d66-408a-8d8e-5065ca3330c2,f6ab14eb-1a66-4ea5-8a0f-0afbda444403,42c6639a-5038-4921-8ae4-36e82fe66098,Lane_lidanvz9CB,Approver,Final Review
3b336916-8e71-476e-b7ba-c97da33763d2,87,f15b15e3-74e0-11f0-946f-0215d9ab6dad,bf996092-8d66-408a-8d8e-5065ca3330c2,f6ab14eb-1a66-4ea5-8a0f-0afbda444403,ed9e0b7e-852e-4917-aa22-497b307aea1e,Lane_HmhJrmtTm2,Initiator,Initial Review
3b336916-8e71-476e-b7ba-c97da33763d2,87,f15b15e3-74e0-11f0-946f-0215d9ab6dad,bf996092-8d66-408a-8d8e-5065ca3330c2,f6ab14eb-1a66-4ea5-8a0f-0afbda444403,ed9e0b7e-852e-4917-aa22-497b307aea1e,Lane_gaVRiIdV2m,Approver,Final Review
e211e7dd-6ca5-4acd-ab45-9f408a839aeb,88,a712c472-7500-11f0-9661-0afff06a47b1,bf996092-8d66-408a-8d8e-5065ca3330c2,f6ab14eb-1a66-4ea5-8a0f-0afbda444403,ed9e0b7e-852e-4917-aa22-497b307aea1e,Lane_HmhJrmtTm2,Initiator,Initial Review
e211e7dd-6ca5-4acd-ab45-9f408a839aeb,88,a712c472-7500-11f0-9661-0afff06a47b1,bf996092-8d66-408a-8d8e-5065ca3330c2,f6ab14eb-1a66-4ea5-8a0f-0afbda444403,ed9e0b7e-852e-4917-aa22-497b307aea1e,Lane_gaVRiIdV2m,Approver,Final Review
298c0737-0aa2-4daa-9828-c4f5e8bbce22,89,451c8ac6-75a4-11f0-9b63-0edefbbefc43,bf996092-8d66-408a-8d8e-5065ca3330c2,f6ab14eb-1a66-4ea5-8a0f-0afbda444403,ed9e0b7e-852e-4917-aa22-497b307aea1e,Lane_HmhJrmtTm2,Initiator,Initial Review
298c0737-0aa2-4daa-9828-c4f5e8bbce22,89,451c8ac6-75a4-11f0-9b63-0edefbbefc43,bf996092-8d66-408a-8d8e-5065ca3330c2,f6ab14eb-1a66-4ea5-8a0f-0afbda444403,ed9e0b7e-852e-4917-aa22-497b307aea1e,Lane_gaVRiIdV2m,Approver,Final Review
aa7bdb47-919a-4908-8546-09d4265a1fdc,90,6d1b9c4d-75bd-11f0-a747-0e0be9602fab,bf996092-8d66-408a-8d8e-5065ca3330c2,f6ab14eb-1a66-4ea5-8a0f-0afbda444403,ed9e0b7e-852e-4917-aa22-497b307aea1e,Lane_HmhJrmtTm2,Initiator,Initial Review
aa7bdb47-919a-4908-8546-09d4265a1fdc,90,6d1b9c4d-75bd-11f0-a747-0e0be9602fab,bf996092-8d66-408a-8d8e-5065ca3330c2,f6ab14eb-1a66-4ea5-8a0f-0afbda444403,ed9e0b7e-852e-4917-aa22-497b307aea1e,Lane_gaVRiIdV2m,Approver,Final Review
2f7f8d19-942c-4c10-821d-8b914868bb68,91,34d06ea7-75e9-11f0-ba69-0affe15d0ad3,bf996092-8d66-408a-8d8e-5065ca3330c2,f6ab14eb-1a66-4ea5-8a0f-0afbda444403,ed9e0b7e-852e-4917-aa22-497b307aea1e,Lane_HmhJrmtTm2,Initiator,Initial Review
2f7f8d19-942c-4c10-821d-8b914868bb68,91,34d06ea7-75e9-11f0-ba69-0affe15d0ad3,bf996092-8d66-408a-8d8e-5065ca3330c2,f6ab14eb-1a66-4ea5-8a0f-0afbda444403,ed9e0b7e-852e-4917-aa22-497b307aea1e,Lane_gaVRiIdV2m,Approver,Final Review
56a1b865-8bf2-4be4-8e2e-73a6721771c6,92,5d573c9e-7698-11f0-9b63-0edefbbefc43,bf996092-8d66-408a-8d8e-5065ca3330c2,f6ab14eb-1a66-4ea5-8a0f-0afbda444403,ed9e0b7e-852e-4917-aa22-497b307aea1e,Lane_HmhJrmtTm2,Initiator,Initial Review
56a1b865-8bf2-4be4-8e2e-73a6721771c6,92,5d573c9e-7698-11f0-9b63-0edefbbefc43,bf996092-8d66-408a-8d8e-5065ca3330c2,f6ab14eb-1a66-4ea5-8a0f-0afbda444403,ed9e0b7e-852e-4917-aa22-497b307aea1e,Lane_gaVRiIdV2m,Approver,Final Review
e876dbb0-27f6-4f76-9cbe-26ca5b019595,116,251d7139-831a-11f0-8e65-0afff7224aab,bf996092-8d66-408a-8d8e-5065ca3330c2,f6ab14eb-1a66-4ea5-8a0f-0afbda444403,6fe7117d-f611-40e3-8878-43721ce691f2,Lane_fzJLdhiAqO,Initiator,Initial Review
e876dbb0-27f6-4f76-9cbe-26ca5b019595,116,251d7139-831a-11f0-8e65-0afff7224aab,bf996092-8d66-408a-8d8e-5065ca3330c2,f6ab14eb-1a66-4ea5-8a0f-0afbda444403,6fe7117d-f611-40e3-8878-43721ce691f2,Lane_Zrtf5PmDKy,Reviewer 1,Review 1
e876dbb0-27f6-4f76-9cbe-26ca5b019595,116,251d7139-831a-11f0-8e65-0afff7224aab,bf996092-8d66-408a-8d8e-5065ca3330c2,f6ab14eb-1a66-4ea5-8a0f-0afbda444403,6fe7117d-f611-40e3-8878-43721ce691f2,Lane_ZKsMPkefBD,Reviewer 2,Review 2
e876dbb0-27f6-4f76-9cbe-26ca5b019595,116,251d7139-831a-11f0-8e65-0afff7224aab,bf996092-8d66-408a-8d8e-5065ca3330c2,f6ab14eb-1a66-4ea5-8a0f-0afbda444403,6fe7117d-f611-40e3-8878-43721ce691f2,Lane_o8qea91Ixb,Reviewer 3,Initial Review 3
e876dbb0-27f6-4f76-9cbe-26ca5b019595,116,251d7139-831a-11f0-8e65-0afff7224aab,bf996092-8d66-408a-8d8e-5065ca3330c2,f6ab14eb-1a66-4ea5-8a0f-0afbda444403,6fe7117d-f611-40e3-8878-43721ce691f2,Lane_WLd6ghXUWU,Approver,Final Review
74f71fc6-dc81-4abf-89ab-a93ba6fa383f,126,212c079a-8402-11f0-8e03-023b6ba72275,bf996092-8d66-408a-8d8e-5065ca3330c2,f6ab14eb-1a66-4ea5-8a0f-0afbda444403,6fe7117d-f611-40e3-8878-43721ce691f2,Lane_fzJLdhiAqO,Initiator,Initial Review
74f71fc6-dc81-4abf-89ab-a93ba6fa383f,126,212c079a-8402-11f0-8e03-023b6ba72275,bf996092-8d66-408a-8d8e-5065ca3330c2,f6ab14eb-1a66-4ea5-8a0f-0afbda444403,6fe7117d-f611-40e3-8878-43721ce691f2,Lane_Zrtf5PmDKy,Reviewer 1,Review 1
74f71fc6-dc81-4abf-89ab-a93ba6fa383f,126,212c079a-8402-11f0-8e03-023b6ba72275,bf996092-8d66-408a-8d8e-5065ca3330c2,f6ab14eb-1a66-4ea5-8a0f-0afbda444403,6fe7117d-f611-40e3-8878-43721ce691f2,Lane_ZKsMPkefBD,Reviewer 2,Review 2
74f71fc6-dc81-4abf-89ab-a93ba6fa383f,126,212c079a-8402-11f0-8e03-023b6ba72275,bf996092-8d66-408a-8d8e-5065ca3330c2,f6ab14eb-1a66-4ea5-8a0f-0afbda444403,6fe7117d-f611-40e3-8878-43721ce691f2,Lane_o8qea91Ixb,Reviewer 3,Initial Review 3
74f71fc6-dc81-4abf-89ab-a93ba6fa383f,126,212c079a-8402-11f0-8e03-023b6ba72275,bf996092-8d66-408a-8d8e-5065ca3330c2,f6ab14eb-1a66-4ea5-8a0f-0afbda444403,6fe7117d-f611-40e3-8878-43721ce691f2,Lane_WLd6ghXUWU,Approver,Final Review
82c03307-14ee-4fec-bb94-69bfe020ad61,107,,bf996092-8d66-408a-8d8e-5065ca3330c2,f6ab14eb-1a66-4ea5-8a0f-0afbda444403,ed9e0b7e-852e-4917-aa22-497b307aea1e,Lane_HmhJrmtTm2,Initiator,Initial Review
82c03307-14ee-4fec-bb94-69bfe020ad61,107,,bf996092-8d66-408a-8d8e-5065ca3330c2,f6ab14eb-1a66-4ea5-8a0f-0afbda444403,ed9e0b7e-852e-4917-aa22-497b307aea1e,Lane_gaVRiIdV2m,Approver,Final Review
7c9903d2-8e7e-46d2-9a0e-318284eb06a9,42,a5adbedc-62e7-11f0-8b24-0affee9495d5,bf996092-8d66-408a-8d8e-5065ca3330c2,f6ab14eb-1a66-4ea5-8a0f-0afbda444403,8481161a-4251-4f5d-8af4-4ee1c224d72c,Lane_ycJkvCAf9t,Initiator,Initial Review
7c9903d2-8e7e-46d2-9a0e-318284eb06a9,42,a5adbedc-62e7-11f0-8b24-0affee9495d5,bf996092-8d66-408a-8d8e-5065ca3330c2,f6ab14eb-1a66-4ea5-8a0f-0afbda444403,8481161a-4251-4f5d-8af4-4ee1c224d72c,Lane_4bIZPhGi56,Approver,Final Review
03db07d4-884c-463a-8cc9-912b5bbd8ca2,66,bd7e8307-6f5a-11f0-8e03-023b6ba72275,bf996092-8d66-408a-8d8e-5065ca3330c2,f6ab14eb-1a66-4ea5-8a0f-0afbda444403,8481161a-4251-4f5d-8af4-4ee1c224d72c,Lane_ycJkvCAf9t,Initiator,Initial Review
03db07d4-884c-463a-8cc9-912b5bbd8ca2,66,bd7e8307-6f5a-11f0-8e03-023b6ba72275,bf996092-8d66-408a-8d8e-5065ca3330c2,f6ab14eb-1a66-4ea5-8a0f-0afbda444403,8481161a-4251-4f5d-8af4-4ee1c224d72c,Lane_4bIZPhGi56,Approver,Final Review
df06d850-bde1-4392-a283-9b3654818afe,67,8365aedd-6f63-11f0-ba69-0affe15d0ad3,bf996092-8d66-408a-8d8e-5065ca3330c2,f6ab14eb-1a66-4ea5-8a0f-0afbda444403,ed9e0b7e-852e-4917-aa22-497b307aea1e,Lane_1oieIaoghq,Initiator,Initial Review
df06d850-bde1-4392-a283-9b3654818afe,67,8365aedd-6f63-11f0-ba69-0affe15d0ad3,bf996092-8d66-408a-8d8e-5065ca3330c2,f6ab14eb-1a66-4ea5-8a0f-0afbda444403,ed9e0b7e-852e-4917-aa22-497b307aea1e,Lane_RhsOEwGhP9,Approver,Final Review
0b18d442-39aa-4586-b1cd-39d05b21af6e,69,26290881-6f77-11f0-8e03-023b6ba72275,bf996092-8d66-408a-8d8e-5065ca3330c2,f6ab14eb-1a66-4ea5-8a0f-0afbda444403,ed9e0b7e-852e-4917-aa22-497b307aea1e,Lane_1oieIaoghq,Initiator,Initial Review
0b18d442-39aa-4586-b1cd-39d05b21af6e,69,26290881-6f77-11f0-8e03-023b6ba72275,bf996092-8d66-408a-8d8e-5065ca3330c2,f6ab14eb-1a66-4ea5-8a0f-0afbda444403,ed9e0b7e-852e-4917-aa22-497b307aea1e,Lane_RhsOEwGhP9,Approver,Final Review
8f65b385-ff29-4077-b8c2-b6fd72f89245,68,f74efd4d-6f6e-11f0-9661-0afff06a47b1,bf996092-8d66-408a-8d8e-5065ca3330c2,f6ab14eb-1a66-4ea5-8a0f-0afbda444403,ed9e0b7e-852e-4917-aa22-497b307aea1e,Lane_1oieIaoghq,Initiator,Initial Review
8f65b385-ff29-4077-b8c2-b6fd72f89245,68,f74efd4d-6f6e-11f0-9661-0afff06a47b1,bf996092-8d66-408a-8d8e-5065ca3330c2,f6ab14eb-1a66-4ea5-8a0f-0afbda444403,ed9e0b7e-852e-4917-aa22-497b307aea1e,Lane_RhsOEwGhP9,Approver,Final Review
da32f94e-9c25-4d6a-989b-b5e419b37025,110,41dbbb5d-7d8f-11f0-9b63-0edefbbefc43,bf996092-8d66-408a-8d8e-5065ca3330c2,f6ab14eb-1a66-4ea5-8a0f-0afbda444403,602c61e3-3866-48cd-ad76-168aa2feb685,Lane_iBi1jOGnzH,Initiator,Initial Review
da32f94e-9c25-4d6a-989b-b5e419b37025,110,41dbbb5d-7d8f-11f0-9b63-0edefbbefc43,bf996092-8d66-408a-8d8e-5065ca3330c2,f6ab14eb-1a66-4ea5-8a0f-0afbda444403,602c61e3-3866-48cd-ad76-168aa2feb685,Lane_WI5CoL8VRR,Reviewer 1,Review 1
da32f94e-9c25-4d6a-989b-b5e419b37025,110,41dbbb5d-7d8f-11f0-9b63-0edefbbefc43,bf996092-8d66-408a-8d8e-5065ca3330c2,f6ab14eb-1a66-4ea5-8a0f-0afbda444403,602c61e3-3866-48cd-ad76-168aa2feb685,Lane_hjs6voce5Q,Reviewer 2,Review 2
da32f94e-9c25-4d6a-989b-b5e419b37025,110,41dbbb5d-7d8f-11f0-9b63-0edefbbefc43,bf996092-8d66-408a-8d8e-5065ca3330c2,f6ab14eb-1a66-4ea5-8a0f-0afbda444403,602c61e3-3866-48cd-ad76-168aa2feb685,Lane_c2apMujyWx,Approver,Final Review
fbc24129-886b-476c-879a-047055001701,6,11e2ad5c-5027-11f0-9f3f-0edc615c5be7,bf996092-8d66-408a-8d8e-5065ca3330c2,f6ab14eb-1a66-4ea5-8a0f-0afbda444403,ed9e0b7e-852e-4917-aa22-497b307aea1e,Lane_8J37v5CtSB,Initiator,Initial Review
fbc24129-886b-476c-879a-047055001701,6,11e2ad5c-5027-11f0-9f3f-0edc615c5be7,bf996092-8d66-408a-8d8e-5065ca3330c2,f6ab14eb-1a66-4ea5-8a0f-0afbda444403,ed9e0b7e-852e-4917-aa22-497b307aea1e,Lane_jdOjaG8UU7,Approver,Final Review
4df0392a-96c2-42d1-81ab-cb9ebba9e661,44,ae4ae9bf-63e9-11f0-9d2c-02ecd8cd8b53,bf996092-8d66-408a-8d8e-5065ca3330c2,f6ab14eb-1a66-4ea5-8a0f-0afbda444403,6fe7117d-f611-40e3-8878-43721ce691f2,Lane_fzJLdhiAqO,Initiator,Initial Review
4df0392a-96c2-42d1-81ab-cb9ebba9e661,44,ae4ae9bf-63e9-11f0-9d2c-02ecd8cd8b53,bf996092-8d66-408a-8d8e-5065ca3330c2,f6ab14eb-1a66-4ea5-8a0f-0afbda444403,6fe7117d-f611-40e3-8878-43721ce691f2,Lane_Zrtf5PmDKy,Reviewer 1,Review 1
4df0392a-96c2-42d1-81ab-cb9ebba9e661,44,ae4ae9bf-63e9-11f0-9d2c-02ecd8cd8b53,bf996092-8d66-408a-8d8e-5065ca3330c2,f6ab14eb-1a66-4ea5-8a0f-0afbda444403,6fe7117d-f611-40e3-8878-43721ce691f2,Lane_ZKsMPkefBD,Reviewer 2,Review 2
4df0392a-96c2-42d1-81ab-cb9ebba9e661,44,ae4ae9bf-63e9-11f0-9d2c-02ecd8cd8b53,bf996092-8d66-408a-8d8e-5065ca3330c2,f6ab14eb-1a66-4ea5-8a0f-0afbda444403,6fe7117d-f611-40e3-8878-43721ce691f2,Lane_o8qea91Ixb,Reviewer 3,Initial Review 3
4df0392a-96c2-42d1-81ab-cb9ebba9e661,44,ae4ae9bf-63e9-11f0-9d2c-02ecd8cd8b53,bf996092-8d66-408a-8d8e-5065ca3330c2,f6ab14eb-1a66-4ea5-8a0f-0afbda444403,6fe7117d-f611-40e3-8878-43721ce691f2,Lane_WLd6ghXUWU,Approver,Final Review
7f28a59a-137e-4394-9623-9c39e23379c3,7,0e241588-50af-11f0-8be0-0affc6aaae03,bf996092-8d66-408a-8d8e-5065ca3330c2,f6ab14eb-1a66-4ea5-8a0f-0afbda444403,ed9e0b7e-852e-4917-aa22-497b307aea1e,Lane_1oieIaoghq,Initiator,Initial Review
7f28a59a-137e-4394-9623-9c39e23379c3,7,0e241588-50af-11f0-8be0-0affc6aaae03,bf996092-8d66-408a-8d8e-5065ca3330c2,f6ab14eb-1a66-4ea5-8a0f-0afbda444403,ed9e0b7e-852e-4917-aa22-497b307aea1e,Lane_RhsOEwGhP9,Approver,Final Review
7c0b021a-1993-471d-a4a4-86be9e5b363c,8,a9361cd6-50af-11f0-8904-0affc361003d,bf996092-8d66-408a-8d8e-5065ca3330c2,f6ab14eb-1a66-4ea5-8a0f-0afbda444403,ed9e0b7e-852e-4917-aa22-497b307aea1e,Lane_1oieIaoghq,Initiator,Initial Review
7c0b021a-1993-471d-a4a4-86be9e5b363c,8,a9361cd6-50af-11f0-8904-0affc361003d,bf996092-8d66-408a-8d8e-5065ca3330c2,f6ab14eb-1a66-4ea5-8a0f-0afbda444403,ed9e0b7e-852e-4917-aa22-497b307aea1e,Lane_RhsOEwGhP9,Approver,Final Review
b9c24b0e-19ff-4635-aa1c-c11fca6012e1,138,fb582c8f-8482-11f0-8bd5-0232a6c7fd05,bf996092-8d66-408a-8d8e-5065ca3330c2,f6ab14eb-1a66-4ea5-8a0f-0afbda444403,f95d3917-a8e0-4461-b4ca-8611d2ae1a9e,Lane_o2N5Qar8Uv,Initiator,Initial Review
b9c24b0e-19ff-4635-aa1c-c11fca6012e1,138,fb582c8f-8482-11f0-8bd5-0232a6c7fd05,bf996092-8d66-408a-8d8e-5065ca3330c2,f6ab14eb-1a66-4ea5-8a0f-0afbda444403,f95d3917-a8e0-4461-b4ca-8611d2ae1a9e,Lane_9YZL2AMvj7,Approver,Final Review
0ed684f2-774b-440a-8d53-35e6968db01d,5,54440aa1-5026-11f0-a250-0e4e4f80cd6b,bf996092-8d66-408a-8d8e-5065ca3330c2,f6ab14eb-1a66-4ea5-8a0f-0afbda444403,ed9e0b7e-852e-4917-aa22-497b307aea1e,Lane_8J37v5CtSB,Initiator,Initial Review
0ed684f2-774b-440a-8d53-35e6968db01d,5,54440aa1-5026-11f0-a250-0e4e4f80cd6b,bf996092-8d66-408a-8d8e-5065ca3330c2,f6ab14eb-1a66-4ea5-8a0f-0afbda444403,ed9e0b7e-852e-4917-aa22-497b307aea1e,Lane_jdOjaG8UU7,Approver,Final Review
1bfc2bce-ce2e-49c6-9220-0cd4e7cf43d2,9,9269f7b6-50bb-11f0-8be0-0affc6aaae03,bf996092-8d66-408a-8d8e-5065ca3330c2,f6ab14eb-1a66-4ea5-8a0f-0afbda444403,ed9e0b7e-852e-4917-aa22-497b307aea1e,Lane_1oieIaoghq,Initiator,Initial Review
1bfc2bce-ce2e-49c6-9220-0cd4e7cf43d2,9,9269f7b6-50bb-11f0-8be0-0affc6aaae03,bf996092-8d66-408a-8d8e-5065ca3330c2,f6ab14eb-1a66-4ea5-8a0f-0afbda444403,ed9e0b7e-852e-4917-aa22-497b307aea1e,Lane_RhsOEwGhP9,Approver,Final Review
a879befe-49fa-4bf6-a1ea-1a578024c463,93,3a6f0667-7732-11f0-8e65-0afff7224aab,bf996092-8d66-408a-8d8e-5065ca3330c2,f6ab14eb-1a66-4ea5-8a0f-0afbda444403,ed9e0b7e-852e-4917-aa22-497b307aea1e,Lane_HmhJrmtTm2,Initiator,Initial Review
a879befe-49fa-4bf6-a1ea-1a578024c463,93,3a6f0667-7732-11f0-8e65-0afff7224aab,bf996092-8d66-408a-8d8e-5065ca3330c2,f6ab14eb-1a66-4ea5-8a0f-0afbda444403,ed9e0b7e-852e-4917-aa22-497b307aea1e,Lane_gaVRiIdV2m,Approver,Final Review
3bbaed6d-ebb2-4418-a055-5197465911df,94,e6260065-7759-11f0-9b63-0edefbbefc43,bf996092-8d66-408a-8d8e-5065ca3330c2,f6ab14eb-1a66-4ea5-8a0f-0afbda444403,ed9e0b7e-852e-4917-aa22-497b307aea1e,Lane_HmhJrmtTm2,Initiator,Initial Review
3bbaed6d-ebb2-4418-a055-5197465911df,94,e6260065-7759-11f0-9b63-0edefbbefc43,bf996092-8d66-408a-8d8e-5065ca3330c2,f6ab14eb-1a66-4ea5-8a0f-0afbda444403,ed9e0b7e-852e-4917-aa22-497b307aea1e,Lane_gaVRiIdV2m,Approver,Final Review
26132383-942e-4595-8344-ec22158a6817,70,e0b70257-702b-11f0-9b63-0edefbbefc43,bf996092-8d66-408a-8d8e-5065ca3330c2,f6ab14eb-1a66-4ea5-8a0f-0afbda444403,ed9e0b7e-852e-4917-aa22-497b307aea1e,Lane_1oieIaoghq,Initiator,Initial Review
26132383-942e-4595-8344-ec22158a6817,70,e0b70257-702b-11f0-9b63-0edefbbefc43,bf996092-8d66-408a-8d8e-5065ca3330c2,f6ab14eb-1a66-4ea5-8a0f-0afbda444403,ed9e0b7e-852e-4917-aa22-497b307aea1e,Lane_RhsOEwGhP9,Approver,Final Review
e0fe26c9-3540-40dc-97e1-5d58c14e1c7b,71,df15f9dd-70eb-11f0-9661-0afff06a47b1,bf996092-8d66-408a-8d8e-5065ca3330c2,f6ab14eb-1a66-4ea5-8a0f-0afbda444403,ed9e0b7e-852e-4917-aa22-497b307aea1e,Lane_1oieIaoghq,Initiator,Initial Review
e0fe26c9-3540-40dc-97e1-5d58c14e1c7b,71,df15f9dd-70eb-11f0-9661-0afff06a47b1,bf996092-8d66-408a-8d8e-5065ca3330c2,f6ab14eb-1a66-4ea5-8a0f-0afbda444403,ed9e0b7e-852e-4917-aa22-497b307aea1e,Lane_RhsOEwGhP9,Approver,Final Review
8537fe7d-b3e3-4ff4-bbd8-23e63e74ef77,72,399b734a-70f6-11f0-946f-0215d9ab6dad,bf996092-8d66-408a-8d8e-5065ca3330c2,f6ab14eb-1a66-4ea5-8a0f-0afbda444403,ed9e0b7e-852e-4917-aa22-497b307aea1e,Lane_1oieIaoghq,Initiator,Initial Review
8537fe7d-b3e3-4ff4-bbd8-23e63e74ef77,72,399b734a-70f6-11f0-946f-0215d9ab6dad,bf996092-8d66-408a-8d8e-5065ca3330c2,f6ab14eb-1a66-4ea5-8a0f-0afbda444403,ed9e0b7e-852e-4917-aa22-497b307aea1e,Lane_RhsOEwGhP9,Approver,Final Review
33bc0c50-a5ae-481d-bd90-ab44a12faef5,73,3515cf05-70f7-11f0-8e03-023b6ba72275,bf996092-8d66-408a-8d8e-5065ca3330c2,f6ab14eb-1a66-4ea5-8a0f-0afbda444403,ed9e0b7e-852e-4917-aa22-497b307aea1e,Lane_1oieIaoghq,Initiator,Initial Review
33bc0c50-a5ae-481d-bd90-ab44a12faef5,73,3515cf05-70f7-11f0-8e03-023b6ba72275,bf996092-8d66-408a-8d8e-5065ca3330c2,f6ab14eb-1a66-4ea5-8a0f-0afbda444403,ed9e0b7e-852e-4917-aa22-497b307aea1e,Lane_RhsOEwGhP9,Approver,Final Review
84f19ebe-7acf-4762-82e1-ea07ad64ac76,1,,bf996092-8d66-408a-8d8e-5065ca3330c2,f6ab14eb-1a66-4ea5-8a0f-0afbda444403,6fe7117d-f611-40e3-8878-43721ce691f2,Lane_QehJByLqLK,Initiator,Initial Review
84f19ebe-7acf-4762-82e1-ea07ad64ac76,1,,bf996092-8d66-408a-8d8e-5065ca3330c2,f6ab14eb-1a66-4ea5-8a0f-0afbda444403,6fe7117d-f611-40e3-8878-43721ce691f2,Lane_VXVXaf8oST,Reviewer 1,Review 1
84f19ebe-7acf-4762-82e1-ea07ad64ac76,1,,bf996092-8d66-408a-8d8e-5065ca3330c2,f6ab14eb-1a66-4ea5-8a0f-0afbda444403,6fe7117d-f611-40e3-8878-43721ce691f2,Lane_oIIlPOZst8,Reviewer 2,Review 2
84f19ebe-7acf-4762-82e1-ea07ad64ac76,1,,bf996092-8d66-408a-8d8e-5065ca3330c2,f6ab14eb-1a66-4ea5-8a0f-0afbda444403,6fe7117d-f611-40e3-8878-43721ce691f2,Lane_qnTMzalwTA,Reviewer 3,Initial Review 3
84f19ebe-7acf-4762-82e1-ea07ad64ac76,1,,bf996092-8d66-408a-8d8e-5065ca3330c2,f6ab14eb-1a66-4ea5-8a0f-0afbda444403,6fe7117d-f611-40e3-8878-43721ce691f2,Lane_anWfOFrlo7,Approver,Final Review
e68b7c5c-b732-4ef7-bd3c-e7f155f865f2,109,e5f75efb-7d82-11f0-8e03-023b6ba72275,bf996092-8d66-408a-8d8e-5065ca3330c2,f6ab14eb-1a66-4ea5-8a0f-0afbda444403,ed9e0b7e-852e-4917-aa22-497b307aea1e,Lane_HmhJrmtTm2,Initiator,Initial Review
e68b7c5c-b732-4ef7-bd3c-e7f155f865f2,109,e5f75efb-7d82-11f0-8e03-023b6ba72275,bf996092-8d66-408a-8d8e-5065ca3330c2,f6ab14eb-1a66-4ea5-8a0f-0afbda444403,ed9e0b7e-852e-4917-aa22-497b307aea1e,Lane_gaVRiIdV2m,Approver,Final Review
d3d07c92-45da-46fd-ab98-6580c8ac302d,10,46c0849f-5179-11f0-bb6c-024cf0d6ba5b,bf996092-8d66-408a-8d8e-5065ca3330c2,f6ab14eb-1a66-4ea5-8a0f-0afbda444403,ed9e0b7e-852e-4917-aa22-497b307aea1e,Lane_1oieIaoghq,Initiator,Initial Review
d3d07c92-45da-46fd-ab98-6580c8ac302d,10,46c0849f-5179-11f0-bb6c-024cf0d6ba5b,bf996092-8d66-408a-8d8e-5065ca3330c2,f6ab14eb-1a66-4ea5-8a0f-0afbda444403,ed9e0b7e-852e-4917-aa22-497b307aea1e,Lane_RhsOEwGhP9,Approver,Final Review
71044fec-262d-4c21-8583-260622fdc39c,43,a77dd4b1-63b4-11f0-a30f-022739ca029d,bf996092-8d66-408a-8d8e-5065ca3330c2,f6ab14eb-1a66-4ea5-8a0f-0afbda444403,ed9e0b7e-852e-4917-aa22-497b307aea1e,Lane_1oieIaoghq,Initiator,Initial Review
71044fec-262d-4c21-8583-260622fdc39c,43,a77dd4b1-63b4-11f0-a30f-022739ca029d,bf996092-8d66-408a-8d8e-5065ca3330c2,f6ab14eb-1a66-4ea5-8a0f-0afbda444403,ed9e0b7e-852e-4917-aa22-497b307aea1e,Lane_RhsOEwGhP9,Approver,Final Review
1a75b34a-c1b8-4a6f-8ef8-905da62a930a,45,16abebe2-63c8-11f0-a416-0edf6594598d,bf996092-8d66-408a-8d8e-5065ca3330c2,f6ab14eb-1a66-4ea5-8a0f-0afbda444403,ed9e0b7e-852e-4917-aa22-497b307aea1e,Lane_1oieIaoghq,Initiator,Initial Review
1a75b34a-c1b8-4a6f-8ef8-905da62a930a,45,16abebe2-63c8-11f0-a416-0edf6594598d,bf996092-8d66-408a-8d8e-5065ca3330c2,f6ab14eb-1a66-4ea5-8a0f-0afbda444403,ed9e0b7e-852e-4917-aa22-497b307aea1e,Lane_RhsOEwGhP9,Approver,Final Review
37395cef-7006-423b-9b7c-c32d595c7293,65,,bf996092-8d66-408a-8d8e-5065ca3330c2,f6ab14eb-1a66-4ea5-8a0f-0afbda444403,6fe7117d-f611-40e3-8878-43721ce691f2,Lane_fzJLdhiAqO,Initiator,Initial Review
37395cef-7006-423b-9b7c-c32d595c7293,65,,bf996092-8d66-408a-8d8e-5065ca3330c2,f6ab14eb-1a66-4ea5-8a0f-0afbda444403,6fe7117d-f611-40e3-8878-43721ce691f2,Lane_Zrtf5PmDKy,Reviewer 1,Review 1
37395cef-7006-423b-9b7c-c32d595c7293,65,,bf996092-8d66-408a-8d8e-5065ca3330c2,f6ab14eb-1a66-4ea5-8a0f-0afbda444403,6fe7117d-f611-40e3-8878-43721ce691f2,Lane_ZKsMPkefBD,Reviewer 2,Review 2
37395cef-7006-423b-9b7c-c32d595c7293,65,,bf996092-8d66-408a-8d8e-5065ca3330c2,f6ab14eb-1a66-4ea5-8a0f-0afbda444403,6fe7117d-f611-40e3-8878-43721ce691f2,Lane_o8qea91Ixb,Reviewer 3,Initial Review 3
37395cef-7006-423b-9b7c-c32d595c7293,65,,bf996092-8d66-408a-8d8e-5065ca3330c2,f6ab14eb-1a66-4ea5-8a0f-0afbda444403,6fe7117d-f611-40e3-8878-43721ce691f2,Lane_WLd6ghXUWU,Approver,Final Review
7e07d3f3-b19b-4203-8ad6-336a6dd4f97b,53,17953503-6ab3-11f0-9b63-0edefbbefc43,bf996092-8d66-408a-8d8e-5065ca3330c2,f6ab14eb-1a66-4ea5-8a0f-0afbda444403,ed9e0b7e-852e-4917-aa22-497b307aea1e,Lane_1oieIaoghq,Initiator,Initial Review
7e07d3f3-b19b-4203-8ad6-336a6dd4f97b,53,17953503-6ab3-11f0-9b63-0edefbbefc43,bf996092-8d66-408a-8d8e-5065ca3330c2,f6ab14eb-1a66-4ea5-8a0f-0afbda444403,ed9e0b7e-852e-4917-aa22-497b307aea1e,Lane_RhsOEwGhP9,Approver,Final Review
52e1975b-41d5-4640-b78e-1b701b780f29,54,a8abe32d-6ab4-11f0-9661-0afff06a47b1,bf996092-8d66-408a-8d8e-5065ca3330c2,f6ab14eb-1a66-4ea5-8a0f-0afbda444403,ed9e0b7e-852e-4917-aa22-497b307aea1e,Lane_1oieIaoghq,Initiator,Initial Review
52e1975b-41d5-4640-b78e-1b701b780f29,54,a8abe32d-6ab4-11f0-9661-0afff06a47b1,bf996092-8d66-408a-8d8e-5065ca3330c2,f6ab14eb-1a66-4ea5-8a0f-0afbda444403,ed9e0b7e-852e-4917-aa22-497b307aea1e,Lane_RhsOEwGhP9,Approver,Final Review
88d3e65d-5f26-44e8-9022-d496e22489ce,55,a65a0ee9-6ab5-11f0-ba69-0affe15d0ad3,bf996092-8d66-408a-8d8e-5065ca3330c2,f6ab14eb-1a66-4ea5-8a0f-0afbda444403,ed9e0b7e-852e-4917-aa22-497b307aea1e,Lane_1oieIaoghq,Initiator,Initial Review
88d3e65d-5f26-44e8-9022-d496e22489ce,55,a65a0ee9-6ab5-11f0-ba69-0affe15d0ad3,bf996092-8d66-408a-8d8e-5065ca3330c2,f6ab14eb-1a66-4ea5-8a0f-0afbda444403,ed9e0b7e-852e-4917-aa22-497b307aea1e,Lane_RhsOEwGhP9,Approver,Final Review
643d9471-3fe8-49c3-b58d-4b3025fc9f92,74,87486d3f-71c2-11f0-8e03-023b6ba72275,bf996092-8d66-408a-8d8e-5065ca3330c2,f6ab14eb-1a66-4ea5-8a0f-0afbda444403,ed9e0b7e-852e-4917-aa22-497b307aea1e,Lane_1oieIaoghq,Initiator,Initial Review
643d9471-3fe8-49c3-b58d-4b3025fc9f92,74,87486d3f-71c2-11f0-8e03-023b6ba72275,bf996092-8d66-408a-8d8e-5065ca3330c2,f6ab14eb-1a66-4ea5-8a0f-0afbda444403,ed9e0b7e-852e-4917-aa22-497b307aea1e,Lane_RhsOEwGhP9,Approver,Final Review
9383415a-b312-4350-9a54-7725800aaf59,75,76e1b4d3-71c3-11f0-8bd5-0232a6c7fd05,bf996092-8d66-408a-8d8e-5065ca3330c2,f6ab14eb-1a66-4ea5-8a0f-0afbda444403,ed9e0b7e-852e-4917-aa22-497b307aea1e,Lane_1oieIaoghq,Initiator,Initial Review
9383415a-b312-4350-9a54-7725800aaf59,75,76e1b4d3-71c3-11f0-8bd5-0232a6c7fd05,bf996092-8d66-408a-8d8e-5065ca3330c2,f6ab14eb-1a66-4ea5-8a0f-0afbda444403,ed9e0b7e-852e-4917-aa22-497b307aea1e,Lane_RhsOEwGhP9,Approver,Final Review
30f807ee-4824-45fd-b21d-ed86c8df14c9,56,b08641b6-6b8b-11f0-9661-0afff06a47b1,bf996092-8d66-408a-8d8e-5065ca3330c2,f6ab14eb-1a66-4ea5-8a0f-0afbda444403,ed9e0b7e-852e-4917-aa22-497b307aea1e,Lane_1oieIaoghq,Initiator,Initial Review
30f807ee-4824-45fd-b21d-ed86c8df14c9,56,b08641b6-6b8b-11f0-9661-0afff06a47b1,bf996092-8d66-408a-8d8e-5065ca3330c2,f6ab14eb-1a66-4ea5-8a0f-0afbda444403,ed9e0b7e-852e-4917-aa22-497b307aea1e,Lane_RhsOEwGhP9,Approver,Final Review
d6142670-a974-463c-8a49-3cddde0c59d9,111,9d999b45-7da9-11f0-8e03-023b6ba72275,bf996092-8d66-408a-8d8e-5065ca3330c2,f6ab14eb-1a66-4ea5-8a0f-0afbda444403,ed9e0b7e-852e-4917-aa22-497b307aea1e,Lane_HmhJrmtTm2,Initiator,Initial Review
d6142670-a974-463c-8a49-3cddde0c59d9,111,9d999b45-7da9-11f0-8e03-023b6ba72275,bf996092-8d66-408a-8d8e-5065ca3330c2,f6ab14eb-1a66-4ea5-8a0f-0afbda444403,ed9e0b7e-852e-4917-aa22-497b307aea1e,Lane_gaVRiIdV2m,Approver,Final Review
f58f6252-eaa0-47e0-afb8-d4b3064736b5,27,637a5fcf-5cb7-11f0-b8ba-0affd1463659,bf996092-8d66-408a-8d8e-5065ca3330c2,f6ab14eb-1a66-4ea5-8a0f-0afbda444403,ed9e0b7e-852e-4917-aa22-497b307aea1e,Lane_1oieIaoghq,Initiator,Initial Review
f58f6252-eaa0-47e0-afb8-d4b3064736b5,27,637a5fcf-5cb7-11f0-b8ba-0affd1463659,bf996092-8d66-408a-8d8e-5065ca3330c2,f6ab14eb-1a66-4ea5-8a0f-0afbda444403,ed9e0b7e-852e-4917-aa22-497b307aea1e,Lane_RhsOEwGhP9,Approver,Final Review
a8d8937f-8af0-457a-bd10-ab3b670bd976,28,069f662e-5cb9-11f0-ba7a-02677a6c0a19,bf996092-8d66-408a-8d8e-5065ca3330c2,f6ab14eb-1a66-4ea5-8a0f-0afbda444403,ed9e0b7e-852e-4917-aa22-497b307aea1e,Lane_1oieIaoghq,Initiator,Initial Review
a8d8937f-8af0-457a-bd10-ab3b670bd976,28,069f662e-5cb9-11f0-ba7a-02677a6c0a19,bf996092-8d66-408a-8d8e-5065ca3330c2,f6ab14eb-1a66-4ea5-8a0f-0afbda444403,ed9e0b7e-852e-4917-aa22-497b307aea1e,Lane_RhsOEwGhP9,Approver,Final Review
efe04119-b9e8-4682-9488-7f9c513e9116,31,6bc22be6-5d8b-11f0-9e15-0afff499248b,bf996092-8d66-408a-8d8e-5065ca3330c2,f6ab14eb-1a66-4ea5-8a0f-0afbda444403,ed9e0b7e-852e-4917-aa22-497b307aea1e,Lane_1oieIaoghq,Initiator,Initial Review
efe04119-b9e8-4682-9488-7f9c513e9116,31,6bc22be6-5d8b-11f0-9e15-0afff499248b,bf996092-8d66-408a-8d8e-5065ca3330c2,f6ab14eb-1a66-4ea5-8a0f-0afbda444403,ed9e0b7e-852e-4917-aa22-497b307aea1e,Lane_RhsOEwGhP9,Approver,Final Review
f58d5985-1e66-42cb-b572-afe86ff9e225,32,982d20fc-5e34-11f0-b8ba-0affd1463659,bf996092-8d66-408a-8d8e-5065ca3330c2,f6ab14eb-1a66-4ea5-8a0f-0afbda444403,ed9e0b7e-852e-4917-aa22-497b307aea1e,Lane_1oieIaoghq,Initiator,Initial Review
f58d5985-1e66-42cb-b572-afe86ff9e225,32,982d20fc-5e34-11f0-b8ba-0affd1463659,bf996092-8d66-408a-8d8e-5065ca3330c2,f6ab14eb-1a66-4ea5-8a0f-0afbda444403,ed9e0b7e-852e-4917-aa22-497b307aea1e,Lane_RhsOEwGhP9,Approver,Final Review
823680ef-f50d-4df5-ad5d-a0a428b51c26,33,e6808d69-5e34-11f0-b07f-0e777e0eb1e3,bf996092-8d66-408a-8d8e-5065ca3330c2,f6ab14eb-1a66-4ea5-8a0f-0afbda444403,ed9e0b7e-852e-4917-aa22-497b307aea1e,Lane_1oieIaoghq,Initiator,Initial Review
823680ef-f50d-4df5-ad5d-a0a428b51c26,33,e6808d69-5e34-11f0-b07f-0e777e0eb1e3,bf996092-8d66-408a-8d8e-5065ca3330c2,f6ab14eb-1a66-4ea5-8a0f-0afbda444403,ed9e0b7e-852e-4917-aa22-497b307aea1e,Lane_RhsOEwGhP9,Approver,Final Review
39ffaf9a-7ec7-4aed-88b8-c534ef0efef4,36,15f40133-5e37-11f0-b8ba-0affd1463659,bf996092-8d66-408a-8d8e-5065ca3330c2,f6ab14eb-1a66-4ea5-8a0f-0afbda444403,ed9e0b7e-852e-4917-aa22-497b307aea1e,Lane_1oieIaoghq,Initiator,Initial Review
39ffaf9a-7ec7-4aed-88b8-c534ef0efef4,36,15f40133-5e37-11f0-b8ba-0affd1463659,bf996092-8d66-408a-8d8e-5065ca3330c2,f6ab14eb-1a66-4ea5-8a0f-0afbda444403,ed9e0b7e-852e-4917-aa22-497b307aea1e,Lane_RhsOEwGhP9,Approver,Final Review
f269686e-42b6-480b-99f5-50fa628bd6eb,34,e5e62c41-5e35-11f0-9e15-0afff499248b,bf996092-8d66-408a-8d8e-5065ca3330c2,f6ab14eb-1a66-4ea5-8a0f-0afbda444403,ed9e0b7e-852e-4917-aa22-497b307aea1e,Lane_1oieIaoghq,Initiator,Initial Review
f269686e-42b6-480b-99f5-50fa628bd6eb,34,e5e62c41-5e35-11f0-9e15-0afff499248b,bf996092-8d66-408a-8d8e-5065ca3330c2,f6ab14eb-1a66-4ea5-8a0f-0afbda444403,ed9e0b7e-852e-4917-aa22-497b307aea1e,Lane_RhsOEwGhP9,Approver,Final Review
2ea151c0-e283-4605-a266-86967d9c1c3f,35,db8078b5-5e36-11f0-b07f-0e777e0eb1e3,bf996092-8d66-408a-8d8e-5065ca3330c2,f6ab14eb-1a66-4ea5-8a0f-0afbda444403,ed9e0b7e-852e-4917-aa22-497b307aea1e,Lane_1oieIaoghq,Initiator,Initial Review
2ea151c0-e283-4605-a266-86967d9c1c3f,35,db8078b5-5e36-11f0-b07f-0e777e0eb1e3,bf996092-8d66-408a-8d8e-5065ca3330c2,f6ab14eb-1a66-4ea5-8a0f-0afbda444403,ed9e0b7e-852e-4917-aa22-497b307aea1e,Lane_RhsOEwGhP9,Approver,Final Review
3fe53577-0384-44c7-ae3f-78c2f38f1a81,95,5b0ca22a-77f6-11f0-946f-0215d9ab6dad,bf996092-8d66-408a-8d8e-5065ca3330c2,f6ab14eb-1a66-4ea5-8a0f-0afbda444403,ed9e0b7e-852e-4917-aa22-497b307aea1e,Lane_HmhJrmtTm2,Initiator,Initial Review
3fe53577-0384-44c7-ae3f-78c2f38f1a81,95,5b0ca22a-77f6-11f0-946f-0215d9ab6dad,bf996092-8d66-408a-8d8e-5065ca3330c2,f6ab14eb-1a66-4ea5-8a0f-0afbda444403,ed9e0b7e-852e-4917-aa22-497b307aea1e,Lane_gaVRiIdV2m,Approver,Final Review
56fd699a-e257-43dd-b208-dbbf8af20ebb,96,,bf996092-8d66-408a-8d8e-5065ca3330c2,f6ab14eb-1a66-4ea5-8a0f-0afbda444403,ed9e0b7e-852e-4917-aa22-497b307aea1e,Lane_HmhJrmtTm2,Initiator,Initial Review
56fd699a-e257-43dd-b208-dbbf8af20ebb,96,,bf996092-8d66-408a-8d8e-5065ca3330c2,f6ab14eb-1a66-4ea5-8a0f-0afbda444403,ed9e0b7e-852e-4917-aa22-497b307aea1e,Lane_gaVRiIdV2m,Approver,Final Review
18c2bc6e-98db-4347-9738-5d30bab6429d,97,bf824dd9-782b-11f0-9661-0afff06a47b1,bf996092-8d66-408a-8d8e-5065ca3330c2,f6ab14eb-1a66-4ea5-8a0f-0afbda444403,ed9e0b7e-852e-4917-aa22-497b307aea1e,Lane_HmhJrmtTm2,Initiator,Initial Review
18c2bc6e-98db-4347-9738-5d30bab6429d,97,bf824dd9-782b-11f0-9661-0afff06a47b1,bf996092-8d66-408a-8d8e-5065ca3330c2,f6ab14eb-1a66-4ea5-8a0f-0afbda444403,ed9e0b7e-852e-4917-aa22-497b307aea1e,Lane_gaVRiIdV2m,Approver,Final Review
f35dcd2d-e324-49dd-8886-6ced116e71cd,46,faad206f-6495-11f0-87b6-0e47164080f7,bf996092-8d66-408a-8d8e-5065ca3330c2,f6ab14eb-1a66-4ea5-8a0f-0afbda444403,ed9e0b7e-852e-4917-aa22-497b307aea1e,Lane_1oieIaoghq,Initiator,Initial Review
f35dcd2d-e324-49dd-8886-6ced116e71cd,46,faad206f-6495-11f0-87b6-0e47164080f7,bf996092-8d66-408a-8d8e-5065ca3330c2,f6ab14eb-1a66-4ea5-8a0f-0afbda444403,ed9e0b7e-852e-4917-aa22-497b307aea1e,Lane_RhsOEwGhP9,Approver,Final Review
3a4405b3-663e-448d-bd0c-da8e809a9830,112,,bf996092-8d66-408a-8d8e-5065ca3330c2,f6ab14eb-1a66-4ea5-8a0f-0afbda444403,8a0c95f1-42b9-4ca4-abde-498cca725c60,Lane_yyqApGBEcZ,Initiator,Initial Review
3a4405b3-663e-448d-bd0c-da8e809a9830,112,,bf996092-8d66-408a-8d8e-5065ca3330c2,f6ab14eb-1a66-4ea5-8a0f-0afbda444403,8a0c95f1-42b9-4ca4-abde-498cca725c60,Lane_jQ63VDPZWV,Approver,Final Review
899e3ed1-0687-4ab9-83e8-d52919730de3,4,,bf996092-8d66-408a-8d8e-5065ca3330c2,f6ab14eb-1a66-4ea5-8a0f-0afbda444403,6fe7117d-f611-40e3-8878-43721ce691f2,Lane_fzJLdhiAqO,Initiator,Initial Review
899e3ed1-0687-4ab9-83e8-d52919730de3,4,,bf996092-8d66-408a-8d8e-5065ca3330c2,f6ab14eb-1a66-4ea5-8a0f-0afbda444403,6fe7117d-f611-40e3-8878-43721ce691f2,Lane_Zrtf5PmDKy,Reviewer 1,Review 1
899e3ed1-0687-4ab9-83e8-d52919730de3,4,,bf996092-8d66-408a-8d8e-5065ca3330c2,f6ab14eb-1a66-4ea5-8a0f-0afbda444403,6fe7117d-f611-40e3-8878-43721ce691f2,Lane_ZKsMPkefBD,Reviewer 2,Review 2
899e3ed1-0687-4ab9-83e8-d52919730de3,4,,bf996092-8d66-408a-8d8e-5065ca3330c2,f6ab14eb-1a66-4ea5-8a0f-0afbda444403,6fe7117d-f611-40e3-8878-43721ce691f2,Lane_o8qea91Ixb,Reviewer 3,Initial Review 3
899e3ed1-0687-4ab9-83e8-d52919730de3,4,,bf996092-8d66-408a-8d8e-5065ca3330c2,f6ab14eb-1a66-4ea5-8a0f-0afbda444403,6fe7117d-f611-40e3-8878-43721ce691f2,Lane_WLd6ghXUWU,Approver,Final Review
62c3c526-eab6-45b2-8c7a-4f8398e84e20,3,48d750f9-4d23-11f0-8be0-0affc6aaae03,bf996092-8d66-408a-8d8e-5065ca3330c2,f6ab14eb-1a66-4ea5-8a0f-0afbda444403,397c5066-4df3-48ed-a43e-71299df89576,Lane_uCGVYVBLVV,Initiator,Initial Review
62c3c526-eab6-45b2-8c7a-4f8398e84e20,3,48d750f9-4d23-11f0-8be0-0affc6aaae03,bf996092-8d66-408a-8d8e-5065ca3330c2,f6ab14eb-1a66-4ea5-8a0f-0afbda444403,397c5066-4df3-48ed-a43e-71299df89576,Lane_nlMUPHkUF8,Reviewer,Review 1
62c3c526-eab6-45b2-8c7a-4f8398e84e20,3,48d750f9-4d23-11f0-8be0-0affc6aaae03,bf996092-8d66-408a-8d8e-5065ca3330c2,f6ab14eb-1a66-4ea5-8a0f-0afbda444403,397c5066-4df3-48ed-a43e-71299df89576,Lane_jMrXxzg19w,Approver,Final Review
49be2e04-cd69-4980-8622-c49f6a12c8af,30,8b64dd91-5d52-11f0-9e15-0afff499248b,bf996092-8d66-408a-8d8e-5065ca3330c2,f6ab14eb-1a66-4ea5-8a0f-0afbda444403,6fe7117d-f611-40e3-8878-43721ce691f2,Lane_fzJLdhiAqO,Initiator,Initial Review
49be2e04-cd69-4980-8622-c49f6a12c8af,30,8b64dd91-5d52-11f0-9e15-0afff499248b,bf996092-8d66-408a-8d8e-5065ca3330c2,f6ab14eb-1a66-4ea5-8a0f-0afbda444403,6fe7117d-f611-40e3-8878-43721ce691f2,Lane_Zrtf5PmDKy,Reviewer 1,Review 1
49be2e04-cd69-4980-8622-c49f6a12c8af,30,8b64dd91-5d52-11f0-9e15-0afff499248b,bf996092-8d66-408a-8d8e-5065ca3330c2,f6ab14eb-1a66-4ea5-8a0f-0afbda444403,6fe7117d-f611-40e3-8878-43721ce691f2,Lane_ZKsMPkefBD,Reviewer 2,Review 2
49be2e04-cd69-4980-8622-c49f6a12c8af,30,8b64dd91-5d52-11f0-9e15-0afff499248b,bf996092-8d66-408a-8d8e-5065ca3330c2,f6ab14eb-1a66-4ea5-8a0f-0afbda444403,6fe7117d-f611-40e3-8878-43721ce691f2,Lane_o8qea91Ixb,Reviewer 3,Initial Review 3
49be2e04-cd69-4980-8622-c49f6a12c8af,30,8b64dd91-5d52-11f0-9e15-0afff499248b,bf996092-8d66-408a-8d8e-5065ca3330c2,f6ab14eb-1a66-4ea5-8a0f-0afbda444403,6fe7117d-f611-40e3-8878-43721ce691f2,Lane_WLd6ghXUWU,Approver,Final Review
9680fa69-42d9-4391-9640-1bc0c09a1d31,16,1c8945e8-5686-11f0-b07f-0e777e0eb1e3,bf996092-8d66-408a-8d8e-5065ca3330c2,f6ab14eb-1a66-4ea5-8a0f-0afbda444403,6fe7117d-f611-40e3-8878-43721ce691f2,Lane_fzJLdhiAqO,Initiator,Initial Review
9680fa69-42d9-4391-9640-1bc0c09a1d31,16,1c8945e8-5686-11f0-b07f-0e777e0eb1e3,bf996092-8d66-408a-8d8e-5065ca3330c2,f6ab14eb-1a66-4ea5-8a0f-0afbda444403,6fe7117d-f611-40e3-8878-43721ce691f2,Lane_Zrtf5PmDKy,Reviewer 1,Review 1
9680fa69-42d9-4391-9640-1bc0c09a1d31,16,1c8945e8-5686-11f0-b07f-0e777e0eb1e3,bf996092-8d66-408a-8d8e-5065ca3330c2,f6ab14eb-1a66-4ea5-8a0f-0afbda444403,6fe7117d-f611-40e3-8878-43721ce691f2,Lane_ZKsMPkefBD,Reviewer 2,Review 2
9680fa69-42d9-4391-9640-1bc0c09a1d31,16,1c8945e8-5686-11f0-b07f-0e777e0eb1e3,bf996092-8d66-408a-8d8e-5065ca3330c2,f6ab14eb-1a66-4ea5-8a0f-0afbda444403,6fe7117d-f611-40e3-8878-43721ce691f2,Lane_o8qea91Ixb,Reviewer 3,Initial Review 3
9680fa69-42d9-4391-9640-1bc0c09a1d31,16,1c8945e8-5686-11f0-b07f-0e777e0eb1e3,bf996092-8d66-408a-8d8e-5065ca3330c2,f6ab14eb-1a66-4ea5-8a0f-0afbda444403,6fe7117d-f611-40e3-8878-43721ce691f2,Lane_WLd6ghXUWU,Approver,Final Review
d014dd2e-f3dd-44fc-aeca-54e09fdfad9d,2,,bf996092-8d66-408a-8d8e-5065ca3330c2,f6ab14eb-1a66-4ea5-8a0f-0afbda444403,397c5066-4df3-48ed-a43e-71299df89576,Lane_FbM1iQivwz,Initiator,Initial Review
d014dd2e-f3dd-44fc-aeca-54e09fdfad9d,2,,bf996092-8d66-408a-8d8e-5065ca3330c2,f6ab14eb-1a66-4ea5-8a0f-0afbda444403,397c5066-4df3-48ed-a43e-71299df89576,Lane_sixPPnF4tM,Reviewer,Review 1
d014dd2e-f3dd-44fc-aeca-54e09fdfad9d,2,,bf996092-8d66-408a-8d8e-5065ca3330c2,f6ab14eb-1a66-4ea5-8a0f-0afbda444403,397c5066-4df3-48ed-a43e-71299df89576,Lane_ZIx2l2SiXU,Approver,Final Review
03b92d88-8097-4467-90c3-eeb636c112e6,47,a4c07732-660d-11f0-87b6-0e47164080f7,bf996092-8d66-408a-8d8e-5065ca3330c2,f6ab14eb-1a66-4ea5-8a0f-0afbda444403,ed9e0b7e-852e-4917-aa22-497b307aea1e,Lane_1oieIaoghq,Initiator,Initial Review
03b92d88-8097-4467-90c3-eeb636c112e6,47,a4c07732-660d-11f0-87b6-0e47164080f7,bf996092-8d66-408a-8d8e-5065ca3330c2,f6ab14eb-1a66-4ea5-8a0f-0afbda444403,ed9e0b7e-852e-4917-aa22-497b307aea1e,Lane_RhsOEwGhP9,Approver,Final Review
1db4f885-33fd-4554-bcc5-7bbe35673d74,48,79500def-660e-11f0-9d2c-02ecd8cd8b53,bf996092-8d66-408a-8d8e-5065ca3330c2,f6ab14eb-1a66-4ea5-8a0f-0afbda444403,ed9e0b7e-852e-4917-aa22-497b307aea1e,Lane_1oieIaoghq,Initiator,Initial Review
1db4f885-33fd-4554-bcc5-7bbe35673d74,48,79500def-660e-11f0-9d2c-02ecd8cd8b53,bf996092-8d66-408a-8d8e-5065ca3330c2,f6ab14eb-1a66-4ea5-8a0f-0afbda444403,ed9e0b7e-852e-4917-aa22-497b307aea1e,Lane_RhsOEwGhP9,Approver,Final Review
e1c6c93f-6e93-4276-a761-507159d75c6a,57,dcfe0bf8-6c2d-11f0-946f-0215d9ab6dad,bf996092-8d66-408a-8d8e-5065ca3330c2,f6ab14eb-1a66-4ea5-8a0f-0afbda444403,ed9e0b7e-852e-4917-aa22-497b307aea1e,Lane_1oieIaoghq,Initiator,Initial Review
e1c6c93f-6e93-4276-a761-507159d75c6a,57,dcfe0bf8-6c2d-11f0-946f-0215d9ab6dad,bf996092-8d66-408a-8d8e-5065ca3330c2,f6ab14eb-1a66-4ea5-8a0f-0afbda444403,ed9e0b7e-852e-4917-aa22-497b307aea1e,Lane_RhsOEwGhP9,Approver,Final Review
533cbb9c-7a2e-4981-b7d0-67e64b8fe775,76,cd8f8067-7202-11f0-946f-0215d9ab6dad,bf996092-8d66-408a-8d8e-5065ca3330c2,f6ab14eb-1a66-4ea5-8a0f-0afbda444403,ed9e0b7e-852e-4917-aa22-497b307aea1e,Lane_1oieIaoghq,Initiator,Initial Review
533cbb9c-7a2e-4981-b7d0-67e64b8fe775,76,cd8f8067-7202-11f0-946f-0215d9ab6dad,bf996092-8d66-408a-8d8e-5065ca3330c2,f6ab14eb-1a66-4ea5-8a0f-0afbda444403,ed9e0b7e-852e-4917-aa22-497b307aea1e,Lane_RhsOEwGhP9,Approver,Final Review
6824ca80-f748-4061-a846-74137b3b8e55,100,e423fe10-791a-11f0-946f-0215d9ab6dad,bf996092-8d66-408a-8d8e-5065ca3330c2,f6ab14eb-1a66-4ea5-8a0f-0afbda444403,6fe7117d-f611-40e3-8878-43721ce691f2,Lane_fzJLdhiAqO,Initiator,Initial Review
6824ca80-f748-4061-a846-74137b3b8e55,100,e423fe10-791a-11f0-946f-0215d9ab6dad,bf996092-8d66-408a-8d8e-5065ca3330c2,f6ab14eb-1a66-4ea5-8a0f-0afbda444403,6fe7117d-f611-40e3-8878-43721ce691f2,Lane_Zrtf5PmDKy,Reviewer 1,Review 1
6824ca80-f748-4061-a846-74137b3b8e55,100,e423fe10-791a-11f0-946f-0215d9ab6dad,bf996092-8d66-408a-8d8e-5065ca3330c2,f6ab14eb-1a66-4ea5-8a0f-0afbda444403,6fe7117d-f611-40e3-8878-43721ce691f2,Lane_ZKsMPkefBD,Reviewer 2,Review 2
6824ca80-f748-4061-a846-74137b3b8e55,100,e423fe10-791a-11f0-946f-0215d9ab6dad,bf996092-8d66-408a-8d8e-5065ca3330c2,f6ab14eb-1a66-4ea5-8a0f-0afbda444403,6fe7117d-f611-40e3-8878-43721ce691f2,Lane_o8qea91Ixb,Reviewer 3,Initial Review 3
6824ca80-f748-4061-a846-74137b3b8e55,100,e423fe10-791a-11f0-946f-0215d9ab6dad,bf996092-8d66-408a-8d8e-5065ca3330c2,f6ab14eb-1a66-4ea5-8a0f-0afbda444403,6fe7117d-f611-40e3-8878-43721ce691f2,Lane_WLd6ghXUWU,Approver,Final Review
e266bcb3-2dc8-4cdd-ab28-5879fa631eb4,60,,bf996092-8d66-408a-8d8e-5065ca3330c2,f6ab14eb-1a66-4ea5-8a0f-0afbda444403,6fe7117d-f611-40e3-8878-43721ce691f2,Lane_fzJLdhiAqO,Initiator,Initial Review
e266bcb3-2dc8-4cdd-ab28-5879fa631eb4,60,,bf996092-8d66-408a-8d8e-5065ca3330c2,f6ab14eb-1a66-4ea5-8a0f-0afbda444403,6fe7117d-f611-40e3-8878-43721ce691f2,Lane_Zrtf5PmDKy,Reviewer 1,Review 1
e266bcb3-2dc8-4cdd-ab28-5879fa631eb4,60,,bf996092-8d66-408a-8d8e-5065ca3330c2,f6ab14eb-1a66-4ea5-8a0f-0afbda444403,6fe7117d-f611-40e3-8878-43721ce691f2,Lane_ZKsMPkefBD,Reviewer 2,Review 2
e266bcb3-2dc8-4cdd-ab28-5879fa631eb4,60,,bf996092-8d66-408a-8d8e-5065ca3330c2,f6ab14eb-1a66-4ea5-8a0f-0afbda444403,6fe7117d-f611-40e3-8878-43721ce691f2,Lane_o8qea91Ixb,Reviewer 3,Initial Review 3
e266bcb3-2dc8-4cdd-ab28-5879fa631eb4,60,,bf996092-8d66-408a-8d8e-5065ca3330c2,f6ab14eb-1a66-4ea5-8a0f-0afbda444403,6fe7117d-f611-40e3-8878-43721ce691f2,Lane_WLd6ghXUWU,Approver,Final Review
0fc3aa9e-11cd-470f-9e26-c9eef6b3c963,98,3b65fc06-78d2-11f0-946f-0215d9ab6dad,bf996092-8d66-408a-8d8e-5065ca3330c2,f6ab14eb-1a66-4ea5-8a0f-0afbda444403,ed9e0b7e-852e-4917-aa22-497b307aea1e,Lane_HmhJrmtTm2,Initiator,Initial Review
0fc3aa9e-11cd-470f-9e26-c9eef6b3c963,98,3b65fc06-78d2-11f0-946f-0215d9ab6dad,bf996092-8d66-408a-8d8e-5065ca3330c2,f6ab14eb-1a66-4ea5-8a0f-0afbda444403,ed9e0b7e-852e-4917-aa22-497b307aea1e,Lane_gaVRiIdV2m,Approver,Final Review
d126d017-0dc8-40ae-813e-b169be43516b,99,599e8ca4-78d7-11f0-a747-0e0be9602fab,bf996092-8d66-408a-8d8e-5065ca3330c2,f6ab14eb-1a66-4ea5-8a0f-0afbda444403,ed9e0b7e-852e-4917-aa22-497b307aea1e,Lane_HmhJrmtTm2,Initiator,Initial Review
d126d017-0dc8-40ae-813e-b169be43516b,99,599e8ca4-78d7-11f0-a747-0e0be9602fab,bf996092-8d66-408a-8d8e-5065ca3330c2,f6ab14eb-1a66-4ea5-8a0f-0afbda444403,ed9e0b7e-852e-4917-aa22-497b307aea1e,Lane_gaVRiIdV2m,Approver,Final Review
593ff38c-bad7-4c18-a675-538f552eeea5,77,2f1a44e2-72d0-11f0-946f-0215d9ab6dad,bf996092-8d66-408a-8d8e-5065ca3330c2,f6ab14eb-1a66-4ea5-8a0f-0afbda444403,ed9e0b7e-852e-4917-aa22-497b307aea1e,Lane_1oieIaoghq,Initiator,Initial Review
593ff38c-bad7-4c18-a675-538f552eeea5,77,2f1a44e2-72d0-11f0-946f-0215d9ab6dad,bf996092-8d66-408a-8d8e-5065ca3330c2,f6ab14eb-1a66-4ea5-8a0f-0afbda444403,ed9e0b7e-852e-4917-aa22-497b307aea1e,Lane_RhsOEwGhP9,Approver,Final Review
0dfa5bb1-a522-4959-b227-90ac72ef89b1,118,,bf996092-8d66-408a-8d8e-5065ca3330c2,f6ab14eb-1a66-4ea5-8a0f-0afbda444403,f95d3917-a8e0-4461-b4ca-8611d2ae1a9e,Lane_PT3LNakbsZ,Initiator,Initial Review
0dfa5bb1-a522-4959-b227-90ac72ef89b1,118,,bf996092-8d66-408a-8d8e-5065ca3330c2,f6ab14eb-1a66-4ea5-8a0f-0afbda444403,f95d3917-a8e0-4461-b4ca-8611d2ae1a9e,Lane_SRIy1ySEDJ,Approver,Final Review
587bc35c-35cf-4869-9524-9e99323acaff,114,70b5144f-7f4d-11f0-946f-0215d9ab6dad,bf996092-8d66-408a-8d8e-5065ca3330c2,f6ab14eb-1a66-4ea5-8a0f-0afbda444403,8a0c95f1-42b9-4ca4-abde-498cca725c60,Lane_yyqApGBEcZ,Initiator,Initial Review
587bc35c-35cf-4869-9524-9e99323acaff,114,70b5144f-7f4d-11f0-946f-0215d9ab6dad,bf996092-8d66-408a-8d8e-5065ca3330c2,f6ab14eb-1a66-4ea5-8a0f-0afbda444403,8a0c95f1-42b9-4ca4-abde-498cca725c60,Lane_jQ63VDPZWV,Approver,Final Review
d84e5324-fb8e-49e5-8b0e-f6a2b8bf1e83,84,,bf996092-8d66-408a-8d8e-5065ca3330c2,f6ab14eb-1a66-4ea5-8a0f-0afbda444403,ed9e0b7e-852e-4917-aa22-497b307aea1e,Lane_HmhJrmtTm2,Initiator,Initial Review
d84e5324-fb8e-49e5-8b0e-f6a2b8bf1e83,84,,bf996092-8d66-408a-8d8e-5065ca3330c2,f6ab14eb-1a66-4ea5-8a0f-0afbda444403,ed9e0b7e-852e-4917-aa22-497b307aea1e,Lane_gaVRiIdV2m,Approver,Final Review
d3c413ce-0973-46a2-8942-10d3dfee72a5,115,172f0818-7f4e-11f0-8e65-0afff7224aab,bf996092-8d66-408a-8d8e-5065ca3330c2,f6ab14eb-1a66-4ea5-8a0f-0afbda444403,8a0c95f1-42b9-4ca4-abde-498cca725c60,Lane_yyqApGBEcZ,Initiator,Initial Review
d3c413ce-0973-46a2-8942-10d3dfee72a5,115,172f0818-7f4e-11f0-8e65-0afff7224aab,bf996092-8d66-408a-8d8e-5065ca3330c2,f6ab14eb-1a66-4ea5-8a0f-0afbda444403,8a0c95f1-42b9-4ca4-abde-498cca725c60,Lane_jQ63VDPZWV,Approver,Final Review
b479cd70-f554-4ad4-9d02-459f9f457358,117,12cf4779-8023-11f0-ba69-0affe15d0ad3,bf996092-8d66-408a-8d8e-5065ca3330c2,f6ab14eb-1a66-4ea5-8a0f-0afbda444403,8a0c95f1-42b9-4ca4-abde-498cca725c60,Lane_yyqApGBEcZ,Initiator,Initial Review
b479cd70-f554-4ad4-9d02-459f9f457358,117,12cf4779-8023-11f0-ba69-0affe15d0ad3,bf996092-8d66-408a-8d8e-5065ca3330c2,f6ab14eb-1a66-4ea5-8a0f-0afbda444403,8a0c95f1-42b9-4ca4-abde-498cca725c60,Lane_jQ63VDPZWV,Approver,Final Review
910eda52-a98a-4f23-aa0b-dc6c59bbd26c,121,c13dc7d2-817a-11f0-8bd5-0232a6c7fd05,bf996092-8d66-408a-8d8e-5065ca3330c2,f6ab14eb-1a66-4ea5-8a0f-0afbda444403,8a0c95f1-42b9-4ca4-abde-498cca725c60,Lane_yyqApGBEcZ,Initiator,Initial Review
910eda52-a98a-4f23-aa0b-dc6c59bbd26c,121,c13dc7d2-817a-11f0-8bd5-0232a6c7fd05,bf996092-8d66-408a-8d8e-5065ca3330c2,f6ab14eb-1a66-4ea5-8a0f-0afbda444403,8a0c95f1-42b9-4ca4-abde-498cca725c60,Lane_jQ63VDPZWV,Approver,Final Review
6dbfccdf-3fc0-4d32-9e4c-a7a89305e0e9,52,,bf996092-8d66-408a-8d8e-5065ca3330c2,f6ab14eb-1a66-4ea5-8a0f-0afbda444403,e6307c20-924e-4410-8088-5431fe53f2b9,Lane_1az2wg9mrl,Initiator,Initial Review
6dbfccdf-3fc0-4d32-9e4c-a7a89305e0e9,52,,bf996092-8d66-408a-8d8e-5065ca3330c2,f6ab14eb-1a66-4ea5-8a0f-0afbda444403,e6307c20-924e-4410-8088-5431fe53f2b9,Lane_pL7qfXfUKb,Reviewer 1,Review 1
6dbfccdf-3fc0-4d32-9e4c-a7a89305e0e9,52,,bf996092-8d66-408a-8d8e-5065ca3330c2,f6ab14eb-1a66-4ea5-8a0f-0afbda444403,e6307c20-924e-4410-8088-5431fe53f2b9,Lane_avB6JSrtaF,Reviewer 2,Review 2
6dbfccdf-3fc0-4d32-9e4c-a7a89305e0e9,52,,bf996092-8d66-408a-8d8e-5065ca3330c2,f6ab14eb-1a66-4ea5-8a0f-0afbda444403,e6307c20-924e-4410-8088-5431fe53f2b9,Lane_wXDA7YsBuf,Approver,Final Review
7df660ac-e203-4522-b551-e7e689b4c6b4,122,,bf996092-8d66-408a-8d8e-5065ca3330c2,f6ab14eb-1a66-4ea5-8a0f-0afbda444403,f95d3917-a8e0-4461-b4ca-8611d2ae1a9e,Lane_PT3LNakbsZ,Initiator,Initial Review
7df660ac-e203-4522-b551-e7e689b4c6b4,122,,bf996092-8d66-408a-8d8e-5065ca3330c2,f6ab14eb-1a66-4ea5-8a0f-0afbda444403,f95d3917-a8e0-4461-b4ca-8611d2ae1a9e,Lane_SRIy1ySEDJ,Approver,Final Review
20718db2-472f-448c-85bb-fcb9dd052116,123,,bf996092-8d66-408a-8d8e-5065ca3330c2,f6ab14eb-1a66-4ea5-8a0f-0afbda444403,f95d3917-a8e0-4461-b4ca-8611d2ae1a9e,Lane_PT3LNakbsZ,Initiator,Initial Review
20718db2-472f-448c-85bb-fcb9dd052116,123,,bf996092-8d66-408a-8d8e-5065ca3330c2,f6ab14eb-1a66-4ea5-8a0f-0afbda444403,f95d3917-a8e0-4461-b4ca-8611d2ae1a9e,Lane_SRIy1ySEDJ,Approver,Final Review
4a4171c1-0bec-4ce3-8cbb-114e170c5914,119,a5db66b5-8188-11f0-ba69-0affe15d0ad3,bf996092-8d66-408a-8d8e-5065ca3330c2,f6ab14eb-1a66-4ea5-8a0f-0afbda444403,8a0c95f1-42b9-4ca4-abde-498cca725c60,Lane_yyqApGBEcZ,Initiator,Initial Review
4a4171c1-0bec-4ce3-8cbb-114e170c5914,119,a5db66b5-8188-11f0-ba69-0affe15d0ad3,bf996092-8d66-408a-8d8e-5065ca3330c2,f6ab14eb-1a66-4ea5-8a0f-0afbda444403,8a0c95f1-42b9-4ca4-abde-498cca725c60,Lane_jQ63VDPZWV,Approver,Final Review
36baf49d-8628-434a-880e-b79fd1dd3292,120,49ba163c-8189-11f0-9661-0afff06a47b1,bf996092-8d66-408a-8d8e-5065ca3330c2,f6ab14eb-1a66-4ea5-8a0f-0afbda444403,8a0c95f1-42b9-4ca4-abde-498cca725c60,Lane_yyqApGBEcZ,Initiator,Initial Review
36baf49d-8628-434a-880e-b79fd1dd3292,120,49ba163c-8189-11f0-9661-0afff06a47b1,bf996092-8d66-408a-8d8e-5065ca3330c2,f6ab14eb-1a66-4ea5-8a0f-0afbda444403,8a0c95f1-42b9-4ca4-abde-498cca725c60,Lane_jQ63VDPZWV,Approver,Final Review
91739b11-1260-4a7a-bc3b-bdbbead31b55,124,011d88c2-81bd-11f0-8bd5-0232a6c7fd05,bf996092-8d66-408a-8d8e-5065ca3330c2,f6ab14eb-1a66-4ea5-8a0f-0afbda444403,f95d3917-a8e0-4461-b4ca-8611d2ae1a9e,Lane_PT3LNakbsZ,Initiator,Initial Review
91739b11-1260-4a7a-bc3b-bdbbead31b55,124,011d88c2-81bd-11f0-8bd5-0232a6c7fd05,bf996092-8d66-408a-8d8e-5065ca3330c2,f6ab14eb-1a66-4ea5-8a0f-0afbda444403,f95d3917-a8e0-4461-b4ca-8611d2ae1a9e,Lane_SRIy1ySEDJ,Approver,Final Review
dc736d0d-4521-4122-af1c-36ff393ae670,125,2b6226ff-81bd-11f0-ba69-0affe15d0ad3,bf996092-8d66-408a-8d8e-5065ca3330c2,f6ab14eb-1a66-4ea5-8a0f-0afbda444403,f95d3917-a8e0-4461-b4ca-8611d2ae1a9e,Lane_PT3LNakbsZ,Initiator,Initial Review
dc736d0d-4521-4122-af1c-36ff393ae670,125,2b6226ff-81bd-11f0-ba69-0affe15d0ad3,bf996092-8d66-408a-8d8e-5065ca3330c2,f6ab14eb-1a66-4ea5-8a0f-0afbda444403,f95d3917-a8e0-4461-b4ca-8611d2ae1a9e,Lane_SRIy1ySEDJ,Approver,Final Review
b3b70aa5-4fa2-45b3-8fc6-8fe0d25be89b,127,51f94d2d-81bd-11f0-8bd5-0232a6c7fd05,bf996092-8d66-408a-8d8e-5065ca3330c2,f6ab14eb-1a66-4ea5-8a0f-0afbda444403,f95d3917-a8e0-4461-b4ca-8611d2ae1a9e,Lane_PT3LNakbsZ,Initiator,Initial Review
b3b70aa5-4fa2-45b3-8fc6-8fe0d25be89b,127,51f94d2d-81bd-11f0-8bd5-0232a6c7fd05,bf996092-8d66-408a-8d8e-5065ca3330c2,f6ab14eb-1a66-4ea5-8a0f-0afbda444403,f95d3917-a8e0-4461-b4ca-8611d2ae1a9e,Lane_SRIy1ySEDJ,Approver,Final Review
87463da7-5ec4-4c73-a2b4-00089f3fb377,128,fc33e409-8232-11f0-9661-0afff06a47b1,bf996092-8d66-408a-8d8e-5065ca3330c2,f6ab14eb-1a66-4ea5-8a0f-0afbda444403,f95d3917-a8e0-4461-b4ca-8611d2ae1a9e,Lane_PT3LNakbsZ,Initiator,Initial Review
87463da7-5ec4-4c73-a2b4-00089f3fb377,128,fc33e409-8232-11f0-9661-0afff06a47b1,bf996092-8d66-408a-8d8e-5065ca3330c2,f6ab14eb-1a66-4ea5-8a0f-0afbda444403,f95d3917-a8e0-4461-b4ca-8611d2ae1a9e,Lane_SRIy1ySEDJ,Approver,Final Review
af547dcf-45c3-496d-a8c9-fe4243c1edfa,129,43c276e4-8239-11f0-9b63-0edefbbefc43,bf996092-8d66-408a-8d8e-5065ca3330c2,f6ab14eb-1a66-4ea5-8a0f-0afbda444403,8a0c95f1-42b9-4ca4-abde-498cca725c60,Lane_yyqApGBEcZ,Initiator,Initial Review
af547dcf-45c3-496d-a8c9-fe4243c1edfa,129,43c276e4-8239-11f0-9b63-0edefbbefc43,bf996092-8d66-408a-8d8e-5065ca3330c2,f6ab14eb-1a66-4ea5-8a0f-0afbda444403,8a0c95f1-42b9-4ca4-abde-498cca725c60,Lane_jQ63VDPZWV,Approver,Final Review
