id,bim360_account_id,bim360_project_id,review_id,created_by,note,created_at,updated_at,round_num
24976181,bf996092-8d66-408a-8d8e-5065ca3330c2,f6ab14eb-1a66-4ea5-8a0f-0afbda444403,d014dd2e-f3dd-44fc-aeca-54e09fdfad9d,FM42EJFZPNC5F3HF,"Hello Bhaskar Ji, Hello Dushyant Ji kindly review these drawings and share the comments please.",2025-06-17 06:54:09.472,2025-06-17 06:54:11.509,1
21778296,bf996092-8d66-408a-8d8e-5065ca3330c2,3473261e-0400-4f3f-881d-b12012018bee,d624d6aa-6854-418a-b289-c9e1df3081e1,CMJ2N3U8MSMRM8ZA,"",2025-02-12 10:32:31.954,2025-02-12 10:32:33.757,1
21778389,bf996092-8d66-408a-8d8e-5065ca3330c2,3473261e-0400-4f3f-881d-b12012018bee,d624d6aa-6854-418a-b289-c9e1df3081e1,DQ72WAMCK3PT3T58,"the list is ok, please proceed.",2025-02-12 10:36:12.054,2025-02-12 10:36:12.097,1
21778420,bf996092-8d66-408a-8d8e-5065ca3330c2,3473261e-0400-4f3f-881d-b12012018bee,d624d6aa-6854-418a-b289-c9e1df3081e1,DQ72WAMCK3PT3T58,"",2025-02-12 10:36:47.483,2025-02-12 10:36:47.485,1
21778457,bf996092-8d66-408a-8d8e-5065ca3330c2,3473261e-0400-4f3f-881d-b12012018bee,d624d6aa-6854-418a-b289-c9e1df3081e1,DQ72WAMCK3PT3T58,"i have re reviewed the papers they are in line, kindly approve.",2025-02-12 10:38:07.169,2025-02-12 10:38:07.221,1
22219748,bf996092-8d66-408a-8d8e-5065ca3330c2,ada6015d-9fce-4f2c-b20f-fc9122d2face,d4e3ef2b-d5df-4af1-92e2-0a303be23be3,Z3429E4KRUPBNHD4,Please approve,2025-02-28 12:28:53.255,2025-02-28 12:28:55.517,1
22219877,bf996092-8d66-408a-8d8e-5065ca3330c2,ada6015d-9fce-4f2c-b20f-fc9122d2face,d4e3ef2b-d5df-4af1-92e2-0a303be23be3,Z3429E4KRUPBNHD4,"",2025-02-28 12:33:02.822,2025-02-28 12:33:02.874,1
22219890,bf996092-8d66-408a-8d8e-5065ca3330c2,ada6015d-9fce-4f2c-b20f-fc9122d2face,d4e3ef2b-d5df-4af1-92e2-0a303be23be3,Z3429E4KRUPBNHD4,"",2025-02-28 12:33:35.35,2025-02-28 12:33:35.409,1
22219899,bf996092-8d66-408a-8d8e-5065ca3330c2,ada6015d-9fce-4f2c-b20f-fc9122d2face,d4e3ef2b-d5df-4af1-92e2-0a303be23be3,Z3429E4KRUPBNHD4,"",2025-02-28 12:33:54.798,2025-02-28 12:33:54.849,1
22219958,bf996092-8d66-408a-8d8e-5065ca3330c2,ada6015d-9fce-4f2c-b20f-fc9122d2face,d4e3ef2b-d5df-4af1-92e2-0a303be23be3,Z3429E4KRUPBNHD4,"",2025-02-28 12:35:44.902,2025-02-28 12:35:44.966,1
22500936,bf996092-8d66-408a-8d8e-5065ca3330c2,ada6015d-9fce-4f2c-b20f-fc9122d2face,7d980579-b2c6-42d7-b2bb-04a9fa1d7bc4,Z3429E4KRUPBNHD4,"",2025-03-12 05:53:52.324,2025-03-12 05:53:55.108,1
22501112,bf996092-8d66-408a-8d8e-5065ca3330c2,ada6015d-9fce-4f2c-b20f-fc9122d2face,7d980579-b2c6-42d7-b2bb-04a9fa1d7bc4,Z3429E4KRUPBNHD4,"",2025-03-12 06:02:37.535,2025-03-12 06:02:37.614,1
22501121,bf996092-8d66-408a-8d8e-5065ca3330c2,ada6015d-9fce-4f2c-b20f-fc9122d2face,7d980579-b2c6-42d7-b2bb-04a9fa1d7bc4,Z3429E4KRUPBNHD4,"",2025-03-12 06:03:04.436,2025-03-12 06:03:04.503,1
22501139,bf996092-8d66-408a-8d8e-5065ca3330c2,ada6015d-9fce-4f2c-b20f-fc9122d2face,7d980579-b2c6-42d7-b2bb-04a9fa1d7bc4,Z3429E4KRUPBNHD4,"",2025-03-12 06:03:29.422,2025-03-12 06:03:29.466,1
22501165,bf996092-8d66-408a-8d8e-5065ca3330c2,ada6015d-9fce-4f2c-b20f-fc9122d2face,7d980579-b2c6-42d7-b2bb-04a9fa1d7bc4,Z3429E4KRUPBNHD4,"",2025-03-12 06:04:52.321,2025-03-12 06:04:52.377,1
22761126,bf996092-8d66-408a-8d8e-5065ca3330c2,77d5fb8c-5d83-4fa8-8c81-169306f7a8f7,c128bb05-eaf1-4a0a-8ff8-13b87420139c,CJ5ZQTRST43G,"",2025-03-21 10:04:08.967,2025-03-21 10:04:10.844,1
22761704,bf996092-8d66-408a-8d8e-5065ca3330c2,77d5fb8c-5d83-4fa8-8c81-169306f7a8f7,c128bb05-eaf1-4a0a-8ff8-13b87420139c,EAW249MULVNEJUNK,ok to proceed,2025-03-21 10:21:24.963,2025-03-21 10:21:25.01,1
23019329,bf996092-8d66-408a-8d8e-5065ca3330c2,23142979-9fb6-4fd3-bd82-62d7e0add75f,42706533-be8b-428e-bc42-1b4ea3168eb5,97GMJK5ZPRLF,"",2025-04-01 10:36:27.244,2025-04-01 10:36:29.399,1
23019527,bf996092-8d66-408a-8d8e-5065ca3330c2,23142979-9fb6-4fd3-bd82-62d7e0add75f,40e22118-4503-456c-aa3a-419364ef733e,97GMJK5ZPRLF,"",2025-04-01 10:43:43.893,2025-04-01 10:43:45.979,1
23250902,bf996092-8d66-408a-8d8e-5065ca3330c2,23142979-9fb6-4fd3-bd82-62d7e0add75f,cb5bcedb-2aba-4b29-b1d0-833091b83776,JESJ7TGSQHWR942J,"",2025-04-10 06:56:40.258,2025-04-10 06:56:42.276,1
23293741,bf996092-8d66-408a-8d8e-5065ca3330c2,2f551e7d-05e6-4bfc-8ee1-0ef3a8487c11,b3952c54-70ae-4b3a-96aa-b94ee95648ff,UCDMKV6DRCXR,Approved according to Architectural intent. ,2025-04-11 11:00:09.787,2025-04-11 11:00:09.828,1
23294123,bf996092-8d66-408a-8d8e-5065ca3330c2,2f551e7d-05e6-4bfc-8ee1-0ef3a8487c11,ca8a1843-edd3-4e96-b1d4-2d2889115f79,UCDMKV6DRCXR,Approved according to Architectural intent. GPM is requested to review and approve the drawings in compliance with firefighting norms and regulations.,2025-04-11 11:12:58.195,2025-04-11 11:12:58.252,1
23315487,bf996092-8d66-408a-8d8e-5065ca3330c2,2f551e7d-05e6-4bfc-8ee1-0ef3a8487c11,512cbb17-8ad1-4b10-bd7b-2074f87b3c1a,CJ5ZQTRST43G,"",2025-04-12 09:40:51.577,2025-04-12 09:40:54.899,1
23398752,bf996092-8d66-408a-8d8e-5065ca3330c2,ada6015d-9fce-4f2c-b20f-fc9122d2face,7b0e33b5-0b78-429c-8696-3645149c39e6,YEYJGRGXQH2X5DAY,"",2025-04-16 05:23:20.622,2025-04-16 05:23:22.787,1
23398772,bf996092-8d66-408a-8d8e-5065ca3330c2,ada6015d-9fce-4f2c-b20f-fc9122d2face,a965837d-7059-4a04-b2f4-c228d3944273,YEYJGRGXQH2X5DAY,"",2025-04-16 05:24:16.852,2025-04-16 05:24:18.738,1
23399612,bf996092-8d66-408a-8d8e-5065ca3330c2,ada6015d-9fce-4f2c-b20f-fc9122d2face,a965837d-7059-4a04-b2f4-c228d3944273,CMJ2N3U8MSMRM8ZA,Wrong Attachment,2025-04-16 05:56:59.27,2025-04-16 05:56:59.273,1
23399613,bf996092-8d66-408a-8d8e-5065ca3330c2,ada6015d-9fce-4f2c-b20f-fc9122d2face,a965837d-7059-4a04-b2f4-c228d3944273,CMJ2N3U8MSMRM8ZA,Wrong Attachment,2025-04-16 05:56:59.295,2025-04-16 05:56:59.3,1
23399614,bf996092-8d66-408a-8d8e-5065ca3330c2,ada6015d-9fce-4f2c-b20f-fc9122d2face,a965837d-7059-4a04-b2f4-c228d3944273,CMJ2N3U8MSMRM8ZA,Wrong Attachment,2025-04-16 05:56:59.303,2025-04-16 05:56:59.306,1
23399615,bf996092-8d66-408a-8d8e-5065ca3330c2,ada6015d-9fce-4f2c-b20f-fc9122d2face,a965837d-7059-4a04-b2f4-c228d3944273,CMJ2N3U8MSMRM8ZA,Wrong Attachment,2025-04-16 05:56:59.31,2025-04-16 05:56:59.313,1
23399616,bf996092-8d66-408a-8d8e-5065ca3330c2,ada6015d-9fce-4f2c-b20f-fc9122d2face,a965837d-7059-4a04-b2f4-c228d3944273,CMJ2N3U8MSMRM8ZA,Wrong Attachment,2025-04-16 05:56:59.318,2025-04-16 05:56:59.337,1
23399617,bf996092-8d66-408a-8d8e-5065ca3330c2,ada6015d-9fce-4f2c-b20f-fc9122d2face,a965837d-7059-4a04-b2f4-c228d3944273,CMJ2N3U8MSMRM8ZA,Wrong Attachment,2025-04-16 05:56:59.464,2025-04-16 05:56:59.758,1
23399618,bf996092-8d66-408a-8d8e-5065ca3330c2,ada6015d-9fce-4f2c-b20f-fc9122d2face,a965837d-7059-4a04-b2f4-c228d3944273,CMJ2N3U8MSMRM8ZA,Wrong Attachment,2025-04-16 05:56:59.802,2025-04-16 05:56:59.84,1
23399619,bf996092-8d66-408a-8d8e-5065ca3330c2,ada6015d-9fce-4f2c-b20f-fc9122d2face,a965837d-7059-4a04-b2f4-c228d3944273,CMJ2N3U8MSMRM8ZA,Wrong Attachment,2025-04-16 05:56:59.858,2025-04-16 05:56:59.869,1
23399634,bf996092-8d66-408a-8d8e-5065ca3330c2,ada6015d-9fce-4f2c-b20f-fc9122d2face,d2c99d56-579f-435c-b5b6-047528738390,V9Q2X946QA52XTJG,"",2025-04-16 05:58:00.45,2025-04-16 05:58:02.208,1
23441192,bf996092-8d66-408a-8d8e-5065ca3330c2,2f551e7d-05e6-4bfc-8ee1-0ef3a8487c11,b3952c54-70ae-4b3a-96aa-b94ee95648ff,EAW249MULVNEJUNK,"It is ok from my side, please review and share your comments if any ",2025-04-17 09:30:29.434,2025-04-17 09:30:29.485,1
24945064,bf996092-8d66-408a-8d8e-5065ca3330c2,23142979-9fb6-4fd3-bd82-62d7e0add75f,cedb2667-4f79-4be1-bb99-213928b9972c,JESJ7TGSQHWR942J,"",2025-06-16 10:16:46.183,2025-06-16 10:16:48.187,1
24954892,bf996092-8d66-408a-8d8e-5065ca3330c2,e9b596f2-48ee-419b-a199-da304b38c398,ab70ba27-7b14-43fb-a36f-a7b0387068e9,7UBTJ2JUZS54,"",2025-06-16 14:14:29.359,2025-06-16 14:14:31.418,1
24971603,bf996092-8d66-408a-8d8e-5065ca3330c2,f6ab14eb-1a66-4ea5-8a0f-0afbda444403,84f19ebe-7acf-4762-82e1-ea07ad64ac76,FM42EJFZPNC5F3HF,"Hello Archana, Hello Amit ji, once this drawing is okay to you, kindly sign and stamp and then complete the review process.",2025-06-17 03:44:07.388,2025-06-17 03:44:09.473,1
22215136,bf996092-8d66-408a-8d8e-5065ca3330c2,ada6015d-9fce-4f2c-b20f-fc9122d2face,e359585e-52bd-4500-a90c-70b5f8b6e604,Z3429E4KRUPBNHD4,"",2025-02-28 10:05:02.713,2025-02-28 10:05:04.592,1
22215273,bf996092-8d66-408a-8d8e-5065ca3330c2,ada6015d-9fce-4f2c-b20f-fc9122d2face,e359585e-52bd-4500-a90c-70b5f8b6e604,Z3429E4KRUPBNHD4,"",2025-02-28 10:10:19.608,2025-02-28 10:10:19.657,1
22215308,bf996092-8d66-408a-8d8e-5065ca3330c2,ada6015d-9fce-4f2c-b20f-fc9122d2face,e359585e-52bd-4500-a90c-70b5f8b6e604,Z3429E4KRUPBNHD4,"",2025-02-28 10:11:31.679,2025-02-28 10:11:31.726,1
22215321,bf996092-8d66-408a-8d8e-5065ca3330c2,ada6015d-9fce-4f2c-b20f-fc9122d2face,e359585e-52bd-4500-a90c-70b5f8b6e604,Z3429E4KRUPBNHD4,"",2025-02-28 10:11:55.563,2025-02-28 10:11:55.637,1
22215344,bf996092-8d66-408a-8d8e-5065ca3330c2,ada6015d-9fce-4f2c-b20f-fc9122d2face,e359585e-52bd-4500-a90c-70b5f8b6e604,Z3429E4KRUPBNHD4,"",2025-02-28 10:12:37.638,2025-02-28 10:12:37.677,1
22215737,bf996092-8d66-408a-8d8e-5065ca3330c2,ada6015d-9fce-4f2c-b20f-fc9122d2face,2072be7c-8460-41b7-ac16-aef4f8ee2228,Z3429E4KRUPBNHD4,"",2025-02-28 10:25:01.407,2025-02-28 10:25:03.238,1
22215814,bf996092-8d66-408a-8d8e-5065ca3330c2,ada6015d-9fce-4f2c-b20f-fc9122d2face,2072be7c-8460-41b7-ac16-aef4f8ee2228,Z3429E4KRUPBNHD4,"",2025-02-28 10:27:56.987,2025-02-28 10:27:57.037,1
22215821,bf996092-8d66-408a-8d8e-5065ca3330c2,ada6015d-9fce-4f2c-b20f-fc9122d2face,2072be7c-8460-41b7-ac16-aef4f8ee2228,Z3429E4KRUPBNHD4,"",2025-02-28 10:28:06.78,2025-02-28 10:28:06.83,1
22215829,bf996092-8d66-408a-8d8e-5065ca3330c2,ada6015d-9fce-4f2c-b20f-fc9122d2face,2072be7c-8460-41b7-ac16-aef4f8ee2228,Z3429E4KRUPBNHD4,"",2025-02-28 10:28:16.832,2025-02-28 10:28:16.877,1
22215937,bf996092-8d66-408a-8d8e-5065ca3330c2,ada6015d-9fce-4f2c-b20f-fc9122d2face,2072be7c-8460-41b7-ac16-aef4f8ee2228,Z3429E4KRUPBNHD4,"",2025-02-28 10:31:29.121,2025-02-28 10:31:29.162,1
22501787,bf996092-8d66-408a-8d8e-5065ca3330c2,ada6015d-9fce-4f2c-b20f-fc9122d2face,6797dffd-3d7c-4ce5-8670-68dc72611cbf,Z3429E4KRUPBNHD4,"",2025-03-12 06:28:25.771,2025-03-12 06:28:28.474,1
22508796,bf996092-8d66-408a-8d8e-5065ca3330c2,ada6015d-9fce-4f2c-b20f-fc9122d2face,1b98444e-c029-415e-bf3e-7f0cdec1fc6e,JESJ7TGSQHWR942J,"",2025-03-12 09:58:43.098,2025-03-12 09:58:44.923,1
22509170,bf996092-8d66-408a-8d8e-5065ca3330c2,ada6015d-9fce-4f2c-b20f-fc9122d2face,1b98444e-c029-415e-bf3e-7f0cdec1fc6e,QNTJJ3CVR726KX4Z,"ref, the attached drawings for comments ",2025-03-12 10:12:46.5,2025-03-12 10:12:46.553,1
22509387,bf996092-8d66-408a-8d8e-5065ca3330c2,ada6015d-9fce-4f2c-b20f-fc9122d2face,1b98444e-c029-415e-bf3e-7f0cdec1fc6e,Z3429E4KRUPBNHD4,"",2025-03-12 10:17:25.336,2025-03-12 10:17:25.388,1
22509405,bf996092-8d66-408a-8d8e-5065ca3330c2,ada6015d-9fce-4f2c-b20f-fc9122d2face,1b98444e-c029-415e-bf3e-7f0cdec1fc6e,Z3429E4KRUPBNHD4,"",2025-03-12 10:17:50.377,2025-03-12 10:17:50.458,1
22509431,bf996092-8d66-408a-8d8e-5065ca3330c2,ada6015d-9fce-4f2c-b20f-fc9122d2face,1b98444e-c029-415e-bf3e-7f0cdec1fc6e,Z3429E4KRUPBNHD4,"",2025-03-12 10:18:52.245,2025-03-12 10:18:52.302,1
23047182,bf996092-8d66-408a-8d8e-5065ca3330c2,23142979-9fb6-4fd3-bd82-62d7e0add75f,42706533-be8b-428e-bc42-1b4ea3168eb5,QNTJJ3CVR726KX4Z,ok,2025-04-02 06:13:30.033,2025-04-02 06:13:30.075,1
23047223,bf996092-8d66-408a-8d8e-5065ca3330c2,23142979-9fb6-4fd3-bd82-62d7e0add75f,40e22118-4503-456c-aa3a-419364ef733e,QNTJJ3CVR726KX4Z,ok,2025-04-02 06:15:23.303,2025-04-02 06:15:23.343,1
23054483,bf996092-8d66-408a-8d8e-5065ca3330c2,23142979-9fb6-4fd3-bd82-62d7e0add75f,269afbe8-dc73-4cfe-b2ec-45b7d4d7209b,YWD2T2ZPP7AF8MNK,"",2025-04-02 10:57:22.464,2025-04-02 10:57:35.119,1
23114597,bf996092-8d66-408a-8d8e-5065ca3330c2,23142979-9fb6-4fd3-bd82-62d7e0add75f,67ff0a35-fbb3-400f-992a-e1cb421a6f62,YWD2T2ZPP7AF8MNK,"",2025-04-04 11:21:12.957,2025-04-04 11:21:15.117,1
23114986,bf996092-8d66-408a-8d8e-5065ca3330c2,23142979-9fb6-4fd3-bd82-62d7e0add75f,93626c79-325b-4113-9dae-932893b3d648,YWD2T2ZPP7AF8MNK,"",2025-04-04 11:38:29.433,2025-04-04 11:38:32.006,1
23115282,bf996092-8d66-408a-8d8e-5065ca3330c2,23142979-9fb6-4fd3-bd82-62d7e0add75f,269afbe8-dc73-4cfe-b2ec-45b7d4d7209b,YWD2T2ZPP7AF8MNK,,2025-04-04 11:47:55.301,2025-04-04 11:47:55.303,1
23115283,bf996092-8d66-408a-8d8e-5065ca3330c2,23142979-9fb6-4fd3-bd82-62d7e0add75f,269afbe8-dc73-4cfe-b2ec-45b7d4d7209b,YWD2T2ZPP7AF8MNK,,2025-04-04 11:47:55.309,2025-04-04 11:47:55.312,1
23115284,bf996092-8d66-408a-8d8e-5065ca3330c2,23142979-9fb6-4fd3-bd82-62d7e0add75f,269afbe8-dc73-4cfe-b2ec-45b7d4d7209b,YWD2T2ZPP7AF8MNK,,2025-04-04 11:47:55.316,2025-04-04 11:47:55.318,1
23115285,bf996092-8d66-408a-8d8e-5065ca3330c2,23142979-9fb6-4fd3-bd82-62d7e0add75f,269afbe8-dc73-4cfe-b2ec-45b7d4d7209b,YWD2T2ZPP7AF8MNK,,2025-04-04 11:47:55.322,2025-04-04 11:47:55.326,1
23115286,bf996092-8d66-408a-8d8e-5065ca3330c2,23142979-9fb6-4fd3-bd82-62d7e0add75f,269afbe8-dc73-4cfe-b2ec-45b7d4d7209b,YWD2T2ZPP7AF8MNK,,2025-04-04 11:47:55.331,2025-04-04 11:47:55.337,1
23115287,bf996092-8d66-408a-8d8e-5065ca3330c2,23142979-9fb6-4fd3-bd82-62d7e0add75f,269afbe8-dc73-4cfe-b2ec-45b7d4d7209b,YWD2T2ZPP7AF8MNK,,2025-04-04 11:47:55.343,2025-04-04 11:47:55.345,1
23115288,bf996092-8d66-408a-8d8e-5065ca3330c2,23142979-9fb6-4fd3-bd82-62d7e0add75f,269afbe8-dc73-4cfe-b2ec-45b7d4d7209b,YWD2T2ZPP7AF8MNK,,2025-04-04 11:47:55.357,2025-04-04 11:47:55.361,1
23115289,bf996092-8d66-408a-8d8e-5065ca3330c2,23142979-9fb6-4fd3-bd82-62d7e0add75f,269afbe8-dc73-4cfe-b2ec-45b7d4d7209b,YWD2T2ZPP7AF8MNK,,2025-04-04 11:47:55.372,2025-04-04 11:47:55.378,1
23115290,bf996092-8d66-408a-8d8e-5065ca3330c2,23142979-9fb6-4fd3-bd82-62d7e0add75f,269afbe8-dc73-4cfe-b2ec-45b7d4d7209b,YWD2T2ZPP7AF8MNK,,2025-04-04 11:47:55.386,2025-04-04 11:47:55.392,1
23115291,bf996092-8d66-408a-8d8e-5065ca3330c2,23142979-9fb6-4fd3-bd82-62d7e0add75f,269afbe8-dc73-4cfe-b2ec-45b7d4d7209b,YWD2T2ZPP7AF8MNK,,2025-04-04 11:47:55.401,2025-04-04 11:47:55.405,1
23115292,bf996092-8d66-408a-8d8e-5065ca3330c2,23142979-9fb6-4fd3-bd82-62d7e0add75f,269afbe8-dc73-4cfe-b2ec-45b7d4d7209b,YWD2T2ZPP7AF8MNK,,2025-04-04 11:47:55.423,2025-04-04 11:47:55.429,1
23115293,bf996092-8d66-408a-8d8e-5065ca3330c2,23142979-9fb6-4fd3-bd82-62d7e0add75f,269afbe8-dc73-4cfe-b2ec-45b7d4d7209b,YWD2T2ZPP7AF8MNK,,2025-04-04 11:47:55.436,2025-04-04 11:47:55.44,1
23115294,bf996092-8d66-408a-8d8e-5065ca3330c2,23142979-9fb6-4fd3-bd82-62d7e0add75f,269afbe8-dc73-4cfe-b2ec-45b7d4d7209b,YWD2T2ZPP7AF8MNK,,2025-04-04 11:47:55.448,2025-04-04 11:47:55.45,1
23115295,bf996092-8d66-408a-8d8e-5065ca3330c2,23142979-9fb6-4fd3-bd82-62d7e0add75f,269afbe8-dc73-4cfe-b2ec-45b7d4d7209b,YWD2T2ZPP7AF8MNK,,2025-04-04 11:47:55.454,2025-04-04 11:47:55.456,1
23115346,bf996092-8d66-408a-8d8e-5065ca3330c2,23142979-9fb6-4fd3-bd82-62d7e0add75f,67ff0a35-fbb3-400f-992a-e1cb421a6f62,YWD2T2ZPP7AF8MNK,,2025-04-04 11:48:57.948,2025-04-04 11:48:57.954,1
23115347,bf996092-8d66-408a-8d8e-5065ca3330c2,23142979-9fb6-4fd3-bd82-62d7e0add75f,67ff0a35-fbb3-400f-992a-e1cb421a6f62,YWD2T2ZPP7AF8MNK,,2025-04-04 11:48:57.958,2025-04-04 11:48:57.96,1
23115348,bf996092-8d66-408a-8d8e-5065ca3330c2,23142979-9fb6-4fd3-bd82-62d7e0add75f,67ff0a35-fbb3-400f-992a-e1cb421a6f62,YWD2T2ZPP7AF8MNK,,2025-04-04 11:48:57.964,2025-04-04 11:48:57.968,1
23115349,bf996092-8d66-408a-8d8e-5065ca3330c2,23142979-9fb6-4fd3-bd82-62d7e0add75f,67ff0a35-fbb3-400f-992a-e1cb421a6f62,YWD2T2ZPP7AF8MNK,,2025-04-04 11:48:57.971,2025-04-04 11:48:57.975,1
23115350,bf996092-8d66-408a-8d8e-5065ca3330c2,23142979-9fb6-4fd3-bd82-62d7e0add75f,67ff0a35-fbb3-400f-992a-e1cb421a6f62,YWD2T2ZPP7AF8MNK,,2025-04-04 11:48:57.98,2025-04-04 11:48:57.994,1
23115351,bf996092-8d66-408a-8d8e-5065ca3330c2,23142979-9fb6-4fd3-bd82-62d7e0add75f,67ff0a35-fbb3-400f-992a-e1cb421a6f62,YWD2T2ZPP7AF8MNK,,2025-04-04 11:48:57.997,2025-04-04 11:48:57.999,1
23115352,bf996092-8d66-408a-8d8e-5065ca3330c2,23142979-9fb6-4fd3-bd82-62d7e0add75f,67ff0a35-fbb3-400f-992a-e1cb421a6f62,YWD2T2ZPP7AF8MNK,,2025-04-04 11:48:58.003,2025-04-04 11:48:58.004,1
23115353,bf996092-8d66-408a-8d8e-5065ca3330c2,23142979-9fb6-4fd3-bd82-62d7e0add75f,67ff0a35-fbb3-400f-992a-e1cb421a6f62,YWD2T2ZPP7AF8MNK,,2025-04-04 11:48:58.008,2025-04-04 11:48:58.009,1
23115354,bf996092-8d66-408a-8d8e-5065ca3330c2,23142979-9fb6-4fd3-bd82-62d7e0add75f,67ff0a35-fbb3-400f-992a-e1cb421a6f62,YWD2T2ZPP7AF8MNK,,2025-04-04 11:48:58.016,2025-04-04 11:48:58.018,1
23115355,bf996092-8d66-408a-8d8e-5065ca3330c2,23142979-9fb6-4fd3-bd82-62d7e0add75f,67ff0a35-fbb3-400f-992a-e1cb421a6f62,YWD2T2ZPP7AF8MNK,,2025-04-04 11:48:58.021,2025-04-04 11:48:58.023,1
23115356,bf996092-8d66-408a-8d8e-5065ca3330c2,23142979-9fb6-4fd3-bd82-62d7e0add75f,67ff0a35-fbb3-400f-992a-e1cb421a6f62,YWD2T2ZPP7AF8MNK,,2025-04-04 11:48:58.027,2025-04-04 11:48:58.029,1
23115357,bf996092-8d66-408a-8d8e-5065ca3330c2,23142979-9fb6-4fd3-bd82-62d7e0add75f,67ff0a35-fbb3-400f-992a-e1cb421a6f62,YWD2T2ZPP7AF8MNK,,2025-04-04 11:48:58.033,2025-04-04 11:48:58.034,1
23115358,bf996092-8d66-408a-8d8e-5065ca3330c2,23142979-9fb6-4fd3-bd82-62d7e0add75f,67ff0a35-fbb3-400f-992a-e1cb421a6f62,YWD2T2ZPP7AF8MNK,,2025-04-04 11:48:58.038,2025-04-04 11:48:58.039,1
23115359,bf996092-8d66-408a-8d8e-5065ca3330c2,23142979-9fb6-4fd3-bd82-62d7e0add75f,67ff0a35-fbb3-400f-992a-e1cb421a6f62,YWD2T2ZPP7AF8MNK,,2025-04-04 11:48:58.042,2025-04-04 11:48:58.044,1
23115375,bf996092-8d66-408a-8d8e-5065ca3330c2,23142979-9fb6-4fd3-bd82-62d7e0add75f,93626c79-325b-4113-9dae-932893b3d648,YWD2T2ZPP7AF8MNK,,2025-04-04 11:49:24.913,2025-04-04 11:49:24.914,1
23115376,bf996092-8d66-408a-8d8e-5065ca3330c2,23142979-9fb6-4fd3-bd82-62d7e0add75f,93626c79-325b-4113-9dae-932893b3d648,YWD2T2ZPP7AF8MNK,,2025-04-04 11:49:24.918,2025-04-04 11:49:24.919,1
23115377,bf996092-8d66-408a-8d8e-5065ca3330c2,23142979-9fb6-4fd3-bd82-62d7e0add75f,93626c79-325b-4113-9dae-932893b3d648,YWD2T2ZPP7AF8MNK,,2025-04-04 11:49:24.925,2025-04-04 11:49:24.926,1
23115378,bf996092-8d66-408a-8d8e-5065ca3330c2,23142979-9fb6-4fd3-bd82-62d7e0add75f,93626c79-325b-4113-9dae-932893b3d648,YWD2T2ZPP7AF8MNK,,2025-04-04 11:49:24.929,2025-04-04 11:49:24.93,1
23115379,bf996092-8d66-408a-8d8e-5065ca3330c2,23142979-9fb6-4fd3-bd82-62d7e0add75f,93626c79-325b-4113-9dae-932893b3d648,YWD2T2ZPP7AF8MNK,,2025-04-04 11:49:24.933,2025-04-04 11:49:24.934,1
23115380,bf996092-8d66-408a-8d8e-5065ca3330c2,23142979-9fb6-4fd3-bd82-62d7e0add75f,93626c79-325b-4113-9dae-932893b3d648,YWD2T2ZPP7AF8MNK,,2025-04-04 11:49:24.938,2025-04-04 11:49:24.939,1
23115381,bf996092-8d66-408a-8d8e-5065ca3330c2,23142979-9fb6-4fd3-bd82-62d7e0add75f,93626c79-325b-4113-9dae-932893b3d648,YWD2T2ZPP7AF8MNK,,2025-04-04 11:49:24.945,2025-04-04 11:49:24.946,1
23115382,bf996092-8d66-408a-8d8e-5065ca3330c2,23142979-9fb6-4fd3-bd82-62d7e0add75f,93626c79-325b-4113-9dae-932893b3d648,YWD2T2ZPP7AF8MNK,,2025-04-04 11:49:24.95,2025-04-04 11:49:24.951,1
23115383,bf996092-8d66-408a-8d8e-5065ca3330c2,23142979-9fb6-4fd3-bd82-62d7e0add75f,93626c79-325b-4113-9dae-932893b3d648,YWD2T2ZPP7AF8MNK,,2025-04-04 11:49:24.955,2025-04-04 11:49:24.956,1
23115384,bf996092-8d66-408a-8d8e-5065ca3330c2,23142979-9fb6-4fd3-bd82-62d7e0add75f,93626c79-325b-4113-9dae-932893b3d648,YWD2T2ZPP7AF8MNK,,2025-04-04 11:49:24.959,2025-04-04 11:49:24.96,1
23115385,bf996092-8d66-408a-8d8e-5065ca3330c2,23142979-9fb6-4fd3-bd82-62d7e0add75f,93626c79-325b-4113-9dae-932893b3d648,YWD2T2ZPP7AF8MNK,,2025-04-04 11:49:24.963,2025-04-04 11:49:24.966,1
23115386,bf996092-8d66-408a-8d8e-5065ca3330c2,23142979-9fb6-4fd3-bd82-62d7e0add75f,93626c79-325b-4113-9dae-932893b3d648,YWD2T2ZPP7AF8MNK,,2025-04-04 11:49:24.97,2025-04-04 11:49:24.972,1
23115387,bf996092-8d66-408a-8d8e-5065ca3330c2,23142979-9fb6-4fd3-bd82-62d7e0add75f,93626c79-325b-4113-9dae-932893b3d648,YWD2T2ZPP7AF8MNK,,2025-04-04 11:49:24.977,2025-04-04 11:49:24.982,1
23115388,bf996092-8d66-408a-8d8e-5065ca3330c2,23142979-9fb6-4fd3-bd82-62d7e0add75f,93626c79-325b-4113-9dae-932893b3d648,YWD2T2ZPP7AF8MNK,,2025-04-04 11:49:24.987,2025-04-04 11:49:24.989,1
23115457,bf996092-8d66-408a-8d8e-5065ca3330c2,23142979-9fb6-4fd3-bd82-62d7e0add75f,7cc6e42a-9dae-423d-a9f7-79a4da6c6cd9,YWD2T2ZPP7AF8MNK,"",2025-04-04 11:51:39.259,2025-04-04 11:51:41.379,1
23115564,bf996092-8d66-408a-8d8e-5065ca3330c2,23142979-9fb6-4fd3-bd82-62d7e0add75f,05eccb2d-64a2-4006-96ee-1995d8c412d3,JESJ7TGSQHWR942J,DDA INDOOR STADIUM - MASONRY LAYOUTS FOR REVIEW AND APPROVAL,2025-04-04 11:54:59.68,2025-04-04 11:55:01.819,1
23115610,bf996092-8d66-408a-8d8e-5065ca3330c2,23142979-9fb6-4fd3-bd82-62d7e0add75f,50d32fe2-3c09-4081-b34a-c8d6462a4eb7,JESJ7TGSQHWR942J,DDA INDOOR STADIUM - MASONRY LAYOUTS FOR REVIEW & APPROVAL,2025-04-04 11:56:26.55,2025-04-04 11:56:28.503,1
23116097,bf996092-8d66-408a-8d8e-5065ca3330c2,2f551e7d-05e6-4bfc-8ee1-0ef3a8487c11,b3952c54-70ae-4b3a-96aa-b94ee95648ff,CJ5ZQTRST43G,"",2025-04-04 12:12:56.177,2025-04-04 12:12:58.11,1
23133012,bf996092-8d66-408a-8d8e-5065ca3330c2,2f551e7d-05e6-4bfc-8ee1-0ef3a8487c11,ca8a1843-edd3-4e96-b1d4-2d2889115f79,CJ5ZQTRST43G,"Dear Ms. Deepika,

Please download Fire Alarm Staircase (Staircase-01 to 10) GFC Drawings for your review & approval.

Thanks & Regards,

(Atul Jain)
Document Controller",2025-04-05 05:46:43.065,2025-04-05 05:46:44.935,1
23187867,bf996092-8d66-408a-8d8e-5065ca3330c2,23142979-9fb6-4fd3-bd82-62d7e0add75f,42706533-be8b-428e-bc42-1b4ea3168eb5,S8W2PRCHQXETHD6D,"",2025-04-08 08:49:14.816,2025-04-08 08:49:14.819,1
23187868,bf996092-8d66-408a-8d8e-5065ca3330c2,23142979-9fb6-4fd3-bd82-62d7e0add75f,42706533-be8b-428e-bc42-1b4ea3168eb5,S8W2PRCHQXETHD6D,"",2025-04-08 08:49:14.821,2025-04-08 08:49:14.823,1
23187869,bf996092-8d66-408a-8d8e-5065ca3330c2,23142979-9fb6-4fd3-bd82-62d7e0add75f,42706533-be8b-428e-bc42-1b4ea3168eb5,S8W2PRCHQXETHD6D,"",2025-04-08 08:49:14.825,2025-04-08 08:49:14.826,1
23187870,bf996092-8d66-408a-8d8e-5065ca3330c2,23142979-9fb6-4fd3-bd82-62d7e0add75f,42706533-be8b-428e-bc42-1b4ea3168eb5,S8W2PRCHQXETHD6D,"",2025-04-08 08:49:14.828,2025-04-08 08:49:14.83,1
23187871,bf996092-8d66-408a-8d8e-5065ca3330c2,23142979-9fb6-4fd3-bd82-62d7e0add75f,42706533-be8b-428e-bc42-1b4ea3168eb5,S8W2PRCHQXETHD6D,"",2025-04-08 08:49:14.832,2025-04-08 08:49:14.833,1
23187872,bf996092-8d66-408a-8d8e-5065ca3330c2,23142979-9fb6-4fd3-bd82-62d7e0add75f,42706533-be8b-428e-bc42-1b4ea3168eb5,S8W2PRCHQXETHD6D,"",2025-04-08 08:49:14.835,2025-04-08 08:49:14.844,1
23187873,bf996092-8d66-408a-8d8e-5065ca3330c2,23142979-9fb6-4fd3-bd82-62d7e0add75f,42706533-be8b-428e-bc42-1b4ea3168eb5,S8W2PRCHQXETHD6D,"",2025-04-08 08:49:14.846,2025-04-08 08:49:14.848,1
23187874,bf996092-8d66-408a-8d8e-5065ca3330c2,23142979-9fb6-4fd3-bd82-62d7e0add75f,42706533-be8b-428e-bc42-1b4ea3168eb5,S8W2PRCHQXETHD6D,"",2025-04-08 08:49:14.85,2025-04-08 08:49:14.851,1
23187875,bf996092-8d66-408a-8d8e-5065ca3330c2,23142979-9fb6-4fd3-bd82-62d7e0add75f,42706533-be8b-428e-bc42-1b4ea3168eb5,S8W2PRCHQXETHD6D,"",2025-04-08 08:49:14.853,2025-04-08 08:49:14.855,1
23187876,bf996092-8d66-408a-8d8e-5065ca3330c2,23142979-9fb6-4fd3-bd82-62d7e0add75f,42706533-be8b-428e-bc42-1b4ea3168eb5,S8W2PRCHQXETHD6D,"",2025-04-08 08:49:14.857,2025-04-08 08:49:14.859,1
23187877,bf996092-8d66-408a-8d8e-5065ca3330c2,23142979-9fb6-4fd3-bd82-62d7e0add75f,42706533-be8b-428e-bc42-1b4ea3168eb5,S8W2PRCHQXETHD6D,"",2025-04-08 08:49:14.861,2025-04-08 08:49:14.863,1
23187878,bf996092-8d66-408a-8d8e-5065ca3330c2,23142979-9fb6-4fd3-bd82-62d7e0add75f,42706533-be8b-428e-bc42-1b4ea3168eb5,S8W2PRCHQXETHD6D,"",2025-04-08 08:49:14.865,2025-04-08 08:49:14.867,1
23188638,bf996092-8d66-408a-8d8e-5065ca3330c2,23142979-9fb6-4fd3-bd82-62d7e0add75f,42706533-be8b-428e-bc42-1b4ea3168eb5,97GMJK5ZPRLF,PFA DRAWING FOR REVIEW ,2025-04-08 09:04:33.882,2025-04-08 09:04:35.599,2
23215303,bf996092-8d66-408a-8d8e-5065ca3330c2,23142979-9fb6-4fd3-bd82-62d7e0add75f,50d32fe2-3c09-4081-b34a-c8d6462a4eb7,Y892LF63N69HWYZS,FOR TESTING PURPOSE,2025-04-09 05:06:52.017,2025-04-09 05:06:52.02,1
23215304,bf996092-8d66-408a-8d8e-5065ca3330c2,23142979-9fb6-4fd3-bd82-62d7e0add75f,50d32fe2-3c09-4081-b34a-c8d6462a4eb7,Y892LF63N69HWYZS,FOR TESTING PURPOSE,2025-04-09 05:06:52.023,2025-04-09 05:06:52.024,1
23215305,bf996092-8d66-408a-8d8e-5065ca3330c2,23142979-9fb6-4fd3-bd82-62d7e0add75f,50d32fe2-3c09-4081-b34a-c8d6462a4eb7,Y892LF63N69HWYZS,FOR TESTING PURPOSE,2025-04-09 05:06:52.027,2025-04-09 05:06:52.028,1
23215306,bf996092-8d66-408a-8d8e-5065ca3330c2,23142979-9fb6-4fd3-bd82-62d7e0add75f,50d32fe2-3c09-4081-b34a-c8d6462a4eb7,Y892LF63N69HWYZS,FOR TESTING PURPOSE,2025-04-09 05:06:52.03,2025-04-09 05:06:52.032,1
23215307,bf996092-8d66-408a-8d8e-5065ca3330c2,23142979-9fb6-4fd3-bd82-62d7e0add75f,50d32fe2-3c09-4081-b34a-c8d6462a4eb7,Y892LF63N69HWYZS,FOR TESTING PURPOSE,2025-04-09 05:06:52.034,2025-04-09 05:06:52.036,1
23215308,bf996092-8d66-408a-8d8e-5065ca3330c2,23142979-9fb6-4fd3-bd82-62d7e0add75f,50d32fe2-3c09-4081-b34a-c8d6462a4eb7,Y892LF63N69HWYZS,FOR TESTING PURPOSE,2025-04-09 05:06:52.038,2025-04-09 05:06:52.04,1
23215309,bf996092-8d66-408a-8d8e-5065ca3330c2,23142979-9fb6-4fd3-bd82-62d7e0add75f,50d32fe2-3c09-4081-b34a-c8d6462a4eb7,Y892LF63N69HWYZS,FOR TESTING PURPOSE,2025-04-09 05:06:52.042,2025-04-09 05:06:52.044,1
23215310,bf996092-8d66-408a-8d8e-5065ca3330c2,23142979-9fb6-4fd3-bd82-62d7e0add75f,50d32fe2-3c09-4081-b34a-c8d6462a4eb7,Y892LF63N69HWYZS,FOR TESTING PURPOSE,2025-04-09 05:06:52.046,2025-04-09 05:06:52.048,1
23215311,bf996092-8d66-408a-8d8e-5065ca3330c2,23142979-9fb6-4fd3-bd82-62d7e0add75f,50d32fe2-3c09-4081-b34a-c8d6462a4eb7,Y892LF63N69HWYZS,FOR TESTING PURPOSE,2025-04-09 05:06:52.05,2025-04-09 05:06:52.051,1
23216132,bf996092-8d66-408a-8d8e-5065ca3330c2,23142979-9fb6-4fd3-bd82-62d7e0add75f,05eccb2d-64a2-4006-96ee-1995d8c412d3,S8W2PRCHQXETHD6D,"",2025-04-09 05:53:06.266,2025-04-09 05:53:06.268,1
23216133,bf996092-8d66-408a-8d8e-5065ca3330c2,23142979-9fb6-4fd3-bd82-62d7e0add75f,05eccb2d-64a2-4006-96ee-1995d8c412d3,S8W2PRCHQXETHD6D,"",2025-04-09 05:53:06.271,2025-04-09 05:53:06.272,1
23216134,bf996092-8d66-408a-8d8e-5065ca3330c2,23142979-9fb6-4fd3-bd82-62d7e0add75f,05eccb2d-64a2-4006-96ee-1995d8c412d3,S8W2PRCHQXETHD6D,"",2025-04-09 05:53:06.274,2025-04-09 05:53:06.282,1
23216135,bf996092-8d66-408a-8d8e-5065ca3330c2,23142979-9fb6-4fd3-bd82-62d7e0add75f,05eccb2d-64a2-4006-96ee-1995d8c412d3,S8W2PRCHQXETHD6D,"",2025-04-09 05:53:06.284,2025-04-09 05:53:06.286,1
23216136,bf996092-8d66-408a-8d8e-5065ca3330c2,23142979-9fb6-4fd3-bd82-62d7e0add75f,05eccb2d-64a2-4006-96ee-1995d8c412d3,S8W2PRCHQXETHD6D,"",2025-04-09 05:53:06.288,2025-04-09 05:53:06.289,1
23216137,bf996092-8d66-408a-8d8e-5065ca3330c2,23142979-9fb6-4fd3-bd82-62d7e0add75f,05eccb2d-64a2-4006-96ee-1995d8c412d3,S8W2PRCHQXETHD6D,"",2025-04-09 05:53:06.291,2025-04-09 05:53:06.293,1
23216138,bf996092-8d66-408a-8d8e-5065ca3330c2,23142979-9fb6-4fd3-bd82-62d7e0add75f,05eccb2d-64a2-4006-96ee-1995d8c412d3,S8W2PRCHQXETHD6D,"",2025-04-09 05:53:06.295,2025-04-09 05:53:06.296,1
23216139,bf996092-8d66-408a-8d8e-5065ca3330c2,23142979-9fb6-4fd3-bd82-62d7e0add75f,05eccb2d-64a2-4006-96ee-1995d8c412d3,S8W2PRCHQXETHD6D,"",2025-04-09 05:53:06.298,2025-04-09 05:53:06.3,1
23216140,bf996092-8d66-408a-8d8e-5065ca3330c2,23142979-9fb6-4fd3-bd82-62d7e0add75f,05eccb2d-64a2-4006-96ee-1995d8c412d3,S8W2PRCHQXETHD6D,"",2025-04-09 05:53:06.301,2025-04-09 05:53:06.303,1
23254457,bf996092-8d66-408a-8d8e-5065ca3330c2,23142979-9fb6-4fd3-bd82-62d7e0add75f,cb5bcedb-2aba-4b29-b1d0-833091b83776,QNTJJ3CVR726KX4Z,"HI
Mr. Salim Kindly Discuss the same with Mr. Kamal Ji for Approval",2025-04-10 08:37:41.29,2025-04-10 08:37:41.338,1
23255911,bf996092-8d66-408a-8d8e-5065ca3330c2,23142979-9fb6-4fd3-bd82-62d7e0add75f,cb5bcedb-2aba-4b29-b1d0-833091b83776,S8W2PRCHQXETHD6D,"Dear Rajni,
Kindly Proceed for GFC.",2025-04-10 09:26:32.853,2025-04-10 09:26:32.91,1
23261920,bf996092-8d66-408a-8d8e-5065ca3330c2,23142979-9fb6-4fd3-bd82-62d7e0add75f,ce026b1f-1dee-4f24-8720-b44afeb2fa6b,YWD2T2ZPP7AF8MNK,"",2025-04-10 12:19:54.078,2025-04-10 12:19:56.326,1
23283291,bf996092-8d66-408a-8d8e-5065ca3330c2,23142979-9fb6-4fd3-bd82-62d7e0add75f,1177c134-ee34-46fe-a2b0-e7ce57545b5f,YWD2T2ZPP7AF8MNK,"",2025-04-11 05:29:49.718,2025-04-11 05:29:51.725,1
23404417,bf996092-8d66-408a-8d8e-5065ca3330c2,ada6015d-9fce-4f2c-b20f-fc9122d2face,d2c99d56-579f-435c-b5b6-047528738390,V9Q2X946QA52XTJG,"",2025-04-16 08:20:29.235,2025-04-16 08:20:29.237,1
23404418,bf996092-8d66-408a-8d8e-5065ca3330c2,ada6015d-9fce-4f2c-b20f-fc9122d2face,d2c99d56-579f-435c-b5b6-047528738390,V9Q2X946QA52XTJG,"",2025-04-16 08:20:29.242,2025-04-16 08:20:29.245,1
23404419,bf996092-8d66-408a-8d8e-5065ca3330c2,ada6015d-9fce-4f2c-b20f-fc9122d2face,d2c99d56-579f-435c-b5b6-047528738390,V9Q2X946QA52XTJG,"",2025-04-16 08:20:29.248,2025-04-16 08:20:29.251,1
23404420,bf996092-8d66-408a-8d8e-5065ca3330c2,ada6015d-9fce-4f2c-b20f-fc9122d2face,d2c99d56-579f-435c-b5b6-047528738390,V9Q2X946QA52XTJG,"",2025-04-16 08:20:29.252,2025-04-16 08:20:29.254,1
23404421,bf996092-8d66-408a-8d8e-5065ca3330c2,ada6015d-9fce-4f2c-b20f-fc9122d2face,d2c99d56-579f-435c-b5b6-047528738390,V9Q2X946QA52XTJG,"",2025-04-16 08:20:29.256,2025-04-16 08:20:29.257,1
23404422,bf996092-8d66-408a-8d8e-5065ca3330c2,ada6015d-9fce-4f2c-b20f-fc9122d2face,d2c99d56-579f-435c-b5b6-047528738390,V9Q2X946QA52XTJG,"",2025-04-16 08:20:29.258,2025-04-16 08:20:29.261,1
23404423,bf996092-8d66-408a-8d8e-5065ca3330c2,ada6015d-9fce-4f2c-b20f-fc9122d2face,d2c99d56-579f-435c-b5b6-047528738390,V9Q2X946QA52XTJG,"",2025-04-16 08:20:29.267,2025-04-16 08:20:29.27,1
23404424,bf996092-8d66-408a-8d8e-5065ca3330c2,ada6015d-9fce-4f2c-b20f-fc9122d2face,d2c99d56-579f-435c-b5b6-047528738390,V9Q2X946QA52XTJG,"",2025-04-16 08:20:29.279,2025-04-16 08:20:29.281,1
23433772,bf996092-8d66-408a-8d8e-5065ca3330c2,2f551e7d-05e6-4bfc-8ee1-0ef3a8487c11,b3952c54-70ae-4b3a-96aa-b94ee95648ff,CMJ2N3U8MSMRM8ZA,"As per Structural Head of Omaxe, this step of review by Structure consultant and internal structure team is not required. Hence from all future workflow this step shall be removed.

Thus admin is omitting this step.",2025-04-17 05:24:32.365,2025-04-17 05:24:32.409,1
23433806,bf996092-8d66-408a-8d8e-5065ca3330c2,2f551e7d-05e6-4bfc-8ee1-0ef3a8487c11,ca8a1843-edd3-4e96-b1d4-2d2889115f79,CMJ2N3U8MSMRM8ZA,"As per Structural Head of Omaxe, this step of review by Structure consultant and internal structure team is not required. Hence from all future workflow this step shall be removed.

Thus admin is omitting this step.",2025-04-17 05:26:17.791,2025-04-17 05:26:17.874,1
23434076,bf996092-8d66-408a-8d8e-5065ca3330c2,2f551e7d-05e6-4bfc-8ee1-0ef3a8487c11,ca8a1843-edd3-4e96-b1d4-2d2889115f79,QNTJJ3CVR726KX4Z,ok,2025-04-17 05:42:54.4,2025-04-17 05:42:54.437,1
23445819,bf996092-8d66-408a-8d8e-5065ca3330c2,23142979-9fb6-4fd3-bd82-62d7e0add75f,9c388730-bfaa-429d-af78-bc4ba834bae0,YWD2T2ZPP7AF8MNK,"",2025-04-17 11:53:45.364,2025-04-17 11:53:48.333,1
23447882,bf996092-8d66-408a-8d8e-5065ca3330c2,23142979-9fb6-4fd3-bd82-62d7e0add75f,dd03ee13-60c5-4dd7-9cd8-9059e334e28d,JESJ7TGSQHWR942J,INDOOR STADIUM SLAB EDGE PLAN,2025-04-17 12:54:38.704,2025-04-17 12:54:40.646,1
23464743,bf996092-8d66-408a-8d8e-5065ca3330c2,2f551e7d-05e6-4bfc-8ee1-0ef3a8487c11,b3952c54-70ae-4b3a-96aa-b94ee95648ff,S8W2PRCHQXETHD6D,"ok,",2025-04-18 04:23:48.558,2025-04-18 04:23:48.604,1
23467012,bf996092-8d66-408a-8d8e-5065ca3330c2,23142979-9fb6-4fd3-bd82-62d7e0add75f,dd03ee13-60c5-4dd7-9cd8-9059e334e28d,S8W2PRCHQXETHD6D,"Dear Sonu,
Kindly incorporate all the comments mark in the drawing",2025-04-18 06:45:08.85,2025-04-18 06:45:08.902,1
23471126,bf996092-8d66-408a-8d8e-5065ca3330c2,23142979-9fb6-4fd3-bd82-62d7e0add75f,50d32fe2-3c09-4081-b34a-c8d6462a4eb7,JESJ7TGSQHWR942J,"",2025-04-18 10:33:21.789,2025-04-18 10:33:23.459,2
23471167,bf996092-8d66-408a-8d8e-5065ca3330c2,23142979-9fb6-4fd3-bd82-62d7e0add75f,00f54580-dc19-4af1-8ae8-ee749b92b91a,JESJ7TGSQHWR942J,"",2025-04-18 10:34:50.19,2025-04-18 10:34:52.056,1
23471358,bf996092-8d66-408a-8d8e-5065ca3330c2,2f551e7d-05e6-4bfc-8ee1-0ef3a8487c11,b3952c54-70ae-4b3a-96aa-b94ee95648ff,CMJ2N3U8MSMRM8ZA,"As per Structural Head of Omaxe, this step of review by Structure consultant and internal structure team is not required. Hence from all future workflow this step shall be removed.

Thus admin is omitting this step.
",2025-04-18 10:42:46.636,2025-04-18 10:42:46.681,1
23473035,bf996092-8d66-408a-8d8e-5065ca3330c2,23142979-9fb6-4fd3-bd82-62d7e0add75f,9dc26db0-5800-4497-b8b7-d3deba91b95c,YWD2T2ZPP7AF8MNK,"",2025-04-18 12:33:50.908,2025-04-18 12:33:52.971,1
23559918,bf996092-8d66-408a-8d8e-5065ca3330c2,23142979-9fb6-4fd3-bd82-62d7e0add75f,42706533-be8b-428e-bc42-1b4ea3168eb5,8P32P78GQMSARQ95,"",2025-04-23 08:57:14.121,2025-04-23 08:57:14.124,2
23559919,bf996092-8d66-408a-8d8e-5065ca3330c2,23142979-9fb6-4fd3-bd82-62d7e0add75f,42706533-be8b-428e-bc42-1b4ea3168eb5,8P32P78GQMSARQ95,"",2025-04-23 08:57:14.127,2025-04-23 08:57:14.129,2
23559920,bf996092-8d66-408a-8d8e-5065ca3330c2,23142979-9fb6-4fd3-bd82-62d7e0add75f,42706533-be8b-428e-bc42-1b4ea3168eb5,8P32P78GQMSARQ95,"",2025-04-23 08:57:14.131,2025-04-23 08:57:14.133,2
23559921,bf996092-8d66-408a-8d8e-5065ca3330c2,23142979-9fb6-4fd3-bd82-62d7e0add75f,42706533-be8b-428e-bc42-1b4ea3168eb5,8P32P78GQMSARQ95,"",2025-04-23 08:57:14.136,2025-04-23 08:57:14.137,2
23559922,bf996092-8d66-408a-8d8e-5065ca3330c2,23142979-9fb6-4fd3-bd82-62d7e0add75f,42706533-be8b-428e-bc42-1b4ea3168eb5,8P32P78GQMSARQ95,"",2025-04-23 08:57:14.14,2025-04-23 08:57:14.142,2
23559923,bf996092-8d66-408a-8d8e-5065ca3330c2,23142979-9fb6-4fd3-bd82-62d7e0add75f,42706533-be8b-428e-bc42-1b4ea3168eb5,8P32P78GQMSARQ95,"",2025-04-23 08:57:14.144,2025-04-23 08:57:14.146,2
23559924,bf996092-8d66-408a-8d8e-5065ca3330c2,23142979-9fb6-4fd3-bd82-62d7e0add75f,42706533-be8b-428e-bc42-1b4ea3168eb5,8P32P78GQMSARQ95,"",2025-04-23 08:57:14.148,2025-04-23 08:57:14.15,2
23559925,bf996092-8d66-408a-8d8e-5065ca3330c2,23142979-9fb6-4fd3-bd82-62d7e0add75f,42706533-be8b-428e-bc42-1b4ea3168eb5,8P32P78GQMSARQ95,"",2025-04-23 08:57:14.153,2025-04-23 08:57:14.156,2
23559926,bf996092-8d66-408a-8d8e-5065ca3330c2,23142979-9fb6-4fd3-bd82-62d7e0add75f,42706533-be8b-428e-bc42-1b4ea3168eb5,8P32P78GQMSARQ95,"",2025-04-23 08:57:14.159,2025-04-23 08:57:14.161,2
23559927,bf996092-8d66-408a-8d8e-5065ca3330c2,23142979-9fb6-4fd3-bd82-62d7e0add75f,42706533-be8b-428e-bc42-1b4ea3168eb5,8P32P78GQMSARQ95,"",2025-04-23 08:57:14.164,2025-04-23 08:57:14.167,2
23559928,bf996092-8d66-408a-8d8e-5065ca3330c2,23142979-9fb6-4fd3-bd82-62d7e0add75f,42706533-be8b-428e-bc42-1b4ea3168eb5,8P32P78GQMSARQ95,"",2025-04-23 08:57:14.17,2025-04-23 08:57:14.173,2
23559929,bf996092-8d66-408a-8d8e-5065ca3330c2,23142979-9fb6-4fd3-bd82-62d7e0add75f,42706533-be8b-428e-bc42-1b4ea3168eb5,8P32P78GQMSARQ95,"",2025-04-23 08:57:14.176,2025-04-23 08:57:14.183,2
23559930,bf996092-8d66-408a-8d8e-5065ca3330c2,23142979-9fb6-4fd3-bd82-62d7e0add75f,42706533-be8b-428e-bc42-1b4ea3168eb5,8P32P78GQMSARQ95,"",2025-04-23 08:57:14.185,2025-04-23 08:57:14.188,2
23560588,bf996092-8d66-408a-8d8e-5065ca3330c2,23142979-9fb6-4fd3-bd82-62d7e0add75f,40e22118-4503-456c-aa3a-419364ef733e,8P32P78GQMSARQ95,"",2025-04-23 09:14:53.169,2025-04-23 09:14:53.171,1
23560589,bf996092-8d66-408a-8d8e-5065ca3330c2,23142979-9fb6-4fd3-bd82-62d7e0add75f,40e22118-4503-456c-aa3a-419364ef733e,8P32P78GQMSARQ95,"",2025-04-23 09:14:53.173,2025-04-23 09:14:53.175,1
23560590,bf996092-8d66-408a-8d8e-5065ca3330c2,23142979-9fb6-4fd3-bd82-62d7e0add75f,40e22118-4503-456c-aa3a-419364ef733e,8P32P78GQMSARQ95,"",2025-04-23 09:14:53.176,2025-04-23 09:14:53.177,1
23560591,bf996092-8d66-408a-8d8e-5065ca3330c2,23142979-9fb6-4fd3-bd82-62d7e0add75f,40e22118-4503-456c-aa3a-419364ef733e,8P32P78GQMSARQ95,"",2025-04-23 09:14:53.18,2025-04-23 09:14:53.181,1
23560592,bf996092-8d66-408a-8d8e-5065ca3330c2,23142979-9fb6-4fd3-bd82-62d7e0add75f,40e22118-4503-456c-aa3a-419364ef733e,8P32P78GQMSARQ95,"",2025-04-23 09:14:53.183,2025-04-23 09:14:53.184,1
23560593,bf996092-8d66-408a-8d8e-5065ca3330c2,23142979-9fb6-4fd3-bd82-62d7e0add75f,40e22118-4503-456c-aa3a-419364ef733e,8P32P78GQMSARQ95,"",2025-04-23 09:14:53.186,2025-04-23 09:14:53.187,1
23560594,bf996092-8d66-408a-8d8e-5065ca3330c2,23142979-9fb6-4fd3-bd82-62d7e0add75f,40e22118-4503-456c-aa3a-419364ef733e,8P32P78GQMSARQ95,"",2025-04-23 09:14:53.189,2025-04-23 09:14:53.19,1
23560595,bf996092-8d66-408a-8d8e-5065ca3330c2,23142979-9fb6-4fd3-bd82-62d7e0add75f,40e22118-4503-456c-aa3a-419364ef733e,8P32P78GQMSARQ95,"",2025-04-23 09:14:53.191,2025-04-23 09:14:53.193,1
23560596,bf996092-8d66-408a-8d8e-5065ca3330c2,23142979-9fb6-4fd3-bd82-62d7e0add75f,40e22118-4503-456c-aa3a-419364ef733e,8P32P78GQMSARQ95,"",2025-04-23 09:14:53.194,2025-04-23 09:14:53.195,1
23560597,bf996092-8d66-408a-8d8e-5065ca3330c2,23142979-9fb6-4fd3-bd82-62d7e0add75f,40e22118-4503-456c-aa3a-419364ef733e,8P32P78GQMSARQ95,"",2025-04-23 09:14:53.197,2025-04-23 09:14:53.198,1
23560598,bf996092-8d66-408a-8d8e-5065ca3330c2,23142979-9fb6-4fd3-bd82-62d7e0add75f,40e22118-4503-456c-aa3a-419364ef733e,8P32P78GQMSARQ95,"",2025-04-23 09:14:53.2,2025-04-23 09:14:53.201,1
23560599,bf996092-8d66-408a-8d8e-5065ca3330c2,23142979-9fb6-4fd3-bd82-62d7e0add75f,40e22118-4503-456c-aa3a-419364ef733e,8P32P78GQMSARQ95,"",2025-04-23 09:14:53.202,2025-04-23 09:14:53.204,1
23566762,bf996092-8d66-408a-8d8e-5065ca3330c2,ada6015d-9fce-4f2c-b20f-fc9122d2face,f4c28d39-e8eb-4361-a9ff-17615077892d,V9Q2X946QA52XTJG,"",2025-04-23 12:26:31.519,2025-04-23 12:26:33.118,2
23566806,bf996092-8d66-408a-8d8e-5065ca3330c2,ada6015d-9fce-4f2c-b20f-fc9122d2face,f4c28d39-e8eb-4361-a9ff-17615077892d,V9Q2X946QA52XTJG,"",2025-04-23 12:28:34.173,2025-04-23 12:28:34.175,2
23566931,bf996092-8d66-408a-8d8e-5065ca3330c2,ada6015d-9fce-4f2c-b20f-fc9122d2face,f4c28d39-e8eb-4361-a9ff-17615077892d,V9Q2X946QA52XTJG,"",2025-04-23 12:32:32.487,2025-04-23 12:32:34.053,3
23566940,bf996092-8d66-408a-8d8e-5065ca3330c2,ada6015d-9fce-4f2c-b20f-fc9122d2face,f4c28d39-e8eb-4361-a9ff-17615077892d,V9Q2X946QA52XTJG,"",2025-04-23 12:32:46.693,2025-04-23 12:32:46.759,3
23566946,bf996092-8d66-408a-8d8e-5065ca3330c2,ada6015d-9fce-4f2c-b20f-fc9122d2face,f4c28d39-e8eb-4361-a9ff-17615077892d,V9Q2X946QA52XTJG,"",2025-04-23 12:32:55.628,2025-04-23 12:32:55.63,3
23566952,bf996092-8d66-408a-8d8e-5065ca3330c2,ada6015d-9fce-4f2c-b20f-fc9122d2face,f4c28d39-e8eb-4361-a9ff-17615077892d,V9Q2X946QA52XTJG,"",2025-04-23 12:33:03.947,2025-04-23 12:33:05.624,4
23566963,bf996092-8d66-408a-8d8e-5065ca3330c2,ada6015d-9fce-4f2c-b20f-fc9122d2face,f4c28d39-e8eb-4361-a9ff-17615077892d,V9Q2X946QA52XTJG,"",2025-04-23 12:33:23.321,2025-04-23 12:33:23.356,4
23567196,bf996092-8d66-408a-8d8e-5065ca3330c2,ada6015d-9fce-4f2c-b20f-fc9122d2face,f4c28d39-e8eb-4361-a9ff-17615077892d,V9Q2X946QA52XTJG,"",2025-04-23 12:39:49.163,2025-04-23 12:39:49.165,4
23589864,bf996092-8d66-408a-8d8e-5065ca3330c2,ada6015d-9fce-4f2c-b20f-fc9122d2face,6797dffd-3d7c-4ce5-8670-68dc72611cbf,QNTJJ3CVR726KX4Z,ok,2025-04-24 07:17:10.079,2025-04-24 07:17:10.113,1
23790004,bf996092-8d66-408a-8d8e-5065ca3330c2,23142979-9fb6-4fd3-bd82-62d7e0add75f,dd03ee13-60c5-4dd7-9cd8-9059e334e28d,JESJ7TGSQHWR942J,"comment not visible, so we are incitive new review and void this review. ",2025-05-02 06:55:21.228,2025-05-02 06:55:21.234,1
23790005,bf996092-8d66-408a-8d8e-5065ca3330c2,23142979-9fb6-4fd3-bd82-62d7e0add75f,dd03ee13-60c5-4dd7-9cd8-9059e334e28d,JESJ7TGSQHWR942J,"comment not visible, so we are incitive new review and void this review. ",2025-05-02 06:55:21.238,2025-05-02 06:55:21.239,1
23790006,bf996092-8d66-408a-8d8e-5065ca3330c2,23142979-9fb6-4fd3-bd82-62d7e0add75f,dd03ee13-60c5-4dd7-9cd8-9059e334e28d,JESJ7TGSQHWR942J,"comment not visible, so we are incitive new review and void this review. ",2025-05-02 06:55:21.242,2025-05-02 06:55:21.244,1
23790007,bf996092-8d66-408a-8d8e-5065ca3330c2,23142979-9fb6-4fd3-bd82-62d7e0add75f,dd03ee13-60c5-4dd7-9cd8-9059e334e28d,JESJ7TGSQHWR942J,"comment not visible, so we are incitive new review and void this review. ",2025-05-02 06:55:21.247,2025-05-02 06:55:21.248,1
23790008,bf996092-8d66-408a-8d8e-5065ca3330c2,23142979-9fb6-4fd3-bd82-62d7e0add75f,dd03ee13-60c5-4dd7-9cd8-9059e334e28d,JESJ7TGSQHWR942J,"comment not visible, so we are incitive new review and void this review. ",2025-05-02 06:55:21.251,2025-05-02 06:55:21.252,1
23790009,bf996092-8d66-408a-8d8e-5065ca3330c2,23142979-9fb6-4fd3-bd82-62d7e0add75f,dd03ee13-60c5-4dd7-9cd8-9059e334e28d,JESJ7TGSQHWR942J,"comment not visible, so we are incitive new review and void this review. ",2025-05-02 06:55:21.255,2025-05-02 06:55:21.256,1
23790010,bf996092-8d66-408a-8d8e-5065ca3330c2,23142979-9fb6-4fd3-bd82-62d7e0add75f,dd03ee13-60c5-4dd7-9cd8-9059e334e28d,JESJ7TGSQHWR942J,"comment not visible, so we are incitive new review and void this review. ",2025-05-02 06:55:21.259,2025-05-02 06:55:21.26,1
23790011,bf996092-8d66-408a-8d8e-5065ca3330c2,23142979-9fb6-4fd3-bd82-62d7e0add75f,dd03ee13-60c5-4dd7-9cd8-9059e334e28d,JESJ7TGSQHWR942J,"comment not visible, so we are incitive new review and void this review. ",2025-05-02 06:55:21.264,2025-05-02 06:55:21.265,1
23790053,bf996092-8d66-408a-8d8e-5065ca3330c2,23142979-9fb6-4fd3-bd82-62d7e0add75f,7cef807a-3719-447f-8b7d-06d0f65f6388,JESJ7TGSQHWR942J,"",2025-05-02 06:57:36.594,2025-05-02 06:57:39.27,1
23790375,bf996092-8d66-408a-8d8e-5065ca3330c2,ada6015d-9fce-4f2c-b20f-fc9122d2face,fd25c240-de1c-46e6-936d-f9fd65847dcc,V9Q2X946QA52XTJG,"",2025-05-02 07:04:57.99,2025-05-02 07:05:00.793,1
23790544,bf996092-8d66-408a-8d8e-5065ca3330c2,ada6015d-9fce-4f2c-b20f-fc9122d2face,fd25c240-de1c-46e6-936d-f9fd65847dcc,V9Q2X946QA52XTJG,"",2025-05-02 07:11:32.726,2025-05-02 07:11:32.728,1
23790545,bf996092-8d66-408a-8d8e-5065ca3330c2,ada6015d-9fce-4f2c-b20f-fc9122d2face,fd25c240-de1c-46e6-936d-f9fd65847dcc,V9Q2X946QA52XTJG,"",2025-05-02 07:11:32.747,2025-05-02 07:11:32.749,1
23790546,bf996092-8d66-408a-8d8e-5065ca3330c2,ada6015d-9fce-4f2c-b20f-fc9122d2face,fd25c240-de1c-46e6-936d-f9fd65847dcc,V9Q2X946QA52XTJG,"",2025-05-02 07:11:32.751,2025-05-02 07:11:32.753,1
23790547,bf996092-8d66-408a-8d8e-5065ca3330c2,ada6015d-9fce-4f2c-b20f-fc9122d2face,fd25c240-de1c-46e6-936d-f9fd65847dcc,V9Q2X946QA52XTJG,"",2025-05-02 07:11:32.755,2025-05-02 07:11:32.756,1
23790548,bf996092-8d66-408a-8d8e-5065ca3330c2,ada6015d-9fce-4f2c-b20f-fc9122d2face,fd25c240-de1c-46e6-936d-f9fd65847dcc,V9Q2X946QA52XTJG,"",2025-05-02 07:11:32.758,2025-05-02 07:11:32.761,1
23790549,bf996092-8d66-408a-8d8e-5065ca3330c2,ada6015d-9fce-4f2c-b20f-fc9122d2face,fd25c240-de1c-46e6-936d-f9fd65847dcc,V9Q2X946QA52XTJG,"",2025-05-02 07:11:32.767,2025-05-02 07:11:32.77,1
23790550,bf996092-8d66-408a-8d8e-5065ca3330c2,ada6015d-9fce-4f2c-b20f-fc9122d2face,fd25c240-de1c-46e6-936d-f9fd65847dcc,V9Q2X946QA52XTJG,"",2025-05-02 07:11:32.772,2025-05-02 07:11:32.774,1
23790551,bf996092-8d66-408a-8d8e-5065ca3330c2,ada6015d-9fce-4f2c-b20f-fc9122d2face,fd25c240-de1c-46e6-936d-f9fd65847dcc,V9Q2X946QA52XTJG,"",2025-05-02 07:11:32.776,2025-05-02 07:11:32.777,1
23790552,bf996092-8d66-408a-8d8e-5065ca3330c2,ada6015d-9fce-4f2c-b20f-fc9122d2face,fd25c240-de1c-46e6-936d-f9fd65847dcc,V9Q2X946QA52XTJG,"",2025-05-02 07:11:32.779,2025-05-02 07:11:32.781,1
23790591,bf996092-8d66-408a-8d8e-5065ca3330c2,ada6015d-9fce-4f2c-b20f-fc9122d2face,fd25c240-de1c-46e6-936d-f9fd65847dcc,V9Q2X946QA52XTJG,"",2025-05-02 07:12:35.639,2025-05-02 07:12:37.436,2
23790667,bf996092-8d66-408a-8d8e-5065ca3330c2,23142979-9fb6-4fd3-bd82-62d7e0add75f,7cef807a-3719-447f-8b7d-06d0f65f6388,JESJ7TGSQHWR942J,void entire files,2025-05-02 07:16:01.297,2025-05-02 07:16:01.299,1
23790668,bf996092-8d66-408a-8d8e-5065ca3330c2,23142979-9fb6-4fd3-bd82-62d7e0add75f,7cef807a-3719-447f-8b7d-06d0f65f6388,JESJ7TGSQHWR942J,void entire files,2025-05-02 07:16:01.303,2025-05-02 07:16:01.304,1
23790669,bf996092-8d66-408a-8d8e-5065ca3330c2,23142979-9fb6-4fd3-bd82-62d7e0add75f,7cef807a-3719-447f-8b7d-06d0f65f6388,JESJ7TGSQHWR942J,void entire files,2025-05-02 07:16:01.307,2025-05-02 07:16:01.308,1
23790670,bf996092-8d66-408a-8d8e-5065ca3330c2,23142979-9fb6-4fd3-bd82-62d7e0add75f,7cef807a-3719-447f-8b7d-06d0f65f6388,JESJ7TGSQHWR942J,void entire files,2025-05-02 07:16:01.311,2025-05-02 07:16:01.313,1
23790671,bf996092-8d66-408a-8d8e-5065ca3330c2,23142979-9fb6-4fd3-bd82-62d7e0add75f,7cef807a-3719-447f-8b7d-06d0f65f6388,JESJ7TGSQHWR942J,void entire files,2025-05-02 07:16:01.315,2025-05-02 07:16:01.316,1
23790672,bf996092-8d66-408a-8d8e-5065ca3330c2,23142979-9fb6-4fd3-bd82-62d7e0add75f,7cef807a-3719-447f-8b7d-06d0f65f6388,JESJ7TGSQHWR942J,void entire files,2025-05-02 07:16:01.319,2025-05-02 07:16:01.32,1
23790673,bf996092-8d66-408a-8d8e-5065ca3330c2,23142979-9fb6-4fd3-bd82-62d7e0add75f,7cef807a-3719-447f-8b7d-06d0f65f6388,JESJ7TGSQHWR942J,void entire files,2025-05-02 07:16:01.323,2025-05-02 07:16:01.325,1
23790674,bf996092-8d66-408a-8d8e-5065ca3330c2,23142979-9fb6-4fd3-bd82-62d7e0add75f,7cef807a-3719-447f-8b7d-06d0f65f6388,JESJ7TGSQHWR942J,void entire files,2025-05-02 07:16:01.328,2025-05-02 07:16:01.329,1
23790675,bf996092-8d66-408a-8d8e-5065ca3330c2,23142979-9fb6-4fd3-bd82-62d7e0add75f,7cef807a-3719-447f-8b7d-06d0f65f6388,JESJ7TGSQHWR942J,void entire files,2025-05-02 07:16:01.332,2025-05-02 07:16:01.333,1
23790728,bf996092-8d66-408a-8d8e-5065ca3330c2,23142979-9fb6-4fd3-bd82-62d7e0add75f,57a17ea5-e53a-448f-84c1-8ea272a35fbd,JESJ7TGSQHWR942J,"",2025-05-02 07:18:24.387,2025-05-02 07:18:26.26,1
23793027,bf996092-8d66-408a-8d8e-5065ca3330c2,23142979-9fb6-4fd3-bd82-62d7e0add75f,57a17ea5-e53a-448f-84c1-8ea272a35fbd,S8W2PRCHQXETHD6D,"",2025-05-02 08:56:52.948,2025-05-02 08:56:52.951,1
23793028,bf996092-8d66-408a-8d8e-5065ca3330c2,23142979-9fb6-4fd3-bd82-62d7e0add75f,57a17ea5-e53a-448f-84c1-8ea272a35fbd,S8W2PRCHQXETHD6D,"",2025-05-02 08:56:52.954,2025-05-02 08:56:52.957,1
23793029,bf996092-8d66-408a-8d8e-5065ca3330c2,23142979-9fb6-4fd3-bd82-62d7e0add75f,57a17ea5-e53a-448f-84c1-8ea272a35fbd,S8W2PRCHQXETHD6D,"",2025-05-02 08:56:52.959,2025-05-02 08:56:52.96,1
23793030,bf996092-8d66-408a-8d8e-5065ca3330c2,23142979-9fb6-4fd3-bd82-62d7e0add75f,57a17ea5-e53a-448f-84c1-8ea272a35fbd,S8W2PRCHQXETHD6D,"",2025-05-02 08:56:52.962,2025-05-02 08:56:52.973,1
23793031,bf996092-8d66-408a-8d8e-5065ca3330c2,23142979-9fb6-4fd3-bd82-62d7e0add75f,57a17ea5-e53a-448f-84c1-8ea272a35fbd,S8W2PRCHQXETHD6D,"",2025-05-02 08:56:52.979,2025-05-02 08:56:52.982,1
23793032,bf996092-8d66-408a-8d8e-5065ca3330c2,23142979-9fb6-4fd3-bd82-62d7e0add75f,57a17ea5-e53a-448f-84c1-8ea272a35fbd,S8W2PRCHQXETHD6D,"",2025-05-02 08:56:52.985,2025-05-02 08:56:52.987,1
23793033,bf996092-8d66-408a-8d8e-5065ca3330c2,23142979-9fb6-4fd3-bd82-62d7e0add75f,57a17ea5-e53a-448f-84c1-8ea272a35fbd,S8W2PRCHQXETHD6D,"",2025-05-02 08:56:52.99,2025-05-02 08:56:52.993,1
23793034,bf996092-8d66-408a-8d8e-5065ca3330c2,23142979-9fb6-4fd3-bd82-62d7e0add75f,57a17ea5-e53a-448f-84c1-8ea272a35fbd,S8W2PRCHQXETHD6D,"",2025-05-02 08:56:52.996,2025-05-02 08:56:52.998,1
23793035,bf996092-8d66-408a-8d8e-5065ca3330c2,23142979-9fb6-4fd3-bd82-62d7e0add75f,57a17ea5-e53a-448f-84c1-8ea272a35fbd,S8W2PRCHQXETHD6D,"",2025-05-02 08:56:53,2025-05-02 08:56:53.005,1
23833214,bf996092-8d66-408a-8d8e-5065ca3330c2,ada6015d-9fce-4f2c-b20f-fc9122d2face,fd25c240-de1c-46e6-936d-f9fd65847dcc,V9Q2X946QA52XTJG,"",2025-05-05 10:58:05.017,2025-05-05 10:58:05.02,2
23833215,bf996092-8d66-408a-8d8e-5065ca3330c2,ada6015d-9fce-4f2c-b20f-fc9122d2face,fd25c240-de1c-46e6-936d-f9fd65847dcc,V9Q2X946QA52XTJG,"",2025-05-05 10:58:05.022,2025-05-05 10:58:05.024,2
23833216,bf996092-8d66-408a-8d8e-5065ca3330c2,ada6015d-9fce-4f2c-b20f-fc9122d2face,fd25c240-de1c-46e6-936d-f9fd65847dcc,V9Q2X946QA52XTJG,"",2025-05-05 10:58:05.025,2025-05-05 10:58:05.027,2
23833217,bf996092-8d66-408a-8d8e-5065ca3330c2,ada6015d-9fce-4f2c-b20f-fc9122d2face,fd25c240-de1c-46e6-936d-f9fd65847dcc,V9Q2X946QA52XTJG,"",2025-05-05 10:58:05.029,2025-05-05 10:58:05.03,2
23833218,bf996092-8d66-408a-8d8e-5065ca3330c2,ada6015d-9fce-4f2c-b20f-fc9122d2face,fd25c240-de1c-46e6-936d-f9fd65847dcc,V9Q2X946QA52XTJG,"",2025-05-05 10:58:05.032,2025-05-05 10:58:05.034,2
23833219,bf996092-8d66-408a-8d8e-5065ca3330c2,ada6015d-9fce-4f2c-b20f-fc9122d2face,fd25c240-de1c-46e6-936d-f9fd65847dcc,V9Q2X946QA52XTJG,"",2025-05-05 10:58:05.041,2025-05-05 10:58:05.045,2
23833220,bf996092-8d66-408a-8d8e-5065ca3330c2,ada6015d-9fce-4f2c-b20f-fc9122d2face,fd25c240-de1c-46e6-936d-f9fd65847dcc,V9Q2X946QA52XTJG,"",2025-05-05 10:58:05.05,2025-05-05 10:58:05.053,2
23833221,bf996092-8d66-408a-8d8e-5065ca3330c2,ada6015d-9fce-4f2c-b20f-fc9122d2face,fd25c240-de1c-46e6-936d-f9fd65847dcc,V9Q2X946QA52XTJG,"",2025-05-05 10:58:05.055,2025-05-05 10:58:05.057,2
23833222,bf996092-8d66-408a-8d8e-5065ca3330c2,ada6015d-9fce-4f2c-b20f-fc9122d2face,fd25c240-de1c-46e6-936d-f9fd65847dcc,V9Q2X946QA52XTJG,"",2025-05-05 10:58:05.058,2025-05-05 10:58:05.06,2
23856392,bf996092-8d66-408a-8d8e-5065ca3330c2,2f551e7d-05e6-4bfc-8ee1-0ef3a8487c11,d8a940d6-2db4-48fc-8f47-4bce483f02f7,VM52VJACLXDVGKG6,WPM Comments given on 16/04/2025 in excel log seems to be incorporated in the latest drawings.,2025-05-06 05:48:36.909,2025-05-06 05:48:36.958,1
23938519,bf996092-8d66-408a-8d8e-5065ca3330c2,2f551e7d-05e6-4bfc-8ee1-0ef3a8487c11,7f351351-b526-4e19-b6be-d12b34a5c79e,CFCJQ2QBQP3V,"",2025-05-08 12:55:27.22,2025-05-08 12:55:29.36,1
23957603,bf996092-8d66-408a-8d8e-5065ca3330c2,23142979-9fb6-4fd3-bd82-62d7e0add75f,af928233-7ede-425b-90fd-cdf67f660b32,S8W2PRCHQXETHD6D,Kindly update as comments marked in the dwg.,2025-05-09 05:36:09.134,2025-05-09 05:36:09.142,1
23957604,bf996092-8d66-408a-8d8e-5065ca3330c2,23142979-9fb6-4fd3-bd82-62d7e0add75f,af928233-7ede-425b-90fd-cdf67f660b32,S8W2PRCHQXETHD6D,Kindly update as comments marked in the dwg.,2025-05-09 05:36:09.144,2025-05-09 05:36:09.146,1
23957605,bf996092-8d66-408a-8d8e-5065ca3330c2,23142979-9fb6-4fd3-bd82-62d7e0add75f,af928233-7ede-425b-90fd-cdf67f660b32,S8W2PRCHQXETHD6D,Kindly update as comments marked in the dwg.,2025-05-09 05:36:09.147,2025-05-09 05:36:09.152,1
23957606,bf996092-8d66-408a-8d8e-5065ca3330c2,23142979-9fb6-4fd3-bd82-62d7e0add75f,af928233-7ede-425b-90fd-cdf67f660b32,S8W2PRCHQXETHD6D,Kindly update as comments marked in the dwg.,2025-05-09 05:36:09.155,2025-05-09 05:36:09.156,1
23957607,bf996092-8d66-408a-8d8e-5065ca3330c2,23142979-9fb6-4fd3-bd82-62d7e0add75f,af928233-7ede-425b-90fd-cdf67f660b32,S8W2PRCHQXETHD6D,Kindly update as comments marked in the dwg.,2025-05-09 05:36:09.158,2025-05-09 05:36:09.161,1
23957608,bf996092-8d66-408a-8d8e-5065ca3330c2,23142979-9fb6-4fd3-bd82-62d7e0add75f,af928233-7ede-425b-90fd-cdf67f660b32,S8W2PRCHQXETHD6D,Kindly update as comments marked in the dwg.,2025-05-09 05:36:09.163,2025-05-09 05:36:09.165,1
23957609,bf996092-8d66-408a-8d8e-5065ca3330c2,23142979-9fb6-4fd3-bd82-62d7e0add75f,af928233-7ede-425b-90fd-cdf67f660b32,S8W2PRCHQXETHD6D,Kindly update as comments marked in the dwg.,2025-05-09 05:36:09.167,2025-05-09 05:36:09.168,1
23957610,bf996092-8d66-408a-8d8e-5065ca3330c2,23142979-9fb6-4fd3-bd82-62d7e0add75f,af928233-7ede-425b-90fd-cdf67f660b32,S8W2PRCHQXETHD6D,Kindly update as comments marked in the dwg.,2025-05-09 05:36:09.171,2025-05-09 05:36:09.173,1
23957611,bf996092-8d66-408a-8d8e-5065ca3330c2,23142979-9fb6-4fd3-bd82-62d7e0add75f,af928233-7ede-425b-90fd-cdf67f660b32,S8W2PRCHQXETHD6D,Kindly update as comments marked in the dwg.,2025-05-09 05:36:09.174,2025-05-09 05:36:09.176,1
24007365,bf996092-8d66-408a-8d8e-5065ca3330c2,23142979-9fb6-4fd3-bd82-62d7e0add75f,9dd333cd-1aa1-4785-b06d-2a1258df9344,YWD2T2ZPP7AF8MNK,"",2025-05-12 09:53:53.84,2025-05-12 09:53:55.998,1
24011507,bf996092-8d66-408a-8d8e-5065ca3330c2,23142979-9fb6-4fd3-bd82-62d7e0add75f,0c588d10-adc2-41cf-be25-af27ba19dd37,JESJ7TGSQHWR942J,"",2025-05-12 12:15:48.942,2025-05-12 12:15:51.108,1
24012232,bf996092-8d66-408a-8d8e-5065ca3330c2,23142979-9fb6-4fd3-bd82-62d7e0add75f,cfa9267d-f74b-402e-a287-06df7c074d47,YWD2T2ZPP7AF8MNK,"",2025-05-12 12:39:04.171,2025-05-12 12:39:06.253,1
24031751,bf996092-8d66-408a-8d8e-5065ca3330c2,23142979-9fb6-4fd3-bd82-62d7e0add75f,0c588d10-adc2-41cf-be25-af27ba19dd37,QNTJJ3CVR726KX4Z,ok,2025-05-13 04:03:46.111,2025-05-13 04:03:46.166,1
24033834,bf996092-8d66-408a-8d8e-5065ca3330c2,23142979-9fb6-4fd3-bd82-62d7e0add75f,af928233-7ede-425b-90fd-cdf67f660b32,JESJ7TGSQHWR942J,"",2025-05-13 05:45:49.917,2025-05-13 05:45:51.644,2
24036249,bf996092-8d66-408a-8d8e-5065ca3330c2,23142979-9fb6-4fd3-bd82-62d7e0add75f,af928233-7ede-425b-90fd-cdf67f660b32,S8W2PRCHQXETHD6D,"",2025-05-13 07:08:19.328,2025-05-13 07:08:19.33,2
24036250,bf996092-8d66-408a-8d8e-5065ca3330c2,23142979-9fb6-4fd3-bd82-62d7e0add75f,af928233-7ede-425b-90fd-cdf67f660b32,S8W2PRCHQXETHD6D,"",2025-05-13 07:08:19.335,2025-05-13 07:08:19.338,2
24036251,bf996092-8d66-408a-8d8e-5065ca3330c2,23142979-9fb6-4fd3-bd82-62d7e0add75f,af928233-7ede-425b-90fd-cdf67f660b32,S8W2PRCHQXETHD6D,"",2025-05-13 07:08:19.34,2025-05-13 07:08:19.342,2
24036252,bf996092-8d66-408a-8d8e-5065ca3330c2,23142979-9fb6-4fd3-bd82-62d7e0add75f,af928233-7ede-425b-90fd-cdf67f660b32,S8W2PRCHQXETHD6D,"",2025-05-13 07:08:19.344,2025-05-13 07:08:19.345,2
24036253,bf996092-8d66-408a-8d8e-5065ca3330c2,23142979-9fb6-4fd3-bd82-62d7e0add75f,af928233-7ede-425b-90fd-cdf67f660b32,S8W2PRCHQXETHD6D,"",2025-05-13 07:08:19.347,2025-05-13 07:08:19.352,2
24036254,bf996092-8d66-408a-8d8e-5065ca3330c2,23142979-9fb6-4fd3-bd82-62d7e0add75f,af928233-7ede-425b-90fd-cdf67f660b32,S8W2PRCHQXETHD6D,"",2025-05-13 07:08:19.356,2025-05-13 07:08:19.358,2
24036255,bf996092-8d66-408a-8d8e-5065ca3330c2,23142979-9fb6-4fd3-bd82-62d7e0add75f,af928233-7ede-425b-90fd-cdf67f660b32,S8W2PRCHQXETHD6D,"",2025-05-13 07:08:19.36,2025-05-13 07:08:19.374,2
24036256,bf996092-8d66-408a-8d8e-5065ca3330c2,23142979-9fb6-4fd3-bd82-62d7e0add75f,af928233-7ede-425b-90fd-cdf67f660b32,S8W2PRCHQXETHD6D,"",2025-05-13 07:08:19.377,2025-05-13 07:08:19.379,2
24036257,bf996092-8d66-408a-8d8e-5065ca3330c2,23142979-9fb6-4fd3-bd82-62d7e0add75f,af928233-7ede-425b-90fd-cdf67f660b32,S8W2PRCHQXETHD6D,"",2025-05-13 07:08:19.381,2025-05-13 07:08:19.384,2
24083884,bf996092-8d66-408a-8d8e-5065ca3330c2,23142979-9fb6-4fd3-bd82-62d7e0add75f,a9fd5a1c-43f0-4c97-b64b-3c75b5dcc85e,A9C2KWN7PKKBKKUV,"",2025-05-14 10:05:26.106,2025-05-14 10:05:27.899,1
24084139,bf996092-8d66-408a-8d8e-5065ca3330c2,23142979-9fb6-4fd3-bd82-62d7e0add75f,a9fd5a1c-43f0-4c97-b64b-3c75b5dcc85e,HGDJ7CYFKNB85P3J,approved,2025-05-14 10:12:50.348,2025-05-14 10:12:50.396,1
24084545,bf996092-8d66-408a-8d8e-5065ca3330c2,23142979-9fb6-4fd3-bd82-62d7e0add75f,a909eaed-235c-4b51-b5ec-59699376c3ad,A9C2KWN7PKKBKKUV,"",2025-05-14 10:22:57.032,2025-05-14 10:22:58.783,1
24084618,bf996092-8d66-408a-8d8e-5065ca3330c2,23142979-9fb6-4fd3-bd82-62d7e0add75f,992c6c90-f562-46ee-906e-e5ae08b09b3c,A9C2KWN7PKKBKKUV,"",2025-05-14 10:24:52.046,2025-05-14 10:24:53.871,1
24084668,bf996092-8d66-408a-8d8e-5065ca3330c2,23142979-9fb6-4fd3-bd82-62d7e0add75f,a2507942-6f39-405c-bf77-5d3e25b0c6c5,A9C2KWN7PKKBKKUV,"",2025-05-14 10:26:07.802,2025-05-14 10:26:09.632,1
24084707,bf996092-8d66-408a-8d8e-5065ca3330c2,23142979-9fb6-4fd3-bd82-62d7e0add75f,a2507942-6f39-405c-bf77-5d3e25b0c6c5,HGDJ7CYFKNB85P3J,"",2025-05-14 10:27:41.844,2025-05-14 10:27:41.849,1
24084862,bf996092-8d66-408a-8d8e-5065ca3330c2,23142979-9fb6-4fd3-bd82-62d7e0add75f,a2507942-6f39-405c-bf77-5d3e25b0c6c5,A9C2KWN7PKKBKKUV,Kindly Reject.,2025-05-14 10:31:55.371,2025-05-14 10:31:56.895,2
24084929,bf996092-8d66-408a-8d8e-5065ca3330c2,23142979-9fb6-4fd3-bd82-62d7e0add75f,a2507942-6f39-405c-bf77-5d3e25b0c6c5,HGDJ7CYFKNB85P3J,"",2025-05-14 10:33:52.955,2025-05-14 10:33:53.018,2
24085497,bf996092-8d66-408a-8d8e-5065ca3330c2,23142979-9fb6-4fd3-bd82-62d7e0add75f,84642ff5-cb13-4bb3-8570-a7065ebd58bf,A9C2KWN7PKKBKKUV,"",2025-05-14 10:51:00.073,2025-05-14 10:51:01.776,1
24085554,bf996092-8d66-408a-8d8e-5065ca3330c2,23142979-9fb6-4fd3-bd82-62d7e0add75f,439d777c-3fda-4b1b-9c6a-edc5d53cc21b,A9C2KWN7PKKBKKUV,"",2025-05-14 10:52:27.659,2025-05-14 10:52:29.37,1
24085615,bf996092-8d66-408a-8d8e-5065ca3330c2,23142979-9fb6-4fd3-bd82-62d7e0add75f,59d7a699-9f3c-4238-96be-4065509ef96e,A9C2KWN7PKKBKKUV,"",2025-05-14 10:54:33.873,2025-05-14 10:54:35.672,1
24085665,bf996092-8d66-408a-8d8e-5065ca3330c2,23142979-9fb6-4fd3-bd82-62d7e0add75f,f2e39d1f-9085-44d4-83b2-45d3fd715279,A9C2KWN7PKKBKKUV,"",2025-05-14 10:56:15.305,2025-05-14 10:56:18.251,1
24085695,bf996092-8d66-408a-8d8e-5065ca3330c2,23142979-9fb6-4fd3-bd82-62d7e0add75f,6e7ef14c-bcda-423a-b7a5-ee25fbbb0736,A9C2KWN7PKKBKKUV,"",2025-05-14 10:57:27.276,2025-05-14 10:57:29.205,1
24085777,bf996092-8d66-408a-8d8e-5065ca3330c2,23142979-9fb6-4fd3-bd82-62d7e0add75f,3e665f00-f530-4abd-8527-ee8ce3da3d0f,A9C2KWN7PKKBKKUV,"",2025-05-14 10:58:31.986,2025-05-14 10:58:34.593,1
24085882,bf996092-8d66-408a-8d8e-5065ca3330c2,23142979-9fb6-4fd3-bd82-62d7e0add75f,293bb7fc-eae2-4f77-a7bd-2dabbe13cc53,A9C2KWN7PKKBKKUV,"",2025-05-14 11:00:30.685,2025-05-14 11:00:33.089,1
24085914,bf996092-8d66-408a-8d8e-5065ca3330c2,23142979-9fb6-4fd3-bd82-62d7e0add75f,f37b0578-fd69-4959-87a3-002ad335ad84,A9C2KWN7PKKBKKUV,"",2025-05-14 11:01:39.887,2025-05-14 11:01:41.704,1
24085944,bf996092-8d66-408a-8d8e-5065ca3330c2,23142979-9fb6-4fd3-bd82-62d7e0add75f,dd9c17bb-69de-4273-bc01-f29422b555fe,A9C2KWN7PKKBKKUV,"",2025-05-14 11:02:40.534,2025-05-14 11:02:42.479,1
24085974,bf996092-8d66-408a-8d8e-5065ca3330c2,23142979-9fb6-4fd3-bd82-62d7e0add75f,6d04c3fb-204d-448d-80fa-6eaedde1b648,A9C2KWN7PKKBKKUV,"",2025-05-14 11:03:45.361,2025-05-14 11:03:47.119,1
24085994,bf996092-8d66-408a-8d8e-5065ca3330c2,23142979-9fb6-4fd3-bd82-62d7e0add75f,1bbe3b96-8ff2-4c52-a3f3-36b504d31019,A9C2KWN7PKKBKKUV,"",2025-05-14 11:04:34.501,2025-05-14 11:04:36.811,1
24086013,bf996092-8d66-408a-8d8e-5065ca3330c2,23142979-9fb6-4fd3-bd82-62d7e0add75f,8172f18d-fd60-4843-9bcf-340ad121cc3c,A9C2KWN7PKKBKKUV,"",2025-05-14 11:05:33.751,2025-05-14 11:05:35.561,1
24086037,bf996092-8d66-408a-8d8e-5065ca3330c2,23142979-9fb6-4fd3-bd82-62d7e0add75f,6d6b1d5f-0cf9-4c54-b5f3-c09640492a8b,A9C2KWN7PKKBKKUV,"",2025-05-14 11:06:28.567,2025-05-14 11:06:30.351,1
24086045,bf996092-8d66-408a-8d8e-5065ca3330c2,2f551e7d-05e6-4bfc-8ee1-0ef3a8487c11,3dd66b65-4dda-4967-9a42-3f5b5a335f39,CFCJQ2QBQP3V,"",2025-05-14 11:06:37.77,2025-05-14 11:06:40.86,1
24086069,bf996092-8d66-408a-8d8e-5065ca3330c2,23142979-9fb6-4fd3-bd82-62d7e0add75f,01ee224d-1e17-4b28-bdf1-2f9edd1b4f8b,A9C2KWN7PKKBKKUV,"",2025-05-14 11:07:20.346,2025-05-14 11:07:22.076,1
24086091,bf996092-8d66-408a-8d8e-5065ca3330c2,23142979-9fb6-4fd3-bd82-62d7e0add75f,9d7f0931-253b-4aea-9e5a-377b779d773e,A9C2KWN7PKKBKKUV,"",2025-05-14 11:08:12.297,2025-05-14 11:08:14.385,1
24086122,bf996092-8d66-408a-8d8e-5065ca3330c2,23142979-9fb6-4fd3-bd82-62d7e0add75f,993ba4dd-1d1e-4d41-b3bc-13d9769364fa,A9C2KWN7PKKBKKUV,"",2025-05-14 11:08:56.777,2025-05-14 11:08:58.752,1
24086150,bf996092-8d66-408a-8d8e-5065ca3330c2,23142979-9fb6-4fd3-bd82-62d7e0add75f,e27dc7f9-31a6-40fe-86d3-c10162cc64a3,A9C2KWN7PKKBKKUV,"",2025-05-14 11:09:42.706,2025-05-14 11:09:44.46,1
24086228,bf996092-8d66-408a-8d8e-5065ca3330c2,2f551e7d-05e6-4bfc-8ee1-0ef3a8487c11,3dd66b65-4dda-4967-9a42-3f5b5a335f39,JBEJ9XLSJZLBNZ2V,"",2025-05-14 11:11:23.685,2025-05-14 11:11:23.747,1
24086415,bf996092-8d66-408a-8d8e-5065ca3330c2,23142979-9fb6-4fd3-bd82-62d7e0add75f,45fa4308-4424-4db7-b4e0-4029b8304dbe,A9C2KWN7PKKBKKUV,"",2025-05-14 11:17:47.291,2025-05-14 11:17:48.988,1
24086442,bf996092-8d66-408a-8d8e-5065ca3330c2,23142979-9fb6-4fd3-bd82-62d7e0add75f,1d1060d3-c067-4a9a-995b-7ebb23c217ee,A9C2KWN7PKKBKKUV,"",2025-05-14 11:18:51.688,2025-05-14 11:18:53.443,1
24086480,bf996092-8d66-408a-8d8e-5065ca3330c2,23142979-9fb6-4fd3-bd82-62d7e0add75f,b3884630-844a-40cf-8df4-6abcea1535ac,A9C2KWN7PKKBKKUV,"",2025-05-14 11:20:24.616,2025-05-14 11:20:26.426,1
24086611,bf996092-8d66-408a-8d8e-5065ca3330c2,2f551e7d-05e6-4bfc-8ee1-0ef3a8487c11,c529309d-6370-4615-b332-d363eb8e7df5,A9C2KWN7PKKBKKUV,"",2025-05-14 11:22:52.168,2025-05-14 11:22:54.096,1
24086740,bf996092-8d66-408a-8d8e-5065ca3330c2,23142979-9fb6-4fd3-bd82-62d7e0add75f,a909eaed-235c-4b51-b5ec-59699376c3ad,HGDJ7CYFKNB85P3J,Approved,2025-05-14 11:26:42.455,2025-05-14 11:26:42.519,1
24086808,bf996092-8d66-408a-8d8e-5065ca3330c2,23142979-9fb6-4fd3-bd82-62d7e0add75f,992c6c90-f562-46ee-906e-e5ae08b09b3c,HGDJ7CYFKNB85P3J,Approved,2025-05-14 11:28:50.375,2025-05-14 11:28:50.416,1
24086873,bf996092-8d66-408a-8d8e-5065ca3330c2,23142979-9fb6-4fd3-bd82-62d7e0add75f,84642ff5-cb13-4bb3-8570-a7065ebd58bf,HGDJ7CYFKNB85P3J,"",2025-05-14 11:30:47.848,2025-05-14 11:30:47.899,1
24086885,bf996092-8d66-408a-8d8e-5065ca3330c2,23142979-9fb6-4fd3-bd82-62d7e0add75f,5da3b0bc-9dfa-48d2-8887-9b98cdf86e02,A9C2KWN7PKKBKKUV,"",2025-05-14 11:31:21.142,2025-05-14 11:31:23.033,1
24086921,bf996092-8d66-408a-8d8e-5065ca3330c2,23142979-9fb6-4fd3-bd82-62d7e0add75f,439d777c-3fda-4b1b-9c6a-edc5d53cc21b,HGDJ7CYFKNB85P3J,"",2025-05-14 11:32:32.638,2025-05-14 11:32:32.742,1
24086966,bf996092-8d66-408a-8d8e-5065ca3330c2,23142979-9fb6-4fd3-bd82-62d7e0add75f,59d7a699-9f3c-4238-96be-4065509ef96e,HGDJ7CYFKNB85P3J,"",2025-05-14 11:34:08.998,2025-05-14 11:34:09.041,1
24087003,bf996092-8d66-408a-8d8e-5065ca3330c2,23142979-9fb6-4fd3-bd82-62d7e0add75f,f2e39d1f-9085-44d4-83b2-45d3fd715279,HGDJ7CYFKNB85P3J,"",2025-05-14 11:35:14.381,2025-05-14 11:35:14.429,1
24087047,bf996092-8d66-408a-8d8e-5065ca3330c2,23142979-9fb6-4fd3-bd82-62d7e0add75f,6e7ef14c-bcda-423a-b7a5-ee25fbbb0736,HGDJ7CYFKNB85P3J,"",2025-05-14 11:36:30.867,2025-05-14 11:36:30.904,1
24087122,bf996092-8d66-408a-8d8e-5065ca3330c2,23142979-9fb6-4fd3-bd82-62d7e0add75f,3e665f00-f530-4abd-8527-ee8ce3da3d0f,HGDJ7CYFKNB85P3J,"",2025-05-14 11:37:57.272,2025-05-14 11:37:57.319,1
24087176,bf996092-8d66-408a-8d8e-5065ca3330c2,23142979-9fb6-4fd3-bd82-62d7e0add75f,293bb7fc-eae2-4f77-a7bd-2dabbe13cc53,HGDJ7CYFKNB85P3J,"",2025-05-14 11:39:25.528,2025-05-14 11:39:25.565,1
24087216,bf996092-8d66-408a-8d8e-5065ca3330c2,23142979-9fb6-4fd3-bd82-62d7e0add75f,f37b0578-fd69-4959-87a3-002ad335ad84,HGDJ7CYFKNB85P3J,"",2025-05-14 11:40:54.073,2025-05-14 11:40:54.113,1
24087258,bf996092-8d66-408a-8d8e-5065ca3330c2,23142979-9fb6-4fd3-bd82-62d7e0add75f,dd9c17bb-69de-4273-bc01-f29422b555fe,HGDJ7CYFKNB85P3J,"",2025-05-14 11:42:24.429,2025-05-14 11:42:24.704,1
24087320,bf996092-8d66-408a-8d8e-5065ca3330c2,23142979-9fb6-4fd3-bd82-62d7e0add75f,6d04c3fb-204d-448d-80fa-6eaedde1b648,HGDJ7CYFKNB85P3J,"",2025-05-14 11:43:22.113,2025-05-14 11:43:22.171,1
24087378,bf996092-8d66-408a-8d8e-5065ca3330c2,23142979-9fb6-4fd3-bd82-62d7e0add75f,1bbe3b96-8ff2-4c52-a3f3-36b504d31019,HGDJ7CYFKNB85P3J,"",2025-05-14 11:44:38.517,2025-05-14 11:44:38.567,1
24087397,bf996092-8d66-408a-8d8e-5065ca3330c2,23142979-9fb6-4fd3-bd82-62d7e0add75f,6d6b1d5f-0cf9-4c54-b5f3-c09640492a8b,HGDJ7CYFKNB85P3J,"",2025-05-14 11:45:42.832,2025-05-14 11:45:42.881,1
24087459,bf996092-8d66-408a-8d8e-5065ca3330c2,23142979-9fb6-4fd3-bd82-62d7e0add75f,8172f18d-fd60-4843-9bcf-340ad121cc3c,HGDJ7CYFKNB85P3J,"",2025-05-14 11:46:53.476,2025-05-14 11:46:53.508,1
24087528,bf996092-8d66-408a-8d8e-5065ca3330c2,23142979-9fb6-4fd3-bd82-62d7e0add75f,01ee224d-1e17-4b28-bdf1-2f9edd1b4f8b,HGDJ7CYFKNB85P3J,"",2025-05-14 11:47:58.382,2025-05-14 11:47:58.424,1
24087618,bf996092-8d66-408a-8d8e-5065ca3330c2,23142979-9fb6-4fd3-bd82-62d7e0add75f,9d7f0931-253b-4aea-9e5a-377b779d773e,HGDJ7CYFKNB85P3J,"",2025-05-14 11:49:10.48,2025-05-14 11:49:10.52,1
24087665,bf996092-8d66-408a-8d8e-5065ca3330c2,23142979-9fb6-4fd3-bd82-62d7e0add75f,993ba4dd-1d1e-4d41-b3bc-13d9769364fa,HGDJ7CYFKNB85P3J,"",2025-05-14 11:50:13.375,2025-05-14 11:50:13.416,1
24087732,bf996092-8d66-408a-8d8e-5065ca3330c2,23142979-9fb6-4fd3-bd82-62d7e0add75f,e27dc7f9-31a6-40fe-86d3-c10162cc64a3,HGDJ7CYFKNB85P3J,"",2025-05-14 11:51:12.81,2025-05-14 11:51:12.875,1
24087757,bf996092-8d66-408a-8d8e-5065ca3330c2,23142979-9fb6-4fd3-bd82-62d7e0add75f,45fa4308-4424-4db7-b4e0-4029b8304dbe,HGDJ7CYFKNB85P3J,"",2025-05-14 11:52:10.87,2025-05-14 11:52:10.922,1
24087794,bf996092-8d66-408a-8d8e-5065ca3330c2,23142979-9fb6-4fd3-bd82-62d7e0add75f,1d1060d3-c067-4a9a-995b-7ebb23c217ee,HGDJ7CYFKNB85P3J,"",2025-05-14 11:53:12.404,2025-05-14 11:53:12.455,1
24087832,bf996092-8d66-408a-8d8e-5065ca3330c2,23142979-9fb6-4fd3-bd82-62d7e0add75f,b3884630-844a-40cf-8df4-6abcea1535ac,HGDJ7CYFKNB85P3J,"",2025-05-14 11:54:22.726,2025-05-14 11:54:22.765,1
24087878,bf996092-8d66-408a-8d8e-5065ca3330c2,2f551e7d-05e6-4bfc-8ee1-0ef3a8487c11,c529309d-6370-4615-b332-d363eb8e7df5,HGDJ7CYFKNB85P3J,"",2025-05-14 11:55:36.008,2025-05-14 11:55:36.047,1
24087936,bf996092-8d66-408a-8d8e-5065ca3330c2,23142979-9fb6-4fd3-bd82-62d7e0add75f,5da3b0bc-9dfa-48d2-8887-9b98cdf86e02,HGDJ7CYFKNB85P3J,"",2025-05-14 11:57:31.862,2025-05-14 11:57:31.908,1
24117478,bf996092-8d66-408a-8d8e-5065ca3330c2,23142979-9fb6-4fd3-bd82-62d7e0add75f,0c588d10-adc2-41cf-be25-af27ba19dd37,Y892LF63N69HWYZS,OK,2025-05-15 08:57:02.583,2025-05-15 08:57:02.617,1
24127594,bf996092-8d66-408a-8d8e-5065ca3330c2,23142979-9fb6-4fd3-bd82-62d7e0add75f,baff1069-e6ec-4c93-8005-e0de1c8385d8,JESJ7TGSQHWR942J,"",2025-05-15 13:35:29.761,2025-05-15 13:35:36.038,1
24151082,bf996092-8d66-408a-8d8e-5065ca3330c2,ada6015d-9fce-4f2c-b20f-fc9122d2face,08187fbc-793e-429c-91ad-387d5c5e9503,V9Q2X946QA52XTJG,"",2025-05-16 08:44:27.775,2025-05-16 08:44:29.916,1
24152058,bf996092-8d66-408a-8d8e-5065ca3330c2,ada6015d-9fce-4f2c-b20f-fc9122d2face,08187fbc-793e-429c-91ad-387d5c5e9503,CMJ2N3U8MSMRM8ZA,"",2025-05-16 09:18:35.538,2025-05-16 09:18:35.607,1
24153775,bf996092-8d66-408a-8d8e-5065ca3330c2,23142979-9fb6-4fd3-bd82-62d7e0add75f,baff1069-e6ec-4c93-8005-e0de1c8385d8,Y892LF63N69HWYZS,ok,2025-05-16 10:10:13.948,2025-05-16 10:10:13.999,1
24155678,bf996092-8d66-408a-8d8e-5065ca3330c2,ada6015d-9fce-4f2c-b20f-fc9122d2face,196eb849-7b3a-4f16-910f-035acae5ac97,V9Q2X946QA52XTJG,"",2025-05-16 11:12:42.622,2025-05-16 11:12:44.552,1
24155680,bf996092-8d66-408a-8d8e-5065ca3330c2,ada6015d-9fce-4f2c-b20f-fc9122d2face,b7e498b8-e2ac-41c0-91d9-6032c8ebbfed,7U4JFSY4QDWLDBBX,please review and comments,2025-05-16 11:12:51.203,2025-05-16 11:12:54.283,1
24155840,bf996092-8d66-408a-8d8e-5065ca3330c2,ada6015d-9fce-4f2c-b20f-fc9122d2face,196eb849-7b3a-4f16-910f-035acae5ac97,V9Q2X946QA52XTJG,"",2025-05-16 11:17:06.296,2025-05-16 11:17:06.299,1
24155841,bf996092-8d66-408a-8d8e-5065ca3330c2,ada6015d-9fce-4f2c-b20f-fc9122d2face,196eb849-7b3a-4f16-910f-035acae5ac97,V9Q2X946QA52XTJG,"",2025-05-16 11:17:06.301,2025-05-16 11:17:06.302,1
24155842,bf996092-8d66-408a-8d8e-5065ca3330c2,ada6015d-9fce-4f2c-b20f-fc9122d2face,196eb849-7b3a-4f16-910f-035acae5ac97,V9Q2X946QA52XTJG,"",2025-05-16 11:17:06.386,2025-05-16 11:17:06.679,1
24155843,bf996092-8d66-408a-8d8e-5065ca3330c2,ada6015d-9fce-4f2c-b20f-fc9122d2face,196eb849-7b3a-4f16-910f-035acae5ac97,V9Q2X946QA52XTJG,"",2025-05-16 11:17:06.692,2025-05-16 11:17:06.698,1
24155844,bf996092-8d66-408a-8d8e-5065ca3330c2,ada6015d-9fce-4f2c-b20f-fc9122d2face,196eb849-7b3a-4f16-910f-035acae5ac97,V9Q2X946QA52XTJG,"",2025-05-16 11:17:06.748,2025-05-16 11:17:06.759,1
24155845,bf996092-8d66-408a-8d8e-5065ca3330c2,ada6015d-9fce-4f2c-b20f-fc9122d2face,196eb849-7b3a-4f16-910f-035acae5ac97,V9Q2X946QA52XTJG,"",2025-05-16 11:17:06.769,2025-05-16 11:17:06.772,1
24155846,bf996092-8d66-408a-8d8e-5065ca3330c2,ada6015d-9fce-4f2c-b20f-fc9122d2face,196eb849-7b3a-4f16-910f-035acae5ac97,V9Q2X946QA52XTJG,"",2025-05-16 11:17:06.786,2025-05-16 11:17:06.794,1
24155847,bf996092-8d66-408a-8d8e-5065ca3330c2,ada6015d-9fce-4f2c-b20f-fc9122d2face,196eb849-7b3a-4f16-910f-035acae5ac97,V9Q2X946QA52XTJG,"",2025-05-16 11:17:06.841,2025-05-16 11:17:06.849,1
24155848,bf996092-8d66-408a-8d8e-5065ca3330c2,ada6015d-9fce-4f2c-b20f-fc9122d2face,196eb849-7b3a-4f16-910f-035acae5ac97,V9Q2X946QA52XTJG,"",2025-05-16 11:17:06.855,2025-05-16 11:17:06.858,1
24155849,bf996092-8d66-408a-8d8e-5065ca3330c2,ada6015d-9fce-4f2c-b20f-fc9122d2face,196eb849-7b3a-4f16-910f-035acae5ac97,V9Q2X946QA52XTJG,"",2025-05-16 11:17:06.86,2025-05-16 11:17:06.863,1
24155924,bf996092-8d66-408a-8d8e-5065ca3330c2,ada6015d-9fce-4f2c-b20f-fc9122d2face,196eb849-7b3a-4f16-910f-035acae5ac97,V9Q2X946QA52XTJG,"",2025-05-16 11:20:03.715,2025-05-16 11:20:05.491,2
24156076,bf996092-8d66-408a-8d8e-5065ca3330c2,ada6015d-9fce-4f2c-b20f-fc9122d2face,196eb849-7b3a-4f16-910f-035acae5ac97,H4J29KZBMAKAE737,CHECKED,2025-05-16 11:26:32.249,2025-05-16 11:26:32.285,2
24156087,bf996092-8d66-408a-8d8e-5065ca3330c2,ada6015d-9fce-4f2c-b20f-fc9122d2face,f4c28d39-e8eb-4361-a9ff-17615077892d,H4J29KZBMAKAE737,CHECKED,2025-05-16 11:26:58.395,2025-05-16 11:26:58.479,5
24156397,bf996092-8d66-408a-8d8e-5065ca3330c2,23142979-9fb6-4fd3-bd82-62d7e0add75f,baff1069-e6ec-4c93-8005-e0de1c8385d8,XN3JZXALK55CEVKP,ok,2025-05-16 11:37:36.867,2025-05-16 11:37:36.908,1
24209450,bf996092-8d66-408a-8d8e-5065ca3330c2,23142979-9fb6-4fd3-bd82-62d7e0add75f,baff1069-e6ec-4c93-8005-e0de1c8385d8,QNTJJ3CVR726KX4Z,ok,2025-05-19 12:05:28.946,2025-05-19 12:05:28.998,1
24342132,bf996092-8d66-408a-8d8e-5065ca3330c2,77d5fb8c-5d83-4fa8-8c81-169306f7a8f7,15821e5e-938e-4c81-8d3e-0b6312065fd9,Y892LF63N69HWYZS,OK,2025-05-23 07:13:31.007,2025-05-23 07:13:31.043,1
24396300,bf996092-8d66-408a-8d8e-5065ca3330c2,23142979-9fb6-4fd3-bd82-62d7e0add75f,31a61afd-1cce-49e0-b1a3-76ac121efafa,YWD2T2ZPP7AF8MNK,"",2025-05-26 11:26:34.793,2025-05-26 11:26:36.902,1
24396542,bf996092-8d66-408a-8d8e-5065ca3330c2,23142979-9fb6-4fd3-bd82-62d7e0add75f,243d3c9c-ac6b-4daf-979f-965c60e1b06c,YWD2T2ZPP7AF8MNK,"",2025-05-26 11:34:42.534,2025-05-26 11:34:44.559,1
24420158,bf996092-8d66-408a-8d8e-5065ca3330c2,ada6015d-9fce-4f2c-b20f-fc9122d2face,196eb849-7b3a-4f16-910f-035acae5ac97,V9Q2X946QA52XTJG,Due to absente of this role Admin is completing this step,2025-05-27 07:10:38.72,2025-05-27 07:10:38.767,2
24454371,bf996092-8d66-408a-8d8e-5065ca3330c2,ada6015d-9fce-4f2c-b20f-fc9122d2face,a92c2634-59c3-47a0-bac0-a7ca50c54cb2,CMJ2N3U8MSMRM8ZA,"",2025-05-28 05:42:41.345,2025-05-28 05:42:43.479,1
24454396,bf996092-8d66-408a-8d8e-5065ca3330c2,ada6015d-9fce-4f2c-b20f-fc9122d2face,a92c2634-59c3-47a0-bac0-a7ca50c54cb2,CMJ2N3U8MSMRM8ZA,ok,2025-05-28 05:43:47.753,2025-05-28 05:43:47.797,1
24467723,bf996092-8d66-408a-8d8e-5065ca3330c2,23142979-9fb6-4fd3-bd82-62d7e0add75f,a13fe696-63e8-48a2-907e-be01401e85f1,QNTJJ3CVR726KX4Z,"",2025-05-28 11:56:58.997,2025-05-28 11:56:59.039,1
24467846,bf996092-8d66-408a-8d8e-5065ca3330c2,77d5fb8c-5d83-4fa8-8c81-169306f7a8f7,15821e5e-938e-4c81-8d3e-0b6312065fd9,QNTJJ3CVR726KX4Z,ok,2025-05-28 11:59:20.298,2025-05-28 11:59:20.341,1
24467881,bf996092-8d66-408a-8d8e-5065ca3330c2,2f551e7d-05e6-4bfc-8ee1-0ef3a8487c11,aa3d7a6f-7ad4-49fa-b3b3-5a05f2c30167,QNTJJ3CVR726KX4Z,"",2025-05-28 12:00:10.865,2025-05-28 12:00:10.965,1
24469284,bf996092-8d66-408a-8d8e-5065ca3330c2,77d5fb8c-5d83-4fa8-8c81-169306f7a8f7,1d8832fd-439c-40cb-a455-9090f2dbf528,YWD2T2ZPP7AF8MNK,"",2025-05-28 12:33:25.63,2025-05-28 12:33:28.046,1
24497327,bf996092-8d66-408a-8d8e-5065ca3330c2,23142979-9fb6-4fd3-bd82-62d7e0add75f,649c6ec9-37b4-4036-b576-db233395b579,S8W2PRCHQXETHD6D,ok,2025-05-29 08:48:37.722,2025-05-29 08:48:37.774,1
24575996,bf996092-8d66-408a-8d8e-5065ca3330c2,77d5fb8c-5d83-4fa8-8c81-169306f7a8f7,cc58128c-5875-48e0-851f-2f7f0dcbb31b,CJ5ZQTRST43G,"",2025-06-02 05:21:57.938,2025-06-02 05:22:00.732,1
24690193,bf996092-8d66-408a-8d8e-5065ca3330c2,ada6015d-9fce-4f2c-b20f-fc9122d2face,bbcac5d6-96b3-481a-8b4e-d0cd453ba5a9,QNTJJ3CVR726KX4Z,ok,2025-06-05 09:21:14.943,2025-06-05 09:21:14.987,1
24690204,bf996092-8d66-408a-8d8e-5065ca3330c2,ada6015d-9fce-4f2c-b20f-fc9122d2face,a92c2634-59c3-47a0-bac0-a7ca50c54cb2,QNTJJ3CVR726KX4Z,ok,2025-06-05 09:21:36.256,2025-06-05 09:21:36.296,1
24690208,bf996092-8d66-408a-8d8e-5065ca3330c2,ada6015d-9fce-4f2c-b20f-fc9122d2face,196eb849-7b3a-4f16-910f-035acae5ac97,QNTJJ3CVR726KX4Z,ok,2025-06-05 09:21:49.826,2025-06-05 09:21:49.87,2
24713704,bf996092-8d66-408a-8d8e-5065ca3330c2,23142979-9fb6-4fd3-bd82-62d7e0add75f,649c6ec9-37b4-4036-b576-db233395b579,QNTJJ3CVR726KX4Z,"",2025-06-06 04:37:57.45,2025-06-06 04:37:57.549,1
24714085,bf996092-8d66-408a-8d8e-5065ca3330c2,77d5fb8c-5d83-4fa8-8c81-169306f7a8f7,15821e5e-938e-4c81-8d3e-0b6312065fd9,S8W2PRCHQXETHD6D,"",2025-06-06 05:14:46.914,2025-06-06 05:14:46.974,1
24714119,bf996092-8d66-408a-8d8e-5065ca3330c2,77d5fb8c-5d83-4fa8-8c81-169306f7a8f7,15821e5e-938e-4c81-8d3e-0b6312065fd9,QNTJJ3CVR726KX4Z,"",2025-06-06 05:17:36.012,2025-06-06 05:17:36.063,1
24742078,bf996092-8d66-408a-8d8e-5065ca3330c2,2f551e7d-05e6-4bfc-8ee1-0ef3a8487c11,b3952c54-70ae-4b3a-96aa-b94ee95648ff,CB529JQ2QBCAWGUE,"Typical section for JB & Light fixture MS conduit to be changed in PVC, during final Print/ stamp.",2025-06-07 12:10:06.154,2025-06-07 12:10:06.214,1
24742079,bf996092-8d66-408a-8d8e-5065ca3330c2,2f551e7d-05e6-4bfc-8ee1-0ef3a8487c11,b3952c54-70ae-4b3a-96aa-b94ee95648ff,UXJ2RRPEKM8KRTMT,ok,2025-06-07 12:10:46.13,2025-06-07 12:10:46.181,1
24742511,bf996092-8d66-408a-8d8e-5065ca3330c2,2f551e7d-05e6-4bfc-8ee1-0ef3a8487c11,0d3e66c6-7344-4424-acd5-f6bfc6ccf836,CJ5ZQTRST43G,"",2025-06-07 13:40:12.841,2025-06-07 13:40:14.82,1
24856210,bf996092-8d66-408a-8d8e-5065ca3330c2,2f551e7d-05e6-4bfc-8ee1-0ef3a8487c11,b3952c54-70ae-4b3a-96aa-b94ee95648ff,QNTJJ3CVR726KX4Z,"",2025-06-12 06:46:03.487,2025-06-12 06:46:03.543,1
24860786,bf996092-8d66-408a-8d8e-5065ca3330c2,77d5fb8c-5d83-4fa8-8c81-169306f7a8f7,88451065-faa1-4e32-a291-8f460c897a89,YWD2T2ZPP7AF8MNK,"",2025-06-12 09:11:15.941,2025-06-12 09:11:18.125,1
24861457,bf996092-8d66-408a-8d8e-5065ca3330c2,77d5fb8c-5d83-4fa8-8c81-169306f7a8f7,88451065-faa1-4e32-a291-8f460c897a89,YWD2T2ZPP7AF8MNK,,2025-06-12 09:28:58.701,2025-06-12 09:28:58.703,1
24861458,bf996092-8d66-408a-8d8e-5065ca3330c2,77d5fb8c-5d83-4fa8-8c81-169306f7a8f7,88451065-faa1-4e32-a291-8f460c897a89,YWD2T2ZPP7AF8MNK,,2025-06-12 09:28:58.709,2025-06-12 09:28:58.711,1
24861459,bf996092-8d66-408a-8d8e-5065ca3330c2,77d5fb8c-5d83-4fa8-8c81-169306f7a8f7,88451065-faa1-4e32-a291-8f460c897a89,YWD2T2ZPP7AF8MNK,,2025-06-12 09:28:58.716,2025-06-12 09:28:58.717,1
24861460,bf996092-8d66-408a-8d8e-5065ca3330c2,77d5fb8c-5d83-4fa8-8c81-169306f7a8f7,88451065-faa1-4e32-a291-8f460c897a89,YWD2T2ZPP7AF8MNK,,2025-06-12 09:28:58.722,2025-06-12 09:28:58.724,1
24861461,bf996092-8d66-408a-8d8e-5065ca3330c2,77d5fb8c-5d83-4fa8-8c81-169306f7a8f7,88451065-faa1-4e32-a291-8f460c897a89,YWD2T2ZPP7AF8MNK,,2025-06-12 09:28:58.736,2025-06-12 09:28:58.738,1
24861462,bf996092-8d66-408a-8d8e-5065ca3330c2,77d5fb8c-5d83-4fa8-8c81-169306f7a8f7,88451065-faa1-4e32-a291-8f460c897a89,YWD2T2ZPP7AF8MNK,,2025-06-12 09:28:58.742,2025-06-12 09:28:58.744,1
24861463,bf996092-8d66-408a-8d8e-5065ca3330c2,77d5fb8c-5d83-4fa8-8c81-169306f7a8f7,88451065-faa1-4e32-a291-8f460c897a89,YWD2T2ZPP7AF8MNK,,2025-06-12 09:28:58.748,2025-06-12 09:28:58.749,1
24861464,bf996092-8d66-408a-8d8e-5065ca3330c2,77d5fb8c-5d83-4fa8-8c81-169306f7a8f7,88451065-faa1-4e32-a291-8f460c897a89,YWD2T2ZPP7AF8MNK,,2025-06-12 09:28:58.754,2025-06-12 09:28:58.755,1
24861465,bf996092-8d66-408a-8d8e-5065ca3330c2,77d5fb8c-5d83-4fa8-8c81-169306f7a8f7,88451065-faa1-4e32-a291-8f460c897a89,YWD2T2ZPP7AF8MNK,,2025-06-12 09:28:58.759,2025-06-12 09:28:58.761,1
24861466,bf996092-8d66-408a-8d8e-5065ca3330c2,77d5fb8c-5d83-4fa8-8c81-169306f7a8f7,88451065-faa1-4e32-a291-8f460c897a89,YWD2T2ZPP7AF8MNK,,2025-06-12 09:28:58.766,2025-06-12 09:28:58.768,1
24861467,bf996092-8d66-408a-8d8e-5065ca3330c2,77d5fb8c-5d83-4fa8-8c81-169306f7a8f7,88451065-faa1-4e32-a291-8f460c897a89,YWD2T2ZPP7AF8MNK,,2025-06-12 09:28:58.771,2025-06-12 09:28:58.773,1
24861468,bf996092-8d66-408a-8d8e-5065ca3330c2,77d5fb8c-5d83-4fa8-8c81-169306f7a8f7,88451065-faa1-4e32-a291-8f460c897a89,YWD2T2ZPP7AF8MNK,,2025-06-12 09:28:58.777,2025-06-12 09:28:58.779,1
24861469,bf996092-8d66-408a-8d8e-5065ca3330c2,77d5fb8c-5d83-4fa8-8c81-169306f7a8f7,88451065-faa1-4e32-a291-8f460c897a89,YWD2T2ZPP7AF8MNK,,2025-06-12 09:28:58.783,2025-06-12 09:28:58.785,1
24861470,bf996092-8d66-408a-8d8e-5065ca3330c2,77d5fb8c-5d83-4fa8-8c81-169306f7a8f7,88451065-faa1-4e32-a291-8f460c897a89,YWD2T2ZPP7AF8MNK,,2025-06-12 09:28:58.789,2025-06-12 09:28:58.791,1
24861471,bf996092-8d66-408a-8d8e-5065ca3330c2,77d5fb8c-5d83-4fa8-8c81-169306f7a8f7,88451065-faa1-4e32-a291-8f460c897a89,YWD2T2ZPP7AF8MNK,,2025-06-12 09:28:58.795,2025-06-12 09:28:58.796,1
24861472,bf996092-8d66-408a-8d8e-5065ca3330c2,77d5fb8c-5d83-4fa8-8c81-169306f7a8f7,88451065-faa1-4e32-a291-8f460c897a89,YWD2T2ZPP7AF8MNK,,2025-06-12 09:28:58.801,2025-06-12 09:28:58.803,1
24861473,bf996092-8d66-408a-8d8e-5065ca3330c2,77d5fb8c-5d83-4fa8-8c81-169306f7a8f7,88451065-faa1-4e32-a291-8f460c897a89,YWD2T2ZPP7AF8MNK,,2025-06-12 09:28:58.806,2025-06-12 09:28:58.808,1
24861474,bf996092-8d66-408a-8d8e-5065ca3330c2,77d5fb8c-5d83-4fa8-8c81-169306f7a8f7,88451065-faa1-4e32-a291-8f460c897a89,YWD2T2ZPP7AF8MNK,,2025-06-12 09:28:58.812,2025-06-12 09:28:58.814,1
24861475,bf996092-8d66-408a-8d8e-5065ca3330c2,77d5fb8c-5d83-4fa8-8c81-169306f7a8f7,88451065-faa1-4e32-a291-8f460c897a89,YWD2T2ZPP7AF8MNK,,2025-06-12 09:28:58.825,2025-06-12 09:28:58.827,1
24861476,bf996092-8d66-408a-8d8e-5065ca3330c2,77d5fb8c-5d83-4fa8-8c81-169306f7a8f7,88451065-faa1-4e32-a291-8f460c897a89,YWD2T2ZPP7AF8MNK,,2025-06-12 09:28:58.831,2025-06-12 09:28:58.832,1
24983439,bf996092-8d66-408a-8d8e-5065ca3330c2,23142979-9fb6-4fd3-bd82-62d7e0add75f,d61fa237-5596-4c5c-8233-f4c8a77ef625,JESJ7TGSQHWR942J,"",2025-06-17 10:33:20.581,2025-06-17 10:33:23.573,1
25010099,bf996092-8d66-408a-8d8e-5065ca3330c2,23142979-9fb6-4fd3-bd82-62d7e0add75f,d61fa237-5596-4c5c-8233-f4c8a77ef625,Y892LF63N69HWYZS,ok,2025-06-18 04:31:29.537,2025-06-18 04:31:29.582,1
25011545,bf996092-8d66-408a-8d8e-5065ca3330c2,23142979-9fb6-4fd3-bd82-62d7e0add75f,d61fa237-5596-4c5c-8233-f4c8a77ef625,S8W2PRCHQXETHD6D,ok,2025-06-18 05:39:22.382,2025-06-18 05:39:22.429,1
25011631,bf996092-8d66-408a-8d8e-5065ca3330c2,23142979-9fb6-4fd3-bd82-62d7e0add75f,d61fa237-5596-4c5c-8233-f4c8a77ef625,XN3JZXALK55CEVKP,ok,2025-06-18 05:43:18.999,2025-06-18 05:43:19.127,1
25109242,bf996092-8d66-408a-8d8e-5065ca3330c2,f6ab14eb-1a66-4ea5-8a0f-0afbda444403,899e3ed1-0687-4ab9-83e8-d52919730de3,FM42EJFZPNC5F3HF,Foundation layout for review,2025-06-21 00:51:03.094,2025-06-21 00:51:05.062,1
25202550,bf996092-8d66-408a-8d8e-5065ca3330c2,23142979-9fb6-4fd3-bd82-62d7e0add75f,d61fa237-5596-4c5c-8233-f4c8a77ef625,QNTJJ3CVR726KX4Z,"ok
",2025-06-25 03:42:06.117,2025-06-25 03:42:06.17,1
23434408,bf996092-8d66-408a-8d8e-5065ca3330c2,2f551e7d-05e6-4bfc-8ee1-0ef3a8487c11,b3952c54-70ae-4b3a-96aa-b94ee95648ff,QNTJJ3CVR726KX4Z,ok,2025-04-17 05:56:42.86,2025-04-17 05:56:42.894,1
23479115,bf996092-8d66-408a-8d8e-5065ca3330c2,ada6015d-9fce-4f2c-b20f-fc9122d2face,d01212d9-a046-4784-b8dd-7666d6b71dc0,V9Q2X946QA52XTJG,"",2025-04-19 06:28:42.853,2025-04-19 06:28:44.54,1
23479134,bf996092-8d66-408a-8d8e-5065ca3330c2,ada6015d-9fce-4f2c-b20f-fc9122d2face,d01212d9-a046-4784-b8dd-7666d6b71dc0,V9Q2X946QA52XTJG,"",2025-04-19 06:31:01.052,2025-04-19 06:31:01.096,1
23479140,bf996092-8d66-408a-8d8e-5065ca3330c2,ada6015d-9fce-4f2c-b20f-fc9122d2face,d01212d9-a046-4784-b8dd-7666d6b71dc0,V9Q2X946QA52XTJG,,2025-04-19 06:31:35.634,2025-04-19 06:31:35.637,1
23479147,bf996092-8d66-408a-8d8e-5065ca3330c2,ada6015d-9fce-4f2c-b20f-fc9122d2face,b57f9d00-aafa-4180-8d70-039b53865a04,V9Q2X946QA52XTJG,"",2025-04-19 06:32:42.812,2025-04-19 06:32:44.597,1
23479175,bf996092-8d66-408a-8d8e-5065ca3330c2,ada6015d-9fce-4f2c-b20f-fc9122d2face,b57f9d00-aafa-4180-8d70-039b53865a04,H4J29KZBMAKAE737,"",2025-04-19 06:39:39.618,2025-04-19 06:39:39.62,1
23479215,bf996092-8d66-408a-8d8e-5065ca3330c2,ada6015d-9fce-4f2c-b20f-fc9122d2face,b57f9d00-aafa-4180-8d70-039b53865a04,V9Q2X946QA52XTJG,"file changed as per markups
",2025-04-19 06:52:25.668,2025-04-19 06:52:27.296,2
23479355,bf996092-8d66-408a-8d8e-5065ca3330c2,23142979-9fb6-4fd3-bd82-62d7e0add75f,00f54580-dc19-4af1-8ae8-ee749b92b91a,S8W2PRCHQXETHD6D,"",2025-04-19 07:07:50.614,2025-04-19 07:07:50.616,1
23479356,bf996092-8d66-408a-8d8e-5065ca3330c2,23142979-9fb6-4fd3-bd82-62d7e0add75f,00f54580-dc19-4af1-8ae8-ee749b92b91a,S8W2PRCHQXETHD6D,"",2025-04-19 07:07:50.619,2025-04-19 07:07:50.62,1
23479357,bf996092-8d66-408a-8d8e-5065ca3330c2,23142979-9fb6-4fd3-bd82-62d7e0add75f,00f54580-dc19-4af1-8ae8-ee749b92b91a,S8W2PRCHQXETHD6D,"",2025-04-19 07:07:50.622,2025-04-19 07:07:50.623,1
23479358,bf996092-8d66-408a-8d8e-5065ca3330c2,23142979-9fb6-4fd3-bd82-62d7e0add75f,00f54580-dc19-4af1-8ae8-ee749b92b91a,S8W2PRCHQXETHD6D,"",2025-04-19 07:07:50.625,2025-04-19 07:07:50.626,1
23479359,bf996092-8d66-408a-8d8e-5065ca3330c2,23142979-9fb6-4fd3-bd82-62d7e0add75f,00f54580-dc19-4af1-8ae8-ee749b92b91a,S8W2PRCHQXETHD6D,"",2025-04-19 07:07:50.628,2025-04-19 07:07:50.629,1
23479360,bf996092-8d66-408a-8d8e-5065ca3330c2,23142979-9fb6-4fd3-bd82-62d7e0add75f,00f54580-dc19-4af1-8ae8-ee749b92b91a,S8W2PRCHQXETHD6D,"",2025-04-19 07:07:50.631,2025-04-19 07:07:50.632,1
23479361,bf996092-8d66-408a-8d8e-5065ca3330c2,23142979-9fb6-4fd3-bd82-62d7e0add75f,00f54580-dc19-4af1-8ae8-ee749b92b91a,S8W2PRCHQXETHD6D,"",2025-04-19 07:07:50.634,2025-04-19 07:07:50.635,1
23479362,bf996092-8d66-408a-8d8e-5065ca3330c2,23142979-9fb6-4fd3-bd82-62d7e0add75f,00f54580-dc19-4af1-8ae8-ee749b92b91a,S8W2PRCHQXETHD6D,"",2025-04-19 07:07:50.637,2025-04-19 07:07:50.638,1
23479363,bf996092-8d66-408a-8d8e-5065ca3330c2,23142979-9fb6-4fd3-bd82-62d7e0add75f,00f54580-dc19-4af1-8ae8-ee749b92b91a,S8W2PRCHQXETHD6D,"",2025-04-19 07:07:50.64,2025-04-19 07:07:50.641,1
23479371,bf996092-8d66-408a-8d8e-5065ca3330c2,ada6015d-9fce-4f2c-b20f-fc9122d2face,b57f9d00-aafa-4180-8d70-039b53865a04,V9Q2X946QA52XTJG,"",2025-04-19 07:08:42.374,2025-04-19 07:08:42.414,2
23479395,bf996092-8d66-408a-8d8e-5065ca3330c2,ada6015d-9fce-4f2c-b20f-fc9122d2face,b57f9d00-aafa-4180-8d70-039b53865a04,G5LJ2CH9PRAMRT7X,"",2025-04-19 07:11:03.024,2025-04-19 07:11:03.066,2
23479439,bf996092-8d66-408a-8d8e-5065ca3330c2,ada6015d-9fce-4f2c-b20f-fc9122d2face,b57f9d00-aafa-4180-8d70-039b53865a04,CMJ2N3U8MSMRM8ZA,ok,2025-04-19 07:15:44.379,2025-04-19 07:15:44.418,2
23499262,bf996092-8d66-408a-8d8e-5065ca3330c2,2f551e7d-05e6-4bfc-8ee1-0ef3a8487c11,b3952c54-70ae-4b3a-96aa-b94ee95648ff,MLE243XQQX2UK86L,ok,2025-04-21 09:25:42.242,2025-04-21 09:25:42.286,1
23499686,bf996092-8d66-408a-8d8e-5065ca3330c2,2f551e7d-05e6-4bfc-8ee1-0ef3a8487c11,ca8a1843-edd3-4e96-b1d4-2d2889115f79,EAW249MULVNEJUNK,"",2025-04-21 09:44:41.533,2025-04-21 09:44:41.536,1
23499687,bf996092-8d66-408a-8d8e-5065ca3330c2,2f551e7d-05e6-4bfc-8ee1-0ef3a8487c11,ca8a1843-edd3-4e96-b1d4-2d2889115f79,EAW249MULVNEJUNK,"",2025-04-21 09:44:41.538,2025-04-21 09:44:41.54,1
23499688,bf996092-8d66-408a-8d8e-5065ca3330c2,2f551e7d-05e6-4bfc-8ee1-0ef3a8487c11,ca8a1843-edd3-4e96-b1d4-2d2889115f79,EAW249MULVNEJUNK,"",2025-04-21 09:44:41.542,2025-04-21 09:44:41.544,1
23499689,bf996092-8d66-408a-8d8e-5065ca3330c2,2f551e7d-05e6-4bfc-8ee1-0ef3a8487c11,ca8a1843-edd3-4e96-b1d4-2d2889115f79,EAW249MULVNEJUNK,"",2025-04-21 09:44:41.545,2025-04-21 09:44:41.547,1
23499690,bf996092-8d66-408a-8d8e-5065ca3330c2,2f551e7d-05e6-4bfc-8ee1-0ef3a8487c11,ca8a1843-edd3-4e96-b1d4-2d2889115f79,EAW249MULVNEJUNK,"",2025-04-21 09:44:41.549,2025-04-21 09:44:41.55,1
23499691,bf996092-8d66-408a-8d8e-5065ca3330c2,2f551e7d-05e6-4bfc-8ee1-0ef3a8487c11,ca8a1843-edd3-4e96-b1d4-2d2889115f79,EAW249MULVNEJUNK,"",2025-04-21 09:44:41.553,2025-04-21 09:44:41.554,1
23499692,bf996092-8d66-408a-8d8e-5065ca3330c2,2f551e7d-05e6-4bfc-8ee1-0ef3a8487c11,ca8a1843-edd3-4e96-b1d4-2d2889115f79,EAW249MULVNEJUNK,"",2025-04-21 09:44:41.556,2025-04-21 09:44:41.558,1
23499693,bf996092-8d66-408a-8d8e-5065ca3330c2,2f551e7d-05e6-4bfc-8ee1-0ef3a8487c11,ca8a1843-edd3-4e96-b1d4-2d2889115f79,EAW249MULVNEJUNK,"",2025-04-21 09:44:41.559,2025-04-21 09:44:41.561,1
23499694,bf996092-8d66-408a-8d8e-5065ca3330c2,2f551e7d-05e6-4bfc-8ee1-0ef3a8487c11,ca8a1843-edd3-4e96-b1d4-2d2889115f79,EAW249MULVNEJUNK,"",2025-04-21 09:44:41.563,2025-04-21 09:44:41.564,1
23499695,bf996092-8d66-408a-8d8e-5065ca3330c2,2f551e7d-05e6-4bfc-8ee1-0ef3a8487c11,ca8a1843-edd3-4e96-b1d4-2d2889115f79,EAW249MULVNEJUNK,"",2025-04-21 09:44:41.566,2025-04-21 09:44:41.568,1
23499696,bf996092-8d66-408a-8d8e-5065ca3330c2,2f551e7d-05e6-4bfc-8ee1-0ef3a8487c11,ca8a1843-edd3-4e96-b1d4-2d2889115f79,EAW249MULVNEJUNK,"",2025-04-21 09:44:41.57,2025-04-21 09:44:41.572,1
23499697,bf996092-8d66-408a-8d8e-5065ca3330c2,2f551e7d-05e6-4bfc-8ee1-0ef3a8487c11,ca8a1843-edd3-4e96-b1d4-2d2889115f79,EAW249MULVNEJUNK,"",2025-04-21 09:44:41.574,2025-04-21 09:44:41.576,1
23534211,bf996092-8d66-408a-8d8e-5065ca3330c2,23142979-9fb6-4fd3-bd82-62d7e0add75f,357fef75-4578-4fea-ab98-2b1e467de5c9,JESJ7TGSQHWR942J,"",2025-04-22 13:13:54.547,2025-04-22 13:13:56.453,1
23553449,bf996092-8d66-408a-8d8e-5065ca3330c2,23142979-9fb6-4fd3-bd82-62d7e0add75f,357fef75-4578-4fea-ab98-2b1e467de5c9,QNTJJ3CVR726KX4Z,"ok
Mr. Salim pls review the same",2025-04-23 05:39:15.536,2025-04-23 05:39:15.617,1
23554552,bf996092-8d66-408a-8d8e-5065ca3330c2,ada6015d-9fce-4f2c-b20f-fc9122d2face,f4c28d39-e8eb-4361-a9ff-17615077892d,YEYJGRGXQH2X5DAY,"",2025-04-23 06:23:24.824,2025-04-23 06:23:26.685,1
23554621,bf996092-8d66-408a-8d8e-5065ca3330c2,ada6015d-9fce-4f2c-b20f-fc9122d2face,f4c28d39-e8eb-4361-a9ff-17615077892d,V9Q2X946QA52XTJG,"",2025-04-23 06:26:17.51,2025-04-23 06:26:17.513,1
23596947,bf996092-8d66-408a-8d8e-5065ca3330c2,ada6015d-9fce-4f2c-b20f-fc9122d2face,f4c28d39-e8eb-4361-a9ff-17615077892d,V9Q2X946QA52XTJG,"",2025-04-24 10:53:25.514,2025-04-24 10:53:27.094,5
23771392,bf996092-8d66-408a-8d8e-5065ca3330c2,2f551e7d-05e6-4bfc-8ee1-0ef3a8487c11,d8a940d6-2db4-48fc-8f47-4bce483f02f7,CFCJQ2QBQP3V,"",2025-05-01 06:27:58.11,2025-05-01 06:28:00.3,1
23774025,bf996092-8d66-408a-8d8e-5065ca3330c2,2f551e7d-05e6-4bfc-8ee1-0ef3a8487c11,d8a940d6-2db4-48fc-8f47-4bce483f02f7,JBEJ9XLSJZLBNZ2V,"",2025-05-01 09:48:48.163,2025-05-01 09:48:48.22,1
23893267,bf996092-8d66-408a-8d8e-5065ca3330c2,23142979-9fb6-4fd3-bd82-62d7e0add75f,57a17ea5-e53a-448f-84c1-8ea272a35fbd,JESJ7TGSQHWR942J,"",2025-05-07 07:11:35.944,2025-05-07 07:11:37.621,2
23897509,bf996092-8d66-408a-8d8e-5065ca3330c2,23142979-9fb6-4fd3-bd82-62d7e0add75f,e94da2a9-150b-4627-892c-4dbeae02e03e,YWD2T2ZPP7AF8MNK,"",2025-05-07 09:17:25.796,2025-05-07 09:17:27.799,1
23897670,bf996092-8d66-408a-8d8e-5065ca3330c2,23142979-9fb6-4fd3-bd82-62d7e0add75f,26b371b5-4149-4793-8f40-fd0c5e2dd8fd,YWD2T2ZPP7AF8MNK,"",2025-05-07 09:21:38.39,2025-05-07 09:21:40.63,1
23898132,bf996092-8d66-408a-8d8e-5065ca3330c2,2f551e7d-05e6-4bfc-8ee1-0ef3a8487c11,d8a940d6-2db4-48fc-8f47-4bce483f02f7,7MTRJEZVXL93,"",2025-05-07 09:33:18.164,2025-05-07 09:33:18.212,1
23904517,bf996092-8d66-408a-8d8e-5065ca3330c2,23142979-9fb6-4fd3-bd82-62d7e0add75f,a13fe696-63e8-48a2-907e-be01401e85f1,JESJ7TGSQHWR942J,"",2025-05-07 12:37:32.264,2025-05-07 12:37:34.222,1
23924071,bf996092-8d66-408a-8d8e-5065ca3330c2,23142979-9fb6-4fd3-bd82-62d7e0add75f,af928233-7ede-425b-90fd-cdf67f660b32,JESJ7TGSQHWR942J,"",2025-05-08 04:59:09.276,2025-05-08 04:59:11.217,1
24046151,bf996092-8d66-408a-8d8e-5065ca3330c2,23142979-9fb6-4fd3-bd82-62d7e0add75f,0c588d10-adc2-41cf-be25-af27ba19dd37,S8W2PRCHQXETHD6D,"",2025-05-13 11:10:21.815,2025-05-13 11:10:21.885,1
24046467,bf996092-8d66-408a-8d8e-5065ca3330c2,23142979-9fb6-4fd3-bd82-62d7e0add75f,a13fe696-63e8-48a2-907e-be01401e85f1,S8W2PRCHQXETHD6D,"",2025-05-13 11:19:05.26,2025-05-13 11:19:05.335,1
24048282,bf996092-8d66-408a-8d8e-5065ca3330c2,23142979-9fb6-4fd3-bd82-62d7e0add75f,0c588d10-adc2-41cf-be25-af27ba19dd37,XN3JZXALK55CEVKP,ok,2025-05-13 12:06:45.295,2025-05-13 12:06:45.334,1
24048349,bf996092-8d66-408a-8d8e-5065ca3330c2,23142979-9fb6-4fd3-bd82-62d7e0add75f,a13fe696-63e8-48a2-907e-be01401e85f1,XN3JZXALK55CEVKP,ok,2025-05-13 12:08:17.662,2025-05-13 12:08:17.737,1
24048396,bf996092-8d66-408a-8d8e-5065ca3330c2,23142979-9fb6-4fd3-bd82-62d7e0add75f,57a17ea5-e53a-448f-84c1-8ea272a35fbd,XN3JZXALK55CEVKP,ok,2025-05-13 12:09:38.561,2025-05-13 12:09:38.62,2
24048411,bf996092-8d66-408a-8d8e-5065ca3330c2,23142979-9fb6-4fd3-bd82-62d7e0add75f,357fef75-4578-4fea-ab98-2b1e467de5c9,XN3JZXALK55CEVKP,ok,2025-05-13 12:10:27.216,2025-05-13 12:10:27.262,1
24048554,bf996092-8d66-408a-8d8e-5065ca3330c2,23142979-9fb6-4fd3-bd82-62d7e0add75f,cb5bcedb-2aba-4b29-b1d0-833091b83776,XN3JZXALK55CEVKP,ok,2025-05-13 12:14:29.212,2025-05-13 12:14:29.256,1
24048582,bf996092-8d66-408a-8d8e-5065ca3330c2,23142979-9fb6-4fd3-bd82-62d7e0add75f,50d32fe2-3c09-4081-b34a-c8d6462a4eb7,XN3JZXALK55CEVKP,ok,2025-05-13 12:15:11.639,2025-05-13 12:15:11.966,2
24117671,bf996092-8d66-408a-8d8e-5065ca3330c2,23142979-9fb6-4fd3-bd82-62d7e0add75f,a13fe696-63e8-48a2-907e-be01401e85f1,Y892LF63N69HWYZS,OK,2025-05-15 09:01:05.876,2025-05-15 09:01:05.919,1
24117991,bf996092-8d66-408a-8d8e-5065ca3330c2,23142979-9fb6-4fd3-bd82-62d7e0add75f,357fef75-4578-4fea-ab98-2b1e467de5c9,Y892LF63N69HWYZS,OK,2025-05-15 09:08:43.599,2025-05-15 09:08:43.665,1
24118156,bf996092-8d66-408a-8d8e-5065ca3330c2,23142979-9fb6-4fd3-bd82-62d7e0add75f,a13fe696-63e8-48a2-907e-be01401e85f1,QNTJJ3CVR726KX4Z,"",2025-05-15 09:13:00.794,2025-05-15 09:13:00.858,1
24118457,bf996092-8d66-408a-8d8e-5065ca3330c2,23142979-9fb6-4fd3-bd82-62d7e0add75f,57a17ea5-e53a-448f-84c1-8ea272a35fbd,QNTJJ3CVR726KX4Z,"Hi
salim pls review ASAP",2025-05-15 09:21:34.361,2025-05-15 09:21:34.395,2
24146843,bf996092-8d66-408a-8d8e-5065ca3330c2,23142979-9fb6-4fd3-bd82-62d7e0add75f,baff1069-e6ec-4c93-8005-e0de1c8385d8,S8W2PRCHQXETHD6D,"",2025-05-16 06:16:20.431,2025-05-16 06:16:20.476,1
24234558,bf996092-8d66-408a-8d8e-5065ca3330c2,2f551e7d-05e6-4bfc-8ee1-0ef3a8487c11,3dd66b65-4dda-4967-9a42-3f5b5a335f39,VM52VJACLXDVGKG6,"WPM-stamped GFC drawings are uploaded to the correct folder.
",2025-05-20 06:53:37.243,2025-05-20 06:53:37.323,1
24244612,bf996092-8d66-408a-8d8e-5065ca3330c2,23142979-9fb6-4fd3-bd82-62d7e0add75f,baff1069-e6ec-4c93-8005-e0de1c8385d8,QNTJJ3CVR726KX4Z,"",2025-05-20 11:25:54.192,2025-05-20 11:25:54.245,1
24244671,bf996092-8d66-408a-8d8e-5065ca3330c2,23142979-9fb6-4fd3-bd82-62d7e0add75f,0c588d10-adc2-41cf-be25-af27ba19dd37,QNTJJ3CVR726KX4Z,"",2025-05-20 11:27:59.88,2025-05-20 11:27:59.928,1
24244753,bf996092-8d66-408a-8d8e-5065ca3330c2,23142979-9fb6-4fd3-bd82-62d7e0add75f,50d32fe2-3c09-4081-b34a-c8d6462a4eb7,QNTJJ3CVR726KX4Z,ok,2025-05-20 11:30:34.493,2025-05-20 11:30:34.534,2
24245307,bf996092-8d66-408a-8d8e-5065ca3330c2,2f551e7d-05e6-4bfc-8ee1-0ef3a8487c11,f10ccddc-e3bb-42d8-8cb0-4ed999251c04,CJ5ZQTRST43G,"",2025-05-20 11:48:54.374,2025-05-20 11:48:56.288,1
24269562,bf996092-8d66-408a-8d8e-5065ca3330c2,2f551e7d-05e6-4bfc-8ee1-0ef3a8487c11,aa3d7a6f-7ad4-49fa-b3b3-5a05f2c30167,UCDMKV6DRCXR,"",2025-05-21 05:50:05.813,2025-05-21 05:50:07.712,1
24339400,bf996092-8d66-408a-8d8e-5065ca3330c2,2f551e7d-05e6-4bfc-8ee1-0ef3a8487c11,aa3d7a6f-7ad4-49fa-b3b3-5a05f2c30167,S8W2PRCHQXETHD6D,"Dear Mujeeb,
kindly update drawings as comments marked in the attached file",2025-05-23 05:14:48.263,2025-05-23 05:14:48.32,1
24341127,bf996092-8d66-408a-8d8e-5065ca3330c2,2f551e7d-05e6-4bfc-8ee1-0ef3a8487c11,aa3d7a6f-7ad4-49fa-b3b3-5a05f2c30167,QNTJJ3CVR726KX4Z,ok,2025-05-23 06:39:06.726,2025-05-23 06:39:06.777,1
24341197,bf996092-8d66-408a-8d8e-5065ca3330c2,77d5fb8c-5d83-4fa8-8c81-169306f7a8f7,15821e5e-938e-4c81-8d3e-0b6312065fd9,XU89MQBQ8MWD,"Dear Lalit Ji, Salim

We are sharing drawings of ramps (7 nos) of club building (Ramp 9 to 15) for your review.",2025-05-23 06:41:47.301,2025-05-23 06:41:49.216,1
24341249,bf996092-8d66-408a-8d8e-5065ca3330c2,2f551e7d-05e6-4bfc-8ee1-0ef3a8487c11,aa3d7a6f-7ad4-49fa-b3b3-5a05f2c30167,XN3JZXALK55CEVKP,ok,2025-05-23 06:44:10.096,2025-05-23 06:44:10.165,1
24341375,bf996092-8d66-408a-8d8e-5065ca3330c2,77d5fb8c-5d83-4fa8-8c81-169306f7a8f7,15821e5e-938e-4c81-8d3e-0b6312065fd9,XN3JZXALK55CEVKP,ok,2025-05-23 06:48:33.572,2025-05-23 06:48:33.609,1
24341677,bf996092-8d66-408a-8d8e-5065ca3330c2,2f551e7d-05e6-4bfc-8ee1-0ef3a8487c11,aa3d7a6f-7ad4-49fa-b3b3-5a05f2c30167,Y892LF63N69HWYZS,OK,2025-05-23 06:59:15.833,2025-05-23 06:59:15.873,1
24455893,bf996092-8d66-408a-8d8e-5065ca3330c2,23142979-9fb6-4fd3-bd82-62d7e0add75f,649c6ec9-37b4-4036-b576-db233395b579,JESJ7TGSQHWR942J,"",2025-05-28 06:41:17.689,2025-05-28 06:41:19.658,1
24456317,bf996092-8d66-408a-8d8e-5065ca3330c2,23142979-9fb6-4fd3-bd82-62d7e0add75f,867fa316-4334-4b31-837a-42c8034f3331,YWD2T2ZPP7AF8MNK,"",2025-05-28 06:54:42.516,2025-05-28 06:54:44.602,1
24463953,bf996092-8d66-408a-8d8e-5065ca3330c2,ada6015d-9fce-4f2c-b20f-fc9122d2face,bbcac5d6-96b3-481a-8b4e-d0cd453ba5a9,CMJ2N3U8MSMRM8ZA,"",2025-05-28 10:16:05.435,2025-05-28 10:16:07.669,1
24464026,bf996092-8d66-408a-8d8e-5065ca3330c2,ada6015d-9fce-4f2c-b20f-fc9122d2face,bbcac5d6-96b3-481a-8b4e-d0cd453ba5a9,CMJ2N3U8MSMRM8ZA,"ok, go ahed",2025-05-28 10:18:46.919,2025-05-28 10:18:46.967,1
24528554,bf996092-8d66-408a-8d8e-5065ca3330c2,ada6015d-9fce-4f2c-b20f-fc9122d2face,6b7ced1c-bee6-4a7e-86dd-f40a375f10a9,V9Q2X946QA52XTJG,Please check,2025-05-30 06:11:33.483,2025-05-30 06:11:35.284,1
24528627,bf996092-8d66-408a-8d8e-5065ca3330c2,ada6015d-9fce-4f2c-b20f-fc9122d2face,6b7ced1c-bee6-4a7e-86dd-f40a375f10a9,V9Q2X946QA52XTJG,"",2025-05-30 06:15:21.062,2025-05-30 06:15:21.064,1
24528701,bf996092-8d66-408a-8d8e-5065ca3330c2,ada6015d-9fce-4f2c-b20f-fc9122d2face,6b7ced1c-bee6-4a7e-86dd-f40a375f10a9,V9Q2X946QA52XTJG,"All points incorporated. Please check and approve
",2025-05-30 06:19:02.917,2025-05-30 06:19:04.855,2
24528830,bf996092-8d66-408a-8d8e-5065ca3330c2,ada6015d-9fce-4f2c-b20f-fc9122d2face,6b7ced1c-bee6-4a7e-86dd-f40a375f10a9,V9Q2X946QA52XTJG,"",2025-05-30 06:23:40.019,2025-05-30 06:23:40.023,2
24528859,bf996092-8d66-408a-8d8e-5065ca3330c2,ada6015d-9fce-4f2c-b20f-fc9122d2face,6b7ced1c-bee6-4a7e-86dd-f40a375f10a9,V9Q2X946QA52XTJG,"Changes done
",2025-05-30 06:24:52.33,2025-05-30 06:24:53.889,3
24529543,bf996092-8d66-408a-8d8e-5065ca3330c2,23142979-9fb6-4fd3-bd82-62d7e0add75f,649c6ec9-37b4-4036-b576-db233395b579,QNTJJ3CVR726KX4Z,"ok
",2025-05-30 06:54:22.835,2025-05-30 06:54:22.903,1
24529681,bf996092-8d66-408a-8d8e-5065ca3330c2,23142979-9fb6-4fd3-bd82-62d7e0add75f,649c6ec9-37b4-4036-b576-db233395b579,Y892LF63N69HWYZS,OK,2025-05-30 06:59:56.431,2025-05-30 06:59:56.474,1
24578928,bf996092-8d66-408a-8d8e-5065ca3330c2,23142979-9fb6-4fd3-bd82-62d7e0add75f,649c6ec9-37b4-4036-b576-db233395b579,XN3JZXALK55CEVKP,ok,2025-06-02 06:54:54.906,2025-06-02 06:54:54.957,1
24631761,bf996092-8d66-408a-8d8e-5065ca3330c2,77d5fb8c-5d83-4fa8-8c81-169306f7a8f7,83df4d09-3279-4523-97a4-504f9fc16aea,CJ5ZQTRST43G,"",2025-06-03 14:08:47.067,2025-06-03 14:08:49.459,1
24796429,bf996092-8d66-408a-8d8e-5065ca3330c2,2f551e7d-05e6-4bfc-8ee1-0ef3a8487c11,b3952c54-70ae-4b3a-96aa-b94ee95648ff,CMJ2N3U8MSMRM8ZA,"As per Structural Head of Omaxe, this step of review by Structure consultant and internal structure team is not required. Hence from all future workflow this step shall be removed.

Thus admin is omitting this step.",2025-06-10 12:19:35.88,2025-06-10 12:19:35.935,1
25027637,bf996092-8d66-408a-8d8e-5065ca3330c2,e9b596f2-48ee-419b-a199-da304b38c398,ab70ba27-7b14-43fb-a36f-a7b0387068e9,H4J29KZBMAKAE737,"We have reviewed the column layout and found it satisfactory as per the architectural layout. However, there are still some comments and observations on the architectural drawings.

Kindly share the architectural drawings for our review. Please note, we are reviewing only the column layout in these drawings at this stage.",2025-06-18 12:42:55.881,2025-06-18 12:42:55.931,1
25070470,bf996092-8d66-408a-8d8e-5065ca3330c2,f6ab14eb-1a66-4ea5-8a0f-0afbda444403,62c3c526-eab6-45b2-8c7a-4f8398e84e20,FM42EJFZPNC5F3HF,Column & shear wall reinforcement for review up to ground floor,2025-06-19 15:37:18.638,2025-06-19 15:37:21.641,1
25113233,bf996092-8d66-408a-8d8e-5065ca3330c2,ada6015d-9fce-4f2c-b20f-fc9122d2face,f2cdb3be-244a-41b3-8b8a-4775e9c14521,V9Q2X946QA52XTJG,"",2025-06-21 09:04:05.057,2025-06-21 09:04:07.215,1
25113269,bf996092-8d66-408a-8d8e-5065ca3330c2,ada6015d-9fce-4f2c-b20f-fc9122d2face,f2cdb3be-244a-41b3-8b8a-4775e9c14521,V9Q2X946QA52XTJG,"",2025-06-21 09:07:00.077,2025-06-21 09:07:00.079,1
25113281,bf996092-8d66-408a-8d8e-5065ca3330c2,ada6015d-9fce-4f2c-b20f-fc9122d2face,f2cdb3be-244a-41b3-8b8a-4775e9c14521,V9Q2X946QA52XTJG,"",2025-06-21 09:08:11.685,2025-06-21 09:08:14.474,2
25113285,bf996092-8d66-408a-8d8e-5065ca3330c2,ada6015d-9fce-4f2c-b20f-fc9122d2face,f2cdb3be-244a-41b3-8b8a-4775e9c14521,V9Q2X946QA52XTJG,"",2025-06-21 09:08:46.293,2025-06-21 09:08:46.326,2
25113294,bf996092-8d66-408a-8d8e-5065ca3330c2,ada6015d-9fce-4f2c-b20f-fc9122d2face,f2cdb3be-244a-41b3-8b8a-4775e9c14521,V9Q2X946QA52XTJG,"",2025-06-21 09:09:39.769,2025-06-21 09:09:39.824,2
25114968,bf996092-8d66-408a-8d8e-5065ca3330c2,e9b596f2-48ee-419b-a199-da304b38c398,ab70ba27-7b14-43fb-a36f-a7b0387068e9,DX6J5SASN4NA66QN,ok,2025-06-21 12:37:14.651,2025-06-21 12:37:14.698,1
25138804,bf996092-8d66-408a-8d8e-5065ca3330c2,f679f4cf-c089-4a2b-9b84-b14129630601,165cc1ff-e0db-488d-a469-d20b32ef1020,YQH2SLPMM8Q48DDT,"",2025-06-23 09:29:35.224,2025-06-23 09:29:37.071,1
25139269,bf996092-8d66-408a-8d8e-5065ca3330c2,f679f4cf-c089-4a2b-9b84-b14129630601,165cc1ff-e0db-488d-a469-d20b32ef1020,3NGJNZCXN8PBNTRV,"",2025-06-23 09:39:33.509,2025-06-23 09:39:33.536,1
25141876,bf996092-8d66-408a-8d8e-5065ca3330c2,f679f4cf-c089-4a2b-9b84-b14129630601,48d2b787-5fc9-4199-aae0-b04532c8bb97,FM42EJFZPNC5F3HF,"Devender Ji, Amit Ji, please put your sign and stamp and then complete the review process.",2025-06-23 10:53:22.713,2025-06-23 10:53:24.675,1
25143009,bf996092-8d66-408a-8d8e-5065ca3330c2,f679f4cf-c089-4a2b-9b84-b14129630601,3d316763-1b09-4256-b815-ac86025538f1,FM42EJFZPNC5F3HF,For Sign & Stamp from GPM & CG Team,2025-06-23 11:18:57.4,2025-06-23 11:19:00.849,1
25143366,bf996092-8d66-408a-8d8e-5065ca3330c2,f679f4cf-c089-4a2b-9b84-b14129630601,c29a7cd1-1c02-4747-b67e-e611c2b2b285,FM42EJFZPNC5F3HF,Ground floor for review,2025-06-23 11:29:22.747,2025-06-23 11:29:25.681,1
25143566,bf996092-8d66-408a-8d8e-5065ca3330c2,f6ab14eb-1a66-4ea5-8a0f-0afbda444403,0ed684f2-774b-440a-8d53-35e6968db01d,U2622GRJM8M9JZ4F,"",2025-06-23 11:36:39.799,2025-06-23 11:36:42.516,1
25143726,bf996092-8d66-408a-8d8e-5065ca3330c2,f6ab14eb-1a66-4ea5-8a0f-0afbda444403,fbc24129-886b-476c-879a-047055001701,U2622GRJM8M9JZ4F,"",2025-06-23 11:41:57.929,2025-06-23 11:41:59.721,1
25144073,bf996092-8d66-408a-8d8e-5065ca3330c2,f6ab14eb-1a66-4ea5-8a0f-0afbda444403,fbc24129-886b-476c-879a-047055001701,NXBJU9KZRN2LR6EX,"",2025-06-23 11:51:36.134,2025-06-23 11:51:36.166,1
25144706,bf996092-8d66-408a-8d8e-5065ca3330c2,967e785d-d83c-490b-8d6a-2ed926c956ac,3843ad85-2e10-4bd1-874e-c2faa49865cc,MXG2L5VEMSKN8SVN,"",2025-06-23 12:08:16.052,2025-06-23 12:08:17.887,1
25164907,bf996092-8d66-408a-8d8e-5065ca3330c2,f6ab14eb-1a66-4ea5-8a0f-0afbda444403,7f28a59a-137e-4394-9623-9c39e23379c3,U2622GRJM8M9JZ4F,"",2025-06-24 03:55:23.103,2025-06-24 03:55:24.98,1
25164970,bf996092-8d66-408a-8d8e-5065ca3330c2,f6ab14eb-1a66-4ea5-8a0f-0afbda444403,7c0b021a-1993-471d-a4a4-86be9e5b363c,U2622GRJM8M9JZ4F,"",2025-06-24 03:59:43.369,2025-06-24 03:59:45.158,1
25166703,bf996092-8d66-408a-8d8e-5065ca3330c2,f6ab14eb-1a66-4ea5-8a0f-0afbda444403,7f28a59a-137e-4394-9623-9c39e23379c3,CMJ2N3U8MSMRM8ZA,As corrected DPR shared in seperate review,2025-06-24 05:23:02.999,2025-06-24 05:23:03.003,1
25166725,bf996092-8d66-408a-8d8e-5065ca3330c2,f6ab14eb-1a66-4ea5-8a0f-0afbda444403,7c0b021a-1993-471d-a4a4-86be9e5b363c,CMJ2N3U8MSMRM8ZA,As corrected DPR V3 shared with new review,2025-06-24 05:24:04.79,2025-06-24 05:24:04.792,1
25166748,bf996092-8d66-408a-8d8e-5065ca3330c2,f6ab14eb-1a66-4ea5-8a0f-0afbda444403,0ed684f2-774b-440a-8d53-35e6968db01d,CMJ2N3U8MSMRM8ZA,,2025-06-24 05:24:53.911,2025-06-24 05:24:53.914,1
25166755,bf996092-8d66-408a-8d8e-5065ca3330c2,f6ab14eb-1a66-4ea5-8a0f-0afbda444403,1bfc2bce-ce2e-49c6-9220-0cd4e7cf43d2,U2622GRJM8M9JZ4F,"",2025-06-24 05:24:59.05,2025-06-24 05:25:00.86,1
25166889,bf996092-8d66-408a-8d8e-5065ca3330c2,f6ab14eb-1a66-4ea5-8a0f-0afbda444403,1bfc2bce-ce2e-49c6-9220-0cd4e7cf43d2,NXBJU9KZRN2LR6EX,"",2025-06-24 05:29:23.328,2025-06-24 05:29:23.362,1
25168637,bf996092-8d66-408a-8d8e-5065ca3330c2,f679f4cf-c089-4a2b-9b84-b14129630601,3d316763-1b09-4256-b815-ac86025538f1,S762NMGBKUB423MM,"",2025-06-24 06:27:52.034,2025-06-24 06:27:52.103,1
25184933,bf996092-8d66-408a-8d8e-5065ca3330c2,e9b596f2-48ee-419b-a199-da304b38c398,e5b72d34-8c1a-4366-9f4e-224be4bab3a6,7UBTJ2JUZS54,"",2025-06-24 13:37:22.613,2025-06-24 13:37:24.487,1
25206785,bf996092-8d66-408a-8d8e-5065ca3330c2,f679f4cf-c089-4a2b-9b84-b14129630601,71d17682-5315-49ed-9e88-0ba1b17265a4,YQH2SLPMM8Q48DDT,"",2025-06-25 06:54:21.942,2025-06-25 06:54:23.821,1
25207154,bf996092-8d66-408a-8d8e-5065ca3330c2,f679f4cf-c089-4a2b-9b84-b14129630601,71d17682-5315-49ed-9e88-0ba1b17265a4,3NGJNZCXN8PBNTRV,"",2025-06-25 07:05:30.555,2025-06-25 07:05:30.595,1
25207298,bf996092-8d66-408a-8d8e-5065ca3330c2,e9b596f2-48ee-419b-a199-da304b38c398,e5b72d34-8c1a-4366-9f4e-224be4bab3a6,DX6J5SASN4NA66QN,all sheets should be as individual files so can be checked properly ,2025-06-25 07:12:04.048,2025-06-25 07:12:04.049,1
25207299,bf996092-8d66-408a-8d8e-5065ca3330c2,e9b596f2-48ee-419b-a199-da304b38c398,e5b72d34-8c1a-4366-9f4e-224be4bab3a6,DX6J5SASN4NA66QN,all sheets should be as individual files so can be checked properly ,2025-06-25 07:12:04.051,2025-06-25 07:12:04.053,1
25207300,bf996092-8d66-408a-8d8e-5065ca3330c2,e9b596f2-48ee-419b-a199-da304b38c398,e5b72d34-8c1a-4366-9f4e-224be4bab3a6,DX6J5SASN4NA66QN,all sheets should be as individual files so can be checked properly ,2025-06-25 07:12:04.054,2025-06-25 07:12:04.055,1
25207301,bf996092-8d66-408a-8d8e-5065ca3330c2,e9b596f2-48ee-419b-a199-da304b38c398,e5b72d34-8c1a-4366-9f4e-224be4bab3a6,DX6J5SASN4NA66QN,all sheets should be as individual files so can be checked properly ,2025-06-25 07:12:04.057,2025-06-25 07:12:04.058,1
25207302,bf996092-8d66-408a-8d8e-5065ca3330c2,e9b596f2-48ee-419b-a199-da304b38c398,e5b72d34-8c1a-4366-9f4e-224be4bab3a6,DX6J5SASN4NA66QN,all sheets should be as individual files so can be checked properly ,2025-06-25 07:12:04.059,2025-06-25 07:12:04.06,1
25202657,bf996092-8d66-408a-8d8e-5065ca3330c2,23142979-9fb6-4fd3-bd82-62d7e0add75f,cedb2667-4f79-4be1-bb99-213928b9972c,QNTJJ3CVR726KX4Z,ok,2025-06-25 03:47:09.359,2025-06-25 03:47:09.421,1
25202893,bf996092-8d66-408a-8d8e-5065ca3330c2,f6ab14eb-1a66-4ea5-8a0f-0afbda444403,d3d07c92-45da-46fd-ab98-6580c8ac302d,U2622GRJM8M9JZ4F,"",2025-06-25 04:02:56.483,2025-06-25 04:02:58.282,1
25203884,bf996092-8d66-408a-8d8e-5065ca3330c2,f6ab14eb-1a66-4ea5-8a0f-0afbda444403,d3d07c92-45da-46fd-ab98-6580c8ac302d,NXBJU9KZRN2LR6EX,"",2025-06-25 05:01:48.637,2025-06-25 05:01:48.675,1
25242304,bf996092-8d66-408a-8d8e-5065ca3330c2,f6ab14eb-1a66-4ea5-8a0f-0afbda444403,0f107944-1fb2-4d35-b367-6b68bd786a5e,U2622GRJM8M9JZ4F,"",2025-06-26 04:17:02.821,2025-06-26 04:17:04.564,1
25242316,bf996092-8d66-408a-8d8e-5065ca3330c2,f679f4cf-c089-4a2b-9b84-b14129630601,5fe39c24-7d9d-4883-9fb1-8346d25ee0c9,YQH2SLPMM8Q48DDT,"",2025-06-26 04:17:36.179,2025-06-26 04:17:37.965,1
25243176,bf996092-8d66-408a-8d8e-5065ca3330c2,f679f4cf-c089-4a2b-9b84-b14129630601,5fe39c24-7d9d-4883-9fb1-8346d25ee0c9,3NGJNZCXN8PBNTRV,"",2025-06-26 05:09:57.366,2025-06-26 05:09:57.401,1
25243296,bf996092-8d66-408a-8d8e-5065ca3330c2,f6ab14eb-1a66-4ea5-8a0f-0afbda444403,0f107944-1fb2-4d35-b367-6b68bd786a5e,NXBJU9KZRN2LR6EX,Report not proper as the data is incorrect ..please resubmit,2025-06-26 05:15:58.697,2025-06-26 05:15:58.777,1
25243318,bf996092-8d66-408a-8d8e-5065ca3330c2,f6ab14eb-1a66-4ea5-8a0f-0afbda444403,49ea5846-13b4-4a9c-87e1-4ab5e9e84d70,U2622GRJM8M9JZ4F,"",2025-06-26 05:17:59.853,2025-06-26 05:18:01.739,1
25243423,bf996092-8d66-408a-8d8e-5065ca3330c2,f6ab14eb-1a66-4ea5-8a0f-0afbda444403,49ea5846-13b4-4a9c-87e1-4ab5e9e84d70,NXBJU9KZRN2LR6EX,"",2025-06-26 05:23:12.269,2025-06-26 05:23:12.316,1
25243427,bf996092-8d66-408a-8d8e-5065ca3330c2,ada6015d-9fce-4f2c-b20f-fc9122d2face,9e6cd536-e88e-4d13-a0fd-d1c5b566dcf0,V9Q2X946QA52XTJG,"",2025-06-26 05:23:22.474,2025-06-26 05:23:24.225,1
25243826,bf996092-8d66-408a-8d8e-5065ca3330c2,f679f4cf-c089-4a2b-9b84-b14129630601,c29a7cd1-1c02-4747-b67e-e611c2b2b285,FM42EJFZPNC5F3HF,workflow is changed,2025-06-26 05:39:44.746,2025-06-26 05:39:44.749,1
25243827,bf996092-8d66-408a-8d8e-5065ca3330c2,f679f4cf-c089-4a2b-9b84-b14129630601,c29a7cd1-1c02-4747-b67e-e611c2b2b285,FM42EJFZPNC5F3HF,workflow is changed,2025-06-26 05:39:44.754,2025-06-26 05:39:44.756,1
25243828,bf996092-8d66-408a-8d8e-5065ca3330c2,f679f4cf-c089-4a2b-9b84-b14129630601,c29a7cd1-1c02-4747-b67e-e611c2b2b285,FM42EJFZPNC5F3HF,workflow is changed,2025-06-26 05:39:44.76,2025-06-26 05:39:44.762,1
25243829,bf996092-8d66-408a-8d8e-5065ca3330c2,f679f4cf-c089-4a2b-9b84-b14129630601,c29a7cd1-1c02-4747-b67e-e611c2b2b285,FM42EJFZPNC5F3HF,workflow is changed,2025-06-26 05:39:44.766,2025-06-26 05:39:44.768,1
25243830,bf996092-8d66-408a-8d8e-5065ca3330c2,f679f4cf-c089-4a2b-9b84-b14129630601,c29a7cd1-1c02-4747-b67e-e611c2b2b285,FM42EJFZPNC5F3HF,workflow is changed,2025-06-26 05:39:44.772,2025-06-26 05:39:44.773,1
25243831,bf996092-8d66-408a-8d8e-5065ca3330c2,f679f4cf-c089-4a2b-9b84-b14129630601,c29a7cd1-1c02-4747-b67e-e611c2b2b285,FM42EJFZPNC5F3HF,workflow is changed,2025-06-26 05:39:44.778,2025-06-26 05:39:44.779,1
25243832,bf996092-8d66-408a-8d8e-5065ca3330c2,f679f4cf-c089-4a2b-9b84-b14129630601,c29a7cd1-1c02-4747-b67e-e611c2b2b285,FM42EJFZPNC5F3HF,workflow is changed,2025-06-26 05:39:44.783,2025-06-26 05:39:44.785,1
25243833,bf996092-8d66-408a-8d8e-5065ca3330c2,f679f4cf-c089-4a2b-9b84-b14129630601,c29a7cd1-1c02-4747-b67e-e611c2b2b285,FM42EJFZPNC5F3HF,workflow is changed,2025-06-26 05:39:44.789,2025-06-26 05:39:44.791,1
25243834,bf996092-8d66-408a-8d8e-5065ca3330c2,f679f4cf-c089-4a2b-9b84-b14129630601,c29a7cd1-1c02-4747-b67e-e611c2b2b285,FM42EJFZPNC5F3HF,workflow is changed,2025-06-26 05:39:44.801,2025-06-26 05:39:44.803,1
25243835,bf996092-8d66-408a-8d8e-5065ca3330c2,f679f4cf-c089-4a2b-9b84-b14129630601,c29a7cd1-1c02-4747-b67e-e611c2b2b285,FM42EJFZPNC5F3HF,workflow is changed,2025-06-26 05:39:44.807,2025-06-26 05:39:44.81,1
25243842,bf996092-8d66-408a-8d8e-5065ca3330c2,f679f4cf-c089-4a2b-9b84-b14129630601,3d316763-1b09-4256-b815-ac86025538f1,FM42EJFZPNC5F3HF,Workflow to be changed,2025-06-26 05:40:13.731,2025-06-26 05:40:13.734,1
25243843,bf996092-8d66-408a-8d8e-5065ca3330c2,f679f4cf-c089-4a2b-9b84-b14129630601,3d316763-1b09-4256-b815-ac86025538f1,FM42EJFZPNC5F3HF,Workflow to be changed,2025-06-26 05:40:13.741,2025-06-26 05:40:13.743,1
25243844,bf996092-8d66-408a-8d8e-5065ca3330c2,f679f4cf-c089-4a2b-9b84-b14129630601,3d316763-1b09-4256-b815-ac86025538f1,FM42EJFZPNC5F3HF,Workflow to be changed,2025-06-26 05:40:13.748,2025-06-26 05:40:13.75,1
25243845,bf996092-8d66-408a-8d8e-5065ca3330c2,f679f4cf-c089-4a2b-9b84-b14129630601,3d316763-1b09-4256-b815-ac86025538f1,FM42EJFZPNC5F3HF,Workflow to be changed,2025-06-26 05:40:13.754,2025-06-26 05:40:13.756,1
25243846,bf996092-8d66-408a-8d8e-5065ca3330c2,f679f4cf-c089-4a2b-9b84-b14129630601,3d316763-1b09-4256-b815-ac86025538f1,FM42EJFZPNC5F3HF,Workflow to be changed,2025-06-26 05:40:13.76,2025-06-26 05:40:13.762,1
25243847,bf996092-8d66-408a-8d8e-5065ca3330c2,f679f4cf-c089-4a2b-9b84-b14129630601,3d316763-1b09-4256-b815-ac86025538f1,FM42EJFZPNC5F3HF,Workflow to be changed,2025-06-26 05:40:13.766,2025-06-26 05:40:13.768,1
25243848,bf996092-8d66-408a-8d8e-5065ca3330c2,f679f4cf-c089-4a2b-9b84-b14129630601,3d316763-1b09-4256-b815-ac86025538f1,FM42EJFZPNC5F3HF,Workflow to be changed,2025-06-26 05:40:13.773,2025-06-26 05:40:13.774,1
25243849,bf996092-8d66-408a-8d8e-5065ca3330c2,f679f4cf-c089-4a2b-9b84-b14129630601,3d316763-1b09-4256-b815-ac86025538f1,FM42EJFZPNC5F3HF,Workflow to be changed,2025-06-26 05:40:13.779,2025-06-26 05:40:13.78,1
25243850,bf996092-8d66-408a-8d8e-5065ca3330c2,f679f4cf-c089-4a2b-9b84-b14129630601,3d316763-1b09-4256-b815-ac86025538f1,FM42EJFZPNC5F3HF,Workflow to be changed,2025-06-26 05:40:13.791,2025-06-26 05:40:13.793,1
25243852,bf996092-8d66-408a-8d8e-5065ca3330c2,f679f4cf-c089-4a2b-9b84-b14129630601,48d2b787-5fc9-4199-aae0-b04532c8bb97,FM42EJFZPNC5F3HF,Workflow to be changed,2025-06-26 05:40:21.977,2025-06-26 05:40:21.979,1
25243853,bf996092-8d66-408a-8d8e-5065ca3330c2,f679f4cf-c089-4a2b-9b84-b14129630601,48d2b787-5fc9-4199-aae0-b04532c8bb97,FM42EJFZPNC5F3HF,Workflow to be changed,2025-06-26 05:40:21.984,2025-06-26 05:40:21.986,1
25243854,bf996092-8d66-408a-8d8e-5065ca3330c2,f679f4cf-c089-4a2b-9b84-b14129630601,48d2b787-5fc9-4199-aae0-b04532c8bb97,FM42EJFZPNC5F3HF,Workflow to be changed,2025-06-26 05:40:21.99,2025-06-26 05:40:21.992,1
25243855,bf996092-8d66-408a-8d8e-5065ca3330c2,f679f4cf-c089-4a2b-9b84-b14129630601,48d2b787-5fc9-4199-aae0-b04532c8bb97,FM42EJFZPNC5F3HF,Workflow to be changed,2025-06-26 05:40:22.001,2025-06-26 05:40:22.003,1
25243856,bf996092-8d66-408a-8d8e-5065ca3330c2,f679f4cf-c089-4a2b-9b84-b14129630601,48d2b787-5fc9-4199-aae0-b04532c8bb97,FM42EJFZPNC5F3HF,Workflow to be changed,2025-06-26 05:40:22.007,2025-06-26 05:40:22.008,1
25243857,bf996092-8d66-408a-8d8e-5065ca3330c2,f679f4cf-c089-4a2b-9b84-b14129630601,48d2b787-5fc9-4199-aae0-b04532c8bb97,FM42EJFZPNC5F3HF,Workflow to be changed,2025-06-26 05:40:22.012,2025-06-26 05:40:22.014,1
25243858,bf996092-8d66-408a-8d8e-5065ca3330c2,f679f4cf-c089-4a2b-9b84-b14129630601,48d2b787-5fc9-4199-aae0-b04532c8bb97,FM42EJFZPNC5F3HF,Workflow to be changed,2025-06-26 05:40:22.018,2025-06-26 05:40:22.02,1
25243859,bf996092-8d66-408a-8d8e-5065ca3330c2,f679f4cf-c089-4a2b-9b84-b14129630601,48d2b787-5fc9-4199-aae0-b04532c8bb97,FM42EJFZPNC5F3HF,Workflow to be changed,2025-06-26 05:40:22.023,2025-06-26 05:40:22.025,1
25243860,bf996092-8d66-408a-8d8e-5065ca3330c2,f679f4cf-c089-4a2b-9b84-b14129630601,48d2b787-5fc9-4199-aae0-b04532c8bb97,FM42EJFZPNC5F3HF,Workflow to be changed,2025-06-26 05:40:22.029,2025-06-26 05:40:22.03,1
25243861,bf996092-8d66-408a-8d8e-5065ca3330c2,f679f4cf-c089-4a2b-9b84-b14129630601,48d2b787-5fc9-4199-aae0-b04532c8bb97,FM42EJFZPNC5F3HF,Workflow to be changed,2025-06-26 05:40:22.034,2025-06-26 05:40:22.036,1
25243908,bf996092-8d66-408a-8d8e-5065ca3330c2,f679f4cf-c089-4a2b-9b84-b14129630601,a838c6a9-d5a1-475f-bb6c-a2cabf2ee3a5,FM42EJFZPNC5F3HF,Ground floor for review and sign stamp,2025-06-26 05:41:55.482,2025-06-26 05:41:57.623,1
25244397,bf996092-8d66-408a-8d8e-5065ca3330c2,f679f4cf-c089-4a2b-9b84-b14129630601,eafe6a24-57d5-41f5-adca-13b77f15efd6,FM42EJFZPNC5F3HF,TYPICAL 6TH TO 9TH FLOOR FORS SIGN & STAMP ,2025-06-26 05:58:42.684,2025-06-26 05:58:44.635,1
25244526,bf996092-8d66-408a-8d8e-5065ca3330c2,ada6015d-9fce-4f2c-b20f-fc9122d2face,9e6cd536-e88e-4d13-a0fd-d1c5b566dcf0,755J89QWMS5SYD8P,"",2025-06-26 06:02:38.492,2025-06-26 06:02:38.533,1
25247552,bf996092-8d66-408a-8d8e-5065ca3330c2,f679f4cf-c089-4a2b-9b84-b14129630601,81a61e5c-689a-48c9-8a5a-2b77aec5c55a,FM42EJFZPNC5F3HF,TYPICAL FLOOR BEAM & SLAB REINFORCEMENT FOR REVIEW,2025-06-26 07:20:06.655,2025-06-26 07:20:08.516,1
25252419,bf996092-8d66-408a-8d8e-5065ca3330c2,f679f4cf-c089-4a2b-9b84-b14129630601,a838c6a9-d5a1-475f-bb6c-a2cabf2ee3a5,NTHFQB8P8X3C,"Dear Shyam JI,
Kindly cross check and incorporate the observation as marked. ",2025-06-26 09:26:17.185,2025-06-26 09:26:17.188,1
25252420,bf996092-8d66-408a-8d8e-5065ca3330c2,f679f4cf-c089-4a2b-9b84-b14129630601,a838c6a9-d5a1-475f-bb6c-a2cabf2ee3a5,NTHFQB8P8X3C,"Dear Shyam JI,
Kindly cross check and incorporate the observation as marked. ",2025-06-26 09:26:17.191,2025-06-26 09:26:17.192,1
25252421,bf996092-8d66-408a-8d8e-5065ca3330c2,f679f4cf-c089-4a2b-9b84-b14129630601,a838c6a9-d5a1-475f-bb6c-a2cabf2ee3a5,NTHFQB8P8X3C,"Dear Shyam JI,
Kindly cross check and incorporate the observation as marked. ",2025-06-26 09:26:17.195,2025-06-26 09:26:17.196,1
25252422,bf996092-8d66-408a-8d8e-5065ca3330c2,f679f4cf-c089-4a2b-9b84-b14129630601,a838c6a9-d5a1-475f-bb6c-a2cabf2ee3a5,NTHFQB8P8X3C,"Dear Shyam JI,
Kindly cross check and incorporate the observation as marked. ",2025-06-26 09:26:17.199,2025-06-26 09:26:17.201,1
25252423,bf996092-8d66-408a-8d8e-5065ca3330c2,f679f4cf-c089-4a2b-9b84-b14129630601,a838c6a9-d5a1-475f-bb6c-a2cabf2ee3a5,NTHFQB8P8X3C,"Dear Shyam JI,
Kindly cross check and incorporate the observation as marked. ",2025-06-26 09:26:17.203,2025-06-26 09:26:17.205,1
25252424,bf996092-8d66-408a-8d8e-5065ca3330c2,f679f4cf-c089-4a2b-9b84-b14129630601,a838c6a9-d5a1-475f-bb6c-a2cabf2ee3a5,NTHFQB8P8X3C,"Dear Shyam JI,
Kindly cross check and incorporate the observation as marked. ",2025-06-26 09:26:17.207,2025-06-26 09:26:17.209,1
25252425,bf996092-8d66-408a-8d8e-5065ca3330c2,f679f4cf-c089-4a2b-9b84-b14129630601,a838c6a9-d5a1-475f-bb6c-a2cabf2ee3a5,NTHFQB8P8X3C,"Dear Shyam JI,
Kindly cross check and incorporate the observation as marked. ",2025-06-26 09:26:17.211,2025-06-26 09:26:17.213,1
25252426,bf996092-8d66-408a-8d8e-5065ca3330c2,f679f4cf-c089-4a2b-9b84-b14129630601,a838c6a9-d5a1-475f-bb6c-a2cabf2ee3a5,NTHFQB8P8X3C,"Dear Shyam JI,
Kindly cross check and incorporate the observation as marked. ",2025-06-26 09:26:17.215,2025-06-26 09:26:17.216,1
25252427,bf996092-8d66-408a-8d8e-5065ca3330c2,f679f4cf-c089-4a2b-9b84-b14129630601,a838c6a9-d5a1-475f-bb6c-a2cabf2ee3a5,NTHFQB8P8X3C,"Dear Shyam JI,
Kindly cross check and incorporate the observation as marked. ",2025-06-26 09:26:17.219,2025-06-26 09:26:17.221,1
25252428,bf996092-8d66-408a-8d8e-5065ca3330c2,f679f4cf-c089-4a2b-9b84-b14129630601,a838c6a9-d5a1-475f-bb6c-a2cabf2ee3a5,NTHFQB8P8X3C,"Dear Shyam JI,
Kindly cross check and incorporate the observation as marked. ",2025-06-26 09:26:17.224,2025-06-26 09:26:17.226,1
25292564,bf996092-8d66-408a-8d8e-5065ca3330c2,f679f4cf-c089-4a2b-9b84-b14129630601,acecaf3c-c97f-4bcb-95a1-3f765595f68d,FM42EJFZPNC5F3HF,"3F,4F,5F for review",2025-06-27 12:11:15.495,2025-06-27 12:11:17.457,1
25313285,bf996092-8d66-408a-8d8e-5065ca3330c2,f6ab14eb-1a66-4ea5-8a0f-0afbda444403,47ebb1ec-30ab-4903-8fdb-34b49a14b4ad,U2622GRJM8M9JZ4F,IN V1` Report Data enter wrong and date missmatch ..please fing v2 for latest version,2025-06-28 09:10:37.882,2025-06-28 09:10:39.71,1
25313387,bf996092-8d66-408a-8d8e-5065ca3330c2,f6ab14eb-1a66-4ea5-8a0f-0afbda444403,d1092ee4-eb9b-4b69-b77b-ea1bd6d0b72a,U2622GRJM8M9JZ4F,"",2025-06-28 09:22:25.102,2025-06-28 09:22:26.889,1
25339153,bf996092-8d66-408a-8d8e-5065ca3330c2,f6ab14eb-1a66-4ea5-8a0f-0afbda444403,87e48c75-be72-4807-af91-9c3cf433aa9a,NXBJU9KZRN2LR6EX,"Data entered is false , date is not correct.",2025-06-30 09:54:15.166,2025-06-30 09:54:15.224,1
25339272,bf996092-8d66-408a-8d8e-5065ca3330c2,f6ab14eb-1a66-4ea5-8a0f-0afbda444403,47ebb1ec-30ab-4903-8fdb-34b49a14b4ad,NXBJU9KZRN2LR6EX,"",2025-06-30 09:57:15.843,2025-06-30 09:57:15.982,1
25339375,bf996092-8d66-408a-8d8e-5065ca3330c2,f6ab14eb-1a66-4ea5-8a0f-0afbda444403,d1092ee4-eb9b-4b69-b77b-ea1bd6d0b72a,NXBJU9KZRN2LR6EX,"",2025-06-30 10:00:07.41,2025-06-30 10:00:07.455,1
25340493,bf996092-8d66-408a-8d8e-5065ca3330c2,f679f4cf-c089-4a2b-9b84-b14129630601,7d494274-f38a-45eb-9a67-8682f23b4fbf,NTHFQB8P8X3C,Need to resolve comments as marked ,2025-06-30 10:29:48.391,2025-06-30 10:29:48.394,1
25340494,bf996092-8d66-408a-8d8e-5065ca3330c2,f679f4cf-c089-4a2b-9b84-b14129630601,7d494274-f38a-45eb-9a67-8682f23b4fbf,NTHFQB8P8X3C,Need to resolve comments as marked ,2025-06-30 10:29:48.397,2025-06-30 10:29:48.399,1
25340495,bf996092-8d66-408a-8d8e-5065ca3330c2,f679f4cf-c089-4a2b-9b84-b14129630601,7d494274-f38a-45eb-9a67-8682f23b4fbf,NTHFQB8P8X3C,Need to resolve comments as marked ,2025-06-30 10:29:48.401,2025-06-30 10:29:48.411,1
25340496,bf996092-8d66-408a-8d8e-5065ca3330c2,f679f4cf-c089-4a2b-9b84-b14129630601,7d494274-f38a-45eb-9a67-8682f23b4fbf,NTHFQB8P8X3C,Need to resolve comments as marked ,2025-06-30 10:29:48.413,2025-06-30 10:29:48.415,1
25340497,bf996092-8d66-408a-8d8e-5065ca3330c2,f679f4cf-c089-4a2b-9b84-b14129630601,7d494274-f38a-45eb-9a67-8682f23b4fbf,NTHFQB8P8X3C,Need to resolve comments as marked ,2025-06-30 10:29:48.417,2025-06-30 10:29:48.419,1
25340498,bf996092-8d66-408a-8d8e-5065ca3330c2,f679f4cf-c089-4a2b-9b84-b14129630601,7d494274-f38a-45eb-9a67-8682f23b4fbf,NTHFQB8P8X3C,Need to resolve comments as marked ,2025-06-30 10:29:48.421,2025-06-30 10:29:48.423,1
25340499,bf996092-8d66-408a-8d8e-5065ca3330c2,f679f4cf-c089-4a2b-9b84-b14129630601,7d494274-f38a-45eb-9a67-8682f23b4fbf,NTHFQB8P8X3C,Need to resolve comments as marked ,2025-06-30 10:29:48.425,2025-06-30 10:29:48.426,1
25340500,bf996092-8d66-408a-8d8e-5065ca3330c2,f679f4cf-c089-4a2b-9b84-b14129630601,7d494274-f38a-45eb-9a67-8682f23b4fbf,NTHFQB8P8X3C,Need to resolve comments as marked ,2025-06-30 10:29:48.429,2025-06-30 10:29:48.43,1
25340501,bf996092-8d66-408a-8d8e-5065ca3330c2,f679f4cf-c089-4a2b-9b84-b14129630601,7d494274-f38a-45eb-9a67-8682f23b4fbf,NTHFQB8P8X3C,Need to resolve comments as marked ,2025-06-30 10:29:48.432,2025-06-30 10:29:48.434,1
25340502,bf996092-8d66-408a-8d8e-5065ca3330c2,f679f4cf-c089-4a2b-9b84-b14129630601,7d494274-f38a-45eb-9a67-8682f23b4fbf,NTHFQB8P8X3C,Need to resolve comments as marked ,2025-06-30 10:29:48.436,2025-06-30 10:29:48.438,1
25344532,bf996092-8d66-408a-8d8e-5065ca3330c2,f679f4cf-c089-4a2b-9b84-b14129630601,03d6aacb-3531-4627-986c-2f98e8c60d1b,YQH2SLPMM8Q48DDT,"",2025-06-30 12:15:34.124,2025-06-30 12:15:35.975,1
25344585,bf996092-8d66-408a-8d8e-5065ca3330c2,f679f4cf-c089-4a2b-9b84-b14129630601,f3db41b9-b20b-4ec5-ba91-d1677494b135,YQH2SLPMM8Q48DDT,"",2025-06-30 12:16:49.425,2025-06-30 12:16:51.451,1
25344624,bf996092-8d66-408a-8d8e-5065ca3330c2,f679f4cf-c089-4a2b-9b84-b14129630601,c483817a-98de-4dff-9f89-4f3cad7b7d57,YQH2SLPMM8Q48DDT,"",2025-06-30 12:17:52.78,2025-06-30 12:17:54.747,1
25365464,bf996092-8d66-408a-8d8e-5065ca3330c2,f679f4cf-c089-4a2b-9b84-b14129630601,ef63ca15-718e-49c3-8675-33f7392ad768,YQH2SLPMM8Q48DDT,"",2025-07-01 04:02:43.111,2025-07-01 04:02:44.91,1
25388698,bf996092-8d66-408a-8d8e-5065ca3330c2,f6ab14eb-1a66-4ea5-8a0f-0afbda444403,9680fa69-42d9-4391-9640-1bc0c09a1d31,FM42EJFZPNC5F3HF,"",2025-07-01 14:17:24.955,2025-07-01 14:17:26.949,1
25460200,bf996092-8d66-408a-8d8e-5065ca3330c2,f6ab14eb-1a66-4ea5-8a0f-0afbda444403,725f7b6b-2225-4b41-a63a-ed466fd0be30,U2622GRJM8M9JZ4F,"",2025-07-03 11:42:28.959,2025-07-03 11:42:31.06,1
25460560,bf996092-8d66-408a-8d8e-5065ca3330c2,f6ab14eb-1a66-4ea5-8a0f-0afbda444403,4a96eb60-ac48-43d5-9720-71a91a6efc24,U2622GRJM8M9JZ4F,"",2025-07-03 11:52:59.412,2025-07-03 11:53:01.15,1
25460727,bf996092-8d66-408a-8d8e-5065ca3330c2,f6ab14eb-1a66-4ea5-8a0f-0afbda444403,fcb743a5-56c7-40e3-9ad3-ef238a0817db,U2622GRJM8M9JZ4F,"",2025-07-03 11:58:56.375,2025-07-03 11:58:58.17,1
25461710,bf996092-8d66-408a-8d8e-5065ca3330c2,f6ab14eb-1a66-4ea5-8a0f-0afbda444403,3fc1549c-8270-4cda-9856-c6328a770ad0,U2622GRJM8M9JZ4F,"",2025-07-03 12:29:03.684,2025-07-03 12:29:05.703,1
25462550,bf996092-8d66-408a-8d8e-5065ca3330c2,f6ab14eb-1a66-4ea5-8a0f-0afbda444403,48055898-e4cc-46f8-8782-2d3f2eccabbb,U2622GRJM8M9JZ4F,"",2025-07-03 12:46:55.925,2025-07-03 12:46:57.738,1
25483343,bf996092-8d66-408a-8d8e-5065ca3330c2,f6ab14eb-1a66-4ea5-8a0f-0afbda444403,48055898-e4cc-46f8-8782-2d3f2eccabbb,NXBJU9KZRN2LR6EX,"",2025-07-04 04:41:06.9,2025-07-04 04:41:06.944,1
25483362,bf996092-8d66-408a-8d8e-5065ca3330c2,f6ab14eb-1a66-4ea5-8a0f-0afbda444403,3fc1549c-8270-4cda-9856-c6328a770ad0,NXBJU9KZRN2LR6EX,DPR 1 JULY 25,2025-07-04 04:42:25.181,2025-07-04 04:42:25.225,1
25483396,bf996092-8d66-408a-8d8e-5065ca3330c2,f6ab14eb-1a66-4ea5-8a0f-0afbda444403,fcb743a5-56c7-40e3-9ad3-ef238a0817db,NXBJU9KZRN2LR6EX,DPR 30JUN 25,2025-07-04 04:44:05.429,2025-07-04 04:44:05.472,1
25483411,bf996092-8d66-408a-8d8e-5065ca3330c2,f6ab14eb-1a66-4ea5-8a0f-0afbda444403,4a96eb60-ac48-43d5-9720-71a91a6efc24,NXBJU9KZRN2LR6EX,DPR 29 JUNE 25,2025-07-04 04:45:23.901,2025-07-04 04:45:23.943,1
25483437,bf996092-8d66-408a-8d8e-5065ca3330c2,f6ab14eb-1a66-4ea5-8a0f-0afbda444403,725f7b6b-2225-4b41-a63a-ed466fd0be30,NXBJU9KZRN2LR6EX,DPR 28 JUN 25,2025-07-04 04:46:05.266,2025-07-04 04:46:05.309,1
25485978,bf996092-8d66-408a-8d8e-5065ca3330c2,f679f4cf-c089-4a2b-9b84-b14129630601,ba0b9fe4-9767-4d25-9cbd-4f124996f8a7,YQH2SLPMM8Q48DDT,"",2025-07-04 06:47:22.325,2025-07-04 06:47:24.109,1
25485997,bf996092-8d66-408a-8d8e-5065ca3330c2,f679f4cf-c089-4a2b-9b84-b14129630601,c1b68c29-3a05-466c-a567-a5cc07e146b5,YQH2SLPMM8Q48DDT,"",2025-07-04 06:48:13.471,2025-07-04 06:48:15.351,1
25486007,bf996092-8d66-408a-8d8e-5065ca3330c2,f679f4cf-c089-4a2b-9b84-b14129630601,b9e3e65e-bdc2-4b0a-8e18-d5b941853811,YQH2SLPMM8Q48DDT,"",2025-07-04 06:48:43.978,2025-07-04 06:48:46.645,1
25487129,bf996092-8d66-408a-8d8e-5065ca3330c2,e9b596f2-48ee-419b-a199-da304b38c398,685d4e1d-47cd-477b-8b1b-e8a26c5ca297,E8X2CHN6NP9MT4HA,"",2025-07-04 07:18:47.194,2025-07-04 07:18:49.182,1
25487208,bf996092-8d66-408a-8d8e-5065ca3330c2,e9b596f2-48ee-419b-a199-da304b38c398,685d4e1d-47cd-477b-8b1b-e8a26c5ca297,E8X2CHN6NP9MT4HA,OK,2025-07-04 07:22:05.568,2025-07-04 07:22:05.571,1
25487209,bf996092-8d66-408a-8d8e-5065ca3330c2,e9b596f2-48ee-419b-a199-da304b38c398,685d4e1d-47cd-477b-8b1b-e8a26c5ca297,E8X2CHN6NP9MT4HA,OK,2025-07-04 07:22:05.576,2025-07-04 07:22:05.578,1
25487210,bf996092-8d66-408a-8d8e-5065ca3330c2,e9b596f2-48ee-419b-a199-da304b38c398,685d4e1d-47cd-477b-8b1b-e8a26c5ca297,E8X2CHN6NP9MT4HA,OK,2025-07-04 07:22:05.587,2025-07-04 07:22:05.591,1
25487211,bf996092-8d66-408a-8d8e-5065ca3330c2,e9b596f2-48ee-419b-a199-da304b38c398,685d4e1d-47cd-477b-8b1b-e8a26c5ca297,E8X2CHN6NP9MT4HA,OK,2025-07-04 07:22:05.596,2025-07-04 07:22:05.599,1
25487212,bf996092-8d66-408a-8d8e-5065ca3330c2,e9b596f2-48ee-419b-a199-da304b38c398,685d4e1d-47cd-477b-8b1b-e8a26c5ca297,E8X2CHN6NP9MT4HA,OK,2025-07-04 07:22:05.604,2025-07-04 07:22:05.61,1
25487213,bf996092-8d66-408a-8d8e-5065ca3330c2,e9b596f2-48ee-419b-a199-da304b38c398,685d4e1d-47cd-477b-8b1b-e8a26c5ca297,E8X2CHN6NP9MT4HA,OK,2025-07-04 07:22:05.614,2025-07-04 07:22:05.616,1
25487214,bf996092-8d66-408a-8d8e-5065ca3330c2,e9b596f2-48ee-419b-a199-da304b38c398,685d4e1d-47cd-477b-8b1b-e8a26c5ca297,E8X2CHN6NP9MT4HA,OK,2025-07-04 07:22:05.62,2025-07-04 07:22:05.623,1
25487215,bf996092-8d66-408a-8d8e-5065ca3330c2,e9b596f2-48ee-419b-a199-da304b38c398,685d4e1d-47cd-477b-8b1b-e8a26c5ca297,E8X2CHN6NP9MT4HA,OK,2025-07-04 07:22:05.627,2025-07-04 07:22:05.629,1
25487216,bf996092-8d66-408a-8d8e-5065ca3330c2,e9b596f2-48ee-419b-a199-da304b38c398,685d4e1d-47cd-477b-8b1b-e8a26c5ca297,E8X2CHN6NP9MT4HA,OK,2025-07-04 07:22:05.642,2025-07-04 07:22:05.646,1
25487217,bf996092-8d66-408a-8d8e-5065ca3330c2,e9b596f2-48ee-419b-a199-da304b38c398,685d4e1d-47cd-477b-8b1b-e8a26c5ca297,E8X2CHN6NP9MT4HA,OK,2025-07-04 07:22:05.657,2025-07-04 07:22:05.661,1
25513747,bf996092-8d66-408a-8d8e-5065ca3330c2,f679f4cf-c089-4a2b-9b84-b14129630601,efab657c-e188-4445-8b06-8e77a0a2f2c6,YQH2SLPMM8Q48DDT,"",2025-07-05 04:36:35.062,2025-07-05 04:36:36.87,1
25530968,bf996092-8d66-408a-8d8e-5065ca3330c2,f679f4cf-c089-4a2b-9b84-b14129630601,a056d7b8-046f-4795-94c8-0ff7f3855f1d,YQH2SLPMM8Q48DDT,"",2025-07-07 05:02:17.013,2025-07-07 05:02:18.856,1
25530985,bf996092-8d66-408a-8d8e-5065ca3330c2,f679f4cf-c089-4a2b-9b84-b14129630601,b069383f-c8a0-4513-af66-7a7d3e9262cd,YQH2SLPMM8Q48DDT,"",2025-07-07 05:03:00.271,2025-07-07 05:03:02.033,1
25531005,bf996092-8d66-408a-8d8e-5065ca3330c2,f679f4cf-c089-4a2b-9b84-b14129630601,ccc12db1-de7e-43d7-a905-f58d49ab74eb,YQH2SLPMM8Q48DDT,"",2025-07-07 05:04:12.857,2025-07-07 05:04:14.598,1
25576036,bf996092-8d66-408a-8d8e-5065ca3330c2,f679f4cf-c089-4a2b-9b84-b14129630601,be87b9a0-d8a3-44df-96c3-7ae1fd36b9cb,3NGJNZCXN8PBNTRV,"",2025-07-08 07:59:27.807,2025-07-08 07:59:27.848,1
25207303,bf996092-8d66-408a-8d8e-5065ca3330c2,e9b596f2-48ee-419b-a199-da304b38c398,e5b72d34-8c1a-4366-9f4e-224be4bab3a6,DX6J5SASN4NA66QN,all sheets should be as individual files so can be checked properly ,2025-06-25 07:12:04.062,2025-06-25 07:12:04.063,1
25207304,bf996092-8d66-408a-8d8e-5065ca3330c2,e9b596f2-48ee-419b-a199-da304b38c398,e5b72d34-8c1a-4366-9f4e-224be4bab3a6,DX6J5SASN4NA66QN,all sheets should be as individual files so can be checked properly ,2025-06-25 07:12:04.064,2025-06-25 07:12:04.065,1
25212014,bf996092-8d66-408a-8d8e-5065ca3330c2,ada6015d-9fce-4f2c-b20f-fc9122d2face,44980050-a48f-471b-bab7-6bae8a1f82d9,YEYJGRGXQH2X5DAY,"",2025-06-25 09:15:02.448,2025-06-25 09:15:04.885,1
25212061,bf996092-8d66-408a-8d8e-5065ca3330c2,ada6015d-9fce-4f2c-b20f-fc9122d2face,44980050-a48f-471b-bab7-6bae8a1f82d9,V9Q2X946QA52XTJG,"",2025-06-25 09:15:51.42,2025-06-25 09:15:51.52,1
25212068,bf996092-8d66-408a-8d8e-5065ca3330c2,ada6015d-9fce-4f2c-b20f-fc9122d2face,44980050-a48f-471b-bab7-6bae8a1f82d9,V9Q2X946QA52XTJG,"",2025-06-25 09:16:06.524,2025-06-25 09:16:06.57,1
25212075,bf996092-8d66-408a-8d8e-5065ca3330c2,ada6015d-9fce-4f2c-b20f-fc9122d2face,44980050-a48f-471b-bab7-6bae8a1f82d9,V9Q2X946QA52XTJG,"",2025-06-25 09:16:19.786,2025-06-25 09:16:19.825,1
25212083,bf996092-8d66-408a-8d8e-5065ca3330c2,ada6015d-9fce-4f2c-b20f-fc9122d2face,44980050-a48f-471b-bab7-6bae8a1f82d9,V9Q2X946QA52XTJG,"",2025-06-25 09:16:35.619,2025-06-25 09:16:35.67,1
25212085,bf996092-8d66-408a-8d8e-5065ca3330c2,ada6015d-9fce-4f2c-b20f-fc9122d2face,44980050-a48f-471b-bab7-6bae8a1f82d9,V9Q2X946QA52XTJG,"",2025-06-25 09:16:47.549,2025-06-25 09:16:47.6,1
25212090,bf996092-8d66-408a-8d8e-5065ca3330c2,ada6015d-9fce-4f2c-b20f-fc9122d2face,44980050-a48f-471b-bab7-6bae8a1f82d9,V9Q2X946QA52XTJG,"",2025-06-25 09:16:59.283,2025-06-25 09:16:59.323,1
25212098,bf996092-8d66-408a-8d8e-5065ca3330c2,ada6015d-9fce-4f2c-b20f-fc9122d2face,44980050-a48f-471b-bab7-6bae8a1f82d9,V9Q2X946QA52XTJG,"",2025-06-25 09:17:11.865,2025-06-25 09:17:11.914,1
25212103,bf996092-8d66-408a-8d8e-5065ca3330c2,ada6015d-9fce-4f2c-b20f-fc9122d2face,44980050-a48f-471b-bab7-6bae8a1f82d9,V9Q2X946QA52XTJG,"",2025-06-25 09:17:26.784,2025-06-25 09:17:26.833,1
25212111,bf996092-8d66-408a-8d8e-5065ca3330c2,ada6015d-9fce-4f2c-b20f-fc9122d2face,44980050-a48f-471b-bab7-6bae8a1f82d9,V9Q2X946QA52XTJG,"",2025-06-25 09:17:41.194,2025-06-25 09:17:41.277,1
25212116,bf996092-8d66-408a-8d8e-5065ca3330c2,ada6015d-9fce-4f2c-b20f-fc9122d2face,44980050-a48f-471b-bab7-6bae8a1f82d9,V9Q2X946QA52XTJG,"",2025-06-25 09:17:52.737,2025-06-25 09:17:52.781,1
25212128,bf996092-8d66-408a-8d8e-5065ca3330c2,ada6015d-9fce-4f2c-b20f-fc9122d2face,44980050-a48f-471b-bab7-6bae8a1f82d9,V9Q2X946QA52XTJG,"",2025-06-25 09:18:05.741,2025-06-25 09:18:05.79,1
25212138,bf996092-8d66-408a-8d8e-5065ca3330c2,ada6015d-9fce-4f2c-b20f-fc9122d2face,44980050-a48f-471b-bab7-6bae8a1f82d9,V9Q2X946QA52XTJG,"",2025-06-25 09:18:38.143,2025-06-25 09:18:38.203,1
25212153,bf996092-8d66-408a-8d8e-5065ca3330c2,ada6015d-9fce-4f2c-b20f-fc9122d2face,44980050-a48f-471b-bab7-6bae8a1f82d9,V9Q2X946QA52XTJG,"",2025-06-25 09:19:09.012,2025-06-25 09:19:09.052,1
25212158,bf996092-8d66-408a-8d8e-5065ca3330c2,ada6015d-9fce-4f2c-b20f-fc9122d2face,44980050-a48f-471b-bab7-6bae8a1f82d9,V9Q2X946QA52XTJG,"",2025-06-25 09:19:24.535,2025-06-25 09:19:24.585,1
25212164,bf996092-8d66-408a-8d8e-5065ca3330c2,ada6015d-9fce-4f2c-b20f-fc9122d2face,44980050-a48f-471b-bab7-6bae8a1f82d9,V9Q2X946QA52XTJG,"",2025-06-25 09:19:36.142,2025-06-25 09:19:36.189,1
25212171,bf996092-8d66-408a-8d8e-5065ca3330c2,ada6015d-9fce-4f2c-b20f-fc9122d2face,44980050-a48f-471b-bab7-6bae8a1f82d9,V9Q2X946QA52XTJG,"",2025-06-25 09:19:47.721,2025-06-25 09:19:47.757,1
25212176,bf996092-8d66-408a-8d8e-5065ca3330c2,ada6015d-9fce-4f2c-b20f-fc9122d2face,44980050-a48f-471b-bab7-6bae8a1f82d9,V9Q2X946QA52XTJG,"",2025-06-25 09:19:59.553,2025-06-25 09:19:59.599,1
25212178,bf996092-8d66-408a-8d8e-5065ca3330c2,ada6015d-9fce-4f2c-b20f-fc9122d2face,44980050-a48f-471b-bab7-6bae8a1f82d9,V9Q2X946QA52XTJG,"",2025-06-25 09:20:11.561,2025-06-25 09:20:11.605,1
25212186,bf996092-8d66-408a-8d8e-5065ca3330c2,ada6015d-9fce-4f2c-b20f-fc9122d2face,44980050-a48f-471b-bab7-6bae8a1f82d9,V9Q2X946QA52XTJG,"",2025-06-25 09:20:30.03,2025-06-25 09:20:30.088,1
25212192,bf996092-8d66-408a-8d8e-5065ca3330c2,ada6015d-9fce-4f2c-b20f-fc9122d2face,44980050-a48f-471b-bab7-6bae8a1f82d9,V9Q2X946QA52XTJG,"",2025-06-25 09:20:46.93,2025-06-25 09:20:46.975,1
25214443,bf996092-8d66-408a-8d8e-5065ca3330c2,967e785d-d83c-490b-8d6a-2ed926c956ac,3843ad85-2e10-4bd1-874e-c2faa49865cc,C6Z2RETEN3MN8XZF,"",2025-06-25 10:19:29.647,2025-06-25 10:19:29.683,1
25214552,bf996092-8d66-408a-8d8e-5065ca3330c2,ada6015d-9fce-4f2c-b20f-fc9122d2face,b2edb30b-7d30-464e-8488-83d71f28c1fb,V9Q2X946QA52XTJG,"",2025-06-25 10:22:00.394,2025-06-25 10:22:02.136,1
25214581,bf996092-8d66-408a-8d8e-5065ca3330c2,ada6015d-9fce-4f2c-b20f-fc9122d2face,b2edb30b-7d30-464e-8488-83d71f28c1fb,CMJ2N3U8MSMRM8ZA,"",2025-06-25 10:22:41.846,2025-06-25 10:22:41.927,1
25214971,bf996092-8d66-408a-8d8e-5065ca3330c2,ada6015d-9fce-4f2c-b20f-fc9122d2face,08187fbc-793e-429c-91ad-387d5c5e9503,CMJ2N3U8MSMRM8ZA,Approved,2025-06-25 10:32:20.794,2025-06-25 10:32:20.821,1
25281360,bf996092-8d66-408a-8d8e-5065ca3330c2,f679f4cf-c089-4a2b-9b84-b14129630601,11d4e9b5-b3ee-40af-981b-71075fe22fe1,YQH2SLPMM8Q48DDT,"",2025-06-27 04:25:11.693,2025-06-27 04:25:13.491,1
25281635,bf996092-8d66-408a-8d8e-5065ca3330c2,f6ab14eb-1a66-4ea5-8a0f-0afbda444403,87e48c75-be72-4807-af91-9c3cf433aa9a,U2622GRJM8M9JZ4F,"",2025-06-27 04:46:32.873,2025-06-27 04:46:34.688,1
25282737,bf996092-8d66-408a-8d8e-5065ca3330c2,f679f4cf-c089-4a2b-9b84-b14129630601,11d4e9b5-b3ee-40af-981b-71075fe22fe1,3NGJNZCXN8PBNTRV,"",2025-06-27 06:06:05.48,2025-06-27 06:06:05.483,1
25282884,bf996092-8d66-408a-8d8e-5065ca3330c2,f679f4cf-c089-4a2b-9b84-b14129630601,7d494274-f38a-45eb-9a67-8682f23b4fbf,FM42EJFZPNC5F3HF,1F & 2F floor plan for review,2025-06-27 06:16:04.175,2025-06-27 06:16:06.733,1
25310937,bf996092-8d66-408a-8d8e-5065ca3330c2,f679f4cf-c089-4a2b-9b84-b14129630601,c99434e8-256d-468f-b8c0-c87d6a5da739,YQH2SLPMM8Q48DDT,"",2025-06-28 03:20:16.484,2025-06-28 03:20:18.321,1
25310939,bf996092-8d66-408a-8d8e-5065ca3330c2,f679f4cf-c089-4a2b-9b84-b14129630601,995bf73b-9837-4897-82ca-2f2f9d845b72,YQH2SLPMM8Q48DDT,"",2025-06-28 03:20:47.345,2025-06-28 03:20:49.174,1
25311343,bf996092-8d66-408a-8d8e-5065ca3330c2,f679f4cf-c089-4a2b-9b84-b14129630601,c99434e8-256d-468f-b8c0-c87d6a5da739,3NGJNZCXN8PBNTRV,"",2025-06-28 04:33:29.415,2025-06-28 04:33:29.468,1
25312132,bf996092-8d66-408a-8d8e-5065ca3330c2,f679f4cf-c089-4a2b-9b84-b14129630601,995bf73b-9837-4897-82ca-2f2f9d845b72,YQH2SLPMM8Q48DDT,,2025-06-28 06:36:13.158,2025-06-28 06:36:13.161,1
25312141,bf996092-8d66-408a-8d8e-5065ca3330c2,f679f4cf-c089-4a2b-9b84-b14129630601,11d4e9b5-b3ee-40af-981b-71075fe22fe1,YQH2SLPMM8Q48DDT,,2025-06-28 06:37:10.55,2025-06-28 06:37:10.553,2
25312159,bf996092-8d66-408a-8d8e-5065ca3330c2,f679f4cf-c089-4a2b-9b84-b14129630601,063b3d2f-6d7a-41a7-81b8-1d354cda5d15,YQH2SLPMM8Q48DDT,"",2025-06-28 06:39:45.663,2025-06-28 06:39:47.468,1
25328789,bf996092-8d66-408a-8d8e-5065ca3330c2,f679f4cf-c089-4a2b-9b84-b14129630601,7905507f-2b54-4d3e-b1a3-5aad152d17ed,YQH2SLPMM8Q48DDT,"",2025-06-30 04:37:16.913,2025-06-30 04:37:18.647,1
25329058,bf996092-8d66-408a-8d8e-5065ca3330c2,f679f4cf-c089-4a2b-9b84-b14129630601,f47404c0-841d-4c0c-9b6c-13d7193434a5,YQH2SLPMM8Q48DDT,"",2025-06-30 04:41:09.12,2025-06-30 04:41:11.06,1
25331319,bf996092-8d66-408a-8d8e-5065ca3330c2,f6ab14eb-1a66-4ea5-8a0f-0afbda444403,899e3ed1-0687-4ab9-83e8-d52919730de3,TZXRKN44WBAJ,Alignment of Column needs to be check as Bus parking ramp is getting obstructed and one column need to be removed as per our discussion.,2025-06-30 06:20:47.281,2025-06-30 06:20:47.331,1
25332992,bf996092-8d66-408a-8d8e-5065ca3330c2,f679f4cf-c089-4a2b-9b84-b14129630601,f47404c0-841d-4c0c-9b6c-13d7193434a5,YQH2SLPMM8Q48DDT,,2025-06-30 07:12:33.007,2025-06-30 07:12:33.009,1
25333003,bf996092-8d66-408a-8d8e-5065ca3330c2,f679f4cf-c089-4a2b-9b84-b14129630601,7905507f-2b54-4d3e-b1a3-5aad152d17ed,YQH2SLPMM8Q48DDT,,2025-06-30 07:13:01.456,2025-06-30 07:13:01.458,1
25333013,bf996092-8d66-408a-8d8e-5065ca3330c2,f679f4cf-c089-4a2b-9b84-b14129630601,063b3d2f-6d7a-41a7-81b8-1d354cda5d15,YQH2SLPMM8Q48DDT,,2025-06-30 07:13:19.038,2025-06-30 07:13:19.051,1
25373443,bf996092-8d66-408a-8d8e-5065ca3330c2,f679f4cf-c089-4a2b-9b84-b14129630601,7e598275-9b2c-4674-b384-a15c27098c1d,NTHFQB8P8X3C,"",2025-07-01 08:30:04.9,2025-07-01 08:30:07.178,1
25405227,bf996092-8d66-408a-8d8e-5065ca3330c2,f679f4cf-c089-4a2b-9b84-b14129630601,9ceade32-f3dd-4a29-a0ba-fec6f984fc5e,YQH2SLPMM8Q48DDT,"",2025-07-02 04:17:42.448,2025-07-02 04:17:44.244,1
25406489,bf996092-8d66-408a-8d8e-5065ca3330c2,f679f4cf-c089-4a2b-9b84-b14129630601,03d6aacb-3531-4627-986c-2f98e8c60d1b,3NGJNZCXN8PBNTRV,"",2025-07-02 05:12:27.286,2025-07-02 05:12:27.339,1
25445610,bf996092-8d66-408a-8d8e-5065ca3330c2,f679f4cf-c089-4a2b-9b84-b14129630601,b1e48b39-40e3-437a-9fbf-7294a777d39e,YQH2SLPMM8Q48DDT,"",2025-07-03 05:03:20.993,2025-07-03 05:03:22.941,1
25449091,bf996092-8d66-408a-8d8e-5065ca3330c2,f679f4cf-c089-4a2b-9b84-b14129630601,b1e48b39-40e3-437a-9fbf-7294a777d39e,3NGJNZCXN8PBNTRV,"",2025-07-03 07:04:07.366,2025-07-03 07:04:07.407,1
25449209,bf996092-8d66-408a-8d8e-5065ca3330c2,f679f4cf-c089-4a2b-9b84-b14129630601,f3db41b9-b20b-4ec5-ba91-d1677494b135,3NGJNZCXN8PBNTRV,"",2025-07-03 07:06:08.523,2025-07-03 07:06:08.567,1
25449249,bf996092-8d66-408a-8d8e-5065ca3330c2,f679f4cf-c089-4a2b-9b84-b14129630601,ef63ca15-718e-49c3-8675-33f7392ad768,3NGJNZCXN8PBNTRV,"",2025-07-03 07:07:01.198,2025-07-03 07:07:01.247,1
25449287,bf996092-8d66-408a-8d8e-5065ca3330c2,f679f4cf-c089-4a2b-9b84-b14129630601,9ceade32-f3dd-4a29-a0ba-fec6f984fc5e,3NGJNZCXN8PBNTRV,"",2025-07-03 07:08:11.663,2025-07-03 07:08:11.73,1
25449326,bf996092-8d66-408a-8d8e-5065ca3330c2,f679f4cf-c089-4a2b-9b84-b14129630601,c483817a-98de-4dff-9f89-4f3cad7b7d57,3NGJNZCXN8PBNTRV,"",2025-07-03 07:08:37.958,2025-07-03 07:08:38.014,1
25491159,bf996092-8d66-408a-8d8e-5065ca3330c2,f679f4cf-c089-4a2b-9b84-b14129630601,b9e3e65e-bdc2-4b0a-8e18-d5b941853811,3NGJNZCXN8PBNTRV,"",2025-07-04 08:54:55.746,2025-07-04 08:54:55.784,1
25491170,bf996092-8d66-408a-8d8e-5065ca3330c2,f679f4cf-c089-4a2b-9b84-b14129630601,c1b68c29-3a05-466c-a567-a5cc07e146b5,3NGJNZCXN8PBNTRV,"",2025-07-04 08:55:21.885,2025-07-04 08:55:21.962,1
25491183,bf996092-8d66-408a-8d8e-5065ca3330c2,f679f4cf-c089-4a2b-9b84-b14129630601,ba0b9fe4-9767-4d25-9cbd-4f124996f8a7,3NGJNZCXN8PBNTRV,"",2025-07-04 08:55:49.292,2025-07-04 08:55:49.354,1
25498584,bf996092-8d66-408a-8d8e-5065ca3330c2,f6ab14eb-1a66-4ea5-8a0f-0afbda444403,899e3ed1-0687-4ab9-83e8-d52919730de3,S762NMGBKUB423MM,"",2025-07-04 12:47:54.041,2025-07-04 12:47:54.042,1
25498585,bf996092-8d66-408a-8d8e-5065ca3330c2,f6ab14eb-1a66-4ea5-8a0f-0afbda444403,899e3ed1-0687-4ab9-83e8-d52919730de3,S762NMGBKUB423MM,"",2025-07-04 12:47:54.049,2025-07-04 12:47:54.05,1
25498586,bf996092-8d66-408a-8d8e-5065ca3330c2,f6ab14eb-1a66-4ea5-8a0f-0afbda444403,899e3ed1-0687-4ab9-83e8-d52919730de3,S762NMGBKUB423MM,"",2025-07-04 12:47:54.052,2025-07-04 12:47:54.053,1
25498587,bf996092-8d66-408a-8d8e-5065ca3330c2,f6ab14eb-1a66-4ea5-8a0f-0afbda444403,899e3ed1-0687-4ab9-83e8-d52919730de3,S762NMGBKUB423MM,"",2025-07-04 12:47:54.054,2025-07-04 12:47:54.056,1
25498588,bf996092-8d66-408a-8d8e-5065ca3330c2,f6ab14eb-1a66-4ea5-8a0f-0afbda444403,899e3ed1-0687-4ab9-83e8-d52919730de3,S762NMGBKUB423MM,"",2025-07-04 12:47:54.057,2025-07-04 12:47:54.058,1
25498589,bf996092-8d66-408a-8d8e-5065ca3330c2,f6ab14eb-1a66-4ea5-8a0f-0afbda444403,899e3ed1-0687-4ab9-83e8-d52919730de3,S762NMGBKUB423MM,"",2025-07-04 12:47:54.059,2025-07-04 12:47:54.06,1
25498590,bf996092-8d66-408a-8d8e-5065ca3330c2,f6ab14eb-1a66-4ea5-8a0f-0afbda444403,899e3ed1-0687-4ab9-83e8-d52919730de3,S762NMGBKUB423MM,"",2025-07-04 12:47:54.062,2025-07-04 12:47:54.063,1
25498591,bf996092-8d66-408a-8d8e-5065ca3330c2,f6ab14eb-1a66-4ea5-8a0f-0afbda444403,899e3ed1-0687-4ab9-83e8-d52919730de3,S762NMGBKUB423MM,"",2025-07-04 12:47:54.066,2025-07-04 12:47:54.068,1
25498592,bf996092-8d66-408a-8d8e-5065ca3330c2,f6ab14eb-1a66-4ea5-8a0f-0afbda444403,899e3ed1-0687-4ab9-83e8-d52919730de3,S762NMGBKUB423MM,"",2025-07-04 12:47:54.069,2025-07-04 12:47:54.071,1
25498663,bf996092-8d66-408a-8d8e-5065ca3330c2,f6ab14eb-1a66-4ea5-8a0f-0afbda444403,d014dd2e-f3dd-44fc-aeca-54e09fdfad9d,S762NMGBKUB423MM,"",2025-07-04 12:49:53.711,2025-07-04 12:49:53.713,1
25498664,bf996092-8d66-408a-8d8e-5065ca3330c2,f6ab14eb-1a66-4ea5-8a0f-0afbda444403,d014dd2e-f3dd-44fc-aeca-54e09fdfad9d,S762NMGBKUB423MM,"",2025-07-04 12:49:53.715,2025-07-04 12:49:53.716,1
25498665,bf996092-8d66-408a-8d8e-5065ca3330c2,f6ab14eb-1a66-4ea5-8a0f-0afbda444403,d014dd2e-f3dd-44fc-aeca-54e09fdfad9d,S762NMGBKUB423MM,"",2025-07-04 12:49:53.717,2025-07-04 12:49:53.718,1
25498666,bf996092-8d66-408a-8d8e-5065ca3330c2,f6ab14eb-1a66-4ea5-8a0f-0afbda444403,d014dd2e-f3dd-44fc-aeca-54e09fdfad9d,S762NMGBKUB423MM,"",2025-07-04 12:49:53.724,2025-07-04 12:49:53.725,1
25498667,bf996092-8d66-408a-8d8e-5065ca3330c2,f6ab14eb-1a66-4ea5-8a0f-0afbda444403,d014dd2e-f3dd-44fc-aeca-54e09fdfad9d,S762NMGBKUB423MM,"",2025-07-04 12:49:53.727,2025-07-04 12:49:53.728,1
25498668,bf996092-8d66-408a-8d8e-5065ca3330c2,f6ab14eb-1a66-4ea5-8a0f-0afbda444403,d014dd2e-f3dd-44fc-aeca-54e09fdfad9d,S762NMGBKUB423MM,"",2025-07-04 12:49:53.729,2025-07-04 12:49:53.73,1
25498669,bf996092-8d66-408a-8d8e-5065ca3330c2,f6ab14eb-1a66-4ea5-8a0f-0afbda444403,d014dd2e-f3dd-44fc-aeca-54e09fdfad9d,S762NMGBKUB423MM,"",2025-07-04 12:49:53.731,2025-07-04 12:49:53.732,1
25498707,bf996092-8d66-408a-8d8e-5065ca3330c2,f6ab14eb-1a66-4ea5-8a0f-0afbda444403,84f19ebe-7acf-4762-82e1-ea07ad64ac76,S762NMGBKUB423MM,"",2025-07-04 12:50:53.347,2025-07-04 12:50:53.35,1
25498708,bf996092-8d66-408a-8d8e-5065ca3330c2,f6ab14eb-1a66-4ea5-8a0f-0afbda444403,84f19ebe-7acf-4762-82e1-ea07ad64ac76,S762NMGBKUB423MM,"",2025-07-04 12:50:53.361,2025-07-04 12:50:53.366,1
25498709,bf996092-8d66-408a-8d8e-5065ca3330c2,f6ab14eb-1a66-4ea5-8a0f-0afbda444403,84f19ebe-7acf-4762-82e1-ea07ad64ac76,S762NMGBKUB423MM,"",2025-07-04 12:50:53.368,2025-07-04 12:50:53.37,1
25498710,bf996092-8d66-408a-8d8e-5065ca3330c2,f6ab14eb-1a66-4ea5-8a0f-0afbda444403,84f19ebe-7acf-4762-82e1-ea07ad64ac76,S762NMGBKUB423MM,"",2025-07-04 12:50:53.373,2025-07-04 12:50:53.375,1
25498711,bf996092-8d66-408a-8d8e-5065ca3330c2,f6ab14eb-1a66-4ea5-8a0f-0afbda444403,84f19ebe-7acf-4762-82e1-ea07ad64ac76,S762NMGBKUB423MM,"",2025-07-04 12:50:53.377,2025-07-04 12:50:53.382,1
25498712,bf996092-8d66-408a-8d8e-5065ca3330c2,f6ab14eb-1a66-4ea5-8a0f-0afbda444403,84f19ebe-7acf-4762-82e1-ea07ad64ac76,S762NMGBKUB423MM,"",2025-07-04 12:50:53.387,2025-07-04 12:50:53.389,1
25498713,bf996092-8d66-408a-8d8e-5065ca3330c2,f6ab14eb-1a66-4ea5-8a0f-0afbda444403,84f19ebe-7acf-4762-82e1-ea07ad64ac76,S762NMGBKUB423MM,"",2025-07-04 12:50:53.391,2025-07-04 12:50:53.393,1
25498714,bf996092-8d66-408a-8d8e-5065ca3330c2,f6ab14eb-1a66-4ea5-8a0f-0afbda444403,84f19ebe-7acf-4762-82e1-ea07ad64ac76,S762NMGBKUB423MM,"",2025-07-04 12:50:53.396,2025-07-04 12:50:53.398,1
25498715,bf996092-8d66-408a-8d8e-5065ca3330c2,f6ab14eb-1a66-4ea5-8a0f-0afbda444403,84f19ebe-7acf-4762-82e1-ea07ad64ac76,S762NMGBKUB423MM,"",2025-07-04 12:50:53.41,2025-07-04 12:50:53.412,1
25498717,bf996092-8d66-408a-8d8e-5065ca3330c2,f6ab14eb-1a66-4ea5-8a0f-0afbda444403,84f19ebe-7acf-4762-82e1-ea07ad64ac76,S762NMGBKUB423MM,"",2025-07-04 12:50:53.421,2025-07-04 12:50:53.426,1
25498718,bf996092-8d66-408a-8d8e-5065ca3330c2,f6ab14eb-1a66-4ea5-8a0f-0afbda444403,84f19ebe-7acf-4762-82e1-ea07ad64ac76,S762NMGBKUB423MM,"",2025-07-04 12:50:53.437,2025-07-04 12:50:53.444,1
25513935,bf996092-8d66-408a-8d8e-5065ca3330c2,f679f4cf-c089-4a2b-9b84-b14129630601,859204f4-ad77-448f-8157-55d513957e07,YQH2SLPMM8Q48DDT,"",2025-07-05 05:23:03,2025-07-05 05:23:05.82,1
25514726,bf996092-8d66-408a-8d8e-5065ca3330c2,f679f4cf-c089-4a2b-9b84-b14129630601,acecaf3c-c97f-4bcb-95a1-3f765595f68d,NTHFQB8P8X3C,Comments need to be resolve as marked in reference drawing. ,2025-07-05 07:12:29.105,2025-07-05 07:12:29.108,1
25514727,bf996092-8d66-408a-8d8e-5065ca3330c2,f679f4cf-c089-4a2b-9b84-b14129630601,acecaf3c-c97f-4bcb-95a1-3f765595f68d,NTHFQB8P8X3C,Comments need to be resolve as marked in reference drawing. ,2025-07-05 07:12:29.111,2025-07-05 07:12:29.113,1
25514728,bf996092-8d66-408a-8d8e-5065ca3330c2,f679f4cf-c089-4a2b-9b84-b14129630601,acecaf3c-c97f-4bcb-95a1-3f765595f68d,NTHFQB8P8X3C,Comments need to be resolve as marked in reference drawing. ,2025-07-05 07:12:29.116,2025-07-05 07:12:29.118,1
25514729,bf996092-8d66-408a-8d8e-5065ca3330c2,f679f4cf-c089-4a2b-9b84-b14129630601,acecaf3c-c97f-4bcb-95a1-3f765595f68d,NTHFQB8P8X3C,Comments need to be resolve as marked in reference drawing. ,2025-07-05 07:12:29.121,2025-07-05 07:12:29.124,1
25514730,bf996092-8d66-408a-8d8e-5065ca3330c2,f679f4cf-c089-4a2b-9b84-b14129630601,acecaf3c-c97f-4bcb-95a1-3f765595f68d,NTHFQB8P8X3C,Comments need to be resolve as marked in reference drawing. ,2025-07-05 07:12:29.13,2025-07-05 07:12:29.133,1
25514731,bf996092-8d66-408a-8d8e-5065ca3330c2,f679f4cf-c089-4a2b-9b84-b14129630601,acecaf3c-c97f-4bcb-95a1-3f765595f68d,NTHFQB8P8X3C,Comments need to be resolve as marked in reference drawing. ,2025-07-05 07:12:29.135,2025-07-05 07:12:29.147,1
25514732,bf996092-8d66-408a-8d8e-5065ca3330c2,f679f4cf-c089-4a2b-9b84-b14129630601,acecaf3c-c97f-4bcb-95a1-3f765595f68d,NTHFQB8P8X3C,Comments need to be resolve as marked in reference drawing. ,2025-07-05 07:12:29.15,2025-07-05 07:12:29.152,1
25514733,bf996092-8d66-408a-8d8e-5065ca3330c2,f679f4cf-c089-4a2b-9b84-b14129630601,acecaf3c-c97f-4bcb-95a1-3f765595f68d,NTHFQB8P8X3C,Comments need to be resolve as marked in reference drawing. ,2025-07-05 07:12:29.155,2025-07-05 07:12:29.157,1
25514734,bf996092-8d66-408a-8d8e-5065ca3330c2,f679f4cf-c089-4a2b-9b84-b14129630601,acecaf3c-c97f-4bcb-95a1-3f765595f68d,NTHFQB8P8X3C,Comments need to be resolve as marked in reference drawing. ,2025-07-05 07:12:29.159,2025-07-05 07:12:29.161,1
25514735,bf996092-8d66-408a-8d8e-5065ca3330c2,f679f4cf-c089-4a2b-9b84-b14129630601,acecaf3c-c97f-4bcb-95a1-3f765595f68d,NTHFQB8P8X3C,Comments need to be resolve as marked in reference drawing. ,2025-07-05 07:12:29.164,2025-07-05 07:12:29.166,1
25514914,bf996092-8d66-408a-8d8e-5065ca3330c2,f6ab14eb-1a66-4ea5-8a0f-0afbda444403,013442e3-2735-47e7-b4b1-dbb16ecd7de2,U2622GRJM8M9JZ4F,"",2025-07-05 07:29:49.979,2025-07-05 07:29:51.82,1
25516003,bf996092-8d66-408a-8d8e-5065ca3330c2,f679f4cf-c089-4a2b-9b84-b14129630601,efab657c-e188-4445-8b06-8e77a0a2f2c6,3NGJNZCXN8PBNTRV,"",2025-07-05 09:05:52.498,2025-07-05 09:05:52.501,1
25516043,bf996092-8d66-408a-8d8e-5065ca3330c2,f679f4cf-c089-4a2b-9b84-b14129630601,859204f4-ad77-448f-8157-55d513957e07,3NGJNZCXN8PBNTRV,Remove the Labour of 24 & 25 July.,2025-07-05 09:10:03.28,2025-07-05 09:10:03.319,1
25518030,bf996092-8d66-408a-8d8e-5065ca3330c2,f679f4cf-c089-4a2b-9b84-b14129630601,eafe6a24-57d5-41f5-adca-13b77f15efd6,NTHFQB8P8X3C,"Dear Shyam

Kindly resolve the comments as marked ",2025-07-05 13:44:17.467,2025-07-05 13:44:17.469,1
25518031,bf996092-8d66-408a-8d8e-5065ca3330c2,f679f4cf-c089-4a2b-9b84-b14129630601,eafe6a24-57d5-41f5-adca-13b77f15efd6,NTHFQB8P8X3C,"Dear Shyam

Kindly resolve the comments as marked ",2025-07-05 13:44:17.484,2025-07-05 13:44:17.486,1
25518032,bf996092-8d66-408a-8d8e-5065ca3330c2,f679f4cf-c089-4a2b-9b84-b14129630601,eafe6a24-57d5-41f5-adca-13b77f15efd6,NTHFQB8P8X3C,"Dear Shyam

Kindly resolve the comments as marked ",2025-07-05 13:44:17.488,2025-07-05 13:44:17.489,1
25518033,bf996092-8d66-408a-8d8e-5065ca3330c2,f679f4cf-c089-4a2b-9b84-b14129630601,eafe6a24-57d5-41f5-adca-13b77f15efd6,NTHFQB8P8X3C,"Dear Shyam

Kindly resolve the comments as marked ",2025-07-05 13:44:17.492,2025-07-05 13:44:17.494,1
25518034,bf996092-8d66-408a-8d8e-5065ca3330c2,f679f4cf-c089-4a2b-9b84-b14129630601,eafe6a24-57d5-41f5-adca-13b77f15efd6,NTHFQB8P8X3C,"Dear Shyam

Kindly resolve the comments as marked ",2025-07-05 13:44:17.496,2025-07-05 13:44:17.498,1
25518035,bf996092-8d66-408a-8d8e-5065ca3330c2,f679f4cf-c089-4a2b-9b84-b14129630601,eafe6a24-57d5-41f5-adca-13b77f15efd6,NTHFQB8P8X3C,"Dear Shyam

Kindly resolve the comments as marked ",2025-07-05 13:44:17.5,2025-07-05 13:44:17.501,1
25518036,bf996092-8d66-408a-8d8e-5065ca3330c2,f679f4cf-c089-4a2b-9b84-b14129630601,eafe6a24-57d5-41f5-adca-13b77f15efd6,NTHFQB8P8X3C,"Dear Shyam

Kindly resolve the comments as marked ",2025-07-05 13:44:17.503,2025-07-05 13:44:17.505,1
25518037,bf996092-8d66-408a-8d8e-5065ca3330c2,f679f4cf-c089-4a2b-9b84-b14129630601,eafe6a24-57d5-41f5-adca-13b77f15efd6,NTHFQB8P8X3C,"Dear Shyam

Kindly resolve the comments as marked ",2025-07-05 13:44:17.507,2025-07-05 13:44:17.508,1
25518038,bf996092-8d66-408a-8d8e-5065ca3330c2,f679f4cf-c089-4a2b-9b84-b14129630601,eafe6a24-57d5-41f5-adca-13b77f15efd6,NTHFQB8P8X3C,"Dear Shyam

Kindly resolve the comments as marked ",2025-07-05 13:44:17.51,2025-07-05 13:44:17.512,1
25518039,bf996092-8d66-408a-8d8e-5065ca3330c2,f679f4cf-c089-4a2b-9b84-b14129630601,eafe6a24-57d5-41f5-adca-13b77f15efd6,NTHFQB8P8X3C,"Dear Shyam

Kindly resolve the comments as marked ",2025-07-05 13:44:17.514,2025-07-05 13:44:17.516,1
25540857,bf996092-8d66-408a-8d8e-5065ca3330c2,f679f4cf-c089-4a2b-9b84-b14129630601,ccc12db1-de7e-43d7-a905-f58d49ab74eb,3NGJNZCXN8PBNTRV,"",2025-07-07 09:54:03.394,2025-07-07 09:54:03.433,1
25541081,bf996092-8d66-408a-8d8e-5065ca3330c2,f679f4cf-c089-4a2b-9b84-b14129630601,a056d7b8-046f-4795-94c8-0ff7f3855f1d,3NGJNZCXN8PBNTRV,"",2025-07-07 10:00:01.242,2025-07-07 10:00:01.287,1
25542137,bf996092-8d66-408a-8d8e-5065ca3330c2,f6ab14eb-1a66-4ea5-8a0f-0afbda444403,2594c898-7b60-423a-93cb-cf4fff0ce7f2,BFH2KAVSNP5G463F,"",2025-07-07 10:25:46.214,2025-07-07 10:25:48.547,1
25542857,bf996092-8d66-408a-8d8e-5065ca3330c2,f6ab14eb-1a66-4ea5-8a0f-0afbda444403,8715a352-9d6a-4fc6-a410-b39d7679ee57,BFH2KAVSNP5G463F,"",2025-07-07 10:38:46.663,2025-07-07 10:38:48.461,1
25543032,bf996092-8d66-408a-8d8e-5065ca3330c2,f6ab14eb-1a66-4ea5-8a0f-0afbda444403,59fd94ef-dc72-4dc4-97a6-44984dd17f11,BFH2KAVSNP5G463F,"",2025-07-07 10:44:34.098,2025-07-07 10:44:37.568,1
25543201,bf996092-8d66-408a-8d8e-5065ca3330c2,f6ab14eb-1a66-4ea5-8a0f-0afbda444403,a81db2b4-f0cd-4909-b776-1bc71bab1217,BFH2KAVSNP5G463F,"",2025-07-07 10:49:51.403,2025-07-07 10:49:53.169,1
25543683,bf996092-8d66-408a-8d8e-5065ca3330c2,f6ab14eb-1a66-4ea5-8a0f-0afbda444403,013442e3-2735-47e7-b4b1-dbb16ecd7de2,NXBJU9KZRN2LR6EX,D.P.R 3 july 2025,2025-07-07 11:02:47.109,2025-07-07 11:02:47.154,1
25543813,bf996092-8d66-408a-8d8e-5065ca3330c2,f6ab14eb-1a66-4ea5-8a0f-0afbda444403,8715a352-9d6a-4fc6-a410-b39d7679ee57,NXBJU9KZRN2LR6EX,DPR 4 JULY 25,2025-07-07 11:06:20.856,2025-07-07 11:06:20.894,1
25543893,bf996092-8d66-408a-8d8e-5065ca3330c2,f6ab14eb-1a66-4ea5-8a0f-0afbda444403,2594c898-7b60-423a-93cb-cf4fff0ce7f2,NXBJU9KZRN2LR6EX,DPR REPORT SUBMITTED TWICE...REJECTED ,2025-07-07 11:09:13.214,2025-07-07 11:09:13.264,1
25543932,bf996092-8d66-408a-8d8e-5065ca3330c2,f6ab14eb-1a66-4ea5-8a0f-0afbda444403,59fd94ef-dc72-4dc4-97a6-44984dd17f11,NXBJU9KZRN2LR6EX,DPR 5 JULY 2025,2025-07-07 11:10:31.064,2025-07-07 11:10:31.117,1
25543967,bf996092-8d66-408a-8d8e-5065ca3330c2,f6ab14eb-1a66-4ea5-8a0f-0afbda444403,a81db2b4-f0cd-4909-b776-1bc71bab1217,NXBJU9KZRN2LR6EX,DPR 6 JULY 2025,2025-07-07 11:11:51.799,2025-07-07 11:11:51.842,1
25576077,bf996092-8d66-408a-8d8e-5065ca3330c2,f679f4cf-c089-4a2b-9b84-b14129630601,623d8226-5cb8-4e7e-a34f-caba707b27a8,3NGJNZCXN8PBNTRV,"",2025-07-08 08:00:42.745,2025-07-08 08:00:42.796,1
25576157,bf996092-8d66-408a-8d8e-5065ca3330c2,f679f4cf-c089-4a2b-9b84-b14129630601,7904b8e0-1794-4034-8273-c0d2542fd341,3NGJNZCXN8PBNTRV,"",2025-07-08 08:03:57.663,2025-07-08 08:03:57.67,1
25576201,bf996092-8d66-408a-8d8e-5065ca3330c2,f679f4cf-c089-4a2b-9b84-b14129630601,b069383f-c8a0-4513-af66-7a7d3e9262cd,3NGJNZCXN8PBNTRV,"",2025-07-08 08:05:17.124,2025-07-08 08:05:17.162,1
25576287,bf996092-8d66-408a-8d8e-5065ca3330c2,f679f4cf-c089-4a2b-9b84-b14129630601,80ceb732-6721-494a-a720-16cfdea2a5cd,YQH2SLPMM8Q48DDT,"",2025-07-08 08:07:48.455,2025-07-08 08:07:50.349,1
25581262,bf996092-8d66-408a-8d8e-5065ca3330c2,f679f4cf-c089-4a2b-9b84-b14129630601,77dbdfe9-296e-452a-8f0e-2e0beed14884,YQH2SLPMM8Q48DDT,"",2025-07-08 10:04:20.141,2025-07-08 10:04:22.247,1
25581539,bf996092-8d66-408a-8d8e-5065ca3330c2,f679f4cf-c089-4a2b-9b84-b14129630601,d1a1429f-9b93-4175-a541-9b7003b1382a,FM42EJFZPNC5F3HF,Foundation R1 sign & Stamp,2025-07-08 10:13:16.486,2025-07-08 10:13:18.432,1
25622995,bf996092-8d66-408a-8d8e-5065ca3330c2,f6ab14eb-1a66-4ea5-8a0f-0afbda444403,f58f6252-eaa0-47e0-afb8-d4b3064736b5,BFH2KAVSNP5G463F,"",2025-07-09 11:25:16.237,2025-07-09 11:25:18.206,1
25623349,bf996092-8d66-408a-8d8e-5065ca3330c2,f6ab14eb-1a66-4ea5-8a0f-0afbda444403,a8d8937f-8af0-457a-bd10-ab3b670bd976,BFH2KAVSNP5G463F,"",2025-07-09 11:36:59.483,2025-07-09 11:37:01.308,1
25658810,bf996092-8d66-408a-8d8e-5065ca3330c2,f679f4cf-c089-4a2b-9b84-b14129630601,cd759df7-e419-471f-939a-f5c58ab8de86,BHQ2NZXYNGAXFVRM,"",2025-07-10 09:20:12.91,2025-07-10 09:20:14.672,1
25658992,bf996092-8d66-408a-8d8e-5065ca3330c2,f679f4cf-c089-4a2b-9b84-b14129630601,cd759df7-e419-471f-939a-f5c58ab8de86,4Q72Z7YYNCV4JKCW,"Please mention contractor name
",2025-07-10 09:24:28.052,2025-07-10 09:24:28.056,1
25659138,bf996092-8d66-408a-8d8e-5065ca3330c2,f679f4cf-c089-4a2b-9b84-b14129630601,cd759df7-e419-471f-939a-f5c58ab8de86,BHQ2NZXYNGAXFVRM,File renamed.,2025-07-10 09:28:13.651,2025-07-10 09:28:15.383,2
25659252,bf996092-8d66-408a-8d8e-5065ca3330c2,f679f4cf-c089-4a2b-9b84-b14129630601,cd759df7-e419-471f-939a-f5c58ab8de86,4Q72Z7YYNCV4JKCW,"",2025-07-10 09:30:41.165,2025-07-10 09:30:41.209,2
25660783,bf996092-8d66-408a-8d8e-5065ca3330c2,f679f4cf-c089-4a2b-9b84-b14129630601,d1a1429f-9b93-4175-a541-9b7003b1382a,NTHFQB8P8X3C,Need clear space for lift well as marked ,2025-07-10 10:06:46.106,2025-07-10 10:06:46.109,1
25662818,bf996092-8d66-408a-8d8e-5065ca3330c2,f679f4cf-c089-4a2b-9b84-b14129630601,3f357d54-ddf4-47e1-8e34-e8fe6ffa36e8,BHQ2NZXYNGAXFVRM,"",2025-07-10 10:56:44.826,2025-07-10 10:56:46.92,1
25663502,bf996092-8d66-408a-8d8e-5065ca3330c2,f679f4cf-c089-4a2b-9b84-b14129630601,d1a1429f-9b93-4175-a541-9b7003b1382a,FM42EJFZPNC5F3HF,CORE LIFT TOE WALL UPDATE,2025-07-10 11:09:22.09,2025-07-10 11:09:24.864,2
25663538,bf996092-8d66-408a-8d8e-5065ca3330c2,f679f4cf-c089-4a2b-9b84-b14129630601,555f18a6-bdc3-40cf-b549-20331a2216b8,BHQ2NZXYNGAXFVRM,"",2025-07-10 11:10:05.296,2025-07-10 11:10:07.116,1
25663865,bf996092-8d66-408a-8d8e-5065ca3330c2,f679f4cf-c089-4a2b-9b84-b14129630601,f77ea430-50e5-416d-8817-d0717ed590bf,BHQ2NZXYNGAXFVRM,"",2025-07-10 11:18:37.608,2025-07-10 11:18:39.471,1
25664442,bf996092-8d66-408a-8d8e-5065ca3330c2,f679f4cf-c089-4a2b-9b84-b14129630601,3f357d54-ddf4-47e1-8e34-e8fe6ffa36e8,4Q72Z7YYNCV4JKCW,"",2025-07-10 11:36:50.372,2025-07-10 11:36:50.441,1
25664482,bf996092-8d66-408a-8d8e-5065ca3330c2,f679f4cf-c089-4a2b-9b84-b14129630601,555f18a6-bdc3-40cf-b549-20331a2216b8,4Q72Z7YYNCV4JKCW,"",2025-07-10 11:37:40.033,2025-07-10 11:37:40.093,1
25664507,bf996092-8d66-408a-8d8e-5065ca3330c2,f679f4cf-c089-4a2b-9b84-b14129630601,f77ea430-50e5-416d-8817-d0717ed590bf,4Q72Z7YYNCV4JKCW,"",2025-07-10 11:38:20.688,2025-07-10 11:38:20.733,1
25665007,bf996092-8d66-408a-8d8e-5065ca3330c2,967e785d-d83c-490b-8d6a-2ed926c956ac,04dbcc17-13f5-44ec-bdb3-f67dea2bd55c,BHQ2NZXYNGAXFVRM,"",2025-07-10 11:53:48.682,2025-07-10 11:53:51.503,1
25666065,bf996092-8d66-408a-8d8e-5065ca3330c2,967e785d-d83c-490b-8d6a-2ed926c956ac,2cd7e478-6a08-4931-909c-8a14c06c67f8,BHQ2NZXYNGAXFVRM,"",2025-07-10 12:19:58.924,2025-07-10 12:20:00.87,1
25666121,bf996092-8d66-408a-8d8e-5065ca3330c2,967e785d-d83c-490b-8d6a-2ed926c956ac,2cd7e478-6a08-4931-909c-8a14c06c67f8,BHQ2NZXYNGAXFVRM,,2025-07-10 12:21:04.461,2025-07-10 12:21:04.469,1
25666201,bf996092-8d66-408a-8d8e-5065ca3330c2,f6ab14eb-1a66-4ea5-8a0f-0afbda444403,0b4b50a3-1995-4c7d-a6de-18676d48c10b,NTHFQB8P8X3C,Approved,2025-07-10 12:23:28.084,2025-07-10 12:23:28.141,1
25666480,bf996092-8d66-408a-8d8e-5065ca3330c2,f679f4cf-c089-4a2b-9b84-b14129630601,d1a1429f-9b93-4175-a541-9b7003b1382a,NTHFQB8P8X3C,Approved ,2025-07-10 12:30:54.091,2025-07-10 12:30:54.135,2
25666942,bf996092-8d66-408a-8d8e-5065ca3330c2,f6ab14eb-1a66-4ea5-8a0f-0afbda444403,efe04119-b9e8-4682-9488-7f9c513e9116,BFH2KAVSNP5G463F,DPR 9 JULY 25,2025-07-10 12:43:03.422,2025-07-10 12:43:05.302,1
25690390,bf996092-8d66-408a-8d8e-5065ca3330c2,f679f4cf-c089-4a2b-9b84-b14129630601,62cdc88d-3f80-42f2-bfd7-33cb7b5be060,YQH2SLPMM8Q48DDT,"",2025-07-11 04:10:29.734,2025-07-11 04:10:31.585,1
25705666,bf996092-8d66-408a-8d8e-5065ca3330c2,f6ab14eb-1a66-4ea5-8a0f-0afbda444403,f58f6252-eaa0-47e0-afb8-d4b3064736b5,NXBJU9KZRN2LR6EX,DPR 7 JULY 25,2025-07-11 12:50:46.791,2025-07-11 12:50:46.843,1
25706119,bf996092-8d66-408a-8d8e-5065ca3330c2,f6ab14eb-1a66-4ea5-8a0f-0afbda444403,a8d8937f-8af0-457a-bd10-ab3b670bd976,NXBJU9KZRN2LR6EX,DPR 8 JULY 2025,2025-07-11 13:04:57.046,2025-07-11 13:04:57.11,1
25706168,bf996092-8d66-408a-8d8e-5065ca3330c2,f6ab14eb-1a66-4ea5-8a0f-0afbda444403,efe04119-b9e8-4682-9488-7f9c513e9116,NXBJU9KZRN2LR6EX,"",2025-07-11 13:06:19.921,2025-07-11 13:06:19.956,1
25706229,bf996092-8d66-408a-8d8e-5065ca3330c2,f6ab14eb-1a66-4ea5-8a0f-0afbda444403,f58d5985-1e66-42cb-b572-afe86ff9e225,NXBJU9KZRN2LR6EX,"",2025-07-11 13:07:43.351,2025-07-11 13:07:43.406,1
25706317,bf996092-8d66-408a-8d8e-5065ca3330c2,f6ab14eb-1a66-4ea5-8a0f-0afbda444403,823680ef-f50d-4df5-ad5d-a0a428b51c26,NXBJU9KZRN2LR6EX,"",2025-07-11 13:10:15.879,2025-07-11 13:10:15.915,1
25706349,bf996092-8d66-408a-8d8e-5065ca3330c2,f6ab14eb-1a66-4ea5-8a0f-0afbda444403,39ffaf9a-7ec7-4aed-88b8-c534ef0efef4,NXBJU9KZRN2LR6EX,"",2025-07-11 13:11:05.805,2025-07-11 13:11:05.854,1
25706405,bf996092-8d66-408a-8d8e-5065ca3330c2,f6ab14eb-1a66-4ea5-8a0f-0afbda444403,f269686e-42b6-480b-99f5-50fa628bd6eb,NXBJU9KZRN2LR6EX,"",2025-07-11 13:12:51.48,2025-07-11 13:12:51.517,1
25706446,bf996092-8d66-408a-8d8e-5065ca3330c2,f6ab14eb-1a66-4ea5-8a0f-0afbda444403,2ea151c0-e283-4605-a266-86967d9c1c3f,NXBJU9KZRN2LR6EX,"",2025-07-11 13:14:02.906,2025-07-11 13:14:02.971,1
25706461,bf996092-8d66-408a-8d8e-5065ca3330c2,f6ab14eb-1a66-4ea5-8a0f-0afbda444403,0b4b50a3-1995-4c7d-a6de-18676d48c10b,TJ92FSAHL5HQP7TF,"",2025-07-11 13:14:28.187,2025-07-11 13:14:28.236,1
25707024,bf996092-8d66-408a-8d8e-5065ca3330c2,f6ab14eb-1a66-4ea5-8a0f-0afbda444403,0b4b50a3-1995-4c7d-a6de-18676d48c10b,WMZ2BALML3JQXZCF,"",2025-07-11 13:27:44.936,2025-07-11 13:27:44.983,1
25709480,bf996092-8d66-408a-8d8e-5065ca3330c2,f6ab14eb-1a66-4ea5-8a0f-0afbda444403,0b4b50a3-1995-4c7d-a6de-18676d48c10b,V9Q2X946QA52XTJG,"One of the Krion member was added for some implementation purpose. Now, removed and reviewed behalf of him.",2025-07-11 14:39:09.858,2025-07-11 14:39:09.903,1
25749091,bf996092-8d66-408a-8d8e-5065ca3330c2,f6ab14eb-1a66-4ea5-8a0f-0afbda444403,62c3c526-eab6-45b2-8c7a-4f8398e84e20,G5LJ2CH9PRAMRT7X,Approved,2025-07-14 09:52:17.515,2025-07-14 09:52:17.557,1
25750147,bf996092-8d66-408a-8d8e-5065ca3330c2,f6ab14eb-1a66-4ea5-8a0f-0afbda444403,4bc64575-7c45-48e0-842d-026f949f57b0,BFH2KAVSNP5G463F,"",2025-07-14 10:13:08.465,2025-07-14 10:13:10.21,1
25750500,bf996092-8d66-408a-8d8e-5065ca3330c2,f6ab14eb-1a66-4ea5-8a0f-0afbda444403,9f51e321-9a18-4bac-b452-55f927948bff,BFH2KAVSNP5G463F,"",2025-07-14 10:21:01.45,2025-07-14 10:21:03.274,1
25751180,bf996092-8d66-408a-8d8e-5065ca3330c2,f6ab14eb-1a66-4ea5-8a0f-0afbda444403,06e5f87b-3c91-4e30-87c8-af7dd0d6b86b,BFH2KAVSNP5G463F,"",2025-07-14 10:38:38.467,2025-07-14 10:38:40.247,1
25757915,bf996092-8d66-408a-8d8e-5065ca3330c2,f6ab14eb-1a66-4ea5-8a0f-0afbda444403,4bc64575-7c45-48e0-842d-026f949f57b0,NXBJU9KZRN2LR6EX,WAGAD DPR 11JULY25,2025-07-14 13:24:52.268,2025-07-14 13:24:52.307,1
25757984,bf996092-8d66-408a-8d8e-5065ca3330c2,f6ab14eb-1a66-4ea5-8a0f-0afbda444403,9f51e321-9a18-4bac-b452-55f927948bff,NXBJU9KZRN2LR6EX,WAGAD DPR 12JULY 25,2025-07-14 13:26:46.17,2025-07-14 13:26:46.239,1
25758061,bf996092-8d66-408a-8d8e-5065ca3330c2,f6ab14eb-1a66-4ea5-8a0f-0afbda444403,06e5f87b-3c91-4e30-87c8-af7dd0d6b86b,NXBJU9KZRN2LR6EX,WAGAD DPR 13JULY 25,2025-07-14 13:28:38.409,2025-07-14 13:28:38.452,1
25777831,bf996092-8d66-408a-8d8e-5065ca3330c2,f679f4cf-c089-4a2b-9b84-b14129630601,ae35dbf4-ca8c-429a-9112-553e9c32aa4a,YQH2SLPMM8Q48DDT,"",2025-07-15 04:00:06.643,2025-07-15 04:00:08.489,1
25779418,bf996092-8d66-408a-8d8e-5065ca3330c2,f679f4cf-c089-4a2b-9b84-b14129630601,ae35dbf4-ca8c-429a-9112-553e9c32aa4a,3NGJNZCXN8PBNTRV,"",2025-07-15 05:15:40.976,2025-07-15 05:15:41.032,1
25780049,bf996092-8d66-408a-8d8e-5065ca3330c2,967e785d-d83c-490b-8d6a-2ed926c956ac,d4d0dafa-38b5-4784-9ef7-db9fe61e50b4,67E2T63RRMUGH3NG,for approvals,2025-07-15 05:43:31.371,2025-07-15 05:43:33.179,2
25780077,bf996092-8d66-408a-8d8e-5065ca3330c2,967e785d-d83c-490b-8d6a-2ed926c956ac,69a20752-ebe0-44d9-bb82-f9e284ac7fb9,67E2T63RRMUGH3NG,for approvals,2025-07-15 05:44:55.075,2025-07-15 05:44:56.881,2
25783246,bf996092-8d66-408a-8d8e-5065ca3330c2,967e785d-d83c-490b-8d6a-2ed926c956ac,ebac6b32-fc06-4b0c-8de1-c449071db6ad,BHQ2NZXYNGAXFVRM,"",2025-07-15 07:22:42.629,2025-07-15 07:22:44.453,1
25783268,bf996092-8d66-408a-8d8e-5065ca3330c2,967e785d-d83c-490b-8d6a-2ed926c956ac,d35509ee-01c0-4c10-a839-25d3f5fa9c74,BHQ2NZXYNGAXFVRM,"",2025-07-15 07:23:22.596,2025-07-15 07:23:25.158,1
25820138,bf996092-8d66-408a-8d8e-5065ca3330c2,f679f4cf-c089-4a2b-9b84-b14129630601,748c2be3-a2c3-42f7-89bd-e5494aa04ec8,YQH2SLPMM8Q48DDT,"",2025-07-16 04:13:10.26,2025-07-16 04:13:12.16,1
25820165,bf996092-8d66-408a-8d8e-5065ca3330c2,967e785d-d83c-490b-8d6a-2ed926c956ac,19b0fe31-d82b-457f-bb1d-d5c48739612d,67E2T63RRMUGH3NG,"",2025-07-16 04:13:56.243,2025-07-16 04:13:58.222,1
25820578,bf996092-8d66-408a-8d8e-5065ca3330c2,23142979-9fb6-4fd3-bd82-62d7e0add75f,cedb2667-4f79-4be1-bb99-213928b9972c,S8W2PRCHQXETHD6D,"ok
",2025-07-16 04:37:52.191,2025-07-16 04:37:52.265,1
25821332,bf996092-8d66-408a-8d8e-5065ca3330c2,f679f4cf-c089-4a2b-9b84-b14129630601,748c2be3-a2c3-42f7-89bd-e5494aa04ec8,3NGJNZCXN8PBNTRV,"",2025-07-16 05:13:01.75,2025-07-16 05:13:01.814,1
25821343,bf996092-8d66-408a-8d8e-5065ca3330c2,967e785d-d83c-490b-8d6a-2ed926c956ac,7768c6df-e349-4857-a719-71e086185868,BHQ2NZXYNGAXFVRM,"",2025-07-16 05:14:00.189,2025-07-16 05:14:02.574,1
25821349,bf996092-8d66-408a-8d8e-5065ca3330c2,967e785d-d83c-490b-8d6a-2ed926c956ac,89b217ac-7261-48ef-a45c-06ccae9e12f3,BHQ2NZXYNGAXFVRM,"",2025-07-16 05:14:35.779,2025-07-16 05:14:37.594,1
25821790,bf996092-8d66-408a-8d8e-5065ca3330c2,967e785d-d83c-490b-8d6a-2ed926c956ac,d2f9dd84-f67f-48ee-b779-1e555cb5b479,4Q72Z7YYNCV4JKCW,"",2025-07-16 05:37:48.089,2025-07-16 05:37:48.156,1
25821808,bf996092-8d66-408a-8d8e-5065ca3330c2,967e785d-d83c-490b-8d6a-2ed926c956ac,cc49b2b4-2347-4344-9aee-1a89f8223c55,4Q72Z7YYNCV4JKCW,"",2025-07-16 05:38:28.462,2025-07-16 05:38:28.518,1
25821822,bf996092-8d66-408a-8d8e-5065ca3330c2,967e785d-d83c-490b-8d6a-2ed926c956ac,88c9b67d-844a-4023-bae9-70f019e7d092,4Q72Z7YYNCV4JKCW,"",2025-07-16 05:39:07.35,2025-07-16 05:39:07.394,1
25821838,bf996092-8d66-408a-8d8e-5065ca3330c2,967e785d-d83c-490b-8d6a-2ed926c956ac,b927dd8c-87a5-463f-be5c-dcc855e197a3,4Q72Z7YYNCV4JKCW,"",2025-07-16 05:39:57.052,2025-07-16 05:39:57.115,1
25821849,bf996092-8d66-408a-8d8e-5065ca3330c2,967e785d-d83c-490b-8d6a-2ed926c956ac,7768c6df-e349-4857-a719-71e086185868,4Q72Z7YYNCV4JKCW,"",2025-07-16 05:40:43.295,2025-07-16 05:40:43.346,1
25821862,bf996092-8d66-408a-8d8e-5065ca3330c2,967e785d-d83c-490b-8d6a-2ed926c956ac,89b217ac-7261-48ef-a45c-06ccae9e12f3,4Q72Z7YYNCV4JKCW,"",2025-07-16 05:41:23.782,2025-07-16 05:41:23.825,1
25822021,bf996092-8d66-408a-8d8e-5065ca3330c2,967e785d-d83c-490b-8d6a-2ed926c956ac,3ea5eac3-a0a1-4e08-8570-93143968bcbf,BHQ2NZXYNGAXFVRM,"",2025-07-16 05:47:45.394,2025-07-16 05:47:47.144,1
25822041,bf996092-8d66-408a-8d8e-5065ca3330c2,967e785d-d83c-490b-8d6a-2ed926c956ac,fd8db2c5-e6f7-4f8e-87bf-702a2ab69bb6,BHQ2NZXYNGAXFVRM,"",2025-07-16 05:48:55.884,2025-07-16 05:48:57.65,1
25823370,bf996092-8d66-408a-8d8e-5065ca3330c2,967e785d-d83c-490b-8d6a-2ed926c956ac,3ea5eac3-a0a1-4e08-8570-93143968bcbf,4Q72Z7YYNCV4JKCW,"",2025-07-16 06:40:22.71,2025-07-16 06:40:22.778,1
25823382,bf996092-8d66-408a-8d8e-5065ca3330c2,967e785d-d83c-490b-8d6a-2ed926c956ac,fd8db2c5-e6f7-4f8e-87bf-702a2ab69bb6,4Q72Z7YYNCV4JKCW,"",2025-07-16 06:40:53.472,2025-07-16 06:40:53.542,1
25826905,bf996092-8d66-408a-8d8e-5065ca3330c2,f679f4cf-c089-4a2b-9b84-b14129630601,2c06f147-f372-4414-90f8-6814cf24878e,BHQ2NZXYNGAXFVRM,"",2025-07-16 08:37:44.382,2025-07-16 08:37:47.293,1
25826918,bf996092-8d66-408a-8d8e-5065ca3330c2,f679f4cf-c089-4a2b-9b84-b14129630601,f5d0db82-56f9-4ac9-ad98-dfb6e8d1a11c,BHQ2NZXYNGAXFVRM,"",2025-07-16 08:38:18.164,2025-07-16 08:38:20.453,1
25859627,bf996092-8d66-408a-8d8e-5065ca3330c2,e9b596f2-48ee-419b-a199-da304b38c398,77ba1d7c-baab-4c1f-ac57-4afa9a6d6077,7UBTJ2JUZS54,"",2025-07-17 06:51:14.219,2025-07-17 06:51:16.051,1
25870158,bf996092-8d66-408a-8d8e-5065ca3330c2,e9b596f2-48ee-419b-a199-da304b38c398,e3c11394-ea36-40e3-aa61-92ce5a47b7e0,7UBTJ2JUZS54,"",2025-07-17 10:41:30.573,2025-07-17 10:41:33.941,1
25897213,bf996092-8d66-408a-8d8e-5065ca3330c2,f679f4cf-c089-4a2b-9b84-b14129630601,58554ae4-0b9d-42ae-8de4-03007bb8824e,YQH2SLPMM8Q48DDT,"",2025-07-18 05:08:50.234,2025-07-18 05:08:52.056,1
25898500,bf996092-8d66-408a-8d8e-5065ca3330c2,f679f4cf-c089-4a2b-9b84-b14129630601,b384fc16-e221-4b5b-9a64-1221cb269d5b,3NGJNZCXN8PBNTRV,"",2025-07-18 06:15:16.536,2025-07-18 06:15:16.57,1
25898519,bf996092-8d66-408a-8d8e-5065ca3330c2,f679f4cf-c089-4a2b-9b84-b14129630601,58554ae4-0b9d-42ae-8de4-03007bb8824e,3NGJNZCXN8PBNTRV,"",2025-07-18 06:16:08.629,2025-07-18 06:16:08.681,1
25919750,bf996092-8d66-408a-8d8e-5065ca3330c2,f6ab14eb-1a66-4ea5-8a0f-0afbda444403,4df0392a-96c2-42d1-81ab-cb9ebba9e661,FM42EJFZPNC5F3HF,These drawings are updated as per comments marked on pdf files,2025-07-18 15:12:54.758,2025-07-18 15:12:56.826,2
25940193,bf996092-8d66-408a-8d8e-5065ca3330c2,f679f4cf-c089-4a2b-9b84-b14129630601,579e384a-1413-4e87-bc14-65ab430c4210,YQH2SLPMM8Q48DDT,"",2025-07-20 06:05:11.309,2025-07-20 06:05:13.17,1
25569846,bf996092-8d66-408a-8d8e-5065ca3330c2,f679f4cf-c089-4a2b-9b84-b14129630601,be87b9a0-d8a3-44df-96c3-7ae1fd36b9cb,YQH2SLPMM8Q48DDT,"",2025-07-08 04:44:20.859,2025-07-08 04:44:22.749,1
25569856,bf996092-8d66-408a-8d8e-5065ca3330c2,f679f4cf-c089-4a2b-9b84-b14129630601,623d8226-5cb8-4e7e-a34f-caba707b27a8,YQH2SLPMM8Q48DDT,"",2025-07-08 04:44:51.21,2025-07-08 04:44:52.883,1
25569867,bf996092-8d66-408a-8d8e-5065ca3330c2,f679f4cf-c089-4a2b-9b84-b14129630601,7904b8e0-1794-4034-8273-c0d2542fd341,YQH2SLPMM8Q48DDT,"",2025-07-08 04:45:29.288,2025-07-08 04:45:31.121,1
25609519,bf996092-8d66-408a-8d8e-5065ca3330c2,f679f4cf-c089-4a2b-9b84-b14129630601,f2d4099a-4986-4831-8163-769160088cbf,YQH2SLPMM8Q48DDT,"",2025-07-09 04:40:43.444,2025-07-09 04:40:46.209,1
25610197,bf996092-8d66-408a-8d8e-5065ca3330c2,f679f4cf-c089-4a2b-9b84-b14129630601,80ceb732-6721-494a-a720-16cfdea2a5cd,3NGJNZCXN8PBNTRV,"",2025-07-09 05:05:06.187,2025-07-09 05:05:06.189,1
25610255,bf996092-8d66-408a-8d8e-5065ca3330c2,f679f4cf-c089-4a2b-9b84-b14129630601,77dbdfe9-296e-452a-8f0e-2e0beed14884,3NGJNZCXN8PBNTRV,"",2025-07-09 05:06:47.154,2025-07-09 05:06:47.189,1
25610286,bf996092-8d66-408a-8d8e-5065ca3330c2,f679f4cf-c089-4a2b-9b84-b14129630601,f2d4099a-4986-4831-8163-769160088cbf,3NGJNZCXN8PBNTRV,"",2025-07-09 05:08:00.742,2025-07-09 05:08:00.781,1
25648638,bf996092-8d66-408a-8d8e-5065ca3330c2,f679f4cf-c089-4a2b-9b84-b14129630601,c4020f8c-368b-4ba0-b263-b4d6c5b4b1d2,3NGJNZCXN8PBNTRV,"",2025-07-10 05:46:40.8,2025-07-10 05:46:40.858,1
25646956,bf996092-8d66-408a-8d8e-5065ca3330c2,f6ab14eb-1a66-4ea5-8a0f-0afbda444403,0b4b50a3-1995-4c7d-a6de-18676d48c10b,FM42EJFZPNC5F3HF,"",2025-07-10 04:22:41.636,2025-07-10 04:22:43.668,1
25646978,bf996092-8d66-408a-8d8e-5065ca3330c2,f679f4cf-c089-4a2b-9b84-b14129630601,16fd4f47-85ba-4d10-adf9-e60336fcba08,YQH2SLPMM8Q48DDT,"",2025-07-10 04:23:54.338,2025-07-10 04:23:56.097,1
25648589,bf996092-8d66-408a-8d8e-5065ca3330c2,f679f4cf-c089-4a2b-9b84-b14129630601,16fd4f47-85ba-4d10-adf9-e60336fcba08,3NGJNZCXN8PBNTRV,"",2025-07-10 05:44:56.655,2025-07-10 05:44:56.662,1
25648592,bf996092-8d66-408a-8d8e-5065ca3330c2,f679f4cf-c089-4a2b-9b84-b14129630601,c4020f8c-368b-4ba0-b263-b4d6c5b4b1d2,YQH2SLPMM8Q48DDT,"",2025-07-10 05:45:05.322,2025-07-10 05:45:07.123,1
25648909,bf996092-8d66-408a-8d8e-5065ca3330c2,f6ab14eb-1a66-4ea5-8a0f-0afbda444403,49be2e04-cd69-4980-8622-c49f6a12c8af,FM42EJFZPNC5F3HF,"",2025-07-10 05:55:55.228,2025-07-10 05:55:57.354,1
25648939,bf996092-8d66-408a-8d8e-5065ca3330c2,967e785d-d83c-490b-8d6a-2ed926c956ac,d4d0dafa-38b5-4784-9ef7-db9fe61e50b4,67E2T63RRMUGH3NG,UPDATED LAYOUT SHARED FOR REVIEW,2025-07-10 05:57:03.039,2025-07-10 05:57:05.073,1
25648965,bf996092-8d66-408a-8d8e-5065ca3330c2,967e785d-d83c-490b-8d6a-2ed926c956ac,69a20752-ebe0-44d9-bb82-f9e284ac7fb9,67E2T63RRMUGH3NG,"",2025-07-10 05:57:48.022,2025-07-10 05:57:51.208,1
25649143,bf996092-8d66-408a-8d8e-5065ca3330c2,f6ab14eb-1a66-4ea5-8a0f-0afbda444403,0b4b50a3-1995-4c7d-a6de-18676d48c10b,TZXRKN44WBAJ,The Drawings have been reviewed and have been approved for GFC.,2025-07-10 06:04:26.581,2025-07-10 06:04:26.634,1
25690712,bf996092-8d66-408a-8d8e-5065ca3330c2,f6ab14eb-1a66-4ea5-8a0f-0afbda444403,0b4b50a3-1995-4c7d-a6de-18676d48c10b,H4J29KZBMAKAE737,"Dear All,
The drawing has been reviewed. Kindly proceed.",2025-07-11 04:31:36.685,2025-07-11 04:31:36.741,1
25690717,bf996092-8d66-408a-8d8e-5065ca3330c2,f6ab14eb-1a66-4ea5-8a0f-0afbda444403,49be2e04-cd69-4980-8622-c49f6a12c8af,DX6J5SASN4NA66QN,ok,2025-07-11 04:32:09.545,2025-07-11 04:32:09.592,1
25690729,bf996092-8d66-408a-8d8e-5065ca3330c2,f6ab14eb-1a66-4ea5-8a0f-0afbda444403,0b4b50a3-1995-4c7d-a6de-18676d48c10b,DX6J5SASN4NA66QN,"",2025-07-11 04:33:26.016,2025-07-11 04:33:26.07,1
25690976,bf996092-8d66-408a-8d8e-5065ca3330c2,f6ab14eb-1a66-4ea5-8a0f-0afbda444403,9680fa69-42d9-4391-9640-1bc0c09a1d31,S762NMGBKUB423MM,"",2025-07-11 04:47:30.498,2025-07-11 04:47:30.541,1
25691225,bf996092-8d66-408a-8d8e-5065ca3330c2,f6ab14eb-1a66-4ea5-8a0f-0afbda444403,49be2e04-cd69-4980-8622-c49f6a12c8af,S762NMGBKUB423MM,"",2025-07-11 04:57:01.804,2025-07-11 04:57:01.847,1
25691240,bf996092-8d66-408a-8d8e-5065ca3330c2,f6ab14eb-1a66-4ea5-8a0f-0afbda444403,0b4b50a3-1995-4c7d-a6de-18676d48c10b,S762NMGBKUB423MM,"",2025-07-11 04:57:31.48,2025-07-11 04:57:31.591,1
25691539,bf996092-8d66-408a-8d8e-5065ca3330c2,f6ab14eb-1a66-4ea5-8a0f-0afbda444403,62c3c526-eab6-45b2-8c7a-4f8398e84e20,S762NMGBKUB423MM,"",2025-07-11 05:09:43.671,2025-07-11 05:09:43.724,1
25691558,bf996092-8d66-408a-8d8e-5065ca3330c2,f679f4cf-c089-4a2b-9b84-b14129630601,62cdc88d-3f80-42f2-bfd7-33cb7b5be060,3NGJNZCXN8PBNTRV,"",2025-07-11 05:10:34.109,2025-07-11 05:10:34.159,1
25691838,bf996092-8d66-408a-8d8e-5065ca3330c2,f679f4cf-c089-4a2b-9b84-b14129630601,16fd4f47-85ba-4d10-adf9-e60336fcba08,CMJ2N3U8MSMRM8ZA,"New Review Work flow created, ",2025-07-11 05:25:54.647,2025-07-11 05:25:54.653,2
25691846,bf996092-8d66-408a-8d8e-5065ca3330c2,f679f4cf-c089-4a2b-9b84-b14129630601,7904b8e0-1794-4034-8273-c0d2542fd341,CMJ2N3U8MSMRM8ZA,New work flow created,2025-07-11 05:26:19.64,2025-07-11 05:26:19.642,2
25691850,bf996092-8d66-408a-8d8e-5065ca3330c2,f679f4cf-c089-4a2b-9b84-b14129630601,80ceb732-6721-494a-a720-16cfdea2a5cd,CMJ2N3U8MSMRM8ZA,New work flow created,2025-07-11 05:26:31.441,2025-07-11 05:26:31.452,2
25691854,bf996092-8d66-408a-8d8e-5065ca3330c2,f679f4cf-c089-4a2b-9b84-b14129630601,efab657c-e188-4445-8b06-8e77a0a2f2c6,CMJ2N3U8MSMRM8ZA,New work flow created,2025-07-11 05:26:44.481,2025-07-11 05:26:44.5,2
25691940,bf996092-8d66-408a-8d8e-5065ca3330c2,f679f4cf-c089-4a2b-9b84-b14129630601,b6e2e0b7-e29b-4526-80bb-a24478ffff15,BHQ2NZXYNGAXFVRM,"",2025-07-11 05:31:06.898,2025-07-11 05:31:08.733,1
25692036,bf996092-8d66-408a-8d8e-5065ca3330c2,f679f4cf-c089-4a2b-9b84-b14129630601,7e598275-9b2c-4674-b384-a15c27098c1d,FM42EJFZPNC5F3HF,Not is CBM's Scope.,2025-07-11 05:38:31.729,2025-07-11 05:38:31.73,1
25692037,bf996092-8d66-408a-8d8e-5065ca3330c2,f679f4cf-c089-4a2b-9b84-b14129630601,7e598275-9b2c-4674-b384-a15c27098c1d,FM42EJFZPNC5F3HF,Not is CBM's Scope.,2025-07-11 05:38:31.732,2025-07-11 05:38:31.733,1
25692038,bf996092-8d66-408a-8d8e-5065ca3330c2,f679f4cf-c089-4a2b-9b84-b14129630601,7e598275-9b2c-4674-b384-a15c27098c1d,FM42EJFZPNC5F3HF,Not is CBM's Scope.,2025-07-11 05:38:31.734,2025-07-11 05:38:31.735,1
25692039,bf996092-8d66-408a-8d8e-5065ca3330c2,f679f4cf-c089-4a2b-9b84-b14129630601,7e598275-9b2c-4674-b384-a15c27098c1d,FM42EJFZPNC5F3HF,Not is CBM's Scope.,2025-07-11 05:38:31.736,2025-07-11 05:38:31.738,1
25692040,bf996092-8d66-408a-8d8e-5065ca3330c2,f679f4cf-c089-4a2b-9b84-b14129630601,7e598275-9b2c-4674-b384-a15c27098c1d,FM42EJFZPNC5F3HF,Not is CBM's Scope.,2025-07-11 05:38:31.739,2025-07-11 05:38:31.74,1
25692041,bf996092-8d66-408a-8d8e-5065ca3330c2,f679f4cf-c089-4a2b-9b84-b14129630601,7e598275-9b2c-4674-b384-a15c27098c1d,FM42EJFZPNC5F3HF,Not is CBM's Scope.,2025-07-11 05:38:31.741,2025-07-11 05:38:31.742,1
25692042,bf996092-8d66-408a-8d8e-5065ca3330c2,f679f4cf-c089-4a2b-9b84-b14129630601,7e598275-9b2c-4674-b384-a15c27098c1d,FM42EJFZPNC5F3HF,Not is CBM's Scope.,2025-07-11 05:38:31.743,2025-07-11 05:38:31.744,1
25692863,bf996092-8d66-408a-8d8e-5065ca3330c2,f679f4cf-c089-4a2b-9b84-b14129630601,b6e2e0b7-e29b-4526-80bb-a24478ffff15,4Q72Z7YYNCV4JKCW,"",2025-07-11 06:13:18.709,2025-07-11 06:13:18.768,1
25693037,bf996092-8d66-408a-8d8e-5065ca3330c2,967e785d-d83c-490b-8d6a-2ed926c956ac,dd5a4e11-2291-4a79-a17b-89b8fbf2d93f,BHQ2NZXYNGAXFVRM,"",2025-07-11 06:20:21.985,2025-07-11 06:20:25.228,1
25693353,bf996092-8d66-408a-8d8e-5065ca3330c2,967e785d-d83c-490b-8d6a-2ed926c956ac,dd5a4e11-2291-4a79-a17b-89b8fbf2d93f,4Q72Z7YYNCV4JKCW,"",2025-07-11 06:38:04.875,2025-07-11 06:38:04.965,1
25693663,bf996092-8d66-408a-8d8e-5065ca3330c2,967e785d-d83c-490b-8d6a-2ed926c956ac,04dbcc17-13f5-44ec-bdb3-f67dea2bd55c,BHQ2NZXYNGAXFVRM,,2025-07-11 06:51:06.195,2025-07-11 06:51:06.197,1
25697668,bf996092-8d66-408a-8d8e-5065ca3330c2,f6ab14eb-1a66-4ea5-8a0f-0afbda444403,f58d5985-1e66-42cb-b572-afe86ff9e225,BFH2KAVSNP5G463F,"",2025-07-11 08:54:02.976,2025-07-11 08:54:05.139,1
25697725,bf996092-8d66-408a-8d8e-5065ca3330c2,f6ab14eb-1a66-4ea5-8a0f-0afbda444403,823680ef-f50d-4df5-ad5d-a0a428b51c26,BFH2KAVSNP5G463F,"",2025-07-11 08:56:14.397,2025-07-11 08:56:16.112,1
25697942,bf996092-8d66-408a-8d8e-5065ca3330c2,f6ab14eb-1a66-4ea5-8a0f-0afbda444403,f269686e-42b6-480b-99f5-50fa628bd6eb,BFH2KAVSNP5G463F,"",2025-07-11 09:03:22.856,2025-07-11 09:03:24.628,1
25698125,bf996092-8d66-408a-8d8e-5065ca3330c2,f6ab14eb-1a66-4ea5-8a0f-0afbda444403,2ea151c0-e283-4605-a266-86967d9c1c3f,BFH2KAVSNP5G463F,"",2025-07-11 09:10:14.931,2025-07-11 09:10:16.684,1
25698173,bf996092-8d66-408a-8d8e-5065ca3330c2,f6ab14eb-1a66-4ea5-8a0f-0afbda444403,39ffaf9a-7ec7-4aed-88b8-c534ef0efef4,BFH2KAVSNP5G463F,"",2025-07-11 09:11:53.002,2025-07-11 09:11:54.76,1
25721256,bf996092-8d66-408a-8d8e-5065ca3330c2,f679f4cf-c089-4a2b-9b84-b14129630601,3bb7a928-8718-4ce4-a91a-304c50bac473,YQH2SLPMM8Q48DDT,"",2025-07-12 04:09:20.154,2025-07-12 04:09:22.143,1
25723037,bf996092-8d66-408a-8d8e-5065ca3330c2,f679f4cf-c089-4a2b-9b84-b14129630601,3bb7a928-8718-4ce4-a91a-304c50bac473,3NGJNZCXN8PBNTRV,"",2025-07-12 08:52:03.356,2025-07-12 08:52:03.401,1
25737851,bf996092-8d66-408a-8d8e-5065ca3330c2,f6ab14eb-1a66-4ea5-8a0f-0afbda444403,0b4b50a3-1995-4c7d-a6de-18676d48c10b,EAW249MULVNEJUNK,APPROVED ,2025-07-14 04:01:41.597,2025-07-14 04:01:41.629,1
25737893,bf996092-8d66-408a-8d8e-5065ca3330c2,f6ab14eb-1a66-4ea5-8a0f-0afbda444403,0b4b50a3-1995-4c7d-a6de-18676d48c10b,MLE243XQQX2UK86L,"",2025-07-14 04:03:28.968,2025-07-14 04:03:29.004,1
25738078,bf996092-8d66-408a-8d8e-5065ca3330c2,f6ab14eb-1a66-4ea5-8a0f-0afbda444403,0b4b50a3-1995-4c7d-a6de-18676d48c10b,DEFJY3LUP6UBKWPS,Approved,2025-07-14 04:14:58.714,2025-07-14 04:14:58.753,1
25738210,bf996092-8d66-408a-8d8e-5065ca3330c2,f6ab14eb-1a66-4ea5-8a0f-0afbda444403,0b4b50a3-1995-4c7d-a6de-18676d48c10b,G5LJ2CH9PRAMRT7X,Approved,2025-07-14 04:24:30.861,2025-07-14 04:24:30.901,1
25738704,bf996092-8d66-408a-8d8e-5065ca3330c2,f679f4cf-c089-4a2b-9b84-b14129630601,fe6d47a7-c2db-4cbb-8c5d-004ccab6ebe7,YQH2SLPMM8Q48DDT,"",2025-07-14 04:49:14.115,2025-07-14 04:49:16.951,1
25738796,bf996092-8d66-408a-8d8e-5065ca3330c2,f679f4cf-c089-4a2b-9b84-b14129630601,fa7105ac-a9d4-4c60-ab59-949ab688858e,YQH2SLPMM8Q48DDT,"",2025-07-14 04:55:45.424,2025-07-14 04:55:47.251,1
25738908,bf996092-8d66-408a-8d8e-5065ca3330c2,f6ab14eb-1a66-4ea5-8a0f-0afbda444403,0b4b50a3-1995-4c7d-a6de-18676d48c10b,D5ZKMDH5JP7L,Approved,2025-07-14 05:00:30.934,2025-07-14 05:00:30.998,1
25739236,bf996092-8d66-408a-8d8e-5065ca3330c2,f6ab14eb-1a66-4ea5-8a0f-0afbda444403,0b4b50a3-1995-4c7d-a6de-18676d48c10b,7PG2TJVQJYH2TVV7,as architecture drawing foundation if ok now.,2025-07-14 05:15:09.025,2025-07-14 05:15:09.072,1
25740945,bf996092-8d66-408a-8d8e-5065ca3330c2,f679f4cf-c089-4a2b-9b84-b14129630601,fe6d47a7-c2db-4cbb-8c5d-004ccab6ebe7,3NGJNZCXN8PBNTRV,"",2025-07-14 06:32:17.15,2025-07-14 06:32:17.207,1
25741026,bf996092-8d66-408a-8d8e-5065ca3330c2,f679f4cf-c089-4a2b-9b84-b14129630601,fa7105ac-a9d4-4c60-ab59-949ab688858e,3NGJNZCXN8PBNTRV,"",2025-07-14 06:33:29.838,2025-07-14 06:33:29.881,1
25741190,bf996092-8d66-408a-8d8e-5065ca3330c2,967e785d-d83c-490b-8d6a-2ed926c956ac,d4d0dafa-38b5-4784-9ef7-db9fe61e50b4,NTHFQB8P8X3C,"",2025-07-14 06:36:56.161,2025-07-14 06:36:56.164,1
25741191,bf996092-8d66-408a-8d8e-5065ca3330c2,967e785d-d83c-490b-8d6a-2ed926c956ac,d4d0dafa-38b5-4784-9ef7-db9fe61e50b4,NTHFQB8P8X3C,"",2025-07-14 06:36:56.166,2025-07-14 06:36:56.168,1
25741192,bf996092-8d66-408a-8d8e-5065ca3330c2,967e785d-d83c-490b-8d6a-2ed926c956ac,d4d0dafa-38b5-4784-9ef7-db9fe61e50b4,NTHFQB8P8X3C,"",2025-07-14 06:36:56.173,2025-07-14 06:36:56.174,1
25741193,bf996092-8d66-408a-8d8e-5065ca3330c2,967e785d-d83c-490b-8d6a-2ed926c956ac,d4d0dafa-38b5-4784-9ef7-db9fe61e50b4,NTHFQB8P8X3C,"",2025-07-14 06:36:56.176,2025-07-14 06:36:56.178,1
25741194,bf996092-8d66-408a-8d8e-5065ca3330c2,967e785d-d83c-490b-8d6a-2ed926c956ac,d4d0dafa-38b5-4784-9ef7-db9fe61e50b4,NTHFQB8P8X3C,"",2025-07-14 06:36:56.18,2025-07-14 06:36:56.182,1
25741195,bf996092-8d66-408a-8d8e-5065ca3330c2,967e785d-d83c-490b-8d6a-2ed926c956ac,d4d0dafa-38b5-4784-9ef7-db9fe61e50b4,NTHFQB8P8X3C,"",2025-07-14 06:36:56.184,2025-07-14 06:36:56.186,1
25741196,bf996092-8d66-408a-8d8e-5065ca3330c2,967e785d-d83c-490b-8d6a-2ed926c956ac,d4d0dafa-38b5-4784-9ef7-db9fe61e50b4,NTHFQB8P8X3C,"",2025-07-14 06:36:56.188,2025-07-14 06:36:56.19,1
25741197,bf996092-8d66-408a-8d8e-5065ca3330c2,967e785d-d83c-490b-8d6a-2ed926c956ac,d4d0dafa-38b5-4784-9ef7-db9fe61e50b4,NTHFQB8P8X3C,"",2025-07-14 06:36:56.192,2025-07-14 06:36:56.194,1
25741198,bf996092-8d66-408a-8d8e-5065ca3330c2,967e785d-d83c-490b-8d6a-2ed926c956ac,d4d0dafa-38b5-4784-9ef7-db9fe61e50b4,NTHFQB8P8X3C,"",2025-07-14 06:36:56.197,2025-07-14 06:36:56.199,1
25741705,bf996092-8d66-408a-8d8e-5065ca3330c2,967e785d-d83c-490b-8d6a-2ed926c956ac,69a20752-ebe0-44d9-bb82-f9e284ac7fb9,NTHFQB8P8X3C,"",2025-07-14 06:47:55.176,2025-07-14 06:47:55.181,1
25741706,bf996092-8d66-408a-8d8e-5065ca3330c2,967e785d-d83c-490b-8d6a-2ed926c956ac,69a20752-ebe0-44d9-bb82-f9e284ac7fb9,NTHFQB8P8X3C,"",2025-07-14 06:47:55.196,2025-07-14 06:47:55.201,1
25741707,bf996092-8d66-408a-8d8e-5065ca3330c2,967e785d-d83c-490b-8d6a-2ed926c956ac,69a20752-ebe0-44d9-bb82-f9e284ac7fb9,NTHFQB8P8X3C,"",2025-07-14 06:47:55.205,2025-07-14 06:47:55.209,1
25741708,bf996092-8d66-408a-8d8e-5065ca3330c2,967e785d-d83c-490b-8d6a-2ed926c956ac,69a20752-ebe0-44d9-bb82-f9e284ac7fb9,NTHFQB8P8X3C,"",2025-07-14 06:47:55.211,2025-07-14 06:47:55.216,1
25741709,bf996092-8d66-408a-8d8e-5065ca3330c2,967e785d-d83c-490b-8d6a-2ed926c956ac,69a20752-ebe0-44d9-bb82-f9e284ac7fb9,NTHFQB8P8X3C,"",2025-07-14 06:47:55.218,2025-07-14 06:47:55.22,1
25741710,bf996092-8d66-408a-8d8e-5065ca3330c2,967e785d-d83c-490b-8d6a-2ed926c956ac,69a20752-ebe0-44d9-bb82-f9e284ac7fb9,NTHFQB8P8X3C,"",2025-07-14 06:47:55.222,2025-07-14 06:47:55.224,1
25741711,bf996092-8d66-408a-8d8e-5065ca3330c2,967e785d-d83c-490b-8d6a-2ed926c956ac,69a20752-ebe0-44d9-bb82-f9e284ac7fb9,NTHFQB8P8X3C,"",2025-07-14 06:47:55.227,2025-07-14 06:47:55.228,1
25741712,bf996092-8d66-408a-8d8e-5065ca3330c2,967e785d-d83c-490b-8d6a-2ed926c956ac,69a20752-ebe0-44d9-bb82-f9e284ac7fb9,NTHFQB8P8X3C,"",2025-07-14 06:47:55.231,2025-07-14 06:47:55.233,1
25741713,bf996092-8d66-408a-8d8e-5065ca3330c2,967e785d-d83c-490b-8d6a-2ed926c956ac,69a20752-ebe0-44d9-bb82-f9e284ac7fb9,NTHFQB8P8X3C,"",2025-07-14 06:47:55.235,2025-07-14 06:47:55.237,1
25783610,bf996092-8d66-408a-8d8e-5065ca3330c2,967e785d-d83c-490b-8d6a-2ed926c956ac,d4d0dafa-38b5-4784-9ef7-db9fe61e50b4,S762NMGBKUB423MM,Reviewed,2025-07-15 07:34:22.429,2025-07-15 07:34:22.5,2
25783630,bf996092-8d66-408a-8d8e-5065ca3330c2,967e785d-d83c-490b-8d6a-2ed926c956ac,69a20752-ebe0-44d9-bb82-f9e284ac7fb9,S762NMGBKUB423MM,Reviewed,2025-07-15 07:35:10.159,2025-07-15 07:35:10.208,2
25786129,bf996092-8d66-408a-8d8e-5065ca3330c2,967e785d-d83c-490b-8d6a-2ed926c956ac,ebac6b32-fc06-4b0c-8de1-c449071db6ad,4Q72Z7YYNCV4JKCW,"",2025-07-15 08:41:14.245,2025-07-15 08:41:14.305,1
25786154,bf996092-8d66-408a-8d8e-5065ca3330c2,967e785d-d83c-490b-8d6a-2ed926c956ac,d35509ee-01c0-4c10-a839-25d3f5fa9c74,4Q72Z7YYNCV4JKCW,"",2025-07-15 08:41:54.13,2025-07-15 08:41:54.185,1
25787269,bf996092-8d66-408a-8d8e-5065ca3330c2,967e785d-d83c-490b-8d6a-2ed926c956ac,936308ba-2357-4347-aeeb-6dcd28342506,BHQ2NZXYNGAXFVRM,"",2025-07-15 09:11:16.981,2025-07-15 09:11:19.745,1
25787425,bf996092-8d66-408a-8d8e-5065ca3330c2,967e785d-d83c-490b-8d6a-2ed926c956ac,155353e0-f42f-4204-afbe-da44ac1b5df5,BHQ2NZXYNGAXFVRM,"",2025-07-15 09:14:47.678,2025-07-15 09:14:49.503,1
25787566,bf996092-8d66-408a-8d8e-5065ca3330c2,967e785d-d83c-490b-8d6a-2ed926c956ac,d2f9dd84-f67f-48ee-b779-1e555cb5b479,BHQ2NZXYNGAXFVRM,"",2025-07-15 09:18:28.45,2025-07-15 09:18:31.239,1
25787585,bf996092-8d66-408a-8d8e-5065ca3330c2,967e785d-d83c-490b-8d6a-2ed926c956ac,cc49b2b4-2347-4344-9aee-1a89f8223c55,BHQ2NZXYNGAXFVRM,"",2025-07-15 09:18:57.745,2025-07-15 09:18:59.513,1
25787827,bf996092-8d66-408a-8d8e-5065ca3330c2,967e785d-d83c-490b-8d6a-2ed926c956ac,88c9b67d-844a-4023-bae9-70f019e7d092,BHQ2NZXYNGAXFVRM,"",2025-07-15 09:23:35.4,2025-07-15 09:23:37.131,1
25787841,bf996092-8d66-408a-8d8e-5065ca3330c2,967e785d-d83c-490b-8d6a-2ed926c956ac,b927dd8c-87a5-463f-be5c-dcc855e197a3,BHQ2NZXYNGAXFVRM,"",2025-07-15 09:24:16.178,2025-07-15 09:24:17.934,1
25789031,bf996092-8d66-408a-8d8e-5065ca3330c2,f6ab14eb-1a66-4ea5-8a0f-0afbda444403,db95f760-e90d-4d5c-b7d3-4fc75d64a688,BFH2KAVSNP5G463F,"",2025-07-15 09:56:55.367,2025-07-15 09:56:57.179,1
25790336,bf996092-8d66-408a-8d8e-5065ca3330c2,967e785d-d83c-490b-8d6a-2ed926c956ac,936308ba-2357-4347-aeeb-6dcd28342506,4Q72Z7YYNCV4JKCW,"",2025-07-15 10:31:02.278,2025-07-15 10:31:02.326,1
25790374,bf996092-8d66-408a-8d8e-5065ca3330c2,967e785d-d83c-490b-8d6a-2ed926c956ac,155353e0-f42f-4204-afbe-da44ac1b5df5,4Q72Z7YYNCV4JKCW,"",2025-07-15 10:32:02.304,2025-07-15 10:32:02.335,1
25791324,bf996092-8d66-408a-8d8e-5065ca3330c2,f6ab14eb-1a66-4ea5-8a0f-0afbda444403,db95f760-e90d-4d5c-b7d3-4fc75d64a688,NXBJU9KZRN2LR6EX,WAGAD DPR 14JULY 25,2025-07-15 10:54:29.007,2025-07-15 10:54:29.078,1
25792668,bf996092-8d66-408a-8d8e-5065ca3330c2,967e785d-d83c-490b-8d6a-2ed926c956ac,69a20752-ebe0-44d9-bb82-f9e284ac7fb9,NTHFQB8P8X3C,Drawing is already approved from our side on dt. 15.07.2025,2025-07-15 11:35:48.39,2025-07-15 11:35:48.444,2
25792716,bf996092-8d66-408a-8d8e-5065ca3330c2,967e785d-d83c-490b-8d6a-2ed926c956ac,d4d0dafa-38b5-4784-9ef7-db9fe61e50b4,NTHFQB8P8X3C,Observations & approval is already shared on dt. 14.07.2025,2025-07-15 11:36:36.527,2025-07-15 11:36:36.571,2
25793922,bf996092-8d66-408a-8d8e-5065ca3330c2,f679f4cf-c089-4a2b-9b84-b14129630601,d1a1429f-9b93-4175-a541-9b7003b1382a,WMZ2BALML3JQXZCF,"",2025-07-15 12:06:01.721,2025-07-15 12:06:01.774,2
25830687,bf996092-8d66-408a-8d8e-5065ca3330c2,f6ab14eb-1a66-4ea5-8a0f-0afbda444403,52c2ac4a-c067-4cd8-ad45-3c797bc919fa,BFH2KAVSNP5G463F,"",2025-07-16 10:29:27.313,2025-07-16 10:29:29.076,1
25831428,bf996092-8d66-408a-8d8e-5065ca3330c2,f6ab14eb-1a66-4ea5-8a0f-0afbda444403,52c2ac4a-c067-4cd8-ad45-3c797bc919fa,NXBJU9KZRN2LR6EX,WAGAD DPR 15JULY 25,2025-07-16 10:52:29.517,2025-07-16 10:52:29.558,1
25859807,bf996092-8d66-408a-8d8e-5065ca3330c2,e9b596f2-48ee-419b-a199-da304b38c398,77ba1d7c-baab-4c1f-ac57-4afa9a6d6077,7UBTJ2JUZS54,"Dear Sir,
All attachments will be uploaded and shared soon for your review.",2025-07-17 06:56:43.669,2025-07-17 06:56:43.672,1
25859808,bf996092-8d66-408a-8d8e-5065ca3330c2,e9b596f2-48ee-419b-a199-da304b38c398,77ba1d7c-baab-4c1f-ac57-4afa9a6d6077,7UBTJ2JUZS54,"Dear Sir,
All attachments will be uploaded and shared soon for your review.",2025-07-17 06:56:43.676,2025-07-17 06:56:43.677,1
25859809,bf996092-8d66-408a-8d8e-5065ca3330c2,e9b596f2-48ee-419b-a199-da304b38c398,77ba1d7c-baab-4c1f-ac57-4afa9a6d6077,7UBTJ2JUZS54,"Dear Sir,
All attachments will be uploaded and shared soon for your review.",2025-07-17 06:56:43.681,2025-07-17 06:56:43.683,1
25859810,bf996092-8d66-408a-8d8e-5065ca3330c2,e9b596f2-48ee-419b-a199-da304b38c398,77ba1d7c-baab-4c1f-ac57-4afa9a6d6077,7UBTJ2JUZS54,"Dear Sir,
All attachments will be uploaded and shared soon for your review.",2025-07-17 06:56:43.69,2025-07-17 06:56:43.691,1
25859811,bf996092-8d66-408a-8d8e-5065ca3330c2,e9b596f2-48ee-419b-a199-da304b38c398,77ba1d7c-baab-4c1f-ac57-4afa9a6d6077,7UBTJ2JUZS54,"Dear Sir,
All attachments will be uploaded and shared soon for your review.",2025-07-17 06:56:43.698,2025-07-17 06:56:43.699,1
25859812,bf996092-8d66-408a-8d8e-5065ca3330c2,e9b596f2-48ee-419b-a199-da304b38c398,77ba1d7c-baab-4c1f-ac57-4afa9a6d6077,7UBTJ2JUZS54,"Dear Sir,
All attachments will be uploaded and shared soon for your review.",2025-07-17 06:56:43.703,2025-07-17 06:56:43.704,1
25859813,bf996092-8d66-408a-8d8e-5065ca3330c2,e9b596f2-48ee-419b-a199-da304b38c398,77ba1d7c-baab-4c1f-ac57-4afa9a6d6077,7UBTJ2JUZS54,"Dear Sir,
All attachments will be uploaded and shared soon for your review.",2025-07-17 06:56:43.709,2025-07-17 06:56:43.71,1
25861367,bf996092-8d66-408a-8d8e-5065ca3330c2,967e785d-d83c-490b-8d6a-2ed926c956ac,19b0fe31-d82b-457f-bb1d-d5c48739612d,S762NMGBKUB423MM,"",2025-07-17 07:19:55.824,2025-07-17 07:19:55.827,1
25861368,bf996092-8d66-408a-8d8e-5065ca3330c2,967e785d-d83c-490b-8d6a-2ed926c956ac,19b0fe31-d82b-457f-bb1d-d5c48739612d,S762NMGBKUB423MM,"",2025-07-17 07:19:55.829,2025-07-17 07:19:55.831,1
25861369,bf996092-8d66-408a-8d8e-5065ca3330c2,967e785d-d83c-490b-8d6a-2ed926c956ac,19b0fe31-d82b-457f-bb1d-d5c48739612d,S762NMGBKUB423MM,"",2025-07-17 07:19:55.834,2025-07-17 07:19:55.836,1
25861370,bf996092-8d66-408a-8d8e-5065ca3330c2,967e785d-d83c-490b-8d6a-2ed926c956ac,19b0fe31-d82b-457f-bb1d-d5c48739612d,S762NMGBKUB423MM,"",2025-07-17 07:19:55.838,2025-07-17 07:19:55.84,1
25861371,bf996092-8d66-408a-8d8e-5065ca3330c2,967e785d-d83c-490b-8d6a-2ed926c956ac,19b0fe31-d82b-457f-bb1d-d5c48739612d,S762NMGBKUB423MM,"",2025-07-17 07:19:55.844,2025-07-17 07:19:55.846,1
25861372,bf996092-8d66-408a-8d8e-5065ca3330c2,967e785d-d83c-490b-8d6a-2ed926c956ac,19b0fe31-d82b-457f-bb1d-d5c48739612d,S762NMGBKUB423MM,"",2025-07-17 07:19:55.849,2025-07-17 07:19:55.85,1
25861373,bf996092-8d66-408a-8d8e-5065ca3330c2,967e785d-d83c-490b-8d6a-2ed926c956ac,19b0fe31-d82b-457f-bb1d-d5c48739612d,S762NMGBKUB423MM,"",2025-07-17 07:19:55.853,2025-07-17 07:19:55.855,1
25861374,bf996092-8d66-408a-8d8e-5065ca3330c2,967e785d-d83c-490b-8d6a-2ed926c956ac,19b0fe31-d82b-457f-bb1d-d5c48739612d,S762NMGBKUB423MM,"",2025-07-17 07:19:55.858,2025-07-17 07:19:55.86,1
25861375,bf996092-8d66-408a-8d8e-5065ca3330c2,967e785d-d83c-490b-8d6a-2ed926c956ac,19b0fe31-d82b-457f-bb1d-d5c48739612d,S762NMGBKUB423MM,"",2025-07-17 07:19:55.863,2025-07-17 07:19:55.87,1
25864633,bf996092-8d66-408a-8d8e-5065ca3330c2,f6ab14eb-1a66-4ea5-8a0f-0afbda444403,7c9903d2-8e7e-46d2-9a0e-318284eb06a9,BHQ2NZXYNGAXFVRM,"",2025-07-17 08:25:50.139,2025-07-17 08:25:51.975,1
25865863,bf996092-8d66-408a-8d8e-5065ca3330c2,f679f4cf-c089-4a2b-9b84-b14129630601,b384fc16-e221-4b5b-9a64-1221cb269d5b,YQH2SLPMM8Q48DDT,"",2025-07-17 08:54:54.42,2025-07-17 08:54:56.723,1
25904233,bf996092-8d66-408a-8d8e-5065ca3330c2,f6ab14eb-1a66-4ea5-8a0f-0afbda444403,71044fec-262d-4c21-8583-260622fdc39c,BFH2KAVSNP5G463F,"",2025-07-18 08:53:20.056,2025-07-18 08:53:21.785,1
25905089,bf996092-8d66-408a-8d8e-5065ca3330c2,f6ab14eb-1a66-4ea5-8a0f-0afbda444403,4df0392a-96c2-42d1-81ab-cb9ebba9e661,FM42EJFZPNC5F3HF,"",2025-07-18 09:19:56.479,2025-07-18 09:19:58.576,1
25906941,bf996092-8d66-408a-8d8e-5065ca3330c2,967e785d-d83c-490b-8d6a-2ed926c956ac,9dda0315-451b-43d7-9c4a-0a6da3bff0bb,BHQ2NZXYNGAXFVRM,"",2025-07-18 10:04:55.361,2025-07-18 10:04:58.125,1
25910058,bf996092-8d66-408a-8d8e-5065ca3330c2,f6ab14eb-1a66-4ea5-8a0f-0afbda444403,1a75b34a-c1b8-4a6f-8ef8-905da62a930a,BFH2KAVSNP5G463F,"",2025-07-18 11:12:26.802,2025-07-18 11:12:28.843,1
25910202,bf996092-8d66-408a-8d8e-5065ca3330c2,f6ab14eb-1a66-4ea5-8a0f-0afbda444403,4df0392a-96c2-42d1-81ab-cb9ebba9e661,S762NMGBKUB423MM,Approved,2025-07-18 11:16:21.79,2025-07-18 11:16:21.844,1
25910883,bf996092-8d66-408a-8d8e-5065ca3330c2,f6ab14eb-1a66-4ea5-8a0f-0afbda444403,4df0392a-96c2-42d1-81ab-cb9ebba9e661,H4J29KZBMAKAE737,"Dear All,

We have reviewed the drawing and found it architecturally acceptable. However, as discussed with our MEP team, they require additional sumps to be incorporated, which will be addressed in the revised drawings.

",2025-07-18 11:36:27.368,2025-07-18 11:36:27.412,1
25910963,bf996092-8d66-408a-8d8e-5065ca3330c2,f6ab14eb-1a66-4ea5-8a0f-0afbda444403,4df0392a-96c2-42d1-81ab-cb9ebba9e661,DX6J5SASN4NA66QN,"",2025-07-18 11:39:17.553,2025-07-18 11:39:17.601,1
25961866,bf996092-8d66-408a-8d8e-5065ca3330c2,f679f4cf-c089-4a2b-9b84-b14129630601,0efde507-1c0f-43e9-943e-cb563978cdd9,FM42EJFZPNC5F3HF,"",2025-07-21 09:58:16.999,2025-07-21 09:58:18.898,1
25963996,bf996092-8d66-408a-8d8e-5065ca3330c2,f6ab14eb-1a66-4ea5-8a0f-0afbda444403,03b92d88-8097-4467-90c3-eeb636c112e6,NXBJU9KZRN2LR6EX,WAGAD DPR 19 JULY 25,2025-07-21 10:59:18.267,2025-07-21 10:59:18.31,1
25964125,bf996092-8d66-408a-8d8e-5065ca3330c2,f6ab14eb-1a66-4ea5-8a0f-0afbda444403,1db4f885-33fd-4554-bcc5-7bbe35673d74,NXBJU9KZRN2LR6EX,WAGAD DPR 20 JULY 25,2025-07-21 11:02:32.823,2025-07-21 11:02:32.923,1
25964863,bf996092-8d66-408a-8d8e-5065ca3330c2,f679f4cf-c089-4a2b-9b84-b14129630601,0efde507-1c0f-43e9-943e-cb563978cdd9,NTHFQB8P8X3C,Approved ,2025-07-21 11:25:18.252,2025-07-21 11:25:18.319,1
25965550,bf996092-8d66-408a-8d8e-5065ca3330c2,f6ab14eb-1a66-4ea5-8a0f-0afbda444403,4df0392a-96c2-42d1-81ab-cb9ebba9e661,TJ92FSAHL5HQP7TF,"",2025-07-21 11:48:24.134,2025-07-21 11:48:24.171,2
25966094,bf996092-8d66-408a-8d8e-5065ca3330c2,f679f4cf-c089-4a2b-9b84-b14129630601,0efde507-1c0f-43e9-943e-cb563978cdd9,WE82WHZJPFH7CVC8,Approved,2025-07-21 12:02:08.883,2025-07-21 12:02:08.946,1
25966283,bf996092-8d66-408a-8d8e-5065ca3330c2,f679f4cf-c089-4a2b-9b84-b14129630601,0efde507-1c0f-43e9-943e-cb563978cdd9,S762NMGBKUB423MM,Approved,2025-07-21 12:07:06.123,2025-07-21 12:07:06.18,1
25966380,bf996092-8d66-408a-8d8e-5065ca3330c2,f679f4cf-c089-4a2b-9b84-b14129630601,0efde507-1c0f-43e9-943e-cb563978cdd9,DX6J5SASN4NA66QN,"",2025-07-21 12:10:11.601,2025-07-21 12:10:11.668,1
25991993,bf996092-8d66-408a-8d8e-5065ca3330c2,f679f4cf-c089-4a2b-9b84-b14129630601,bbfeb9e4-3938-47b8-bd21-eacc617a811e,YQH2SLPMM8Q48DDT,"",2025-07-22 05:38:18.367,2025-07-22 05:38:20.165,1
25994320,bf996092-8d66-408a-8d8e-5065ca3330c2,f679f4cf-c089-4a2b-9b84-b14129630601,bbfeb9e4-3938-47b8-bd21-eacc617a811e,3NGJNZCXN8PBNTRV,"",2025-07-22 07:05:07.234,2025-07-22 07:05:07.465,1
26008813,bf996092-8d66-408a-8d8e-5065ca3330c2,f6ab14eb-1a66-4ea5-8a0f-0afbda444403,b3da9f91-cc1c-42b9-811d-712e1e5b1365,NXBJU9KZRN2LR6EX,WAGAD DPR 21 JULY 2025,2025-07-22 12:42:58.683,2025-07-22 12:42:58.725,1
26033176,bf996092-8d66-408a-8d8e-5065ca3330c2,f679f4cf-c089-4a2b-9b84-b14129630601,e554ca68-2035-4022-8f18-9df9467daf3d,YQH2SLPMM8Q48DDT,"",2025-07-23 04:10:42.032,2025-07-23 04:10:44.879,1
26036288,bf996092-8d66-408a-8d8e-5065ca3330c2,f679f4cf-c089-4a2b-9b84-b14129630601,0efde507-1c0f-43e9-943e-cb563978cdd9,TJ92FSAHL5HQP7TF,"",2025-07-23 06:19:50.295,2025-07-23 06:19:50.372,1
26078027,bf996092-8d66-408a-8d8e-5065ca3330c2,f6ab14eb-1a66-4ea5-8a0f-0afbda444403,4df0392a-96c2-42d1-81ab-cb9ebba9e661,MM92S32ERSK2YS7H,"R1 approved and submitted,But I am writing to bring to your attention that the Addiction Sump and trench locations are missing from the Revision 1 drawing. Kindly ensure that both will be included and clearly marked in Revision R2 by the structural team.
Thanks & Regards,",2025-07-24 06:58:00.266,2025-07-24 06:58:00.41,2
26078622,bf996092-8d66-408a-8d8e-5065ca3330c2,f6ab14eb-1a66-4ea5-8a0f-0afbda444403,58220789-cfb2-4e79-8731-467d796a613c,NXBJU9KZRN2LR6EX,WAGAD DPR 22JULY 25,2025-07-24 07:15:43.335,2025-07-24 07:15:43.397,1
26078729,bf996092-8d66-408a-8d8e-5065ca3330c2,f6ab14eb-1a66-4ea5-8a0f-0afbda444403,625b0a53-e08d-4f05-95d9-666cf8feeecb,NXBJU9KZRN2LR6EX,WAGAD DPR 23JULY 25,2025-07-24 07:19:18.272,2025-07-24 07:19:18.325,1
26081864,bf996092-8d66-408a-8d8e-5065ca3330c2,f6ab14eb-1a66-4ea5-8a0f-0afbda444403,4df0392a-96c2-42d1-81ab-cb9ebba9e661,DEFJY3LUP6UBKWPS,approved,2025-07-24 08:35:43.404,2025-07-24 08:35:43.451,2
26082112,bf996092-8d66-408a-8d8e-5065ca3330c2,f6ab14eb-1a66-4ea5-8a0f-0afbda444403,4df0392a-96c2-42d1-81ab-cb9ebba9e661,EAW249MULVNEJUNK,Approved ,2025-07-24 08:43:00.134,2025-07-24 08:43:00.18,2
26082262,bf996092-8d66-408a-8d8e-5065ca3330c2,f6ab14eb-1a66-4ea5-8a0f-0afbda444403,4df0392a-96c2-42d1-81ab-cb9ebba9e661,MLE243XQQX2UK86L,"",2025-07-24 08:46:53.439,2025-07-24 08:46:53.491,2
26084851,bf996092-8d66-408a-8d8e-5065ca3330c2,e9b596f2-48ee-419b-a199-da304b38c398,7b88496a-6676-4798-b21e-0c9392d2de59,TJ92FSAHL5HQP7TF,"",2025-07-24 09:40:43.38,2025-07-24 09:40:45.309,1
26085177,bf996092-8d66-408a-8d8e-5065ca3330c2,e9b596f2-48ee-419b-a199-da304b38c398,31c1cf8c-332b-468e-83a5-8e1b1e305d1d,TJ92FSAHL5HQP7TF,"",2025-07-24 09:46:10.114,2025-07-24 09:46:12.003,1
26085214,bf996092-8d66-408a-8d8e-5065ca3330c2,e9b596f2-48ee-419b-a199-da304b38c398,dfd34659-c32f-4c11-9865-dc76c6e43af8,TJ92FSAHL5HQP7TF,"",2025-07-24 09:47:07.836,2025-07-24 09:47:09.877,1
26085422,bf996092-8d66-408a-8d8e-5065ca3330c2,f6ab14eb-1a66-4ea5-8a0f-0afbda444403,4df0392a-96c2-42d1-81ab-cb9ebba9e661,G5LJ2CH9PRAMRT7X,Approved,2025-07-24 09:53:04.57,2025-07-24 09:53:04.62,2
26085961,bf996092-8d66-408a-8d8e-5065ca3330c2,f6ab14eb-1a66-4ea5-8a0f-0afbda444403,4df0392a-96c2-42d1-81ab-cb9ebba9e661,D5ZKMDH5JP7L,Approved ,2025-07-24 10:08:28.631,2025-07-24 10:08:28.689,2
26086027,bf996092-8d66-408a-8d8e-5065ca3330c2,f6ab14eb-1a66-4ea5-8a0f-0afbda444403,6dbfccdf-3fc0-4d32-9e4c-a7a89305e0e9,TJ92FSAHL5HQP7TF,"",2025-07-24 10:10:58.896,2025-07-24 10:11:02.229,1
26086847,bf996092-8d66-408a-8d8e-5065ca3330c2,f679f4cf-c089-4a2b-9b84-b14129630601,0efde507-1c0f-43e9-943e-cb563978cdd9,WMZ2BALML3JQXZCF,"",2025-07-24 10:33:38.416,2025-07-24 10:33:38.565,1
26125271,bf996092-8d66-408a-8d8e-5065ca3330c2,23142979-9fb6-4fd3-bd82-62d7e0add75f,198fd447-702c-498b-b297-6efd862aa524,JESJ7TGSQHWR942J,"",2025-07-25 11:06:41.92,2025-07-25 11:06:44.371,1
26125958,bf996092-8d66-408a-8d8e-5065ca3330c2,f679f4cf-c089-4a2b-9b84-b14129630601,0efde507-1c0f-43e9-943e-cb563978cdd9,7PG2TJVQJYH2TVV7,foundations are ok from my side.,2025-07-25 11:34:27.998,2025-07-25 11:34:28.042,1
26156437,bf996092-8d66-408a-8d8e-5065ca3330c2,f679f4cf-c089-4a2b-9b84-b14129630601,c3f141a2-a7bc-4995-b4f5-5c32bf140423,YQH2SLPMM8Q48DDT,"",2025-07-27 03:46:48.145,2025-07-27 03:46:50.368,1
26157145,bf996092-8d66-408a-8d8e-5065ca3330c2,f6ab14eb-1a66-4ea5-8a0f-0afbda444403,7e07d3f3-b19b-4203-8ad6-336a6dd4f97b,BFH2KAVSNP5G463F,"",2025-07-27 06:29:47.169,2025-07-27 06:29:49.028,1
26157246,bf996092-8d66-408a-8d8e-5065ca3330c2,f6ab14eb-1a66-4ea5-8a0f-0afbda444403,52e1975b-41d5-4640-b78e-1b701b780f29,BFH2KAVSNP5G463F,"",2025-07-27 06:41:00.167,2025-07-27 06:41:02.931,1
26157308,bf996092-8d66-408a-8d8e-5065ca3330c2,f6ab14eb-1a66-4ea5-8a0f-0afbda444403,88d3e65d-5f26-44e8-9022-d496e22489ce,BFH2KAVSNP5G463F,"",2025-07-27 06:48:05.796,2025-07-27 06:48:07.739,1
26172945,bf996092-8d66-408a-8d8e-5065ca3330c2,23142979-9fb6-4fd3-bd82-62d7e0add75f,198fd447-702c-498b-b297-6efd862aa524,XN3JZXALK55CEVKP,OK,2025-07-28 07:44:20.005,2025-07-28 07:44:20.05,1
26173805,bf996092-8d66-408a-8d8e-5065ca3330c2,23142979-9fb6-4fd3-bd82-62d7e0add75f,198fd447-702c-498b-b297-6efd862aa524,Y892LF63N69HWYZS,ok,2025-07-28 08:07:38.631,2025-07-28 08:07:38.664,1
26173870,bf996092-8d66-408a-8d8e-5065ca3330c2,23142979-9fb6-4fd3-bd82-62d7e0add75f,cedb2667-4f79-4be1-bb99-213928b9972c,Y892LF63N69HWYZS,ok,2025-07-28 08:08:57.663,2025-07-28 08:08:57.722,1
26174323,bf996092-8d66-408a-8d8e-5065ca3330c2,f6ab14eb-1a66-4ea5-8a0f-0afbda444403,30f807ee-4824-45fd-b21d-ed86c8df14c9,BFH2KAVSNP5G463F,"",2025-07-28 08:20:15.14,2025-07-28 08:20:16.954,1
26175839,bf996092-8d66-408a-8d8e-5065ca3330c2,f6ab14eb-1a66-4ea5-8a0f-0afbda444403,30f807ee-4824-45fd-b21d-ed86c8df14c9,NXBJU9KZRN2LR6EX,Wagad dpr 27 july 25,2025-07-28 08:56:23.255,2025-07-28 08:56:23.297,1
26206063,bf996092-8d66-408a-8d8e-5065ca3330c2,f6ab14eb-1a66-4ea5-8a0f-0afbda444403,e1c6c93f-6e93-4276-a761-507159d75c6a,BFH2KAVSNP5G463F,"",2025-07-29 03:41:08.214,2025-07-29 03:41:09.962,1
26223203,bf996092-8d66-408a-8d8e-5065ca3330c2,967e785d-d83c-490b-8d6a-2ed926c956ac,245195a1-b5e3-435f-bd90-e191736b74ab,WK7J3NJWMTCK9UWQ,"",2025-07-29 11:20:30.983,2025-07-29 11:20:32.803,1
26223388,bf996092-8d66-408a-8d8e-5065ca3330c2,967e785d-d83c-490b-8d6a-2ed926c956ac,245195a1-b5e3-435f-bd90-e191736b74ab,CMJ2N3U8MSMRM8ZA,Data in DPR not corrected. Please correct and resubmit.,2025-07-29 11:25:57.432,2025-07-29 11:25:57.434,1
26223761,bf996092-8d66-408a-8d8e-5065ca3330c2,967e785d-d83c-490b-8d6a-2ed926c956ac,245195a1-b5e3-435f-bd90-e191736b74ab,WK7J3NJWMTCK9UWQ,"",2025-07-29 11:35:51.496,2025-07-29 11:35:53.239,2
26227321,bf996092-8d66-408a-8d8e-5065ca3330c2,23142979-9fb6-4fd3-bd82-62d7e0add75f,e2e1d5aa-4199-4a9d-be6f-d9298c67c2ea,JESJ7TGSQHWR942J,"",2025-07-29 12:55:58.996,2025-07-29 12:56:01.545,1
26248470,bf996092-8d66-408a-8d8e-5065ca3330c2,f679f4cf-c089-4a2b-9b84-b14129630601,013aea28-7668-41c7-af80-861970a61ed2,YQH2SLPMM8Q48DDT,"",2025-07-30 03:39:47.866,2025-07-30 03:39:49.676,1
26249388,bf996092-8d66-408a-8d8e-5065ca3330c2,f679f4cf-c089-4a2b-9b84-b14129630601,013aea28-7668-41c7-af80-861970a61ed2,3NGJNZCXN8PBNTRV,"",2025-07-30 04:27:47.921,2025-07-30 04:27:47.923,1
26249392,bf996092-8d66-408a-8d8e-5065ca3330c2,23142979-9fb6-4fd3-bd82-62d7e0add75f,e2e1d5aa-4199-4a9d-be6f-d9298c67c2ea,S8W2PRCHQXETHD6D,"",2025-07-30 04:28:00.478,2025-07-30 04:28:00.479,1
26249393,bf996092-8d66-408a-8d8e-5065ca3330c2,23142979-9fb6-4fd3-bd82-62d7e0add75f,e2e1d5aa-4199-4a9d-be6f-d9298c67c2ea,S8W2PRCHQXETHD6D,"",2025-07-30 04:28:00.485,2025-07-30 04:28:00.486,1
26249394,bf996092-8d66-408a-8d8e-5065ca3330c2,23142979-9fb6-4fd3-bd82-62d7e0add75f,e2e1d5aa-4199-4a9d-be6f-d9298c67c2ea,S8W2PRCHQXETHD6D,"",2025-07-30 04:28:00.488,2025-07-30 04:28:00.49,1
26249395,bf996092-8d66-408a-8d8e-5065ca3330c2,23142979-9fb6-4fd3-bd82-62d7e0add75f,e2e1d5aa-4199-4a9d-be6f-d9298c67c2ea,S8W2PRCHQXETHD6D,"",2025-07-30 04:28:00.491,2025-07-30 04:28:00.493,1
26249396,bf996092-8d66-408a-8d8e-5065ca3330c2,23142979-9fb6-4fd3-bd82-62d7e0add75f,e2e1d5aa-4199-4a9d-be6f-d9298c67c2ea,S8W2PRCHQXETHD6D,"",2025-07-30 04:28:00.494,2025-07-30 04:28:00.495,1
26249397,bf996092-8d66-408a-8d8e-5065ca3330c2,23142979-9fb6-4fd3-bd82-62d7e0add75f,e2e1d5aa-4199-4a9d-be6f-d9298c67c2ea,S8W2PRCHQXETHD6D,"",2025-07-30 04:28:00.496,2025-07-30 04:28:00.497,1
26249398,bf996092-8d66-408a-8d8e-5065ca3330c2,23142979-9fb6-4fd3-bd82-62d7e0add75f,e2e1d5aa-4199-4a9d-be6f-d9298c67c2ea,S8W2PRCHQXETHD6D,"",2025-07-30 04:28:00.498,2025-07-30 04:28:00.499,1
26249399,bf996092-8d66-408a-8d8e-5065ca3330c2,23142979-9fb6-4fd3-bd82-62d7e0add75f,e2e1d5aa-4199-4a9d-be6f-d9298c67c2ea,S8W2PRCHQXETHD6D,"",2025-07-30 04:28:00.5,2025-07-30 04:28:00.501,1
26249400,bf996092-8d66-408a-8d8e-5065ca3330c2,23142979-9fb6-4fd3-bd82-62d7e0add75f,e2e1d5aa-4199-4a9d-be6f-d9298c67c2ea,S8W2PRCHQXETHD6D,"",2025-07-30 04:28:00.503,2025-07-30 04:28:00.504,1
26249760,bf996092-8d66-408a-8d8e-5065ca3330c2,23142979-9fb6-4fd3-bd82-62d7e0add75f,198fd447-702c-498b-b297-6efd862aa524,S8W2PRCHQXETHD6D,Kindly proceed,2025-07-30 04:48:35.029,2025-07-30 04:48:35.075,1
26250780,bf996092-8d66-408a-8d8e-5065ca3330c2,f6ab14eb-1a66-4ea5-8a0f-0afbda444403,7684c2aa-7b20-4bce-b7a3-0e089cc17f86,BFH2KAVSNP5G463F,"",2025-07-30 05:37:33.7,2025-07-30 05:37:35.527,1
26304237,bf996092-8d66-408a-8d8e-5065ca3330c2,f6ab14eb-1a66-4ea5-8a0f-0afbda444403,a9349de5-7308-4850-ae98-c626c8dc45c3,NXBJU9KZRN2LR6EX,"",2025-07-31 10:12:28.31,2025-07-31 10:12:28.36,1
26304749,bf996092-8d66-408a-8d8e-5065ca3330c2,f6ab14eb-1a66-4ea5-8a0f-0afbda444403,e266bcb3-2dc8-4cdd-ab28-5879fa631eb4,FM42EJFZPNC5F3HF,"",2025-07-31 10:26:26.756,2025-07-31 10:26:28.707,1
26309565,bf996092-8d66-408a-8d8e-5065ca3330c2,f6ab14eb-1a66-4ea5-8a0f-0afbda444403,9de09aea-6ebb-4e00-9de9-3fd3716bc418,BFH2KAVSNP5G463F,"",2025-07-31 12:35:03.595,2025-07-31 12:35:05.395,1
26309585,bf996092-8d66-408a-8d8e-5065ca3330c2,f6ab14eb-1a66-4ea5-8a0f-0afbda444403,18a048a6-b65a-437e-baf1-c4ca2b83136a,BFH2KAVSNP5G463F,"",2025-07-31 12:35:48.925,2025-07-31 12:35:50.745,1
26309626,bf996092-8d66-408a-8d8e-5065ca3330c2,f6ab14eb-1a66-4ea5-8a0f-0afbda444403,7457a122-1417-4f54-940a-15972f373c6b,BFH2KAVSNP5G463F,"",2025-07-31 12:36:58.762,2025-07-31 12:37:00.484,1
26309684,bf996092-8d66-408a-8d8e-5065ca3330c2,f6ab14eb-1a66-4ea5-8a0f-0afbda444403,1b21a5d1-9025-48da-bb92-22da41a53992,BFH2KAVSNP5G463F,"",2025-07-31 12:37:37.115,2025-07-31 12:37:39.893,1
26309805,bf996092-8d66-408a-8d8e-5065ca3330c2,f6ab14eb-1a66-4ea5-8a0f-0afbda444403,7684c2aa-7b20-4bce-b7a3-0e089cc17f86,NXBJU9KZRN2LR6EX,DATA in dpr is not correct,2025-07-31 12:40:04.195,2025-07-31 12:40:04.25,1
26309837,bf996092-8d66-408a-8d8e-5065ca3330c2,f6ab14eb-1a66-4ea5-8a0f-0afbda444403,9de09aea-6ebb-4e00-9de9-3fd3716bc418,NXBJU9KZRN2LR6EX,wagad dpr 31 july 25,2025-07-31 12:40:53.165,2025-07-31 12:40:53.196,1
26309868,bf996092-8d66-408a-8d8e-5065ca3330c2,f6ab14eb-1a66-4ea5-8a0f-0afbda444403,18a048a6-b65a-437e-baf1-c4ca2b83136a,NXBJU9KZRN2LR6EX,WAGAD DPR 30 JULY 25,2025-07-31 12:41:32.568,2025-07-31 12:41:32.624,1
26309891,bf996092-8d66-408a-8d8e-5065ca3330c2,f6ab14eb-1a66-4ea5-8a0f-0afbda444403,7457a122-1417-4f54-940a-15972f373c6b,NXBJU9KZRN2LR6EX,WAGAD DPR 28 JULY 25,2025-07-31 12:42:10.934,2025-07-31 12:42:10.991,1
26309947,bf996092-8d66-408a-8d8e-5065ca3330c2,f6ab14eb-1a66-4ea5-8a0f-0afbda444403,1b21a5d1-9025-48da-bb92-22da41a53992,NXBJU9KZRN2LR6EX,WAGAD DPR 29 JULY 25,2025-07-31 12:42:49.383,2025-07-31 12:42:49.439,1
26335562,bf996092-8d66-408a-8d8e-5065ca3330c2,f679f4cf-c089-4a2b-9b84-b14129630601,7e598275-9b2c-4674-b384-a15c27098c1d,NTHFQB8P8X3C,GFC drawing issued on ACC,2025-08-01 05:56:41.75,2025-08-01 05:56:41.753,2
26338364,bf996092-8d66-408a-8d8e-5065ca3330c2,967e785d-d83c-490b-8d6a-2ed926c956ac,1202faec-effb-4c3c-abe1-bd02a2e34f8d,WK7J3NJWMTCK9UWQ,"",2025-08-01 07:47:09.809,2025-08-01 07:47:24.509,1
26343974,bf996092-8d66-408a-8d8e-5065ca3330c2,967e785d-d83c-490b-8d6a-2ed926c956ac,1202faec-effb-4c3c-abe1-bd02a2e34f8d,C6Z2RETEN3MN8XZF,"",2025-08-01 10:47:16.335,2025-08-01 10:47:16.337,1
26344118,bf996092-8d66-408a-8d8e-5065ca3330c2,967e785d-d83c-490b-8d6a-2ed926c956ac,8a6fc906-7ef7-4644-bbcf-ab3d3c7b84b9,WK7J3NJWMTCK9UWQ,"",2025-08-01 10:54:54.286,2025-08-01 10:54:57.103,1
26344331,bf996092-8d66-408a-8d8e-5065ca3330c2,967e785d-d83c-490b-8d6a-2ed926c956ac,8a6fc906-7ef7-4644-bbcf-ab3d3c7b84b9,C6Z2RETEN3MN8XZF,"",2025-08-01 11:00:19.49,2025-08-01 11:00:19.492,1
26344740,bf996092-8d66-408a-8d8e-5065ca3330c2,967e785d-d83c-490b-8d6a-2ed926c956ac,8a6fc906-7ef7-4644-bbcf-ab3d3c7b84b9,WK7J3NJWMTCK9UWQ,"",2025-08-01 11:13:21.307,2025-08-01 11:13:23.991,2
26345067,bf996092-8d66-408a-8d8e-5065ca3330c2,967e785d-d83c-490b-8d6a-2ed926c956ac,1202faec-effb-4c3c-abe1-bd02a2e34f8d,WK7J3NJWMTCK9UWQ,new review generate ,2025-08-01 11:24:00.564,2025-08-01 11:24:00.567,2
26345444,bf996092-8d66-408a-8d8e-5065ca3330c2,967e785d-d83c-490b-8d6a-2ed926c956ac,8a6fc906-7ef7-4644-bbcf-ab3d3c7b84b9,C6Z2RETEN3MN8XZF,"",2025-08-01 11:33:26.022,2025-08-01 11:33:26.068,2
26349612,bf996092-8d66-408a-8d8e-5065ca3330c2,f6ab14eb-1a66-4ea5-8a0f-0afbda444403,6dbfccdf-3fc0-4d32-9e4c-a7a89305e0e9,TZXRKN44WBAJ,Acknowledged. I will indicate the extra sumps in the architectural plans for basement 2 and basement 3.,2025-08-01 13:05:34.216,2025-08-01 13:05:34.251,1
26371270,bf996092-8d66-408a-8d8e-5065ca3330c2,f6ab14eb-1a66-4ea5-8a0f-0afbda444403,0b18d442-39aa-4586-b1cd-39d05b21af6e,NXBJU9KZRN2LR6EX,WAGAD DPR 1 AUG 25,2025-08-02 10:27:31.987,2025-08-02 10:27:32.019,1
26371837,bf996092-8d66-408a-8d8e-5065ca3330c2,967e785d-d83c-490b-8d6a-2ed926c956ac,cbfb75f1-ae3c-49b5-a1f9-85e4a115b72a,WK7J3NJWMTCK9UWQ,"",2025-08-02 12:07:06.785,2025-08-02 12:07:08.602,1
26372716,bf996092-8d66-408a-8d8e-5065ca3330c2,f6ab14eb-1a66-4ea5-8a0f-0afbda444403,8f65b385-ff29-4077-b8c2-b6fd72f89245,NXBJU9KZRN2LR6EX,AMITECH DPR 01 AUG 25,2025-08-02 13:28:30.313,2025-08-02 13:28:30.381,1
26375126,bf996092-8d66-408a-8d8e-5065ca3330c2,f6ab14eb-1a66-4ea5-8a0f-0afbda444403,26132383-942e-4595-8344-ec22158a6817,4UJ23BUBLD77JPG2,"",2025-08-03 05:36:59.981,2025-08-03 05:37:01.896,1
25911390,bf996092-8d66-408a-8d8e-5065ca3330c2,967e785d-d83c-490b-8d6a-2ed926c956ac,9dda0315-451b-43d7-9c4a-0a6da3bff0bb,4Q72Z7YYNCV4JKCW,"",2025-07-18 11:48:56.085,2025-07-18 11:48:56.138,1
25911423,bf996092-8d66-408a-8d8e-5065ca3330c2,f679f4cf-c089-4a2b-9b84-b14129630601,2c06f147-f372-4414-90f8-6814cf24878e,4Q72Z7YYNCV4JKCW,"",2025-07-18 11:49:50.626,2025-07-18 11:49:50.69,1
25911446,bf996092-8d66-408a-8d8e-5065ca3330c2,f679f4cf-c089-4a2b-9b84-b14129630601,f5d0db82-56f9-4ac9-ad98-dfb6e8d1a11c,4Q72Z7YYNCV4JKCW,"",2025-07-18 11:50:37.668,2025-07-18 11:50:37.723,1
25911669,bf996092-8d66-408a-8d8e-5065ca3330c2,f6ab14eb-1a66-4ea5-8a0f-0afbda444403,4df0392a-96c2-42d1-81ab-cb9ebba9e661,NTHFQB8P8X3C,"",2025-07-18 11:56:05.636,2025-07-18 11:56:05.638,1
25911670,bf996092-8d66-408a-8d8e-5065ca3330c2,f6ab14eb-1a66-4ea5-8a0f-0afbda444403,4df0392a-96c2-42d1-81ab-cb9ebba9e661,NTHFQB8P8X3C,"",2025-07-18 11:56:05.641,2025-07-18 11:56:05.642,1
25911671,bf996092-8d66-408a-8d8e-5065ca3330c2,f6ab14eb-1a66-4ea5-8a0f-0afbda444403,4df0392a-96c2-42d1-81ab-cb9ebba9e661,NTHFQB8P8X3C,"",2025-07-18 11:56:05.644,2025-07-18 11:56:05.646,1
25911672,bf996092-8d66-408a-8d8e-5065ca3330c2,f6ab14eb-1a66-4ea5-8a0f-0afbda444403,4df0392a-96c2-42d1-81ab-cb9ebba9e661,NTHFQB8P8X3C,"",2025-07-18 11:56:05.648,2025-07-18 11:56:05.65,1
25911673,bf996092-8d66-408a-8d8e-5065ca3330c2,f6ab14eb-1a66-4ea5-8a0f-0afbda444403,4df0392a-96c2-42d1-81ab-cb9ebba9e661,NTHFQB8P8X3C,"",2025-07-18 11:56:05.652,2025-07-18 11:56:05.653,1
25911674,bf996092-8d66-408a-8d8e-5065ca3330c2,f6ab14eb-1a66-4ea5-8a0f-0afbda444403,4df0392a-96c2-42d1-81ab-cb9ebba9e661,NTHFQB8P8X3C,"",2025-07-18 11:56:05.655,2025-07-18 11:56:05.657,1
25911675,bf996092-8d66-408a-8d8e-5065ca3330c2,f6ab14eb-1a66-4ea5-8a0f-0afbda444403,4df0392a-96c2-42d1-81ab-cb9ebba9e661,NTHFQB8P8X3C,"",2025-07-18 11:56:05.659,2025-07-18 11:56:05.661,1
25912295,bf996092-8d66-408a-8d8e-5065ca3330c2,f6ab14eb-1a66-4ea5-8a0f-0afbda444403,71044fec-262d-4c21-8583-260622fdc39c,NXBJU9KZRN2LR6EX,D\WAGAD DPR 16JULY 25,2025-07-18 12:12:30.543,2025-07-18 12:12:30.625,1
25912382,bf996092-8d66-408a-8d8e-5065ca3330c2,f6ab14eb-1a66-4ea5-8a0f-0afbda444403,1a75b34a-c1b8-4a6f-8ef8-905da62a930a,NXBJU9KZRN2LR6EX,WAGAD DPR 17 JULY 25,2025-07-18 12:15:20.394,2025-07-18 12:15:20.436,1
25931543,bf996092-8d66-408a-8d8e-5065ca3330c2,f679f4cf-c089-4a2b-9b84-b14129630601,19fabdbb-eaaf-4064-b4ff-6a4637ce2161,YQH2SLPMM8Q48DDT,"",2025-07-19 03:59:19.445,2025-07-19 03:59:21.509,1
25931764,bf996092-8d66-408a-8d8e-5065ca3330c2,f6ab14eb-1a66-4ea5-8a0f-0afbda444403,4df0392a-96c2-42d1-81ab-cb9ebba9e661,S762NMGBKUB423MM,Approved,2025-07-19 04:50:23.924,2025-07-19 04:50:23.974,2
25932097,bf996092-8d66-408a-8d8e-5065ca3330c2,f6ab14eb-1a66-4ea5-8a0f-0afbda444403,4df0392a-96c2-42d1-81ab-cb9ebba9e661,NTHFQB8P8X3C,The Drawings has been signed and approved.,2025-07-19 05:40:15.645,2025-07-19 05:40:15.699,2
25932109,bf996092-8d66-408a-8d8e-5065ca3330c2,f6ab14eb-1a66-4ea5-8a0f-0afbda444403,4df0392a-96c2-42d1-81ab-cb9ebba9e661,TZXRKN44WBAJ,Approved,2025-07-19 05:41:37.086,2025-07-19 05:41:37.141,2
25932282,bf996092-8d66-408a-8d8e-5065ca3330c2,e9b596f2-48ee-419b-a199-da304b38c398,9eb7ef28-7f1b-4ea2-ae6f-2d3dd6fa7172,E8X2CHN6NP9MT4HA,"",2025-07-19 05:54:48.306,2025-07-19 05:54:50.153,1
25932383,bf996092-8d66-408a-8d8e-5065ca3330c2,e9b596f2-48ee-419b-a199-da304b38c398,cc1b7e79-ef90-443e-a68c-c2fad4e77eb4,NTHFQB8P8X3C,"",2025-07-19 06:06:11.57,2025-07-19 06:06:14.701,1
25933740,bf996092-8d66-408a-8d8e-5065ca3330c2,e9b596f2-48ee-419b-a199-da304b38c398,cfa0c205-4d3c-4fca-b10c-78558a171d6f,E8X2CHN6NP9MT4HA,"",2025-07-19 09:11:02.327,2025-07-19 09:11:05.025,1
25933835,bf996092-8d66-408a-8d8e-5065ca3330c2,e9b596f2-48ee-419b-a199-da304b38c398,9eb7ef28-7f1b-4ea2-ae6f-2d3dd6fa7172,E8X2CHN6NP9MT4HA,CANCELLING THIS REVIEW WITH PDF DRAWING ALSO,2025-07-19 09:15:02.077,2025-07-19 09:15:02.08,1
25933836,bf996092-8d66-408a-8d8e-5065ca3330c2,e9b596f2-48ee-419b-a199-da304b38c398,9eb7ef28-7f1b-4ea2-ae6f-2d3dd6fa7172,E8X2CHN6NP9MT4HA,CANCELLING THIS REVIEW WITH PDF DRAWING ALSO,2025-07-19 09:15:02.088,2025-07-19 09:15:02.09,1
25933837,bf996092-8d66-408a-8d8e-5065ca3330c2,e9b596f2-48ee-419b-a199-da304b38c398,9eb7ef28-7f1b-4ea2-ae6f-2d3dd6fa7172,E8X2CHN6NP9MT4HA,CANCELLING THIS REVIEW WITH PDF DRAWING ALSO,2025-07-19 09:15:02.095,2025-07-19 09:15:02.096,1
25933838,bf996092-8d66-408a-8d8e-5065ca3330c2,e9b596f2-48ee-419b-a199-da304b38c398,9eb7ef28-7f1b-4ea2-ae6f-2d3dd6fa7172,E8X2CHN6NP9MT4HA,CANCELLING THIS REVIEW WITH PDF DRAWING ALSO,2025-07-19 09:15:02.1,2025-07-19 09:15:02.101,1
25933839,bf996092-8d66-408a-8d8e-5065ca3330c2,e9b596f2-48ee-419b-a199-da304b38c398,9eb7ef28-7f1b-4ea2-ae6f-2d3dd6fa7172,E8X2CHN6NP9MT4HA,CANCELLING THIS REVIEW WITH PDF DRAWING ALSO,2025-07-19 09:15:02.105,2025-07-19 09:15:02.107,1
25933840,bf996092-8d66-408a-8d8e-5065ca3330c2,e9b596f2-48ee-419b-a199-da304b38c398,9eb7ef28-7f1b-4ea2-ae6f-2d3dd6fa7172,E8X2CHN6NP9MT4HA,CANCELLING THIS REVIEW WITH PDF DRAWING ALSO,2025-07-19 09:15:02.11,2025-07-19 09:15:02.112,1
25933841,bf996092-8d66-408a-8d8e-5065ca3330c2,e9b596f2-48ee-419b-a199-da304b38c398,9eb7ef28-7f1b-4ea2-ae6f-2d3dd6fa7172,E8X2CHN6NP9MT4HA,CANCELLING THIS REVIEW WITH PDF DRAWING ALSO,2025-07-19 09:15:02.115,2025-07-19 09:15:02.116,1
25933842,bf996092-8d66-408a-8d8e-5065ca3330c2,e9b596f2-48ee-419b-a199-da304b38c398,9eb7ef28-7f1b-4ea2-ae6f-2d3dd6fa7172,E8X2CHN6NP9MT4HA,CANCELLING THIS REVIEW WITH PDF DRAWING ALSO,2025-07-19 09:15:02.12,2025-07-19 09:15:02.121,1
25934050,bf996092-8d66-408a-8d8e-5065ca3330c2,f6ab14eb-1a66-4ea5-8a0f-0afbda444403,4df0392a-96c2-42d1-81ab-cb9ebba9e661,H4J29KZBMAKAE737,"",2025-07-19 09:40:08.152,2025-07-19 09:40:08.193,2
25935312,bf996092-8d66-408a-8d8e-5065ca3330c2,f6ab14eb-1a66-4ea5-8a0f-0afbda444403,f35dcd2d-e324-49dd-8886-6ced116e71cd,BFH2KAVSNP5G463F,"",2025-07-19 11:46:16.32,2025-07-19 11:46:18.197,1
25949809,bf996092-8d66-408a-8d8e-5065ca3330c2,f679f4cf-c089-4a2b-9b84-b14129630601,2afc6ddd-f212-4bab-8c3c-8db99319df00,YQH2SLPMM8Q48DDT,"",2025-07-21 03:51:35.816,2025-07-21 03:51:37.581,1
25952205,bf996092-8d66-408a-8d8e-5065ca3330c2,f6ab14eb-1a66-4ea5-8a0f-0afbda444403,4df0392a-96c2-42d1-81ab-cb9ebba9e661,DX6J5SASN4NA66QN,"",2025-07-21 06:00:47.356,2025-07-21 06:00:47.428,2
25953567,bf996092-8d66-408a-8d8e-5065ca3330c2,f6ab14eb-1a66-4ea5-8a0f-0afbda444403,f35dcd2d-e324-49dd-8886-6ced116e71cd,NXBJU9KZRN2LR6EX,Wagad DPR 18JULY 25,2025-07-21 06:50:34.815,2025-07-21 06:50:34.872,1
25954685,bf996092-8d66-408a-8d8e-5065ca3330c2,f679f4cf-c089-4a2b-9b84-b14129630601,19fabdbb-eaaf-4064-b4ff-6a4637ce2161,3NGJNZCXN8PBNTRV,"",2025-07-21 07:06:28.517,2025-07-21 07:06:28.581,1
25954893,bf996092-8d66-408a-8d8e-5065ca3330c2,f679f4cf-c089-4a2b-9b84-b14129630601,579e384a-1413-4e87-bc14-65ab430c4210,3NGJNZCXN8PBNTRV,"",2025-07-21 07:09:16.23,2025-07-21 07:09:16.283,1
25954943,bf996092-8d66-408a-8d8e-5065ca3330c2,f679f4cf-c089-4a2b-9b84-b14129630601,2afc6ddd-f212-4bab-8c3c-8db99319df00,3NGJNZCXN8PBNTRV,"",2025-07-21 07:10:33.121,2025-07-21 07:10:33.173,1
25958342,bf996092-8d66-408a-8d8e-5065ca3330c2,f6ab14eb-1a66-4ea5-8a0f-0afbda444403,03b92d88-8097-4467-90c3-eeb636c112e6,BFH2KAVSNP5G463F,"",2025-07-21 08:35:23.003,2025-07-21 08:35:24.73,1
25958600,bf996092-8d66-408a-8d8e-5065ca3330c2,f6ab14eb-1a66-4ea5-8a0f-0afbda444403,1db4f885-33fd-4554-bcc5-7bbe35673d74,BFH2KAVSNP5G463F,"",2025-07-21 08:41:19.63,2025-07-21 08:41:21.337,1
25999059,bf996092-8d66-408a-8d8e-5065ca3330c2,f679f4cf-c089-4a2b-9b84-b14129630601,0efde507-1c0f-43e9-943e-cb563978cdd9,H4J29KZBMAKAE737,"",2025-07-22 08:45:18.554,2025-07-22 08:45:18.623,1
26003445,bf996092-8d66-408a-8d8e-5065ca3330c2,f6ab14eb-1a66-4ea5-8a0f-0afbda444403,4df0392a-96c2-42d1-81ab-cb9ebba9e661,WMZ2BALML3JQXZCF,"",2025-07-22 10:32:51.538,2025-07-22 10:32:51.581,2
26005308,bf996092-8d66-408a-8d8e-5065ca3330c2,f6ab14eb-1a66-4ea5-8a0f-0afbda444403,b3da9f91-cc1c-42b9-811d-712e1e5b1365,BFH2KAVSNP5G463F,"",2025-07-22 11:28:05.632,2025-07-22 11:28:07.556,1
26073625,bf996092-8d66-408a-8d8e-5065ca3330c2,f679f4cf-c089-4a2b-9b84-b14129630601,e554ca68-2035-4022-8f18-9df9467daf3d,3NGJNZCXN8PBNTRV,"",2025-07-24 04:12:05.715,2025-07-24 04:12:05.773,1
26073739,bf996092-8d66-408a-8d8e-5065ca3330c2,f679f4cf-c089-4a2b-9b84-b14129630601,e9e6cc88-3cd4-4298-b3f2-36847e0a1b4c,YQH2SLPMM8Q48DDT,"",2025-07-24 04:16:03.065,2025-07-24 04:16:04.826,1
26073941,bf996092-8d66-408a-8d8e-5065ca3330c2,f679f4cf-c089-4a2b-9b84-b14129630601,e9e6cc88-3cd4-4298-b3f2-36847e0a1b4c,3NGJNZCXN8PBNTRV,"",2025-07-24 04:27:43.139,2025-07-24 04:27:43.198,1
26074679,bf996092-8d66-408a-8d8e-5065ca3330c2,f6ab14eb-1a66-4ea5-8a0f-0afbda444403,58220789-cfb2-4e79-8731-467d796a613c,BFH2KAVSNP5G463F,"",2025-07-24 05:11:52.256,2025-07-24 05:11:54.169,1
26074869,bf996092-8d66-408a-8d8e-5065ca3330c2,f6ab14eb-1a66-4ea5-8a0f-0afbda444403,625b0a53-e08d-4f05-95d9-666cf8feeecb,BFH2KAVSNP5G463F,"",2025-07-24 05:22:03.522,2025-07-24 05:22:05.352,1
26114221,bf996092-8d66-408a-8d8e-5065ca3330c2,f679f4cf-c089-4a2b-9b84-b14129630601,9368a4a5-5701-4d75-8fa9-0a0e997f08b2,YQH2SLPMM8Q48DDT,"",2025-07-25 05:00:32.318,2025-07-25 05:00:34.06,1
26114369,bf996092-8d66-408a-8d8e-5065ca3330c2,e9b596f2-48ee-419b-a199-da304b38c398,ab70ba27-7b14-43fb-a36f-a7b0387068e9,7PG2TJVQJYH2TVV7,All columns are ok as architecture requirments.,2025-07-25 05:09:42.604,2025-07-25 05:09:42.673,1
26114406,bf996092-8d66-408a-8d8e-5065ca3330c2,f6ab14eb-1a66-4ea5-8a0f-0afbda444403,4df0392a-96c2-42d1-81ab-cb9ebba9e661,7PG2TJVQJYH2TVV7,All foundation are ok from our side.,2025-07-25 05:11:00.246,2025-07-25 05:11:00.286,2
26114763,bf996092-8d66-408a-8d8e-5065ca3330c2,f679f4cf-c089-4a2b-9b84-b14129630601,0efde507-1c0f-43e9-943e-cb563978cdd9,G5LJ2CH9PRAMRT7X,OK,2025-07-25 05:19:44.327,2025-07-25 05:19:44.377,1
26115216,bf996092-8d66-408a-8d8e-5065ca3330c2,f679f4cf-c089-4a2b-9b84-b14129630601,0efde507-1c0f-43e9-943e-cb563978cdd9,D5ZKMDH5JP7L,ok,2025-07-25 05:35:30.106,2025-07-25 05:35:30.156,1
26117069,bf996092-8d66-408a-8d8e-5065ca3330c2,f679f4cf-c089-4a2b-9b84-b14129630601,0efde507-1c0f-43e9-943e-cb563978cdd9,7U4JFSY4QDWLDBBX,ok approved.,2025-07-25 06:33:48.144,2025-07-25 06:33:48.209,1
26117165,bf996092-8d66-408a-8d8e-5065ca3330c2,f679f4cf-c089-4a2b-9b84-b14129630601,9368a4a5-5701-4d75-8fa9-0a0e997f08b2,3NGJNZCXN8PBNTRV,"",2025-07-25 06:36:43.312,2025-07-25 06:36:43.367,1
26121265,bf996092-8d66-408a-8d8e-5065ca3330c2,f679f4cf-c089-4a2b-9b84-b14129630601,0efde507-1c0f-43e9-943e-cb563978cdd9,EAW249MULVNEJUNK,Approved ,2025-07-25 08:51:02.441,2025-07-25 08:51:02.547,1
26121317,bf996092-8d66-408a-8d8e-5065ca3330c2,f679f4cf-c089-4a2b-9b84-b14129630601,0efde507-1c0f-43e9-943e-cb563978cdd9,DEFJY3LUP6UBKWPS,Approved,2025-07-25 08:53:29.423,2025-07-25 08:53:29.483,1
26123132,bf996092-8d66-408a-8d8e-5065ca3330c2,f679f4cf-c089-4a2b-9b84-b14129630601,0efde507-1c0f-43e9-943e-cb563978cdd9,MLE243XQQX2UK86L,Approved.,2025-07-25 09:49:00.734,2025-07-25 09:49:00.782,1
26145354,bf996092-8d66-408a-8d8e-5065ca3330c2,f679f4cf-c089-4a2b-9b84-b14129630601,73801998-c9cb-4564-ad09-2db47280d9ad,YQH2SLPMM8Q48DDT,"",2025-07-26 03:48:42.748,2025-07-26 03:48:45.582,1
26163611,bf996092-8d66-408a-8d8e-5065ca3330c2,f679f4cf-c089-4a2b-9b84-b14129630601,73801998-c9cb-4564-ad09-2db47280d9ad,3NGJNZCXN8PBNTRV,"",2025-07-28 02:20:02.484,2025-07-28 02:20:02.543,1
26163623,bf996092-8d66-408a-8d8e-5065ca3330c2,f679f4cf-c089-4a2b-9b84-b14129630601,c3f141a2-a7bc-4995-b4f5-5c32bf140423,3NGJNZCXN8PBNTRV,"",2025-07-28 02:20:53.745,2025-07-28 02:20:53.798,1
26165650,bf996092-8d66-408a-8d8e-5065ca3330c2,f679f4cf-c089-4a2b-9b84-b14129630601,8a505c19-6f2c-4571-a7fa-53bc61828f6c,YQH2SLPMM8Q48DDT,"",2025-07-28 04:19:09.354,2025-07-28 04:19:11.098,1
26166719,bf996092-8d66-408a-8d8e-5065ca3330c2,f6ab14eb-1a66-4ea5-8a0f-0afbda444403,7e07d3f3-b19b-4203-8ad6-336a6dd4f97b,NXBJU9KZRN2LR6EX,Wagad DPR 24 JULY 25,2025-07-28 05:12:18.678,2025-07-28 05:12:18.722,1
26166760,bf996092-8d66-408a-8d8e-5065ca3330c2,f6ab14eb-1a66-4ea5-8a0f-0afbda444403,52e1975b-41d5-4640-b78e-1b701b780f29,NXBJU9KZRN2LR6EX,Wagad dpr 25 july 25,2025-07-28 05:14:21.038,2025-07-28 05:14:21.078,1
26166811,bf996092-8d66-408a-8d8e-5065ca3330c2,f6ab14eb-1a66-4ea5-8a0f-0afbda444403,88d3e65d-5f26-44e8-9022-d496e22489ce,NXBJU9KZRN2LR6EX,"Wagad DPR 26JULY 25
",2025-07-28 05:17:19.109,2025-07-28 05:17:19.166,1
26169237,bf996092-8d66-408a-8d8e-5065ca3330c2,f679f4cf-c089-4a2b-9b84-b14129630601,8a505c19-6f2c-4571-a7fa-53bc61828f6c,3NGJNZCXN8PBNTRV,"",2025-07-28 06:19:27.466,2025-07-28 06:19:27.504,1
26207101,bf996092-8d66-408a-8d8e-5065ca3330c2,f679f4cf-c089-4a2b-9b84-b14129630601,b89dd4d2-af90-4e71-bf52-d70abd5ff237,YQH2SLPMM8Q48DDT,"",2025-07-29 04:22:52.086,2025-07-29 04:22:53.825,1
26207376,bf996092-8d66-408a-8d8e-5065ca3330c2,f679f4cf-c089-4a2b-9b84-b14129630601,b89dd4d2-af90-4e71-bf52-d70abd5ff237,3NGJNZCXN8PBNTRV,"",2025-07-29 04:41:24.442,2025-07-29 04:41:24.498,1
26207975,bf996092-8d66-408a-8d8e-5065ca3330c2,f679f4cf-c089-4a2b-9b84-b14129630601,96053905-e9bb-4d0e-9679-ec72b16d2cba,FM42EJFZPNC5F3HF,"",2025-07-29 05:10:56.883,2025-07-29 05:10:58.845,1
26208265,bf996092-8d66-408a-8d8e-5065ca3330c2,f6ab14eb-1a66-4ea5-8a0f-0afbda444403,899e3ed1-0687-4ab9-83e8-d52919730de3,FM42EJFZPNC5F3HF,Already closed in other review,2025-07-29 05:17:01.959,2025-07-29 05:17:01.962,2
26208290,bf996092-8d66-408a-8d8e-5065ca3330c2,f6ab14eb-1a66-4ea5-8a0f-0afbda444403,62c3c526-eab6-45b2-8c7a-4f8398e84e20,FM42EJFZPNC5F3HF,Already closed in another review,2025-07-29 05:17:34.878,2025-07-29 05:17:34.88,1
26208309,bf996092-8d66-408a-8d8e-5065ca3330c2,f6ab14eb-1a66-4ea5-8a0f-0afbda444403,49be2e04-cd69-4980-8622-c49f6a12c8af,FM42EJFZPNC5F3HF,already closed in another review,2025-07-29 05:18:09.184,2025-07-29 05:18:09.187,1
26208310,bf996092-8d66-408a-8d8e-5065ca3330c2,f6ab14eb-1a66-4ea5-8a0f-0afbda444403,49be2e04-cd69-4980-8622-c49f6a12c8af,FM42EJFZPNC5F3HF,already closed in another review,2025-07-29 05:18:09.192,2025-07-29 05:18:09.194,1
26208311,bf996092-8d66-408a-8d8e-5065ca3330c2,f6ab14eb-1a66-4ea5-8a0f-0afbda444403,49be2e04-cd69-4980-8622-c49f6a12c8af,FM42EJFZPNC5F3HF,already closed in another review,2025-07-29 05:18:09.198,2025-07-29 05:18:09.2,1
26208312,bf996092-8d66-408a-8d8e-5065ca3330c2,f6ab14eb-1a66-4ea5-8a0f-0afbda444403,49be2e04-cd69-4980-8622-c49f6a12c8af,FM42EJFZPNC5F3HF,already closed in another review,2025-07-29 05:18:09.204,2025-07-29 05:18:09.208,1
26208313,bf996092-8d66-408a-8d8e-5065ca3330c2,f6ab14eb-1a66-4ea5-8a0f-0afbda444403,49be2e04-cd69-4980-8622-c49f6a12c8af,FM42EJFZPNC5F3HF,already closed in another review,2025-07-29 05:18:09.211,2025-07-29 05:18:09.213,1
26208314,bf996092-8d66-408a-8d8e-5065ca3330c2,f6ab14eb-1a66-4ea5-8a0f-0afbda444403,49be2e04-cd69-4980-8622-c49f6a12c8af,FM42EJFZPNC5F3HF,already closed in another review,2025-07-29 05:18:09.218,2025-07-29 05:18:09.22,1
26208315,bf996092-8d66-408a-8d8e-5065ca3330c2,f6ab14eb-1a66-4ea5-8a0f-0afbda444403,49be2e04-cd69-4980-8622-c49f6a12c8af,FM42EJFZPNC5F3HF,already closed in another review,2025-07-29 05:18:09.224,2025-07-29 05:18:09.234,1
26208316,bf996092-8d66-408a-8d8e-5065ca3330c2,f6ab14eb-1a66-4ea5-8a0f-0afbda444403,49be2e04-cd69-4980-8622-c49f6a12c8af,FM42EJFZPNC5F3HF,already closed in another review,2025-07-29 05:18:09.24,2025-07-29 05:18:09.243,1
26208318,bf996092-8d66-408a-8d8e-5065ca3330c2,f6ab14eb-1a66-4ea5-8a0f-0afbda444403,9680fa69-42d9-4391-9640-1bc0c09a1d31,FM42EJFZPNC5F3HF,rachanap@hcontractor.com,2025-07-29 05:18:22.74,2025-07-29 05:18:22.742,1
26208319,bf996092-8d66-408a-8d8e-5065ca3330c2,f6ab14eb-1a66-4ea5-8a0f-0afbda444403,9680fa69-42d9-4391-9640-1bc0c09a1d31,FM42EJFZPNC5F3HF,rachanap@hcontractor.com,2025-07-29 05:18:22.747,2025-07-29 05:18:22.749,1
26208320,bf996092-8d66-408a-8d8e-5065ca3330c2,f6ab14eb-1a66-4ea5-8a0f-0afbda444403,9680fa69-42d9-4391-9640-1bc0c09a1d31,FM42EJFZPNC5F3HF,rachanap@hcontractor.com,2025-07-29 05:18:22.753,2025-07-29 05:18:22.755,1
26208321,bf996092-8d66-408a-8d8e-5065ca3330c2,f6ab14eb-1a66-4ea5-8a0f-0afbda444403,9680fa69-42d9-4391-9640-1bc0c09a1d31,FM42EJFZPNC5F3HF,rachanap@hcontractor.com,2025-07-29 05:18:22.758,2025-07-29 05:18:22.76,1
26208322,bf996092-8d66-408a-8d8e-5065ca3330c2,f6ab14eb-1a66-4ea5-8a0f-0afbda444403,9680fa69-42d9-4391-9640-1bc0c09a1d31,FM42EJFZPNC5F3HF,rachanap@hcontractor.com,2025-07-29 05:18:22.764,2025-07-29 05:18:22.766,1
26208323,bf996092-8d66-408a-8d8e-5065ca3330c2,f6ab14eb-1a66-4ea5-8a0f-0afbda444403,9680fa69-42d9-4391-9640-1bc0c09a1d31,FM42EJFZPNC5F3HF,rachanap@hcontractor.com,2025-07-29 05:18:22.77,2025-07-29 05:18:22.772,1
26208324,bf996092-8d66-408a-8d8e-5065ca3330c2,f6ab14eb-1a66-4ea5-8a0f-0afbda444403,9680fa69-42d9-4391-9640-1bc0c09a1d31,FM42EJFZPNC5F3HF,rachanap@hcontractor.com,2025-07-29 05:18:22.775,2025-07-29 05:18:22.777,1
26208325,bf996092-8d66-408a-8d8e-5065ca3330c2,f6ab14eb-1a66-4ea5-8a0f-0afbda444403,9680fa69-42d9-4391-9640-1bc0c09a1d31,FM42EJFZPNC5F3HF,rachanap@hcontractor.com,2025-07-29 05:18:22.781,2025-07-29 05:18:22.783,1
26208326,bf996092-8d66-408a-8d8e-5065ca3330c2,f6ab14eb-1a66-4ea5-8a0f-0afbda444403,9680fa69-42d9-4391-9640-1bc0c09a1d31,FM42EJFZPNC5F3HF,rachanap@hcontractor.com,2025-07-29 05:18:22.787,2025-07-29 05:18:22.789,1
26208331,bf996092-8d66-408a-8d8e-5065ca3330c2,f6ab14eb-1a66-4ea5-8a0f-0afbda444403,d014dd2e-f3dd-44fc-aeca-54e09fdfad9d,FM42EJFZPNC5F3HF,rachanap@hcontractor.com,2025-07-29 05:18:35.766,2025-07-29 05:18:35.769,2
26208338,bf996092-8d66-408a-8d8e-5065ca3330c2,f6ab14eb-1a66-4ea5-8a0f-0afbda444403,84f19ebe-7acf-4762-82e1-ea07ad64ac76,FM42EJFZPNC5F3HF,already closed in another review,2025-07-29 05:18:56.183,2025-07-29 05:18:56.19,2
26214782,bf996092-8d66-408a-8d8e-5065ca3330c2,f6ab14eb-1a66-4ea5-8a0f-0afbda444403,e1c6c93f-6e93-4276-a761-507159d75c6a,NXBJU9KZRN2LR6EX,Wgad dpr rejected due to wrong data entry,2025-07-29 08:13:20.715,2025-07-29 08:13:20.761,1
26222198,bf996092-8d66-408a-8d8e-5065ca3330c2,ada6015d-9fce-4f2c-b20f-fc9122d2face,f9936fc7-abfe-4e2a-860a-16243823af26,CMJ2N3U8MSMRM8ZA,"",2025-07-29 11:00:41.077,2025-07-29 11:00:44.661,1
26217218,bf996092-8d66-408a-8d8e-5065ca3330c2,f6ab14eb-1a66-4ea5-8a0f-0afbda444403,a9349de5-7308-4850-ae98-c626c8dc45c3,BFH2KAVSNP5G463F,"",2025-07-29 09:00:10.963,2025-07-29 09:00:13.875,1
26254222,bf996092-8d66-408a-8d8e-5065ca3330c2,23142979-9fb6-4fd3-bd82-62d7e0add75f,198fd447-702c-498b-b297-6efd862aa524,QNTJJ3CVR726KX4Z,ok,2025-07-30 07:08:50.129,2025-07-30 07:08:50.19,1
26263068,bf996092-8d66-408a-8d8e-5065ca3330c2,967e785d-d83c-490b-8d6a-2ed926c956ac,245195a1-b5e3-435f-bd90-e191736b74ab,CMJ2N3U8MSMRM8ZA,Review initiated during for test purpose by VKJ Team.,2025-07-30 10:57:32.248,2025-07-30 10:57:32.251,2
26292820,bf996092-8d66-408a-8d8e-5065ca3330c2,f679f4cf-c089-4a2b-9b84-b14129630601,ab6cc473-b3aa-40c5-83de-5577d84b7b00,YQH2SLPMM8Q48DDT,"",2025-07-31 05:09:30.441,2025-07-31 05:09:32.237,1
26292869,bf996092-8d66-408a-8d8e-5065ca3330c2,f679f4cf-c089-4a2b-9b84-b14129630601,fe4d0d0c-c4bc-4d29-b442-edaa843b0f33,YQH2SLPMM8Q48DDT,"",2025-07-31 05:12:46.168,2025-07-31 05:12:48.008,1
26292895,bf996092-8d66-408a-8d8e-5065ca3330c2,f679f4cf-c089-4a2b-9b84-b14129630601,ab6cc473-b3aa-40c5-83de-5577d84b7b00,3NGJNZCXN8PBNTRV,"",2025-07-31 05:14:43.298,2025-07-31 05:14:43.336,1
26292903,bf996092-8d66-408a-8d8e-5065ca3330c2,f679f4cf-c089-4a2b-9b84-b14129630601,fe4d0d0c-c4bc-4d29-b442-edaa843b0f33,3NGJNZCXN8PBNTRV,"",2025-07-31 05:15:29.92,2025-07-31 05:15:29.964,1
26312739,bf996092-8d66-408a-8d8e-5065ca3330c2,f679f4cf-c089-4a2b-9b84-b14129630601,eafe6a24-57d5-41f5-adca-13b77f15efd6,FM42EJFZPNC5F3HF,Typical floor for review.,2025-07-31 13:36:35.214,2025-07-31 13:36:37.344,2
26320312,bf996092-8d66-408a-8d8e-5065ca3330c2,f679f4cf-c089-4a2b-9b84-b14129630601,7d494274-f38a-45eb-9a67-8682f23b4fbf,FM42EJFZPNC5F3HF,Second floor plan for review,2025-07-31 16:55:12.802,2025-07-31 16:55:14.75,2
26334976,bf996092-8d66-408a-8d8e-5065ca3330c2,f679f4cf-c089-4a2b-9b84-b14129630601,56edcb79-8b45-42dc-90a1-f2af49e0dec4,YQH2SLPMM8Q48DDT,"",2025-08-01 05:32:32.207,2025-08-01 05:32:33.998,1
26335105,bf996092-8d66-408a-8d8e-5065ca3330c2,f679f4cf-c089-4a2b-9b84-b14129630601,013aea28-7668-41c7-af80-861970a61ed2,YQH2SLPMM8Q48DDT,Uploaded New DPR with Changes,2025-08-01 05:38:55.942,2025-08-01 05:38:55.945,2
26335151,bf996092-8d66-408a-8d8e-5065ca3330c2,f679f4cf-c089-4a2b-9b84-b14129630601,56edcb79-8b45-42dc-90a1-f2af49e0dec4,3NGJNZCXN8PBNTRV,"",2025-08-01 05:41:34.217,2025-08-01 05:41:34.293,1
26360123,bf996092-8d66-408a-8d8e-5065ca3330c2,f6ab14eb-1a66-4ea5-8a0f-0afbda444403,37395cef-7006-423b-9b7c-c32d595c7293,FM42EJFZPNC5F3HF,"",2025-08-01 17:48:36.427,2025-08-01 17:48:38.513,1
26368640,bf996092-8d66-408a-8d8e-5065ca3330c2,f6ab14eb-1a66-4ea5-8a0f-0afbda444403,03db07d4-884c-463a-8cc9-912b5bbd8ca2,BHQ2NZXYNGAXFVRM,"",2025-08-02 04:39:56.172,2025-08-02 04:39:57.96,1
26368643,bf996092-8d66-408a-8d8e-5065ca3330c2,f6ab14eb-1a66-4ea5-8a0f-0afbda444403,7c9903d2-8e7e-46d2-9a0e-318284eb06a9,BHQ2NZXYNGAXFVRM,,2025-08-02 04:40:37.35,2025-08-02 04:40:37.351,1
26369317,bf996092-8d66-408a-8d8e-5065ca3330c2,f6ab14eb-1a66-4ea5-8a0f-0afbda444403,6dbfccdf-3fc0-4d32-9e4c-a7a89305e0e9,MM92S32ERSK2YS7H,As per attached revised basement drainage layout is ok from our side. ,2025-08-02 05:36:04.26,2025-08-02 05:36:04.296,1
26369354,bf996092-8d66-408a-8d8e-5065ca3330c2,f6ab14eb-1a66-4ea5-8a0f-0afbda444403,df06d850-bde1-4392-a283-9b3654818afe,BFH2KAVSNP5G463F,"",2025-08-02 05:42:44.167,2025-08-02 05:42:46.132,1
26369487,bf996092-8d66-408a-8d8e-5065ca3330c2,f679f4cf-c089-4a2b-9b84-b14129630601,96053905-e9bb-4d0e-9679-ec72b16d2cba,S762NMGBKUB423MM,Approved,2025-08-02 05:56:15.423,2025-08-02 05:56:15.458,1
26369492,bf996092-8d66-408a-8d8e-5065ca3330c2,f679f4cf-c089-4a2b-9b84-b14129630601,eafe6a24-57d5-41f5-adca-13b77f15efd6,S762NMGBKUB423MM,Approved,2025-08-02 05:56:48.112,2025-08-02 05:56:48.161,2
26369496,bf996092-8d66-408a-8d8e-5065ca3330c2,f679f4cf-c089-4a2b-9b84-b14129630601,81a61e5c-689a-48c9-8a5a-2b77aec5c55a,S762NMGBKUB423MM,Approved,2025-08-02 05:57:10.59,2025-08-02 05:57:10.639,1
26369501,bf996092-8d66-408a-8d8e-5065ca3330c2,f679f4cf-c089-4a2b-9b84-b14129630601,7d494274-f38a-45eb-9a67-8682f23b4fbf,S762NMGBKUB423MM,Approved,2025-08-02 05:57:37.401,2025-08-02 05:57:37.461,2
26369847,bf996092-8d66-408a-8d8e-5065ca3330c2,f6ab14eb-1a66-4ea5-8a0f-0afbda444403,03db07d4-884c-463a-8cc9-912b5bbd8ca2,4Q72Z7YYNCV4JKCW,"",2025-08-02 06:56:30.408,2025-08-02 06:56:30.445,1
26369943,bf996092-8d66-408a-8d8e-5065ca3330c2,f6ab14eb-1a66-4ea5-8a0f-0afbda444403,8f65b385-ff29-4077-b8c2-b6fd72f89245,4UJ23BUBLD77JPG2,"",2025-08-02 07:04:43.11,2025-08-02 07:04:44.906,1
26370151,bf996092-8d66-408a-8d8e-5065ca3330c2,f6ab14eb-1a66-4ea5-8a0f-0afbda444403,df06d850-bde1-4392-a283-9b3654818afe,NXBJU9KZRN2LR6EX,In dpr previous month data is not compile,2025-08-02 07:32:18.422,2025-08-02 07:32:18.473,1
26370378,bf996092-8d66-408a-8d8e-5065ca3330c2,f6ab14eb-1a66-4ea5-8a0f-0afbda444403,0b18d442-39aa-4586-b1cd-39d05b21af6e,BFH2KAVSNP5G463F,"",2025-08-02 08:03:17.685,2025-08-02 08:03:20.491,1
26384535,bf996092-8d66-408a-8d8e-5065ca3330c2,f6ab14eb-1a66-4ea5-8a0f-0afbda444403,e0fe26c9-3540-40dc-97e1-5d58c14e1c7b,4UJ23BUBLD77JPG2,"",2025-08-04 04:31:20.204,2025-08-04 04:31:22.553,1
26385960,bf996092-8d66-408a-8d8e-5065ca3330c2,f6ab14eb-1a66-4ea5-8a0f-0afbda444403,8537fe7d-b3e3-4ff4-bbd8-23e63e74ef77,BFH2KAVSNP5G463F,"",2025-08-04 05:45:27.495,2025-08-04 05:45:29.357,1
26386188,bf996092-8d66-408a-8d8e-5065ca3330c2,f6ab14eb-1a66-4ea5-8a0f-0afbda444403,33bc0c50-a5ae-481d-bd90-ab44a12faef5,BFH2KAVSNP5G463F,"",2025-08-04 05:52:29.429,2025-08-04 05:52:32.247,1
26386583,bf996092-8d66-408a-8d8e-5065ca3330c2,e9b596f2-48ee-419b-a199-da304b38c398,cfa0c205-4d3c-4fca-b10c-78558a171d6f,S762NMGBKUB423MM,"Dear Team,

As we are all aware, significant changes are being implemented in the Prayagraj Centre Point project. Accordingly, the tender package will be resubmitted based on the revised architectural drawings, which will be shared by GPM 
Thanks 

",2025-08-04 06:04:53.336,2025-08-04 06:04:53.371,1
26375550,bf996092-8d66-408a-8d8e-5065ca3330c2,967e785d-d83c-490b-8d6a-2ed926c956ac,b24d73d5-6e1d-4f2c-aafa-17476b5fba33,WK7J3NJWMTCK9UWQ,"",2025-08-03 06:29:57.663,2025-08-03 06:29:59.484,1
26397140,bf996092-8d66-408a-8d8e-5065ca3330c2,967e785d-d83c-490b-8d6a-2ed926c956ac,2210f1c9-a020-45c1-be32-a0e740c32a4f,WK7J3NJWMTCK9UWQ,"",2025-08-04 10:27:08.329,2025-08-04 10:27:17.218,1
26401894,bf996092-8d66-408a-8d8e-5065ca3330c2,23142979-9fb6-4fd3-bd82-62d7e0add75f,145436fc-3bac-4c9a-b2b9-70523bbed4f6,JESJ7TGSQHWR942J,"",2025-08-04 12:27:44.287,2025-08-04 12:27:46.246,1
26402628,bf996092-8d66-408a-8d8e-5065ca3330c2,f679f4cf-c089-4a2b-9b84-b14129630601,37256ea0-c9c7-4398-ada2-1fcf9ca88b55,FM42EJFZPNC5F3HF,"",2025-08-04 12:46:03.204,2025-08-04 12:46:05.173,1
26403785,bf996092-8d66-408a-8d8e-5065ca3330c2,f6ab14eb-1a66-4ea5-8a0f-0afbda444403,26132383-942e-4595-8344-ec22158a6817,NXBJU9KZRN2LR6EX,AMITECH DPR 01 AUG 25,2025-08-04 13:09:22.536,2025-08-04 13:09:22.581,1
26403905,bf996092-8d66-408a-8d8e-5065ca3330c2,f6ab14eb-1a66-4ea5-8a0f-0afbda444403,e0fe26c9-3540-40dc-97e1-5d58c14e1c7b,NXBJU9KZRN2LR6EX,AMITECH DPR 03 AUG 25,2025-08-04 13:11:47.657,2025-08-04 13:11:47.693,1
26403971,bf996092-8d66-408a-8d8e-5065ca3330c2,f6ab14eb-1a66-4ea5-8a0f-0afbda444403,8537fe7d-b3e3-4ff4-bbd8-23e63e74ef77,NXBJU9KZRN2LR6EX,WAGAD DPR 2 AUG 25,2025-08-04 13:12:52.734,2025-08-04 13:12:52.824,1
26404134,bf996092-8d66-408a-8d8e-5065ca3330c2,f6ab14eb-1a66-4ea5-8a0f-0afbda444403,33bc0c50-a5ae-481d-bd90-ab44a12faef5,NXBJU9KZRN2LR6EX,"",2025-08-04 13:16:22.468,2025-08-04 13:16:22.524,1
26429491,bf996092-8d66-408a-8d8e-5065ca3330c2,967e785d-d83c-490b-8d6a-2ed926c956ac,fcc464a8-5e23-4bac-915b-d73bd8db13e6,C6Z2RETEN3MN8XZF,item- qty. of depth up to 1.5 mtr is wrong so correct it.,2025-08-05 07:31:46.653,2025-08-05 07:31:46.687,1
26429509,bf996092-8d66-408a-8d8e-5065ca3330c2,967e785d-d83c-490b-8d6a-2ed926c956ac,b24d73d5-6e1d-4f2c-aafa-17476b5fba33,C6Z2RETEN3MN8XZF,item- qty. of depth up to 1.5 mtr is wrong so correct it.,2025-08-05 07:32:21.484,2025-08-05 07:32:21.523,1
26429529,bf996092-8d66-408a-8d8e-5065ca3330c2,967e785d-d83c-490b-8d6a-2ed926c956ac,2210f1c9-a020-45c1-be32-a0e740c32a4f,C6Z2RETEN3MN8XZF,item- qty. of depth up to 1.5 mtr is wrong so correct it.,2025-08-05 07:33:11.1,2025-08-05 07:33:11.136,1
26434600,bf996092-8d66-408a-8d8e-5065ca3330c2,967e785d-d83c-490b-8d6a-2ed926c956ac,a38b6955-c52f-477c-8f7e-20f49c99642d,WK7J3NJWMTCK9UWQ,"",2025-08-05 09:41:28.937,2025-08-05 09:41:30.784,1
26435225,bf996092-8d66-408a-8d8e-5065ca3330c2,967e785d-d83c-490b-8d6a-2ed926c956ac,0bc039e4-0727-4327-9b16-483e63c7c474,WK7J3NJWMTCK9UWQ,"",2025-08-05 09:54:00.491,2025-08-05 09:54:02.232,1
26435267,bf996092-8d66-408a-8d8e-5065ca3330c2,967e785d-d83c-490b-8d6a-2ed926c956ac,a74d43e1-3f1e-4054-bbf6-fcf1eda46b21,WK7J3NJWMTCK9UWQ,"",2025-08-05 09:54:52.796,2025-08-05 09:54:54.562,1
26435358,bf996092-8d66-408a-8d8e-5065ca3330c2,967e785d-d83c-490b-8d6a-2ed926c956ac,a38b6955-c52f-477c-8f7e-20f49c99642d,C6Z2RETEN3MN8XZF,"",2025-08-05 09:57:09.345,2025-08-05 09:57:09.387,1
26435511,bf996092-8d66-408a-8d8e-5065ca3330c2,967e785d-d83c-490b-8d6a-2ed926c956ac,0bc039e4-0727-4327-9b16-483e63c7c474,C6Z2RETEN3MN8XZF,"",2025-08-05 09:59:39.429,2025-08-05 09:59:39.458,1
26435605,bf996092-8d66-408a-8d8e-5065ca3330c2,967e785d-d83c-490b-8d6a-2ed926c956ac,a74d43e1-3f1e-4054-bbf6-fcf1eda46b21,C6Z2RETEN3MN8XZF,"",2025-08-05 10:02:25.966,2025-08-05 10:02:26.001,1
26435981,bf996092-8d66-408a-8d8e-5065ca3330c2,967e785d-d83c-490b-8d6a-2ed926c956ac,ee7d06a1-9a7c-4ce8-ac17-36178633e954,WK7J3NJWMTCK9UWQ,"",2025-08-05 10:15:37.787,2025-08-05 10:15:40.486,1
26436359,bf996092-8d66-408a-8d8e-5065ca3330c2,967e785d-d83c-490b-8d6a-2ed926c956ac,ee7d06a1-9a7c-4ce8-ac17-36178633e954,C6Z2RETEN3MN8XZF,excavation qty is not correct in item- 1,2025-08-05 10:28:48.531,2025-08-05 10:28:48.589,1
26436879,bf996092-8d66-408a-8d8e-5065ca3330c2,967e785d-d83c-490b-8d6a-2ed926c956ac,dbca019e-dbfa-4796-9c82-8189ed6ea2f8,WK7J3NJWMTCK9UWQ,"",2025-08-05 10:46:24.423,2025-08-05 10:46:26.182,1
26437054,bf996092-8d66-408a-8d8e-5065ca3330c2,967e785d-d83c-490b-8d6a-2ed926c956ac,dbca019e-dbfa-4796-9c82-8189ed6ea2f8,C6Z2RETEN3MN8XZF,"",2025-08-05 10:52:57.733,2025-08-05 10:52:57.749,1
26437114,bf996092-8d66-408a-8d8e-5065ca3330c2,967e785d-d83c-490b-8d6a-2ed926c956ac,7c326b2e-f2b0-42b8-89c5-7a2125abb557,WK7J3NJWMTCK9UWQ,"",2025-08-05 10:54:14.485,2025-08-05 10:54:16.23,1
26437813,bf996092-8d66-408a-8d8e-5065ca3330c2,967e785d-d83c-490b-8d6a-2ed926c956ac,7c326b2e-f2b0-42b8-89c5-7a2125abb557,C6Z2RETEN3MN8XZF,"",2025-08-05 11:16:13.081,2025-08-05 11:16:13.12,1
26445270,bf996092-8d66-408a-8d8e-5065ca3330c2,f6ab14eb-1a66-4ea5-8a0f-0afbda444403,533cbb9c-7a2e-4981-b7d0-67e64b8fe775,BFH2KAVSNP5G463F,"",2025-08-05 13:48:00.833,2025-08-05 13:48:02.728,1
26447033,bf996092-8d66-408a-8d8e-5065ca3330c2,f679f4cf-c089-4a2b-9b84-b14129630601,42b1cefe-d352-4b04-a3e3-321dae8b6630,FM42EJFZPNC5F3HF,"",2025-08-05 14:17:58.777,2025-08-05 14:18:02.288,1
26447155,bf996092-8d66-408a-8d8e-5065ca3330c2,f679f4cf-c089-4a2b-9b84-b14129630601,a838c6a9-d5a1-475f-bb6c-a2cabf2ee3a5,FM42EJFZPNC5F3HF,Ground floor updated framing plan for review,2025-08-05 14:19:57.205,2025-08-05 14:19:59.098,2
26447553,bf996092-8d66-408a-8d8e-5065ca3330c2,f679f4cf-c089-4a2b-9b84-b14129630601,acecaf3c-c97f-4bcb-95a1-3f765595f68d,FM42EJFZPNC5F3HF,updated framing plans for review,2025-08-05 14:27:17.501,2025-08-05 14:27:19.556,2
26481640,bf996092-8d66-408a-8d8e-5065ca3330c2,f6ab14eb-1a66-4ea5-8a0f-0afbda444403,e266bcb3-2dc8-4cdd-ab28-5879fa631eb4,S762NMGBKUB423MM,Find our commments,2025-08-06 10:56:17.038,2025-08-06 10:56:17.087,1
26483120,bf996092-8d66-408a-8d8e-5065ca3330c2,23142979-9fb6-4fd3-bd82-62d7e0add75f,50c6b15d-ea95-4284-909c-ff9b7b2303a0,JESJ7TGSQHWR942J,"",2025-08-06 11:31:19.616,2025-08-06 11:31:21.662,1
26486983,bf996092-8d66-408a-8d8e-5065ca3330c2,f679f4cf-c089-4a2b-9b84-b14129630601,7d494274-f38a-45eb-9a67-8682f23b4fbf,NTHFQB8P8X3C,"This is ok , Kindly upload V3 for sign and stamp ",2025-08-06 13:01:02.065,2025-08-06 13:01:02.071,2
26486984,bf996092-8d66-408a-8d8e-5065ca3330c2,f679f4cf-c089-4a2b-9b84-b14129630601,7d494274-f38a-45eb-9a67-8682f23b4fbf,NTHFQB8P8X3C,"This is ok , Kindly upload V3 for sign and stamp ",2025-08-06 13:01:02.074,2025-08-06 13:01:02.08,2
26486985,bf996092-8d66-408a-8d8e-5065ca3330c2,f679f4cf-c089-4a2b-9b84-b14129630601,7d494274-f38a-45eb-9a67-8682f23b4fbf,NTHFQB8P8X3C,"This is ok , Kindly upload V3 for sign and stamp ",2025-08-06 13:01:02.087,2025-08-06 13:01:02.092,2
26486986,bf996092-8d66-408a-8d8e-5065ca3330c2,f679f4cf-c089-4a2b-9b84-b14129630601,7d494274-f38a-45eb-9a67-8682f23b4fbf,NTHFQB8P8X3C,"This is ok , Kindly upload V3 for sign and stamp ",2025-08-06 13:01:02.096,2025-08-06 13:01:02.097,2
26486987,bf996092-8d66-408a-8d8e-5065ca3330c2,f679f4cf-c089-4a2b-9b84-b14129630601,7d494274-f38a-45eb-9a67-8682f23b4fbf,NTHFQB8P8X3C,"This is ok , Kindly upload V3 for sign and stamp ",2025-08-06 13:01:02.105,2025-08-06 13:01:02.117,2
26486988,bf996092-8d66-408a-8d8e-5065ca3330c2,f679f4cf-c089-4a2b-9b84-b14129630601,7d494274-f38a-45eb-9a67-8682f23b4fbf,NTHFQB8P8X3C,"This is ok , Kindly upload V3 for sign and stamp ",2025-08-06 13:01:02.122,2025-08-06 13:01:02.128,2
26486989,bf996092-8d66-408a-8d8e-5065ca3330c2,f679f4cf-c089-4a2b-9b84-b14129630601,7d494274-f38a-45eb-9a67-8682f23b4fbf,NTHFQB8P8X3C,"This is ok , Kindly upload V3 for sign and stamp ",2025-08-06 13:01:02.133,2025-08-06 13:01:02.136,2
26486990,bf996092-8d66-408a-8d8e-5065ca3330c2,f679f4cf-c089-4a2b-9b84-b14129630601,7d494274-f38a-45eb-9a67-8682f23b4fbf,NTHFQB8P8X3C,"This is ok , Kindly upload V3 for sign and stamp ",2025-08-06 13:01:02.141,2025-08-06 13:01:02.145,2
26488102,bf996092-8d66-408a-8d8e-5065ca3330c2,f679f4cf-c089-4a2b-9b84-b14129630601,eafe6a24-57d5-41f5-adca-13b77f15efd6,NTHFQB8P8X3C,It is ok. kindly upload V3 for Sign & Stamp,2025-08-06 13:21:03.521,2025-08-06 13:21:03.525,2
26488103,bf996092-8d66-408a-8d8e-5065ca3330c2,f679f4cf-c089-4a2b-9b84-b14129630601,eafe6a24-57d5-41f5-adca-13b77f15efd6,NTHFQB8P8X3C,It is ok. kindly upload V3 for Sign & Stamp,2025-08-06 13:21:03.528,2025-08-06 13:21:03.532,2
26488104,bf996092-8d66-408a-8d8e-5065ca3330c2,f679f4cf-c089-4a2b-9b84-b14129630601,eafe6a24-57d5-41f5-adca-13b77f15efd6,NTHFQB8P8X3C,It is ok. kindly upload V3 for Sign & Stamp,2025-08-06 13:21:03.535,2025-08-06 13:21:03.538,2
26488105,bf996092-8d66-408a-8d8e-5065ca3330c2,f679f4cf-c089-4a2b-9b84-b14129630601,eafe6a24-57d5-41f5-adca-13b77f15efd6,NTHFQB8P8X3C,It is ok. kindly upload V3 for Sign & Stamp,2025-08-06 13:21:03.54,2025-08-06 13:21:03.542,2
26488106,bf996092-8d66-408a-8d8e-5065ca3330c2,f679f4cf-c089-4a2b-9b84-b14129630601,eafe6a24-57d5-41f5-adca-13b77f15efd6,NTHFQB8P8X3C,It is ok. kindly upload V3 for Sign & Stamp,2025-08-06 13:21:03.546,2025-08-06 13:21:03.548,2
26488107,bf996092-8d66-408a-8d8e-5065ca3330c2,f679f4cf-c089-4a2b-9b84-b14129630601,eafe6a24-57d5-41f5-adca-13b77f15efd6,NTHFQB8P8X3C,It is ok. kindly upload V3 for Sign & Stamp,2025-08-06 13:21:03.568,2025-08-06 13:21:03.581,2
26488108,bf996092-8d66-408a-8d8e-5065ca3330c2,f679f4cf-c089-4a2b-9b84-b14129630601,eafe6a24-57d5-41f5-adca-13b77f15efd6,NTHFQB8P8X3C,It is ok. kindly upload V3 for Sign & Stamp,2025-08-06 13:21:03.587,2025-08-06 13:21:03.593,2
26488109,bf996092-8d66-408a-8d8e-5065ca3330c2,f679f4cf-c089-4a2b-9b84-b14129630601,eafe6a24-57d5-41f5-adca-13b77f15efd6,NTHFQB8P8X3C,It is ok. kindly upload V3 for Sign & Stamp,2025-08-06 13:21:03.596,2025-08-06 13:21:03.602,2
26490957,bf996092-8d66-408a-8d8e-5065ca3330c2,f6ab14eb-1a66-4ea5-8a0f-0afbda444403,593ff38c-bad7-4c18-a675-538f552eeea5,BFH2KAVSNP5G463F,"",2025-08-06 14:18:11.315,2025-08-06 14:18:13.177,1
26525099,bf996092-8d66-408a-8d8e-5065ca3330c2,23142979-9fb6-4fd3-bd82-62d7e0add75f,50c6b15d-ea95-4284-909c-ff9b7b2303a0,S8W2PRCHQXETHD6D,OK,2025-08-07 11:20:34.16,2025-08-07 11:20:34.208,2
26525402,bf996092-8d66-408a-8d8e-5065ca3330c2,2f551e7d-05e6-4bfc-8ee1-0ef3a8487c11,58c570b3-4797-484f-8a3b-2d35ebd9ad48,CFCJQ2QBQP3V,Attached updated foundation plan & sections drawings as per your comments for your approval.,2025-08-07 11:25:41.245,2025-08-07 11:25:43.271,1
26526687,bf996092-8d66-408a-8d8e-5065ca3330c2,f6ab14eb-1a66-4ea5-8a0f-0afbda444403,9a1c54c1-aba9-4013-aaee-d2efa7e37741,4UJ23BUBLD77JPG2,"",2025-08-07 11:55:11.487,2025-08-07 11:55:13.267,1
26526956,bf996092-8d66-408a-8d8e-5065ca3330c2,f6ab14eb-1a66-4ea5-8a0f-0afbda444403,76e71403-351b-4eae-8d30-91916c645abb,4UJ23BUBLD77JPG2,"",2025-08-07 12:02:04.643,2025-08-07 12:02:06.501,1
26527441,bf996092-8d66-408a-8d8e-5065ca3330c2,f6ab14eb-1a66-4ea5-8a0f-0afbda444403,ee1e76d3-73a7-4af3-a352-77ab1cf6bc3e,4UJ23BUBLD77JPG2,"",2025-08-07 12:11:32.008,2025-08-07 12:11:33.801,1
26527523,bf996092-8d66-408a-8d8e-5065ca3330c2,f6ab14eb-1a66-4ea5-8a0f-0afbda444403,d84e5324-fb8e-49e5-8b0e-f6a2b8bf1e83,4UJ23BUBLD77JPG2,"",2025-08-07 12:12:23.773,2025-08-07 12:12:26.556,1
26528950,bf996092-8d66-408a-8d8e-5065ca3330c2,f6ab14eb-1a66-4ea5-8a0f-0afbda444403,f6706076-a517-4022-87dc-5abdd0c686c9,NXBJU9KZRN2LR6EX,DPR is not correct as the data enter is not correct,2025-08-07 12:31:20.953,2025-08-07 12:31:21,1
26528988,bf996092-8d66-408a-8d8e-5065ca3330c2,f6ab14eb-1a66-4ea5-8a0f-0afbda444403,d701ef5a-ab9a-4e5b-be50-4b57a32bbaa1,NXBJU9KZRN2LR6EX,"",2025-08-07 12:32:32.736,2025-08-07 12:32:32.797,1
26529027,bf996092-8d66-408a-8d8e-5065ca3330c2,f6ab14eb-1a66-4ea5-8a0f-0afbda444403,58d3bef8-8521-4399-9000-64b20859674a,NXBJU9KZRN2LR6EX,"",2025-08-07 12:33:10.821,2025-08-07 12:33:10.862,1
26529733,bf996092-8d66-408a-8d8e-5065ca3330c2,f6ab14eb-1a66-4ea5-8a0f-0afbda444403,9a1c54c1-aba9-4013-aaee-d2efa7e37741,NXBJU9KZRN2LR6EX,AMITECH DPR 04 AUG 25,2025-08-07 12:48:14.77,2025-08-07 12:48:14.826,1
26529914,bf996092-8d66-408a-8d8e-5065ca3330c2,f6ab14eb-1a66-4ea5-8a0f-0afbda444403,76e71403-351b-4eae-8d30-91916c645abb,NXBJU9KZRN2LR6EX,AMITECH DPR 5AUG 25,2025-08-07 12:50:39.631,2025-08-07 12:50:39.674,1
26529987,bf996092-8d66-408a-8d8e-5065ca3330c2,f6ab14eb-1a66-4ea5-8a0f-0afbda444403,d84e5324-fb8e-49e5-8b0e-f6a2b8bf1e83,NXBJU9KZRN2LR6EX,AS THE REPORT OF 6 AUG 25 IS SEND TWICE,2025-08-07 12:51:28.077,2025-08-07 12:51:28.079,1
26530275,bf996092-8d66-408a-8d8e-5065ca3330c2,f6ab14eb-1a66-4ea5-8a0f-0afbda444403,ee1e76d3-73a7-4af3-a352-77ab1cf6bc3e,NXBJU9KZRN2LR6EX,AMITECH DPR 6 AUG 25,2025-08-07 12:57:35.5,2025-08-07 12:57:35.548,1
26531719,bf996092-8d66-408a-8d8e-5065ca3330c2,f679f4cf-c089-4a2b-9b84-b14129630601,acecaf3c-c97f-4bcb-95a1-3f765595f68d,NTHFQB8P8X3C,"3rd floor framing is ok , observation need to attend for 4th & 5th floor as marked ",2025-08-07 13:23:53.484,2025-08-07 13:23:53.486,2
26531720,bf996092-8d66-408a-8d8e-5065ca3330c2,f679f4cf-c089-4a2b-9b84-b14129630601,acecaf3c-c97f-4bcb-95a1-3f765595f68d,NTHFQB8P8X3C,"3rd floor framing is ok , observation need to attend for 4th & 5th floor as marked ",2025-08-07 13:23:53.488,2025-08-07 13:23:53.488,2
26531721,bf996092-8d66-408a-8d8e-5065ca3330c2,f679f4cf-c089-4a2b-9b84-b14129630601,acecaf3c-c97f-4bcb-95a1-3f765595f68d,NTHFQB8P8X3C,"3rd floor framing is ok , observation need to attend for 4th & 5th floor as marked ",2025-08-07 13:23:53.489,2025-08-07 13:23:53.49,2
26531722,bf996092-8d66-408a-8d8e-5065ca3330c2,f679f4cf-c089-4a2b-9b84-b14129630601,acecaf3c-c97f-4bcb-95a1-3f765595f68d,NTHFQB8P8X3C,"3rd floor framing is ok , observation need to attend for 4th & 5th floor as marked ",2025-08-07 13:23:53.491,2025-08-07 13:23:53.492,2
26531723,bf996092-8d66-408a-8d8e-5065ca3330c2,f679f4cf-c089-4a2b-9b84-b14129630601,acecaf3c-c97f-4bcb-95a1-3f765595f68d,NTHFQB8P8X3C,"3rd floor framing is ok , observation need to attend for 4th & 5th floor as marked ",2025-08-07 13:23:53.494,2025-08-07 13:23:53.495,2
26531724,bf996092-8d66-408a-8d8e-5065ca3330c2,f679f4cf-c089-4a2b-9b84-b14129630601,acecaf3c-c97f-4bcb-95a1-3f765595f68d,NTHFQB8P8X3C,"3rd floor framing is ok , observation need to attend for 4th & 5th floor as marked ",2025-08-07 13:23:53.496,2025-08-07 13:23:53.497,2
26531725,bf996092-8d66-408a-8d8e-5065ca3330c2,f679f4cf-c089-4a2b-9b84-b14129630601,acecaf3c-c97f-4bcb-95a1-3f765595f68d,NTHFQB8P8X3C,"3rd floor framing is ok , observation need to attend for 4th & 5th floor as marked ",2025-08-07 13:23:53.498,2025-08-07 13:23:53.499,2
26531726,bf996092-8d66-408a-8d8e-5065ca3330c2,f679f4cf-c089-4a2b-9b84-b14129630601,acecaf3c-c97f-4bcb-95a1-3f765595f68d,NTHFQB8P8X3C,"3rd floor framing is ok , observation need to attend for 4th & 5th floor as marked ",2025-08-07 13:23:53.5,2025-08-07 13:23:53.501,2
26531727,bf996092-8d66-408a-8d8e-5065ca3330c2,f679f4cf-c089-4a2b-9b84-b14129630601,acecaf3c-c97f-4bcb-95a1-3f765595f68d,NTHFQB8P8X3C,"3rd floor framing is ok , observation need to attend for 4th & 5th floor as marked ",2025-08-07 13:23:53.502,2025-08-07 13:23:53.503,2
26531840,bf996092-8d66-408a-8d8e-5065ca3330c2,23142979-9fb6-4fd3-bd82-62d7e0add75f,f7e1325b-bbbd-4676-b9b3-06a19064c9cf,JESJ7TGSQHWR942J,"",2025-08-07 13:26:48,2025-08-07 13:26:50.167,1
26532530,bf996092-8d66-408a-8d8e-5065ca3330c2,f679f4cf-c089-4a2b-9b84-b14129630601,42b1cefe-d352-4b04-a3e3-321dae8b6630,NTHFQB8P8X3C,Required Section as Marked,2025-08-07 13:44:27.959,2025-08-07 13:44:27.964,1
26532531,bf996092-8d66-408a-8d8e-5065ca3330c2,f679f4cf-c089-4a2b-9b84-b14129630601,42b1cefe-d352-4b04-a3e3-321dae8b6630,NTHFQB8P8X3C,Required Section as Marked,2025-08-07 13:44:27.966,2025-08-07 13:44:27.967,1
26532532,bf996092-8d66-408a-8d8e-5065ca3330c2,f679f4cf-c089-4a2b-9b84-b14129630601,42b1cefe-d352-4b04-a3e3-321dae8b6630,NTHFQB8P8X3C,Required Section as Marked,2025-08-07 13:44:27.969,2025-08-07 13:44:27.981,1
26532533,bf996092-8d66-408a-8d8e-5065ca3330c2,f679f4cf-c089-4a2b-9b84-b14129630601,42b1cefe-d352-4b04-a3e3-321dae8b6630,NTHFQB8P8X3C,Required Section as Marked,2025-08-07 13:44:27.984,2025-08-07 13:44:27.985,1
26532534,bf996092-8d66-408a-8d8e-5065ca3330c2,f679f4cf-c089-4a2b-9b84-b14129630601,42b1cefe-d352-4b04-a3e3-321dae8b6630,NTHFQB8P8X3C,Required Section as Marked,2025-08-07 13:44:27.986,2025-08-07 13:44:27.988,1
26532535,bf996092-8d66-408a-8d8e-5065ca3330c2,f679f4cf-c089-4a2b-9b84-b14129630601,42b1cefe-d352-4b04-a3e3-321dae8b6630,NTHFQB8P8X3C,Required Section as Marked,2025-08-07 13:44:27.989,2025-08-07 13:44:27.99,1
26532536,bf996092-8d66-408a-8d8e-5065ca3330c2,f679f4cf-c089-4a2b-9b84-b14129630601,42b1cefe-d352-4b04-a3e3-321dae8b6630,NTHFQB8P8X3C,Required Section as Marked,2025-08-07 13:44:27.992,2025-08-07 13:44:27.993,1
26532537,bf996092-8d66-408a-8d8e-5065ca3330c2,f679f4cf-c089-4a2b-9b84-b14129630601,42b1cefe-d352-4b04-a3e3-321dae8b6630,NTHFQB8P8X3C,Required Section as Marked,2025-08-07 13:44:27.996,2025-08-07 13:44:28.001,1
26532538,bf996092-8d66-408a-8d8e-5065ca3330c2,f679f4cf-c089-4a2b-9b84-b14129630601,42b1cefe-d352-4b04-a3e3-321dae8b6630,NTHFQB8P8X3C,Required Section as Marked,2025-08-07 13:44:28.003,2025-08-07 13:44:28.004,1
26558930,bf996092-8d66-408a-8d8e-5065ca3330c2,f6ab14eb-1a66-4ea5-8a0f-0afbda444403,47036748-e531-4699-8430-9248fbc3e2e7,BFH2KAVSNP5G463F,"",2025-08-08 03:51:57.335,2025-08-08 03:51:59.34,1
26572903,bf996092-8d66-408a-8d8e-5065ca3330c2,2f551e7d-05e6-4bfc-8ee1-0ef3a8487c11,58c570b3-4797-484f-8a3b-2d35ebd9ad48,VM52VJACLXDVGKG6,"",2025-08-08 12:01:33.67,2025-08-08 12:01:33.817,1
26573874,bf996092-8d66-408a-8d8e-5065ca3330c2,2f551e7d-05e6-4bfc-8ee1-0ef3a8487c11,b3b2193e-63a0-4f54-a131-96f4c4704419,QNTJJ3CVR726KX4Z,mr. slaim pls chk.,2025-08-08 12:29:32.019,2025-08-08 12:29:32.066,1
26574469,bf996092-8d66-408a-8d8e-5065ca3330c2,f6ab14eb-1a66-4ea5-8a0f-0afbda444403,68769602-4833-457f-ad5b-215a3571bd84,4UJ23BUBLD77JPG2,"",2025-08-08 12:48:11.251,2025-08-08 12:48:13.434,1
26575231,bf996092-8d66-408a-8d8e-5065ca3330c2,f6ab14eb-1a66-4ea5-8a0f-0afbda444403,68769602-4833-457f-ad5b-215a3571bd84,NXBJU9KZRN2LR6EX,"",2025-08-08 13:07:26.787,2025-08-08 13:07:26.821,1
26575327,bf996092-8d66-408a-8d8e-5065ca3330c2,f6ab14eb-1a66-4ea5-8a0f-0afbda444403,47036748-e531-4699-8430-9248fbc3e2e7,NXBJU9KZRN2LR6EX,"",2025-08-08 13:09:28.951,2025-08-08 13:09:28.981,1
26595189,bf996092-8d66-408a-8d8e-5065ca3330c2,f6ab14eb-1a66-4ea5-8a0f-0afbda444403,e211e7dd-6ca5-4acd-ab45-9f408a839aeb,4UJ23BUBLD77JPG2,"",2025-08-09 09:10:10.886,2025-08-09 09:10:12.631,1
26389676,bf996092-8d66-408a-8d8e-5065ca3330c2,f679f4cf-c089-4a2b-9b84-b14129630601,96053905-e9bb-4d0e-9679-ec72b16d2cba,FM42EJFZPNC5F3HF,started in Review no. 7 hence closed here.,2025-08-04 07:33:02.097,2025-08-04 07:33:02.103,1
26424803,bf996092-8d66-408a-8d8e-5065ca3330c2,967e785d-d83c-490b-8d6a-2ed926c956ac,cbfb75f1-ae3c-49b5-a1f9-85e4a115b72a,C6Z2RETEN3MN8XZF,"",2025-08-05 04:34:51.297,2025-08-05 04:34:51.341,1
26425156,bf996092-8d66-408a-8d8e-5065ca3330c2,23142979-9fb6-4fd3-bd82-62d7e0add75f,145436fc-3bac-4c9a-b2b9-70523bbed4f6,S8W2PRCHQXETHD6D,"",2025-08-05 04:56:15.185,2025-08-05 04:56:15.187,1
26425157,bf996092-8d66-408a-8d8e-5065ca3330c2,23142979-9fb6-4fd3-bd82-62d7e0add75f,145436fc-3bac-4c9a-b2b9-70523bbed4f6,S8W2PRCHQXETHD6D,"",2025-08-05 04:56:15.189,2025-08-05 04:56:15.19,1
26425158,bf996092-8d66-408a-8d8e-5065ca3330c2,23142979-9fb6-4fd3-bd82-62d7e0add75f,145436fc-3bac-4c9a-b2b9-70523bbed4f6,S8W2PRCHQXETHD6D,"",2025-08-05 04:56:15.192,2025-08-05 04:56:15.193,1
26425159,bf996092-8d66-408a-8d8e-5065ca3330c2,23142979-9fb6-4fd3-bd82-62d7e0add75f,145436fc-3bac-4c9a-b2b9-70523bbed4f6,S8W2PRCHQXETHD6D,"",2025-08-05 04:56:15.195,2025-08-05 04:56:15.196,1
26425160,bf996092-8d66-408a-8d8e-5065ca3330c2,23142979-9fb6-4fd3-bd82-62d7e0add75f,145436fc-3bac-4c9a-b2b9-70523bbed4f6,S8W2PRCHQXETHD6D,"",2025-08-05 04:56:15.199,2025-08-05 04:56:15.2,1
26425161,bf996092-8d66-408a-8d8e-5065ca3330c2,23142979-9fb6-4fd3-bd82-62d7e0add75f,145436fc-3bac-4c9a-b2b9-70523bbed4f6,S8W2PRCHQXETHD6D,"",2025-08-05 04:56:15.202,2025-08-05 04:56:15.203,1
26425162,bf996092-8d66-408a-8d8e-5065ca3330c2,23142979-9fb6-4fd3-bd82-62d7e0add75f,145436fc-3bac-4c9a-b2b9-70523bbed4f6,S8W2PRCHQXETHD6D,"",2025-08-05 04:56:15.205,2025-08-05 04:56:15.206,1
26425163,bf996092-8d66-408a-8d8e-5065ca3330c2,23142979-9fb6-4fd3-bd82-62d7e0add75f,145436fc-3bac-4c9a-b2b9-70523bbed4f6,S8W2PRCHQXETHD6D,"",2025-08-05 04:56:15.208,2025-08-05 04:56:15.209,1
26425164,bf996092-8d66-408a-8d8e-5065ca3330c2,23142979-9fb6-4fd3-bd82-62d7e0add75f,145436fc-3bac-4c9a-b2b9-70523bbed4f6,S8W2PRCHQXETHD6D,"",2025-08-05 04:56:15.21,2025-08-05 04:56:15.212,1
26425742,bf996092-8d66-408a-8d8e-5065ca3330c2,f6ab14eb-1a66-4ea5-8a0f-0afbda444403,6dbfccdf-3fc0-4d32-9e4c-a7a89305e0e9,DEFJY3LUP6UBKWPS,Approved,2025-08-05 05:24:13.907,2025-08-05 05:24:13.943,1
26425797,bf996092-8d66-408a-8d8e-5065ca3330c2,f6ab14eb-1a66-4ea5-8a0f-0afbda444403,6dbfccdf-3fc0-4d32-9e4c-a7a89305e0e9,MLE243XQQX2UK86L,"",2025-08-05 05:27:13.514,2025-08-05 05:27:13.559,1
26426693,bf996092-8d66-408a-8d8e-5065ca3330c2,f6ab14eb-1a66-4ea5-8a0f-0afbda444403,643d9471-3fe8-49c3-b58d-4b3025fc9f92,BFH2KAVSNP5G463F,"",2025-08-05 06:07:55.287,2025-08-05 06:07:57.05,1
26426904,bf996092-8d66-408a-8d8e-5065ca3330c2,f6ab14eb-1a66-4ea5-8a0f-0afbda444403,9383415a-b312-4350-9a54-7725800aaf59,BFH2KAVSNP5G463F,"",2025-08-05 06:14:37.263,2025-08-05 06:14:38.95,1
26427218,bf996092-8d66-408a-8d8e-5065ca3330c2,f6ab14eb-1a66-4ea5-8a0f-0afbda444403,643d9471-3fe8-49c3-b58d-4b3025fc9f92,NXBJU9KZRN2LR6EX,"wagad dpr 03 aug 25

no work due to rain",2025-08-05 06:26:54.632,2025-08-05 06:26:54.675,1
26427272,bf996092-8d66-408a-8d8e-5065ca3330c2,f6ab14eb-1a66-4ea5-8a0f-0afbda444403,9383415a-b312-4350-9a54-7725800aaf59,NXBJU9KZRN2LR6EX,WAGAD DPR 04 AUG 25,2025-08-05 06:28:58.209,2025-08-05 06:28:58.248,1
26427490,bf996092-8d66-408a-8d8e-5065ca3330c2,967e785d-d83c-490b-8d6a-2ed926c956ac,fcc464a8-5e23-4bac-915b-d73bd8db13e6,WK7J3NJWMTCK9UWQ,"",2025-08-05 06:35:41.109,2025-08-05 06:35:42.876,1
26468532,bf996092-8d66-408a-8d8e-5065ca3330c2,f679f4cf-c089-4a2b-9b84-b14129630601,bfe5c754-0c12-4b5e-9731-2ebb21b10b02,3TSJN3BRN9YVX2DX,"",2025-08-06 04:50:16.563,2025-08-06 04:50:18.467,1
26468569,bf996092-8d66-408a-8d8e-5065ca3330c2,f679f4cf-c089-4a2b-9b84-b14129630601,c1dbef37-336d-459b-9c5c-a49537b00ff1,3TSJN3BRN9YVX2DX,"",2025-08-06 04:51:13.922,2025-08-06 04:51:15.663,1
26468592,bf996092-8d66-408a-8d8e-5065ca3330c2,f679f4cf-c089-4a2b-9b84-b14129630601,6a91fb98-b5db-4fd8-af52-18b38b0ebb4f,3TSJN3BRN9YVX2DX,"",2025-08-06 04:52:43.994,2025-08-06 04:52:45.714,1
26468721,bf996092-8d66-408a-8d8e-5065ca3330c2,f679f4cf-c089-4a2b-9b84-b14129630601,29437e4b-d09e-46cf-8e13-f3d465ddf018,3TSJN3BRN9YVX2DX,"",2025-08-06 04:58:52.027,2025-08-06 04:58:53.724,1
26468996,bf996092-8d66-408a-8d8e-5065ca3330c2,f679f4cf-c089-4a2b-9b84-b14129630601,4931fa5c-1bcc-43dc-a724-c4161391edf4,3TSJN3BRN9YVX2DX,"",2025-08-06 05:08:13.361,2025-08-06 05:08:15.011,1
26469058,bf996092-8d66-408a-8d8e-5065ca3330c2,f679f4cf-c089-4a2b-9b84-b14129630601,bfe5c754-0c12-4b5e-9731-2ebb21b10b02,3NGJNZCXN8PBNTRV,"",2025-08-06 05:11:51.27,2025-08-06 05:11:51.305,1
26469067,bf996092-8d66-408a-8d8e-5065ca3330c2,f679f4cf-c089-4a2b-9b84-b14129630601,c1dbef37-336d-459b-9c5c-a49537b00ff1,3NGJNZCXN8PBNTRV,"",2025-08-06 05:12:14.176,2025-08-06 05:12:14.78,1
26469073,bf996092-8d66-408a-8d8e-5065ca3330c2,f679f4cf-c089-4a2b-9b84-b14129630601,6a91fb98-b5db-4fd8-af52-18b38b0ebb4f,3NGJNZCXN8PBNTRV,"",2025-08-06 05:12:41.292,2025-08-06 05:12:41.329,1
26469104,bf996092-8d66-408a-8d8e-5065ca3330c2,f679f4cf-c089-4a2b-9b84-b14129630601,29437e4b-d09e-46cf-8e13-f3d465ddf018,3NGJNZCXN8PBNTRV,"",2025-08-06 05:13:06.444,2025-08-06 05:13:06.479,1
26469128,bf996092-8d66-408a-8d8e-5065ca3330c2,f679f4cf-c089-4a2b-9b84-b14129630601,4931fa5c-1bcc-43dc-a724-c4161391edf4,3NGJNZCXN8PBNTRV,"",2025-08-06 05:14:09.864,2025-08-06 05:14:09.91,1
26473521,bf996092-8d66-408a-8d8e-5065ca3330c2,f6ab14eb-1a66-4ea5-8a0f-0afbda444403,533cbb9c-7a2e-4981-b7d0-67e64b8fe775,NXBJU9KZRN2LR6EX,WAGAD DPR 05 AUG 25,2025-08-06 07:30:03.346,2025-08-06 07:30:03.391,1
26473630,bf996092-8d66-408a-8d8e-5065ca3330c2,967e785d-d83c-490b-8d6a-2ed926c956ac,29d18e5f-2480-408a-8a65-6b944193a48d,WK7J3NJWMTCK9UWQ,"",2025-08-06 07:32:09.194,2025-08-06 07:32:10.998,1
26475800,bf996092-8d66-408a-8d8e-5065ca3330c2,967e785d-d83c-490b-8d6a-2ed926c956ac,29d18e5f-2480-408a-8a65-6b944193a48d,C6Z2RETEN3MN8XZF,"",2025-08-06 08:30:26.104,2025-08-06 08:30:26.128,1
26507797,bf996092-8d66-408a-8d8e-5065ca3330c2,f6ab14eb-1a66-4ea5-8a0f-0afbda444403,f6706076-a517-4022-87dc-5abdd0c686c9,4UJ23BUBLD77JPG2,"",2025-08-07 02:50:12.466,2025-08-07 02:50:14.228,1
26509397,bf996092-8d66-408a-8d8e-5065ca3330c2,f679f4cf-c089-4a2b-9b84-b14129630601,7d494274-f38a-45eb-9a67-8682f23b4fbf,FM42EJFZPNC5F3HF,2nd floor plan with V3 version,2025-08-07 04:08:21.355,2025-08-07 04:08:23.18,3
26509596,bf996092-8d66-408a-8d8e-5065ca3330c2,f6ab14eb-1a66-4ea5-8a0f-0afbda444403,d701ef5a-ab9a-4e5b-be50-4b57a32bbaa1,4UJ23BUBLD77JPG2,"",2025-08-07 04:19:55.846,2025-08-07 04:19:57.487,1
26509641,bf996092-8d66-408a-8d8e-5065ca3330c2,f6ab14eb-1a66-4ea5-8a0f-0afbda444403,58d3bef8-8521-4399-9000-64b20859674a,4UJ23BUBLD77JPG2,"",2025-08-07 04:21:56.542,2025-08-07 04:21:58.243,1
26509873,bf996092-8d66-408a-8d8e-5065ca3330c2,f679f4cf-c089-4a2b-9b84-b14129630601,8792ba8b-e9c6-4289-a2d5-1da924d10fca,TJ92FSAHL5HQP7TF,"",2025-08-07 04:38:09.077,2025-08-07 04:38:10.791,1
26509916,bf996092-8d66-408a-8d8e-5065ca3330c2,f679f4cf-c089-4a2b-9b84-b14129630601,8792ba8b-e9c6-4289-a2d5-1da924d10fca,CMJ2N3U8MSMRM8ZA,"Please correct drawing no,",2025-08-07 04:40:54.587,2025-08-07 04:40:54.588,1
26509968,bf996092-8d66-408a-8d8e-5065ca3330c2,f679f4cf-c089-4a2b-9b84-b14129630601,8792ba8b-e9c6-4289-a2d5-1da924d10fca,TJ92FSAHL5HQP7TF,"",2025-08-07 04:42:59.34,2025-08-07 04:43:00.869,2
26510387,bf996092-8d66-408a-8d8e-5065ca3330c2,967e785d-d83c-490b-8d6a-2ed926c956ac,d86031ee-d87d-4087-b6d0-7a9fb5558f35,WK7J3NJWMTCK9UWQ,"",2025-08-07 04:59:11.257,2025-08-07 04:59:12.956,1
26511210,bf996092-8d66-408a-8d8e-5065ca3330c2,f679f4cf-c089-4a2b-9b84-b14129630601,b049f387-03a8-468f-b9ea-5a06fae3c449,3TSJN3BRN9YVX2DX,"",2025-08-07 05:31:57.127,2025-08-07 05:31:58.859,1
26511305,bf996092-8d66-408a-8d8e-5065ca3330c2,f679f4cf-c089-4a2b-9b84-b14129630601,b049f387-03a8-468f-b9ea-5a06fae3c449,3NGJNZCXN8PBNTRV,"",2025-08-07 05:35:19.124,2025-08-07 05:35:19.147,1
26511358,bf996092-8d66-408a-8d8e-5065ca3330c2,f679f4cf-c089-4a2b-9b84-b14129630601,a838c6a9-d5a1-475f-bb6c-a2cabf2ee3a5,S762NMGBKUB423MM,Approved,2025-08-07 05:38:46.819,2025-08-07 05:38:46.853,2
26512040,bf996092-8d66-408a-8d8e-5065ca3330c2,f679f4cf-c089-4a2b-9b84-b14129630601,37256ea0-c9c7-4398-ada2-1fcf9ca88b55,S762NMGBKUB423MM,"",2025-08-07 06:05:16.26,2025-08-07 06:05:16.262,1
26512041,bf996092-8d66-408a-8d8e-5065ca3330c2,f679f4cf-c089-4a2b-9b84-b14129630601,37256ea0-c9c7-4398-ada2-1fcf9ca88b55,S762NMGBKUB423MM,"",2025-08-07 06:05:16.268,2025-08-07 06:05:16.269,1
26512042,bf996092-8d66-408a-8d8e-5065ca3330c2,f679f4cf-c089-4a2b-9b84-b14129630601,37256ea0-c9c7-4398-ada2-1fcf9ca88b55,S762NMGBKUB423MM,"",2025-08-07 06:05:16.272,2025-08-07 06:05:16.274,1
26512043,bf996092-8d66-408a-8d8e-5065ca3330c2,f679f4cf-c089-4a2b-9b84-b14129630601,37256ea0-c9c7-4398-ada2-1fcf9ca88b55,S762NMGBKUB423MM,"",2025-08-07 06:05:16.276,2025-08-07 06:05:16.277,1
26512044,bf996092-8d66-408a-8d8e-5065ca3330c2,f679f4cf-c089-4a2b-9b84-b14129630601,37256ea0-c9c7-4398-ada2-1fcf9ca88b55,S762NMGBKUB423MM,"",2025-08-07 06:05:16.279,2025-08-07 06:05:16.28,1
26512045,bf996092-8d66-408a-8d8e-5065ca3330c2,f679f4cf-c089-4a2b-9b84-b14129630601,37256ea0-c9c7-4398-ada2-1fcf9ca88b55,S762NMGBKUB423MM,"",2025-08-07 06:05:16.283,2025-08-07 06:05:16.284,1
26512046,bf996092-8d66-408a-8d8e-5065ca3330c2,f679f4cf-c089-4a2b-9b84-b14129630601,37256ea0-c9c7-4398-ada2-1fcf9ca88b55,S762NMGBKUB423MM,"",2025-08-07 06:05:16.289,2025-08-07 06:05:16.292,1
26512047,bf996092-8d66-408a-8d8e-5065ca3330c2,f679f4cf-c089-4a2b-9b84-b14129630601,37256ea0-c9c7-4398-ada2-1fcf9ca88b55,S762NMGBKUB423MM,"",2025-08-07 06:05:16.294,2025-08-07 06:05:16.296,1
26512048,bf996092-8d66-408a-8d8e-5065ca3330c2,f679f4cf-c089-4a2b-9b84-b14129630601,37256ea0-c9c7-4398-ada2-1fcf9ca88b55,S762NMGBKUB423MM,"",2025-08-07 06:05:16.297,2025-08-07 06:05:16.298,1
26512072,bf996092-8d66-408a-8d8e-5065ca3330c2,967e785d-d83c-490b-8d6a-2ed926c956ac,d86031ee-d87d-4087-b6d0-7a9fb5558f35,C6Z2RETEN3MN8XZF,"",2025-08-07 06:06:12.027,2025-08-07 06:06:12.069,1
26512681,bf996092-8d66-408a-8d8e-5065ca3330c2,23142979-9fb6-4fd3-bd82-62d7e0add75f,50c6b15d-ea95-4284-909c-ff9b7b2303a0,S8W2PRCHQXETHD6D,"Dear Rajani,
Please update the north block tunnel and and ground floor plan",2025-08-07 06:30:52.128,2025-08-07 06:30:52.129,1
26512682,bf996092-8d66-408a-8d8e-5065ca3330c2,23142979-9fb6-4fd3-bd82-62d7e0add75f,50c6b15d-ea95-4284-909c-ff9b7b2303a0,S8W2PRCHQXETHD6D,"Dear Rajani,
Please update the north block tunnel and and ground floor plan",2025-08-07 06:30:52.131,2025-08-07 06:30:52.132,1
26512683,bf996092-8d66-408a-8d8e-5065ca3330c2,23142979-9fb6-4fd3-bd82-62d7e0add75f,50c6b15d-ea95-4284-909c-ff9b7b2303a0,S8W2PRCHQXETHD6D,"Dear Rajani,
Please update the north block tunnel and and ground floor plan",2025-08-07 06:30:52.134,2025-08-07 06:30:52.135,1
26512684,bf996092-8d66-408a-8d8e-5065ca3330c2,23142979-9fb6-4fd3-bd82-62d7e0add75f,50c6b15d-ea95-4284-909c-ff9b7b2303a0,S8W2PRCHQXETHD6D,"Dear Rajani,
Please update the north block tunnel and and ground floor plan",2025-08-07 06:30:52.136,2025-08-07 06:30:52.137,1
26512685,bf996092-8d66-408a-8d8e-5065ca3330c2,23142979-9fb6-4fd3-bd82-62d7e0add75f,50c6b15d-ea95-4284-909c-ff9b7b2303a0,S8W2PRCHQXETHD6D,"Dear Rajani,
Please update the north block tunnel and and ground floor plan",2025-08-07 06:30:52.139,2025-08-07 06:30:52.14,1
26512686,bf996092-8d66-408a-8d8e-5065ca3330c2,23142979-9fb6-4fd3-bd82-62d7e0add75f,50c6b15d-ea95-4284-909c-ff9b7b2303a0,S8W2PRCHQXETHD6D,"Dear Rajani,
Please update the north block tunnel and and ground floor plan",2025-08-07 06:30:52.141,2025-08-07 06:30:52.143,1
26512687,bf996092-8d66-408a-8d8e-5065ca3330c2,23142979-9fb6-4fd3-bd82-62d7e0add75f,50c6b15d-ea95-4284-909c-ff9b7b2303a0,S8W2PRCHQXETHD6D,"Dear Rajani,
Please update the north block tunnel and and ground floor plan",2025-08-07 06:30:52.144,2025-08-07 06:30:52.145,1
26512688,bf996092-8d66-408a-8d8e-5065ca3330c2,23142979-9fb6-4fd3-bd82-62d7e0add75f,50c6b15d-ea95-4284-909c-ff9b7b2303a0,S8W2PRCHQXETHD6D,"Dear Rajani,
Please update the north block tunnel and and ground floor plan",2025-08-07 06:30:52.146,2025-08-07 06:30:52.147,1
26512689,bf996092-8d66-408a-8d8e-5065ca3330c2,23142979-9fb6-4fd3-bd82-62d7e0add75f,50c6b15d-ea95-4284-909c-ff9b7b2303a0,S8W2PRCHQXETHD6D,"Dear Rajani,
Please update the north block tunnel and and ground floor plan",2025-08-07 06:30:52.149,2025-08-07 06:30:52.15,1
26512950,bf996092-8d66-408a-8d8e-5065ca3330c2,f679f4cf-c089-4a2b-9b84-b14129630601,37256ea0-c9c7-4398-ada2-1fcf9ca88b55,FM42EJFZPNC5F3HF,B1 level V2 version is valid for sign & stamp,2025-08-07 06:38:10.179,2025-08-07 06:38:11.911,2
26513014,bf996092-8d66-408a-8d8e-5065ca3330c2,f6ab14eb-1a66-4ea5-8a0f-0afbda444403,593ff38c-bad7-4c18-a675-538f552eeea5,NXBJU9KZRN2LR6EX,WAGAD DPR 06 AUG 25,2025-08-07 06:40:17.062,2025-08-07 06:40:17.145,1
26514386,bf996092-8d66-408a-8d8e-5065ca3330c2,f679f4cf-c089-4a2b-9b84-b14129630601,7d494274-f38a-45eb-9a67-8682f23b4fbf,S762NMGBKUB423MM,Approved,2025-08-07 07:15:54.055,2025-08-07 07:15:54.102,3
26517775,bf996092-8d66-408a-8d8e-5065ca3330c2,23142979-9fb6-4fd3-bd82-62d7e0add75f,198fd447-702c-498b-b297-6efd862aa524,QNTJJ3CVR726KX4Z,"",2025-08-07 08:36:35.615,2025-08-07 08:36:35.663,1
26521963,bf996092-8d66-408a-8d8e-5065ca3330c2,23142979-9fb6-4fd3-bd82-62d7e0add75f,c155ed79-7525-4610-bc40-1660fceffa81,JESJ7TGSQHWR942J,"",2025-08-07 10:08:17.986,2025-08-07 10:08:20.398,1
26521979,bf996092-8d66-408a-8d8e-5065ca3330c2,23142979-9fb6-4fd3-bd82-62d7e0add75f,50c6b15d-ea95-4284-909c-ff9b7b2303a0,JESJ7TGSQHWR942J,"",2025-08-07 10:08:42.97,2025-08-07 10:08:45.635,2
26561516,bf996092-8d66-408a-8d8e-5065ca3330c2,f679f4cf-c089-4a2b-9b84-b14129630601,7d494274-f38a-45eb-9a67-8682f23b4fbf,NTHFQB8P8X3C,Need comment to be resolve ,2025-08-08 06:28:08.847,2025-08-08 06:28:08.851,3
26561517,bf996092-8d66-408a-8d8e-5065ca3330c2,f679f4cf-c089-4a2b-9b84-b14129630601,7d494274-f38a-45eb-9a67-8682f23b4fbf,NTHFQB8P8X3C,Need comment to be resolve ,2025-08-08 06:28:08.854,2025-08-08 06:28:08.855,3
26561518,bf996092-8d66-408a-8d8e-5065ca3330c2,f679f4cf-c089-4a2b-9b84-b14129630601,7d494274-f38a-45eb-9a67-8682f23b4fbf,NTHFQB8P8X3C,Need comment to be resolve ,2025-08-08 06:28:08.857,2025-08-08 06:28:08.858,3
26561519,bf996092-8d66-408a-8d8e-5065ca3330c2,f679f4cf-c089-4a2b-9b84-b14129630601,7d494274-f38a-45eb-9a67-8682f23b4fbf,NTHFQB8P8X3C,Need comment to be resolve ,2025-08-08 06:28:08.859,2025-08-08 06:28:08.86,3
26561520,bf996092-8d66-408a-8d8e-5065ca3330c2,f679f4cf-c089-4a2b-9b84-b14129630601,7d494274-f38a-45eb-9a67-8682f23b4fbf,NTHFQB8P8X3C,Need comment to be resolve ,2025-08-08 06:28:08.862,2025-08-08 06:28:08.863,3
26561521,bf996092-8d66-408a-8d8e-5065ca3330c2,f679f4cf-c089-4a2b-9b84-b14129630601,7d494274-f38a-45eb-9a67-8682f23b4fbf,NTHFQB8P8X3C,Need comment to be resolve ,2025-08-08 06:28:08.865,2025-08-08 06:28:08.866,3
26561522,bf996092-8d66-408a-8d8e-5065ca3330c2,f679f4cf-c089-4a2b-9b84-b14129630601,7d494274-f38a-45eb-9a67-8682f23b4fbf,NTHFQB8P8X3C,Need comment to be resolve ,2025-08-08 06:28:08.867,2025-08-08 06:28:08.868,3
26561523,bf996092-8d66-408a-8d8e-5065ca3330c2,f679f4cf-c089-4a2b-9b84-b14129630601,7d494274-f38a-45eb-9a67-8682f23b4fbf,NTHFQB8P8X3C,Need comment to be resolve ,2025-08-08 06:28:08.871,2025-08-08 06:28:08.872,3
26562568,bf996092-8d66-408a-8d8e-5065ca3330c2,f6ab14eb-1a66-4ea5-8a0f-0afbda444403,e266bcb3-2dc8-4cdd-ab28-5879fa631eb4,TZXRKN44WBAJ,"",2025-08-08 07:05:35.352,2025-08-08 07:05:35.354,1
26562569,bf996092-8d66-408a-8d8e-5065ca3330c2,f6ab14eb-1a66-4ea5-8a0f-0afbda444403,e266bcb3-2dc8-4cdd-ab28-5879fa631eb4,TZXRKN44WBAJ,"",2025-08-08 07:05:35.356,2025-08-08 07:05:35.357,1
26562570,bf996092-8d66-408a-8d8e-5065ca3330c2,f6ab14eb-1a66-4ea5-8a0f-0afbda444403,e266bcb3-2dc8-4cdd-ab28-5879fa631eb4,TZXRKN44WBAJ,"",2025-08-08 07:05:35.359,2025-08-08 07:05:35.363,1
26562571,bf996092-8d66-408a-8d8e-5065ca3330c2,f6ab14eb-1a66-4ea5-8a0f-0afbda444403,e266bcb3-2dc8-4cdd-ab28-5879fa631eb4,TZXRKN44WBAJ,"",2025-08-08 07:05:35.365,2025-08-08 07:05:35.368,1
26562572,bf996092-8d66-408a-8d8e-5065ca3330c2,f6ab14eb-1a66-4ea5-8a0f-0afbda444403,e266bcb3-2dc8-4cdd-ab28-5879fa631eb4,TZXRKN44WBAJ,"",2025-08-08 07:05:35.37,2025-08-08 07:05:35.375,1
26562573,bf996092-8d66-408a-8d8e-5065ca3330c2,f6ab14eb-1a66-4ea5-8a0f-0afbda444403,e266bcb3-2dc8-4cdd-ab28-5879fa631eb4,TZXRKN44WBAJ,"",2025-08-08 07:05:35.381,2025-08-08 07:05:35.386,1
26562574,bf996092-8d66-408a-8d8e-5065ca3330c2,f6ab14eb-1a66-4ea5-8a0f-0afbda444403,e266bcb3-2dc8-4cdd-ab28-5879fa631eb4,TZXRKN44WBAJ,"",2025-08-08 07:05:35.388,2025-08-08 07:05:35.405,1
26562575,bf996092-8d66-408a-8d8e-5065ca3330c2,f6ab14eb-1a66-4ea5-8a0f-0afbda444403,e266bcb3-2dc8-4cdd-ab28-5879fa631eb4,TZXRKN44WBAJ,"",2025-08-08 07:05:35.412,2025-08-08 07:05:35.418,1
26562576,bf996092-8d66-408a-8d8e-5065ca3330c2,f6ab14eb-1a66-4ea5-8a0f-0afbda444403,e266bcb3-2dc8-4cdd-ab28-5879fa631eb4,TZXRKN44WBAJ,"",2025-08-08 07:05:35.421,2025-08-08 07:05:35.422,1
26562972,bf996092-8d66-408a-8d8e-5065ca3330c2,2f551e7d-05e6-4bfc-8ee1-0ef3a8487c11,1a3cbd0c-ae18-4d7a-919e-3a037c4eeb3a,CFCJQ2QBQP3V,"",2025-08-08 07:17:54.894,2025-08-08 07:17:58.532,1
26563035,bf996092-8d66-408a-8d8e-5065ca3330c2,2f551e7d-05e6-4bfc-8ee1-0ef3a8487c11,1a3cbd0c-ae18-4d7a-919e-3a037c4eeb3a,VM52VJACLXDVGKG6,The comments provided in the Excel log appear to have been addressed in these drawings,2025-08-08 07:20:21.918,2025-08-08 07:20:21.952,1
26563527,bf996092-8d66-408a-8d8e-5065ca3330c2,967e785d-d83c-490b-8d6a-2ed926c956ac,a9a8a701-d4b2-4f45-92ee-8c1ca04298a4,WK7J3NJWMTCK9UWQ,"",2025-08-08 07:34:51.357,2025-08-08 07:34:53.128,1
26564240,bf996092-8d66-408a-8d8e-5065ca3330c2,967e785d-d83c-490b-8d6a-2ed926c956ac,a9a8a701-d4b2-4f45-92ee-8c1ca04298a4,C6Z2RETEN3MN8XZF,"",2025-08-08 07:50:06.716,2025-08-08 07:50:06.756,1
26566940,bf996092-8d66-408a-8d8e-5065ca3330c2,f679f4cf-c089-4a2b-9b84-b14129630601,a838c6a9-d5a1-475f-bb6c-a2cabf2ee3a5,NTHFQB8P8X3C,Pls attend the observation at Section -16 Sunken width should be 500 same as plan  ,2025-08-08 09:06:05.361,2025-08-08 09:06:05.363,2
26566941,bf996092-8d66-408a-8d8e-5065ca3330c2,f679f4cf-c089-4a2b-9b84-b14129630601,a838c6a9-d5a1-475f-bb6c-a2cabf2ee3a5,NTHFQB8P8X3C,Pls attend the observation at Section -16 Sunken width should be 500 same as plan  ,2025-08-08 09:06:05.365,2025-08-08 09:06:05.366,2
26566942,bf996092-8d66-408a-8d8e-5065ca3330c2,f679f4cf-c089-4a2b-9b84-b14129630601,a838c6a9-d5a1-475f-bb6c-a2cabf2ee3a5,NTHFQB8P8X3C,Pls attend the observation at Section -16 Sunken width should be 500 same as plan  ,2025-08-08 09:06:05.368,2025-08-08 09:06:05.369,2
26566943,bf996092-8d66-408a-8d8e-5065ca3330c2,f679f4cf-c089-4a2b-9b84-b14129630601,a838c6a9-d5a1-475f-bb6c-a2cabf2ee3a5,NTHFQB8P8X3C,Pls attend the observation at Section -16 Sunken width should be 500 same as plan  ,2025-08-08 09:06:05.37,2025-08-08 09:06:05.371,2
26566944,bf996092-8d66-408a-8d8e-5065ca3330c2,f679f4cf-c089-4a2b-9b84-b14129630601,a838c6a9-d5a1-475f-bb6c-a2cabf2ee3a5,NTHFQB8P8X3C,Pls attend the observation at Section -16 Sunken width should be 500 same as plan  ,2025-08-08 09:06:05.375,2025-08-08 09:06:05.378,2
26566945,bf996092-8d66-408a-8d8e-5065ca3330c2,f679f4cf-c089-4a2b-9b84-b14129630601,a838c6a9-d5a1-475f-bb6c-a2cabf2ee3a5,NTHFQB8P8X3C,Pls attend the observation at Section -16 Sunken width should be 500 same as plan  ,2025-08-08 09:06:05.382,2025-08-08 09:06:05.383,2
26566946,bf996092-8d66-408a-8d8e-5065ca3330c2,f679f4cf-c089-4a2b-9b84-b14129630601,a838c6a9-d5a1-475f-bb6c-a2cabf2ee3a5,NTHFQB8P8X3C,Pls attend the observation at Section -16 Sunken width should be 500 same as plan  ,2025-08-08 09:06:05.384,2025-08-08 09:06:05.385,2
26566947,bf996092-8d66-408a-8d8e-5065ca3330c2,f679f4cf-c089-4a2b-9b84-b14129630601,a838c6a9-d5a1-475f-bb6c-a2cabf2ee3a5,NTHFQB8P8X3C,Pls attend the observation at Section -16 Sunken width should be 500 same as plan  ,2025-08-08 09:06:05.387,2025-08-08 09:06:05.388,2
26567555,bf996092-8d66-408a-8d8e-5065ca3330c2,f679f4cf-c089-4a2b-9b84-b14129630601,8792ba8b-e9c6-4289-a2d5-1da924d10fca,NTHFQB8P8X3C,Approved ,2025-08-08 09:20:25.444,2025-08-08 09:20:25.486,2
26568979,bf996092-8d66-408a-8d8e-5065ca3330c2,2f551e7d-05e6-4bfc-8ee1-0ef3a8487c11,1a3cbd0c-ae18-4d7a-919e-3a037c4eeb3a,JBEJ9XLSJZLBNZ2V,"",2025-08-08 10:08:16.765,2025-08-08 10:08:16.798,1
26569999,bf996092-8d66-408a-8d8e-5065ca3330c2,f679f4cf-c089-4a2b-9b84-b14129630601,0569a466-460e-4e86-97ea-ff290c2c2ff8,YQH2SLPMM8Q48DDT,"",2025-08-08 10:41:20.605,2025-08-08 10:41:22.382,1
26570061,bf996092-8d66-408a-8d8e-5065ca3330c2,f679f4cf-c089-4a2b-9b84-b14129630601,0569a466-460e-4e86-97ea-ff290c2c2ff8,3NGJNZCXN8PBNTRV,"",2025-08-08 10:44:02.104,2025-08-08 10:44:02.142,1
26570242,bf996092-8d66-408a-8d8e-5065ca3330c2,2f551e7d-05e6-4bfc-8ee1-0ef3a8487c11,ef58bf51-5150-48d9-99df-40bc07614da9,CFCJQ2QBQP3V,"",2025-08-08 10:49:43.874,2025-08-08 10:49:46.773,1
26570303,bf996092-8d66-408a-8d8e-5065ca3330c2,2f551e7d-05e6-4bfc-8ee1-0ef3a8487c11,b3b2193e-63a0-4f54-a131-96f4c4704419,CFCJQ2QBQP3V,"",2025-08-08 10:51:49.883,2025-08-08 10:51:52.195,1
26570899,bf996092-8d66-408a-8d8e-5065ca3330c2,2f551e7d-05e6-4bfc-8ee1-0ef3a8487c11,b3b2193e-63a0-4f54-a131-96f4c4704419,JBEJ9XLSJZLBNZ2V,"",2025-08-08 11:08:57.23,2025-08-08 11:08:57.279,1
26571048,bf996092-8d66-408a-8d8e-5065ca3330c2,2f551e7d-05e6-4bfc-8ee1-0ef3a8487c11,ef58bf51-5150-48d9-99df-40bc07614da9,CFCJQ2QBQP3V,,2025-08-08 11:14:18.58,2025-08-08 11:14:18.582,1
26571049,bf996092-8d66-408a-8d8e-5065ca3330c2,2f551e7d-05e6-4bfc-8ee1-0ef3a8487c11,ef58bf51-5150-48d9-99df-40bc07614da9,CFCJQ2QBQP3V,,2025-08-08 11:14:18.585,2025-08-08 11:14:18.587,1
26571050,bf996092-8d66-408a-8d8e-5065ca3330c2,2f551e7d-05e6-4bfc-8ee1-0ef3a8487c11,ef58bf51-5150-48d9-99df-40bc07614da9,CFCJQ2QBQP3V,,2025-08-08 11:14:18.59,2025-08-08 11:14:18.591,1
26571051,bf996092-8d66-408a-8d8e-5065ca3330c2,2f551e7d-05e6-4bfc-8ee1-0ef3a8487c11,ef58bf51-5150-48d9-99df-40bc07614da9,CFCJQ2QBQP3V,,2025-08-08 11:14:18.595,2025-08-08 11:14:18.596,1
26571052,bf996092-8d66-408a-8d8e-5065ca3330c2,2f551e7d-05e6-4bfc-8ee1-0ef3a8487c11,ef58bf51-5150-48d9-99df-40bc07614da9,CFCJQ2QBQP3V,,2025-08-08 11:14:18.6,2025-08-08 11:14:18.601,1
26571053,bf996092-8d66-408a-8d8e-5065ca3330c2,2f551e7d-05e6-4bfc-8ee1-0ef3a8487c11,ef58bf51-5150-48d9-99df-40bc07614da9,CFCJQ2QBQP3V,,2025-08-08 11:14:18.606,2025-08-08 11:14:18.607,1
26571054,bf996092-8d66-408a-8d8e-5065ca3330c2,2f551e7d-05e6-4bfc-8ee1-0ef3a8487c11,ef58bf51-5150-48d9-99df-40bc07614da9,CFCJQ2QBQP3V,,2025-08-08 11:14:18.61,2025-08-08 11:14:18.612,1
26571055,bf996092-8d66-408a-8d8e-5065ca3330c2,2f551e7d-05e6-4bfc-8ee1-0ef3a8487c11,ef58bf51-5150-48d9-99df-40bc07614da9,CFCJQ2QBQP3V,,2025-08-08 11:14:18.616,2025-08-08 11:14:18.617,1
26571056,bf996092-8d66-408a-8d8e-5065ca3330c2,2f551e7d-05e6-4bfc-8ee1-0ef3a8487c11,ef58bf51-5150-48d9-99df-40bc07614da9,CFCJQ2QBQP3V,,2025-08-08 11:14:18.62,2025-08-08 11:14:18.622,1
26571057,bf996092-8d66-408a-8d8e-5065ca3330c2,2f551e7d-05e6-4bfc-8ee1-0ef3a8487c11,ef58bf51-5150-48d9-99df-40bc07614da9,CFCJQ2QBQP3V,,2025-08-08 11:14:18.625,2025-08-08 11:14:18.626,1
26571058,bf996092-8d66-408a-8d8e-5065ca3330c2,2f551e7d-05e6-4bfc-8ee1-0ef3a8487c11,ef58bf51-5150-48d9-99df-40bc07614da9,CFCJQ2QBQP3V,,2025-08-08 11:14:18.63,2025-08-08 11:14:18.631,1
26571059,bf996092-8d66-408a-8d8e-5065ca3330c2,2f551e7d-05e6-4bfc-8ee1-0ef3a8487c11,ef58bf51-5150-48d9-99df-40bc07614da9,CFCJQ2QBQP3V,,2025-08-08 11:14:18.634,2025-08-08 11:14:18.636,1
26599420,bf996092-8d66-408a-8d8e-5065ca3330c2,f6ab14eb-1a66-4ea5-8a0f-0afbda444403,298c0737-0aa2-4daa-9828-c4f5e8bbce22,BFH2KAVSNP5G463F,"",2025-08-10 04:41:23.985,2025-08-10 04:41:26.723,1
26599557,bf996092-8d66-408a-8d8e-5065ca3330c2,967e785d-d83c-490b-8d6a-2ed926c956ac,9ae13e2f-d507-4f9d-a5fd-bc63314d9abd,WK7J3NJWMTCK9UWQ,"",2025-08-10 05:37:34.419,2025-08-10 05:37:36.177,1
26599661,bf996092-8d66-408a-8d8e-5065ca3330c2,967e785d-d83c-490b-8d6a-2ed926c956ac,5bdb7040-6fcd-4690-90a5-02a22bb93508,WK7J3NJWMTCK9UWQ,"",2025-08-10 05:53:31.002,2025-08-10 05:53:32.775,1
26600281,bf996092-8d66-408a-8d8e-5065ca3330c2,f6ab14eb-1a66-4ea5-8a0f-0afbda444403,aa7bdb47-919a-4908-8546-09d4265a1fdc,4UJ23BUBLD77JPG2,"",2025-08-10 07:41:28.458,2025-08-10 07:41:30.252,1
26602466,bf996092-8d66-408a-8d8e-5065ca3330c2,f6ab14eb-1a66-4ea5-8a0f-0afbda444403,2f7f8d19-942c-4c10-821d-8b914868bb68,BFH2KAVSNP5G463F,"",2025-08-10 12:54:51.939,2025-08-10 12:54:53.656,1
26618417,bf996092-8d66-408a-8d8e-5065ca3330c2,f6ab14eb-1a66-4ea5-8a0f-0afbda444403,56a1b865-8bf2-4be4-8e2e-73a6721771c6,4UJ23BUBLD77JPG2,"",2025-08-11 09:48:41.845,2025-08-11 09:48:43.623,1
26618886,bf996092-8d66-408a-8d8e-5065ca3330c2,f6ab14eb-1a66-4ea5-8a0f-0afbda444403,3b336916-8e71-476e-b7ba-c97da33763d2,NXBJU9KZRN2LR6EX,WAGAD DPR 8 AUG 25,2025-08-11 10:02:47.721,2025-08-11 10:02:47.76,1
26618986,bf996092-8d66-408a-8d8e-5065ca3330c2,f6ab14eb-1a66-4ea5-8a0f-0afbda444403,e211e7dd-6ca5-4acd-ab45-9f408a839aeb,NXBJU9KZRN2LR6EX,AMITECH DPR 8 AUG 25,2025-08-11 10:06:05.429,2025-08-11 10:06:05.474,1
26619069,bf996092-8d66-408a-8d8e-5065ca3330c2,f6ab14eb-1a66-4ea5-8a0f-0afbda444403,298c0737-0aa2-4daa-9828-c4f5e8bbce22,NXBJU9KZRN2LR6EX,WAGAD DPR 9 AUG 2025,2025-08-11 10:07:31.763,2025-08-11 10:07:31.808,1
26619128,bf996092-8d66-408a-8d8e-5065ca3330c2,f6ab14eb-1a66-4ea5-8a0f-0afbda444403,aa7bdb47-919a-4908-8546-09d4265a1fdc,NXBJU9KZRN2LR6EX,AMITECH DPR 9 AUG 25,2025-08-11 10:09:41.355,2025-08-11 10:09:41.421,1
26619164,bf996092-8d66-408a-8d8e-5065ca3330c2,f6ab14eb-1a66-4ea5-8a0f-0afbda444403,2f7f8d19-942c-4c10-821d-8b914868bb68,NXBJU9KZRN2LR6EX,WAGAD DPR 10 AUG 25,2025-08-11 10:11:05.475,2025-08-11 10:11:05.516,1
26619213,bf996092-8d66-408a-8d8e-5065ca3330c2,f6ab14eb-1a66-4ea5-8a0f-0afbda444403,56a1b865-8bf2-4be4-8e2e-73a6721771c6,NXBJU9KZRN2LR6EX,AMITECH DPR 10 AUG 25,2025-08-11 10:12:32.543,2025-08-11 10:12:32.597,1
26622979,bf996092-8d66-408a-8d8e-5065ca3330c2,2f551e7d-05e6-4bfc-8ee1-0ef3a8487c11,c1ea6016-d692-40e1-a318-a1a889984aff,CFCJQ2QBQP3V,"",2025-08-11 11:51:37.124,2025-08-11 11:51:39.087,1
26623144,bf996092-8d66-408a-8d8e-5065ca3330c2,23142979-9fb6-4fd3-bd82-62d7e0add75f,c155ed79-7525-4610-bc40-1660fceffa81,S8W2PRCHQXETHD6D,ok,2025-08-11 11:54:44.832,2025-08-11 11:54:44.886,1
26623494,bf996092-8d66-408a-8d8e-5065ca3330c2,23142979-9fb6-4fd3-bd82-62d7e0add75f,50c6b15d-ea95-4284-909c-ff9b7b2303a0,Y892LF63N69HWYZS,"OK
",2025-08-11 12:02:30.72,2025-08-11 12:02:30.75,2
26623506,bf996092-8d66-408a-8d8e-5065ca3330c2,23142979-9fb6-4fd3-bd82-62d7e0add75f,c155ed79-7525-4610-bc40-1660fceffa81,Y892LF63N69HWYZS,OK,2025-08-11 12:02:58.582,2025-08-11 12:02:58.631,1
26623566,bf996092-8d66-408a-8d8e-5065ca3330c2,f679f4cf-c089-4a2b-9b84-b14129630601,8be167dd-199f-47be-82dd-690f5cfbeb43,YQH2SLPMM8Q48DDT,"",2025-08-11 12:04:32.635,2025-08-11 12:04:35.539,1
26623567,bf996092-8d66-408a-8d8e-5065ca3330c2,23142979-9fb6-4fd3-bd82-62d7e0add75f,f7e1325b-bbbd-4676-b9b3-06a19064c9cf,Y892LF63N69HWYZS,OK,2025-08-11 12:04:37.598,2025-08-11 12:04:37.646,1
26623653,bf996092-8d66-408a-8d8e-5065ca3330c2,23142979-9fb6-4fd3-bd82-62d7e0add75f,50c6b15d-ea95-4284-909c-ff9b7b2303a0,K9J2CG72MCZ79CYB,ok,2025-08-11 12:05:43.279,2025-08-11 12:05:43.313,2
26623661,bf996092-8d66-408a-8d8e-5065ca3330c2,f679f4cf-c089-4a2b-9b84-b14129630601,16ad402d-5876-40d5-ba52-f4418e196e1d,YQH2SLPMM8Q48DDT,"",2025-08-11 12:06:04.505,2025-08-11 12:06:07.17,1
26623702,bf996092-8d66-408a-8d8e-5065ca3330c2,f679f4cf-c089-4a2b-9b84-b14129630601,0c4892fc-3710-4e8b-a3cf-41925c69e985,YQH2SLPMM8Q48DDT,"",2025-08-11 12:07:17.899,2025-08-11 12:07:19.571,1
26625220,bf996092-8d66-408a-8d8e-5065ca3330c2,23142979-9fb6-4fd3-bd82-62d7e0add75f,c155ed79-7525-4610-bc40-1660fceffa81,XN3JZXALK55CEVKP,ok,2025-08-11 12:35:53.823,2025-08-11 12:35:53.86,1
26625229,bf996092-8d66-408a-8d8e-5065ca3330c2,23142979-9fb6-4fd3-bd82-62d7e0add75f,f7e1325b-bbbd-4676-b9b3-06a19064c9cf,XN3JZXALK55CEVKP,ok,2025-08-11 12:36:14.976,2025-08-11 12:36:15.028,1
26626054,bf996092-8d66-408a-8d8e-5065ca3330c2,2f551e7d-05e6-4bfc-8ee1-0ef3a8487c11,b3b2193e-63a0-4f54-a131-96f4c4704419,CFCJQ2QBQP3V,"",2025-08-11 12:53:05.257,2025-08-11 12:53:08.23,2
26648266,bf996092-8d66-408a-8d8e-5065ca3330c2,2f551e7d-05e6-4bfc-8ee1-0ef3a8487c11,b3b2193e-63a0-4f54-a131-96f4c4704419,QNTJJ3CVR726KX4Z,Ms. Mansi Pls Review At earliest ,2025-08-12 03:44:13.274,2025-08-12 03:44:13.32,2
26648766,bf996092-8d66-408a-8d8e-5065ca3330c2,f6ab14eb-1a66-4ea5-8a0f-0afbda444403,a879befe-49fa-4bf6-a1ea-1a578024c463,BFH2KAVSNP5G463F,"",2025-08-12 04:10:05.76,2025-08-12 04:10:07.525,1
26648922,bf996092-8d66-408a-8d8e-5065ca3330c2,2f551e7d-05e6-4bfc-8ee1-0ef3a8487c11,b3b2193e-63a0-4f54-a131-96f4c4704419,S8W2PRCHQXETHD6D,"",2025-08-12 04:25:08.449,2025-08-12 04:25:08.494,2
26649060,bf996092-8d66-408a-8d8e-5065ca3330c2,2f551e7d-05e6-4bfc-8ee1-0ef3a8487c11,b3b2193e-63a0-4f54-a131-96f4c4704419,K9J2CG72MCZ79CYB,good to go,2025-08-12 04:33:53.389,2025-08-12 04:33:53.44,2
26649124,bf996092-8d66-408a-8d8e-5065ca3330c2,f679f4cf-c089-4a2b-9b84-b14129630601,a838c6a9-d5a1-475f-bb6c-a2cabf2ee3a5,S762NMGBKUB423MM,"",2025-08-12 04:36:54.673,2025-08-12 04:36:54.718,3
26649675,bf996092-8d66-408a-8d8e-5065ca3330c2,f679f4cf-c089-4a2b-9b84-b14129630601,34fb431c-8a77-4286-9c69-56ff5135f125,YQH2SLPMM8Q48DDT,"",2025-08-12 05:01:49.12,2025-08-12 05:01:50.817,1
26651339,bf996092-8d66-408a-8d8e-5065ca3330c2,2f551e7d-05e6-4bfc-8ee1-0ef3a8487c11,b3b2193e-63a0-4f54-a131-96f4c4704419,HU9244LDK3XBZH6G,"",2025-08-12 06:14:17.604,2025-08-12 06:14:17.662,2
26664113,bf996092-8d66-408a-8d8e-5065ca3330c2,23142979-9fb6-4fd3-bd82-62d7e0add75f,8b62efdb-bd5f-4aa0-bc3f-a44d56ca05c1,QNTJJ3CVR726KX4Z,ok,2025-08-12 11:12:48.28,2025-08-12 11:12:48.323,1
26664161,bf996092-8d66-408a-8d8e-5065ca3330c2,23142979-9fb6-4fd3-bd82-62d7e0add75f,c155ed79-7525-4610-bc40-1660fceffa81,QNTJJ3CVR726KX4Z,ok,2025-08-12 11:13:30.689,2025-08-12 11:13:30.729,1
26664204,bf996092-8d66-408a-8d8e-5065ca3330c2,23142979-9fb6-4fd3-bd82-62d7e0add75f,c155ed79-7525-4610-bc40-1660fceffa81,QNTJJ3CVR726KX4Z,"",2025-08-12 11:14:40.675,2025-08-12 11:14:40.734,1
26664230,bf996092-8d66-408a-8d8e-5065ca3330c2,23142979-9fb6-4fd3-bd82-62d7e0add75f,50c6b15d-ea95-4284-909c-ff9b7b2303a0,QNTJJ3CVR726KX4Z,ok,2025-08-12 11:15:20.961,2025-08-12 11:15:20.99,2
26664252,bf996092-8d66-408a-8d8e-5065ca3330c2,23142979-9fb6-4fd3-bd82-62d7e0add75f,50c6b15d-ea95-4284-909c-ff9b7b2303a0,QNTJJ3CVR726KX4Z,"",2025-08-12 11:15:55.274,2025-08-12 11:15:55.31,2
26664982,bf996092-8d66-408a-8d8e-5065ca3330c2,2f551e7d-05e6-4bfc-8ee1-0ef3a8487c11,b3b2193e-63a0-4f54-a131-96f4c4704419,CMJ2N3U8MSMRM8ZA,All key reviewer has approved therefore proceeding to next step.......,2025-08-12 11:25:45.279,2025-08-12 11:25:45.281,2
26664983,bf996092-8d66-408a-8d8e-5065ca3330c2,2f551e7d-05e6-4bfc-8ee1-0ef3a8487c11,b3b2193e-63a0-4f54-a131-96f4c4704419,CMJ2N3U8MSMRM8ZA,All key reviewer has approved therefore proceeding to next step.......,2025-08-12 11:25:45.284,2025-08-12 11:25:45.286,2
26664984,bf996092-8d66-408a-8d8e-5065ca3330c2,2f551e7d-05e6-4bfc-8ee1-0ef3a8487c11,b3b2193e-63a0-4f54-a131-96f4c4704419,CMJ2N3U8MSMRM8ZA,All key reviewer has approved therefore proceeding to next step.......,2025-08-12 11:25:45.289,2025-08-12 11:25:45.291,2
26664985,bf996092-8d66-408a-8d8e-5065ca3330c2,2f551e7d-05e6-4bfc-8ee1-0ef3a8487c11,b3b2193e-63a0-4f54-a131-96f4c4704419,CMJ2N3U8MSMRM8ZA,All key reviewer has approved therefore proceeding to next step.......,2025-08-12 11:25:45.296,2025-08-12 11:25:45.298,2
26664986,bf996092-8d66-408a-8d8e-5065ca3330c2,2f551e7d-05e6-4bfc-8ee1-0ef3a8487c11,b3b2193e-63a0-4f54-a131-96f4c4704419,CMJ2N3U8MSMRM8ZA,All key reviewer has approved therefore proceeding to next step.......,2025-08-12 11:25:45.302,2025-08-12 11:25:45.304,2
26664987,bf996092-8d66-408a-8d8e-5065ca3330c2,2f551e7d-05e6-4bfc-8ee1-0ef3a8487c11,b3b2193e-63a0-4f54-a131-96f4c4704419,CMJ2N3U8MSMRM8ZA,All key reviewer has approved therefore proceeding to next step.......,2025-08-12 11:25:45.307,2025-08-12 11:25:45.309,2
26664988,bf996092-8d66-408a-8d8e-5065ca3330c2,2f551e7d-05e6-4bfc-8ee1-0ef3a8487c11,b3b2193e-63a0-4f54-a131-96f4c4704419,CMJ2N3U8MSMRM8ZA,All key reviewer has approved therefore proceeding to next step.......,2025-08-12 11:25:45.314,2025-08-12 11:25:45.316,2
26664989,bf996092-8d66-408a-8d8e-5065ca3330c2,2f551e7d-05e6-4bfc-8ee1-0ef3a8487c11,b3b2193e-63a0-4f54-a131-96f4c4704419,CMJ2N3U8MSMRM8ZA,All key reviewer has approved therefore proceeding to next step.......,2025-08-12 11:25:45.323,2025-08-12 11:25:45.327,2
26664990,bf996092-8d66-408a-8d8e-5065ca3330c2,2f551e7d-05e6-4bfc-8ee1-0ef3a8487c11,b3b2193e-63a0-4f54-a131-96f4c4704419,CMJ2N3U8MSMRM8ZA,All key reviewer has approved therefore proceeding to next step.......,2025-08-12 11:25:45.344,2025-08-12 11:25:45.354,2
26664991,bf996092-8d66-408a-8d8e-5065ca3330c2,2f551e7d-05e6-4bfc-8ee1-0ef3a8487c11,b3b2193e-63a0-4f54-a131-96f4c4704419,CMJ2N3U8MSMRM8ZA,All key reviewer has approved therefore proceeding to next step.......,2025-08-12 11:25:45.362,2025-08-12 11:25:45.365,2
26664992,bf996092-8d66-408a-8d8e-5065ca3330c2,2f551e7d-05e6-4bfc-8ee1-0ef3a8487c11,b3b2193e-63a0-4f54-a131-96f4c4704419,CMJ2N3U8MSMRM8ZA,All key reviewer has approved therefore proceeding to next step.......,2025-08-12 11:25:45.37,2025-08-12 11:25:45.373,2
26664993,bf996092-8d66-408a-8d8e-5065ca3330c2,2f551e7d-05e6-4bfc-8ee1-0ef3a8487c11,b3b2193e-63a0-4f54-a131-96f4c4704419,CMJ2N3U8MSMRM8ZA,All key reviewer has approved therefore proceeding to next step.......,2025-08-12 11:25:45.377,2025-08-12 11:25:45.381,2
26664994,bf996092-8d66-408a-8d8e-5065ca3330c2,2f551e7d-05e6-4bfc-8ee1-0ef3a8487c11,b3b2193e-63a0-4f54-a131-96f4c4704419,CMJ2N3U8MSMRM8ZA,All key reviewer has approved therefore proceeding to next step.......,2025-08-12 11:25:45.387,2025-08-12 11:25:45.388,2
26664995,bf996092-8d66-408a-8d8e-5065ca3330c2,2f551e7d-05e6-4bfc-8ee1-0ef3a8487c11,b3b2193e-63a0-4f54-a131-96f4c4704419,CMJ2N3U8MSMRM8ZA,All key reviewer has approved therefore proceeding to next step.......,2025-08-12 11:25:45.395,2025-08-12 11:25:45.398,2
26664996,bf996092-8d66-408a-8d8e-5065ca3330c2,2f551e7d-05e6-4bfc-8ee1-0ef3a8487c11,b3b2193e-63a0-4f54-a131-96f4c4704419,CMJ2N3U8MSMRM8ZA,All key reviewer has approved therefore proceeding to next step.......,2025-08-12 11:25:45.402,2025-08-12 11:25:45.405,2
26664997,bf996092-8d66-408a-8d8e-5065ca3330c2,2f551e7d-05e6-4bfc-8ee1-0ef3a8487c11,b3b2193e-63a0-4f54-a131-96f4c4704419,CMJ2N3U8MSMRM8ZA,All key reviewer has approved therefore proceeding to next step.......,2025-08-12 11:25:45.41,2025-08-12 11:25:45.412,2
26664998,bf996092-8d66-408a-8d8e-5065ca3330c2,2f551e7d-05e6-4bfc-8ee1-0ef3a8487c11,b3b2193e-63a0-4f54-a131-96f4c4704419,CMJ2N3U8MSMRM8ZA,All key reviewer has approved therefore proceeding to next step.......,2025-08-12 11:25:45.415,2025-08-12 11:25:45.416,2
26664999,bf996092-8d66-408a-8d8e-5065ca3330c2,2f551e7d-05e6-4bfc-8ee1-0ef3a8487c11,b3b2193e-63a0-4f54-a131-96f4c4704419,CMJ2N3U8MSMRM8ZA,All key reviewer has approved therefore proceeding to next step.......,2025-08-12 11:25:45.42,2025-08-12 11:25:45.421,2
26665000,bf996092-8d66-408a-8d8e-5065ca3330c2,2f551e7d-05e6-4bfc-8ee1-0ef3a8487c11,b3b2193e-63a0-4f54-a131-96f4c4704419,CMJ2N3U8MSMRM8ZA,All key reviewer has approved therefore proceeding to next step.......,2025-08-12 11:25:45.425,2025-08-12 11:25:45.426,2
26665001,bf996092-8d66-408a-8d8e-5065ca3330c2,2f551e7d-05e6-4bfc-8ee1-0ef3a8487c11,b3b2193e-63a0-4f54-a131-96f4c4704419,CMJ2N3U8MSMRM8ZA,All key reviewer has approved therefore proceeding to next step.......,2025-08-12 11:25:45.429,2025-08-12 11:25:45.431,2
26665989,bf996092-8d66-408a-8d8e-5065ca3330c2,23142979-9fb6-4fd3-bd82-62d7e0add75f,8b62efdb-bd5f-4aa0-bc3f-a44d56ca05c1,K9J2CG72MCZ79CYB,Major Xrefs for structure and grid missing. Please check and resend,2025-08-12 11:48:08.064,2025-08-12 11:48:08.066,1
26665990,bf996092-8d66-408a-8d8e-5065ca3330c2,23142979-9fb6-4fd3-bd82-62d7e0add75f,8b62efdb-bd5f-4aa0-bc3f-a44d56ca05c1,K9J2CG72MCZ79CYB,Major Xrefs for structure and grid missing. Please check and resend,2025-08-12 11:48:08.067,2025-08-12 11:48:08.068,1
26665991,bf996092-8d66-408a-8d8e-5065ca3330c2,23142979-9fb6-4fd3-bd82-62d7e0add75f,8b62efdb-bd5f-4aa0-bc3f-a44d56ca05c1,K9J2CG72MCZ79CYB,Major Xrefs for structure and grid missing. Please check and resend,2025-08-12 11:48:08.069,2025-08-12 11:48:08.07,1
26665992,bf996092-8d66-408a-8d8e-5065ca3330c2,23142979-9fb6-4fd3-bd82-62d7e0add75f,8b62efdb-bd5f-4aa0-bc3f-a44d56ca05c1,K9J2CG72MCZ79CYB,Major Xrefs for structure and grid missing. Please check and resend,2025-08-12 11:48:08.071,2025-08-12 11:48:08.072,1
26665993,bf996092-8d66-408a-8d8e-5065ca3330c2,23142979-9fb6-4fd3-bd82-62d7e0add75f,8b62efdb-bd5f-4aa0-bc3f-a44d56ca05c1,K9J2CG72MCZ79CYB,Major Xrefs for structure and grid missing. Please check and resend,2025-08-12 11:48:08.073,2025-08-12 11:48:08.074,1
26665994,bf996092-8d66-408a-8d8e-5065ca3330c2,23142979-9fb6-4fd3-bd82-62d7e0add75f,8b62efdb-bd5f-4aa0-bc3f-a44d56ca05c1,K9J2CG72MCZ79CYB,Major Xrefs for structure and grid missing. Please check and resend,2025-08-12 11:48:08.075,2025-08-12 11:48:08.076,1
26665995,bf996092-8d66-408a-8d8e-5065ca3330c2,23142979-9fb6-4fd3-bd82-62d7e0add75f,8b62efdb-bd5f-4aa0-bc3f-a44d56ca05c1,K9J2CG72MCZ79CYB,Major Xrefs for structure and grid missing. Please check and resend,2025-08-12 11:48:08.077,2025-08-12 11:48:08.078,1
26670029,bf996092-8d66-408a-8d8e-5065ca3330c2,967e785d-d83c-490b-8d6a-2ed926c956ac,a177304a-e112-4bb4-9c17-f4f8d5b26d2e,C6Z2RETEN3MN8XZF,"",2025-08-12 12:57:33.803,2025-08-12 12:57:33.84,1
26571060,bf996092-8d66-408a-8d8e-5065ca3330c2,2f551e7d-05e6-4bfc-8ee1-0ef3a8487c11,ef58bf51-5150-48d9-99df-40bc07614da9,CFCJQ2QBQP3V,,2025-08-08 11:14:18.639,2025-08-08 11:14:18.641,1
26571061,bf996092-8d66-408a-8d8e-5065ca3330c2,2f551e7d-05e6-4bfc-8ee1-0ef3a8487c11,ef58bf51-5150-48d9-99df-40bc07614da9,CFCJQ2QBQP3V,,2025-08-08 11:14:18.644,2025-08-08 11:14:18.645,1
26571062,bf996092-8d66-408a-8d8e-5065ca3330c2,2f551e7d-05e6-4bfc-8ee1-0ef3a8487c11,ef58bf51-5150-48d9-99df-40bc07614da9,CFCJQ2QBQP3V,,2025-08-08 11:14:18.649,2025-08-08 11:14:18.65,1
26571063,bf996092-8d66-408a-8d8e-5065ca3330c2,2f551e7d-05e6-4bfc-8ee1-0ef3a8487c11,ef58bf51-5150-48d9-99df-40bc07614da9,CFCJQ2QBQP3V,,2025-08-08 11:14:18.661,2025-08-08 11:14:18.665,1
26571064,bf996092-8d66-408a-8d8e-5065ca3330c2,2f551e7d-05e6-4bfc-8ee1-0ef3a8487c11,ef58bf51-5150-48d9-99df-40bc07614da9,CFCJQ2QBQP3V,,2025-08-08 11:14:18.669,2025-08-08 11:14:18.672,1
26571065,bf996092-8d66-408a-8d8e-5065ca3330c2,2f551e7d-05e6-4bfc-8ee1-0ef3a8487c11,ef58bf51-5150-48d9-99df-40bc07614da9,CFCJQ2QBQP3V,,2025-08-08 11:14:18.675,2025-08-08 11:14:18.677,1
26571066,bf996092-8d66-408a-8d8e-5065ca3330c2,2f551e7d-05e6-4bfc-8ee1-0ef3a8487c11,ef58bf51-5150-48d9-99df-40bc07614da9,CFCJQ2QBQP3V,,2025-08-08 11:14:18.682,2025-08-08 11:14:18.685,1
26571067,bf996092-8d66-408a-8d8e-5065ca3330c2,2f551e7d-05e6-4bfc-8ee1-0ef3a8487c11,ef58bf51-5150-48d9-99df-40bc07614da9,CFCJQ2QBQP3V,,2025-08-08 11:14:18.697,2025-08-08 11:14:18.699,1
26571068,bf996092-8d66-408a-8d8e-5065ca3330c2,2f551e7d-05e6-4bfc-8ee1-0ef3a8487c11,ef58bf51-5150-48d9-99df-40bc07614da9,CFCJQ2QBQP3V,,2025-08-08 11:14:18.711,2025-08-08 11:14:18.719,1
26571069,bf996092-8d66-408a-8d8e-5065ca3330c2,2f551e7d-05e6-4bfc-8ee1-0ef3a8487c11,ef58bf51-5150-48d9-99df-40bc07614da9,CFCJQ2QBQP3V,,2025-08-08 11:14:18.723,2025-08-08 11:14:18.725,1
26571070,bf996092-8d66-408a-8d8e-5065ca3330c2,2f551e7d-05e6-4bfc-8ee1-0ef3a8487c11,ef58bf51-5150-48d9-99df-40bc07614da9,CFCJQ2QBQP3V,,2025-08-08 11:14:18.728,2025-08-08 11:14:18.73,1
26571071,bf996092-8d66-408a-8d8e-5065ca3330c2,2f551e7d-05e6-4bfc-8ee1-0ef3a8487c11,ef58bf51-5150-48d9-99df-40bc07614da9,CFCJQ2QBQP3V,,2025-08-08 11:14:18.733,2025-08-08 11:14:18.734,1
26571072,bf996092-8d66-408a-8d8e-5065ca3330c2,2f551e7d-05e6-4bfc-8ee1-0ef3a8487c11,ef58bf51-5150-48d9-99df-40bc07614da9,CFCJQ2QBQP3V,,2025-08-08 11:14:18.737,2025-08-08 11:14:18.739,1
26571073,bf996092-8d66-408a-8d8e-5065ca3330c2,2f551e7d-05e6-4bfc-8ee1-0ef3a8487c11,ef58bf51-5150-48d9-99df-40bc07614da9,CFCJQ2QBQP3V,,2025-08-08 11:14:18.742,2025-08-08 11:14:18.743,1
26593695,bf996092-8d66-408a-8d8e-5065ca3330c2,f6ab14eb-1a66-4ea5-8a0f-0afbda444403,3b336916-8e71-476e-b7ba-c97da33763d2,BFH2KAVSNP5G463F,"",2025-08-09 05:23:11.559,2025-08-09 05:23:13.416,1
26610267,bf996092-8d66-408a-8d8e-5065ca3330c2,967e785d-d83c-490b-8d6a-2ed926c956ac,9ae13e2f-d507-4f9d-a5fd-bc63314d9abd,C6Z2RETEN3MN8XZF,"",2025-08-11 06:19:29.333,2025-08-11 06:19:29.377,1
26610694,bf996092-8d66-408a-8d8e-5065ca3330c2,967e785d-d83c-490b-8d6a-2ed926c956ac,5bdb7040-6fcd-4690-90a5-02a22bb93508,C6Z2RETEN3MN8XZF,"",2025-08-11 06:34:12.124,2025-08-11 06:34:12.163,1
26610992,bf996092-8d66-408a-8d8e-5065ca3330c2,2f551e7d-05e6-4bfc-8ee1-0ef3a8487c11,b3b2193e-63a0-4f54-a131-96f4c4704419,S8W2PRCHQXETHD6D,"",2025-08-11 06:40:58.418,2025-08-11 06:40:58.42,1
26610993,bf996092-8d66-408a-8d8e-5065ca3330c2,2f551e7d-05e6-4bfc-8ee1-0ef3a8487c11,b3b2193e-63a0-4f54-a131-96f4c4704419,S8W2PRCHQXETHD6D,"",2025-08-11 06:40:58.422,2025-08-11 06:40:58.423,1
26610994,bf996092-8d66-408a-8d8e-5065ca3330c2,2f551e7d-05e6-4bfc-8ee1-0ef3a8487c11,b3b2193e-63a0-4f54-a131-96f4c4704419,S8W2PRCHQXETHD6D,"",2025-08-11 06:40:58.424,2025-08-11 06:40:58.426,1
26610995,bf996092-8d66-408a-8d8e-5065ca3330c2,2f551e7d-05e6-4bfc-8ee1-0ef3a8487c11,b3b2193e-63a0-4f54-a131-96f4c4704419,S8W2PRCHQXETHD6D,"",2025-08-11 06:40:58.427,2025-08-11 06:40:58.428,1
26610996,bf996092-8d66-408a-8d8e-5065ca3330c2,2f551e7d-05e6-4bfc-8ee1-0ef3a8487c11,b3b2193e-63a0-4f54-a131-96f4c4704419,S8W2PRCHQXETHD6D,"",2025-08-11 06:40:58.429,2025-08-11 06:40:58.431,1
26610997,bf996092-8d66-408a-8d8e-5065ca3330c2,2f551e7d-05e6-4bfc-8ee1-0ef3a8487c11,b3b2193e-63a0-4f54-a131-96f4c4704419,S8W2PRCHQXETHD6D,"",2025-08-11 06:40:58.432,2025-08-11 06:40:58.433,1
26610998,bf996092-8d66-408a-8d8e-5065ca3330c2,2f551e7d-05e6-4bfc-8ee1-0ef3a8487c11,b3b2193e-63a0-4f54-a131-96f4c4704419,S8W2PRCHQXETHD6D,"",2025-08-11 06:40:58.435,2025-08-11 06:40:58.436,1
26610999,bf996092-8d66-408a-8d8e-5065ca3330c2,2f551e7d-05e6-4bfc-8ee1-0ef3a8487c11,b3b2193e-63a0-4f54-a131-96f4c4704419,S8W2PRCHQXETHD6D,"",2025-08-11 06:40:58.437,2025-08-11 06:40:58.438,1
26611000,bf996092-8d66-408a-8d8e-5065ca3330c2,2f551e7d-05e6-4bfc-8ee1-0ef3a8487c11,b3b2193e-63a0-4f54-a131-96f4c4704419,S8W2PRCHQXETHD6D,"",2025-08-11 06:40:58.439,2025-08-11 06:40:58.441,1
26611001,bf996092-8d66-408a-8d8e-5065ca3330c2,2f551e7d-05e6-4bfc-8ee1-0ef3a8487c11,b3b2193e-63a0-4f54-a131-96f4c4704419,S8W2PRCHQXETHD6D,"",2025-08-11 06:40:58.442,2025-08-11 06:40:58.443,1
26611002,bf996092-8d66-408a-8d8e-5065ca3330c2,2f551e7d-05e6-4bfc-8ee1-0ef3a8487c11,b3b2193e-63a0-4f54-a131-96f4c4704419,S8W2PRCHQXETHD6D,"",2025-08-11 06:40:58.445,2025-08-11 06:40:58.447,1
26611003,bf996092-8d66-408a-8d8e-5065ca3330c2,2f551e7d-05e6-4bfc-8ee1-0ef3a8487c11,b3b2193e-63a0-4f54-a131-96f4c4704419,S8W2PRCHQXETHD6D,"",2025-08-11 06:40:58.45,2025-08-11 06:40:58.452,1
26611004,bf996092-8d66-408a-8d8e-5065ca3330c2,2f551e7d-05e6-4bfc-8ee1-0ef3a8487c11,b3b2193e-63a0-4f54-a131-96f4c4704419,S8W2PRCHQXETHD6D,"",2025-08-11 06:40:58.455,2025-08-11 06:40:58.457,1
26611005,bf996092-8d66-408a-8d8e-5065ca3330c2,2f551e7d-05e6-4bfc-8ee1-0ef3a8487c11,b3b2193e-63a0-4f54-a131-96f4c4704419,S8W2PRCHQXETHD6D,"",2025-08-11 06:40:58.458,2025-08-11 06:40:58.46,1
26611006,bf996092-8d66-408a-8d8e-5065ca3330c2,2f551e7d-05e6-4bfc-8ee1-0ef3a8487c11,b3b2193e-63a0-4f54-a131-96f4c4704419,S8W2PRCHQXETHD6D,"",2025-08-11 06:40:58.462,2025-08-11 06:40:58.464,1
26611007,bf996092-8d66-408a-8d8e-5065ca3330c2,2f551e7d-05e6-4bfc-8ee1-0ef3a8487c11,b3b2193e-63a0-4f54-a131-96f4c4704419,S8W2PRCHQXETHD6D,"",2025-08-11 06:40:58.466,2025-08-11 06:40:58.467,1
26611008,bf996092-8d66-408a-8d8e-5065ca3330c2,2f551e7d-05e6-4bfc-8ee1-0ef3a8487c11,b3b2193e-63a0-4f54-a131-96f4c4704419,S8W2PRCHQXETHD6D,"",2025-08-11 06:40:58.469,2025-08-11 06:40:58.47,1
26611009,bf996092-8d66-408a-8d8e-5065ca3330c2,2f551e7d-05e6-4bfc-8ee1-0ef3a8487c11,b3b2193e-63a0-4f54-a131-96f4c4704419,S8W2PRCHQXETHD6D,"",2025-08-11 06:40:58.473,2025-08-11 06:40:58.474,1
26611010,bf996092-8d66-408a-8d8e-5065ca3330c2,2f551e7d-05e6-4bfc-8ee1-0ef3a8487c11,b3b2193e-63a0-4f54-a131-96f4c4704419,S8W2PRCHQXETHD6D,"",2025-08-11 06:40:58.477,2025-08-11 06:40:58.478,1
26611011,bf996092-8d66-408a-8d8e-5065ca3330c2,2f551e7d-05e6-4bfc-8ee1-0ef3a8487c11,b3b2193e-63a0-4f54-a131-96f4c4704419,S8W2PRCHQXETHD6D,"",2025-08-11 06:40:58.48,2025-08-11 06:40:58.481,1
26611012,bf996092-8d66-408a-8d8e-5065ca3330c2,2f551e7d-05e6-4bfc-8ee1-0ef3a8487c11,b3b2193e-63a0-4f54-a131-96f4c4704419,S8W2PRCHQXETHD6D,"",2025-08-11 06:40:58.482,2025-08-11 06:40:58.483,1
26611013,bf996092-8d66-408a-8d8e-5065ca3330c2,2f551e7d-05e6-4bfc-8ee1-0ef3a8487c11,b3b2193e-63a0-4f54-a131-96f4c4704419,S8W2PRCHQXETHD6D,"",2025-08-11 06:40:58.485,2025-08-11 06:40:58.497,1
26611014,bf996092-8d66-408a-8d8e-5065ca3330c2,2f551e7d-05e6-4bfc-8ee1-0ef3a8487c11,b3b2193e-63a0-4f54-a131-96f4c4704419,S8W2PRCHQXETHD6D,"",2025-08-11 06:40:58.5,2025-08-11 06:40:58.501,1
26611015,bf996092-8d66-408a-8d8e-5065ca3330c2,2f551e7d-05e6-4bfc-8ee1-0ef3a8487c11,b3b2193e-63a0-4f54-a131-96f4c4704419,S8W2PRCHQXETHD6D,"",2025-08-11 06:40:58.502,2025-08-11 06:40:58.503,1
26611869,bf996092-8d66-408a-8d8e-5065ca3330c2,f679f4cf-c089-4a2b-9b84-b14129630601,8792ba8b-e9c6-4289-a2d5-1da924d10fca,7U4JFSY4QDWLDBBX,Approved ,2025-08-11 07:00:15.544,2025-08-11 07:00:15.585,2
26614979,bf996092-8d66-408a-8d8e-5065ca3330c2,967e785d-d83c-490b-8d6a-2ed926c956ac,434bfaa7-ac24-4bd6-96ef-a65e17a879dd,WK7J3NJWMTCK9UWQ,"",2025-08-11 08:20:59.157,2025-08-11 08:21:02.026,1
26616579,bf996092-8d66-408a-8d8e-5065ca3330c2,967e785d-d83c-490b-8d6a-2ed926c956ac,434bfaa7-ac24-4bd6-96ef-a65e17a879dd,C6Z2RETEN3MN8XZF,"",2025-08-11 08:58:24.739,2025-08-11 08:58:24.771,1
26630881,bf996092-8d66-408a-8d8e-5065ca3330c2,f679f4cf-c089-4a2b-9b84-b14129630601,a838c6a9-d5a1-475f-bb6c-a2cabf2ee3a5,FM42EJFZPNC5F3HF,Ground floor framing plan for Sign & stamp,2025-08-11 14:23:02.147,2025-08-11 14:23:04.051,3
26633776,bf996092-8d66-408a-8d8e-5065ca3330c2,2f551e7d-05e6-4bfc-8ee1-0ef3a8487c11,b3b2193e-63a0-4f54-a131-96f4c4704419,UCDMKV6DRCXR,"",2025-08-11 15:33:09.956,2025-08-11 15:33:10.011,2
26652551,bf996092-8d66-408a-8d8e-5065ca3330c2,2f551e7d-05e6-4bfc-8ee1-0ef3a8487c11,b3b2193e-63a0-4f54-a131-96f4c4704419,XN3JZXALK55CEVKP,ok,2025-08-12 06:51:37.159,2025-08-12 06:51:37.226,2
26656393,bf996092-8d66-408a-8d8e-5065ca3330c2,f679f4cf-c089-4a2b-9b84-b14129630601,8be167dd-199f-47be-82dd-690f5cfbeb43,3NGJNZCXN8PBNTRV,"",2025-08-12 08:23:31.93,2025-08-12 08:23:31.956,1
26656434,bf996092-8d66-408a-8d8e-5065ca3330c2,f679f4cf-c089-4a2b-9b84-b14129630601,16ad402d-5876-40d5-ba52-f4418e196e1d,3NGJNZCXN8PBNTRV,"",2025-08-12 08:24:30.757,2025-08-12 08:24:30.806,1
26656473,bf996092-8d66-408a-8d8e-5065ca3330c2,f679f4cf-c089-4a2b-9b84-b14129630601,0c4892fc-3710-4e8b-a3cf-41925c69e985,3NGJNZCXN8PBNTRV,"",2025-08-12 08:25:14.221,2025-08-12 08:25:14.25,1
26656504,bf996092-8d66-408a-8d8e-5065ca3330c2,f679f4cf-c089-4a2b-9b84-b14129630601,34fb431c-8a77-4286-9c69-56ff5135f125,3NGJNZCXN8PBNTRV,"",2025-08-12 08:26:34.254,2025-08-12 08:26:34.302,1
26656792,bf996092-8d66-408a-8d8e-5065ca3330c2,f679f4cf-c089-4a2b-9b84-b14129630601,37256ea0-c9c7-4398-ada2-1fcf9ca88b55,NTHFQB8P8X3C,Approved,2025-08-12 08:34:38.342,2025-08-12 08:34:38.39,2
26656932,bf996092-8d66-408a-8d8e-5065ca3330c2,967e785d-d83c-490b-8d6a-2ed926c956ac,a177304a-e112-4bb4-9c17-f4f8d5b26d2e,WK7J3NJWMTCK9UWQ,"",2025-08-12 08:39:37.831,2025-08-12 08:39:39.556,1
26657544,bf996092-8d66-408a-8d8e-5065ca3330c2,f6ab14eb-1a66-4ea5-8a0f-0afbda444403,3bbaed6d-ebb2-4418-a055-5197465911df,4UJ23BUBLD77JPG2,"",2025-08-12 08:54:04.18,2025-08-12 08:54:05.945,1
26659162,bf996092-8d66-408a-8d8e-5065ca3330c2,f6ab14eb-1a66-4ea5-8a0f-0afbda444403,a879befe-49fa-4bf6-a1ea-1a578024c463,NXBJU9KZRN2LR6EX,WAGAD DPR 11 AUG 25,2025-08-12 09:31:39.633,2025-08-12 09:31:39.68,1
26659287,bf996092-8d66-408a-8d8e-5065ca3330c2,f6ab14eb-1a66-4ea5-8a0f-0afbda444403,3bbaed6d-ebb2-4418-a055-5197465911df,NXBJU9KZRN2LR6EX,AMITECH DPR 11 AUG 25,2025-08-12 09:34:25.881,2025-08-12 09:34:25.92,1
26660890,bf996092-8d66-408a-8d8e-5065ca3330c2,2f551e7d-05e6-4bfc-8ee1-0ef3a8487c11,c1ea6016-d692-40e1-a318-a1a889984aff,VM52VJACLXDVGKG6,"Certain columns have been found to have inadequate flexural reinforcement.

Shear reinforcement in some columns can be optimized.

As discussed in the meeting held on 04/04/2025, columns supporting the roof are to be checked for adequacy in the combined roof model.

For details refer excel shared om path: 

https://acc.autodesk.com/docs/files/projects/2f551e7d-05e6-4bfc-8ee1-0ef3a8487c11?folderUrn=urn%3Aadsk.wipprod%3Afs.folder%3Aco.iDUXnBk0Tf27oxS22E8lyw&entityId=urn%3Aadsk.wipprod%3Adm.lineage%3AJlUHKWI3Qou8MZhnpJNT6w&viewModel=detail&moduleId=folders",2025-08-12 10:04:42.512,2025-08-12 10:04:42.513,1
26660891,bf996092-8d66-408a-8d8e-5065ca3330c2,2f551e7d-05e6-4bfc-8ee1-0ef3a8487c11,c1ea6016-d692-40e1-a318-a1a889984aff,VM52VJACLXDVGKG6,"Certain columns have been found to have inadequate flexural reinforcement.

Shear reinforcement in some columns can be optimized.

As discussed in the meeting held on 04/04/2025, columns supporting the roof are to be checked for adequacy in the combined roof model.

For details refer excel shared om path: 

https://acc.autodesk.com/docs/files/projects/2f551e7d-05e6-4bfc-8ee1-0ef3a8487c11?folderUrn=urn%3Aadsk.wipprod%3Afs.folder%3Aco.iDUXnBk0Tf27oxS22E8lyw&entityId=urn%3Aadsk.wipprod%3Adm.lineage%3AJlUHKWI3Qou8MZhnpJNT6w&viewModel=detail&moduleId=folders",2025-08-12 10:04:42.515,2025-08-12 10:04:42.516,1
26660892,bf996092-8d66-408a-8d8e-5065ca3330c2,2f551e7d-05e6-4bfc-8ee1-0ef3a8487c11,c1ea6016-d692-40e1-a318-a1a889984aff,VM52VJACLXDVGKG6,"Certain columns have been found to have inadequate flexural reinforcement.

Shear reinforcement in some columns can be optimized.

As discussed in the meeting held on 04/04/2025, columns supporting the roof are to be checked for adequacy in the combined roof model.

For details refer excel shared om path: 

https://acc.autodesk.com/docs/files/projects/2f551e7d-05e6-4bfc-8ee1-0ef3a8487c11?folderUrn=urn%3Aadsk.wipprod%3Afs.folder%3Aco.iDUXnBk0Tf27oxS22E8lyw&entityId=urn%3Aadsk.wipprod%3Adm.lineage%3AJlUHKWI3Qou8MZhnpJNT6w&viewModel=detail&moduleId=folders",2025-08-12 10:04:42.517,2025-08-12 10:04:42.518,1
26660893,bf996092-8d66-408a-8d8e-5065ca3330c2,2f551e7d-05e6-4bfc-8ee1-0ef3a8487c11,c1ea6016-d692-40e1-a318-a1a889984aff,VM52VJACLXDVGKG6,"Certain columns have been found to have inadequate flexural reinforcement.

Shear reinforcement in some columns can be optimized.

As discussed in the meeting held on 04/04/2025, columns supporting the roof are to be checked for adequacy in the combined roof model.

For details refer excel shared om path: 

https://acc.autodesk.com/docs/files/projects/2f551e7d-05e6-4bfc-8ee1-0ef3a8487c11?folderUrn=urn%3Aadsk.wipprod%3Afs.folder%3Aco.iDUXnBk0Tf27oxS22E8lyw&entityId=urn%3Aadsk.wipprod%3Adm.lineage%3AJlUHKWI3Qou8MZhnpJNT6w&viewModel=detail&moduleId=folders",2025-08-12 10:04:42.52,2025-08-12 10:04:42.521,1
26660894,bf996092-8d66-408a-8d8e-5065ca3330c2,2f551e7d-05e6-4bfc-8ee1-0ef3a8487c11,c1ea6016-d692-40e1-a318-a1a889984aff,VM52VJACLXDVGKG6,"Certain columns have been found to have inadequate flexural reinforcement.

Shear reinforcement in some columns can be optimized.

As discussed in the meeting held on 04/04/2025, columns supporting the roof are to be checked for adequacy in the combined roof model.

For details refer excel shared om path: 

https://acc.autodesk.com/docs/files/projects/2f551e7d-05e6-4bfc-8ee1-0ef3a8487c11?folderUrn=urn%3Aadsk.wipprod%3Afs.folder%3Aco.iDUXnBk0Tf27oxS22E8lyw&entityId=urn%3Aadsk.wipprod%3Adm.lineage%3AJlUHKWI3Qou8MZhnpJNT6w&viewModel=detail&moduleId=folders",2025-08-12 10:04:42.522,2025-08-12 10:04:42.523,1
26660895,bf996092-8d66-408a-8d8e-5065ca3330c2,2f551e7d-05e6-4bfc-8ee1-0ef3a8487c11,c1ea6016-d692-40e1-a318-a1a889984aff,VM52VJACLXDVGKG6,"Certain columns have been found to have inadequate flexural reinforcement.

Shear reinforcement in some columns can be optimized.

As discussed in the meeting held on 04/04/2025, columns supporting the roof are to be checked for adequacy in the combined roof model.

For details refer excel shared om path: 

https://acc.autodesk.com/docs/files/projects/2f551e7d-05e6-4bfc-8ee1-0ef3a8487c11?folderUrn=urn%3Aadsk.wipprod%3Afs.folder%3Aco.iDUXnBk0Tf27oxS22E8lyw&entityId=urn%3Aadsk.wipprod%3Adm.lineage%3AJlUHKWI3Qou8MZhnpJNT6w&viewModel=detail&moduleId=folders",2025-08-12 10:04:42.524,2025-08-12 10:04:42.525,1
26660896,bf996092-8d66-408a-8d8e-5065ca3330c2,2f551e7d-05e6-4bfc-8ee1-0ef3a8487c11,c1ea6016-d692-40e1-a318-a1a889984aff,VM52VJACLXDVGKG6,"Certain columns have been found to have inadequate flexural reinforcement.

Shear reinforcement in some columns can be optimized.

As discussed in the meeting held on 04/04/2025, columns supporting the roof are to be checked for adequacy in the combined roof model.

For details refer excel shared om path: 

https://acc.autodesk.com/docs/files/projects/2f551e7d-05e6-4bfc-8ee1-0ef3a8487c11?folderUrn=urn%3Aadsk.wipprod%3Afs.folder%3Aco.iDUXnBk0Tf27oxS22E8lyw&entityId=urn%3Aadsk.wipprod%3Adm.lineage%3AJlUHKWI3Qou8MZhnpJNT6w&viewModel=detail&moduleId=folders",2025-08-12 10:04:42.526,2025-08-12 10:04:42.527,1
26660897,bf996092-8d66-408a-8d8e-5065ca3330c2,2f551e7d-05e6-4bfc-8ee1-0ef3a8487c11,c1ea6016-d692-40e1-a318-a1a889984aff,VM52VJACLXDVGKG6,"Certain columns have been found to have inadequate flexural reinforcement.

Shear reinforcement in some columns can be optimized.

As discussed in the meeting held on 04/04/2025, columns supporting the roof are to be checked for adequacy in the combined roof model.

For details refer excel shared om path: 

https://acc.autodesk.com/docs/files/projects/2f551e7d-05e6-4bfc-8ee1-0ef3a8487c11?folderUrn=urn%3Aadsk.wipprod%3Afs.folder%3Aco.iDUXnBk0Tf27oxS22E8lyw&entityId=urn%3Aadsk.wipprod%3Adm.lineage%3AJlUHKWI3Qou8MZhnpJNT6w&viewModel=detail&moduleId=folders",2025-08-12 10:04:42.528,2025-08-12 10:04:42.531,1
26660898,bf996092-8d66-408a-8d8e-5065ca3330c2,2f551e7d-05e6-4bfc-8ee1-0ef3a8487c11,c1ea6016-d692-40e1-a318-a1a889984aff,VM52VJACLXDVGKG6,"Certain columns have been found to have inadequate flexural reinforcement.

Shear reinforcement in some columns can be optimized.

As discussed in the meeting held on 04/04/2025, columns supporting the roof are to be checked for adequacy in the combined roof model.

For details refer excel shared om path: 

https://acc.autodesk.com/docs/files/projects/2f551e7d-05e6-4bfc-8ee1-0ef3a8487c11?folderUrn=urn%3Aadsk.wipprod%3Afs.folder%3Aco.iDUXnBk0Tf27oxS22E8lyw&entityId=urn%3Aadsk.wipprod%3Adm.lineage%3AJlUHKWI3Qou8MZhnpJNT6w&viewModel=detail&moduleId=folders",2025-08-12 10:04:42.532,2025-08-12 10:04:42.533,1
26660899,bf996092-8d66-408a-8d8e-5065ca3330c2,2f551e7d-05e6-4bfc-8ee1-0ef3a8487c11,c1ea6016-d692-40e1-a318-a1a889984aff,VM52VJACLXDVGKG6,"Certain columns have been found to have inadequate flexural reinforcement.

Shear reinforcement in some columns can be optimized.

As discussed in the meeting held on 04/04/2025, columns supporting the roof are to be checked for adequacy in the combined roof model.

For details refer excel shared om path: 

https://acc.autodesk.com/docs/files/projects/2f551e7d-05e6-4bfc-8ee1-0ef3a8487c11?folderUrn=urn%3Aadsk.wipprod%3Afs.folder%3Aco.iDUXnBk0Tf27oxS22E8lyw&entityId=urn%3Aadsk.wipprod%3Adm.lineage%3AJlUHKWI3Qou8MZhnpJNT6w&viewModel=detail&moduleId=folders",2025-08-12 10:04:42.535,2025-08-12 10:04:42.536,1
26660900,bf996092-8d66-408a-8d8e-5065ca3330c2,2f551e7d-05e6-4bfc-8ee1-0ef3a8487c11,c1ea6016-d692-40e1-a318-a1a889984aff,VM52VJACLXDVGKG6,"Certain columns have been found to have inadequate flexural reinforcement.

Shear reinforcement in some columns can be optimized.

As discussed in the meeting held on 04/04/2025, columns supporting the roof are to be checked for adequacy in the combined roof model.

For details refer excel shared om path: 

https://acc.autodesk.com/docs/files/projects/2f551e7d-05e6-4bfc-8ee1-0ef3a8487c11?folderUrn=urn%3Aadsk.wipprod%3Afs.folder%3Aco.iDUXnBk0Tf27oxS22E8lyw&entityId=urn%3Aadsk.wipprod%3Adm.lineage%3AJlUHKWI3Qou8MZhnpJNT6w&viewModel=detail&moduleId=folders",2025-08-12 10:04:42.537,2025-08-12 10:04:42.538,1
26661172,bf996092-8d66-408a-8d8e-5065ca3330c2,23142979-9fb6-4fd3-bd82-62d7e0add75f,8b62efdb-bd5f-4aa0-bc3f-a44d56ca05c1,JESJ7TGSQHWR942J,"",2025-08-12 10:06:49.137,2025-08-12 10:06:52.108,1
26661215,bf996092-8d66-408a-8d8e-5065ca3330c2,f679f4cf-c089-4a2b-9b84-b14129630601,a838c6a9-d5a1-475f-bb6c-a2cabf2ee3a5,NTHFQB8P8X3C,Approved,2025-08-12 10:07:23.368,2025-08-12 10:07:23.407,3
26663228,bf996092-8d66-408a-8d8e-5065ca3330c2,23142979-9fb6-4fd3-bd82-62d7e0add75f,f7e1325b-bbbd-4676-b9b3-06a19064c9cf,K9J2CG72MCZ79CYB,"1. Mention FFL
2. Tunnel Locations to be updated or marked ""on Hold""
3. Mark Zones",2025-08-12 10:52:39.68,2025-08-12 10:52:39.684,1
26663229,bf996092-8d66-408a-8d8e-5065ca3330c2,23142979-9fb6-4fd3-bd82-62d7e0add75f,f7e1325b-bbbd-4676-b9b3-06a19064c9cf,K9J2CG72MCZ79CYB,"1. Mention FFL
2. Tunnel Locations to be updated or marked ""on Hold""
3. Mark Zones",2025-08-12 10:52:39.698,2025-08-12 10:52:39.719,1
26663230,bf996092-8d66-408a-8d8e-5065ca3330c2,23142979-9fb6-4fd3-bd82-62d7e0add75f,f7e1325b-bbbd-4676-b9b3-06a19064c9cf,K9J2CG72MCZ79CYB,"1. Mention FFL
2. Tunnel Locations to be updated or marked ""on Hold""
3. Mark Zones",2025-08-12 10:52:39.723,2025-08-12 10:52:39.726,1
26663231,bf996092-8d66-408a-8d8e-5065ca3330c2,23142979-9fb6-4fd3-bd82-62d7e0add75f,f7e1325b-bbbd-4676-b9b3-06a19064c9cf,K9J2CG72MCZ79CYB,"1. Mention FFL
2. Tunnel Locations to be updated or marked ""on Hold""
3. Mark Zones",2025-08-12 10:52:39.728,2025-08-12 10:52:39.73,1
26663232,bf996092-8d66-408a-8d8e-5065ca3330c2,23142979-9fb6-4fd3-bd82-62d7e0add75f,f7e1325b-bbbd-4676-b9b3-06a19064c9cf,K9J2CG72MCZ79CYB,"1. Mention FFL
2. Tunnel Locations to be updated or marked ""on Hold""
3. Mark Zones",2025-08-12 10:52:39.733,2025-08-12 10:52:39.734,1
26663233,bf996092-8d66-408a-8d8e-5065ca3330c2,23142979-9fb6-4fd3-bd82-62d7e0add75f,f7e1325b-bbbd-4676-b9b3-06a19064c9cf,K9J2CG72MCZ79CYB,"1. Mention FFL
2. Tunnel Locations to be updated or marked ""on Hold""
3. Mark Zones",2025-08-12 10:52:39.735,2025-08-12 10:52:39.736,1
26663234,bf996092-8d66-408a-8d8e-5065ca3330c2,23142979-9fb6-4fd3-bd82-62d7e0add75f,f7e1325b-bbbd-4676-b9b3-06a19064c9cf,K9J2CG72MCZ79CYB,"1. Mention FFL
2. Tunnel Locations to be updated or marked ""on Hold""
3. Mark Zones",2025-08-12 10:52:39.738,2025-08-12 10:52:39.739,1
26672361,bf996092-8d66-408a-8d8e-5065ca3330c2,23142979-9fb6-4fd3-bd82-62d7e0add75f,8b62efdb-bd5f-4aa0-bc3f-a44d56ca05c1,JESJ7TGSQHWR942J,"",2025-08-12 13:36:39.928,2025-08-12 13:36:41.741,2
26692138,bf996092-8d66-408a-8d8e-5065ca3330c2,f6ab14eb-1a66-4ea5-8a0f-0afbda444403,3fe53577-0384-44c7-ae3f-78c2f38f1a81,4UJ23BUBLD77JPG2,"",2025-08-13 03:34:01.798,2025-08-13 03:34:03.563,1
26693753,bf996092-8d66-408a-8d8e-5065ca3330c2,f679f4cf-c089-4a2b-9b84-b14129630601,71704312-402a-4714-b2e1-7a2af4c0d04b,YQH2SLPMM8Q48DDT,"",2025-08-13 04:49:45.481,2025-08-13 04:49:47.383,1
26694225,bf996092-8d66-408a-8d8e-5065ca3330c2,f679f4cf-c089-4a2b-9b84-b14129630601,71704312-402a-4714-b2e1-7a2af4c0d04b,3NGJNZCXN8PBNTRV,"",2025-08-13 05:07:41.739,2025-08-13 05:07:41.781,1
26695650,bf996092-8d66-408a-8d8e-5065ca3330c2,23142979-9fb6-4fd3-bd82-62d7e0add75f,8b62efdb-bd5f-4aa0-bc3f-a44d56ca05c1,S8W2PRCHQXETHD6D,"ok
",2025-08-13 06:10:33.205,2025-08-13 06:10:33.239,2
26711845,bf996092-8d66-408a-8d8e-5065ca3330c2,2f551e7d-05e6-4bfc-8ee1-0ef3a8487c11,b3b2193e-63a0-4f54-a131-96f4c4704419,CB529JQ2QBCAWGUE,"Reviewed – Basement sump location layout/ sections, drain channel / subsurface drain routing is required separately.",2025-08-13 13:01:18.703,2025-08-13 13:01:18.746,2
26711885,bf996092-8d66-408a-8d8e-5065ca3330c2,f6ab14eb-1a66-4ea5-8a0f-0afbda444403,3fe53577-0384-44c7-ae3f-78c2f38f1a81,NXBJU9KZRN2LR6EX,AMITECH DPR 12 AUG 25,2025-08-13 13:01:52.178,2025-08-13 13:01:52.22,1
26711930,bf996092-8d66-408a-8d8e-5065ca3330c2,f6ab14eb-1a66-4ea5-8a0f-0afbda444403,56fd699a-e257-43dd-b208-dbbf8af20ebb,NXBJU9KZRN2LR6EX,"",2025-08-13 13:03:42.759,2025-08-13 13:03:42.76,1
26712053,bf996092-8d66-408a-8d8e-5065ca3330c2,f6ab14eb-1a66-4ea5-8a0f-0afbda444403,18c2bc6e-98db-4347-9738-5d30bab6429d,NXBJU9KZRN2LR6EX,WAGAD DPR 12 AUG 25,2025-08-13 13:07:04.088,2025-08-13 13:07:04.119,1
26715701,bf996092-8d66-408a-8d8e-5065ca3330c2,f679f4cf-c089-4a2b-9b84-b14129630601,37256ea0-c9c7-4398-ada2-1fcf9ca88b55,DX6J5SASN4NA66QN,"",2025-08-13 14:23:57.096,2025-08-13 14:23:57.142,2
26715731,bf996092-8d66-408a-8d8e-5065ca3330c2,f679f4cf-c089-4a2b-9b84-b14129630601,a838c6a9-d5a1-475f-bb6c-a2cabf2ee3a5,DX6J5SASN4NA66QN,"",2025-08-13 14:24:56.79,2025-08-13 14:24:56.837,3
26735252,bf996092-8d66-408a-8d8e-5065ca3330c2,967e785d-d83c-490b-8d6a-2ed926c956ac,2289a706-f2f2-4703-9f01-6c53bbf7a270,C6Z2RETEN3MN8XZF,"",2025-08-14 04:41:31.499,2025-08-14 04:41:31.532,1
26735455,bf996092-8d66-408a-8d8e-5065ca3330c2,f679f4cf-c089-4a2b-9b84-b14129630601,4664135d-ef0f-4f29-b961-1e3c718f5217,YQH2SLPMM8Q48DDT,"",2025-08-14 04:53:25.531,2025-08-14 04:53:27.349,1
26735768,bf996092-8d66-408a-8d8e-5065ca3330c2,f679f4cf-c089-4a2b-9b84-b14129630601,4664135d-ef0f-4f29-b961-1e3c718f5217,3NGJNZCXN8PBNTRV,"",2025-08-14 05:11:27.237,2025-08-14 05:11:27.238,1
26736211,bf996092-8d66-408a-8d8e-5065ca3330c2,f679f4cf-c089-4a2b-9b84-b14129630601,4664135d-ef0f-4f29-b961-1e3c718f5217,YQH2SLPMM8Q48DDT,"",2025-08-14 05:35:37.757,2025-08-14 05:35:40.457,2
26736545,bf996092-8d66-408a-8d8e-5065ca3330c2,f6ab14eb-1a66-4ea5-8a0f-0afbda444403,0fc3aa9e-11cd-470f-9e26-c9eef6b3c963,4UJ23BUBLD77JPG2,"",2025-08-14 05:47:58.034,2025-08-14 05:47:59.854,1
26736592,bf996092-8d66-408a-8d8e-5065ca3330c2,f679f4cf-c089-4a2b-9b84-b14129630601,4664135d-ef0f-4f29-b961-1e3c718f5217,3NGJNZCXN8PBNTRV,"",2025-08-14 05:49:25.518,2025-08-14 05:49:25.562,2
26737460,bf996092-8d66-408a-8d8e-5065ca3330c2,f6ab14eb-1a66-4ea5-8a0f-0afbda444403,d126d017-0dc8-40ae-813e-b169be43516b,BFH2KAVSNP5G463F,"",2025-08-14 06:24:36.252,2025-08-14 06:24:38.004,1
26737462,bf996092-8d66-408a-8d8e-5065ca3330c2,2f551e7d-05e6-4bfc-8ee1-0ef3a8487c11,c1ea6016-d692-40e1-a318-a1a889984aff,CFCJQ2QBQP3V,"",2025-08-14 06:24:42.931,2025-08-14 06:24:45.072,2
26738276,bf996092-8d66-408a-8d8e-5065ca3330c2,2f551e7d-05e6-4bfc-8ee1-0ef3a8487c11,aba84792-2f08-41ed-b924-fd77c709b24b,CFCJQ2QBQP3V,,2025-08-14 06:46:46.747,2025-08-14 06:46:46.749,1
26738277,bf996092-8d66-408a-8d8e-5065ca3330c2,2f551e7d-05e6-4bfc-8ee1-0ef3a8487c11,aba84792-2f08-41ed-b924-fd77c709b24b,CFCJQ2QBQP3V,,2025-08-14 06:46:46.754,2025-08-14 06:46:46.755,1
26738278,bf996092-8d66-408a-8d8e-5065ca3330c2,2f551e7d-05e6-4bfc-8ee1-0ef3a8487c11,aba84792-2f08-41ed-b924-fd77c709b24b,CFCJQ2QBQP3V,,2025-08-14 06:46:46.76,2025-08-14 06:46:46.761,1
26738279,bf996092-8d66-408a-8d8e-5065ca3330c2,2f551e7d-05e6-4bfc-8ee1-0ef3a8487c11,aba84792-2f08-41ed-b924-fd77c709b24b,CFCJQ2QBQP3V,,2025-08-14 06:46:46.764,2025-08-14 06:46:46.766,1
26738280,bf996092-8d66-408a-8d8e-5065ca3330c2,2f551e7d-05e6-4bfc-8ee1-0ef3a8487c11,aba84792-2f08-41ed-b924-fd77c709b24b,CFCJQ2QBQP3V,,2025-08-14 06:46:46.769,2025-08-14 06:46:46.77,1
26738281,bf996092-8d66-408a-8d8e-5065ca3330c2,2f551e7d-05e6-4bfc-8ee1-0ef3a8487c11,aba84792-2f08-41ed-b924-fd77c709b24b,CFCJQ2QBQP3V,,2025-08-14 06:46:46.774,2025-08-14 06:46:46.776,1
26738282,bf996092-8d66-408a-8d8e-5065ca3330c2,2f551e7d-05e6-4bfc-8ee1-0ef3a8487c11,aba84792-2f08-41ed-b924-fd77c709b24b,CFCJQ2QBQP3V,,2025-08-14 06:46:46.781,2025-08-14 06:46:46.782,1
26738283,bf996092-8d66-408a-8d8e-5065ca3330c2,2f551e7d-05e6-4bfc-8ee1-0ef3a8487c11,aba84792-2f08-41ed-b924-fd77c709b24b,CFCJQ2QBQP3V,,2025-08-14 06:46:46.785,2025-08-14 06:46:46.787,1
26738284,bf996092-8d66-408a-8d8e-5065ca3330c2,2f551e7d-05e6-4bfc-8ee1-0ef3a8487c11,aba84792-2f08-41ed-b924-fd77c709b24b,CFCJQ2QBQP3V,,2025-08-14 06:46:46.791,2025-08-14 06:46:46.793,1
26738285,bf996092-8d66-408a-8d8e-5065ca3330c2,2f551e7d-05e6-4bfc-8ee1-0ef3a8487c11,aba84792-2f08-41ed-b924-fd77c709b24b,CFCJQ2QBQP3V,,2025-08-14 06:46:46.796,2025-08-14 06:46:46.797,1
26738286,bf996092-8d66-408a-8d8e-5065ca3330c2,2f551e7d-05e6-4bfc-8ee1-0ef3a8487c11,aba84792-2f08-41ed-b924-fd77c709b24b,CFCJQ2QBQP3V,,2025-08-14 06:46:46.8,2025-08-14 06:46:46.801,1
26738936,bf996092-8d66-408a-8d8e-5065ca3330c2,f679f4cf-c089-4a2b-9b84-b14129630601,81340699-5726-4111-8648-bcb7e9d6e2f2,NTHFQB8P8X3C,"",2025-08-14 07:02:49.563,2025-08-14 07:02:51.339,1
26738968,bf996092-8d66-408a-8d8e-5065ca3330c2,f679f4cf-c089-4a2b-9b84-b14129630601,2a7595b7-7d8a-46d2-bab1-1daa7ddc0130,NTHFQB8P8X3C,"",2025-08-14 07:04:01.828,2025-08-14 07:04:03.683,1
26738972,bf996092-8d66-408a-8d8e-5065ca3330c2,2f551e7d-05e6-4bfc-8ee1-0ef3a8487c11,b3b2193e-63a0-4f54-a131-96f4c4704419,U832444WRVS9UXQV,Approved.,2025-08-14 07:04:16.105,2025-08-14 07:04:16.132,2
26739343,bf996092-8d66-408a-8d8e-5065ca3330c2,f679f4cf-c089-4a2b-9b84-b14129630601,81340699-5726-4111-8648-bcb7e9d6e2f2,NTHFQB8P8X3C,By mistake its get double ,2025-08-14 07:13:52.904,2025-08-14 07:13:52.917,1
26739344,bf996092-8d66-408a-8d8e-5065ca3330c2,f679f4cf-c089-4a2b-9b84-b14129630601,81340699-5726-4111-8648-bcb7e9d6e2f2,NTHFQB8P8X3C,By mistake its get double ,2025-08-14 07:13:52.938,2025-08-14 07:13:52.954,1
26739345,bf996092-8d66-408a-8d8e-5065ca3330c2,f679f4cf-c089-4a2b-9b84-b14129630601,81340699-5726-4111-8648-bcb7e9d6e2f2,NTHFQB8P8X3C,By mistake its get double ,2025-08-14 07:13:52.967,2025-08-14 07:13:52.975,1
26739346,bf996092-8d66-408a-8d8e-5065ca3330c2,f679f4cf-c089-4a2b-9b84-b14129630601,81340699-5726-4111-8648-bcb7e9d6e2f2,NTHFQB8P8X3C,By mistake its get double ,2025-08-14 07:13:52.984,2025-08-14 07:13:52.99,1
26739347,bf996092-8d66-408a-8d8e-5065ca3330c2,f679f4cf-c089-4a2b-9b84-b14129630601,81340699-5726-4111-8648-bcb7e9d6e2f2,NTHFQB8P8X3C,By mistake its get double ,2025-08-14 07:13:52.995,2025-08-14 07:13:52.998,1
26739348,bf996092-8d66-408a-8d8e-5065ca3330c2,f679f4cf-c089-4a2b-9b84-b14129630601,81340699-5726-4111-8648-bcb7e9d6e2f2,NTHFQB8P8X3C,By mistake its get double ,2025-08-14 07:13:53.015,2025-08-14 07:13:53.018,1
26739349,bf996092-8d66-408a-8d8e-5065ca3330c2,f679f4cf-c089-4a2b-9b84-b14129630601,81340699-5726-4111-8648-bcb7e9d6e2f2,NTHFQB8P8X3C,By mistake its get double ,2025-08-14 07:13:53.022,2025-08-14 07:13:53.023,1
26744530,bf996092-8d66-408a-8d8e-5065ca3330c2,2f551e7d-05e6-4bfc-8ee1-0ef3a8487c11,c1ea6016-d692-40e1-a318-a1a889984aff,VM52VJACLXDVGKG6,"All comments mentioned in the Excel log, except comment #18, have been incorporated in the latest drawings. Comment #18 will be addressed by PICE once the combined roof model is prepared.",2025-08-14 09:23:04.312,2025-08-14 09:23:04.373,2
26817302,bf996092-8d66-408a-8d8e-5065ca3330c2,f6ab14eb-1a66-4ea5-8a0f-0afbda444403,0530484f-7e68-443c-9e7e-8b742a9bbb5f,NXBJU9KZRN2LR6EX,WAGAD DPR 15 AUG 25,2025-08-18 04:45:42.741,2025-08-18 04:45:42.791,1
26817324,bf996092-8d66-408a-8d8e-5065ca3330c2,f6ab14eb-1a66-4ea5-8a0f-0afbda444403,6583cfaf-a556-474b-a03c-9e8987a888ea,NXBJU9KZRN2LR6EX,AMITECH DPR 14 AUG 25,2025-08-18 04:47:01.802,2025-08-18 04:47:01.858,1
26817344,bf996092-8d66-408a-8d8e-5065ca3330c2,f6ab14eb-1a66-4ea5-8a0f-0afbda444403,474b3f67-4733-46d4-b3ba-c04ea4d76d40,NXBJU9KZRN2LR6EX,AMITECH DPR 15 AUG 25,2025-08-18 04:48:12.243,2025-08-18 04:48:12.28,1
26817442,bf996092-8d66-408a-8d8e-5065ca3330c2,f679f4cf-c089-4a2b-9b84-b14129630601,37256ea0-c9c7-4398-ada2-1fcf9ca88b55,S762NMGBKUB423MM,Approved,2025-08-18 04:54:25.389,2025-08-18 04:54:25.433,2
26817791,bf996092-8d66-408a-8d8e-5065ca3330c2,f6ab14eb-1a66-4ea5-8a0f-0afbda444403,6824ca80-f748-4061-a846-74137b3b8e55,S762NMGBKUB423MM,Okay,2025-08-18 05:07:55.842,2025-08-18 05:07:55.878,1
26817839,bf996092-8d66-408a-8d8e-5065ca3330c2,f6ab14eb-1a66-4ea5-8a0f-0afbda444403,7c8a02d8-986c-4b6c-8a0f-507b7762e48d,4UJ23BUBLD77JPG2,"",2025-08-18 05:10:42.497,2025-08-18 05:10:44.357,1
26818409,bf996092-8d66-408a-8d8e-5065ca3330c2,f6ab14eb-1a66-4ea5-8a0f-0afbda444403,d22c607a-618a-4077-bdfd-306858140877,4UJ23BUBLD77JPG2,"",2025-08-18 05:25:16.826,2025-08-18 05:25:18.572,1
26821841,bf996092-8d66-408a-8d8e-5065ca3330c2,f679f4cf-c089-4a2b-9b84-b14129630601,e7934418-35ad-4d13-b79f-b140c8a41ce2,YQH2SLPMM8Q48DDT,"",2025-08-18 07:18:42.856,2025-08-18 07:18:44.613,1
26821855,bf996092-8d66-408a-8d8e-5065ca3330c2,f679f4cf-c089-4a2b-9b84-b14129630601,b78a2ccd-25d6-470e-b82a-5b5a4302f169,YQH2SLPMM8Q48DDT,"",2025-08-18 07:19:34.99,2025-08-18 07:19:36.733,1
26821886,bf996092-8d66-408a-8d8e-5065ca3330c2,f679f4cf-c089-4a2b-9b84-b14129630601,cb126ac4-7bb1-4f1e-9e0d-137a6ea8750f,YQH2SLPMM8Q48DDT,"",2025-08-18 07:20:46.963,2025-08-18 07:20:49.644,1
26821990,bf996092-8d66-408a-8d8e-5065ca3330c2,f679f4cf-c089-4a2b-9b84-b14129630601,4a026c09-bd88-43a7-bbed-6d898ecd7362,YQH2SLPMM8Q48DDT,"",2025-08-18 07:25:20.331,2025-08-18 07:25:22.052,1
26822071,bf996092-8d66-408a-8d8e-5065ca3330c2,967e785d-d83c-490b-8d6a-2ed926c956ac,1dfe5f95-67e5-47b0-b61c-000f951b78fe,C6Z2RETEN3MN8XZF,Change PCC qty.,2025-08-18 07:28:02.697,2025-08-18 07:28:02.741,1
26822094,bf996092-8d66-408a-8d8e-5065ca3330c2,967e785d-d83c-490b-8d6a-2ed926c956ac,d9e27066-e071-42de-9a5c-1aa9df32adb7,C6Z2RETEN3MN8XZF,"",2025-08-18 07:28:45.032,2025-08-18 07:28:45.034,1
26822107,bf996092-8d66-408a-8d8e-5065ca3330c2,967e785d-d83c-490b-8d6a-2ed926c956ac,badcabbc-9c95-4135-baa8-bcd96b51200c,C6Z2RETEN3MN8XZF,"",2025-08-18 07:29:22.875,2025-08-18 07:29:22.878,1
26822126,bf996092-8d66-408a-8d8e-5065ca3330c2,967e785d-d83c-490b-8d6a-2ed926c956ac,d9437eba-f87a-4034-8768-f08f55333ebc,C6Z2RETEN3MN8XZF,"",2025-08-18 07:29:47.058,2025-08-18 07:29:47.063,1
26822261,bf996092-8d66-408a-8d8e-5065ca3330c2,967e785d-d83c-490b-8d6a-2ed926c956ac,db06c00c-0d4c-4a16-a542-6d89689d073b,C6Z2RETEN3MN8XZF,"",2025-08-18 07:34:47.847,2025-08-18 07:34:47.849,1
26824507,bf996092-8d66-408a-8d8e-5065ca3330c2,f679f4cf-c089-4a2b-9b84-b14129630601,e7934418-35ad-4d13-b79f-b140c8a41ce2,3NGJNZCXN8PBNTRV,"",2025-08-18 08:27:54.711,2025-08-18 08:27:54.76,1
26824627,bf996092-8d66-408a-8d8e-5065ca3330c2,f679f4cf-c089-4a2b-9b84-b14129630601,b78a2ccd-25d6-470e-b82a-5b5a4302f169,3NGJNZCXN8PBNTRV,"",2025-08-18 08:31:37.239,2025-08-18 08:31:37.284,1
26824730,bf996092-8d66-408a-8d8e-5065ca3330c2,f679f4cf-c089-4a2b-9b84-b14129630601,cb126ac4-7bb1-4f1e-9e0d-137a6ea8750f,3NGJNZCXN8PBNTRV,"",2025-08-18 08:34:35.826,2025-08-18 08:34:35.863,1
26824794,bf996092-8d66-408a-8d8e-5065ca3330c2,f679f4cf-c089-4a2b-9b84-b14129630601,4a026c09-bd88-43a7-bbed-6d898ecd7362,3NGJNZCXN8PBNTRV,"",2025-08-18 08:35:23.024,2025-08-18 08:35:23.065,1
26826307,bf996092-8d66-408a-8d8e-5065ca3330c2,2f551e7d-05e6-4bfc-8ee1-0ef3a8487c11,b3b2193e-63a0-4f54-a131-96f4c4704419,D5ZKMDH5JP7L,OK Approved,2025-08-18 09:10:20.54,2025-08-18 09:10:20.57,2
26839587,bf996092-8d66-408a-8d8e-5065ca3330c2,f6ab14eb-1a66-4ea5-8a0f-0afbda444403,82c03307-14ee-4fec-bb94-69bfe020ad61,BFH2KAVSNP5G463F,"",2025-08-18 14:22:57.127,2025-08-18 14:22:58.907,1
26910549,bf996092-8d66-408a-8d8e-5065ca3330c2,f6ab14eb-1a66-4ea5-8a0f-0afbda444403,da32f94e-9c25-4d6a-989b-b5e419b37025,TJ92FSAHL5HQP7TF,,2025-08-20 09:07:20.496,2025-08-20 09:07:20.498,1
26910550,bf996092-8d66-408a-8d8e-5065ca3330c2,f6ab14eb-1a66-4ea5-8a0f-0afbda444403,da32f94e-9c25-4d6a-989b-b5e419b37025,TJ92FSAHL5HQP7TF,,2025-08-20 09:07:20.501,2025-08-20 09:07:20.503,1
26910551,bf996092-8d66-408a-8d8e-5065ca3330c2,f6ab14eb-1a66-4ea5-8a0f-0afbda444403,da32f94e-9c25-4d6a-989b-b5e419b37025,TJ92FSAHL5HQP7TF,,2025-08-20 09:07:20.507,2025-08-20 09:07:20.508,1
26910552,bf996092-8d66-408a-8d8e-5065ca3330c2,f6ab14eb-1a66-4ea5-8a0f-0afbda444403,da32f94e-9c25-4d6a-989b-b5e419b37025,TJ92FSAHL5HQP7TF,,2025-08-20 09:07:20.515,2025-08-20 09:07:20.516,1
26910553,bf996092-8d66-408a-8d8e-5065ca3330c2,f6ab14eb-1a66-4ea5-8a0f-0afbda444403,da32f94e-9c25-4d6a-989b-b5e419b37025,TJ92FSAHL5HQP7TF,,2025-08-20 09:07:20.52,2025-08-20 09:07:20.521,1
26910554,bf996092-8d66-408a-8d8e-5065ca3330c2,f6ab14eb-1a66-4ea5-8a0f-0afbda444403,da32f94e-9c25-4d6a-989b-b5e419b37025,TJ92FSAHL5HQP7TF,,2025-08-20 09:07:20.524,2025-08-20 09:07:20.526,1
26910569,bf996092-8d66-408a-8d8e-5065ca3330c2,f679f4cf-c089-4a2b-9b84-b14129630601,47398a83-f3c0-4119-8bf7-3cb04995ba70,TJ92FSAHL5HQP7TF,,2025-08-20 09:07:48.357,2025-08-20 09:07:48.358,1
26910751,bf996092-8d66-408a-8d8e-5065ca3330c2,f679f4cf-c089-4a2b-9b84-b14129630601,9242dc70-f8a0-40a0-99e8-14822e3b315a,TJ92FSAHL5HQP7TF,,2025-08-20 09:12:21.004,2025-08-20 09:12:21.007,1
26911054,bf996092-8d66-408a-8d8e-5065ca3330c2,f679f4cf-c089-4a2b-9b84-b14129630601,a838c6a9-d5a1-475f-bb6c-a2cabf2ee3a5,7U4JFSY4QDWLDBBX,ok approved.,2025-08-20 09:18:39.768,2025-08-20 09:18:39.808,3
26911765,bf996092-8d66-408a-8d8e-5065ca3330c2,f6ab14eb-1a66-4ea5-8a0f-0afbda444403,d6142670-a974-463c-8a49-3cddde0c59d9,4UJ23BUBLD77JPG2,"",2025-08-20 09:39:49.262,2025-08-20 09:39:50.963,1
26911809,bf996092-8d66-408a-8d8e-5065ca3330c2,f679f4cf-c089-4a2b-9b84-b14129630601,a838c6a9-d5a1-475f-bb6c-a2cabf2ee3a5,DEFJY3LUP6UBKWPS,Approved,2025-08-20 09:40:56.807,2025-08-20 09:40:56.855,3
26917051,bf996092-8d66-408a-8d8e-5065ca3330c2,967e785d-d83c-490b-8d6a-2ed926c956ac,906f9f54-cac7-48a5-9675-601e1f05dfb6,WK7J3NJWMTCK9UWQ,"",2025-08-20 11:51:01.98,2025-08-20 11:51:03.859,1
26918343,bf996092-8d66-408a-8d8e-5065ca3330c2,967e785d-d83c-490b-8d6a-2ed926c956ac,906f9f54-cac7-48a5-9675-601e1f05dfb6,C6Z2RETEN3MN8XZF,"",2025-08-20 12:15:24.874,2025-08-20 12:15:24.906,1
26942074,bf996092-8d66-408a-8d8e-5065ca3330c2,f679f4cf-c089-4a2b-9b84-b14129630601,a838c6a9-d5a1-475f-bb6c-a2cabf2ee3a5,EAW249MULVNEJUNK,Approved With Comments (Sleeves for Fire Pipes need to be incorporated in the structural framing in coordination with mep consultant) ,2025-08-21 04:13:43.965,2025-08-21 04:13:44.011,3
26942655,bf996092-8d66-408a-8d8e-5065ca3330c2,f6ab14eb-1a66-4ea5-8a0f-0afbda444403,e68b7c5c-b732-4ef7-bd3c-e7f155f865f2,NXBJU9KZRN2LR6EX,"",2025-08-21 04:49:04.791,2025-08-21 04:49:04.823,1
26944172,bf996092-8d66-408a-8d8e-5065ca3330c2,f679f4cf-c089-4a2b-9b84-b14129630601,a838c6a9-d5a1-475f-bb6c-a2cabf2ee3a5,G5LJ2CH9PRAMRT7X,Ok,2025-08-21 05:28:50.873,2025-08-21 05:28:50.943,3
26944294,bf996092-8d66-408a-8d8e-5065ca3330c2,f679f4cf-c089-4a2b-9b84-b14129630601,a838c6a9-d5a1-475f-bb6c-a2cabf2ee3a5,D5ZKMDH5JP7L,OK,2025-08-21 05:32:56.799,2025-08-21 05:32:56.878,3
26944656,bf996092-8d66-408a-8d8e-5065ca3330c2,f679f4cf-c089-4a2b-9b84-b14129630601,c774fc16-eb6c-45dc-a5e3-6aa7c0640413,YQH2SLPMM8Q48DDT,"",2025-08-21 05:47:30.828,2025-08-21 05:47:32.591,1
26944924,bf996092-8d66-408a-8d8e-5065ca3330c2,f679f4cf-c089-4a2b-9b84-b14129630601,c774fc16-eb6c-45dc-a5e3-6aa7c0640413,3NGJNZCXN8PBNTRV,"",2025-08-21 05:57:05.505,2025-08-21 05:57:05.656,1
26957355,bf996092-8d66-408a-8d8e-5065ca3330c2,f679f4cf-c089-4a2b-9b84-b14129630601,a838c6a9-d5a1-475f-bb6c-a2cabf2ee3a5,7PG2TJVQJYH2TVV7,ok as architecture dwg,2025-08-21 11:20:39.89,2025-08-21 11:20:39.953,3
26958111,bf996092-8d66-408a-8d8e-5065ca3330c2,ada6015d-9fce-4f2c-b20f-fc9122d2face,5c1bd062-96aa-417c-b2f6-95b52fef222d,CMJ2N3U8MSMRM8ZA,"",2025-08-21 11:36:33.171,2025-08-21 11:36:34.926,1
26958430,bf996092-8d66-408a-8d8e-5065ca3330c2,ada6015d-9fce-4f2c-b20f-fc9122d2face,5c1bd062-96aa-417c-b2f6-95b52fef222d,CMJ2N3U8MSMRM8ZA,ok,2025-08-21 11:43:26.932,2025-08-21 11:43:26.963,1
26958722,bf996092-8d66-408a-8d8e-5065ca3330c2,f679f4cf-c089-4a2b-9b84-b14129630601,574d6dc8-3194-4695-bff2-b743a34e9123,NTHFQB8P8X3C,Approved ,2025-08-21 11:52:04.969,2025-08-21 11:52:05.012,1
26961238,bf996092-8d66-408a-8d8e-5065ca3330c2,f679f4cf-c089-4a2b-9b84-b14129630601,574d6dc8-3194-4695-bff2-b743a34e9123,DEFJY3LUP6UBKWPS,Approved,2025-08-21 12:40:59.767,2025-08-21 12:40:59.81,1
26962113,bf996092-8d66-408a-8d8e-5065ca3330c2,f6ab14eb-1a66-4ea5-8a0f-0afbda444403,d6142670-a974-463c-8a49-3cddde0c59d9,NXBJU9KZRN2LR6EX,"",2025-08-21 12:57:39.59,2025-08-21 12:57:39.622,1
26982944,bf996092-8d66-408a-8d8e-5065ca3330c2,f6ab14eb-1a66-4ea5-8a0f-0afbda444403,3a4405b3-663e-448d-bd0c-da8e809a9830,4UJ23BUBLD77JPG2,"",2025-08-22 03:26:43.941,2025-08-22 03:26:45.675,1
26984182,bf996092-8d66-408a-8d8e-5065ca3330c2,23142979-9fb6-4fd3-bd82-62d7e0add75f,f7e1325b-bbbd-4676-b9b3-06a19064c9cf,Y892LF63N69HWYZS,ok,2025-08-22 04:39:56.846,2025-08-22 04:39:56.892,2
26984513,bf996092-8d66-408a-8d8e-5065ca3330c2,23142979-9fb6-4fd3-bd82-62d7e0add75f,f7e1325b-bbbd-4676-b9b3-06a19064c9cf,S8W2PRCHQXETHD6D,ok,2025-08-22 04:58:51.227,2025-08-22 04:58:51.263,2
26985645,bf996092-8d66-408a-8d8e-5065ca3330c2,967e785d-d83c-490b-8d6a-2ed926c956ac,74738b53-9567-4643-b6b3-53e077ec6b8e,WK7J3NJWMTCK9UWQ,"",2025-08-22 06:04:52.563,2025-08-22 06:04:54.357,1
26985656,bf996092-8d66-408a-8d8e-5065ca3330c2,967e785d-d83c-490b-8d6a-2ed926c956ac,37fe86cf-4924-46d7-8c29-d8704109dc72,WK7J3NJWMTCK9UWQ,"",2025-08-22 06:05:50.979,2025-08-22 06:05:52.736,1
26985803,bf996092-8d66-408a-8d8e-5065ca3330c2,ada6015d-9fce-4f2c-b20f-fc9122d2face,70456a58-94c9-4671-9966-a4b72b80f3ed,CMJ2N3U8MSMRM8ZA,"",2025-08-22 06:11:52.54,2025-08-22 06:11:54.215,1
26985846,bf996092-8d66-408a-8d8e-5065ca3330c2,ada6015d-9fce-4f2c-b20f-fc9122d2face,70456a58-94c9-4671-9966-a4b72b80f3ed,CMJ2N3U8MSMRM8ZA,Data is not correct.,2025-08-22 06:13:51.961,2025-08-22 06:13:51.962,1
26986025,bf996092-8d66-408a-8d8e-5065ca3330c2,ada6015d-9fce-4f2c-b20f-fc9122d2face,70456a58-94c9-4671-9966-a4b72b80f3ed,CMJ2N3U8MSMRM8ZA,"",2025-08-22 06:22:17.321,2025-08-22 06:22:19.081,2
26986035,bf996092-8d66-408a-8d8e-5065ca3330c2,ada6015d-9fce-4f2c-b20f-fc9122d2face,70456a58-94c9-4671-9966-a4b72b80f3ed,CMJ2N3U8MSMRM8ZA,"",2025-08-22 06:22:55.42,2025-08-22 06:22:55.488,2
26987870,bf996092-8d66-408a-8d8e-5065ca3330c2,23142979-9fb6-4fd3-bd82-62d7e0add75f,f7e1325b-bbbd-4676-b9b3-06a19064c9cf,XN3JZXALK55CEVKP,ok,2025-08-22 07:20:19.716,2025-08-22 07:20:19.763,2
26990544,bf996092-8d66-408a-8d8e-5065ca3330c2,23142979-9fb6-4fd3-bd82-62d7e0add75f,f7e1325b-bbbd-4676-b9b3-06a19064c9cf,QNTJJ3CVR726KX4Z,salim pls chk,2025-08-22 08:44:59.464,2025-08-22 08:44:59.509,2
26991462,bf996092-8d66-408a-8d8e-5065ca3330c2,967e785d-d83c-490b-8d6a-2ed926c956ac,74738b53-9567-4643-b6b3-53e077ec6b8e,C6Z2RETEN3MN8XZF,"",2025-08-22 09:12:40.383,2025-08-22 09:12:40.422,1
26991636,bf996092-8d66-408a-8d8e-5065ca3330c2,967e785d-d83c-490b-8d6a-2ed926c956ac,37fe86cf-4924-46d7-8c29-d8704109dc72,C6Z2RETEN3MN8XZF,"",2025-08-22 09:16:25.68,2025-08-22 09:16:25.718,1
27027234,bf996092-8d66-408a-8d8e-5065ca3330c2,f679f4cf-c089-4a2b-9b84-b14129630601,ba86b76b-17da-4890-86e9-9fb7a20e10ec,3NGJNZCXN8PBNTRV,"",2025-08-24 10:30:14.103,2025-08-24 10:30:14.149,1
26663235,bf996092-8d66-408a-8d8e-5065ca3330c2,23142979-9fb6-4fd3-bd82-62d7e0add75f,f7e1325b-bbbd-4676-b9b3-06a19064c9cf,K9J2CG72MCZ79CYB,"1. Mention FFL
2. Tunnel Locations to be updated or marked ""on Hold""
3. Mark Zones",2025-08-12 10:52:39.74,2025-08-12 10:52:39.742,1
26663638,bf996092-8d66-408a-8d8e-5065ca3330c2,23142979-9fb6-4fd3-bd82-62d7e0add75f,c155ed79-7525-4610-bc40-1660fceffa81,K9J2CG72MCZ79CYB,ok,2025-08-12 11:02:33.708,2025-08-12 11:02:33.744,1
26663731,bf996092-8d66-408a-8d8e-5065ca3330c2,23142979-9fb6-4fd3-bd82-62d7e0add75f,8b62efdb-bd5f-4aa0-bc3f-a44d56ca05c1,Y892LF63N69HWYZS,OK,2025-08-12 11:04:30.377,2025-08-12 11:04:30.408,1
26663793,bf996092-8d66-408a-8d8e-5065ca3330c2,23142979-9fb6-4fd3-bd82-62d7e0add75f,50c6b15d-ea95-4284-909c-ff9b7b2303a0,XN3JZXALK55CEVKP,ok,2025-08-12 11:06:07.45,2025-08-12 11:06:07.476,2
26663843,bf996092-8d66-408a-8d8e-5065ca3330c2,23142979-9fb6-4fd3-bd82-62d7e0add75f,8b62efdb-bd5f-4aa0-bc3f-a44d56ca05c1,XN3JZXALK55CEVKP,ok,2025-08-12 11:06:29.006,2025-08-12 11:06:29.044,1
26700958,bf996092-8d66-408a-8d8e-5065ca3330c2,23142979-9fb6-4fd3-bd82-62d7e0add75f,8b62efdb-bd5f-4aa0-bc3f-a44d56ca05c1,Y892LF63N69HWYZS,ok,2025-08-13 08:33:06.098,2025-08-13 08:33:06.134,2
26702205,bf996092-8d66-408a-8d8e-5065ca3330c2,967e785d-d83c-490b-8d6a-2ed926c956ac,2289a706-f2f2-4703-9f01-6c53bbf7a270,WK7J3NJWMTCK9UWQ,"",2025-08-13 09:02:06.999,2025-08-13 09:02:08.71,1
26702318,bf996092-8d66-408a-8d8e-5065ca3330c2,f6ab14eb-1a66-4ea5-8a0f-0afbda444403,6dbfccdf-3fc0-4d32-9e4c-a7a89305e0e9,DX6J5SASN4NA66QN,"",2025-08-13 09:05:38.072,2025-08-13 09:05:38.126,1
26702386,bf996092-8d66-408a-8d8e-5065ca3330c2,f679f4cf-c089-4a2b-9b84-b14129630601,a838c6a9-d5a1-475f-bb6c-a2cabf2ee3a5,H4J29KZBMAKAE737,We have reviewed the drawing and found it architecturally acceptable. Kindly proceed with the further process.,2025-08-13 09:07:19.831,2025-08-13 09:07:19.872,3
26704028,bf996092-8d66-408a-8d8e-5065ca3330c2,2f551e7d-05e6-4bfc-8ee1-0ef3a8487c11,b3b2193e-63a0-4f54-a131-96f4c4704419,CJ5ZQTRST43G,"Dear Sir,

Sump & Drainage channels location is missing in Foundation Plan, which we have finalised. 

Please update and resend the drawing.

Thanks & Regards,
RS Rawat",2025-08-13 09:47:38.825,2025-08-13 09:47:38.877,2
26704213,bf996092-8d66-408a-8d8e-5065ca3330c2,f6ab14eb-1a66-4ea5-8a0f-0afbda444403,56fd699a-e257-43dd-b208-dbbf8af20ebb,BFH2KAVSNP5G463F,"",2025-08-13 09:52:21.045,2025-08-13 09:52:22.768,1
26704343,bf996092-8d66-408a-8d8e-5065ca3330c2,f6ab14eb-1a66-4ea5-8a0f-0afbda444403,18c2bc6e-98db-4347-9738-5d30bab6429d,BFH2KAVSNP5G463F,"",2025-08-13 09:56:13.669,2025-08-13 09:56:15.683,1
26707090,bf996092-8d66-408a-8d8e-5065ca3330c2,2f551e7d-05e6-4bfc-8ee1-0ef3a8487c11,b3b2193e-63a0-4f54-a131-96f4c4704419,6EK9R4M76GCX,"Dear Sir,

Sump & Drainage channels location found missing in structure foundation Plan, which discussed and finalized.

Please update and resend the drawing for review and approval.

Thanks & Regards,
Harish Kumar ",2025-08-13 11:16:13.872,2025-08-13 11:16:13.939,2
26707916,bf996092-8d66-408a-8d8e-5065ca3330c2,2f551e7d-05e6-4bfc-8ee1-0ef3a8487c11,b3b2193e-63a0-4f54-a131-96f4c4704419,ZK3JZTPXLBYUA53X,reviewed and approved by all concerned consultants,2025-08-13 11:31:48.457,2025-08-13 11:31:48.468,2
26707917,bf996092-8d66-408a-8d8e-5065ca3330c2,2f551e7d-05e6-4bfc-8ee1-0ef3a8487c11,b3b2193e-63a0-4f54-a131-96f4c4704419,ZK3JZTPXLBYUA53X,reviewed and approved by all concerned consultants,2025-08-13 11:31:48.473,2025-08-13 11:31:48.475,2
26707918,bf996092-8d66-408a-8d8e-5065ca3330c2,2f551e7d-05e6-4bfc-8ee1-0ef3a8487c11,b3b2193e-63a0-4f54-a131-96f4c4704419,ZK3JZTPXLBYUA53X,reviewed and approved by all concerned consultants,2025-08-13 11:31:48.482,2025-08-13 11:31:48.483,2
26707919,bf996092-8d66-408a-8d8e-5065ca3330c2,2f551e7d-05e6-4bfc-8ee1-0ef3a8487c11,b3b2193e-63a0-4f54-a131-96f4c4704419,ZK3JZTPXLBYUA53X,reviewed and approved by all concerned consultants,2025-08-13 11:31:48.487,2025-08-13 11:31:48.489,2
26707920,bf996092-8d66-408a-8d8e-5065ca3330c2,2f551e7d-05e6-4bfc-8ee1-0ef3a8487c11,b3b2193e-63a0-4f54-a131-96f4c4704419,ZK3JZTPXLBYUA53X,reviewed and approved by all concerned consultants,2025-08-13 11:31:48.492,2025-08-13 11:31:48.494,2
26707921,bf996092-8d66-408a-8d8e-5065ca3330c2,2f551e7d-05e6-4bfc-8ee1-0ef3a8487c11,b3b2193e-63a0-4f54-a131-96f4c4704419,ZK3JZTPXLBYUA53X,reviewed and approved by all concerned consultants,2025-08-13 11:31:48.497,2025-08-13 11:31:48.498,2
26707922,bf996092-8d66-408a-8d8e-5065ca3330c2,2f551e7d-05e6-4bfc-8ee1-0ef3a8487c11,b3b2193e-63a0-4f54-a131-96f4c4704419,ZK3JZTPXLBYUA53X,reviewed and approved by all concerned consultants,2025-08-13 11:31:48.501,2025-08-13 11:31:48.502,2
26707923,bf996092-8d66-408a-8d8e-5065ca3330c2,2f551e7d-05e6-4bfc-8ee1-0ef3a8487c11,b3b2193e-63a0-4f54-a131-96f4c4704419,ZK3JZTPXLBYUA53X,reviewed and approved by all concerned consultants,2025-08-13 11:31:48.506,2025-08-13 11:31:48.507,2
26707924,bf996092-8d66-408a-8d8e-5065ca3330c2,2f551e7d-05e6-4bfc-8ee1-0ef3a8487c11,b3b2193e-63a0-4f54-a131-96f4c4704419,ZK3JZTPXLBYUA53X,reviewed and approved by all concerned consultants,2025-08-13 11:31:48.51,2025-08-13 11:31:48.512,2
26708281,bf996092-8d66-408a-8d8e-5065ca3330c2,2f551e7d-05e6-4bfc-8ee1-0ef3a8487c11,b3b2193e-63a0-4f54-a131-96f4c4704419,UHT2K2ANNFZRR4AE,"Drain channel, sumps and tank details shall be provided",2025-08-13 11:41:16.207,2025-08-13 11:41:16.246,2
26708380,bf996092-8d66-408a-8d8e-5065ca3330c2,2f551e7d-05e6-4bfc-8ee1-0ef3a8487c11,b3b2193e-63a0-4f54-a131-96f4c4704419,UXJ2RRPEKM8KRTMT,Drain Channel and Sump Details to be provided,2025-08-13 11:44:30.445,2025-08-13 11:44:30.488,2
26709168,bf996092-8d66-408a-8d8e-5065ca3330c2,2f551e7d-05e6-4bfc-8ee1-0ef3a8487c11,b3b2193e-63a0-4f54-a131-96f4c4704419,EAW249MULVNEJUNK,Approved,2025-08-13 12:03:26.719,2025-08-13 12:03:26.788,2
26709911,bf996092-8d66-408a-8d8e-5065ca3330c2,2f551e7d-05e6-4bfc-8ee1-0ef3a8487c11,aba84792-2f08-41ed-b924-fd77c709b24b,CFCJQ2QBQP3V,"",2025-08-13 12:20:39.837,2025-08-13 12:20:41.958,1
26746380,bf996092-8d66-408a-8d8e-5065ca3330c2,2f551e7d-05e6-4bfc-8ee1-0ef3a8487c11,c1ea6016-d692-40e1-a318-a1a889984aff,JBEJ9XLSJZLBNZ2V,"",2025-08-14 10:11:06.263,2025-08-14 10:11:06.3,2
26747592,bf996092-8d66-408a-8d8e-5065ca3330c2,23142979-9fb6-4fd3-bd82-62d7e0add75f,8b62efdb-bd5f-4aa0-bc3f-a44d56ca05c1,K9J2CG72MCZ79CYB,ok ,2025-08-14 10:43:31.922,2025-08-14 10:43:31.955,2
26748040,bf996092-8d66-408a-8d8e-5065ca3330c2,f679f4cf-c089-4a2b-9b84-b14129630601,8792ba8b-e9c6-4289-a2d5-1da924d10fca,7PG2TJVQJYH2TVV7,OK FROM OUR SIDE.,2025-08-14 10:55:23.282,2025-08-14 10:55:23.314,2
26750708,bf996092-8d66-408a-8d8e-5065ca3330c2,f6ab14eb-1a66-4ea5-8a0f-0afbda444403,0fc3aa9e-11cd-470f-9e26-c9eef6b3c963,NXBJU9KZRN2LR6EX,AMITECH DPR 13 AUG 25,2025-08-14 12:08:34.712,2025-08-14 12:08:34.758,1
26750743,bf996092-8d66-408a-8d8e-5065ca3330c2,f6ab14eb-1a66-4ea5-8a0f-0afbda444403,d126d017-0dc8-40ae-813e-b169be43516b,NXBJU9KZRN2LR6EX,WAGAD DPR 13 AUG 25,2025-08-14 12:09:54.776,2025-08-14 12:09:54.844,1
26755196,bf996092-8d66-408a-8d8e-5065ca3330c2,967e785d-d83c-490b-8d6a-2ed926c956ac,1dfe5f95-67e5-47b0-b61c-000f951b78fe,WK7J3NJWMTCK9UWQ,"",2025-08-14 13:41:20.794,2025-08-14 13:41:23.673,1
26756958,bf996092-8d66-408a-8d8e-5065ca3330c2,f679f4cf-c089-4a2b-9b84-b14129630601,34102c5d-571f-4b8d-ab25-37ed6ef52b6a,FM42EJFZPNC5F3HF,"",2025-08-14 14:21:02.317,2025-08-14 14:21:04.513,1
26757253,bf996092-8d66-408a-8d8e-5065ca3330c2,f6ab14eb-1a66-4ea5-8a0f-0afbda444403,6824ca80-f748-4061-a846-74137b3b8e55,FM42EJFZPNC5F3HF,"",2025-08-14 14:28:04.868,2025-08-14 14:28:06.971,1
26757395,bf996092-8d66-408a-8d8e-5065ca3330c2,f679f4cf-c089-4a2b-9b84-b14129630601,34102c5d-571f-4b8d-ab25-37ed6ef52b6a,FM42EJFZPNC5F3HF,disregarded,2025-08-14 14:30:36.111,2025-08-14 14:30:36.113,1
26757396,bf996092-8d66-408a-8d8e-5065ca3330c2,f679f4cf-c089-4a2b-9b84-b14129630601,34102c5d-571f-4b8d-ab25-37ed6ef52b6a,FM42EJFZPNC5F3HF,disregarded,2025-08-14 14:30:36.118,2025-08-14 14:30:36.12,1
26757397,bf996092-8d66-408a-8d8e-5065ca3330c2,f679f4cf-c089-4a2b-9b84-b14129630601,34102c5d-571f-4b8d-ab25-37ed6ef52b6a,FM42EJFZPNC5F3HF,disregarded,2025-08-14 14:30:36.123,2025-08-14 14:30:36.125,1
26757398,bf996092-8d66-408a-8d8e-5065ca3330c2,f679f4cf-c089-4a2b-9b84-b14129630601,34102c5d-571f-4b8d-ab25-37ed6ef52b6a,FM42EJFZPNC5F3HF,disregarded,2025-08-14 14:30:36.128,2025-08-14 14:30:36.13,1
26757399,bf996092-8d66-408a-8d8e-5065ca3330c2,f679f4cf-c089-4a2b-9b84-b14129630601,34102c5d-571f-4b8d-ab25-37ed6ef52b6a,FM42EJFZPNC5F3HF,disregarded,2025-08-14 14:30:36.133,2025-08-14 14:30:36.135,1
26757400,bf996092-8d66-408a-8d8e-5065ca3330c2,f679f4cf-c089-4a2b-9b84-b14129630601,34102c5d-571f-4b8d-ab25-37ed6ef52b6a,FM42EJFZPNC5F3HF,disregarded,2025-08-14 14:30:36.138,2025-08-14 14:30:36.141,1
26757401,bf996092-8d66-408a-8d8e-5065ca3330c2,f679f4cf-c089-4a2b-9b84-b14129630601,34102c5d-571f-4b8d-ab25-37ed6ef52b6a,FM42EJFZPNC5F3HF,disregarded,2025-08-14 14:30:36.147,2025-08-14 14:30:36.15,1
26757402,bf996092-8d66-408a-8d8e-5065ca3330c2,f679f4cf-c089-4a2b-9b84-b14129630601,34102c5d-571f-4b8d-ab25-37ed6ef52b6a,FM42EJFZPNC5F3HF,disregarded,2025-08-14 14:30:36.156,2025-08-14 14:30:36.158,1
26757403,bf996092-8d66-408a-8d8e-5065ca3330c2,f679f4cf-c089-4a2b-9b84-b14129630601,34102c5d-571f-4b8d-ab25-37ed6ef52b6a,FM42EJFZPNC5F3HF,disregarded,2025-08-14 14:30:36.161,2025-08-14 14:30:36.163,1
26801448,bf996092-8d66-408a-8d8e-5065ca3330c2,f6ab14eb-1a66-4ea5-8a0f-0afbda444403,964662e6-ee46-4c81-8096-d5446503d821,BFH2KAVSNP5G463F,"",2025-08-16 03:57:33.339,2025-08-16 03:57:35.214,1
26801470,bf996092-8d66-408a-8d8e-5065ca3330c2,f6ab14eb-1a66-4ea5-8a0f-0afbda444403,0530484f-7e68-443c-9e7e-8b742a9bbb5f,BFH2KAVSNP5G463F,"",2025-08-16 04:01:37.085,2025-08-16 04:01:38.766,1
26802310,bf996092-8d66-408a-8d8e-5065ca3330c2,967e785d-d83c-490b-8d6a-2ed926c956ac,d9e27066-e071-42de-9a5c-1aa9df32adb7,WK7J3NJWMTCK9UWQ,"",2025-08-16 06:09:11.396,2025-08-16 06:09:13.163,1
26802331,bf996092-8d66-408a-8d8e-5065ca3330c2,967e785d-d83c-490b-8d6a-2ed926c956ac,badcabbc-9c95-4135-baa8-bcd96b51200c,WK7J3NJWMTCK9UWQ,"",2025-08-16 06:10:42.284,2025-08-16 06:10:44.014,1
26802361,bf996092-8d66-408a-8d8e-5065ca3330c2,967e785d-d83c-490b-8d6a-2ed926c956ac,d9437eba-f87a-4034-8768-f08f55333ebc,WK7J3NJWMTCK9UWQ,"",2025-08-16 06:14:00.955,2025-08-16 06:14:02.707,1
26802428,bf996092-8d66-408a-8d8e-5065ca3330c2,f6ab14eb-1a66-4ea5-8a0f-0afbda444403,964662e6-ee46-4c81-8096-d5446503d821,NXBJU9KZRN2LR6EX,WAGAD DPR 14 AUG 2025,2025-08-16 06:23:03.943,2025-08-16 06:23:03.987,1
26803341,bf996092-8d66-408a-8d8e-5065ca3330c2,f6ab14eb-1a66-4ea5-8a0f-0afbda444403,6583cfaf-a556-474b-a03c-9e8987a888ea,4UJ23BUBLD77JPG2,"",2025-08-16 08:12:01.269,2025-08-16 08:12:04.016,1
26803404,bf996092-8d66-408a-8d8e-5065ca3330c2,f6ab14eb-1a66-4ea5-8a0f-0afbda444403,474b3f67-4733-46d4-b3ba-c04ea4d76d40,4UJ23BUBLD77JPG2,"",2025-08-16 08:17:02.198,2025-08-16 08:17:04.519,1
26809944,bf996092-8d66-408a-8d8e-5065ca3330c2,967e785d-d83c-490b-8d6a-2ed926c956ac,db06c00c-0d4c-4a16-a542-6d89689d073b,WK7J3NJWMTCK9UWQ,"",2025-08-17 09:26:42.91,2025-08-17 09:26:45.745,1
26827844,bf996092-8d66-408a-8d8e-5065ca3330c2,2f551e7d-05e6-4bfc-8ee1-0ef3a8487c11,10deb34e-be58-4d2f-8f80-0062496141eb,UCDMKV6DRCXR,"",2025-08-18 09:50:34.586,2025-08-18 09:50:36.802,1
26829708,bf996092-8d66-408a-8d8e-5065ca3330c2,967e785d-d83c-490b-8d6a-2ed926c956ac,e8488852-6881-4e3a-a7c1-8f808271fdfd,WK7J3NJWMTCK9UWQ,"",2025-08-18 10:46:54.572,2025-08-18 10:46:56.256,1
26829768,bf996092-8d66-408a-8d8e-5065ca3330c2,967e785d-d83c-490b-8d6a-2ed926c956ac,e8488852-6881-4e3a-a7c1-8f808271fdfd,C6Z2RETEN3MN8XZF,"",2025-08-18 10:48:39.811,2025-08-18 10:48:39.845,1
26829885,bf996092-8d66-408a-8d8e-5065ca3330c2,967e785d-d83c-490b-8d6a-2ed926c956ac,60a76748-468c-4536-a2e4-b80c2551d879,WK7J3NJWMTCK9UWQ,"",2025-08-18 10:51:56.04,2025-08-18 10:51:57.738,1
26830048,bf996092-8d66-408a-8d8e-5065ca3330c2,967e785d-d83c-490b-8d6a-2ed926c956ac,60a76748-468c-4536-a2e4-b80c2551d879,C6Z2RETEN3MN8XZF,"",2025-08-18 10:55:47.898,2025-08-18 10:55:48.585,1
26830074,bf996092-8d66-408a-8d8e-5065ca3330c2,967e785d-d83c-490b-8d6a-2ed926c956ac,4a1518c2-7652-4d00-8a52-302f8a9dd7f9,WK7J3NJWMTCK9UWQ,"",2025-08-18 10:56:48.768,2025-08-18 10:56:50.477,1
26830138,bf996092-8d66-408a-8d8e-5065ca3330c2,2f551e7d-05e6-4bfc-8ee1-0ef3a8487c11,10deb34e-be58-4d2f-8f80-0062496141eb,QNTJJ3CVR726KX4Z,ok,2025-08-18 10:58:44.742,2025-08-18 10:58:44.79,1
26830141,bf996092-8d66-408a-8d8e-5065ca3330c2,967e785d-d83c-490b-8d6a-2ed926c956ac,4a1518c2-7652-4d00-8a52-302f8a9dd7f9,C6Z2RETEN3MN8XZF,"",2025-08-18 10:58:48.176,2025-08-18 10:58:48.178,1
26830431,bf996092-8d66-408a-8d8e-5065ca3330c2,967e785d-d83c-490b-8d6a-2ed926c956ac,b4513964-d1b9-49bf-8e68-447487e41035,WK7J3NJWMTCK9UWQ,"",2025-08-18 11:04:17.84,2025-08-18 11:04:19.585,1
26830512,bf996092-8d66-408a-8d8e-5065ca3330c2,967e785d-d83c-490b-8d6a-2ed926c956ac,eaf83f3a-a69a-4332-bdf9-db141dc9ae89,WK7J3NJWMTCK9UWQ,"",2025-08-18 11:05:56.717,2025-08-18 11:05:58.384,1
26830517,bf996092-8d66-408a-8d8e-5065ca3330c2,967e785d-d83c-490b-8d6a-2ed926c956ac,b4513964-d1b9-49bf-8e68-447487e41035,C6Z2RETEN3MN8XZF,"",2025-08-18 11:06:08.703,2025-08-18 11:06:08.752,1
26830679,bf996092-8d66-408a-8d8e-5065ca3330c2,967e785d-d83c-490b-8d6a-2ed926c956ac,eaf83f3a-a69a-4332-bdf9-db141dc9ae89,C6Z2RETEN3MN8XZF,"",2025-08-18 11:10:35.469,2025-08-18 11:10:35.508,1
26830837,bf996092-8d66-408a-8d8e-5065ca3330c2,967e785d-d83c-490b-8d6a-2ed926c956ac,637b2b33-0654-4301-8c24-c09ed6824912,WK7J3NJWMTCK9UWQ,"",2025-08-18 11:15:25.553,2025-08-18 11:15:28.319,1
26831140,bf996092-8d66-408a-8d8e-5065ca3330c2,967e785d-d83c-490b-8d6a-2ed926c956ac,637b2b33-0654-4301-8c24-c09ed6824912,C6Z2RETEN3MN8XZF,"",2025-08-18 11:23:09.9,2025-08-18 11:23:09.942,1
26833885,bf996092-8d66-408a-8d8e-5065ca3330c2,2f551e7d-05e6-4bfc-8ee1-0ef3a8487c11,10deb34e-be58-4d2f-8f80-0062496141eb,S8W2PRCHQXETHD6D,"ok
",2025-08-18 12:19:03.573,2025-08-18 12:19:03.643,1
26857294,bf996092-8d66-408a-8d8e-5065ca3330c2,f6ab14eb-1a66-4ea5-8a0f-0afbda444403,213c0549-47db-4461-a9b8-94cdd020574c,BFH2KAVSNP5G463F,"",2025-08-19 03:55:50.406,2025-08-19 03:55:52.217,1
26857801,bf996092-8d66-408a-8d8e-5065ca3330c2,f679f4cf-c089-4a2b-9b84-b14129630601,3e2c5128-7419-4638-b900-f160fc23f479,YQH2SLPMM8Q48DDT,"",2025-08-19 04:22:27.029,2025-08-19 04:22:28.8,1
26858111,bf996092-8d66-408a-8d8e-5065ca3330c2,f679f4cf-c089-4a2b-9b84-b14129630601,3e2c5128-7419-4638-b900-f160fc23f479,3NGJNZCXN8PBNTRV,"",2025-08-19 04:41:22.17,2025-08-19 04:41:22.223,1
26858259,bf996092-8d66-408a-8d8e-5065ca3330c2,f6ab14eb-1a66-4ea5-8a0f-0afbda444403,7c8a02d8-986c-4b6c-8a0f-507b7762e48d,NXBJU9KZRN2LR6EX,AMITECH DPR 16 AUG 25,2025-08-19 04:47:59.193,2025-08-19 04:47:59.229,1
26858268,bf996092-8d66-408a-8d8e-5065ca3330c2,f6ab14eb-1a66-4ea5-8a0f-0afbda444403,d22c607a-618a-4077-bdfd-306858140877,NXBJU9KZRN2LR6EX,AMITECH DPR 17 AUG 25,2025-08-19 04:48:37.449,2025-08-19 04:48:37.481,1
26858282,bf996092-8d66-408a-8d8e-5065ca3330c2,f6ab14eb-1a66-4ea5-8a0f-0afbda444403,82c03307-14ee-4fec-bb94-69bfe020ad61,NXBJU9KZRN2LR6EX,"",2025-08-19 04:49:43.466,2025-08-19 04:49:43.469,1
26858321,bf996092-8d66-408a-8d8e-5065ca3330c2,f6ab14eb-1a66-4ea5-8a0f-0afbda444403,213c0549-47db-4461-a9b8-94cdd020574c,NXBJU9KZRN2LR6EX,2sets of grouting pump ...one is still in maintenance...not shown in dpr  ,2025-08-19 04:52:13.857,2025-08-19 04:52:13.898,1
26858340,bf996092-8d66-408a-8d8e-5065ca3330c2,2f551e7d-05e6-4bfc-8ee1-0ef3a8487c11,10deb34e-be58-4d2f-8f80-0062496141eb,K9J2CG72MCZ79CYB,ok,2025-08-19 04:53:00.889,2025-08-19 04:53:00.94,1
26858397,bf996092-8d66-408a-8d8e-5065ca3330c2,23142979-9fb6-4fd3-bd82-62d7e0add75f,8b62efdb-bd5f-4aa0-bc3f-a44d56ca05c1,XN3JZXALK55CEVKP,ok,2025-08-19 04:56:26.425,2025-08-19 04:56:26.493,2
26877276,bf996092-8d66-408a-8d8e-5065ca3330c2,967e785d-d83c-490b-8d6a-2ed926c956ac,17f80f98-b2ed-42f1-9dc7-53bb987898a2,WK7J3NJWMTCK9UWQ,"",2025-08-19 13:11:29.367,2025-08-19 13:11:31.236,1
26900479,bf996092-8d66-408a-8d8e-5065ca3330c2,f679f4cf-c089-4a2b-9b84-b14129630601,e5d0f856-be0f-4938-b185-e8cf71190d7f,YQH2SLPMM8Q48DDT,"",2025-08-20 04:24:14.848,2025-08-20 04:24:16.565,1
26900493,bf996092-8d66-408a-8d8e-5065ca3330c2,f679f4cf-c089-4a2b-9b84-b14129630601,58e40705-43d6-41ba-b6e7-0e4981f1bf51,YQH2SLPMM8Q48DDT,"",2025-08-20 04:24:50.413,2025-08-20 04:24:52.161,1
26900762,bf996092-8d66-408a-8d8e-5065ca3330c2,967e785d-d83c-490b-8d6a-2ed926c956ac,17f80f98-b2ed-42f1-9dc7-53bb987898a2,C6Z2RETEN3MN8XZF,"",2025-08-20 04:36:24.419,2025-08-20 04:36:24.458,1
26900970,bf996092-8d66-408a-8d8e-5065ca3330c2,f679f4cf-c089-4a2b-9b84-b14129630601,a838c6a9-d5a1-475f-bb6c-a2cabf2ee3a5,TJ92FSAHL5HQP7TF,"",2025-08-20 04:46:10.559,2025-08-20 04:46:10.597,3
26901119,bf996092-8d66-408a-8d8e-5065ca3330c2,f679f4cf-c089-4a2b-9b84-b14129630601,a838c6a9-d5a1-475f-bb6c-a2cabf2ee3a5,WMZ2BALML3JQXZCF,"",2025-08-20 04:52:35.509,2025-08-20 04:52:35.565,3
26901219,bf996092-8d66-408a-8d8e-5065ca3330c2,f679f4cf-c089-4a2b-9b84-b14129630601,58e40705-43d6-41ba-b6e7-0e4981f1bf51,3NGJNZCXN8PBNTRV,"",2025-08-20 05:00:18.338,2025-08-20 05:00:18.399,1
26901255,bf996092-8d66-408a-8d8e-5065ca3330c2,f6ab14eb-1a66-4ea5-8a0f-0afbda444403,e68b7c5c-b732-4ef7-bd3c-e7f155f865f2,BFH2KAVSNP5G463F,"",2025-08-20 05:02:40.307,2025-08-20 05:02:42.009,1
26901262,bf996092-8d66-408a-8d8e-5065ca3330c2,f679f4cf-c089-4a2b-9b84-b14129630601,e5d0f856-be0f-4938-b185-e8cf71190d7f,3NGJNZCXN8PBNTRV,"",2025-08-20 05:03:18.917,2025-08-20 05:03:18.919,1
26902903,bf996092-8d66-408a-8d8e-5065ca3330c2,f679f4cf-c089-4a2b-9b84-b14129630601,e5d0f856-be0f-4938-b185-e8cf71190d7f,YQH2SLPMM8Q48DDT,,2025-08-20 06:08:13.232,2025-08-20 06:08:13.234,2
26903473,bf996092-8d66-408a-8d8e-5065ca3330c2,f679f4cf-c089-4a2b-9b84-b14129630601,9242dc70-f8a0-40a0-99e8-14822e3b315a,TJ92FSAHL5HQP7TF,"",2025-08-20 06:22:27.583,2025-08-20 06:22:29.335,1
26903571,bf996092-8d66-408a-8d8e-5065ca3330c2,f679f4cf-c089-4a2b-9b84-b14129630601,47398a83-f3c0-4119-8bf7-3cb04995ba70,TJ92FSAHL5HQP7TF,"",2025-08-20 06:24:58.884,2025-08-20 06:25:00.663,1
26903666,bf996092-8d66-408a-8d8e-5065ca3330c2,f6ab14eb-1a66-4ea5-8a0f-0afbda444403,82c03307-14ee-4fec-bb94-69bfe020ad61,BFH2KAVSNP5G463F,,2025-08-20 06:27:41.998,2025-08-20 06:27:42,2
26903671,bf996092-8d66-408a-8d8e-5065ca3330c2,f6ab14eb-1a66-4ea5-8a0f-0afbda444403,56fd699a-e257-43dd-b208-dbbf8af20ebb,BFH2KAVSNP5G463F,,2025-08-20 06:27:51.482,2025-08-20 06:27:51.484,2
26903773,bf996092-8d66-408a-8d8e-5065ca3330c2,f6ab14eb-1a66-4ea5-8a0f-0afbda444403,da32f94e-9c25-4d6a-989b-b5e419b37025,TJ92FSAHL5HQP7TF,"",2025-08-20 06:31:08.357,2025-08-20 06:31:10.234,1
26947603,bf996092-8d66-408a-8d8e-5065ca3330c2,23142979-9fb6-4fd3-bd82-62d7e0add75f,8b62efdb-bd5f-4aa0-bc3f-a44d56ca05c1,QNTJJ3CVR726KX4Z,pls proceed,2025-08-21 07:12:56.37,2025-08-21 07:12:56.399,2
26947621,bf996092-8d66-408a-8d8e-5065ca3330c2,23142979-9fb6-4fd3-bd82-62d7e0add75f,8b62efdb-bd5f-4aa0-bc3f-a44d56ca05c1,QNTJJ3CVR726KX4Z,"",2025-08-21 07:13:26.807,2025-08-21 07:13:26.84,2
26947692,bf996092-8d66-408a-8d8e-5065ca3330c2,f679f4cf-c089-4a2b-9b84-b14129630601,a838c6a9-d5a1-475f-bb6c-a2cabf2ee3a5,MLE243XQQX2UK86L,"",2025-08-21 07:15:34.331,2025-08-21 07:15:34.377,3
26947758,bf996092-8d66-408a-8d8e-5065ca3330c2,2f551e7d-05e6-4bfc-8ee1-0ef3a8487c11,b3b2193e-63a0-4f54-a131-96f4c4704419,MLE243XQQX2UK86L,"",2025-08-21 07:16:58.646,2025-08-21 07:16:58.698,2
26953791,bf996092-8d66-408a-8d8e-5065ca3330c2,f6ab14eb-1a66-4ea5-8a0f-0afbda444403,37395cef-7006-423b-9b7c-c32d595c7293,S762NMGBKUB423MM,Ok,2025-08-21 09:48:00.008,2025-08-21 09:48:00.049,1
26954670,bf996092-8d66-408a-8d8e-5065ca3330c2,2f551e7d-05e6-4bfc-8ee1-0ef3a8487c11,b3b2193e-63a0-4f54-a131-96f4c4704419,QNTJJ3CVR726KX4Z,"",2025-08-21 10:10:46.174,2025-08-21 10:10:46.248,2
26956727,bf996092-8d66-408a-8d8e-5065ca3330c2,23142979-9fb6-4fd3-bd82-62d7e0add75f,f7e1325b-bbbd-4676-b9b3-06a19064c9cf,JESJ7TGSQHWR942J,Comments suggested by Mansi have been incorporated. Please note there is no Zone marking for Indoor Stadium basement.,2025-08-21 11:04:29.837,2025-08-21 11:04:32.106,2
26957114,bf996092-8d66-408a-8d8e-5065ca3330c2,f679f4cf-c089-4a2b-9b84-b14129630601,574d6dc8-3194-4695-bff2-b743a34e9123,TJ92FSAHL5HQP7TF,"",2025-08-21 11:14:18.478,2025-08-21 11:14:20.211,1
26997747,bf996092-8d66-408a-8d8e-5065ca3330c2,f6ab14eb-1a66-4ea5-8a0f-0afbda444403,587bc35c-35cf-4869-9524-9e99323acaff,4UJ23BUBLD77JPG2,"",2025-08-22 11:45:02.58,2025-08-22 11:45:04.251,1
26992886,bf996092-8d66-408a-8d8e-5065ca3330c2,f6ab14eb-1a66-4ea5-8a0f-0afbda444403,2374bd6c-dbfe-49ef-8314-06a5d4ce77fd,TJ92FSAHL5HQP7TF,"",2025-08-22 09:38:19.271,2025-08-22 09:38:21.409,1
26995186,bf996092-8d66-408a-8d8e-5065ca3330c2,23142979-9fb6-4fd3-bd82-62d7e0add75f,f7e1325b-bbbd-4676-b9b3-06a19064c9cf,K9J2CG72MCZ79CYB,"",2025-08-22 10:33:23.283,2025-08-22 10:33:23.285,2
26995187,bf996092-8d66-408a-8d8e-5065ca3330c2,23142979-9fb6-4fd3-bd82-62d7e0add75f,f7e1325b-bbbd-4676-b9b3-06a19064c9cf,K9J2CG72MCZ79CYB,"",2025-08-22 10:33:23.287,2025-08-22 10:33:23.288,2
26995188,bf996092-8d66-408a-8d8e-5065ca3330c2,23142979-9fb6-4fd3-bd82-62d7e0add75f,f7e1325b-bbbd-4676-b9b3-06a19064c9cf,K9J2CG72MCZ79CYB,"",2025-08-22 10:33:23.289,2025-08-22 10:33:23.291,2
26995189,bf996092-8d66-408a-8d8e-5065ca3330c2,23142979-9fb6-4fd3-bd82-62d7e0add75f,f7e1325b-bbbd-4676-b9b3-06a19064c9cf,K9J2CG72MCZ79CYB,"",2025-08-22 10:33:23.292,2025-08-22 10:33:23.293,2
26995190,bf996092-8d66-408a-8d8e-5065ca3330c2,23142979-9fb6-4fd3-bd82-62d7e0add75f,f7e1325b-bbbd-4676-b9b3-06a19064c9cf,K9J2CG72MCZ79CYB,"",2025-08-22 10:33:23.294,2025-08-22 10:33:23.295,2
26995191,bf996092-8d66-408a-8d8e-5065ca3330c2,23142979-9fb6-4fd3-bd82-62d7e0add75f,f7e1325b-bbbd-4676-b9b3-06a19064c9cf,K9J2CG72MCZ79CYB,"",2025-08-22 10:33:23.297,2025-08-22 10:33:23.298,2
26995574,bf996092-8d66-408a-8d8e-5065ca3330c2,f6ab14eb-1a66-4ea5-8a0f-0afbda444403,2374bd6c-dbfe-49ef-8314-06a5d4ce77fd,NTHFQB8P8X3C,The drawings have been reviewed and stamping has been done.,2025-08-22 10:47:49.698,2025-08-22 10:47:49.743,1
26996811,bf996092-8d66-408a-8d8e-5065ca3330c2,f6ab14eb-1a66-4ea5-8a0f-0afbda444403,2374bd6c-dbfe-49ef-8314-06a5d4ce77fd,DEFJY3LUP6UBKWPS,Approved,2025-08-22 11:19:06.905,2025-08-22 11:19:06.945,1
26997446,bf996092-8d66-408a-8d8e-5065ca3330c2,f6ab14eb-1a66-4ea5-8a0f-0afbda444403,6824ca80-f748-4061-a846-74137b3b8e55,FM42EJFZPNC5F3HF,At two places level is updated hence starting another review,2025-08-22 11:34:58.713,2025-08-22 11:34:58.716,1
26997447,bf996092-8d66-408a-8d8e-5065ca3330c2,f6ab14eb-1a66-4ea5-8a0f-0afbda444403,6824ca80-f748-4061-a846-74137b3b8e55,FM42EJFZPNC5F3HF,At two places level is updated hence starting another review,2025-08-22 11:34:58.72,2025-08-22 11:34:58.721,1
26997448,bf996092-8d66-408a-8d8e-5065ca3330c2,f6ab14eb-1a66-4ea5-8a0f-0afbda444403,6824ca80-f748-4061-a846-74137b3b8e55,FM42EJFZPNC5F3HF,At two places level is updated hence starting another review,2025-08-22 11:34:58.726,2025-08-22 11:34:58.728,1
26997449,bf996092-8d66-408a-8d8e-5065ca3330c2,f6ab14eb-1a66-4ea5-8a0f-0afbda444403,6824ca80-f748-4061-a846-74137b3b8e55,FM42EJFZPNC5F3HF,At two places level is updated hence starting another review,2025-08-22 11:34:58.733,2025-08-22 11:34:58.737,1
26997450,bf996092-8d66-408a-8d8e-5065ca3330c2,f6ab14eb-1a66-4ea5-8a0f-0afbda444403,6824ca80-f748-4061-a846-74137b3b8e55,FM42EJFZPNC5F3HF,At two places level is updated hence starting another review,2025-08-22 11:34:58.741,2025-08-22 11:34:58.744,1
27027254,bf996092-8d66-408a-8d8e-5065ca3330c2,f679f4cf-c089-4a2b-9b84-b14129630601,084246c4-c2e3-4d70-bb90-f63467748037,3NGJNZCXN8PBNTRV,"",2025-08-24 10:32:58.89,2025-08-24 10:32:58.948,1
27027257,bf996092-8d66-408a-8d8e-5065ca3330c2,f679f4cf-c089-4a2b-9b84-b14129630601,27280686-67a0-4c1a-8910-6f57802cf86f,3NGJNZCXN8PBNTRV,"",2025-08-24 10:34:10.765,2025-08-24 10:34:10.803,1
27027449,bf996092-8d66-408a-8d8e-5065ca3330c2,f6ab14eb-1a66-4ea5-8a0f-0afbda444403,0dfa5bb1-a522-4959-b227-90ac72ef89b1,BFH2KAVSNP5G463F,"",2025-08-24 11:18:24.979,2025-08-24 11:18:26.818,1
27046826,bf996092-8d66-408a-8d8e-5065ca3330c2,f6ab14eb-1a66-4ea5-8a0f-0afbda444403,dc736d0d-4521-4122-af1c-36ff393ae670,BFH2KAVSNP5G463F,"",2025-08-25 11:27:53.745,2025-08-25 11:27:55.506,1
27034053,bf996092-8d66-408a-8d8e-5065ca3330c2,f679f4cf-c089-4a2b-9b84-b14129630601,ea0819c8-731d-4e3b-90f1-0d7f5ce5b27c,YQH2SLPMM8Q48DDT,"",2025-08-25 04:23:44.668,2025-08-25 04:23:46.34,1
27034259,bf996092-8d66-408a-8d8e-5065ca3330c2,967e785d-d83c-490b-8d6a-2ed926c956ac,0635e37c-d2bc-4e4f-bc33-5c6ef4f25625,WK7J3NJWMTCK9UWQ,"",2025-08-25 04:36:00.606,2025-08-25 04:36:03.66,1
27034302,bf996092-8d66-408a-8d8e-5065ca3330c2,967e785d-d83c-490b-8d6a-2ed926c956ac,c846373d-40a4-4480-8e23-4af0008bf680,WK7J3NJWMTCK9UWQ,"",2025-08-25 04:39:14.111,2025-08-25 04:39:15.864,1
27034402,bf996092-8d66-408a-8d8e-5065ca3330c2,967e785d-d83c-490b-8d6a-2ed926c956ac,0635e37c-d2bc-4e4f-bc33-5c6ef4f25625,C6Z2RETEN3MN8XZF,"",2025-08-25 04:44:23.039,2025-08-25 04:44:23.09,1
27034560,bf996092-8d66-408a-8d8e-5065ca3330c2,967e785d-d83c-490b-8d6a-2ed926c956ac,c846373d-40a4-4480-8e23-4af0008bf680,C6Z2RETEN3MN8XZF,"",2025-08-25 04:52:00.19,2025-08-25 04:52:00.234,1
27035032,bf996092-8d66-408a-8d8e-5065ca3330c2,f6ab14eb-1a66-4ea5-8a0f-0afbda444403,3a4405b3-663e-448d-bd0c-da8e809a9830,NXBJU9KZRN2LR6EX,"",2025-08-25 05:18:42.365,2025-08-25 05:18:42.366,1
27035086,bf996092-8d66-408a-8d8e-5065ca3330c2,f6ab14eb-1a66-4ea5-8a0f-0afbda444403,587bc35c-35cf-4869-9524-9e99323acaff,NXBJU9KZRN2LR6EX,AMITECH DPR 20 AUG 25,2025-08-25 05:21:22.11,2025-08-25 05:21:22.164,1
27035439,bf996092-8d66-408a-8d8e-5065ca3330c2,f679f4cf-c089-4a2b-9b84-b14129630601,ea0819c8-731d-4e3b-90f1-0d7f5ce5b27c,3NGJNZCXN8PBNTRV,"",2025-08-25 05:36:30.257,2025-08-25 05:36:30.291,1
27035962,bf996092-8d66-408a-8d8e-5065ca3330c2,f6ab14eb-1a66-4ea5-8a0f-0afbda444403,e876dbb0-27f6-4f76-9cbe-26ca5b019595,NTHFQB8P8X3C,The drawings have been reviewed and signed.,2025-08-25 05:55:41.472,2025-08-25 05:55:41.539,1
27036133,bf996092-8d66-408a-8d8e-5065ca3330c2,f6ab14eb-1a66-4ea5-8a0f-0afbda444403,4a4171c1-0bec-4ce3-8cbb-114e170c5914,4UJ23BUBLD77JPG2,"",2025-08-25 06:01:59.207,2025-08-25 06:02:00.978,1
27036402,bf996092-8d66-408a-8d8e-5065ca3330c2,f6ab14eb-1a66-4ea5-8a0f-0afbda444403,36baf49d-8628-434a-880e-b79fd1dd3292,4UJ23BUBLD77JPG2,"",2025-08-25 06:10:23.157,2025-08-25 06:10:25.121,1
27036536,bf996092-8d66-408a-8d8e-5065ca3330c2,f6ab14eb-1a66-4ea5-8a0f-0afbda444403,910eda52-a98a-4f23-aa0b-dc6c59bbd26c,4UJ23BUBLD77JPG2,"",2025-08-25 06:14:27.359,2025-08-25 06:14:29.026,1
27036952,bf996092-8d66-408a-8d8e-5065ca3330c2,f6ab14eb-1a66-4ea5-8a0f-0afbda444403,d84e5324-fb8e-49e5-8b0e-f6a2b8bf1e83,4UJ23BUBLD77JPG2,,2025-08-25 06:24:22.335,2025-08-25 06:24:22.337,2
27036955,bf996092-8d66-408a-8d8e-5065ca3330c2,f6ab14eb-1a66-4ea5-8a0f-0afbda444403,3a4405b3-663e-448d-bd0c-da8e809a9830,4UJ23BUBLD77JPG2,,2025-08-25 06:24:34.164,2025-08-25 06:24:34.167,2
27038061,bf996092-8d66-408a-8d8e-5065ca3330c2,f6ab14eb-1a66-4ea5-8a0f-0afbda444403,37395cef-7006-423b-9b7c-c32d595c7293,NTHFQB8P8X3C,"",2025-08-25 06:53:47.302,2025-08-25 06:53:47.316,1
27038063,bf996092-8d66-408a-8d8e-5065ca3330c2,f6ab14eb-1a66-4ea5-8a0f-0afbda444403,37395cef-7006-423b-9b7c-c32d595c7293,NTHFQB8P8X3C,"",2025-08-25 06:53:47.355,2025-08-25 06:53:47.376,1
27038064,bf996092-8d66-408a-8d8e-5065ca3330c2,f6ab14eb-1a66-4ea5-8a0f-0afbda444403,37395cef-7006-423b-9b7c-c32d595c7293,NTHFQB8P8X3C,"",2025-08-25 06:53:47.551,2025-08-25 06:53:47.72,1
27038065,bf996092-8d66-408a-8d8e-5065ca3330c2,f6ab14eb-1a66-4ea5-8a0f-0afbda444403,37395cef-7006-423b-9b7c-c32d595c7293,NTHFQB8P8X3C,"",2025-08-25 06:53:47.772,2025-08-25 06:53:47.793,1
27038066,bf996092-8d66-408a-8d8e-5065ca3330c2,f6ab14eb-1a66-4ea5-8a0f-0afbda444403,37395cef-7006-423b-9b7c-c32d595c7293,NTHFQB8P8X3C,"",2025-08-25 06:53:47.799,2025-08-25 06:53:47.818,1
27038067,bf996092-8d66-408a-8d8e-5065ca3330c2,f6ab14eb-1a66-4ea5-8a0f-0afbda444403,37395cef-7006-423b-9b7c-c32d595c7293,NTHFQB8P8X3C,"",2025-08-25 06:53:47.825,2025-08-25 06:53:47.829,1
27038068,bf996092-8d66-408a-8d8e-5065ca3330c2,f6ab14eb-1a66-4ea5-8a0f-0afbda444403,37395cef-7006-423b-9b7c-c32d595c7293,NTHFQB8P8X3C,"",2025-08-25 06:53:47.833,2025-08-25 06:53:47.836,1
27038069,bf996092-8d66-408a-8d8e-5065ca3330c2,f6ab14eb-1a66-4ea5-8a0f-0afbda444403,37395cef-7006-423b-9b7c-c32d595c7293,NTHFQB8P8X3C,"",2025-08-25 06:53:47.844,2025-08-25 06:53:47.847,1
27038070,bf996092-8d66-408a-8d8e-5065ca3330c2,f6ab14eb-1a66-4ea5-8a0f-0afbda444403,37395cef-7006-423b-9b7c-c32d595c7293,NTHFQB8P8X3C,"",2025-08-25 06:53:47.85,2025-08-25 06:53:47.851,1
27052137,bf996092-8d66-408a-8d8e-5065ca3330c2,f6ab14eb-1a66-4ea5-8a0f-0afbda444403,74f71fc6-dc81-4abf-89ab-a93ba6fa383f,FM42EJFZPNC5F3HF,"",2025-08-25 13:17:53.792,2025-08-25 13:17:55.792,1
27052883,bf996092-8d66-408a-8d8e-5065ca3330c2,f6ab14eb-1a66-4ea5-8a0f-0afbda444403,7df660ac-e203-4522-b551-e7e689b4c6b4,NXBJU9KZRN2LR6EX,"",2025-08-25 13:33:59.851,2025-08-25 13:33:59.853,1
27052888,bf996092-8d66-408a-8d8e-5065ca3330c2,f6ab14eb-1a66-4ea5-8a0f-0afbda444403,b3b70aa5-4fa2-45b3-8fc6-8fe0d25be89b,BFH2KAVSNP5G463F,"",2025-08-25 13:34:08.979,2025-08-25 13:34:10.716,1
27052946,bf996092-8d66-408a-8d8e-5065ca3330c2,f6ab14eb-1a66-4ea5-8a0f-0afbda444403,20718db2-472f-448c-85bb-fcb9dd052116,NXBJU9KZRN2LR6EX,"",2025-08-25 13:34:53.725,2025-08-25 13:34:53.726,1
27053054,bf996092-8d66-408a-8d8e-5065ca3330c2,967e785d-d83c-490b-8d6a-2ed926c956ac,57b0d546-844f-4269-a65b-1237c15b3ce5,WK7J3NJWMTCK9UWQ,"",2025-08-25 13:37:19.314,2025-08-25 13:37:21.178,1
27053107,bf996092-8d66-408a-8d8e-5065ca3330c2,f6ab14eb-1a66-4ea5-8a0f-0afbda444403,91739b11-1260-4a7a-bc3b-bdbbead31b55,NXBJU9KZRN2LR6EX,"",2025-08-25 13:38:18.168,2025-08-25 13:38:18.17,1
27053200,bf996092-8d66-408a-8d8e-5065ca3330c2,f6ab14eb-1a66-4ea5-8a0f-0afbda444403,dc736d0d-4521-4122-af1c-36ff393ae670,NXBJU9KZRN2LR6EX,"",2025-08-25 13:40:13.421,2025-08-25 13:40:13.428,1
27053222,bf996092-8d66-408a-8d8e-5065ca3330c2,f6ab14eb-1a66-4ea5-8a0f-0afbda444403,b3b70aa5-4fa2-45b3-8fc6-8fe0d25be89b,NXBJU9KZRN2LR6EX,"",2025-08-25 13:40:56.649,2025-08-25 13:40:56.651,1
27054400,bf996092-8d66-408a-8d8e-5065ca3330c2,f6ab14eb-1a66-4ea5-8a0f-0afbda444403,0dfa5bb1-a522-4959-b227-90ac72ef89b1,BFH2KAVSNP5G463F,,2025-08-25 14:07:03.763,2025-08-25 14:07:03.766,2
27054407,bf996092-8d66-408a-8d8e-5065ca3330c2,f6ab14eb-1a66-4ea5-8a0f-0afbda444403,7df660ac-e203-4522-b551-e7e689b4c6b4,BFH2KAVSNP5G463F,,2025-08-25 14:07:17.722,2025-08-25 14:07:17.725,2
27054416,bf996092-8d66-408a-8d8e-5065ca3330c2,f6ab14eb-1a66-4ea5-8a0f-0afbda444403,20718db2-472f-448c-85bb-fcb9dd052116,BFH2KAVSNP5G463F,,2025-08-25 14:07:29.841,2025-08-25 14:07:29.847,2
27054466,bf996092-8d66-408a-8d8e-5065ca3330c2,f6ab14eb-1a66-4ea5-8a0f-0afbda444403,91739b11-1260-4a7a-bc3b-bdbbead31b55,BFH2KAVSNP5G463F,Marked mistake change please review,2025-08-25 14:08:41.314,2025-08-25 14:08:44.071,2
27054537,bf996092-8d66-408a-8d8e-5065ca3330c2,f6ab14eb-1a66-4ea5-8a0f-0afbda444403,dc736d0d-4521-4122-af1c-36ff393ae670,BFH2KAVSNP5G463F,Please reivew,2025-08-25 14:09:52.294,2025-08-25 14:09:53.999,2
27054587,bf996092-8d66-408a-8d8e-5065ca3330c2,f6ab14eb-1a66-4ea5-8a0f-0afbda444403,b3b70aa5-4fa2-45b3-8fc6-8fe0d25be89b,BFH2KAVSNP5G463F,Marked mistake corrected please review,2025-08-25 14:10:57.023,2025-08-25 14:10:58.679,2
27073989,bf996092-8d66-408a-8d8e-5065ca3330c2,967e785d-d83c-490b-8d6a-2ed926c956ac,badcabbc-9c95-4135-baa8-bcd96b51200c,WK7J3NJWMTCK9UWQ,,2025-08-26 04:57:32.78,2025-08-26 04:57:32.781,2
27073997,bf996092-8d66-408a-8d8e-5065ca3330c2,f6ab14eb-1a66-4ea5-8a0f-0afbda444403,b3b70aa5-4fa2-45b3-8fc6-8fe0d25be89b,NXBJU9KZRN2LR6EX,WAGAD DPR 22 AUG 25,2025-08-26 04:57:46.828,2025-08-26 04:57:46.87,2
27074036,bf996092-8d66-408a-8d8e-5065ca3330c2,f6ab14eb-1a66-4ea5-8a0f-0afbda444403,af547dcf-45c3-496d-a8c9-fe4243c1edfa,4UJ23BUBLD77JPG2,"",2025-08-26 04:58:10.633,2025-08-26 04:58:12.471,1
27074038,bf996092-8d66-408a-8d8e-5065ca3330c2,f6ab14eb-1a66-4ea5-8a0f-0afbda444403,87463da7-5ec4-4c73-a2b4-00089f3fb377,NXBJU9KZRN2LR6EX,WAGAD DPR 23 AUG 25,2025-08-26 04:58:23.068,2025-08-26 04:58:23.104,1
27074068,bf996092-8d66-408a-8d8e-5065ca3330c2,f6ab14eb-1a66-4ea5-8a0f-0afbda444403,af547dcf-45c3-496d-a8c9-fe4243c1edfa,NXBJU9KZRN2LR6EX,AMITECH DPR 25 AUG 25,2025-08-26 05:00:18.931,2025-08-26 05:00:18.961,1
27074130,bf996092-8d66-408a-8d8e-5065ca3330c2,967e785d-d83c-490b-8d6a-2ed926c956ac,d9e27066-e071-42de-9a5c-1aa9df32adb7,WK7J3NJWMTCK9UWQ,,2025-08-26 05:02:36.036,2025-08-26 05:02:36.038,2
27074224,bf996092-8d66-408a-8d8e-5065ca3330c2,f6ab14eb-1a66-4ea5-8a0f-0afbda444403,74f71fc6-dc81-4abf-89ab-a93ba6fa383f,S762NMGBKUB423MM,"",2025-08-26 05:08:16.61,2025-08-26 05:08:16.655,1
27074417,bf996092-8d66-408a-8d8e-5065ca3330c2,967e785d-d83c-490b-8d6a-2ed926c956ac,23642e71-1f6b-4233-85c1-dd79d15b7311,WK7J3NJWMTCK9UWQ,"",2025-08-26 05:16:37.426,2025-08-26 05:16:40.095,1
27074771,bf996092-8d66-408a-8d8e-5065ca3330c2,967e785d-d83c-490b-8d6a-2ed926c956ac,23642e71-1f6b-4233-85c1-dd79d15b7311,C6Z2RETEN3MN8XZF,"",2025-08-26 05:30:59.961,2025-08-26 05:30:59.999,1
27077289,bf996092-8d66-408a-8d8e-5065ca3330c2,23142979-9fb6-4fd3-bd82-62d7e0add75f,ee74e088-79b2-4055-b1ef-4deeb20dc71a,97GMJK5ZPRLF,"",2025-08-26 06:09:28.179,2025-08-26 06:09:30.409,1
27079382,bf996092-8d66-408a-8d8e-5065ca3330c2,23142979-9fb6-4fd3-bd82-62d7e0add75f,ee74e088-79b2-4055-b1ef-4deeb20dc71a,QNTJJ3CVR726KX4Z,ok,2025-08-26 07:06:19.141,2025-08-26 07:06:19.206,1
26997451,bf996092-8d66-408a-8d8e-5065ca3330c2,f6ab14eb-1a66-4ea5-8a0f-0afbda444403,6824ca80-f748-4061-a846-74137b3b8e55,FM42EJFZPNC5F3HF,At two places level is updated hence starting another review,2025-08-22 11:34:58.748,2025-08-22 11:34:58.749,1
26997452,bf996092-8d66-408a-8d8e-5065ca3330c2,f6ab14eb-1a66-4ea5-8a0f-0afbda444403,6824ca80-f748-4061-a846-74137b3b8e55,FM42EJFZPNC5F3HF,At two places level is updated hence starting another review,2025-08-22 11:34:58.752,2025-08-22 11:34:58.754,1
26997453,bf996092-8d66-408a-8d8e-5065ca3330c2,f6ab14eb-1a66-4ea5-8a0f-0afbda444403,6824ca80-f748-4061-a846-74137b3b8e55,FM42EJFZPNC5F3HF,At two places level is updated hence starting another review,2025-08-22 11:34:58.757,2025-08-22 11:34:58.759,1
26997454,bf996092-8d66-408a-8d8e-5065ca3330c2,f6ab14eb-1a66-4ea5-8a0f-0afbda444403,6824ca80-f748-4061-a846-74137b3b8e55,FM42EJFZPNC5F3HF,At two places level is updated hence starting another review,2025-08-22 11:34:58.764,2025-08-22 11:34:58.765,1
26997902,bf996092-8d66-408a-8d8e-5065ca3330c2,f6ab14eb-1a66-4ea5-8a0f-0afbda444403,d3c413ce-0973-46a2-8942-10d3dfee72a5,4UJ23BUBLD77JPG2,"",2025-08-22 11:49:41.84,2025-08-22 11:49:43.667,1
26998865,bf996092-8d66-408a-8d8e-5065ca3330c2,f6ab14eb-1a66-4ea5-8a0f-0afbda444403,e876dbb0-27f6-4f76-9cbe-26ca5b019595,FM42EJFZPNC5F3HF,"",2025-08-22 12:12:13.389,2025-08-22 12:12:15.508,1
27000026,bf996092-8d66-408a-8d8e-5065ca3330c2,f679f4cf-c089-4a2b-9b84-b14129630601,42b1cefe-d352-4b04-a3e3-321dae8b6630,FM42EJFZPNC5F3HF,1ST floor framing plan for review,2025-08-22 12:45:07.343,2025-08-22 12:45:09.284,2
27000173,bf996092-8d66-408a-8d8e-5065ca3330c2,f679f4cf-c089-4a2b-9b84-b14129630601,acecaf3c-c97f-4bcb-95a1-3f765595f68d,FM42EJFZPNC5F3HF,"3F, 4F, 5F for review",2025-08-22 12:48:03.944,2025-08-22 12:48:05.968,3
27000195,bf996092-8d66-408a-8d8e-5065ca3330c2,f679f4cf-c089-4a2b-9b84-b14129630601,7d494274-f38a-45eb-9a67-8682f23b4fbf,FM42EJFZPNC5F3HF,2F floor plan for review,2025-08-22 12:48:41.804,2025-08-22 12:48:43.787,4
27000235,bf996092-8d66-408a-8d8e-5065ca3330c2,f679f4cf-c089-4a2b-9b84-b14129630601,eafe6a24-57d5-41f5-adca-13b77f15efd6,FM42EJFZPNC5F3HF,TYPICAL FLOOR framing for review,2025-08-22 12:49:27.759,2025-08-22 12:49:29.604,3
27000327,bf996092-8d66-408a-8d8e-5065ca3330c2,f679f4cf-c089-4a2b-9b84-b14129630601,1dfe7a9a-f7d3-4948-8f18-88da05be51de,FM42EJFZPNC5F3HF,"",2025-08-22 12:52:21.281,2025-08-22 12:52:24.181,1
27000340,bf996092-8d66-408a-8d8e-5065ca3330c2,f679f4cf-c089-4a2b-9b84-b14129630601,bfed5479-4f30-4dd8-8160-8b737199faf6,FM42EJFZPNC5F3HF,"",2025-08-22 12:53:08.368,2025-08-22 12:53:10.383,1
27000375,bf996092-8d66-408a-8d8e-5065ca3330c2,2f551e7d-05e6-4bfc-8ee1-0ef3a8487c11,70484cd7-5fab-4aca-a932-2377e25ede38,CFCJQ2QBQP3V,"",2025-08-22 12:54:31.07,2025-08-22 12:54:33.054,1
27019166,bf996092-8d66-408a-8d8e-5065ca3330c2,f679f4cf-c089-4a2b-9b84-b14129630601,ba86b76b-17da-4890-86e9-9fb7a20e10ec,YQH2SLPMM8Q48DDT,"",2025-08-23 05:23:52.726,2025-08-23 05:23:54.511,1
27019169,bf996092-8d66-408a-8d8e-5065ca3330c2,f679f4cf-c089-4a2b-9b84-b14129630601,084246c4-c2e3-4d70-bb90-f63467748037,YQH2SLPMM8Q48DDT,"",2025-08-23 05:24:17.312,2025-08-23 05:24:18.971,1
27022987,bf996092-8d66-408a-8d8e-5065ca3330c2,f6ab14eb-1a66-4ea5-8a0f-0afbda444403,b479cd70-f554-4ad4-9d02-459f9f457358,4UJ23BUBLD77JPG2,"",2025-08-23 13:14:17.305,2025-08-23 13:14:19.049,1
27025351,bf996092-8d66-408a-8d8e-5065ca3330c2,f679f4cf-c089-4a2b-9b84-b14129630601,27280686-67a0-4c1a-8910-6f57802cf86f,YQH2SLPMM8Q48DDT,"",2025-08-24 04:26:50.878,2025-08-24 04:26:52.759,1
27038668,bf996092-8d66-408a-8d8e-5065ca3330c2,f6ab14eb-1a66-4ea5-8a0f-0afbda444403,d3c413ce-0973-46a2-8942-10d3dfee72a5,NXBJU9KZRN2LR6EX,AMITECH DPR 21 AUG 25,2025-08-25 07:12:53.169,2025-08-25 07:12:53.22,1
27038718,bf996092-8d66-408a-8d8e-5065ca3330c2,f6ab14eb-1a66-4ea5-8a0f-0afbda444403,b479cd70-f554-4ad4-9d02-459f9f457358,NXBJU9KZRN2LR6EX,"AMITECH DPR 22 AUG 25
",2025-08-25 07:15:19.268,2025-08-25 07:15:19.323,1
27038731,bf996092-8d66-408a-8d8e-5065ca3330c2,f6ab14eb-1a66-4ea5-8a0f-0afbda444403,0dfa5bb1-a522-4959-b227-90ac72ef89b1,NXBJU9KZRN2LR6EX,"",2025-08-25 07:15:56.986,2025-08-25 07:15:56.987,1
27038775,bf996092-8d66-408a-8d8e-5065ca3330c2,f6ab14eb-1a66-4ea5-8a0f-0afbda444403,910eda52-a98a-4f23-aa0b-dc6c59bbd26c,NXBJU9KZRN2LR6EX,AMITECH DPR 19 AUG 25,2025-08-25 07:17:39.746,2025-08-25 07:17:39.792,1
27038811,bf996092-8d66-408a-8d8e-5065ca3330c2,f6ab14eb-1a66-4ea5-8a0f-0afbda444403,4a4171c1-0bec-4ce3-8cbb-114e170c5914,NXBJU9KZRN2LR6EX,"",2025-08-25 07:19:18.85,2025-08-25 07:19:18.852,1
27038864,bf996092-8d66-408a-8d8e-5065ca3330c2,2f551e7d-05e6-4bfc-8ee1-0ef3a8487c11,1a3cbd0c-ae18-4d7a-919e-3a037c4eeb3a,CMJ2N3U8MSMRM8ZA,"As confirmed by Omaxe Structure team, only one member approval is required from structure peer review consultant team. Hence skip this step. and modification done in review workflow.",2025-08-25 07:20:55.803,2025-08-25 07:20:55.805,1
27038865,bf996092-8d66-408a-8d8e-5065ca3330c2,2f551e7d-05e6-4bfc-8ee1-0ef3a8487c11,1a3cbd0c-ae18-4d7a-919e-3a037c4eeb3a,CMJ2N3U8MSMRM8ZA,"As confirmed by Omaxe Structure team, only one member approval is required from structure peer review consultant team. Hence skip this step. and modification done in review workflow.",2025-08-25 07:20:55.811,2025-08-25 07:20:55.812,1
27038866,bf996092-8d66-408a-8d8e-5065ca3330c2,2f551e7d-05e6-4bfc-8ee1-0ef3a8487c11,1a3cbd0c-ae18-4d7a-919e-3a037c4eeb3a,CMJ2N3U8MSMRM8ZA,"As confirmed by Omaxe Structure team, only one member approval is required from structure peer review consultant team. Hence skip this step. and modification done in review workflow.",2025-08-25 07:20:55.816,2025-08-25 07:20:55.818,1
27038867,bf996092-8d66-408a-8d8e-5065ca3330c2,2f551e7d-05e6-4bfc-8ee1-0ef3a8487c11,1a3cbd0c-ae18-4d7a-919e-3a037c4eeb3a,CMJ2N3U8MSMRM8ZA,"As confirmed by Omaxe Structure team, only one member approval is required from structure peer review consultant team. Hence skip this step. and modification done in review workflow.",2025-08-25 07:20:55.821,2025-08-25 07:20:55.824,1
27038868,bf996092-8d66-408a-8d8e-5065ca3330c2,2f551e7d-05e6-4bfc-8ee1-0ef3a8487c11,1a3cbd0c-ae18-4d7a-919e-3a037c4eeb3a,CMJ2N3U8MSMRM8ZA,"As confirmed by Omaxe Structure team, only one member approval is required from structure peer review consultant team. Hence skip this step. and modification done in review workflow.",2025-08-25 07:20:55.833,2025-08-25 07:20:55.835,1
27038869,bf996092-8d66-408a-8d8e-5065ca3330c2,2f551e7d-05e6-4bfc-8ee1-0ef3a8487c11,1a3cbd0c-ae18-4d7a-919e-3a037c4eeb3a,CMJ2N3U8MSMRM8ZA,"As confirmed by Omaxe Structure team, only one member approval is required from structure peer review consultant team. Hence skip this step. and modification done in review workflow.",2025-08-25 07:20:55.838,2025-08-25 07:20:55.84,1
27038870,bf996092-8d66-408a-8d8e-5065ca3330c2,2f551e7d-05e6-4bfc-8ee1-0ef3a8487c11,1a3cbd0c-ae18-4d7a-919e-3a037c4eeb3a,CMJ2N3U8MSMRM8ZA,"As confirmed by Omaxe Structure team, only one member approval is required from structure peer review consultant team. Hence skip this step. and modification done in review workflow.",2025-08-25 07:20:55.842,2025-08-25 07:20:55.844,1
27038871,bf996092-8d66-408a-8d8e-5065ca3330c2,2f551e7d-05e6-4bfc-8ee1-0ef3a8487c11,1a3cbd0c-ae18-4d7a-919e-3a037c4eeb3a,CMJ2N3U8MSMRM8ZA,"As confirmed by Omaxe Structure team, only one member approval is required from structure peer review consultant team. Hence skip this step. and modification done in review workflow.",2025-08-25 07:20:55.847,2025-08-25 07:20:55.849,1
27038872,bf996092-8d66-408a-8d8e-5065ca3330c2,2f551e7d-05e6-4bfc-8ee1-0ef3a8487c11,1a3cbd0c-ae18-4d7a-919e-3a037c4eeb3a,CMJ2N3U8MSMRM8ZA,"As confirmed by Omaxe Structure team, only one member approval is required from structure peer review consultant team. Hence skip this step. and modification done in review workflow.",2025-08-25 07:20:55.857,2025-08-25 07:20:55.858,1
27038892,bf996092-8d66-408a-8d8e-5065ca3330c2,f6ab14eb-1a66-4ea5-8a0f-0afbda444403,36baf49d-8628-434a-880e-b79fd1dd3292,NXBJU9KZRN2LR6EX,"",2025-08-25 07:21:33.523,2025-08-25 07:21:33.525,1
27039249,bf996092-8d66-408a-8d8e-5065ca3330c2,f6ab14eb-1a66-4ea5-8a0f-0afbda444403,6dbfccdf-3fc0-4d32-9e4c-a7a89305e0e9,H4J29KZBMAKAE737,"",2025-08-25 07:34:06.545,2025-08-25 07:34:06.547,1
27039250,bf996092-8d66-408a-8d8e-5065ca3330c2,f6ab14eb-1a66-4ea5-8a0f-0afbda444403,6dbfccdf-3fc0-4d32-9e4c-a7a89305e0e9,H4J29KZBMAKAE737,"",2025-08-25 07:34:06.549,2025-08-25 07:34:06.55,1
27039251,bf996092-8d66-408a-8d8e-5065ca3330c2,f6ab14eb-1a66-4ea5-8a0f-0afbda444403,6dbfccdf-3fc0-4d32-9e4c-a7a89305e0e9,H4J29KZBMAKAE737,"",2025-08-25 07:34:06.552,2025-08-25 07:34:06.553,1
27039252,bf996092-8d66-408a-8d8e-5065ca3330c2,f6ab14eb-1a66-4ea5-8a0f-0afbda444403,6dbfccdf-3fc0-4d32-9e4c-a7a89305e0e9,H4J29KZBMAKAE737,"",2025-08-25 07:34:06.556,2025-08-25 07:34:06.558,1
27039253,bf996092-8d66-408a-8d8e-5065ca3330c2,f6ab14eb-1a66-4ea5-8a0f-0afbda444403,6dbfccdf-3fc0-4d32-9e4c-a7a89305e0e9,H4J29KZBMAKAE737,"",2025-08-25 07:34:06.56,2025-08-25 07:34:06.571,1
27039254,bf996092-8d66-408a-8d8e-5065ca3330c2,f6ab14eb-1a66-4ea5-8a0f-0afbda444403,6dbfccdf-3fc0-4d32-9e4c-a7a89305e0e9,H4J29KZBMAKAE737,"",2025-08-25 07:34:06.572,2025-08-25 07:34:06.574,1
27039478,bf996092-8d66-408a-8d8e-5065ca3330c2,f6ab14eb-1a66-4ea5-8a0f-0afbda444403,7df660ac-e203-4522-b551-e7e689b4c6b4,BFH2KAVSNP5G463F,"",2025-08-25 07:41:08.911,2025-08-25 07:41:10.668,1
27039524,bf996092-8d66-408a-8d8e-5065ca3330c2,f6ab14eb-1a66-4ea5-8a0f-0afbda444403,20718db2-472f-448c-85bb-fcb9dd052116,BFH2KAVSNP5G463F,"",2025-08-25 07:42:20.799,2025-08-25 07:42:22.5,1
27039801,bf996092-8d66-408a-8d8e-5065ca3330c2,ada6015d-9fce-4f2c-b20f-fc9122d2face,f9936fc7-abfe-4e2a-860a-16243823af26,3NH2Q57QKQWJE37V,"",2025-08-25 07:48:54.473,2025-08-25 07:48:54.476,1
27039957,bf996092-8d66-408a-8d8e-5065ca3330c2,f6ab14eb-1a66-4ea5-8a0f-0afbda444403,4a4171c1-0bec-4ce3-8cbb-114e170c5914,4UJ23BUBLD77JPG2,data corrected,2025-08-25 07:53:54.439,2025-08-25 07:53:56.065,2
27040104,bf996092-8d66-408a-8d8e-5065ca3330c2,f6ab14eb-1a66-4ea5-8a0f-0afbda444403,36baf49d-8628-434a-880e-b79fd1dd3292,4UJ23BUBLD77JPG2,DATA CORRECTED,2025-08-25 07:58:29.35,2025-08-25 07:58:32.046,2
27041050,bf996092-8d66-408a-8d8e-5065ca3330c2,f6ab14eb-1a66-4ea5-8a0f-0afbda444403,4a4171c1-0bec-4ce3-8cbb-114e170c5914,NXBJU9KZRN2LR6EX,AMITECH DPR 23 AUG 25,2025-08-25 08:28:16.675,2025-08-25 08:28:16.733,2
27041103,bf996092-8d66-408a-8d8e-5065ca3330c2,f6ab14eb-1a66-4ea5-8a0f-0afbda444403,36baf49d-8628-434a-880e-b79fd1dd3292,NXBJU9KZRN2LR6EX,AMITECH DPR 24 AUG 25,2025-08-25 08:29:23.529,2025-08-25 08:29:23.576,2
27041310,bf996092-8d66-408a-8d8e-5065ca3330c2,2f551e7d-05e6-4bfc-8ee1-0ef3a8487c11,c1ea6016-d692-40e1-a318-a1a889984aff,CMJ2N3U8MSMRM8ZA,"As confirmed by Omaxe Structure team, only one member approval is required from structure peer review consultant team. Hence skip this step. and modification done in workflow.",2025-08-25 08:33:52.22,2025-08-25 08:33:52.221,2
27041311,bf996092-8d66-408a-8d8e-5065ca3330c2,2f551e7d-05e6-4bfc-8ee1-0ef3a8487c11,c1ea6016-d692-40e1-a318-a1a889984aff,CMJ2N3U8MSMRM8ZA,"As confirmed by Omaxe Structure team, only one member approval is required from structure peer review consultant team. Hence skip this step. and modification done in workflow.",2025-08-25 08:33:52.225,2025-08-25 08:33:52.226,2
27041312,bf996092-8d66-408a-8d8e-5065ca3330c2,2f551e7d-05e6-4bfc-8ee1-0ef3a8487c11,c1ea6016-d692-40e1-a318-a1a889984aff,CMJ2N3U8MSMRM8ZA,"As confirmed by Omaxe Structure team, only one member approval is required from structure peer review consultant team. Hence skip this step. and modification done in workflow.",2025-08-25 08:33:52.229,2025-08-25 08:33:52.23,2
27041313,bf996092-8d66-408a-8d8e-5065ca3330c2,2f551e7d-05e6-4bfc-8ee1-0ef3a8487c11,c1ea6016-d692-40e1-a318-a1a889984aff,CMJ2N3U8MSMRM8ZA,"As confirmed by Omaxe Structure team, only one member approval is required from structure peer review consultant team. Hence skip this step. and modification done in workflow.",2025-08-25 08:33:52.233,2025-08-25 08:33:52.234,2
27041314,bf996092-8d66-408a-8d8e-5065ca3330c2,2f551e7d-05e6-4bfc-8ee1-0ef3a8487c11,c1ea6016-d692-40e1-a318-a1a889984aff,CMJ2N3U8MSMRM8ZA,"As confirmed by Omaxe Structure team, only one member approval is required from structure peer review consultant team. Hence skip this step. and modification done in workflow.",2025-08-25 08:33:52.237,2025-08-25 08:33:52.238,2
27041315,bf996092-8d66-408a-8d8e-5065ca3330c2,2f551e7d-05e6-4bfc-8ee1-0ef3a8487c11,c1ea6016-d692-40e1-a318-a1a889984aff,CMJ2N3U8MSMRM8ZA,"As confirmed by Omaxe Structure team, only one member approval is required from structure peer review consultant team. Hence skip this step. and modification done in workflow.",2025-08-25 08:33:52.241,2025-08-25 08:33:52.242,2
27041316,bf996092-8d66-408a-8d8e-5065ca3330c2,2f551e7d-05e6-4bfc-8ee1-0ef3a8487c11,c1ea6016-d692-40e1-a318-a1a889984aff,CMJ2N3U8MSMRM8ZA,"As confirmed by Omaxe Structure team, only one member approval is required from structure peer review consultant team. Hence skip this step. and modification done in workflow.",2025-08-25 08:33:52.246,2025-08-25 08:33:52.247,2
27041317,bf996092-8d66-408a-8d8e-5065ca3330c2,2f551e7d-05e6-4bfc-8ee1-0ef3a8487c11,c1ea6016-d692-40e1-a318-a1a889984aff,CMJ2N3U8MSMRM8ZA,"As confirmed by Omaxe Structure team, only one member approval is required from structure peer review consultant team. Hence skip this step. and modification done in workflow.",2025-08-25 08:33:52.25,2025-08-25 08:33:52.251,2
27041318,bf996092-8d66-408a-8d8e-5065ca3330c2,2f551e7d-05e6-4bfc-8ee1-0ef3a8487c11,c1ea6016-d692-40e1-a318-a1a889984aff,CMJ2N3U8MSMRM8ZA,"As confirmed by Omaxe Structure team, only one member approval is required from structure peer review consultant team. Hence skip this step. and modification done in workflow.",2025-08-25 08:33:52.255,2025-08-25 08:33:52.256,2
27044689,bf996092-8d66-408a-8d8e-5065ca3330c2,2f551e7d-05e6-4bfc-8ee1-0ef3a8487c11,c1ea6016-d692-40e1-a318-a1a889984aff,U832444WRVS9UXQV,Approved,2025-08-25 10:22:02.918,2025-08-25 10:22:02.95,2
27045153,bf996092-8d66-408a-8d8e-5065ca3330c2,2f551e7d-05e6-4bfc-8ee1-0ef3a8487c11,c1ea6016-d692-40e1-a318-a1a889984aff,D5ZKMDH5JP7L,Approved.,2025-08-25 10:38:26.032,2025-08-25 10:38:26.077,2
27045266,bf996092-8d66-408a-8d8e-5065ca3330c2,2f551e7d-05e6-4bfc-8ee1-0ef3a8487c11,1a3cbd0c-ae18-4d7a-919e-3a037c4eeb3a,U832444WRVS9UXQV,Approved.,2025-08-25 10:41:51.379,2025-08-25 10:41:51.418,1
27045347,bf996092-8d66-408a-8d8e-5065ca3330c2,2f551e7d-05e6-4bfc-8ee1-0ef3a8487c11,1a3cbd0c-ae18-4d7a-919e-3a037c4eeb3a,D5ZKMDH5JP7L,Approved.,2025-08-25 10:43:09.598,2025-08-25 10:43:09.659,1
27046573,bf996092-8d66-408a-8d8e-5065ca3330c2,f6ab14eb-1a66-4ea5-8a0f-0afbda444403,91739b11-1260-4a7a-bc3b-bdbbead31b55,BFH2KAVSNP5G463F,"",2025-08-25 11:22:27.478,2025-08-25 11:22:29.168,1
27047877,bf996092-8d66-408a-8d8e-5065ca3330c2,f679f4cf-c089-4a2b-9b84-b14129630601,574d6dc8-3194-4695-bff2-b743a34e9123,CMJ2N3U8MSMRM8ZA,"",2025-08-25 11:49:33.449,2025-08-25 11:49:33.45,1
27047965,bf996092-8d66-408a-8d8e-5065ca3330c2,f6ab14eb-1a66-4ea5-8a0f-0afbda444403,2374bd6c-dbfe-49ef-8314-06a5d4ce77fd,CMJ2N3U8MSMRM8ZA,"Review Send back to previous step, as project Architect and Lead MEP review skip due to workflow setting",2025-08-25 11:51:12.154,2025-08-25 11:51:12.156,1
27049054,bf996092-8d66-408a-8d8e-5065ca3330c2,2f551e7d-05e6-4bfc-8ee1-0ef3a8487c11,e7e9b4e8-0804-43cf-9a8e-277f927ac6ff,CFCJQ2QBQP3V,"",2025-08-25 12:16:16.561,2025-08-25 12:16:18.404,1
27049188,bf996092-8d66-408a-8d8e-5065ca3330c2,f6ab14eb-1a66-4ea5-8a0f-0afbda444403,2374bd6c-dbfe-49ef-8314-06a5d4ce77fd,DEFJY3LUP6UBKWPS,ok,2025-08-25 12:19:06.752,2025-08-25 12:19:06.788,1
27049864,bf996092-8d66-408a-8d8e-5065ca3330c2,f6ab14eb-1a66-4ea5-8a0f-0afbda444403,2374bd6c-dbfe-49ef-8314-06a5d4ce77fd,CMJ2N3U8MSMRM8ZA,"",2025-08-25 12:32:22.986,2025-08-25 12:32:22.988,1
27072976,bf996092-8d66-408a-8d8e-5065ca3330c2,f6ab14eb-1a66-4ea5-8a0f-0afbda444403,87463da7-5ec4-4c73-a2b4-00089f3fb377,BFH2KAVSNP5G463F,"",2025-08-26 04:13:13.698,2025-08-26 04:13:15.431,1
27073396,bf996092-8d66-408a-8d8e-5065ca3330c2,f679f4cf-c089-4a2b-9b84-b14129630601,81b16b59-495f-476b-b9e6-7dbced84b68e,YQH2SLPMM8Q48DDT,"",2025-08-26 04:33:08.517,2025-08-26 04:33:10.182,1
27073408,bf996092-8d66-408a-8d8e-5065ca3330c2,2f551e7d-05e6-4bfc-8ee1-0ef3a8487c11,70484cd7-5fab-4aca-a932-2377e25ede38,VM52VJACLXDVGKG6,Kindly refer excel log uploaded on following path: https://acc.autodesk.com/docs/files/projects/2f551e7d-05e6-4bfc-8ee1-0ef3a8487c11?folderUrn=urn%3Aadsk.wipprod%3Afs.folder%3Aco.rNHJGExmRCK8Tql1L23IQw&entityId=urn%3Aadsk.wipprod%3Adm.lineage%3AN2UHEuXVRbKlnm4vF3Jybg&viewModel=detail&moduleId=folders,2025-08-26 04:33:43.368,2025-08-26 04:33:43.371,1
27073409,bf996092-8d66-408a-8d8e-5065ca3330c2,2f551e7d-05e6-4bfc-8ee1-0ef3a8487c11,70484cd7-5fab-4aca-a932-2377e25ede38,VM52VJACLXDVGKG6,Kindly refer excel log uploaded on following path: https://acc.autodesk.com/docs/files/projects/2f551e7d-05e6-4bfc-8ee1-0ef3a8487c11?folderUrn=urn%3Aadsk.wipprod%3Afs.folder%3Aco.rNHJGExmRCK8Tql1L23IQw&entityId=urn%3Aadsk.wipprod%3Adm.lineage%3AN2UHEuXVRbKlnm4vF3Jybg&viewModel=detail&moduleId=folders,2025-08-26 04:33:43.373,2025-08-26 04:33:43.374,1
27073410,bf996092-8d66-408a-8d8e-5065ca3330c2,2f551e7d-05e6-4bfc-8ee1-0ef3a8487c11,70484cd7-5fab-4aca-a932-2377e25ede38,VM52VJACLXDVGKG6,Kindly refer excel log uploaded on following path: https://acc.autodesk.com/docs/files/projects/2f551e7d-05e6-4bfc-8ee1-0ef3a8487c11?folderUrn=urn%3Aadsk.wipprod%3Afs.folder%3Aco.rNHJGExmRCK8Tql1L23IQw&entityId=urn%3Aadsk.wipprod%3Adm.lineage%3AN2UHEuXVRbKlnm4vF3Jybg&viewModel=detail&moduleId=folders,2025-08-26 04:33:43.376,2025-08-26 04:33:43.377,1
27073411,bf996092-8d66-408a-8d8e-5065ca3330c2,2f551e7d-05e6-4bfc-8ee1-0ef3a8487c11,70484cd7-5fab-4aca-a932-2377e25ede38,VM52VJACLXDVGKG6,Kindly refer excel log uploaded on following path: https://acc.autodesk.com/docs/files/projects/2f551e7d-05e6-4bfc-8ee1-0ef3a8487c11?folderUrn=urn%3Aadsk.wipprod%3Afs.folder%3Aco.rNHJGExmRCK8Tql1L23IQw&entityId=urn%3Aadsk.wipprod%3Adm.lineage%3AN2UHEuXVRbKlnm4vF3Jybg&viewModel=detail&moduleId=folders,2025-08-26 04:33:43.378,2025-08-26 04:33:43.382,1
27073412,bf996092-8d66-408a-8d8e-5065ca3330c2,2f551e7d-05e6-4bfc-8ee1-0ef3a8487c11,70484cd7-5fab-4aca-a932-2377e25ede38,VM52VJACLXDVGKG6,Kindly refer excel log uploaded on following path: https://acc.autodesk.com/docs/files/projects/2f551e7d-05e6-4bfc-8ee1-0ef3a8487c11?folderUrn=urn%3Aadsk.wipprod%3Afs.folder%3Aco.rNHJGExmRCK8Tql1L23IQw&entityId=urn%3Aadsk.wipprod%3Adm.lineage%3AN2UHEuXVRbKlnm4vF3Jybg&viewModel=detail&moduleId=folders,2025-08-26 04:33:43.383,2025-08-26 04:33:43.384,1
27073413,bf996092-8d66-408a-8d8e-5065ca3330c2,2f551e7d-05e6-4bfc-8ee1-0ef3a8487c11,70484cd7-5fab-4aca-a932-2377e25ede38,VM52VJACLXDVGKG6,Kindly refer excel log uploaded on following path: https://acc.autodesk.com/docs/files/projects/2f551e7d-05e6-4bfc-8ee1-0ef3a8487c11?folderUrn=urn%3Aadsk.wipprod%3Afs.folder%3Aco.rNHJGExmRCK8Tql1L23IQw&entityId=urn%3Aadsk.wipprod%3Adm.lineage%3AN2UHEuXVRbKlnm4vF3Jybg&viewModel=detail&moduleId=folders,2025-08-26 04:33:43.386,2025-08-26 04:33:43.387,1
27073414,bf996092-8d66-408a-8d8e-5065ca3330c2,2f551e7d-05e6-4bfc-8ee1-0ef3a8487c11,70484cd7-5fab-4aca-a932-2377e25ede38,VM52VJACLXDVGKG6,Kindly refer excel log uploaded on following path: https://acc.autodesk.com/docs/files/projects/2f551e7d-05e6-4bfc-8ee1-0ef3a8487c11?folderUrn=urn%3Aadsk.wipprod%3Afs.folder%3Aco.rNHJGExmRCK8Tql1L23IQw&entityId=urn%3Aadsk.wipprod%3Adm.lineage%3AN2UHEuXVRbKlnm4vF3Jybg&viewModel=detail&moduleId=folders,2025-08-26 04:33:43.388,2025-08-26 04:33:43.389,1
27073415,bf996092-8d66-408a-8d8e-5065ca3330c2,2f551e7d-05e6-4bfc-8ee1-0ef3a8487c11,70484cd7-5fab-4aca-a932-2377e25ede38,VM52VJACLXDVGKG6,Kindly refer excel log uploaded on following path: https://acc.autodesk.com/docs/files/projects/2f551e7d-05e6-4bfc-8ee1-0ef3a8487c11?folderUrn=urn%3Aadsk.wipprod%3Afs.folder%3Aco.rNHJGExmRCK8Tql1L23IQw&entityId=urn%3Aadsk.wipprod%3Adm.lineage%3AN2UHEuXVRbKlnm4vF3Jybg&viewModel=detail&moduleId=folders,2025-08-26 04:33:43.39,2025-08-26 04:33:43.392,1
27073416,bf996092-8d66-408a-8d8e-5065ca3330c2,2f551e7d-05e6-4bfc-8ee1-0ef3a8487c11,70484cd7-5fab-4aca-a932-2377e25ede38,VM52VJACLXDVGKG6,Kindly refer excel log uploaded on following path: https://acc.autodesk.com/docs/files/projects/2f551e7d-05e6-4bfc-8ee1-0ef3a8487c11?folderUrn=urn%3Aadsk.wipprod%3Afs.folder%3Aco.rNHJGExmRCK8Tql1L23IQw&entityId=urn%3Aadsk.wipprod%3Adm.lineage%3AN2UHEuXVRbKlnm4vF3Jybg&viewModel=detail&moduleId=folders,2025-08-26 04:33:43.393,2025-08-26 04:33:43.394,1
27073510,bf996092-8d66-408a-8d8e-5065ca3330c2,f679f4cf-c089-4a2b-9b84-b14129630601,81b16b59-495f-476b-b9e6-7dbced84b68e,3NGJNZCXN8PBNTRV,"",2025-08-26 04:38:07.986,2025-08-26 04:38:08.016,1
27073775,bf996092-8d66-408a-8d8e-5065ca3330c2,967e785d-d83c-490b-8d6a-2ed926c956ac,57b0d546-844f-4269-a65b-1237c15b3ce5,C6Z2RETEN3MN8XZF,"",2025-08-26 04:48:47.859,2025-08-26 04:48:47.89,1
27073879,bf996092-8d66-408a-8d8e-5065ca3330c2,967e785d-d83c-490b-8d6a-2ed926c956ac,d9437eba-f87a-4034-8768-f08f55333ebc,WK7J3NJWMTCK9UWQ,,2025-08-26 04:53:33.827,2025-08-26 04:53:33.831,2
27080153,bf996092-8d66-408a-8d8e-5065ca3330c2,23142979-9fb6-4fd3-bd82-62d7e0add75f,ee74e088-79b2-4055-b1ef-4deeb20dc71a,K9J2CG72MCZ79CYB,ok,2025-08-26 07:23:30.871,2025-08-26 07:23:30.904,1
27080339,bf996092-8d66-408a-8d8e-5065ca3330c2,23142979-9fb6-4fd3-bd82-62d7e0add75f,ee74e088-79b2-4055-b1ef-4deeb20dc71a,8P32P78GQMSARQ95,Ok,2025-08-26 07:28:30.929,2025-08-26 07:28:30.989,1
27084074,bf996092-8d66-408a-8d8e-5065ca3330c2,f679f4cf-c089-4a2b-9b84-b14129630601,574d6dc8-3194-4695-bff2-b743a34e9123,H4J29KZBMAKAE737,"As discussed with Mr. Lalchand,
the drawing is good to go.",2025-08-26 08:55:28.248,2025-08-26 08:55:28.291,1
27084121,bf996092-8d66-408a-8d8e-5065ca3330c2,f6ab14eb-1a66-4ea5-8a0f-0afbda444403,2374bd6c-dbfe-49ef-8314-06a5d4ce77fd,H4J29KZBMAKAE737,"As discussed with Mr.Lalchand, the drawing is good to go.",2025-08-26 08:56:40.405,2025-08-26 08:56:40.434,1
27120796,bf996092-8d66-408a-8d8e-5065ca3330c2,23142979-9fb6-4fd3-bd82-62d7e0add75f,ee74e088-79b2-4055-b1ef-4deeb20dc71a,Y892LF63N69HWYZS,OK,2025-08-27 06:29:49.114,2025-08-27 06:29:49.156,1
27120902,bf996092-8d66-408a-8d8e-5065ca3330c2,f679f4cf-c089-4a2b-9b84-b14129630601,81a61e5c-689a-48c9-8a5a-2b77aec5c55a,S762NMGBKUB423MM,"Comments have been shared in Issue number 18, Kindly Incorporate before due date",2025-08-27 06:32:04.77,2025-08-27 06:32:04.773,1
27120964,bf996092-8d66-408a-8d8e-5065ca3330c2,f6ab14eb-1a66-4ea5-8a0f-0afbda444403,74f71fc6-dc81-4abf-89ab-a93ba6fa383f,S762NMGBKUB423MM,Approved,2025-08-27 06:33:55.218,2025-08-27 06:33:55.252,2
27121895,bf996092-8d66-408a-8d8e-5065ca3330c2,f6ab14eb-1a66-4ea5-8a0f-0afbda444403,74f71fc6-dc81-4abf-89ab-a93ba6fa383f,H4J29KZBMAKAE737,"Dear Team,
The drawing has been reviewed and found satisfactory. Please proceed with the further process.


",2025-08-27 06:58:10.362,2025-08-27 06:58:10.39,2
27121972,bf996092-8d66-408a-8d8e-5065ca3330c2,f6ab14eb-1a66-4ea5-8a0f-0afbda444403,74f71fc6-dc81-4abf-89ab-a93ba6fa383f,DX6J5SASN4NA66QN,"",2025-08-27 07:00:16.802,2025-08-27 07:00:16.833,2
27122704,bf996092-8d66-408a-8d8e-5065ca3330c2,f6ab14eb-1a66-4ea5-8a0f-0afbda444403,3dbb1ac4-68d7-4270-94e7-c3754db49380,4UJ23BUBLD77JPG2,"",2025-08-27 07:15:39.765,2025-08-27 07:15:41.516,1
27122720,bf996092-8d66-408a-8d8e-5065ca3330c2,f6ab14eb-1a66-4ea5-8a0f-0afbda444403,e876dbb0-27f6-4f76-9cbe-26ca5b019595,H4J29KZBMAKAE737,Kindly update the drawing as per your discussion with Archana.,2025-08-27 07:15:53.481,2025-08-27 07:15:53.483,1
27122721,bf996092-8d66-408a-8d8e-5065ca3330c2,f6ab14eb-1a66-4ea5-8a0f-0afbda444403,e876dbb0-27f6-4f76-9cbe-26ca5b019595,H4J29KZBMAKAE737,Kindly update the drawing as per your discussion with Archana.,2025-08-27 07:15:53.484,2025-08-27 07:15:53.485,1
27122722,bf996092-8d66-408a-8d8e-5065ca3330c2,f6ab14eb-1a66-4ea5-8a0f-0afbda444403,e876dbb0-27f6-4f76-9cbe-26ca5b019595,H4J29KZBMAKAE737,Kindly update the drawing as per your discussion with Archana.,2025-08-27 07:15:53.487,2025-08-27 07:15:53.488,1
27122723,bf996092-8d66-408a-8d8e-5065ca3330c2,f6ab14eb-1a66-4ea5-8a0f-0afbda444403,e876dbb0-27f6-4f76-9cbe-26ca5b019595,H4J29KZBMAKAE737,Kindly update the drawing as per your discussion with Archana.,2025-08-27 07:15:53.49,2025-08-27 07:15:53.491,1
27122724,bf996092-8d66-408a-8d8e-5065ca3330c2,f6ab14eb-1a66-4ea5-8a0f-0afbda444403,e876dbb0-27f6-4f76-9cbe-26ca5b019595,H4J29KZBMAKAE737,Kindly update the drawing as per your discussion with Archana.,2025-08-27 07:15:53.492,2025-08-27 07:15:53.493,1
27122725,bf996092-8d66-408a-8d8e-5065ca3330c2,f6ab14eb-1a66-4ea5-8a0f-0afbda444403,e876dbb0-27f6-4f76-9cbe-26ca5b019595,H4J29KZBMAKAE737,Kindly update the drawing as per your discussion with Archana.,2025-08-27 07:15:53.495,2025-08-27 07:15:53.496,1
27122726,bf996092-8d66-408a-8d8e-5065ca3330c2,f6ab14eb-1a66-4ea5-8a0f-0afbda444403,e876dbb0-27f6-4f76-9cbe-26ca5b019595,H4J29KZBMAKAE737,Kindly update the drawing as per your discussion with Archana.,2025-08-27 07:15:53.497,2025-08-27 07:15:53.498,1
27123936,bf996092-8d66-408a-8d8e-5065ca3330c2,f6ab14eb-1a66-4ea5-8a0f-0afbda444403,e876dbb0-27f6-4f76-9cbe-26ca5b019595,FM42EJFZPNC5F3HF,Foundation drawing for sign & stamp,2025-08-27 07:47:56.084,2025-08-27 07:47:57.984,2
27124120,bf996092-8d66-408a-8d8e-5065ca3330c2,967e785d-d83c-490b-8d6a-2ed926c956ac,b1a118f5-9947-427b-a95c-2bfb4d29b64a,WK7J3NJWMTCK9UWQ,"",2025-08-27 07:53:19.006,2025-08-27 07:53:20.696,1
27126705,bf996092-8d66-408a-8d8e-5065ca3330c2,f6ab14eb-1a66-4ea5-8a0f-0afbda444403,3dbb1ac4-68d7-4270-94e7-c3754db49380,NXBJU9KZRN2LR6EX,Please change the required manpower column fill as per site requirement.,2025-08-27 08:54:40.794,2025-08-27 08:54:40.849,1
27126730,bf996092-8d66-408a-8d8e-5065ca3330c2,967e785d-d83c-490b-8d6a-2ed926c956ac,b1a118f5-9947-427b-a95c-2bfb4d29b64a,C6Z2RETEN3MN8XZF,"",2025-08-27 08:55:30.529,2025-08-27 08:55:30.607,1
27127565,bf996092-8d66-408a-8d8e-5065ca3330c2,f6ab14eb-1a66-4ea5-8a0f-0afbda444403,e876dbb0-27f6-4f76-9cbe-26ca5b019595,NTHFQB8P8X3C,The drawing has been reviewed and approved for GFC,2025-08-27 09:21:28.585,2025-08-27 09:21:28.642,2
27128379,bf996092-8d66-408a-8d8e-5065ca3330c2,f6ab14eb-1a66-4ea5-8a0f-0afbda444403,e876dbb0-27f6-4f76-9cbe-26ca5b019595,H4J29KZBMAKAE737,"Dear Team,
The drawing has been reviewed, kindly procced for further process.",2025-08-27 09:48:40.702,2025-08-27 09:48:40.75,2
27128420,bf996092-8d66-408a-8d8e-5065ca3330c2,f6ab14eb-1a66-4ea5-8a0f-0afbda444403,e876dbb0-27f6-4f76-9cbe-26ca5b019595,DX6J5SASN4NA66QN,"",2025-08-27 09:49:45.7,2025-08-27 09:49:45.732,2
27130918,bf996092-8d66-408a-8d8e-5065ca3330c2,f679f4cf-c089-4a2b-9b84-b14129630601,42b1cefe-d352-4b04-a3e3-321dae8b6630,NTHFQB8P8X3C,Required Section Marking which was mentioned in previous observation. ,2025-08-27 11:03:39.606,2025-08-27 11:03:39.609,2
27130919,bf996092-8d66-408a-8d8e-5065ca3330c2,f679f4cf-c089-4a2b-9b84-b14129630601,42b1cefe-d352-4b04-a3e3-321dae8b6630,NTHFQB8P8X3C,Required Section Marking which was mentioned in previous observation. ,2025-08-27 11:03:39.611,2025-08-27 11:03:39.612,2
27130920,bf996092-8d66-408a-8d8e-5065ca3330c2,f679f4cf-c089-4a2b-9b84-b14129630601,42b1cefe-d352-4b04-a3e3-321dae8b6630,NTHFQB8P8X3C,Required Section Marking which was mentioned in previous observation. ,2025-08-27 11:03:39.614,2025-08-27 11:03:39.615,2
27130921,bf996092-8d66-408a-8d8e-5065ca3330c2,f679f4cf-c089-4a2b-9b84-b14129630601,42b1cefe-d352-4b04-a3e3-321dae8b6630,NTHFQB8P8X3C,Required Section Marking which was mentioned in previous observation. ,2025-08-27 11:03:39.617,2025-08-27 11:03:39.618,2
27130922,bf996092-8d66-408a-8d8e-5065ca3330c2,f679f4cf-c089-4a2b-9b84-b14129630601,42b1cefe-d352-4b04-a3e3-321dae8b6630,NTHFQB8P8X3C,Required Section Marking which was mentioned in previous observation. ,2025-08-27 11:03:39.62,2025-08-27 11:03:39.621,2
27130923,bf996092-8d66-408a-8d8e-5065ca3330c2,f679f4cf-c089-4a2b-9b84-b14129630601,42b1cefe-d352-4b04-a3e3-321dae8b6630,NTHFQB8P8X3C,Required Section Marking which was mentioned in previous observation. ,2025-08-27 11:03:39.623,2025-08-27 11:03:39.624,2
27130924,bf996092-8d66-408a-8d8e-5065ca3330c2,f679f4cf-c089-4a2b-9b84-b14129630601,42b1cefe-d352-4b04-a3e3-321dae8b6630,NTHFQB8P8X3C,Required Section Marking which was mentioned in previous observation. ,2025-08-27 11:03:39.625,2025-08-27 11:03:39.626,2
27130925,bf996092-8d66-408a-8d8e-5065ca3330c2,f679f4cf-c089-4a2b-9b84-b14129630601,42b1cefe-d352-4b04-a3e3-321dae8b6630,NTHFQB8P8X3C,Required Section Marking which was mentioned in previous observation. ,2025-08-27 11:03:39.628,2025-08-27 11:03:39.629,2
27130926,bf996092-8d66-408a-8d8e-5065ca3330c2,f679f4cf-c089-4a2b-9b84-b14129630601,42b1cefe-d352-4b04-a3e3-321dae8b6630,NTHFQB8P8X3C,Required Section Marking which was mentioned in previous observation. ,2025-08-27 11:03:39.63,2025-08-27 11:03:39.632,2
27131691,bf996092-8d66-408a-8d8e-5065ca3330c2,f679f4cf-c089-4a2b-9b84-b14129630601,7d494274-f38a-45eb-9a67-8682f23b4fbf,NTHFQB8P8X3C,Observation need to attend  which was mentioned previously .,2025-08-27 11:24:14.193,2025-08-27 11:24:14.195,4
27131692,bf996092-8d66-408a-8d8e-5065ca3330c2,f679f4cf-c089-4a2b-9b84-b14129630601,7d494274-f38a-45eb-9a67-8682f23b4fbf,NTHFQB8P8X3C,Observation need to attend  which was mentioned previously .,2025-08-27 11:24:14.197,2025-08-27 11:24:14.198,4
27131693,bf996092-8d66-408a-8d8e-5065ca3330c2,f679f4cf-c089-4a2b-9b84-b14129630601,7d494274-f38a-45eb-9a67-8682f23b4fbf,NTHFQB8P8X3C,Observation need to attend  which was mentioned previously .,2025-08-27 11:24:14.2,2025-08-27 11:24:14.201,4
27131694,bf996092-8d66-408a-8d8e-5065ca3330c2,f679f4cf-c089-4a2b-9b84-b14129630601,7d494274-f38a-45eb-9a67-8682f23b4fbf,NTHFQB8P8X3C,Observation need to attend  which was mentioned previously .,2025-08-27 11:24:14.203,2025-08-27 11:24:14.204,4
27131695,bf996092-8d66-408a-8d8e-5065ca3330c2,f679f4cf-c089-4a2b-9b84-b14129630601,7d494274-f38a-45eb-9a67-8682f23b4fbf,NTHFQB8P8X3C,Observation need to attend  which was mentioned previously .,2025-08-27 11:24:14.206,2025-08-27 11:24:14.207,4
27131696,bf996092-8d66-408a-8d8e-5065ca3330c2,f679f4cf-c089-4a2b-9b84-b14129630601,7d494274-f38a-45eb-9a67-8682f23b4fbf,NTHFQB8P8X3C,Observation need to attend  which was mentioned previously .,2025-08-27 11:24:14.209,2025-08-27 11:24:14.21,4
27131697,bf996092-8d66-408a-8d8e-5065ca3330c2,f679f4cf-c089-4a2b-9b84-b14129630601,7d494274-f38a-45eb-9a67-8682f23b4fbf,NTHFQB8P8X3C,Observation need to attend  which was mentioned previously .,2025-08-27 11:24:14.212,2025-08-27 11:24:14.213,4
27131698,bf996092-8d66-408a-8d8e-5065ca3330c2,f679f4cf-c089-4a2b-9b84-b14129630601,7d494274-f38a-45eb-9a67-8682f23b4fbf,NTHFQB8P8X3C,Observation need to attend  which was mentioned previously .,2025-08-27 11:24:14.215,2025-08-27 11:24:14.216,4
27131699,bf996092-8d66-408a-8d8e-5065ca3330c2,f679f4cf-c089-4a2b-9b84-b14129630601,7d494274-f38a-45eb-9a67-8682f23b4fbf,NTHFQB8P8X3C,Observation need to attend  which was mentioned previously .,2025-08-27 11:24:14.217,2025-08-27 11:24:14.219,4
27169131,bf996092-8d66-408a-8d8e-5065ca3330c2,2f551e7d-05e6-4bfc-8ee1-0ef3a8487c11,831d7e30-7e71-4b64-bd31-896d3cedf3f2,VM52VJACLXDVGKG6,"Kindly refer pdf files uploaded on following path for comments on UGT:

https://acc.autodesk.com/docs/files/projects/2f551e7d-05e6-4bfc-8ee1-0ef3a8487c11?folderUrn=urn%3Aadsk.wipprod%3Afs.folder%3Aco.U3OuDs4nQl2MeJjOc6hEyQ&entityId=urn%3Aadsk.wipprod%3Adm.lineage%3AEhsYjKPORmSNipPbzm3v5Q&viewModel=detail&moduleId=folders",2025-08-28 08:10:09.346,2025-08-28 08:10:09.348,1
27169132,bf996092-8d66-408a-8d8e-5065ca3330c2,2f551e7d-05e6-4bfc-8ee1-0ef3a8487c11,831d7e30-7e71-4b64-bd31-896d3cedf3f2,VM52VJACLXDVGKG6,"Kindly refer pdf files uploaded on following path for comments on UGT:

https://acc.autodesk.com/docs/files/projects/2f551e7d-05e6-4bfc-8ee1-0ef3a8487c11?folderUrn=urn%3Aadsk.wipprod%3Afs.folder%3Aco.U3OuDs4nQl2MeJjOc6hEyQ&entityId=urn%3Aadsk.wipprod%3Adm.lineage%3AEhsYjKPORmSNipPbzm3v5Q&viewModel=detail&moduleId=folders",2025-08-28 08:10:09.351,2025-08-28 08:10:09.352,1
27169133,bf996092-8d66-408a-8d8e-5065ca3330c2,2f551e7d-05e6-4bfc-8ee1-0ef3a8487c11,831d7e30-7e71-4b64-bd31-896d3cedf3f2,VM52VJACLXDVGKG6,"Kindly refer pdf files uploaded on following path for comments on UGT:

https://acc.autodesk.com/docs/files/projects/2f551e7d-05e6-4bfc-8ee1-0ef3a8487c11?folderUrn=urn%3Aadsk.wipprod%3Afs.folder%3Aco.U3OuDs4nQl2MeJjOc6hEyQ&entityId=urn%3Aadsk.wipprod%3Adm.lineage%3AEhsYjKPORmSNipPbzm3v5Q&viewModel=detail&moduleId=folders",2025-08-28 08:10:09.356,2025-08-28 08:10:09.358,1
27169134,bf996092-8d66-408a-8d8e-5065ca3330c2,2f551e7d-05e6-4bfc-8ee1-0ef3a8487c11,831d7e30-7e71-4b64-bd31-896d3cedf3f2,VM52VJACLXDVGKG6,"Kindly refer pdf files uploaded on following path for comments on UGT:

https://acc.autodesk.com/docs/files/projects/2f551e7d-05e6-4bfc-8ee1-0ef3a8487c11?folderUrn=urn%3Aadsk.wipprod%3Afs.folder%3Aco.U3OuDs4nQl2MeJjOc6hEyQ&entityId=urn%3Aadsk.wipprod%3Adm.lineage%3AEhsYjKPORmSNipPbzm3v5Q&viewModel=detail&moduleId=folders",2025-08-28 08:10:09.36,2025-08-28 08:10:09.362,1
27169135,bf996092-8d66-408a-8d8e-5065ca3330c2,2f551e7d-05e6-4bfc-8ee1-0ef3a8487c11,831d7e30-7e71-4b64-bd31-896d3cedf3f2,VM52VJACLXDVGKG6,"Kindly refer pdf files uploaded on following path for comments on UGT:

https://acc.autodesk.com/docs/files/projects/2f551e7d-05e6-4bfc-8ee1-0ef3a8487c11?folderUrn=urn%3Aadsk.wipprod%3Afs.folder%3Aco.U3OuDs4nQl2MeJjOc6hEyQ&entityId=urn%3Aadsk.wipprod%3Adm.lineage%3AEhsYjKPORmSNipPbzm3v5Q&viewModel=detail&moduleId=folders",2025-08-28 08:10:09.364,2025-08-28 08:10:09.366,1
27169136,bf996092-8d66-408a-8d8e-5065ca3330c2,2f551e7d-05e6-4bfc-8ee1-0ef3a8487c11,831d7e30-7e71-4b64-bd31-896d3cedf3f2,VM52VJACLXDVGKG6,"Kindly refer pdf files uploaded on following path for comments on UGT:

https://acc.autodesk.com/docs/files/projects/2f551e7d-05e6-4bfc-8ee1-0ef3a8487c11?folderUrn=urn%3Aadsk.wipprod%3Afs.folder%3Aco.U3OuDs4nQl2MeJjOc6hEyQ&entityId=urn%3Aadsk.wipprod%3Adm.lineage%3AEhsYjKPORmSNipPbzm3v5Q&viewModel=detail&moduleId=folders",2025-08-28 08:10:09.368,2025-08-28 08:10:09.37,1
27169137,bf996092-8d66-408a-8d8e-5065ca3330c2,2f551e7d-05e6-4bfc-8ee1-0ef3a8487c11,831d7e30-7e71-4b64-bd31-896d3cedf3f2,VM52VJACLXDVGKG6,"Kindly refer pdf files uploaded on following path for comments on UGT:

https://acc.autodesk.com/docs/files/projects/2f551e7d-05e6-4bfc-8ee1-0ef3a8487c11?folderUrn=urn%3Aadsk.wipprod%3Afs.folder%3Aco.U3OuDs4nQl2MeJjOc6hEyQ&entityId=urn%3Aadsk.wipprod%3Adm.lineage%3AEhsYjKPORmSNipPbzm3v5Q&viewModel=detail&moduleId=folders",2025-08-28 08:10:09.373,2025-08-28 08:10:09.374,1
27169138,bf996092-8d66-408a-8d8e-5065ca3330c2,2f551e7d-05e6-4bfc-8ee1-0ef3a8487c11,831d7e30-7e71-4b64-bd31-896d3cedf3f2,VM52VJACLXDVGKG6,"Kindly refer pdf files uploaded on following path for comments on UGT:

https://acc.autodesk.com/docs/files/projects/2f551e7d-05e6-4bfc-8ee1-0ef3a8487c11?folderUrn=urn%3Aadsk.wipprod%3Afs.folder%3Aco.U3OuDs4nQl2MeJjOc6hEyQ&entityId=urn%3Aadsk.wipprod%3Adm.lineage%3AEhsYjKPORmSNipPbzm3v5Q&viewModel=detail&moduleId=folders",2025-08-28 08:10:09.376,2025-08-28 08:10:09.378,1
27170158,bf996092-8d66-408a-8d8e-5065ca3330c2,967e785d-d83c-490b-8d6a-2ed926c956ac,1212ab21-0b83-4c7d-8192-45e87a8256b9,WK7J3NJWMTCK9UWQ,"",2025-08-28 08:36:39.824,2025-08-28 08:36:41.512,1
27172205,bf996092-8d66-408a-8d8e-5065ca3330c2,f679f4cf-c089-4a2b-9b84-b14129630601,4d4fe0da-c9af-453b-8d7c-5aae4e1d45b2,FM42EJFZPNC5F3HF,"",2025-08-28 09:24:11.935,2025-08-28 09:24:13.974,1
27174878,bf996092-8d66-408a-8d8e-5065ca3330c2,f6ab14eb-1a66-4ea5-8a0f-0afbda444403,e9450e2b-f5d0-4e00-a73f-afe5ea705e13,S762NMGBKUB423MM,"We have shared comments in Issue no 7,
Kindly incorporate and revert ASAP",2025-08-28 10:35:50.941,2025-08-28 10:35:50.991,1
27174916,bf996092-8d66-408a-8d8e-5065ca3330c2,f6ab14eb-1a66-4ea5-8a0f-0afbda444403,e9450e2b-f5d0-4e00-a73f-afe5ea705e13,G5LJ2CH9PRAMRT7X,Please modify the drawing as per comments provided. If any issue please discuss.,2025-08-28 10:37:38.254,2025-08-28 10:37:38.256,1
27176048,bf996092-8d66-408a-8d8e-5065ca3330c2,967e785d-d83c-490b-8d6a-2ed926c956ac,1212ab21-0b83-4c7d-8192-45e87a8256b9,C6Z2RETEN3MN8XZF,"",2025-08-28 11:14:51.463,2025-08-28 11:14:51.496,1
27176658,bf996092-8d66-408a-8d8e-5065ca3330c2,f6ab14eb-1a66-4ea5-8a0f-0afbda444403,74f71fc6-dc81-4abf-89ab-a93ba6fa383f,FM42EJFZPNC5F3HF,Retaining wall drawing for sign & stamp,2025-08-28 11:28:32.715,2025-08-28 11:28:34.641,3
27176815,bf996092-8d66-408a-8d8e-5065ca3330c2,f6ab14eb-1a66-4ea5-8a0f-0afbda444403,e876dbb0-27f6-4f76-9cbe-26ca5b019595,S762NMGBKUB423MM,Approved,2025-08-28 11:31:15.382,2025-08-28 11:31:15.425,2
27178602,bf996092-8d66-408a-8d8e-5065ca3330c2,f679f4cf-c089-4a2b-9b84-b14129630601,37256ea0-c9c7-4398-ada2-1fcf9ca88b55,H4J29KZBMAKAE737,"Dear Team,
The drawing has been reviewed and found satisfactory. Kindly proceed with the further process.

Thanks",2025-08-28 12:16:24.583,2025-08-28 12:16:24.624,2
27178864,bf996092-8d66-408a-8d8e-5065ca3330c2,f6ab14eb-1a66-4ea5-8a0f-0afbda444403,74f71fc6-dc81-4abf-89ab-a93ba6fa383f,NTHFQB8P8X3C,Drawing has been approved ,2025-08-28 12:22:33.562,2025-08-28 12:22:33.633,3
27073940,bf996092-8d66-408a-8d8e-5065ca3330c2,f6ab14eb-1a66-4ea5-8a0f-0afbda444403,91739b11-1260-4a7a-bc3b-bdbbead31b55,NXBJU9KZRN2LR6EX,WAGAD DPR 20 AUG 25,2025-08-26 04:55:23.174,2025-08-26 04:55:23.206,2
27073941,bf996092-8d66-408a-8d8e-5065ca3330c2,967e785d-d83c-490b-8d6a-2ed926c956ac,4a1518c2-7652-4d00-8a52-302f8a9dd7f9,WK7J3NJWMTCK9UWQ,,2025-08-26 04:55:24.611,2025-08-26 04:55:24.613,2
27073953,bf996092-8d66-408a-8d8e-5065ca3330c2,967e785d-d83c-490b-8d6a-2ed926c956ac,db06c00c-0d4c-4a16-a542-6d89689d073b,WK7J3NJWMTCK9UWQ,,2025-08-26 04:56:05.953,2025-08-26 04:56:05.955,2
27073971,bf996092-8d66-408a-8d8e-5065ca3330c2,f6ab14eb-1a66-4ea5-8a0f-0afbda444403,dc736d0d-4521-4122-af1c-36ff393ae670,NXBJU9KZRN2LR6EX,WAGAD DPR 21 AUG 25,2025-08-26 04:56:46.664,2025-08-26 04:56:46.708,2
27085847,bf996092-8d66-408a-8d8e-5065ca3330c2,f6ab14eb-1a66-4ea5-8a0f-0afbda444403,74f71fc6-dc81-4abf-89ab-a93ba6fa383f,NTHFQB8P8X3C,"",2025-08-26 09:49:37.839,2025-08-26 09:49:37.841,1
27085848,bf996092-8d66-408a-8d8e-5065ca3330c2,f6ab14eb-1a66-4ea5-8a0f-0afbda444403,74f71fc6-dc81-4abf-89ab-a93ba6fa383f,NTHFQB8P8X3C,"",2025-08-26 09:49:37.842,2025-08-26 09:49:37.844,1
27085849,bf996092-8d66-408a-8d8e-5065ca3330c2,f6ab14eb-1a66-4ea5-8a0f-0afbda444403,74f71fc6-dc81-4abf-89ab-a93ba6fa383f,NTHFQB8P8X3C,"",2025-08-26 09:49:37.845,2025-08-26 09:49:37.846,1
27085850,bf996092-8d66-408a-8d8e-5065ca3330c2,f6ab14eb-1a66-4ea5-8a0f-0afbda444403,74f71fc6-dc81-4abf-89ab-a93ba6fa383f,NTHFQB8P8X3C,"",2025-08-26 09:49:37.848,2025-08-26 09:49:37.849,1
27085851,bf996092-8d66-408a-8d8e-5065ca3330c2,f6ab14eb-1a66-4ea5-8a0f-0afbda444403,74f71fc6-dc81-4abf-89ab-a93ba6fa383f,NTHFQB8P8X3C,"",2025-08-26 09:49:37.851,2025-08-26 09:49:37.852,1
27085852,bf996092-8d66-408a-8d8e-5065ca3330c2,f6ab14eb-1a66-4ea5-8a0f-0afbda444403,74f71fc6-dc81-4abf-89ab-a93ba6fa383f,NTHFQB8P8X3C,"",2025-08-26 09:49:37.854,2025-08-26 09:49:37.855,1
27085853,bf996092-8d66-408a-8d8e-5065ca3330c2,f6ab14eb-1a66-4ea5-8a0f-0afbda444403,74f71fc6-dc81-4abf-89ab-a93ba6fa383f,NTHFQB8P8X3C,"",2025-08-26 09:49:37.86,2025-08-26 09:49:37.863,1
27085854,bf996092-8d66-408a-8d8e-5065ca3330c2,f6ab14eb-1a66-4ea5-8a0f-0afbda444403,74f71fc6-dc81-4abf-89ab-a93ba6fa383f,NTHFQB8P8X3C,"",2025-08-26 09:49:37.864,2025-08-26 09:49:37.866,1
27086149,bf996092-8d66-408a-8d8e-5065ca3330c2,f6ab14eb-1a66-4ea5-8a0f-0afbda444403,e876dbb0-27f6-4f76-9cbe-26ca5b019595,DX6J5SASN4NA66QN,"",2025-08-26 09:59:06.971,2025-08-26 09:59:07.03,1
27086190,bf996092-8d66-408a-8d8e-5065ca3330c2,f6ab14eb-1a66-4ea5-8a0f-0afbda444403,c8e2cc6f-4052-41ea-8e60-c949c4572109,BFH2KAVSNP5G463F,"",2025-08-26 10:00:51.404,2025-08-26 10:00:53.159,1
27086486,bf996092-8d66-408a-8d8e-5065ca3330c2,f6ab14eb-1a66-4ea5-8a0f-0afbda444403,ead6dc43-8b97-476e-95fe-5c52f83e1e13,BFH2KAVSNP5G463F,"",2025-08-26 10:12:10.939,2025-08-26 10:12:12.682,1
27093515,bf996092-8d66-408a-8d8e-5065ca3330c2,f6ab14eb-1a66-4ea5-8a0f-0afbda444403,74f71fc6-dc81-4abf-89ab-a93ba6fa383f,FM42EJFZPNC5F3HF,RETAINING WALL LAYOUT FOR SIGN & STAMP,2025-08-26 13:04:20.17,2025-08-26 13:04:22.11,2
27094242,bf996092-8d66-408a-8d8e-5065ca3330c2,f6ab14eb-1a66-4ea5-8a0f-0afbda444403,e9450e2b-f5d0-4e00-a73f-afe5ea705e13,FM42EJFZPNC5F3HF,"",2025-08-26 13:14:15,2025-08-26 13:14:16.756,1
27094785,bf996092-8d66-408a-8d8e-5065ca3330c2,2f551e7d-05e6-4bfc-8ee1-0ef3a8487c11,831d7e30-7e71-4b64-bd31-896d3cedf3f2,CFCJQ2QBQP3V,"",2025-08-26 13:25:30.666,2025-08-26 13:25:33.192,1
27116654,bf996092-8d66-408a-8d8e-5065ca3330c2,f6ab14eb-1a66-4ea5-8a0f-0afbda444403,9bc0382b-a984-42d1-9bcf-c060c8a7da68,BFH2KAVSNP5G463F,"",2025-08-27 03:25:15.793,2025-08-27 03:25:17.648,1
27117941,bf996092-8d66-408a-8d8e-5065ca3330c2,f6ab14eb-1a66-4ea5-8a0f-0afbda444403,c8e2cc6f-4052-41ea-8e60-c949c4572109,NXBJU9KZRN2LR6EX,WAGAD DPR 24 AUG 25,2025-08-27 04:31:07.63,2025-08-27 04:31:07.662,1
27117959,bf996092-8d66-408a-8d8e-5065ca3330c2,f6ab14eb-1a66-4ea5-8a0f-0afbda444403,ead6dc43-8b97-476e-95fe-5c52f83e1e13,NXBJU9KZRN2LR6EX,WAGAD DPR 25 AUG 25,2025-08-27 04:32:02.266,2025-08-27 04:32:02.296,1
27117975,bf996092-8d66-408a-8d8e-5065ca3330c2,f6ab14eb-1a66-4ea5-8a0f-0afbda444403,9bc0382b-a984-42d1-9bcf-c060c8a7da68,NXBJU9KZRN2LR6EX,WAGAD DPR 26 AUG 25,2025-08-27 04:32:57.873,2025-08-27 04:32:57.911,1
27118038,bf996092-8d66-408a-8d8e-5065ca3330c2,f679f4cf-c089-4a2b-9b84-b14129630601,2a7595b7-7d8a-46d2-bab1-1daa7ddc0130,H4J29KZBMAKAE737,"",2025-08-27 04:37:49.939,2025-08-27 04:37:49.941,1
27118039,bf996092-8d66-408a-8d8e-5065ca3330c2,f679f4cf-c089-4a2b-9b84-b14129630601,2a7595b7-7d8a-46d2-bab1-1daa7ddc0130,H4J29KZBMAKAE737,"",2025-08-27 04:37:49.943,2025-08-27 04:37:49.944,1
27118040,bf996092-8d66-408a-8d8e-5065ca3330c2,f679f4cf-c089-4a2b-9b84-b14129630601,2a7595b7-7d8a-46d2-bab1-1daa7ddc0130,H4J29KZBMAKAE737,"",2025-08-27 04:37:49.946,2025-08-27 04:37:49.947,1
27118041,bf996092-8d66-408a-8d8e-5065ca3330c2,f679f4cf-c089-4a2b-9b84-b14129630601,2a7595b7-7d8a-46d2-bab1-1daa7ddc0130,H4J29KZBMAKAE737,"",2025-08-27 04:37:49.948,2025-08-27 04:37:49.95,1
27118042,bf996092-8d66-408a-8d8e-5065ca3330c2,f679f4cf-c089-4a2b-9b84-b14129630601,2a7595b7-7d8a-46d2-bab1-1daa7ddc0130,H4J29KZBMAKAE737,"",2025-08-27 04:37:49.951,2025-08-27 04:37:49.953,1
27118043,bf996092-8d66-408a-8d8e-5065ca3330c2,f679f4cf-c089-4a2b-9b84-b14129630601,2a7595b7-7d8a-46d2-bab1-1daa7ddc0130,H4J29KZBMAKAE737,"",2025-08-27 04:37:49.954,2025-08-27 04:37:49.957,1
27118044,bf996092-8d66-408a-8d8e-5065ca3330c2,f679f4cf-c089-4a2b-9b84-b14129630601,2a7595b7-7d8a-46d2-bab1-1daa7ddc0130,H4J29KZBMAKAE737,"",2025-08-27 04:37:49.959,2025-08-27 04:37:49.961,1
27118051,bf996092-8d66-408a-8d8e-5065ca3330c2,f679f4cf-c089-4a2b-9b84-b14129630601,debc5406-440a-4506-9fbc-a8089e6b230b,YQH2SLPMM8Q48DDT,"",2025-08-27 04:38:15.988,2025-08-27 04:38:17.896,1
27118468,bf996092-8d66-408a-8d8e-5065ca3330c2,f679f4cf-c089-4a2b-9b84-b14129630601,574d6dc8-3194-4695-bff2-b743a34e9123,7PG2TJVQJYH2TVV7,As discussed with our MEP team this is ok .,2025-08-27 05:02:12.4,2025-08-27 05:02:12.462,1
27118488,bf996092-8d66-408a-8d8e-5065ca3330c2,f6ab14eb-1a66-4ea5-8a0f-0afbda444403,2374bd6c-dbfe-49ef-8314-06a5d4ce77fd,7PG2TJVQJYH2TVV7,As discussed with our MEP team this is ok .,2025-08-27 05:03:22.623,2025-08-27 05:03:22.667,1
27119911,bf996092-8d66-408a-8d8e-5065ca3330c2,f6ab14eb-1a66-4ea5-8a0f-0afbda444403,74f71fc6-dc81-4abf-89ab-a93ba6fa383f,NTHFQB8P8X3C,The Drawing has been reviewed and approved for GFC,2025-08-27 06:04:25.853,2025-08-27 06:04:25.894,2
27120079,bf996092-8d66-408a-8d8e-5065ca3330c2,f679f4cf-c089-4a2b-9b84-b14129630601,81a61e5c-689a-48c9-8a5a-2b77aec5c55a,G5LJ2CH9PRAMRT7X,"",2025-08-27 06:10:01.57,2025-08-27 06:10:01.574,1
27132811,bf996092-8d66-408a-8d8e-5065ca3330c2,f679f4cf-c089-4a2b-9b84-b14129630601,acecaf3c-c97f-4bcb-95a1-3f765595f68d,NTHFQB8P8X3C,Please attend observation as mentioned earlier and also attach the framing separately for review as discussed earlier.  ,2025-08-27 11:54:28.07,2025-08-27 11:54:28.072,3
27132812,bf996092-8d66-408a-8d8e-5065ca3330c2,f679f4cf-c089-4a2b-9b84-b14129630601,acecaf3c-c97f-4bcb-95a1-3f765595f68d,NTHFQB8P8X3C,Please attend observation as mentioned earlier and also attach the framing separately for review as discussed earlier.  ,2025-08-27 11:54:28.074,2025-08-27 11:54:28.075,3
27132813,bf996092-8d66-408a-8d8e-5065ca3330c2,f679f4cf-c089-4a2b-9b84-b14129630601,acecaf3c-c97f-4bcb-95a1-3f765595f68d,NTHFQB8P8X3C,Please attend observation as mentioned earlier and also attach the framing separately for review as discussed earlier.  ,2025-08-27 11:54:28.077,2025-08-27 11:54:28.078,3
27132814,bf996092-8d66-408a-8d8e-5065ca3330c2,f679f4cf-c089-4a2b-9b84-b14129630601,acecaf3c-c97f-4bcb-95a1-3f765595f68d,NTHFQB8P8X3C,Please attend observation as mentioned earlier and also attach the framing separately for review as discussed earlier.  ,2025-08-27 11:54:28.079,2025-08-27 11:54:28.08,3
27132815,bf996092-8d66-408a-8d8e-5065ca3330c2,f679f4cf-c089-4a2b-9b84-b14129630601,acecaf3c-c97f-4bcb-95a1-3f765595f68d,NTHFQB8P8X3C,Please attend observation as mentioned earlier and also attach the framing separately for review as discussed earlier.  ,2025-08-27 11:54:28.082,2025-08-27 11:54:28.083,3
27132816,bf996092-8d66-408a-8d8e-5065ca3330c2,f679f4cf-c089-4a2b-9b84-b14129630601,acecaf3c-c97f-4bcb-95a1-3f765595f68d,NTHFQB8P8X3C,Please attend observation as mentioned earlier and also attach the framing separately for review as discussed earlier.  ,2025-08-27 11:54:28.084,2025-08-27 11:54:28.086,3
27132817,bf996092-8d66-408a-8d8e-5065ca3330c2,f679f4cf-c089-4a2b-9b84-b14129630601,acecaf3c-c97f-4bcb-95a1-3f765595f68d,NTHFQB8P8X3C,Please attend observation as mentioned earlier and also attach the framing separately for review as discussed earlier.  ,2025-08-27 11:54:28.087,2025-08-27 11:54:28.088,3
27132818,bf996092-8d66-408a-8d8e-5065ca3330c2,f679f4cf-c089-4a2b-9b84-b14129630601,acecaf3c-c97f-4bcb-95a1-3f765595f68d,NTHFQB8P8X3C,Please attend observation as mentioned earlier and also attach the framing separately for review as discussed earlier.  ,2025-08-27 11:54:28.089,2025-08-27 11:54:28.091,3
27132819,bf996092-8d66-408a-8d8e-5065ca3330c2,f679f4cf-c089-4a2b-9b84-b14129630601,acecaf3c-c97f-4bcb-95a1-3f765595f68d,NTHFQB8P8X3C,Please attend observation as mentioned earlier and also attach the framing separately for review as discussed earlier.  ,2025-08-27 11:54:28.092,2025-08-27 11:54:28.093,3
27133086,bf996092-8d66-408a-8d8e-5065ca3330c2,f679f4cf-c089-4a2b-9b84-b14129630601,eafe6a24-57d5-41f5-adca-13b77f15efd6,NTHFQB8P8X3C,Approved ,2025-08-27 12:02:11.731,2025-08-27 12:02:11.79,3
27160225,bf996092-8d66-408a-8d8e-5065ca3330c2,f6ab14eb-1a66-4ea5-8a0f-0afbda444403,1b20439e-89b0-4815-9856-733fa272338b,BFH2KAVSNP5G463F,"",2025-08-28 03:36:14.98,2025-08-28 03:36:19.566,1
27160347,bf996092-8d66-408a-8d8e-5065ca3330c2,f6ab14eb-1a66-4ea5-8a0f-0afbda444403,bc233708-d16a-4f18-bce6-f2de579fe74c,BFH2KAVSNP5G463F,"",2025-08-28 03:46:06.076,2025-08-28 03:46:08.803,1
27161445,bf996092-8d66-408a-8d8e-5065ca3330c2,23142979-9fb6-4fd3-bd82-62d7e0add75f,ee74e088-79b2-4055-b1ef-4deeb20dc71a,S8W2PRCHQXETHD6D,ok,2025-08-28 04:35:58.285,2025-08-28 04:35:58.327,1
27161634,bf996092-8d66-408a-8d8e-5065ca3330c2,f6ab14eb-1a66-4ea5-8a0f-0afbda444403,bc233708-d16a-4f18-bce6-f2de579fe74c,NXBJU9KZRN2LR6EX,WAGAD DPR 27 AUG 25,2025-08-28 04:42:50.216,2025-08-28 04:42:50.282,1
27161647,bf996092-8d66-408a-8d8e-5065ca3330c2,f6ab14eb-1a66-4ea5-8a0f-0afbda444403,1b20439e-89b0-4815-9856-733fa272338b,NXBJU9KZRN2LR6EX,"",2025-08-28 04:43:18.56,2025-08-28 04:43:18.562,1
27161860,bf996092-8d66-408a-8d8e-5065ca3330c2,f6ab14eb-1a66-4ea5-8a0f-0afbda444403,db5d8de2-6a3e-4f65-9934-3851650cd9e8,4UJ23BUBLD77JPG2,"",2025-08-28 04:48:56.756,2025-08-28 04:48:58.429,1
27161967,bf996092-8d66-408a-8d8e-5065ca3330c2,f6ab14eb-1a66-4ea5-8a0f-0afbda444403,db5d8de2-6a3e-4f65-9934-3851650cd9e8,NXBJU9KZRN2LR6EX,AMITECH DPR 27 AUG 25,2025-08-28 04:54:45.35,2025-08-28 04:54:45.39,1
27162477,bf996092-8d66-408a-8d8e-5065ca3330c2,f679f4cf-c089-4a2b-9b84-b14129630601,dea560e4-7392-4c6f-8106-1f4912b13a8e,YQH2SLPMM8Q48DDT,"",2025-08-28 05:23:50.461,2025-08-28 05:23:52.224,1
27162982,bf996092-8d66-408a-8d8e-5065ca3330c2,23142979-9fb6-4fd3-bd82-62d7e0add75f,ee74e088-79b2-4055-b1ef-4deeb20dc71a,XN3JZXALK55CEVKP,ok,2025-08-28 05:40:20.841,2025-08-28 05:40:20.878,1
27163031,bf996092-8d66-408a-8d8e-5065ca3330c2,f679f4cf-c089-4a2b-9b84-b14129630601,debc5406-440a-4506-9fbc-a8089e6b230b,3NGJNZCXN8PBNTRV,"",2025-08-28 05:41:57.374,2025-08-28 05:41:57.409,1
27163059,bf996092-8d66-408a-8d8e-5065ca3330c2,f679f4cf-c089-4a2b-9b84-b14129630601,dea560e4-7392-4c6f-8106-1f4912b13a8e,3NGJNZCXN8PBNTRV,"",2025-08-28 05:42:54.782,2025-08-28 05:42:54.816,1
27163126,bf996092-8d66-408a-8d8e-5065ca3330c2,f6ab14eb-1a66-4ea5-8a0f-0afbda444403,74f71fc6-dc81-4abf-89ab-a93ba6fa383f,WMZ2BALML3JQXZCF,Comments provided in Issue No. 6. Please update accordingly.,2025-08-28 05:45:21.9,2025-08-28 05:45:21.902,2
27163127,bf996092-8d66-408a-8d8e-5065ca3330c2,f6ab14eb-1a66-4ea5-8a0f-0afbda444403,74f71fc6-dc81-4abf-89ab-a93ba6fa383f,WMZ2BALML3JQXZCF,Comments provided in Issue No. 6. Please update accordingly.,2025-08-28 05:45:21.904,2025-08-28 05:45:21.905,2
27163128,bf996092-8d66-408a-8d8e-5065ca3330c2,f6ab14eb-1a66-4ea5-8a0f-0afbda444403,74f71fc6-dc81-4abf-89ab-a93ba6fa383f,WMZ2BALML3JQXZCF,Comments provided in Issue No. 6. Please update accordingly.,2025-08-28 05:45:21.906,2025-08-28 05:45:21.907,2
27163129,bf996092-8d66-408a-8d8e-5065ca3330c2,f6ab14eb-1a66-4ea5-8a0f-0afbda444403,74f71fc6-dc81-4abf-89ab-a93ba6fa383f,WMZ2BALML3JQXZCF,Comments provided in Issue No. 6. Please update accordingly.,2025-08-28 05:45:21.908,2025-08-28 05:45:21.909,2
27163130,bf996092-8d66-408a-8d8e-5065ca3330c2,f6ab14eb-1a66-4ea5-8a0f-0afbda444403,74f71fc6-dc81-4abf-89ab-a93ba6fa383f,WMZ2BALML3JQXZCF,Comments provided in Issue No. 6. Please update accordingly.,2025-08-28 05:45:21.91,2025-08-28 05:45:21.911,2
27163131,bf996092-8d66-408a-8d8e-5065ca3330c2,f6ab14eb-1a66-4ea5-8a0f-0afbda444403,74f71fc6-dc81-4abf-89ab-a93ba6fa383f,WMZ2BALML3JQXZCF,Comments provided in Issue No. 6. Please update accordingly.,2025-08-28 05:45:21.912,2025-08-28 05:45:21.913,2
27163132,bf996092-8d66-408a-8d8e-5065ca3330c2,f6ab14eb-1a66-4ea5-8a0f-0afbda444403,74f71fc6-dc81-4abf-89ab-a93ba6fa383f,WMZ2BALML3JQXZCF,Comments provided in Issue No. 6. Please update accordingly.,2025-08-28 05:45:21.914,2025-08-28 05:45:21.915,2
27205195,bf996092-8d66-408a-8d8e-5065ca3330c2,f6ab14eb-1a66-4ea5-8a0f-0afbda444403,b9c24b0e-19ff-4635-aa1c-c11fca6012e1,BFH2KAVSNP5G463F,"",2025-08-29 02:50:54.289,2025-08-29 02:50:55.991,1
27205993,bf996092-8d66-408a-8d8e-5065ca3330c2,2f551e7d-05e6-4bfc-8ee1-0ef3a8487c11,e7e9b4e8-0804-43cf-9a8e-277f927ac6ff,VM52VJACLXDVGKG6,"On preliminary review of the submitted drawings and model, we observed that the bending moment and shear force diagrams do not appear to be correct qualitatively. We request you to kindly review and update the model to reflect the correct structural behaviour. As such, we are unable to proceed with the review of the design details at this stage.

In addition, we note that the ramp is supported on Retaining Wall–4 on one side. We request you to please confirm the design strategy adopted for RW4, as this will have a direct impact on the ramp element design.

Kindly provide the above clarifications to enable us to proceed further with the review.
",2025-08-29 03:25:44.159,2025-08-29 03:25:44.161,1
27205994,bf996092-8d66-408a-8d8e-5065ca3330c2,2f551e7d-05e6-4bfc-8ee1-0ef3a8487c11,e7e9b4e8-0804-43cf-9a8e-277f927ac6ff,VM52VJACLXDVGKG6,"On preliminary review of the submitted drawings and model, we observed that the bending moment and shear force diagrams do not appear to be correct qualitatively. We request you to kindly review and update the model to reflect the correct structural behaviour. As such, we are unable to proceed with the review of the design details at this stage.

In addition, we note that the ramp is supported on Retaining Wall–4 on one side. We request you to please confirm the design strategy adopted for RW4, as this will have a direct impact on the ramp element design.

Kindly provide the above clarifications to enable us to proceed further with the review.
",2025-08-29 03:25:44.162,2025-08-29 03:25:44.164,1
27205995,bf996092-8d66-408a-8d8e-5065ca3330c2,2f551e7d-05e6-4bfc-8ee1-0ef3a8487c11,e7e9b4e8-0804-43cf-9a8e-277f927ac6ff,VM52VJACLXDVGKG6,"On preliminary review of the submitted drawings and model, we observed that the bending moment and shear force diagrams do not appear to be correct qualitatively. We request you to kindly review and update the model to reflect the correct structural behaviour. As such, we are unable to proceed with the review of the design details at this stage.

In addition, we note that the ramp is supported on Retaining Wall–4 on one side. We request you to please confirm the design strategy adopted for RW4, as this will have a direct impact on the ramp element design.

Kindly provide the above clarifications to enable us to proceed further with the review.
",2025-08-29 03:25:44.165,2025-08-29 03:25:44.166,1
27205996,bf996092-8d66-408a-8d8e-5065ca3330c2,2f551e7d-05e6-4bfc-8ee1-0ef3a8487c11,e7e9b4e8-0804-43cf-9a8e-277f927ac6ff,VM52VJACLXDVGKG6,"On preliminary review of the submitted drawings and model, we observed that the bending moment and shear force diagrams do not appear to be correct qualitatively. We request you to kindly review and update the model to reflect the correct structural behaviour. As such, we are unable to proceed with the review of the design details at this stage.

In addition, we note that the ramp is supported on Retaining Wall–4 on one side. We request you to please confirm the design strategy adopted for RW4, as this will have a direct impact on the ramp element design.

Kindly provide the above clarifications to enable us to proceed further with the review.
",2025-08-29 03:25:44.167,2025-08-29 03:25:44.168,1
27205997,bf996092-8d66-408a-8d8e-5065ca3330c2,2f551e7d-05e6-4bfc-8ee1-0ef3a8487c11,e7e9b4e8-0804-43cf-9a8e-277f927ac6ff,VM52VJACLXDVGKG6,"On preliminary review of the submitted drawings and model, we observed that the bending moment and shear force diagrams do not appear to be correct qualitatively. We request you to kindly review and update the model to reflect the correct structural behaviour. As such, we are unable to proceed with the review of the design details at this stage.

In addition, we note that the ramp is supported on Retaining Wall–4 on one side. We request you to please confirm the design strategy adopted for RW4, as this will have a direct impact on the ramp element design.

Kindly provide the above clarifications to enable us to proceed further with the review.
",2025-08-29 03:25:44.17,2025-08-29 03:25:44.171,1
27205998,bf996092-8d66-408a-8d8e-5065ca3330c2,2f551e7d-05e6-4bfc-8ee1-0ef3a8487c11,e7e9b4e8-0804-43cf-9a8e-277f927ac6ff,VM52VJACLXDVGKG6,"On preliminary review of the submitted drawings and model, we observed that the bending moment and shear force diagrams do not appear to be correct qualitatively. We request you to kindly review and update the model to reflect the correct structural behaviour. As such, we are unable to proceed with the review of the design details at this stage.

In addition, we note that the ramp is supported on Retaining Wall–4 on one side. We request you to please confirm the design strategy adopted for RW4, as this will have a direct impact on the ramp element design.

Kindly provide the above clarifications to enable us to proceed further with the review.
",2025-08-29 03:25:44.172,2025-08-29 03:25:44.173,1
27205999,bf996092-8d66-408a-8d8e-5065ca3330c2,2f551e7d-05e6-4bfc-8ee1-0ef3a8487c11,e7e9b4e8-0804-43cf-9a8e-277f927ac6ff,VM52VJACLXDVGKG6,"On preliminary review of the submitted drawings and model, we observed that the bending moment and shear force diagrams do not appear to be correct qualitatively. We request you to kindly review and update the model to reflect the correct structural behaviour. As such, we are unable to proceed with the review of the design details at this stage.

In addition, we note that the ramp is supported on Retaining Wall–4 on one side. We request you to please confirm the design strategy adopted for RW4, as this will have a direct impact on the ramp element design.

Kindly provide the above clarifications to enable us to proceed further with the review.
",2025-08-29 03:25:44.175,2025-08-29 03:25:44.176,1
27206000,bf996092-8d66-408a-8d8e-5065ca3330c2,2f551e7d-05e6-4bfc-8ee1-0ef3a8487c11,e7e9b4e8-0804-43cf-9a8e-277f927ac6ff,VM52VJACLXDVGKG6,"On preliminary review of the submitted drawings and model, we observed that the bending moment and shear force diagrams do not appear to be correct qualitatively. We request you to kindly review and update the model to reflect the correct structural behaviour. As such, we are unable to proceed with the review of the design details at this stage.

In addition, we note that the ramp is supported on Retaining Wall–4 on one side. We request you to please confirm the design strategy adopted for RW4, as this will have a direct impact on the ramp element design.

Kindly provide the above clarifications to enable us to proceed further with the review.
",2025-08-29 03:25:44.177,2025-08-29 03:25:44.185,1
27207489,bf996092-8d66-408a-8d8e-5065ca3330c2,f679f4cf-c089-4a2b-9b84-b14129630601,504178f8-9400-4a2c-a29c-ae890091f86b,YQH2SLPMM8Q48DDT,"",2025-08-29 04:32:59.7,2025-08-29 04:33:02.494,1
27207631,bf996092-8d66-408a-8d8e-5065ca3330c2,f6ab14eb-1a66-4ea5-8a0f-0afbda444403,b9c24b0e-19ff-4635-aa1c-c11fca6012e1,NXBJU9KZRN2LR6EX,WAGAD DPR 28 AUG 25,2025-08-29 04:42:06.562,2025-08-29 04:42:06.596,1
