id,bim360_account_id,bim360_project_id,workflow_template_id,form_id,name,description,status,bpmn_urn,memo,created_at,updated_at
efb39743-feb0-4efc-8178-9b7631167e82,bf996092-8d66-408a-8d8e-5065ca3330c2,967e785d-d83c-490b-8d6a-2ed926c956ac,39036e63-f030-41c3-b6a6-7ed52887a739,efb39743-feb0-4efc-8178-9b7631167e82,Mechanical-WIP to Shared(For All WIP Files),"In the Target Folder Box please select the intended folder in which the approved/commented file shall be saved. This is a mandatory step for the initiator.

For Example:
For files/folders initiated in WIP  the initiator shall follow the following
 
For Vrindavan Courtyard -> Vrindavan Courtyard/Shared/Consultant -Mechanical/<Select folder>",active,"","Please make sure you pick the correct target folder in which the files need to be copied to when approved, during initiating the approval process.",2025-05-15 08:53:51.688,2025-06-20 06:40:43.38
6f0b037b-9d4c-4647-a26b-dee5dff6c5d1,bf996092-8d66-408a-8d8e-5065ca3330c2,f679f4cf-c089-4a2b-9b84-b14129630601,08795234-20d9-43ad-ac42-ec174b8fad8e,6f0b037b-9d4c-4647-a26b-dee5dff6c5d1,Environmental Clearance,"In the Target Folder Box please select the intended folder in which the approved/commented file shall be saved. This is a mandatory step for the initiator.

For Example:
For files/folders initiated in  Shared the initiator shall follow the following

For Centre Point  - Ghaziabad -> Centre Point -Ghaziabad /Shared/Consultant- Environmental Clearancel/<Select folder>",active,"","Please make sure correct target folder is picked in which the files need to be copied to when approved, during initiating the approval process.",2025-03-21 09:15:10.58,2025-06-20 09:22:57.909
66727f61-00bf-4dac-9cf7-b11a0ab25692,bf996092-8d66-408a-8d8e-5065ca3330c2,e9b596f2-48ee-419b-a199-da304b38c398,b2f76ca9-ad86-4a78-b2cd-24b66da2d04f,66727f61-00bf-4dac-9cf7-b11a0ab25692,Contracts - Shared to Published (For Work Order or Amendment) (1-Step Workflow),"In the Target Folder Box please select the intended folder in which the approved/commented file shall be saved. This is a mandatory step for the initiator.

For Example:
For files/folders initiated in Shared the initiator shall follow the following

For Centre Point  -Prayagraj-> Centre Point -Prayagraj/Shared/Consultant-Contracts/<Select folder>",active,"","Please make sure you pick the correct target folder in which the files need to be copied to when approved, during initiating the approval process.",2025-05-31 06:58:59.478,2025-06-20 11:29:43.718
dfeb80f6-c470-4f4c-87bb-ffa8222d954f,bf996092-8d66-408a-8d8e-5065ca3330c2,e9b596f2-48ee-419b-a199-da304b38c398,b2f76ca9-ad86-4a78-b2cd-24b66da2d04f,dfeb80f6-c470-4f4c-87bb-ffa8222d954f,"Electrical-Shared to Published(For SD, DD & GFC)","In the Target Folder Box please select the intended folder in which the approved/commented file shall be saved. This is a mandatory step for the initiator.

For Example:
For files/folders initiated in Shared the initiator shall follow the following

For Centre Point  -Prayagraj-> Centre Point -Prayagraj/Shared/Consultant-Electrical/<Select folder>",active,"","Please make sure correct target folder is picked in which the files need to be copied to when approved, during initiating the approval process.",2025-05-31 06:58:39.293,2025-06-20 11:35:18.641
f50b150d-ec5c-435d-a17e-d5d2c7970aa2,bf996092-8d66-408a-8d8e-5065ca3330c2,e9b596f2-48ee-419b-a199-da304b38c398,b2f76ca9-ad86-4a78-b2cd-24b66da2d04f,f50b150d-ec5c-435d-a17e-d5d2c7970aa2,Electrical-Shared to Published(For WIP Files and Tender & BOQ),"In the Target Folder Box please select the intended folder in which the approved/commented file shall be saved. This is a mandatory step for the initiator.

For Example:
For files/folders initiated in Shared the initiator shall follow the following

For Centre Point  -Prayagraj-> Centre Point -Prayagraj/Shared/Consultant-Electrical/<Select folder>",active,"","Please make sure you pick the correct target folder in which the files need to be copied to when approved, during initiating the approval process.",2025-05-31 06:59:00.649,2025-06-20 11:36:22.063
5b3a52a1-c33e-439f-ac27-23841ddb6478,bf996092-8d66-408a-8d8e-5065ca3330c2,e9b596f2-48ee-419b-a199-da304b38c398,b2f76ca9-ad86-4a78-b2cd-24b66da2d04f,5b3a52a1-c33e-439f-ac27-23841ddb6478,Landscape-Shared to Published,"In the Target Folder Box please select the intended folder in which the approved/commented file shall be saved. This is a mandatory step for the initiator.

For Example:
For files/folders initiated in Shared the initiator shall follow the following

For Centre Point  -Prayagraj-> Centre Point -Prayagraj/Shared/Consultant-Landscape/<Select folder>",active,"","Please make sure correct target folder is picked in which the files need to be copied to when approved, during initiating the approval process.",2025-05-31 06:58:35.825,2025-06-20 11:38:27.522
f46a97dd-3dde-4cf8-8beb-c15c8477db5f,bf996092-8d66-408a-8d8e-5065ca3330c2,e9b596f2-48ee-419b-a199-da304b38c398,b2f76ca9-ad86-4a78-b2cd-24b66da2d04f,f46a97dd-3dde-4cf8-8beb-c15c8477db5f,Landscape-WIP to Shared,"In the Target Folder Box please select the intended folder in which the approved/commented file shall be saved. This is a mandatory step for the initiator.

For Example:
For files/folders initiated in WIP the initiator shall follow the following

For Centre Point  -Prayagraj-> Centre Point -Prayagraj/Shared/Consultant-Landscape/<Select folder>",active,"","Please make sure correct target folder is picked in which the files need to be copied to when approved, during initiating the approval process.",2025-05-31 06:58:45.049,2025-06-20 11:40:33.275
56bdb9c1-69d6-451b-a47c-b8cc7719ecd6,bf996092-8d66-408a-8d8e-5065ca3330c2,e9b596f2-48ee-419b-a199-da304b38c398,b2f76ca9-ad86-4a78-b2cd-24b66da2d04f,56bdb9c1-69d6-451b-a47c-b8cc7719ecd6,Lighting-Shared to Published,"In the Target Folder Box please select the intended folder in which the approved/commented file shall be saved. This is a mandatory step for the initiator.

For Example:
For files/folders initiated in Shared  the initiator shall follow the following

For Centre Point  -Prayagraj-> Centre Point -Prayagraj/Shared/Consultant-Lighting /<Select folder>",active,"","Please make sure correct target folder is picked in which the files need to be copied to when approved, during initiating the approval process.",2025-05-31 06:58:24.102,2025-06-20 11:41:27.491
c556a644-6492-4e59-8bb7-5fe62d770fad,bf996092-8d66-408a-8d8e-5065ca3330c2,e9b596f2-48ee-419b-a199-da304b38c398,b2f76ca9-ad86-4a78-b2cd-24b66da2d04f,c556a644-6492-4e59-8bb7-5fe62d770fad,Lighting-WIP to Shared,"In the Target Folder Box please select the intended folder in which the approved/commented file shall be saved. This is a mandatory step for the initiator.

For Example:
For files/folders initiated in WIP  the initiator shall follow the following

For Centre Point  -Prayagraj-> Centre Point -Prayagraj/Shared/Consultant-Lighting /<Select folder>",active,"","Please make sure correct target folder is picked in which the files need to be copied to when approved, during initiating the approval process.",2025-05-31 06:58:42.723,2025-06-20 11:44:20.205
ca5e6cd1-6099-4434-8bdf-94cc374d02f7,bf996092-8d66-408a-8d8e-5065ca3330c2,e9b596f2-48ee-419b-a199-da304b38c398,b2f76ca9-ad86-4a78-b2cd-24b66da2d04f,ca5e6cd1-6099-4434-8bdf-94cc374d02f7,Mechanical-Shared to Published(For Fire Scheme Approval),"In the Target Folder Box please select the intended folder in which the approved/commented file shall be saved. This is a mandatory step for the initiator.

For Example:
For files/folders initiated in Shared  the initiator shall follow the following

For Centre Point  -Prayagraj-> Centre Point -Prayagraj/Shared/Consultant-Mechanical /<Select folder>",active,"","Please make sure correct target folder is picked in which the files need to be copied to when approved, during initiating the approval process.",2025-05-31 06:59:27.989,2025-06-20 11:45:31.734
3062dd8c-d314-4759-be8e-9fd096364277,bf996092-8d66-408a-8d8e-5065ca3330c2,e9b596f2-48ee-419b-a199-da304b38c398,b2f76ca9-ad86-4a78-b2cd-24b66da2d04f,3062dd8c-d314-4759-be8e-9fd096364277,"Mechanical-Shared to Published(For SD, DD & GFC)","In the Target Folder Box please select the intended folder in which the approved/commented file shall be saved. This is a mandatory step for the initiator.

For Example:
For files/folders initiated in Shared  the initiator shall follow the following

For Centre Point  -Prayagraj-> Centre Point -Prayagraj/Shared/Consultant-Mechanical /<Select folder>",active,"","Please make sure correct target folder is picked in which the files need to be copied to when approved, during initiating the approval process.",2025-05-31 06:59:31.508,2025-06-20 11:46:22.43
f374ba4b-8ffb-4504-829c-ef9a360c40a1,bf996092-8d66-408a-8d8e-5065ca3330c2,e9b596f2-48ee-419b-a199-da304b38c398,b2f76ca9-ad86-4a78-b2cd-24b66da2d04f,f374ba4b-8ffb-4504-829c-ef9a360c40a1,Mechanical-Shared to Published(For WIP and Tender & BOQ),"In the Target Folder Box please select the intended folder in which the approved/commented file shall be saved. This is a mandatory step for the initiator.

For Example:
For files/folders initiated in Shared  the initiator shall follow the following

For Centre Point  -Prayagraj-> Centre Point -Prayagraj/Shared/Consultant-Mechanical /<Select folder>",active,"","Please make sure you pick the correct target folder in which the files need to be copied to when approved, during initiating the approval process.",2025-05-31 06:59:20.877,2025-06-20 11:47:26.711
76e1d75f-c0a7-4f73-9250-910ca0330975,bf996092-8d66-408a-8d8e-5065ca3330c2,e9b596f2-48ee-419b-a199-da304b38c398,b2f76ca9-ad86-4a78-b2cd-24b66da2d04f,76e1d75f-c0a7-4f73-9250-910ca0330975,Plumbing & Firefighting-Shared to Publish(For Fire Scheme Approval),"In the Target Folder Box please select the intended folder in which the approved/commented file shall be saved. This is a mandatory step for the initiator.

For Example:
For files/folders initiated in Shared  the initiator shall follow the following

For Centre Point  -Prayagraj-> Centre Point -Prayagraj/Shared/Consultant-Plumbing & Firefighting<Select folder>",active,"","Please make sure correct target folder is picked in which the files need to be copied to when approved, during initiating the approval process.",2025-05-31 06:59:26.822,2025-06-20 11:50:22.867
bde538c9-2c10-4d9d-aea8-5fdb1b59eaa3,bf996092-8d66-408a-8d8e-5065ca3330c2,e9b596f2-48ee-419b-a199-da304b38c398,b2f76ca9-ad86-4a78-b2cd-24b66da2d04f,bde538c9-2c10-4d9d-aea8-5fdb1b59eaa3,Plumbing & Firefighting-Shared to Published(For DBR),"In the Target Folder Box please select the intended folder in which the approved/commented file shall be saved. This is a mandatory step for the initiator.

For Example:
For files/folders initiated in Shared  the initiator shall follow the following

For Centre Point  -Prayagraj-> Centre Point -Prayagraj/Shared/Consultant-Plumbing & Firefighting<Select folder>",active,"","Please make sure you pick the correct target folder in which the files need to be copied to when approved, during initiating the approval process.",2025-05-31 06:59:07.594,2025-06-20 11:50:54.581
32eded27-8ea2-4723-9ed3-70b9c815e2d5,bf996092-8d66-408a-8d8e-5065ca3330c2,e9b596f2-48ee-419b-a199-da304b38c398,b2f76ca9-ad86-4a78-b2cd-24b66da2d04f,32eded27-8ea2-4723-9ed3-70b9c815e2d5,"Plumbing & Firefighting-Shared to Published(For SD, DD & GFC)","In the Target Folder Box please select the intended folder in which the approved/commented file shall be saved. This is a mandatory step for the initiator.

For Example:
For files/folders initiated in Shared  the initiator shall follow the following

For Centre Point  -Prayagraj-> Centre Point -Prayagraj/Shared/Consultant-Plumbing & Firefighting<Select folder>",active,"","Please make sure correct target folder is picked in which the files need to be copied to when approved, during initiating the approval process.",2025-05-31 06:59:04.144,2025-06-20 11:51:36.534
8ca03eec-bf03-4a3d-ae39-949c600ef9b1,bf996092-8d66-408a-8d8e-5065ca3330c2,e9b596f2-48ee-419b-a199-da304b38c398,b2f76ca9-ad86-4a78-b2cd-24b66da2d04f,8ca03eec-bf03-4a3d-ae39-949c600ef9b1,Plumbing & Firefighting-WIP to Shared(For All WIP Files),"In the Target Folder Box please select the intended folder in which the approved/commented file shall be saved. This is a mandatory step for the initiator.

For Example:
For files/folders initiated in WIP  the initiator shall follow the following

For Centre Point  -Prayagraj-> Centre Point -Prayagraj/Shared/Consultant-Plumbing & Firefighting<Select folder>",active,"","Please make sure you pick the correct target folder in which the files need to be copied to when approved, during initiating the approval process.",2025-05-31 06:58:43.889,2025-06-20 11:53:08.232
3f5f5f9a-a841-48ce-a5ed-80b09ff04d9d,bf996092-8d66-408a-8d8e-5065ca3330c2,e9b596f2-48ee-419b-a199-da304b38c398,b2f76ca9-ad86-4a78-b2cd-24b66da2d04f,3f5f5f9a-a841-48ce-a5ed-80b09ff04d9d,Structure - Shared to Published (For DBR),"In the Target Folder Box please select the intended folder in which the approved/commented file shall be saved. This is a mandatory step for the initiator.

For Example:
For files/folders initiated in Shared   the initiator shall follow the following

For Centre Point  -Prayagraj-> Centre Point -Prayagraj/Shared/Consultant-Structure<Select folder>",active,"","Please make sure correct target folder is picked in which the files need to be copied to when approved, during initiating the approval process.",2025-05-31 06:59:15.032,2025-06-20 11:58:03.482
3c4c8796-39f2-4c67-b809-7a24292f5253,bf996092-8d66-408a-8d8e-5065ca3330c2,e9b596f2-48ee-419b-a199-da304b38c398,b2f76ca9-ad86-4a78-b2cd-24b66da2d04f,3c4c8796-39f2-4c67-b809-7a24292f5253,Structure - WIP to Shared (For DBR),"In the Target Folder Box please select the intended folder in which the approved/commented file shall be saved. This is a mandatory step for the initiator.

For Example:
For files/folders initiated in WIP   the initiator shall follow the following

For Centre Point  -Prayagraj-> Centre Point -Prayagraj/Shared/Consultant-Structure<Select folder>",active,"","Please make sure correct target folder is picked in which the files need to be copied to when approved, during initiating the approval process.",2025-05-31 06:59:02.998,2025-06-20 11:59:02.647
d15d8da0-079e-4fca-9581-e5cc725b4864,bf996092-8d66-408a-8d8e-5065ca3330c2,e9b596f2-48ee-419b-a199-da304b38c398,b2f76ca9-ad86-4a78-b2cd-24b66da2d04f,d15d8da0-079e-4fca-9581-e5cc725b4864,Structure - WIP to Shared (For WIP files),"In the Target Folder Box please select the intended folder in which the approved/commented file shall be saved. This is a mandatory step for the initiator.

For Example:
For files/folders initiated in WIP   the initiator shall follow the following

For Centre Point  -Prayagraj-> Centre Point -Prayagraj/Shared/Consultant-Structure<Select folder>",active,"","Please make sure correct target folder is picked in which the files need to be copied to when approved, during initiating the approval process.",2025-05-31 06:58:47.361,2025-06-20 11:59:53.4
29ff5f6b-2577-4552-ba95-c5f3dd109d52,bf996092-8d66-408a-8d8e-5065ca3330c2,e9b596f2-48ee-419b-a199-da304b38c398,b2f76ca9-ad86-4a78-b2cd-24b66da2d04f,29ff5f6b-2577-4552-ba95-c5f3dd109d52,Structure-Shared to Published (For WIP and Tender & BOQ),"In the Target Folder Box please select the intended folder in which the approved/commented file shall be saved. This is a mandatory step for the initiator.

For Example:
For files/folders initiated in Shared   the initiator shall follow the following

For Centre Point  -Prayagraj-> Centre Point -Prayagraj/Shared/Consultant-Structure<Select folder>",active,"","Please make sure correct target folder is picked in which the files need to be copied to when approved, during initiating the approval process.",2025-05-31 06:58:54.509,2025-06-20 12:01:28.388
ea6c1874-30ca-4c58-8296-57c6f29f198b,bf996092-8d66-408a-8d8e-5065ca3330c2,e9b596f2-48ee-419b-a199-da304b38c398,b2f76ca9-ad86-4a78-b2cd-24b66da2d04f,ea6c1874-30ca-4c58-8296-57c6f29f198b,Structure Peer Review - Shared to Published,"In the Target Folder Box please select the intended folder in which the approved/commented file shall be saved. This is a mandatory step for the initiator.

For Example:
For files/folders initiated in Shared    the initiator shall follow the following

For Centre Point  -Prayagraj-> Centre Point -Prayagraj/Shared/Consultant-Structure Peer Review<Select folder>",active,"","Please make sure correct target folder is picked in which the files need to be copied to when approved, during initiating the approval process.",2025-05-31 06:59:32.657,2025-06-20 12:03:42.149
2d04483b-d4c6-4930-9d94-64516d8749bf,bf996092-8d66-408a-8d8e-5065ca3330c2,e9b596f2-48ee-419b-a199-da304b38c398,b2f76ca9-ad86-4a78-b2cd-24b66da2d04f,2d04483b-d4c6-4930-9d94-64516d8749bf,Traffic Analysis-Shared to Published,"In the Target Folder Box please select the intended folder in which the approved/commented file shall be saved. This is a mandatory step for the initiator.

For Example:
For files/folders initiated in Shared    the initiator shall follow the following

For Centre Point  -Prayagraj-> Centre Point -Prayagraj/Shared/Consultant-Traffic Analysis<Select folder>",active,"","Please make sure you pick the correct target folder in which the files need to be copied to when approved, during initiating the approval process.",2025-05-31 06:59:30.332,2025-06-20 12:05:23.195
ad785bce-5415-4593-b6ff-b96b3c2c4135,bf996092-8d66-408a-8d8e-5065ca3330c2,e9b596f2-48ee-419b-a199-da304b38c398,b2f76ca9-ad86-4a78-b2cd-24b66da2d04f,ad785bce-5415-4593-b6ff-b96b3c2c4135,Vertical Transport-WIP to Shared,"In the Target Folder Box please select the intended folder in which the approved/commented file shall be saved. This is a mandatory step for the initiator.

For Example:
For files/folders initiated in WIP  the initiator shall follow the following

For Centre Point  -Prayagraj-> Centre Point -Prayagraj/Shared/Consultant-Vertical Transport<Select folder>",active,"","Please make sure correct target folder is picked in which the files need to be copied to when approved, during initiating the approval process.",2025-05-31 06:59:19.71,2025-06-20 12:06:48.067
b20c371e-1faa-4b0e-889e-e18227fc436f,bf996092-8d66-408a-8d8e-5065ca3330c2,e9b596f2-48ee-419b-a199-da304b38c398,b2f76ca9-ad86-4a78-b2cd-24b66da2d04f,b20c371e-1faa-4b0e-889e-e18227fc436f,Wind Tunnel Analysis-WIP to Shared,"In the Target Folder Box please select the intended folder in which the approved/commented file shall be saved. This is a mandatory step for the initiator.

For Example:
For files/folders initiated in WIP    the initiator shall follow the following

For Centre Point  -Prayagraj-> Centre Point -Prayagraj/Shared/Consultant-Wind Tunnel Analysis<Select folder>",active,"","Please make sure correct target folder is picked in which the files need to be copied to when approved, during initiating the approval process.",2025-05-31 06:59:17.369,2025-06-20 12:08:19.299
e99710d7-b1b3-4cec-bc25-74bd0b667127,bf996092-8d66-408a-8d8e-5065ca3330c2,85aceded-1588-4f99-bfba-6fe212b8cb9a,64a55b40-d5be-473c-baef-2617d1855ab7,e99710d7-b1b3-4cec-bc25-74bd0b667127,DBR Mechanical,"Pick below target Folders based on the files / folder initiated for the Review.

For files/folders initiated in WIP

For Integrated Sports Arena -> Integrated Sports Arena/Shared/ Consultant - Mechanical / DBR
For Retail -> Retail/Shared/Consultant - Mechanical /DBR
For Club -> Club/Shared/Consultant - Mechanical /DBR

For files/folders initiated in Shared

For Integrated Sports Arena -> Integrated Sports Arena/Published/ Consultant - Mechanical / DBR
For Retail -> Retail/Published/Consultant - Mechanical /DBR
For Club -> Club/Published/Consultant - Mechanical /DBR",active,"","Please make sure correct target folder is picked in which the files need to be copied to when approved, during initiating the approval process.",2025-02-25 05:38:31.37,2025-02-25 05:38:31.37
7e07fa97-cabe-4e57-b4f3-af351dcdfd64,bf996092-8d66-408a-8d8e-5065ca3330c2,f6ab14eb-1a66-4ea5-8a0f-0afbda444403,0c8e25c4-57ab-4076-8486-c503e2cc28af,7e07fa97-cabe-4e57-b4f3-af351dcdfd64,Electrical-Shared to Published(For Fire Scheme Approval),"In the Target Folder Box please select the intended folder in which the approved/commented file shall be saved. This is a mandatory step for the initiator

For Example:
For files/folders initiated in shared  the initiator shall follow the following

For Centre point-Gomti Nagar -> Centre point-Gomti Nagar/publish/Consultant - Electrical/<Select folder>",active,"","Please make sure correct target folder is picked in which the files need to be copied to when approved, during initiating the approval process.",2025-05-21 10:55:53.034,2025-06-17 06:30:45.17
e6500b4d-04e4-4938-be17-71bad88a7041,bf996092-8d66-408a-8d8e-5065ca3330c2,f679f4cf-c089-4a2b-9b84-b14129630601,08795234-20d9-43ad-ac42-ec174b8fad8e,e6500b4d-04e4-4938-be17-71bad88a7041,Compile Tender & BOQ,"In the Target Folder Box please select the intended folder in which the approved/commented file shall be saved. This is a mandatory step for the initiator.

For Example:
For files/folders initiated in  Shared the initiator shall follow the following

For Centre Point  - Ghaziabad -> Centre Point -Ghaziabad /Shared/Consultant - Arch Principal/<Select folder>",active,"","Please make sure correct target folder is picked in which the files need to be copied to when approved, during initiating the approval process.",2025-03-21 09:14:41.294,2025-06-20 09:11:30.947
ece19327-d4ff-4751-b1c5-011b31a26a5f,bf996092-8d66-408a-8d8e-5065ca3330c2,cbee6c17-cdf8-4f2c-89c3-d6d9d738603e,2d3a5ab2-3f01-4a05-b262-395a8b661eaf,ece19327-d4ff-4751-b1c5-011b31a26a5f,"Architecture - WIP to Shared(For Concept, SD,DD, BP, DBR, BOQ etc)","In the Target Folder Box please select the intended folder in which the approved/commented file shall be saved. This is a mandatory step for the initiator.

For Example:
For files/folders initiated in  WIP   the initiator shall follow the following

For Centre Point  - Ayodhya -> Centre Point -Ayodhya /Shared/Consultant-Architecture/<Select folder>",active,"","Please make sure you pick the correct target folder in which the files need to be copied to when approved, during initiating the approval process.",2025-05-31 07:00:46.207,2025-06-20 10:00:47.923
ec05a14f-b2ec-42e9-b2e9-8d31bacc5477,bf996092-8d66-408a-8d8e-5065ca3330c2,cbee6c17-cdf8-4f2c-89c3-d6d9d738603e,2d3a5ab2-3f01-4a05-b262-395a8b661eaf,ec05a14f-b2ec-42e9-b2e9-8d31bacc5477,Architecture-Shared to Published(For Compile Tender & BOQ),"In the Target Folder Box please select the intended folder in which the approved/commented file shall be saved. This is a mandatory step for the initiator.

For Example:
For files/folders initiated in  Shared   the initiator shall follow the following

For Centre Point  - Ayodhya -> Centre Point -Ayodhya /Shared/Consultant-Architecture/<Select folder>",active,"","Please make sure correct target folder is picked in which the files need to be copied to when approved, during initiating the approval process.",2025-05-31 07:00:14.867,2025-06-20 10:01:18.615
c2558fc9-09ce-48d6-8cfa-55c4d9a02a5e,bf996092-8d66-408a-8d8e-5065ca3330c2,cbee6c17-cdf8-4f2c-89c3-d6d9d738603e,2d3a5ab2-3f01-4a05-b262-395a8b661eaf,c2558fc9-09ce-48d6-8cfa-55c4d9a02a5e,"Architecture-Shared to Published(For Concept, Tender & BOQ, BP, GFC & DBR)","In the Target Folder Box please select the intended folder in which the approved/commented file shall be saved. This is a mandatory step for the initiator.

For Example:
For files/folders initiated in  Shared   the initiator shall follow the following

For Centre Point  - Ayodhya -> Centre Point -Ayodhya /Shared/Consultant-Architecture/<Select folder>",active,"","Please make sure you pick the correct target folder in which the files need to be copied to when approved, during initiating the approval process.",2025-05-31 07:00:34.64,2025-06-20 10:01:38.681
c92ad5c0-0411-4ee0-9cc9-452c0f6cb77c,bf996092-8d66-408a-8d8e-5065ca3330c2,cbee6c17-cdf8-4f2c-89c3-d6d9d738603e,2d3a5ab2-3f01-4a05-b262-395a8b661eaf,c92ad5c0-0411-4ee0-9cc9-452c0f6cb77c,Structure - WIP to Shared (For DBR),"In the Target Folder Box please select the intended folder in which the approved/commented file shall be saved. This is a mandatory step for the initiator.

For Example:
For files/folders initiated in  WIP  the initiator shall follow the following

For Centre Point  - Ayodhya -> Centre Point -Ayodhya /Shared/Consultant-Structure/<Select folder>",active,"","Please make sure correct target folder is picked in which the files need to be copied to when approved, during initiating the approval process.",2025-05-31 07:00:40.366,2025-06-20 10:46:22.571
d1be3afe-284f-4eba-b80b-fa7b07bdf1c0,bf996092-8d66-408a-8d8e-5065ca3330c2,cbee6c17-cdf8-4f2c-89c3-d6d9d738603e,2d3a5ab2-3f01-4a05-b262-395a8b661eaf,d1be3afe-284f-4eba-b80b-fa7b07bdf1c0,Structure - WIP to Shared (For WIP files),"In the Target Folder Box please select the intended folder in which the approved/commented file shall be saved. This is a mandatory step for the initiator.

For Example:
For files/folders initiated in WIP   the initiator shall follow the following

For Centre Point  - Ayodhya -> Centre Point -Ayodhya /Shared/Consultant-Structure/<Select folder>",active,"","Please make sure correct target folder is picked in which the files need to be copied to when approved, during initiating the approval process.",2025-05-31 07:00:25.418,2025-06-20 10:47:01.038
1646a921-a512-425b-8b47-30650d1a6738,bf996092-8d66-408a-8d8e-5065ca3330c2,cbee6c17-cdf8-4f2c-89c3-d6d9d738603e,2d3a5ab2-3f01-4a05-b262-395a8b661eaf,1646a921-a512-425b-8b47-30650d1a6738,Structure Peer Reviw - Shared to Published,"In the Target Folder Box please select the intended folder in which the approved/commented file shall be saved. This is a mandatory step for the initiator.

For Example:
For files/folders initiated in  Shared   the initiator shall follow the following

For Centre Point  - Ayodhya -> Centre Point -Ayodhya /Shared/Consultant-Structure Peer Review/<Select folder>",active,"","Please make sure correct target folder is picked in which the files need to be copied to when approved, during initiating the approval process.",2025-05-31 07:01:09.548,2025-06-20 10:48:44.986
94b3dc2f-4363-4254-bb47-0b8a6d5380ff,bf996092-8d66-408a-8d8e-5065ca3330c2,cbee6c17-cdf8-4f2c-89c3-d6d9d738603e,2d3a5ab2-3f01-4a05-b262-395a8b661eaf,94b3dc2f-4363-4254-bb47-0b8a6d5380ff,Structure-Shared to Published (For WIP and Tender & BOQ),"In the Target Folder Box please select the intended folder in which the approved/commented file shall be saved. This is a mandatory step for the initiator.

For Example:
For files/folders initiated in  Shared   the initiator shall follow the following

For Centre Point  - Ayodhya -> Centre Point -Ayodhya /Shared/Consultant-Structure  /<Select folder>",active,"","Please make sure correct target folder is picked in which the files need to be copied to when approved, during initiating the approval process.",2025-05-31 07:00:32.35,2025-06-20 10:49:26.461
2ac18eae-274e-4491-ac92-9c72e63831ed,bf996092-8d66-408a-8d8e-5065ca3330c2,cbee6c17-cdf8-4f2c-89c3-d6d9d738603e,2d3a5ab2-3f01-4a05-b262-395a8b661eaf,2ac18eae-274e-4491-ac92-9c72e63831ed,Traffic Analysis-Shared to Published,"In the Target Folder Box please select the intended folder in which the approved/commented file shall be saved. This is a mandatory step for the initiator.

For Example:
For files/folders initiated in  Shared   the initiator shall follow the following

For Centre Point  - Ayodhya -> Centre Point -Ayodhya /Shared/Consultant-Traffic Analysis /r<Select folder>",active,"","Please make sure you pick the correct target folder in which the files need to be copied to when approved, during initiating the approval process.",2025-05-31 07:01:07.248,2025-06-20 10:50:55.298
1e845eb6-0b46-42dc-80b9-5e8670914201,bf996092-8d66-408a-8d8e-5065ca3330c2,e9b596f2-48ee-419b-a199-da304b38c398,b2f76ca9-ad86-4a78-b2cd-24b66da2d04f,1e845eb6-0b46-42dc-80b9-5e8670914201,Contracts - Work Order Approval (2-Step Workflow),"In the Target Folder Box please select the intended folder in which the approved/commented file shall be saved. This is a mandatory step for the initiator.

For Example:
For files/folders initiated in Shared the initiator shall follow the following

For Centre Point  -Prayagraj-> Centre Point -Prayagraj/Shared/Consultant-Contracts/<Select folder>",active,"","Please make sure you pick the correct target folder in which the files need to be copied to when approved, during initiating the approval process.",2025-05-31 06:59:12.704,2025-06-21 04:05:44.747
2aae4a58-8583-4d6f-a600-e25ce0d594ed,bf996092-8d66-408a-8d8e-5065ca3330c2,f679f4cf-c089-4a2b-9b84-b14129630601,08795234-20d9-43ad-ac42-ec174b8fad8e,2aae4a58-8583-4d6f-a600-e25ce0d594ed,Architecture-Shared to Published(For Compile Tender & BOQ),"In the Target Folder Box please select the intended folder in which the approved/commented file shall be saved. This is a mandatory step for the initiator.

For Example:
For files/folders initiated in  Shared the initiator shall follow the following

For Centre Point  - Ghaziabad -> Centre Point -Ghaziabad /Shared/Consultant -Architecture/<Select folder>",active,"","Please make sure correct target folder is picked in which the files need to be copied to when approved, during initiating the approval process.",2025-06-21 05:12:41.374,2025-06-21 05:12:41.374
8c1bc834-e77f-43fe-b45a-d2aa5ccd57da,bf996092-8d66-408a-8d8e-5065ca3330c2,f679f4cf-c089-4a2b-9b84-b14129630601,08795234-20d9-43ad-ac42-ec174b8fad8e,8c1bc834-e77f-43fe-b45a-d2aa5ccd57da,Architecture-Shared to Published(For SD & DD),"In the Target Folder Box please select the intended folder in which the approved/commented file shall be saved. This is a mandatory step for the initiator.

For Example:
For files/folders initiated in  Shared the initiator shall follow the following

For Centre Point  - Ghaziabad -> Centre Point -Ghaziabad /Shared/Consultant -Architecture/<Select folder>",active,"","Please make sure correct target folder is picked in which the files need to be copied to when approved, during initiating the approval process.",2025-03-21 09:14:57.039,2025-06-21 05:21:12.862
72cf32a7-7585-4de0-88f0-55001bfc559b,bf996092-8d66-408a-8d8e-5065ca3330c2,f679f4cf-c089-4a2b-9b84-b14129630601,08795234-20d9-43ad-ac42-ec174b8fad8e,72cf32a7-7585-4de0-88f0-55001bfc559b,Structure Peer Review -  Shared to  Published,"In the Target Folder Box please select the intended folder in which the approved/commented file shall be saved. This is a mandatory step for the initiator.

For Example:
For files/folders initiated in  Shared the initiator shall follow the following

For Centre Point  - Ghaziabad -> Centre Point -Ghaziabad /Shared/Consultant -Structure Peer Review/<Select folder>",active,"","Please make sure correct target folder is picked in which the files need to be copied to when approved, during initiating the approval process.",2025-06-21 05:39:22.952,2025-06-21 05:39:22.952
c44e1bd5-732e-4853-8b82-6aeaae2b0b45,bf996092-8d66-408a-8d8e-5065ca3330c2,f679f4cf-c089-4a2b-9b84-b14129630601,08795234-20d9-43ad-ac42-ec174b8fad8e,c44e1bd5-732e-4853-8b82-6aeaae2b0b45,Structure - WIP to Shared (For DBR),"In the Target Folder Box please select the intended folder in which the approved/commented file shall be saved. This is a mandatory step for the initiator.

For Example:
For files/folders initiated in  WIP the initiator shall follow the following.

For Centre Point  - Ghaziabad -> Centre Point -Ghaziabad /Shared/Consultant -Structure/<Select folder>",active,"","Please make sure correct target folder is picked in which the files need to be copied to when approved, during initiating the approval process.",2025-06-21 05:45:57.228,2025-06-21 05:46:36.732
6827771b-b705-448f-a1ca-c11dd539a784,bf996092-8d66-408a-8d8e-5065ca3330c2,f679f4cf-c089-4a2b-9b84-b14129630601,08795234-20d9-43ad-ac42-ec174b8fad8e,6827771b-b705-448f-a1ca-c11dd539a784,Mechanical-WIP to Shared(For SD Requirement),"In the Target Folder Box please select the intended folder in which the approved/commented file shall be saved. This is a mandatory step for the initiator.

For Example:
For files/folders initiated in  Shared the initiator shall follow the following

For Centre Point  - Ghaziabad -> Centre Point -Ghaziabad /Shared/Consultant- Mechanical/<Select folder>",active,"","Please make sure correct target folder is picked in which the files need to be copied to when approved, during initiating the approval process.",2025-06-21 06:15:32.76,2025-06-21 06:15:32.76
5110ce2d-bfa5-4833-bbd7-968fb0ca3147,bf996092-8d66-408a-8d8e-5065ca3330c2,f679f4cf-c089-4a2b-9b84-b14129630601,08795234-20d9-43ad-ac42-ec174b8fad8e,5110ce2d-bfa5-4833-bbd7-968fb0ca3147,Mechanical-Shared to Published(For DBR),"In the Target Folder Box please select the intended folder in which the approved/commented file shall be saved. This is a mandatory step for the initiator.

For Example:
For files/folders initiated in  Shared the initiator shall follow the following

For Centre Point  - Ghaziabad -> Centre Point -Ghaziabad /Shared/Consultant -Mechanical<Select folder>",active,"","Please make sure you pick the correct target folder in which the files need to be copied to when approved, during initiating the approval process.",2025-06-21 06:18:12.565,2025-06-21 06:18:12.565
c8fd1443-0b84-4427-9e7c-8091257aa9a5,bf996092-8d66-408a-8d8e-5065ca3330c2,f679f4cf-c089-4a2b-9b84-b14129630601,08795234-20d9-43ad-ac42-ec174b8fad8e,c8fd1443-0b84-4427-9e7c-8091257aa9a5,Mechanical-Shared to Published(For Fire Scheme Approval),"In the Target Folder Box please select the intended folder in which the approved/commented file shall be saved. This is a mandatory step for the initiator.

For Example:
For files/folders initiated in  Shared the initiator shall follow the following

For Centre Point  - Ghaziabad -> Centre Point -Ghaziabad /Shared/Consultant-Fire Scheme Approval /<Select folder>",active,"","Please make sure correct target folder is picked in which the files need to be copied to when approved, during initiating the approval process.",2025-03-21 09:15:14.459,2025-06-21 06:22:28.772
e2131c3a-62bc-4cfb-ad67-2bba4f035377,bf996092-8d66-408a-8d8e-5065ca3330c2,f679f4cf-c089-4a2b-9b84-b14129630601,08795234-20d9-43ad-ac42-ec174b8fad8e,e2131c3a-62bc-4cfb-ad67-2bba4f035377,Electrical-WIP to Shared(All WIP files),"In the Target Folder Box please select the intended folder in which the approved/commented file shall be saved. This is a mandatory step for the initiator.

For Example:
For files/folders initiated in  WIP the initiator shall follow the following

For Centre Point  - Ghaziabad -> Centre Point -Ghaziabad /Shared/Consultant- Electrical/<Select folder>",active,"","Please make sure you pick the correct target folder in which the files need to be copied to when approved, during initiating the approval process.",2025-03-21 09:14:40.138,2025-06-21 06:30:24.067
b8f00816-d5aa-4303-9e77-c086cb0c1e8b,bf996092-8d66-408a-8d8e-5065ca3330c2,f679f4cf-c089-4a2b-9b84-b14129630601,08795234-20d9-43ad-ac42-ec174b8fad8e,b8f00816-d5aa-4303-9e77-c086cb0c1e8b,Electrical-Shared to Published(For Fire Scheme Approval),"In the Target Folder Box please select the intended folder in which the approved/commented file shall be saved. This is a mandatory step for the initiator.

For Example:
For files/folders initiated in  Shared the initiator shall follow the following

For Centre Point  - Ghaziabad -> Centre Point -Ghaziabad /Shared/Consultant-Fire Scheme Approval /<Select folder>",active,"","Please make sure correct target folder is picked in which the files need to be copied to when approved, during initiating the approval process.",2025-03-21 09:15:09.443,2025-06-21 06:38:34.832
e717e7df-5521-4b26-a4e3-415886040833,bf996092-8d66-408a-8d8e-5065ca3330c2,f679f4cf-c089-4a2b-9b84-b14129630601,08795234-20d9-43ad-ac42-ec174b8fad8e,e717e7df-5521-4b26-a4e3-415886040833,Electrical-Shared to Published(For DBR),"In the Target Folder Box please select the intended folder in which the approved/commented file shall be saved. This is a mandatory step for the initiator.

For Example:
For files/folders initiated in  WIP the initiator shall follow the following

For Centre Point  - Ghaziabad -> Centre Point -Ghaziabad /Shared/Consultant- Electrical/<Select folder>",active,"","Please make sure you pick the correct target folder in which the files need to be copied to when approved, during initiating the approval process.",2025-06-21 06:53:38.413,2025-06-21 06:53:38.413
0770480b-5e65-413a-89f3-56bff72b0820,bf996092-8d66-408a-8d8e-5065ca3330c2,f679f4cf-c089-4a2b-9b84-b14129630601,08795234-20d9-43ad-ac42-ec174b8fad8e,0770480b-5e65-413a-89f3-56bff72b0820,Electrical-Shared to Published(For WIP Files and Tender & BOQ),"In the Target Folder Box please select the intended folder in which the approved/commented file shall be saved. This is a mandatory step for the initiator.

For Example:
For files/folders initiated in  WIP the initiator shall follow the following

For Centre Point  - Ghaziabad -> Centre Point -Ghaziabad /Shared/Consultant- Electrical/<Select folder>",active,"","Please make sure you pick the correct target folder in which the files need to be copied to when approved, during initiating the approval process.",2025-06-21 06:59:14.948,2025-06-21 06:59:14.948
d69831bf-f007-4abb-bfc4-87513fecde81,bf996092-8d66-408a-8d8e-5065ca3330c2,f679f4cf-c089-4a2b-9b84-b14129630601,08795234-20d9-43ad-ac42-ec174b8fad8e,d69831bf-f007-4abb-bfc4-87513fecde81,Electrical - SD (and) DD (and) GFC,"In the Target Folder Box please select the intended folder in which the approved/commented file shall be saved. This is a mandatory step for the initiator.

For Example:
For files/folders initiated in  Shared the initiator shall follow the following

For Centre Point  - Ghaziabad -> Centre Point -Ghaziabad /Shared/Consultant- Electrical/<Select folder>",archived,"","Please make sure correct target folder is picked in which the files need to be copied to when approved, during initiating the approval process.",2025-03-21 09:14:58.346,2025-06-21 06:59:59.838
6cbb3e17-70cd-4bb2-994f-0f1ab021ba15,bf996092-8d66-408a-8d8e-5065ca3330c2,f679f4cf-c089-4a2b-9b84-b14129630601,08795234-20d9-43ad-ac42-ec174b8fad8e,6cbb3e17-70cd-4bb2-994f-0f1ab021ba15,Plumbing & Firefighting-Shared to Publish(For Fire Scheme Approval),"In the Target Folder Box please select the intended folder in which the approved/commented file shall be saved. This is a mandatory step for the initiator.

For Example:
For files/folders initiated in  Shared the initiator shall follow the following

For Centre Point  - Ghaziabad -> Centre Point -Ghaziabad /Shared/Consultant-Fire Scheme Approval /<Select folder>",active,"","Please make sure correct target folder is picked in which the files need to be copied to when approved, during initiating the approval process.",2025-03-21 09:15:03.284,2025-06-21 07:02:19.886
a15da047-d65b-4124-af36-1b0f49b15ee7,bf996092-8d66-408a-8d8e-5065ca3330c2,85aceded-1588-4f99-bfba-6fe212b8cb9a,64a55b40-d5be-473c-baef-2617d1855ab7,a15da047-d65b-4124-af36-1b0f49b15ee7,DBR Structure,"Pick below target Folders based on the files / folder initiated for the Review.

For files/folders initiated in WIP

For Integrated Sports Arena -> Integrated Sports Arena/Shared/ Consultant - Structure/ DBR
For Retail -> Retail/Shared/Consultant - Structure/DBR
For Club -> Club/Shared/Consultant - Structure/DBR

For files/folders initiated in Shared

For Integrated Sports Arena -> Integrated Sports Arena/Published/ Consultant - Structure/ DBR
For Retail -> Retail/Published/Consultant - Structure/DBR
For Club -> Club/Published/Consultant - Structure/DBR",active,"","Please make sure correct target folder is picked in which the files need to be copied to when approved, during initiating the approval process.",2025-02-25 05:38:37.386,2025-02-25 05:38:37.386
7ed21c4e-ee30-463e-aa27-bd161db82ddb,bf996092-8d66-408a-8d8e-5065ca3330c2,85aceded-1588-4f99-bfba-6fe212b8cb9a,64a55b40-d5be-473c-baef-2617d1855ab7,7ed21c4e-ee30-463e-aa27-bd161db82ddb,DBR Electrical,"Pick below target Folders based on the files / folder initiated for the Review.

For files/folders initiated in WIP

For Integrated Sports Arena -> Integrated Sports Arena/Shared/ Consultant - Electrical / DBR
For Retail -> Retail/Shared/Consultant - Electrical /DBR
For Club -> Club/Shared/Consultant - Electrical /DBR

For files/folders initiated in Shared

For Integrated Sports Arena -> Integrated Sports Arena/Published/ Consultant - Electrical /DBR
For Retail -> Retail/Published/Consultant - Electrical /DBR
For Club -> Club/Published/Consultant - Electrical /DBR",active,"","Please make sure correct target folder is picked in which the files need to be copied to when approved, during initiating the approval process.",2025-02-25 05:38:45.454,2025-02-25 05:38:45.454
0112bce7-7607-410b-b69c-b9e0c29e46e1,bf996092-8d66-408a-8d8e-5065ca3330c2,85aceded-1588-4f99-bfba-6fe212b8cb9a,64a55b40-d5be-473c-baef-2617d1855ab7,0112bce7-7607-410b-b69c-b9e0c29e46e1,SD Requirement Plumbing,"Pick below target Folders based on the files / folder initiated for the Review.

For files/folders initiated in WIP

For Integrated Sports Arena -> Integrated Sports Arena/Shared/ Consultant - Plumbing/SD Requirements
For Retail -> Retail/Shared/ Consultant - Plumbing/SD Requirements
For Club -> Club/Shared/ Consultant - Plumbing/SD Requirements",active,"","Please make sure correct target folder is picked in which the files need to be copied to when approved, during initiating the approval process.",2025-02-25 05:38:50.426,2025-02-25 05:38:50.426
6275e057-e6e8-4019-875f-ef07087a16a0,bf996092-8d66-408a-8d8e-5065ca3330c2,85aceded-1588-4f99-bfba-6fe212b8cb9a,64a55b40-d5be-473c-baef-2617d1855ab7,6275e057-e6e8-4019-875f-ef07087a16a0,SD Requirement Electrical,"Pick below target Folders based on the files / folder initiated for the Review.

For files/folders initiated in WIP

For Integrated Sports Arena -> Integrated Sports Arena/Shared/ Consultant - Electrical/SD Requirements
For Retail -> Retail/Shared/ Consultant - Electrical/SD Requirements
For Club -> Club/Shared/ Consultant - Electrical/SD Requirements",active,"","Please make sure correct target folder is picked in which the files need to be copied to when approved, during initiating the approval process.",2025-02-25 05:38:55.516,2025-02-25 05:38:55.516
8d99d39d-9c47-4732-aa9f-e5314c40405d,bf996092-8d66-408a-8d8e-5065ca3330c2,85aceded-1588-4f99-bfba-6fe212b8cb9a,64a55b40-d5be-473c-baef-2617d1855ab7,8d99d39d-9c47-4732-aa9f-e5314c40405d,SD Requirement Mechanical,"Pick below target Folders based on the files / folder initiated for the Review.

For files/folders initiated in WIP

For Integrated Sports Arena -> Integrated Sports Arena/Shared/ Consultant - Mechanical/SD Requirements
For Retail -> Retail/Shared/ Consultant - Mechanical/SD Requirements
For Club -> Club/Shared/ Consultant - Mechanical/SD Requirements",active,"","Please make sure correct target folder is picked in which the files need to be copied to when approved, during initiating the approval process.",2025-02-25 05:39:02.252,2025-02-25 05:39:02.252
7a937d30-d455-485d-9286-b1aa69cc7e70,bf996092-8d66-408a-8d8e-5065ca3330c2,85aceded-1588-4f99-bfba-6fe212b8cb9a,64a55b40-d5be-473c-baef-2617d1855ab7,7a937d30-d455-485d-9286-b1aa69cc7e70,Tender & BOQ Structure,"Pick below target Folders based on the files / folder initiated for the Review.

For files/folders initiated in Shared

For Integrated Sports Arena -> Integrated Sports Arena/Published/Consultant - Structure/Tender & BOQ
For Retail -> Retail/Published/Consultant - Structure/Tender & BOQ
For Club -> Club/Published/Consultant - Structure/Tender & BOQ",active,"","Please make sure correct target folder is picked in which the files need to be copied to when approved, during initiating the approval process.",2025-02-25 05:39:33.684,2025-02-25 05:39:33.684
8472274f-485f-4a13-9ca1-8da0a28a2b98,bf996092-8d66-408a-8d8e-5065ca3330c2,85aceded-1588-4f99-bfba-6fe212b8cb9a,64a55b40-d5be-473c-baef-2617d1855ab7,8472274f-485f-4a13-9ca1-8da0a28a2b98,DBR Plumbing,"Pick below target Folders based on the files / folder initiated for the Review.

For files/folders initiated in WIP

For Integrated Sports Arena -> Integrated Sports Arena/Shared/ Consultant - Plumbing/ DBR
For Retail -> Retail/Shared/Consultant - Plumbing/DBR
For Club -> Club/Shared/Consultant - Plumbing/DBR

For files/folders initiated in Shared

For Integrated Sports Arena -> Integrated Sports Arena/Published/ Consultant - Plumbing/ DBR
For Retail -> Retail/Published/Consultant - Plumbing/DBR
For Club -> Club/Published/Consultant - Plumbing/DBR",active,"","Please make sure correct target folder is picked in which the files need to be copied to when approved, during initiating the approval process.",2025-02-25 05:39:48.407,2025-02-25 05:39:48.407
efc6fcf0-c945-49f8-bf84-639bce66b05c,bf996092-8d66-408a-8d8e-5065ca3330c2,85aceded-1588-4f99-bfba-6fe212b8cb9a,64a55b40-d5be-473c-baef-2617d1855ab7,efc6fcf0-c945-49f8-bf84-639bce66b05c,Service Estimate,"Pick below target Folders based on the files / folder initiated for the Review.

For files/folders initiated in Shared

Mechanical:

For Integrated Sports Arena -> Integrated Sports Arena/Published/ Consultant - Mechanical / Service Estimate
For Retail -> Retail/Published/ Consultant - Mechanical / Service Estimate
For Club -> Club/Published/ Consultant - Mechanical / Service Estimate


Electrical:

For Integrated Sports Arena -> Integrated Sports Arena/Published/ Consultant - Electrical / Service Estimate
For Retail -> Retail/Published/ Consultant - Electrical / Service Estimate
For Club -> Club/Published/ Consultant - Electrical / Service Estimate

Plumbing:

For Integrated Sports Arena -> Integrated Sports Arena/Published/ Consultant - Plumbing/SD Requirements/Service Estimate
For Retail -> Retail/Published/ Consultant - Plumbing/SD Requirements/Service Estimate
For Club -> Club/Published/ Consultant - Plumbing/SD Requirements/Service Estimate",active,"","Please make sure correct target folder is picked in which the files need to be copied to when approved, during initiating the approval process.",2025-02-25 05:40:00.202,2025-02-25 05:40:00.202
b133863d-42ce-4e46-8a40-22eaad81cbb1,bf996092-8d66-408a-8d8e-5065ca3330c2,85aceded-1588-4f99-bfba-6fe212b8cb9a,64a55b40-d5be-473c-baef-2617d1855ab7,b133863d-42ce-4e46-8a40-22eaad81cbb1,Signage,"Pick below target Folders based on the files / folder initiated for the Review.

For files/folders initiated in WIP 

Integrated Sports Arena -> Integrated Sports Arena/Shared/ Consultant - Signage Design/<Select folder>
For Retail -> Retail/Shared/ Consultant - Signage Design/<Select folder>
For Club -> Club/Shared/ Consultant - Signage Design/<Select folder>

For files/folders initiated in Shared

Integrated Sports Arena -> Integrated Sports Arena/Published/ Consultant - Signage Design<Select folder>
For Retail -> Retail/Published/ Consultant - Signage Design/<Select folder>
For Club -> Club/Published/ Consultant - Signage Design/<Select folder>",active,"","Please make sure correct target folder is picked in which the files need to be copied to when approved, during initiating the approval process.",2025-02-25 05:40:06.936,2025-02-25 05:40:06.936
f82b2806-5069-4588-a470-6f1b6896f909,bf996092-8d66-408a-8d8e-5065ca3330c2,85aceded-1588-4f99-bfba-6fe212b8cb9a,64a55b40-d5be-473c-baef-2617d1855ab7,f82b2806-5069-4588-a470-6f1b6896f909,Landscape,"Pick below target Folders based on the files / folder initiated for the Review.

For files/folders initiated in WIP 

Integrated Sports Arena -> Integrated Sports Arena/Shared/Consultant - Landscape/<Select folder>
For Retail -> Retail/Shared/Consultant - Landscape/<Select folder>
For Club -> Club/Shared/Consultant - Landscape/<Select folder>

For files/folders initiated in Shared

Integrated Sports Arena -> Integrated Sports Arena/Published/Consultant - Landscape/<Select folder>
For Retail -> Retail/Published/Consultant - Landscape/<Select folder>
For Club -> Club/Published/Consultant - Landscape/<Select folder>",active,"","Please make sure correct target folder is picked in which the files need to be copied to when approved, during initiating the approval process.",2025-02-25 05:40:14.864,2025-02-25 05:40:14.864
10edc99f-865e-4656-a7d4-b2d0a65a23b9,bf996092-8d66-408a-8d8e-5065ca3330c2,85aceded-1588-4f99-bfba-6fe212b8cb9a,64a55b40-d5be-473c-baef-2617d1855ab7,10edc99f-865e-4656-a7d4-b2d0a65a23b9,Vertical Transport,"Pick below target Folders based on the files / folder initiated for the Review.

For files/folders initiated in WIP 

Integrated Sports Arena -> Integrated Sports Arena/Shared/ Consultant - Vertical Transport/<Select folder>
For Retail -> Retail/Shared/ Consultant - Vertical Transport/<Select folder>
For Club -> Club/Shared/ Consultant - Vertical Transport/<Select folder>

For files/folders initiated in Shared

Integrated Sports Arena -> Integrated Sports Arena/Published/ Consultant - Vertical Transport<Select folder>
For Retail -> Retail/Published/ Consultant - Vertical Transport/<Select folder>
For Club -> Club/Published/ Consultant - Vertical Transport/<Select folder>",active,"","Please make sure correct target folder is picked in which the files need to be copied to when approved, during initiating the approval process.",2025-02-25 05:40:31.765,2025-02-25 05:40:31.765
27f68b79-e1be-4401-9423-da7e7cd2b3e5,bf996092-8d66-408a-8d8e-5065ca3330c2,85aceded-1588-4f99-bfba-6fe212b8cb9a,64a55b40-d5be-473c-baef-2617d1855ab7,27f68b79-e1be-4401-9423-da7e7cd2b3e5,Roof,"Pick below target Folders based on the files / folder initiated for the Review.

For files/folders initiated in WIP 

Integrated Sports Arena -> Integrated Sports Arena/Shared/ Consultant - Roof Consultant/<Select folder>
For Retail -> Retail/Shared/Consultant - Roof Consultant/<Select folder>
For Club -> Club/Shared/Consultant - Roof Consultant/<Select folder>

For files/folders initiated in Shared

For Integrated Sports Arena -> Integrated Sports Arena/Published/ Consultant - Roof Consultant/<Select folder>
For Retail -> Retail/Published/Consultant - Roof Consultant/<Select folder>
For Club -> Club/Published/Consultant - Roof Consultant/<Select folder>",active,"","Please make sure correct target folder is picked in which the files need to be copied to when approved, during initiating the approval process.",2025-02-25 05:40:38.931,2025-02-25 05:40:38.931
32d84a88-c558-45ca-83e7-12b3f4ef5618,bf996092-8d66-408a-8d8e-5065ca3330c2,85aceded-1588-4f99-bfba-6fe212b8cb9a,64a55b40-d5be-473c-baef-2617d1855ab7,32d84a88-c558-45ca-83e7-12b3f4ef5618,Lighting,"Pick below target Folders based on the files / folder initiated for the Review.

For files/folders initiated in WIP 

Integrated Sports Arena -> Integrated Sports Arena/Shared/ Consultant - Lighting Design/<Select folder>
For Retail -> Retail/Shared/ Consultant - Lighting Design/<Select folder>
For Club -> Club/Shared/ Consultant - Lighting Design/<Select folder>


For files/folders initiated in Shared

For Integrated Sports Arena -> Integrated Sports Arena/Published/ Consultant - Lighting Design / <Select folder>
For Retail -> Retail/Published/ Consultant - Lighting Design/ <Select folder>
For Club -> Club/Published/ Consultant - Lighting Design / <Select folder>",active,"","Please make sure correct target folder is picked in which the files need to be copied to when approved, during initiating the approval process.",2025-02-25 05:40:46.58,2025-02-25 05:40:46.58
befb3112-192b-415b-85e6-1c38fdd4f3c4,bf996092-8d66-408a-8d8e-5065ca3330c2,85aceded-1588-4f99-bfba-6fe212b8cb9a,64a55b40-d5be-473c-baef-2617d1855ab7,befb3112-192b-415b-85e6-1c38fdd4f3c4,Fire Scheme Approval - Plumbing,"Pick below target Folders based on the files / folder initiated for the Review.

For files/folders initiated in Shared

For Integrated Sports Arena -> Integrated Sports Arena/Published/ Consultant - Plumbing / Fire Scheme
For Retail -> Retail/Published/ Consultant - Plumbing / Fire Scheme
For Club -> Club/Published/ Consultant - Plumbing / Fire Scheme",active,"","Please make sure correct target folder is picked in which the files need to be copied to when approved, during initiating the approval process.",2025-02-25 05:40:52.685,2025-02-25 05:40:52.685
2ffb1231-171d-442c-b2b4-60f633f6fc4a,bf996092-8d66-408a-8d8e-5065ca3330c2,85aceded-1588-4f99-bfba-6fe212b8cb9a,64a55b40-d5be-473c-baef-2617d1855ab7,2ffb1231-171d-442c-b2b4-60f633f6fc4a,Fire Scheme Approval - Electrical,"Pick below target Folders based on the files / folder initiated for the Review.

For files/folders initiated in Shared

For Integrated Sports Arena -> Integrated Sports Arena/Published/ Consultant - Electrical / Fire Scheme
For Retail -> Retail/Published/ Consultant - Electrical / Fire Scheme
For Club -> Club/Published/ Consultant - Electrical / Fire Scheme",active,"","Please make sure correct target folder is picked in which the files need to be copied to when approved, during initiating the approval process.",2025-02-25 05:40:57.757,2025-02-25 05:40:57.757
afd87f18-3a43-4dcb-8c1a-73d7bdb187d4,bf996092-8d66-408a-8d8e-5065ca3330c2,85aceded-1588-4f99-bfba-6fe212b8cb9a,64a55b40-d5be-473c-baef-2617d1855ab7,afd87f18-3a43-4dcb-8c1a-73d7bdb187d4,Fire Scheme Approval - Mechanical,"Pick below target Folders based on the files / folder initiated for the Review.

For files/folders initiated in Shared

For Integrated Sports Arena -> Integrated Sports Arena/Published/ Consultant - Mechanical / Fire Scheme
For Retail -> Retail/Published/ Consultant - Mechanical / Fire Scheme
For Club -> Club/Published/ Consultant - Mechanical / Fire Scheme",active,"","Please make sure correct target folder is picked in which the files need to be copied to when approved, during initiating the approval process.",2025-02-25 05:41:04.218,2025-02-25 05:41:04.218
3a015cb9-8269-4f89-bc8b-61c57daace6b,bf996092-8d66-408a-8d8e-5065ca3330c2,85aceded-1588-4f99-bfba-6fe212b8cb9a,64a55b40-d5be-473c-baef-2617d1855ab7,3a015cb9-8269-4f89-bc8b-61c57daace6b,BP framing plan Approval,"Pick below target Folders based on the files / folder initiated for the Review.

For files/folders initiated in Shared

For Integrated Sports Arena -> Integrated Sports Arena/Published/ Consultant - Structure / BP Framing Approval
For Retail -> Retail/Published/Consultant - Structure / BP Framing Approval
For Club -> Club/Published/Consultant - Structure / BP Framing Approval",active,"","Please make sure correct target folder is picked in which the files need to be copied to when approved, during initiating the approval process.",2025-02-25 05:41:09.656,2025-02-25 05:41:09.656
a88e5693-f3af-4892-8ec1-ee5a8c0f7a84,bf996092-8d66-408a-8d8e-5065ca3330c2,85aceded-1588-4f99-bfba-6fe212b8cb9a,64a55b40-d5be-473c-baef-2617d1855ab7,a88e5693-f3af-4892-8ec1-ee5a8c0f7a84,Compile Tender & BOQ,"Pick below target Folders based on the files / folder initiated for the Review.

For files/folders initiated in Shared

For Integrated Sports Arena -> Integrated Sports Arena/Published/ Consultant - Arch Principal/Tender & BOQ
For Retail -> Retail/Published/Consultant - Arch Principal/Tender & BOQ
For Club -> Club/Published/Consultant - Arch Principal/Tender & BOQ",active,"","Please make sure correct target folder is picked in which the files need to be copied to when approved, during initiating the approval process.",2025-02-25 05:41:15.871,2025-02-25 05:41:15.871
568c92f2-49e6-47fc-85c3-00b605fa8b64,bf996092-8d66-408a-8d8e-5065ca3330c2,85aceded-1588-4f99-bfba-6fe212b8cb9a,64a55b40-d5be-473c-baef-2617d1855ab7,568c92f2-49e6-47fc-85c3-00b605fa8b64,Wind Tunnel Analysis,"Pick below target Folders based on the files / folder initiated for the Review.

For files/folders initiated in WIP 

Integrated Sports Arena -> Integrated Sports Arena/Shared/Consultant - Wind Tunnel Analysis/<Select folder>
For Retail -> Retail/Shared/Consultant - Wind Tunnel Analysis/<Select folder>
For Club -> Club/Shared/Consultant - Wind Tunnel Analysis/<Select folder>

For files/folders initiated in Shared

For Integrated Sports Arena -> Integrated Sports Arena/Published/Consultant - Wind Tunnel Analysis<Select folder>
For Retail -> Retail/Published/Consultant - Wind Tunnel Analysis/<Select folder>
For Club -> Club/Published/Consultant - Wind Tunnel Analysis/<Select folder>",active,"","Please make sure correct target folder is picked in which the files need to be copied to when approved, during initiating the approval process.",2025-02-25 05:41:21.892,2025-02-25 05:41:21.892
9ccd0b8e-d3ee-4b7d-8853-6641c27c7a40,bf996092-8d66-408a-8d8e-5065ca3330c2,ada6015d-9fce-4f2c-b20f-fc9122d2face,f978b2a1-b392-4017-89c9-d6e484b2bad0,9ccd0b8e-d3ee-4b7d-8853-6641c27c7a40,SD Requirement Plumbing,"Pick below target Folders based on the files / folder initiated for the Review.

For files/folders initiated in WIP

For Integrated Sports Arena -> Integrated Sports Arena/Shared/ Consultant - Plumbing/SD Requirements
For Retail -> Retail/Shared/ Consultant - Plumbing/SD Requirements
For Club -> Club/Shared/ Consultant - Plumbing/SD Requirements",active,"","Please make sure correct target folder is picked in which the files need to be copied to when approved, during initiating the approval process.",2025-02-25 06:09:41.126,2025-02-25 06:09:41.126
23d2f4af-6a64-42b9-bcba-f24aebf3b0dd,bf996092-8d66-408a-8d8e-5065ca3330c2,ada6015d-9fce-4f2c-b20f-fc9122d2face,f978b2a1-b392-4017-89c9-d6e484b2bad0,23d2f4af-6a64-42b9-bcba-f24aebf3b0dd,Vertical Transport,"Pick below target Folders based on the files / folder initiated for the Review.

For files/folders initiated in WIP 

Integrated Sports Arena -> Integrated Sports Arena/Shared/ Consultant - Vertical Transport/<Select folder>
For Retail -> Retail/Shared/ Consultant - Vertical Transport/<Select folder>
For Club -> Club/Shared/ Consultant - Vertical Transport/<Select folder>

For files/folders initiated in Shared

Integrated Sports Arena -> Integrated Sports Arena/Published/ Consultant - Vertical Transport<Select folder>
For Retail -> Retail/Published/ Consultant - Vertical Transport/<Select folder>
For Club -> Club/Published/ Consultant - Vertical Transport/<Select folder>",active,"","Please make sure correct target folder is picked in which the files need to be copied to when approved, during initiating the approval process.",2025-02-25 06:09:43.782,2025-02-25 06:09:43.782
26d5c7f0-0155-43f3-9ff2-1205036f4ab5,bf996092-8d66-408a-8d8e-5065ca3330c2,ada6015d-9fce-4f2c-b20f-fc9122d2face,f978b2a1-b392-4017-89c9-d6e484b2bad0,26d5c7f0-0155-43f3-9ff2-1205036f4ab5,Roof,"Pick below target Folders based on the files / folder initiated for the Review.

For files/folders initiated in WIP 

Integrated Sports Arena -> Integrated Sports Arena/Shared/ Consultant - Roof Consultant/<Select folder>
For Retail -> Retail/Shared/Consultant - Roof Consultant/<Select folder>
For Club -> Club/Shared/Consultant - Roof Consultant/<Select folder>

For files/folders initiated in Shared

For Integrated Sports Arena -> Integrated Sports Arena/Published/ Consultant - Roof Consultant/<Select folder>
For Retail -> Retail/Published/Consultant - Roof Consultant/<Select folder>
For Club -> Club/Published/Consultant - Roof Consultant/<Select folder>",active,"","Please make sure correct target folder is picked in which the files need to be copied to when approved, during initiating the approval process.",2025-02-25 06:09:45.1,2025-02-25 06:09:45.1
45fd78f8-49f5-4aee-a600-3cee0c3aeda0,bf996092-8d66-408a-8d8e-5065ca3330c2,ada6015d-9fce-4f2c-b20f-fc9122d2face,f978b2a1-b392-4017-89c9-d6e484b2bad0,45fd78f8-49f5-4aee-a600-3cee0c3aeda0,Fire Scheme Approval - Electrical,"Pick below target Folders based on the files / folder initiated for the Review.

For files/folders initiated in Shared

For Integrated Sports Arena -> Integrated Sports Arena/Published/ Consultant - Electrical / Fire Scheme
For Retail -> Retail/Published/ Consultant - Electrical / Fire Scheme
For Club -> Club/Published/ Consultant - Electrical / Fire Scheme",active,"","Please make sure correct target folder is picked in which the files need to be copied to when approved, during initiating the approval process.",2025-02-25 06:09:46.334,2025-02-25 06:09:46.334
dd89b368-4105-49d4-9056-1d3196d5fef6,bf996092-8d66-408a-8d8e-5065ca3330c2,ada6015d-9fce-4f2c-b20f-fc9122d2face,f978b2a1-b392-4017-89c9-d6e484b2bad0,dd89b368-4105-49d4-9056-1d3196d5fef6,Lighting,"Pick below target Folders based on the files / folder initiated for the Review.

For files/folders initiated in WIP 

Integrated Sports Arena -> Integrated Sports Arena/Shared/ Consultant - Lighting Design/<Select folder>
For Retail -> Retail/Shared/ Consultant - Lighting Design/<Select folder>
For Club -> Club/Shared/ Consultant - Lighting Design/<Select folder>


For files/folders initiated in Shared

For Integrated Sports Arena -> Integrated Sports Arena/Published/ Consultant - Lighting Design / <Select folder>
For Retail -> Retail/Published/ Consultant - Lighting Design/ <Select folder>
For Club -> Club/Published/ Consultant - Lighting Design / <Select folder>",active,"","Please make sure correct target folder is picked in which the files need to be copied to when approved, during initiating the approval process.",2025-02-25 06:09:47.51,2025-02-25 06:09:47.51
a4bd70bc-7271-483b-81fa-045292238b63,bf996092-8d66-408a-8d8e-5065ca3330c2,ada6015d-9fce-4f2c-b20f-fc9122d2face,f978b2a1-b392-4017-89c9-d6e484b2bad0,a4bd70bc-7271-483b-81fa-045292238b63,Wind Tunnel Analysis,"Pick below target Folders based on the files / folder initiated for the Review.

For files/folders initiated in WIP 

Integrated Sports Arena -> Integrated Sports Arena/Shared/Consultant - Wind Tunnel Analysis/<Select folder>
For Retail -> Retail/Shared/Consultant - Wind Tunnel Analysis/<Select folder>
For Club -> Club/Shared/Consultant - Wind Tunnel Analysis/<Select folder>

For files/folders initiated in Shared

For Integrated Sports Arena -> Integrated Sports Arena/Published/Consultant - Wind Tunnel Analysis<Select folder>
For Retail -> Retail/Published/Consultant - Wind Tunnel Analysis/<Select folder>
For Club -> Club/Published/Consultant - Wind Tunnel Analysis/<Select folder>",active,"","Please make sure correct target folder is picked in which the files need to be copied to when approved, during initiating the approval process.",2025-02-25 06:09:53.159,2025-02-25 06:09:53.159
2a0ea1fc-d35b-4c1e-9cd8-72b4fb36e444,bf996092-8d66-408a-8d8e-5065ca3330c2,ada6015d-9fce-4f2c-b20f-fc9122d2face,f978b2a1-b392-4017-89c9-d6e484b2bad0,2a0ea1fc-d35b-4c1e-9cd8-72b4fb36e444,SD Requirement Electrical,"Pick below target Folders based on the files / folder initiated for the Review.

For files/folders initiated in WIP

For Integrated Sports Arena -> Integrated Sports Arena/Shared/ Consultant - Electrical/SD Requirements
For Retail -> Retail/Shared/ Consultant - Electrical/SD Requirements
For Club -> Club/Shared/ Consultant - Electrical/SD Requirements",active,"","Please make sure correct target folder is picked in which the files need to be copied to when approved, during initiating the approval process.",2025-02-25 06:09:54.351,2025-02-25 06:09:54.351
b9bca155-c1ec-4558-baf6-a6a58e76115c,bf996092-8d66-408a-8d8e-5065ca3330c2,ada6015d-9fce-4f2c-b20f-fc9122d2face,f978b2a1-b392-4017-89c9-d6e484b2bad0,b9bca155-c1ec-4558-baf6-a6a58e76115c,Environmental Clearance,"Pick below target Folders based on the files / folder initiated for the Review.

For files/folders initiated in WIP 

Integrated Sports Arena -> Integrated Sports Arena/Shared/ Consultant - Environmental Clearance/<Select folder>
For Retail -> Retail/Shared/Consultant - Environmental Clearance/<Select folder>
For Club -> Club/Shared/Consultant - Environmental Clearance/<Select folder>

For files/folders initiated in Shared

For Integrated Sports Arena -> Integrated Sports Arena/Published/ Consultant - Environmental Clearance/<Select folder>
For Retail -> Retail/Published/Consultant - Environmental Clearance/<Select folder>
For Club -> Club/Published/Consultant - Environmental Clearance/<Select folder>",active,"","Please make sure correct target folder is picked in which the files need to be copied to when approved, during initiating the approval process.",2025-02-25 06:09:56.671,2025-02-25 06:09:56.671
2faa4d03-e4fe-4361-8d6b-09c691302533,bf996092-8d66-408a-8d8e-5065ca3330c2,ada6015d-9fce-4f2c-b20f-fc9122d2face,f978b2a1-b392-4017-89c9-d6e484b2bad0,2faa4d03-e4fe-4361-8d6b-09c691302533,Tender & BOQ Structure,"Pick below target Folders based on the files / folder initiated for the Review.

For files/folders initiated in Shared

For Integrated Sports Arena -> Integrated Sports Arena/Published/Consultant - Structure/Tender & BOQ
For Retail -> Retail/Published/Consultant - Structure/Tender & BOQ
For Club -> Club/Published/Consultant - Structure/Tender & BOQ",active,"","Please make sure correct target folder is picked in which the files need to be copied to when approved, during initiating the approval process.",2025-02-25 06:09:57.863,2025-02-25 06:09:57.863
ee6690c5-f8e7-4ba9-96e2-45d2384b27f4,bf996092-8d66-408a-8d8e-5065ca3330c2,ada6015d-9fce-4f2c-b20f-fc9122d2face,f978b2a1-b392-4017-89c9-d6e484b2bad0,ee6690c5-f8e7-4ba9-96e2-45d2384b27f4,DBR Electrical,"Pick below target Folders based on the files / folder initiated for the Review.

For files/folders initiated in WIP

For Integrated Sports Arena -> Integrated Sports Arena/Shared/ Consultant - Electrical / DBR
For Retail -> Retail/Shared/Consultant - Electrical /DBR
For Club -> Club/Shared/Consultant - Electrical /DBR

For files/folders initiated in Shared

For Integrated Sports Arena -> Integrated Sports Arena/Published/ Consultant - Electrical /DBR
For Retail -> Retail/Published/Consultant - Electrical /DBR
For Club -> Club/Published/Consultant - Electrical /DBR",active,"","Please make sure correct target folder is picked in which the files need to be copied to when approved, during initiating the approval process.",2025-02-25 06:09:59.053,2025-02-25 06:09:59.053
c0ed2afa-d7b1-42b4-91df-5ff83d18bd14,bf996092-8d66-408a-8d8e-5065ca3330c2,ada6015d-9fce-4f2c-b20f-fc9122d2face,f978b2a1-b392-4017-89c9-d6e484b2bad0,c0ed2afa-d7b1-42b4-91df-5ff83d18bd14,DBR Plumbing,"Pick below target Folders based on the files / folder initiated for the Review.

For files/folders initiated in WIP

For Integrated Sports Arena -> Integrated Sports Arena/Shared/ Consultant - Plumbing/ DBR
For Retail -> Retail/Shared/Consultant - Plumbing/DBR
For Club -> Club/Shared/Consultant - Plumbing/DBR

For files/folders initiated in Shared

For Integrated Sports Arena -> Integrated Sports Arena/Published/ Consultant - Plumbing/ DBR
For Retail -> Retail/Published/Consultant - Plumbing/DBR
For Club -> Club/Published/Consultant - Plumbing/DBR",active,"","Please make sure correct target folder is picked in which the files need to be copied to when approved, during initiating the approval process.",2025-02-25 06:10:00.279,2025-02-25 06:10:00.279
7936e56e-de40-400a-a383-0e131ea00f70,bf996092-8d66-408a-8d8e-5065ca3330c2,ada6015d-9fce-4f2c-b20f-fc9122d2face,f978b2a1-b392-4017-89c9-d6e484b2bad0,7936e56e-de40-400a-a383-0e131ea00f70,SD Requirement Mechanical,"Pick below target Folders based on the files / folder initiated for the Review.

For files/folders initiated in WIP

For Integrated Sports Arena -> Integrated Sports Arena/Shared/ Consultant - Mechanical/SD Requirements
For Retail -> Retail/Shared/ Consultant - Mechanical/SD Requirements
For Club -> Club/Shared/ Consultant - Mechanical/SD Requirements",active,"","Please make sure correct target folder is picked in which the files need to be copied to when approved, during initiating the approval process.",2025-02-25 06:10:01.452,2025-02-25 06:10:01.452
e5586ef7-a1cb-49d6-8884-95d61b331be9,bf996092-8d66-408a-8d8e-5065ca3330c2,ada6015d-9fce-4f2c-b20f-fc9122d2face,f978b2a1-b392-4017-89c9-d6e484b2bad0,e5586ef7-a1cb-49d6-8884-95d61b331be9,DBR Structure,"Pick below target Folders based on the files / folder initiated for the Review.

For files/folders initiated in WIP

For Integrated Sports Arena -> Integrated Sports Arena/Shared/ Consultant - Structure/ DBR
For Retail -> Retail/Shared/Consultant - Structure/DBR
For Club -> Club/Shared/Consultant - Structure/DBR

For files/folders initiated in Shared

For Integrated Sports Arena -> Integrated Sports Arena/Published/ Consultant - Structure/ DBR
For Retail -> Retail/Published/Consultant - Structure/DBR
For Club -> Club/Published/Consultant - Structure/DBR",active,"","Please make sure correct target folder is picked in which the files need to be copied to when approved, during initiating the approval process.",2025-02-25 06:10:03.917,2025-02-25 06:10:03.917
16ddb0bf-7fda-4a73-bf58-6b0361c4640f,bf996092-8d66-408a-8d8e-5065ca3330c2,ada6015d-9fce-4f2c-b20f-fc9122d2face,f978b2a1-b392-4017-89c9-d6e484b2bad0,16ddb0bf-7fda-4a73-bf58-6b0361c4640f,Compile Tender & BOQ,"Pick below target Folders based on the files / folder initiated for the Review.

For files/folders initiated in Shared

For Integrated Sports Arena -> Integrated Sports Arena/Published/ Consultant - Arch Principal/Tender & BOQ
For Retail -> Retail/Published/Consultant - Arch Principal/Tender & BOQ
For Club -> Club/Published/Consultant - Arch Principal/Tender & BOQ",active,"","Please make sure correct target folder is picked in which the files need to be copied to when approved, during initiating the approval process.",2025-02-25 06:10:07.8,2025-02-25 06:10:07.8
e3fc4478-5383-4663-bb9e-49c4b9664817,bf996092-8d66-408a-8d8e-5065ca3330c2,ada6015d-9fce-4f2c-b20f-fc9122d2face,f978b2a1-b392-4017-89c9-d6e484b2bad0,e3fc4478-5383-4663-bb9e-49c4b9664817,Fire Scheme Approval - Mechanical,"Pick below target Folders based on the files / folder initiated for the Review.

For files/folders initiated in Shared

For Integrated Sports Arena -> Integrated Sports Arena/Published/ Consultant - Mechanical / Fire Scheme
For Retail -> Retail/Published/ Consultant - Mechanical / Fire Scheme
For Club -> Club/Published/ Consultant - Mechanical / Fire Scheme",active,"","Please make sure correct target folder is picked in which the files need to be copied to when approved, during initiating the approval process.",2025-02-25 06:10:10.388,2025-02-25 06:10:10.388
e16858af-b9bd-4628-a5e6-bcaaa5042225,bf996092-8d66-408a-8d8e-5065ca3330c2,ada6015d-9fce-4f2c-b20f-fc9122d2face,f978b2a1-b392-4017-89c9-d6e484b2bad0,e16858af-b9bd-4628-a5e6-bcaaa5042225,Signage,"Pick below target Folders based on the files / folder initiated for the Review.

For files/folders initiated in WIP 

Integrated Sports Arena -> Integrated Sports Arena/Shared/ Consultant - Signage Design/<Select folder>
For Retail -> Retail/Shared/ Consultant - Signage Design/<Select folder>
For Club -> Club/Shared/ Consultant - Signage Design/<Select folder>

For files/folders initiated in Shared

Integrated Sports Arena -> Integrated Sports Arena/Published/ Consultant - Signage Design<Select folder>
For Retail -> Retail/Published/ Consultant - Signage Design/<Select folder>
For Club -> Club/Published/ Consultant - Signage Design/<Select folder>",active,"","Please make sure correct target folder is picked in which the files need to be copied to when approved, during initiating the approval process.",2025-02-25 06:10:11.552,2025-02-25 06:10:11.552
c651441f-eecb-475c-9b83-d7471eafb891,bf996092-8d66-408a-8d8e-5065ca3330c2,ada6015d-9fce-4f2c-b20f-fc9122d2face,f978b2a1-b392-4017-89c9-d6e484b2bad0,c651441f-eecb-475c-9b83-d7471eafb891,Traffic Analysis,"Pick below target Folders based on the files / folder initiated for the Review.

For files/folders initiated in WIP 

Integrated Sports Arena -> Integrated Sports Arena/Shared/Consultant - Traffic Analysis/<Select folder>
For Retail -> Retail/Shared/Consultant - Traffic Analysis/<Select folder>
For Club -> Club/Shared/Consultant - Traffic Analysis/<Select folder>

For files/folders initiated in Shared

Integrated Sports Arena -> Integrated Sports Arena/Published/Consultant - Traffic Analysis/<Select folder>
For Retail -> Retail/Published/Consultant - Traffic Analysis/<Select folder>
For Club -> Club/Published/Consultant - Traffic Analysis/<Select folder>",active,"","Please make sure you pick the correct target folder in which the files need to be copied to when approved, during initiating the approval process.",2025-02-25 06:10:12.706,2025-02-25 06:10:12.706
7130b13d-190e-4a3b-a901-69d46b3f9ca9,bf996092-8d66-408a-8d8e-5065ca3330c2,ada6015d-9fce-4f2c-b20f-fc9122d2face,f978b2a1-b392-4017-89c9-d6e484b2bad0,7130b13d-190e-4a3b-a901-69d46b3f9ca9,Fire Scheme Approval - Plumbing,"Pick below target Folders based on the files / folder initiated for the Review.

For files/folders initiated in Shared

For Integrated Sports Arena -> Integrated Sports Arena/Published/ Consultant - Plumbing / Fire Scheme
For Retail -> Retail/Published/ Consultant - Plumbing / Fire Scheme
For Club -> Club/Published/ Consultant - Plumbing / Fire Scheme",active,"","Please make sure correct target folder is picked in which the files need to be copied to when approved, during initiating the approval process.",2025-02-25 06:10:15.196,2025-02-25 06:10:15.196
09d2ca80-e7dc-4ad9-8592-313a42a4d602,bf996092-8d66-408a-8d8e-5065ca3330c2,ada6015d-9fce-4f2c-b20f-fc9122d2face,f978b2a1-b392-4017-89c9-d6e484b2bad0,09d2ca80-e7dc-4ad9-8592-313a42a4d602,DBR Mechanical,"Pick below target Folders based on the files / folder initiated for the Review.

For files/folders initiated in WIP

For Integrated Sports Arena -> Integrated Sports Arena/Shared/ Consultant - Mechanical / DBR
For Retail -> Retail/Shared/Consultant - Mechanical /DBR
For Club -> Club/Shared/Consultant - Mechanical /DBR

For files/folders initiated in Shared

For Integrated Sports Arena -> Integrated Sports Arena/Published/ Consultant - Mechanical / DBR
For Retail -> Retail/Published/Consultant - Mechanical /DBR
For Club -> Club/Published/Consultant - Mechanical /DBR",active,"","Please make sure correct target folder is picked in which the files need to be copied to when approved, during initiating the approval process.",2025-02-25 06:10:17.569,2025-02-25 06:10:17.569
ae29c314-df05-4eb8-a637-a7afc823a9b3,bf996092-8d66-408a-8d8e-5065ca3330c2,ada6015d-9fce-4f2c-b20f-fc9122d2face,f978b2a1-b392-4017-89c9-d6e484b2bad0,ae29c314-df05-4eb8-a637-a7afc823a9b3,Service Estimate,"Pick below target Folders based on the files / folder initiated for the Review.

For files/folders initiated in Shared

Mechanical:

For Integrated Sports Arena -> Integrated Sports Arena/Published/ Consultant - Mechanical / Service Estimate
For Retail -> Retail/Published/ Consultant - Mechanical / Service Estimate
For Club -> Club/Published/ Consultant - Mechanical / Service Estimate


Electrical:

For Integrated Sports Arena -> Integrated Sports Arena/Published/ Consultant - Electrical / Service Estimate
For Retail -> Retail/Published/ Consultant - Electrical / Service Estimate
For Club -> Club/Published/ Consultant - Electrical / Service Estimate

Plumbing:

For Integrated Sports Arena -> Integrated Sports Arena/Published/ Consultant - Plumbing/SD Requirements/Service Estimate
For Retail -> Retail/Published/ Consultant - Plumbing/SD Requirements/Service Estimate
For Club -> Club/Published/ Consultant - Plumbing/SD Requirements/Service Estimate",active,"","Please make sure correct target folder is picked in which the files need to be copied to when approved, during initiating the approval process.",2025-02-25 06:10:19.923,2025-02-25 06:10:19.923
61aff265-ab55-4bbc-a454-4f40ce0ec548,bf996092-8d66-408a-8d8e-5065ca3330c2,ada6015d-9fce-4f2c-b20f-fc9122d2face,f978b2a1-b392-4017-89c9-d6e484b2bad0,61aff265-ab55-4bbc-a454-4f40ce0ec548,Landscape,"Pick below target Folders based on the files / folder initiated for the Review.

For files/folders initiated in WIP 

Integrated Sports Arena -> Integrated Sports Arena/Shared/Consultant - Landscape/<Select folder>
For Retail -> Retail/Shared/Consultant - Landscape/<Select folder>
For Club -> Club/Shared/Consultant - Landscape/<Select folder>

For files/folders initiated in Shared

Integrated Sports Arena -> Integrated Sports Arena/Published/Consultant - Landscape/<Select folder>
For Retail -> Retail/Published/Consultant - Landscape/<Select folder>
For Club -> Club/Published/Consultant - Landscape/<Select folder>",active,"","Please make sure correct target folder is picked in which the files need to be copied to when approved, during initiating the approval process.",2025-02-25 06:10:21.087,2025-02-25 06:10:21.087
d416f80a-e3e0-4e62-80fc-f78b1d673961,bf996092-8d66-408a-8d8e-5065ca3330c2,ada6015d-9fce-4f2c-b20f-fc9122d2face,f978b2a1-b392-4017-89c9-d6e484b2bad0,d416f80a-e3e0-4e62-80fc-f78b1d673961,Plumbing - WIP (and) Tender & BoQ,"Pick below target Folders based on the files / folder initiated for the Review.

For Integrated Sports Arena -> Integrated Sports Arena/Shared/Consultant - Plumbing/<Select folder>

For Retail -> Retail/Shared/Consultant - Plumbing/<Select folder>

For Club -> Club/Shared/Consultant - Plumbing/<Select folder>",active,"","Please make sure you pick the correct target folder in which the files need to be copied to when approved, during initiating the approval process.",2025-02-25 06:10:13.951,2025-02-28 06:45:20.57
0e5d3fc3-434a-4993-9f8a-f75ba8a66f09,bf996092-8d66-408a-8d8e-5065ca3330c2,ada6015d-9fce-4f2c-b20f-fc9122d2face,f978b2a1-b392-4017-89c9-d6e484b2bad0,0e5d3fc3-434a-4993-9f8a-f75ba8a66f09,Architecture - WIP (and) Concept (and) Tender & BoQ (and) GFC (and) DBR,"Pick below target Folders based on the files / folder initiated for the Review.

For files/folders initiated in WIP

For Integrated Sports Arena -> Integrated Sports Arena/Shared/Consultant - Arch Principal/<Select folder>
For Retail -> Retail/Shared/Consultant - Arch Principal/<Select folder>
For Club -> Club/Shared/Consultant - Arch Principal/<Select folder>

For files/folders initiated in Shared

For Integrated Sports Arena -> Integrated Sports Arena/Published/Consultant - Arch Principal/<Select folder>
For Retail -> Retail/Published/Consultant - Arch Principal/<Select folder>
For Club -> Club/Published/Consultant - Arch Principal/<Select folder>",active,"","Please make sure you pick the correct target folder in which the files need to be copied to when approved, during initiating the approval process.",2025-02-25 06:10:09.174,2025-04-16 05:22:17.972
5cbe572f-ef45-4bcf-910d-45246762d221,bf996092-8d66-408a-8d8e-5065ca3330c2,ada6015d-9fce-4f2c-b20f-fc9122d2face,f978b2a1-b392-4017-89c9-d6e484b2bad0,5cbe572f-ef45-4bcf-910d-45246762d221,Mechanical - WIP (and) Tender & BoQ,"Pick below target Folders based on the files / folder initiated for the Review.

For Integrated Sports Arena -> Integrated Sports Arena/Shared/Consultant - Mechanical/<Select folder>

For Retail -> Retail/Shared/Consultant - Mechanical/<Select folder>

For Club -> Club/Shared/Consultant - Mechanical/<Select folder>",active,"","Please make sure you pick the correct target folder in which the files need to be copied to when approved, during initiating the approval process.",2025-02-25 06:10:06.306,2025-02-28 06:53:44.917
70c5e801-436f-459c-846d-c9ef015e70c8,bf996092-8d66-408a-8d8e-5065ca3330c2,ada6015d-9fce-4f2c-b20f-fc9122d2face,f978b2a1-b392-4017-89c9-d6e484b2bad0,70c5e801-436f-459c-846d-c9ef015e70c8,Electrical - WIP (and) Tender & BoQ,"Pick below target Folders based on the files / folder initiated for the Review.

For Integrated Sports Arena -> Integrated Sports Arena/Shared/Consultant - Electrical/<Select folder>

For Retail -> Retail/Shared/Consultant - Electrical/<Select folder>

For Club -> Club/Shared/Consultant - Electrical/<Select folder>",active,"","Please make sure you pick the correct target folder in which the files need to be copied to when approved, during initiating the approval process.",2025-02-25 06:09:51.87,2025-02-28 06:54:03.139
54840db0-c236-4150-bbab-01af5cf0be85,bf996092-8d66-408a-8d8e-5065ca3330c2,ada6015d-9fce-4f2c-b20f-fc9122d2face,f978b2a1-b392-4017-89c9-d6e484b2bad0,54840db0-c236-4150-bbab-01af5cf0be85,Structure - WIP,"Pick below target Folders based on the files / folder initiated for the Review.

For files/folders initiated in WIP 

Integrated Sports Arena -> Integrated Sports Arena/Shared/ Consultant - Structure /<Select folder>
For Retail -> Retail/Shared/Consultant - Structure/<Select folder>
For Club -> Club/Shared/Consultant - Structure/<Select folder>",active,"","Please make sure correct target folder is picked in which the files need to be copied to when approved, during initiating the approval process.",2025-02-25 06:10:02.709,2025-02-28 06:54:30.075
b5180be3-5e37-4ac1-a40e-c295c04934b5,bf996092-8d66-408a-8d8e-5065ca3330c2,ada6015d-9fce-4f2c-b20f-fc9122d2face,f978b2a1-b392-4017-89c9-d6e484b2bad0,b5180be3-5e37-4ac1-a40e-c295c04934b5,Structure Peer Review - WIP,"Pick below target Folders based on the files / folder initiated for the Review.

For files/folders initiated in WIP 

Integrated Sports Arena -> Integrated Sports Arena/Shared/ Consultant - Structure /<Select folder>
For Retail -> Retail/Shared/Consultant - Structure/<Select folder>
For Club -> Club/Shared/Consultant - Structure/<Select folder>",active,"","Please make sure correct target folder is picked in which the files need to be copied to when approved, during initiating the approval process.",2025-02-25 06:09:55.489,2025-02-28 06:54:54.301
35d836b5-4727-4256-b932-09f66a54240c,bf996092-8d66-408a-8d8e-5065ca3330c2,ada6015d-9fce-4f2c-b20f-fc9122d2face,f978b2a1-b392-4017-89c9-d6e484b2bad0,35d836b5-4727-4256-b932-09f66a54240c,Plumbing - SD (and) DD (and) GFC,"Pick below target Folders based on the files / folder initiated for the Review.

For files/folders initiated in Shared

For Integrated Sports Arena -> Integrated Sports Arena/Published/Consultant - Plumbing/<Select folder>
For Retail -> Retail/Published/Consultant - Plumbing/<Select folder>
For Club -> Club/Published/Consultant - Plumbing/<Select folder>",active,"","Please make sure correct target folder is picked in which the files need to be copied to when approved, during initiating the approval process.",2025-02-25 06:10:18.744,2025-02-28 06:56:28.326
0ca9efe6-f90e-4bc0-880d-ab31e3d4b388,bf996092-8d66-408a-8d8e-5065ca3330c2,ada6015d-9fce-4f2c-b20f-fc9122d2face,f978b2a1-b392-4017-89c9-d6e484b2bad0,0ca9efe6-f90e-4bc0-880d-ab31e3d4b388,Structure - SD (and) DD (and) GFC,"Pick below target Folders based on the files / folder initiated for the Review.

For files/folders initiated in Shared

For Integrated Sports Arena -> Integrated Sports Arena/Published/Consultant - Structure/<Select folder>
For Retail -> Retail/Published/Consultant - Structure/<Select folder>
For Club -> Club/Published/Consultant - Structure/<Select folder>",active,"","Please make sure correct target folder is picked in which the files need to be copied to when approved, during initiating the approval process.",2025-02-25 06:09:49.997,2025-02-28 06:57:21.756
5434784d-e358-427e-9ae2-64a9a5f9159f,bf996092-8d66-408a-8d8e-5065ca3330c2,ada6015d-9fce-4f2c-b20f-fc9122d2face,f978b2a1-b392-4017-89c9-d6e484b2bad0,5434784d-e358-427e-9ae2-64a9a5f9159f,Electrical - SD (and) DD (and) GFC,"Pick below target Folders based on the files / folder initiated for the Review.

For files/folders initiated in Shared

For Integrated Sports Arena -> Integrated Sports Arena/Published/Consultant - Electrical/<Select folder>
For Retail -> Retail/Published/Consultant - Electrical/<Select folder>
For Club -> Club/Published/Consultant - Electrical/<Select folder>",active,"","Please make sure correct target folder is picked in which the files need to be copied to when approved, during initiating the approval process.",2025-02-25 06:09:42.314,2025-02-28 06:57:54.933
98ea9e6c-5096-4412-a44d-5ba93025be33,bf996092-8d66-408a-8d8e-5065ca3330c2,85aceded-1588-4f99-bfba-6fe212b8cb9a,64a55b40-d5be-473c-baef-2617d1855ab7,98ea9e6c-5096-4412-a44d-5ba93025be33,Structure - WIP,"Pick below target Folders based on the files / folder initiated for the Review.

For files/folders initiated in WIP 

Integrated Sports Arena -> Integrated Sports Arena/Shared/ Consultant - Structure /<Select folder>
For Retail -> Retail/Shared/Consultant - Structure/<Select folder>
For Club -> Club/Shared/Consultant - Structure/<Select folder>",active,"","Please make sure correct target folder is picked in which the files need to be copied to when approved, during initiating the approval process.",2025-02-25 05:39:41.602,2025-02-28 07:17:48.418
6c00e005-1360-471f-865f-c73709c54ee9,bf996092-8d66-408a-8d8e-5065ca3330c2,85aceded-1588-4f99-bfba-6fe212b8cb9a,64a55b40-d5be-473c-baef-2617d1855ab7,6c00e005-1360-471f-865f-c73709c54ee9,Structure Peer Review - WIP,"Pick below target Folders based on the files / folder initiated for the Review.

For files/folders initiated in WIP 

Integrated Sports Arena -> Integrated Sports Arena/Shared/ Consultant - Structure /<Select folder>
For Retail -> Retail/Shared/Consultant - Structure/<Select folder>
For Club -> Club/Shared/Consultant - Structure/<Select folder>",active,"","Please make sure correct target folder is picked in which the files need to be copied to when approved, during initiating the approval process.",2025-02-25 05:38:18.933,2025-02-28 07:22:31.921
a4bb1445-eb52-4545-b72a-ba6f5c1d27cc,bf996092-8d66-408a-8d8e-5065ca3330c2,85aceded-1588-4f99-bfba-6fe212b8cb9a,64a55b40-d5be-473c-baef-2617d1855ab7,a4bb1445-eb52-4545-b72a-ba6f5c1d27cc,Mechanical - WIP (and) Tender & BoQ,"Pick below target Folders based on the files / folder initiated for the Review.

For Integrated Sports Arena -> Integrated Sports Arena/Shared/Consultant - Mechanical/<Select folder>

For Retail -> Retail/Shared/Consultant - Mechanical/<Select folder>

For Club -> Club/Shared/Consultant - Mechanical/<Select folder>",active,"","Please make sure you pick the correct target folder in which the files need to be copied to when approved, during initiating the approval process.",2025-02-21 12:05:21.234,2025-02-28 07:29:59.154
0f305ad7-ba4e-4959-8b29-a2fc35cd254d,bf996092-8d66-408a-8d8e-5065ca3330c2,85aceded-1588-4f99-bfba-6fe212b8cb9a,64a55b40-d5be-473c-baef-2617d1855ab7,0f305ad7-ba4e-4959-8b29-a2fc35cd254d,Electrical - SD (and) DD (and) GFC,"Pick below target Folders based on the files / folder initiated for the Review.

For files/folders initiated in Shared

For Integrated Sports Arena -> Integrated Sports Arena/Published/Consultant - Electrical/<Select folder>
For Retail -> Retail/Published/Consultant - Electrical/<Select folder>
For Club -> Club/Published/Consultant - Electrical/<Select folder>",active,"","Please make sure correct target folder is picked in which the files need to be copied to when approved, during initiating the approval process.",2025-02-25 05:39:25.691,2025-02-28 07:30:47.845
3d458fe5-dd75-4f56-9054-50f5363cb719,bf996092-8d66-408a-8d8e-5065ca3330c2,85aceded-1588-4f99-bfba-6fe212b8cb9a,64a55b40-d5be-473c-baef-2617d1855ab7,3d458fe5-dd75-4f56-9054-50f5363cb719,Structure - SD (and) DD (and) GFC,"Pick below target Folders based on the files / folder initiated for the Review.

For files/folders initiated in Shared

For Integrated Sports Arena -> Integrated Sports Arena/Published/Consultant - Structure/<Select folder>
For Retail -> Retail/Published/Consultant - Structure/<Select folder>
For Club -> Club/Published/Consultant - Structure/<Select folder>",active,"","Please make sure correct target folder is picked in which the files need to be copied to when approved, during initiating the approval process.",2025-02-25 05:39:19.185,2025-02-28 07:31:14.655
a2a8ad17-5550-49a4-8f5a-3e09206f085c,bf996092-8d66-408a-8d8e-5065ca3330c2,85aceded-1588-4f99-bfba-6fe212b8cb9a,64a55b40-d5be-473c-baef-2617d1855ab7,a2a8ad17-5550-49a4-8f5a-3e09206f085c,Architecture - SD (and) DD (and) GFC,"Pick below target Folders based on the files / folder initiated for the Review.

For files/folders initiated in Shared

For Integrated Sports Arena -> Integrated Sports Arena/Published/Consultant - Architecture/<Select folder>
For Retail -> Retail/Published/Consultant - Architecture/DBR/<Select folder>
For Club -> Club/Published/Consultant - Architecture/DBR/<Select folder>",active,"","Please make sure correct target folder is picked in which the files need to be copied to when approved, during initiating the approval process.",2025-02-25 05:39:13.578,2025-02-28 07:31:46.48
eda7b640-a2b0-4b7f-9925-9c1636e8016d,bf996092-8d66-408a-8d8e-5065ca3330c2,85aceded-1588-4f99-bfba-6fe212b8cb9a,64a55b40-d5be-473c-baef-2617d1855ab7,eda7b640-a2b0-4b7f-9925-9c1636e8016d,Plumbing - SD (and) DD (and) GFC,"Pick below target Folders based on the files / folder initiated for the Review.

For files/folders initiated in Shared

For Integrated Sports Arena -> Integrated Sports Arena/Published/Consultant - Plumbing/<Select folder>
For Retail -> Retail/Published/Consultant - Plumbing/<Select folder>
For Club -> Club/Published/Consultant - Plumbing/<Select folder>",active,"","Please make sure correct target folder is picked in which the files need to be copied to when approved, during initiating the approval process.",2025-02-25 05:39:08.224,2025-02-28 07:32:16.587
ddc02a9c-699f-4fc3-a5bf-efee2e81c8ae,bf996092-8d66-408a-8d8e-5065ca3330c2,85aceded-1588-4f99-bfba-6fe212b8cb9a,64a55b40-d5be-473c-baef-2617d1855ab7,ddc02a9c-699f-4fc3-a5bf-efee2e81c8ae,Mechanical - SD (and) DD (and) GFC,"Pick below target Folders based on the files / folder initiated for the Review.

For files/folders initiated in Shared

For Integrated Sports Arena -> Integrated Sports Arena/Published/Consultant - Mechanical/<Select folder>
For Retail -> Retail/Published/Consultant - Mechanical/<Select folder>
For Club -> Club/Published/Consultant - Mechanical/<Select folder>",active,"","Please make sure correct target folder is picked in which the files need to be copied to when approved, during initiating the approval process.",2025-02-25 05:38:11.023,2025-02-28 07:32:36.479
13fc0b24-5c09-4742-a43a-8c2ea50c9e24,bf996092-8d66-408a-8d8e-5065ca3330c2,f679f4cf-c089-4a2b-9b84-b14129630601,08795234-20d9-43ad-ac42-ec174b8fad8e,13fc0b24-5c09-4742-a43a-8c2ea50c9e24,Structure-Shared to Published(For BP Framing Plan,"In the Target Folder Box please select the intended folder in which the approved/commented file shall be saved. This is a mandatory step for the initiator.

For Example:
For files/folders initiated in  Shared the initiator shall follow the following

For Centre Point  - Ghaziabad -> Centre Point -Ghaziabad /Shared/Consultant -Structure/<Select folder>",archived,"","Please make sure correct target folder is picked in which the files need to be copied to when approved, during initiating the approval process.",2025-06-21 05:55:24.533,2025-06-26 05:46:58.458
e014f40b-c129-4ab9-9609-234e59234edb,bf996092-8d66-408a-8d8e-5065ca3330c2,f679f4cf-c089-4a2b-9b84-b14129630601,08795234-20d9-43ad-ac42-ec174b8fad8e,e014f40b-c129-4ab9-9609-234e59234edb,Structure-Shared to Published(For BP Framing Plan),"In the Target Folder Box please select the intended folder in which the approved/commented file shall be saved. This is a mandatory step for the initiator.

For Example:
For files/folders initiated in shared the initiator shall follow the following.

For Centre Point  - Ghaziabad -> Centre Point -Ghaziabad /Shared/Consultant -Structure/<Select folder>",active,"","Please make sure correct target folder is picked in which the files need to be copied to when approved, during initiating the approval process.",2025-06-21 05:51:26.732,2025-06-26 05:50:02.451
501f6bfc-2e13-45df-8120-caf2c6cd143f,bf996092-8d66-408a-8d8e-5065ca3330c2,967e785d-d83c-490b-8d6a-2ed926c956ac,39036e63-f030-41c3-b6a6-7ed52887a739,501f6bfc-2e13-45df-8120-caf2c6cd143f,Landscape-Shared to Published,"In the Target Folder Box please select the intended folder in which the approved/commented file shall be saved. This is a mandatory step for the initiator.

For Example:
For files/folders initiated in Shared  the initiator shall follow the following

For Vrindavan Courtyard -> Vrindavan Courtyard/Shared/Consultant -Landscape/<Select folder>",active,"","Please make sure correct target folder is picked in which the files need to be copied to when approved, during initiating the approval process.",2025-05-17 04:44:55.699,2025-06-20 06:07:33.739
f339fce6-0057-4ddd-9f34-60e25e498330,bf996092-8d66-408a-8d8e-5065ca3330c2,f679f4cf-c089-4a2b-9b84-b14129630601,08795234-20d9-43ad-ac42-ec174b8fad8e,f339fce6-0057-4ddd-9f34-60e25e498330,Plumbing & Firefighting-WIP to Shared(For All WIP Files),"In the Target Folder Box please select the intended folder in which the approved/commented file shall be saved. This is a mandatory step for the initiator.

For Example:
For files/folders initiated in  Shared the initiator shall follow the following

For Centre Point  - Ghaziabad -> Centre Point -Ghaziabad /Shared/Consultant -Plumbing & Firefighting/<Select folder>",active,"","Please make sure you pick the correct target folder in which the files need to be copied to when approved, during initiating the approval process.",2025-06-21 07:07:59.641,2025-06-21 07:07:59.641
3a4e9442-b78a-4ab7-b0dd-d76579b54efc,bf996092-8d66-408a-8d8e-5065ca3330c2,f679f4cf-c089-4a2b-9b84-b14129630601,08795234-20d9-43ad-ac42-ec174b8fad8e,3a4e9442-b78a-4ab7-b0dd-d76579b54efc,Plumbing & Firefighting-Shared to Published(For DBR),"In the Target Folder Box please select the intended folder in which the approved/commented file shall be saved. This is a mandatory step for the initiator.

For Example:
For files/folders initiated in  Shared the initiator shall follow the following

For Centre Point  - Ghaziabad -> Centre Point -Ghaziabad /Shared/Consultant -Plumbing & Firefighting/<Select folder>",active,"","Please make sure you pick the correct target folder in which the files need to be copied to when approved, during initiating the approval process.",2025-06-21 07:14:01.985,2025-06-21 07:14:01.985
4a86eb38-a3c8-495d-b5b5-b9687de52d59,bf996092-8d66-408a-8d8e-5065ca3330c2,f679f4cf-c089-4a2b-9b84-b14129630601,08795234-20d9-43ad-ac42-ec174b8fad8e,4a86eb38-a3c8-495d-b5b5-b9687de52d59,Landscape-Shared to Published,"In the Target Folder Box please select the intended folder in which the approved/commented file shall be saved. This is a mandatory step for the initiator.

For Example:
For files/folders initiated in  Shared the initiator shall follow the following

For Centre Point  - Ghaziabad -> Centre Point -Ghaziabad /Shared/Consultant-Landscape/<Select folder>",active,"","Please make sure correct target folder is picked in which the files need to be copied to when approved, during initiating the approval process.",2025-06-21 07:16:21.942,2025-06-21 07:16:21.942
30f5af5f-eb0e-45b4-8f78-60639b026977,bf996092-8d66-408a-8d8e-5065ca3330c2,cbee6c17-cdf8-4f2c-89c3-d6d9d738603e,2d3a5ab2-3f01-4a05-b262-395a8b661eaf,30f5af5f-eb0e-45b4-8f78-60639b026977,Lighting-WIP to Shared,"In the Target Folder Box please select the intended folder in which the approved/commented file shall be saved. This is a mandatory step for the initiator.

For Example:
For files/folders initiated in  Shared the initiator shall follow the following

For Centre Point  -Ayodhya -> Centre Point -Ayodhya /Shared/Consultant-Lighting/<Select folder>",active,"","Please make sure correct target folder is picked in which the files need to be copied to when approved, during initiating the approval process.",2025-05-31 07:00:20.81,2025-06-21 07:19:03.84
e3029592-8dbf-4718-810e-ef8f8749bff0,bf996092-8d66-408a-8d8e-5065ca3330c2,f679f4cf-c089-4a2b-9b84-b14129630601,08795234-20d9-43ad-ac42-ec174b8fad8e,e3029592-8dbf-4718-810e-ef8f8749bff0,Lighting-WIP to Shared,"In the Target Folder Box please select the intended folder in which the approved/commented file shall be saved. This is a mandatory step for the initiator.

For Example:
For files/folders initiated in  Shared the initiator shall follow the following

For Centre Point  - Ghaziabad -> Centre Point -Ghaziabad /Shared/Consultant-Lighting/<Select folder>",active,"","Please make sure correct target folder is picked in which the files need to be copied to when approved, during initiating the approval process.",2025-03-21 09:14:51.944,2025-06-21 07:20:08.262
38bac5a8-2a45-4835-ab28-c8a24cae151c,bf996092-8d66-408a-8d8e-5065ca3330c2,f679f4cf-c089-4a2b-9b84-b14129630601,08795234-20d9-43ad-ac42-ec174b8fad8e,38bac5a8-2a45-4835-ab28-c8a24cae151c,Lighting-Shared to Published,"In the Target Folder Box please select the intended folder in which the approved/commented file shall be saved. This is a mandatory step for the initiator.

For Example:
For files/folders initiated in  Shared the initiator shall follow the following

For Centre Point  - Ghaziabad -> Centre Point -Ghaziabad /Shared/Consultant-Lighting/<Select folder>",active,"","Please make sure correct target folder is picked in which the files need to be copied to when approved, during initiating the approval process.",2025-06-21 07:21:30.7,2025-06-21 07:21:30.7
df9fcf6f-dded-46cf-a5c6-3f0c94631f9e,bf996092-8d66-408a-8d8e-5065ca3330c2,f679f4cf-c089-4a2b-9b84-b14129630601,08795234-20d9-43ad-ac42-ec174b8fad8e,df9fcf6f-dded-46cf-a5c6-3f0c94631f9e,Signage-WIP to Shared,"In the Target Folder Box please select the intended folder in which the approved/commented file shall be saved. This is a mandatory step for the initiator.

For Example:
For files/folders initiated in  WIP  the initiator shall follow the following

For Centre Point  - Ghaziabad -> Centre Point -Ghaziabad /Shared/Consultant -Signage-/<Select folder>",active,"","Please make sure correct target folder is picked in which the files need to be copied to when approved, during initiating the approval process.",2025-03-21 09:14:36.649,2025-06-21 07:29:23.057
3d17ce65-d1e1-489c-ae38-b62000ba03b9,bf996092-8d66-408a-8d8e-5065ca3330c2,f679f4cf-c089-4a2b-9b84-b14129630601,08795234-20d9-43ad-ac42-ec174b8fad8e,3d17ce65-d1e1-489c-ae38-b62000ba03b9,Signage-Shared to Published,"In the Target Folder Box please select the intended folder in which the approved/commented file shall be saved. This is a mandatory step for the initiator.

For Example:
For files/folders initiated in  Shared  the initiator shall follow the following

For Centre Point  - Ghaziabad -> Centre Point -Ghaziabad /Shared/Consultant -Signage-/<Select folder>",active,"","Please make sure correct target folder is picked in which the files need to be copied to when approved, during initiating the approval process.",2025-06-21 07:31:04.019,2025-06-21 07:31:04.019
adaa76f5-8d36-40cb-8ff7-a0578c3a04ab,bf996092-8d66-408a-8d8e-5065ca3330c2,f679f4cf-c089-4a2b-9b84-b14129630601,08795234-20d9-43ad-ac42-ec174b8fad8e,adaa76f5-8d36-40cb-8ff7-a0578c3a04ab,Vertical Transport-Shared to Published,"In the Target Folder Box please select the intended folder in which the approved/commented file shall be saved. This is a mandatory step for the initiator.

For Example:
For files/folders initiated in  Shared  the initiator shall follow the following

For Centre Point  - Ghaziabad -> Centre Point -Ghaziabad /Shared/Consultant -Vertical Transport/<Select folder>",active,"","Please make sure correct target folder is picked in which the files need to be copied to when approved, during initiating the approval process.",2025-06-21 10:11:34.553,2025-06-21 10:11:34.553
9183aa28-92ce-43b6-83ac-8d00d410c428,bf996092-8d66-408a-8d8e-5065ca3330c2,f679f4cf-c089-4a2b-9b84-b14129630601,08795234-20d9-43ad-ac42-ec174b8fad8e,9183aa28-92ce-43b6-83ac-8d00d410c428,Wind Tunnel Analysis-Shared to Published,"In the Target Folder Box please select the intended folder in which the approved/commented file shall be saved. This is a mandatory step for the initiator.

For Example:
For files/folders initiated in  Shared the initiator shall follow the following

For Centre Point  - Ghaziabad -> Centre Point -Ghaziabad /Shared/Consultant -Wind Tunnel Analysis<Select folder>",active,"","Please make sure correct target folder is picked in which the files need to be copied to when approved, during initiating the approval process.",2025-06-21 10:37:55.726,2025-06-21 10:37:55.726
aac46d13-811e-42e2-86cd-9bf10a38fd8e,bf996092-8d66-408a-8d8e-5065ca3330c2,85aceded-1588-4f99-bfba-6fe212b8cb9a,64a55b40-d5be-473c-baef-2617d1855ab7,aac46d13-811e-42e2-86cd-9bf10a38fd8e,Architecture - WIP (and) Concept (and) Tender & BoQ (and) GFC (and) DBR,"Pick below target Folders based on the files / folder initiated for the Review.

For files/folders initiated in WIP

For Integrated Sports Arena -> Integrated Sports Arena/Shared/Consultant - Arch Principal/<Select folder>
For Retail -> Retail/Shared/Consultant - Arch Principal/<Select folder>
For Club -> Club/Shared/Consultant - Arch Principal/<Select folder>

For files/folders initiated in Shared

For Integrated Sports Arena -> Integrated Sports Arena/Published/Consultant - Arch Principal/<Select folder>
For Retail -> Retail/Published/Consultant - Arch Principal/<Select folder>
For Club -> Club/Published/Consultant - Arch Principal/<Select folder>",active,"","Please make sure you pick the correct target folder in which the files need to be copied to when approved, during initiating the approval process.",2025-02-20 13:40:59.588,2025-02-28 07:05:23.922
3eb43b07-b2b5-455e-8bf1-a8dc7d76ed7c,bf996092-8d66-408a-8d8e-5065ca3330c2,23142979-9fb6-4fd3-bd82-62d7e0add75f,3e0c2985-dcb9-45da-8e36-282bc793185e,3eb43b07-b2b5-455e-8bf1-a8dc7d76ed7c,Roof-WIP to Shared,"In the Target Folder Box please select the intended folder in which the approved/commented file shall be saved. This is a mandatory step for the initiator.

For Example:
For files/folders initiated in WIP the initiator shall follow the following

For Integrated Sports Arena -> Integrated Sports Arena/Shared/Consultant - Arch Principal/<Select folder>
For Retail -> Retail/Shared/Consultant - Arch Principal/<Select folder>
For Club -> Club/Shared/Consultant - Arch Principal/<Select folder>",active,"","Please make sure correct target folder is picked in which the files need to be copied to when approved, during initiating the approval process.",2025-03-07 10:10:56.512,2025-04-05 10:39:09.232
7cb2465e-ae89-4480-9add-a7ed9ea2c8d3,bf996092-8d66-408a-8d8e-5065ca3330c2,23142979-9fb6-4fd3-bd82-62d7e0add75f,3e0c2985-dcb9-45da-8e36-282bc793185e,7cb2465e-ae89-4480-9add-a7ed9ea2c8d3,Wind Tunnel Analysis-WIP to Shared,"In the Target Folder Box please select the intended folder in which the approved/commented file shall be saved. This is a mandatory step for the initiator.

For Example:
For files/folders initiated in WIP the initiator shall follow the following

For Integrated Sports Arena -> Integrated Sports Arena/Shared/Consultant - Arch Principal/<Select folder>
For Retail -> Retail/Shared/Consultant - Arch Principal/<Select folder>
For Club -> Club/Shared/Consultant - Arch Principal/<Select folder>",active,"","Please make sure correct target folder is picked in which the files need to be copied to when approved, during initiating the approval process.",2025-03-07 10:11:03.639,2025-04-05 10:39:27.091
9f8e330e-9742-43cc-b220-555c5ba49465,bf996092-8d66-408a-8d8e-5065ca3330c2,23142979-9fb6-4fd3-bd82-62d7e0add75f,3e0c2985-dcb9-45da-8e36-282bc793185e,9f8e330e-9742-43cc-b220-555c5ba49465,Mechanical-Shared to Published(For DBR),"In the Target Folder Box please select the intended folder in which the approved/commented file shall be saved. This is a mandatory step for the initiator.

For Example:
For files/folders initiated in Shared the initiator shall follow the following

For Integrated Sports Arena -> Integrated Sports Arena/Shared/Consultant - Arch Principal/<Select folder>
For Retail -> Retail/Shared/Consultant - Arch Principal/<Select folder>
For Club -> Club/Shared/Consultant - Arch Principal/<Select folder>",active,"","Please make sure correct target folder is picked in which the files need to be copied to when approved, during initiating the approval process.",2025-03-07 10:11:28.533,2025-04-07 05:35:06.063
cc205862-20e3-4fdf-b1ee-dfa136d42ff5,bf996092-8d66-408a-8d8e-5065ca3330c2,2f551e7d-05e6-4bfc-8ee1-0ef3a8487c11,510bcc50-d295-4739-9f95-4b32a2831271,cc205862-20e3-4fdf-b1ee-dfa136d42ff5,Electrical-WIP to Shared(For WIP Files),"In the Target Folder Box please select the intended folder in which the approved/commented file shall be saved. This is a mandatory step for the initiator.

For Example:
For files/folders initiated in WIP the initiator shall follow the following

For Integrated Sports Arena -> Integrated Sports Arena/Shared/Consultant - Arch Principal/<Select folder>
For Retail -> Retail/Shared/Consultant - Arch Principal/<Select folder>
For Club -> Club/Shared/Consultant - Arch Principal/<Select folder>",active,"","Please make sure you pick the correct target folder in which the files need to be copied to when approved, during initiating the approval process.",2025-03-10 07:08:19.394,2025-04-07 06:39:55.451
b3dbc81c-1eda-450b-b2ca-1bce2bb96f92,bf996092-8d66-408a-8d8e-5065ca3330c2,2f551e7d-05e6-4bfc-8ee1-0ef3a8487c11,510bcc50-d295-4739-9f95-4b32a2831271,b3dbc81c-1eda-450b-b2ca-1bce2bb96f92,Environmental Clearance-Shared to Published,"In the Target Folder Box please select the intended folder in which the approved/commented file shall be saved. This is a mandatory step for the initiator.

For Example:
For files/folders initiated in Shared the initiator shall follow the following

For Integrated Sports Arena -> Integrated Sports Arena/Shared/Consultant - Arch Principal/<Select folder>
For Retail -> Retail/Shared/Consultant - Arch Principal/<Select folder>
For Club -> Club/Shared/Consultant - Arch Principal/<Select folder>",active,"","Please make sure correct target folder is picked in which the files need to be copied to when approved, during initiating the approval process.",2025-03-10 07:08:24.326,2025-04-07 06:46:10.604
935de566-45ce-48f9-844a-28aae4a1ee04,bf996092-8d66-408a-8d8e-5065ca3330c2,2f551e7d-05e6-4bfc-8ee1-0ef3a8487c11,510bcc50-d295-4739-9f95-4b32a2831271,935de566-45ce-48f9-844a-28aae4a1ee04,Mechanical-WIP to Shared(For SD Requirement),"In the Target Folder Box please select the intended folder in which the approved/commented file shall be saved. This is a mandatory step for the initiator.

For Example:
For files/folders initiated in WIP the initiator shall follow the following

For Integrated Sports Arena -> Integrated Sports Arena/Shared/Consultant - Arch Principal/<Select folder>
For Retail -> Retail/Shared/Consultant - Arch Principal/<Select folder>
For Club -> Club/Shared/Consultant - Arch Principal/<Select folder>",active,"","Please make sure correct target folder is picked in which the files need to be copied to when approved, during initiating the approval process.",2025-03-10 07:08:29.611,2025-04-07 07:03:37.329
06e13dd3-4438-414d-8f87-218c7e57ab61,bf996092-8d66-408a-8d8e-5065ca3330c2,2f551e7d-05e6-4bfc-8ee1-0ef3a8487c11,510bcc50-d295-4739-9f95-4b32a2831271,06e13dd3-4438-414d-8f87-218c7e57ab61,Plumbing-Shared to Published(For DBR),"In the Target Folder Box please select the intended folder in which the approved/commented file shall be saved. This is a mandatory step for the initiator.

For Example:
For files/folders initiated in Shared the initiator shall follow the following

For Integrated Sports Arena -> Integrated Sports Arena/Shared/Consultant - Arch Principal/<Select folder>
For Retail -> Retail/Shared/Consultant - Arch Principal/<Select folder>
For Club -> Club/Shared/Consultant - Arch Principal/<Select folder>",active,"","Please make sure correct target folder is picked in which the files need to be copied to when approved, during initiating the approval process.",2025-03-10 07:08:28.37,2025-04-07 11:46:07.597
b59860f3-8a9d-4fdd-beea-d563ec193464,bf996092-8d66-408a-8d8e-5065ca3330c2,2f551e7d-05e6-4bfc-8ee1-0ef3a8487c11,510bcc50-d295-4739-9f95-4b32a2831271,b59860f3-8a9d-4fdd-beea-d563ec193464,Mechanical-Shared to Published(For Fire Scheme Approval),"In the Target Folder Box please select the intended folder in which the approved/commented file shall be saved. This is a mandatory step for the initiator.

For Example:
For files/folders initiated in Shared the initiator shall follow the following

For Integrated Sports Arena -> Integrated Sports Arena/Shared/Consultant - Arch Principal/<Select folder>
For Retail -> Retail/Shared/Consultant - Arch Principal/<Select folder>
For Club -> Club/Shared/Consultant - Arch Principal/<Select folder>",active,"","Please make sure correct target folder is picked in which the files need to be copied to when approved, during initiating the approval process.",2025-03-10 07:08:38.853,2025-04-07 06:47:39.787
1f3bf053-f272-4e7b-a336-699460ebf885,bf996092-8d66-408a-8d8e-5065ca3330c2,2f551e7d-05e6-4bfc-8ee1-0ef3a8487c11,510bcc50-d295-4739-9f95-4b32a2831271,1f3bf053-f272-4e7b-a336-699460ebf885,Mechanical-Shared to Published(For WIP and Tender & BOQ),"In the Target Folder Box please select the intended folder in which the approved/commented file shall be saved. This is a mandatory step for the initiator.

For Example:
For files/folders initiated in Shared the initiator shall follow the following

For Integrated Sports Arena -> Integrated Sports Arena/Shared/Consultant - Arch Principal/<Select folder>
For Retail -> Retail/Shared/Consultant - Arch Principal/<Select folder>
For Club -> Club/Shared/Consultant - Arch Principal/<Select folder>",active,"","Please make sure you pick the correct target folder in which the files need to be copied to when approved, during initiating the approval process.",2025-03-10 07:08:35.099,2025-04-07 06:56:09.62
f9c7d2c4-66ea-4d04-a48d-7fea4071816e,bf996092-8d66-408a-8d8e-5065ca3330c2,2f551e7d-05e6-4bfc-8ee1-0ef3a8487c11,510bcc50-d295-4739-9f95-4b32a2831271,f9c7d2c4-66ea-4d04-a48d-7fea4071816e,Traffic Analysis-Shared to Published,"In the Target Folder Box please select the intended folder in which the approved/commented file shall be saved. This is a mandatory step for the initiator.

For Example:
For files/folders initiated in Shared the initiator shall follow the following

For Integrated Sports Arena -> Integrated Sports Arena/Shared/Consultant - Arch Principal/<Select folder>
For Retail -> Retail/Shared/Consultant - Arch Principal/<Select folder>
For Club -> Club/Shared/Consultant - Arch Principal/<Select folder>",active,"","Please make sure you pick the correct target folder in which the files need to be copied to when approved, during initiating the approval process.",2025-03-10 07:08:41.285,2025-04-07 07:35:53.71
164bee83-d32f-4bf5-a366-a274ce43404f,bf996092-8d66-408a-8d8e-5065ca3330c2,2f551e7d-05e6-4bfc-8ee1-0ef3a8487c11,510bcc50-d295-4739-9f95-4b32a2831271,164bee83-d32f-4bf5-a366-a274ce43404f,Plumbing-Shared to Publish(For Fire Scheme Approval),"In the Target Folder Box please select the intended folder in which the approved/commented file shall be saved. This is a mandatory step for the initiator.

For Example:
For files/folders initiated in Shared the initiator shall follow the following

For Integrated Sports Arena -> Integrated Sports Arena/Shared/Consultant - Arch Principal/<Select folder>
For Retail -> Retail/Shared/Consultant - Arch Principal/<Select folder>
For Club -> Club/Shared/Consultant - Arch Principal/<Select folder>",active,"","Please make sure correct target folder is picked in which the files need to be copied to when approved, during initiating the approval process.",2025-03-10 07:08:44.261,2025-04-07 06:48:22.484
371a8de1-09dd-4904-bb85-5d9e403cb242,bf996092-8d66-408a-8d8e-5065ca3330c2,77d5fb8c-5d83-4fa8-8c81-169306f7a8f7,9dcb2dc9-b2b4-4aca-8d8f-ef4b5cdb3c4b,371a8de1-09dd-4904-bb85-5d9e403cb242,Roof-WIP to Shared,"In the Target Folder Box please select the intended folder in which the approved/commented file shall be saved. This is a mandatory step for the initiator.

For Example:
For files/folders initiated in WIP the initiator shall follow the following

For Integrated Sports Arena -> Integrated Sports Arena/Shared/Consultant - Arch Principal/<Select folder>
For Retail -> Retail/Shared/Consultant - Arch Principal/<Select folder>
For Club -> Club/Shared/Consultant - Arch Principal/<Select folder>",active,"","Please make sure correct target folder is picked in which the files need to be copied to when approved, during initiating the approval process.",2025-03-10 07:12:27.569,2025-04-07 11:36:34.873
afa5203c-e3a8-4c26-85c1-000a9e865551,bf996092-8d66-408a-8d8e-5065ca3330c2,77d5fb8c-5d83-4fa8-8c81-169306f7a8f7,9dcb2dc9-b2b4-4aca-8d8f-ef4b5cdb3c4b,afa5203c-e3a8-4c26-85c1-000a9e865551,Vertical Transport-Shared to Published,"In the Target Folder Box please select the intended folder in which the approved/commented file shall be saved. This is a mandatory step for the initiator.

For Example:
For files/folders initiated in Shared the initiator shall follow the following

For Integrated Sports Arena -> Integrated Sports Arena/Shared/Consultant - Arch Principal/<Select folder>
For Retail -> Retail/Shared/Consultant - Arch Principal/<Select folder>
For Club -> Club/Shared/Consultant - Arch Principal/<Select folder>",active,"","Please make sure correct target folder is picked in which the files need to be copied to when approved, during initiating the approval process.",2025-03-10 07:12:26.38,2025-04-07 11:56:01.639
b8c2d79f-85b5-4509-b749-1c777f4986d8,bf996092-8d66-408a-8d8e-5065ca3330c2,77d5fb8c-5d83-4fa8-8c81-169306f7a8f7,9dcb2dc9-b2b4-4aca-8d8f-ef4b5cdb3c4b,b8c2d79f-85b5-4509-b749-1c777f4986d8,Wind Tunnel Analysis-Shared to Published,"In the Target Folder Box please select the intended folder in which the approved/commented file shall be saved. This is a mandatory step for the initiator.

For Example:
For files/folders initiated in Shared the initiator shall follow the following

For Integrated Sports Arena -> Integrated Sports Arena/Shared/Consultant - Arch Principal/<Select folder>
For Retail -> Retail/Shared/Consultant - Arch Principal/<Select folder>
For Club -> Club/Shared/Consultant - Arch Principal/<Select folder>",active,"","Please make sure correct target folder is picked in which the files need to be copied to when approved, during initiating the approval process.",2025-03-10 07:12:34.612,2025-04-07 11:57:54.401
81a5b34e-ddd6-4173-b015-d36501701928,bf996092-8d66-408a-8d8e-5065ca3330c2,77d5fb8c-5d83-4fa8-8c81-169306f7a8f7,9dcb2dc9-b2b4-4aca-8d8f-ef4b5cdb3c4b,81a5b34e-ddd6-4173-b015-d36501701928,Structure Peer Review-WIP to Shared,"In the Target Folder Box please select the intended folder in which the approved/commented file shall be saved. This is a mandatory step for the initiator.

For Example:
For files/folders initiated in WIP the initiator shall follow the following

For Integrated Sports Arena -> Integrated Sports Arena/Shared/Consultant - Arch Principal/<Select folder>
For Retail -> Retail/Shared/Consultant - Arch Principal/<Select folder>
For Club -> Club/Shared/Consultant - Arch Principal/<Select folder>",active,"","Please make sure correct target folder is picked in which the files need to be copied to when approved, during initiating the approval process.",2025-03-10 07:12:36.906,2025-08-25 07:08:56.667
c7b7286b-3d29-4722-8c07-47444c55dba5,bf996092-8d66-408a-8d8e-5065ca3330c2,77d5fb8c-5d83-4fa8-8c81-169306f7a8f7,9dcb2dc9-b2b4-4aca-8d8f-ef4b5cdb3c4b,c7b7286b-3d29-4722-8c07-47444c55dba5,Structure-Shared to Published(For WIP and Tender & BOQ),"In the Target Folder Box please select the intended folder in which the approved/commented file shall be saved. This is a mandatory step for the initiator.

For Example:
For files/folders initiated in Shared the initiator shall follow the following

For Integrated Sports Arena -> Integrated Sports Arena/Shared/Consultant - Arch Principal/<Select folder>
For Retail -> Retail/Shared/Consultant - Arch Principal/<Select folder>
For Club -> Club/Shared/Consultant - Arch Principal/<Select folder>",active,"","Please make sure correct target folder is picked in which the files need to be copied to when approved, during initiating the approval process.",2025-03-10 07:12:39.244,2025-04-07 11:49:11.899
98f2ecc9-960d-4032-b989-b78b08be7d07,bf996092-8d66-408a-8d8e-5065ca3330c2,77d5fb8c-5d83-4fa8-8c81-169306f7a8f7,9dcb2dc9-b2b4-4aca-8d8f-ef4b5cdb3c4b,98f2ecc9-960d-4032-b989-b78b08be7d07,Mechanical-WIP to Shared(For SD Requirement),"In the Target Folder Box please select the intended folder in which the approved/commented file shall be saved. This is a mandatory step for the initiator.

For Example:
For files/folders initiated in WIP the initiator shall follow the following

For Integrated Sports Arena -> Integrated Sports Arena/Shared/Consultant - Arch Principal/<Select folder>
For Retail -> Retail/Shared/Consultant - Arch Principal/<Select folder>
For Club -> Club/Shared/Consultant - Arch Principal/<Select folder>",active,"","Please make sure correct target folder is picked in which the files need to be copied to when approved, during initiating the approval process.",2025-03-10 07:12:42.696,2025-04-07 10:46:42.923
a5d7c9db-26fb-4f1b-8794-94b2c17925ad,bf996092-8d66-408a-8d8e-5065ca3330c2,77d5fb8c-5d83-4fa8-8c81-169306f7a8f7,9dcb2dc9-b2b4-4aca-8d8f-ef4b5cdb3c4b,a5d7c9db-26fb-4f1b-8794-94b2c17925ad,Plumbing-Shared to Published(For DBR),"In the Target Folder Box please select the intended folder in which the approved/commented file shall be saved. This is a mandatory step for the initiator.

For Example:
For files/folders initiated in Shared the initiator shall follow the following

For Integrated Sports Arena -> Integrated Sports Arena/Shared/Consultant - Arch Principal/<Select folder>
For Retail -> Retail/Shared/Consultant - Arch Principal/<Select folder>
For Club -> Club/Shared/Consultant - Arch Principal/<Select folder>",active,"","Please make sure correct target folder is picked in which the files need to be copied to when approved, during initiating the approval process.",2025-03-10 07:12:41.546,2025-04-07 11:24:22.793
791e69a9-f96d-4ee2-9a28-f588b7f2e26a,bf996092-8d66-408a-8d8e-5065ca3330c2,77d5fb8c-5d83-4fa8-8c81-169306f7a8f7,9dcb2dc9-b2b4-4aca-8d8f-ef4b5cdb3c4b,791e69a9-f96d-4ee2-9a28-f588b7f2e26a,Mechanical-Shared to Published(For Fire Scheme Approval),"In the Target Folder Box please select the intended folder in which the approved/commented file shall be saved. This is a mandatory step for the initiator.

For Example:
For files/folders initiated in Shared the initiator shall follow the following

For Integrated Sports Arena -> Integrated Sports Arena/Shared/Consultant - Arch Principal/<Select folder>
For Retail -> Retail/Shared/Consultant - Arch Principal/<Select folder>
For Club -> Club/Shared/Consultant - Arch Principal/<Select folder>",active,"","Please make sure correct target folder is picked in which the files need to be copied to when approved, during initiating the approval process.",2025-03-10 07:12:51.322,2025-04-07 10:49:21.427
7346e96d-443d-4003-b8f0-e99768156546,bf996092-8d66-408a-8d8e-5065ca3330c2,77d5fb8c-5d83-4fa8-8c81-169306f7a8f7,9dcb2dc9-b2b4-4aca-8d8f-ef4b5cdb3c4b,7346e96d-443d-4003-b8f0-e99768156546,Mechanical-Shared to Published(For WIP and Tender & BOQ),"In the Target Folder Box please select the intended folder in which the approved/commented file shall be saved. This is a mandatory step for the initiator.

For Example:
For files/folders initiated in Shared the initiator shall follow the following

For Integrated Sports Arena -> Integrated Sports Arena/Shared/Consultant - Arch Principal/<Select folder>
For Retail -> Retail/Shared/Consultant - Arch Principal/<Select folder>
For Club -> Club/Shared/Consultant - Arch Principal/<Select folder>",active,"","Please make sure you pick the correct target folder in which the files need to be copied to when approved, during initiating the approval process.",2025-03-10 07:12:47.347,2025-04-07 11:16:49.649
0068b81f-1b6e-45d5-bc48-745d89eeedd7,bf996092-8d66-408a-8d8e-5065ca3330c2,77d5fb8c-5d83-4fa8-8c81-169306f7a8f7,9dcb2dc9-b2b4-4aca-8d8f-ef4b5cdb3c4b,0068b81f-1b6e-45d5-bc48-745d89eeedd7,Signage-Shared to Published,"In the Target Folder Box please select the intended folder in which the approved/commented file shall be saved. This is a mandatory step for the initiator.

For Example:
For files/folders initiated in Shared the initiator shall follow the following

For Integrated Sports Arena -> Integrated Sports Arena/Shared/Consultant - Arch Principal/<Select folder>
For Retail -> Retail/Shared/Consultant - Arch Principal/<Select folder>
For Club -> Club/Shared/Consultant - Arch Principal/<Select folder>",active,"","Please make sure correct target folder is picked in which the files need to be copied to when approved, during initiating the approval process.",2025-03-10 07:12:52.458,2025-04-07 11:40:25.842
bfac382c-13fc-4ba7-a48e-ffad506540d0,bf996092-8d66-408a-8d8e-5065ca3330c2,77d5fb8c-5d83-4fa8-8c81-169306f7a8f7,9dcb2dc9-b2b4-4aca-8d8f-ef4b5cdb3c4b,bfac382c-13fc-4ba7-a48e-ffad506540d0,Traffic Analysis-Shared to Published,"In the Target Folder Box please select the intended folder in which the approved/commented file shall be saved. This is a mandatory step for the initiator.

For Example:
For files/folders initiated in Shared the initiator shall follow the following

For Integrated Sports Arena -> Integrated Sports Arena/Shared/Consultant - Arch Principal/<Select folder>
For Retail -> Retail/Shared/Consultant - Arch Principal/<Select folder>
For Club -> Club/Shared/Consultant - Arch Principal/<Select folder>",active,"","Please make sure you pick the correct target folder in which the files need to be copied to when approved, during initiating the approval process.",2025-03-10 07:12:53.603,2025-04-07 11:54:22.571
f529788c-6ba5-436d-95e8-ade213be7393,bf996092-8d66-408a-8d8e-5065ca3330c2,77d5fb8c-5d83-4fa8-8c81-169306f7a8f7,9dcb2dc9-b2b4-4aca-8d8f-ef4b5cdb3c4b,f529788c-6ba5-436d-95e8-ade213be7393,"Service Estimate-Shared to Published(For Mechanical, Electrical & Plumbing)","In the Target Folder Box please select the intended folder in which the approved/commented file shall be saved. This is a mandatory step for the initiator.

For Example:
For files/folders initiated in Shared the initiator shall follow the following

Mechanical:

For Integrated Sports Arena -> Integrated Sports Arena/Published/ Consultant - Mechanical / Service Estimate
For Retail -> Retail/Published/ Consultant - Mechanical / Service Estimate
For Club -> Club/Published/ Consultant - Mechanical / Service Estimate


Electrical:

For Integrated Sports Arena -> Integrated Sports Arena/Published/ Consultant - Electrical / Service Estimate
For Retail -> Retail/Published/ Consultant - Electrical / Service Estimate
For Club -> Club/Published/ Consultant - Electrical / Service Estimate

Plumbing:

For Integrated Sports Arena -> Integrated Sports Arena/Published/ Consultant - Plumbing/SD Requirements/Service Estimate
For Retail -> Retail/Published/ Consultant - Plumbing/SD Requirements/Service Estimate
For Club -> Club/Published/ Consultant - Plumbing/SD Requirements/Service Estimate",active,"","Please make sure correct target folder is picked in which the files need to be copied to when approved, during initiating the approval process.",2025-03-10 07:13:00.483,2025-04-07 11:37:45.053
7a5a908a-b609-4ab7-869c-12412214018d,bf996092-8d66-408a-8d8e-5065ca3330c2,77d5fb8c-5d83-4fa8-8c81-169306f7a8f7,9dcb2dc9-b2b4-4aca-8d8f-ef4b5cdb3c4b,7a5a908a-b609-4ab7-869c-12412214018d,"Plumbing-Shared to Published(For SD, DD & GFC)","In the Target Folder Box please select the intended folder in which the approved/commented file shall be saved. This is a mandatory step for the initiator.

For Example:
For files/folders initiated in Shared the initiator shall follow the following

For Integrated Sports Arena -> Integrated Sports Arena/Shared/Consultant - Arch Principal/<Select folder>
For Retail -> Retail/Shared/Consultant - Arch Principal/<Select folder>
For Club -> Club/Shared/Consultant - Arch Principal/<Select folder>",active,"","Please make sure correct target folder is picked in which the files need to be copied to when approved, during initiating the approval process.",2025-03-10 07:12:59.346,2025-05-16 06:33:16.961
e24c2175-e3cd-4350-b503-5cdc3bea932b,bf996092-8d66-408a-8d8e-5065ca3330c2,f679f4cf-c089-4a2b-9b84-b14129630601,08795234-20d9-43ad-ac42-ec174b8fad8e,e24c2175-e3cd-4350-b503-5cdc3bea932b,Mechanical - SD (and) DD (and) GFC,"Pick below target Folders based on the files / folder initiated for the Review.

For files/folders initiated in Shared

For Integrated Sports Arena -> Integrated Sports Arena/Published/Consultant - Mechanical/<Select folder>
For Retail -> Retail/Published/Consultant - Mechanical/<Select folder>
For Club -> Club/Published/Consultant - Mechanical/<Select folder>",active,"","Please make sure correct target folder is picked in which the files need to be copied to when approved, during initiating the approval process.",2025-03-21 09:14:37.818,2025-03-21 09:14:37.818
07b98b23-398e-45b5-98c9-20471a8ccaa5,bf996092-8d66-408a-8d8e-5065ca3330c2,f679f4cf-c089-4a2b-9b84-b14129630601,08795234-20d9-43ad-ac42-ec174b8fad8e,07b98b23-398e-45b5-98c9-20471a8ccaa5,Landscape-WIP to Shared,"In the Target Folder Box please select the intended folder in which the approved/commented file shall be saved. This is a mandatory step for the initiator.

For Example:
For files/folders initiated in  Shared the initiator shall follow the following

For Centre Point  - Ghaziabad -> Centre Point -Ghaziabad /Shared/Consultant-Landscape/<Select folder>",active,"","Please make sure correct target folder is picked in which the files need to be copied to when approved, during initiating the approval process.",2025-03-21 09:14:35.456,2025-06-21 07:17:23.179
c225c63c-66f3-4a2b-a906-2537040d2665,bf996092-8d66-408a-8d8e-5065ca3330c2,f679f4cf-c089-4a2b-9b84-b14129630601,08795234-20d9-43ad-ac42-ec174b8fad8e,c225c63c-66f3-4a2b-a906-2537040d2665,DBR Mechanical,"In the Target Folder Box please select the intended folder in which the approved/commented file shall be saved. This is a mandatory step for the initiator.

For Example:
For files/folders initiated in  Shared the initiator shall follow the following

For Centre Point  - Ghaziabad -> Centre Point -Ghaziabad /Shared/Consultant- DBR Electrical/<Select folder>",archived,"","Please make sure correct target folder is picked in which the files need to be copied to when approved, during initiating the approval process.",2025-03-21 09:14:43.667,2025-06-21 06:18:58.849
225ffc8b-6cfd-4a50-b484-74250f109dd0,bf996092-8d66-408a-8d8e-5065ca3330c2,f679f4cf-c089-4a2b-9b84-b14129630601,08795234-20d9-43ad-ac42-ec174b8fad8e,225ffc8b-6cfd-4a50-b484-74250f109dd0,Plumbing - SD (and) DD (and) GFC,"Pick below target Folders based on the files / folder initiated for the Review.

For files/folders initiated in Shared

For Integrated Sports Arena -> Integrated Sports Arena/Published/Consultant - Plumbing/<Select folder>
For Retail -> Retail/Published/Consultant - Plumbing/<Select folder>
For Club -> Club/Published/Consultant - Plumbing/<Select folder>",archived,"","Please make sure correct target folder is picked in which the files need to be copied to when approved, during initiating the approval process.",2025-03-21 09:14:44.833,2025-06-21 11:55:59.107
a25d76df-c812-4699-ac0b-d69950df5f2d,bf996092-8d66-408a-8d8e-5065ca3330c2,f679f4cf-c089-4a2b-9b84-b14129630601,08795234-20d9-43ad-ac42-ec174b8fad8e,a25d76df-c812-4699-ac0b-d69950df5f2d,Structure - WIP to Shared (For WIP files),"In the Target Folder Box please select the intended folder in which the approved/commented file shall be saved. This is a mandatory step for the initiator.

For Example:
For files/folders initiated in  WIP the initiator shall follow the following

For Centre Point  - Ghaziabad -> Centre Point -Ghaziabad /Shared/Consultant -Structure/<Select folder>",active,"","Please make sure correct target folder is picked in which the files need to be copied to when approved, during initiating the approval process.",2025-03-21 09:14:42.451,2025-06-21 05:27:59.136
941e78b3-64da-4ec4-aa11-caf6016d2f72,bf996092-8d66-408a-8d8e-5065ca3330c2,f679f4cf-c089-4a2b-9b84-b14129630601,08795234-20d9-43ad-ac42-ec174b8fad8e,941e78b3-64da-4ec4-aa11-caf6016d2f72,BP framing plan Approval,"In the Target Folder Box please select the intended folder in which the approved/commented file shall be saved. This is a mandatory step for the initiator.

For Example:
For files/folders initiated in  Shared the initiator shall follow the following

For Centre Point  - Ghaziabad -> Centre Point -Ghaziabad /Shared/Consultant -BP framing/<Select folder>",active,"","Please make sure correct target folder is picked in which the files need to be copied to when approved, during initiating the approval process.",2025-03-21 09:14:48.385,2025-06-20 09:06:22.814
bf835cc6-2c5c-410e-b906-e12a7dc6117d,bf996092-8d66-408a-8d8e-5065ca3330c2,f679f4cf-c089-4a2b-9b84-b14129630601,08795234-20d9-43ad-ac42-ec174b8fad8e,bf835cc6-2c5c-410e-b906-e12a7dc6117d,Structure Peer Review - WIP to Shared,"In the Target Folder Box please select the intended folder in which the approved/commented file shall be saved. This is a mandatory step for the initiator.

For Example:
For files/folders initiated in  WIP the initiator shall follow the following

For Centre Point  - Ghaziabad -> Centre Point -Ghaziabad /Shared/Consultant -Structure Peer Review/<Select folder>",active,"","Please make sure correct target folder is picked in which the files need to be copied to when approved, during initiating the approval process.",2025-03-21 09:14:47.227,2025-06-25 08:48:58.466
90134edc-c335-43c2-b46c-eab0c924dac3,bf996092-8d66-408a-8d8e-5065ca3330c2,f679f4cf-c089-4a2b-9b84-b14129630601,08795234-20d9-43ad-ac42-ec174b8fad8e,90134edc-c335-43c2-b46c-eab0c924dac3,Roof,"Pick below target Folders based on the files / folder initiated for the Review.

For files/folders initiated in WIP 

Integrated Sports Arena -> Integrated Sports Arena/Shared/ Consultant - Roof Consultant/<Select folder>
For Retail -> Retail/Shared/Consultant - Roof Consultant/<Select folder>
For Club -> Club/Shared/Consultant - Roof Consultant/<Select folder>

For files/folders initiated in Shared

For Integrated Sports Arena -> Integrated Sports Arena/Published/ Consultant - Roof Consultant/<Select folder>
For Retail -> Retail/Published/Consultant - Roof Consultant/<Select folder>
For Club -> Club/Published/Consultant - Roof Consultant/<Select folder>",active,"","Please make sure correct target folder is picked in which the files need to be copied to when approved, during initiating the approval process.",2025-03-21 09:14:54.408,2025-03-21 09:14:54.408
6863ed3e-3fb5-4228-9ba5-1d2d9c5cb4a2,bf996092-8d66-408a-8d8e-5065ca3330c2,f679f4cf-c089-4a2b-9b84-b14129630601,08795234-20d9-43ad-ac42-ec174b8fad8e,6863ed3e-3fb5-4228-9ba5-1d2d9c5cb4a2,Structure-Shared to Published (For WIP and Tender & BOQ),"In the Target Folder Box please select the intended folder in which the approved/commented file shall be saved. This is a mandatory step for the initiator.

For Example:
For files/folders initiated in  Shared the initiator shall follow the following

For Centre Point  - Ghaziabad -> Centre Point -Ghaziabad /Shared/Consultant -Structure/<Select folder>",active,"","Please make sure correct target folder is picked in which the files need to be copied to when approved, during initiating the approval process.",2025-03-21 09:14:49.6,2025-06-21 05:59:33.331
92245af8-9a18-403b-8af0-b0c06a2526a7,bf996092-8d66-408a-8d8e-5065ca3330c2,f679f4cf-c089-4a2b-9b84-b14129630601,08795234-20d9-43ad-ac42-ec174b8fad8e,92245af8-9a18-403b-8af0-b0c06a2526a7,Plumbing & Firefighting-WIP to Shared(For SD Requirement),"In the Target Folder Box please select the intended folder in which the approved/commented file shall be saved. This is a mandatory step for the initiator.

For Example:
For files/folders initiated in  Shared the initiator shall follow the following

For Centre Point  - Ghaziabad -> Centre Point -Ghaziabad /Shared/Consultant -Plumbing & Firefighting/<Select folder>",active,"","Please make sure correct target folder is picked in which the files need to be copied to when approved, during initiating the approval process.",2025-03-21 09:14:50.779,2025-06-21 07:11:42.073
83047376-7d03-484d-9ad6-79f5da4a1dae,bf996092-8d66-408a-8d8e-5065ca3330c2,f679f4cf-c089-4a2b-9b84-b14129630601,08795234-20d9-43ad-ac42-ec174b8fad8e,83047376-7d03-484d-9ad6-79f5da4a1dae,Vertical Transport-WIP to Shared,"In the Target Folder Box please select the intended folder in which the approved/commented file shall be saved. This is a mandatory step for the initiator.

For Example:
For files/folders initiated in  WIP the initiator shall follow the following

For Centre Point  - Ghaziabad -> Centre Point -Ghaziabad /Shared/Consultant -Vertical Transport/<Select folder>",active,"","Please make sure correct target folder is picked in which the files need to be copied to when approved, during initiating the approval process.",2025-03-21 09:14:53.136,2025-06-21 10:05:31.578
c3fbfde5-15d1-4631-bd68-991b8d983fe5,bf996092-8d66-408a-8d8e-5065ca3330c2,f679f4cf-c089-4a2b-9b84-b14129630601,08795234-20d9-43ad-ac42-ec174b8fad8e,c3fbfde5-15d1-4631-bd68-991b8d983fe5,Plumbing & Firefighting-Shared to Published(For WIP and Tender & BOQ),"In the Target Folder Box please select the intended folder in which the approved/commented file shall be saved. This is a mandatory step for the initiator.

For Example:
For files/folders initiated in  WIP the initiator shall follow the following

For Centre Point  - Ghaziabad -> Centre Point -Ghaziabad /Shared/Consultant-Plumbing & Firefighting/<Select folder>",active,"","Please make sure you pick the correct target folder in which the files need to be copied to when approved, during initiating the approval process.",2025-03-21 09:14:59.784,2025-06-21 12:01:18.153
5c5a01ca-c00e-4733-96d0-401f7ae5e6ec,bf996092-8d66-408a-8d8e-5065ca3330c2,f679f4cf-c089-4a2b-9b84-b14129630601,08795234-20d9-43ad-ac42-ec174b8fad8e,5c5a01ca-c00e-4733-96d0-401f7ae5e6ec,DBR Structure,"In the Target Folder Box please select the intended folder in which the approved/commented file shall be saved. This is a mandatory step for the initiator.

For Example:
For files/folders initiated in  Shared the initiator shall follow the following

For Centre Point  - Ghaziabad -> Centre Point -Ghaziabad /Shared/Consultant- DBR Structure/<Select folder>",archived,"","Please make sure correct target folder is picked in which the files need to be copied to when approved, during initiating the approval process.",2025-03-21 09:14:55.756,2025-06-21 06:00:09.407
dcd29151-6bba-4077-8662-8350b7bb97e2,bf996092-8d66-408a-8d8e-5065ca3330c2,f679f4cf-c089-4a2b-9b84-b14129630601,08795234-20d9-43ad-ac42-ec174b8fad8e,dcd29151-6bba-4077-8662-8350b7bb97e2,Electrical-WIP to Shared(For SD Requirement),"In the Target Folder Box please select the intended folder in which the approved/commented file shall be saved. This is a mandatory step for the initiator.

For Example:
For files/folders initiated in  WIP the initiator shall follow the following

For Centre Point  - Ghaziabad -> Centre Point -Ghaziabad /Shared/Consultant- Electrical/<Select folder>",active,"","Please make sure correct target folder is picked in which the files need to be copied to when approved, during initiating the approval process.",2025-03-21 09:15:00.964,2025-06-21 11:46:05.563
12b1057a-d5fe-424a-afc4-e77da6791d78,bf996092-8d66-408a-8d8e-5065ca3330c2,f679f4cf-c089-4a2b-9b84-b14129630601,08795234-20d9-43ad-ac42-ec174b8fad8e,12b1057a-d5fe-424a-afc4-e77da6791d78,Traffic Analysis-WIP Shared,"In the Target Folder Box please select the intended folder in which the approved/commented file shall be saved. This is a mandatory step for the initiator.

For Example:
For files/folders initiated in  WIP  the initiator shall follow the following

For Centre Point  - Ghaziabad -> Centre Point -Ghaziabad /Shared/Consultant -Traffic Analysis/<Select folder>",active,"","Please make sure you pick the correct target folder in which the files need to be copied to when approved, during initiating the approval process.",2025-03-21 09:15:02.128,2025-06-21 10:40:21.806
1d759493-1713-4eaf-bfe4-81d750facf81,bf996092-8d66-408a-8d8e-5065ca3330c2,f679f4cf-c089-4a2b-9b84-b14129630601,08795234-20d9-43ad-ac42-ec174b8fad8e,1d759493-1713-4eaf-bfe4-81d750facf81,Mechanical-WIP to Shared(For All WIP Files),"In the Target Folder Box please select the intended folder in which the approved/commented file shall be saved. This is a mandatory step for the initiator.

For Example:
For files/folders initiated in  Shared the initiator shall follow the following

For Centre Point  - Ghaziabad -> Centre Point -Ghaziabad /Shared/Consultant -Mechanical<Select folder>",active,"","Please make sure you pick the correct target folder in which the files need to be copied to when approved, during initiating the approval process.",2025-03-21 09:15:04.445,2025-06-21 06:03:39.192
a864c03f-e2d6-4771-9da5-460dd2a8d4f2,bf996092-8d66-408a-8d8e-5065ca3330c2,f679f4cf-c089-4a2b-9b84-b14129630601,08795234-20d9-43ad-ac42-ec174b8fad8e,a864c03f-e2d6-4771-9da5-460dd2a8d4f2,"Electrical-Shared to Published(For SD, DD & GFC)","In the Target Folder Box please select the intended folder in which the approved/commented file shall be saved. This is a mandatory step for the initiator.

For Example:
For files/folders initiated in  Shared the initiator shall follow the following

For Centre Point  - Ghaziabad -> Centre Point -Ghaziabad /Shared/Consultant- Electrical/<Select folder>",active,"","Please make sure correct target folder is picked in which the files need to be copied to when approved, during initiating the approval process.",2025-03-21 09:15:05.635,2025-08-28 10:19:39.139
2663f672-c167-4e4a-b4e0-1530e1ae36c1,bf996092-8d66-408a-8d8e-5065ca3330c2,f679f4cf-c089-4a2b-9b84-b14129630601,08795234-20d9-43ad-ac42-ec174b8fad8e,2663f672-c167-4e4a-b4e0-1530e1ae36c1,Wind Tunnel Analysis-WIP to Shared,"In the Target Folder Box please select the intended folder in which the approved/commented file shall be saved. This is a mandatory step for the initiator.

For Example:
For files/folders initiated in  Shared the initiator shall follow the following

For Centre Point  - Ghaziabad -> Centre Point -Ghaziabad /Shared/Consultant -Wind Tunnel Analysis<Select folder>",active,"","Please make sure correct target folder is picked in which the files need to be copied to when approved, during initiating the approval process.",2025-03-21 09:15:11.801,2025-06-21 10:35:49.12
e93d95da-7577-43c1-aa91-85f6de0b6aa5,bf996092-8d66-408a-8d8e-5065ca3330c2,f679f4cf-c089-4a2b-9b84-b14129630601,08795234-20d9-43ad-ac42-ec174b8fad8e,e93d95da-7577-43c1-aa91-85f6de0b6aa5,"Service Estimate-Shared to Published(For Mechanical, Electrical & Plumbing)","In the Target Folder Box please select the intended folder in which the approved/commented file shall be saved. This is a mandatory step for the initiator.

For Example:
For files/folders initiated in  Shared the initiator shall follow the following

For Centre Point  - Ghaziabad -> Centre Point -Ghaziabad /Shared/Consultant -Service Estimate/<Select folder>",active,"","Please make sure correct target folder is picked in which the files need to be copied to when approved, during initiating the approval process.",2025-03-21 09:15:13.161,2025-06-21 06:28:20.203
9b23a5d1-0262-4ddb-a630-232288bdea44,bf996092-8d66-408a-8d8e-5065ca3330c2,23142979-9fb6-4fd3-bd82-62d7e0add75f,3e0c2985-dcb9-45da-8e36-282bc793185e,9b23a5d1-0262-4ddb-a630-232288bdea44,"Architecture-Shared to Published(For Concept, Tender & BOQ, BP, GFC & DBR)","In the Target Folder Box please select the intended folder in which the approved/commented file shall be saved. This is a mandatory step for the initiator.

For Example:
For files/folders initiated in Shared the initiator shall follow the following

For Integrated Sports Arena -> Integrated Sports Arena/Shared/Consultant - Arch Principal/<Select folder>
For Retail -> Retail/Shared/Consultant - Arch Principal/<Select folder>
For Club -> Club/Shared/Consultant - Arch Principal/<Select folder>",active,"","Please make sure you pick the correct target folder in which the files need to be copied to when approved, during initiating the approval process.",2025-03-07 10:11:19.747,2025-04-07 05:25:22.917
e6bc539a-6395-4e73-8e7d-9337d9f709c3,bf996092-8d66-408a-8d8e-5065ca3330c2,23142979-9fb6-4fd3-bd82-62d7e0add75f,3e0c2985-dcb9-45da-8e36-282bc793185e,e6bc539a-6395-4e73-8e7d-9337d9f709c3,Environmental Clearance-WIP to Shared,"In the Target Folder Box please select the intended folder in which the approved/commented file shall be saved. This is a mandatory step for the initiator.

For Example:
For files/folders initiated in WIP the initiator shall follow the following

For Integrated Sports Arena -> Integrated Sports Arena/Shared/Consultant - Arch Principal/<Select folder>
For Retail -> Retail/Shared/Consultant - Arch Principal/<Select folder>
For Club -> Club/Shared/Consultant - Arch Principal/<Select folder>",active,"","Please make sure correct target folder is picked in which the files need to be copied to when approved, during initiating the approval process.",2025-03-07 10:11:07.207,2025-04-05 10:34:33.524
e27f97be-d521-4380-8431-7f6325a66ed0,bf996092-8d66-408a-8d8e-5065ca3330c2,23142979-9fb6-4fd3-bd82-62d7e0add75f,3e0c2985-dcb9-45da-8e36-282bc793185e,e27f97be-d521-4380-8431-7f6325a66ed0,Plumbing-Shared to Publish(For Fire Scheme Approval),"In the Target Folder Box please select the intended folder in which the approved/commented file shall be saved. This is a mandatory step for the initiator.

For Example:
For files/folders initiated in Shared the initiator shall follow the following

For Integrated Sports Arena -> Integrated Sports Arena/Shared/Consultant - Arch Principal/<Select folder>
For Retail -> Retail/Shared/Consultant - Arch Principal/<Select folder>
For Club -> Club/Shared/Consultant - Arch Principal/<Select folder>",active,"","Please make sure correct target folder is picked in which the files need to be copied to when approved, during initiating the approval process.",2025-03-07 10:11:26.175,2025-04-07 06:48:25.413
87159038-e6ff-4776-8655-135185ab3996,bf996092-8d66-408a-8d8e-5065ca3330c2,23142979-9fb6-4fd3-bd82-62d7e0add75f,3e0c2985-dcb9-45da-8e36-282bc793185e,87159038-e6ff-4776-8655-135185ab3996,Landscape-WIP to Shared,"In the Target Folder Box please select the intended folder in which the approved/commented file shall be saved. This is a mandatory step for the initiator.

For Example:
For files/folders initiated in WIP the initiator shall follow the following

For Integrated Sports Arena -> Integrated Sports Arena/Shared/Consultant - Arch Principal/<Select folder>
For Retail -> Retail/Shared/Consultant - Arch Principal/<Select folder>
For Club -> Club/Shared/Consultant - Arch Principal/<Select folder>",active,"","Please make sure correct target folder is picked in which the files need to be copied to when approved, during initiating the approval process.",2025-04-05 06:12:34.862,2025-04-05 10:35:25.04
b79e5913-0376-43ea-88fa-d44bfcedaef6,bf996092-8d66-408a-8d8e-5065ca3330c2,23142979-9fb6-4fd3-bd82-62d7e0add75f,3e0c2985-dcb9-45da-8e36-282bc793185e,b79e5913-0376-43ea-88fa-d44bfcedaef6,Architecture-Shared to Published(For SD & DD),"In the Target Folder Box please select the intended folder in which the approved/commented file shall be saved. This is a mandatory step for the initiator.

For Example:
For files/folders initiated in Shared the initiator shall follow the following

For Integrated Sports Arena -> Integrated Sports Arena/Shared/Consultant - Arch Principal/<Select folder>
For Retail -> Retail/Shared/Consultant - Arch Principal/<Select folder>
For Club -> Club/Shared/Consultant - Arch Principal/<Select folder>",active,"","Please make sure correct target folder is picked in which the files need to be copied to when approved, during initiating the approval process.",2025-03-07 10:11:16.107,2025-04-07 05:26:54.935
c2eefa80-090e-4e5b-afd8-b7a5394d660d,bf996092-8d66-408a-8d8e-5065ca3330c2,23142979-9fb6-4fd3-bd82-62d7e0add75f,3e0c2985-dcb9-45da-8e36-282bc793185e,c2eefa80-090e-4e5b-afd8-b7a5394d660d,Landscape-Shared to Published,"In the Target Folder Box please select the intended folder in which the approved/commented file shall be saved. This is a mandatory step for the initiator.

For Example:
For files/folders initiated in Shared the initiator shall follow the following

For Integrated Sports Arena -> Integrated Sports Arena/Shared/Consultant - Arch Principal/<Select folder>
For Retail -> Retail/Shared/Consultant - Arch Principal/<Select folder>
For Club -> Club/Shared/Consultant - Arch Principal/<Select folder>",active,"","Please make sure correct target folder is picked in which the files need to be copied to when approved, during initiating the approval process.",2025-03-07 10:11:32.163,2025-04-07 06:49:47.359
f6ec3460-3dc9-4159-95ef-403c566a7ef4,bf996092-8d66-408a-8d8e-5065ca3330c2,23142979-9fb6-4fd3-bd82-62d7e0add75f,3e0c2985-dcb9-45da-8e36-282bc793185e,f6ec3460-3dc9-4159-95ef-403c566a7ef4,Plumbing-WIP to Shared(For WIP Files),"In the Target Folder Box please select the intended folder in which the approved/commented file shall be saved. This is a mandatory step for the initiator.

For Example:
For files/folders initiated in WIP the initiator shall follow the following

For Integrated Sports Arena -> Integrated Sports Arena/Shared/Consultant - Arch Principal/<Select folder>
For Retail -> Retail/Shared/Consultant - Arch Principal/<Select folder>
For Club -> Club/Shared/Consultant - Arch Principal/<Select folder>",active,"","Please make sure you pick the correct target folder in which the files need to be copied to when approved, during initiating the approval process.",2025-03-07 10:11:25.021,2025-04-05 10:38:05.565
1060e9c8-6784-49bf-9e94-a4ee8b6124cf,bf996092-8d66-408a-8d8e-5065ca3330c2,23142979-9fb6-4fd3-bd82-62d7e0add75f,3e0c2985-dcb9-45da-8e36-282bc793185e,1060e9c8-6784-49bf-9e94-a4ee8b6124cf,Signage-Shared to Published,"In the Target Folder Box please select the intended folder in which the approved/commented file shall be saved. This is a mandatory step for the initiator.

For Example:
For files/folders initiated in Shared the initiator shall follow the following

For Integrated Sports Arena -> Integrated Sports Arena/Shared/Consultant - Arch Principal/<Select folder>
For Retail -> Retail/Shared/Consultant - Arch Principal/<Select folder>
For Club -> Club/Shared/Consultant - Arch Principal/<Select folder>",active,"","Please make sure correct target folder is picked in which the files need to be copied to when approved, during initiating the approval process.",2025-04-05 07:56:21.526,2025-04-07 07:07:29.289
da9336ba-891a-468c-95e0-ecfde35be2cd,bf996092-8d66-408a-8d8e-5065ca3330c2,23142979-9fb6-4fd3-bd82-62d7e0add75f,3e0c2985-dcb9-45da-8e36-282bc793185e,da9336ba-891a-468c-95e0-ecfde35be2cd,Mechanical-WIP to Shared(For DBR),"In the Target Folder Box please select the intended folder in which the approved/commented file shall be saved. This is a mandatory step for the initiator.

For Example:
For files/folders initiated in WIP the initiator shall follow the following

For Integrated Sports Arena -> Integrated Sports Arena/Shared/Consultant - Arch Principal/<Select folder>
For Retail -> Retail/Shared/Consultant - Arch Principal/<Select folder>
For Club -> Club/Shared/Consultant - Arch Principal/<Select folder>",active,"","Please make sure correct target folder is picked in which the files need to be copied to when approved, during initiating the approval process.",2025-04-04 12:34:54.261,2025-04-07 06:31:01.384
4ac06837-3970-4aef-80cd-5962bfa3f5c6,bf996092-8d66-408a-8d8e-5065ca3330c2,23142979-9fb6-4fd3-bd82-62d7e0add75f,3e0c2985-dcb9-45da-8e36-282bc793185e,4ac06837-3970-4aef-80cd-5962bfa3f5c6,Electrical-WIP to Shared(For WIP Files),"In the Target Folder Box please select the intended folder in which the approved/commented file shall be saved. This is a mandatory step for the initiator.

For Example:
For files/folders initiated in WIP the initiator shall follow the following

For Integrated Sports Arena -> Integrated Sports Arena/Shared/Consultant - Arch Principal/<Select folder>
For Retail -> Retail/Shared/Consultant - Arch Principal/<Select folder>
For Club -> Club/Shared/Consultant - Arch Principal/<Select folder>",active,"","Please make sure you pick the correct target folder in which the files need to be copied to when approved, during initiating the approval process.",2025-03-07 10:11:02.453,2025-04-05 10:34:12.497
4cfc8543-e0fd-4b85-9972-661880ecea78,bf996092-8d66-408a-8d8e-5065ca3330c2,23142979-9fb6-4fd3-bd82-62d7e0add75f,3e0c2985-dcb9-45da-8e36-282bc793185e,4cfc8543-e0fd-4b85-9972-661880ecea78,Lighting-WIP to Shared,"In the Target Folder Box please select the intended folder in which the approved/commented file shall be saved. This is a mandatory step for the initiator.

For Example:
For files/folders initiated in WIP the initiator shall follow the following

For Integrated Sports Arena -> Integrated Sports Arena/Shared/Consultant - Arch Principal/<Select folder>
For Retail -> Retail/Shared/Consultant - Arch Principal/<Select folder>
For Club -> Club/Shared/Consultant - Arch Principal/<Select folder>",active,"","Please make sure correct target folder is picked in which the files need to be copied to when approved, during initiating the approval process.",2025-03-07 10:10:58.917,2025-04-05 10:36:17.771
a7caee95-7151-46c0-9102-d8251f333dee,bf996092-8d66-408a-8d8e-5065ca3330c2,23142979-9fb6-4fd3-bd82-62d7e0add75f,3e0c2985-dcb9-45da-8e36-282bc793185e,a7caee95-7151-46c0-9102-d8251f333dee,Environmental Clearance-Shared to Published,"In the Target Folder Box please select the intended folder in which the approved/commented file shall be saved. This is a mandatory step for the initiator.

For Example:
For files/folders initiated in Shared the initiator shall follow the following

For Integrated Sports Arena -> Integrated Sports Arena/Shared/Consultant - Arch Principal/<Select folder>
For Retail -> Retail/Shared/Consultant - Arch Principal/<Select folder>
For Club -> Club/Shared/Consultant - Arch Principal/<Select folder>",active,"","Please make sure correct target folder is picked in which the files need to be copied to when approved, during initiating the approval process.",2025-04-05 06:02:38.188,2025-04-07 06:46:14.025
41afb2cf-22ad-48b5-bff1-4ed7e18f1361,bf996092-8d66-408a-8d8e-5065ca3330c2,23142979-9fb6-4fd3-bd82-62d7e0add75f,3e0c2985-dcb9-45da-8e36-282bc793185e,41afb2cf-22ad-48b5-bff1-4ed7e18f1361,Lighting-Shared to Published,"In the Target Folder Box please select the intended folder in which the approved/commented file shall be saved. This is a mandatory step for the initiator.

For Example:
For files/folders initiated in Shared the initiator shall follow the following

For Integrated Sports Arena -> Integrated Sports Arena/Shared/Consultant - Arch Principal/<Select folder>
For Retail -> Retail/Shared/Consultant - Arch Principal/<Select folder>
For Club -> Club/Shared/Consultant - Arch Principal/<Select folder>",active,"","Please make sure correct target folder is picked in which the files need to be copied to when approved, during initiating the approval process.",2025-04-05 06:27:15.178,2025-04-07 06:51:09.963
a4433cb3-a8a0-4818-ad2c-6351a3f6f4e8,bf996092-8d66-408a-8d8e-5065ca3330c2,23142979-9fb6-4fd3-bd82-62d7e0add75f,3e0c2985-dcb9-45da-8e36-282bc793185e,a4433cb3-a8a0-4818-ad2c-6351a3f6f4e8,Mechanical-WIP to Shared(For WIP Files),"In the Target Folder Box please select the intended folder in which the approved/commented file shall be saved. This is a mandatory step for the initiator.

For Example:
For files/folders initiated in WIP the initiator shall follow the following

For Integrated Sports Arena -> Integrated Sports Arena/Shared/Consultant - Arch Principal/<Select folder>
For Retail -> Retail/Shared/Consultant - Arch Principal/<Select folder>
For Club -> Club/Shared/Consultant - Arch Principal/<Select folder>",active,"","Please make sure you pick the correct target folder in which the files need to be copied to when approved, during initiating the approval process.",2025-03-07 10:11:17.289,2025-04-05 10:37:15.748
f8aab4fd-ff3e-4c92-b189-97a0911410b9,bf996092-8d66-408a-8d8e-5065ca3330c2,23142979-9fb6-4fd3-bd82-62d7e0add75f,3e0c2985-dcb9-45da-8e36-282bc793185e,f8aab4fd-ff3e-4c92-b189-97a0911410b9,Vertical Transport-WIP to Shared,"In the Target Folder Box please select the intended folder in which the approved/commented file shall be saved. This is a mandatory step for the initiator.

For Example:
For files/folders initiated in WIP the initiator shall follow the following

For Integrated Sports Arena -> Integrated Sports Arena/Shared/Consultant - Arch Principal/<Select folder>
For Retail -> Retail/Shared/Consultant - Arch Principal/<Select folder>
For Club -> Club/Shared/Consultant - Arch Principal/<Select folder>",active,"","Please make sure correct target folder is picked in which the files need to be copied to when approved, during initiating the approval process.",2025-04-05 07:55:12.65,2025-04-05 10:39:47.547
d78e2306-b899-4dac-8901-9f58e0521368,bf996092-8d66-408a-8d8e-5065ca3330c2,23142979-9fb6-4fd3-bd82-62d7e0add75f,3e0c2985-dcb9-45da-8e36-282bc793185e,d78e2306-b899-4dac-8901-9f58e0521368,Wind Tunnel Analysis-Shared to Published,"In the Target Folder Box please select the intended folder in which the approved/commented file shall be saved. This is a mandatory step for the initiator.

For Example:
For files/folders initiated in Shared the initiator shall follow the following

For Integrated Sports Arena -> Integrated Sports Arena/Shared/Consultant - Arch Principal/<Select folder>
For Retail -> Retail/Shared/Consultant - Arch Principal/<Select folder>
For Club -> Club/Shared/Consultant - Arch Principal/<Select folder>",active,"","Please make sure correct target folder is picked in which the files need to be copied to when approved, during initiating the approval process.",2025-04-05 07:55:36.33,2025-04-07 07:36:34.835
999042d6-77e8-4ad4-8f25-a1f9fdd68f09,bf996092-8d66-408a-8d8e-5065ca3330c2,23142979-9fb6-4fd3-bd82-62d7e0add75f,3e0c2985-dcb9-45da-8e36-282bc793185e,999042d6-77e8-4ad4-8f25-a1f9fdd68f09,Traffic Analysis-WIP to Shared,"In the Target Folder Box please select the intended folder in which the approved/commented file shall be saved. This is a mandatory step for the initiator.

For Example:
For files/folders initiated in WIP the initiator shall follow the following

For Integrated Sports Arena -> Integrated Sports Arena/Shared/Consultant - Arch Principal/<Select folder>
For Retail -> Retail/Shared/Consultant - Arch Principal/<Select folder>
For Club -> Club/Shared/Consultant - Arch Principal/<Select folder>",active,"","Please make sure you pick the correct target folder in which the files need to be copied to when approved, during initiating the approval process.",2025-03-07 10:11:23.78,2025-04-05 10:40:14.291
93443ec3-70cf-4da6-ad56-f632efa184bf,bf996092-8d66-408a-8d8e-5065ca3330c2,23142979-9fb6-4fd3-bd82-62d7e0add75f,3e0c2985-dcb9-45da-8e36-282bc793185e,93443ec3-70cf-4da6-ad56-f632efa184bf,Electrical-WIP to Shared(For SD Requirement),"In the Target Folder Box please select the intended folder in which the approved/commented file shall be saved. This is a mandatory step for the initiator.

For Example:
For files/folders initiated in WIP the initiator shall follow the following

For Integrated Sports Arena -> Integrated Sports Arena/Shared/Consultant - Arch Principal/<Select folder>
For Retail -> Retail/Shared/Consultant - Arch Principal/<Select folder>
For Club -> Club/Shared/Consultant - Arch Principal/<Select folder>",active,"","Please make sure correct target folder is picked in which the files need to be copied to when approved, during initiating the approval process.",2025-03-07 10:11:04.834,2025-04-07 07:02:46.102
587d505a-70d5-4a15-8bcf-d590c7f0abaf,bf996092-8d66-408a-8d8e-5065ca3330c2,23142979-9fb6-4fd3-bd82-62d7e0add75f,3e0c2985-dcb9-45da-8e36-282bc793185e,587d505a-70d5-4a15-8bcf-d590c7f0abaf,Traffic Analysis-Shared to Published,"In the Target Folder Box please select the intended folder in which the approved/commented file shall be saved. This is a mandatory step for the initiator.

For Example:
For files/folders initiated in Shared the initiator shall follow the following

For Integrated Sports Arena -> Integrated Sports Arena/Shared/Consultant - Arch Principal/<Select folder>
For Retail -> Retail/Shared/Consultant - Arch Principal/<Select folder>
For Club -> Club/Shared/Consultant - Arch Principal/<Select folder>",active,"","Please make sure you pick the correct target folder in which the files need to be copied to when approved, during initiating the approval process.",2025-04-05 07:54:21.286,2025-04-07 07:35:50.421
88f7e5df-1e03-4408-b6d1-6bae43d693a3,bf996092-8d66-408a-8d8e-5065ca3330c2,23142979-9fb6-4fd3-bd82-62d7e0add75f,3e0c2985-dcb9-45da-8e36-282bc793185e,88f7e5df-1e03-4408-b6d1-6bae43d693a3,Plumbing-WIP to Shared(For SD Requirement),"In the Target Folder Box please select the intended folder in which the approved/commented file shall be saved. This is a mandatory step for the initiator.

For Example:
For files/folders initiated in WIP the initiator shall follow the following

For Integrated Sports Arena -> Integrated Sports Arena/Shared/Consultant - Arch Principal/<Select folder>
For Retail -> Retail/Shared/Consultant - Arch Principal/<Select folder>
For Club -> Club/Shared/Consultant - Arch Principal/<Select folder>",active,"","Please make sure correct target folder is picked in which the files need to be copied to when approved, during initiating the approval process.",2025-03-07 10:10:52.307,2025-04-07 07:04:24.593
23f3248d-82e1-44a9-a7cc-92dfb79ce9bc,bf996092-8d66-408a-8d8e-5065ca3330c2,23142979-9fb6-4fd3-bd82-62d7e0add75f,3e0c2985-dcb9-45da-8e36-282bc793185e,23f3248d-82e1-44a9-a7cc-92dfb79ce9bc,"Service Estimate-Shared to Published(For Mechanical, Electrical & Plumbing)","In the Target Folder Box please select the intended folder in which the approved/commented file shall be saved. This is a mandatory step for the initiator.

For Example:
For files/folders initiated in Shared the initiator shall follow the following

Mechanical:

For Integrated Sports Arena -> Integrated Sports Arena/Published/ Consultant - Mechanical / Service Estimate
For Retail -> Retail/Published/ Consultant - Mechanical / Service Estimate
For Club -> Club/Published/ Consultant - Mechanical / Service Estimate


Electrical:

For Integrated Sports Arena -> Integrated Sports Arena/Published/ Consultant - Electrical / Service Estimate
For Retail -> Retail/Published/ Consultant - Electrical / Service Estimate
For Club -> Club/Published/ Consultant - Electrical / Service Estimate

Plumbing:

For Integrated Sports Arena -> Integrated Sports Arena/Published/ Consultant - Plumbing/SD Requirements/Service Estimate
For Retail -> Retail/Published/ Consultant - Plumbing/SD Requirements/Service Estimate
For Club -> Club/Published/ Consultant - Plumbing/SD Requirements/Service Estimate",active,"","Please make sure correct target folder is picked in which the files need to be copied to when approved, during initiating the approval process.",2025-03-07 10:11:30.967,2025-04-05 10:48:10.458
566455d9-7cc0-4e42-9200-8e55f86bb80d,bf996092-8d66-408a-8d8e-5065ca3330c2,f6ab14eb-1a66-4ea5-8a0f-0afbda444403,0c8e25c4-57ab-4076-8486-c503e2cc28af,566455d9-7cc0-4e42-9200-8e55f86bb80d,Electrical-Shared to Published(For WIP Files and Tender & BOQ),"In the Target Folder Box please select the intended folder in which the approved/commented file shall be saved. This is a mandatory step for the initiator

For Example:
For files/folders initiated in shared  the initiator shall follow the following

For Centre point-Gomti Nagar -> Centre point-Gomti Nagar/publish/Consultant - Electrical/<Select folder>",active,"","Please make sure you pick the correct target folder in which the files need to be copied to when approved, during initiating the approval process.",2025-05-21 10:55:43.061,2025-06-17 06:50:55.274
ac39304a-7d00-400a-9ad7-2a55ff0484ca,bf996092-8d66-408a-8d8e-5065ca3330c2,f6ab14eb-1a66-4ea5-8a0f-0afbda444403,0c8e25c4-57ab-4076-8486-c503e2cc28af,ac39304a-7d00-400a-9ad7-2a55ff0484ca,Electrical-WIP to Shared(All WIP files),"In the Target Folder Box please select the intended folder in which the approved/commented file shall be saved. This is a mandatory step for the initiator

For Example:
For files/folders initiated in WIP  the initiator shall follow the following

For Centre point-Gomti Nagar -> Centre point-Gomti Nagar/publish/Consultant - Electrical/<Select folder>",active,"","Please make sure you pick the correct target folder in which the files need to be copied to when approved, during initiating the approval process.",2025-05-21 10:55:16.143,2025-06-17 06:52:33.94
56c74448-942a-45ac-9317-c781549ff3f5,bf996092-8d66-408a-8d8e-5065ca3330c2,f6ab14eb-1a66-4ea5-8a0f-0afbda444403,0c8e25c4-57ab-4076-8486-c503e2cc28af,56c74448-942a-45ac-9317-c781549ff3f5,Electrical-WIP to Shared(For SD Requirement),"In the Target Folder Box please select the intended folder in which the approved/commented file shall be saved. This is a mandatory step for the initiator

For Example:
For files/folders initiated in WIP  the initiator shall follow the following

For Centre point-Gomti Nagar -> Centre point-Gomti Nagar/publish/Consultant - Electrical/<Select folder>",active,"","Please make sure correct target folder is picked in which the files need to be copied to when approved, during initiating the approval process.",2025-05-21 10:55:47.763,2025-06-17 06:54:42.042
480dbe2e-c030-4f28-9cc0-80770eeba110,bf996092-8d66-408a-8d8e-5065ca3330c2,f6ab14eb-1a66-4ea5-8a0f-0afbda444403,0c8e25c4-57ab-4076-8486-c503e2cc28af,480dbe2e-c030-4f28-9cc0-80770eeba110,Landscape-WIP to Shared,"In the Target Folder Box please select the intended folder in which the approved/commented file shall be saved. This is a mandatory step for the initiator

For Example:
For files/folders initiated in WIP the initiator shall follow the following

For Centre point-Gomti Nagar -> Centre point-Gomti Nagar/publish/Consultant - Landscape/<Select folder>",active,"","Please make sure correct target folder is picked in which the files need to be copied to when approved, during initiating the approval process.",2025-05-21 10:55:27.474,2025-06-17 07:02:36.251
d97abb83-d6c0-4dd3-8093-258ea93f28f2,bf996092-8d66-408a-8d8e-5065ca3330c2,f6ab14eb-1a66-4ea5-8a0f-0afbda444403,0c8e25c4-57ab-4076-8486-c503e2cc28af,d97abb83-d6c0-4dd3-8093-258ea93f28f2,Lighting-WIP to Shared,"In the Target Folder Box please select the intended folder in which the approved/commented file shall be saved. This is a mandatory step for the initiator

For Example:
For files/folders initiated in WIP  the initiator shall follow the following

For Centre point-Gomti Nagar -> Centre point-Gomti Nagar/publish/Consultant - lighting/<Select folder>",active,"","Please make sure correct target folder is picked in which the files need to be copied to when approved, during initiating the approval process.",2025-05-21 10:55:24.679,2025-06-17 07:05:42.674
753c4449-7b5e-499e-a97b-75f12dadc165,bf996092-8d66-408a-8d8e-5065ca3330c2,f6ab14eb-1a66-4ea5-8a0f-0afbda444403,0c8e25c4-57ab-4076-8486-c503e2cc28af,753c4449-7b5e-499e-a97b-75f12dadc165,Mechanical-Shared to Published(For Fire Scheme Approval),"In the Target Folder Box please select the intended folder in which the approved/commented file shall be saved. This is a mandatory step for the initiator

For Example:
For files/folders initiated in shared  the initiator shall follow the following

For Centre point-Gomti Nagar -> Centre point-Gomti Nagar/publish/Consultant - Mechanical/<Select folder>",active,"","Please make sure correct target folder is picked in which the files need to be copied to when approved, during initiating the approval process.",2025-05-21 10:56:11.446,2025-06-17 07:08:55.2
5e7c863d-c081-4f5e-8f36-899b4ac6aa27,bf996092-8d66-408a-8d8e-5065ca3330c2,f6ab14eb-1a66-4ea5-8a0f-0afbda444403,0c8e25c4-57ab-4076-8486-c503e2cc28af,5e7c863d-c081-4f5e-8f36-899b4ac6aa27,"Mechanical-Shared to Published(For SD, DD & GFC)","In the Target Folder Box please select the intended folder in which the approved/commented file shall be saved. This is a mandatory step for the initiator

For Example:
For files/folders initiated in shared  the initiator shall follow the following

For Centre point-Gomti Nagar -> Centre point-Gomti Nagar/publish/Consultant - Mechanical/<Select folder>",active,"","Please make sure correct target folder is picked in which the files need to be copied to when approved, during initiating the approval process.",2025-05-21 10:56:15.006,2025-08-25 11:48:37.161
a0bcc6a7-18fe-4fb9-98c7-ae6bd02887c4,bf996092-8d66-408a-8d8e-5065ca3330c2,f6ab14eb-1a66-4ea5-8a0f-0afbda444403,0c8e25c4-57ab-4076-8486-c503e2cc28af,a0bcc6a7-18fe-4fb9-98c7-ae6bd02887c4,Mechanical-Shared to Published(For WIP and Tender & BOQ),"In the Target Folder Box please select the intended folder in which the approved/commented file shall be saved. This is a mandatory step for the initiator

For Example:
For files/folders initiated in shared  the initiator shall follow the following

For Centre point-Gomti Nagar -> Centre point-Gomti Nagar/publish/Consultant - Mechanical/<Select folder>",active,"","Please make sure you pick the correct target folder in which the files need to be copied to when approved, during initiating the approval process.",2025-05-21 10:56:03.666,2025-06-17 08:28:48.925
2bd11762-0ea9-42bb-8fbb-e0ce7ee79dcc,bf996092-8d66-408a-8d8e-5065ca3330c2,f6ab14eb-1a66-4ea5-8a0f-0afbda444403,0c8e25c4-57ab-4076-8486-c503e2cc28af,2bd11762-0ea9-42bb-8fbb-e0ce7ee79dcc,Plumbing & Firefighting-Shared to Published(For DBR),"In the Target Folder Box please select the intended folder in which the approved/commented file shall be saved. This is a mandatory step for the initiator

For Example:
For files/folders initiated in shared  the initiator shall follow the following

For Centre point-Gomti Nagar -> Centre point-Gomti Nagar/publish/Consultant - Plumbing & Firefighting/<Select folder>",active,"","Please make sure you pick the correct target folder in which the files need to be copied to when approved, during initiating the approval process.",2025-05-21 10:55:50.649,2025-06-17 08:34:51.327
39966e7e-2cb0-4ea6-8f55-241f9df3008e,bf996092-8d66-408a-8d8e-5065ca3330c2,f6ab14eb-1a66-4ea5-8a0f-0afbda444403,0c8e25c4-57ab-4076-8486-c503e2cc28af,39966e7e-2cb0-4ea6-8f55-241f9df3008e,Plumbing & Firefighting-WIP to Shared(For All WIP Files),"In the Target Folder Box please select the intended folder in which the approved/commented file shall be saved. This is a mandatory step for the initiator

For Example:
For files/folders initiated in shared  the initiator shall follow the following

For Centre point-Gomti Nagar -> Centre point-Gomti Nagar/publish/Consultant - Plumbing & Firefighting/<Select folder>",active,"","Please make sure you pick the correct target folder in which the files need to be copied to when approved, during initiating the approval process.",2025-05-21 10:55:25.863,2025-06-17 08:37:41.138
2c0b04c9-93b9-4197-9fe2-c5ffe112f2c8,bf996092-8d66-408a-8d8e-5065ca3330c2,f6ab14eb-1a66-4ea5-8a0f-0afbda444403,0c8e25c4-57ab-4076-8486-c503e2cc28af,2c0b04c9-93b9-4197-9fe2-c5ffe112f2c8,Plumbing & Firefighting-WIP to Shared(For SD Requirement),"In the Target Folder Box please select the intended folder in which the approved/commented file shall be saved. This is a mandatory step for the initiator

For Example:
For files/folders initiated in shared  the initiator shall follow the following

For Centre point-Gomti Nagar -> Centre point-Gomti Nagar/publish/Consultant - Plumbing & Firefighting/<Select folder>",active,"","Please make sure correct target folder is picked in which the files need to be copied to when approved, during initiating the approval process.",2025-05-21 10:55:44.26,2025-06-17 08:38:30.039
9f04403e-d814-4f6e-b83c-19b0f627b422,bf996092-8d66-408a-8d8e-5065ca3330c2,e9b596f2-48ee-419b-a199-da304b38c398,b2f76ca9-ad86-4a78-b2cd-24b66da2d04f,9f04403e-d814-4f6e-b83c-19b0f627b422,"Architecture - WIP to Shared(For Concept, SD,DD, BP, DBR, BOQ etc)","In the Target Folder Box please select the intended folder in which the approved/commented file shall be saved. This is a mandatory step for the initiator.

For Example:
For files/folders initiated in  WIP  the initiator shall follow the following

For Centre Point  -Prayagraj-> Centre Point -Prayagraj/Shared/Consultant-Architecture/<Select folder>",active,"","Please make sure you pick the correct target folder in which the files need to be copied to when approved, during initiating the approval process.",2025-05-31 06:59:08.739,2025-06-20 11:00:58.649
048a62b3-f80a-43e9-89ca-299aca2b84b8,bf996092-8d66-408a-8d8e-5065ca3330c2,e9b596f2-48ee-419b-a199-da304b38c398,b2f76ca9-ad86-4a78-b2cd-24b66da2d04f,048a62b3-f80a-43e9-89ca-299aca2b84b8,Architecture-Shared to Published(For Compile Tender & BOQ),"In the Target Folder Box please select the intended folder in which the approved/commented file shall be saved. This is a mandatory step for the initiator.

For Example:
For files/folders initiated in Shared  the initiator shall follow the following

For Centre Point  -Prayagraj-> Centre Point -Prayagraj/Shared/Consultant-Architecture/<Select folder>",active,"","Please make sure correct target folder is picked in which the files need to be copied to when approved, during initiating the approval process.",2025-05-31 06:58:36.98,2025-06-20 11:26:00.257
6869d667-4270-4a9f-ac49-39c3c4f61a77,bf996092-8d66-408a-8d8e-5065ca3330c2,e9b596f2-48ee-419b-a199-da304b38c398,b2f76ca9-ad86-4a78-b2cd-24b66da2d04f,6869d667-4270-4a9f-ac49-39c3c4f61a77,"Architecture-Shared to Published(For Concept, Tender & BOQ, BP, GFC & DBR)","In the Target Folder Box please select the intended folder in which the approved/commented file shall be saved. This is a mandatory step for the initiator.

For Example:
For files/folders initiated in Shared the initiator shall follow the following

For Centre Point  -Prayagraj-> Centre Point -Prayagraj/Shared/Consultant-Architecture/<Select folder>",active,"","Please make sure you pick the correct target folder in which the files need to be copied to when approved, during initiating the approval process.",2025-05-31 06:58:56.909,2025-06-20 11:26:54.42
74caeb92-0235-4f44-8904-e1bd734a6694,bf996092-8d66-408a-8d8e-5065ca3330c2,e9b596f2-48ee-419b-a199-da304b38c398,b2f76ca9-ad86-4a78-b2cd-24b66da2d04f,74caeb92-0235-4f44-8904-e1bd734a6694,Architecture-Shared to Published(For SD & DD),"In the Target Folder Box please select the intended folder in which the approved/commented file shall be saved. This is a mandatory step for the initiator.

For Example:
For files/folders initiated in Shared the initiator shall follow the following

For Centre Point  -Prayagraj-> Centre Point -Prayagraj/Shared/Consultant-Architecture/<Select folder>",active,"","Please make sure correct target folder is picked in which the files need to be copied to when approved, during initiating the approval process.",2025-05-31 06:58:32.357,2025-06-20 11:27:12.108
bcfd52bc-9c86-44a3-84c6-abf36350f35c,bf996092-8d66-408a-8d8e-5065ca3330c2,e9b596f2-48ee-419b-a199-da304b38c398,b2f76ca9-ad86-4a78-b2cd-24b66da2d04f,bcfd52bc-9c86-44a3-84c6-abf36350f35c,Contracts - Shared to Published (For Miscellaneous Approvals) (1-Step Workflow),"In the Target Folder Box please select the intended folder in which the approved/commented file shall be saved. This is a mandatory step for the initiator.

For Example:
For files/folders initiated in Shared the initiator shall follow the following

For Centre Point  -Prayagraj-> Centre Point -Prayagraj/Shared/Consultant-Contracts/<Select folder>",active,"","Please make sure you pick the correct target folder in which the files need to be copied to when approved, during initiating the approval process.",2025-05-31 06:58:48.492,2025-06-20 11:29:07.667
554b5739-d106-4807-8d87-b0e91d6bdcda,bf996092-8d66-408a-8d8e-5065ca3330c2,85aceded-1588-4f99-bfba-6fe212b8cb9a,64a55b40-d5be-473c-baef-2617d1855ab7,554b5739-d106-4807-8d87-b0e91d6bdcda,Electrical  - WIP (and) Tender & BoQ,"Pick below target Folders based on the files / folder initiated for the Review.

For Integrated Sports Arena -> Integrated Sports Arena/Shared/Consultant - Electrical/<Select folder>

For Retail -> Retail/Shared/Consultant - Electrical/<Select folder>

For Club -> Club/Shared/Consultant - Electrical/<Select folder>",active,"","Please make sure you pick the correct target folder in which the files need to be copied to when approved, during initiating the approval process.",2025-02-21 12:26:38.213,2025-02-28 07:29:34.041
791b55cd-de09-4a32-8149-6f8b602c7817,bf996092-8d66-408a-8d8e-5065ca3330c2,f679f4cf-c089-4a2b-9b84-b14129630601,08795234-20d9-43ad-ac42-ec174b8fad8e,791b55cd-de09-4a32-8149-6f8b602c7817,Structure - Share to Publish(GFC Approval Omaxe Structure Team),GFC drawing Approval from Omaxe Structure Team,active,"","",2025-06-26 09:53:27.493,2025-06-26 09:53:59.99
ec6cd5ee-03f4-496a-9fd9-b7536d48327b,bf996092-8d66-408a-8d8e-5065ca3330c2,23142979-9fb6-4fd3-bd82-62d7e0add75f,3e0c2985-dcb9-45da-8e36-282bc793185e,ec6cd5ee-03f4-496a-9fd9-b7536d48327b,Architecture-Shared to Published(For Compile Tender & BOQ),"In the Target Folder Box please select the intended folder in which the approved/commented file shall be saved. This is a mandatory step for the initiator.

For Example:
For files/folders initiated in Shared the initiator shall follow the following

For Integrated Sports Arena -> Integrated Sports Arena/Shared/Consultant - Arch Principal/<Select folder>
For Retail -> Retail/Shared/Consultant - Arch Principal/<Select folder>
For Club -> Club/Shared/Consultant - Arch Principal/<Select folder>",active,"","Please make sure correct target folder is picked in which the files need to be copied to when approved, during initiating the approval process.",2025-03-07 10:11:18.576,2025-04-07 05:30:26.053
d85814b1-ca35-4159-a964-bfa60fc1bca8,bf996092-8d66-408a-8d8e-5065ca3330c2,2f551e7d-05e6-4bfc-8ee1-0ef3a8487c11,510bcc50-d295-4739-9f95-4b32a2831271,d85814b1-ca35-4159-a964-bfa60fc1bca8,Electrical-Shared to Published(For DBR),"In the Target Folder Box please select the intended folder in which the approved/commented file shall be saved. This is a mandatory step for the initiator.

For Example:
For files/folders initiated in Shared the initiator shall follow the following

For Integrated Sports Arena -> Integrated Sports Arena/Shared/Consultant - Arch Principal/<Select folder>
For Retail -> Retail/Shared/Consultant - Arch Principal/<Select folder>
For Club -> Club/Shared/Consultant - Arch Principal/<Select folder>",active,"","Please make sure correct target folder is picked in which the files need to be copied to when approved, during initiating the approval process.",2025-04-07 05:32:04.688,2025-04-07 05:32:04.688
181e5a93-be49-413e-a595-c58e4aaa93dc,bf996092-8d66-408a-8d8e-5065ca3330c2,23142979-9fb6-4fd3-bd82-62d7e0add75f,3e0c2985-dcb9-45da-8e36-282bc793185e,181e5a93-be49-413e-a595-c58e4aaa93dc,Electrical-Shared to Published(For DBR),"In the Target Folder Box please select the intended folder in which the approved/commented file shall be saved. This is a mandatory step for the initiator.

For Example:
For files/folders initiated in Shared the initiator shall follow the following

For Integrated Sports Arena -> Integrated Sports Arena/Shared/Consultant - Arch Principal/<Select folder>
For Retail -> Retail/Shared/Consultant - Arch Principal/<Select folder>
For Club -> Club/Shared/Consultant - Arch Principal/<Select folder>",active,"","Please make sure correct target folder is picked in which the files need to be copied to when approved, during initiating the approval process.",2025-04-04 12:34:43.644,2025-04-07 05:32:08.461
44837d1a-99fb-4cf8-902f-a7259a2e7431,bf996092-8d66-408a-8d8e-5065ca3330c2,2f551e7d-05e6-4bfc-8ee1-0ef3a8487c11,510bcc50-d295-4739-9f95-4b32a2831271,44837d1a-99fb-4cf8-902f-a7259a2e7431,Electrical-WIP to Shared(For DBR),"In the Target Folder Box please select the intended folder in which the approved/commented file shall be saved. This is a mandatory step for the initiator.

For Example:
For files/folders initiated in WIP the initiator shall follow the following

For Integrated Sports Arena -> Integrated Sports Arena/Shared/Consultant - Arch Principal/<Select folder>
For Retail -> Retail/Shared/Consultant - Arch Principal/<Select folder>
For Club -> Club/Shared/Consultant - Arch Principal/<Select folder>",active,"","Please make sure correct target folder is picked in which the files need to be copied to when approved, during initiating the approval process.",2025-03-10 07:08:27.051,2025-04-07 05:33:15.511
5320941a-5130-4ee4-8719-474c44388a8f,bf996092-8d66-408a-8d8e-5065ca3330c2,2f551e7d-05e6-4bfc-8ee1-0ef3a8487c11,510bcc50-d295-4739-9f95-4b32a2831271,5320941a-5130-4ee4-8719-474c44388a8f,Mechanical-Shared to Published(For DBR),"In the Target Folder Box please select the intended folder in which the approved/commented file shall be saved. This is a mandatory step for the initiator.

For Example:
For files/folders initiated in Shared the initiator shall follow the following

For Integrated Sports Arena -> Integrated Sports Arena/Shared/Consultant - Arch Principal/<Select folder>
For Retail -> Retail/Shared/Consultant - Arch Principal/<Select folder>
For Club -> Club/Shared/Consultant - Arch Principal/<Select folder>",active,"","Please make sure correct target folder is picked in which the files need to be copied to when approved, during initiating the approval process.",2025-03-10 07:08:47.01,2025-04-07 05:35:00.942
4624389e-ac55-41d6-bfd4-dbe05e3849e9,bf996092-8d66-408a-8d8e-5065ca3330c2,2f551e7d-05e6-4bfc-8ee1-0ef3a8487c11,510bcc50-d295-4739-9f95-4b32a2831271,4624389e-ac55-41d6-bfd4-dbe05e3849e9,Mechanical-WIP to Shared(For DBR),"In the Target Folder Box please select the intended folder in which the approved/commented file shall be saved. This is a mandatory step for the initiator.

For Example:
For files/folders initiated in WIP the initiator shall follow the following

For Integrated Sports Arena -> Integrated Sports Arena/Shared/Consultant - Arch Principal/<Select folder>
For Retail -> Retail/Shared/Consultant - Arch Principal/<Select folder>
For Club -> Club/Shared/Consultant - Arch Principal/<Select folder>",active,"","Please make sure correct target folder is picked in which the files need to be copied to when approved, during initiating the approval process.",2025-04-07 06:33:05.632,2025-04-07 06:33:05.632
225ccd2b-3c28-449c-95a2-d1a623bad23a,bf996092-8d66-408a-8d8e-5065ca3330c2,2f551e7d-05e6-4bfc-8ee1-0ef3a8487c11,510bcc50-d295-4739-9f95-4b32a2831271,225ccd2b-3c28-449c-95a2-d1a623bad23a,Plumbing-WIP to Shared(For DBR),"In the Target Folder Box please select the intended folder in which the approved/commented file shall be saved. This is a mandatory step for the initiator.

For Example:
For files/folders initiated in WIP the initiator shall follow the following

For Integrated Sports Arena -> Integrated Sports Arena/Shared/Consultant - Arch Principal/<Select folder>
For Retail -> Retail/Shared/Consultant - Arch Principal/<Select folder>
For Club -> Club/Shared/Consultant - Arch Principal/<Select folder>",active,"","Please make sure correct target folder is picked in which the files need to be copied to when approved, during initiating the approval process.",2025-04-07 06:34:12.115,2025-04-07 11:46:26.584
c039dec9-f3ff-438f-a36f-9f8b880670ca,bf996092-8d66-408a-8d8e-5065ca3330c2,2f551e7d-05e6-4bfc-8ee1-0ef3a8487c11,510bcc50-d295-4739-9f95-4b32a2831271,c039dec9-f3ff-438f-a36f-9f8b880670ca,Structure-Shared to Published(For DBR),"In the Target Folder Box please select the intended folder in which the approved/commented file shall be saved. This is a mandatory step for the initiator.

For Example:
For files/folders initiated in Shared the initiator shall follow the following

For Integrated Sports Arena -> Integrated Sports Arena/Shared/Consultant - Arch Principal/<Select folder>
For Retail -> Retail/Shared/Consultant - Arch Principal/<Select folder>
For Club -> Club/Shared/Consultant - Arch Principal/<Select folder>",active,"","Please make sure correct target folder is picked in which the files need to be copied to when approved, during initiating the approval process.",2025-04-07 06:36:29.626,2025-04-07 06:36:29.626
1ed3678d-89f2-4dea-9c29-7b781954b05a,bf996092-8d66-408a-8d8e-5065ca3330c2,23142979-9fb6-4fd3-bd82-62d7e0add75f,3e0c2985-dcb9-45da-8e36-282bc793185e,1ed3678d-89f2-4dea-9c29-7b781954b05a,Structure-Shared to Published(For DBR),"In the Target Folder Box please select the intended folder in which the approved/commented file shall be saved. This is a mandatory step for the initiator.

For Example:
For files/folders initiated in Shared the initiator shall follow the following

For Integrated Sports Arena -> Integrated Sports Arena/Shared/Consultant - Arch Principal/<Select folder>
For Retail -> Retail/Shared/Consultant - Arch Principal/<Select folder>
For Club -> Club/Shared/Consultant - Arch Principal/<Select folder>",active,"","Please make sure correct target folder is picked in which the files need to be copied to when approved, during initiating the approval process.",2025-03-07 10:11:14.931,2025-04-07 06:36:34.111
ff67ae8a-f43a-4d07-9cc3-7467a1935f2f,bf996092-8d66-408a-8d8e-5065ca3330c2,23142979-9fb6-4fd3-bd82-62d7e0add75f,3e0c2985-dcb9-45da-8e36-282bc793185e,ff67ae8a-f43a-4d07-9cc3-7467a1935f2f,Plumbing-Shared to Published(For DBR),"In the Target Folder Box please select the intended folder in which the approved/commented file shall be saved. This is a mandatory step for the initiator.

For Example:
For files/folders initiated in Shared the initiator shall follow the following

For Integrated Sports Arena -> Integrated Sports Arena/Shared/Consultant - Arch Principal/<Select folder>
For Retail -> Retail/Shared/Consultant - Arch Principal/<Select folder>
For Club -> Club/Shared/Consultant - Arch Principal/<Select folder>",active,"","Please make sure correct target folder is picked in which the files need to be copied to when approved, during initiating the approval process.",2025-03-07 10:11:10.83,2025-04-07 10:15:01.377
3b6b3779-2cb6-466d-83e1-045cf0068140,bf996092-8d66-408a-8d8e-5065ca3330c2,2f551e7d-05e6-4bfc-8ee1-0ef3a8487c11,510bcc50-d295-4739-9f95-4b32a2831271,3b6b3779-2cb6-466d-83e1-045cf0068140,Structure-WIP to Shared(For DBR),"In the Target Folder Box please select the intended folder in which the approved/commented file shall be saved. This is a mandatory step for the initiator.

For Example:
For files/folders initiated in WIP the initiator shall follow the following

For Integrated Sports Arena -> Integrated Sports Arena/Shared/Consultant - Arch Principal/<Select folder>
For Retail -> Retail/Shared/Consultant - Arch Principal/<Select folder>
For Club -> Club/Shared/Consultant - Arch Principal/<Select folder>",active,"","Please make sure correct target folder is picked in which the files need to be copied to when approved, during initiating the approval process.",2025-03-10 07:08:31.91,2025-04-07 06:37:28.708
833e9114-0888-418f-9925-2e8faa5e3a23,bf996092-8d66-408a-8d8e-5065ca3330c2,23142979-9fb6-4fd3-bd82-62d7e0add75f,3e0c2985-dcb9-45da-8e36-282bc793185e,833e9114-0888-418f-9925-2e8faa5e3a23,Structure-WIP to Shared(For DBR),"In the Target Folder Box please select the intended folder in which the approved/commented file shall be saved. This is a mandatory step for the initiator.

For Example:
For files/folders initiated in WIP the initiator shall follow the following

For Integrated Sports Arena -> Integrated Sports Arena/Shared/Consultant - Arch Principal/<Select folder>
For Retail -> Retail/Shared/Consultant - Arch Principal/<Select folder>
For Club -> Club/Shared/Consultant - Arch Principal/<Select folder>",active,"","Please make sure correct target folder is picked in which the files need to be copied to when approved, during initiating the approval process.",2025-04-04 12:35:16.884,2025-04-07 06:37:32.151
b013c41b-8bee-4000-9500-4bb7ae83bbfc,bf996092-8d66-408a-8d8e-5065ca3330c2,2f551e7d-05e6-4bfc-8ee1-0ef3a8487c11,510bcc50-d295-4739-9f95-4b32a2831271,b013c41b-8bee-4000-9500-4bb7ae83bbfc,Electrical-Shared to Published(For WIP Files and Tender & BOQ),"In the Target Folder Box please select the intended folder in which the approved/commented file shall be saved. This is a mandatory step for the initiator.

For Example:
For files/folders initiated in Shared the initiator shall follow the following

For Integrated Sports Arena -> Integrated Sports Arena/Shared/Consultant - Arch Principal/<Select folder>
For Retail -> Retail/Shared/Consultant - Arch Principal/<Select folder>
For Club -> Club/Shared/Consultant - Arch Principal/<Select folder>",active,"","Please make sure you pick the correct target folder in which the files need to be copied to when approved, during initiating the approval process.",2025-04-07 06:40:47.773,2025-04-07 06:40:47.773
3bdac886-5511-48e2-a37d-2467f25d1b36,bf996092-8d66-408a-8d8e-5065ca3330c2,23142979-9fb6-4fd3-bd82-62d7e0add75f,3e0c2985-dcb9-45da-8e36-282bc793185e,3bdac886-5511-48e2-a37d-2467f25d1b36,Electrical-Shared to Published(For WIP Files and Tender & BOQ),"In the Target Folder Box please select the intended folder in which the approved/commented file shall be saved. This is a mandatory step for the initiator.

For Example:
For files/folders initiated in Shared the initiator shall follow the following

For Integrated Sports Arena -> Integrated Sports Arena/Shared/Consultant - Arch Principal/<Select folder>
For Retail -> Retail/Shared/Consultant - Arch Principal/<Select folder>
For Club -> Club/Shared/Consultant - Arch Principal/<Select folder>",active,"","Please make sure you pick the correct target folder in which the files need to be copied to when approved, during initiating the approval process.",2025-04-05 04:51:11.882,2025-04-07 06:40:53.023
639d72c8-0285-4646-b0f8-91adb4d5c8b2,bf996092-8d66-408a-8d8e-5065ca3330c2,23142979-9fb6-4fd3-bd82-62d7e0add75f,3e0c2985-dcb9-45da-8e36-282bc793185e,639d72c8-0285-4646-b0f8-91adb4d5c8b2,Electrical-Shared to Published(For Fire Scheme Approval),"In the Target Folder Box please select the intended folder in which the approved/commented file shall be saved. This is a mandatory step for the initiator.

For Example:
For files/folders initiated in Shared the initiator shall follow the following

For Integrated Sports Arena -> Integrated Sports Arena/Shared/Consultant - Arch Principal/<Select folder>
For Retail -> Retail/Shared/Consultant - Arch Principal/<Select folder>
For Club -> Club/Shared/Consultant - Arch Principal/<Select folder>",active,"","Please make sure correct target folder is picked in which the files need to be copied to when approved, during initiating the approval process.",2025-03-07 10:10:57.754,2025-04-07 06:42:43.583
3b4e74a3-7668-457d-b062-69e7a1d25c93,bf996092-8d66-408a-8d8e-5065ca3330c2,2f551e7d-05e6-4bfc-8ee1-0ef3a8487c11,510bcc50-d295-4739-9f95-4b32a2831271,3b4e74a3-7668-457d-b062-69e7a1d25c93,Environmental Clearance-WIP to Shared,"In the Target Folder Box please select the intended folder in which the approved/commented file shall be saved. This is a mandatory step for the initiator.

For Example:
For files/folders initiated in WIP the initiator shall follow the following

For Integrated Sports Arena -> Integrated Sports Arena/Shared/Consultant - Arch Principal/<Select folder>
For Retail -> Retail/Shared/Consultant - Arch Principal/<Select folder>
For Club -> Club/Shared/Consultant - Arch Principal/<Select folder>",active,"","Please make sure correct target folder is picked in which the files need to be copied to when approved, during initiating the approval process.",2025-04-07 06:45:34.968,2025-04-07 06:45:34.968
c81e7a25-8f7e-46ea-96ff-6d0eb9346c99,bf996092-8d66-408a-8d8e-5065ca3330c2,23142979-9fb6-4fd3-bd82-62d7e0add75f,3e0c2985-dcb9-45da-8e36-282bc793185e,c81e7a25-8f7e-46ea-96ff-6d0eb9346c99,"Electrical-Shared to Published(For SD, DD & GFC)","In the Target Folder Box please select the intended folder in which the approved/commented file shall be saved. This is a mandatory step for the initiator.

For Example:
For files/folders initiated in Shared the initiator shall follow the following

For Integrated Sports Arena -> Integrated Sports Arena/Shared/Consultant - Arch Principal/<Select folder>
For Retail -> Retail/Shared/Consultant - Arch Principal/<Select folder>
For Club -> Club/Shared/Consultant - Arch Principal/<Select folder>",active,"","Please make sure correct target folder is picked in which the files need to be copied to when approved, during initiating the approval process.",2025-03-07 10:10:54.078,2025-05-16 05:15:07.114
01d266eb-436e-46ce-a350-dd94696171ea,bf996092-8d66-408a-8d8e-5065ca3330c2,23142979-9fb6-4fd3-bd82-62d7e0add75f,3e0c2985-dcb9-45da-8e36-282bc793185e,01d266eb-436e-46ce-a350-dd94696171ea,Mechanical-Shared to Published(For Fire Scheme Approval),"In the Target Folder Box please select the intended folder in which the approved/commented file shall be saved. This is a mandatory step for the initiator.

For Example:
For files/folders initiated in Shared the initiator shall follow the following

For Integrated Sports Arena -> Integrated Sports Arena/Shared/Consultant - Arch Principal/<Select folder>
For Retail -> Retail/Shared/Consultant - Arch Principal/<Select folder>
For Club -> Club/Shared/Consultant - Arch Principal/<Select folder>",active,"","Please make sure correct target folder is picked in which the files need to be copied to when approved, during initiating the approval process.",2025-03-07 10:11:21.021,2025-04-07 06:47:42.03
9e5b98c8-8c05-462e-a926-de6b538f64a1,bf996092-8d66-408a-8d8e-5065ca3330c2,2f551e7d-05e6-4bfc-8ee1-0ef3a8487c11,510bcc50-d295-4739-9f95-4b32a2831271,9e5b98c8-8c05-462e-a926-de6b538f64a1,Lighting-Shared to Published,"In the Target Folder Box please select the intended folder in which the approved/commented file shall be saved. This is a mandatory step for the initiator.

For Example:
For files/folders initiated in Shared the initiator shall follow the following

For Integrated Sports Arena -> Integrated Sports Arena/Shared/Consultant - Arch Principal/<Select folder>
For Retail -> Retail/Shared/Consultant - Arch Principal/<Select folder>
For Club -> Club/Shared/Consultant - Arch Principal/<Select folder>",active,"","Please make sure correct target folder is picked in which the files need to be copied to when approved, during initiating the approval process.",2025-03-10 07:08:15.74,2025-08-12 11:08:29.181
0dbbe4c7-da5d-4ad9-8de1-c899eedbfc2f,bf996092-8d66-408a-8d8e-5065ca3330c2,2f551e7d-05e6-4bfc-8ee1-0ef3a8487c11,510bcc50-d295-4739-9f95-4b32a2831271,0dbbe4c7-da5d-4ad9-8de1-c899eedbfc2f,Mechanical-WIP to Shared(For WIP Files),"In the Target Folder Box please select the intended folder in which the approved/commented file shall be saved. This is a mandatory step for the initiator.

For Example:
For files/folders initiated in WIP the initiator shall follow the following

For Integrated Sports Arena -> Integrated Sports Arena/Shared/Consultant - Arch Principal/<Select folder>
For Retail -> Retail/Shared/Consultant - Arch Principal/<Select folder>
For Club -> Club/Shared/Consultant - Arch Principal/<Select folder>",active,"","Please make sure you pick the correct target folder in which the files need to be copied to when approved, during initiating the approval process.",2025-04-07 06:54:27.122,2025-04-07 06:54:27.122
9c93b031-c5b0-4c28-8f53-5cccc2441170,bf996092-8d66-408a-8d8e-5065ca3330c2,23142979-9fb6-4fd3-bd82-62d7e0add75f,3e0c2985-dcb9-45da-8e36-282bc793185e,9c93b031-c5b0-4c28-8f53-5cccc2441170,Mechanical-Shared to Published(For WIP and Tender & BOQ),"In the Target Folder Box please select the intended folder in which the approved/commented file shall be saved. This is a mandatory step for the initiator.

For Example:
For files/folders initiated in Shared the initiator shall follow the following

For Integrated Sports Arena -> Integrated Sports Arena/Shared/Consultant - Arch Principal/<Select folder>
For Retail -> Retail/Shared/Consultant - Arch Principal/<Select folder>
For Club -> Club/Shared/Consultant - Arch Principal/<Select folder>",active,"","Please make sure you pick the correct target folder in which the files need to be copied to when approved, during initiating the approval process.",2025-04-05 06:46:44.553,2025-04-07 06:56:13.276
d6ab9f7b-2049-42b0-a4d9-2b6647b96c59,bf996092-8d66-408a-8d8e-5065ca3330c2,2f551e7d-05e6-4bfc-8ee1-0ef3a8487c11,510bcc50-d295-4739-9f95-4b32a2831271,d6ab9f7b-2049-42b0-a4d9-2b6647b96c59,Plumbing-WIP to Shared(For WIP Files),"In the Target Folder Box please select the intended folder in which the approved/commented file shall be saved. This is a mandatory step for the initiator.

For Example:
For files/folders initiated in WIP the initiator shall follow the following

For Integrated Sports Arena -> Integrated Sports Arena/Shared/Consultant - Arch Principal/<Select folder>
For Retail -> Retail/Shared/Consultant - Arch Principal/<Select folder>
For Club -> Club/Shared/Consultant - Arch Principal/<Select folder>",active,"","Please make sure you pick the correct target folder in which the files need to be copied to when approved, during initiating the approval process.",2025-04-07 06:57:30.283,2025-04-07 06:57:30.283
b0da6139-1ddc-44fe-a075-cebb614c70a8,bf996092-8d66-408a-8d8e-5065ca3330c2,23142979-9fb6-4fd3-bd82-62d7e0add75f,3e0c2985-dcb9-45da-8e36-282bc793185e,b0da6139-1ddc-44fe-a075-cebb614c70a8,Plumbing-Shared to Published(For WIP and Tender & BOQ),"In the Target Folder Box please select the intended folder in which the approved/commented file shall be saved. This is a mandatory step for the initiator.

For Example:
For files/folders initiated in Shared the initiator shall follow the following

For Integrated Sports Arena -> Integrated Sports Arena/Shared/Consultant - Arch Principal/<Select folder>
For Retail -> Retail/Shared/Consultant - Arch Principal/<Select folder>
For Club -> Club/Shared/Consultant - Arch Principal/<Select folder>",active,"","Please make sure you pick the correct target folder in which the files need to be copied to when approved, during initiating the approval process.",2025-04-05 07:49:17.33,2025-04-07 06:58:19.207
08dcbba9-4428-497c-8090-56940e162b09,bf996092-8d66-408a-8d8e-5065ca3330c2,2f551e7d-05e6-4bfc-8ee1-0ef3a8487c11,510bcc50-d295-4739-9f95-4b32a2831271,08dcbba9-4428-497c-8090-56940e162b09,Plumbing-Shared to Published(For WIP and Tender & BOQ),"In the Target Folder Box please select the intended folder in which the approved/commented file shall be saved. This is a mandatory step for the initiator.

For Example:
For files/folders initiated in Shared the initiator shall follow the following

For Integrated Sports Arena -> Integrated Sports Arena/Shared/Consultant - Arch Principal/<Select folder>
For Retail -> Retail/Shared/Consultant - Arch Principal/<Select folder>
For Club -> Club/Shared/Consultant - Arch Principal/<Select folder>",active,"","Please make sure you pick the correct target folder in which the files need to be copied to when approved, during initiating the approval process.",2025-03-10 07:08:42.447,2025-04-07 06:58:21.913
a5e3f57f-a8b5-4dc3-895a-26580559701c,bf996092-8d66-408a-8d8e-5065ca3330c2,23142979-9fb6-4fd3-bd82-62d7e0add75f,3e0c2985-dcb9-45da-8e36-282bc793185e,a5e3f57f-a8b5-4dc3-895a-26580559701c,Roof-Shared to Published,"In the Target Folder Box please select the intended folder in which the approved/commented file shall be saved. This is a mandatory step for the initiator.

For Example:
For files/folders initiated in Shared the initiator shall follow the following

For Integrated Sports Arena -> Integrated Sports Arena/Shared/Consultant - Arch Principal/<Select folder>
For Retail -> Retail/Shared/Consultant - Arch Principal/<Select folder>
For Club -> Club/Shared/Consultant - Arch Principal/<Select folder>",active,"","Please make sure correct target folder is picked in which the files need to be copied to when approved, during initiating the approval process.",2025-04-05 07:52:07.636,2025-04-07 07:01:30.994
bd6b4e6b-2a91-4fce-b1e8-2160c90b20d5,bf996092-8d66-408a-8d8e-5065ca3330c2,2f551e7d-05e6-4bfc-8ee1-0ef3a8487c11,510bcc50-d295-4739-9f95-4b32a2831271,bd6b4e6b-2a91-4fce-b1e8-2160c90b20d5,Electrical-WIP to Shared(For SD Requirement),"In the Target Folder Box please select the intended folder in which the approved/commented file shall be saved. This is a mandatory step for the initiator.

For Example:
For files/folders initiated in WIP the initiator shall follow the following

For Integrated Sports Arena -> Integrated Sports Arena/Shared/Consultant - Arch Principal/<Select folder>
For Retail -> Retail/Shared/Consultant - Arch Principal/<Select folder>
For Club -> Club/Shared/Consultant - Arch Principal/<Select folder>",active,"","Please make sure correct target folder is picked in which the files need to be copied to when approved, during initiating the approval process.",2025-03-10 07:08:21.887,2025-04-07 07:02:43.366
582b654e-de07-4802-b822-dcb9ada87f03,bf996092-8d66-408a-8d8e-5065ca3330c2,23142979-9fb6-4fd3-bd82-62d7e0add75f,3e0c2985-dcb9-45da-8e36-282bc793185e,582b654e-de07-4802-b822-dcb9ada87f03,Mechanical-WIP to Shared(For SD Requirement),"In the Target Folder Box please select the intended folder in which the approved/commented file shall be saved. This is a mandatory step for the initiator.

For Example:
For files/folders initiated in WIP the initiator shall follow the following

For Integrated Sports Arena -> Integrated Sports Arena/Shared/Consultant - Arch Principal/<Select folder>
For Retail -> Retail/Shared/Consultant - Arch Principal/<Select folder>
For Club -> Club/Shared/Consultant - Arch Principal/<Select folder>",active,"","Please make sure correct target folder is picked in which the files need to be copied to when approved, during initiating the approval process.",2025-03-07 10:11:12.001,2025-04-07 07:03:34.902
0d45a104-505a-4ce7-a6c0-db51c3358067,bf996092-8d66-408a-8d8e-5065ca3330c2,2f551e7d-05e6-4bfc-8ee1-0ef3a8487c11,510bcc50-d295-4739-9f95-4b32a2831271,0d45a104-505a-4ce7-a6c0-db51c3358067,Plumbing-WIP to Shared(For SD Requirement),"In the Target Folder Box please select the intended folder in which the approved/commented file shall be saved. This is a mandatory step for the initiator.

For Example:
For files/folders initiated in WIP the initiator shall follow the following

For Integrated Sports Arena -> Integrated Sports Arena/Shared/Consultant - Arch Principal/<Select folder>
For Retail -> Retail/Shared/Consultant - Arch Principal/<Select folder>
For Club -> Club/Shared/Consultant - Arch Principal/<Select folder>",active,"","Please make sure correct target folder is picked in which the files need to be copied to when approved, during initiating the approval process.",2025-03-10 07:08:09.768,2025-08-12 11:08:02.948
6d774f5e-48a9-4a65-bb3a-144eec6ad564,bf996092-8d66-408a-8d8e-5065ca3330c2,2f551e7d-05e6-4bfc-8ee1-0ef3a8487c11,510bcc50-d295-4739-9f95-4b32a2831271,6d774f5e-48a9-4a65-bb3a-144eec6ad564,"Service Estimate-Shared to Published(For Mechanical, Electrical & Plumbing)","In the Target Folder Box please select the intended folder in which the approved/commented file shall be saved. This is a mandatory step for the initiator.

For Example:
For files/folders initiated in Shared the initiator shall follow the following

Mechanical:

For Integrated Sports Arena -> Integrated Sports Arena/Published/ Consultant - Mechanical / Service Estimate
For Retail -> Retail/Published/ Consultant - Mechanical / Service Estimate
For Club -> Club/Published/ Consultant - Mechanical / Service Estimate


Electrical:

For Integrated Sports Arena -> Integrated Sports Arena/Published/ Consultant - Electrical / Service Estimate
For Retail -> Retail/Published/ Consultant - Electrical / Service Estimate
For Club -> Club/Published/ Consultant - Electrical / Service Estimate

Plumbing:

For Integrated Sports Arena -> Integrated Sports Arena/Published/ Consultant - Plumbing/SD Requirements/Service Estimate
For Retail -> Retail/Published/ Consultant - Plumbing/SD Requirements/Service Estimate
For Club -> Club/Published/ Consultant - Plumbing/SD Requirements/Service Estimate",active,"","Please make sure correct target folder is picked in which the files need to be copied to when approved, during initiating the approval process.",2025-03-10 07:08:50.823,2025-08-12 11:10:37.308
2120b2f4-2734-4af2-a61b-8374787bf0b5,bf996092-8d66-408a-8d8e-5065ca3330c2,23142979-9fb6-4fd3-bd82-62d7e0add75f,3e0c2985-dcb9-45da-8e36-282bc793185e,2120b2f4-2734-4af2-a61b-8374787bf0b5,Signage-WIP to Shared,"In the Target Folder Box please select the intended folder in which the approved/commented file shall be saved. This is a mandatory step for the initiator.

For Example:
For files/folders initiated in WIP the initiator shall follow the following

For Integrated Sports Arena -> Integrated Sports Arena/Shared/Consultant - Arch Principal/<Select folder>
For Retail -> Retail/Shared/Consultant - Arch Principal/<Select folder>
For Club -> Club/Shared/Consultant - Arch Principal/<Select folder>",active,"","Please make sure correct target folder is picked in which the files need to be copied to when approved, during initiating the approval process.",2025-03-07 10:11:22.613,2025-04-07 07:08:17.34
94dd6470-8f25-48d6-b1bd-87550f272e02,bf996092-8d66-408a-8d8e-5065ca3330c2,2f551e7d-05e6-4bfc-8ee1-0ef3a8487c11,510bcc50-d295-4739-9f95-4b32a2831271,94dd6470-8f25-48d6-b1bd-87550f272e02,Signage-WIP to Shared,"In the Target Folder Box please select the intended folder in which the approved/commented file shall be saved. This is a mandatory step for the initiator.

For Example:
For files/folders initiated in WIP the initiator shall follow the following

For Integrated Sports Arena -> Integrated Sports Arena/Shared/Consultant - Arch Principal/<Select folder>
For Retail -> Retail/Shared/Consultant - Arch Principal/<Select folder>
For Club -> Club/Shared/Consultant - Arch Principal/<Select folder>",active,"","Please make sure correct target folder is picked in which the files need to be copied to when approved, during initiating the approval process.",2025-03-10 07:08:40.064,2025-08-12 11:00:26.611
0ab600d9-0223-425e-a07a-1d30ebf59d92,bf996092-8d66-408a-8d8e-5065ca3330c2,2f551e7d-05e6-4bfc-8ee1-0ef3a8487c11,510bcc50-d295-4739-9f95-4b32a2831271,0ab600d9-0223-425e-a07a-1d30ebf59d92,Structure-Shared to Published(For WIP and Tender & BOQ),"In the Target Folder Box please select the intended folder in which the approved/commented file shall be saved. This is a mandatory step for the initiator.

For Example:
For files/folders initiated in Shared the initiator shall follow the following

For Integrated Sports Arena -> Integrated Sports Arena/Shared/Consultant - Arch Principal/<Select folder>
For Retail -> Retail/Shared/Consultant - Arch Principal/<Select folder>
For Club -> Club/Shared/Consultant - Arch Principal/<Select folder>",active,"","Please make sure correct target folder is picked in which the files need to be copied to when approved, during initiating the approval process.",2025-03-10 07:08:25.61,2025-04-07 07:23:29.53
04124012-e207-4788-b7b1-0c55f7f995f2,bf996092-8d66-408a-8d8e-5065ca3330c2,23142979-9fb6-4fd3-bd82-62d7e0add75f,3e0c2985-dcb9-45da-8e36-282bc793185e,04124012-e207-4788-b7b1-0c55f7f995f2,Vertical Transport-Shared to Published,"In the Target Folder Box please select the intended folder in which the approved/commented file shall be saved. This is a mandatory step for the initiator.

For Example:
For files/folders initiated in Shared the initiator shall follow the following

For Integrated Sports Arena -> Integrated Sports Arena/Shared/Consultant - Arch Principal/<Select folder>
For Retail -> Retail/Shared/Consultant - Arch Principal/<Select folder>
For Club -> Club/Shared/Consultant - Arch Principal/<Select folder>",active,"","Please make sure correct target folder is picked in which the files need to be copied to when approved, during initiating the approval process.",2025-03-07 10:10:55.355,2025-04-07 07:30:46.395
1d3db1f2-994a-42c1-aa1e-0782b1b055ea,bf996092-8d66-408a-8d8e-5065ca3330c2,2f551e7d-05e6-4bfc-8ee1-0ef3a8487c11,510bcc50-d295-4739-9f95-4b32a2831271,1d3db1f2-994a-42c1-aa1e-0782b1b055ea,Traffic Analysis-WIP to Shared,"In the Target Folder Box please select the intended folder in which the approved/commented file shall be saved. This is a mandatory step for the initiator.

For Example:
For files/folders initiated in WIP the initiator shall follow the following

For Integrated Sports Arena -> Integrated Sports Arena/Shared/Consultant - Arch Principal/<Select folder>
For Retail -> Retail/Shared/Consultant - Arch Principal/<Select folder>
For Club -> Club/Shared/Consultant - Arch Principal/<Select folder>",active,"","Please make sure you pick the correct target folder in which the files need to be copied to when approved, during initiating the approval process.",2025-04-07 07:35:09.314,2025-04-07 07:35:09.314
46145c19-22ba-45d8-b9b3-5e353a2aa1ee,bf996092-8d66-408a-8d8e-5065ca3330c2,e9b596f2-48ee-419b-a199-da304b38c398,b2f76ca9-ad86-4a78-b2cd-24b66da2d04f,46145c19-22ba-45d8-b9b3-5e353a2aa1ee,"Service Estimate-Shared to Published(For Mechanical, Electrical & Plumbing)","In the Target Folder Box please select the intended folder in which the approved/commented file shall be saved. This is a mandatory step for the initiator.

For Example:
For files/folders initiated in Shared   the initiator shall follow the following

For Centre Point  -Prayagraj-> Centre Point -Prayagraj/Shared/Consultant-Service Estimate<Select folder>",active,"","Please make sure correct target folder is picked in which the files need to be copied to when approved, during initiating the approval process.",2025-05-31 06:59:18.524,2025-06-20 11:55:23.519
afc03ca6-c3ea-43c8-8259-ed5b8e9ed4fa,bf996092-8d66-408a-8d8e-5065ca3330c2,3473261e-0400-4f3f-881d-b12012018bee,65307932-d9ee-4d52-a597-2a17500669aa,afc03ca6-c3ea-43c8-8259-ed5b8e9ed4fa,Concept,Discussion,active,"","",2025-02-12 10:31:27.509,2025-02-12 10:31:27.509
fd6f840d-0c93-46a1-88c1-d0d664c22982,bf996092-8d66-408a-8d8e-5065ca3330c2,f6ab14eb-1a66-4ea5-8a0f-0afbda444403,0c8e25c4-57ab-4076-8486-c503e2cc28af,fd6f840d-0c93-46a1-88c1-d0d664c22982,Architecture-Shared to Published(For Compile Tender & BOQ),"In the Target Folder Box please select the intended folder in which the approved/commented file shall be saved. This is a mandatory step for the initiator

For Example:
For files/folders initiated in shared  the initiator shall follow the following

For Centre point-Gomti Nagar -> Centre point-Gomti Nagar/publish/Consultant - Arch Principal/<Select folder>",active,"","Please make sure correct target folder is picked in which the files need to be copied to when approved, during initiating the approval process.",2025-05-21 10:55:18.495,2025-06-17 06:15:30.379
91ba235a-096f-40a5-9d95-e98230d09d5a,bf996092-8d66-408a-8d8e-5065ca3330c2,f6ab14eb-1a66-4ea5-8a0f-0afbda444403,0c8e25c4-57ab-4076-8486-c503e2cc28af,91ba235a-096f-40a5-9d95-e98230d09d5a,"Service Estimate-Shared to Published(For Mechanical, Electrical & Plumbing)","In the Target Folder Box please select the intended folder in which the approved/commented file shall be saved. This is a mandatory step for the initiator

For Example:
For files/folders initiated in shared  the initiator shall follow the following

For Centre point-Gomti Nagar -> Centre point-Gomti Nagar/publish/Consultant -Service Estimate/<Select folder>",active,"","Please make sure correct target folder is picked in which the files need to be copied to when approved, during initiating the approval process.",2025-05-21 10:56:01.289,2025-06-17 08:39:32.111
e560f18d-326b-495f-b369-377927027648,bf996092-8d66-408a-8d8e-5065ca3330c2,f6ab14eb-1a66-4ea5-8a0f-0afbda444403,0c8e25c4-57ab-4076-8486-c503e2cc28af,e560f18d-326b-495f-b369-377927027648,Structure - Shared to Published (For DBR),"In the Target Folder Box please select the intended folder in which the approved/commented file shall be saved. This is a mandatory step for the initiator

For Example:
For files/folders initiated in shared  the initiator shall follow the following

For Centre point-Gomti Nagar -> Centre point-Gomti Nagar/publish/Consultant -Structure<Select folder>",active,"","Please make sure correct target folder is picked in which the files need to be copied to when approved, during initiating the approval process.",2025-05-21 10:55:57.741,2025-06-17 08:42:23.203
397c5066-4df3-48ed-a43e-71299df89576,bf996092-8d66-408a-8d8e-5065ca3330c2,f6ab14eb-1a66-4ea5-8a0f-0afbda444403,0c8e25c4-57ab-4076-8486-c503e2cc28af,397c5066-4df3-48ed-a43e-71299df89576,Structure-Shared to Published (For Client Approval Only),"In the Target Folder Box please select the intended folder in which the approved/commented file shall be saved. This is a mandatory step for the initiator

For Example:
For files/folders initiated in shared  the initiator shall follow the following

For Centre point-Gomti Nagar -> Centre point-Gomti Nagar/publish/Consultant -Structure<Select folder>",active,"","Please make sure correct target folder is picked in which the files need to be copied to when approved, during initiating the approval process.",2025-05-21 10:55:37.083,2025-06-17 08:47:37.436
d05b0639-f23c-40d4-aed0-01a0e692b335,bf996092-8d66-408a-8d8e-5065ca3330c2,f6ab14eb-1a66-4ea5-8a0f-0afbda444403,0c8e25c4-57ab-4076-8486-c503e2cc28af,d05b0639-f23c-40d4-aed0-01a0e692b335,Vertical Transport-Shared to Published,"In the Target Folder Box please select the intended folder in which the approved/commented file shall be saved. This is a mandatory step for the initiator

For Example:
For files/folders initiated in shared  the initiator shall follow the following

For Centre point-Gomti Nagar -> Centre point-Gomti Nagar/publish/Consultant -Vertical Transport<Select folder>",active,"","Please make sure correct target folder is picked in which the files need to be copied to when approved, during initiating the approval process.",2025-05-21 10:55:32.327,2025-06-17 08:51:31.813
960bcbce-ff62-4504-9248-f6159c49fa23,bf996092-8d66-408a-8d8e-5065ca3330c2,967e785d-d83c-490b-8d6a-2ed926c956ac,39036e63-f030-41c3-b6a6-7ed52887a739,960bcbce-ff62-4504-9248-f6159c49fa23,Contracts - Shared to Published (For Work Order or Amendment) (1-Step Workflow),"In the Target Folder Box please select the intended folder in which the approved/commented file shall be saved. This is a mandatory step for the initiator.

For Example:
For files/folders initiated in Shared  the initiator shall follow the following

For Vrindavan Courtyard -> Vrindavan Courtyard/Shared/Consultant Contracts/<Select folder>",active,"","Please make sure you pick the correct target folder in which the files need to be copied to when approved, during initiating the approval process.",2025-05-09 14:53:09.02,2025-06-20 05:46:26.19
2b051ad9-9951-4038-a367-1bdffc0e2318,bf996092-8d66-408a-8d8e-5065ca3330c2,967e785d-d83c-490b-8d6a-2ed926c956ac,39036e63-f030-41c3-b6a6-7ed52887a739,2b051ad9-9951-4038-a367-1bdffc0e2318,Lighting-WIP to Shared,"In the Target Folder Box please select the intended folder in which the approved/commented file shall be saved. This is a mandatory step for the initiator.

For Example:
For files/folders initiated in WIP  the initiator shall follow the following

For Vrindavan Courtyard -> Vrindavan Courtyard/Shared/Consultant -Lighting/<Select folder>",active,"","Please make sure correct target folder is picked in which the files need to be copied to when approved, during initiating the approval process.",2025-05-17 04:48:36.559,2025-06-20 06:10:35.56
63a3d69e-3167-45bd-a2bd-2bd29fe15241,bf996092-8d66-408a-8d8e-5065ca3330c2,f679f4cf-c089-4a2b-9b84-b14129630601,08795234-20d9-43ad-ac42-ec174b8fad8e,63a3d69e-3167-45bd-a2bd-2bd29fe15241,"Architecture-Shared to Published(For Concept, Tender & BOQ, BP, GFC & DBR)","In the Target Folder Box please select the intended folder in which the approved/commented file shall be saved. This is a mandatory step for the initiator.

For Example:
For files/folders initiated in  Shared the initiator shall follow the following

For Centre Point  - Ghaziabad -> Centre Point -Ghaziabad /Shared/Consultant - Arch Principal/<Select folder>",active,"","Please make sure you pick the correct target folder in which the files need to be copied to when approved, during initiating the approval process.",2025-06-17 04:41:49.992,2025-06-20 09:03:18.269
3e3ae561-fdc8-4dbd-8e7f-ea514836abba,bf996092-8d66-408a-8d8e-5065ca3330c2,f679f4cf-c089-4a2b-9b84-b14129630601,08795234-20d9-43ad-ac42-ec174b8fad8e,3e3ae561-fdc8-4dbd-8e7f-ea514836abba,"Architecture - WIP to Shared(For Concept, SD,DD, BP, DBR, BOQ etc)","In the Target Folder Box please select the intended folder in which the approved/commented file shall be saved. This is a mandatory step for the initiator.

For Example:
For files/folders initiated in WIP  the initiator shall follow the following

For Centre Point  - Ghaziabad -> Centre Point -Ghaziabad /Shared/Consultant - Arch Principal/<Select folder>",active,"","Please make sure you pick the correct target folder in which the files need to be copied to when approved, during initiating the approval process.",2025-03-21 09:14:46.029,2025-06-20 09:03:51.875
a978375e-0c8e-4e4d-bfc7-e420f2ed7180,bf996092-8d66-408a-8d8e-5065ca3330c2,cbee6c17-cdf8-4f2c-89c3-d6d9d738603e,2d3a5ab2-3f01-4a05-b262-395a8b661eaf,a978375e-0c8e-4e4d-bfc7-e420f2ed7180,Landscape-WIP to Shared,"In the Target Folder Box please select the intended folder in which the approved/commented file shall be saved. This is a mandatory step for the initiator.

For Example:
For files/folders initiated in  WIP   the initiator shall follow the following

For Centre Point  - Ayodhya -> Centre Point -Ayodhya /Shared/Consultant-Landscape/<Select folder>",active,"","Please make sure correct target folder is picked in which the files need to be copied to when approved, during initiating the approval process.",2025-05-31 07:00:23.108,2025-06-20 10:18:22.712
b8f9ac4a-b38d-46d9-a0e4-ddaa8a324763,bf996092-8d66-408a-8d8e-5065ca3330c2,cbee6c17-cdf8-4f2c-89c3-d6d9d738603e,2d3a5ab2-3f01-4a05-b262-395a8b661eaf,b8f9ac4a-b38d-46d9-a0e4-ddaa8a324763,Mechanical-Shared to Published(For Fire Scheme Approval),"In the Target Folder Box please select the intended folder in which the approved/commented file shall be saved. This is a mandatory step for the initiator.

For Example:
For files/folders initiated in  Shared   the initiator shall follow the following

For Centre Point  - Ayodhya -> Centre Point -Ayodhya /Shared/Consultant-Mechanical/<Select folder>",active,"","Please make sure correct target folder is picked in which the files need to be copied to when approved, during initiating the approval process.",2025-05-31 07:01:04.928,2025-06-20 10:30:25.431
a7bce3cb-5bf4-4ab1-8a5e-1e7c9a556d7e,bf996092-8d66-408a-8d8e-5065ca3330c2,cbee6c17-cdf8-4f2c-89c3-d6d9d738603e,2d3a5ab2-3f01-4a05-b262-395a8b661eaf,a7bce3cb-5bf4-4ab1-8a5e-1e7c9a556d7e,Mechanical-Shared to Published(For WIP and Tender & BOQ),"In the Target Folder Box please select the intended folder in which the approved/commented file shall be saved. This is a mandatory step for the initiator.

For Example:
For files/folders initiated in  Shared   the initiator shall follow the following

For Centre Point  - Ayodhya -> Centre Point -Ayodhya /Shared/Consultant-Mechanical/<Select folder>",active,"","Please make sure you pick the correct target folder in which the files need to be copied to when approved, during initiating the approval process.",2025-05-31 07:00:57.939,2025-06-20 10:32:37.796
81fa5251-bba6-4f3c-a1fa-e36e0e586364,bf996092-8d66-408a-8d8e-5065ca3330c2,cbee6c17-cdf8-4f2c-89c3-d6d9d738603e,2d3a5ab2-3f01-4a05-b262-395a8b661eaf,81fa5251-bba6-4f3c-a1fa-e36e0e586364,Plumbing & Firefighting-Shared to Publish(For Fire Scheme Approval),"In the Target Folder Box please select the intended folder in which the approved/commented file shall be saved. This is a mandatory step for the initiator.

For Example:
For files/folders initiated in  Shared   the initiator shall follow the following

For Centre Point  - Ayodhya -> Centre Point -Ayodhya /Shared/Consultant-Plumbing & Firefighting/<Select folder>",active,"","Please make sure correct target folder is picked in which the files need to be copied to when approved, during initiating the approval process.",2025-05-31 07:01:03.795,2025-06-20 10:34:56.309
0cd9f92c-0b87-444f-95d0-7724d01b26e4,bf996092-8d66-408a-8d8e-5065ca3330c2,cbee6c17-cdf8-4f2c-89c3-d6d9d738603e,2d3a5ab2-3f01-4a05-b262-395a8b661eaf,0cd9f92c-0b87-444f-95d0-7724d01b26e4,"Plumbing & Firefighting-Shared to Published(For SD, DD & GFC)","In the Target Folder Box please select the intended folder in which the approved/commented file shall be saved. This is a mandatory step for the initiator.

For Example:
For files/folders initiated in  Shared   the initiator shall follow the following

For Centre Point  - Ayodhya -> Centre Point -Ayodhya /Shared/Consultant-Plumbing & Firefighting/<Select folder>",active,"","Please make sure correct target folder is picked in which the files need to be copied to when approved, during initiating the approval process.",2025-05-31 07:00:41.503,2025-06-20 10:36:00.803
3adf5ea8-8782-4314-a431-9c82e00e8f79,bf996092-8d66-408a-8d8e-5065ca3330c2,cbee6c17-cdf8-4f2c-89c3-d6d9d738603e,2d3a5ab2-3f01-4a05-b262-395a8b661eaf,3adf5ea8-8782-4314-a431-9c82e00e8f79,Plumbing & Firefighting-WIP to Shared(For All WIP Files),"In the Target Folder Box please select the intended folder in which the approved/commented file shall be saved. This is a mandatory step for the initiator.

For Example:
For files/folders initiated in WIP   the initiator shall follow the following

For Centre Point  - Ayodhya -> Centre Point -Ayodhya /Shared/Consultant-Plumbing & Firefighting/<Select folder>",active,"","Please make sure you pick the correct target folder in which the files need to be copied to when approved, during initiating the approval process.",2025-05-31 07:00:21.953,2025-06-20 10:38:05.67
788612ea-3f7f-4073-aa85-f6b61ddd19f8,bf996092-8d66-408a-8d8e-5065ca3330c2,cbee6c17-cdf8-4f2c-89c3-d6d9d738603e,2d3a5ab2-3f01-4a05-b262-395a8b661eaf,788612ea-3f7f-4073-aa85-f6b61ddd19f8,"Service Estimate-Shared to Published(For Mechanical, Electrical & Plumbing)","In the Target Folder Box please select the intended folder in which the approved/commented file shall be saved. This is a mandatory step for the initiator.

For Example:
For files/folders initiated in  Shared   the initiator shall follow the following

For Centre Point  - Ayodhya -> Centre Point -Ayodhya /Shared/Consultant-Service Estimate/<Select folder>",active,"","Please make sure correct target folder is picked in which the files need to be copied to when approved, during initiating the approval process.",2025-05-31 07:00:55.65,2025-06-20 10:40:20.608
7d4c2ef1-a287-4685-a27c-79ae78a217ee,bf996092-8d66-408a-8d8e-5065ca3330c2,cbee6c17-cdf8-4f2c-89c3-d6d9d738603e,2d3a5ab2-3f01-4a05-b262-395a8b661eaf,7d4c2ef1-a287-4685-a27c-79ae78a217ee,Structure - Shared to Published (For DBR),"In the Target Folder Box please select the intended folder in which the approved/commented file shall be saved. This is a mandatory step for the initiator.

For Example:
For files/folders initiated in  Shared   the initiator shall follow the following

For Centre Point  - Ayodhya -> Centre Point -Ayodhya /Shared/Consultant-Structure/<Select folder>",active,"","Please make sure correct target folder is picked in which the files need to be copied to when approved, during initiating the approval process.",2025-05-31 07:00:52.194,2025-06-20 10:45:10.94
cb7fa765-b5e1-47d9-9fdf-23f16d267768,bf996092-8d66-408a-8d8e-5065ca3330c2,ada6015d-9fce-4f2c-b20f-fc9122d2face,f978b2a1-b392-4017-89c9-d6e484b2bad0,cb7fa765-b5e1-47d9-9fdf-23f16d267768,"Contractor - Shared to Published (For DPR, Machinery Details, DLR & other files)","In the Target Folder Box please select the intended folder in which the approved/commented file shall be saved. This is a mandatory step for the initiator.

For Example:
For files/folders initiated in WIP the initiator shall follow the following

For Integrated Sports Arena -> Integrated Sports Arena/Shared/Consultant - Arch Principal/<Select folder>
For Retail -> Retail/Shared/Consultant - Arch Principal/<Select folder>
For Club -> Club/Shared/Consultant - Arch Principal/<Select folder>",active,"","Please make sure you pick the correct target folder in which the files need to be copied to when approved, during initiating the approval process.",2025-06-23 08:39:29.691,2025-06-23 08:39:29.691
be48f0b9-e0bd-4fe5-9b2f-b44e205e9bb9,bf996092-8d66-408a-8d8e-5065ca3330c2,85aceded-1588-4f99-bfba-6fe212b8cb9a,64a55b40-d5be-473c-baef-2617d1855ab7,be48f0b9-e0bd-4fe5-9b2f-b44e205e9bb9,Plumbing - WIP (and) Tender & BoQ,"Pick below target Folders based on the files / folder initiated for the Review.

For Integrated Sports Arena -> Integrated Sports Arena/Shared/Consultant - Plumbing/<Select folder>

For Retail -> Retail/Shared/Consultant - Plumbing/<Select folder>

For Club -> Club/Shared/Consultant - Plumbing/<Select folder>",active,"","Please make sure you pick the correct target folder in which the files need to be copied to when approved, during initiating the approval process.",2025-02-22 04:53:40.703,2025-02-28 07:22:59.42
bc96bd91-8dc9-4c67-bf30-88748be5e309,bf996092-8d66-408a-8d8e-5065ca3330c2,85aceded-1588-4f99-bfba-6fe212b8cb9a,64a55b40-d5be-473c-baef-2617d1855ab7,bc96bd91-8dc9-4c67-bf30-88748be5e309,Traffic Analysis,"Pick below target Folders based on the files / folder initiated for the Review.

For files/folders initiated in WIP 

Integrated Sports Arena -> Integrated Sports Arena/Shared/Consultant - Traffic Analysis/<Select folder>
For Retail -> Retail/Shared/Consultant - Traffic Analysis/<Select folder>
For Club -> Club/Shared/Consultant - Traffic Analysis/<Select folder>

For files/folders initiated in Shared

Integrated Sports Arena -> Integrated Sports Arena/Published/Consultant - Traffic Analysis/<Select folder>
For Retail -> Retail/Published/Consultant - Traffic Analysis/<Select folder>
For Club -> Club/Published/Consultant - Traffic Analysis/<Select folder>",active,"","Please make sure you pick the correct target folder in which the files need to be copied to when approved, during initiating the approval process.",2025-02-22 04:57:17.816,2025-02-22 05:24:32.872
7914d624-57c4-47a7-8f39-5237570237ee,bf996092-8d66-408a-8d8e-5065ca3330c2,85aceded-1588-4f99-bfba-6fe212b8cb9a,64a55b40-d5be-473c-baef-2617d1855ab7,7914d624-57c4-47a7-8f39-5237570237ee,Environmental Clearance,"Pick below target Folders based on the files / folder initiated for the Review.

For files/folders initiated in WIP 

Integrated Sports Arena -> Integrated Sports Arena/Shared/ Consultant - Environmental Clearance/<Select folder>
For Retail -> Retail/Shared/Consultant - Environmental Clearance/<Select folder>
For Club -> Club/Shared/Consultant - Environmental Clearance/<Select folder>

For files/folders initiated in Shared

For Integrated Sports Arena -> Integrated Sports Arena/Published/ Consultant - Environmental Clearance/<Select folder>
For Retail -> Retail/Published/Consultant - Environmental Clearance/<Select folder>
For Club -> Club/Published/Consultant - Environmental Clearance/<Select folder>",active,"","Please make sure correct target folder is picked in which the files need to be copied to when approved, during initiating the approval process.",2025-02-22 06:29:59.138,2025-02-22 06:29:59.138
a76c3678-862d-4ef6-a5b5-21637ecdb955,bf996092-8d66-408a-8d8e-5065ca3330c2,f679f4cf-c089-4a2b-9b84-b14129630601,08795234-20d9-43ad-ac42-ec174b8fad8e,a76c3678-862d-4ef6-a5b5-21637ecdb955,Architecture - Share to Publish ( Review with Str. Consultant),Architecture - Share to Publish ( Review with Str. Consultant),active,"","",2025-07-01 05:46:29.373,2025-07-01 08:28:39.198
8072c033-87c1-4a77-a644-d4eb18c5b31e,bf996092-8d66-408a-8d8e-5065ca3330c2,1087faa2-780e-45f2-a023-368facf7cc30,5220ee14-6ad7-402a-b3cc-3a8fef303bca,8072c033-87c1-4a77-a644-d4eb18c5b31e,Electrical - SD (and) DD (and) GFC,"Pick below target Folders based on the files / folder initiated for the Review.

For files/folders initiated in Shared

For Integrated Sports Arena -> Integrated Sports Arena/Published/Consultant - Electrical/<Select folder>
For Retail -> Retail/Published/Consultant - Electrical/<Select folder>
For Club -> Club/Published/Consultant - Electrical/<Select folder>",active,"","Please make sure correct target folder is picked in which the files need to be copied to when approved, during initiating the approval process.",2025-03-21 06:34:56.974,2025-03-21 06:34:56.974
1d7a4ceb-1acb-4b88-86fd-3800fb08d212,bf996092-8d66-408a-8d8e-5065ca3330c2,1087faa2-780e-45f2-a023-368facf7cc30,5220ee14-6ad7-402a-b3cc-3a8fef303bca,1d7a4ceb-1acb-4b88-86fd-3800fb08d212,DBR Plumbing,"Pick below target Folders based on the files / folder initiated for the Review.

For files/folders initiated in WIP

For Integrated Sports Arena -> Integrated Sports Arena/Shared/ Consultant - Plumbing/ DBR
For Retail -> Retail/Shared/Consultant - Plumbing/DBR
For Club -> Club/Shared/Consultant - Plumbing/DBR

For files/folders initiated in Shared

For Integrated Sports Arena -> Integrated Sports Arena/Published/ Consultant - Plumbing/ DBR
For Retail -> Retail/Published/Consultant - Plumbing/DBR
For Club -> Club/Published/Consultant - Plumbing/DBR",active,"","Please make sure correct target folder is picked in which the files need to be copied to when approved, during initiating the approval process.",2025-03-21 06:34:58.019,2025-03-21 06:34:58.019
80a9bb29-5bb7-421d-9ec2-3b66e2a993be,bf996092-8d66-408a-8d8e-5065ca3330c2,1087faa2-780e-45f2-a023-368facf7cc30,5220ee14-6ad7-402a-b3cc-3a8fef303bca,80a9bb29-5bb7-421d-9ec2-3b66e2a993be,Plumbing - WIP (and) Tender & BoQ,"Pick below target Folders based on the files / folder initiated for the Review.

For Integrated Sports Arena -> Integrated Sports Arena/Shared/Consultant - Plumbing/<Select folder>

For Retail -> Retail/Shared/Consultant - Plumbing/<Select folder>

For Club -> Club/Shared/Consultant - Plumbing/<Select folder>",active,"","Please make sure you pick the correct target folder in which the files need to be copied to when approved, during initiating the approval process.",2025-03-21 06:34:59.086,2025-03-21 06:34:59.086
4e3d7a16-5ee3-4e2d-bc85-dbf26502a1d0,bf996092-8d66-408a-8d8e-5065ca3330c2,1087faa2-780e-45f2-a023-368facf7cc30,5220ee14-6ad7-402a-b3cc-3a8fef303bca,4e3d7a16-5ee3-4e2d-bc85-dbf26502a1d0,Tender & BOQ Structure,"Pick below target Folders based on the files / folder initiated for the Review.

For files/folders initiated in Shared

For Integrated Sports Arena -> Integrated Sports Arena/Published/Consultant - Structure/Tender & BOQ
For Retail -> Retail/Published/Consultant - Structure/Tender & BOQ
For Club -> Club/Published/Consultant - Structure/Tender & BOQ",active,"","Please make sure correct target folder is picked in which the files need to be copied to when approved, during initiating the approval process.",2025-03-21 06:35:00.172,2025-03-21 06:35:00.172
5942644a-eac5-4052-994f-6f093202ef6b,bf996092-8d66-408a-8d8e-5065ca3330c2,1087faa2-780e-45f2-a023-368facf7cc30,5220ee14-6ad7-402a-b3cc-3a8fef303bca,5942644a-eac5-4052-994f-6f093202ef6b,SD Requirement Plumbing,"Pick below target Folders based on the files / folder initiated for the Review.

For files/folders initiated in WIP

For Integrated Sports Arena -> Integrated Sports Arena/Shared/ Consultant - Plumbing/SD Requirements
For Retail -> Retail/Shared/ Consultant - Plumbing/SD Requirements
For Club -> Club/Shared/ Consultant - Plumbing/SD Requirements",active,"","Please make sure correct target folder is picked in which the files need to be copied to when approved, during initiating the approval process.",2025-03-21 06:35:01.197,2025-03-21 06:35:01.197
8933564d-d6c6-43f9-b800-e8caafe1eae0,bf996092-8d66-408a-8d8e-5065ca3330c2,1087faa2-780e-45f2-a023-368facf7cc30,5220ee14-6ad7-402a-b3cc-3a8fef303bca,8933564d-d6c6-43f9-b800-e8caafe1eae0,Fire Scheme Approval - Plumbing,"Pick below target Folders based on the files / folder initiated for the Review.

For files/folders initiated in Shared

For Integrated Sports Arena -> Integrated Sports Arena/Published/ Consultant - Plumbing / Fire Scheme
For Retail -> Retail/Published/ Consultant - Plumbing / Fire Scheme
For Club -> Club/Published/ Consultant - Plumbing / Fire Scheme",active,"","Please make sure correct target folder is picked in which the files need to be copied to when approved, during initiating the approval process.",2025-03-21 06:35:02.217,2025-03-21 06:35:02.217
8e52d557-4d5e-4c4c-821b-9a83cc05a6de,bf996092-8d66-408a-8d8e-5065ca3330c2,1087faa2-780e-45f2-a023-368facf7cc30,5220ee14-6ad7-402a-b3cc-3a8fef303bca,8e52d557-4d5e-4c4c-821b-9a83cc05a6de,Mechanical - WIP (and) Tender & BoQ,"Pick below target Folders based on the files / folder initiated for the Review.

For Integrated Sports Arena -> Integrated Sports Arena/Shared/Consultant - Mechanical/<Select folder>

For Retail -> Retail/Shared/Consultant - Mechanical/<Select folder>

For Club -> Club/Shared/Consultant - Mechanical/<Select folder>",active,"","Please make sure you pick the correct target folder in which the files need to be copied to when approved, during initiating the approval process.",2025-03-21 06:35:03.254,2025-03-21 06:35:03.254
cd3a5f95-0f24-4089-8cf2-3c099a8bf43e,bf996092-8d66-408a-8d8e-5065ca3330c2,1087faa2-780e-45f2-a023-368facf7cc30,5220ee14-6ad7-402a-b3cc-3a8fef303bca,cd3a5f95-0f24-4089-8cf2-3c099a8bf43e,Wind Tunnel Analysis,"Pick below target Folders based on the files / folder initiated for the Review.

For files/folders initiated in WIP 

Integrated Sports Arena -> Integrated Sports Arena/Shared/Consultant - Wind Tunnel Analysis/<Select folder>
For Retail -> Retail/Shared/Consultant - Wind Tunnel Analysis/<Select folder>
For Club -> Club/Shared/Consultant - Wind Tunnel Analysis/<Select folder>

For files/folders initiated in Shared

For Integrated Sports Arena -> Integrated Sports Arena/Published/Consultant - Wind Tunnel Analysis<Select folder>
For Retail -> Retail/Published/Consultant - Wind Tunnel Analysis/<Select folder>
For Club -> Club/Published/Consultant - Wind Tunnel Analysis/<Select folder>",active,"","Please make sure correct target folder is picked in which the files need to be copied to when approved, during initiating the approval process.",2025-03-21 06:35:04.271,2025-03-21 06:35:04.271
364f24ba-148e-4659-b03e-818ae7cc2b31,bf996092-8d66-408a-8d8e-5065ca3330c2,1087faa2-780e-45f2-a023-368facf7cc30,5220ee14-6ad7-402a-b3cc-3a8fef303bca,364f24ba-148e-4659-b03e-818ae7cc2b31,Compile Tender & BOQ,"Pick below target Folders based on the files / folder initiated for the Review.

For files/folders initiated in Shared

For Integrated Sports Arena -> Integrated Sports Arena/Published/ Consultant - Arch Principal/Tender & BOQ
For Retail -> Retail/Published/Consultant - Arch Principal/Tender & BOQ
For Club -> Club/Published/Consultant - Arch Principal/Tender & BOQ",active,"","Please make sure correct target folder is picked in which the files need to be copied to when approved, during initiating the approval process.",2025-03-21 06:35:05.287,2025-03-21 06:35:05.287
3770a6bf-588b-4465-8867-274c1e1825c7,bf996092-8d66-408a-8d8e-5065ca3330c2,1087faa2-780e-45f2-a023-368facf7cc30,5220ee14-6ad7-402a-b3cc-3a8fef303bca,3770a6bf-588b-4465-8867-274c1e1825c7,Structure - WIP,"Pick below target Folders based on the files / folder initiated for the Review.

For files/folders initiated in WIP 

Integrated Sports Arena -> Integrated Sports Arena/Shared/ Consultant - Structure /<Select folder>
For Retail -> Retail/Shared/Consultant - Structure/<Select folder>
For Club -> Club/Shared/Consultant - Structure/<Select folder>",active,"","Please make sure correct target folder is picked in which the files need to be copied to when approved, during initiating the approval process.",2025-03-21 06:35:06.319,2025-03-21 06:35:06.319
71c72623-6f06-4aec-b55f-0508765bbbe3,bf996092-8d66-408a-8d8e-5065ca3330c2,1087faa2-780e-45f2-a023-368facf7cc30,5220ee14-6ad7-402a-b3cc-3a8fef303bca,71c72623-6f06-4aec-b55f-0508765bbbe3,DBR Structure,"Pick below target Folders based on the files / folder initiated for the Review.

For files/folders initiated in WIP

For Integrated Sports Arena -> Integrated Sports Arena/Shared/ Consultant - Structure/ DBR
For Retail -> Retail/Shared/Consultant - Structure/DBR
For Club -> Club/Shared/Consultant - Structure/DBR

For files/folders initiated in Shared

For Integrated Sports Arena -> Integrated Sports Arena/Published/ Consultant - Structure/ DBR
For Retail -> Retail/Published/Consultant - Structure/DBR
For Club -> Club/Published/Consultant - Structure/DBR",active,"","Please make sure correct target folder is picked in which the files need to be copied to when approved, during initiating the approval process.",2025-03-21 06:35:07.44,2025-03-21 06:35:07.44
bd6eed5c-5130-4120-8e33-4d60ed67d9af,bf996092-8d66-408a-8d8e-5065ca3330c2,1087faa2-780e-45f2-a023-368facf7cc30,5220ee14-6ad7-402a-b3cc-3a8fef303bca,bd6eed5c-5130-4120-8e33-4d60ed67d9af,Fire Scheme Approval - Electrical,"Pick below target Folders based on the files / folder initiated for the Review.

For files/folders initiated in Shared

For Integrated Sports Arena -> Integrated Sports Arena/Published/ Consultant - Electrical / Fire Scheme
For Retail -> Retail/Published/ Consultant - Electrical / Fire Scheme
For Club -> Club/Published/ Consultant - Electrical / Fire Scheme",active,"","Please make sure correct target folder is picked in which the files need to be copied to when approved, during initiating the approval process.",2025-03-21 06:35:08.459,2025-03-21 06:35:08.459
92b41b68-2a9f-4968-ada9-3b3ae156e8ff,bf996092-8d66-408a-8d8e-5065ca3330c2,1087faa2-780e-45f2-a023-368facf7cc30,5220ee14-6ad7-402a-b3cc-3a8fef303bca,92b41b68-2a9f-4968-ada9-3b3ae156e8ff,DBR Electrical,"Pick below target Folders based on the files / folder initiated for the Review.

For files/folders initiated in WIP

For Integrated Sports Arena -> Integrated Sports Arena/Shared/ Consultant - Electrical / DBR
For Retail -> Retail/Shared/Consultant - Electrical /DBR
For Club -> Club/Shared/Consultant - Electrical /DBR

For files/folders initiated in Shared

For Integrated Sports Arena -> Integrated Sports Arena/Published/ Consultant - Electrical /DBR
For Retail -> Retail/Published/Consultant - Electrical /DBR
For Club -> Club/Published/Consultant - Electrical /DBR",active,"","Please make sure correct target folder is picked in which the files need to be copied to when approved, during initiating the approval process.",2025-03-21 06:35:09.491,2025-03-21 06:35:09.491
3926c8c3-b387-4c1f-80b0-5277215504ed,bf996092-8d66-408a-8d8e-5065ca3330c2,1087faa2-780e-45f2-a023-368facf7cc30,5220ee14-6ad7-402a-b3cc-3a8fef303bca,3926c8c3-b387-4c1f-80b0-5277215504ed,DBR Mechanical,"Pick below target Folders based on the files / folder initiated for the Review.

For files/folders initiated in WIP

For Integrated Sports Arena -> Integrated Sports Arena/Shared/ Consultant - Mechanical / DBR
For Retail -> Retail/Shared/Consultant - Mechanical /DBR
For Club -> Club/Shared/Consultant - Mechanical /DBR

For files/folders initiated in Shared

For Integrated Sports Arena -> Integrated Sports Arena/Published/ Consultant - Mechanical / DBR
For Retail -> Retail/Published/Consultant - Mechanical /DBR
For Club -> Club/Published/Consultant - Mechanical /DBR",active,"","Please make sure correct target folder is picked in which the files need to be copied to when approved, during initiating the approval process.",2025-03-21 06:35:10.514,2025-03-21 06:35:10.514
d9abf001-2362-46ad-894e-b7ab0d98d578,bf996092-8d66-408a-8d8e-5065ca3330c2,1087faa2-780e-45f2-a023-368facf7cc30,5220ee14-6ad7-402a-b3cc-3a8fef303bca,d9abf001-2362-46ad-894e-b7ab0d98d578,Service Estimate,"Pick below target Folders based on the files / folder initiated for the Review.

For files/folders initiated in Shared

Mechanical:

For Integrated Sports Arena -> Integrated Sports Arena/Published/ Consultant - Mechanical / Service Estimate
For Retail -> Retail/Published/ Consultant - Mechanical / Service Estimate
For Club -> Club/Published/ Consultant - Mechanical / Service Estimate


Electrical:

For Integrated Sports Arena -> Integrated Sports Arena/Published/ Consultant - Electrical / Service Estimate
For Retail -> Retail/Published/ Consultant - Electrical / Service Estimate
For Club -> Club/Published/ Consultant - Electrical / Service Estimate

Plumbing:

For Integrated Sports Arena -> Integrated Sports Arena/Published/ Consultant - Plumbing/SD Requirements/Service Estimate
For Retail -> Retail/Published/ Consultant - Plumbing/SD Requirements/Service Estimate
For Club -> Club/Published/ Consultant - Plumbing/SD Requirements/Service Estimate",active,"","Please make sure correct target folder is picked in which the files need to be copied to when approved, during initiating the approval process.",2025-03-21 06:35:11.539,2025-03-21 06:35:11.539
19025ce1-3875-4686-aa47-7b30c33e1006,bf996092-8d66-408a-8d8e-5065ca3330c2,1087faa2-780e-45f2-a023-368facf7cc30,5220ee14-6ad7-402a-b3cc-3a8fef303bca,19025ce1-3875-4686-aa47-7b30c33e1006,Mechanical - SD (and) DD (and) GFC,"Pick below target Folders based on the files / folder initiated for the Review.

For files/folders initiated in Shared

For Integrated Sports Arena -> Integrated Sports Arena/Published/Consultant - Mechanical/<Select folder>
For Retail -> Retail/Published/Consultant - Mechanical/<Select folder>
For Club -> Club/Published/Consultant - Mechanical/<Select folder>",active,"","Please make sure correct target folder is picked in which the files need to be copied to when approved, during initiating the approval process.",2025-03-21 06:35:12.567,2025-03-21 06:35:12.567
977210dc-a496-4684-9f44-005304705b32,bf996092-8d66-408a-8d8e-5065ca3330c2,1087faa2-780e-45f2-a023-368facf7cc30,5220ee14-6ad7-402a-b3cc-3a8fef303bca,977210dc-a496-4684-9f44-005304705b32,SD Requirement Mechanical,"Pick below target Folders based on the files / folder initiated for the Review.

For files/folders initiated in WIP

For Integrated Sports Arena -> Integrated Sports Arena/Shared/ Consultant - Mechanical/SD Requirements
For Retail -> Retail/Shared/ Consultant - Mechanical/SD Requirements
For Club -> Club/Shared/ Consultant - Mechanical/SD Requirements",active,"","Please make sure correct target folder is picked in which the files need to be copied to when approved, during initiating the approval process.",2025-03-21 06:35:13.579,2025-03-21 06:35:13.579
13f7a1b9-2d81-42c9-906e-cb1d21801901,bf996092-8d66-408a-8d8e-5065ca3330c2,1087faa2-780e-45f2-a023-368facf7cc30,5220ee14-6ad7-402a-b3cc-3a8fef303bca,13f7a1b9-2d81-42c9-906e-cb1d21801901,Signage,"Pick below target Folders based on the files / folder initiated for the Review.

For files/folders initiated in WIP 

Integrated Sports Arena -> Integrated Sports Arena/Shared/ Consultant - Signage Design/<Select folder>
For Retail -> Retail/Shared/ Consultant - Signage Design/<Select folder>
For Club -> Club/Shared/ Consultant - Signage Design/<Select folder>

For files/folders initiated in Shared

Integrated Sports Arena -> Integrated Sports Arena/Published/ Consultant - Signage Design<Select folder>
For Retail -> Retail/Published/ Consultant - Signage Design/<Select folder>
For Club -> Club/Published/ Consultant - Signage Design/<Select folder>",active,"","Please make sure correct target folder is picked in which the files need to be copied to when approved, during initiating the approval process.",2025-03-21 06:35:14.618,2025-03-21 06:35:14.618
5aa7f9c1-787b-4220-a6f6-9e2a0c42c26b,bf996092-8d66-408a-8d8e-5065ca3330c2,1087faa2-780e-45f2-a023-368facf7cc30,5220ee14-6ad7-402a-b3cc-3a8fef303bca,5aa7f9c1-787b-4220-a6f6-9e2a0c42c26b,Lighting,"Pick below target Folders based on the files / folder initiated for the Review.

For files/folders initiated in WIP 

Integrated Sports Arena -> Integrated Sports Arena/Shared/ Consultant - Lighting Design/<Select folder>
For Retail -> Retail/Shared/ Consultant - Lighting Design/<Select folder>
For Club -> Club/Shared/ Consultant - Lighting Design/<Select folder>


For files/folders initiated in Shared

For Integrated Sports Arena -> Integrated Sports Arena/Published/ Consultant - Lighting Design / <Select folder>
For Retail -> Retail/Published/ Consultant - Lighting Design/ <Select folder>
For Club -> Club/Published/ Consultant - Lighting Design / <Select folder>",active,"","Please make sure correct target folder is picked in which the files need to be copied to when approved, during initiating the approval process.",2025-03-21 06:35:15.687,2025-03-21 06:35:15.687
7643c548-b0da-4957-9472-dbda788715ea,bf996092-8d66-408a-8d8e-5065ca3330c2,1087faa2-780e-45f2-a023-368facf7cc30,5220ee14-6ad7-402a-b3cc-3a8fef303bca,7643c548-b0da-4957-9472-dbda788715ea,Architecture - SD (and) DD (and) GFC,"Pick below target Folders based on the files / folder initiated for the Review.

For files/folders initiated in Shared

For Integrated Sports Arena -> Integrated Sports Arena/Published/Consultant - Architecture/<Select folder>
For Retail -> Retail/Published/Consultant - Architecture/DBR/<Select folder>
For Club -> Club/Published/Consultant - Architecture/DBR/<Select folder>",active,"","Please make sure correct target folder is picked in which the files need to be copied to when approved, during initiating the approval process.",2025-03-21 06:35:16.703,2025-03-21 06:35:16.703
5f489e3f-53d7-4418-b97e-f4850cf88823,bf996092-8d66-408a-8d8e-5065ca3330c2,1087faa2-780e-45f2-a023-368facf7cc30,5220ee14-6ad7-402a-b3cc-3a8fef303bca,5f489e3f-53d7-4418-b97e-f4850cf88823,Vertical Transport,"Pick below target Folders based on the files / folder initiated for the Review.

For files/folders initiated in WIP 

Integrated Sports Arena -> Integrated Sports Arena/Shared/ Consultant - Vertical Transport/<Select folder>
For Retail -> Retail/Shared/ Consultant - Vertical Transport/<Select folder>
For Club -> Club/Shared/ Consultant - Vertical Transport/<Select folder>

For files/folders initiated in Shared

Integrated Sports Arena -> Integrated Sports Arena/Published/ Consultant - Vertical Transport<Select folder>
For Retail -> Retail/Published/ Consultant - Vertical Transport/<Select folder>
For Club -> Club/Published/ Consultant - Vertical Transport/<Select folder>",active,"","Please make sure correct target folder is picked in which the files need to be copied to when approved, during initiating the approval process.",2025-03-21 06:35:17.736,2025-03-21 06:35:17.736
c2e24f6b-2f57-4f3d-acf9-1dd4f9549022,bf996092-8d66-408a-8d8e-5065ca3330c2,1087faa2-780e-45f2-a023-368facf7cc30,5220ee14-6ad7-402a-b3cc-3a8fef303bca,c2e24f6b-2f57-4f3d-acf9-1dd4f9549022,Environmental Clearance,"Pick below target Folders based on the files / folder initiated for the Review.

For files/folders initiated in WIP 

Integrated Sports Arena -> Integrated Sports Arena/Shared/ Consultant - Environmental Clearance/<Select folder>
For Retail -> Retail/Shared/Consultant - Environmental Clearance/<Select folder>
For Club -> Club/Shared/Consultant - Environmental Clearance/<Select folder>

For files/folders initiated in Shared

For Integrated Sports Arena -> Integrated Sports Arena/Published/ Consultant - Environmental Clearance/<Select folder>
For Retail -> Retail/Published/Consultant - Environmental Clearance/<Select folder>
For Club -> Club/Published/Consultant - Environmental Clearance/<Select folder>",active,"","Please make sure correct target folder is picked in which the files need to be copied to when approved, during initiating the approval process.",2025-03-21 06:35:18.763,2025-03-21 06:35:18.763
f48c64b6-d194-4ad2-a135-899b29e5ee42,bf996092-8d66-408a-8d8e-5065ca3330c2,1087faa2-780e-45f2-a023-368facf7cc30,5220ee14-6ad7-402a-b3cc-3a8fef303bca,f48c64b6-d194-4ad2-a135-899b29e5ee42,Fire Scheme Approval - Mechanical,"Pick below target Folders based on the files / folder initiated for the Review.

For files/folders initiated in Shared

For Integrated Sports Arena -> Integrated Sports Arena/Published/ Consultant - Mechanical / Fire Scheme
For Retail -> Retail/Published/ Consultant - Mechanical / Fire Scheme
For Club -> Club/Published/ Consultant - Mechanical / Fire Scheme",active,"","Please make sure correct target folder is picked in which the files need to be copied to when approved, during initiating the approval process.",2025-03-21 06:35:19.982,2025-03-21 06:35:19.982
0d6a6592-dfec-4146-932f-c4d1584f9ab6,bf996092-8d66-408a-8d8e-5065ca3330c2,1087faa2-780e-45f2-a023-368facf7cc30,5220ee14-6ad7-402a-b3cc-3a8fef303bca,0d6a6592-dfec-4146-932f-c4d1584f9ab6,Landscape,"Pick below target Folders based on the files / folder initiated for the Review.

For files/folders initiated in WIP 

Integrated Sports Arena -> Integrated Sports Arena/Shared/Consultant - Landscape/<Select folder>
For Retail -> Retail/Shared/Consultant - Landscape/<Select folder>
For Club -> Club/Shared/Consultant - Landscape/<Select folder>

For files/folders initiated in Shared

Integrated Sports Arena -> Integrated Sports Arena/Published/Consultant - Landscape/<Select folder>
For Retail -> Retail/Published/Consultant - Landscape/<Select folder>
For Club -> Club/Published/Consultant - Landscape/<Select folder>",active,"","Please make sure correct target folder is picked in which the files need to be copied to when approved, during initiating the approval process.",2025-03-21 06:35:20.996,2025-03-21 06:35:20.996
84a36e7e-cb3c-4950-928e-cc73d3a2083c,bf996092-8d66-408a-8d8e-5065ca3330c2,1087faa2-780e-45f2-a023-368facf7cc30,5220ee14-6ad7-402a-b3cc-3a8fef303bca,84a36e7e-cb3c-4950-928e-cc73d3a2083c,SD Requirement Electrical,"Pick below target Folders based on the files / folder initiated for the Review.

For files/folders initiated in WIP

For Integrated Sports Arena -> Integrated Sports Arena/Shared/ Consultant - Electrical/SD Requirements
For Retail -> Retail/Shared/ Consultant - Electrical/SD Requirements
For Club -> Club/Shared/ Consultant - Electrical/SD Requirements",active,"","Please make sure correct target folder is picked in which the files need to be copied to when approved, during initiating the approval process.",2025-03-21 06:35:22.097,2025-03-21 06:35:22.097
a1c41168-6acf-4b72-b8ed-d1646119453f,bf996092-8d66-408a-8d8e-5065ca3330c2,1087faa2-780e-45f2-a023-368facf7cc30,5220ee14-6ad7-402a-b3cc-3a8fef303bca,a1c41168-6acf-4b72-b8ed-d1646119453f,Structure - SD (and) DD (and) GFC,"Pick below target Folders based on the files / folder initiated for the Review.

For files/folders initiated in Shared

For Integrated Sports Arena -> Integrated Sports Arena/Published/Consultant - Structure/<Select folder>
For Retail -> Retail/Published/Consultant - Structure/<Select folder>
For Club -> Club/Published/Consultant - Structure/<Select folder>",active,"","Please make sure correct target folder is picked in which the files need to be copied to when approved, during initiating the approval process.",2025-03-21 06:35:23.141,2025-03-21 06:35:23.141
21aca4f7-67e5-44ec-9bb6-dc977b5f3d85,bf996092-8d66-408a-8d8e-5065ca3330c2,1087faa2-780e-45f2-a023-368facf7cc30,5220ee14-6ad7-402a-b3cc-3a8fef303bca,21aca4f7-67e5-44ec-9bb6-dc977b5f3d85,Electrical  - WIP (and) Tender & BoQ,"Pick below target Folders based on the files / folder initiated for the Review.

For Integrated Sports Arena -> Integrated Sports Arena/Shared/Consultant - Electrical/<Select folder>

For Retail -> Retail/Shared/Consultant - Electrical/<Select folder>

For Club -> Club/Shared/Consultant - Electrical/<Select folder>",active,"","Please make sure you pick the correct target folder in which the files need to be copied to when approved, during initiating the approval process.",2025-03-21 06:35:24.171,2025-03-21 06:35:24.171
3fad6e24-e0d4-4048-a7e2-d10504fccf39,bf996092-8d66-408a-8d8e-5065ca3330c2,1087faa2-780e-45f2-a023-368facf7cc30,5220ee14-6ad7-402a-b3cc-3a8fef303bca,3fad6e24-e0d4-4048-a7e2-d10504fccf39,Plumbing - SD (and) DD (and) GFC,"Pick below target Folders based on the files / folder initiated for the Review.

For files/folders initiated in Shared

For Integrated Sports Arena -> Integrated Sports Arena/Published/Consultant - Plumbing/<Select folder>
For Retail -> Retail/Published/Consultant - Plumbing/<Select folder>
For Club -> Club/Published/Consultant - Plumbing/<Select folder>",active,"","Please make sure correct target folder is picked in which the files need to be copied to when approved, during initiating the approval process.",2025-03-21 06:35:25.213,2025-03-21 06:35:25.213
499b5ca2-608a-40cc-b6f3-9e9dc0b8d96f,bf996092-8d66-408a-8d8e-5065ca3330c2,1087faa2-780e-45f2-a023-368facf7cc30,5220ee14-6ad7-402a-b3cc-3a8fef303bca,499b5ca2-608a-40cc-b6f3-9e9dc0b8d96f,Structure Peer Review - WIP,"Pick below target Folders based on the files / folder initiated for the Review.

For files/folders initiated in WIP 

Integrated Sports Arena -> Integrated Sports Arena/Shared/ Consultant - Structure /<Select folder>
For Retail -> Retail/Shared/Consultant - Structure/<Select folder>
For Club -> Club/Shared/Consultant - Structure/<Select folder>",active,"","Please make sure correct target folder is picked in which the files need to be copied to when approved, during initiating the approval process.",2025-03-21 06:35:26.358,2025-03-21 06:35:26.358
6e600eec-35dd-4166-bf57-bdde4d69695a,bf996092-8d66-408a-8d8e-5065ca3330c2,1087faa2-780e-45f2-a023-368facf7cc30,5220ee14-6ad7-402a-b3cc-3a8fef303bca,6e600eec-35dd-4166-bf57-bdde4d69695a,Roof,"Pick below target Folders based on the files / folder initiated for the Review.

For files/folders initiated in WIP 

Integrated Sports Arena -> Integrated Sports Arena/Shared/ Consultant - Roof Consultant/<Select folder>
For Retail -> Retail/Shared/Consultant - Roof Consultant/<Select folder>
For Club -> Club/Shared/Consultant - Roof Consultant/<Select folder>

For files/folders initiated in Shared

For Integrated Sports Arena -> Integrated Sports Arena/Published/ Consultant - Roof Consultant/<Select folder>
For Retail -> Retail/Published/Consultant - Roof Consultant/<Select folder>
For Club -> Club/Published/Consultant - Roof Consultant/<Select folder>",active,"","Please make sure correct target folder is picked in which the files need to be copied to when approved, during initiating the approval process.",2025-03-21 06:35:27.375,2025-03-21 06:35:27.375
4ae30b8e-b367-4234-abda-641ad7505a19,bf996092-8d66-408a-8d8e-5065ca3330c2,1087faa2-780e-45f2-a023-368facf7cc30,5220ee14-6ad7-402a-b3cc-3a8fef303bca,4ae30b8e-b367-4234-abda-641ad7505a19,BP framing plan Approval,"Pick below target Folders based on the files / folder initiated for the Review.

For files/folders initiated in Shared

For Integrated Sports Arena -> Integrated Sports Arena/Published/ Consultant - Structure / BP Framing Approval
For Retail -> Retail/Published/Consultant - Structure / BP Framing Approval
For Club -> Club/Published/Consultant - Structure / BP Framing Approval",active,"","Please make sure correct target folder is picked in which the files need to be copied to when approved, during initiating the approval process.",2025-03-21 06:35:28.389,2025-03-21 06:35:28.389
86e08be8-5e5a-41ab-ab63-304ea176d1a7,bf996092-8d66-408a-8d8e-5065ca3330c2,1087faa2-780e-45f2-a023-368facf7cc30,5220ee14-6ad7-402a-b3cc-3a8fef303bca,86e08be8-5e5a-41ab-ab63-304ea176d1a7,Traffic Analysis,"Pick below target Folders based on the files / folder initiated for the Review.

For files/folders initiated in WIP 

Integrated Sports Arena -> Integrated Sports Arena/Shared/Consultant - Traffic Analysis/<Select folder>
For Retail -> Retail/Shared/Consultant - Traffic Analysis/<Select folder>
For Club -> Club/Shared/Consultant - Traffic Analysis/<Select folder>

For files/folders initiated in Shared

Integrated Sports Arena -> Integrated Sports Arena/Published/Consultant - Traffic Analysis/<Select folder>
For Retail -> Retail/Published/Consultant - Traffic Analysis/<Select folder>
For Club -> Club/Published/Consultant - Traffic Analysis/<Select folder>",active,"","Please make sure you pick the correct target folder in which the files need to be copied to when approved, during initiating the approval process.",2025-03-21 06:35:29.402,2025-03-21 06:35:29.402
45dcf084-1a8f-4f42-a092-e2c77de0c200,bf996092-8d66-408a-8d8e-5065ca3330c2,1087faa2-780e-45f2-a023-368facf7cc30,5220ee14-6ad7-402a-b3cc-3a8fef303bca,45dcf084-1a8f-4f42-a092-e2c77de0c200,Architecture - WIP (and) Concept (and) Tender & BoQ (and) GFC (and) DBR,"Pick below target Folders based on the files / folder initiated for the Review.

For files/folders initiated in WIP

For Integrated Sports Arena -> Integrated Sports Arena/Shared/Consultant - Arch Principal/<Select folder>
For Retail -> Retail/Shared/Consultant - Arch Principal/<Select folder>
For Club -> Club/Shared/Consultant - Arch Principal/<Select folder>

For files/folders initiated in Shared

For Integrated Sports Arena -> Integrated Sports Arena/Published/Consultant - Arch Principal/<Select folder>
For Retail -> Retail/Published/Consultant - Arch Principal/<Select folder>
For Club -> Club/Published/Consultant - Arch Principal/<Select folder>",active,"","Please make sure you pick the correct target folder in which the files need to be copied to when approved, during initiating the approval process.",2025-03-21 06:35:30.43,2025-03-21 06:35:30.43
b079e5ef-cec9-45b7-9213-027738250e5b,bf996092-8d66-408a-8d8e-5065ca3330c2,967e785d-d83c-490b-8d6a-2ed926c956ac,39036e63-f030-41c3-b6a6-7ed52887a739,b079e5ef-cec9-45b7-9213-027738250e5b,"Architecture-Shared to Published(For Concept, Tender & BOQ, BP, GFC & DBR)","In the Target Folder Box please select the intended folder in which the approved/commented file shall be saved. This is a mandatory step for the initiator.

For Example:
For files/folders initiated in Shared the initiator shall follow the following

For Vrindavan Courtyard -> Vrindavan Courtyard/Shared/Consultant - Arch Principal/<Select folder>",active,"","Please make sure you pick the correct target folder in which the files need to be copied to when approved, during initiating the approval process.",2025-03-21 06:46:45.027,2025-06-17 09:07:11.219
0d471cab-6af7-472f-b10f-3c2fc8e04a34,bf996092-8d66-408a-8d8e-5065ca3330c2,967e785d-d83c-490b-8d6a-2ed926c956ac,39036e63-f030-41c3-b6a6-7ed52887a739,0d471cab-6af7-472f-b10f-3c2fc8e04a34,Structure-Shared to Published (For WIP and Tender & BOQ),"In the Target Folder Box please select the intended folder in which the approved/commented file shall be saved. This is a mandatory step for the initiator.

For Example:
For files/folders initiated in WIP  the initiator shall follow the following

For Vrindavan Courtyard -> Vrindavan Courtyard/Shared/Consultant -Structure/<Select folder>",active,"","Please make sure correct target folder is picked in which the files need to be copied to when approved, during initiating the approval process.",2025-03-21 06:46:48.568,2025-06-20 08:53:12.626
8447d417-26f6-444d-9dcc-0527dca9c37e,bf996092-8d66-408a-8d8e-5065ca3330c2,967e785d-d83c-490b-8d6a-2ed926c956ac,39036e63-f030-41c3-b6a6-7ed52887a739,8447d417-26f6-444d-9dcc-0527dca9c37e,Vertical Transport-Shared to Published,"In the Target Folder Box please select the intended folder in which the approved/commented file shall be saved. This is a mandatory step for the initiator.

For Example:
For files/folders initiated in WIP  the initiator shall follow the following

For Vrindavan Courtyard -> Vrindavan Courtyard/Shared/Consultant- Vertical Transport/<Select folder>",active,"","Please make sure correct target folder is picked in which the files need to be copied to when approved, during initiating the approval process.",2025-03-21 06:46:52.611,2025-06-20 08:56:11.545
507fb014-67e0-4fb6-8d33-3b8ee1c50989,bf996092-8d66-408a-8d8e-5065ca3330c2,967e785d-d83c-490b-8d6a-2ed926c956ac,39036e63-f030-41c3-b6a6-7ed52887a739,507fb014-67e0-4fb6-8d33-3b8ee1c50989,Architecture-Shared to Published(For SD & DD),"In the Target Folder Box please select the intended folder in which the approved/commented file shall be saved. This is a mandatory step for the initiator.

For Example:
For files/folders initiated in Shared the initiator shall follow the following

For Vrindavan Courtyard -> Vrindavan Courtyard/Shared/Consultant - Arch Principal/<Select folder>",active,"","Please make sure correct target folder is picked in which the files need to be copied to when approved, during initiating the approval process.",2025-03-21 06:46:56.167,2025-06-17 09:13:35.713
fcb67fcd-6e4c-48c4-b46b-73ca4cddcaa8,bf996092-8d66-408a-8d8e-5065ca3330c2,967e785d-d83c-490b-8d6a-2ed926c956ac,39036e63-f030-41c3-b6a6-7ed52887a739,fcb67fcd-6e4c-48c4-b46b-73ca4cddcaa8,Electrical-WIP to Shared(For SD Requirement),"In the Target Folder Box please select the intended folder in which the approved/commented file shall be saved. This is a mandatory step for the initiator.

For Example:
For files/folders initiated in WIP  the initiator shall follow the following

For Vrindavan Courtyard -> Vrindavan Courtyard/Shared/Consultant Electrical/<Select folder>",active,"","Please make sure correct target folder is picked in which the files need to be copied to when approved, during initiating the approval process.",2025-03-21 06:46:59.833,2025-06-20 06:06:17.124
d0b4cb9a-edce-4ce2-94b6-9dff60f9fdea,bf996092-8d66-408a-8d8e-5065ca3330c2,967e785d-d83c-490b-8d6a-2ed926c956ac,39036e63-f030-41c3-b6a6-7ed52887a739,d0b4cb9a-edce-4ce2-94b6-9dff60f9fdea,EX2,"Pick below target Folders based on the files / folder initiated for the Review.

For files/folders initiated in Shared

For Integrated Sports Arena -> Integrated Sports Arena/Published/Consultant - Electrical/<Select folder>
For Retail -> Retail/Published/Consultant - Electrical/<Select folder>
For Club -> Club/Published/Consultant - Electrical/<Select folder>",archived,"","Please make sure correct target folder is picked in which the files need to be copied to when approved, during initiating the approval process.",2025-03-21 06:46:57.429,2025-05-17 06:25:23.426
6beb2e0a-8139-4bdc-8581-1aef4aceb6fa,bf996092-8d66-408a-8d8e-5065ca3330c2,967e785d-d83c-490b-8d6a-2ed926c956ac,39036e63-f030-41c3-b6a6-7ed52887a739,6beb2e0a-8139-4bdc-8581-1aef4aceb6fa,EX1,"Pick below target Folders based on the files / folder initiated for the Review.

For files/folders initiated in WIP

For Integrated Sports Arena -> Integrated Sports Arena/Shared/ Consultant - Electrical / DBR
For Retail -> Retail/Shared/Consultant - Electrical /DBR
For Club -> Club/Shared/Consultant - Electrical /DBR

For files/folders initiated in Shared

For Integrated Sports Arena -> Integrated Sports Arena/Published/ Consultant - Electrical /DBR
For Retail -> Retail/Published/Consultant - Electrical /DBR
For Club -> Club/Published/Consultant - Electrical /DBR",archived,"","Please make sure correct target folder is picked in which the files need to be copied to when approved, during initiating the approval process.",2025-03-21 06:47:04.584,2025-05-17 06:25:26.394
34f0bec8-d322-428b-8680-55f606e6066f,bf996092-8d66-408a-8d8e-5065ca3330c2,967e785d-d83c-490b-8d6a-2ed926c956ac,39036e63-f030-41c3-b6a6-7ed52887a739,34f0bec8-d322-428b-8680-55f606e6066f,Mechanical-Shared to Published(For Fire Scheme Approval),"In the Target Folder Box please select the intended folder in which the approved/commented file shall be saved. This is a mandatory step for the initiator.

For Example:
For files/folders initiated in Shared  the initiator shall follow the following

For Vrindavan Courtyard -> Vrindavan Courtyard/Shared/Consultant -Mechanical/<Select folder>",active,"","Please make sure correct target folder is picked in which the files need to be copied to when approved, during initiating the approval process.",2025-03-21 06:47:13.107,2025-06-20 06:23:39.992
dcea5f68-faa4-456c-87bf-75d1e3e76f13,bf996092-8d66-408a-8d8e-5065ca3330c2,ada6015d-9fce-4f2c-b20f-fc9122d2face,f978b2a1-b392-4017-89c9-d6e484b2bad0,dcea5f68-faa4-456c-87bf-75d1e3e76f13,"Architecture - Shared to Published(For SD, DD (and) GFC","Pick below target Folders based on the files / folder initiated for the Review.

For files/folders initiated in Shared

For Integrated Sports Arena -> Integrated Sports Arena/Published/Consultant - Architecture/<Select folder>
For Retail -> Retail/Published/Consultant - Architecture/DBR/<Select folder>
For Club -> Club/Published/Consultant - Architecture/DBR/<Select folder>",active,"","Please make sure correct target folder is picked in which the files need to be copied to when approved, during initiating the approval process.",2025-02-25 06:10:05.089,2025-04-19 05:09:44.362
6cb72647-d7d4-4451-89c2-28ab92f6dfb6,bf996092-8d66-408a-8d8e-5065ca3330c2,ada6015d-9fce-4f2c-b20f-fc9122d2face,f978b2a1-b392-4017-89c9-d6e484b2bad0,6cb72647-d7d4-4451-89c2-28ab92f6dfb6,"Arch. - Shared to Published(For SD, DD (and) GFC - Test","Pick below target Folders based on the files / folder initiated for the Review.

For files/folders initiated in Shared

For Integrated Sports Arena -> Integrated Sports Arena/Published/ Consultant - Structure / BP Framing Approval
For Retail -> Retail/Published/Consultant - Structure / BP Framing Approval
For Club -> Club/Published/Consultant - Structure / BP Framing Approval",active,"","Please make sure correct target folder is picked in which the files need to be copied to when approved, during initiating the approval process.",2025-02-25 06:09:48.737,2025-04-19 05:40:26.704
0537470f-4d9c-4017-82af-5b4eace99b3b,bf996092-8d66-408a-8d8e-5065ca3330c2,f679f4cf-c089-4a2b-9b84-b14129630601,08795234-20d9-43ad-ac42-ec174b8fad8e,0537470f-4d9c-4017-82af-5b4eace99b3b,Contracts - Work Order Approval (2-Step Workflow),"In the Target Folder Box please select the intended folder in which the approved/commented file shall be saved. This is a mandatory step for the initiator.

For Example:
For files/folders initiated in  Shared the initiator shall follow the following

For Centre Point  - Ghaziabad -> Centre Point -Ghaziabad /Shared/Consultant- Contracts/<Select folder>",active,"","Please make sure you pick the correct target folder in which the files need to be copied to when approved, during initiating the approval process.",2025-05-09 14:45:35.317,2025-06-20 09:15:59.143
02f188fe-a50a-46c3-8611-2669ffaaf049,bf996092-8d66-408a-8d8e-5065ca3330c2,23142979-9fb6-4fd3-bd82-62d7e0add75f,3e0c2985-dcb9-45da-8e36-282bc793185e,02f188fe-a50a-46c3-8611-2669ffaaf049,Contracts - Shared to Published (For Miscellaneous Approvals) (1-Step Workflow),"In the Target Folder Box please select the intended folder in which the approved/commented file shall be saved. This is a mandatory step for the initiator.

For Example:
For files/folders initiated in WIP the initiator shall follow the following

For Integrated Sports Arena -> Integrated Sports Arena/Shared/Consultant - Arch Principal/<Select folder>
For Retail -> Retail/Shared/Consultant - Arch Principal/<Select folder>
For Club -> Club/Shared/Consultant - Arch Principal/<Select folder>",active,"","Please make sure you pick the correct target folder in which the files need to be copied to when approved, during initiating the approval process.",2025-05-09 08:11:39.231,2025-05-09 14:47:31.554
fadde349-6dcd-4fa0-828e-1ccd5b3c3a56,bf996092-8d66-408a-8d8e-5065ca3330c2,967e785d-d83c-490b-8d6a-2ed926c956ac,39036e63-f030-41c3-b6a6-7ed52887a739,fadde349-6dcd-4fa0-828e-1ccd5b3c3a56,Contracts - Work Order Approval (2-Step Workflow),"In the Target Folder Box please select the intended folder in which the approved/commented file shall be saved. This is a mandatory step for the initiator.

For Example:
For files/folders initiated in WIP the initiator shall follow the following

For Integrated Sports Arena -> Integrated Sports Arena/Shared/Consultant - Arch Principal/<Select folder>
For Retail -> Retail/Shared/Consultant - Arch Principal/<Select folder>
For Club -> Club/Shared/Consultant - Arch Principal/<Select folder>",active,"","Please make sure you pick the correct target folder in which the files need to be copied to when approved, during initiating the approval process.",2025-05-09 14:50:24.742,2025-06-20 06:01:33.5
4b574130-08f1-4d95-892e-b1af26ca082a,bf996092-8d66-408a-8d8e-5065ca3330c2,967e785d-d83c-490b-8d6a-2ed926c956ac,39036e63-f030-41c3-b6a6-7ed52887a739,4b574130-08f1-4d95-892e-b1af26ca082a,Contracts - Shared to Published (For Miscellaneous Approvals) (1-Step Workflow),"In the Target Folder Box please select the intended folder in which the approved/commented file shall be saved. This is a mandatory step for the initiator.

For Example:
For files/folders initiated in Shared  the initiator shall follow the following

For Vrindavan Courtyard -> Vrindavan Courtyard/Shared/Consultant Contractor/<Select folder>",active,"","Please make sure you pick the correct target folder in which the files need to be copied to when approved, during initiating the approval process.",2025-05-09 14:52:14.371,2025-06-20 05:45:32.166
d462b990-352b-4344-a035-564bb6e519de,bf996092-8d66-408a-8d8e-5065ca3330c2,f679f4cf-c089-4a2b-9b84-b14129630601,08795234-20d9-43ad-ac42-ec174b8fad8e,d462b990-352b-4344-a035-564bb6e519de,Contracts - Shared to Published (For Miscellaneous Approvals) (1-Step Workflow),"In the Target Folder Box please select the intended folder in which the approved/commented file shall be saved. This is a mandatory step for the initiator.

For Example:
For files/folders initiated in  Shared the initiator shall follow the following

For Centre Point  - Ghaziabad -> Centre Point -Ghaziabad /Shared/Consultant- Contracts/<Select folder>",active,"","Please make sure you pick the correct target folder in which the files need to be copied to when approved, during initiating the approval process.",2025-05-09 14:47:27.128,2025-06-20 09:12:15.618
09f6f3d5-d713-408a-bfbd-469dcc146605,bf996092-8d66-408a-8d8e-5065ca3330c2,f679f4cf-c089-4a2b-9b84-b14129630601,08795234-20d9-43ad-ac42-ec174b8fad8e,09f6f3d5-d713-408a-bfbd-469dcc146605,Contracts - Shared to Published (For Work Order or Amendment) (1-Step Workflow),"In the Target Folder Box please select the intended folder in which the approved/commented file shall be saved. This is a mandatory step for the initiator.

For Example:
For files/folders initiated in  Shared the initiator shall follow the following

For Centre Point  - Ghaziabad -> Centre Point -Ghaziabad /Shared/Consultant- Contracts/<Select folder>",active,"","Please make sure you pick the correct target folder in which the files need to be copied to when approved, during initiating the approval process.",2025-05-09 14:48:37.99,2025-06-20 09:15:33.341
03e8265c-e859-41e1-8eea-057cc450b7c7,bf996092-8d66-408a-8d8e-5065ca3330c2,77d5fb8c-5d83-4fa8-8c81-169306f7a8f7,9dcb2dc9-b2b4-4aca-8d8f-ef4b5cdb3c4b,03e8265c-e859-41e1-8eea-057cc450b7c7,Contracts - Work Order Approval (2-Step Workflow),"In the Target Folder Box please select the intended folder in which the approved/commented file shall be saved. This is a mandatory step for the initiator.

For Example:
For files/folders initiated in WIP the initiator shall follow the following

For Integrated Sports Arena -> Integrated Sports Arena/Shared/Consultant - Arch Principal/<Select folder>
For Retail -> Retail/Shared/Consultant - Arch Principal/<Select folder>
For Club -> Club/Shared/Consultant - Arch Principal/<Select folder>",active,"","Please make sure you pick the correct target folder in which the files need to be copied to when approved, during initiating the approval process.",2025-05-09 14:57:32.333,2025-05-09 14:57:32.333
e1f09509-d56e-43d9-ac71-319fc992885a,bf996092-8d66-408a-8d8e-5065ca3330c2,77d5fb8c-5d83-4fa8-8c81-169306f7a8f7,9dcb2dc9-b2b4-4aca-8d8f-ef4b5cdb3c4b,e1f09509-d56e-43d9-ac71-319fc992885a,Contracts - Shared to Published (For Work Order or Amendment) (1-Step Workflow),"In the Target Folder Box please select the intended folder in which the approved/commented file shall be saved. This is a mandatory step for the initiator.

For Example:
For files/folders initiated in WIP the initiator shall follow the following

For Integrated Sports Arena -> Integrated Sports Arena/Shared/Consultant - Arch Principal/<Select folder>
For Retail -> Retail/Shared/Consultant - Arch Principal/<Select folder>
For Club -> Club/Shared/Consultant - Arch Principal/<Select folder>",active,"","Please make sure you pick the correct target folder in which the files need to be copied to when approved, during initiating the approval process.",2025-05-09 14:59:43.302,2025-05-09 14:59:43.302
cf0ac4ba-cc57-439f-879b-8403dc172a5f,bf996092-8d66-408a-8d8e-5065ca3330c2,77d5fb8c-5d83-4fa8-8c81-169306f7a8f7,9dcb2dc9-b2b4-4aca-8d8f-ef4b5cdb3c4b,cf0ac4ba-cc57-439f-879b-8403dc172a5f,Contracts - Shared to Published (For Miscellaneous Approvals) (1-Step Workflow),"In the Target Folder Box please select the intended folder in which the approved/commented file shall be saved. This is a mandatory step for the initiator.

For Example:
For files/folders initiated in WIP the initiator shall follow the following

For Integrated Sports Arena -> Integrated Sports Arena/Shared/Consultant - Arch Principal/<Select folder>
For Retail -> Retail/Shared/Consultant - Arch Principal/<Select folder>
For Club -> Club/Shared/Consultant - Arch Principal/<Select folder>",active,"","Please make sure you pick the correct target folder in which the files need to be copied to when approved, during initiating the approval process.",2025-05-09 15:00:40.99,2025-05-09 15:00:40.99
d1fd1e3d-cccc-4f23-94e6-7fab45dda8c9,bf996092-8d66-408a-8d8e-5065ca3330c2,2f551e7d-05e6-4bfc-8ee1-0ef3a8487c11,510bcc50-d295-4739-9f95-4b32a2831271,d1fd1e3d-cccc-4f23-94e6-7fab45dda8c9,Contracts - Work Order Approval (2-Step Workflow),"In the Target Folder Box please select the intended folder in which the approved/commented file shall be saved. This is a mandatory step for the initiator.

For Example:
For files/folders initiated in WIP the initiator shall follow the following

For Integrated Sports Arena -> Integrated Sports Arena/Shared/Consultant - Arch Principal/<Select folder>
For Retail -> Retail/Shared/Consultant - Arch Principal/<Select folder>
For Club -> Club/Shared/Consultant - Arch Principal/<Select folder>",active,"","Please make sure you pick the correct target folder in which the files need to be copied to when approved, during initiating the approval process.",2025-05-09 15:08:07.43,2025-05-09 15:08:07.43
46278056-995e-479b-8bf8-c534d6b353c8,bf996092-8d66-408a-8d8e-5065ca3330c2,2f551e7d-05e6-4bfc-8ee1-0ef3a8487c11,510bcc50-d295-4739-9f95-4b32a2831271,46278056-995e-479b-8bf8-c534d6b353c8,Contracts - Shared to Published (For Work Order or Amendment) (1-Step Workflow),"In the Target Folder Box please select the intended folder in which the approved/commented file shall be saved. This is a mandatory step for the initiator.

For Example:
For files/folders initiated in WIP the initiator shall follow the following

For Integrated Sports Arena -> Integrated Sports Arena/Shared/Consultant - Arch Principal/<Select folder>
For Retail -> Retail/Shared/Consultant - Arch Principal/<Select folder>
For Club -> Club/Shared/Consultant - Arch Principal/<Select folder>",active,"","Please make sure you pick the correct target folder in which the files need to be copied to when approved, during initiating the approval process.",2025-05-09 15:12:56.773,2025-05-09 15:15:48.098
7c48045d-d3f4-4727-871f-e3f15b0a854e,bf996092-8d66-408a-8d8e-5065ca3330c2,23142979-9fb6-4fd3-bd82-62d7e0add75f,3e0c2985-dcb9-45da-8e36-282bc793185e,7c48045d-d3f4-4727-871f-e3f15b0a854e,"Mechanical-Shared to Published(For SD, DD & GFC)","In the Target Folder Box please select the intended folder in which the approved/commented file shall be saved. This is a mandatory step for the initiator.

For Example:
For files/folders initiated in Shared the initiator shall follow the following

For Integrated Sports Arena -> Integrated Sports Arena/Shared/Consultant - Arch Principal/<Select folder>
For Retail -> Retail/Shared/Consultant - Arch Principal/<Select folder>
For Club -> Club/Shared/Consultant - Arch Principal/<Select folder>",active,"","Please make sure correct target folder is picked in which the files need to be copied to when approved, during initiating the approval process.",2025-03-07 10:11:27.355,2025-05-16 05:16:28.984
7fb78569-b8ca-4f80-bc90-67cec79ac945,bf996092-8d66-408a-8d8e-5065ca3330c2,967e785d-d83c-490b-8d6a-2ed926c956ac,39036e63-f030-41c3-b6a6-7ed52887a739,7fb78569-b8ca-4f80-bc90-67cec79ac945,"Mechanical-Shared to Published(For SD, DD & GFC)","In the Target Folder Box please select the intended folder in which the approved/commented file shall be saved. This is a mandatory step for the initiator.

For Example:
For files/folders initiated in Shared  the initiator shall follow the following

For Vrindavan Courtyard -> Vrindavan Courtyard/Shared/Consultant -Mechanical/<Select folder>",active,"","Please make sure correct target folder is picked in which the files need to be copied to when approved, during initiating the approval process.",2025-05-15 10:24:38.93,2025-06-20 06:32:30.665
95ce9c2c-9386-44b1-9b84-42951db95981,bf996092-8d66-408a-8d8e-5065ca3330c2,2f551e7d-05e6-4bfc-8ee1-0ef3a8487c11,510bcc50-d295-4739-9f95-4b32a2831271,95ce9c2c-9386-44b1-9b84-42951db95981,Contracts - Shared to Published (For Miscellaneous Approvals) (1-Step Workflow),"In the Target Folder Box please select the intended folder in which the approved/commented file shall be saved. This is a mandatory step for the initiator.

For Example:
For files/folders initiated in WIP the initiator shall follow the following

For Integrated Sports Arena -> Integrated Sports Arena/Shared/Consultant - Arch Principal/<Select folder>
For Retail -> Retail/Shared/Consultant - Arch Principal/<Select folder>
For Club -> Club/Shared/Consultant - Arch Principal/<Select folder>",active,"","Please make sure you pick the correct target folder in which the files need to be copied to when approved, during initiating the approval process.",2025-07-23 06:03:47.224,2025-07-23 06:03:47.224
6e09dc59-51ae-4698-b68d-595474be5ca2,bf996092-8d66-408a-8d8e-5065ca3330c2,cbee6c17-cdf8-4f2c-89c3-d6d9d738603e,2d3a5ab2-3f01-4a05-b262-395a8b661eaf,6e09dc59-51ae-4698-b68d-595474be5ca2,Contracts - Shared to Published (For Miscellaneous Approvals) (1-Step Workflow),"In the Target Folder Box please select the intended folder in which the approved/commented file shall be saved. This is a mandatory step for the initiator.

For Example:
For files/folders initiated in  Shared   the initiator shall follow the following

For Centre Point  - Ayodhya -> Centre Point -Ayodhya /Shared/Consultant-Contracts /<Select folder>",active,"","Please make sure you pick the correct target folder in which the files need to be copied to when approved, during initiating the approval process.",2025-05-31 07:00:26.555,2025-06-20 10:03:44.615
38681339-2477-43f4-aeb0-470be78dda76,bf996092-8d66-408a-8d8e-5065ca3330c2,cbee6c17-cdf8-4f2c-89c3-d6d9d738603e,2d3a5ab2-3f01-4a05-b262-395a8b661eaf,38681339-2477-43f4-aeb0-470be78dda76,Contracts - Shared to Published (For Work Order or Amendment) (1-Step Workflow),"In the Target Folder Box please select the intended folder in which the approved/commented file shall be saved. This is a mandatory step for the initiator.

For Example:
For files/folders initiated in  Shared   the initiator shall follow the following

For Centre Point  - Ayodhya -> Centre Point -Ayodhya /Shared/Consultant-Contracts /<Select folder>",active,"","Please make sure you pick the correct target folder in which the files need to be copied to when approved, during initiating the approval process.",2025-05-31 07:00:36.923,2025-06-20 10:04:02.572
5a248a44-c686-493e-b884-63793b8d3780,bf996092-8d66-408a-8d8e-5065ca3330c2,cbee6c17-cdf8-4f2c-89c3-d6d9d738603e,2d3a5ab2-3f01-4a05-b262-395a8b661eaf,5a248a44-c686-493e-b884-63793b8d3780,Electrical-Shared to Published(For Fire Scheme Approval),"In the Target Folder Box please select the intended folder in which the approved/commented file shall be saved. This is a mandatory step for the initiator.

For Example:
For files/folders initiated in  Shared   the initiator shall follow the following

For Centre Point  - Ayodhya -> Centre Point -Ayodhya /Shared/Consultant-Electrical /<Select folder>",active,"","Please make sure correct target folder is picked in which the files need to be copied to when approved, during initiating the approval process.",2025-05-31 07:00:47.335,2025-06-20 10:07:00.293
c0ac087a-60a6-4ad8-8b41-683dab4435c2,bf996092-8d66-408a-8d8e-5065ca3330c2,cbee6c17-cdf8-4f2c-89c3-d6d9d738603e,2d3a5ab2-3f01-4a05-b262-395a8b661eaf,c0ac087a-60a6-4ad8-8b41-683dab4435c2,Electrical-WIP to Shared(All WIP files),"In the Target Folder Box please select the intended folder in which the approved/commented file shall be saved. This is a mandatory step for the initiator.

For Example:
For files/folders initiated in  WIP   the initiator shall follow the following

For Centre Point  - Ayodhya -> Centre Point -Ayodhya /Shared/Consultant-Electrical /<Select folder>",active,"","Please make sure you pick the correct target folder in which the files need to be copied to when approved, during initiating the approval process.",2025-05-31 07:00:12.573,2025-06-20 10:16:08.841
b27b7ce1-0c84-44b6-91bb-167683c27427,bf996092-8d66-408a-8d8e-5065ca3330c2,cbee6c17-cdf8-4f2c-89c3-d6d9d738603e,2d3a5ab2-3f01-4a05-b262-395a8b661eaf,b27b7ce1-0c84-44b6-91bb-167683c27427,Landscape-Shared to Published,"In the Target Folder Box please select the intended folder in which the approved/commented file shall be saved. This is a mandatory step for the initiator.

For Example:
For files/folders initiated in  Shared   the initiator shall follow the following

For Centre Point  - Ayodhya -> Centre Point -Ayodhya /Shared/Consultant-Landscape/<Select folder>",active,"","Please make sure correct target folder is picked in which the files need to be copied to when approved, during initiating the approval process.",2025-05-31 07:00:13.723,2025-06-20 10:17:30.051
5c703cfe-45f0-47b1-a15d-5055dd2281d7,bf996092-8d66-408a-8d8e-5065ca3330c2,f679f4cf-c089-4a2b-9b84-b14129630601,08795234-20d9-43ad-ac42-ec174b8fad8e,5c703cfe-45f0-47b1-a15d-5055dd2281d7,Traffic Analysis-Shared to Published,"In the Target Folder Box please select the intended folder in which the approved/commented file shall be saved. This is a mandatory step for the initiator.

For Example:
For files/folders initiated in  WIP  the initiator shall follow the following

For Centre Point  - Ghaziabad -> Centre Point -Ghaziabad /Shared/Consultant -Traffic Analysis/<Select folder>",active,"","Please make sure you pick the correct target folder in which the files need to be copied to when approved, during initiating the approval process.",2025-06-21 10:42:32.462,2025-06-21 10:42:32.462
c43e7be3-6501-4f43-b3d1-c842701b072b,bf996092-8d66-408a-8d8e-5065ca3330c2,e9b596f2-48ee-419b-a199-da304b38c398,b2f76ca9-ad86-4a78-b2cd-24b66da2d04f,c43e7be3-6501-4f43-b3d1-c842701b072b,STP - Shared to Published  (Conceptual Approval),"In the Target Folder Box please select the intended folder in which the approved/commented file shall be saved. This is a mandatory step for the initiator.

For Example:
For files/folders initiated in Shared the initiator shall follow the following

For Centre point-Gomti Nagar -> Centre point-Gomti Nagar/Published",active,"","Please make sure you pick the correct target folder in which the files need to be copied to when approved, during initiating the approval process.",2025-06-21 11:44:54.773,2025-06-21 11:44:54.773
927a9c1c-1e23-4382-9c69-935468956f31,bf996092-8d66-408a-8d8e-5065ca3330c2,f679f4cf-c089-4a2b-9b84-b14129630601,08795234-20d9-43ad-ac42-ec174b8fad8e,927a9c1c-1e23-4382-9c69-935468956f31,Structure- Sign Stamp (Architect Consultant + MEP Consultant),For Structure Drawings Signed & Stamp,active,"","",2025-07-08 10:12:08.566,2025-07-08 10:12:08.566
b50ce403-82ce-4fb1-882d-973cbdd10346,bf996092-8d66-408a-8d8e-5065ca3330c2,23142979-9fb6-4fd3-bd82-62d7e0add75f,3e0c2985-dcb9-45da-8e36-282bc793185e,b50ce403-82ce-4fb1-882d-973cbdd10346,Electrical-WIP to Shared(For DBR),"In the Target Folder Box please select the intended folder in which the approved/commented file shall be saved. This is a mandatory step for the initiator.

For Example:
For files/folders initiated in WIP the initiator shall follow the following

For Integrated Sports Arena -> Integrated Sports Arena/Shared/Consultant - Arch Principal/<Select folder>
For Retail -> Retail/Shared/Consultant - Arch Principal/<Select folder>
For Club -> Club/Shared/Consultant - Arch Principal/<Select folder>",active,"","Please make sure correct target folder is picked in which the files need to be copied to when approved, during initiating the approval process.",2025-03-07 10:11:09.551,2025-04-07 05:33:12.219
325636b3-37f5-434c-8c81-73445bd4cca1,bf996092-8d66-408a-8d8e-5065ca3330c2,23142979-9fb6-4fd3-bd82-62d7e0add75f,3e0c2985-dcb9-45da-8e36-282bc793185e,325636b3-37f5-434c-8c81-73445bd4cca1,Architecture - WIP to Shared(For Concept & DBR),"In the Target Folder Box please select the intended folder in which the approved/commented file shall be saved. This is a mandatory step for the initiator.

For Example:
For files/folders initiated in WIP the initiator shall follow the following

For Integrated Sports Arena -> Integrated Sports Arena/Shared/Consultant - Arch Principal/<Select folder>
For Retail -> Retail/Shared/Consultant - Arch Principal/<Select folder>
For Club -> Club/Shared/Consultant - Arch Principal/<Select folder>",active,"","Please make sure you pick the correct target folder in which the files need to be copied to when approved, during initiating the approval process.",2025-04-04 06:31:16.581,2025-04-07 05:23:05.448
c3699713-c0c0-477c-a468-3095f1ea9b9f,bf996092-8d66-408a-8d8e-5065ca3330c2,77d5fb8c-5d83-4fa8-8c81-169306f7a8f7,9dcb2dc9-b2b4-4aca-8d8f-ef4b5cdb3c4b,c3699713-c0c0-477c-a468-3095f1ea9b9f,Architecture-Shared to Published(For Compile Tender & BOQ),"In the Target Folder Box please select the intended folder in which the approved/commented file shall be saved. This is a mandatory step for the initiator.

For Example:
For files/folders initiated in Shared the initiator shall follow the following

For Integrated Sports Arena -> Integrated Sports Arena/Shared/Consultant - Arch Principal/<Select folder>
For Retail -> Retail/Shared/Consultant - Arch Principal/<Select folder>
For Club -> Club/Shared/Consultant - Arch Principal/<Select folder>",active,"","Please make sure correct target folder is picked in which the files need to be copied to when approved, during initiating the approval process.",2025-03-10 07:12:48.966,2025-04-07 10:07:05.239
9d79389b-3413-49ff-abd1-13640f0e214f,bf996092-8d66-408a-8d8e-5065ca3330c2,77d5fb8c-5d83-4fa8-8c81-169306f7a8f7,9dcb2dc9-b2b4-4aca-8d8f-ef4b5cdb3c4b,9d79389b-3413-49ff-abd1-13640f0e214f,"Architecture-Shared to Published(For Concept, Tender & BOQ, BP, GFC & DBR)","In the Target Folder Box please select the intended folder in which the approved/commented file shall be saved. This is a mandatory step for the initiator.

For Example:
For files/folders initiated in Shared the initiator shall follow the following

For Integrated Sports Arena -> Integrated Sports Arena/Shared/Consultant - Arch Principal/<Select folder>
For Retail -> Retail/Shared/Consultant - Arch Principal/<Select folder>
For Club -> Club/Shared/Consultant - Arch Principal/<Select folder>",active,"","Please make sure you pick the correct target folder in which the files need to be copied to when approved, during initiating the approval process.",2025-04-07 10:07:45.979,2025-04-07 10:07:45.979
344a1ddc-4eeb-4a3c-b9ce-8271cd7dbc1e,bf996092-8d66-408a-8d8e-5065ca3330c2,77d5fb8c-5d83-4fa8-8c81-169306f7a8f7,9dcb2dc9-b2b4-4aca-8d8f-ef4b5cdb3c4b,344a1ddc-4eeb-4a3c-b9ce-8271cd7dbc1e,Architecture - WIP to Shared(For Concept & DBR),"In the Target Folder Box please select the intended folder in which the approved/commented file shall be saved. This is a mandatory step for the initiator.

For Example:
For files/folders initiated in WIP the initiator shall follow the following

For Integrated Sports Arena -> Integrated Sports Arena/Shared/Consultant - Arch Principal/<Select folder>
For Retail -> Retail/Shared/Consultant - Arch Principal/<Select folder>
For Club -> Club/Shared/Consultant - Arch Principal/<Select folder>",active,"","Please make sure you pick the correct target folder in which the files need to be copied to when approved, during initiating the approval process.",2025-03-10 07:12:50.182,2025-04-07 10:09:49.036
fc809085-3ad4-484d-aa53-a66fe0a3e5c9,bf996092-8d66-408a-8d8e-5065ca3330c2,77d5fb8c-5d83-4fa8-8c81-169306f7a8f7,9dcb2dc9-b2b4-4aca-8d8f-ef4b5cdb3c4b,fc809085-3ad4-484d-aa53-a66fe0a3e5c9,Architecture-Shared to Published(For SD & DD),"In the Target Folder Box please select the intended folder in which the approved/commented file shall be saved. This is a mandatory step for the initiator.

For Example:
For files/folders initiated in Shared the initiator shall follow the following

For Integrated Sports Arena -> Integrated Sports Arena/Shared/Consultant - Arch Principal/<Select folder>
For Retail -> Retail/Shared/Consultant - Arch Principal/<Select folder>
For Club -> Club/Shared/Consultant - Arch Principal/<Select folder>",active,"","Please make sure correct target folder is picked in which the files need to be copied to when approved, during initiating the approval process.",2025-03-10 07:12:46.192,2025-04-07 10:12:54.329
af33cd52-fb11-49b7-a35a-c407cd4e69cf,bf996092-8d66-408a-8d8e-5065ca3330c2,77d5fb8c-5d83-4fa8-8c81-169306f7a8f7,9dcb2dc9-b2b4-4aca-8d8f-ef4b5cdb3c4b,af33cd52-fb11-49b7-a35a-c407cd4e69cf,Electrical-Shared to Published(For DBR),"In the Target Folder Box please select the intended folder in which the approved/commented file shall be saved. This is a mandatory step for the initiator.

For Example:
For files/folders initiated in Shared the initiator shall follow the following

For Integrated Sports Arena -> Integrated Sports Arena/Shared/Consultant - Arch Principal/<Select folder>
For Retail -> Retail/Shared/Consultant - Arch Principal/<Select folder>
For Club -> Club/Shared/Consultant - Arch Principal/<Select folder>",active,"","Please make sure correct target folder is picked in which the files need to be copied to when approved, during initiating the approval process.",2025-03-10 07:12:40.396,2025-04-07 10:14:09.53
e1e6f0d0-eb0a-420e-b224-dde4d55ffbe5,bf996092-8d66-408a-8d8e-5065ca3330c2,23142979-9fb6-4fd3-bd82-62d7e0add75f,3e0c2985-dcb9-45da-8e36-282bc793185e,e1e6f0d0-eb0a-420e-b224-dde4d55ffbe5,Plumbing-WIP to Shared(For DBR),"In the Target Folder Box please select the intended folder in which the approved/commented file shall be saved. This is a mandatory step for the initiator.

For Example:
For files/folders initiated in WIP the initiator shall follow the following

For Integrated Sports Arena -> Integrated Sports Arena/Shared/Consultant - Arch Principal/<Select folder>
For Retail -> Retail/Shared/Consultant - Arch Principal/<Select folder>
For Club -> Club/Shared/Consultant - Arch Principal/<Select folder>",active,"","Please make sure correct target folder is picked in which the files need to be copied to when approved, during initiating the approval process.",2025-04-04 12:35:03.949,2025-04-07 10:15:29.738
b067b665-3206-4c8b-88ef-eb8012371c02,bf996092-8d66-408a-8d8e-5065ca3330c2,77d5fb8c-5d83-4fa8-8c81-169306f7a8f7,9dcb2dc9-b2b4-4aca-8d8f-ef4b5cdb3c4b,b067b665-3206-4c8b-88ef-eb8012371c02,Electrical-WIP to Shared(For DBR),"In the Target Folder Box please select the intended folder in which the approved/commented file shall be saved. This is a mandatory step for the initiator.

For Example:
For files/folders initiated in WIP the initiator shall follow the following

For Integrated Sports Arena -> Integrated Sports Arena/Shared/Consultant - Arch Principal/<Select folder>
For Retail -> Retail/Shared/Consultant - Arch Principal/<Select folder>
For Club -> Club/Shared/Consultant - Arch Principal/<Select folder>",active,"","Please make sure correct target folder is picked in which the files need to be copied to when approved, during initiating the approval process.",2025-04-07 10:17:30.588,2025-04-07 10:17:30.588
c13348f6-b845-49df-8014-4ad38ff4dd87,bf996092-8d66-408a-8d8e-5065ca3330c2,77d5fb8c-5d83-4fa8-8c81-169306f7a8f7,9dcb2dc9-b2b4-4aca-8d8f-ef4b5cdb3c4b,c13348f6-b845-49df-8014-4ad38ff4dd87,Structure-Shared to Published(For BP Framing Plan),"In the Target Folder Box please select the intended folder in which the approved/commented file shall be saved. This is a mandatory step for the initiator.

For Example:
For files/folders initiated in Shared the initiator shall follow the following

For Integrated Sports Arena -> Integrated Sports Arena/Shared/Consultant - Arch Principal/<Select folder>
For Retail -> Retail/Shared/Consultant - Arch Principal/<Select folder>
For Club -> Club/Shared/Consultant - Arch Principal/<Select folder>",active,"","Please make sure correct target folder is picked in which the files need to be copied to when approved, during initiating the approval process.",2025-03-10 07:12:31.03,2025-04-07 10:20:03.764
3e7fe13f-1928-49de-a328-310953e9dbfb,bf996092-8d66-408a-8d8e-5065ca3330c2,77d5fb8c-5d83-4fa8-8c81-169306f7a8f7,9dcb2dc9-b2b4-4aca-8d8f-ef4b5cdb3c4b,3e7fe13f-1928-49de-a328-310953e9dbfb,Structure-Shared to Published(For DBR),"In the Target Folder Box please select the intended folder in which the approved/commented file shall be saved. This is a mandatory step for the initiator.

For Example:
For files/folders initiated in Shared the initiator shall follow the following

For Integrated Sports Arena -> Integrated Sports Arena/Shared/Consultant - Arch Principal/<Select folder>
For Retail -> Retail/Shared/Consultant - Arch Principal/<Select folder>
For Club -> Club/Shared/Consultant - Arch Principal/<Select folder>",active,"","Please make sure correct target folder is picked in which the files need to be copied to when approved, during initiating the approval process.",2025-03-10 07:12:44.985,2025-04-07 10:22:02.105
04f8aa1d-158c-44f2-9f12-b088e7fa3575,bf996092-8d66-408a-8d8e-5065ca3330c2,77d5fb8c-5d83-4fa8-8c81-169306f7a8f7,9dcb2dc9-b2b4-4aca-8d8f-ef4b5cdb3c4b,04f8aa1d-158c-44f2-9f12-b088e7fa3575,Structure-WIP to Shared(For DBR),"In the Target Folder Box please select the intended folder in which the approved/commented file shall be saved. This is a mandatory step for the initiator.

For Example:
For files/folders initiated in WIP the initiator shall follow the following

For Integrated Sports Arena -> Integrated Sports Arena/Shared/Consultant - Arch Principal/<Select folder>
For Retail -> Retail/Shared/Consultant - Arch Principal/<Select folder>
For Club -> Club/Shared/Consultant - Arch Principal/<Select folder>",active,"","Please make sure correct target folder is picked in which the files need to be copied to when approved, during initiating the approval process.",2025-04-07 10:23:11.942,2025-04-07 10:23:11.942
e4ed479d-4b59-4bcb-8bda-894116c94fe6,bf996092-8d66-408a-8d8e-5065ca3330c2,77d5fb8c-5d83-4fa8-8c81-169306f7a8f7,9dcb2dc9-b2b4-4aca-8d8f-ef4b5cdb3c4b,e4ed479d-4b59-4bcb-8bda-894116c94fe6,Electrical-Shared to Published(For Fire Scheme Approval),"In the Target Folder Box please select the intended folder in which the approved/commented file shall be saved. This is a mandatory step for the initiator.

For Example:
For files/folders initiated in Shared the initiator shall follow the following

For Integrated Sports Arena -> Integrated Sports Arena/Shared/Consultant - Arch Principal/<Select folder>
For Retail -> Retail/Shared/Consultant - Arch Principal/<Select folder>
For Club -> Club/Shared/Consultant - Arch Principal/<Select folder>",active,"","Please make sure correct target folder is picked in which the files need to be copied to when approved, during initiating the approval process.",2025-03-10 07:12:28.736,2025-04-07 10:25:46.6
8befce7b-54ee-4ae7-bcc0-fbe04a319bda,bf996092-8d66-408a-8d8e-5065ca3330c2,77d5fb8c-5d83-4fa8-8c81-169306f7a8f7,9dcb2dc9-b2b4-4aca-8d8f-ef4b5cdb3c4b,8befce7b-54ee-4ae7-bcc0-fbe04a319bda,Electrical-Shared to Published(For WIP Files and Tender & BOQ),"In the Target Folder Box please select the intended folder in which the approved/commented file shall be saved. This is a mandatory step for the initiator.

For Example:
For files/folders initiated in Shared the initiator shall follow the following

For Integrated Sports Arena -> Integrated Sports Arena/Shared/Consultant - Arch Principal/<Select folder>
For Retail -> Retail/Shared/Consultant - Arch Principal/<Select folder>
For Club -> Club/Shared/Consultant - Arch Principal/<Select folder>",active,"","Please make sure you pick the correct target folder in which the files need to be copied to when approved, during initiating the approval process.",2025-04-07 10:27:33.948,2025-04-07 10:27:33.948
bbc32d68-6460-4421-9c87-5483753878b8,bf996092-8d66-408a-8d8e-5065ca3330c2,77d5fb8c-5d83-4fa8-8c81-169306f7a8f7,9dcb2dc9-b2b4-4aca-8d8f-ef4b5cdb3c4b,bbc32d68-6460-4421-9c87-5483753878b8,Electrical-WIP to Shared(For WIP Files),"In the Target Folder Box please select the intended folder in which the approved/commented file shall be saved. This is a mandatory step for the initiator.

For Example:
For files/folders initiated in WIP the initiator shall follow the following

For Integrated Sports Arena -> Integrated Sports Arena/Shared/Consultant - Arch Principal/<Select folder>
For Retail -> Retail/Shared/Consultant - Arch Principal/<Select folder>
For Club -> Club/Shared/Consultant - Arch Principal/<Select folder>",active,"","Please make sure you pick the correct target folder in which the files need to be copied to when approved, during initiating the approval process.",2025-03-10 07:12:33.383,2025-04-07 10:28:36.81
dbd25c6e-3eea-4ae3-8248-b297cc4b1929,bf996092-8d66-408a-8d8e-5065ca3330c2,77d5fb8c-5d83-4fa8-8c81-169306f7a8f7,9dcb2dc9-b2b4-4aca-8d8f-ef4b5cdb3c4b,dbd25c6e-3eea-4ae3-8248-b297cc4b1929,"Electrical-Shared to Published(For SD, DD & GFC)","In the Target Folder Box please select the intended folder in which the approved/commented file shall be saved. This is a mandatory step for the initiator.

For Example:
For files/folders initiated in Shared the initiator shall follow the following

For Integrated Sports Arena -> Integrated Sports Arena/Shared/Consultant - Arch Principal/<Select folder>
For Retail -> Retail/Shared/Consultant - Arch Principal/<Select folder>
For Club -> Club/Shared/Consultant - Arch Principal/<Select folder>",active,"","Please make sure correct target folder is picked in which the files need to be copied to when approved, during initiating the approval process.",2025-03-10 07:12:25.067,2025-05-16 06:30:04.798
1cce025f-3413-410f-8499-2b1b503a0bc8,bf996092-8d66-408a-8d8e-5065ca3330c2,77d5fb8c-5d83-4fa8-8c81-169306f7a8f7,9dcb2dc9-b2b4-4aca-8d8f-ef4b5cdb3c4b,1cce025f-3413-410f-8499-2b1b503a0bc8,Electrical-WIP to Shared(For SD Requirement),"In the Target Folder Box please select the intended folder in which the approved/commented file shall be saved. This is a mandatory step for the initiator.

For Example:
For files/folders initiated in WIP the initiator shall follow the following

For Integrated Sports Arena -> Integrated Sports Arena/Shared/Consultant - Arch Principal/<Select folder>
For Retail -> Retail/Shared/Consultant - Arch Principal/<Select folder>
For Club -> Club/Shared/Consultant - Arch Principal/<Select folder>",active,"","Please make sure correct target folder is picked in which the files need to be copied to when approved, during initiating the approval process.",2025-03-10 07:12:35.764,2025-04-07 10:32:36.47
f76c98d9-f625-422a-b8aa-cca6a5955103,bf996092-8d66-408a-8d8e-5065ca3330c2,77d5fb8c-5d83-4fa8-8c81-169306f7a8f7,9dcb2dc9-b2b4-4aca-8d8f-ef4b5cdb3c4b,f76c98d9-f625-422a-b8aa-cca6a5955103,Environmental Clearance-WIP to Shared,"In the Target Folder Box please select the intended folder in which the approved/commented file shall be saved. This is a mandatory step for the initiator.

For Example:
For files/folders initiated in WIP the initiator shall follow the following

For Integrated Sports Arena -> Integrated Sports Arena/Shared/Consultant - Arch Principal/<Select folder>
For Retail -> Retail/Shared/Consultant - Arch Principal/<Select folder>
For Club -> Club/Shared/Consultant - Arch Principal/<Select folder>",active,"","Please make sure correct target folder is picked in which the files need to be copied to when approved, during initiating the approval process.",2025-03-10 07:12:38.077,2025-04-07 10:34:29.922
aaa444eb-8a24-42ca-9cf5-bb74cf9ed996,bf996092-8d66-408a-8d8e-5065ca3330c2,77d5fb8c-5d83-4fa8-8c81-169306f7a8f7,9dcb2dc9-b2b4-4aca-8d8f-ef4b5cdb3c4b,aaa444eb-8a24-42ca-9cf5-bb74cf9ed996,Environmental Clearance-Shared to Published,"In the Target Folder Box please select the intended folder in which the approved/commented file shall be saved. This is a mandatory step for the initiator.

For Example:
For files/folders initiated in Shared the initiator shall follow the following

For Integrated Sports Arena -> Integrated Sports Arena/Shared/Consultant - Arch Principal/<Select folder>
For Retail -> Retail/Shared/Consultant - Arch Principal/<Select folder>
For Club -> Club/Shared/Consultant - Arch Principal/<Select folder>",active,"","Please make sure correct target folder is picked in which the files need to be copied to when approved, during initiating the approval process.",2025-04-07 10:35:07.983,2025-04-07 10:35:07.983
012bd818-d252-40d2-9834-3b3ed12f5bfe,bf996092-8d66-408a-8d8e-5065ca3330c2,77d5fb8c-5d83-4fa8-8c81-169306f7a8f7,9dcb2dc9-b2b4-4aca-8d8f-ef4b5cdb3c4b,012bd818-d252-40d2-9834-3b3ed12f5bfe,Landscape-Shared to Published,"In the Target Folder Box please select the intended folder in which the approved/commented file shall be saved. This is a mandatory step for the initiator.

For Example:
For files/folders initiated in Shared the initiator shall follow the following

For Integrated Sports Arena -> Integrated Sports Arena/Shared/Consultant - Arch Principal/<Select folder>
For Retail -> Retail/Shared/Consultant - Arch Principal/<Select folder>
For Club -> Club/Shared/Consultant - Arch Principal/<Select folder>",active,"","Please make sure correct target folder is picked in which the files need to be copied to when approved, during initiating the approval process.",2025-03-10 07:13:01.688,2025-04-07 10:36:50.136
cc368256-fb48-460c-aa9d-05731fc1255f,bf996092-8d66-408a-8d8e-5065ca3330c2,77d5fb8c-5d83-4fa8-8c81-169306f7a8f7,9dcb2dc9-b2b4-4aca-8d8f-ef4b5cdb3c4b,cc368256-fb48-460c-aa9d-05731fc1255f,Landscape-WIP to Shared,"In the Target Folder Box please select the intended folder in which the approved/commented file shall be saved. This is a mandatory step for the initiator.

For Example:
For files/folders initiated in WIP the initiator shall follow the following

For Integrated Sports Arena -> Integrated Sports Arena/Shared/Consultant - Arch Principal/<Select folder>
For Retail -> Retail/Shared/Consultant - Arch Principal/<Select folder>
For Club -> Club/Shared/Consultant - Arch Principal/<Select folder>",active,"","Please make sure correct target folder is picked in which the files need to be copied to when approved, during initiating the approval process.",2025-04-07 10:37:30.209,2025-04-07 10:37:30.209
45092f68-ee45-481e-aaf9-049daf483486,bf996092-8d66-408a-8d8e-5065ca3330c2,77d5fb8c-5d83-4fa8-8c81-169306f7a8f7,9dcb2dc9-b2b4-4aca-8d8f-ef4b5cdb3c4b,45092f68-ee45-481e-aaf9-049daf483486,Lighting-Shared to Published,"In the Target Folder Box please select the intended folder in which the approved/commented file shall be saved. This is a mandatory step for the initiator.

For Example:
For files/folders initiated in Shared the initiator shall follow the following

For Integrated Sports Arena -> Integrated Sports Arena/Shared/Consultant - Arch Principal/<Select folder>
For Retail -> Retail/Shared/Consultant - Arch Principal/<Select folder>
For Club -> Club/Shared/Consultant - Arch Principal/<Select folder>",active,"","Please make sure correct target folder is picked in which the files need to be copied to when approved, during initiating the approval process.",2025-03-10 07:12:29.874,2025-04-07 10:38:54.402
9041a1cd-9637-459b-a126-c75c21f49828,bf996092-8d66-408a-8d8e-5065ca3330c2,77d5fb8c-5d83-4fa8-8c81-169306f7a8f7,9dcb2dc9-b2b4-4aca-8d8f-ef4b5cdb3c4b,9041a1cd-9637-459b-a126-c75c21f49828,Lighting-WIP to Shared,"In the Target Folder Box please select the intended folder in which the approved/commented file shall be saved. This is a mandatory step for the initiator.

For Example:
For files/folders initiated in WIP the initiator shall follow the following

For Integrated Sports Arena -> Integrated Sports Arena/Shared/Consultant - Arch Principal/<Select folder>
For Retail -> Retail/Shared/Consultant - Arch Principal/<Select folder>
For Club -> Club/Shared/Consultant - Arch Principal/<Select folder>",active,"","Please make sure correct target folder is picked in which the files need to be copied to when approved, during initiating the approval process.",2025-04-07 10:39:21.052,2025-04-07 10:39:21.052
fbaddf12-84ce-4a3c-be56-b73a4768abdc,bf996092-8d66-408a-8d8e-5065ca3330c2,77d5fb8c-5d83-4fa8-8c81-169306f7a8f7,9dcb2dc9-b2b4-4aca-8d8f-ef4b5cdb3c4b,fbaddf12-84ce-4a3c-be56-b73a4768abdc,Mechanical-WIP to Shared(For DBR),"In the Target Folder Box please select the intended folder in which the approved/commented file shall be saved. This is a mandatory step for the initiator.

For Example:
For files/folders initiated in WIP the initiator shall follow the following

For Integrated Sports Arena -> Integrated Sports Arena/Shared/Consultant - Arch Principal/<Select folder>
For Retail -> Retail/Shared/Consultant - Arch Principal/<Select folder>
For Club -> Club/Shared/Consultant - Arch Principal/<Select folder>",active,"","Please make sure correct target folder is picked in which the files need to be copied to when approved, during initiating the approval process.",2025-03-10 07:12:58.203,2025-04-07 10:43:52.728
87e8d161-10c8-47d7-a29d-1ce5b901224a,bf996092-8d66-408a-8d8e-5065ca3330c2,77d5fb8c-5d83-4fa8-8c81-169306f7a8f7,9dcb2dc9-b2b4-4aca-8d8f-ef4b5cdb3c4b,87e8d161-10c8-47d7-a29d-1ce5b901224a,Mechanical-Shared to Published(For DBR),"In the Target Folder Box please select the intended folder in which the approved/commented file shall be saved. This is a mandatory step for the initiator.

For Example:
For files/folders initiated in Shared the initiator shall follow the following

For Integrated Sports Arena -> Integrated Sports Arena/Shared/Consultant - Arch Principal/<Select folder>
For Retail -> Retail/Shared/Consultant - Arch Principal/<Select folder>
For Club -> Club/Shared/Consultant - Arch Principal/<Select folder>",active,"","Please make sure correct target folder is picked in which the files need to be copied to when approved, during initiating the approval process.",2025-04-07 10:44:37.225,2025-04-07 10:44:37.225
754a4361-7870-4469-ae83-271986a28981,bf996092-8d66-408a-8d8e-5065ca3330c2,77d5fb8c-5d83-4fa8-8c81-169306f7a8f7,9dcb2dc9-b2b4-4aca-8d8f-ef4b5cdb3c4b,754a4361-7870-4469-ae83-271986a28981,Mechanical-WIP to Shared(For WIP Files),"In the Target Folder Box please select the intended folder in which the approved/commented file shall be saved. This is a mandatory step for the initiator.

For Example:
For files/folders initiated in WIP the initiator shall follow the following

For Integrated Sports Arena -> Integrated Sports Arena/Shared/Consultant - Arch Principal/<Select folder>
For Retail -> Retail/Shared/Consultant - Arch Principal/<Select folder>
For Club -> Club/Shared/Consultant - Arch Principal/<Select folder>",active,"","Please make sure you pick the correct target folder in which the files need to be copied to when approved, during initiating the approval process.",2025-04-07 11:15:55.466,2025-04-07 11:19:34.592
b4ea49f8-e6fc-4cb4-80f2-8ed9de8e39bb,bf996092-8d66-408a-8d8e-5065ca3330c2,77d5fb8c-5d83-4fa8-8c81-169306f7a8f7,9dcb2dc9-b2b4-4aca-8d8f-ef4b5cdb3c4b,b4ea49f8-e6fc-4cb4-80f2-8ed9de8e39bb,"Mechanical-Shared to Published(For SD, DD & GFC)","In the Target Folder Box please select the intended folder in which the approved/commented file shall be saved. This is a mandatory step for the initiator.

For Example:
For files/folders initiated in Shared the initiator shall follow the following

For Integrated Sports Arena -> Integrated Sports Arena/Shared/Consultant - Arch Principal/<Select folder>
For Retail -> Retail/Shared/Consultant - Arch Principal/<Select folder>
For Club -> Club/Shared/Consultant - Arch Principal/<Select folder>",active,"","Please make sure correct target folder is picked in which the files need to be copied to when approved, during initiating the approval process.",2025-03-10 07:12:57.07,2025-05-16 06:31:19.112
4af1e87b-2cf3-4a3c-b12a-8a27ea0d5714,bf996092-8d66-408a-8d8e-5065ca3330c2,77d5fb8c-5d83-4fa8-8c81-169306f7a8f7,9dcb2dc9-b2b4-4aca-8d8f-ef4b5cdb3c4b,4af1e87b-2cf3-4a3c-b12a-8a27ea0d5714,Plumbing-WIP to Shared(For DBR),"In the Target Folder Box please select the intended folder in which the approved/commented file shall be saved. This is a mandatory step for the initiator.

For Example:
For files/folders initiated in WIP the initiator shall follow the following

For Integrated Sports Arena -> Integrated Sports Arena/Shared/Consultant - Arch Principal/<Select folder>
For Retail -> Retail/Shared/Consultant - Arch Principal/<Select folder>
For Club -> Club/Shared/Consultant - Arch Principal/<Select folder>",active,"","Please make sure correct target folder is picked in which the files need to be copied to when approved, during initiating the approval process.",2025-04-07 11:23:26.875,2025-04-07 11:25:05.418
08a7c8a4-c685-44d5-ad6c-ec6861a14e44,bf996092-8d66-408a-8d8e-5065ca3330c2,77d5fb8c-5d83-4fa8-8c81-169306f7a8f7,9dcb2dc9-b2b4-4aca-8d8f-ef4b5cdb3c4b,08a7c8a4-c685-44d5-ad6c-ec6861a14e44,Plumbing-WIP to Shared(For WIP Files),"In the Target Folder Box please select the intended folder in which the approved/commented file shall be saved. This is a mandatory step for the initiator.

For Example:
For files/folders initiated in WIP the initiator shall follow the following

For Integrated Sports Arena -> Integrated Sports Arena/Shared/Consultant - Arch Principal/<Select folder>
For Retail -> Retail/Shared/Consultant - Arch Principal/<Select folder>
For Club -> Club/Shared/Consultant - Arch Principal/<Select folder>",active,"","Please make sure you pick the correct target folder in which the files need to be copied to when approved, during initiating the approval process.",2025-04-07 11:26:46.73,2025-04-07 11:26:46.73
5c1ba23c-afdd-4665-9ca2-3a9a01ecc47c,bf996092-8d66-408a-8d8e-5065ca3330c2,77d5fb8c-5d83-4fa8-8c81-169306f7a8f7,9dcb2dc9-b2b4-4aca-8d8f-ef4b5cdb3c4b,5c1ba23c-afdd-4665-9ca2-3a9a01ecc47c,Plumbing-Shared to Published(For WIP and Tender & BOQ),"In the Target Folder Box please select the intended folder in which the approved/commented file shall be saved. This is a mandatory step for the initiator.

For Example:
For files/folders initiated in Shared the initiator shall follow the following

For Integrated Sports Arena -> Integrated Sports Arena/Shared/Consultant - Arch Principal/<Select folder>
For Retail -> Retail/Shared/Consultant - Arch Principal/<Select folder>
For Club -> Club/Shared/Consultant - Arch Principal/<Select folder>",active,"","Please make sure you pick the correct target folder in which the files need to be copied to when approved, during initiating the approval process.",2025-03-10 07:12:54.744,2025-04-07 11:27:35.693
5db17b28-09a9-4edc-92cb-b1bb66111502,bf996092-8d66-408a-8d8e-5065ca3330c2,77d5fb8c-5d83-4fa8-8c81-169306f7a8f7,9dcb2dc9-b2b4-4aca-8d8f-ef4b5cdb3c4b,5db17b28-09a9-4edc-92cb-b1bb66111502,Plumbing-Shared to Publish(For Fire Scheme Approval),"In the Target Folder Box please select the intended folder in which the approved/commented file shall be saved. This is a mandatory step for the initiator.

For Example:
For files/folders initiated in Shared the initiator shall follow the following

For Integrated Sports Arena -> Integrated Sports Arena/Shared/Consultant - Arch Principal/<Select folder>
For Retail -> Retail/Shared/Consultant - Arch Principal/<Select folder>
For Club -> Club/Shared/Consultant - Arch Principal/<Select folder>",active,"","Please make sure correct target folder is picked in which the files need to be copied to when approved, during initiating the approval process.",2025-03-10 07:12:55.906,2025-04-07 11:29:22.815
43add03c-adaa-4966-ab42-a225643c0c02,bf996092-8d66-408a-8d8e-5065ca3330c2,77d5fb8c-5d83-4fa8-8c81-169306f7a8f7,9dcb2dc9-b2b4-4aca-8d8f-ef4b5cdb3c4b,43add03c-adaa-4966-ab42-a225643c0c02,Plumbing-WIP to Shared(For SD Requirement),"In the Target Folder Box please select the intended folder in which the approved/commented file shall be saved. This is a mandatory step for the initiator.

For Example:
For files/folders initiated in WIP the initiator shall follow the following

For Integrated Sports Arena -> Integrated Sports Arena/Shared/Consultant - Arch Principal/<Select folder>
For Retail -> Retail/Shared/Consultant - Arch Principal/<Select folder>
For Club -> Club/Shared/Consultant - Arch Principal/<Select folder>",active,"","Please make sure correct target folder is picked in which the files need to be copied to when approved, during initiating the approval process.",2025-03-10 07:12:23.5,2025-04-07 11:31:40.824
e9511a51-fce9-439b-81da-f97e3d258be4,bf996092-8d66-408a-8d8e-5065ca3330c2,77d5fb8c-5d83-4fa8-8c81-169306f7a8f7,9dcb2dc9-b2b4-4aca-8d8f-ef4b5cdb3c4b,e9511a51-fce9-439b-81da-f97e3d258be4,Roof-Shared to Published,"In the Target Folder Box please select the intended folder in which the approved/commented file shall be saved. This is a mandatory step for the initiator.

For Example:
For files/folders initiated in Shared the initiator shall follow the following

For Integrated Sports Arena -> Integrated Sports Arena/Shared/Consultant - Arch Principal/<Select folder>
For Retail -> Retail/Shared/Consultant - Arch Principal/<Select folder>
For Club -> Club/Shared/Consultant - Arch Principal/<Select folder>",active,"","Please make sure correct target folder is picked in which the files need to be copied to when approved, during initiating the approval process.",2025-04-07 11:35:52.736,2025-04-07 11:35:52.736
10c648cd-23a6-45b1-bcf4-2448133a5fc1,bf996092-8d66-408a-8d8e-5065ca3330c2,77d5fb8c-5d83-4fa8-8c81-169306f7a8f7,9dcb2dc9-b2b4-4aca-8d8f-ef4b5cdb3c4b,10c648cd-23a6-45b1-bcf4-2448133a5fc1,Signage-WIP to Shared,"In the Target Folder Box please select the intended folder in which the approved/commented file shall be saved. This is a mandatory step for the initiator.

For Example:
For files/folders initiated in WIP the initiator shall follow the following

For Integrated Sports Arena -> Integrated Sports Arena/Shared/Consultant - Arch Principal/<Select folder>
For Retail -> Retail/Shared/Consultant - Arch Principal/<Select folder>
For Club -> Club/Shared/Consultant - Arch Principal/<Select folder>",active,"","Please make sure correct target folder is picked in which the files need to be copied to when approved, during initiating the approval process.",2025-04-07 11:38:57.763,2025-04-07 11:38:57.763
e24dd812-17b6-4f30-a56b-6386250bd789,bf996092-8d66-408a-8d8e-5065ca3330c2,77d5fb8c-5d83-4fa8-8c81-169306f7a8f7,9dcb2dc9-b2b4-4aca-8d8f-ef4b5cdb3c4b,e24dd812-17b6-4f30-a56b-6386250bd789,Structure Peer Review-Shared to Published,"In the Target Folder Box please select the intended folder in which the approved/commented file shall be saved. This is a mandatory step for the initiator.

For Example:
For files/folders initiated in Shared the initiator shall follow the following

For Integrated Sports Arena -> Integrated Sports Arena/Shared/Consultant - Arch Principal/<Select folder>
For Retail -> Retail/Shared/Consultant - Arch Principal/<Select folder>
For Club -> Club/Shared/Consultant - Arch Principal/<Select folder>",active,"","Please make sure correct target folder is picked in which the files need to be copied to when approved, during initiating the approval process.",2025-04-07 11:45:41.11,2025-08-25 07:08:09.248
9bb063b4-099a-4ccc-b9f9-61cd90b545e9,bf996092-8d66-408a-8d8e-5065ca3330c2,77d5fb8c-5d83-4fa8-8c81-169306f7a8f7,9dcb2dc9-b2b4-4aca-8d8f-ef4b5cdb3c4b,9bb063b4-099a-4ccc-b9f9-61cd90b545e9,Structure-WIP to Shared(For WIP Files),"In the Target Folder Box please select the intended folder in which the approved/commented file shall be saved. This is a mandatory step for the initiator.

For Example:
For files/folders initiated in WIP the initiator shall follow the following

For Integrated Sports Arena -> Integrated Sports Arena/Shared/Consultant - Arch Principal/<Select folder>
For Retail -> Retail/Shared/Consultant - Arch Principal/<Select folder>
For Club -> Club/Shared/Consultant - Arch Principal/<Select folder>",active,"","Please make sure correct target folder is picked in which the files need to be copied to when approved, during initiating the approval process.",2025-03-10 07:12:43.835,2025-04-07 11:50:09.949
93bc085e-7f5d-473e-9614-7cc451549adc,bf996092-8d66-408a-8d8e-5065ca3330c2,77d5fb8c-5d83-4fa8-8c81-169306f7a8f7,9dcb2dc9-b2b4-4aca-8d8f-ef4b5cdb3c4b,93bc085e-7f5d-473e-9614-7cc451549adc,Traffic Analysis-WIP to Shared,"In the Target Folder Box please select the intended folder in which the approved/commented file shall be saved. This is a mandatory step for the initiator.

For Example:
For files/folders initiated in WIP the initiator shall follow the following

For Integrated Sports Arena -> Integrated Sports Arena/Shared/Consultant - Arch Principal/<Select folder>
For Retail -> Retail/Shared/Consultant - Arch Principal/<Select folder>
For Club -> Club/Shared/Consultant - Arch Principal/<Select folder>",active,"","Please make sure you pick the correct target folder in which the files need to be copied to when approved, during initiating the approval process.",2025-04-07 11:53:29.016,2025-04-07 11:53:29.016
dff0d3dd-ad95-4703-942f-c78ed3484a52,bf996092-8d66-408a-8d8e-5065ca3330c2,77d5fb8c-5d83-4fa8-8c81-169306f7a8f7,9dcb2dc9-b2b4-4aca-8d8f-ef4b5cdb3c4b,dff0d3dd-ad95-4703-942f-c78ed3484a52,Vertical Transport-WIP to Shared,"In the Target Folder Box please select the intended folder in which the approved/commented file shall be saved. This is a mandatory step for the initiator.

For Example:
For files/folders initiated in WIP the initiator shall follow the following

For Integrated Sports Arena -> Integrated Sports Arena/Shared/Consultant - Arch Principal/<Select folder>
For Retail -> Retail/Shared/Consultant - Arch Principal/<Select folder>
For Club -> Club/Shared/Consultant - Arch Principal/<Select folder>",active,"","Please make sure correct target folder is picked in which the files need to be copied to when approved, during initiating the approval process.",2025-04-07 11:55:19.127,2025-04-07 11:55:19.127
b74fb4a2-6ccd-424d-8f38-759c8d8b62a1,bf996092-8d66-408a-8d8e-5065ca3330c2,77d5fb8c-5d83-4fa8-8c81-169306f7a8f7,9dcb2dc9-b2b4-4aca-8d8f-ef4b5cdb3c4b,b74fb4a2-6ccd-424d-8f38-759c8d8b62a1,Wind Tunnel Analysis-WIP to Shared,"In the Target Folder Box please select the intended folder in which the approved/commented file shall be saved. This is a mandatory step for the initiator.

For Example:
For files/folders initiated in WIP the initiator shall follow the following

For Integrated Sports Arena -> Integrated Sports Arena/Shared/Consultant - Arch Principal/<Select folder>
For Retail -> Retail/Shared/Consultant - Arch Principal/<Select folder>
For Club -> Club/Shared/Consultant - Arch Principal/<Select folder>",active,"","Please make sure correct target folder is picked in which the files need to be copied to when approved, during initiating the approval process.",2025-04-07 11:57:00.928,2025-04-07 11:57:00.928
02f0dde4-9e7c-4e8d-8a0e-b694b1068c1c,bf996092-8d66-408a-8d8e-5065ca3330c2,2f551e7d-05e6-4bfc-8ee1-0ef3a8487c11,510bcc50-d295-4739-9f95-4b32a2831271,02f0dde4-9e7c-4e8d-8a0e-b694b1068c1c,"Electrical-Shared to Published(For SD, DD & GFC) Deactivated","In the Target Folder Box please select the intended folder in which the approved/commented file shall be saved. This is a mandatory step for the initiator.

For Example:
For files/folders initiated in Shared the initiator shall follow the following

For Integrated Sports Arena -> Integrated Sports Arena/Shared/Consultant - Arch Principal/<Select folder>
For Retail -> Retail/Shared/Consultant - Arch Principal/<Select folder>
For Club -> Club/Shared/Consultant - Arch Principal/<Select folder>",archived,"","Please make sure correct target folder is picked in which the files need to be copied to when approved, during initiating the approval process.",2025-03-10 07:08:10.963,2025-04-17 05:59:48.601
55c4d7a4-c973-4446-96ef-1a055f57febb,bf996092-8d66-408a-8d8e-5065ca3330c2,967e785d-d83c-490b-8d6a-2ed926c956ac,39036e63-f030-41c3-b6a6-7ed52887a739,55c4d7a4-c973-4446-96ef-1a055f57febb,Electrical-Shared to Published(For Fire Scheme Approval),"In the Target Folder Box please select the intended folder in which the approved/commented file shall be saved. This is a mandatory step for the initiator.

For Example:
For files/folders initiated in Shared  the initiator shall follow the following

For Vrindavan Courtyard -> Vrindavan Courtyard/Shared/Consultant Electrical/<Select folder>",active,"","Please make sure correct target folder is picked in which the files need to be copied to when approved, during initiating the approval process.",2025-03-21 06:47:08.253,2025-06-20 06:04:13.934
386e5bab-8e76-4f59-9954-39a2042c7f71,bf996092-8d66-408a-8d8e-5065ca3330c2,967e785d-d83c-490b-8d6a-2ed926c956ac,39036e63-f030-41c3-b6a6-7ed52887a739,386e5bab-8e76-4f59-9954-39a2042c7f71,Structure - Shared to Published (For DBR),"In the Target Folder Box please select the intended folder in which the approved/commented file shall be saved. This is a mandatory step for the initiator.

For Example:
For files/folders initiated in Shared  the initiator shall follow the following

For Vrindavan Courtyard -> Vrindavan Courtyard/Shared/Consultant Structure/<Select folder>",active,"","Please make sure correct target folder is picked in which the files need to be copied to when approved, during initiating the approval process.",2025-05-01 08:19:45.757,2025-06-20 07:20:11.76
dc9c2628-745c-4fe4-8b04-9ac45cc2d1c7,bf996092-8d66-408a-8d8e-5065ca3330c2,967e785d-d83c-490b-8d6a-2ed926c956ac,39036e63-f030-41c3-b6a6-7ed52887a739,dc9c2628-745c-4fe4-8b04-9ac45cc2d1c7,Structure-Shared to Published(For BP Framing Plan),"In the Target Folder Box please select the intended folder in which the approved/commented file shall be saved. This is a mandatory step for the initiator.

For Example:
For files/folders initiated in Shared  the initiator shall follow the following

For Vrindavan Courtyard -> Vrindavan Courtyard/Shared/Consultant -Structure/<Select folder>",active,"","Please make sure correct target folder is picked in which the files need to be copied to when approved, during initiating the approval process.",2025-05-01 08:20:55.357,2025-06-25 09:18:23.196
caa68a6a-44e2-4a84-ab64-98234bcf2042,bf996092-8d66-408a-8d8e-5065ca3330c2,967e785d-d83c-490b-8d6a-2ed926c956ac,39036e63-f030-41c3-b6a6-7ed52887a739,caa68a6a-44e2-4a84-ab64-98234bcf2042,Structure - WIP to Shared (For WIP files),"In the Target Folder Box please select the intended folder in which the approved/commented file shall be saved. This is a mandatory step for the initiator.

For Example:
For files/folders initiated in WIP   the initiator shall follow the following

For Vrindavan Courtyard -> Vrindavan Courtyard/Shared/Consultant -Structure/<Select folder>",active,"","Please make sure correct target folder is picked in which the files need to be copied to when approved, during initiating the approval process.",2025-03-21 06:46:41.483,2025-06-20 08:48:51.855
23d388bd-0126-495c-bdfb-cf8b7f5ce100,bf996092-8d66-408a-8d8e-5065ca3330c2,967e785d-d83c-490b-8d6a-2ed926c956ac,39036e63-f030-41c3-b6a6-7ed52887a739,23d388bd-0126-495c-bdfb-cf8b7f5ce100,Signage-Shared to Published,"In the Target Folder Box please select the intended folder in which the approved/commented file shall be saved. This is a mandatory step for the initiator.

For Example:
For files/folders initiated in Shared  the initiator shall follow the following

For Vrindavan Courtyard -> Vrindavan Courtyard/Shared/Consultant- Signage/<Select folder>",active,"","Please make sure correct target folder is picked in which the files need to be copied to when approved, during initiating the approval process.",2025-05-17 05:39:55.743,2025-06-20 07:06:37.129
c0a5c161-22f6-4112-9fb9-482999ad5640,bf996092-8d66-408a-8d8e-5065ca3330c2,967e785d-d83c-490b-8d6a-2ed926c956ac,39036e63-f030-41c3-b6a6-7ed52887a739,c0a5c161-22f6-4112-9fb9-482999ad5640,Vertical Transport-WIP to Shared,"In the Target Folder Box please select the intended folder in which the approved/commented file shall be saved. This is a mandatory step for the initiator.

For Example:
For files/folders initiated in WIP  the initiator shall follow the following

For Vrindavan Courtyard -> Vrindavan Courtyard/Shared/Consultant- Vertical Transport/<Select folder>",active,"","Please make sure correct target folder is picked in which the files need to be copied to when approved, during initiating the approval process.",2025-05-17 05:43:47.998,2025-06-20 08:56:41.603
0dbaeca5-9e19-4de1-9ab2-5f7aa669682e,bf996092-8d66-408a-8d8e-5065ca3330c2,967e785d-d83c-490b-8d6a-2ed926c956ac,39036e63-f030-41c3-b6a6-7ed52887a739,0dbaeca5-9e19-4de1-9ab2-5f7aa669682e,EX8,"Pick below target Folders based on the files / folder initiated for the Review.

For files/folders initiated in WIP 

Integrated Sports Arena -> Integrated Sports Arena/Shared/ Consultant - Vertical Transport/<Select folder>
For Retail -> Retail/Shared/ Consultant - Vertical Transport/<Select folder>
For Club -> Club/Shared/ Consultant - Vertical Transport/<Select folder>

For files/folders initiated in Shared

Integrated Sports Arena -> Integrated Sports Arena/Published/ Consultant - Vertical Transport<Select folder>
For Retail -> Retail/Published/ Consultant - Vertical Transport/<Select folder>
For Club -> Club/Published/ Consultant - Vertical Transport/<Select folder>",archived,"","Please make sure correct target folder is picked in which the files need to be copied to when approved, during initiating the approval process.",2025-05-17 05:44:09.767,2025-05-17 06:21:27.915
87a4b905-f8d0-4ffd-9673-993e8393679a,bf996092-8d66-408a-8d8e-5065ca3330c2,967e785d-d83c-490b-8d6a-2ed926c956ac,39036e63-f030-41c3-b6a6-7ed52887a739,87a4b905-f8d0-4ffd-9673-993e8393679a,EX7,"Pick below target Folders based on the files / folder initiated for the Review.

For files/folders initiated in WIP 

Integrated Sports Arena -> Integrated Sports Arena/Shared/ Consultant - Vertical Transport/<Select folder>
For Retail -> Retail/Shared/ Consultant - Vertical Transport/<Select folder>
For Club -> Club/Shared/ Consultant - Vertical Transport/<Select folder>

For files/folders initiated in Shared

Integrated Sports Arena -> Integrated Sports Arena/Published/ Consultant - Vertical Transport<Select folder>
For Retail -> Retail/Published/ Consultant - Vertical Transport/<Select folder>
For Club -> Club/Published/ Consultant - Vertical Transport/<Select folder>",archived,"","Please make sure correct target folder is picked in which the files need to be copied to when approved, during initiating the approval process.",2025-05-17 05:43:57.859,2025-05-17 06:21:31.302
86b36ca4-8887-4125-a27a-7d00c1267081,bf996092-8d66-408a-8d8e-5065ca3330c2,967e785d-d83c-490b-8d6a-2ed926c956ac,39036e63-f030-41c3-b6a6-7ed52887a739,86b36ca4-8887-4125-a27a-7d00c1267081,Traffic Analysis-Shared to Published,"In the Target Folder Box please select the intended folder in which the approved/commented file shall be saved. This is a mandatory step for the initiator.

For Example:
For files/folders initiated in Shared  the initiator shall follow the following

For Vrindavan Courtyard -> Vrindavan Courtyard/Shared/Consultant Traffic Analysis/<Select folder>",active,"","Please make sure you pick the correct target folder in which the files need to be copied to when approved, during initiating the approval process.",2025-05-17 05:49:57.211,2025-06-20 08:54:32.574
22763898-7489-4349-8f25-e11cdb676c63,bf996092-8d66-408a-8d8e-5065ca3330c2,967e785d-d83c-490b-8d6a-2ed926c956ac,39036e63-f030-41c3-b6a6-7ed52887a739,22763898-7489-4349-8f25-e11cdb676c63,Wind Tunnel Analysis-Shared to Published,"In the Target Folder Box please select the intended folder in which the approved/commented file shall be saved. This is a mandatory step for the initiator.

For Example:
For files/folders initiated in WIP  the initiator shall follow the following

For Vrindavan Courtyard -> Vrindavan Courtyard/Shared/Consultant- Wind Tunnel Analysis/<Select folder>",active,"","Please make sure correct target folder is picked in which the files need to be copied to when approved, during initiating the approval process.",2025-05-17 05:53:51.361,2025-06-20 08:57:40.836
46738069-a395-4094-9061-e48781eeb5ba,bf996092-8d66-408a-8d8e-5065ca3330c2,967e785d-d83c-490b-8d6a-2ed926c956ac,39036e63-f030-41c3-b6a6-7ed52887a739,46738069-a395-4094-9061-e48781eeb5ba,Lighting-Shared to Published,"In the Target Folder Box please select the intended folder in which the approved/commented file shall be saved. This is a mandatory step for the initiator.

For Example:
For files/folders initiated in Shared  the initiator shall follow the following

For Vrindavan Courtyard -> Vrindavan Courtyard/Shared/Consultant -Lighting/<Select folder>",active,"","Please make sure correct target folder is picked in which the files need to be copied to when approved, during initiating the approval process.",2025-03-21 06:46:51.463,2025-06-20 06:09:22.498
ddc348b7-e0cd-4017-8cd7-177e608101af,bf996092-8d66-408a-8d8e-5065ca3330c2,967e785d-d83c-490b-8d6a-2ed926c956ac,39036e63-f030-41c3-b6a6-7ed52887a739,ddc348b7-e0cd-4017-8cd7-177e608101af,EX-6,"Pick below target Folders based on the files / folder initiated for the Review.

For Integrated Sports Arena -> Integrated Sports Arena/Shared/Consultant - Mechanical/<Select folder>

For Retail -> Retail/Shared/Consultant - Mechanical/<Select folder>

For Club -> Club/Shared/Consultant - Mechanical/<Select folder>",archived,"","Please make sure you pick the correct target folder in which the files need to be copied to when approved, during initiating the approval process.",2025-05-15 08:58:58.079,2025-05-17 06:21:56.487
dbb7b7d9-848b-4ceb-b003-70e52404f955,bf996092-8d66-408a-8d8e-5065ca3330c2,967e785d-d83c-490b-8d6a-2ed926c956ac,39036e63-f030-41c3-b6a6-7ed52887a739,dbb7b7d9-848b-4ceb-b003-70e52404f955,Mechanical-Shared to Published(For DBR),"In the Target Folder Box please select the intended folder in which the approved/commented file shall be saved. This is a mandatory step for the initiator.

For Example:
For files/folders initiated in Shared  the initiator shall follow the following

For Vrindavan Courtyard -> Vrindavan Courtyard/Shared/Consultant -Mechanical/<Select folder>",active,"","Please make sure you pick the correct target folder in which the files need to be copied to when approved, during initiating the approval process.",2025-05-15 09:03:31.466,2025-06-20 06:23:12.387
e9dde3d2-b958-486f-84a3-c9407378d9c8,bf996092-8d66-408a-8d8e-5065ca3330c2,967e785d-d83c-490b-8d6a-2ed926c956ac,39036e63-f030-41c3-b6a6-7ed52887a739,e9dde3d2-b958-486f-84a3-c9407378d9c8,EX10,"Pick below target Folders based on the files / folder initiated for the Review.

For files/folders initiated in Shared

Mechanical:

For Integrated Sports Arena -> Integrated Sports Arena/Published/ Consultant - Mechanical / Service Estimate
For Retail -> Retail/Published/ Consultant - Mechanical / Service Estimate
For Club -> Club/Published/ Consultant - Mechanical / Service Estimate


Electrical:

For Integrated Sports Arena -> Integrated Sports Arena/Published/ Consultant - Electrical / Service Estimate
For Retail -> Retail/Published/ Consultant - Electrical / Service Estimate
For Club -> Club/Published/ Consultant - Electrical / Service Estimate

Plumbing:

For Integrated Sports Arena -> Integrated Sports Arena/Published/ Consultant - Plumbing/SD Requirements/Service Estimate
For Retail -> Retail/Published/ Consultant - Plumbing/SD Requirements/Service Estimate
For Club -> Club/Published/ Consultant - Plumbing/SD Requirements/Service Estimate",archived,"","Please make sure correct target folder is picked in which the files need to be copied to when approved, during initiating the approval process.",2025-03-21 06:47:11.93,2025-05-17 06:27:51.17
b1a7976a-a2f0-4162-973d-f71f89a92b49,bf996092-8d66-408a-8d8e-5065ca3330c2,967e785d-d83c-490b-8d6a-2ed926c956ac,39036e63-f030-41c3-b6a6-7ed52887a739,b1a7976a-a2f0-4162-973d-f71f89a92b49,Mechanical-Shared to Published(For WIP and Tender & BOQ),"In the Target Folder Box please select the intended folder in which the approved/commented file shall be saved. This is a mandatory step for the initiator.

For Example:
For files/folders initiated in Shared  the initiator shall follow the following

For Vrindavan Courtyard -> Vrindavan Courtyard/Shared/Consultant -Mechanical/<Select folder>",active,"","Please make sure you pick the correct target folder in which the files need to be copied to when approved, during initiating the approval process.",2025-03-21 06:47:03.372,2025-06-20 06:42:18.832
f9658b3a-d3f1-46d5-aefa-75a73e36be82,bf996092-8d66-408a-8d8e-5065ca3330c2,967e785d-d83c-490b-8d6a-2ed926c956ac,39036e63-f030-41c3-b6a6-7ed52887a739,f9658b3a-d3f1-46d5-aefa-75a73e36be82,EX4,"Pick below target Folders based on the files / folder initiated for the Review.

For files/folders initiated in WIP

For Integrated Sports Arena -> Integrated Sports Arena/Shared/ Consultant - Plumbing/ DBR
For Retail -> Retail/Shared/Consultant - Plumbing/DBR
For Club -> Club/Shared/Consultant - Plumbing/DBR

For files/folders initiated in Shared

For Integrated Sports Arena -> Integrated Sports Arena/Published/ Consultant - Plumbing/ DBR
For Retail -> Retail/Published/Consultant - Plumbing/DBR
For Club -> Club/Published/Consultant - Plumbing/DBR",archived,"","Please make sure correct target folder is picked in which the files need to be copied to when approved, during initiating the approval process.",2025-03-21 06:46:37.968,2025-05-17 06:28:31.825
d439d237-1095-47ce-8102-2eae291b72e4,bf996092-8d66-408a-8d8e-5065ca3330c2,967e785d-d83c-490b-8d6a-2ed926c956ac,39036e63-f030-41c3-b6a6-7ed52887a739,d439d237-1095-47ce-8102-2eae291b72e4,EX12,"Pick below target Folders based on the files / folder initiated for the Review.

For files/folders initiated in WIP 

Integrated Sports Arena -> Integrated Sports Arena/Shared/ Consultant - Environmental Clearance/<Select folder>
For Retail -> Retail/Shared/Consultant - Environmental Clearance/<Select folder>
For Club -> Club/Shared/Consultant - Environmental Clearance/<Select folder>

For files/folders initiated in Shared

For Integrated Sports Arena -> Integrated Sports Arena/Published/ Consultant - Environmental Clearance/<Select folder>
For Retail -> Retail/Published/Consultant - Environmental Clearance/<Select folder>
For Club -> Club/Published/Consultant - Environmental Clearance/<Select folder>",archived,"","Please make sure correct target folder is picked in which the files need to be copied to when approved, during initiating the approval process.",2025-03-21 06:47:09.491,2025-05-17 06:29:56.522
2f86ca08-c338-4af3-852d-7761f6016800,bf996092-8d66-408a-8d8e-5065ca3330c2,b8edcd70-28bb-4319-af76-e8f8c0a1cd67,f0ddf4e1-bb6a-48ee-aace-a1e036ee0ec0,2f86ca08-c338-4af3-852d-7761f6016800,"Electrical-Shared to Published(For SD, DD & GFC)","Pick below target Folders based on the files / folder initiated for the Review.

For files/folders initiated in WIP

For Integrated Sports Arena -> Integrated Sports Arena/Shared/ Consultant - Electrical / DBR
For Retail -> Retail/Shared/Consultant - Electrical /DBR
For Club -> Club/Shared/Consultant - Electrical /DBR

For files/folders initiated in Shared

For Integrated Sports Arena -> Integrated Sports Arena/Published/ Consultant - Electrical /DBR
For Retail -> Retail/Published/Consultant - Electrical /DBR
For Club -> Club/Published/Consultant - Electrical /DBR",active,"","Please make sure correct target folder is picked in which the files need to be copied to when approved, during initiating the approval process.",2025-05-21 10:42:39.581,2025-05-21 10:42:39.581
d2eaf75d-b1bc-4763-a2de-fdcfcb75a4f5,bf996092-8d66-408a-8d8e-5065ca3330c2,b8edcd70-28bb-4319-af76-e8f8c0a1cd67,f0ddf4e1-bb6a-48ee-aace-a1e036ee0ec0,d2eaf75d-b1bc-4763-a2de-fdcfcb75a4f5,Structure Peer Review - WIP to Shared,"Pick below target Folders based on the files / folder initiated for the Review.

For files/folders initiated in WIP 

Integrated Sports Arena -> Integrated Sports Arena/Shared/ Consultant - Structure /<Select folder>
For Retail -> Retail/Shared/Consultant - Structure/<Select folder>
For Club -> Club/Shared/Consultant - Structure/<Select folder>",active,"","Please make sure correct target folder is picked in which the files need to be copied to when approved, during initiating the approval process.",2025-05-21 10:42:40.595,2025-05-21 10:42:40.595
26620164-e941-428b-987d-4bad750c8dce,bf996092-8d66-408a-8d8e-5065ca3330c2,b8edcd70-28bb-4319-af76-e8f8c0a1cd67,f0ddf4e1-bb6a-48ee-aace-a1e036ee0ec0,26620164-e941-428b-987d-4bad750c8dce,Architecture-Shared to Published(For Compile Tender & BOQ),"Pick below target Folders based on the files / folder initiated for the Review.

For files/folders initiated in Shared

For Integrated Sports Arena -> Integrated Sports Arena/Published/ Consultant - Structure / BP Framing Approval
For Retail -> Retail/Published/Consultant - Structure / BP Framing Approval
For Club -> Club/Published/Consultant - Structure / BP Framing Approval",active,"","Please make sure correct target folder is picked in which the files need to be copied to when approved, during initiating the approval process.",2025-05-21 10:42:41.604,2025-05-21 10:42:41.604
6f694c1c-e217-459e-a50e-a1cc083792e3,bf996092-8d66-408a-8d8e-5065ca3330c2,b8edcd70-28bb-4319-af76-e8f8c0a1cd67,f0ddf4e1-bb6a-48ee-aace-a1e036ee0ec0,6f694c1c-e217-459e-a50e-a1cc083792e3,Structure-Shared to Published (For WIP and Tender & BOQ),"Pick below target Folders based on the files / folder initiated for the Review.

For files/folders initiated in Shared

For Integrated Sports Arena -> Integrated Sports Arena/Published/Consultant - Structure/Tender & BOQ
For Retail -> Retail/Published/Consultant - Structure/Tender & BOQ
For Club -> Club/Published/Consultant - Structure/Tender & BOQ",active,"","Please make sure correct target folder is picked in which the files need to be copied to when approved, during initiating the approval process.",2025-05-21 10:42:42.621,2025-05-21 10:42:42.621
e5a2bc9c-b644-42cf-a055-e14c76f71cdc,bf996092-8d66-408a-8d8e-5065ca3330c2,b8edcd70-28bb-4319-af76-e8f8c0a1cd67,f0ddf4e1-bb6a-48ee-aace-a1e036ee0ec0,e5a2bc9c-b644-42cf-a055-e14c76f71cdc,EX8,"Pick below target Folders based on the files / folder initiated for the Review.

For files/folders initiated in WIP 

Integrated Sports Arena -> Integrated Sports Arena/Shared/ Consultant - Vertical Transport/<Select folder>
For Retail -> Retail/Shared/ Consultant - Vertical Transport/<Select folder>
For Club -> Club/Shared/ Consultant - Vertical Transport/<Select folder>

For files/folders initiated in Shared

Integrated Sports Arena -> Integrated Sports Arena/Published/ Consultant - Vertical Transport<Select folder>
For Retail -> Retail/Published/ Consultant - Vertical Transport/<Select folder>
For Club -> Club/Published/ Consultant - Vertical Transport/<Select folder>",archived,"","Please make sure correct target folder is picked in which the files need to be copied to when approved, during initiating the approval process.",2025-05-21 10:42:43.638,2025-05-21 10:42:43.638
39829e0c-a935-45dd-ba6b-e15bacb44415,bf996092-8d66-408a-8d8e-5065ca3330c2,b8edcd70-28bb-4319-af76-e8f8c0a1cd67,f0ddf4e1-bb6a-48ee-aace-a1e036ee0ec0,39829e0c-a935-45dd-ba6b-e15bacb44415,Plumbing & Firefighting-WIP to Shared(For All WIP Files),"Pick below target Folders based on the files / folder initiated for the Review.

For Integrated Sports Arena -> Integrated Sports Arena/Shared/Consultant - Plumbing/<Select folder>

For Retail -> Retail/Shared/Consultant - Plumbing/<Select folder>

For Club -> Club/Shared/Consultant - Plumbing/<Select folder>",active,"","Please make sure you pick the correct target folder in which the files need to be copied to when approved, during initiating the approval process.",2025-05-21 10:42:44.652,2025-05-21 10:42:44.652
880cb1a7-f932-4d75-8169-32e6071878e3,bf996092-8d66-408a-8d8e-5065ca3330c2,b8edcd70-28bb-4319-af76-e8f8c0a1cd67,f0ddf4e1-bb6a-48ee-aace-a1e036ee0ec0,880cb1a7-f932-4d75-8169-32e6071878e3,Plumbing & Firefighting-Shared to Published(For WIP and Tender & BOQ),"Pick below target Folders based on the files / folder initiated for the Review.

For Integrated Sports Arena -> Integrated Sports Arena/Shared/Consultant - Plumbing/<Select folder>

For Retail -> Retail/Shared/Consultant - Plumbing/<Select folder>

For Club -> Club/Shared/Consultant - Plumbing/<Select folder>",active,"","Please make sure you pick the correct target folder in which the files need to be copied to when approved, during initiating the approval process.",2025-05-21 10:42:45.664,2025-05-21 10:42:45.664
a0e56c98-2376-4838-8a0a-da6589dca47d,bf996092-8d66-408a-8d8e-5065ca3330c2,b8edcd70-28bb-4319-af76-e8f8c0a1cd67,f0ddf4e1-bb6a-48ee-aace-a1e036ee0ec0,a0e56c98-2376-4838-8a0a-da6589dca47d,Structure - WIP to Shared (For DBR),"Pick below target Folders based on the files / folder initiated for the Review.

For files/folders initiated in WIP

For Integrated Sports Arena -> Integrated Sports Arena/Shared/ Consultant - Structure/ DBR
For Retail -> Retail/Shared/Consultant - Structure/DBR
For Club -> Club/Shared/Consultant - Structure/DBR

For files/folders initiated in Shared

For Integrated Sports Arena -> Integrated Sports Arena/Published/ Consultant - Structure/ DBR
For Retail -> Retail/Published/Consultant - Structure/DBR
For Club -> Club/Published/Consultant - Structure/DBR",active,"","Please make sure correct target folder is picked in which the files need to be copied to when approved, during initiating the approval process.",2025-05-21 10:42:46.676,2025-05-21 10:42:46.676
567cf6a6-8cab-4716-8179-72d8d85214e1,bf996092-8d66-408a-8d8e-5065ca3330c2,b8edcd70-28bb-4319-af76-e8f8c0a1cd67,f0ddf4e1-bb6a-48ee-aace-a1e036ee0ec0,567cf6a6-8cab-4716-8179-72d8d85214e1,EX11,"Pick below target Folders based on the files / folder initiated for the Review.

For files/folders initiated in WIP 

Integrated Sports Arena -> Integrated Sports Arena/Shared/ Consultant - Roof Consultant/<Select folder>
For Retail -> Retail/Shared/Consultant - Roof Consultant/<Select folder>
For Club -> Club/Shared/Consultant - Roof Consultant/<Select folder>

For files/folders initiated in Shared

For Integrated Sports Arena -> Integrated Sports Arena/Published/ Consultant - Roof Consultant/<Select folder>
For Retail -> Retail/Published/Consultant - Roof Consultant/<Select folder>
For Club -> Club/Published/Consultant - Roof Consultant/<Select folder>",archived,"","Please make sure correct target folder is picked in which the files need to be copied to when approved, during initiating the approval process.",2025-05-21 10:42:47.686,2025-05-21 10:42:47.686
50eeb811-c99a-4969-8962-3da3faaf26d7,bf996092-8d66-408a-8d8e-5065ca3330c2,b8edcd70-28bb-4319-af76-e8f8c0a1cd67,f0ddf4e1-bb6a-48ee-aace-a1e036ee0ec0,50eeb811-c99a-4969-8962-3da3faaf26d7,Wind Tunnel Analysis-Shared to Published,"Pick below target Folders based on the files / folder initiated for the Review.

For files/folders initiated in WIP 

Integrated Sports Arena -> Integrated Sports Arena/Shared/Consultant - Wind Tunnel Analysis/<Select folder>
For Retail -> Retail/Shared/Consultant - Wind Tunnel Analysis/<Select folder>
For Club -> Club/Shared/Consultant - Wind Tunnel Analysis/<Select folder>

For files/folders initiated in Shared

For Integrated Sports Arena -> Integrated Sports Arena/Published/Consultant - Wind Tunnel Analysis<Select folder>
For Retail -> Retail/Published/Consultant - Wind Tunnel Analysis/<Select folder>
For Club -> Club/Published/Consultant - Wind Tunnel Analysis/<Select folder>",active,"","Please make sure correct target folder is picked in which the files need to be copied to when approved, during initiating the approval process.",2025-05-21 10:42:48.71,2025-05-21 10:42:48.71
64c0ab14-1ac7-411e-8d4e-711234e18885,bf996092-8d66-408a-8d8e-5065ca3330c2,b8edcd70-28bb-4319-af76-e8f8c0a1cd67,f0ddf4e1-bb6a-48ee-aace-a1e036ee0ec0,64c0ab14-1ac7-411e-8d4e-711234e18885,"Structure - Shared to Published (For SD, DD & GFC)","Pick below target Folders based on the files / folder initiated for the Review.

For files/folders initiated in Shared

For Integrated Sports Arena -> Integrated Sports Arena/Published/Consultant - Structure/<Select folder>
For Retail -> Retail/Published/Consultant - Structure/<Select folder>
For Club -> Club/Published/Consultant - Structure/<Select folder>",active,"","Please make sure correct target folder is picked in which the files need to be copied to when approved, during initiating the approval process.",2025-05-21 10:42:49.721,2025-05-21 10:42:49.721
2efe82ec-94ec-450b-b593-4c52cacd93e7,bf996092-8d66-408a-8d8e-5065ca3330c2,b8edcd70-28bb-4319-af76-e8f8c0a1cd67,f0ddf4e1-bb6a-48ee-aace-a1e036ee0ec0,2efe82ec-94ec-450b-b593-4c52cacd93e7,Signage-Shared to Published,"Pick below target Folders based on the files / folder initiated for the Review.

For files/folders initiated in WIP 

Integrated Sports Arena -> Integrated Sports Arena/Shared/ Consultant - Signage Design/<Select folder>
For Retail -> Retail/Shared/ Consultant - Signage Design/<Select folder>
For Club -> Club/Shared/ Consultant - Signage Design/<Select folder>

For files/folders initiated in Shared

Integrated Sports Arena -> Integrated Sports Arena/Published/ Consultant - Signage Design<Select folder>
For Retail -> Retail/Published/ Consultant - Signage Design/<Select folder>
For Club -> Club/Published/ Consultant - Signage Design/<Select folder>",active,"","Please make sure correct target folder is picked in which the files need to be copied to when approved, during initiating the approval process.",2025-05-21 10:42:50.738,2025-05-21 10:42:50.738
c8ae2ffd-6509-4211-8cbb-74ce3b4c4bc4,bf996092-8d66-408a-8d8e-5065ca3330c2,b8edcd70-28bb-4319-af76-e8f8c0a1cd67,f0ddf4e1-bb6a-48ee-aace-a1e036ee0ec0,c8ae2ffd-6509-4211-8cbb-74ce3b4c4bc4,Wind Tunnel Analysis-WIP to Shared,"Pick below target Folders based on the files / folder initiated for the Review.

For files/folders initiated in WIP 

Integrated Sports Arena -> Integrated Sports Arena/Shared/Consultant - Wind Tunnel Analysis/<Select folder>
For Retail -> Retail/Shared/Consultant - Wind Tunnel Analysis/<Select folder>
For Club -> Club/Shared/Consultant - Wind Tunnel Analysis/<Select folder>

For files/folders initiated in Shared

For Integrated Sports Arena -> Integrated Sports Arena/Published/Consultant - Wind Tunnel Analysis<Select folder>
For Retail -> Retail/Published/Consultant - Wind Tunnel Analysis/<Select folder>
For Club -> Club/Published/Consultant - Wind Tunnel Analysis/<Select folder>",active,"","Please make sure correct target folder is picked in which the files need to be copied to when approved, during initiating the approval process.",2025-05-21 10:42:51.753,2025-05-21 10:42:51.753
36ac8d09-63e3-473e-8a5f-c51d0acc07b6,bf996092-8d66-408a-8d8e-5065ca3330c2,b8edcd70-28bb-4319-af76-e8f8c0a1cd67,f0ddf4e1-bb6a-48ee-aace-a1e036ee0ec0,36ac8d09-63e3-473e-8a5f-c51d0acc07b6,Lighting-WIP to Shared,"Pick below target Folders based on the files / folder initiated for the Review.

For files/folders initiated in WIP 

Integrated Sports Arena -> Integrated Sports Arena/Shared/ Consultant - Lighting Design/<Select folder>
For Retail -> Retail/Shared/ Consultant - Lighting Design/<Select folder>
For Club -> Club/Shared/ Consultant - Lighting Design/<Select folder>


For files/folders initiated in Shared

For Integrated Sports Arena -> Integrated Sports Arena/Published/ Consultant - Lighting Design / <Select folder>
For Retail -> Retail/Published/ Consultant - Lighting Design/ <Select folder>
For Club -> Club/Published/ Consultant - Lighting Design / <Select folder>",active,"","Please make sure correct target folder is picked in which the files need to be copied to when approved, during initiating the approval process.",2025-05-21 10:42:52.767,2025-05-21 10:42:52.767
ebfc375b-7101-4215-af26-9131a2647840,bf996092-8d66-408a-8d8e-5065ca3330c2,b8edcd70-28bb-4319-af76-e8f8c0a1cd67,f0ddf4e1-bb6a-48ee-aace-a1e036ee0ec0,ebfc375b-7101-4215-af26-9131a2647840,Mechanical-Shared to Published(For Fire Scheme Approval),"Pick below target Folders based on the files / folder initiated for the Review.

For files/folders initiated in Shared

For Integrated Sports Arena -> Integrated Sports Arena/Published/ Consultant - Mechanical / Fire Scheme
For Retail -> Retail/Published/ Consultant - Mechanical / Fire Scheme
For Club -> Club/Published/ Consultant - Mechanical / Fire Scheme",active,"","Please make sure correct target folder is picked in which the files need to be copied to when approved, during initiating the approval process.",2025-05-21 10:42:53.778,2025-05-21 10:42:53.778
c17efa2a-6012-4fd2-a000-acb6d28f949e,bf996092-8d66-408a-8d8e-5065ca3330c2,b8edcd70-28bb-4319-af76-e8f8c0a1cd67,f0ddf4e1-bb6a-48ee-aace-a1e036ee0ec0,c17efa2a-6012-4fd2-a000-acb6d28f949e,Structure - Shared to Published (For DBR),"Pick below target Folders based on the files / folder initiated for the Review.

For files/folders initiated in WIP

For Integrated Sports Arena -> Integrated Sports Arena/Shared/ Consultant - Structure/ DBR
For Retail -> Retail/Shared/Consultant - Structure/DBR
For Club -> Club/Shared/Consultant - Structure/DBR

For files/folders initiated in Shared

For Integrated Sports Arena -> Integrated Sports Arena/Published/ Consultant - Structure/ DBR
For Retail -> Retail/Published/Consultant - Structure/DBR
For Club -> Club/Published/Consultant - Structure/DBR",active,"","Please make sure correct target folder is picked in which the files need to be copied to when approved, during initiating the approval process.",2025-05-21 10:42:54.802,2025-05-21 10:42:54.802
b1c0c4a6-7c73-4de5-9259-9aa9ec98474d,bf996092-8d66-408a-8d8e-5065ca3330c2,b8edcd70-28bb-4319-af76-e8f8c0a1cd67,f0ddf4e1-bb6a-48ee-aace-a1e036ee0ec0,b1c0c4a6-7c73-4de5-9259-9aa9ec98474d,Plumbing & Firefighting-Shared to Published(For DBR),"Pick below target Folders based on the files / folder initiated for the Review.

For Integrated Sports Arena -> Integrated Sports Arena/Shared/Consultant - Plumbing/<Select folder>

For Retail -> Retail/Shared/Consultant - Plumbing/<Select folder>

For Club -> Club/Shared/Consultant - Plumbing/<Select folder>",active,"","Please make sure you pick the correct target folder in which the files need to be copied to when approved, during initiating the approval process.",2025-05-21 10:42:55.815,2025-05-21 10:42:55.815
038afeec-764b-456d-bd62-b9b637430866,bf996092-8d66-408a-8d8e-5065ca3330c2,b8edcd70-28bb-4319-af76-e8f8c0a1cd67,f0ddf4e1-bb6a-48ee-aace-a1e036ee0ec0,038afeec-764b-456d-bd62-b9b637430866,Lighting-Shared to Published,"Pick below target Folders based on the files / folder initiated for the Review.

For files/folders initiated in WIP 

Integrated Sports Arena -> Integrated Sports Arena/Shared/ Consultant - Lighting Design/<Select folder>
For Retail -> Retail/Shared/ Consultant - Lighting Design/<Select folder>
For Club -> Club/Shared/ Consultant - Lighting Design/<Select folder>


For files/folders initiated in Shared

For Integrated Sports Arena -> Integrated Sports Arena/Published/ Consultant - Lighting Design / <Select folder>
For Retail -> Retail/Published/ Consultant - Lighting Design/ <Select folder>
For Club -> Club/Published/ Consultant - Lighting Design / <Select folder>",active,"","Please make sure correct target folder is picked in which the files need to be copied to when approved, during initiating the approval process.",2025-05-21 10:42:56.828,2025-05-21 10:42:56.828
8e026381-359d-43a2-a65a-f2f1d447d374,bf996092-8d66-408a-8d8e-5065ca3330c2,b8edcd70-28bb-4319-af76-e8f8c0a1cd67,f0ddf4e1-bb6a-48ee-aace-a1e036ee0ec0,8e026381-359d-43a2-a65a-f2f1d447d374,Electrical-Shared to Published(For WIP Files and Tender & BOQ),"Pick below target Folders based on the files / folder initiated for the Review.

For Integrated Sports Arena -> Integrated Sports Arena/Shared/Consultant - Electrical/<Select folder>

For Retail -> Retail/Shared/Consultant - Electrical/<Select folder>

For Club -> Club/Shared/Consultant - Electrical/<Select folder>",active,"","Please make sure you pick the correct target folder in which the files need to be copied to when approved, during initiating the approval process.",2025-05-21 10:42:57.841,2025-05-21 10:42:57.841
038d8075-b085-4cc9-b589-d731127dff93,bf996092-8d66-408a-8d8e-5065ca3330c2,b8edcd70-28bb-4319-af76-e8f8c0a1cd67,f0ddf4e1-bb6a-48ee-aace-a1e036ee0ec0,038d8075-b085-4cc9-b589-d731127dff93,EX9,"Pick below target Folders based on the files / folder initiated for the Review.

For files/folders initiated in Shared

For Integrated Sports Arena -> Integrated Sports Arena/Published/Consultant - Mechanical/<Select folder>
For Retail -> Retail/Published/Consultant - Mechanical/<Select folder>
For Club -> Club/Published/Consultant - Mechanical/<Select folder>",archived,"","Please make sure correct target folder is picked in which the files need to be copied to when approved, during initiating the approval process.",2025-05-21 10:42:58.852,2025-05-21 10:42:58.852
4add2697-87e5-4958-8aea-9c1c6dd4a664,bf996092-8d66-408a-8d8e-5065ca3330c2,b8edcd70-28bb-4319-af76-e8f8c0a1cd67,f0ddf4e1-bb6a-48ee-aace-a1e036ee0ec0,4add2697-87e5-4958-8aea-9c1c6dd4a664,Contracts - Shared to Published (For Miscellaneous Approvals) (1-Step Workflow),"In the Target Folder Box please select the intended folder in which the approved/commented file shall be saved. This is a mandatory step for the initiator.

For Example:
For files/folders initiated in WIP the initiator shall follow the following

For Integrated Sports Arena -> Integrated Sports Arena/Shared/Consultant - Arch Principal/<Select folder>
For Retail -> Retail/Shared/Consultant - Arch Principal/<Select folder>
For Club -> Club/Shared/Consultant - Arch Principal/<Select folder>",active,"","Please make sure you pick the correct target folder in which the files need to be copied to when approved, during initiating the approval process.",2025-05-21 10:42:59.885,2025-05-21 10:42:59.885
4136a8c3-dc57-444a-b24a-dbc0dfca87eb,bf996092-8d66-408a-8d8e-5065ca3330c2,b8edcd70-28bb-4319-af76-e8f8c0a1cd67,f0ddf4e1-bb6a-48ee-aace-a1e036ee0ec0,4136a8c3-dc57-444a-b24a-dbc0dfca87eb,Mechanical-WIP to Shared(For SD Requirement),"Pick below target Folders based on the files / folder initiated for the Review.

For files/folders initiated in WIP

For Integrated Sports Arena -> Integrated Sports Arena/Shared/ Consultant - Mechanical/SD Requirements
For Retail -> Retail/Shared/ Consultant - Mechanical/SD Requirements
For Club -> Club/Shared/ Consultant - Mechanical/SD Requirements",active,"","Please make sure correct target folder is picked in which the files need to be copied to when approved, during initiating the approval process.",2025-05-21 10:43:00.898,2025-05-21 10:43:00.898
25aa5372-a8f2-4f7c-8c05-ea6fba43a98a,bf996092-8d66-408a-8d8e-5065ca3330c2,b8edcd70-28bb-4319-af76-e8f8c0a1cd67,f0ddf4e1-bb6a-48ee-aace-a1e036ee0ec0,25aa5372-a8f2-4f7c-8c05-ea6fba43a98a,Landscape-Shared to Published,"Pick below target Folders based on the files / folder initiated for the Review.

For files/folders initiated in WIP 

Integrated Sports Arena -> Integrated Sports Arena/Shared/Consultant - Landscape/<Select folder>
For Retail -> Retail/Shared/Consultant - Landscape/<Select folder>
For Club -> Club/Shared/Consultant - Landscape/<Select folder>

For files/folders initiated in Shared

Integrated Sports Arena -> Integrated Sports Arena/Published/Consultant - Landscape/<Select folder>
For Retail -> Retail/Published/Consultant - Landscape/<Select folder>
For Club -> Club/Published/Consultant - Landscape/<Select folder>",active,"","Please make sure correct target folder is picked in which the files need to be copied to when approved, during initiating the approval process.",2025-05-21 10:43:01.909,2025-05-21 10:43:01.909
1c2a20b0-9ad5-4af1-bc75-4f16aba56628,bf996092-8d66-408a-8d8e-5065ca3330c2,b8edcd70-28bb-4319-af76-e8f8c0a1cd67,f0ddf4e1-bb6a-48ee-aace-a1e036ee0ec0,1c2a20b0-9ad5-4af1-bc75-4f16aba56628,Architecture-Shared to Published(For SD & DD),"Pick below target Folders based on the files / folder initiated for the Review.

For files/folders initiated in Shared

For Integrated Sports Arena -> Integrated Sports Arena/Published/Consultant - Architecture/<Select folder>
For Retail -> Retail/Published/Consultant - Architecture/DBR/<Select folder>
For Club -> Club/Published/Consultant - Architecture/DBR/<Select folder>",active,"","Please make sure correct target folder is picked in which the files need to be copied to when approved, during initiating the approval process.",2025-05-21 10:43:02.928,2025-05-21 10:43:02.928
b2242cbf-8917-496b-9f8e-cdccd132f8eb,bf996092-8d66-408a-8d8e-5065ca3330c2,b8edcd70-28bb-4319-af76-e8f8c0a1cd67,f0ddf4e1-bb6a-48ee-aace-a1e036ee0ec0,b2242cbf-8917-496b-9f8e-cdccd132f8eb,Electrical-Shared to Published(For Fire Scheme Approval),"Pick below target Folders based on the files / folder initiated for the Review.

For files/folders initiated in Shared

For Integrated Sports Arena -> Integrated Sports Arena/Published/ Consultant - Electrical / Fire Scheme
For Retail -> Retail/Published/ Consultant - Electrical / Fire Scheme
For Club -> Club/Published/ Consultant - Electrical / Fire Scheme",active,"","Please make sure correct target folder is picked in which the files need to be copied to when approved, during initiating the approval process.",2025-05-21 10:43:03.955,2025-05-21 10:43:03.955
3c7bb845-eb97-4e1e-88da-1f094fe86494,bf996092-8d66-408a-8d8e-5065ca3330c2,b8edcd70-28bb-4319-af76-e8f8c0a1cd67,f0ddf4e1-bb6a-48ee-aace-a1e036ee0ec0,3c7bb845-eb97-4e1e-88da-1f094fe86494,Landscape-WIP to Shared,"Pick below target Folders based on the files / folder initiated for the Review.

For files/folders initiated in WIP 

Integrated Sports Arena -> Integrated Sports Arena/Shared/Consultant - Landscape/<Select folder>
For Retail -> Retail/Shared/Consultant - Landscape/<Select folder>
For Club -> Club/Shared/Consultant - Landscape/<Select folder>

For files/folders initiated in Shared

Integrated Sports Arena -> Integrated Sports Arena/Published/Consultant - Landscape/<Select folder>
For Retail -> Retail/Published/Consultant - Landscape/<Select folder>
For Club -> Club/Published/Consultant - Landscape/<Select folder>",active,"","Please make sure correct target folder is picked in which the files need to be copied to when approved, during initiating the approval process.",2025-05-21 10:43:04.982,2025-05-21 10:43:04.982
c339ca4f-fefa-4ff7-9bb4-be5ce5a63641,bf996092-8d66-408a-8d8e-5065ca3330c2,b8edcd70-28bb-4319-af76-e8f8c0a1cd67,f0ddf4e1-bb6a-48ee-aace-a1e036ee0ec0,c339ca4f-fefa-4ff7-9bb4-be5ce5a63641,Signage-WIP to Shared,"Pick below target Folders based on the files / folder initiated for the Review.

For files/folders initiated in WIP 

Integrated Sports Arena -> Integrated Sports Arena/Shared/ Consultant - Signage Design/<Select folder>
For Retail -> Retail/Shared/ Consultant - Signage Design/<Select folder>
For Club -> Club/Shared/ Consultant - Signage Design/<Select folder>

For files/folders initiated in Shared

Integrated Sports Arena -> Integrated Sports Arena/Published/ Consultant - Signage Design<Select folder>
For Retail -> Retail/Published/ Consultant - Signage Design/<Select folder>
For Club -> Club/Published/ Consultant - Signage Design/<Select folder>",active,"","Please make sure correct target folder is picked in which the files need to be copied to when approved, during initiating the approval process.",2025-05-21 10:43:06.055,2025-05-21 10:43:06.055
dfaf2540-98d2-486a-9b4b-6b63382531ae,bf996092-8d66-408a-8d8e-5065ca3330c2,b8edcd70-28bb-4319-af76-e8f8c0a1cd67,f0ddf4e1-bb6a-48ee-aace-a1e036ee0ec0,dfaf2540-98d2-486a-9b4b-6b63382531ae,EX1,"Pick below target Folders based on the files / folder initiated for the Review.

For files/folders initiated in WIP

For Integrated Sports Arena -> Integrated Sports Arena/Shared/ Consultant - Electrical / DBR
For Retail -> Retail/Shared/Consultant - Electrical /DBR
For Club -> Club/Shared/Consultant - Electrical /DBR

For files/folders initiated in Shared

For Integrated Sports Arena -> Integrated Sports Arena/Published/ Consultant - Electrical /DBR
For Retail -> Retail/Published/Consultant - Electrical /DBR
For Club -> Club/Published/Consultant - Electrical /DBR",archived,"","Please make sure correct target folder is picked in which the files need to be copied to when approved, during initiating the approval process.",2025-05-21 10:43:07.212,2025-05-21 10:43:07.212
fc08729b-ad0f-4cd5-ac67-110a4417cba0,bf996092-8d66-408a-8d8e-5065ca3330c2,b8edcd70-28bb-4319-af76-e8f8c0a1cd67,f0ddf4e1-bb6a-48ee-aace-a1e036ee0ec0,fc08729b-ad0f-4cd5-ac67-110a4417cba0,"Mechanical-Shared to Published(For SD, DD & GFC)","Pick below target Folders based on the files / folder initiated for the Review.

For files/folders initiated in WIP

For Integrated Sports Arena -> Integrated Sports Arena/Shared/ Consultant - Mechanical/SD Requirements
For Retail -> Retail/Shared/ Consultant - Mechanical/SD Requirements
For Club -> Club/Shared/ Consultant - Mechanical/SD Requirements",active,"","Please make sure correct target folder is picked in which the files need to be copied to when approved, during initiating the approval process.",2025-05-21 10:43:08.228,2025-05-21 10:43:08.228
50b708a2-c014-44ba-9d2f-40fd03e77829,bf996092-8d66-408a-8d8e-5065ca3330c2,b8edcd70-28bb-4319-af76-e8f8c0a1cd67,f0ddf4e1-bb6a-48ee-aace-a1e036ee0ec0,50b708a2-c014-44ba-9d2f-40fd03e77829,Vertical Transport-Shared to Published,"Pick below target Folders based on the files / folder initiated for the Review.

For files/folders initiated in WIP 

Integrated Sports Arena -> Integrated Sports Arena/Shared/ Consultant - Vertical Transport/<Select folder>
For Retail -> Retail/Shared/ Consultant - Vertical Transport/<Select folder>
For Club -> Club/Shared/ Consultant - Vertical Transport/<Select folder>

For files/folders initiated in Shared

Integrated Sports Arena -> Integrated Sports Arena/Published/ Consultant - Vertical Transport<Select folder>
For Retail -> Retail/Published/ Consultant - Vertical Transport/<Select folder>
For Club -> Club/Published/ Consultant - Vertical Transport/<Select folder>",active,"","Please make sure correct target folder is picked in which the files need to be copied to when approved, during initiating the approval process.",2025-05-21 10:43:09.245,2025-05-21 10:43:09.245
fa60a811-06b0-4139-9121-8c300b5ffeba,bf996092-8d66-408a-8d8e-5065ca3330c2,b8edcd70-28bb-4319-af76-e8f8c0a1cd67,f0ddf4e1-bb6a-48ee-aace-a1e036ee0ec0,fa60a811-06b0-4139-9121-8c300b5ffeba,Traffic Analysis-Shared to Published,"Pick below target Folders based on the files / folder initiated for the Review.

For files/folders initiated in WIP 

Integrated Sports Arena -> Integrated Sports Arena/Shared/Consultant - Traffic Analysis/<Select folder>
For Retail -> Retail/Shared/Consultant - Traffic Analysis/<Select folder>
For Club -> Club/Shared/Consultant - Traffic Analysis/<Select folder>

For files/folders initiated in Shared

Integrated Sports Arena -> Integrated Sports Arena/Published/Consultant - Traffic Analysis/<Select folder>
For Retail -> Retail/Published/Consultant - Traffic Analysis/<Select folder>
For Club -> Club/Published/Consultant - Traffic Analysis/<Select folder>",active,"","Please make sure you pick the correct target folder in which the files need to be copied to when approved, during initiating the approval process.",2025-05-21 10:43:10.259,2025-05-21 10:43:10.259
0f4e5711-79db-4818-9f7f-a608b9b995f9,bf996092-8d66-408a-8d8e-5065ca3330c2,b8edcd70-28bb-4319-af76-e8f8c0a1cd67,f0ddf4e1-bb6a-48ee-aace-a1e036ee0ec0,0f4e5711-79db-4818-9f7f-a608b9b995f9,EX7,"Pick below target Folders based on the files / folder initiated for the Review.

For files/folders initiated in WIP 

Integrated Sports Arena -> Integrated Sports Arena/Shared/ Consultant - Vertical Transport/<Select folder>
For Retail -> Retail/Shared/ Consultant - Vertical Transport/<Select folder>
For Club -> Club/Shared/ Consultant - Vertical Transport/<Select folder>

For files/folders initiated in Shared

Integrated Sports Arena -> Integrated Sports Arena/Published/ Consultant - Vertical Transport<Select folder>
For Retail -> Retail/Published/ Consultant - Vertical Transport/<Select folder>
For Club -> Club/Published/ Consultant - Vertical Transport/<Select folder>",archived,"","Please make sure correct target folder is picked in which the files need to be copied to when approved, during initiating the approval process.",2025-05-21 10:43:11.274,2025-05-21 10:43:11.274
fe0cdd00-ba78-4507-a080-c04936ea62dc,bf996092-8d66-408a-8d8e-5065ca3330c2,b8edcd70-28bb-4319-af76-e8f8c0a1cd67,f0ddf4e1-bb6a-48ee-aace-a1e036ee0ec0,fe0cdd00-ba78-4507-a080-c04936ea62dc,Structure Peer Reviw - Shared to Published,"Pick below target Folders based on the files / folder initiated for the Review.

For files/folders initiated in WIP 

Integrated Sports Arena -> Integrated Sports Arena/Shared/ Consultant - Structure /<Select folder>
For Retail -> Retail/Shared/Consultant - Structure/<Select folder>
For Club -> Club/Shared/Consultant - Structure/<Select folder>",active,"","Please make sure correct target folder is picked in which the files need to be copied to when approved, during initiating the approval process.",2025-05-21 10:43:12.29,2025-05-21 10:43:12.29
f4095a2b-a0e6-4c26-b86e-2698f1484645,bf996092-8d66-408a-8d8e-5065ca3330c2,b8edcd70-28bb-4319-af76-e8f8c0a1cd67,f0ddf4e1-bb6a-48ee-aace-a1e036ee0ec0,f4095a2b-a0e6-4c26-b86e-2698f1484645,EX-5,"Pick below target Folders based on the files / folder initiated for the Review.

For files/folders initiated in WIP

For Integrated Sports Arena -> Integrated Sports Arena/Shared/ Consultant - Plumbing/ DBR
For Retail -> Retail/Shared/Consultant - Plumbing/DBR
For Club -> Club/Shared/Consultant - Plumbing/DBR

For files/folders initiated in Shared

For Integrated Sports Arena -> Integrated Sports Arena/Published/ Consultant - Plumbing/ DBR
For Retail -> Retail/Published/Consultant - Plumbing/DBR
For Club -> Club/Published/Consultant - Plumbing/DBR",archived,"","Please make sure correct target folder is picked in which the files need to be copied to when approved, during initiating the approval process.",2025-05-21 10:43:13.303,2025-05-21 10:43:13.303
8a172719-2e2c-4750-a7c5-eb4cc6c30a3a,bf996092-8d66-408a-8d8e-5065ca3330c2,b8edcd70-28bb-4319-af76-e8f8c0a1cd67,f0ddf4e1-bb6a-48ee-aace-a1e036ee0ec0,8a172719-2e2c-4750-a7c5-eb4cc6c30a3a,Contracts - Shared to Published (For Work Order or Amendment) (1-Step Workflow),"In the Target Folder Box please select the intended folder in which the approved/commented file shall be saved. This is a mandatory step for the initiator.

For Example:
For files/folders initiated in WIP the initiator shall follow the following

For Integrated Sports Arena -> Integrated Sports Arena/Shared/Consultant - Arch Principal/<Select folder>
For Retail -> Retail/Shared/Consultant - Arch Principal/<Select folder>
For Club -> Club/Shared/Consultant - Arch Principal/<Select folder>",active,"","Please make sure you pick the correct target folder in which the files need to be copied to when approved, during initiating the approval process.",2025-05-21 10:43:14.315,2025-05-21 10:43:14.315
7708f1fe-a800-4e46-9e3c-50189efc31ad,bf996092-8d66-408a-8d8e-5065ca3330c2,b8edcd70-28bb-4319-af76-e8f8c0a1cd67,f0ddf4e1-bb6a-48ee-aace-a1e036ee0ec0,7708f1fe-a800-4e46-9e3c-50189efc31ad,"Architecture-Shared to Published(For Concept, Tender & BOQ, BP, GFC & DBR)","Pick below target Folders based on the files / folder initiated for the Review.

For files/folders initiated in WIP

For Integrated Sports Arena -> Integrated Sports Arena/Shared/Consultant - Arch Principal/<Select folder>
For Retail -> Retail/Shared/Consultant - Arch Principal/<Select folder>
For Club -> Club/Shared/Consultant - Arch Principal/<Select folder>

For files/folders initiated in Shared

For Integrated Sports Arena -> Integrated Sports Arena/Published/Consultant - Arch Principal/<Select folder>
For Retail -> Retail/Published/Consultant - Arch Principal/<Select folder>
For Club -> Club/Published/Consultant - Arch Principal/<Select folder>",active,"","Please make sure you pick the correct target folder in which the files need to be copied to when approved, during initiating the approval process.",2025-05-21 10:43:15.329,2025-05-21 10:43:15.329
d03f2f11-7a9c-4110-b5da-2de49c368290,bf996092-8d66-408a-8d8e-5065ca3330c2,b8edcd70-28bb-4319-af76-e8f8c0a1cd67,f0ddf4e1-bb6a-48ee-aace-a1e036ee0ec0,d03f2f11-7a9c-4110-b5da-2de49c368290,Mechanical-Shared to Published(For WIP and Tender & BOQ),"Pick below target Folders based on the files / folder initiated for the Review.

For Integrated Sports Arena -> Integrated Sports Arena/Shared/Consultant - Mechanical/<Select folder>

For Retail -> Retail/Shared/Consultant - Mechanical/<Select folder>

For Club -> Club/Shared/Consultant - Mechanical/<Select folder>",active,"","Please make sure you pick the correct target folder in which the files need to be copied to when approved, during initiating the approval process.",2025-05-21 10:43:16.341,2025-05-21 10:43:16.341
b1e19a72-0ef9-444c-9d75-594f881d8618,bf996092-8d66-408a-8d8e-5065ca3330c2,b8edcd70-28bb-4319-af76-e8f8c0a1cd67,f0ddf4e1-bb6a-48ee-aace-a1e036ee0ec0,b1e19a72-0ef9-444c-9d75-594f881d8618,"Architecture - WIP to Shared(For Concept, SD,DD, BP, DBR, BOQ etc)","Pick below target Folders based on the files / folder initiated for the Review.

For files/folders initiated in WIP

For Integrated Sports Arena -> Integrated Sports Arena/Shared/Consultant - Arch Principal/<Select folder>
For Retail -> Retail/Shared/Consultant - Arch Principal/<Select folder>
For Club -> Club/Shared/Consultant - Arch Principal/<Select folder>

For files/folders initiated in Shared

For Integrated Sports Arena -> Integrated Sports Arena/Published/Consultant - Arch Principal/<Select folder>
For Retail -> Retail/Published/Consultant - Arch Principal/<Select folder>
For Club -> Club/Published/Consultant - Arch Principal/<Select folder>",active,"","Please make sure you pick the correct target folder in which the files need to be copied to when approved, during initiating the approval process.",2025-05-21 10:43:17.354,2025-05-21 10:43:17.354
d547008d-cec1-44a5-a6f4-d2df6b18787e,bf996092-8d66-408a-8d8e-5065ca3330c2,b8edcd70-28bb-4319-af76-e8f8c0a1cd67,f0ddf4e1-bb6a-48ee-aace-a1e036ee0ec0,d547008d-cec1-44a5-a6f4-d2df6b18787e,Electrical-Shared to Published(For DBR),"Pick below target Folders based on the files / folder initiated for the Review.

For Integrated Sports Arena -> Integrated Sports Arena/Shared/Consultant - Electrical/<Select folder>

For Retail -> Retail/Shared/Consultant - Electrical/<Select folder>

For Club -> Club/Shared/Consultant - Electrical/<Select folder>",active,"","Please make sure you pick the correct target folder in which the files need to be copied to when approved, during initiating the approval process.",2025-05-21 10:43:18.372,2025-05-21 10:43:18.372
ca7fd563-bd36-4fdb-b221-eab54c0da5d8,bf996092-8d66-408a-8d8e-5065ca3330c2,b8edcd70-28bb-4319-af76-e8f8c0a1cd67,f0ddf4e1-bb6a-48ee-aace-a1e036ee0ec0,ca7fd563-bd36-4fdb-b221-eab54c0da5d8,Vertical Transport-WIP to Shared,"Pick below target Folders based on the files / folder initiated for the Review.

For files/folders initiated in WIP 

Integrated Sports Arena -> Integrated Sports Arena/Shared/ Consultant - Vertical Transport/<Select folder>
For Retail -> Retail/Shared/ Consultant - Vertical Transport/<Select folder>
For Club -> Club/Shared/ Consultant - Vertical Transport/<Select folder>

For files/folders initiated in Shared

Integrated Sports Arena -> Integrated Sports Arena/Published/ Consultant - Vertical Transport<Select folder>
For Retail -> Retail/Published/ Consultant - Vertical Transport/<Select folder>
For Club -> Club/Published/ Consultant - Vertical Transport/<Select folder>",active,"","Please make sure correct target folder is picked in which the files need to be copied to when approved, during initiating the approval process.",2025-05-21 10:43:19.387,2025-05-21 10:43:19.387
9dd85a1a-df9c-45d8-9399-bc0d6676ad92,bf996092-8d66-408a-8d8e-5065ca3330c2,b8edcd70-28bb-4319-af76-e8f8c0a1cd67,f0ddf4e1-bb6a-48ee-aace-a1e036ee0ec0,9dd85a1a-df9c-45d8-9399-bc0d6676ad92,Plumbing & Firefighting-WIP to Shared(For SD Requirement),"Pick below target Folders based on the files / folder initiated for the Review.

For files/folders initiated in WIP

For Integrated Sports Arena -> Integrated Sports Arena/Shared/ Consultant - Plumbing/SD Requirements
For Retail -> Retail/Shared/ Consultant - Plumbing/SD Requirements
For Club -> Club/Shared/ Consultant - Plumbing/SD Requirements",active,"","Please make sure correct target folder is picked in which the files need to be copied to when approved, during initiating the approval process.",2025-05-21 10:43:20.412,2025-05-21 10:43:20.412
45df9601-d29f-41cb-b52e-ca17118b4de8,bf996092-8d66-408a-8d8e-5065ca3330c2,b8edcd70-28bb-4319-af76-e8f8c0a1cd67,f0ddf4e1-bb6a-48ee-aace-a1e036ee0ec0,45df9601-d29f-41cb-b52e-ca17118b4de8,Structure - WIP to Shared (For WIP files),"Pick below target Folders based on the files / folder initiated for the Review.

For files/folders initiated in WIP 

Integrated Sports Arena -> Integrated Sports Arena/Shared/ Consultant - Structure /<Select folder>
For Retail -> Retail/Shared/Consultant - Structure/<Select folder>
For Club -> Club/Shared/Consultant - Structure/<Select folder>",active,"","Please make sure correct target folder is picked in which the files need to be copied to when approved, during initiating the approval process.",2025-05-21 10:43:21.421,2025-05-21 10:43:21.421
ade035ed-a95c-4c75-bd51-d51a3718385e,bf996092-8d66-408a-8d8e-5065ca3330c2,b8edcd70-28bb-4319-af76-e8f8c0a1cd67,f0ddf4e1-bb6a-48ee-aace-a1e036ee0ec0,ade035ed-a95c-4c75-bd51-d51a3718385e,Ex-3,"Pick below target Folders based on the files / folder initiated for the Review.

For files/folders initiated in Shared

For Integrated Sports Arena -> Integrated Sports Arena/Published/Consultant - Plumbing/<Select folder>
For Retail -> Retail/Published/Consultant - Plumbing/<Select folder>
For Club -> Club/Published/Consultant - Plumbing/<Select folder>",archived,"","Please make sure correct target folder is picked in which the files need to be copied to when approved, during initiating the approval process.",2025-05-21 10:43:22.43,2025-05-21 10:43:22.43
73792f6e-7d1d-4c66-8d23-1a9e9b26fd8a,bf996092-8d66-408a-8d8e-5065ca3330c2,b8edcd70-28bb-4319-af76-e8f8c0a1cd67,f0ddf4e1-bb6a-48ee-aace-a1e036ee0ec0,73792f6e-7d1d-4c66-8d23-1a9e9b26fd8a,EX2,"Pick below target Folders based on the files / folder initiated for the Review.

For files/folders initiated in Shared

For Integrated Sports Arena -> Integrated Sports Arena/Published/Consultant - Electrical/<Select folder>
For Retail -> Retail/Published/Consultant - Electrical/<Select folder>
For Club -> Club/Published/Consultant - Electrical/<Select folder>",archived,"","Please make sure correct target folder is picked in which the files need to be copied to when approved, during initiating the approval process.",2025-05-21 10:43:23.439,2025-05-21 10:43:23.439
2132a357-30ba-458a-8e26-b05de71c9216,bf996092-8d66-408a-8d8e-5065ca3330c2,b8edcd70-28bb-4319-af76-e8f8c0a1cd67,f0ddf4e1-bb6a-48ee-aace-a1e036ee0ec0,2132a357-30ba-458a-8e26-b05de71c9216,Electrical-WIP to Shared(All WIP files),"Pick below target Folders based on the files / folder initiated for the Review.

For Integrated Sports Arena -> Integrated Sports Arena/Shared/Consultant - Electrical/<Select folder>

For Retail -> Retail/Shared/Consultant - Electrical/<Select folder>

For Club -> Club/Shared/Consultant - Electrical/<Select folder>",active,"","Please make sure you pick the correct target folder in which the files need to be copied to when approved, during initiating the approval process.",2025-05-21 10:43:24.457,2025-05-21 10:43:24.457
b34a2591-21d2-4a9a-82a0-1249b72178b2,bf996092-8d66-408a-8d8e-5065ca3330c2,b8edcd70-28bb-4319-af76-e8f8c0a1cd67,f0ddf4e1-bb6a-48ee-aace-a1e036ee0ec0,b34a2591-21d2-4a9a-82a0-1249b72178b2,Traffic Analysis-WIP Shared,"Pick below target Folders based on the files / folder initiated for the Review.

For files/folders initiated in WIP 

Integrated Sports Arena -> Integrated Sports Arena/Shared/Consultant - Traffic Analysis/<Select folder>
For Retail -> Retail/Shared/Consultant - Traffic Analysis/<Select folder>
For Club -> Club/Shared/Consultant - Traffic Analysis/<Select folder>

For files/folders initiated in Shared

Integrated Sports Arena -> Integrated Sports Arena/Published/Consultant - Traffic Analysis/<Select folder>
For Retail -> Retail/Published/Consultant - Traffic Analysis/<Select folder>
For Club -> Club/Published/Consultant - Traffic Analysis/<Select folder>",active,"","Please make sure you pick the correct target folder in which the files need to be copied to when approved, during initiating the approval process.",2025-05-21 10:43:25.475,2025-05-21 10:43:25.475
bab3f570-1829-4044-8204-ae8f2e741353,bf996092-8d66-408a-8d8e-5065ca3330c2,b8edcd70-28bb-4319-af76-e8f8c0a1cd67,f0ddf4e1-bb6a-48ee-aace-a1e036ee0ec0,bab3f570-1829-4044-8204-ae8f2e741353,EX12,"Pick below target Folders based on the files / folder initiated for the Review.

For files/folders initiated in WIP 

Integrated Sports Arena -> Integrated Sports Arena/Shared/ Consultant - Environmental Clearance/<Select folder>
For Retail -> Retail/Shared/Consultant - Environmental Clearance/<Select folder>
For Club -> Club/Shared/Consultant - Environmental Clearance/<Select folder>

For files/folders initiated in Shared

For Integrated Sports Arena -> Integrated Sports Arena/Published/ Consultant - Environmental Clearance/<Select folder>
For Retail -> Retail/Published/Consultant - Environmental Clearance/<Select folder>
For Club -> Club/Published/Consultant - Environmental Clearance/<Select folder>",archived,"","Please make sure correct target folder is picked in which the files need to be copied to when approved, during initiating the approval process.",2025-05-21 10:43:26.483,2025-05-21 10:43:26.483
12d76f47-dbeb-47a3-a538-1e22d7d5cdbb,bf996092-8d66-408a-8d8e-5065ca3330c2,b8edcd70-28bb-4319-af76-e8f8c0a1cd67,f0ddf4e1-bb6a-48ee-aace-a1e036ee0ec0,12d76f47-dbeb-47a3-a538-1e22d7d5cdbb,Mechanical-Shared to Published(For DBR),"Pick below target Folders based on the files / folder initiated for the Review.

For Integrated Sports Arena -> Integrated Sports Arena/Shared/Consultant - Mechanical/<Select folder>

For Retail -> Retail/Shared/Consultant - Mechanical/<Select folder>

For Club -> Club/Shared/Consultant - Mechanical/<Select folder>",active,"","Please make sure you pick the correct target folder in which the files need to be copied to when approved, during initiating the approval process.",2025-05-21 10:43:27.507,2025-05-21 10:43:27.507
1f47195d-ca32-413d-b9e1-f5f98dcd009d,bf996092-8d66-408a-8d8e-5065ca3330c2,b8edcd70-28bb-4319-af76-e8f8c0a1cd67,f0ddf4e1-bb6a-48ee-aace-a1e036ee0ec0,1f47195d-ca32-413d-b9e1-f5f98dcd009d,Structure-Shared to Published(For BP Framing Plan),"Pick below target Folders based on the files / folder initiated for the Review.

For files/folders initiated in Shared

For Integrated Sports Arena -> Integrated Sports Arena/Published/ Consultant - Structure / BP Framing Approval
For Retail -> Retail/Published/Consultant - Structure / BP Framing Approval
For Club -> Club/Published/Consultant - Structure / BP Framing Approval",active,"","Please make sure correct target folder is picked in which the files need to be copied to when approved, during initiating the approval process.",2025-05-21 10:43:28.52,2025-05-21 10:43:28.52
a840eb28-9497-43ee-8d2e-40395621cfbd,bf996092-8d66-408a-8d8e-5065ca3330c2,b8edcd70-28bb-4319-af76-e8f8c0a1cd67,f0ddf4e1-bb6a-48ee-aace-a1e036ee0ec0,a840eb28-9497-43ee-8d2e-40395621cfbd,"Plumbing & Firefighting-Shared to Published(For SD, DD & GFC)","Pick below target Folders based on the files / folder initiated for the Review.

For files/folders initiated in WIP

For Integrated Sports Arena -> Integrated Sports Arena/Shared/ Consultant - Plumbing/SD Requirements
For Retail -> Retail/Shared/ Consultant - Plumbing/SD Requirements
For Club -> Club/Shared/ Consultant - Plumbing/SD Requirements",active,"","Please make sure correct target folder is picked in which the files need to be copied to when approved, during initiating the approval process.",2025-05-21 10:43:29.535,2025-05-21 10:43:29.535
e9744951-bc12-44c2-b2bd-2a621e72462b,bf996092-8d66-408a-8d8e-5065ca3330c2,b8edcd70-28bb-4319-af76-e8f8c0a1cd67,f0ddf4e1-bb6a-48ee-aace-a1e036ee0ec0,e9744951-bc12-44c2-b2bd-2a621e72462b,Plumbing & Firefighting-Shared to Publish(For Fire Scheme Approval),"Pick below target Folders based on the files / folder initiated for the Review.

For files/folders initiated in Shared

For Integrated Sports Arena -> Integrated Sports Arena/Published/ Consultant - Plumbing / Fire Scheme
For Retail -> Retail/Published/ Consultant - Plumbing / Fire Scheme
For Club -> Club/Published/ Consultant - Plumbing / Fire Scheme",active,"","Please make sure correct target folder is picked in which the files need to be copied to when approved, during initiating the approval process.",2025-05-21 10:43:30.554,2025-05-21 10:43:30.554
16b2aa16-3f61-49e1-9125-5bb97d0bdaa7,bf996092-8d66-408a-8d8e-5065ca3330c2,b8edcd70-28bb-4319-af76-e8f8c0a1cd67,f0ddf4e1-bb6a-48ee-aace-a1e036ee0ec0,16b2aa16-3f61-49e1-9125-5bb97d0bdaa7,EX-6,"Pick below target Folders based on the files / folder initiated for the Review.

For Integrated Sports Arena -> Integrated Sports Arena/Shared/Consultant - Mechanical/<Select folder>

For Retail -> Retail/Shared/Consultant - Mechanical/<Select folder>

For Club -> Club/Shared/Consultant - Mechanical/<Select folder>",archived,"","Please make sure you pick the correct target folder in which the files need to be copied to when approved, during initiating the approval process.",2025-05-21 10:43:31.567,2025-05-21 10:43:31.567
0a223d6f-451b-489b-87a7-982ec1490573,bf996092-8d66-408a-8d8e-5065ca3330c2,b8edcd70-28bb-4319-af76-e8f8c0a1cd67,f0ddf4e1-bb6a-48ee-aace-a1e036ee0ec0,0a223d6f-451b-489b-87a7-982ec1490573,Compile Tender & BOQ,"Pick below target Folders based on the files / folder initiated for the Review.

For files/folders initiated in Shared

For Integrated Sports Arena -> Integrated Sports Arena/Published/ Consultant - Arch Principal/Tender & BOQ
For Retail -> Retail/Published/Consultant - Arch Principal/Tender & BOQ
For Club -> Club/Published/Consultant - Arch Principal/Tender & BOQ",active,"","Please make sure correct target folder is picked in which the files need to be copied to when approved, during initiating the approval process.",2025-05-21 10:43:32.631,2025-05-21 10:43:32.631
ca00c90c-dca4-46db-924d-379ca62d5bd0,bf996092-8d66-408a-8d8e-5065ca3330c2,b8edcd70-28bb-4319-af76-e8f8c0a1cd67,f0ddf4e1-bb6a-48ee-aace-a1e036ee0ec0,ca00c90c-dca4-46db-924d-379ca62d5bd0,"Service Estimate-Shared to Published(For Mechanical, Electrical & Plumbing)","Pick below target Folders based on the files / folder initiated for the Review.

For files/folders initiated in WIP

For Integrated Sports Arena -> Integrated Sports Arena/Shared/ Consultant - Mechanical / DBR
For Retail -> Retail/Shared/Consultant - Mechanical /DBR
For Club -> Club/Shared/Consultant - Mechanical /DBR

For files/folders initiated in Shared

For Integrated Sports Arena -> Integrated Sports Arena/Published/ Consultant - Mechanical / DBR
For Retail -> Retail/Published/Consultant - Mechanical /DBR
For Club -> Club/Published/Consultant - Mechanical /DBR",active,"","Please make sure correct target folder is picked in which the files need to be copied to when approved, during initiating the approval process.",2025-05-21 10:43:33.651,2025-05-21 10:43:33.651
0f6c0b8e-5f8a-46f0-a924-b868cf3d8599,bf996092-8d66-408a-8d8e-5065ca3330c2,b8edcd70-28bb-4319-af76-e8f8c0a1cd67,f0ddf4e1-bb6a-48ee-aace-a1e036ee0ec0,0f6c0b8e-5f8a-46f0-a924-b868cf3d8599,EX10,"Pick below target Folders based on the files / folder initiated for the Review.

For files/folders initiated in Shared

Mechanical:

For Integrated Sports Arena -> Integrated Sports Arena/Published/ Consultant - Mechanical / Service Estimate
For Retail -> Retail/Published/ Consultant - Mechanical / Service Estimate
For Club -> Club/Published/ Consultant - Mechanical / Service Estimate


Electrical:

For Integrated Sports Arena -> Integrated Sports Arena/Published/ Consultant - Electrical / Service Estimate
For Retail -> Retail/Published/ Consultant - Electrical / Service Estimate
For Club -> Club/Published/ Consultant - Electrical / Service Estimate

Plumbing:

For Integrated Sports Arena -> Integrated Sports Arena/Published/ Consultant - Plumbing/SD Requirements/Service Estimate
For Retail -> Retail/Published/ Consultant - Plumbing/SD Requirements/Service Estimate
For Club -> Club/Published/ Consultant - Plumbing/SD Requirements/Service Estimate",archived,"","Please make sure correct target folder is picked in which the files need to be copied to when approved, during initiating the approval process.",2025-05-21 10:43:34.668,2025-05-21 10:43:34.668
308226ea-d432-40a9-89f2-534933e9c8f0,bf996092-8d66-408a-8d8e-5065ca3330c2,b8edcd70-28bb-4319-af76-e8f8c0a1cd67,f0ddf4e1-bb6a-48ee-aace-a1e036ee0ec0,308226ea-d432-40a9-89f2-534933e9c8f0,Mechanical-WIP to Shared(For All WIP Files),"Pick below target Folders based on the files / folder initiated for the Review.

For Integrated Sports Arena -> Integrated Sports Arena/Shared/Consultant - Mechanical/<Select folder>

For Retail -> Retail/Shared/Consultant - Mechanical/<Select folder>

For Club -> Club/Shared/Consultant - Mechanical/<Select folder>",active,"","Please make sure you pick the correct target folder in which the files need to be copied to when approved, during initiating the approval process.",2025-05-21 10:43:35.682,2025-05-21 10:43:35.682
33793e6d-7a6d-4e37-950b-8601bfc60945,bf996092-8d66-408a-8d8e-5065ca3330c2,b8edcd70-28bb-4319-af76-e8f8c0a1cd67,f0ddf4e1-bb6a-48ee-aace-a1e036ee0ec0,33793e6d-7a6d-4e37-950b-8601bfc60945,EX4,"Pick below target Folders based on the files / folder initiated for the Review.

For files/folders initiated in WIP

For Integrated Sports Arena -> Integrated Sports Arena/Shared/ Consultant - Plumbing/ DBR
For Retail -> Retail/Shared/Consultant - Plumbing/DBR
For Club -> Club/Shared/Consultant - Plumbing/DBR

For files/folders initiated in Shared

For Integrated Sports Arena -> Integrated Sports Arena/Published/ Consultant - Plumbing/ DBR
For Retail -> Retail/Published/Consultant - Plumbing/DBR
For Club -> Club/Published/Consultant - Plumbing/DBR",archived,"","Please make sure correct target folder is picked in which the files need to be copied to when approved, during initiating the approval process.",2025-05-21 10:43:36.697,2025-05-21 10:43:36.697
b9b54046-1ebd-4777-acd3-a251d57b2bac,bf996092-8d66-408a-8d8e-5065ca3330c2,b8edcd70-28bb-4319-af76-e8f8c0a1cd67,f0ddf4e1-bb6a-48ee-aace-a1e036ee0ec0,b9b54046-1ebd-4777-acd3-a251d57b2bac,Contracts - Work Order Approval (2-Step Workflow),"In the Target Folder Box please select the intended folder in which the approved/commented file shall be saved. This is a mandatory step for the initiator.

For Example:
For files/folders initiated in WIP the initiator shall follow the following

For Integrated Sports Arena -> Integrated Sports Arena/Shared/Consultant - Arch Principal/<Select folder>
For Retail -> Retail/Shared/Consultant - Arch Principal/<Select folder>
For Club -> Club/Shared/Consultant - Arch Principal/<Select folder>",active,"","Please make sure you pick the correct target folder in which the files need to be copied to when approved, during initiating the approval process.",2025-05-21 10:43:37.71,2025-05-21 10:43:37.71
ab19a5a0-e4ba-4c96-9510-d05dfa9d743f,bf996092-8d66-408a-8d8e-5065ca3330c2,b8edcd70-28bb-4319-af76-e8f8c0a1cd67,f0ddf4e1-bb6a-48ee-aace-a1e036ee0ec0,ab19a5a0-e4ba-4c96-9510-d05dfa9d743f,Electrical-WIP to Shared(For SD Requirement),"Pick below target Folders based on the files / folder initiated for the Review.

For files/folders initiated in WIP

For Integrated Sports Arena -> Integrated Sports Arena/Shared/ Consultant - Electrical/SD Requirements
For Retail -> Retail/Shared/ Consultant - Electrical/SD Requirements
For Club -> Club/Shared/ Consultant - Electrical/SD Requirements",active,"","Please make sure correct target folder is picked in which the files need to be copied to when approved, during initiating the approval process.",2025-05-21 10:43:38.722,2025-05-21 10:43:38.722
18a18566-4c78-4a02-b142-a7ba52e55f4b,bf996092-8d66-408a-8d8e-5065ca3330c2,f6ab14eb-1a66-4ea5-8a0f-0afbda444403,0c8e25c4-57ab-4076-8486-c503e2cc28af,18a18566-4c78-4a02-b142-a7ba52e55f4b,EX9,"Pick below target Folders based on the files / folder initiated for the Review.

For files/folders initiated in Shared

For Integrated Sports Arena -> Integrated Sports Arena/Published/Consultant - Mechanical/<Select folder>
For Retail -> Retail/Published/Consultant - Mechanical/<Select folder>
For Club -> Club/Published/Consultant - Mechanical/<Select folder>",archived,"","Please make sure correct target folder is picked in which the files need to be copied to when approved, during initiating the approval process.",2025-05-21 10:55:05.541,2025-05-21 10:55:05.552
6a6a772e-24b9-407a-8b21-41a6b86a1572,bf996092-8d66-408a-8d8e-5065ca3330c2,f6ab14eb-1a66-4ea5-8a0f-0afbda444403,0c8e25c4-57ab-4076-8486-c503e2cc28af,6a6a772e-24b9-407a-8b21-41a6b86a1572,Compile Tender & BOQ,"Pick below target Folders based on the files / folder initiated for the Review.

For files/folders initiated in Shared

For Integrated Sports Arena -> Integrated Sports Arena/Published/ Consultant - Arch Principal/Tender & BOQ
For Retail -> Retail/Published/Consultant - Arch Principal/Tender & BOQ
For Club -> Club/Published/Consultant - Arch Principal/Tender & BOQ",active,"","Please make sure correct target folder is picked in which the files need to be copied to when approved, during initiating the approval process.",2025-05-21 10:55:07.192,2025-05-21 10:55:07.192
30d4293c-3d1a-4a94-8c82-4db81ccc96ed,bf996092-8d66-408a-8d8e-5065ca3330c2,f6ab14eb-1a66-4ea5-8a0f-0afbda444403,0c8e25c4-57ab-4076-8486-c503e2cc28af,30d4293c-3d1a-4a94-8c82-4db81ccc96ed,Lighting-Shared to Published,"In the Target Folder Box please select the intended folder in which the approved/commented file shall be saved. This is a mandatory step for the initiator

For Example:
For files/folders initiated in shared  the initiator shall follow the following

For Centre point-Gomti Nagar -> Centre point-Gomti Nagar/publish/Consultant - Lighting/<Select folder>",active,"","Please make sure correct target folder is picked in which the files need to be copied to when approved, during initiating the approval process.",2025-05-21 10:55:04.333,2025-06-17 07:03:40.429
341fdcf8-c644-48ac-871b-5de34fb769fc,bf996092-8d66-408a-8d8e-5065ca3330c2,f6ab14eb-1a66-4ea5-8a0f-0afbda444403,0c8e25c4-57ab-4076-8486-c503e2cc28af,341fdcf8-c644-48ac-871b-5de34fb769fc,EX7,"Pick below target Folders based on the files / folder initiated for the Review.

For files/folders initiated in WIP 

Integrated Sports Arena -> Integrated Sports Arena/Shared/ Consultant - Vertical Transport/<Select folder>
For Retail -> Retail/Shared/ Consultant - Vertical Transport/<Select folder>
For Club -> Club/Shared/ Consultant - Vertical Transport/<Select folder>

For files/folders initiated in Shared

Integrated Sports Arena -> Integrated Sports Arena/Published/ Consultant - Vertical Transport<Select folder>
For Retail -> Retail/Published/ Consultant - Vertical Transport/<Select folder>
For Club -> Club/Published/ Consultant - Vertical Transport/<Select folder>",archived,"","Please make sure correct target folder is picked in which the files need to be copied to when approved, during initiating the approval process.",2025-05-21 10:55:08.396,2025-05-21 10:55:08.409
df5618df-3428-4c52-8a4a-08969569752a,bf996092-8d66-408a-8d8e-5065ca3330c2,f6ab14eb-1a66-4ea5-8a0f-0afbda444403,0c8e25c4-57ab-4076-8486-c503e2cc28af,df5618df-3428-4c52-8a4a-08969569752a,EX10,"Pick below target Folders based on the files / folder initiated for the Review.

For files/folders initiated in Shared

Mechanical:

For Integrated Sports Arena -> Integrated Sports Arena/Published/ Consultant - Mechanical / Service Estimate
For Retail -> Retail/Published/ Consultant - Mechanical / Service Estimate
For Club -> Club/Published/ Consultant - Mechanical / Service Estimate


Electrical:

For Integrated Sports Arena -> Integrated Sports Arena/Published/ Consultant - Electrical / Service Estimate
For Retail -> Retail/Published/ Consultant - Electrical / Service Estimate
For Club -> Club/Published/ Consultant - Electrical / Service Estimate

Plumbing:

For Integrated Sports Arena -> Integrated Sports Arena/Published/ Consultant - Plumbing/SD Requirements/Service Estimate
For Retail -> Retail/Published/ Consultant - Plumbing/SD Requirements/Service Estimate
For Club -> Club/Published/ Consultant - Plumbing/SD Requirements/Service Estimate",archived,"","Please make sure correct target folder is picked in which the files need to be copied to when approved, during initiating the approval process.",2025-05-21 10:55:09.563,2025-05-21 10:55:09.573
e78c1cb3-bca0-43f0-a2ba-eb8092e08419,bf996092-8d66-408a-8d8e-5065ca3330c2,f6ab14eb-1a66-4ea5-8a0f-0afbda444403,0c8e25c4-57ab-4076-8486-c503e2cc28af,e78c1cb3-bca0-43f0-a2ba-eb8092e08419,Mechanical-Shared to Published(For DBR),"In the Target Folder Box please select the intended folder in which the approved/commented file shall be saved. This is a mandatory step for the initiator

For Example:
For files/folders initiated in shared  the initiator shall follow the following

For Centre point-Gomti Nagar -> Centre point-Gomti Nagar/publish/Consultant - Mechanical/<Select folder>",active,"","Please make sure you pick the correct target folder in which the files need to be copied to when approved, during initiating the approval process.",2025-05-21 10:55:10.726,2025-06-17 07:07:46.943
b7c0d7d0-4ded-42ac-93bd-a40cbd7ea645,bf996092-8d66-408a-8d8e-5065ca3330c2,f6ab14eb-1a66-4ea5-8a0f-0afbda444403,0c8e25c4-57ab-4076-8486-c503e2cc28af,b7c0d7d0-4ded-42ac-93bd-a40cbd7ea645,EX-6,"Pick below target Folders based on the files / folder initiated for the Review.

For Integrated Sports Arena -> Integrated Sports Arena/Shared/Consultant - Mechanical/<Select folder>

For Retail -> Retail/Shared/Consultant - Mechanical/<Select folder>

For Club -> Club/Shared/Consultant - Mechanical/<Select folder>",archived,"","Please make sure you pick the correct target folder in which the files need to be copied to when approved, during initiating the approval process.",2025-05-21 10:55:12.022,2025-05-21 10:55:12.035
9a3eba43-41c8-4dd6-8f07-4eea60bfe5ab,bf996092-8d66-408a-8d8e-5065ca3330c2,f6ab14eb-1a66-4ea5-8a0f-0afbda444403,0c8e25c4-57ab-4076-8486-c503e2cc28af,9a3eba43-41c8-4dd6-8f07-4eea60bfe5ab,Structure-Shared to Published(For BP Framing Plan),"In the Target Folder Box please select the intended folder in which the approved/commented file shall be saved. This is a mandatory step for the initiator

For Example:
For files/folders initiated in shared  the initiator shall follow the following

For Centre point-Gomti Nagar -> Centre point-Gomti Nagar/publish/Consultant -Structure<Select folder>",active,"","Please make sure correct target folder is picked in which the files need to be copied to when approved, during initiating the approval process.",2025-05-21 10:55:14.928,2025-06-17 08:48:16.411
8109132b-c450-4113-a313-0cf4e8393257,bf996092-8d66-408a-8d8e-5065ca3330c2,f6ab14eb-1a66-4ea5-8a0f-0afbda444403,0c8e25c4-57ab-4076-8486-c503e2cc28af,8109132b-c450-4113-a313-0cf4e8393257,Architecture-Shared to Published(For SD & DD),"In the Target Folder Box please select the intended folder in which the approved/commented file shall be saved. This is a mandatory step for the initiator

For Example:
For files/folders initiated in shared  the initiator shall follow the following

For Centre point-Gomti Nagar -> Centre point-Gomti Nagar/publish/Consultant - Arch Principal/<Select folder>",active,"","Please make sure correct target folder is picked in which the files need to be copied to when approved, during initiating the approval process.",2025-05-21 10:55:13.732,2025-06-17 06:27:19.363
0050e7ba-e13c-4c90-b981-b61d53af3aed,bf996092-8d66-408a-8d8e-5065ca3330c2,f6ab14eb-1a66-4ea5-8a0f-0afbda444403,0c8e25c4-57ab-4076-8486-c503e2cc28af,0050e7ba-e13c-4c90-b981-b61d53af3aed,Landscape-Shared to Published,"In the Target Folder Box please select the intended folder in which the approved/commented file shall be saved. This is a mandatory step for the initiator

For Example:
For files/folders initiated in shared  the initiator shall follow the following

For Centre point-Gomti Nagar -> Centre point-Gomti Nagar/publish/Consultant - Landscape/<Select folder>",active,"","Please make sure correct target folder is picked in which the files need to be copied to when approved, during initiating the approval process.",2025-05-21 10:55:17.331,2025-06-17 06:55:37.465
e3f9b97c-06b4-4b1b-8a21-554b2acbec8a,bf996092-8d66-408a-8d8e-5065ca3330c2,f6ab14eb-1a66-4ea5-8a0f-0afbda444403,0c8e25c4-57ab-4076-8486-c503e2cc28af,e3f9b97c-06b4-4b1b-8a21-554b2acbec8a,Signage-Shared to Published,"In the Target Folder Box please select the intended folder in which the approved/commented file shall be saved. This is a mandatory step for the initiator

For Example:
For files/folders initiated in shared  the initiator shall follow the following

For Centre point-Gomti Nagar -> Centre point-Gomti Nagar/publish/Consultant -Signage<Select folder>",active,"","Please make sure correct target folder is picked in which the files need to be copied to when approved, during initiating the approval process.",2025-05-21 10:55:19.676,2025-06-17 08:40:38.994
602c61e3-3866-48cd-ad76-168aa2feb685,bf996092-8d66-408a-8d8e-5065ca3330c2,f6ab14eb-1a66-4ea5-8a0f-0afbda444403,0c8e25c4-57ab-4076-8486-c503e2cc28af,602c61e3-3866-48cd-ad76-168aa2feb685,"Electrical-Shared to Published(For SD, DD & GFC)","In the Target Folder Box please select the intended folder in which the approved/commented file shall be saved. This is a mandatory step for the initiator

For Example:
For files/folders initiated in shared  the initiator shall follow the following

For Centre point-Gomti Nagar -> Centre point-Gomti Nagar/publish/Consultant - Electrical/<Select folder>",active,"","Please make sure correct target folder is picked in which the files need to be copied to when approved, during initiating the approval process.",2025-05-21 10:55:20.846,2025-08-28 10:20:22.026
ff29f791-6bb1-4da6-8e92-11fa4d7ed07e,bf996092-8d66-408a-8d8e-5065ca3330c2,f6ab14eb-1a66-4ea5-8a0f-0afbda444403,0c8e25c4-57ab-4076-8486-c503e2cc28af,ff29f791-6bb1-4da6-8e92-11fa4d7ed07e,EX4,"Pick below target Folders based on the files / folder initiated for the Review.

For files/folders initiated in WIP

For Integrated Sports Arena -> Integrated Sports Arena/Shared/ Consultant - Plumbing/ DBR
For Retail -> Retail/Shared/Consultant - Plumbing/DBR
For Club -> Club/Shared/Consultant - Plumbing/DBR

For files/folders initiated in Shared

For Integrated Sports Arena -> Integrated Sports Arena/Published/ Consultant - Plumbing/ DBR
For Retail -> Retail/Published/Consultant - Plumbing/DBR
For Club -> Club/Published/Consultant - Plumbing/DBR",archived,"","Please make sure correct target folder is picked in which the files need to be copied to when approved, during initiating the approval process.",2025-05-21 10:55:23.289,2025-05-21 10:55:23.301
8c2bce33-cffd-47b6-9174-e761ff1069c2,bf996092-8d66-408a-8d8e-5065ca3330c2,f6ab14eb-1a66-4ea5-8a0f-0afbda444403,0c8e25c4-57ab-4076-8486-c503e2cc28af,8c2bce33-cffd-47b6-9174-e761ff1069c2,Mechanical-WIP to Shared(For All WIP Files),"In the Target Folder Box please select the intended folder in which the approved/commented file shall be saved. This is a mandatory step for the initiator

For Example:
For files/folders initiated in WIP  the initiator shall follow the following

For Centre point-Gomti Nagar -> Centre point-Gomti Nagar/publish/Consultant - Mechanical/<Select folder>",active,"","Please make sure you pick the correct target folder in which the files need to be copied to when approved, during initiating the approval process.",2025-05-21 10:55:22.087,2025-06-17 08:30:50.436
8d871888-7c97-4be5-baf2-a3f83e95531b,bf996092-8d66-408a-8d8e-5065ca3330c2,f6ab14eb-1a66-4ea5-8a0f-0afbda444403,0c8e25c4-57ab-4076-8486-c503e2cc28af,8d871888-7c97-4be5-baf2-a3f83e95531b,Mechanical-WIP to Shared(For SD Requirement),"In the Target Folder Box please select the intended folder in which the approved/commented file shall be saved. This is a mandatory step for the initiator

For Example:
For files/folders initiated in WIP the initiator shall follow the following

For Centre point-Gomti Nagar -> Centre point-Gomti Nagar/publish/Consultant - Mechanical/<Select folder>",active,"","Please make sure correct target folder is picked in which the files need to be copied to when approved, during initiating the approval process.",2025-05-21 10:55:28.676,2025-06-17 08:32:07.259
42c6639a-5038-4921-8ae4-36e82fe66098,bf996092-8d66-408a-8d8e-5065ca3330c2,f6ab14eb-1a66-4ea5-8a0f-0afbda444403,0c8e25c4-57ab-4076-8486-c503e2cc28af,42c6639a-5038-4921-8ae4-36e82fe66098,Structure - WIP to Shared (For WIP files),"In the Target Folder Box please select the intended folder in which the approved/commented file shall be saved. This is a mandatory step for the initiator

For Example:
For files/folders initiated in WIP the initiator shall follow the following

For Centre point-Gomti Nagar -> Centre point-Gomti Nagar/publish/Consultant -Structure<Select folder>",active,"","Please make sure correct target folder is picked in which the files need to be copied to when approved, during initiating the approval process.",2025-05-21 10:55:29.878,2025-06-20 04:40:36.707
cfbc50bf-a862-4dcd-bc44-3c3fb0606fab,bf996092-8d66-408a-8d8e-5065ca3330c2,f6ab14eb-1a66-4ea5-8a0f-0afbda444403,0c8e25c4-57ab-4076-8486-c503e2cc28af,cfbc50bf-a862-4dcd-bc44-3c3fb0606fab,Contracts - Shared to Published (For Miscellaneous Approvals) (1-Step Workflow),"In the Target Folder Box please select the intended folder in which the approved/commented file shall be saved. This is a mandatory step for the initiator.

For Example:
For files/folders initiated in WIP the initiator shall follow the following

For Integrated Sports Arena -> Integrated Sports Arena/Shared/Consultant - Arch Principal/<Select folder>
For Retail -> Retail/Shared/Consultant - Arch Principal/<Select folder>
For Club -> Club/Shared/Consultant - Arch Principal/<Select folder>",active,"","Please make sure you pick the correct target folder in which the files need to be copied to when approved, during initiating the approval process.",2025-05-21 10:55:31.168,2025-05-21 10:55:31.168
c4283ee8-c50f-43c3-b7a3-bae062dc89f3,bf996092-8d66-408a-8d8e-5065ca3330c2,f6ab14eb-1a66-4ea5-8a0f-0afbda444403,0c8e25c4-57ab-4076-8486-c503e2cc28af,c4283ee8-c50f-43c3-b7a3-bae062dc89f3,EX11,"Pick below target Folders based on the files / folder initiated for the Review.

For files/folders initiated in WIP 

Integrated Sports Arena -> Integrated Sports Arena/Shared/ Consultant - Roof Consultant/<Select folder>
For Retail -> Retail/Shared/Consultant - Roof Consultant/<Select folder>
For Club -> Club/Shared/Consultant - Roof Consultant/<Select folder>

For files/folders initiated in Shared

For Integrated Sports Arena -> Integrated Sports Arena/Published/ Consultant - Roof Consultant/<Select folder>
For Retail -> Retail/Published/Consultant - Roof Consultant/<Select folder>
For Club -> Club/Published/Consultant - Roof Consultant/<Select folder>",archived,"","Please make sure correct target folder is picked in which the files need to be copied to when approved, during initiating the approval process.",2025-05-21 10:55:34.716,2025-05-21 10:55:34.727
10ec95d6-8864-4bd6-a55e-3f00f5a837d9,bf996092-8d66-408a-8d8e-5065ca3330c2,f6ab14eb-1a66-4ea5-8a0f-0afbda444403,0c8e25c4-57ab-4076-8486-c503e2cc28af,10ec95d6-8864-4bd6-a55e-3f00f5a837d9,Wind Tunnel Analysis-Shared to Published,"In the Target Folder Box please select the intended folder in which the approved/commented file shall be saved. This is a mandatory step for the initiator

For Example:
For files/folders initiated in shared  the initiator shall follow the following

For Centre point-Gomti Nagar -> Centre point-Gomti Nagar/publish/Consultant -Wind Tunnel Analysi<Select folder>",active,"","Please make sure correct target folder is picked in which the files need to be copied to when approved, during initiating the approval process.",2025-05-21 10:55:33.515,2025-06-17 08:55:08.35
165d73f9-2e14-49e1-b219-7cc1948114de,bf996092-8d66-408a-8d8e-5065ca3330c2,f6ab14eb-1a66-4ea5-8a0f-0afbda444403,0c8e25c4-57ab-4076-8486-c503e2cc28af,165d73f9-2e14-49e1-b219-7cc1948114de,EX2,"Pick below target Folders based on the files / folder initiated for the Review.

For files/folders initiated in Shared

For Integrated Sports Arena -> Integrated Sports Arena/Published/Consultant - Electrical/<Select folder>
For Retail -> Retail/Published/Consultant - Electrical/<Select folder>
For Club -> Club/Published/Consultant - Electrical/<Select folder>",archived,"","Please make sure correct target folder is picked in which the files need to be copied to when approved, during initiating the approval process.",2025-05-21 10:55:38.253,2025-05-21 10:55:38.268
6fe7117d-f611-40e3-8878-43721ce691f2,bf996092-8d66-408a-8d8e-5065ca3330c2,f6ab14eb-1a66-4ea5-8a0f-0afbda444403,0c8e25c4-57ab-4076-8486-c503e2cc28af,6fe7117d-f611-40e3-8878-43721ce691f2,"Structure - Shared to Published (For SD, DD & GFC)","In the Target Folder Box please select the intended folder in which the approved/commented file shall be saved. This is a mandatory step for the initiator

For Example:
For files/folders initiated in shared  the initiator shall follow the following

For Centre point-Gomti Nagar -> Centre point-Gomti Nagar/publish/Consultant -Structure<Select folder>",active,"","Please make sure correct target folder is picked in which the files need to be copied to when approved, during initiating the approval process.",2025-05-21 10:55:35.93,2025-06-17 08:44:16.27
d247f128-c692-4bf8-841c-2d53c1bd1293,bf996092-8d66-408a-8d8e-5065ca3330c2,f6ab14eb-1a66-4ea5-8a0f-0afbda444403,0c8e25c4-57ab-4076-8486-c503e2cc28af,d247f128-c692-4bf8-841c-2d53c1bd1293,"Architecture-Shared to Published(For Concept, Tender & BOQ, BP, GFC & DBR)","Pick below target Folders based on the files / folder initiated for the Review.

For files/folders initiated in WIP

For Integrated Sports Arena -> Integrated Sports Arena/Shared/Consultant - Arch Principal/<Select folder>
For Retail -> Retail/Shared/Consultant - Arch Principal/<Select folder>
For Club -> Club/Shared/Consultant - Arch Principal/<Select folder>

For files/folders initiated in Shared

For Integrated Sports Arena -> Integrated Sports Arena/Published/Consultant - Arch Principal/<Select folder>
For Retail -> Retail/Published/Consultant - Arch Principal/<Select folder>
For Club -> Club/Published/Consultant - Arch Principal/<Select folder>",active,"","Please make sure you pick the correct target folder in which the files need to be copied to when approved, during initiating the approval process.",2025-05-21 10:55:39.453,2025-05-21 10:55:39.453
8481161a-4251-4f5d-8af4-4ee1c224d72c,bf996092-8d66-408a-8d8e-5065ca3330c2,f6ab14eb-1a66-4ea5-8a0f-0afbda444403,0c8e25c4-57ab-4076-8486-c503e2cc28af,8481161a-4251-4f5d-8af4-4ee1c224d72c,Contracts - Shared to Published (For Work Order or Amendment) (1-Step Workflow),"In the Target Folder Box please select the intended folder in which the approved/commented file shall be saved. This is a mandatory step for the initiator.

For Example:
For files/folders initiated in WIP the initiator shall follow the following

For Integrated Sports Arena -> Integrated Sports Arena/Shared/Consultant - Arch Principal/<Select folder>
For Retail -> Retail/Shared/Consultant - Arch Principal/<Select folder>
For Club -> Club/Shared/Consultant - Arch Principal/<Select folder>",active,"","Please make sure you pick the correct target folder in which the files need to be copied to when approved, during initiating the approval process.",2025-05-21 10:55:41.859,2025-05-21 10:55:41.859
c024d373-f65b-4c2b-950e-de3edbecb317,bf996092-8d66-408a-8d8e-5065ca3330c2,f6ab14eb-1a66-4ea5-8a0f-0afbda444403,0c8e25c4-57ab-4076-8486-c503e2cc28af,c024d373-f65b-4c2b-950e-de3edbecb317,Plumbing & Firefighting-Shared to Published(For WIP and Tender & BOQ),"In the Target Folder Box please select the intended folder in which the approved/commented file shall be saved. This is a mandatory step for the initiator

For Example:
For files/folders initiated in shared  the initiator shall follow the following

For Centre point-Gomti Nagar -> Centre point-Gomti Nagar/publish/Consultant - Plumbing & Firefighting/<Select folder>",active,"","Please make sure you pick the correct target folder in which the files need to be copied to when approved, during initiating the approval process.",2025-05-21 10:55:40.676,2025-06-17 08:36:22.276
e6307c20-924e-4410-8088-5431fe53f2b9,bf996092-8d66-408a-8d8e-5065ca3330c2,f6ab14eb-1a66-4ea5-8a0f-0afbda444403,0c8e25c4-57ab-4076-8486-c503e2cc28af,e6307c20-924e-4410-8088-5431fe53f2b9,"Plumbing & Firefighting-Shared to Published(For SD, DD & GFC)","In the Target Folder Box please select the intended folder in which the approved/commented file shall be saved. This is a mandatory step for the initiator

For Example:
For files/folders initiated in shared  the initiator shall follow the following

For Centre point-Gomti Nagar -> Centre point-Gomti Nagar/publish/Consultant - Plumbing & Firefighting/<Select folder>",active,"","Please make sure correct target folder is picked in which the files need to be copied to when approved, during initiating the approval process.",2025-05-21 10:55:46.548,2025-06-17 08:35:29.33
8fb09dd9-7200-4dfc-a3e2-2df442042571,bf996092-8d66-408a-8d8e-5065ca3330c2,f6ab14eb-1a66-4ea5-8a0f-0afbda444403,0c8e25c4-57ab-4076-8486-c503e2cc28af,8fb09dd9-7200-4dfc-a3e2-2df442042571,Structure - WIP to Shared (For DBR),"In the Target Folder Box please select the intended folder in which the approved/commented file shall be saved. This is a mandatory step for the initiator

For Example:
For files/folders initiated in WIP  the initiator shall follow the following

For Centre point-Gomti Nagar -> Centre point-Gomti Nagar/publish/Consultant -Structure<Select folder>",active,"","Please make sure correct target folder is picked in which the files need to be copied to when approved, during initiating the approval process.",2025-05-21 10:55:45.404,2025-06-17 08:45:27.446
3d564c1e-2071-40ce-ae2e-fb0d919f7fd1,bf996092-8d66-408a-8d8e-5065ca3330c2,f6ab14eb-1a66-4ea5-8a0f-0afbda444403,0c8e25c4-57ab-4076-8486-c503e2cc28af,3d564c1e-2071-40ce-ae2e-fb0d919f7fd1,Ex-3,"Pick below target Folders based on the files / folder initiated for the Review.

For files/folders initiated in Shared

For Integrated Sports Arena -> Integrated Sports Arena/Published/Consultant - Plumbing/<Select folder>
For Retail -> Retail/Published/Consultant - Plumbing/<Select folder>
For Club -> Club/Published/Consultant - Plumbing/<Select folder>",archived,"","Please make sure correct target folder is picked in which the files need to be copied to when approved, during initiating the approval process.",2025-05-21 10:55:49.459,2025-05-21 10:55:49.47
7d9b6b52-1294-430b-b642-424398ccac97,bf996092-8d66-408a-8d8e-5065ca3330c2,f6ab14eb-1a66-4ea5-8a0f-0afbda444403,0c8e25c4-57ab-4076-8486-c503e2cc28af,7d9b6b52-1294-430b-b642-424398ccac97,"Architecture - WIP to Shared(For Concept, SD,DD, BP, DBR, BOQ etc)","In the Target Folder Box please select the intended folder in which the approved/commented file shall be saved. This is a mandatory step for the initiator.

For Example:
For files/folders initiated in WIP the initiator shall follow the following

For Centre point-Gomti Nagar -> Centre point-Gomti Nagar/Shared/Consultant - Arch Principal/<Select folder>",active,"","Please make sure you pick the correct target folder in which the files need to be copied to when approved, during initiating the approval process.",2025-05-21 10:55:51.843,2025-06-17 06:12:20.475
ba18e4c1-de4b-41cf-a385-c6c624876741,bf996092-8d66-408a-8d8e-5065ca3330c2,f6ab14eb-1a66-4ea5-8a0f-0afbda444403,0c8e25c4-57ab-4076-8486-c503e2cc28af,ba18e4c1-de4b-41cf-a385-c6c624876741,Contracts - Work Order Approval (2-Step Workflow),"In the Target Folder Box please select the intended folder in which the approved/commented file shall be saved. This is a mandatory step for the initiator.

For Example:
For files/folders initiated in WIP the initiator shall follow the following

For Integrated Sports Arena -> Integrated Sports Arena/Shared/Consultant - Arch Principal/<Select folder>
For Retail -> Retail/Shared/Consultant - Arch Principal/<Select folder>
For Club -> Club/Shared/Consultant - Arch Principal/<Select folder>",active,"","Please make sure you pick the correct target folder in which the files need to be copied to when approved, during initiating the approval process.",2025-05-21 10:55:55.359,2025-05-21 10:55:55.359
b78201b8-c90e-4ea6-9555-62f012ecf5c0,bf996092-8d66-408a-8d8e-5065ca3330c2,f6ab14eb-1a66-4ea5-8a0f-0afbda444403,0c8e25c4-57ab-4076-8486-c503e2cc28af,b78201b8-c90e-4ea6-9555-62f012ecf5c0,EX12,"Pick below target Folders based on the files / folder initiated for the Review.

For files/folders initiated in WIP 

Integrated Sports Arena -> Integrated Sports Arena/Shared/ Consultant - Environmental Clearance/<Select folder>
For Retail -> Retail/Shared/Consultant - Environmental Clearance/<Select folder>
For Club -> Club/Shared/Consultant - Environmental Clearance/<Select folder>

For files/folders initiated in Shared

For Integrated Sports Arena -> Integrated Sports Arena/Published/ Consultant - Environmental Clearance/<Select folder>
For Retail -> Retail/Published/Consultant - Environmental Clearance/<Select folder>
For Club -> Club/Published/Consultant - Environmental Clearance/<Select folder>",archived,"","Please make sure correct target folder is picked in which the files need to be copied to when approved, during initiating the approval process.",2025-05-21 10:55:56.554,2025-05-21 10:55:56.564
f1d42d5e-cd6a-418e-a3bf-6beb8a0ea148,bf996092-8d66-408a-8d8e-5065ca3330c2,f6ab14eb-1a66-4ea5-8a0f-0afbda444403,0c8e25c4-57ab-4076-8486-c503e2cc28af,f1d42d5e-cd6a-418e-a3bf-6beb8a0ea148,Traffic Analysis-WIP Shared,"In the Target Folder Box please select the intended folder in which the approved/commented file shall be saved. This is a mandatory step for the initiator

For Example:
For files/folders initiated in WIP the initiator shall follow the following

For Centre point-Gomti Nagar -> Centre point-Gomti Nagar/publish/Consultant -Traffic Analysis<Select folder>",active,"","Please make sure you pick the correct target folder in which the files need to be copied to when approved, during initiating the approval process.",2025-05-21 10:55:54.204,2025-06-20 04:38:40.717
9e58727b-acc3-4289-bf3a-8a97f44f8fa9,bf996092-8d66-408a-8d8e-5065ca3330c2,f6ab14eb-1a66-4ea5-8a0f-0afbda444403,0c8e25c4-57ab-4076-8486-c503e2cc28af,9e58727b-acc3-4289-bf3a-8a97f44f8fa9,Signage-WIP to Shared,"In the Target Folder Box please select the intended folder in which the approved/commented file shall be saved. This is a mandatory step for the initiator

For Example:
For files/folders initiated in WIP the initiator shall follow the following

For Centre point-Gomti Nagar -> Centre point-Gomti Nagar/publish/Consultant -Signage<Select folder>",active,"","Please make sure correct target folder is picked in which the files need to be copied to when approved, during initiating the approval process.",2025-05-21 10:55:58.905,2025-06-17 08:41:22.817
08fefa6b-695d-455e-a29a-30c76651796c,bf996092-8d66-408a-8d8e-5065ca3330c2,f6ab14eb-1a66-4ea5-8a0f-0afbda444403,0c8e25c4-57ab-4076-8486-c503e2cc28af,08fefa6b-695d-455e-a29a-30c76651796c,Vertical Transport-WIP to Shared,"In the Target Folder Box please select the intended folder in which the approved/commented file shall be saved. This is a mandatory step for the initiator

For Example:
For files/folders initiated in WIP  the initiator shall follow the following

For Centre point-Gomti Nagar -> Centre point-Gomti Nagar/publish/Consultant -Vertical Transport<Select folder>",active,"","Please make sure correct target folder is picked in which the files need to be copied to when approved, during initiating the approval process.",2025-05-21 10:56:02.515,2025-06-17 08:54:06.877
813172cc-7716-4c08-b804-093464fb73c3,bf996092-8d66-408a-8d8e-5065ca3330c2,f6ab14eb-1a66-4ea5-8a0f-0afbda444403,0c8e25c4-57ab-4076-8486-c503e2cc28af,813172cc-7716-4c08-b804-093464fb73c3,Wind Tunnel Analysis-WIP to Shared,"In the Target Folder Box please select the intended folder in which the approved/commented file shall be saved. This is a mandatory step for the initiator

For Example:
For files/folders initiated in shared  the initiator shall follow the following

For Centre point-Gomti Nagar -> Centre point-Gomti Nagar/publish/Consultant -Wind Tunnel Analysi<Select folder>",active,"","Please make sure correct target folder is picked in which the files need to be copied to when approved, during initiating the approval process.",2025-05-21 10:56:00.072,2025-06-17 08:56:38.949
f733c484-6787-47d1-8a3e-f73a03c87aa8,bf996092-8d66-408a-8d8e-5065ca3330c2,f6ab14eb-1a66-4ea5-8a0f-0afbda444403,0c8e25c4-57ab-4076-8486-c503e2cc28af,f733c484-6787-47d1-8a3e-f73a03c87aa8,Electrical-Shared to Published(For DBR),"In the Target Folder Box please select the intended folder in which the approved/commented file shall be saved. This is a mandatory step for the initiator

For Example:
For files/folders initiated in shared  the initiator shall follow the following

For Centre point-Gomti Nagar -> Centre point-Gomti Nagar/publish/Consultant - Electrical/<Select folder>",active,"","Please make sure you pick the correct target folder in which the files need to be copied to when approved, during initiating the approval process.",2025-05-21 10:56:06.492,2025-06-17 06:29:47.176
7d83d608-94e2-47bb-be14-bdd4167d5502,bf996092-8d66-408a-8d8e-5065ca3330c2,f6ab14eb-1a66-4ea5-8a0f-0afbda444403,0c8e25c4-57ab-4076-8486-c503e2cc28af,7d83d608-94e2-47bb-be14-bdd4167d5502,Structure Peer Review - WIP to Shared,"In the Target Folder Box please select the intended folder in which the approved/commented file shall be saved. This is a mandatory step for the initiator

For Example:
For files/folders initiated in WIP  the initiator shall follow the following

For Centre point-Gomti Nagar -> Centre point-Gomti Nagar/publish/Consultant -Structure<Select folder>",active,"","Please make sure correct target folder is picked in which the files need to be copied to when approved, during initiating the approval process.",2025-05-21 10:56:04.837,2025-06-17 08:47:12.35
56e9072d-f94c-429c-9acf-8053b64d9dda,bf996092-8d66-408a-8d8e-5065ca3330c2,f6ab14eb-1a66-4ea5-8a0f-0afbda444403,0c8e25c4-57ab-4076-8486-c503e2cc28af,56e9072d-f94c-429c-9acf-8053b64d9dda,EX1,"Pick below target Folders based on the files / folder initiated for the Review.

For files/folders initiated in WIP

For Integrated Sports Arena -> Integrated Sports Arena/Shared/ Consultant - Electrical / DBR
For Retail -> Retail/Shared/Consultant - Electrical /DBR
For Club -> Club/Shared/Consultant - Electrical /DBR

For files/folders initiated in Shared

For Integrated Sports Arena -> Integrated Sports Arena/Published/ Consultant - Electrical /DBR
For Retail -> Retail/Published/Consultant - Electrical /DBR
For Club -> Club/Published/Consultant - Electrical /DBR",archived,"","Please make sure correct target folder is picked in which the files need to be copied to when approved, during initiating the approval process.",2025-05-21 10:56:07.703,2025-05-21 10:56:07.729
8c2d8ecc-2610-4d0e-ac10-a8ddb543bd38,bf996092-8d66-408a-8d8e-5065ca3330c2,f6ab14eb-1a66-4ea5-8a0f-0afbda444403,0c8e25c4-57ab-4076-8486-c503e2cc28af,8c2d8ecc-2610-4d0e-ac10-a8ddb543bd38,EX8,"Pick below target Folders based on the files / folder initiated for the Review.

For files/folders initiated in WIP 

Integrated Sports Arena -> Integrated Sports Arena/Shared/ Consultant - Vertical Transport/<Select folder>
For Retail -> Retail/Shared/ Consultant - Vertical Transport/<Select folder>
For Club -> Club/Shared/ Consultant - Vertical Transport/<Select folder>

For files/folders initiated in Shared

Integrated Sports Arena -> Integrated Sports Arena/Published/ Consultant - Vertical Transport<Select folder>
For Retail -> Retail/Published/ Consultant - Vertical Transport/<Select folder>
For Club -> Club/Published/ Consultant - Vertical Transport/<Select folder>",archived,"","Please make sure correct target folder is picked in which the files need to be copied to when approved, during initiating the approval process.",2025-05-21 10:56:09.049,2025-05-21 10:56:09.059
abc60150-5c46-48f3-b4c1-adc6e123853a,bf996092-8d66-408a-8d8e-5065ca3330c2,f6ab14eb-1a66-4ea5-8a0f-0afbda444403,0c8e25c4-57ab-4076-8486-c503e2cc28af,abc60150-5c46-48f3-b4c1-adc6e123853a,Plumbing & Firefighting-Shared to Publish(For Fire Scheme Approval),"In the Target Folder Box please select the intended folder in which the approved/commented file shall be saved. This is a mandatory step for the initiator

For Example:
For files/folders initiated in shared  the initiator shall follow the following

For Centre point-Gomti Nagar -> Centre point-Gomti Nagar/publish/Consultant - Plumbing & Firefighting/<Select folder>",active,"","Please make sure correct target folder is picked in which the files need to be copied to when approved, during initiating the approval process.",2025-05-21 10:56:10.255,2025-06-17 08:34:11.365
62ef5eb8-f429-4a8a-8e82-5e64e8bee13c,bf996092-8d66-408a-8d8e-5065ca3330c2,f6ab14eb-1a66-4ea5-8a0f-0afbda444403,0c8e25c4-57ab-4076-8486-c503e2cc28af,62ef5eb8-f429-4a8a-8e82-5e64e8bee13c,EX-5,"Pick below target Folders based on the files / folder initiated for the Review.

For files/folders initiated in WIP

For Integrated Sports Arena -> Integrated Sports Arena/Shared/ Consultant - Plumbing/ DBR
For Retail -> Retail/Shared/Consultant - Plumbing/DBR
For Club -> Club/Shared/Consultant - Plumbing/DBR

For files/folders initiated in Shared

For Integrated Sports Arena -> Integrated Sports Arena/Published/ Consultant - Plumbing/ DBR
For Retail -> Retail/Published/Consultant - Plumbing/DBR
For Club -> Club/Published/Consultant - Plumbing/DBR",archived,"","Please make sure correct target folder is picked in which the files need to be copied to when approved, during initiating the approval process.",2025-05-21 10:56:12.639,2025-05-21 10:56:12.648
8c407c38-919b-4042-8d84-1795fccea044,bf996092-8d66-408a-8d8e-5065ca3330c2,f6ab14eb-1a66-4ea5-8a0f-0afbda444403,0c8e25c4-57ab-4076-8486-c503e2cc28af,8c407c38-919b-4042-8d84-1795fccea044,Structure Peer Reviw - Shared to Published,"Pick below target Folders based on the files / folder initiated for the Review.

For files/folders initiated in WIP 

Integrated Sports Arena -> Integrated Sports Arena/Shared/ Consultant - Structure /<Select folder>
For Retail -> Retail/Shared/Consultant - Structure/<Select folder>
For Club -> Club/Shared/Consultant - Structure/<Select folder>",active,"","Please make sure correct target folder is picked in which the files need to be copied to when approved, during initiating the approval process.",2025-05-21 10:56:16.157,2025-05-21 10:56:16.157
582cc233-2737-4201-8124-03ea692f4178,bf996092-8d66-408a-8d8e-5065ca3330c2,f6ab14eb-1a66-4ea5-8a0f-0afbda444403,0c8e25c4-57ab-4076-8486-c503e2cc28af,582cc233-2737-4201-8124-03ea692f4178,Traffic Analysis-Shared to Published,"In the Target Folder Box please select the intended folder in which the approved/commented file shall be saved. This is a mandatory step for the initiator

For Example:
For files/folders initiated in shared  the initiator shall follow the following

For Centre point-Gomti Nagar -> Centre point-Gomti Nagar/publish/Consultant -Traffic Analysis<Select folder>",active,"","Please make sure you pick the correct target folder in which the files need to be copied to when approved, during initiating the approval process.",2025-05-21 10:56:13.825,2025-06-17 08:49:16.154
8a0c95f1-42b9-4ca4-abde-498cca725c60,bf996092-8d66-408a-8d8e-5065ca3330c2,f6ab14eb-1a66-4ea5-8a0f-0afbda444403,0c8e25c4-57ab-4076-8486-c503e2cc28af,8a0c95f1-42b9-4ca4-abde-498cca725c60,"Contractor (AMITECH) - Shared to Published (For DPR, WPR, MPR & MISC)",In the Target Folder Box please select the intended folder in which the approved/commented file shall be saved. This is a mandatory step for the initiator.,active,"","Please make sure you pick the correct target folder in which the files need to be copied to when approved, during initiating the approval process.",2025-08-21 05:46:50.726,2025-08-27 11:41:16.851
0e0958ab-6248-433a-b73d-4857103946bf,bf996092-8d66-408a-8d8e-5065ca3330c2,23142979-9fb6-4fd3-bd82-62d7e0add75f,3e0c2985-dcb9-45da-8e36-282bc793185e,0e0958ab-6248-433a-b73d-4857103946bf,Structure-Shared to Published(For WIP and Tender & BOQ),"In the Target Folder Box please select the intended folder in which the approved/commented file shall be saved. This is a mandatory step for the initiator.

For Example:
For files/folders initiated in Shared the initiator shall follow the following

For Integrated Sports Arena -> Integrated Sports Arena/Shared/Consultant - Arch Principal/<Select folder>
For Retail -> Retail/Shared/Consultant - Arch Principal/<Select folder>
For Club -> Club/Shared/Consultant - Arch Principal/<Select folder>",active,"","Please make sure correct target folder is picked in which the files need to be copied to when approved, during initiating the approval process.",2025-03-07 10:11:08.378,2025-04-07 07:14:06.772
2d574687-be52-400c-8ff4-1f586783e762,bf996092-8d66-408a-8d8e-5065ca3330c2,23142979-9fb6-4fd3-bd82-62d7e0add75f,3e0c2985-dcb9-45da-8e36-282bc793185e,2d574687-be52-400c-8ff4-1f586783e762,Structure-Shared to Published(For BP Framing Plan),"In the Target Folder Box please select the intended folder in which the approved/commented file shall be saved. This is a mandatory step for the initiator.

For Example:
For files/folders initiated in Shared the initiator shall follow the following

For Integrated Sports Arena -> Integrated Sports Arena/Shared/Consultant - Arch Principal/<Select folder>
For Retail -> Retail/Shared/Consultant - Arch Principal/<Select folder>
For Club -> Club/Shared/Consultant - Arch Principal/<Select folder>",active,"","Please make sure correct target folder is picked in which the files need to be copied to when approved, during initiating the approval process.",2025-03-07 10:11:00.102,2025-04-07 05:28:58.998
1b33dfa4-0ed2-402e-81f6-07fe6bc05f4e,bf996092-8d66-408a-8d8e-5065ca3330c2,f679f4cf-c089-4a2b-9b84-b14129630601,08795234-20d9-43ad-ac42-ec174b8fad8e,1b33dfa4-0ed2-402e-81f6-07fe6bc05f4e,Structure-Shared to Published (For Client Approval Only),"",active,"","",2025-07-14 03:56:11.833,2025-07-14 03:56:11.833
15c941bd-9bec-4d8b-a445-ad46bbfa94d0,bf996092-8d66-408a-8d8e-5065ca3330c2,967e785d-d83c-490b-8d6a-2ed926c956ac,39036e63-f030-41c3-b6a6-7ed52887a739,15c941bd-9bec-4d8b-a445-ad46bbfa94d0,Structure - WIP to Shared (For DBR),"In the Target Folder Box please select the intended folder in which the approved/commented file shall be saved. This is a mandatory step for the initiator.

For Example:
For files/folders initiated in WIP  the initiator shall follow the following

For Vrindavan Courtyard -> Vrindavan Courtyard/Shared/Consultant -Structure/<Select folder>",active,"","Please make sure correct target folder is picked in which the files need to be copied to when approved, during initiating the approval process.",2025-03-21 06:46:54.983,2025-06-20 08:48:17.794
65f75f46-b172-487c-bed7-3ec70580bb58,bf996092-8d66-408a-8d8e-5065ca3330c2,967e785d-d83c-490b-8d6a-2ed926c956ac,39036e63-f030-41c3-b6a6-7ed52887a739,65f75f46-b172-487c-bed7-3ec70580bb58,Signage-WIP to Shared,"Pick below target Folders based on the files / folder initiated for the Review.

For files/folders initiated in WIP 

Integrated Sports Arena -> Integrated Sports Arena/Shared/ Consultant - Signage Design/<Select folder>
For Retail -> Retail/Shared/ Consultant - Signage Design/<Select folder>
For Club -> Club/Shared/ Consultant - Signage Design/<Select folder>

For files/folders initiated in Shared

Integrated Sports Arena -> Integrated Sports Arena/Published/ Consultant - Signage Design<Select folder>
For Retail -> Retail/Published/ Consultant - Signage Design/<Select folder>
For Club -> Club/Published/ Consultant - Signage Design/<Select folder>",active,"","Please make sure correct target folder is picked in which the files need to be copied to when approved, during initiating the approval process.",2025-03-21 06:46:35.588,2025-05-17 06:21:39.94
77fad0c6-37c6-46f6-b46d-c9368b42a222,bf996092-8d66-408a-8d8e-5065ca3330c2,2f551e7d-05e6-4bfc-8ee1-0ef3a8487c11,510bcc50-d295-4739-9f95-4b32a2831271,77fad0c6-37c6-46f6-b46d-c9368b42a222,Vertical Transport-Shared to Published (For Lift & Escalator),"In the Target Folder Box please select the intended folder in which the approved/commented file shall be saved. This is a mandatory step for the initiator.

For Example:
For files/folders initiated in Shared the initiator shall follow the following

For Integrated Sports Arena -> Integrated Sports Arena/Shared/Consultant - Arch Principal/<Select folder>
For Retail -> Retail/Shared/Consultant - Arch Principal/<Select folder>
For Club -> Club/Shared/Consultant - Arch Principal/<Select folder>",active,"","Please make sure correct target folder is picked in which the files need to be copied to when approved, during initiating the approval process.",2025-05-01 11:07:48.254,2025-05-01 11:31:39.443
585a626c-85fd-41e9-b5ba-544df1905471,bf996092-8d66-408a-8d8e-5065ca3330c2,2f551e7d-05e6-4bfc-8ee1-0ef3a8487c11,510bcc50-d295-4739-9f95-4b32a2831271,585a626c-85fd-41e9-b5ba-544df1905471,Vertical Transport-WIP to Shared (For Lift & Escalator),"In the Target Folder Box please select the intended folder in which the approved/commented file shall be saved. This is a mandatory step for the initiator.

For Example:
For files/folders initiated in WIP the initiator shall follow the following

For Integrated Sports Arena -> Integrated Sports Arena/Shared/Consultant - Arch Principal/<Select folder>
For Retail -> Retail/Shared/Consultant - Arch Principal/<Select folder>
For Club -> Club/Shared/Consultant - Arch Principal/<Select folder>",active,"","Please make sure correct target folder is picked in which the files need to be copied to when approved, during initiating the approval process.",2025-05-01 11:09:10.75,2025-08-12 10:47:31.758
82c888a8-4040-4893-9e1d-34f0ea7993ca,bf996092-8d66-408a-8d8e-5065ca3330c2,77d5fb8c-5d83-4fa8-8c81-169306f7a8f7,9dcb2dc9-b2b4-4aca-8d8f-ef4b5cdb3c4b,82c888a8-4040-4893-9e1d-34f0ea7993ca,Vertical Transport-Shared to Published (For Lift & Escalator),"In the Target Folder Box please select the intended folder in which the approved/commented file shall be saved. This is a mandatory step for the initiator.

For Example:
For files/folders initiated in Shared the initiator shall follow the following

For Integrated Sports Arena -> Integrated Sports Arena/Shared/Consultant - Arch Principal/<Select folder>
For Retail -> Retail/Shared/Consultant - Arch Principal/<Select folder>
For Club -> Club/Shared/Consultant - Arch Principal/<Select folder>",active,"","Please make sure correct target folder is picked in which the files need to be copied to when approved, during initiating the approval process.",2025-05-01 11:34:34.471,2025-05-01 11:34:34.471
f0c09649-706a-4c6c-8937-44df605e0942,bf996092-8d66-408a-8d8e-5065ca3330c2,77d5fb8c-5d83-4fa8-8c81-169306f7a8f7,9dcb2dc9-b2b4-4aca-8d8f-ef4b5cdb3c4b,f0c09649-706a-4c6c-8937-44df605e0942,Vertical Transport-WIP to Shared (For Lift & Escalator),"In the Target Folder Box please select the intended folder in which the approved/commented file shall be saved. This is a mandatory step for the initiator.

For Example:
For files/folders initiated in WIP the initiator shall follow the following

For Integrated Sports Arena -> Integrated Sports Arena/Shared/Consultant - Arch Principal/<Select folder>
For Retail -> Retail/Shared/Consultant - Arch Principal/<Select folder>
For Club -> Club/Shared/Consultant - Arch Principal/<Select folder>",active,"","Please make sure correct target folder is picked in which the files need to be copied to when approved, during initiating the approval process.",2025-05-01 11:33:21.37,2025-05-01 11:36:31.531
e6794f5e-3b3b-4ced-81c2-c91b44942939,bf996092-8d66-408a-8d8e-5065ca3330c2,23142979-9fb6-4fd3-bd82-62d7e0add75f,3e0c2985-dcb9-45da-8e36-282bc793185e,e6794f5e-3b3b-4ced-81c2-c91b44942939,Vertical Transport-Shared to Published (For Lift & Escalator),"In the Target Folder Box please select the intended folder in which the approved/commented file shall be saved. This is a mandatory step for the initiator.

For Example:
For files/folders initiated in Shared the initiator shall follow the following

For Integrated Sports Arena -> Integrated Sports Arena/Shared/Consultant - Arch Principal/<Select folder>
For Retail -> Retail/Shared/Consultant - Arch Principal/<Select folder>
For Club -> Club/Shared/Consultant - Arch Principal/<Select folder>",active,"","Please make sure correct target folder is picked in which the files need to be copied to when approved, during initiating the approval process.",2025-05-01 11:37:49.302,2025-05-01 11:37:49.302
1e40625b-feb5-400f-a9b6-d4fdb18fd2ac,bf996092-8d66-408a-8d8e-5065ca3330c2,23142979-9fb6-4fd3-bd82-62d7e0add75f,3e0c2985-dcb9-45da-8e36-282bc793185e,1e40625b-feb5-400f-a9b6-d4fdb18fd2ac,Vertical Transport-WIP to Shared (For Lift & Escalator),"In the Target Folder Box please select the intended folder in which the approved/commented file shall be saved. This is a mandatory step for the initiator.

For Example:
For files/folders initiated in WIP the initiator shall follow the following

For Integrated Sports Arena -> Integrated Sports Arena/Shared/Consultant - Arch Principal/<Select folder>
For Retail -> Retail/Shared/Consultant - Arch Principal/<Select folder>
For Club -> Club/Shared/Consultant - Arch Principal/<Select folder>",active,"","Please make sure correct target folder is picked in which the files need to be copied to when approved, during initiating the approval process.",2025-05-01 11:38:47.473,2025-05-01 11:38:47.473
486324f5-b1b1-4623-8ab4-87246c8ea38e,bf996092-8d66-408a-8d8e-5065ca3330c2,e9b596f2-48ee-419b-a199-da304b38c398,b2f76ca9-ad86-4a78-b2cd-24b66da2d04f,486324f5-b1b1-4623-8ab4-87246c8ea38e,Structure- Share to Publish (BOQ to Omaxe Structure+Architecture+Arch. Consultant),"",active,"","",2025-07-19 05:52:35.507,2025-07-19 05:52:35.507
8dbe91c3-2c30-4192-bba9-b8201cc199f3,bf996092-8d66-408a-8d8e-5065ca3330c2,23142979-9fb6-4fd3-bd82-62d7e0add75f,3e0c2985-dcb9-45da-8e36-282bc793185e,8dbe91c3-2c30-4192-bba9-b8201cc199f3,Contracts - Work Order Approval (2-Step Workflow),"In the Target Folder Box please select the intended folder in which the approved/commented file shall be saved. This is a mandatory step for the initiator.

For Example:
For files/folders initiated in WIP the initiator shall follow the following

For Integrated Sports Arena -> Integrated Sports Arena/Shared/Consultant - Arch Principal/<Select folder>
For Retail -> Retail/Shared/Consultant - Arch Principal/<Select folder>
For Club -> Club/Shared/Consultant - Arch Principal/<Select folder>",active,"","Please make sure you pick the correct target folder in which the files need to be copied to when approved, during initiating the approval process.",2025-05-09 07:22:41,2025-06-20 06:00:48.37
4a588fe6-f2f8-46f8-9974-d10e8b9b088a,bf996092-8d66-408a-8d8e-5065ca3330c2,23142979-9fb6-4fd3-bd82-62d7e0add75f,3e0c2985-dcb9-45da-8e36-282bc793185e,4a588fe6-f2f8-46f8-9974-d10e8b9b088a,Contracts - Shared to Published (For Work Order or Amendment) (1-Step Workflow),"In the Target Folder Box please select the intended folder in which the approved/commented file shall be saved. This is a mandatory step for the initiator.

For Example:
For files/folders initiated in WIP the initiator shall follow the following

For Integrated Sports Arena -> Integrated Sports Arena/Shared/Consultant - Arch Principal/<Select folder>
For Retail -> Retail/Shared/Consultant - Arch Principal/<Select folder>
For Club -> Club/Shared/Consultant - Arch Principal/<Select folder>",active,"","Please make sure you pick the correct target folder in which the files need to be copied to when approved, during initiating the approval process.",2025-05-09 08:10:33.133,2025-05-09 08:10:33.133
98b0ef78-fde5-4e65-bbb3-8ee73208ce4b,bf996092-8d66-408a-8d8e-5065ca3330c2,23142979-9fb6-4fd3-bd82-62d7e0add75f,3e0c2985-dcb9-45da-8e36-282bc793185e,98b0ef78-fde5-4e65-bbb3-8ee73208ce4b,"Plumbing-Shared to Published(For SD, DD & GFC)","In the Target Folder Box please select the intended folder in which the approved/commented file shall be saved. This is a mandatory step for the initiator.

For Example:
For files/folders initiated in Shared the initiator shall follow the following

For Integrated Sports Arena -> Integrated Sports Arena/Shared/Consultant - Arch Principal/<Select folder>
For Retail -> Retail/Shared/Consultant - Arch Principal/<Select folder>
For Club -> Club/Shared/Consultant - Arch Principal/<Select folder>",active,"","Please make sure correct target folder is picked in which the files need to be copied to when approved, during initiating the approval process.",2025-03-07 10:11:29.822,2025-05-16 05:17:31.466
0112e8b9-99c7-40de-9465-e251053675c5,bf996092-8d66-408a-8d8e-5065ca3330c2,967e785d-d83c-490b-8d6a-2ed926c956ac,39036e63-f030-41c3-b6a6-7ed52887a739,0112e8b9-99c7-40de-9465-e251053675c5,"Electrical-Shared to Published(For SD, DD & GFC)","In the Target Folder Box please select the intended folder in which the approved/commented file shall be saved. This is a mandatory step for the initiator.

For Example:
For files/folders initiated in Shared  the initiator shall follow the following

For Vrindavan Courtyard -> Vrindavan Courtyard/Shared/Consultant Electrical/<Select folder>",active,"","Please make sure correct target folder is picked in which the files need to be copied to when approved, during initiating the approval process.",2025-05-16 06:41:05.004,2025-08-28 10:19:53.649
bbcda7ea-aed5-4ef8-a8c9-eac7593385d9,bf996092-8d66-408a-8d8e-5065ca3330c2,967e785d-d83c-490b-8d6a-2ed926c956ac,39036e63-f030-41c3-b6a6-7ed52887a739,bbcda7ea-aed5-4ef8-a8c9-eac7593385d9,Electrical-Shared to Published(For DBR),"In the Target Folder Box please select the intended folder in which the approved/commented file shall be saved. This is a mandatory step for the initiator.

For Example:
For files/folders initiated in Shared  the initiator shall follow the following

For Vrindavan Courtyard -> Vrindavan Courtyard/Shared/Consultant Electrical/<Select folder>",active,"","Please make sure you pick the correct target folder in which the files need to be copied to when approved, during initiating the approval process.",2025-05-16 06:58:53.953,2025-06-20 06:03:43.473
d15bfed4-9f64-4db6-9769-34d8ea0ea5ec,bf996092-8d66-408a-8d8e-5065ca3330c2,967e785d-d83c-490b-8d6a-2ed926c956ac,39036e63-f030-41c3-b6a6-7ed52887a739,d15bfed4-9f64-4db6-9769-34d8ea0ea5ec,Electrical-WIP to Shared(All WIP files),"In the Target Folder Box please select the intended folder in which the approved/commented file shall be saved. This is a mandatory step for the initiator.

For Example:
For files/folders initiated in WIP  the initiator shall follow the following

For Vrindavan Courtyard -> Vrindavan Courtyard/Shared/Consultant Electrical/<Select folder>",active,"","Please make sure you pick the correct target folder in which the files need to be copied to when approved, during initiating the approval process.",2025-05-16 06:57:10.634,2025-06-20 06:05:33.826
7c9b3af6-f5ee-4cda-b78d-81ad33bb6d71,bf996092-8d66-408a-8d8e-5065ca3330c2,a53412bd-7461-4097-8404-e9dca9bf8ebe,ed3beba8-8a6d-40a6-8067-3fe356f64f93,7c9b3af6-f5ee-4cda-b78d-81ad33bb6d71,Lighting-Shared to Published,"Pick below target Folders based on the files / folder initiated for the Review.

For files/folders initiated in WIP 

Integrated Sports Arena -> Integrated Sports Arena/Shared/ Consultant - Lighting Design/<Select folder>
For Retail -> Retail/Shared/ Consultant - Lighting Design/<Select folder>
For Club -> Club/Shared/ Consultant - Lighting Design/<Select folder>


For files/folders initiated in Shared

For Integrated Sports Arena -> Integrated Sports Arena/Published/ Consultant - Lighting Design / <Select folder>
For Retail -> Retail/Published/ Consultant - Lighting Design/ <Select folder>
For Club -> Club/Published/ Consultant - Lighting Design / <Select folder>",active,"","Please make sure correct target folder is picked in which the files need to be copied to when approved, during initiating the approval process.",2025-06-10 11:57:44.748,2025-06-10 11:57:44.748
1be65eb4-811c-4702-93a5-69d87d824265,bf996092-8d66-408a-8d8e-5065ca3330c2,a53412bd-7461-4097-8404-e9dca9bf8ebe,ed3beba8-8a6d-40a6-8067-3fe356f64f93,1be65eb4-811c-4702-93a5-69d87d824265,EX9,"Pick below target Folders based on the files / folder initiated for the Review.

For files/folders initiated in Shared

For Integrated Sports Arena -> Integrated Sports Arena/Published/Consultant - Mechanical/<Select folder>
For Retail -> Retail/Published/Consultant - Mechanical/<Select folder>
For Club -> Club/Published/Consultant - Mechanical/<Select folder>",archived,"","Please make sure correct target folder is picked in which the files need to be copied to when approved, during initiating the approval process.",2025-06-10 11:57:46.032,2025-06-10 11:57:46.048
b116c348-ee86-4971-b774-4185c78c512e,bf996092-8d66-408a-8d8e-5065ca3330c2,a53412bd-7461-4097-8404-e9dca9bf8ebe,ed3beba8-8a6d-40a6-8067-3fe356f64f93,b116c348-ee86-4971-b774-4185c78c512e,Compile Tender & BOQ,"Pick below target Folders based on the files / folder initiated for the Review.

For files/folders initiated in Shared

For Integrated Sports Arena -> Integrated Sports Arena/Published/ Consultant - Arch Principal/Tender & BOQ
For Retail -> Retail/Published/Consultant - Arch Principal/Tender & BOQ
For Club -> Club/Published/Consultant - Arch Principal/Tender & BOQ",active,"","Please make sure correct target folder is picked in which the files need to be copied to when approved, during initiating the approval process.",2025-06-10 11:57:47.251,2025-06-10 11:57:47.251
09a718a7-cdad-489a-8cb7-158ca702ddd7,bf996092-8d66-408a-8d8e-5065ca3330c2,a53412bd-7461-4097-8404-e9dca9bf8ebe,ed3beba8-8a6d-40a6-8067-3fe356f64f93,09a718a7-cdad-489a-8cb7-158ca702ddd7,EX7,"Pick below target Folders based on the files / folder initiated for the Review.

For files/folders initiated in WIP 

Integrated Sports Arena -> Integrated Sports Arena/Shared/ Consultant - Vertical Transport/<Select folder>
For Retail -> Retail/Shared/ Consultant - Vertical Transport/<Select folder>
For Club -> Club/Shared/ Consultant - Vertical Transport/<Select folder>

For files/folders initiated in Shared

Integrated Sports Arena -> Integrated Sports Arena/Published/ Consultant - Vertical Transport<Select folder>
For Retail -> Retail/Published/ Consultant - Vertical Transport/<Select folder>
For Club -> Club/Published/ Consultant - Vertical Transport/<Select folder>",archived,"","Please make sure correct target folder is picked in which the files need to be copied to when approved, during initiating the approval process.",2025-06-10 11:57:48.477,2025-06-10 11:57:48.484
9253f6ea-1e5d-4b5d-a0e0-ec548a6ce6fa,bf996092-8d66-408a-8d8e-5065ca3330c2,a53412bd-7461-4097-8404-e9dca9bf8ebe,ed3beba8-8a6d-40a6-8067-3fe356f64f93,9253f6ea-1e5d-4b5d-a0e0-ec548a6ce6fa,EX10,"Pick below target Folders based on the files / folder initiated for the Review.

For files/folders initiated in Shared

Mechanical:

For Integrated Sports Arena -> Integrated Sports Arena/Published/ Consultant - Mechanical / Service Estimate
For Retail -> Retail/Published/ Consultant - Mechanical / Service Estimate
For Club -> Club/Published/ Consultant - Mechanical / Service Estimate


Electrical:

For Integrated Sports Arena -> Integrated Sports Arena/Published/ Consultant - Electrical / Service Estimate
For Retail -> Retail/Published/ Consultant - Electrical / Service Estimate
For Club -> Club/Published/ Consultant - Electrical / Service Estimate

Plumbing:

For Integrated Sports Arena -> Integrated Sports Arena/Published/ Consultant - Plumbing/SD Requirements/Service Estimate
For Retail -> Retail/Published/ Consultant - Plumbing/SD Requirements/Service Estimate
For Club -> Club/Published/ Consultant - Plumbing/SD Requirements/Service Estimate",archived,"","Please make sure correct target folder is picked in which the files need to be copied to when approved, during initiating the approval process.",2025-06-10 11:57:49.687,2025-06-10 11:57:49.698
0f6b5f1c-cd48-4771-94be-2446bf2bde65,bf996092-8d66-408a-8d8e-5065ca3330c2,a53412bd-7461-4097-8404-e9dca9bf8ebe,ed3beba8-8a6d-40a6-8067-3fe356f64f93,0f6b5f1c-cd48-4771-94be-2446bf2bde65,Mechanical-Shared to Published(For DBR),"Pick below target Folders based on the files / folder initiated for the Review.

For Integrated Sports Arena -> Integrated Sports Arena/Shared/Consultant - Mechanical/<Select folder>

For Retail -> Retail/Shared/Consultant - Mechanical/<Select folder>

For Club -> Club/Shared/Consultant - Mechanical/<Select folder>",active,"","Please make sure you pick the correct target folder in which the files need to be copied to when approved, during initiating the approval process.",2025-06-10 11:57:50.973,2025-06-10 11:57:50.973
9b7c612d-f230-413e-87ab-3265c098866a,bf996092-8d66-408a-8d8e-5065ca3330c2,a53412bd-7461-4097-8404-e9dca9bf8ebe,ed3beba8-8a6d-40a6-8067-3fe356f64f93,9b7c612d-f230-413e-87ab-3265c098866a,EX-6,"Pick below target Folders based on the files / folder initiated for the Review.

For Integrated Sports Arena -> Integrated Sports Arena/Shared/Consultant - Mechanical/<Select folder>

For Retail -> Retail/Shared/Consultant - Mechanical/<Select folder>

For Club -> Club/Shared/Consultant - Mechanical/<Select folder>",archived,"","Please make sure you pick the correct target folder in which the files need to be copied to when approved, during initiating the approval process.",2025-06-10 11:57:52.155,2025-06-10 11:57:52.168
f0527cef-9096-446a-85cf-2e31c2addf77,bf996092-8d66-408a-8d8e-5065ca3330c2,a53412bd-7461-4097-8404-e9dca9bf8ebe,ed3beba8-8a6d-40a6-8067-3fe356f64f93,f0527cef-9096-446a-85cf-2e31c2addf77,Architecture-Shared to Published(For SD & DD),"Pick below target Folders based on the files / folder initiated for the Review.

For files/folders initiated in Shared

For Integrated Sports Arena -> Integrated Sports Arena/Published/Consultant - Architecture/<Select folder>
For Retail -> Retail/Published/Consultant - Architecture/DBR/<Select folder>
For Club -> Club/Published/Consultant - Architecture/DBR/<Select folder>",active,"","Please make sure correct target folder is picked in which the files need to be copied to when approved, during initiating the approval process.",2025-06-10 11:57:53.339,2025-06-10 11:57:53.339
c287433a-19ec-49b3-b00d-934d82cbfa16,bf996092-8d66-408a-8d8e-5065ca3330c2,a53412bd-7461-4097-8404-e9dca9bf8ebe,ed3beba8-8a6d-40a6-8067-3fe356f64f93,c287433a-19ec-49b3-b00d-934d82cbfa16,Structure-Shared to Published(For BP Framing Plan),"Pick below target Folders based on the files / folder initiated for the Review.

For files/folders initiated in Shared

For Integrated Sports Arena -> Integrated Sports Arena/Published/ Consultant - Structure / BP Framing Approval
For Retail -> Retail/Published/Consultant - Structure / BP Framing Approval
For Club -> Club/Published/Consultant - Structure / BP Framing Approval",active,"","Please make sure correct target folder is picked in which the files need to be copied to when approved, during initiating the approval process.",2025-06-10 11:57:54.497,2025-06-10 11:57:54.497
331f3310-e49b-4ecc-8f82-65dc865833c7,bf996092-8d66-408a-8d8e-5065ca3330c2,a53412bd-7461-4097-8404-e9dca9bf8ebe,ed3beba8-8a6d-40a6-8067-3fe356f64f93,331f3310-e49b-4ecc-8f82-65dc865833c7,Electrical-WIP to Shared(All WIP files),"Pick below target Folders based on the files / folder initiated for the Review.

For Integrated Sports Arena -> Integrated Sports Arena/Shared/Consultant - Electrical/<Select folder>

For Retail -> Retail/Shared/Consultant - Electrical/<Select folder>

For Club -> Club/Shared/Consultant - Electrical/<Select folder>",active,"","Please make sure you pick the correct target folder in which the files need to be copied to when approved, during initiating the approval process.",2025-06-10 11:57:55.708,2025-06-10 11:57:55.708
3e298547-04de-464f-b56c-6eb7178df87c,bf996092-8d66-408a-8d8e-5065ca3330c2,a53412bd-7461-4097-8404-e9dca9bf8ebe,ed3beba8-8a6d-40a6-8067-3fe356f64f93,3e298547-04de-464f-b56c-6eb7178df87c,Landscape-Shared to Published,"Pick below target Folders based on the files / folder initiated for the Review.

For files/folders initiated in WIP 

Integrated Sports Arena -> Integrated Sports Arena/Shared/Consultant - Landscape/<Select folder>
For Retail -> Retail/Shared/Consultant - Landscape/<Select folder>
For Club -> Club/Shared/Consultant - Landscape/<Select folder>

For files/folders initiated in Shared

Integrated Sports Arena -> Integrated Sports Arena/Published/Consultant - Landscape/<Select folder>
For Retail -> Retail/Published/Consultant - Landscape/<Select folder>
For Club -> Club/Published/Consultant - Landscape/<Select folder>",active,"","Please make sure correct target folder is picked in which the files need to be copied to when approved, during initiating the approval process.",2025-06-10 11:57:56.883,2025-06-10 11:57:56.883
ac15a485-b19a-462c-8148-627a7fa65c60,bf996092-8d66-408a-8d8e-5065ca3330c2,a53412bd-7461-4097-8404-e9dca9bf8ebe,ed3beba8-8a6d-40a6-8067-3fe356f64f93,ac15a485-b19a-462c-8148-627a7fa65c60,Architecture-Shared to Published(For Compile Tender & BOQ),"Pick below target Folders based on the files / folder initiated for the Review.

For files/folders initiated in Shared

For Integrated Sports Arena -> Integrated Sports Arena/Published/ Consultant - Structure / BP Framing Approval
For Retail -> Retail/Published/Consultant - Structure / BP Framing Approval
For Club -> Club/Published/Consultant - Structure / BP Framing Approval",active,"","Please make sure correct target folder is picked in which the files need to be copied to when approved, during initiating the approval process.",2025-06-10 11:57:58.087,2025-06-10 11:57:58.087
b19eb828-4650-49d9-bc4d-dc8c5810abf5,bf996092-8d66-408a-8d8e-5065ca3330c2,a53412bd-7461-4097-8404-e9dca9bf8ebe,ed3beba8-8a6d-40a6-8067-3fe356f64f93,b19eb828-4650-49d9-bc4d-dc8c5810abf5,Signage-Shared to Published,"Pick below target Folders based on the files / folder initiated for the Review.

For files/folders initiated in WIP 

Integrated Sports Arena -> Integrated Sports Arena/Shared/ Consultant - Signage Design/<Select folder>
For Retail -> Retail/Shared/ Consultant - Signage Design/<Select folder>
For Club -> Club/Shared/ Consultant - Signage Design/<Select folder>

For files/folders initiated in Shared

Integrated Sports Arena -> Integrated Sports Arena/Published/ Consultant - Signage Design<Select folder>
For Retail -> Retail/Published/ Consultant - Signage Design/<Select folder>
For Club -> Club/Published/ Consultant - Signage Design/<Select folder>",active,"","Please make sure correct target folder is picked in which the files need to be copied to when approved, during initiating the approval process.",2025-06-10 11:57:59.392,2025-06-10 11:57:59.392
d1379509-79f5-4fac-9b00-99a3a49be8b3,bf996092-8d66-408a-8d8e-5065ca3330c2,a53412bd-7461-4097-8404-e9dca9bf8ebe,ed3beba8-8a6d-40a6-8067-3fe356f64f93,d1379509-79f5-4fac-9b00-99a3a49be8b3,"Electrical-Shared to Published(For SD, DD & GFC)","Pick below target Folders based on the files / folder initiated for the Review.

For files/folders initiated in WIP

For Integrated Sports Arena -> Integrated Sports Arena/Shared/ Consultant - Electrical / DBR
For Retail -> Retail/Shared/Consultant - Electrical /DBR
For Club -> Club/Shared/Consultant - Electrical /DBR

For files/folders initiated in Shared

For Integrated Sports Arena -> Integrated Sports Arena/Published/ Consultant - Electrical /DBR
For Retail -> Retail/Published/Consultant - Electrical /DBR
For Club -> Club/Published/Consultant - Electrical /DBR",active,"","Please make sure correct target folder is picked in which the files need to be copied to when approved, during initiating the approval process.",2025-06-10 11:58:00.559,2025-06-10 11:58:00.559
3ee7b734-ff19-4641-800f-c85f56d02737,bf996092-8d66-408a-8d8e-5065ca3330c2,a53412bd-7461-4097-8404-e9dca9bf8ebe,ed3beba8-8a6d-40a6-8067-3fe356f64f93,3ee7b734-ff19-4641-800f-c85f56d02737,Mechanical-WIP to Shared(For All WIP Files),"Pick below target Folders based on the files / folder initiated for the Review.

For Integrated Sports Arena -> Integrated Sports Arena/Shared/Consultant - Mechanical/<Select folder>

For Retail -> Retail/Shared/Consultant - Mechanical/<Select folder>

For Club -> Club/Shared/Consultant - Mechanical/<Select folder>",active,"","Please make sure you pick the correct target folder in which the files need to be copied to when approved, during initiating the approval process.",2025-06-10 11:58:01.736,2025-06-10 11:58:01.736
ca87d8c2-7901-409f-be0c-04677436e203,bf996092-8d66-408a-8d8e-5065ca3330c2,a53412bd-7461-4097-8404-e9dca9bf8ebe,ed3beba8-8a6d-40a6-8067-3fe356f64f93,ca87d8c2-7901-409f-be0c-04677436e203,EX4,"Pick below target Folders based on the files / folder initiated for the Review.

For files/folders initiated in WIP

For Integrated Sports Arena -> Integrated Sports Arena/Shared/ Consultant - Plumbing/ DBR
For Retail -> Retail/Shared/Consultant - Plumbing/DBR
For Club -> Club/Shared/Consultant - Plumbing/DBR

For files/folders initiated in Shared

For Integrated Sports Arena -> Integrated Sports Arena/Published/ Consultant - Plumbing/ DBR
For Retail -> Retail/Published/Consultant - Plumbing/DBR
For Club -> Club/Published/Consultant - Plumbing/DBR",archived,"","Please make sure correct target folder is picked in which the files need to be copied to when approved, during initiating the approval process.",2025-06-10 11:58:02.909,2025-06-10 11:58:02.92
43ff9674-100d-4ecc-b247-cc88b3c249a6,bf996092-8d66-408a-8d8e-5065ca3330c2,a53412bd-7461-4097-8404-e9dca9bf8ebe,ed3beba8-8a6d-40a6-8067-3fe356f64f93,43ff9674-100d-4ecc-b247-cc88b3c249a6,Lighting-WIP to Shared,"Pick below target Folders based on the files / folder initiated for the Review.

For files/folders initiated in WIP 

Integrated Sports Arena -> Integrated Sports Arena/Shared/ Consultant - Lighting Design/<Select folder>
For Retail -> Retail/Shared/ Consultant - Lighting Design/<Select folder>
For Club -> Club/Shared/ Consultant - Lighting Design/<Select folder>


For files/folders initiated in Shared

For Integrated Sports Arena -> Integrated Sports Arena/Published/ Consultant - Lighting Design / <Select folder>
For Retail -> Retail/Published/ Consultant - Lighting Design/ <Select folder>
For Club -> Club/Published/ Consultant - Lighting Design / <Select folder>",active,"","Please make sure correct target folder is picked in which the files need to be copied to when approved, during initiating the approval process.",2025-06-10 11:58:04.069,2025-06-10 11:58:04.069
ca483cb5-5a4e-4e1f-9bcd-6513968a444f,bf996092-8d66-408a-8d8e-5065ca3330c2,a53412bd-7461-4097-8404-e9dca9bf8ebe,ed3beba8-8a6d-40a6-8067-3fe356f64f93,ca483cb5-5a4e-4e1f-9bcd-6513968a444f,Plumbing & Firefighting-WIP to Shared(For All WIP Files),"Pick below target Folders based on the files / folder initiated for the Review.

For Integrated Sports Arena -> Integrated Sports Arena/Shared/Consultant - Plumbing/<Select folder>

For Retail -> Retail/Shared/Consultant - Plumbing/<Select folder>

For Club -> Club/Shared/Consultant - Plumbing/<Select folder>",active,"","Please make sure you pick the correct target folder in which the files need to be copied to when approved, during initiating the approval process.",2025-06-10 11:58:05.245,2025-06-10 11:58:05.245
7fb58fcc-3924-41af-a741-0ca580544048,bf996092-8d66-408a-8d8e-5065ca3330c2,a53412bd-7461-4097-8404-e9dca9bf8ebe,ed3beba8-8a6d-40a6-8067-3fe356f64f93,7fb58fcc-3924-41af-a741-0ca580544048,Landscape-WIP to Shared,"Pick below target Folders based on the files / folder initiated for the Review.

For files/folders initiated in WIP 

Integrated Sports Arena -> Integrated Sports Arena/Shared/Consultant - Landscape/<Select folder>
For Retail -> Retail/Shared/Consultant - Landscape/<Select folder>
For Club -> Club/Shared/Consultant - Landscape/<Select folder>

For files/folders initiated in Shared

Integrated Sports Arena -> Integrated Sports Arena/Published/Consultant - Landscape/<Select folder>
For Retail -> Retail/Published/Consultant - Landscape/<Select folder>
For Club -> Club/Published/Consultant - Landscape/<Select folder>",active,"","Please make sure correct target folder is picked in which the files need to be copied to when approved, during initiating the approval process.",2025-06-10 11:58:06.43,2025-06-10 11:58:06.43
5051b98a-7b04-4269-b46b-e575c23d151f,bf996092-8d66-408a-8d8e-5065ca3330c2,a53412bd-7461-4097-8404-e9dca9bf8ebe,ed3beba8-8a6d-40a6-8067-3fe356f64f93,5051b98a-7b04-4269-b46b-e575c23d151f,Mechanical-WIP to Shared(For SD Requirement),"Pick below target Folders based on the files / folder initiated for the Review.

For files/folders initiated in WIP

For Integrated Sports Arena -> Integrated Sports Arena/Shared/ Consultant - Mechanical/SD Requirements
For Retail -> Retail/Shared/ Consultant - Mechanical/SD Requirements
For Club -> Club/Shared/ Consultant - Mechanical/SD Requirements",active,"","Please make sure correct target folder is picked in which the files need to be copied to when approved, during initiating the approval process.",2025-06-10 11:58:07.606,2025-06-10 11:58:07.606
9e1a96e2-caf5-4d7e-92bb-7159cb3391ec,bf996092-8d66-408a-8d8e-5065ca3330c2,a53412bd-7461-4097-8404-e9dca9bf8ebe,ed3beba8-8a6d-40a6-8067-3fe356f64f93,9e1a96e2-caf5-4d7e-92bb-7159cb3391ec,Structure - WIP to Shared (For WIP files),"Pick below target Folders based on the files / folder initiated for the Review.

For files/folders initiated in WIP 

Integrated Sports Arena -> Integrated Sports Arena/Shared/ Consultant - Structure /<Select folder>
For Retail -> Retail/Shared/Consultant - Structure/<Select folder>
For Club -> Club/Shared/Consultant - Structure/<Select folder>",active,"","Please make sure correct target folder is picked in which the files need to be copied to when approved, during initiating the approval process.",2025-06-10 11:58:08.746,2025-06-10 11:58:08.746
498675c9-2cdb-4265-9981-a12c1e3fc565,bf996092-8d66-408a-8d8e-5065ca3330c2,a53412bd-7461-4097-8404-e9dca9bf8ebe,ed3beba8-8a6d-40a6-8067-3fe356f64f93,498675c9-2cdb-4265-9981-a12c1e3fc565,Contracts - Shared to Published (For Miscellaneous Approvals) (1-Step Workflow),"In the Target Folder Box please select the intended folder in which the approved/commented file shall be saved. This is a mandatory step for the initiator.

For Example:
For files/folders initiated in WIP the initiator shall follow the following

For Integrated Sports Arena -> Integrated Sports Arena/Shared/Consultant - Arch Principal/<Select folder>
For Retail -> Retail/Shared/Consultant - Arch Principal/<Select folder>
For Club -> Club/Shared/Consultant - Arch Principal/<Select folder>",active,"","Please make sure you pick the correct target folder in which the files need to be copied to when approved, during initiating the approval process.",2025-06-10 11:58:09.921,2025-06-10 11:58:09.921
de592b77-c511-4008-afab-cab3dd966e37,bf996092-8d66-408a-8d8e-5065ca3330c2,a53412bd-7461-4097-8404-e9dca9bf8ebe,ed3beba8-8a6d-40a6-8067-3fe356f64f93,de592b77-c511-4008-afab-cab3dd966e37,Vertical Transport-Shared to Published,"Pick below target Folders based on the files / folder initiated for the Review.

For files/folders initiated in WIP 

Integrated Sports Arena -> Integrated Sports Arena/Shared/ Consultant - Vertical Transport/<Select folder>
For Retail -> Retail/Shared/ Consultant - Vertical Transport/<Select folder>
For Club -> Club/Shared/ Consultant - Vertical Transport/<Select folder>

For files/folders initiated in Shared

Integrated Sports Arena -> Integrated Sports Arena/Published/ Consultant - Vertical Transport<Select folder>
For Retail -> Retail/Published/ Consultant - Vertical Transport/<Select folder>
For Club -> Club/Published/ Consultant - Vertical Transport/<Select folder>",active,"","Please make sure correct target folder is picked in which the files need to be copied to when approved, during initiating the approval process.",2025-06-10 11:58:11.088,2025-06-10 11:58:11.088
5dca1c23-baff-45fb-87bc-42e5489b84f3,bf996092-8d66-408a-8d8e-5065ca3330c2,a53412bd-7461-4097-8404-e9dca9bf8ebe,ed3beba8-8a6d-40a6-8067-3fe356f64f93,5dca1c23-baff-45fb-87bc-42e5489b84f3,Wind Tunnel Analysis-Shared to Published,"Pick below target Folders based on the files / folder initiated for the Review.

For files/folders initiated in WIP 

Integrated Sports Arena -> Integrated Sports Arena/Shared/Consultant - Wind Tunnel Analysis/<Select folder>
For Retail -> Retail/Shared/Consultant - Wind Tunnel Analysis/<Select folder>
For Club -> Club/Shared/Consultant - Wind Tunnel Analysis/<Select folder>

For files/folders initiated in Shared

For Integrated Sports Arena -> Integrated Sports Arena/Published/Consultant - Wind Tunnel Analysis<Select folder>
For Retail -> Retail/Published/Consultant - Wind Tunnel Analysis/<Select folder>
For Club -> Club/Published/Consultant - Wind Tunnel Analysis/<Select folder>",active,"","Please make sure correct target folder is picked in which the files need to be copied to when approved, during initiating the approval process.",2025-06-10 11:58:12.348,2025-06-10 11:58:12.348
ff4d29ae-7f6b-4df9-8b70-b58cd098df68,bf996092-8d66-408a-8d8e-5065ca3330c2,a53412bd-7461-4097-8404-e9dca9bf8ebe,ed3beba8-8a6d-40a6-8067-3fe356f64f93,ff4d29ae-7f6b-4df9-8b70-b58cd098df68,EX11,"Pick below target Folders based on the files / folder initiated for the Review.

For files/folders initiated in WIP 

Integrated Sports Arena -> Integrated Sports Arena/Shared/ Consultant - Roof Consultant/<Select folder>
For Retail -> Retail/Shared/Consultant - Roof Consultant/<Select folder>
For Club -> Club/Shared/Consultant - Roof Consultant/<Select folder>

For files/folders initiated in Shared

For Integrated Sports Arena -> Integrated Sports Arena/Published/ Consultant - Roof Consultant/<Select folder>
For Retail -> Retail/Published/Consultant - Roof Consultant/<Select folder>
For Club -> Club/Published/Consultant - Roof Consultant/<Select folder>",archived,"","Please make sure correct target folder is picked in which the files need to be copied to when approved, during initiating the approval process.",2025-06-10 11:58:13.521,2025-06-10 11:58:13.533
a36cadcb-ae9e-4495-95fb-b18f460dea1a,bf996092-8d66-408a-8d8e-5065ca3330c2,a53412bd-7461-4097-8404-e9dca9bf8ebe,ed3beba8-8a6d-40a6-8067-3fe356f64f93,a36cadcb-ae9e-4495-95fb-b18f460dea1a,"Structure - Shared to Published (For SD, DD & GFC)","Pick below target Folders based on the files / folder initiated for the Review.

For files/folders initiated in Shared

For Integrated Sports Arena -> Integrated Sports Arena/Published/Consultant - Structure/<Select folder>
For Retail -> Retail/Published/Consultant - Structure/<Select folder>
For Club -> Club/Published/Consultant - Structure/<Select folder>",active,"","Please make sure correct target folder is picked in which the files need to be copied to when approved, during initiating the approval process.",2025-06-10 11:58:14.754,2025-06-10 11:58:14.754
5bd52475-910c-4955-94af-114cedfff917,bf996092-8d66-408a-8d8e-5065ca3330c2,a53412bd-7461-4097-8404-e9dca9bf8ebe,ed3beba8-8a6d-40a6-8067-3fe356f64f93,5bd52475-910c-4955-94af-114cedfff917,Structure-Shared to Published (For WIP and Tender & BOQ),"Pick below target Folders based on the files / folder initiated for the Review.

For files/folders initiated in Shared

For Integrated Sports Arena -> Integrated Sports Arena/Published/Consultant - Structure/Tender & BOQ
For Retail -> Retail/Published/Consultant - Structure/Tender & BOQ
For Club -> Club/Published/Consultant - Structure/Tender & BOQ",active,"","Please make sure correct target folder is picked in which the files need to be copied to when approved, during initiating the approval process.",2025-06-10 11:58:15.94,2025-06-10 11:58:15.94
60ea3b5a-668e-480b-b3b9-7ae46a1f3f31,bf996092-8d66-408a-8d8e-5065ca3330c2,a53412bd-7461-4097-8404-e9dca9bf8ebe,ed3beba8-8a6d-40a6-8067-3fe356f64f93,60ea3b5a-668e-480b-b3b9-7ae46a1f3f31,EX2,"Pick below target Folders based on the files / folder initiated for the Review.

For files/folders initiated in Shared

For Integrated Sports Arena -> Integrated Sports Arena/Published/Consultant - Electrical/<Select folder>
For Retail -> Retail/Published/Consultant - Electrical/<Select folder>
For Club -> Club/Published/Consultant - Electrical/<Select folder>",archived,"","Please make sure correct target folder is picked in which the files need to be copied to when approved, during initiating the approval process.",2025-06-10 11:58:17.331,2025-06-10 11:58:17.346
08bbf580-7523-4333-add4-36712772d285,bf996092-8d66-408a-8d8e-5065ca3330c2,a53412bd-7461-4097-8404-e9dca9bf8ebe,ed3beba8-8a6d-40a6-8067-3fe356f64f93,08bbf580-7523-4333-add4-36712772d285,"Architecture-Shared to Published(For Concept, Tender & BOQ, BP, GFC & DBR)","Pick below target Folders based on the files / folder initiated for the Review.

For files/folders initiated in WIP

For Integrated Sports Arena -> Integrated Sports Arena/Shared/Consultant - Arch Principal/<Select folder>
For Retail -> Retail/Shared/Consultant - Arch Principal/<Select folder>
For Club -> Club/Shared/Consultant - Arch Principal/<Select folder>

For files/folders initiated in Shared

For Integrated Sports Arena -> Integrated Sports Arena/Published/Consultant - Arch Principal/<Select folder>
For Retail -> Retail/Published/Consultant - Arch Principal/<Select folder>
For Club -> Club/Published/Consultant - Arch Principal/<Select folder>",active,"","Please make sure you pick the correct target folder in which the files need to be copied to when approved, during initiating the approval process.",2025-06-10 11:58:18.545,2025-06-10 11:58:18.545
e2797d1b-d768-425e-8a82-77c66afb0583,bf996092-8d66-408a-8d8e-5065ca3330c2,a53412bd-7461-4097-8404-e9dca9bf8ebe,ed3beba8-8a6d-40a6-8067-3fe356f64f93,e2797d1b-d768-425e-8a82-77c66afb0583,Plumbing & Firefighting-Shared to Published(For WIP and Tender & BOQ),"Pick below target Folders based on the files / folder initiated for the Review.

For Integrated Sports Arena -> Integrated Sports Arena/Shared/Consultant - Plumbing/<Select folder>

For Retail -> Retail/Shared/Consultant - Plumbing/<Select folder>

For Club -> Club/Shared/Consultant - Plumbing/<Select folder>",active,"","Please make sure you pick the correct target folder in which the files need to be copied to when approved, during initiating the approval process.",2025-06-10 11:58:19.735,2025-06-10 11:58:19.735
c8cf93b5-4621-48c1-bd41-0308e341d748,bf996092-8d66-408a-8d8e-5065ca3330c2,a53412bd-7461-4097-8404-e9dca9bf8ebe,ed3beba8-8a6d-40a6-8067-3fe356f64f93,c8cf93b5-4621-48c1-bd41-0308e341d748,Contracts - Shared to Published (For Work Order or Amendment) (1-Step Workflow),"In the Target Folder Box please select the intended folder in which the approved/commented file shall be saved. This is a mandatory step for the initiator.

For Example:
For files/folders initiated in WIP the initiator shall follow the following

For Integrated Sports Arena -> Integrated Sports Arena/Shared/Consultant - Arch Principal/<Select folder>
For Retail -> Retail/Shared/Consultant - Arch Principal/<Select folder>
For Club -> Club/Shared/Consultant - Arch Principal/<Select folder>",active,"","Please make sure you pick the correct target folder in which the files need to be copied to when approved, during initiating the approval process.",2025-06-10 11:58:20.906,2025-06-10 11:58:20.906
7937aabe-2680-4b4a-96ad-89db45ff1367,bf996092-8d66-408a-8d8e-5065ca3330c2,a53412bd-7461-4097-8404-e9dca9bf8ebe,ed3beba8-8a6d-40a6-8067-3fe356f64f93,7937aabe-2680-4b4a-96ad-89db45ff1367,Electrical-Shared to Published(For WIP Files and Tender & BOQ),"Pick below target Folders based on the files / folder initiated for the Review.

For Integrated Sports Arena -> Integrated Sports Arena/Shared/Consultant - Electrical/<Select folder>

For Retail -> Retail/Shared/Consultant - Electrical/<Select folder>

For Club -> Club/Shared/Consultant - Electrical/<Select folder>",active,"","Please make sure you pick the correct target folder in which the files need to be copied to when approved, during initiating the approval process.",2025-06-10 11:58:22.056,2025-06-10 11:58:22.056
062b4120-5340-4724-9174-e6eaa75bb269,bf996092-8d66-408a-8d8e-5065ca3330c2,a53412bd-7461-4097-8404-e9dca9bf8ebe,ed3beba8-8a6d-40a6-8067-3fe356f64f93,062b4120-5340-4724-9174-e6eaa75bb269,Plumbing & Firefighting-WIP to Shared(For SD Requirement),"Pick below target Folders based on the files / folder initiated for the Review.

For files/folders initiated in WIP

For Integrated Sports Arena -> Integrated Sports Arena/Shared/ Consultant - Plumbing/SD Requirements
For Retail -> Retail/Shared/ Consultant - Plumbing/SD Requirements
For Club -> Club/Shared/ Consultant - Plumbing/SD Requirements",active,"","Please make sure correct target folder is picked in which the files need to be copied to when approved, during initiating the approval process.",2025-06-10 11:58:23.214,2025-06-10 11:58:23.214
32fda266-cd76-4945-b5e1-fea0a58e784b,bf996092-8d66-408a-8d8e-5065ca3330c2,a53412bd-7461-4097-8404-e9dca9bf8ebe,ed3beba8-8a6d-40a6-8067-3fe356f64f93,32fda266-cd76-4945-b5e1-fea0a58e784b,Structure - WIP to Shared (For DBR),"Pick below target Folders based on the files / folder initiated for the Review.

For files/folders initiated in WIP

For Integrated Sports Arena -> Integrated Sports Arena/Shared/ Consultant - Structure/ DBR
For Retail -> Retail/Shared/Consultant - Structure/DBR
For Club -> Club/Shared/Consultant - Structure/DBR

For files/folders initiated in Shared

For Integrated Sports Arena -> Integrated Sports Arena/Published/ Consultant - Structure/ DBR
For Retail -> Retail/Published/Consultant - Structure/DBR
For Club -> Club/Published/Consultant - Structure/DBR",active,"","Please make sure correct target folder is picked in which the files need to be copied to when approved, during initiating the approval process.",2025-06-10 11:58:24.402,2025-06-10 11:58:24.402
88cc7ca8-b661-488a-889b-447a65a2ab3a,bf996092-8d66-408a-8d8e-5065ca3330c2,a53412bd-7461-4097-8404-e9dca9bf8ebe,ed3beba8-8a6d-40a6-8067-3fe356f64f93,88cc7ca8-b661-488a-889b-447a65a2ab3a,"Plumbing & Firefighting-Shared to Published(For SD, DD & GFC)","Pick below target Folders based on the files / folder initiated for the Review.

For files/folders initiated in WIP

For Integrated Sports Arena -> Integrated Sports Arena/Shared/ Consultant - Plumbing/SD Requirements
For Retail -> Retail/Shared/ Consultant - Plumbing/SD Requirements
For Club -> Club/Shared/ Consultant - Plumbing/SD Requirements",active,"","Please make sure correct target folder is picked in which the files need to be copied to when approved, during initiating the approval process.",2025-06-10 11:58:25.582,2025-06-10 11:58:25.582
dc6d1c7f-4640-4e62-90d2-aecd8ca6e603,bf996092-8d66-408a-8d8e-5065ca3330c2,a53412bd-7461-4097-8404-e9dca9bf8ebe,ed3beba8-8a6d-40a6-8067-3fe356f64f93,dc6d1c7f-4640-4e62-90d2-aecd8ca6e603,Electrical-WIP to Shared(For SD Requirement),"Pick below target Folders based on the files / folder initiated for the Review.

For files/folders initiated in WIP

For Integrated Sports Arena -> Integrated Sports Arena/Shared/ Consultant - Electrical/SD Requirements
For Retail -> Retail/Shared/ Consultant - Electrical/SD Requirements
For Club -> Club/Shared/ Consultant - Electrical/SD Requirements",active,"","Please make sure correct target folder is picked in which the files need to be copied to when approved, during initiating the approval process.",2025-06-10 11:58:26.774,2025-06-10 11:58:26.774
6dcc870e-5e5f-4942-8a4c-08ded1fd5d91,bf996092-8d66-408a-8d8e-5065ca3330c2,a53412bd-7461-4097-8404-e9dca9bf8ebe,ed3beba8-8a6d-40a6-8067-3fe356f64f93,6dcc870e-5e5f-4942-8a4c-08ded1fd5d91,Ex-3,"Pick below target Folders based on the files / folder initiated for the Review.

For files/folders initiated in Shared

For Integrated Sports Arena -> Integrated Sports Arena/Published/Consultant - Plumbing/<Select folder>
For Retail -> Retail/Published/Consultant - Plumbing/<Select folder>
For Club -> Club/Published/Consultant - Plumbing/<Select folder>",archived,"","Please make sure correct target folder is picked in which the files need to be copied to when approved, during initiating the approval process.",2025-06-10 11:58:27.924,2025-06-10 11:58:27.93
be62d016-5896-43a1-a677-2559e0906473,bf996092-8d66-408a-8d8e-5065ca3330c2,a53412bd-7461-4097-8404-e9dca9bf8ebe,ed3beba8-8a6d-40a6-8067-3fe356f64f93,be62d016-5896-43a1-a677-2559e0906473,Plumbing & Firefighting-Shared to Published(For DBR),"Pick below target Folders based on the files / folder initiated for the Review.

For Integrated Sports Arena -> Integrated Sports Arena/Shared/Consultant - Plumbing/<Select folder>

For Retail -> Retail/Shared/Consultant - Plumbing/<Select folder>

For Club -> Club/Shared/Consultant - Plumbing/<Select folder>",active,"","Please make sure you pick the correct target folder in which the files need to be copied to when approved, during initiating the approval process.",2025-06-10 11:58:29.143,2025-06-10 11:58:29.143
554c3413-fde1-4c40-becb-fbcb04770ba8,bf996092-8d66-408a-8d8e-5065ca3330c2,a53412bd-7461-4097-8404-e9dca9bf8ebe,ed3beba8-8a6d-40a6-8067-3fe356f64f93,554c3413-fde1-4c40-becb-fbcb04770ba8,"Architecture - WIP to Shared(For Concept, SD,DD, BP, DBR, BOQ etc)","Pick below target Folders based on the files / folder initiated for the Review.

For files/folders initiated in WIP

For Integrated Sports Arena -> Integrated Sports Arena/Shared/Consultant - Arch Principal/<Select folder>
For Retail -> Retail/Shared/Consultant - Arch Principal/<Select folder>
For Club -> Club/Shared/Consultant - Arch Principal/<Select folder>

For files/folders initiated in Shared

For Integrated Sports Arena -> Integrated Sports Arena/Published/Consultant - Arch Principal/<Select folder>
For Retail -> Retail/Published/Consultant - Arch Principal/<Select folder>
For Club -> Club/Published/Consultant - Arch Principal/<Select folder>",active,"","Please make sure you pick the correct target folder in which the files need to be copied to when approved, during initiating the approval process.",2025-06-10 11:58:30.318,2025-06-10 11:58:30.318
9720b208-ad65-4a66-8dde-8c27ea7ee014,bf996092-8d66-408a-8d8e-5065ca3330c2,a53412bd-7461-4097-8404-e9dca9bf8ebe,ed3beba8-8a6d-40a6-8067-3fe356f64f93,9720b208-ad65-4a66-8dde-8c27ea7ee014,Electrical-Shared to Published(For Fire Scheme Approval),"Pick below target Folders based on the files / folder initiated for the Review.

For files/folders initiated in Shared

For Integrated Sports Arena -> Integrated Sports Arena/Published/ Consultant - Electrical / Fire Scheme
For Retail -> Retail/Published/ Consultant - Electrical / Fire Scheme
For Club -> Club/Published/ Consultant - Electrical / Fire Scheme",active,"","Please make sure correct target folder is picked in which the files need to be copied to when approved, during initiating the approval process.",2025-06-10 11:58:31.528,2025-06-10 11:58:31.528
f0b4aa16-2eba-41bb-b69c-a2252bdeb8af,bf996092-8d66-408a-8d8e-5065ca3330c2,a53412bd-7461-4097-8404-e9dca9bf8ebe,ed3beba8-8a6d-40a6-8067-3fe356f64f93,f0b4aa16-2eba-41bb-b69c-a2252bdeb8af,Traffic Analysis-WIP Shared,"Pick below target Folders based on the files / folder initiated for the Review.

For files/folders initiated in WIP 

Integrated Sports Arena -> Integrated Sports Arena/Shared/Consultant - Traffic Analysis/<Select folder>
For Retail -> Retail/Shared/Consultant - Traffic Analysis/<Select folder>
For Club -> Club/Shared/Consultant - Traffic Analysis/<Select folder>

For files/folders initiated in Shared

Integrated Sports Arena -> Integrated Sports Arena/Published/Consultant - Traffic Analysis/<Select folder>
For Retail -> Retail/Published/Consultant - Traffic Analysis/<Select folder>
For Club -> Club/Published/Consultant - Traffic Analysis/<Select folder>",active,"","Please make sure you pick the correct target folder in which the files need to be copied to when approved, during initiating the approval process.",2025-06-10 11:58:32.693,2025-06-10 11:58:32.693
21de6b84-25dd-48f6-afbf-c8e6dc422fdc,bf996092-8d66-408a-8d8e-5065ca3330c2,a53412bd-7461-4097-8404-e9dca9bf8ebe,ed3beba8-8a6d-40a6-8067-3fe356f64f93,21de6b84-25dd-48f6-afbf-c8e6dc422fdc,Contracts - Work Order Approval (2-Step Workflow),"In the Target Folder Box please select the intended folder in which the approved/commented file shall be saved. This is a mandatory step for the initiator.

For Example:
For files/folders initiated in WIP the initiator shall follow the following

For Integrated Sports Arena -> Integrated Sports Arena/Shared/Consultant - Arch Principal/<Select folder>
For Retail -> Retail/Shared/Consultant - Arch Principal/<Select folder>
For Club -> Club/Shared/Consultant - Arch Principal/<Select folder>",active,"","Please make sure you pick the correct target folder in which the files need to be copied to when approved, during initiating the approval process.",2025-06-10 11:58:33.889,2025-06-10 11:58:33.889
69e34551-6d7b-465c-adea-baf66727273a,bf996092-8d66-408a-8d8e-5065ca3330c2,a53412bd-7461-4097-8404-e9dca9bf8ebe,ed3beba8-8a6d-40a6-8067-3fe356f64f93,69e34551-6d7b-465c-adea-baf66727273a,EX12,"Pick below target Folders based on the files / folder initiated for the Review.

For files/folders initiated in WIP 

Integrated Sports Arena -> Integrated Sports Arena/Shared/ Consultant - Environmental Clearance/<Select folder>
For Retail -> Retail/Shared/Consultant - Environmental Clearance/<Select folder>
For Club -> Club/Shared/Consultant - Environmental Clearance/<Select folder>

For files/folders initiated in Shared

For Integrated Sports Arena -> Integrated Sports Arena/Published/ Consultant - Environmental Clearance/<Select folder>
For Retail -> Retail/Published/Consultant - Environmental Clearance/<Select folder>
For Club -> Club/Published/Consultant - Environmental Clearance/<Select folder>",archived,"","Please make sure correct target folder is picked in which the files need to be copied to when approved, during initiating the approval process.",2025-06-10 11:58:35.045,2025-06-10 11:58:35.052
4f499764-8b77-4545-82a8-0dfd327ea848,bf996092-8d66-408a-8d8e-5065ca3330c2,a53412bd-7461-4097-8404-e9dca9bf8ebe,ed3beba8-8a6d-40a6-8067-3fe356f64f93,4f499764-8b77-4545-82a8-0dfd327ea848,Structure - Shared to Published (For DBR),"Pick below target Folders based on the files / folder initiated for the Review.

For files/folders initiated in WIP

For Integrated Sports Arena -> Integrated Sports Arena/Shared/ Consultant - Structure/ DBR
For Retail -> Retail/Shared/Consultant - Structure/DBR
For Club -> Club/Shared/Consultant - Structure/DBR

For files/folders initiated in Shared

For Integrated Sports Arena -> Integrated Sports Arena/Published/ Consultant - Structure/ DBR
For Retail -> Retail/Published/Consultant - Structure/DBR
For Club -> Club/Published/Consultant - Structure/DBR",active,"","Please make sure correct target folder is picked in which the files need to be copied to when approved, during initiating the approval process.",2025-06-10 11:58:36.208,2025-06-10 11:58:36.208
87a1d522-bd7e-43f2-adbd-ac7101bf652d,bf996092-8d66-408a-8d8e-5065ca3330c2,a53412bd-7461-4097-8404-e9dca9bf8ebe,ed3beba8-8a6d-40a6-8067-3fe356f64f93,87a1d522-bd7e-43f2-adbd-ac7101bf652d,Signage-WIP to Shared,"Pick below target Folders based on the files / folder initiated for the Review.

For files/folders initiated in WIP 

Integrated Sports Arena -> Integrated Sports Arena/Shared/ Consultant - Signage Design/<Select folder>
For Retail -> Retail/Shared/ Consultant - Signage Design/<Select folder>
For Club -> Club/Shared/ Consultant - Signage Design/<Select folder>

For files/folders initiated in Shared

Integrated Sports Arena -> Integrated Sports Arena/Published/ Consultant - Signage Design<Select folder>
For Retail -> Retail/Published/ Consultant - Signage Design/<Select folder>
For Club -> Club/Published/ Consultant - Signage Design/<Select folder>",active,"","Please make sure correct target folder is picked in which the files need to be copied to when approved, during initiating the approval process.",2025-06-10 11:58:37.36,2025-06-10 11:58:37.36
beb978e3-8760-441a-a2da-29f12a4fd344,bf996092-8d66-408a-8d8e-5065ca3330c2,a53412bd-7461-4097-8404-e9dca9bf8ebe,ed3beba8-8a6d-40a6-8067-3fe356f64f93,beb978e3-8760-441a-a2da-29f12a4fd344,Wind Tunnel Analysis-WIP to Shared,"Pick below target Folders based on the files / folder initiated for the Review.

For files/folders initiated in WIP 

Integrated Sports Arena -> Integrated Sports Arena/Shared/Consultant - Wind Tunnel Analysis/<Select folder>
For Retail -> Retail/Shared/Consultant - Wind Tunnel Analysis/<Select folder>
For Club -> Club/Shared/Consultant - Wind Tunnel Analysis/<Select folder>

For files/folders initiated in Shared

For Integrated Sports Arena -> Integrated Sports Arena/Published/Consultant - Wind Tunnel Analysis<Select folder>
For Retail -> Retail/Published/Consultant - Wind Tunnel Analysis/<Select folder>
For Club -> Club/Published/Consultant - Wind Tunnel Analysis/<Select folder>",active,"","Please make sure correct target folder is picked in which the files need to be copied to when approved, during initiating the approval process.",2025-06-10 11:58:38.534,2025-06-10 11:58:38.534
9310d8a2-eed2-4151-b554-8bd1154a5e96,bf996092-8d66-408a-8d8e-5065ca3330c2,a53412bd-7461-4097-8404-e9dca9bf8ebe,ed3beba8-8a6d-40a6-8067-3fe356f64f93,9310d8a2-eed2-4151-b554-8bd1154a5e96,"Service Estimate-Shared to Published(For Mechanical, Electrical & Plumbing)","Pick below target Folders based on the files / folder initiated for the Review.

For files/folders initiated in WIP

For Integrated Sports Arena -> Integrated Sports Arena/Shared/ Consultant - Mechanical / DBR
For Retail -> Retail/Shared/Consultant - Mechanical /DBR
For Club -> Club/Shared/Consultant - Mechanical /DBR

For files/folders initiated in Shared

For Integrated Sports Arena -> Integrated Sports Arena/Published/ Consultant - Mechanical / DBR
For Retail -> Retail/Published/Consultant - Mechanical /DBR
For Club -> Club/Published/Consultant - Mechanical /DBR",active,"","Please make sure correct target folder is picked in which the files need to be copied to when approved, during initiating the approval process.",2025-06-10 11:58:39.804,2025-06-10 11:58:39.804
bda02a37-4066-4e60-9971-b2e3f74df94f,bf996092-8d66-408a-8d8e-5065ca3330c2,a53412bd-7461-4097-8404-e9dca9bf8ebe,ed3beba8-8a6d-40a6-8067-3fe356f64f93,bda02a37-4066-4e60-9971-b2e3f74df94f,Vertical Transport-WIP to Shared,"Pick below target Folders based on the files / folder initiated for the Review.

For files/folders initiated in WIP 

Integrated Sports Arena -> Integrated Sports Arena/Shared/ Consultant - Vertical Transport/<Select folder>
For Retail -> Retail/Shared/ Consultant - Vertical Transport/<Select folder>
For Club -> Club/Shared/ Consultant - Vertical Transport/<Select folder>

For files/folders initiated in Shared

Integrated Sports Arena -> Integrated Sports Arena/Published/ Consultant - Vertical Transport<Select folder>
For Retail -> Retail/Published/ Consultant - Vertical Transport/<Select folder>
For Club -> Club/Published/ Consultant - Vertical Transport/<Select folder>",active,"","Please make sure correct target folder is picked in which the files need to be copied to when approved, during initiating the approval process.",2025-06-10 11:58:40.997,2025-06-10 11:58:40.997
553ac984-691a-4d3f-a134-a168fc33791d,bf996092-8d66-408a-8d8e-5065ca3330c2,a53412bd-7461-4097-8404-e9dca9bf8ebe,ed3beba8-8a6d-40a6-8067-3fe356f64f93,553ac984-691a-4d3f-a134-a168fc33791d,Mechanical-Shared to Published(For WIP and Tender & BOQ),"Pick below target Folders based on the files / folder initiated for the Review.

For Integrated Sports Arena -> Integrated Sports Arena/Shared/Consultant - Mechanical/<Select folder>

For Retail -> Retail/Shared/Consultant - Mechanical/<Select folder>

For Club -> Club/Shared/Consultant - Mechanical/<Select folder>",active,"","Please make sure you pick the correct target folder in which the files need to be copied to when approved, during initiating the approval process.",2025-06-10 11:58:42.157,2025-06-10 11:58:42.157
f20ee54f-dfca-4f24-abb7-f24ab0ac8a75,bf996092-8d66-408a-8d8e-5065ca3330c2,a53412bd-7461-4097-8404-e9dca9bf8ebe,ed3beba8-8a6d-40a6-8067-3fe356f64f93,f20ee54f-dfca-4f24-abb7-f24ab0ac8a75,Structure Peer Review - WIP to Shared,"Pick below target Folders based on the files / folder initiated for the Review.

For files/folders initiated in WIP 

Integrated Sports Arena -> Integrated Sports Arena/Shared/ Consultant - Structure /<Select folder>
For Retail -> Retail/Shared/Consultant - Structure/<Select folder>
For Club -> Club/Shared/Consultant - Structure/<Select folder>",active,"","Please make sure correct target folder is picked in which the files need to be copied to when approved, during initiating the approval process.",2025-06-10 11:58:43.378,2025-06-10 11:58:43.378
3cd3823d-758e-4005-9032-d0f1e02c0b25,bf996092-8d66-408a-8d8e-5065ca3330c2,a53412bd-7461-4097-8404-e9dca9bf8ebe,ed3beba8-8a6d-40a6-8067-3fe356f64f93,3cd3823d-758e-4005-9032-d0f1e02c0b25,Electrical-Shared to Published(For DBR),"Pick below target Folders based on the files / folder initiated for the Review.

For Integrated Sports Arena -> Integrated Sports Arena/Shared/Consultant - Electrical/<Select folder>

For Retail -> Retail/Shared/Consultant - Electrical/<Select folder>

For Club -> Club/Shared/Consultant - Electrical/<Select folder>",active,"","Please make sure you pick the correct target folder in which the files need to be copied to when approved, during initiating the approval process.",2025-06-10 11:58:44.52,2025-06-10 11:58:44.52
67db7628-cc55-4e60-a55b-125d43792932,bf996092-8d66-408a-8d8e-5065ca3330c2,a53412bd-7461-4097-8404-e9dca9bf8ebe,ed3beba8-8a6d-40a6-8067-3fe356f64f93,67db7628-cc55-4e60-a55b-125d43792932,EX1,"Pick below target Folders based on the files / folder initiated for the Review.

For files/folders initiated in WIP

For Integrated Sports Arena -> Integrated Sports Arena/Shared/ Consultant - Electrical / DBR
For Retail -> Retail/Shared/Consultant - Electrical /DBR
For Club -> Club/Shared/Consultant - Electrical /DBR

For files/folders initiated in Shared

For Integrated Sports Arena -> Integrated Sports Arena/Published/ Consultant - Electrical /DBR
For Retail -> Retail/Published/Consultant - Electrical /DBR
For Club -> Club/Published/Consultant - Electrical /DBR",archived,"","Please make sure correct target folder is picked in which the files need to be copied to when approved, during initiating the approval process.",2025-06-10 11:58:45.698,2025-06-10 11:58:45.719
d603030e-ff78-4860-afce-4307f5ab3dec,bf996092-8d66-408a-8d8e-5065ca3330c2,a53412bd-7461-4097-8404-e9dca9bf8ebe,ed3beba8-8a6d-40a6-8067-3fe356f64f93,d603030e-ff78-4860-afce-4307f5ab3dec,EX8,"Pick below target Folders based on the files / folder initiated for the Review.

For files/folders initiated in WIP 

Integrated Sports Arena -> Integrated Sports Arena/Shared/ Consultant - Vertical Transport/<Select folder>
For Retail -> Retail/Shared/ Consultant - Vertical Transport/<Select folder>
For Club -> Club/Shared/ Consultant - Vertical Transport/<Select folder>

For files/folders initiated in Shared

Integrated Sports Arena -> Integrated Sports Arena/Published/ Consultant - Vertical Transport<Select folder>
For Retail -> Retail/Published/ Consultant - Vertical Transport/<Select folder>
For Club -> Club/Published/ Consultant - Vertical Transport/<Select folder>",archived,"","Please make sure correct target folder is picked in which the files need to be copied to when approved, during initiating the approval process.",2025-06-10 11:58:46.865,2025-06-10 11:58:46.873
e61e1561-90c2-41c9-b847-4a509af9f2d2,bf996092-8d66-408a-8d8e-5065ca3330c2,a53412bd-7461-4097-8404-e9dca9bf8ebe,ed3beba8-8a6d-40a6-8067-3fe356f64f93,e61e1561-90c2-41c9-b847-4a509af9f2d2,Plumbing & Firefighting-Shared to Publish(For Fire Scheme Approval),"Pick below target Folders based on the files / folder initiated for the Review.

For files/folders initiated in Shared

For Integrated Sports Arena -> Integrated Sports Arena/Published/ Consultant - Plumbing / Fire Scheme
For Retail -> Retail/Published/ Consultant - Plumbing / Fire Scheme
For Club -> Club/Published/ Consultant - Plumbing / Fire Scheme",active,"","Please make sure correct target folder is picked in which the files need to be copied to when approved, during initiating the approval process.",2025-06-10 11:58:48.05,2025-06-10 11:58:48.05
4068d853-3697-4028-a17b-1f9da8b49def,bf996092-8d66-408a-8d8e-5065ca3330c2,a53412bd-7461-4097-8404-e9dca9bf8ebe,ed3beba8-8a6d-40a6-8067-3fe356f64f93,4068d853-3697-4028-a17b-1f9da8b49def,Mechanical-Shared to Published(For Fire Scheme Approval),"Pick below target Folders based on the files / folder initiated for the Review.

For files/folders initiated in Shared

For Integrated Sports Arena -> Integrated Sports Arena/Published/ Consultant - Mechanical / Fire Scheme
For Retail -> Retail/Published/ Consultant - Mechanical / Fire Scheme
For Club -> Club/Published/ Consultant - Mechanical / Fire Scheme",active,"","Please make sure correct target folder is picked in which the files need to be copied to when approved, during initiating the approval process.",2025-06-10 11:58:49.245,2025-06-10 11:58:49.245
fa3a1912-6289-4642-b7c8-851d69d8e7ab,bf996092-8d66-408a-8d8e-5065ca3330c2,a53412bd-7461-4097-8404-e9dca9bf8ebe,ed3beba8-8a6d-40a6-8067-3fe356f64f93,fa3a1912-6289-4642-b7c8-851d69d8e7ab,EX-5,"Pick below target Folders based on the files / folder initiated for the Review.

For files/folders initiated in WIP

For Integrated Sports Arena -> Integrated Sports Arena/Shared/ Consultant - Plumbing/ DBR
For Retail -> Retail/Shared/Consultant - Plumbing/DBR
For Club -> Club/Shared/Consultant - Plumbing/DBR

For files/folders initiated in Shared

For Integrated Sports Arena -> Integrated Sports Arena/Published/ Consultant - Plumbing/ DBR
For Retail -> Retail/Published/Consultant - Plumbing/DBR
For Club -> Club/Published/Consultant - Plumbing/DBR",archived,"","Please make sure correct target folder is picked in which the files need to be copied to when approved, during initiating the approval process.",2025-06-10 11:58:50.418,2025-06-10 11:58:50.425
7c01ba85-760d-446d-982b-255e296bcd99,bf996092-8d66-408a-8d8e-5065ca3330c2,a53412bd-7461-4097-8404-e9dca9bf8ebe,ed3beba8-8a6d-40a6-8067-3fe356f64f93,7c01ba85-760d-446d-982b-255e296bcd99,Traffic Analysis-Shared to Published,"Pick below target Folders based on the files / folder initiated for the Review.

For files/folders initiated in WIP 

Integrated Sports Arena -> Integrated Sports Arena/Shared/Consultant - Traffic Analysis/<Select folder>
For Retail -> Retail/Shared/Consultant - Traffic Analysis/<Select folder>
For Club -> Club/Shared/Consultant - Traffic Analysis/<Select folder>

For files/folders initiated in Shared

Integrated Sports Arena -> Integrated Sports Arena/Published/Consultant - Traffic Analysis/<Select folder>
For Retail -> Retail/Published/Consultant - Traffic Analysis/<Select folder>
For Club -> Club/Published/Consultant - Traffic Analysis/<Select folder>",active,"","Please make sure you pick the correct target folder in which the files need to be copied to when approved, during initiating the approval process.",2025-06-10 11:58:51.586,2025-06-10 11:58:51.586
866e7107-c209-4679-9c8c-b68d8434e2e8,bf996092-8d66-408a-8d8e-5065ca3330c2,a53412bd-7461-4097-8404-e9dca9bf8ebe,ed3beba8-8a6d-40a6-8067-3fe356f64f93,866e7107-c209-4679-9c8c-b68d8434e2e8,"Mechanical-Shared to Published(For SD, DD & GFC)","Pick below target Folders based on the files / folder initiated for the Review.

For files/folders initiated in WIP

For Integrated Sports Arena -> Integrated Sports Arena/Shared/ Consultant - Mechanical/SD Requirements
For Retail -> Retail/Shared/ Consultant - Mechanical/SD Requirements
For Club -> Club/Shared/ Consultant - Mechanical/SD Requirements",active,"","Please make sure correct target folder is picked in which the files need to be copied to when approved, during initiating the approval process.",2025-06-10 11:58:52.835,2025-06-10 11:58:52.835
c3e2d198-8a49-40a8-8228-ba18bb0ddc4c,bf996092-8d66-408a-8d8e-5065ca3330c2,a53412bd-7461-4097-8404-e9dca9bf8ebe,ed3beba8-8a6d-40a6-8067-3fe356f64f93,c3e2d198-8a49-40a8-8228-ba18bb0ddc4c,Structure Peer Reviw - Shared to Published,"Pick below target Folders based on the files / folder initiated for the Review.

For files/folders initiated in WIP 

Integrated Sports Arena -> Integrated Sports Arena/Shared/ Consultant - Structure /<Select folder>
For Retail -> Retail/Shared/Consultant - Structure/<Select folder>
For Club -> Club/Shared/Consultant - Structure/<Select folder>",active,"","Please make sure correct target folder is picked in which the files need to be copied to when approved, during initiating the approval process.",2025-06-10 11:58:54.009,2025-06-10 11:58:54.009
fddee5cb-0460-4198-a0ea-97a1f02ddbcc,bf996092-8d66-408a-8d8e-5065ca3330c2,2f551e7d-05e6-4bfc-8ee1-0ef3a8487c11,510bcc50-d295-4739-9f95-4b32a2831271,fddee5cb-0460-4198-a0ea-97a1f02ddbcc,"Contractor - Shared to Published (For DPR, Machinery Details, DLR & other files)","In the Target Folder Box please select the intended folder in which the approved/commented file shall be saved. This is a mandatory step for the initiator.

For Example:
For files/folders initiated in WIP the initiator shall follow the following

For Integrated Sports Arena -> Integrated Sports Arena/Shared/Consultant - Arch Principal/<Select folder>
For Retail -> Retail/Shared/Consultant - Arch Principal/<Select folder>
For Club -> Club/Shared/Consultant - Arch Principal/<Select folder>",active,"","Please make sure you pick the correct target folder in which the files need to be copied to when approved, during initiating the approval process.",2025-06-12 05:38:42.266,2025-06-12 05:38:42.266
7d83e407-b6ff-483e-b23a-f7a0af4a7b34,bf996092-8d66-408a-8d8e-5065ca3330c2,23142979-9fb6-4fd3-bd82-62d7e0add75f,3e0c2985-dcb9-45da-8e36-282bc793185e,7d83e407-b6ff-483e-b23a-f7a0af4a7b34,"Contractor - Shared to Published (For DPR, Machinery Details, DLR & other files)","In the Target Folder Box please select the intended folder in which the approved/commented file shall be saved. This is a mandatory step for the initiator.

For Example:
For files/folders initiated in WIP the initiator shall follow the following

For Integrated Sports Arena -> Integrated Sports Arena/Shared/Consultant - Arch Principal/<Select folder>
For Retail -> Retail/Shared/Consultant - Arch Principal/<Select folder>
For Club -> Club/Shared/Consultant - Arch Principal/<Select folder>",active,"","Please make sure you pick the correct target folder in which the files need to be copied to when approved, during initiating the approval process.",2025-06-12 05:38:50.597,2025-06-12 05:38:50.597
88ab8de8-9fc3-414f-b6b9-ea5d74569401,bf996092-8d66-408a-8d8e-5065ca3330c2,77d5fb8c-5d83-4fa8-8c81-169306f7a8f7,9dcb2dc9-b2b4-4aca-8d8f-ef4b5cdb3c4b,88ab8de8-9fc3-414f-b6b9-ea5d74569401,"Contractor - Shared to Published (For DPR, Machinery Details, DLR & other files)","In the Target Folder Box please select the intended folder in which the approved/commented file shall be saved. This is a mandatory step for the initiator.

For Example:
For files/folders initiated in WIP the initiator shall follow the following

For Integrated Sports Arena -> Integrated Sports Arena/Shared/Consultant - Arch Principal/<Select folder>
For Retail -> Retail/Shared/Consultant - Arch Principal/<Select folder>
For Club -> Club/Shared/Consultant - Arch Principal/<Select folder>",active,"","Please make sure you pick the correct target folder in which the files need to be copied to when approved, during initiating the approval process.",2025-06-12 05:38:53.479,2025-06-12 05:38:53.479
bd059f64-56d7-447f-ac6b-0be9d165eed4,bf996092-8d66-408a-8d8e-5065ca3330c2,23142979-9fb6-4fd3-bd82-62d7e0add75f,3e0c2985-dcb9-45da-8e36-282bc793185e,bd059f64-56d7-447f-ac6b-0be9d165eed4,Structure-WIP to Shared(For WIP Files),"In the Target Folder Box please select the intended folder in which the approved/commented file shall be saved. This is a mandatory step for the initiator.

For Example:
For files/folders initiated in WIP the initiator shall follow the following

For Integrated Sports Arena -> Integrated Sports Arena/Shared/Consultant - Arch Principal/<Select folder>
For Retail -> Retail/Shared/Consultant - Arch Principal/<Select folder>
For Club -> Club/Shared/Consultant - Arch Principal/<Select folder>",active,"","Please make sure correct target folder is picked in which the files need to be copied to when approved, during initiating the approval process.",2025-03-07 10:11:13.675,2025-08-11 07:29:28.872
149a4653-9b78-44dd-88f2-99a1a18f18ec,bf996092-8d66-408a-8d8e-5065ca3330c2,967e785d-d83c-490b-8d6a-2ed926c956ac,39036e63-f030-41c3-b6a6-7ed52887a739,149a4653-9b78-44dd-88f2-99a1a18f18ec,Plumbing & Firefighting-WIP to Shared(For All WIP Files),"In the Target Folder Box please select the intended folder in which the approved/commented file shall be saved. This is a mandatory step for the initiator.

For Example:
For files/folders initiated in WIP  the initiator shall follow the following

For Vrindavan Courtyard -> Vrindavan Courtyard/Shared/Consultant -Plumbing & Firefightingl/<Select folder>",active,"","Please make sure you pick the correct target folder in which the files need to be copied to when approved, during initiating the approval process.",2025-05-16 10:52:47.478,2025-06-20 07:03:38.171
a0a1ef52-605b-4128-99cc-fb40659d797a,bf996092-8d66-408a-8d8e-5065ca3330c2,ada6015d-9fce-4f2c-b20f-fc9122d2face,f978b2a1-b392-4017-89c9-d6e484b2bad0,a0a1ef52-605b-4128-99cc-fb40659d797a,Mechanical - SD (and) DD (and) GFC,"Pick below target Folders based on the files / folder initiated for the Review.

For files/folders initiated in Shared

For Integrated Sports Arena -> Integrated Sports Arena/Published/Consultant - Mechanical/<Select folder>
For Retail -> Retail/Published/Consultant - Mechanical/<Select folder>
For Club -> Club/Published/Consultant - Mechanical/<Select folder>",active,"","Please make sure correct target folder is picked in which the files need to be copied to when approved, during initiating the approval process.",2025-02-25 06:10:16.425,2025-05-16 11:06:41.466
dd8ef223-bb8c-42cd-9d08-bbea67dfb544,bf996092-8d66-408a-8d8e-5065ca3330c2,967e785d-d83c-490b-8d6a-2ed926c956ac,39036e63-f030-41c3-b6a6-7ed52887a739,dd8ef223-bb8c-42cd-9d08-bbea67dfb544,Plumbing & Firefighting-Shared to Publish(For Fire Scheme Approval),"In the Target Folder Box please select the intended folder in which the approved/commented file shall be saved. This is a mandatory step for the initiator.

For Example:
For files/folders initiated in Shared  the initiator shall follow the following

For Vrindavan Courtyard -> Vrindavan Courtyard/Shared/Consultant -Plumbing & Firefightingl/<Select folder>",active,"","Please make sure correct target folder is picked in which the files need to be copied to when approved, during initiating the approval process.",2025-03-21 06:47:02.176,2025-06-20 06:43:46.804
4637bf9d-5425-45a2-af49-6b0588c64d0e,bf996092-8d66-408a-8d8e-5065ca3330c2,967e785d-d83c-490b-8d6a-2ed926c956ac,39036e63-f030-41c3-b6a6-7ed52887a739,4637bf9d-5425-45a2-af49-6b0588c64d0e,Plumbing & Firefighting-Shared to Published(For DBR),"In the Target Folder Box please select the intended folder in which the approved/commented file shall be saved. This is a mandatory step for the initiator.

For Example:
For files/folders initiated in Shared  the initiator shall follow the following

For Vrindavan Courtyard -> Vrindavan Courtyard/Shared/Consultant -Plumbing & Firefightingl/<Select folder>",active,"","Please make sure you pick the correct target folder in which the files need to be copied to when approved, during initiating the approval process.",2025-05-16 10:59:36.666,2025-06-20 06:45:11.628
dcc648f4-09e3-414a-9182-0d47381ff382,bf996092-8d66-408a-8d8e-5065ca3330c2,967e785d-d83c-490b-8d6a-2ed926c956ac,39036e63-f030-41c3-b6a6-7ed52887a739,dcc648f4-09e3-414a-9182-0d47381ff382,"Plumbing & Firefighting-Shared to Published(For SD, DD & GFC)","In the Target Folder Box please select the intended folder in which the approved/commented file shall be saved. This is a mandatory step for the initiator.

For Example:
For files/folders initiated in Shared  the initiator shall follow the following

For Vrindavan Courtyard -> Vrindavan Courtyard/Shared/Consultant -Plumbing & Firefightingl/<Select folder>",active,"","Please make sure correct target folder is picked in which the files need to be copied to when approved, during initiating the approval process.",2025-05-16 10:48:43.212,2025-06-20 07:02:19.052
93dee120-d883-480c-9603-9b7be4719eef,bf996092-8d66-408a-8d8e-5065ca3330c2,967e785d-d83c-490b-8d6a-2ed926c956ac,39036e63-f030-41c3-b6a6-7ed52887a739,93dee120-d883-480c-9603-9b7be4719eef,EX-5,"Pick below target Folders based on the files / folder initiated for the Review.

For files/folders initiated in WIP

For Integrated Sports Arena -> Integrated Sports Arena/Shared/ Consultant - Plumbing/ DBR
For Retail -> Retail/Shared/Consultant - Plumbing/DBR
For Club -> Club/Shared/Consultant - Plumbing/DBR

For files/folders initiated in Shared

For Integrated Sports Arena -> Integrated Sports Arena/Published/ Consultant - Plumbing/ DBR
For Retail -> Retail/Published/Consultant - Plumbing/DBR
For Club -> Club/Published/Consultant - Plumbing/DBR",archived,"","Please make sure correct target folder is picked in which the files need to be copied to when approved, during initiating the approval process.",2025-05-15 04:15:07.724,2025-05-17 06:22:00.353
2696d9a7-03bc-4bf9-8d95-f4894ff4de95,bf996092-8d66-408a-8d8e-5065ca3330c2,e9b596f2-48ee-419b-a199-da304b38c398,b2f76ca9-ad86-4a78-b2cd-24b66da2d04f,2696d9a7-03bc-4bf9-8d95-f4894ff4de95,EX9,"Pick below target Folders based on the files / folder initiated for the Review.

For files/folders initiated in Shared

For Integrated Sports Arena -> Integrated Sports Arena/Published/Consultant - Mechanical/<Select folder>
For Retail -> Retail/Published/Consultant - Mechanical/<Select folder>
For Club -> Club/Published/Consultant - Mechanical/<Select folder>",archived,"","Please make sure correct target folder is picked in which the files need to be copied to when approved, during initiating the approval process.",2025-05-31 06:58:25.25,2025-05-31 06:58:25.257
a40c3fbb-7fb3-477c-92fe-a3bf12ebe243,bf996092-8d66-408a-8d8e-5065ca3330c2,e9b596f2-48ee-419b-a199-da304b38c398,b2f76ca9-ad86-4a78-b2cd-24b66da2d04f,a40c3fbb-7fb3-477c-92fe-a3bf12ebe243,Compile Tender & BOQ,"In the Target Folder Box please select the intended folder in which the approved/commented file shall be saved. This is a mandatory step for the initiator.

For Example:
For files/folders initiated in Shared the initiator shall follow the following

For Centre Point  -Prayagraj-> Centre Point -Prayagraj/Shared/Consultant-Compile Tender & BOQ/<Select folder>",active,"","Please make sure correct target folder is picked in which the files need to be copied to when approved, during initiating the approval process.",2025-05-31 06:58:26.421,2025-06-20 11:27:55.94
04c5b03e-6f2b-4a9e-ad96-53bb949d4d76,bf996092-8d66-408a-8d8e-5065ca3330c2,e9b596f2-48ee-419b-a199-da304b38c398,b2f76ca9-ad86-4a78-b2cd-24b66da2d04f,04c5b03e-6f2b-4a9e-ad96-53bb949d4d76,EX7,"Pick below target Folders based on the files / folder initiated for the Review.

For files/folders initiated in WIP 

Integrated Sports Arena -> Integrated Sports Arena/Shared/ Consultant - Vertical Transport/<Select folder>
For Retail -> Retail/Shared/ Consultant - Vertical Transport/<Select folder>
For Club -> Club/Shared/ Consultant - Vertical Transport/<Select folder>

For files/folders initiated in Shared

Integrated Sports Arena -> Integrated Sports Arena/Published/ Consultant - Vertical Transport<Select folder>
For Retail -> Retail/Published/ Consultant - Vertical Transport/<Select folder>
For Club -> Club/Published/ Consultant - Vertical Transport/<Select folder>",archived,"","Please make sure correct target folder is picked in which the files need to be copied to when approved, during initiating the approval process.",2025-05-31 06:58:27.608,2025-05-31 06:58:27.616
e1ec2415-79ac-4dd7-bcb4-76c35d5b1696,bf996092-8d66-408a-8d8e-5065ca3330c2,e9b596f2-48ee-419b-a199-da304b38c398,b2f76ca9-ad86-4a78-b2cd-24b66da2d04f,e1ec2415-79ac-4dd7-bcb4-76c35d5b1696,EX10,"Pick below target Folders based on the files / folder initiated for the Review.

For files/folders initiated in Shared

Mechanical:

For Integrated Sports Arena -> Integrated Sports Arena/Published/ Consultant - Mechanical / Service Estimate
For Retail -> Retail/Published/ Consultant - Mechanical / Service Estimate
For Club -> Club/Published/ Consultant - Mechanical / Service Estimate


Electrical:

For Integrated Sports Arena -> Integrated Sports Arena/Published/ Consultant - Electrical / Service Estimate
For Retail -> Retail/Published/ Consultant - Electrical / Service Estimate
For Club -> Club/Published/ Consultant - Electrical / Service Estimate

Plumbing:

For Integrated Sports Arena -> Integrated Sports Arena/Published/ Consultant - Plumbing/SD Requirements/Service Estimate
For Retail -> Retail/Published/ Consultant - Plumbing/SD Requirements/Service Estimate
For Club -> Club/Published/ Consultant - Plumbing/SD Requirements/Service Estimate",archived,"","Please make sure correct target folder is picked in which the files need to be copied to when approved, during initiating the approval process.",2025-05-31 06:58:28.821,2025-05-31 06:58:28.846
ee89b9a1-9520-4d63-95e3-e8ad67cac01b,bf996092-8d66-408a-8d8e-5065ca3330c2,e9b596f2-48ee-419b-a199-da304b38c398,b2f76ca9-ad86-4a78-b2cd-24b66da2d04f,ee89b9a1-9520-4d63-95e3-e8ad67cac01b,EX-6,"Pick below target Folders based on the files / folder initiated for the Review.

For Integrated Sports Arena -> Integrated Sports Arena/Shared/Consultant - Mechanical/<Select folder>

For Retail -> Retail/Shared/Consultant - Mechanical/<Select folder>

For Club -> Club/Shared/Consultant - Mechanical/<Select folder>",archived,"","Please make sure you pick the correct target folder in which the files need to be copied to when approved, during initiating the approval process.",2025-05-31 06:58:31.204,2025-05-31 06:58:31.211
c6e4e450-dbe4-4deb-98e4-aebbd5566a22,bf996092-8d66-408a-8d8e-5065ca3330c2,e9b596f2-48ee-419b-a199-da304b38c398,b2f76ca9-ad86-4a78-b2cd-24b66da2d04f,c6e4e450-dbe4-4deb-98e4-aebbd5566a22,Mechanical-Shared to Published(For DBR),"In the Target Folder Box please select the intended folder in which the approved/commented file shall be saved. This is a mandatory step for the initiator.

For Example:
For files/folders initiated in Shared  the initiator shall follow the following

For Centre Point  -Prayagraj-> Centre Point -Prayagraj/Shared/Consultant-Mechanical /<Select folder>",active,"","Please make sure you pick the correct target folder in which the files need to be copied to when approved, during initiating the approval process.",2025-05-31 06:58:30.045,2025-06-20 11:45:05.822
39fa6bd8-066a-473a-a7e1-d6f84e843ced,bf996092-8d66-408a-8d8e-5065ca3330c2,e9b596f2-48ee-419b-a199-da304b38c398,b2f76ca9-ad86-4a78-b2cd-24b66da2d04f,39fa6bd8-066a-473a-a7e1-d6f84e843ced,Electrical-WIP to Shared(All WIP files),"In the Target Folder Box please select the intended folder in which the approved/commented file shall be saved. This is a mandatory step for the initiator.

For Example:
For files/folders initiated in WIP  the initiator shall follow the following

For Centre Point  -Prayagraj-> Centre Point -Prayagraj/Shared/Consultant-Electrical/<Select folder>",active,"","Please make sure you pick the correct target folder in which the files need to be copied to when approved, during initiating the approval process.",2025-05-31 06:58:34.66,2025-06-20 11:37:00.321
e7ca0464-a7f4-49b5-82a7-38b3c6c27ee4,bf996092-8d66-408a-8d8e-5065ca3330c2,e9b596f2-48ee-419b-a199-da304b38c398,b2f76ca9-ad86-4a78-b2cd-24b66da2d04f,e7ca0464-a7f4-49b5-82a7-38b3c6c27ee4,Signage-Shared to Published,"In the Target Folder Box please select the intended folder in which the approved/commented file shall be saved. This is a mandatory step for the initiator.

For Example:
For files/folders initiated in Shared   the initiator shall follow the following

For Centre Point  -Prayagraj-> Centre Point -Prayagraj/Shared/Consultant-Signage<Select folder>",active,"","Please make sure correct target folder is picked in which the files need to be copied to when approved, during initiating the approval process.",2025-05-31 06:58:38.136,2025-06-20 11:56:15.115
6f475b0d-1649-4041-87de-58755625cd84,bf996092-8d66-408a-8d8e-5065ca3330c2,e9b596f2-48ee-419b-a199-da304b38c398,b2f76ca9-ad86-4a78-b2cd-24b66da2d04f,6f475b0d-1649-4041-87de-58755625cd84,Structure-Shared to Published(For BP Framing Plan),"In the Target Folder Box please select the intended folder in which the approved/commented file shall be saved. This is a mandatory step for the initiator.

For Example:
For files/folders initiated in Shared    the initiator shall follow the following

For Centre Point  -Prayagraj-> Centre Point -Prayagraj/Shared/Consultant-Structure<Select folder>",active,"","Please make sure correct target folder is picked in which the files need to be copied to when approved, during initiating the approval process.",2025-05-31 06:58:33.508,2025-06-20 12:00:41.102
21d0b899-cbf6-4d18-8de9-7f856b6264b3,bf996092-8d66-408a-8d8e-5065ca3330c2,e9b596f2-48ee-419b-a199-da304b38c398,b2f76ca9-ad86-4a78-b2cd-24b66da2d04f,21d0b899-cbf6-4d18-8de9-7f856b6264b3,EX4,"Pick below target Folders based on the files / folder initiated for the Review.

For files/folders initiated in WIP

For Integrated Sports Arena -> Integrated Sports Arena/Shared/ Consultant - Plumbing/ DBR
For Retail -> Retail/Shared/Consultant - Plumbing/DBR
For Club -> Club/Shared/Consultant - Plumbing/DBR

For files/folders initiated in Shared

For Integrated Sports Arena -> Integrated Sports Arena/Published/ Consultant - Plumbing/ DBR
For Retail -> Retail/Published/Consultant - Plumbing/DBR
For Club -> Club/Published/Consultant - Plumbing/DBR",archived,"","Please make sure correct target folder is picked in which the files need to be copied to when approved, during initiating the approval process.",2025-05-31 06:58:41.568,2025-05-31 06:58:41.575
f4da710c-3e76-4167-ad6d-29b6f702c7a3,bf996092-8d66-408a-8d8e-5065ca3330c2,e9b596f2-48ee-419b-a199-da304b38c398,b2f76ca9-ad86-4a78-b2cd-24b66da2d04f,f4da710c-3e76-4167-ad6d-29b6f702c7a3,Mechanical-WIP to Shared(For All WIP Files),"In the Target Folder Box please select the intended folder in which the approved/commented file shall be saved. This is a mandatory step for the initiator.

For Example:
For files/folders initiated in WIP  the initiator shall follow the following

For Centre Point  -Prayagraj-> Centre Point -Prayagraj/Shared/Consultant-Mechanical /<Select folder>",active,"","Please make sure you pick the correct target folder in which the files need to be copied to when approved, during initiating the approval process.",2025-05-31 06:58:40.426,2025-06-20 11:48:27.412
ccb00a70-fd70-4af3-b6eb-0c973caa2b51,bf996092-8d66-408a-8d8e-5065ca3330c2,e9b596f2-48ee-419b-a199-da304b38c398,b2f76ca9-ad86-4a78-b2cd-24b66da2d04f,ccb00a70-fd70-4af3-b6eb-0c973caa2b51,Mechanical-WIP to Shared(For SD Requirement),"In the Target Folder Box please select the intended folder in which the approved/commented file shall be saved. This is a mandatory step for the initiator.

For Example:
For files/folders initiated in WIP   the initiator shall follow the following

For Centre Point  -Prayagraj-> Centre Point -Prayagraj/Shared/Consultant-Mechanical /<Select folder>",active,"","Please make sure correct target folder is picked in which the files need to be copied to when approved, during initiating the approval process.",2025-05-31 06:58:46.195,2025-06-20 11:49:20.903
bccb3b11-d29e-4b16-85c3-2a6162886136,bf996092-8d66-408a-8d8e-5065ca3330c2,e9b596f2-48ee-419b-a199-da304b38c398,b2f76ca9-ad86-4a78-b2cd-24b66da2d04f,bccb3b11-d29e-4b16-85c3-2a6162886136,EX11,"Pick below target Folders based on the files / folder initiated for the Review.

For files/folders initiated in WIP 

Integrated Sports Arena -> Integrated Sports Arena/Shared/ Consultant - Roof Consultant/<Select folder>
For Retail -> Retail/Shared/Consultant - Roof Consultant/<Select folder>
For Club -> Club/Shared/Consultant - Roof Consultant/<Select folder>

For files/folders initiated in Shared

For Integrated Sports Arena -> Integrated Sports Arena/Published/ Consultant - Roof Consultant/<Select folder>
For Retail -> Retail/Published/Consultant - Roof Consultant/<Select folder>
For Club -> Club/Published/Consultant - Roof Consultant/<Select folder>",archived,"","Please make sure correct target folder is picked in which the files need to be copied to when approved, during initiating the approval process.",2025-05-31 06:58:52.18,2025-05-31 06:58:52.186
e04f95ef-3bec-4be1-b4dd-ce2ffeca57de,bf996092-8d66-408a-8d8e-5065ca3330c2,e9b596f2-48ee-419b-a199-da304b38c398,b2f76ca9-ad86-4a78-b2cd-24b66da2d04f,e04f95ef-3bec-4be1-b4dd-ce2ffeca57de,Vertical Transport-Shared to Published,"In the Target Folder Box please select the intended folder in which the approved/commented file shall be saved. This is a mandatory step for the initiator.

For Example:
For files/folders initiated in Shared   the initiator shall follow the following

For Centre Point  -Prayagraj-> Centre Point -Prayagraj/Shared/Consultant-Vertical Transport<Select folder>",active,"","Please make sure correct target folder is picked in which the files need to be copied to when approved, during initiating the approval process.",2025-05-31 06:58:49.8,2025-06-20 12:06:10.129
c3ba4eae-9d2f-4710-91ab-deae531c9680,bf996092-8d66-408a-8d8e-5065ca3330c2,e9b596f2-48ee-419b-a199-da304b38c398,b2f76ca9-ad86-4a78-b2cd-24b66da2d04f,c3ba4eae-9d2f-4710-91ab-deae531c9680,Wind Tunnel Analysis-Shared to Published,"In the Target Folder Box please select the intended folder in which the approved/commented file shall be saved. This is a mandatory step for the initiator.

For Example:
For files/folders initiated in Shared   the initiator shall follow the following

For Centre Point  -Prayagraj-> Centre Point -Prayagraj/Shared/Consultant-Wind Tunnel Analysis<Select folder>",active,"","Please make sure correct target folder is picked in which the files need to be copied to when approved, during initiating the approval process.",2025-05-31 06:58:51.025,2025-06-20 12:07:39.982
737c319a-a0c2-4cf9-9c1b-0a82c5e230dc,bf996092-8d66-408a-8d8e-5065ca3330c2,e9b596f2-48ee-419b-a199-da304b38c398,b2f76ca9-ad86-4a78-b2cd-24b66da2d04f,737c319a-a0c2-4cf9-9c1b-0a82c5e230dc,EX2,"Pick below target Folders based on the files / folder initiated for the Review.

For files/folders initiated in Shared

For Integrated Sports Arena -> Integrated Sports Arena/Published/Consultant - Electrical/<Select folder>
For Retail -> Retail/Published/Consultant - Electrical/<Select folder>
For Club -> Club/Published/Consultant - Electrical/<Select folder>",archived,"","Please make sure correct target folder is picked in which the files need to be copied to when approved, during initiating the approval process.",2025-05-31 06:58:55.678,2025-05-31 06:58:55.687
250bc743-7d2e-4e54-b417-46e9a980b885,bf996092-8d66-408a-8d8e-5065ca3330c2,e9b596f2-48ee-419b-a199-da304b38c398,b2f76ca9-ad86-4a78-b2cd-24b66da2d04f,250bc743-7d2e-4e54-b417-46e9a980b885,"Structure - Shared to Published (For SD, DD & GFC)","In the Target Folder Box please select the intended folder in which the approved/commented file shall be saved. This is a mandatory step for the initiator.

For Example:
For files/folders initiated in Shared   the initiator shall follow the following

For Centre Point  -Prayagraj-> Centre Point -Prayagraj/Shared/Consultant-Structure<Select folder>",active,"","Please make sure correct target folder is picked in which the files need to be copied to when approved, during initiating the approval process.",2025-05-31 06:58:53.36,2025-06-20 11:58:30.891
08eec900-5e24-4acc-8739-31b2f017229c,bf996092-8d66-408a-8d8e-5065ca3330c2,e9b596f2-48ee-419b-a199-da304b38c398,b2f76ca9-ad86-4a78-b2cd-24b66da2d04f,08eec900-5e24-4acc-8739-31b2f017229c,Plumbing & Firefighting-Shared to Published(For WIP and Tender & BOQ),"In the Target Folder Box please select the intended folder in which the approved/commented file shall be saved. This is a mandatory step for the initiator.

For Example:
For files/folders initiated in Shared  the initiator shall follow the following

For Centre Point  -Prayagraj-> Centre Point -Prayagraj/Shared/Consultant-Plumbing & Firefighting<Select folder>",active,"","Please make sure you pick the correct target folder in which the files need to be copied to when approved, during initiating the approval process.",2025-05-31 06:58:58.224,2025-06-20 11:52:21.612
d9eec543-5461-4c47-9911-a8ffdce6c93e,bf996092-8d66-408a-8d8e-5065ca3330c2,e9b596f2-48ee-419b-a199-da304b38c398,b2f76ca9-ad86-4a78-b2cd-24b66da2d04f,d9eec543-5461-4c47-9911-a8ffdce6c93e,Electrical-WIP to Shared(For SD Requirement),"In the Target Folder Box please select the intended folder in which the approved/commented file shall be saved. This is a mandatory step for the initiator.

For Example:
For files/folders initiated in WIP  the initiator shall follow the following

For Centre Point  -Prayagraj-> Centre Point -Prayagraj/Shared/Consultant-Electrical/<Select folder>",active,"","Please make sure correct target folder is picked in which the files need to be copied to when approved, during initiating the approval process.",2025-05-31 06:59:05.282,2025-06-20 11:37:33.355
6addeff5-1398-4411-aea3-f81ba6f1caed,bf996092-8d66-408a-8d8e-5065ca3330c2,e9b596f2-48ee-419b-a199-da304b38c398,b2f76ca9-ad86-4a78-b2cd-24b66da2d04f,6addeff5-1398-4411-aea3-f81ba6f1caed,Plumbing & Firefighting-WIP to Shared(For SD Requirement),"In the Target Folder Box please select the intended folder in which the approved/commented file shall be saved. This is a mandatory step for the initiator.

For Example:
For files/folders initiated in WIP  the initiator shall follow the following

For Centre Point  -Prayagraj-> Centre Point -Prayagraj/Shared/Consultant-Plumbing & Firefighting<Select folder>",active,"","Please make sure correct target folder is picked in which the files need to be copied to when approved, during initiating the approval process.",2025-05-31 06:59:01.817,2025-06-20 11:53:38.404
d30fb2a5-a543-4c47-9445-a159ddf6c344,bf996092-8d66-408a-8d8e-5065ca3330c2,e9b596f2-48ee-419b-a199-da304b38c398,b2f76ca9-ad86-4a78-b2cd-24b66da2d04f,d30fb2a5-a543-4c47-9445-a159ddf6c344,Ex-3,"Pick below target Folders based on the files / folder initiated for the Review.

For files/folders initiated in Shared

For Integrated Sports Arena -> Integrated Sports Arena/Published/Consultant - Plumbing/<Select folder>
For Retail -> Retail/Published/Consultant - Plumbing/<Select folder>
For Club -> Club/Published/Consultant - Plumbing/<Select folder>",archived,"","Please make sure correct target folder is picked in which the files need to be copied to when approved, during initiating the approval process.",2025-05-31 06:59:06.446,2025-05-31 06:59:06.453
234288da-bfa3-476d-8885-a9e0ac69630a,bf996092-8d66-408a-8d8e-5065ca3330c2,e9b596f2-48ee-419b-a199-da304b38c398,b2f76ca9-ad86-4a78-b2cd-24b66da2d04f,234288da-bfa3-476d-8885-a9e0ac69630a,Electrical-Shared to Published(For Fire Scheme Approval),"In the Target Folder Box please select the intended folder in which the approved/commented file shall be saved. This is a mandatory step for the initiator.

For Example:
For files/folders initiated in Shared the initiator shall follow the following

For Centre Point  -Prayagraj-> Centre Point -Prayagraj/Shared/Consultant-Electrical/<Select folder>",active,"","Please make sure correct target folder is picked in which the files need to be copied to when approved, during initiating the approval process.",2025-05-31 06:59:09.909,2025-06-20 11:33:49.37
15839972-b85b-45c6-baac-559f405658db,bf996092-8d66-408a-8d8e-5065ca3330c2,e9b596f2-48ee-419b-a199-da304b38c398,b2f76ca9-ad86-4a78-b2cd-24b66da2d04f,15839972-b85b-45c6-baac-559f405658db,EX12,"Pick below target Folders based on the files / folder initiated for the Review.

For files/folders initiated in WIP 

Integrated Sports Arena -> Integrated Sports Arena/Shared/ Consultant - Environmental Clearance/<Select folder>
For Retail -> Retail/Shared/Consultant - Environmental Clearance/<Select folder>
For Club -> Club/Shared/Consultant - Environmental Clearance/<Select folder>

For files/folders initiated in Shared

For Integrated Sports Arena -> Integrated Sports Arena/Published/ Consultant - Environmental Clearance/<Select folder>
For Retail -> Retail/Published/Consultant - Environmental Clearance/<Select folder>
For Club -> Club/Published/Consultant - Environmental Clearance/<Select folder>",archived,"","Please make sure correct target folder is picked in which the files need to be copied to when approved, during initiating the approval process.",2025-05-31 06:59:13.878,2025-05-31 06:59:13.885
c55e1fad-1f24-4878-8bb1-69181f24c9d3,bf996092-8d66-408a-8d8e-5065ca3330c2,e9b596f2-48ee-419b-a199-da304b38c398,b2f76ca9-ad86-4a78-b2cd-24b66da2d04f,c55e1fad-1f24-4878-8bb1-69181f24c9d3,Traffic Analysis-WIP Shared,"In the Target Folder Box please select the intended folder in which the approved/commented file shall be saved. This is a mandatory step for the initiator.

For Example:
For files/folders initiated in WIP   the initiator shall follow the following

For Centre Point  -Prayagraj-> Centre Point -Prayagraj/Shared/Consultant-Traffic Analysis<Select folder>",active,"","Please make sure you pick the correct target folder in which the files need to be copied to when approved, during initiating the approval process.",2025-05-31 06:59:11.109,2025-06-20 12:05:00.443
27d9fbe8-6c1c-45ae-ac67-aeb6b366272d,bf996092-8d66-408a-8d8e-5065ca3330c2,e9b596f2-48ee-419b-a199-da304b38c398,b2f76ca9-ad86-4a78-b2cd-24b66da2d04f,27d9fbe8-6c1c-45ae-ac67-aeb6b366272d,Signage-WIP to Shared,"In the Target Folder Box please select the intended folder in which the approved/commented file shall be saved. This is a mandatory step for the initiator.

For Example:
For files/folders initiated in WIP   the initiator shall follow the following

For Centre Point  -Prayagraj-> Centre Point -Prayagraj/Shared/Consultant-Signage<Select folder>",active,"","Please make sure correct target folder is picked in which the files need to be copied to when approved, during initiating the approval process.",2025-05-31 06:59:16.169,2025-06-20 11:57:08.489
f1958bca-15ca-4b6c-ad99-dc2f9f7b5309,bf996092-8d66-408a-8d8e-5065ca3330c2,e9b596f2-48ee-419b-a199-da304b38c398,b2f76ca9-ad86-4a78-b2cd-24b66da2d04f,f1958bca-15ca-4b6c-ad99-dc2f9f7b5309,Electrical-Shared to Published(For DBR),"In the Target Folder Box please select the intended folder in which the approved/commented file shall be saved. This is a mandatory step for the initiator.

For Example:
For files/folders initiated in Shared the initiator shall follow the following

For Centre Point  -Prayagraj-> Centre Point -Prayagraj/Shared/Consultant-Electrical/<Select folder>",active,"","Please make sure you pick the correct target folder in which the files need to be copied to when approved, during initiating the approval process.",2025-05-31 06:59:23.239,2025-06-20 11:32:18.458
92a31f67-ce89-4ca8-b042-c158e869e8a9,bf996092-8d66-408a-8d8e-5065ca3330c2,e9b596f2-48ee-419b-a199-da304b38c398,b2f76ca9-ad86-4a78-b2cd-24b66da2d04f,92a31f67-ce89-4ca8-b042-c158e869e8a9,Structure Peer Review - WIP to Shared,"In the Target Folder Box please select the intended folder in which the approved/commented file shall be saved. This is a mandatory step for the initiator.

For Example:
For files/folders initiated in WIP   the initiator shall follow the following

For Centre Point  -Prayagraj-> Centre Point -Prayagraj/Shared/Consultant-Structure Peer Review<Select folder>",active,"","Please make sure correct target folder is picked in which the files need to be copied to when approved, during initiating the approval process.",2025-05-31 06:59:22.05,2025-06-20 12:03:17.556
849ec89d-1557-47dd-b113-b1125cfdab5e,bf996092-8d66-408a-8d8e-5065ca3330c2,e9b596f2-48ee-419b-a199-da304b38c398,b2f76ca9-ad86-4a78-b2cd-24b66da2d04f,849ec89d-1557-47dd-b113-b1125cfdab5e,EX1,"Pick below target Folders based on the files / folder initiated for the Review.

For files/folders initiated in WIP

For Integrated Sports Arena -> Integrated Sports Arena/Shared/ Consultant - Electrical / DBR
For Retail -> Retail/Shared/Consultant - Electrical /DBR
For Club -> Club/Shared/Consultant - Electrical /DBR

For files/folders initiated in Shared

For Integrated Sports Arena -> Integrated Sports Arena/Published/ Consultant - Electrical /DBR
For Retail -> Retail/Published/Consultant - Electrical /DBR
For Club -> Club/Published/Consultant - Electrical /DBR",archived,"","Please make sure correct target folder is picked in which the files need to be copied to when approved, during initiating the approval process.",2025-05-31 06:59:24.454,2025-05-31 06:59:24.465
6cb1d647-a9ba-42a5-a44a-a1d8f64d4d86,bf996092-8d66-408a-8d8e-5065ca3330c2,e9b596f2-48ee-419b-a199-da304b38c398,b2f76ca9-ad86-4a78-b2cd-24b66da2d04f,6cb1d647-a9ba-42a5-a44a-a1d8f64d4d86,EX8,"Pick below target Folders based on the files / folder initiated for the Review.

For files/folders initiated in WIP 

Integrated Sports Arena -> Integrated Sports Arena/Shared/ Consultant - Vertical Transport/<Select folder>
For Retail -> Retail/Shared/ Consultant - Vertical Transport/<Select folder>
For Club -> Club/Shared/ Consultant - Vertical Transport/<Select folder>

For files/folders initiated in Shared

Integrated Sports Arena -> Integrated Sports Arena/Published/ Consultant - Vertical Transport<Select folder>
For Retail -> Retail/Published/ Consultant - Vertical Transport/<Select folder>
For Club -> Club/Published/ Consultant - Vertical Transport/<Select folder>",archived,"","Please make sure correct target folder is picked in which the files need to be copied to when approved, during initiating the approval process.",2025-05-31 06:59:25.618,2025-05-31 06:59:25.625
8dc50c64-7430-470e-b6cd-6d3c3941ddba,bf996092-8d66-408a-8d8e-5065ca3330c2,e9b596f2-48ee-419b-a199-da304b38c398,b2f76ca9-ad86-4a78-b2cd-24b66da2d04f,8dc50c64-7430-470e-b6cd-6d3c3941ddba,EX-5,"Pick below target Folders based on the files / folder initiated for the Review.

For files/folders initiated in WIP

For Integrated Sports Arena -> Integrated Sports Arena/Shared/ Consultant - Plumbing/ DBR
For Retail -> Retail/Shared/Consultant - Plumbing/DBR
For Club -> Club/Shared/Consultant - Plumbing/DBR

For files/folders initiated in Shared

For Integrated Sports Arena -> Integrated Sports Arena/Published/ Consultant - Plumbing/ DBR
For Retail -> Retail/Published/Consultant - Plumbing/DBR
For Club -> Club/Published/Consultant - Plumbing/DBR",archived,"","Please make sure correct target folder is picked in which the files need to be copied to when approved, during initiating the approval process.",2025-05-31 06:59:29.157,2025-05-31 06:59:29.166
747507f0-3173-4ded-ab36-708e0594b9ed,bf996092-8d66-408a-8d8e-5065ca3330c2,cbee6c17-cdf8-4f2c-89c3-d6d9d738603e,2d3a5ab2-3f01-4a05-b262-395a8b661eaf,747507f0-3173-4ded-ab36-708e0594b9ed,EX9,"Pick below target Folders based on the files / folder initiated for the Review.

For files/folders initiated in Shared

For Integrated Sports Arena -> Integrated Sports Arena/Published/Consultant - Mechanical/<Select folder>
For Retail -> Retail/Published/Consultant - Mechanical/<Select folder>
For Club -> Club/Published/Consultant - Mechanical/<Select folder>",archived,"","Please make sure correct target folder is picked in which the files need to be copied to when approved, during initiating the approval process.",2025-05-31 07:00:03.393,2025-05-31 07:00:03.398
00cd5deb-2605-4d5e-af4e-80c468a33a53,bf996092-8d66-408a-8d8e-5065ca3330c2,cbee6c17-cdf8-4f2c-89c3-d6d9d738603e,2d3a5ab2-3f01-4a05-b262-395a8b661eaf,00cd5deb-2605-4d5e-af4e-80c468a33a53,Compile Tender & BOQ,"In the Target Folder Box please select the intended folder in which the approved/commented file shall be saved. This is a mandatory step for the initiator.

For Example:
For files/folders initiated in  Shared   the initiator shall follow the following

For Centre Point  - Ayodhya -> Centre Point -Ayodhya /Shared/Consultant-Compile Tender & BOQ/<Select folder>",active,"","Please make sure correct target folder is picked in which the files need to be copied to when approved, during initiating the approval process.",2025-05-31 07:00:04.561,2025-06-20 10:03:00.119
96785700-52d5-412e-a0bc-90917c11a47d,bf996092-8d66-408a-8d8e-5065ca3330c2,cbee6c17-cdf8-4f2c-89c3-d6d9d738603e,2d3a5ab2-3f01-4a05-b262-395a8b661eaf,96785700-52d5-412e-a0bc-90917c11a47d,Lighting-Shared to Published,"In the Target Folder Box please select the intended folder in which the approved/commented file shall be saved. This is a mandatory step for the initiator.

For Example:
For files/folders initiated in  Shared   the initiator shall follow the following

For Centre Point  - Ayodhya -> Centre Point -Ayodhya /Shared/Consultant-Lighting/<Select folder>",active,"","Please make sure correct target folder is picked in which the files need to be copied to when approved, during initiating the approval process.",2025-05-31 07:00:02.259,2025-06-20 10:28:10.937
a16751ea-be8e-4788-8bb2-2bebed77203d,bf996092-8d66-408a-8d8e-5065ca3330c2,cbee6c17-cdf8-4f2c-89c3-d6d9d738603e,2d3a5ab2-3f01-4a05-b262-395a8b661eaf,a16751ea-be8e-4788-8bb2-2bebed77203d,EX7,"Pick below target Folders based on the files / folder initiated for the Review.

For files/folders initiated in WIP 

Integrated Sports Arena -> Integrated Sports Arena/Shared/ Consultant - Vertical Transport/<Select folder>
For Retail -> Retail/Shared/ Consultant - Vertical Transport/<Select folder>
For Club -> Club/Shared/ Consultant - Vertical Transport/<Select folder>

For files/folders initiated in Shared

Integrated Sports Arena -> Integrated Sports Arena/Published/ Consultant - Vertical Transport<Select folder>
For Retail -> Retail/Published/ Consultant - Vertical Transport/<Select folder>
For Club -> Club/Published/ Consultant - Vertical Transport/<Select folder>",archived,"","Please make sure correct target folder is picked in which the files need to be copied to when approved, during initiating the approval process.",2025-05-31 07:00:05.713,2025-05-31 07:00:05.718
a8d76a38-cb34-41ca-b08b-f90505c1980f,bf996092-8d66-408a-8d8e-5065ca3330c2,cbee6c17-cdf8-4f2c-89c3-d6d9d738603e,2d3a5ab2-3f01-4a05-b262-395a8b661eaf,a8d76a38-cb34-41ca-b08b-f90505c1980f,EX10,"Pick below target Folders based on the files / folder initiated for the Review.

For files/folders initiated in Shared

Mechanical:

For Integrated Sports Arena -> Integrated Sports Arena/Published/ Consultant - Mechanical / Service Estimate
For Retail -> Retail/Published/ Consultant - Mechanical / Service Estimate
For Club -> Club/Published/ Consultant - Mechanical / Service Estimate


Electrical:

For Integrated Sports Arena -> Integrated Sports Arena/Published/ Consultant - Electrical / Service Estimate
For Retail -> Retail/Published/ Consultant - Electrical / Service Estimate
For Club -> Club/Published/ Consultant - Electrical / Service Estimate

Plumbing:

For Integrated Sports Arena -> Integrated Sports Arena/Published/ Consultant - Plumbing/SD Requirements/Service Estimate
For Retail -> Retail/Published/ Consultant - Plumbing/SD Requirements/Service Estimate
For Club -> Club/Published/ Consultant - Plumbing/SD Requirements/Service Estimate",archived,"","Please make sure correct target folder is picked in which the files need to be copied to when approved, during initiating the approval process.",2025-05-31 07:00:06.859,2025-05-31 07:00:06.865
a2eb8ddb-644e-4047-93e5-bbfb0dd19f4e,bf996092-8d66-408a-8d8e-5065ca3330c2,cbee6c17-cdf8-4f2c-89c3-d6d9d738603e,2d3a5ab2-3f01-4a05-b262-395a8b661eaf,a2eb8ddb-644e-4047-93e5-bbfb0dd19f4e,Mechanical-Shared to Published(For DBR),"In the Target Folder Box please select the intended folder in which the approved/commented file shall be saved. This is a mandatory step for the initiator.

For Example:
For files/folders initiated in  Shared   the initiator shall follow the following

For Centre Point  - Ayodhya -> Centre Point -Ayodhya /Shared/Consultant-Mechanical/<Select folder>",active,"","Please make sure you pick the correct target folder in which the files need to be copied to when approved, during initiating the approval process.",2025-05-31 07:00:07.994,2025-06-20 10:29:48.08
99a7b9c1-af55-4fa5-998b-97d37bab5919,bf996092-8d66-408a-8d8e-5065ca3330c2,cbee6c17-cdf8-4f2c-89c3-d6d9d738603e,2d3a5ab2-3f01-4a05-b262-395a8b661eaf,99a7b9c1-af55-4fa5-998b-97d37bab5919,EX-6,"Pick below target Folders based on the files / folder initiated for the Review.

For Integrated Sports Arena -> Integrated Sports Arena/Shared/Consultant - Mechanical/<Select folder>

For Retail -> Retail/Shared/Consultant - Mechanical/<Select folder>

For Club -> Club/Shared/Consultant - Mechanical/<Select folder>",archived,"","Please make sure you pick the correct target folder in which the files need to be copied to when approved, during initiating the approval process.",2025-05-31 07:00:09.109,2025-05-31 07:00:09.114
7d9afd6e-4ac1-4793-abc8-65613157162e,bf996092-8d66-408a-8d8e-5065ca3330c2,cbee6c17-cdf8-4f2c-89c3-d6d9d738603e,2d3a5ab2-3f01-4a05-b262-395a8b661eaf,7d9afd6e-4ac1-4793-abc8-65613157162e,Structure-Shared to Published(For BP Framing Plan),"In the Target Folder Box please select the intended folder in which the approved/commented file shall be saved. This is a mandatory step for the initiator.

For Example:
For files/folders initiated in  Shared   the initiator shall follow the following

For Centre Point  - Ayodhya -> Centre Point -Ayodhya /Shared/Consultant-Structure  /<Select folder>",active,"","Please make sure correct target folder is picked in which the files need to be copied to when approved, during initiating the approval process.",2025-05-31 07:00:11.431,2025-06-20 10:49:52.022
4d78f3f5-f13d-4701-bcd1-aa463c13806a,bf996092-8d66-408a-8d8e-5065ca3330c2,cbee6c17-cdf8-4f2c-89c3-d6d9d738603e,2d3a5ab2-3f01-4a05-b262-395a8b661eaf,4d78f3f5-f13d-4701-bcd1-aa463c13806a,Architecture-Shared to Published(For SD & DD),"In the Target Folder Box please select the intended folder in which the approved/commented file shall be saved. This is a mandatory step for the initiator.

For Example:
For files/folders initiated in  Shared   the initiator shall follow the following

For Centre Point  - Ayodhya -> Centre Point -Ayodhya /Shared/Consultant-Architecture/<Select folder>",active,"","Please make sure correct target folder is picked in which the files need to be copied to when approved, during initiating the approval process.",2025-05-31 07:00:10.252,2025-06-20 10:02:03.743
2fb8dd7a-9bad-4835-883d-a6c69951656b,bf996092-8d66-408a-8d8e-5065ca3330c2,cbee6c17-cdf8-4f2c-89c3-d6d9d738603e,2d3a5ab2-3f01-4a05-b262-395a8b661eaf,2fb8dd7a-9bad-4835-883d-a6c69951656b,"Electrical-Shared to Published(For SD, DD & GFC)","In the Target Folder Box please select the intended folder in which the approved/commented file shall be saved. This is a mandatory step for the initiator.

For Example:
For files/folders initiated in  Shared   the initiator shall follow the following

For Centre Point  - Ayodhya -> Centre Point -Ayodhya /Shared/Consultant-Electrical /<Select folder>",active,"","Please make sure correct target folder is picked in which the files need to be copied to when approved, during initiating the approval process.",2025-05-31 07:00:17.17,2025-06-20 10:09:08.878
26f07fe7-cf72-4395-a7ea-e9f85c71a233,bf996092-8d66-408a-8d8e-5065ca3330c2,cbee6c17-cdf8-4f2c-89c3-d6d9d738603e,2d3a5ab2-3f01-4a05-b262-395a8b661eaf,26f07fe7-cf72-4395-a7ea-e9f85c71a233,Signage-Shared to Published,"In the Target Folder Box please select the intended folder in which the approved/commented file shall be saved. This is a mandatory step for the initiator.

For Example:
For files/folders initiated in Shared  the initiator shall follow the following

For Centre Point  - Ayodhya -> Centre Point -Ayodhya /Shared/Consultant-Signage/<Select folder>",active,"","Please make sure correct target folder is picked in which the files need to be copied to when approved, during initiating the approval process.",2025-05-31 07:00:16.017,2025-06-20 10:44:08.598
308632ca-71a1-473b-9b12-e52364d2134c,bf996092-8d66-408a-8d8e-5065ca3330c2,cbee6c17-cdf8-4f2c-89c3-d6d9d738603e,2d3a5ab2-3f01-4a05-b262-395a8b661eaf,308632ca-71a1-473b-9b12-e52364d2134c,EX4,"Pick below target Folders based on the files / folder initiated for the Review.

For files/folders initiated in WIP

For Integrated Sports Arena -> Integrated Sports Arena/Shared/ Consultant - Plumbing/ DBR
For Retail -> Retail/Shared/Consultant - Plumbing/DBR
For Club -> Club/Shared/Consultant - Plumbing/DBR

For files/folders initiated in Shared

For Integrated Sports Arena -> Integrated Sports Arena/Published/ Consultant - Plumbing/ DBR
For Retail -> Retail/Published/Consultant - Plumbing/DBR
For Club -> Club/Published/Consultant - Plumbing/DBR",archived,"","Please make sure correct target folder is picked in which the files need to be copied to when approved, during initiating the approval process.",2025-05-31 07:00:19.574,2025-05-31 07:00:19.581
d2e77778-ffb0-4295-b7ec-5bd143ea42fd,bf996092-8d66-408a-8d8e-5065ca3330c2,cbee6c17-cdf8-4f2c-89c3-d6d9d738603e,2d3a5ab2-3f01-4a05-b262-395a8b661eaf,d2e77778-ffb0-4295-b7ec-5bd143ea42fd,Mechanical-WIP to Shared(For All WIP Files),"In the Target Folder Box please select the intended folder in which the approved/commented file shall be saved. This is a mandatory step for the initiator.

For Example:
For files/folders initiated in  WIP   the initiator shall follow the following

For Centre Point  - Ayodhya -> Centre Point -Ayodhya /Shared/Consultant-Mechanical/<Select folder>",active,"","Please make sure you pick the correct target folder in which the files need to be copied to when approved, during initiating the approval process.",2025-05-31 07:00:18.441,2025-06-20 10:33:09.864
4ee9ef32-6c32-4abe-84d2-2ce5eee18155,bf996092-8d66-408a-8d8e-5065ca3330c2,cbee6c17-cdf8-4f2c-89c3-d6d9d738603e,2d3a5ab2-3f01-4a05-b262-395a8b661eaf,4ee9ef32-6c32-4abe-84d2-2ce5eee18155,Mechanical-WIP to Shared(For SD Requirement),"In the Target Folder Box please select the intended folder in which the approved/commented file shall be saved. This is a mandatory step for the initiator.

For Example:
For files/folders initiated in  WIP   the initiator shall follow the following

For Centre Point  - Ayodhya -> Centre Point -Ayodhya /Shared/Consultant-Mechanical/<Select folder>",active,"","Please make sure correct target folder is picked in which the files need to be copied to when approved, during initiating the approval process.",2025-05-31 07:00:24.27,2025-06-20 10:33:56.437
7ad7c4e0-7f33-4f03-907d-ba343952b09b,bf996092-8d66-408a-8d8e-5065ca3330c2,cbee6c17-cdf8-4f2c-89c3-d6d9d738603e,2d3a5ab2-3f01-4a05-b262-395a8b661eaf,7ad7c4e0-7f33-4f03-907d-ba343952b09b,EX11,"Pick below target Folders based on the files / folder initiated for the Review.

For files/folders initiated in WIP 

Integrated Sports Arena -> Integrated Sports Arena/Shared/ Consultant - Roof Consultant/<Select folder>
For Retail -> Retail/Shared/Consultant - Roof Consultant/<Select folder>
For Club -> Club/Shared/Consultant - Roof Consultant/<Select folder>

For files/folders initiated in Shared

For Integrated Sports Arena -> Integrated Sports Arena/Published/ Consultant - Roof Consultant/<Select folder>
For Retail -> Retail/Published/Consultant - Roof Consultant/<Select folder>
For Club -> Club/Published/Consultant - Roof Consultant/<Select folder>",archived,"","Please make sure correct target folder is picked in which the files need to be copied to when approved, during initiating the approval process.",2025-05-31 07:00:30.066,2025-05-31 07:00:30.074
c47af0f7-e231-461d-b013-cf292cac60bf,bf996092-8d66-408a-8d8e-5065ca3330c2,cbee6c17-cdf8-4f2c-89c3-d6d9d738603e,2d3a5ab2-3f01-4a05-b262-395a8b661eaf,c47af0f7-e231-461d-b013-cf292cac60bf,Vertical Transport-Shared to Published,"In the Target Folder Box please select the intended folder in which the approved/commented file shall be saved. This is a mandatory step for the initiator.

For Example:
For files/folders initiated in  Shared   the initiator shall follow the following

For Centre Point  - Ayodhya -> Centre Point -Ayodhya /Shared/Consultant-Vertical Transport/<Select folder>",active,"","Please make sure correct target folder is picked in which the files need to be copied to when approved, during initiating the approval process.",2025-05-31 07:00:27.702,2025-06-20 10:51:53.526
d658e1cc-c523-4b4a-8ef1-aacd80e4f8ce,bf996092-8d66-408a-8d8e-5065ca3330c2,cbee6c17-cdf8-4f2c-89c3-d6d9d738603e,2d3a5ab2-3f01-4a05-b262-395a8b661eaf,d658e1cc-c523-4b4a-8ef1-aacd80e4f8ce,Wind Tunnel Analysis-Shared to Published,"In the Target Folder Box please select the intended folder in which the approved/commented file shall be saved. This is a mandatory step for the initiator.

For Example:
For files/folders initiated in  Shared   the initiator shall follow the following

For Centre Point  - Ayodhya -> Centre Point -Ayodhya /Shared/Consultant-Wind Tunnel Analysis/<Select folder>",active,"","Please make sure correct target folder is picked in which the files need to be copied to when approved, during initiating the approval process.",2025-05-31 07:00:28.926,2025-06-20 10:52:51.321
012e33dc-1a3c-4093-bb54-0dbfdba8a0dd,bf996092-8d66-408a-8d8e-5065ca3330c2,cbee6c17-cdf8-4f2c-89c3-d6d9d738603e,2d3a5ab2-3f01-4a05-b262-395a8b661eaf,012e33dc-1a3c-4093-bb54-0dbfdba8a0dd,EX2,"Pick below target Folders based on the files / folder initiated for the Review.

For files/folders initiated in Shared

For Integrated Sports Arena -> Integrated Sports Arena/Published/Consultant - Electrical/<Select folder>
For Retail -> Retail/Published/Consultant - Electrical/<Select folder>
For Club -> Club/Published/Consultant - Electrical/<Select folder>",archived,"","Please make sure correct target folder is picked in which the files need to be copied to when approved, during initiating the approval process.",2025-05-31 07:00:33.506,2025-05-31 07:00:33.511
59de673b-c053-4a80-9903-3237a7fe366a,bf996092-8d66-408a-8d8e-5065ca3330c2,cbee6c17-cdf8-4f2c-89c3-d6d9d738603e,2d3a5ab2-3f01-4a05-b262-395a8b661eaf,59de673b-c053-4a80-9903-3237a7fe366a,"Structure - Shared to Published (For SD, DD & GFC)","In the Target Folder Box please select the intended folder in which the approved/commented file shall be saved. This is a mandatory step for the initiator.

For Example:
For files/folders initiated in  Shared   the initiator shall follow the following

For Centre Point  - Ayodhya -> Centre Point -Ayodhya /Shared/Consultant-Structure/<Select folder>",active,"","Please make sure correct target folder is picked in which the files need to be copied to when approved, during initiating the approval process.",2025-05-31 07:00:31.224,2025-06-20 10:45:44.166
afa5f979-3a07-4561-bdc2-820ad4fc3a79,bf996092-8d66-408a-8d8e-5065ca3330c2,cbee6c17-cdf8-4f2c-89c3-d6d9d738603e,2d3a5ab2-3f01-4a05-b262-395a8b661eaf,afa5f979-3a07-4561-bdc2-820ad4fc3a79,Electrical-Shared to Published(For WIP Files and Tender & BOQ),"In the Target Folder Box please select the intended folder in which the approved/commented file shall be saved. This is a mandatory step for the initiator.

For Example:
For files/folders initiated in  Shared   the initiator shall follow the following

For Centre Point  - Ayodhya -> Centre Point -Ayodhya /Shared/Consultant-Electrical /<Select folder>",active,"","Please make sure you pick the correct target folder in which the files need to be copied to when approved, during initiating the approval process.",2025-05-31 07:00:38.069,2025-06-20 10:15:02.032
f15de03a-572c-4c5b-937e-91c7e5effcba,bf996092-8d66-408a-8d8e-5065ca3330c2,cbee6c17-cdf8-4f2c-89c3-d6d9d738603e,2d3a5ab2-3f01-4a05-b262-395a8b661eaf,f15de03a-572c-4c5b-937e-91c7e5effcba,Plumbing & Firefighting-Shared to Published(For WIP and Tender & BOQ),"In the Target Folder Box please select the intended folder in which the approved/commented file shall be saved. This is a mandatory step for the initiator.

For Example:
For files/folders initiated in  Shared   the initiator shall follow the following

For Centre Point  - Ayodhya -> Centre Point -Ayodhya /Shared/Consultant-Plumbing & Firefighting/<Select folder>",active,"","Please make sure you pick the correct target folder in which the files need to be copied to when approved, during initiating the approval process.",2025-05-31 07:00:35.787,2025-06-20 10:37:08.53
390c211d-f251-49f1-a7fb-02021c6c16cc,bf996092-8d66-408a-8d8e-5065ca3330c2,cbee6c17-cdf8-4f2c-89c3-d6d9d738603e,2d3a5ab2-3f01-4a05-b262-395a8b661eaf,390c211d-f251-49f1-a7fb-02021c6c16cc,Electrical-WIP to Shared(For SD Requirement),"In the Target Folder Box please select the intended folder in which the approved/commented file shall be saved. This is a mandatory step for the initiator.

For Example:
For files/folders initiated in WIP   the initiator shall follow the following

For Centre Point  - Ayodhya -> Centre Point -Ayodhya /Shared/Consultant-Electrical /<Select folder>",active,"","Please make sure correct target folder is picked in which the files need to be copied to when approved, during initiating the approval process.",2025-05-31 07:00:42.665,2025-06-20 10:15:44.136
1f623e22-ed61-474a-9658-e3476bf72253,bf996092-8d66-408a-8d8e-5065ca3330c2,cbee6c17-cdf8-4f2c-89c3-d6d9d738603e,2d3a5ab2-3f01-4a05-b262-395a8b661eaf,1f623e22-ed61-474a-9658-e3476bf72253,Plumbing & Firefighting-WIP to Shared(For SD Requirement),"In the Target Folder Box please select the intended folder in which the approved/commented file shall be saved. This is a mandatory step for the initiator.

For Example:
For files/folders initiated in  Shared   the initiator shall follow the following

For Centre Point  - Ayodhya -> Centre Point -Ayodhya /Shared/Consultant-Plumbing & Firefighting/<Select folder>",active,"","Please make sure correct target folder is picked in which the files need to be copied to when approved, during initiating the approval process.",2025-05-31 07:00:39.236,2025-06-20 10:38:58.298
e686889b-5048-4e13-b608-792658b40573,bf996092-8d66-408a-8d8e-5065ca3330c2,cbee6c17-cdf8-4f2c-89c3-d6d9d738603e,2d3a5ab2-3f01-4a05-b262-395a8b661eaf,e686889b-5048-4e13-b608-792658b40573,Ex-3,"Pick below target Folders based on the files / folder initiated for the Review.

For files/folders initiated in Shared

For Integrated Sports Arena -> Integrated Sports Arena/Published/Consultant - Plumbing/<Select folder>
For Retail -> Retail/Published/Consultant - Plumbing/<Select folder>
For Club -> Club/Published/Consultant - Plumbing/<Select folder>",archived,"","Please make sure correct target folder is picked in which the files need to be copied to when approved, during initiating the approval process.",2025-05-31 07:00:43.924,2025-05-31 07:00:43.933
c4997b9a-a136-49ee-b32c-ef91f0c9200c,bf996092-8d66-408a-8d8e-5065ca3330c2,cbee6c17-cdf8-4f2c-89c3-d6d9d738603e,2d3a5ab2-3f01-4a05-b262-395a8b661eaf,c4997b9a-a136-49ee-b32c-ef91f0c9200c,Plumbing & Firefighting-Shared to Published(For DBR),"In the Target Folder Box please select the intended folder in which the approved/commented file shall be saved. This is a mandatory step for the initiator.

For Example:
For files/folders initiated in  Shared   the initiator shall follow the following

For Centre Point  - Ayodhya -> Centre Point -Ayodhya /Shared/Consultant-Plumbing & Firefighting/<Select folder>",active,"","Please make sure you pick the correct target folder in which the files need to be copied to when approved, during initiating the approval process.",2025-05-31 07:00:45.074,2025-06-20 10:35:16.276
70cd44d8-e6a6-4937-b3da-2d824baf842c,bf996092-8d66-408a-8d8e-5065ca3330c2,cbee6c17-cdf8-4f2c-89c3-d6d9d738603e,2d3a5ab2-3f01-4a05-b262-395a8b661eaf,70cd44d8-e6a6-4937-b3da-2d824baf842c,EX12,"Pick below target Folders based on the files / folder initiated for the Review.

For files/folders initiated in WIP 

Integrated Sports Arena -> Integrated Sports Arena/Shared/ Consultant - Environmental Clearance/<Select folder>
For Retail -> Retail/Shared/Consultant - Environmental Clearance/<Select folder>
For Club -> Club/Shared/Consultant - Environmental Clearance/<Select folder>

For files/folders initiated in Shared

For Integrated Sports Arena -> Integrated Sports Arena/Published/ Consultant - Environmental Clearance/<Select folder>
For Retail -> Retail/Published/Consultant - Environmental Clearance/<Select folder>
For Club -> Club/Published/Consultant - Environmental Clearance/<Select folder>",archived,"","Please make sure correct target folder is picked in which the files need to be copied to when approved, during initiating the approval process.",2025-05-31 07:00:51.068,2025-05-31 07:00:51.076
5cf98fc3-37ba-4454-bc1c-f9330654fafa,bf996092-8d66-408a-8d8e-5065ca3330c2,cbee6c17-cdf8-4f2c-89c3-d6d9d738603e,2d3a5ab2-3f01-4a05-b262-395a8b661eaf,5cf98fc3-37ba-4454-bc1c-f9330654fafa,Contracts - Work Order Approval (2-Step Workflow),"In the Target Folder Box please select the intended folder in which the approved/commented file shall be saved. This is a mandatory step for the initiator.

For Example:
For files/folders initiated in  Shared   the initiator shall follow the following

For Centre Point  - Ayodhya -> Centre Point -Ayodhya /Shared/Consultant-Contracts /<Select folder>",active,"","Please make sure you pick the correct target folder in which the files need to be copied to when approved, during initiating the approval process.",2025-05-31 07:00:49.711,2025-06-20 10:05:10.759
cfb305b5-5de3-4031-b36e-2b1910be2c3f,bf996092-8d66-408a-8d8e-5065ca3330c2,cbee6c17-cdf8-4f2c-89c3-d6d9d738603e,2d3a5ab2-3f01-4a05-b262-395a8b661eaf,cfb305b5-5de3-4031-b36e-2b1910be2c3f,Traffic Analysis-WIP Shared,"In the Target Folder Box please select the intended folder in which the approved/commented file shall be saved. This is a mandatory step for the initiator.

For Example:
For files/folders initiated in  WIP   the initiator shall follow the following

For Centre Point  - Ayodhya -> Centre Point -Ayodhya /Shared/Consultant-Traffic Analysis /r<Select folder>",active,"","Please make sure you pick the correct target folder in which the files need to be copied to when approved, during initiating the approval process.",2025-05-31 07:00:48.509,2025-06-20 10:51:16.356
03c7f0c1-0fc2-45a1-bf67-332d6670360a,bf996092-8d66-408a-8d8e-5065ca3330c2,cbee6c17-cdf8-4f2c-89c3-d6d9d738603e,2d3a5ab2-3f01-4a05-b262-395a8b661eaf,03c7f0c1-0fc2-45a1-bf67-332d6670360a,Signage-WIP to Shared,"In the Target Folder Box please select the intended folder in which the approved/commented file shall be saved. This is a mandatory step for the initiator.

For Example:
For files/folders initiated in  WIP   the initiator shall follow the following

For Centre Point  - Ayodhya -> Centre Point -Ayodhya /Shared/Consultant-Signage/<Select folder>",active,"","Please make sure correct target folder is picked in which the files need to be copied to when approved, during initiating the approval process.",2025-05-31 07:00:53.355,2025-06-20 10:42:46.348
9e9e72c4-0d11-4c66-aaef-e60c7af605ad,bf996092-8d66-408a-8d8e-5065ca3330c2,cbee6c17-cdf8-4f2c-89c3-d6d9d738603e,2d3a5ab2-3f01-4a05-b262-395a8b661eaf,9e9e72c4-0d11-4c66-aaef-e60c7af605ad,Vertical Transport-WIP to Shared,"In the Target Folder Box please select the intended folder in which the approved/commented file shall be saved. This is a mandatory step for the initiator.

For Example:
For files/folders initiated in  WIP   the initiator shall follow the following

For Centre Point  - Ayodhya -> Centre Point -Ayodhya /Shared/Consultant-Vertical Transport/<Select folder>",active,"","Please make sure correct target folder is picked in which the files need to be copied to when approved, during initiating the approval process.",2025-05-31 07:00:56.788,2025-06-20 10:52:20.196
ed4dc150-1588-4cc6-b5b8-1f433ece5811,bf996092-8d66-408a-8d8e-5065ca3330c2,cbee6c17-cdf8-4f2c-89c3-d6d9d738603e,2d3a5ab2-3f01-4a05-b262-395a8b661eaf,ed4dc150-1588-4cc6-b5b8-1f433ece5811,Wind Tunnel Analysis-WIP to Shared,"In the Target Folder Box please select the intended folder in which the approved/commented file shall be saved. This is a mandatory step for the initiator.

For Example:
For files/folders initiated in WIP  the initiator shall follow the following

For Centre Point  - Ayodhya -> Centre Point -Ayodhya /Shared/Consultant-Wind Tunnel Analysis/<Select folder>",active,"","Please make sure correct target folder is picked in which the files need to be copied to when approved, during initiating the approval process.",2025-05-31 07:00:54.497,2025-06-20 10:53:38.42
35c1564f-d32e-4465-a6eb-a2ae77cc4891,bf996092-8d66-408a-8d8e-5065ca3330c2,cbee6c17-cdf8-4f2c-89c3-d6d9d738603e,2d3a5ab2-3f01-4a05-b262-395a8b661eaf,35c1564f-d32e-4465-a6eb-a2ae77cc4891,Electrical-Shared to Published(For DBR),"In the Target Folder Box please select the intended folder in which the approved/commented file shall be saved. This is a mandatory step for the initiator.

For Example:
For files/folders initiated in  Shared   the initiator shall follow the following

For Centre Point  - Ayodhya -> Centre Point -Ayodhya /Shared/Consultant-Electrical /<Select folder>",active,"","Please make sure you pick the correct target folder in which the files need to be copied to when approved, during initiating the approval process.",2025-05-31 07:01:00.24,2025-06-20 10:06:10.811
4ab177b6-ae0f-48d3-a21f-d14f01fabcfb,bf996092-8d66-408a-8d8e-5065ca3330c2,cbee6c17-cdf8-4f2c-89c3-d6d9d738603e,2d3a5ab2-3f01-4a05-b262-395a8b661eaf,4ab177b6-ae0f-48d3-a21f-d14f01fabcfb,Structure Peer Review - WIP to Shared,"In the Target Folder Box please select the intended folder in which the approved/commented file shall be saved. This is a mandatory step for the initiator.

For Example:
For files/folders initiated in WIP   the initiator shall follow the following

For Centre Point  - Ayodhya -> Centre Point -Ayodhya /Shared/Consultant-Structure Peer Review/<Select folder>",active,"","Please make sure correct target folder is picked in which the files need to be copied to when approved, during initiating the approval process.",2025-05-31 07:00:59.087,2025-06-20 10:47:52.083
90575fd0-fbf9-4285-908f-c3471e612882,bf996092-8d66-408a-8d8e-5065ca3330c2,cbee6c17-cdf8-4f2c-89c3-d6d9d738603e,2d3a5ab2-3f01-4a05-b262-395a8b661eaf,90575fd0-fbf9-4285-908f-c3471e612882,EX1,"Pick below target Folders based on the files / folder initiated for the Review.

For files/folders initiated in WIP

For Integrated Sports Arena -> Integrated Sports Arena/Shared/ Consultant - Electrical / DBR
For Retail -> Retail/Shared/Consultant - Electrical /DBR
For Club -> Club/Shared/Consultant - Electrical /DBR

For files/folders initiated in Shared

For Integrated Sports Arena -> Integrated Sports Arena/Published/ Consultant - Electrical /DBR
For Retail -> Retail/Published/Consultant - Electrical /DBR
For Club -> Club/Published/Consultant - Electrical /DBR",archived,"","Please make sure correct target folder is picked in which the files need to be copied to when approved, during initiating the approval process.",2025-05-31 07:01:01.415,2025-05-31 07:01:01.423
00d85030-6d07-44fb-bd52-0b6b4948e18e,bf996092-8d66-408a-8d8e-5065ca3330c2,f679f4cf-c089-4a2b-9b84-b14129630601,08795234-20d9-43ad-ac42-ec174b8fad8e,00d85030-6d07-44fb-bd52-0b6b4948e18e,"Plumbing & Firefighting-Shared to Published(For SD, DD & GFC)","In the Target Folder Box please select the intended folder in which the approved/commented file shall be saved. This is a mandatory step for the initiator.

For Example:
For files/folders initiated in  Shared the initiator shall follow the following

For Centre Point  - Ghaziabad -> Centre Point -Ghaziabad /Shared/Consultant -Plumbing & Firefighting<Select folder>",active,"","Please make sure correct target folder is picked in which the files need to be copied to when approved, during initiating the approval process.",2025-03-21 09:14:38.977,2025-08-25 11:44:11.664
090d424f-26bf-441e-9a9c-adf398dd2489,bf996092-8d66-408a-8d8e-5065ca3330c2,f679f4cf-c089-4a2b-9b84-b14129630601,08795234-20d9-43ad-ac42-ec174b8fad8e,090d424f-26bf-441e-9a9c-adf398dd2489,"Mechanical-Shared to Published(For SD, DD & GFC)","In the Target Folder Box please select the intended folder in which the approved/commented file shall be saved. This is a mandatory step for the initiator.

For Example:
For files/folders initiated in  Shared the initiator shall follow the following

For Centre Point  - Ghaziabad -> Centre Point -Ghaziabad /Shared/Consultant -Structure/<Select folder>",active,"","Please make sure correct target folder is picked in which the files need to be copied to when approved, during initiating the approval process.",2025-03-21 09:15:06.885,2025-08-25 11:45:19.374
cb66231c-230b-4d49-a273-3996f6e556b5,bf996092-8d66-408a-8d8e-5065ca3330c2,2f551e7d-05e6-4bfc-8ee1-0ef3a8487c11,510bcc50-d295-4739-9f95-4b32a2831271,cb66231c-230b-4d49-a273-3996f6e556b5,"Structure-Shared to Published(For SD, DD & GFC)","In the Target Folder Box please select the intended folder in which the approved/commented file shall be saved. This is a mandatory step for the initiator.

For Example:
For files/folders initiated in Shared the initiator shall follow the following

For Integrated Sports Arena -> Integrated Sports Arena/Shared/Consultant - Arch Principal/<Select folder>
For Retail -> Retail/Shared/Consultant - Arch Principal/<Select folder>
For Club -> Club/Shared/Consultant - Arch Principal/<Select folder>",active,"","Please make sure correct target folder is picked in which the files need to be copied to when approved, during initiating the approval process.",2025-03-10 07:08:18.13,2025-08-28 10:10:41.345
4c0f6f7b-02c1-4a45-ad82-3f67f89ffac6,bf996092-8d66-408a-8d8e-5065ca3330c2,ada6015d-9fce-4f2c-b20f-fc9122d2face,f978b2a1-b392-4017-89c9-d6e484b2bad0,4c0f6f7b-02c1-4a45-ad82-3f67f89ffac6,"Contractor - Shared to Published (For DPR, Machinery Details, DLR & other files)-2","In the Target Folder Box please select the intended folder in which the approved/commented file shall be saved. This is a mandatory step for the initiator.

For Example:
For files/folders initiated in WIP the initiator shall follow the following

For Integrated Sports Arena -> Integrated Sports Arena/Shared/Consultant - Arch Principal/<Select folder>
For Retail -> Retail/Shared/Consultant - Arch Principal/<Select folder>
For Club -> Club/Shared/Consultant - Arch Principal/<Select folder>",archived,"","Please make sure you pick the correct target folder in which the files need to be copied to when approved, during initiating the approval process.",2025-05-19 09:27:15.527,2025-06-23 08:39:42.151
256a9d1d-ae3e-401d-a6dc-ee2524e42f0d,bf996092-8d66-408a-8d8e-5065ca3330c2,e9b596f2-48ee-419b-a199-da304b38c398,b2f76ca9-ad86-4a78-b2cd-24b66da2d04f,256a9d1d-ae3e-401d-a6dc-ee2524e42f0d,"MEP Coordinated-Shared to Published(For SD, DD & GFC)(","In the Target Folder Box please select the intended folder in which the approved/commented file shall be saved. This is a mandatory step for the initiator.

For Example:
For files/folders initiated in Shared  the initiator shall follow the following

For Centre Point  -Prayagraj-> Centre Point -Prayagraj/Shared/Consultant-Mechanical /<Select folder>",active,"","Please make sure correct target folder is picked in which the files need to be copied to when approved, during initiating the approval process.",2025-07-24 07:09:38.268,2025-07-24 07:09:38.268
5c62e4f4-a414-4481-a407-74776c014b30,bf996092-8d66-408a-8d8e-5065ca3330c2,f679f4cf-c089-4a2b-9b84-b14129630601,08795234-20d9-43ad-ac42-ec174b8fad8e,5c62e4f4-a414-4481-a407-74776c014b30,"MEP Coordinated-Shared to Published(For SD, DD & GFC)","In the Target Folder Box please select the intended folder in which the approved/commented file shall be saved. This is a mandatory step for the initiator.

For Example:
For files/folders initiated in  Shared the initiator shall follow the following

For Centre Point  - Ghaziabad -> Centre Point -Ghaziabad /Shared/Consultant -Structure/<Select folder>",active,"","Please make sure correct target folder is picked in which the files need to be copied to when approved, during initiating the approval process.",2025-07-24 07:24:51.478,2025-07-24 07:24:51.478
d9b718f1-8a55-4720-8f9a-30f969829d91,bf996092-8d66-408a-8d8e-5065ca3330c2,f6ab14eb-1a66-4ea5-8a0f-0afbda444403,0c8e25c4-57ab-4076-8486-c503e2cc28af,d9b718f1-8a55-4720-8f9a-30f969829d91,"MEP Coordinated-Shared to Published(For SD, DD & GFC)","In the Target Folder Box please select the intended folder in which the approved/commented file shall be saved. This is a mandatory step for the initiator

For Example:
For files/folders initiated in shared  the initiator shall follow the following

For Centre point-Gomti Nagar -> Centre point-Gomti Nagar/publish/Consultant - Mechanical/<Select folder>",active,"","Please make sure correct target folder is picked in which the files need to be copied to when approved, during initiating the approval process.",2025-07-24 07:27:23.804,2025-07-24 07:27:23.804
9234bdbd-8841-4345-9db7-ed9c57a02c50,bf996092-8d66-408a-8d8e-5065ca3330c2,967e785d-d83c-490b-8d6a-2ed926c956ac,39036e63-f030-41c3-b6a6-7ed52887a739,9234bdbd-8841-4345-9db7-ed9c57a02c50,"Contractor - Shared to Published (For DPR, WPR, MPR & MISC)","In the Target Folder Box please select the intended folder in which the approved/commented file shall be saved. This is a mandatory step for the initiator.

For Example:
For files/folders initiated in Shared  the initiator shall follow the following

For Vrindavan Courtyard -> Vrindavan Courtyard/Shared/Consultant Contractor/<Select folder>",active,"","Please make sure you pick the correct target folder in which the files need to be copied to when approved, during initiating the approval process.",2025-05-28 03:21:34.102,2025-06-23 12:31:03.29
395f3253-250c-4f1e-93b4-d5d9787c6752,bf996092-8d66-408a-8d8e-5065ca3330c2,2f551e7d-05e6-4bfc-8ee1-0ef3a8487c11,510bcc50-d295-4739-9f95-4b32a2831271,395f3253-250c-4f1e-93b4-d5d9787c6752,Architecture-Shared to Published(For Compile Tender & BOQ),"In the Target Folder Box please select the intended folder in which the approved/commented file shall be saved. This is a mandatory step for the initiator.

For Example:
For files/folders initiated in Shared the initiator shall follow the following

For Integrated Sports Arena -> Integrated Sports Arena/Shared/Consultant - Arch Principal/<Select folder>
For Retail -> Retail/Shared/Consultant - Arch Principal/<Select folder>
For Club -> Club/Shared/Consultant - Arch Principal/<Select folder>",active,"","Please make sure correct target folder is picked in which the files need to be copied to when approved, during initiating the approval process.",2025-03-10 07:08:36.334,2025-08-12 10:43:37.387
d8e0deab-6366-4920-bea5-6d3a1d8d72b4,bf996092-8d66-408a-8d8e-5065ca3330c2,2f551e7d-05e6-4bfc-8ee1-0ef3a8487c11,510bcc50-d295-4739-9f95-4b32a2831271,d8e0deab-6366-4920-bea5-6d3a1d8d72b4,"Plumbing-Shared to Published(For SD, DD & GFC)","In the Target Folder Box please select the intended folder in which the approved/commented file shall be saved. This is a mandatory step for the initiator.

For Example:
For files/folders initiated in Shared the initiator shall follow the following

For Integrated Sports Arena -> Integrated Sports Arena/Shared/Consultant - Arch Principal/<Select folder>
For Retail -> Retail/Shared/Consultant - Arch Principal/<Select folder>
For Club -> Club/Shared/Consultant - Arch Principal/<Select folder>",active,"","Please make sure correct target folder is picked in which the files need to be copied to when approved, during initiating the approval process.",2025-03-10 07:08:48.423,2025-08-12 10:45:54.29
7b2e75d8-433d-4970-b925-454073739a38,bf996092-8d66-408a-8d8e-5065ca3330c2,2f551e7d-05e6-4bfc-8ee1-0ef3a8487c11,510bcc50-d295-4739-9f95-4b32a2831271,7b2e75d8-433d-4970-b925-454073739a38,"Mechanical-Shared to Published(For SD, DD & GFC)","In the Target Folder Box please select the intended folder in which the approved/commented file shall be saved. This is a mandatory step for the initiator.

For Example:
For files/folders initiated in Shared the initiator shall follow the following

For Integrated Sports Arena -> Integrated Sports Arena/Shared/Consultant - Arch Principal/<Select folder>
For Retail -> Retail/Shared/Consultant - Arch Principal/<Select folder>
For Club -> Club/Shared/Consultant - Arch Principal/<Select folder>",active,"","Please make sure correct target folder is picked in which the files need to be copied to when approved, during initiating the approval process.",2025-03-10 07:08:45.577,2025-08-12 10:47:05.446
32618f55-f201-4199-8e52-76649365af7c,bf996092-8d66-408a-8d8e-5065ca3330c2,2f551e7d-05e6-4bfc-8ee1-0ef3a8487c11,510bcc50-d295-4739-9f95-4b32a2831271,32618f55-f201-4199-8e52-76649365af7c,"Electrical-Shared to Published(For SD, DD & GFC)","In the Target Folder Box please select the intended folder in which the approved/commented file shall be saved. This is a mandatory step for the initiator.

For Example:
For files/folders initiated in Shared the initiator shall follow the following

For Integrated Sports Arena -> Integrated Sports Arena/Shared/Consultant - Arch Principal/<Select folder>
For Retail -> Retail/Shared/Consultant - Arch Principal/<Select folder>
For Club -> Club/Shared/Consultant - Arch Principal/<Select folder>",active,"","Please make sure correct target folder is picked in which the files need to be copied to when approved, during initiating the approval process.",2025-04-17 05:57:31.26,2025-08-12 10:47:57.662
2d16c891-2d0d-4684-828a-ad09afaef48a,bf996092-8d66-408a-8d8e-5065ca3330c2,2f551e7d-05e6-4bfc-8ee1-0ef3a8487c11,510bcc50-d295-4739-9f95-4b32a2831271,2d16c891-2d0d-4684-828a-ad09afaef48a,Wind Tunnel Analysis-WIP to Shared,"In the Target Folder Box please select the intended folder in which the approved/commented file shall be saved. This is a mandatory step for the initiator.

For Example:
For files/folders initiated in WIP the initiator shall follow the following

For Integrated Sports Arena -> Integrated Sports Arena/Shared/Consultant - Arch Principal/<Select folder>
For Retail -> Retail/Shared/Consultant - Arch Principal/<Select folder>
For Club -> Club/Shared/Consultant - Arch Principal/<Select folder>",active,"","Please make sure correct target folder is picked in which the files need to be copied to when approved, during initiating the approval process.",2025-03-10 07:08:20.629,2025-08-12 10:50:29.815
dbdc3593-4804-497d-8c30-3e975d6da48b,bf996092-8d66-408a-8d8e-5065ca3330c2,2f551e7d-05e6-4bfc-8ee1-0ef3a8487c11,510bcc50-d295-4739-9f95-4b32a2831271,dbdc3593-4804-497d-8c30-3e975d6da48b,Wind Tunnel Analysis-Shared to Published,"In the Target Folder Box please select the intended folder in which the approved/commented file shall be saved. This is a mandatory step for the initiator.

For Example:
For files/folders initiated in Shared the initiator shall follow the following

For Integrated Sports Arena -> Integrated Sports Arena/Shared/Consultant - Arch Principal/<Select folder>
For Retail -> Retail/Shared/Consultant - Arch Principal/<Select folder>
For Club -> Club/Shared/Consultant - Arch Principal/<Select folder>",active,"","Please make sure correct target folder is picked in which the files need to be copied to when approved, during initiating the approval process.",2025-04-07 07:36:31.186,2025-08-12 10:50:54.248
b26506c9-ea56-4a36-a0f2-737dd14b8017,bf996092-8d66-408a-8d8e-5065ca3330c2,2f551e7d-05e6-4bfc-8ee1-0ef3a8487c11,510bcc50-d295-4739-9f95-4b32a2831271,b26506c9-ea56-4a36-a0f2-737dd14b8017,Vertical Transport-WIP to Shared,"In the Target Folder Box please select the intended folder in which the approved/commented file shall be saved. This is a mandatory step for the initiator.

For Example:
For files/folders initiated in WIP the initiator shall follow the following

For Integrated Sports Arena -> Integrated Sports Arena/Shared/Consultant - Arch Principal/<Select folder>
For Retail -> Retail/Shared/Consultant - Arch Principal/<Select folder>
For Club -> Club/Shared/Consultant - Arch Principal/<Select folder>",active,"","Please make sure correct target folder is picked in which the files need to be copied to when approved, during initiating the approval process.",2025-03-10 07:08:12.153,2025-08-12 10:55:19.225
6822e915-36c4-4eca-b8c7-fd5b1d36fe57,bf996092-8d66-408a-8d8e-5065ca3330c2,2f551e7d-05e6-4bfc-8ee1-0ef3a8487c11,510bcc50-d295-4739-9f95-4b32a2831271,6822e915-36c4-4eca-b8c7-fd5b1d36fe57,Vertical Transport-Shared to Published,"In the Target Folder Box please select the intended folder in which the approved/commented file shall be saved. This is a mandatory step for the initiator.

For Example:
For files/folders initiated in Shared the initiator shall follow the following

For Integrated Sports Arena -> Integrated Sports Arena/Shared/Consultant - Arch Principal/<Select folder>
For Retail -> Retail/Shared/Consultant - Arch Principal/<Select folder>
For Club -> Club/Shared/Consultant - Arch Principal/<Select folder>",active,"","Please make sure correct target folder is picked in which the files need to be copied to when approved, during initiating the approval process.",2025-04-07 07:14:03.229,2025-08-12 10:55:44.162
7342a438-0863-4022-8eef-eba88828bbc7,bf996092-8d66-408a-8d8e-5065ca3330c2,2f551e7d-05e6-4bfc-8ee1-0ef3a8487c11,510bcc50-d295-4739-9f95-4b32a2831271,7342a438-0863-4022-8eef-eba88828bbc7,Architecture - WIP to Shared(For Concept & DBR),"In the Target Folder Box please select the intended folder in which the approved/commented file shall be saved. This is a mandatory step for the initiator.

For Example:
For files/folders initiated in WIP the initiator shall follow the following

For Integrated Sports Arena -> Integrated Sports Arena/Shared/Consultant - Arch Principal/<Select folder>
For Retail -> Retail/Shared/Consultant - Arch Principal/<Select folder>
For Club -> Club/Shared/Consultant - Arch Principal/<Select folder>",active,"","Please make sure you pick the correct target folder in which the files need to be copied to when approved, during initiating the approval process.",2025-04-07 05:22:53.909,2025-08-12 11:01:12.212
fc84e52f-f3a9-4be7-9846-2492213fb2b2,bf996092-8d66-408a-8d8e-5065ca3330c2,2f551e7d-05e6-4bfc-8ee1-0ef3a8487c11,510bcc50-d295-4739-9f95-4b32a2831271,fc84e52f-f3a9-4be7-9846-2492213fb2b2,"Architecture-Shared to Published(For Concept, Tender & BOQ, BP, GFC & DBR)","In the Target Folder Box please select the intended folder in which the approved/commented file shall be saved. This is a mandatory step for the initiator.

For Example:
For files/folders initiated in Shared the initiator shall follow the following

For Integrated Sports Arena -> Integrated Sports Arena/Shared/Consultant - Arch Principal/<Select folder>
For Retail -> Retail/Shared/Consultant - Arch Principal/<Select folder>
For Club -> Club/Shared/Consultant - Arch Principal/<Select folder>",active,"","Please make sure you pick the correct target folder in which the files need to be copied to when approved, during initiating the approval process.",2025-03-10 07:08:37.61,2025-08-12 11:01:30.923
9f8715d3-fb4c-48b9-ae20-02dc7a47cd2e,bf996092-8d66-408a-8d8e-5065ca3330c2,2f551e7d-05e6-4bfc-8ee1-0ef3a8487c11,510bcc50-d295-4739-9f95-4b32a2831271,9f8715d3-fb4c-48b9-ae20-02dc7a47cd2e,Architecture-Shared to Published(For SD & DD),"In the Target Folder Box please select the intended folder in which the approved/commented file shall be saved. This is a mandatory step for the initiator.

For Example:
For files/folders initiated in Shared the initiator shall follow the following

For Integrated Sports Arena -> Integrated Sports Arena/Shared/Consultant - Arch Principal/<Select folder>
For Retail -> Retail/Shared/Consultant - Arch Principal/<Select folder>
For Club -> Club/Shared/Consultant - Arch Principal/<Select folder>",active,"","Please make sure correct target folder is picked in which the files need to be copied to when approved, during initiating the approval process.",2025-03-10 07:08:33.113,2025-08-12 11:01:49.308
e5e3032d-0d9d-41b4-8a63-463994bb9639,bf996092-8d66-408a-8d8e-5065ca3330c2,2f551e7d-05e6-4bfc-8ee1-0ef3a8487c11,510bcc50-d295-4739-9f95-4b32a2831271,e5e3032d-0d9d-41b4-8a63-463994bb9639,Structure-Shared to Published(For BP Framing Plan),"In the Target Folder Box please select the intended folder in which the approved/commented file shall be saved. This is a mandatory step for the initiator.

For Example:
For files/folders initiated in Shared the initiator shall follow the following

For Integrated Sports Arena -> Integrated Sports Arena/Shared/Consultant - Arch Principal/<Select folder>
For Retail -> Retail/Shared/Consultant - Arch Principal/<Select folder>
For Club -> Club/Shared/Consultant - Arch Principal/<Select folder>",active,"","Please make sure correct target folder is picked in which the files need to be copied to when approved, during initiating the approval process.",2025-03-10 07:08:16.909,2025-08-12 11:02:11.397
3ecd1bdb-bbd7-40c6-b493-066fbe3630f1,bf996092-8d66-408a-8d8e-5065ca3330c2,2f551e7d-05e6-4bfc-8ee1-0ef3a8487c11,510bcc50-d295-4739-9f95-4b32a2831271,3ecd1bdb-bbd7-40c6-b493-066fbe3630f1,Electrical-Shared to Published(For Fire Scheme Approval),"In the Target Folder Box please select the intended folder in which the approved/commented file shall be saved. This is a mandatory step for the initiator.

For Example:
For files/folders initiated in Shared the initiator shall follow the following

For Integrated Sports Arena -> Integrated Sports Arena/Shared/Consultant - Arch Principal/<Select folder>
For Retail -> Retail/Shared/Consultant - Arch Principal/<Select folder>
For Club -> Club/Shared/Consultant - Arch Principal/<Select folder>",active,"","Please make sure correct target folder is picked in which the files need to be copied to when approved, during initiating the approval process.",2025-03-10 07:08:14.565,2025-08-12 11:04:04.454
28af4ed1-ed03-4998-975a-b6d687c108f9,bf996092-8d66-408a-8d8e-5065ca3330c2,2f551e7d-05e6-4bfc-8ee1-0ef3a8487c11,510bcc50-d295-4739-9f95-4b32a2831271,28af4ed1-ed03-4998-975a-b6d687c108f9,Landscape-WIP to Shared,"In the Target Folder Box please select the intended folder in which the approved/commented file shall be saved. This is a mandatory step for the initiator.

For Example:
For files/folders initiated in WIP the initiator shall follow the following

For Integrated Sports Arena -> Integrated Sports Arena/Shared/Consultant - Arch Principal/<Select folder>
For Retail -> Retail/Shared/Consultant - Arch Principal/<Select folder>
For Club -> Club/Shared/Consultant - Arch Principal/<Select folder>",active,"","Please make sure correct target folder is picked in which the files need to be copied to when approved, during initiating the approval process.",2025-04-07 06:49:08.061,2025-08-12 11:05:31.878
b755e04c-b38f-40ac-91aa-07690945b6e6,bf996092-8d66-408a-8d8e-5065ca3330c2,2f551e7d-05e6-4bfc-8ee1-0ef3a8487c11,510bcc50-d295-4739-9f95-4b32a2831271,b755e04c-b38f-40ac-91aa-07690945b6e6,Landscape-Shared to Published,"In the Target Folder Box please select the intended folder in which the approved/commented file shall be saved. This is a mandatory step for the initiator.

For Example:
For files/folders initiated in Shared the initiator shall follow the following

For Integrated Sports Arena -> Integrated Sports Arena/Shared/Consultant - Arch Principal/<Select folder>
For Retail -> Retail/Shared/Consultant - Arch Principal/<Select folder>
For Club -> Club/Shared/Consultant - Arch Principal/<Select folder>",active,"","Please make sure correct target folder is picked in which the files need to be copied to when approved, during initiating the approval process.",2025-03-10 07:08:52.301,2025-08-12 11:06:07.189
a5d28204-4700-47f3-b471-0c9d07db941e,bf996092-8d66-408a-8d8e-5065ca3330c2,2f551e7d-05e6-4bfc-8ee1-0ef3a8487c11,510bcc50-d295-4739-9f95-4b32a2831271,a5d28204-4700-47f3-b471-0c9d07db941e,Roof-WIP to Shared,"In the Target Folder Box please select the intended folder in which the approved/commented file shall be saved. This is a mandatory step for the initiator.

For Example:
For files/folders initiated in WIP the initiator shall follow the following

For Integrated Sports Arena -> Integrated Sports Arena/Shared/Consultant - Arch Principal/<Select folder>
For Retail -> Retail/Shared/Consultant - Arch Principal/<Select folder>
For Club -> Club/Shared/Consultant - Arch Principal/<Select folder>",active,"","Please make sure correct target folder is picked in which the files need to be copied to when approved, during initiating the approval process.",2025-04-07 07:00:50.885,2025-08-12 11:06:48.697
e066eaba-049f-4951-a6de-82e98e5f16d4,bf996092-8d66-408a-8d8e-5065ca3330c2,2f551e7d-05e6-4bfc-8ee1-0ef3a8487c11,510bcc50-d295-4739-9f95-4b32a2831271,e066eaba-049f-4951-a6de-82e98e5f16d4,Roof-Shared to Published,"In the Target Folder Box please select the intended folder in which the approved/commented file shall be saved. This is a mandatory step for the initiator.

For Example:
For files/folders initiated in Shared the initiator shall follow the following

For Integrated Sports Arena -> Integrated Sports Arena/Shared/Consultant - Arch Principal/<Select folder>
For Retail -> Retail/Shared/Consultant - Arch Principal/<Select folder>
For Club -> Club/Shared/Consultant - Arch Principal/<Select folder>",active,"","Please make sure correct target folder is picked in which the files need to be copied to when approved, during initiating the approval process.",2025-03-10 07:08:13.393,2025-08-12 11:07:12.316
170de67b-56ce-4eef-a69b-c2a51d436278,bf996092-8d66-408a-8d8e-5065ca3330c2,2f551e7d-05e6-4bfc-8ee1-0ef3a8487c11,510bcc50-d295-4739-9f95-4b32a2831271,170de67b-56ce-4eef-a69b-c2a51d436278,Lighting-WIP to Shared,"In the Target Folder Box please select the intended folder in which the approved/commented file shall be saved. This is a mandatory step for the initiator.

For Example:
For files/folders initiated in WIP the initiator shall follow the following

For Integrated Sports Arena -> Integrated Sports Arena/Shared/Consultant - Arch Principal/<Select folder>
For Retail -> Retail/Shared/Consultant - Arch Principal/<Select folder>
For Club -> Club/Shared/Consultant - Arch Principal/<Select folder>",active,"","Please make sure correct target folder is picked in which the files need to be copied to when approved, during initiating the approval process.",2025-04-07 06:50:25.986,2025-08-12 11:08:49.396
c9764c82-babb-43a4-b1c4-b276bb462559,bf996092-8d66-408a-8d8e-5065ca3330c2,2f551e7d-05e6-4bfc-8ee1-0ef3a8487c11,510bcc50-d295-4739-9f95-4b32a2831271,c9764c82-babb-43a4-b1c4-b276bb462559,Signage-Shared to Published,"In the Target Folder Box please select the intended folder in which the approved/commented file shall be saved. This is a mandatory step for the initiator.

For Example:
For files/folders initiated in Shared the initiator shall follow the following

For Integrated Sports Arena -> Integrated Sports Arena/Shared/Consultant - Arch Principal/<Select folder>
For Retail -> Retail/Shared/Consultant - Arch Principal/<Select folder>
For Club -> Club/Shared/Consultant - Arch Principal/<Select folder>",active,"","Please make sure correct target folder is picked in which the files need to be copied to when approved, during initiating the approval process.",2025-04-07 07:07:26.181,2025-08-12 11:09:52.042
624517a2-f2b4-4341-95dc-0b3f481e8ca1,bf996092-8d66-408a-8d8e-5065ca3330c2,23142979-9fb6-4fd3-bd82-62d7e0add75f,3e0c2985-dcb9-45da-8e36-282bc793185e,624517a2-f2b4-4341-95dc-0b3f481e8ca1,Structure Peer Review-WIP to Shared,"In the Target Folder Box please select the intended folder in which the approved/commented file shall be saved. This is a mandatory step for the initiator.

For Example:
For files/folders initiated in WIP the initiator shall follow the following

For Integrated Sports Arena -> Integrated Sports Arena/Shared/Consultant - Arch Principal/<Select folder>
For Retail -> Retail/Shared/Consultant - Arch Principal/<Select folder>
For Club -> Club/Shared/Consultant - Arch Principal/<Select folder>",active,"","Please make sure correct target folder is picked in which the files need to be copied to when approved, during initiating the approval process.",2025-03-07 10:11:05.993,2025-08-25 07:00:57.117
80ddd258-512c-469d-9247-fa716d653c56,bf996092-8d66-408a-8d8e-5065ca3330c2,23142979-9fb6-4fd3-bd82-62d7e0add75f,3e0c2985-dcb9-45da-8e36-282bc793185e,80ddd258-512c-469d-9247-fa716d653c56,Structure Peer Review-Shared to Published,"In the Target Folder Box please select the intended folder in which the approved/commented file shall be saved. This is a mandatory step for the initiator.

For Example:
For files/folders initiated in Shared the initiator shall follow the following

For Integrated Sports Arena -> Integrated Sports Arena/Shared/Consultant - Arch Principal/<Select folder>
For Retail -> Retail/Shared/Consultant - Arch Principal/<Select folder>
For Club -> Club/Shared/Consultant - Arch Principal/<Select folder>",active,"","Please make sure correct target folder is picked in which the files need to be copied to when approved, during initiating the approval process.",2025-04-07 11:45:38.147,2025-08-25 07:02:04.736
c590a1bb-10ee-4e79-918b-4b0123871a46,bf996092-8d66-408a-8d8e-5065ca3330c2,23142979-9fb6-4fd3-bd82-62d7e0add75f,3e0c2985-dcb9-45da-8e36-282bc793185e,c590a1bb-10ee-4e79-918b-4b0123871a46,"Structure-Shared to Published(For SD, DD & GFC)","In the Target Folder Box please select the intended folder in which the approved/commented file shall be saved. This is a mandatory step for the initiator.

For Example:
For files/folders initiated in Shared the initiator shall follow the following

For Integrated Sports Arena -> Integrated Sports Arena/Shared/Consultant - Arch Principal/<Select folder>
For Retail -> Retail/Shared/Consultant - Arch Principal/<Select folder>
For Club -> Club/Shared/Consultant - Arch Principal/<Select folder>",active,"","Please make sure correct target folder is picked in which the files need to be copied to when approved, during initiating the approval process.",2025-03-07 10:11:01.291,2025-08-28 10:17:41.623
7edac831-c394-43fd-8d64-a79327f82440,bf996092-8d66-408a-8d8e-5065ca3330c2,77d5fb8c-5d83-4fa8-8c81-169306f7a8f7,9dcb2dc9-b2b4-4aca-8d8f-ef4b5cdb3c4b,7edac831-c394-43fd-8d64-a79327f82440,"Structure-Shared to Published(For SD, DD & GFC)","In the Target Folder Box please select the intended folder in which the approved/commented file shall be saved. This is a mandatory step for the initiator.

For Example:
For files/folders initiated in Shared the initiator shall follow the following

For Integrated Sports Arena -> Integrated Sports Arena/Shared/Consultant - Arch Principal/<Select folder>
For Retail -> Retail/Shared/Consultant - Arch Principal/<Select folder>
For Club -> Club/Shared/Consultant - Arch Principal/<Select folder>",active,"","Please make sure correct target folder is picked in which the files need to be copied to when approved, during initiating the approval process.",2025-03-10 07:12:32.194,2025-08-28 10:19:10.713
df821c8c-48ba-45f4-a23b-7ff49c16d83f,bf996092-8d66-408a-8d8e-5065ca3330c2,2f551e7d-05e6-4bfc-8ee1-0ef3a8487c11,510bcc50-d295-4739-9f95-4b32a2831271,df821c8c-48ba-45f4-a23b-7ff49c16d83f,Structure Peer Review-WIP to Shared,"In the Target Folder Box please select the intended folder in which the approved/commented file shall be saved. This is a mandatory step for the initiator.

For Example:
For files/folders initiated in WIP the initiator shall follow the following

For Integrated Sports Arena -> Integrated Sports Arena/Shared/Consultant - Arch Principal/<Select folder>
For Retail -> Retail/Shared/Consultant - Arch Principal/<Select folder>
For Club -> Club/Shared/Consultant - Arch Principal/<Select folder>",active,"","Please make sure correct target folder is picked in which the files need to be copied to when approved, during initiating the approval process.",2025-03-10 07:08:23.096,2025-08-25 07:13:56.197
1b089950-fe80-4882-8ec2-f738d1ea1a03,bf996092-8d66-408a-8d8e-5065ca3330c2,2f551e7d-05e6-4bfc-8ee1-0ef3a8487c11,510bcc50-d295-4739-9f95-4b32a2831271,1b089950-fe80-4882-8ec2-f738d1ea1a03,Structure Peer Review-Shared to Published,"In the Target Folder Box please select the intended folder in which the approved/commented file shall be saved. This is a mandatory step for the initiator.

For Example:
For files/folders initiated in Shared the initiator shall follow the following

For Integrated Sports Arena -> Integrated Sports Arena/Shared/Consultant - Arch Principal/<Select folder>
For Retail -> Retail/Shared/Consultant - Arch Principal/<Select folder>
For Club -> Club/Shared/Consultant - Arch Principal/<Select folder>",active,"","Please make sure correct target folder is picked in which the files need to be copied to when approved, during initiating the approval process.",2025-04-07 11:45:43.975,2025-08-25 07:14:08.472
124625ff-d471-4d2c-9b0d-6fb214bfa1ea,bf996092-8d66-408a-8d8e-5065ca3330c2,cbee6c17-cdf8-4f2c-89c3-d6d9d738603e,2d3a5ab2-3f01-4a05-b262-395a8b661eaf,124625ff-d471-4d2c-9b0d-6fb214bfa1ea,EX8,"Pick below target Folders based on the files / folder initiated for the Review.

For files/folders initiated in WIP 

Integrated Sports Arena -> Integrated Sports Arena/Shared/ Consultant - Vertical Transport/<Select folder>
For Retail -> Retail/Shared/ Consultant - Vertical Transport/<Select folder>
For Club -> Club/Shared/ Consultant - Vertical Transport/<Select folder>

For files/folders initiated in Shared

Integrated Sports Arena -> Integrated Sports Arena/Published/ Consultant - Vertical Transport<Select folder>
For Retail -> Retail/Published/ Consultant - Vertical Transport/<Select folder>
For Club -> Club/Published/ Consultant - Vertical Transport/<Select folder>",archived,"","Please make sure correct target folder is picked in which the files need to be copied to when approved, during initiating the approval process.",2025-05-31 07:01:02.65,2025-05-31 07:01:02.657
0e399a09-1f06-46d5-ab5b-5e9a1894dae7,bf996092-8d66-408a-8d8e-5065ca3330c2,cbee6c17-cdf8-4f2c-89c3-d6d9d738603e,2d3a5ab2-3f01-4a05-b262-395a8b661eaf,0e399a09-1f06-46d5-ab5b-5e9a1894dae7,EX-5,"Pick below target Folders based on the files / folder initiated for the Review.

For files/folders initiated in WIP

For Integrated Sports Arena -> Integrated Sports Arena/Shared/ Consultant - Plumbing/ DBR
For Retail -> Retail/Shared/Consultant - Plumbing/DBR
For Club -> Club/Shared/Consultant - Plumbing/DBR

For files/folders initiated in Shared

For Integrated Sports Arena -> Integrated Sports Arena/Published/ Consultant - Plumbing/ DBR
For Retail -> Retail/Published/Consultant - Plumbing/DBR
For Club -> Club/Published/Consultant - Plumbing/DBR",archived,"","Please make sure correct target folder is picked in which the files need to be copied to when approved, during initiating the approval process.",2025-05-31 07:01:06.092,2025-05-31 07:01:06.096
ce25b06f-0679-4f30-9153-92bba6ee3ed6,bf996092-8d66-408a-8d8e-5065ca3330c2,cbee6c17-cdf8-4f2c-89c3-d6d9d738603e,2d3a5ab2-3f01-4a05-b262-395a8b661eaf,ce25b06f-0679-4f30-9153-92bba6ee3ed6,"Mechanical-Shared to Published(For SD, DD & GFC)","Pick below target Folders based on the files / folder initiated for the Review.

For files/folders initiated in WIP

For Integrated Sports Arena -> Integrated Sports Arena/Shared/ Consultant - Mechanical/SD Requirements
For Retail -> Retail/Shared/ Consultant - Mechanical/SD Requirements
For Club -> Club/Shared/ Consultant - Mechanical/SD Requirements",active,"","Please make sure correct target folder is picked in which the files need to be copied to when approved, during initiating the approval process.",2025-05-31 07:01:08.395,2025-05-31 07:01:08.395
f95d3917-a8e0-4461-b4ca-8611d2ae1a9e,bf996092-8d66-408a-8d8e-5065ca3330c2,f6ab14eb-1a66-4ea5-8a0f-0afbda444403,0c8e25c4-57ab-4076-8486-c503e2cc28af,f95d3917-a8e0-4461-b4ca-8611d2ae1a9e,"Contractor (WAGAD) - Shared to Published (For DPR, WPR, MPR & MISC)","In the Target Folder Box please select the intended folder in which the approved/commented file shall be saved. This is a mandatory step for the initiator.

For Example:
For files/folders initiated in WIP the initiator shall follow the following",active,"","Please make sure you pick the correct target folder in which the files need to be copied to when approved, during initiating the approval process.",2025-08-21 05:47:34.754,2025-08-28 04:34:53.422
90def76a-9b08-4fdf-8634-9a1517b6e2e0,bf996092-8d66-408a-8d8e-5065ca3330c2,967e785d-d83c-490b-8d6a-2ed926c956ac,39036e63-f030-41c3-b6a6-7ed52887a739,90def76a-9b08-4fdf-8634-9a1517b6e2e0,Structure Peer Review - Shared to Published,"In the Target Folder Box please select the intended folder in which the approved/commented file shall be saved. This is a mandatory step for the initiator.

For Example:
For files/folders initiated in Shared  the initiator shall follow the following

For Vrindavan Courtyard -> Vrindavan Courtyard/Shared/Consultant -Structure Peer Review /<Select folder>",active,"","Please make sure correct target folder is picked in which the files need to be copied to when approved, during initiating the approval process.",2025-03-21 06:46:46.192,2025-06-20 08:51:02.23
228e01d7-c4f4-4bb6-8996-c4053f3043e7,bf996092-8d66-408a-8d8e-5065ca3330c2,967e785d-d83c-490b-8d6a-2ed926c956ac,39036e63-f030-41c3-b6a6-7ed52887a739,228e01d7-c4f4-4bb6-8996-c4053f3043e7,"Structure - Shared to Published (For SD, DD & GFC)","In the Target Folder Box please select the intended folder in which the approved/commented file shall be saved. This is a mandatory step for the initiator.

For Example:
For files/folders initiated in Shared  the initiator shall follow the following

For Vrindavan Courtyard -> Vrindavan Courtyard/Shared/Consultant -Structure/<Select folder>",active,"","Please make sure correct target folder is picked in which the files need to be copied to when approved, during initiating the approval process.",2025-03-21 06:47:06.937,2025-06-20 08:47:38.838
d1cf78be-1f83-409d-aefd-d70c32a45a0d,bf996092-8d66-408a-8d8e-5065ca3330c2,967e785d-d83c-490b-8d6a-2ed926c956ac,39036e63-f030-41c3-b6a6-7ed52887a739,d1cf78be-1f83-409d-aefd-d70c32a45a0d,Traffic Analysis-WIP Shared,"In the Target Folder Box please select the intended folder in which the approved/commented file shall be saved. This is a mandatory step for the initiator.

For Example:
For files/folders initiated in WIP  the initiator shall follow the following

For Vrindavan Courtyard -> Vrindavan Courtyard/Shared/Consultant Traffic Analysis/<Select folder>",active,"","Please make sure you pick the correct target folder in which the files need to be copied to when approved, during initiating the approval process.",2025-03-21 06:47:00.958,2025-06-20 08:55:09.715
2272ac1b-bd8d-483d-8766-f0595e94b8a5,bf996092-8d66-408a-8d8e-5065ca3330c2,967e785d-d83c-490b-8d6a-2ed926c956ac,39036e63-f030-41c3-b6a6-7ed52887a739,2272ac1b-bd8d-483d-8766-f0595e94b8a5,EX11,"Pick below target Folders based on the files / folder initiated for the Review.

For files/folders initiated in WIP 

Integrated Sports Arena -> Integrated Sports Arena/Shared/ Consultant - Roof Consultant/<Select folder>
For Retail -> Retail/Shared/Consultant - Roof Consultant/<Select folder>
For Club -> Club/Shared/Consultant - Roof Consultant/<Select folder>

For files/folders initiated in Shared

For Integrated Sports Arena -> Integrated Sports Arena/Published/ Consultant - Roof Consultant/<Select folder>
For Retail -> Retail/Published/Consultant - Roof Consultant/<Select folder>
For Club -> Club/Published/Consultant - Roof Consultant/<Select folder>",archived,"","Please make sure correct target folder is picked in which the files need to be copied to when approved, during initiating the approval process.",2025-03-21 06:46:53.809,2025-05-17 06:29:33.152
248f8070-055e-4a60-8c1e-836c39f20663,bf996092-8d66-408a-8d8e-5065ca3330c2,967e785d-d83c-490b-8d6a-2ed926c956ac,39036e63-f030-41c3-b6a6-7ed52887a739,248f8070-055e-4a60-8c1e-836c39f20663,Wind Tunnel Analysis-WIP to Shared,"In the Target Folder Box please select the intended folder in which the approved/commented file shall be saved. This is a mandatory step for the initiator.

For Example:
For files/folders initiated in WIP the initiator shall follow the following

For Vrindavan Courtyard -> Vrindavan Courtyard/Shared/Consultant -Wind Tunnel Analysis/<Select folder>",active,"","Please make sure correct target folder is picked in which the files need to be copied to when approved, during initiating the approval process.",2025-03-21 06:47:10.716,2025-06-20 04:54:02.235
e5f7f2c6-8a9d-4e17-a6fa-f9f495d0eb73,bf996092-8d66-408a-8d8e-5065ca3330c2,967e785d-d83c-490b-8d6a-2ed926c956ac,39036e63-f030-41c3-b6a6-7ed52887a739,e5f7f2c6-8a9d-4e17-a6fa-f9f495d0eb73,"Service Estimate-Shared to Published(For Mechanical, Electrical & Plumbing)","In the Target Folder Box please select the intended folder in which the approved/commented file shall be saved. This is a mandatory step for the initiator.

For Example:
For files/folders initiated in Shared  the initiator shall follow the following

For Vrindavan Courtyard -> Vrindavan Courtyard/Shared/Consultant- Service Estimate/<Select folder>",active,"","Please make sure correct target folder is picked in which the files need to be copied to when approved, during initiating the approval process.",2025-03-21 06:46:42.65,2025-06-20 07:05:53.051
4724ab80-206b-4b38-922f-4b26b811ed47,bf996092-8d66-408a-8d8e-5065ca3330c2,967e785d-d83c-490b-8d6a-2ed926c956ac,39036e63-f030-41c3-b6a6-7ed52887a739,4724ab80-206b-4b38-922f-4b26b811ed47,Electrical-Shared to Published(For WIP Files and Tender & BOQ),"In the Target Folder Box please select the intended folder in which the approved/commented file shall be saved. This is a mandatory step for the initiator.

For Example:
For files/folders initiated in Shared  the initiator shall follow the following

For Vrindavan Courtyard -> Vrindavan Courtyard/Shared/Consultant Electrical/<Select folder>",active,"","Please make sure you pick the correct target folder in which the files need to be copied to when approved, during initiating the approval process.",2025-03-21 06:46:39.124,2025-06-20 06:04:59.995
5d7efeb2-b9f0-4711-9da5-b54610fb421e,bf996092-8d66-408a-8d8e-5065ca3330c2,967e785d-d83c-490b-8d6a-2ed926c956ac,39036e63-f030-41c3-b6a6-7ed52887a739,5d7efeb2-b9f0-4711-9da5-b54610fb421e,Landscape-WIP to Shared,"In the Target Folder Box please select the intended folder in which the approved/commented file shall be saved. This is a mandatory step for the initiator.

For Example:
For files/folders initiated in WIP  the initiator shall follow the following

For Vrindavan Courtyard -> Vrindavan Courtyard/Shared/Consultant -Landscape/<Select folder>",active,"","Please make sure correct target folder is picked in which the files need to be copied to when approved, during initiating the approval process.",2025-03-21 06:46:34.354,2025-06-20 06:08:00.566
c773f1cb-7a69-49cc-b050-f6b0d6ed46f6,bf996092-8d66-408a-8d8e-5065ca3330c2,967e785d-d83c-490b-8d6a-2ed926c956ac,39036e63-f030-41c3-b6a6-7ed52887a739,c773f1cb-7a69-49cc-b050-f6b0d6ed46f6,Plumbing & Firefighting-WIP to Shared(For SD Requirement),"In the Target Folder Box please select the intended folder in which the approved/commented file shall be saved. This is a mandatory step for the initiator.

For Example:
For files/folders initiated in WIP  the initiator shall follow the following

For Vrindavan Courtyard -> Vrindavan Courtyard/Shared/Consultant -Plumbing & Firefightingl/<Select folder>",active,"","Please make sure correct target folder is picked in which the files need to be copied to when approved, during initiating the approval process.",2025-03-21 06:46:50.267,2025-06-20 07:04:10.02
4e3b2960-a8f4-4aca-8159-f15431749f7b,bf996092-8d66-408a-8d8e-5065ca3330c2,967e785d-d83c-490b-8d6a-2ed926c956ac,39036e63-f030-41c3-b6a6-7ed52887a739,4e3b2960-a8f4-4aca-8159-f15431749f7b,Mechanical-WIP to Shared(For SD Requirement),"In the Target Folder Box please select the intended folder in which the approved/commented file shall be saved. This is a mandatory step for the initiator.

For Example:
For files/folders initiated in WIP  the initiator shall follow the following

For Vrindavan Courtyard -> Vrindavan Courtyard/Shared/Consultant -Mechanical/<Select folder>",active,"","Please make sure correct target folder is picked in which the files need to be copied to when approved, during initiating the approval process.",2025-03-21 06:47:05.744,2025-06-20 06:39:28.792
494cb0a6-8daa-4fb3-97c3-3dcc21c04779,bf996092-8d66-408a-8d8e-5065ca3330c2,967e785d-d83c-490b-8d6a-2ed926c956ac,39036e63-f030-41c3-b6a6-7ed52887a739,494cb0a6-8daa-4fb3-97c3-3dcc21c04779,EX9,"Pick below target Folders based on the files / folder initiated for the Review.

For files/folders initiated in Shared

For Integrated Sports Arena -> Integrated Sports Arena/Published/Consultant - Mechanical/<Select folder>
For Retail -> Retail/Published/Consultant - Mechanical/<Select folder>
For Club -> Club/Published/Consultant - Mechanical/<Select folder>",archived,"","Please make sure correct target folder is picked in which the files need to be copied to when approved, during initiating the approval process.",2025-03-21 06:46:36.798,2025-05-17 06:28:15.238
1519c407-1127-4f44-bb2c-fcaececc3e6f,bf996092-8d66-408a-8d8e-5065ca3330c2,967e785d-d83c-490b-8d6a-2ed926c956ac,39036e63-f030-41c3-b6a6-7ed52887a739,1519c407-1127-4f44-bb2c-fcaececc3e6f,Plumbing & Firefighting-Shared to Published(For WIP and Tender & BOQ),"In the Target Folder Box please select the intended folder in which the approved/commented file shall be saved. This is a mandatory step for the initiator.

For Example:
For files/folders initiated in Shared  the initiator shall follow the following

For Vrindavan Courtyard -> Vrindavan Courtyard/Shared/Consultant -Plumbing & Firefightingl/<Select folder>",active,"","Please make sure you pick the correct target folder in which the files need to be copied to when approved, during initiating the approval process.",2025-03-21 06:46:58.667,2025-06-20 07:03:00.136
cc7472f0-3268-4609-bc21-5a89d701a980,bf996092-8d66-408a-8d8e-5065ca3330c2,967e785d-d83c-490b-8d6a-2ed926c956ac,39036e63-f030-41c3-b6a6-7ed52887a739,cc7472f0-3268-4609-bc21-5a89d701a980,Ex-3,"Pick below target Folders based on the files / folder initiated for the Review.

For files/folders initiated in Shared

For Integrated Sports Arena -> Integrated Sports Arena/Published/Consultant - Plumbing/<Select folder>
For Retail -> Retail/Published/Consultant - Plumbing/<Select folder>
For Club -> Club/Published/Consultant - Plumbing/<Select folder>",archived,"","Please make sure correct target folder is picked in which the files need to be copied to when approved, during initiating the approval process.",2025-03-21 06:46:43.867,2025-05-16 11:21:29.943
e2cb9de3-1102-44dc-94e8-3e98ab77d6ba,bf996092-8d66-408a-8d8e-5065ca3330c2,967e785d-d83c-490b-8d6a-2ed926c956ac,39036e63-f030-41c3-b6a6-7ed52887a739,e2cb9de3-1102-44dc-94e8-3e98ab77d6ba,Compile Tender & BOQ,"Pick below target Folders based on the files / folder initiated for the Review.

For files/folders initiated in Shared

For Integrated Sports Arena -> Integrated Sports Arena/Published/ Consultant - Arch Principal/Tender & BOQ
For Retail -> Retail/Published/Consultant - Arch Principal/Tender & BOQ
For Club -> Club/Published/Consultant - Arch Principal/Tender & BOQ",archived,"","Please make sure correct target folder is picked in which the files need to be copied to when approved, during initiating the approval process.",2025-03-21 06:46:40.299,2025-06-16 11:52:27.088
037d6c94-05d6-4819-aa83-ce79e10ad22f,bf996092-8d66-408a-8d8e-5065ca3330c2,967e785d-d83c-490b-8d6a-2ed926c956ac,39036e63-f030-41c3-b6a6-7ed52887a739,037d6c94-05d6-4819-aa83-ce79e10ad22f,Structure Peer Review - WIP to Shared,"In the Target Folder Box please select the intended folder in which the approved/commented file shall be saved. This is a mandatory step for the initiator.

For Example:
For files/folders initiated in WIP  the initiator shall follow the following

For Vrindavan Courtyard -> Vrindavan Courtyard/Shared/Consultant -Structure Peer Review /<Select folder>",active,"","Please make sure correct target folder is picked in which the files need to be copied to when approved, during initiating the approval process.",2025-05-15 05:23:30.508,2025-06-20 08:52:46.108
04adfcd3-ead9-4101-bc1b-6e38a7f4517e,bf996092-8d66-408a-8d8e-5065ca3330c2,967e785d-d83c-490b-8d6a-2ed926c956ac,39036e63-f030-41c3-b6a6-7ed52887a739,04adfcd3-ead9-4101-bc1b-6e38a7f4517e,Architecture-Shared to Published(For Compile Tender & BOQ),"In the Target Folder Box please select the intended folder in which the approved/commented file shall be saved. This is a mandatory step for the initiator.

For Example:
For files/folders initiated in Shared the initiator shall follow the following

For Vrindavan Courtyard -> Vrindavan Courtyard/Shared/Consultant - Arch Principal/<Select folder>",active,"","Please make sure correct target folder is picked in which the files need to be copied to when approved, during initiating the approval process.",2025-03-21 06:46:47.356,2025-06-17 09:06:14.314
b999b7a4-73b2-4be7-b43e-a4b6fb18ab2c,bf996092-8d66-408a-8d8e-5065ca3330c2,967e785d-d83c-490b-8d6a-2ed926c956ac,39036e63-f030-41c3-b6a6-7ed52887a739,b999b7a4-73b2-4be7-b43e-a4b6fb18ab2c,"Architecture - WIP to Shared(For Concept, SD,DD, BP, DBR, BOQ etc)","In the Target Folder Box please select the intended folder in which the approved/commented file shall be saved. This is a mandatory step for the initiator.

For Example:
For files/folders initiated in  WIP the initiator shall follow the following

For Vrindavan Courtyard -> Vrindavan Courtyard/Shared/Consultant - Arch Principal/<Select folder>",active,"","Please make sure you pick the correct target folder in which the files need to be copied to when approved, during initiating the approval process.",2025-05-15 06:36:20.906,2025-06-20 05:44:27.577
81853497-3222-4313-bc2c-0fbebce719cc,bf996092-8d66-408a-8d8e-5065ca3330c2,ada6015d-9fce-4f2c-b20f-fc9122d2face,f978b2a1-b392-4017-89c9-d6e484b2bad0,81853497-3222-4313-bc2c-0fbebce719cc,Test for E stamping,None,active,"","",2025-05-16 08:40:33.457,2025-05-16 08:40:33.457
ed9e0b7e-852e-4917-aa22-497b307aea1e,bf996092-8d66-408a-8d8e-5065ca3330c2,f6ab14eb-1a66-4ea5-8a0f-0afbda444403,0c8e25c4-57ab-4076-8486-c503e2cc28af,ed9e0b7e-852e-4917-aa22-497b307aea1e,"Contractor - Shared to Published (For DPR, WPR, MPR & MISC)","In the Target Folder Box please select the intended folder in which the approved/commented file shall be saved. This is a mandatory step for the initiator.

For Example:
For files/folders initiated in WIP the initiator shall follow the following",archived,"","Please make sure you pick the correct target folder in which the files need to be copied to when approved, during initiating the approval process.",2025-06-13 10:58:18.419,2025-08-22 04:38:29.632
c7e71778-7eea-4547-a989-24f4920c3c74,bf996092-8d66-408a-8d8e-5065ca3330c2,f679f4cf-c089-4a2b-9b84-b14129630601,08795234-20d9-43ad-ac42-ec174b8fad8e,c7e71778-7eea-4547-a989-24f4920c3c74,"Contractor - Shared to Published (For DPR, WPR, MPR & MISC)","In the Target Folder Box please select the intended folder in which the approved/commented file shall be saved. This is a mandatory step for the initiator.

For Example:
For files/folders initiated in Shared the initiator shall follow the following

For Centre Point-> Centre Point/Shared/Contractor/<Select folder>",active,"","Please make sure you pick the correct target folder in which the files need to be copied to when approved, during initiating the approval process.",2025-06-23 09:25:00.868,2025-08-27 11:58:26.988
3b3ff372-75f0-4b56-8749-9ba8bdbb14e6,bf996092-8d66-408a-8d8e-5065ca3330c2,2f551e7d-05e6-4bfc-8ee1-0ef3a8487c11,510bcc50-d295-4739-9f95-4b32a2831271,3b3ff372-75f0-4b56-8749-9ba8bdbb14e6,Structure-WIP to Shared(For WIP Files),"In the Target Folder Box please select the intended folder in which the approved/commented file shall be saved. This is a mandatory step for the initiator.

For Example:
For files/folders initiated in WIP the initiator shall follow the following

For Integrated Sports Arena -> Integrated Sports Arena/Shared/Consultant - Arch Principal/<Select folder>
For Retail -> Retail/Shared/Consultant - Arch Principal/<Select folder>
For Club -> Club/Shared/Consultant - Arch Principal/<Select folder>",active,"","Please make sure correct target folder is picked in which the files need to be copied to when approved, during initiating the approval process.",2025-03-10 07:08:30.753,2025-08-11 07:37:58.381
a66d3fbb-fe01-46d3-832a-c5fb88a2f40e,bf996092-8d66-408a-8d8e-5065ca3330c2,f679f4cf-c089-4a2b-9b84-b14129630601,08795234-20d9-43ad-ac42-ec174b8fad8e,a66d3fbb-fe01-46d3-832a-c5fb88a2f40e,"Structure - Shared to Published (For SD, DD & GFC)","In the Target Folder Box please select the intended folder in which the approved/commented file shall be saved. This is a mandatory step for the initiator.

For Example:
For files/folders initiated in  Shared the initiator shall follow the following

For Centre Point  - Ghaziabad -> Centre Point -Ghaziabad /Shared/Consultant -Structure/<Select folder>",active,"","Please make sure correct target folder is picked in which the files need to be copied to when approved, during initiating the approval process.",2025-03-21 09:15:08.156,2025-08-20 09:31:19.215
